[{"active":false,"Giataid":"151588","cityId":19169,"cityName":"Douala","hotelId":151588,"hotelName":"ibis Douala","address":"184Rue Pierre Loti,P.O. Box 12086,Bonanjo,Douala,Cameroon","phones":"+237233425760","fax":"","email":"","url":"","countryIso2":"CM","countryName":"Cameroon","hotelRating":"3","latitude":"4.03953","longitude":"9.68773","state_id":2662,"state_name":"Littoral","country_id":38},{"active":false,"Giataid":"151603","cityId":19196,"cityName":"Limbe","hotelId":151603,"hotelName":"Seme Beach","address":"Mile 11 Route d' Idenau,,Limbe,Cameroon","phones":"+23777934546","fax":"","email":"","url":"","countryIso2":"CM","countryName":"Cameroon","hotelRating":"3","latitude":"4.01451","longitude":"9.19353","state_id":2658,"state_name":"Southwest","country_id":38},{"active":false,"Giataid":"151604","cityId":19169,"cityName":"Douala","hotelId":151604,"hotelName":"Vallee des Princes","address":"Boulevard de la R?publique,6934 Douala,Cameroon","phones":"+237233403745","fax":"","email":"","url":"","countryIso2":"CM","countryName":"Cameroon","hotelRating":"3","latitude":"4.05498","longitude":"9.70677","state_id":2662,"state_name":"Littoral","country_id":38},{"active":false,"Giataid":"235999","cityId":19169,"cityName":"Douala","hotelId":235999,"hotelName":"Akwa Palace Hotel","address":"Quartier Akwa,920 Boulevard de la Libert?,Douala,Cameroon","phones":"+237233422601","fax":"","email":"","url":"","countryIso2":"CM","countryName":"Cameroon","hotelRating":"4","latitude":"4.04996","longitude":"9.69536","state_id":2662,"state_name":"Littoral","country_id":38},{"active":false,"Giataid":"236002","cityId":19191,"cityName":"Kribi","hotelId":236002,"hotelName":"Du Phare","address":"NULL","phones":"","fax":"","email":"","url":"","countryIso2":"CM","countryName":"Cameroon","hotelRating":"1","latitude":"2.94223","longitude":"9.9107","state_id":2659,"state_name":"South","country_id":38},{"active":false,"Giataid":"236025","cityId":19191,"cityName":"Kribi","hotelId":236025,"hotelName":"Poligones D'Alice","address":"NULL","phones":"","fax":"","email":"","url":"","countryIso2":"CM","countryName":"Cameroon","hotelRating":"1","latitude":"2.93513","longitude":"9.90573","state_id":2659,"state_name":"South","country_id":38},{"active":false,"Giataid":"370265","cityId":19169,"cityName":"Douala","hotelId":370265,"hotelName":"Hotel Sawa","address":"488 Rue de Verdun-Bonanjo,Douala 2345,Cameroon","phones":"+237233501400","fax":"","email":"","url":"","countryIso2":"CM","countryName":"Cameroon","hotelRating":"4","latitude":"4.03395","longitude":"9.68305","state_id":2662,"state_name":"Littoral","country_id":38},{"active":false,"Giataid":"384260","cityId":19169,"cityName":"Douala","hotelId":384260,"hotelName":"Peninsula Plaza Hotel","address":"Rond Point Maetur,Bonamoussadi,Douala,Cameroon,Cameroon","phones":"+23733471741","fax":"","email":"","url":"","countryIso2":"CM","countryName":"Cameroon","hotelRating":"2","latitude":"4.08429","longitude":"9.73529","state_id":2662,"state_name":"Littoral","country_id":38},{"active":false,"Giataid":"445325","cityId":19169,"cityName":"Douala","hotelId":445325,"hotelName":"Hotel Beausejour Mirabel","address":"Rue Joffre,Quartier Akwa 21,Douala BP5368,Cameroon","phones":"","fax":"","email":"","url":"","countryIso2":"CM","countryName":"Cameroon","hotelRating":"3","latitude":"4.05029","longitude":"9.69388","state_id":2662,"state_name":"Littoral","country_id":38},{"active":false,"Giataid":"445391","cityId":19196,"cityName":"Limbe","hotelId":445391,"hotelName":"Tsaben Beach Hotel","address":"Mile 11 Idenau Road Bakingili,Limbe,Cameroon","phones":"","fax":"","email":"","url":"","countryIso2":"CM","countryName":"Cameroon","hotelRating":"1","latitude":"4.01218","longitude":"9.13158","state_id":2658,"state_name":"Southwest","country_id":38},{"active":false,"Giataid":"445474","cityId":19191,"cityName":"Kribi","hotelId":445474,"hotelName":"La Grace Hotel","address":"","phones":"","fax":"","email":"","url":"","countryIso2":"CM","countryName":"Cameroon","hotelRating":"1","latitude":"2.93556","longitude":"9.92115","state_id":2659,"state_name":"South","country_id":38},{"active":false,"Giataid":"446761","cityId":19191,"cityName":"Kribi","hotelId":446761,"hotelName":"Ilot Hebergement chez Marinette","address":"","phones":"","fax":"","email":"","url":"","countryIso2":"CM","countryName":"Cameroon","hotelRating":"1","latitude":"2.93347","longitude":"9.90885","state_id":2659,"state_name":"South","country_id":38},{"active":false,"Giataid":"447052","cityId":19169,"cityName":"Douala","hotelId":447052,"hotelName":"Hotel Westbery","address":"","phones":"","fax":"","email":"","url":"","countryIso2":"CM","countryName":"Cameroon","hotelRating":"1","latitude":"4.07088","longitude":"9.68497","state_id":2662,"state_name":"Littoral","country_id":38},{"active":false,"Giataid":"480864","cityId":19140,"cityName":"Bafoussam","hotelId":480864,"hotelName":"Hotel Altitel","address":"Route de Bamenda,face au coll?ge Tankou,Bafoussam,Cameroon","phones":"","fax":"","email":"","url":"","countryIso2":"CM","countryName":"Cameroon","hotelRating":"2","latitude":"5.49521","longitude":"10.3989","state_id":2664,"state_name":"West","country_id":38},{"active":false,"Giataid":"482885","cityId":19171,"cityName":"Dschang","hotelId":482885,"hotelName":"Hotel La Voie Lactee","address":"Foto - Keleng,Dschang,Cameroon","phones":"","fax":"","email":"","url":"","countryIso2":"CM","countryName":"Cameroon","hotelRating":"1","latitude":"5.4515","longitude":"10.0692","state_id":2664,"state_name":"West","country_id":38},{"active":false,"Giataid":"483100","cityId":19269,"cityName":"Ebolowa","hotelId":483100,"hotelName":"Centre Touristique de Nkolandom","address":"PO Box 432,Ebolowa,Cameroon","phones":"+237673303135","fax":"","email":"contact@ctnkolandom.com","url":"http://www.ctnkolandom.com/","countryIso2":"CM","countryName":"Cameroon","hotelRating":"1","latitude":"2.82631","longitude":"11.1646","state_id":2659,"state_name":"South","country_id":38},{"active":false,"Giataid":"486447","cityId":19140,"cityName":"Bafoussam","hotelId":486447,"hotelName":"Hotel Mbatkam Palace","address":"Boulevard Urbaine Ouest.,1147 Bafoussam,Cameroon","phones":"","fax":"","email":"","url":"","countryIso2":"CM","countryName":"Cameroon","hotelRating":"1","latitude":"5.4571","longitude":"10.4278","state_id":2664,"state_name":"West","country_id":38},{"active":false,"Giataid":"487440","cityId":19178,"cityName":"Foumban","hotelId":487440,"hotelName":"Hotel Pekassa De Karche","address":"a 0.2 min du palais royal, 0,2 min du village artisanal et a un jet de pierre du guartier administratif,BP 97,Foumban,Cameroon","phones":"","fax":"","email":"","url":"http://www.hotelpekassa.com/presentation0.php?pages=4","countryIso2":"CM","countryName":"Cameroon","hotelRating":"1","latitude":"5.72042","longitude":"10.9016","state_id":2664,"state_name":"West","country_id":38},{"active":false,"Giataid":"492310","cityId":19169,"cityName":"Douala","hotelId":492310,"hotelName":"Hotel Le Chateau","address":"Boulevard de l'Aeroport,Douala,Cameroon","phones":"","fax":"","email":"","url":"","countryIso2":"CM","countryName":"Cameroon","hotelRating":"3","latitude":"4.02885","longitude":"9.72262","state_id":2662,"state_name":"Littoral","country_id":38},{"active":false,"Giataid":"492312","cityId":19191,"cityName":"Kribi","hotelId":492312,"hotelName":"Hotel Framotel Kribi","address":"Kribi Centre,BP 355,Kribi,Cameroon","phones":"","fax":"","email":"framotel@yahoo.fr","url":"http://www.hotelframotelkribi.com","countryIso2":"CM","countryName":"Cameroon","hotelRating":"3","latitude":"2.93663","longitude":"9.90986","state_id":2659,"state_name":"South","country_id":38},{"active":false,"Giataid":"583295","cityId":19142,"cityName":"Bamenda","hotelId":583295,"hotelName":"Zwinkels Mountain Lodge","address":"Aboh Village,Belo Mountains,Belo,Bamenda,Cameroon","phones":"+237699315989","fax":"","email":"zwinkelstours@yahoo.co.uk","url":"http://zwinkelstourscameroon.com/zwinkels-mountain-lodge-belo/","countryIso2":"CM","countryName":"Cameroon","hotelRating":"1","latitude":"6.13616","longitude":"10.2568","state_id":2657,"state_name":"Northwest","country_id":38},{"active":false,"Giataid":"583298","cityId":19142,"cityName":"Bamenda","hotelId":583298,"hotelName":"Pelican Hotel Bamenda","address":"Ntarikon,Bamenda,Cameroon","phones":"","fax":"","email":"","url":"","countryIso2":"CM","countryName":"Cameroon","hotelRating":"1","latitude":"5.96282","longitude":"10.1651","state_id":2657,"state_name":"Northwest","country_id":38},{"active":false,"Giataid":"583306","cityId":19142,"cityName":"Bamenda","hotelId":583306,"hotelName":"Admiralty Serviced Apartments","address":"Admiralty Street,New GRA Station,Bamenda,Cameroon","phones":"+237233363636","fax":"","email":"","url":"http://admiraltyapts.com/","countryIso2":"CM","countryName":"Cameroon","hotelRating":"1","latitude":"5.95078","longitude":"10.1721","state_id":2657,"state_name":"Northwest","country_id":38},{"active":false,"Giataid":"583310","cityId":19140,"cityName":"Bafoussam","hotelId":583310,"hotelName":"Residence Sare Hotel","address":"Kamkop,Bafoussam,Cameroon","phones":"+237333442599","fax":"+237656223370","email":"infos@sarehotel.com","url":"http://www.sarehotel.com/","countryIso2":"CM","countryName":"Cameroon","hotelRating":"3","latitude":"5.47987","longitude":"10.4242","state_id":2664,"state_name":"West","country_id":38},{"active":false,"Giataid":"583322","cityId":19142,"cityName":"Bamenda","hotelId":583322,"hotelName":"Zwinkels Guest House Bamenda","address":"P.O.Box 162,Mile 3 Nkwen,Bamenda,Cameroon","phones":"+237699315989","fax":"","email":"zwinkelstours@yahoo.co.uk","url":"http://zwinkelstourscameroon.com/zwinkels-guesthouse-bamenda/","countryIso2":"CM","countryName":"Cameroon","hotelRating":"1","latitude":"5.97959","longitude":"10.1816","state_id":2657,"state_name":"Northwest","country_id":38},{"active":false,"Giataid":"583335","cityId":19142,"cityName":"Bamenda","hotelId":583335,"hotelName":"Mawa Terrace hotel","address":"Mile 6 Nkwen Street,Bamenda,Cameroon","phones":"","fax":"","email":"","url":"","countryIso2":"CM","countryName":"Cameroon","hotelRating":"1","latitude":"5.96713","longitude":"10.1705","state_id":2657,"state_name":"Northwest","country_id":38},{"active":false,"Giataid":"669942","cityId":19171,"cityName":"Dschang","hotelId":669942,"hotelName":"Hotel Place de La Meteo","address":"Montee Rectorat,Dschang,Cameroon","phones":"","fax":"","email":"","url":"","countryIso2":"CM","countryName":"Cameroon","hotelRating":"1","latitude":"5.45221","longitude":"10.0632","state_id":2664,"state_name":"West","country_id":38},{"active":false,"Giataid":"724091","cityId":19142,"cityName":"Bamenda","hotelId":724091,"hotelName":"Kangle Plaza Hotel � Ngen Junction","address":"Ngen Junction,Bamenda,Cameroon","phones":"","fax":"","email":"","url":"","countryIso2":"CM","countryName":"Cameroon","hotelRating":"1","latitude":"5.96282","longitude":"10.1651","state_id":2657,"state_name":"Northwest","country_id":38},{"active":false,"Giataid":"724097","cityId":19142,"cityName":"Bamenda","hotelId":724097,"hotelName":"Kangle Plaza Hotel","address":"Foncha Street,00100 Bamenda,Cameroon","phones":"","fax":"","email":"","url":"","countryIso2":"CM","countryName":"Cameroon","hotelRating":"1","latitude":"5.97015","longitude":"10.1745","state_id":2657,"state_name":"Northwest","country_id":38},{"active":false,"Giataid":"724332","cityId":19171,"cityName":"Dschang","hotelId":724332,"hotelName":"Hotel Mbouoh Star Palace","address":"BP 463,Dschang 237,Cameroon","phones":"","fax":"","email":"","url":"","countryIso2":"CM","countryName":"Cameroon","hotelRating":"1","latitude":"5.44436","longitude":"10.055","state_id":2664,"state_name":"West","country_id":38},{"active":false,"Giataid":"724390","cityId":19140,"cityName":"Bafoussam","hotelId":724390,"hotelName":"Hotel Zingana","address":"Descente Monument Wanko,Bafoussam,Cameroon","phones":"+237233445052","fax":"","email":"hotelzingana@gmail.com","url":"http://www.hotelzingana.com","countryIso2":"CM","countryName":"Cameroon","hotelRating":"1","latitude":"5.47419","longitude":"10.4199","state_id":2664,"state_name":"West","country_id":38},{"active":false,"Giataid":"724607","cityId":19140,"cityName":"Bafoussam","hotelId":724607,"hotelName":"Guins Palace","address":"Derri?re Ecole Publique,D?cente,Domicile Ancien D?l?gu? Cub,Bafoussam,Cameroon","phones":"","fax":"","email":"","url":"","countryIso2":"CM","countryName":"Cameroon","hotelRating":"1","latitude":"5.47419","longitude":"10.4199","state_id":2664,"state_name":"West","country_id":38},{"active":false,"Giataid":"725730","cityId":19169,"cityName":"Douala","hotelId":725730,"hotelName":"Mbayaville Hotel","address":"Boulevard Des Nations Unies Entre,College Saint Michel Et Hysacam,Douala,Cameroon","phones":"","fax":"","email":"info@mbayaville.com","url":"http://mbayaville.com","countryIso2":"CM","countryName":"Cameroon","hotelRating":"1","latitude":"4.03457","longitude":"9.7353","state_id":2662,"state_name":"Littoral","country_id":38},{"active":false,"Giataid":"725781","cityId":19169,"cityName":"Douala","hotelId":725781,"hotelName":"NewLand Sarl","address":"Face College,Dauphine Ndogbong,Douala,Cameroon","phones":"","fax":"","email":"","url":"","countryIso2":"CM","countryName":"Cameroon","hotelRating":"1","latitude":"4.05898","longitude":"9.74968","state_id":2662,"state_name":"Littoral","country_id":38},{"active":false,"Giataid":"725824","cityId":19169,"cityName":"Douala","hotelId":725824,"hotelName":"Hotel Belavie & Spa","address":"Bonaberi Sodiko,100 Meters Des Rails,Douala  691931050,Bonaberi,Cameroon","phones":"","fax":"","email":"","url":"","countryIso2":"CM","countryName":"Cameroon","hotelRating":"1","latitude":"4.09355","longitude":"9.64298","state_id":2662,"state_name":"Littoral","country_id":38},{"active":false,"Giataid":"726375","cityId":19142,"cityName":"Bamenda","hotelId":726375,"hotelName":"Centre Climatique De Bandjoun","address":"Bafoussam Road 4,Face R?sidence Fotso Victor,1191 Bamenda,Cameroon","phones":"","fax":"","email":"","url":"","countryIso2":"CM","countryName":"Cameroon","hotelRating":"1","latitude":"5.96282","longitude":"10.1651","state_id":2657,"state_name":"Northwest","country_id":38},{"active":false,"Giataid":"726772","cityId":19169,"cityName":"Douala","hotelId":726772,"hotelName":"Hotel Joana","address":"Deido Grand Moulin,Grand Moulin Entree Beco,Douala,Cameroon","phones":"","fax":"","email":"","url":"","countryIso2":"CM","countryName":"Cameroon","hotelRating":"1","latitude":"4.05173","longitude":"9.70733","state_id":2662,"state_name":"Littoral","country_id":38},{"active":false,"Giataid":"728788","cityId":19169,"cityName":"Douala","hotelId":728788,"hotelName":"Hotel La Renardiere","address":"Face Total Aeroport,Entree Safana,Douala,Cameroon","phones":"","fax":"","email":"","url":"","countryIso2":"CM","countryName":"Cameroon","hotelRating":"1","latitude":"4.05173","longitude":"9.70733","state_id":2662,"state_name":"Littoral","country_id":38},{"active":false,"Giataid":"730022","cityId":19169,"cityName":"Douala","hotelId":730022,"hotelName":"Particular Destiny Suites","address":"Rue Capseco Bonapriso,BP 5778,Douala,Cameroon","phones":"+237233420101","fax":"","email":"particular.destinys@yahoo.com","url":"https://particulardestinysuites.com","countryIso2":"CM","countryName":"Cameroon","hotelRating":"1","latitude":"3.98664","longitude":"9.81618","state_id":2662,"state_name":"Littoral","country_id":38},{"active":false,"Giataid":"769722","cityId":19169,"cityName":"Douala","hotelId":769722,"hotelName":"Hotel 104 Bonanjo","address":"Entre Policlinic Annex de Bonanjo et la Mairie de Douala 1er,Bonanjo,Douala,Cameroon","phones":"","fax":"","email":"hotel104bonanjo@yahoo.com","url":"https://hotel104bonanjo.com","countryIso2":"CM","countryName":"Cameroon","hotelRating":"1","latitude":"4.05173","longitude":"9.70733","state_id":2662,"state_name":"Littoral","country_id":38},{"active":false,"Giataid":"769757","cityId":19169,"cityName":"Douala","hotelId":769757,"hotelName":"Rovie Hotel","address":"Ndogpasse,Next to Petrolex Station,00237,Douala,Cameroon","phones":"","fax":"","email":"","url":"","countryIso2":"CM","countryName":"Cameroon","hotelRating":"1","latitude":"4.05173","longitude":"9.70733","state_id":2662,"state_name":"Littoral","country_id":38},{"active":false,"Giataid":"769861","cityId":19142,"cityName":"Bamenda","hotelId":769861,"hotelName":"Jep's Hotel","address":"Fon's Street Junction,PO Box 199,Bamenda,Cameroon","phones":"+237233363003","fax":"","email":"info@jepshotel.com","url":"http://www.jepshotel.com","countryIso2":"CM","countryName":"Cameroon","hotelRating":"1","latitude":"5.96282","longitude":"10.1651","state_id":2657,"state_name":"Northwest","country_id":38},{"active":false,"Giataid":"769913","cityId":19169,"cityName":"Douala","hotelId":769913,"hotelName":"Hotel MK","address":"Rue Commissariat De Dorgbor,Face Au Commisariat De Police,Douala,Cameroon","phones":"","fax":"","email":"","url":"","countryIso2":"CM","countryName":"Cameroon","hotelRating":"1","latitude":"4.05173","longitude":"9.70733","state_id":2662,"state_name":"Littoral","country_id":38},{"active":false,"Giataid":"769932","cityId":19169,"cityName":"Douala","hotelId":769932,"hotelName":"Hotel Service Plus","address":"Rue Bebey Elame Akwa,Douala,Cameroon","phones":"","fax":"","email":"","url":"","countryIso2":"CM","countryName":"Cameroon","hotelRating":"1","latitude":"4.05173","longitude":"9.70733","state_id":2662,"state_name":"Littoral","country_id":38},{"active":false,"Giataid":"769935","cityId":19169,"cityName":"Douala","hotelId":769935,"hotelName":"Angelina Hotel","address":"Kotto Fin goudron Mbangue,Douala,Kamerun,Cameroon","phones":"","fax":"","email":"","url":"","countryIso2":"CM","countryName":"Cameroon","hotelRating":"1","latitude":"4.05173","longitude":"9.70733","state_id":2662,"state_name":"Littoral","country_id":38},{"active":false,"Giataid":"769986","cityId":19169,"cityName":"Douala","hotelId":769986,"hotelName":"Hotel Elissam Douala","address":"Deido,Douala,Cameroon","phones":"","fax":"","email":"","url":"","countryIso2":"CM","countryName":"Cameroon","hotelRating":"1","latitude":"4.05173","longitude":"9.70733","state_id":2662,"state_name":"Littoral","country_id":38},{"active":false,"Giataid":"770007","cityId":19191,"cityName":"Kribi","hotelId":770007,"hotelName":"Adrien Beach Hotel","address":"Plage de Kribi,Kribi,Cameroon","phones":"","fax":"","email":"","url":"","countryIso2":"CM","countryName":"Cameroon","hotelRating":"1","latitude":"2.93663","longitude":"9.90986","state_id":2659,"state_name":"South","country_id":38},{"active":false,"Giataid":"770029","cityId":19140,"cityName":"Bafoussam","hotelId":770029,"hotelName":"Hotel Tchoupe Palace","address":"Carrefour Famgo,Bafoussam,Cameroon","phones":"","fax":"","email":"","url":"","countryIso2":"CM","countryName":"Cameroon","hotelRating":"1","latitude":"5.47419","longitude":"10.4199","state_id":2664,"state_name":"West","country_id":38},{"active":false,"Giataid":"770032","cityId":19140,"cityName":"Bafoussam","hotelId":770032,"hotelName":"Hotel Le Potala","address":"En Face De Soacam,Bafoussam,Cameroon","phones":"","fax":"","email":"","url":"","countryIso2":"CM","countryName":"Cameroon","hotelRating":"1","latitude":"5.47419","longitude":"10.4199","state_id":2664,"state_name":"West","country_id":38},{"active":false,"Giataid":"770033","cityId":19140,"cityName":"Bafoussam","hotelId":770033,"hotelName":"ST John Palace Hotel","address":"Entree Bafoussam,Derriere General Express Voyage,Bafoussam,Cameroon,Cameroon","phones":"","fax":"","email":"","url":"","countryIso2":"CM","countryName":"Cameroon","hotelRating":"1","latitude":"5.47419","longitude":"10.4199","state_id":2664,"state_name":"West","country_id":38},{"active":false,"Giataid":"770035","cityId":19140,"cityName":"Bafoussam","hotelId":770035,"hotelName":"Hotel Nicotel","address":"Rue Nicotel,Tamdjan,Bafoussam,Cameroon","phones":"","fax":"","email":"","url":"","countryIso2":"CM","countryName":"Cameroon","hotelRating":"1","latitude":"5.47419","longitude":"10.4199","state_id":2664,"state_name":"West","country_id":38},{"active":false,"Giataid":"770042","cityId":19140,"cityName":"Bafoussam","hotelId":770042,"hotelName":"Grand Siecle Motel","address":"Kamkop,Lieu dit Militaire Bar,Bafoussam,Cameroon","phones":"","fax":"","email":"","url":"","countryIso2":"CM","countryName":"Cameroon","hotelRating":"1","latitude":"5.47419","longitude":"10.4199","state_id":2664,"state_name":"West","country_id":38},{"active":false,"Giataid":"770090","cityId":19169,"cityName":"Douala","hotelId":770090,"hotelName":"Motel Heures D","address":"Bependa Omnisport,Douala,Cameroon","phones":"","fax":"","email":"","url":"","countryIso2":"CM","countryName":"Cameroon","hotelRating":"1","latitude":"4.05173","longitude":"9.70733","state_id":2662,"state_name":"Littoral","country_id":38},{"active":false,"Giataid":"770108","cityId":19140,"cityName":"Bafoussam","hotelId":770108,"hotelName":"Nbeotel Motel","address":"Route de Bamenda,Bafoussam,Cameroon","phones":"","fax":"","email":"","url":"","countryIso2":"CM","countryName":"Cameroon","hotelRating":"1","latitude":"5.47419","longitude":"10.4199","state_id":2664,"state_name":"West","country_id":38},{"active":false,"Giataid":"770562","cityId":19191,"cityName":"Kribi","hotelId":770562,"hotelName":"Hotel Panoramique","address":"Nkolbiteng March?,Kribi,Cameroon","phones":"","fax":"","email":"","url":"","countryIso2":"CM","countryName":"Cameroon","hotelRating":"1","latitude":"2.93663","longitude":"9.90986","state_id":2659,"state_name":"South","country_id":38},{"active":false,"Giataid":"770577","cityId":19142,"cityName":"Bamenda","hotelId":770577,"hotelName":"Moitsa Hotel","address":"Ghana Street,Ndefcam Radion Entrance,Bamenda,Cameroon","phones":"","fax":"","email":"","url":"","countryIso2":"CM","countryName":"Cameroon","hotelRating":"1","latitude":"5.96282","longitude":"10.1651","state_id":2657,"state_name":"Northwest","country_id":38},{"active":false,"Giataid":"770580","cityId":19169,"cityName":"Douala","hotelId":770580,"hotelName":"Hotel Astoria","address":"Rue Bou? De Lapeyr?re,Douala,Cameroon","phones":"","fax":"","email":"","url":"","countryIso2":"CM","countryName":"Cameroon","hotelRating":"1","latitude":"4.05173","longitude":"9.70733","state_id":2662,"state_name":"Littoral","country_id":38},{"active":false,"Giataid":"770582","cityId":19169,"cityName":"Douala","hotelId":770582,"hotelName":"Hotel Mont Manengouba","address":"Rue dela joie Deido,Douala,Cameroon","phones":"","fax":"","email":"","url":"","countryIso2":"CM","countryName":"Cameroon","hotelRating":"1","latitude":"4.05173","longitude":"9.70733","state_id":2662,"state_name":"Littoral","country_id":38},{"active":false,"Giataid":"770599","cityId":19196,"cityName":"Limbe","hotelId":770599,"hotelName":"Palamainji Hotel","address":"Mile Four Bonadikombo,Limbe Opposite Apostolic Church Old Road,Limbe,Cameroon","phones":"","fax":"","email":"","url":"","countryIso2":"CM","countryName":"Cameroon","hotelRating":"1","latitude":"4.01335","longitude":"9.17076","state_id":2658,"state_name":"Southwest","country_id":38},{"active":false,"Giataid":"770603","cityId":19169,"cityName":"Douala","hotelId":770603,"hotelName":"Hotel Hibiscus","address":"Terminus Bonamoussadi,Douala,Cameroon","phones":"","fax":"","email":"","url":"","countryIso2":"CM","countryName":"Cameroon","hotelRating":"1","latitude":"4.05173","longitude":"9.70733","state_id":2662,"state_name":"Littoral","country_id":38},{"active":false,"Giataid":"770608","cityId":19169,"cityName":"Douala","hotelId":770608,"hotelName":"Kremlin Hotel","address":"Terminus Bonamoussadi,Douala,Cameroon","phones":"","fax":"","email":"","url":"","countryIso2":"CM","countryName":"Cameroon","hotelRating":"1","latitude":"4.05173","longitude":"9.70733","state_id":2662,"state_name":"Littoral","country_id":38},{"active":false,"Giataid":"770643","cityId":19169,"cityName":"Douala","hotelId":770643,"hotelName":"Tresor Hotel","address":"Bassa Pk 8,Entree Ancien Photos Ambiance,PO Box 4920,Douala 00237,Cameroon","phones":"","fax":"","email":"","url":"","countryIso2":"CM","countryName":"Cameroon","hotelRating":"1","latitude":"4.05173","longitude":"9.70733","state_id":2662,"state_name":"Littoral","country_id":38},{"active":false,"Giataid":"770648","cityId":19169,"cityName":"Douala","hotelId":770648,"hotelName":"Hotel Le Diplomate","address":"Boulevard De L'Unite,Douala,Cameroon","phones":"","fax":"","email":"","url":"","countryIso2":"CM","countryName":"Cameroon","hotelRating":"1","latitude":"4.05173","longitude":"9.70733","state_id":2662,"state_name":"Littoral","country_id":38},{"active":false,"Giataid":"770649","cityId":19142,"cityName":"Bamenda","hotelId":770649,"hotelName":"Apple Gate Hotel","address":"Foncha Street 2,Foncha Street Bellolw,Bamenda,Cameroon","phones":"","fax":"","email":"","url":"","countryIso2":"CM","countryName":"Cameroon","hotelRating":"1","latitude":"5.96282","longitude":"10.1651","state_id":2657,"state_name":"Northwest","country_id":38},{"active":false,"Giataid":"770660","cityId":19191,"cityName":"Kribi","hotelId":770660,"hotelName":"Hotel De France","address":"Quartier Elabe,Kribi,Cameroon","phones":"","fax":"","email":"","url":"","countryIso2":"CM","countryName":"Cameroon","hotelRating":"1","latitude":"2.93663","longitude":"9.90986","state_id":2659,"state_name":"South","country_id":38},{"active":false,"Giataid":"770665","cityId":19169,"cityName":"Douala","hotelId":770665,"hotelName":"Motel One Plus","address":"Kombo Dongo,Bonamoussadi,Douala,Cameroon","phones":"","fax":"","email":"","url":"","countryIso2":"CM","countryName":"Cameroon","hotelRating":"1","latitude":"4.05173","longitude":"9.70733","state_id":2662,"state_name":"Littoral","country_id":38},{"active":false,"Giataid":"770680","cityId":19169,"cityName":"Douala","hotelId":770680,"hotelName":"Fatime Elimeta Hotel","address":"Avenue de L'independence,Douala,Cameroon","phones":"","fax":"","email":"","url":"","countryIso2":"CM","countryName":"Cameroon","hotelRating":"1","latitude":"4.05173","longitude":"9.70733","state_id":2662,"state_name":"Littoral","country_id":38},{"active":false,"Giataid":"770707","cityId":19169,"cityName":"Douala","hotelId":770707,"hotelName":"Menfis Hotel","address":"Nouvelle Route Ndogbong,Pres du College Bilingue Fo Kango,Dauphine 3,Douala,Cameroon","phones":"","fax":"","email":"","url":"","countryIso2":"CM","countryName":"Cameroon","hotelRating":"1","latitude":"4.05173","longitude":"9.70733","state_id":2662,"state_name":"Littoral","country_id":38},{"active":false,"Giataid":"770735","cityId":19169,"cityName":"Douala","hotelId":770735,"hotelName":"Tchero Hotel","address":"38 Vallee Des Ministres Bonanjo,New Bell,Douala,Cameroon","phones":"","fax":"","email":"","url":"","countryIso2":"CM","countryName":"Cameroon","hotelRating":"1","latitude":"4.05173","longitude":"9.70733","state_id":2662,"state_name":"Littoral","country_id":38},{"active":false,"Giataid":"770771","cityId":19169,"cityName":"Douala","hotelId":770771,"hotelName":"Motel Le Bon Acceuil","address":"Bepanda Omnisport,Douala,Cameroon","phones":"","fax":"","email":"","url":"","countryIso2":"CM","countryName":"Cameroon","hotelRating":"1","latitude":"4.05173","longitude":"9.70733","state_id":2662,"state_name":"Littoral","country_id":38},{"active":false,"Giataid":"770798","cityId":19169,"cityName":"Douala","hotelId":770798,"hotelName":"Baba Hotel","address":"Carrefour Zachman,Mdogbon,Douala,Cameroon","phones":"","fax":"","email":"","url":"","countryIso2":"CM","countryName":"Cameroon","hotelRating":"1","latitude":"4.05173","longitude":"9.70733","state_id":2662,"state_name":"Littoral","country_id":38},{"active":false,"Giataid":"770901","cityId":19169,"cityName":"Douala","hotelId":770901,"hotelName":"Kampa Hotel","address":"Behind Jet Hotel,Douala,Cameroon","phones":"","fax":"","email":"","url":"","countryIso2":"CM","countryName":"Cameroon","hotelRating":"1","latitude":"4.05173","longitude":"9.70733","state_id":2662,"state_name":"Littoral","country_id":38},{"active":false,"Giataid":"770908","cityId":19169,"cityName":"Douala","hotelId":770908,"hotelName":"Mila Hotel","address":"Quartier Ngangue,Situe A Shell New Bell Vers L'armee De L'Air,Douala,Cameroon","phones":"","fax":"","email":"","url":"","countryIso2":"CM","countryName":"Cameroon","hotelRating":"1","latitude":"4.05173","longitude":"9.70733","state_id":2662,"state_name":"Littoral","country_id":38},{"active":false,"Giataid":"770909","cityId":19191,"cityName":"Kribi","hotelId":770909,"hotelName":"Hotel Des Nations","address":"Derriere la Kribienne Voyage,Kribi,Cameroon","phones":"","fax":"","email":"","url":"","countryIso2":"CM","countryName":"Cameroon","hotelRating":"1","latitude":"2.93663","longitude":"9.90986","state_id":2659,"state_name":"South","country_id":38},{"active":false,"Giataid":"770918","cityId":19140,"cityName":"Bafoussam","hotelId":770918,"hotelName":"Motel La Cachette","address":"Route de Bamenda,Bafoussam,Cameroon","phones":"","fax":"","email":"","url":"","countryIso2":"CM","countryName":"Cameroon","hotelRating":"1","latitude":"5.47419","longitude":"10.4199","state_id":2664,"state_name":"West","country_id":38},{"active":false,"Giataid":"770922","cityId":19169,"cityName":"Douala","hotelId":770922,"hotelName":"Hotel Des Amitie","address":"Boulevard De l'aeroport,Douala,Cameroon","phones":"","fax":"","email":"","url":"","countryIso2":"CM","countryName":"Cameroon","hotelRating":"1","latitude":"4.05173","longitude":"9.70733","state_id":2662,"state_name":"Littoral","country_id":38},{"active":false,"Giataid":"770929","cityId":19169,"cityName":"Douala","hotelId":770929,"hotelName":"Motel Canovas","address":"Avenue King Akwa,Ndeg2,Boite Postale 1841,Douala,Cameroon","phones":"","fax":"","email":"motelcanovas@yahoo.com","url":"http://www.motelcanovas.com","countryIso2":"CM","countryName":"Cameroon","hotelRating":"1","latitude":"4.05173","longitude":"9.70733","state_id":2662,"state_name":"Littoral","country_id":38},{"active":false,"Giataid":"770950","cityId":19169,"cityName":"Douala","hotelId":770950,"hotelName":"Deido Plage","address":"Deido,Douala,Cameroon","phones":"","fax":"","email":"","url":"","countryIso2":"CM","countryName":"Cameroon","hotelRating":"1","latitude":"4.05173","longitude":"9.70733","state_id":2662,"state_name":"Littoral","country_id":38},{"active":false,"Giataid":"771828","cityId":19191,"cityName":"Kribi","hotelId":771828,"hotelName":"Malabo Palace Hotel","address":"Petit Paris Derriere Moulin Rouge,Quartier Administratif,Kribi,Cameroon","phones":"","fax":"","email":"","url":"","countryIso2":"CM","countryName":"Cameroon","hotelRating":"1","latitude":"2.93663","longitude":"9.90986","state_id":2659,"state_name":"South","country_id":38},{"active":false,"Giataid":"772214","cityId":19169,"cityName":"Douala","hotelId":772214,"hotelName":"Hotel Cheval Blanc","address":"Bonamoussadi Route Maison T?moin face aux Impots,Douala,Cameroon","phones":"","fax":"","email":"","url":"","countryIso2":"CM","countryName":"Cameroon","hotelRating":"1","latitude":"4.05173","longitude":"9.70733","state_id":2662,"state_name":"Littoral","country_id":38},{"active":false,"Giataid":"772221","cityId":19169,"cityName":"Douala","hotelId":772221,"hotelName":"Hotel Des Amitie Bamenda","address":"Bamenda,Douala,Cameroon","phones":"","fax":"","email":"","url":"","countryIso2":"CM","countryName":"Cameroon","hotelRating":"1","latitude":"4.05173","longitude":"9.70733","state_id":2662,"state_name":"Littoral","country_id":38},{"active":false,"Giataid":"772236","cityId":19196,"cityName":"Limbe","hotelId":772236,"hotelName":"Coastal Beach Hotel","address":"Bobende,Limbe,Cameroon","phones":"","fax":"","email":"","url":"","countryIso2":"CM","countryName":"Cameroon","hotelRating":"1","latitude":"4.01335","longitude":"9.17076","state_id":2658,"state_name":"Southwest","country_id":38},{"active":false,"Giataid":"772253","cityId":19191,"cityName":"Kribi","hotelId":772253,"hotelName":"Hotel Le Cardinal","address":"Mpalla,Kribi,Cameroon","phones":"","fax":"","email":"","url":"","countryIso2":"CM","countryName":"Cameroon","hotelRating":"1","latitude":"2.93663","longitude":"9.90986","state_id":2659,"state_name":"South","country_id":38},{"active":false,"Giataid":"772429","cityId":19169,"cityName":"Douala","hotelId":772429,"hotelName":"Couba Club","address":"Bloc 12 Carrefour Santa Barbara,Bonamoussadi,Douala,Cameroon","phones":"","fax":"","email":"","url":"","countryIso2":"CM","countryName":"Cameroon","hotelRating":"1","latitude":"4.05173","longitude":"9.70733","state_id":2662,"state_name":"Littoral","country_id":38},{"active":false,"Giataid":"772872","cityId":19269,"cityName":"Ebolowa","hotelId":772872,"hotelName":"Hotel Kapso","address":"Hermitage Angal? Ebolowa,Ebolowa,Cameroon","phones":"","fax":"","email":"","url":"","countryIso2":"CM","countryName":"Cameroon","hotelRating":"1","latitude":"0","longitude":"0","state_id":2659,"state_name":"South","country_id":38},{"active":false,"Giataid":"772897","cityId":19191,"cityName":"Kribi","hotelId":772897,"hotelName":"Hotel La Brise","address":"Situe au Quartier Elabe,Kribi,Cameroon","phones":"","fax":"","email":"","url":"","countryIso2":"CM","countryName":"Cameroon","hotelRating":"1","latitude":"2.93663","longitude":"9.90986","state_id":2659,"state_name":"South","country_id":38},{"active":false,"Giataid":"773359","cityId":19196,"cityName":"Limbe","hotelId":773359,"hotelName":"First International Inn Newtown","address":"Avenue Manga Williams,New Town,Limbe,Cameroon","phones":"","fax":"","email":"","url":"","countryIso2":"CM","countryName":"Cameroon","hotelRating":"1","latitude":"4.01335","longitude":"9.17076","state_id":2658,"state_name":"Southwest","country_id":38},{"active":false,"Giataid":"773493","cityId":19169,"cityName":"Douala","hotelId":773493,"hotelName":"Net & Jet Hotel","address":"Douala - Eda Wildlife Reserve,Yassa,12018 Douala,Cameroon","phones":"+237243650411","fax":"","email":"contact@netjethotel.com","url":"http://netjethotel.com/","countryIso2":"CM","countryName":"Cameroon","hotelRating":"3","latitude":"4.05173","longitude":"9.70733","state_id":2662,"state_name":"Littoral","country_id":38},{"active":false,"Giataid":"773586","cityId":19169,"cityName":"Douala","hotelId":773586,"hotelName":"Hotel KDV","address":"Marche Grand Hangar,Bonab?ri,Cameroun 4,Cameroon","phones":"","fax":"","email":"","url":"","countryIso2":"CM","countryName":"Cameroon","hotelRating":"1","latitude":"4.05173","longitude":"9.70733","state_id":2662,"state_name":"Littoral","country_id":38},{"active":false,"Giataid":"773915","cityId":19169,"cityName":"Douala","hotelId":773915,"hotelName":"First Hotel","address":"Pres De Station MRS Gare Routiere,Bonaberi,Douala,Cameroon","phones":"","fax":"","email":"","url":"","countryIso2":"CM","countryName":"Cameroon","hotelRating":"1","latitude":"4.05173","longitude":"9.70733","state_id":2662,"state_name":"Littoral","country_id":38},{"active":false,"Giataid":"775955","cityId":19169,"cityName":"Douala","hotelId":775955,"hotelName":"Barcelone Hotel","address":"Axis College Saint-Michel,Douala International Airport,Douala,Cameroon","phones":"","fax":"","email":"","url":"","countryIso2":"CM","countryName":"Cameroon","hotelRating":"1","latitude":"4.03195","longitude":"9.7342","state_id":2662,"state_name":"Littoral","country_id":38},{"active":false,"Giataid":"775958","cityId":19169,"cityName":"Douala","hotelId":775958,"hotelName":"Hotel Place de la Meteo","address":"Rue Bonatone,Deido,Douala,Cote de Boucherie Charcuterie du Littoral,Cameroon","phones":"","fax":"","email":"","url":"","countryIso2":"CM","countryName":"Cameroon","hotelRating":"1","latitude":"4.05173","longitude":"9.70733","state_id":2662,"state_name":"Littoral","country_id":38},{"active":false,"Giataid":"776973","cityId":19169,"cityName":"Douala","hotelId":776973,"hotelName":"Hotel Black Legend","address":"Nouvelle Route Bonassama,Douala,Cameroon","phones":"","fax":"","email":"","url":"","countryIso2":"CM","countryName":"Cameroon","hotelRating":"1","latitude":"4.05173","longitude":"9.70733","state_id":2662,"state_name":"Littoral","country_id":38},{"active":false,"Giataid":"777604","cityId":19169,"cityName":"Douala","hotelId":777604,"hotelName":"Residence St david","address":"Avenue De L'Independance,Douala,Cameroon","phones":"","fax":"","email":"","url":"","countryIso2":"CM","countryName":"Cameroon","hotelRating":"1","latitude":"4.05173","longitude":"9.70733","state_id":2662,"state_name":"Littoral","country_id":38},{"active":false,"Giataid":"778286","cityId":19169,"cityName":"Douala","hotelId":778286,"hotelName":"Hotel de Gody Bakoko","address":"Gody Bakoko,Douala,Cameroon","phones":"","fax":"","email":"","url":"","countryIso2":"CM","countryName":"Cameroon","hotelRating":"1","latitude":"4.05173","longitude":"9.70733","state_id":2662,"state_name":"Littoral","country_id":38},{"active":false,"Giataid":"779550","cityId":19140,"cityName":"Bafoussam","hotelId":779550,"hotelName":"Hotel Ino","address":"National Ndeg 4,Bafoussam,Cameroon","phones":"","fax":"","email":"","url":"","countryIso2":"CM","countryName":"Cameroon","hotelRating":"1","latitude":"5.47419","longitude":"10.4199","state_id":2664,"state_name":"West","country_id":38},{"active":false,"Giataid":"839907","cityId":19169,"cityName":"Douala","hotelId":839907,"hotelName":"Anne Residence","address":"Rue Des Cocotiers,Douala,Cameroon","phones":"","fax":"","email":"","url":"","countryIso2":"CM","countryName":"Cameroon","hotelRating":"1","latitude":"4.05173","longitude":"9.70733","state_id":2662,"state_name":"Littoral","country_id":38},{"active":false,"Giataid":"840976","cityId":19169,"cityName":"Douala","hotelId":840976,"hotelName":"Chambres d'hotes Fabrice","address":"Bonamoussadi,Douala,Cameroon","phones":"","fax":"","email":"","url":"","countryIso2":"CM","countryName":"Cameroon","hotelRating":"1","latitude":"4.07083","longitude":"9.77191","state_id":2662,"state_name":"Littoral","country_id":38},{"active":false,"Giataid":"840988","cityId":19169,"cityName":"Douala","hotelId":840988,"hotelName":"Victory Gardens","address":"Bloc 7 Bloc SONEL Bonamoussadi Douala,Douala,Cameroon","phones":"","fax":"","email":"","url":"","countryIso2":"CM","countryName":"Cameroon","hotelRating":"1","latitude":"4.0872","longitude":"9.74338","state_id":2662,"state_name":"Littoral","country_id":38},{"active":false,"Giataid":"841005","cityId":19169,"cityName":"Douala","hotelId":841005,"hotelName":"Manhantan Living","address":"1660 Boulevard de la Libert?,Akwa,Douala,Cameroon","phones":"","fax":"","email":"","url":"","countryIso2":"CM","countryName":"Cameroon","hotelRating":"1","latitude":"4.05173","longitude":"9.70733","state_id":2662,"state_name":"Littoral","country_id":38},{"active":false,"Giataid":"419434","cityId":19169,"cityName":"Douala","hotelId":10047535,"hotelName":"Prince De Galles","address":"293Street Prince de Galles,Douala,Cameroon,Cameroon","phones":"+237233423535","fax":"","email":"","url":"","countryIso2":"CM","countryName":"Cameroon","hotelRating":"3","latitude":"4.05425","longitude":"9.6955","state_id":2662,"state_name":"Littoral","country_id":38},{"active":false,"Giataid":"467261","cityId":19169,"cityName":"Douala","hotelId":10047537,"hotelName":"Planet Hotel","address":"Rue Boue de Lapeyrere Quartier Akwa,Douala,Cameroon","phones":"","fax":"","email":"","url":"","countryIso2":"CM","countryName":"Cameroon","hotelRating":"3","latitude":"4.05281","longitude":"9.69522","state_id":2662,"state_name":"Littoral","country_id":38},{"active":false,"Giataid":"422510","cityId":19169,"cityName":"Douala","hotelId":10047538,"hotelName":"Somatel Hotel Douala","address":"B.P. 17546,Douala,Cameroun,Cameroon","phones":"+23733436665","fax":"","email":"","url":"","countryIso2":"CM","countryName":"Cameroon","hotelRating":"3","latitude":"4.04146","longitude":"9.6926","state_id":2662,"state_name":"Littoral","country_id":38},{"active":false,"Giataid":"583374","cityId":19169,"cityName":"Douala","hotelId":10047549,"hotelName":"Serena Palace Hotel","address":"Boulevard de la Republique,Douala 4330,Cameroon","phones":"","fax":"","email":"","url":"","countryIso2":"CM","countryName":"Cameroon","hotelRating":"3","latitude":"4.05369","longitude":"9.70528","state_id":2662,"state_name":"Littoral","country_id":38},{"active":false,"Giataid":"429657","cityId":19191,"cityName":"Kribi","hotelId":10056770,"hotelName":"Les Gites de Kribi","address":"Route Des Chutes De La Lobe,Kribi,Cameroon","phones":"+237675080845","fax":"","email":"","url":"","countryIso2":"CM","countryName":"Cameroon","hotelRating":"3","latitude":"2.92236","longitude":"9.90056","state_id":2659,"state_name":"South","country_id":38},{"active":false,"Giataid":"445452","cityId":19169,"cityName":"Douala","hotelId":10060269,"hotelName":"Futuris Hotel","address":"P.O. Box 8760,Douala,Cameroon","phones":"+237243787770","fax":"","email":"","url":"","countryIso2":"CM","countryName":"Cameroon","hotelRating":"3","latitude":"4.01902","longitude":"9.69871","state_id":2662,"state_name":"Littoral","country_id":38},{"active":false,"Giataid":"499560","cityId":19169,"cityName":"Douala","hotelId":10060324,"hotelName":"Dk Hotel","address":"Ancienne Route,Bonaberi,Douala,Cameroon","phones":"+23733492501","fax":"","email":"","url":"","countryIso2":"CM","countryName":"Cameroon","hotelRating":"3","latitude":"4.08569","longitude":"9.66707","state_id":2662,"state_name":"Littoral","country_id":38},{"active":false,"Giataid":"522353","cityId":19142,"cityName":"Bamenda","hotelId":10071272,"hotelName":"Azam Hotel","address":"PO Box 386,Bamenda,Cameroon","phones":"+237233363631","fax":"","email":"","url":"","countryIso2":"CM","countryName":"Cameroon","hotelRating":"3","latitude":"5.95901","longitude":"10.1479","state_id":2657,"state_name":"Northwest","country_id":38},{"active":false,"Giataid":"492311","cityId":19142,"cityName":"Bamenda","hotelId":10071369,"hotelName":"Mawa Hotel","address":"Mile 6 Nkwen,P.O. Box 176,Bamenda,Cameroon","phones":"","fax":"","email":"","url":"","countryIso2":"CM","countryName":"Cameroon","hotelRating":"2","latitude":"5.95218","longitude":"10.1581","state_id":2657,"state_name":"Northwest","country_id":38},{"active":false,"Giataid":"492339","cityId":19142,"cityName":"Bamenda","hotelId":10071386,"hotelName":"Ayaba Hotel","address":"Bamenda - Nord Ouest,Bamenda,Cameroon","phones":"","fax":"","email":"","url":"","countryIso2":"CM","countryName":"Cameroon","hotelRating":"3","latitude":"5.95218","longitude":"10.1582","state_id":2657,"state_name":"Northwest","country_id":38},{"active":false,"Giataid":"492314","cityId":19171,"cityName":"Dschang","hotelId":10072673,"hotelName":"Hotel de Malte","address":"Quartier Administratif,Dschang,Cameroon","phones":"","fax":"","email":"","url":"","countryIso2":"CM","countryName":"Cameroon","hotelRating":"3","latitude":"5.45165","longitude":"10.0625","state_id":2664,"state_name":"West","country_id":38},{"active":false,"Giataid":"510923","cityId":19191,"cityName":"Kribi","hotelId":10099680,"hotelName":"Oceanic Beach Hotel","address":"Route Kribi-Yaounde,Kribi,Cameroon","phones":"NULL","fax":"NULL","email":"NULL","url":"NULL","countryIso2":"CM","countryName":"Cameroon","hotelRating":"3","latitude":"2.93468","longitude":"9.90944","state_id":2659,"state_name":"South","country_id":38},{"active":false,"Giataid":"522630","cityId":19169,"cityName":"Douala","hotelId":10116975,"hotelName":"Denver Plaza Hotel","address":"Rond Point Maetur, Bonamoussadi,Douala,Cameroon","phones":"NULL","fax":"NULL","email":"NULL","url":"NULL","countryIso2":"CM","countryName":"Cameroon","hotelRating":"2","latitude":"4.08863","longitude":"9.73625","state_id":2662,"state_name":"Littoral","country_id":38},{"active":false,"Giataid":"583300","cityId":19196,"cityName":"Limbe","hotelId":20001803,"hotelName":"White Star Hotel","address":"White Star Hotel,Mile 2,Limbe,Cameroon","phones":"","fax":"","email":"","url":"","countryIso2":"CM","countryName":"Cameroon","hotelRating":"0","latitude":"4.02443","longitude":"9.19418","state_id":2658,"state_name":"Southwest","country_id":38},{"active":false,"Giataid":"614384","cityId":19169,"cityName":"Douala","hotelId":20002174,"hotelName":"Fly City Hotel","address":"Bepanda Safari,Douala,Cameroon","phones":"","fax":"","email":"","url":"","countryIso2":"CM","countryName":"Cameroon","hotelRating":"0","latitude":"4.0719","longitude":"9.72713","state_id":2662,"state_name":"Littoral","country_id":38},{"active":false,"Giataid":"583346","cityId":19169,"cityName":"Douala","hotelId":20002798,"hotelName":"Lewat Hotel","address":"Boulevard De La Reunification,12563 Douala,Cameroon","phones":"","fax":"","email":"","url":"","countryIso2":"CM","countryName":"Cameroon","hotelRating":"0","latitude":"4.05971","longitude":"9.76294","state_id":2662,"state_name":"Littoral","country_id":38},{"active":false,"Giataid":"445344","cityId":19169,"cityName":"Douala","hotelId":20003063,"hotelName":"Hotel Makepe Palace","address":"Carrefour Rhone Poulenc,1685 Douala,Cameroon","phones":"+237697148032","fax":"+237233474988","email":"makepepalace@yahoo.fr","url":"http://www.makepepalacehotel.com/","countryIso2":"CM","countryName":"Cameroon","hotelRating":"3","latitude":"4.08533","longitude":"9.75564","state_id":2662,"state_name":"Littoral","country_id":38},{"active":false,"Giataid":"614382","cityId":19191,"cityName":"Kribi","hotelId":20003279,"hotelName":"Mimado Hotel","address":"Plage de Grand Batanga,Bongahele,Kribi,Cameroon","phones":"","fax":"","email":"","url":"","countryIso2":"CM","countryName":"Cameroon","hotelRating":"0","latitude":"2.83726","longitude":"9.88512","state_id":2659,"state_name":"South","country_id":38},{"active":false,"Giataid":"614400","cityId":19191,"cityName":"Kribi","hotelId":20003688,"hotelName":"Hotel Lobe","address":"Chutes de la Lobe,Kribi,Cameroon","phones":"","fax":"","email":"","url":"","countryIso2":"CM","countryName":"Cameroon","hotelRating":"0","latitude":"2.88468","longitude":"9.90179","state_id":2659,"state_name":"South","country_id":38},{"active":false,"Giataid":"583337","cityId":19169,"cityName":"Douala","hotelId":20005432,"hotelName":"Star Land Hotel","address":"82 Rue 1.225 Dominique Savio primaire,Bonapriso,5485 Douala,Cameroon","phones":"+237233421100","fax":"+237233421102","email":"reservations@starlandhotel.com","url":"http://www.starlandhotel.com/","countryIso2":"CM","countryName":"Cameroon","hotelRating":"4","latitude":"4.02529","longitude":"9.69437","state_id":2662,"state_name":"Littoral","country_id":38},{"active":false,"Giataid":"416370","cityId":19169,"cityName":"Douala","hotelId":20005592,"hotelName":"Hotel Royal Palace","address":"Rue IMP/Ancienne Route,Bonaberi,Douala,Cameroon","phones":"","fax":"","email":"","url":"https://www.hotelscombined.com/Hotel/Hotel_Royal_Palace_Douala.htm","countryIso2":"CM","countryName":"Cameroon","hotelRating":"3","latitude":"4.07957","longitude":"9.67077","state_id":2662,"state_name":"Littoral","country_id":38},{"active":false,"Giataid":"492313","cityId":19191,"cityName":"Kribi","hotelId":20005753,"hotelName":"Hotel des Anges","address":"Quartier Mahalet Sur route Ed?a-Kribi,PO Box 204,Kribi,Cameroon","phones":"","fax":"","email":"","url":"","countryIso2":"CM","countryName":"Cameroon","hotelRating":"3","latitude":"2.93509","longitude":"9.91001","state_id":2659,"state_name":"South","country_id":38},{"active":false,"Giataid":"614393","cityId":19169,"cityName":"Douala","hotelId":20006694,"hotelName":"Relais Hotel","address":"Rue Gallieni,Douala,Cameroon","phones":"","fax":"","email":"","url":"http://www.booking.com/hotel/cm/relais.html","countryIso2":"CM","countryName":"Cameroon","hotelRating":"0","latitude":"4.04368","longitude":"9.69875","state_id":2662,"state_name":"Littoral","country_id":38},{"active":false,"Giataid":"236000","cityId":19169,"cityName":"Douala","hotelId":20006816,"hotelName":"Jet Hotel","address":"Axe lourd Douala-Yaound?,B.P. 3748,Douala,Cameroon","phones":"+237699800872","fax":"","email":"jethotel@jethotelcam.com","url":"http://www.jethotelcam.com/","countryIso2":"CM","countryName":"Cameroon","hotelRating":"0","latitude":"4.01034","longitude":"9.73284","state_id":2662,"state_name":"Littoral","country_id":38},{"active":false,"Giataid":"598162","cityId":19196,"cityName":"Limbe","hotelId":20006975,"hotelName":"Victoria Guest House","address":"Sapa,City Center,Limbe,Cameroon","phones":"","fax":"","email":"","url":"","countryIso2":"CM","countryName":"Cameroon","hotelRating":"3","latitude":"4.01037","longitude":"9.20813","state_id":2658,"state_name":"Southwest","country_id":38},{"active":false,"Giataid":"598157","cityId":19191,"cityName":"Kribi","hotelId":20007235,"hotelName":"Unipalace Kribi","address":"Quartier Zioh,Terre promise,Kribi,Cameroon","phones":"+237656979673","fax":"","email":"services@unipalacekribi.com","url":"http://www.unipalacekribi.com/","countryIso2":"CM","countryName":"Cameroon","hotelRating":"2","latitude":"2.93663","longitude":"9.90986","state_id":2659,"state_name":"South","country_id":38},{"active":false,"Giataid":"723770","cityId":19169,"cityName":"Douala","hotelId":20007651,"hotelName":"Hotel Pentagone","address":"Fin Goudron Ndog-Bong,Douala 15497,Cameroon","phones":"+237233417292","fax":"","email":"infos@hotelpentagone.com","url":"http://www.hotelpentagone.com","countryIso2":"CM","countryName":"Cameroon","hotelRating":"0","latitude":"4.05173","longitude":"9.70733","state_id":2662,"state_name":"Littoral","country_id":38},{"active":false,"Giataid":"583288","cityId":19169,"cityName":"Douala","hotelId":20007969,"hotelName":"La Villa des Fees","address":"Deido-Bonamouti,Douala,Cameroon","phones":"","fax":"","email":"","url":"","countryIso2":"CM","countryName":"Cameroon","hotelRating":"0","latitude":"4.07015","longitude":"9.70857","state_id":2662,"state_name":"Littoral","country_id":38},{"active":false,"Giataid":"518823","cityId":19169,"cityName":"Douala","hotelId":20008682,"hotelName":"Hotel Lumiere JoSS","address":"Bonanjo Rue Ivy,Face L?gion Gendarmerie Bonanjo,Douala,Cameroon","phones":"","fax":"","email":"","url":"","countryIso2":"CM","countryName":"Cameroon","hotelRating":"3","latitude":"4.0422","longitude":"9.68792","state_id":2662,"state_name":"Littoral","country_id":38},{"active":false,"Giataid":"447048","cityId":19196,"cityName":"Limbe","hotelId":20008927,"hotelName":"The LK Hotel","address":"Bonadikombo Hill Top,Mile 4 Check Point,Limbe,South West Region,Cameroon","phones":"+237243641520","fax":"","email":"contact@the-lk.com","url":"http://the-lk.com/","countryIso2":"CM","countryName":"Cameroon","hotelRating":"3","latitude":"4.00611","longitude":"9.22467","state_id":2658,"state_name":"Southwest","country_id":38},{"active":false,"Giataid":"483142","cityId":19191,"cityName":"Kribi","hotelId":20009089,"hotelName":"Hotel Tara Plage","address":"PO Box 83,Kribi,Cameroon","phones":"+23796128148","fax":"","email":"info@hotel-tara-plage.com","url":"http://www.hotel-tara-plage.com","countryIso2":"CM","countryName":"Cameroon","hotelRating":"2","latitude":"2.93526","longitude":"9.90996","state_id":2659,"state_name":"South","country_id":38},{"active":false,"Giataid":"598156","cityId":19169,"cityName":"Douala","hotelId":20009630,"hotelName":"Hotel Akena City","address":"Rue Sylvani,Akwa,Douala,Cameroon","phones":"","fax":"","email":"","url":"","countryIso2":"CM","countryName":"Cameroon","hotelRating":"2","latitude":"4.05057","longitude":"9.70182","state_id":2662,"state_name":"Littoral","country_id":38},{"active":false,"Giataid":"723725","cityId":19169,"cityName":"Douala","hotelId":20009758,"hotelName":"Noubou International Hotel","address":"101 Rue 1362 Avenue of Dr. Jamot Ngodi Akwa,BP 4168,Douala,Cameroon","phones":"+237233426121","fax":"+237233426151","email":"info@noubouinternationalhotel.com","url":"http://www.noubouinternationalhotel.com","countryIso2":"CM","countryName":"Cameroon","hotelRating":"0","latitude":"4.04383","longitude":"9.70664","state_id":2662,"state_name":"Littoral","country_id":38},{"active":false,"Giataid":"445422","cityId":19169,"cityName":"Douala","hotelId":20009884,"hotelName":"Saffana Hotel","address":"Route 3,12274 Douala,Cameroon","phones":"+23733173630","fax":"","email":"","url":"http://www.saffanahotel.com/","countryIso2":"CM","countryName":"Cameroon","hotelRating":"2","latitude":"4.01575","longitude":"9.72754","state_id":2662,"state_name":"Littoral","country_id":38},{"active":false,"Giataid":"407213","cityId":19196,"cityName":"Limbe","hotelId":20010427,"hotelName":"Fini Bobende","address":"Sonara road,BP 590,Bobende,Limbe,Cameroon","phones":"+23733332697","fax":"+23733332015","email":"fini@finihotel.com","url":"http://www.finihotel.com/","countryIso2":"CM","countryName":"Cameroon","hotelRating":"3","latitude":"4.01565","longitude":"9.14798","state_id":2658,"state_name":"Southwest","country_id":38},{"active":false,"Giataid":"491916","cityId":19169,"cityName":"Douala","hotelId":20010573,"hotelName":"Hotel Restaurant L'Aquarius Marina 2000 Douala","address":"Youpwe village,Douala,Region Littoral,Camerun,Cameroon","phones":"+237677706833","fax":"","email":"hotelrestaurantpilotis@yahoo.fr","url":"http://www.aquariusmarina.info","countryIso2":"CM","countryName":"Cameroon","hotelRating":"3","latitude":"4.00857","longitude":"9.70092","state_id":2662,"state_name":"Littoral","country_id":38},{"active":false,"Giataid":"445800","cityId":19169,"cityName":"Douala","hotelId":20010713,"hotelName":"Hotel Residence La Falaise","address":"503 Boulevard de la libert?,5300 Akwa,Douala,Cameroon","phones":"+237233432832","fax":"+237233432831","email":"info@residencelafalaise.net","url":"","countryIso2":"CM","countryName":"Cameroon","hotelRating":"4","latitude":"4.05708","longitude":"9.69996","state_id":2662,"state_name":"Littoral","country_id":38},{"active":false,"Giataid":"598163","cityId":19191,"cityName":"Kribi","hotelId":20010952,"hotelName":"Atlantic Hotel Kribi","address":"Quartier Ngoyi,Kribi,Cameroon","phones":"","fax":"","email":"","url":"","countryIso2":"CM","countryName":"Cameroon","hotelRating":"2","latitude":"2.93663","longitude":"9.90986","state_id":2659,"state_name":"South","country_id":38},{"active":false,"Giataid":"515319","cityId":19169,"cityName":"Douala","hotelId":20011069,"hotelName":"Hotel Lumiere D'akwa","address":"Rue Dubois de Saligny,Douala,Cameroon","phones":"","fax":"","email":"","url":"http://www.tripadvisor.com/Hotel_Review-g297392-d9570797","countryIso2":"CM","countryName":"Cameroon","hotelRating":"3","latitude":"4.05277","longitude":"9.7024","state_id":2662,"state_name":"Littoral","country_id":38},{"active":false,"Giataid":"491903","cityId":19169,"cityName":"Douala","hotelId":20011321,"hotelName":"Hotel La Falaise Bonanjo","address":"375 Rue Kitchner,5300 Douala,Cameroon","phones":"+237233424646","fax":"+237233426891","email":"info@hotellafalaise.net","url":"http://www.hotellafalaise.net/","countryIso2":"CM","countryName":"Cameroon","hotelRating":"3","latitude":"4.04652","longitude":"9.68793","state_id":2662,"state_name":"Littoral","country_id":38},{"active":false,"Giataid":"614406","cityId":19191,"cityName":"Kribi","hotelId":20011644,"hotelName":"Hotel Le Paradis Kribi","address":"B.P 232 Kribi,Kribi,Cameroon","phones":"","fax":"","email":"","url":"","countryIso2":"CM","countryName":"Cameroon","hotelRating":"0","latitude":"2.93663","longitude":"9.90986","state_id":2659,"state_name":"South","country_id":38},{"active":false,"Giataid":"583349","cityId":19169,"cityName":"Douala","hotelId":20011781,"hotelName":"Hotel Joanes","address":"Sable Bonamoussadi,Douala,Cameroon","phones":"","fax":"","email":"","url":"","countryIso2":"CM","countryName":"Cameroon","hotelRating":"0","latitude":"4.08482","longitude":"9.73585","state_id":2662,"state_name":"Littoral","country_id":38},{"active":false,"Giataid":"614399","cityId":19169,"cityName":"Douala","hotelId":20011865,"hotelName":"Hotel Valee des Rois","address":"Logpom Avant Charles Degaule,Douala,Cameroon","phones":"","fax":"","email":"","url":"","countryIso2":"CM","countryName":"Cameroon","hotelRating":"0","latitude":"4.08649","longitude":"9.76345","state_id":2662,"state_name":"Littoral","country_id":38},{"active":false,"Giataid":"583280","cityId":19169,"cityName":"Douala","hotelId":20012052,"hotelName":"Sial Hotel","address":"Mak?p? Rh?ne-Poulenc,Douala,Cameroon","phones":"","fax":"","email":"","url":"","countryIso2":"CM","countryName":"Cameroon","hotelRating":"0","latitude":"4.08474","longitude":"9.75529","state_id":2662,"state_name":"Littoral","country_id":38},{"active":false,"Giataid":"419433","cityId":19169,"cityName":"Douala","hotelId":20012176,"hotelName":"Afrique Douala Airport","address":"BP 741 Madagascar,Douala,Cameroon","phones":"+237233377089","fax":"","email":"reservation@afriquehotels.travel","url":"http://www.afriquehotels.travel/","countryIso2":"CM","countryName":"Cameroon","hotelRating":"3","latitude":"4.05173","longitude":"9.70733","state_id":2662,"state_name":"Littoral","country_id":38},{"active":false,"Giataid":"583297","cityId":19145,"cityName":"Bana","hotelId":20012432,"hotelName":"Residence Elisabeth","address":"Place Dayawa,B.P. 600,Bana,Douala,Cameroon","phones":"","fax":"","email":"","url":"","countryIso2":"CM","countryName":"Cameroon","hotelRating":"0","latitude":"5.15146","longitude":"10.2679","state_id":2664,"state_name":"West","country_id":38},{"active":false,"Giataid":"924135","cityId":19169,"cityName":"Douala","hotelId":20284482,"hotelName":"Vocom Part 2","address":"136 Rue De Gaule,Douala,Cameroon","phones":"","fax":"","email":"","url":"","countryIso2":"CM","countryName":"Cameroon","hotelRating":"0","latitude":"4.05173","longitude":"9.70733","state_id":2662,"state_name":"Littoral","country_id":38},{"active":false,"Giataid":"931963","cityId":19169,"cityName":"Douala","hotelId":20284483,"hotelName":"Three Sis Apartments","address":"Douala Makepe,Douala,Cameroon","phones":"","fax":"","email":"","url":"","countryIso2":"CM","countryName":"Cameroon","hotelRating":"0","latitude":"4.05173","longitude":"9.70733","state_id":2662,"state_name":"Littoral","country_id":38},{"active":false,"Giataid":"904770","cityId":19169,"cityName":"Douala","hotelId":20284485,"hotelName":"Residence Justin","address":"Bonamoussadi,Douala,Littoral Region,Cameroon","phones":"","fax":"","email":"","url":"","countryIso2":"CM","countryName":"Cameroon","hotelRating":"3","latitude":"4.05173","longitude":"9.70733","state_id":2662,"state_name":"Littoral","country_id":38},{"active":false,"Giataid":"927985","cityId":19169,"cityName":"Douala","hotelId":20284486,"hotelName":"Appartement Citadin","address":"Pres Du Bureau SIC,Bonamoussadi,Douala,Cameroon","phones":"","fax":"","email":"","url":"","countryIso2":"CM","countryName":"Cameroon","hotelRating":"0","latitude":"4.05173","longitude":"9.70733","state_id":2662,"state_name":"Littoral","country_id":38},{"active":false,"Giataid":"940889","cityId":19169,"cityName":"Douala","hotelId":20284487,"hotelName":"Residence Junior","address":"Rue Koloko Bonapriso,Immeube Sci 2jnd,Appartement 402,Douala,Cameroon","phones":"","fax":"","email":"","url":"","countryIso2":"CM","countryName":"Cameroon","hotelRating":"0","latitude":"4.05173","longitude":"9.70733","state_id":2662,"state_name":"Littoral","country_id":38},{"active":false,"Giataid":"940932","cityId":19191,"cityName":"Kribi","hotelId":20284488,"hotelName":"Beau Sejour Down Beach","address":"Carrefour Ebome,Kribi,Cameroon","phones":"","fax":"","email":"","url":"http://beau-sejour-down-beach.business.site","countryIso2":"CM","countryName":"Cameroon","hotelRating":"0","latitude":"2.93663","longitude":"9.90986","state_id":2659,"state_name":"South","country_id":38},{"active":false,"Giataid":"928105","cityId":19140,"cityName":"Bafoussam","hotelId":20284491,"hotelName":"Hotel St Robert","address":"Rue Camtel,Tamdja,Bafoussam,Cameroon","phones":"","fax":"","email":"","url":"","countryIso2":"CM","countryName":"Cameroon","hotelRating":"0","latitude":"5.47419","longitude":"10.4199","state_id":2664,"state_name":"West","country_id":38},{"active":false,"Giataid":"923970","cityId":19169,"cityName":"Douala","hotelId":20284492,"hotelName":"Blue Sky","address":"Feu Rouge,Bessengue,Douala,Cameroon","phones":"","fax":"","email":"","url":"","countryIso2":"CM","countryName":"Cameroon","hotelRating":"0","latitude":"4.05173","longitude":"9.70733","state_id":2662,"state_name":"Littoral","country_id":38},{"active":false,"Giataid":"928092","cityId":19169,"cityName":"Douala","hotelId":20284493,"hotelName":"Cityzen Hotel","address":"Rue 5 North,441 Bonamoussadi,Douala,Cameroon","phones":"","fax":"","email":"","url":"","countryIso2":"CM","countryName":"Cameroon","hotelRating":"0","latitude":"4.05173","longitude":"9.70733","state_id":2662,"state_name":"Littoral","country_id":38},{"active":false,"Giataid":"940921","cityId":19169,"cityName":"Douala","hotelId":20284494,"hotelName":"Sithio Home Holiday","address":"Route De Bepanda,Douala,Cameroon","phones":"","fax":"","email":"","url":"http://www.booking.com/hotel/cm/sithio-home-holiday.en-gb.html?aid=356980","countryIso2":"CM","countryName":"Cameroon","hotelRating":"0","latitude":"4.05173","longitude":"9.70733","state_id":2662,"state_name":"Littoral","country_id":38},{"active":false,"Giataid":"873666","cityId":19169,"cityName":"Douala","hotelId":20284499,"hotelName":"Douala Design Hotel","address":"Jonction Rue Bertaut Et Rue Prince Bell,Douala,Cameroon","phones":"+237242004262","fax":"","email":"reservation@doualadesignhotel.com","url":"http://www.doualadesignhotel.com","countryIso2":"CM","countryName":"Cameroon","hotelRating":"3","latitude":"4.03804","longitude":"9.69367","state_id":2662,"state_name":"Littoral","country_id":38},{"active":false,"Giataid":"924151","cityId":19169,"cityName":"Douala","hotelId":20284500,"hotelName":"Maison Rose","address":"50 M De Rond Point Dakar,Madagascar,Douala,Cameroon","phones":"","fax":"","email":"","url":"","countryIso2":"CM","countryName":"Cameroon","hotelRating":"0","latitude":"4.05173","longitude":"9.70733","state_id":2662,"state_name":"Littoral","country_id":38},{"active":false,"Giataid":"937493","cityId":19169,"cityName":"Douala","hotelId":20284501,"hotelName":"Motel Gelau","address":"A Cote,De Jet Hotel,Douala,Cameroon","phones":"","fax":"","email":"","url":"","countryIso2":"CM","countryName":"Cameroon","hotelRating":"0","latitude":"4.05173","longitude":"9.70733","state_id":2662,"state_name":"Littoral","country_id":38},{"active":false,"Giataid":"876166","cityId":19191,"cityName":"Kribi","hotelId":20284502,"hotelName":"Centre Marilen","address":"2eme Entre Maetur,Vers Les Chutes De La Lobe,Kribi,Cameroon,Cameroon","phones":"","fax":"","email":"","url":"","countryIso2":"CM","countryName":"Cameroon","hotelRating":"0","latitude":"2.93663","longitude":"9.90986","state_id":2659,"state_name":"South","country_id":38},{"active":false,"Giataid":"896238","cityId":19169,"cityName":"Douala","hotelId":20284506,"hotelName":"Le Buffle Noir Douala","address":"1.149 Boulevard De La Republique,Koumassi Sunu Assurance,2nd Floor,Douala 4610,Littoral,Cameroon","phones":"","fax":"","email":"","url":"","countryIso2":"CM","countryName":"Cameroon","hotelRating":"0","latitude":"4.05173","longitude":"9.70733","state_id":2662,"state_name":"Littoral","country_id":38},{"active":false,"Giataid":"923916","cityId":19191,"cityName":"Kribi","hotelId":20284509,"hotelName":"Emergence Appartement Hotel","address":"Boulevard Emergence P8,Kribi,Cameroon","phones":"","fax":"","email":"","url":"","countryIso2":"CM","countryName":"Cameroon","hotelRating":"0","latitude":"2.93663","longitude":"9.90986","state_id":2659,"state_name":"South","country_id":38},{"active":false,"Giataid":"927934","cityId":19169,"cityName":"Douala","hotelId":20284507,"hotelName":"Residence Robin","address":"Rue Paul Monthe,Bonapriso,Douala,Cameroon","phones":"","fax":"","email":"","url":"","countryIso2":"CM","countryName":"Cameroon","hotelRating":"0","latitude":"4.05173","longitude":"9.70733","state_id":2662,"state_name":"Littoral","country_id":38},{"active":false,"Giataid":"937513","cityId":19169,"cityName":"Douala","hotelId":20284508,"hotelName":"Residence Le Figaro","address":"Bonamoussadi-Denver Derrierre Ma Station Tradex,Douala,Cameroon","phones":"","fax":"","email":"","url":"","countryIso2":"CM","countryName":"Cameroon","hotelRating":"0","latitude":"4.05173","longitude":"9.70733","state_id":2662,"state_name":"Littoral","country_id":38},{"active":false,"Giataid":"896469","cityId":19169,"cityName":"Douala","hotelId":20284513,"hotelName":"Hotel Vallee Des Rois","address":"Makepe Logpom,Douala,Cameroon","phones":"","fax":"","email":"","url":"","countryIso2":"CM","countryName":"Cameroon","hotelRating":"0","latitude":"4.05173","longitude":"9.70733","state_id":2662,"state_name":"Littoral","country_id":38},{"active":false,"Giataid":"927943","cityId":19169,"cityName":"Douala","hotelId":20284514,"hotelName":"Residence Princesse","address":"Rue Des Prince,Bonamoussadi,Douala,Cameroon","phones":"","fax":"","email":"","url":"","countryIso2":"CM","countryName":"Cameroon","hotelRating":"0","latitude":"4.05173","longitude":"9.70733","state_id":2662,"state_name":"Littoral","country_id":38},{"active":false,"Giataid":"937529","cityId":19169,"cityName":"Douala","hotelId":20284515,"hotelName":"Loumia Premium Residency","address":"1229 Rue Ancien Chococho-Face Boulangerie Nouri,Bonapriso,Douala,Cameroon","phones":"","fax":"","email":"","url":"","countryIso2":"CM","countryName":"Cameroon","hotelRating":"0","latitude":"4.05173","longitude":"9.70733","state_id":2662,"state_name":"Littoral","country_id":38},{"active":false,"Giataid":"928052","cityId":19191,"cityName":"Kribi","hotelId":20284516,"hotelName":"Hotel Florymer","address":"Route De Campo,Kribi,Cameroon","phones":"","fax":"","email":"hotelflorymer@gmail.com","url":"https://www.florymer.com","countryIso2":"CM","countryName":"Cameroon","hotelRating":"0","latitude":"2.93663","longitude":"9.90986","state_id":2659,"state_name":"South","country_id":38},{"active":false,"Giataid":"896875","cityId":19140,"cityName":"Bafoussam","hotelId":20284518,"hotelName":"Talotel","address":"1?re Rue Djeleng 5,00237 Bafoussam,Ouest,Cameroon","phones":"","fax":"","email":"","url":"","countryIso2":"CM","countryName":"Cameroon","hotelRating":"0","latitude":"5.47419","longitude":"10.4199","state_id":2664,"state_name":"West","country_id":38},{"active":false,"Giataid":"923911","cityId":19169,"cityName":"Douala","hotelId":20284519,"hotelName":"Hotel Serena Akwa-Nord","address":"Bp 4330,Douala,Cameroon","phones":"","fax":"","email":"","url":"","countryIso2":"CM","countryName":"Cameroon","hotelRating":"0","latitude":"4.05173","longitude":"9.70733","state_id":2662,"state_name":"Littoral","country_id":38},{"active":false,"Giataid":"928077","cityId":19169,"cityName":"Douala","hotelId":20284520,"hotelName":"Jack Hotel","address":"Situ? En Face Mobile Guinness,St Raphael,Douala,Cameroon","phones":"","fax":"","email":"","url":"","countryIso2":"CM","countryName":"Cameroon","hotelRating":"0","latitude":"4.05173","longitude":"9.70733","state_id":2662,"state_name":"Littoral","country_id":38},{"active":false,"Giataid":"940902","cityId":19169,"cityName":"Douala","hotelId":20284521,"hotelName":"Ruthyade Residence","address":"712 Rue Bertaut,McSamuel Tower,Entree Montee Manga Bell Et Ecole Publique De Bali,P.O. Box 15805,Douala,Cameroon","phones":"","fax":"","email":"contact@residenceruthyade.com","url":"http://www.residenceruthyade.com","countryIso2":"CM","countryName":"Cameroon","hotelRating":"0","latitude":"4.05173","longitude":"9.70733","state_id":2662,"state_name":"Littoral","country_id":38},{"active":false,"Giataid":"857430","cityId":19169,"cityName":"Douala","hotelId":20284528,"hotelName":"A. Grand Hotel","address":"2 Bonadiwoto,Behind The Hydrac Technical Center,Douala 15563,Cameroon","phones":"","fax":"","email":"","url":"","countryIso2":"CM","countryName":"Cameroon","hotelRating":"3","latitude":"4.05173","longitude":"9.70733","state_id":2662,"state_name":"Littoral","country_id":38},{"active":false,"Giataid":"924145","cityId":19169,"cityName":"Douala","hotelId":20284529,"hotelName":"Immeuble White","address":"Rue Dubois De Saligny,Derriere La Station Total,Douala,Cameroon","phones":"","fax":"","email":"","url":"","countryIso2":"CM","countryName":"Cameroon","hotelRating":"0","latitude":"4.05173","longitude":"9.70733","state_id":2662,"state_name":"Littoral","country_id":38},{"active":false,"Giataid":"931975","cityId":19169,"cityName":"Douala","hotelId":20284530,"hotelName":"Perimetre Appart","address":"Rue Moore Paragoon 16,Douala,Cameroon","phones":"","fax":"","email":"","url":"","countryIso2":"CM","countryName":"Cameroon","hotelRating":"0","latitude":"4.05173","longitude":"9.70733","state_id":2662,"state_name":"Littoral","country_id":38},{"active":false,"Giataid":"943225","cityId":19169,"cityName":"Douala","hotelId":20391026,"hotelName":"Silver Back","address":"Akwa Douche,Douala,Cameroon","phones":"","fax":"","email":"","url":"","countryIso2":"CM","countryName":"Cameroon","hotelRating":"1","latitude":"4.05173","longitude":"9.70733","state_id":2662,"state_name":"Littoral","country_id":38},{"active":false,"Giataid":"947914","cityId":19145,"cityName":"Bana","hotelId":20391029,"hotelName":"La Vallee De Bana","address":"Bana Par Bafang,Lieu Dit Carrefour Kadji,237 Bana,Cameroon","phones":"","fax":"","email":"","url":"","countryIso2":"CM","countryName":"Cameroon","hotelRating":"1","latitude":"5.15403","longitude":"10.2632","state_id":2664,"state_name":"West","country_id":38},{"active":false,"Giataid":"952157","cityId":19169,"cityName":"Douala","hotelId":20391030,"hotelName":"Sci Pierre F","address":"Ngodi Akwa,Douala,Cameroon","phones":"","fax":"","email":"","url":"","countryIso2":"CM","countryName":"Cameroon","hotelRating":"1","latitude":"4.05173","longitude":"9.70733","state_id":2662,"state_name":"Littoral","country_id":38},{"active":false,"Giataid":"945768","cityId":19169,"cityName":"Douala","hotelId":20391033,"hotelName":"Residence Citadin","address":"Bonamoussadi,Douala,Cameroon","phones":"","fax":"","email":"","url":"","countryIso2":"CM","countryName":"Cameroon","hotelRating":"1","latitude":"4.05173","longitude":"9.70733","state_id":2662,"state_name":"Littoral","country_id":38},{"active":false,"Giataid":"947921","cityId":19191,"cityName":"Kribi","hotelId":20391034,"hotelName":"Coco Beach","address":"Rue De La Marina Puis A Gauche Direction Leglise Presbyterienne,P 8 Apres Le Debarcadaire,Kribi,Cameroon","phones":"","fax":"","email":"","url":"","countryIso2":"CM","countryName":"Cameroon","hotelRating":"1","latitude":"2.93663","longitude":"9.90986","state_id":2659,"state_name":"South","country_id":38},{"active":false,"Giataid":"957919","cityId":19169,"cityName":"Douala","hotelId":20391037,"hotelName":"SCI Claire mamere 1","address":"Pres de L'hotel Joanes,Akwa Nord,Sable,Douala,Cameroon","phones":"","fax":"","email":"","url":"","countryIso2":"CM","countryName":"Cameroon","hotelRating":"1","latitude":"4.05173","longitude":"9.70733","state_id":2662,"state_name":"Littoral","country_id":38},{"active":false,"Giataid":"978133","cityId":19191,"cityName":"Kribi","hotelId":20391042,"hotelName":"Hotel Les Polygones","address":"Kribi 1er,Kribi,Cameroon","phones":"","fax":"","email":"","url":"","countryIso2":"CM","countryName":"Cameroon","hotelRating":"1","latitude":"2.93663","longitude":"9.90986","state_id":2659,"state_name":"South","country_id":38},{"active":false,"Giataid":"947964","cityId":19169,"cityName":"Douala","hotelId":20391041,"hotelName":"Ste Immobiliere Jack Sa","address":"Avenue De l'indendance,Douala 1017,Cameroon","phones":"","fax":"","email":"","url":"","countryIso2":"CM","countryName":"Cameroon","hotelRating":"1","latitude":"4.05173","longitude":"9.70733","state_id":2662,"state_name":"Littoral","country_id":38},{"active":false,"Giataid":"943211","cityId":19169,"cityName":"Douala","hotelId":20391044,"hotelName":"Hotel La Negresse","address":"Douala-Dakar,Entre Rond Point Dakar Et L'Agence Mtn Dakar,Douala,Cameroon","phones":"","fax":"","email":"","url":"","countryIso2":"CM","countryName":"Cameroon","hotelRating":"1","latitude":"4.05173","longitude":"9.70733","state_id":2662,"state_name":"Littoral","country_id":38},{"active":false,"Giataid":"978148","cityId":19169,"cityName":"Douala","hotelId":20391045,"hotelName":"Residence Hoteliere Borel","address":"Bonamoussadi,1690 Douala,Cameroon","phones":"","fax":"","email":"contact@residenceborel-douala.com","url":"http://www.residenceborel-douala.com/","countryIso2":"CM","countryName":"Cameroon","hotelRating":"3","latitude":"4.05173","longitude":"9.70733","state_id":2662,"state_name":"Littoral","country_id":38},{"active":false,"Giataid":"948150","cityId":19169,"cityName":"Douala","hotelId":20391048,"hotelName":"Tchero Appartement 1","address":"Rue Njo-Njo,Douala,Cameroon","phones":"","fax":"","email":"","url":"","countryIso2":"CM","countryName":"Cameroon","hotelRating":"1","latitude":"4.05173","longitude":"9.70733","state_id":2662,"state_name":"Littoral","country_id":38},{"active":false,"Giataid":"942892","cityId":19169,"cityName":"Douala","hotelId":20391051,"hotelName":"Residence Le Carat","address":"Salle Des Fetes D'Akwa,Douala,Cameroon","phones":"","fax":"","email":"residencelecarat@gmail.com","url":"http://www.lesresidencecarats.com","countryIso2":"CM","countryName":"Cameroon","hotelRating":"1","latitude":"4.05173","longitude":"9.70733","state_id":2662,"state_name":"Littoral","country_id":38},{"active":false,"Giataid":"978123","cityId":19169,"cityName":"Douala","hotelId":20391052,"hotelName":"Hotel La Cachette Des Copains","address":"Logbessou,Douala,Cameroon","phones":"","fax":"","email":"","url":"","countryIso2":"CM","countryName":"Cameroon","hotelRating":"1","latitude":"4.05173","longitude":"9.70733","state_id":2662,"state_name":"Littoral","country_id":38},{"active":false,"Giataid":"1000030","cityId":19169,"cityName":"Douala","hotelId":20427015,"hotelName":"Motel Le Parisien","address":"Ndogbong Carrefour Bifaga,Douala,Cameroon","phones":"","fax":"","email":"","url":"","countryIso2":"CM","countryName":"Cameroon","hotelRating":"1","latitude":"4.05173","longitude":"9.70733","state_id":2662,"state_name":"Littoral","country_id":38},{"active":false,"Giataid":"985836","cityId":19169,"cityName":"Douala","hotelId":20427016,"hotelName":"Residence Sanaga","address":"Rue Victoria,Douala,Cameroon","phones":"","fax":"","email":"","url":"","countryIso2":"CM","countryName":"Cameroon","hotelRating":"1","latitude":"4.05173","longitude":"9.70733","state_id":2662,"state_name":"Littoral","country_id":38},{"active":false,"Giataid":"983017","cityId":19169,"cityName":"Douala","hotelId":20427020,"hotelName":"Hotel Y","address":"Rue Des Palmiers,Bonapriso,Douala,Cameroon","phones":"","fax":"","email":"","url":"","countryIso2":"CM","countryName":"Cameroon","hotelRating":"1","latitude":"4.05173","longitude":"9.70733","state_id":2662,"state_name":"Littoral","country_id":38},{"active":false,"Giataid":"994714","cityId":19196,"cityName":"Limbe","hotelId":20427021,"hotelName":"Trinity Hotels Limbe","address":"Sappa Road,Limbe,Cameroon","phones":"","fax":"","email":"","url":"","countryIso2":"CM","countryName":"Cameroon","hotelRating":"1","latitude":"4.01335","longitude":"9.17076","state_id":2658,"state_name":"Southwest","country_id":38},{"active":false,"Giataid":"994724","cityId":19169,"cityName":"Douala","hotelId":20427024,"hotelName":"Hotel Ile John","address":"Entree Santa Lucia-Bonaberi,Bp 9250,Douala,Cameroon","phones":"","fax":"","email":"","url":"","countryIso2":"CM","countryName":"Cameroon","hotelRating":"1","latitude":"4.05173","longitude":"9.70733","state_id":2662,"state_name":"Littoral","country_id":38},{"active":false,"Giataid":"998120","cityId":19140,"cityName":"Bafoussam","hotelId":20427026,"hotelName":"Hotel Coster De Azur","address":"1 Rue Finance Bafoussam 4,Bafoussam,Cameroon","phones":"","fax":"","email":"","url":"","countryIso2":"CM","countryName":"Cameroon","hotelRating":"1","latitude":"5.47419","longitude":"10.4199","state_id":2664,"state_name":"West","country_id":38},{"active":false,"Giataid":"998948","cityId":19169,"cityName":"Douala","hotelId":20427027,"hotelName":"Le Navire","address":"Unnamed Road,Douala,Cameroon","phones":"","fax":"","email":"","url":"","countryIso2":"CM","countryName":"Cameroon","hotelRating":"1","latitude":"4.05173","longitude":"9.70733","state_id":2662,"state_name":"Littoral","country_id":38},{"active":false,"Giataid":"994691","cityId":19169,"cityName":"Douala","hotelId":20427029,"hotelName":"Blessed Hotel","address":"Rail,Bonaberi,Douala,Cameroon","phones":"","fax":"","email":"","url":"","countryIso2":"CM","countryName":"Cameroon","hotelRating":"1","latitude":"4.05173","longitude":"9.70733","state_id":2662,"state_name":"Littoral","country_id":38}]