[{"active":false,"Giataid":"48031","cityId":52030,"cityName":"Hillsborough","hotelId":48031,"hotelName":"Green Roof Inn","address":"Hillsborough,Carriacou,St. Vincent and the Grenadines,Grenada","phones":"+14734436399","fax":"+14734436399","email":"info@greenroofinn.com","url":"http://www.greenroofinn.com","countryIso2":"GD","countryName":"Grenada","hotelRating":"3","latitude":"12.4891","longitude":"-61.4537","state_id":3867,"state_name":"Carriacou and Petite Martinique","country_id":87},{"active":false,"Giataid":"670753","cityId":52028,"cityName":"Gouyave","hotelId":670753,"hotelName":"Seaview Lodge","address":"Mount Nesbit Detour,Gouyave,Saint John,Grenada","phones":"+14734370997","fax":"+14734370997","email":"info@seaviewlodgegrenada.com","url":"http://www.seaviewlodgegrenada.com","countryIso2":"GD","countryName":"Grenada","hotelRating":"1","latitude":"0","longitude":"0","state_id":3868,"state_name":"Saint John Parish","country_id":87},{"active":false,"Giataid":"705870","cityId":52028,"cityName":"Gouyave","hotelId":705870,"hotelName":"Willie's Court Apartments","address":"St. Benoit Street,Gouyave,St John,Grenada","phones":"","fax":"","email":"","url":"","countryIso2":"GD","countryName":"Grenada","hotelRating":"3","latitude":"0","longitude":"0","state_id":3868,"state_name":"Saint John Parish","country_id":87},{"active":false,"Giataid":"461661","cityId":52030,"cityName":"Hillsborough","hotelId":10053076,"hotelName":"Carriacou Grand View","address":"Carriacou, Grenada , W.I.,Hillsborough,Grenada","phones":"+14734436348","fax":"","email":"","url":"","countryIso2":"GD","countryName":"Grenada","hotelRating":"2","latitude":"12.4889","longitude":"-61.4449","state_id":3867,"state_name":"Carriacou and Petite Martinique","country_id":87},{"active":false,"Giataid":"151767","cityId":52030,"cityName":"Hillsborough","hotelId":10124090,"hotelName":"Hotel Carriacou Laurena","address":"Middle Street,Hillsborough,Carriacou,Grenada","phones":"+14734438759","fax":"NULL","email":"NULL","url":"NULL","countryIso2":"GD","countryName":"Grenada","hotelRating":"3","latitude":"12.4806","longitude":"-61.4607","state_id":3867,"state_name":"Carriacou and Petite Martinique","country_id":87},{"active":false,"Giataid":"228876","cityId":52033,"cityName":"Sauteurs","hotelId":10139931,"hotelName":"Petite Anse","address":"Prospect Road,P.O. Box 2960,Mount Rodney,Sauteurs,St. Patrick's,Grenada","phones":"+14734425252","fax":"NULL","email":"NULL","url":"NULL","countryIso2":"GD","countryName":"Grenada","hotelRating":"3","latitude":"12.2242","longitude":"-61.6408","state_id":3863,"state_name":"Saint Patrick Parish","country_id":87},{"active":false,"Giataid":"670731","cityId":52030,"cityName":"Hillsborough","hotelId":20002786,"hotelName":"Mermaid Beach Hotel","address":"Main Street,Hillsborough,Island of Carriacou,Grenada","phones":"+14734438286","fax":"","email":"mermaidcarriacou@gmail.com","url":"http://www.mermaidhotelcarriacou.com/","countryIso2":"GD","countryName":"Grenada","hotelRating":"3","latitude":"12.4811","longitude":"-61.4603","state_id":3867,"state_name":"Carriacou and Petite Martinique","country_id":87},{"active":false,"Giataid":"48032","cityId":52030,"cityName":"Hillsborough","hotelId":20004131,"hotelName":"Hope's Inn","address":"L'Esterre,Carriacou,St. Vincent and the Grenadines,Grenada","phones":"+14734437457","fax":"","email":"","url":"","countryIso2":"GD","countryName":"Grenada","hotelRating":"2","latitude":"12.4722","longitude":"-61.4806","state_id":3867,"state_name":"Carriacou and Petite Martinique","country_id":87},{"active":false,"Giataid":"48024","cityId":52030,"cityName":"Hillsborough","hotelId":20007740,"hotelName":"Ade's Dream Guesthouse","address":"Main Street,Hillsborough,Carriacou,Grenada","phones":"+14734734437317","fax":"+14734734438435","email":"adesdea@spiceisle.com","url":"http://www.adesdream.com/","countryIso2":"GD","countryName":"Grenada","hotelRating":"2","latitude":"12.4838","longitude":"-61.4574","state_id":3867,"state_name":"Carriacou and Petite Martinique","country_id":87},{"active":false,"Giataid":"48026","cityId":52030,"cityName":"Hillsborough","hotelId":20008986,"hotelName":"Peace Haven","address":"Main Street,Hillsborough,Carriacou,Grenada","phones":"+14734734437475","fax":"","email":"","url":"","countryIso2":"GD","countryName":"Grenada","hotelRating":"2","latitude":"12.482","longitude":"-61.4594","state_id":3867,"state_name":"Carriacou and Petite Martinique","country_id":87},{"active":false,"Giataid":"48025","cityId":52030,"cityName":"Hillsborough","hotelId":20010914,"hotelName":"Patti's","address":"Hillsborough,Carriacou,Grenada","phones":"","fax":"","email":"","url":"","countryIso2":"GD","countryName":"Grenada","hotelRating":"2","latitude":"12.4822","longitude":"-61.453","state_id":3867,"state_name":"Carriacou and Petite Martinique","country_id":87},{"active":false,"Giataid":"617498","cityId":52033,"cityName":"Sauteurs","hotelId":20314177,"hotelName":"North Bay Inn","address":"Main Street,Sauteurs,Grenada","phones":"","fax":"","email":"","url":"","countryIso2":"GD","countryName":"Grenada","hotelRating":"0","latitude":"12.2251","longitude":"-61.6409","state_id":3863,"state_name":"Saint Patrick Parish","country_id":87},{"active":false,"Giataid":"868491","cityId":52033,"cityName":"Sauteurs","hotelId":20314178,"hotelName":"Hummingbird Hill","address":"La Fortune,Sauteurs,Grenada","phones":"","fax":"","email":"","url":"","countryIso2":"GD","countryName":"Grenada","hotelRating":"0","latitude":"12.2247","longitude":"-61.6408","state_id":3863,"state_name":"Saint Patrick Parish","country_id":87},{"active":false,"Giataid":"905048","cityId":52030,"cityName":"Hillsborough","hotelId":20314182,"hotelName":"Rosa Guesthouse","address":"Main Street,Hillsborough,Grenada","phones":"","fax":"","email":"","url":"http://www.tripadvisor.com/Hotel_Review-g3186880-d15028278","countryIso2":"GD","countryName":"Grenada","hotelRating":"0","latitude":"12.4827","longitude":"-61.4569","state_id":3867,"state_name":"Carriacou and Petite Martinique","country_id":87}]