[{"active":false,"Giataid":"22972","cityId":17073,"cityName":"St. Thomas","hotelId":22972,"hotelName":"The Ritz-Carlton St. Thomas","address":"6900 Great Bay,Saint Thomas 00802,Virgin Islands, U.S.","phones":"+13407753333","fax":"+13407754444","email":"","url":"http://www.ritzcarlton.com/en/Properties/StThomas/Contact/Default.htm","countryIso2":"VI","countryName":"Virgin Islands, U.S.","hotelRating":"5","latitude":"18.3198","longitude":"-64.8426","state_id":866,"state_name":"Ontario","country_id":39},{"active":false,"Giataid":"22972","cityId":17073,"cityName":"St. Thomas","hotelId":22972,"hotelName":"The Ritz-Carlton St. Thomas","address":"6900 Great Bay,Saint Thomas 00802,Virgin Islands, U.S.","phones":"+13407753333","fax":"+13407754444","email":"","url":"http://www.ritzcarlton.com/en/Properties/StThomas/Contact/Default.htm","countryIso2":"VI","countryName":"Virgin Islands, U.S.","hotelRating":"5","latitude":"18.3198","longitude":"-64.8426","state_id":866,"state_name":"Ontario","country_id":39},{"active":false,"Giataid":"27354","cityId":16914,"cityName":"Saint John","hotelId":27354,"hotelName":"Caneel Bay","address":"P.O. Box 720,St. John 00831-0720,British Virgin Islands,Virgin Islands, U.S.","phones":"+13407766111","fax":"+13406938280","email":"caneel@rosewoodhotels.com","url":"http://www.caneelbay.com","countryIso2":"VI","countryName":"Virgin Islands, U.S.","hotelRating":"4","latitude":"18.3434","longitude":"-64.7864","state_id":868,"state_name":"New Brunswick","country_id":39},{"active":false,"Giataid":"27355","cityId":17073,"cityName":"St. Thomas","hotelId":27355,"hotelName":"Dreams Sugar Bay","address":"6500 Estate Smith Bay,St. Thomas,Virgin Islands 00802,Virgin Islands, U.S.","phones":"+13407777100","fax":"","email":"sbrenkus@wyndham.com","url":"http://maps.google.de/maps/place?cid=11955191235440960420&amp;q=Wyndham+Sugar+Bay+Beach+Club&amp;hl=de&amp;cd=1&amp;cad=src:ppiwlink&amp;ei=2Q6oTZruPIepsQbdpK2eDA&amp;dtab=0","countryIso2":"VI","countryName":"Virgin Islands, U.S.","hotelRating":"4","latitude":"18.3436","longitude":"-64.8623","state_id":866,"state_name":"Ontario","country_id":39},{"active":false,"Giataid":"47972","cityId":17073,"cityName":"St. Thomas","hotelId":47972,"hotelName":"Sapphire Beach Resort Condominium","address":"Smith Bay Road,Saint Thomas 00802,Virgin Islands,Virgin Islands, U.S.","phones":"+134016033212966","fax":"","email":"","url":"http://www.trivago.de/red-hook-53024/hotel/sapphire-beach-resort---marina-30367","countryIso2":"VI","countryName":"Virgin Islands, U.S.","hotelRating":"3","latitude":"18.3343","longitude":"-64.8492","state_id":866,"state_name":"Ontario","country_id":39},{"active":false,"Giataid":"137423","cityId":17073,"cityName":"St. Thomas","hotelId":137423,"hotelName":"Lindbergh Bay Hotel and Villas","address":"8075 Lindbergh Bay,00802 Saint Thomas,Virgin Islands, U.S.","phones":"+13407742525","fax":"","email":"reservations@caribbeachresort.com","url":"http://www.caribbeachresort.com/","countryIso2":"VI","countryName":"Virgin Islands, U.S.","hotelRating":"3","latitude":"18.3341","longitude":"-64.9698","state_id":866,"state_name":"Ontario","country_id":39},{"active":false,"Giataid":"138880","cityId":17073,"cityName":"St. Thomas","hotelId":138880,"hotelName":"Elysian Beach Resort","address":"6800 Estate Nazareth,St. Thomas 00802,Virgin Islands, U.S.","phones":"","fax":"","email":"","url":"","countryIso2":"VI","countryName":"Virgin Islands, U.S.","hotelRating":"3","latitude":"18.3186","longitude":"-64.8519","state_id":866,"state_name":"Ontario","country_id":39},{"active":false,"Giataid":"187438","cityId":17073,"cityName":"St. Thomas","hotelId":187438,"hotelName":"Anchorage Beach Resort","address":"Cowpet Bay,Red Hook,00802 Saint Thomas,Virgin Islands, U.S.","phones":"+13407752600","fax":"","email":"","url":"","countryIso2":"VI","countryName":"Virgin Islands, U.S.","hotelRating":"3","latitude":"18.3183","longitude":"-64.8454","state_id":866,"state_name":"Ontario","country_id":39},{"active":false,"Giataid":"187658","cityId":16914,"cityName":"Saint John","hotelId":187658,"hotelName":"Concordia Eco-Tents","address":"16371 Concordia ","phones":"","fax":"","email":"","url":"","countryIso2":"VI","countryName":"Virgin Islands, U.S.","hotelRating":"2","latitude":"18.3131","longitude":"-64.7046","state_id":868,"state_name":"New Brunswick","country_id":39},{"active":false,"Giataid":"187673","cityId":16914,"cityName":"Saint John","hotelId":187673,"hotelName":"Gallows Point Resort","address":"3AAA Gallows Point Road,PO Box 58,St. John,Virgin Islands, U.S.","phones":"+13407766434","fax":"","email":"","url":"","countryIso2":"VI","countryName":"Virgin Islands, U.S.","hotelRating":"3","latitude":"18.3302","longitude":"-64.7987","state_id":868,"state_name":"New Brunswick","country_id":39},{"active":false,"Giataid":"187732","cityId":16914,"cityName":"Saint John","hotelId":187732,"hotelName":"Maho Bay Camps","address":"","phones":"","fax":"","email":"","url":"","countryIso2":"VI","countryName":"Virgin Islands, U.S.","hotelRating":"3","latitude":"18.3582","longitude":"-64.7418","state_id":868,"state_name":"New Brunswick","country_id":39},{"active":false,"Giataid":"242893","cityId":17073,"cityName":"St. Thomas","hotelId":242893,"hotelName":"Sunset Gardens","address":"11-4 Contant/Crown Mountain,St. Thomas 00803,US Virgin Islands,Virgin Islands, U.S.","phones":"+13403442556","fax":"+13407143788","email":"","url":"http://www.sunsetgardensvi.com","countryIso2":"VI","countryName":"Virgin Islands, U.S.","hotelRating":"3","latitude":"18.3449","longitude":"-64.9539","state_id":866,"state_name":"Ontario","country_id":39},{"active":false,"Giataid":"247753","cityId":16914,"cityName":"Saint John","hotelId":247753,"hotelName":"Sea Shore Allure","address":"271 - 272 Fish Fry Drive,PO Box 141,Saint John 00831,Virgin Islands, U.S.","phones":"+13407792800","fax":"+13407792622","email":"info@seashoreallure.com","url":"http://www.seashoreallure.com/index.html","countryIso2":"VI","countryName":"Virgin Islands, U.S.","hotelRating":"4","latitude":"18.3269","longitude":"-64.7919","state_id":868,"state_name":"New Brunswick","country_id":39},{"active":false,"Giataid":"380368","cityId":17073,"cityName":"St. Thomas","hotelId":380368,"hotelName":"Flagship - Crown Bay","address":"","phones":"","fax":"","email":"","url":"","countryIso2":"VI","countryName":"Virgin Islands, U.S.","hotelRating":"1","latitude":"18.3377","longitude":"-64.9096","state_id":866,"state_name":"Ontario","country_id":39},{"active":false,"Giataid":"380369","cityId":17073,"cityName":"St. Thomas","hotelId":380369,"hotelName":"Three Palms Villa","address":"","phones":"","fax":"","email":"","url":"","countryIso2":"VI","countryName":"Virgin Islands, U.S.","hotelRating":"1","latitude":"18.3721","longitude":"-64.9266","state_id":866,"state_name":"Ontario","country_id":39},{"active":false,"Giataid":"380371","cityId":17073,"cityName":"St. Thomas","hotelId":380371,"hotelName":"Marriott's Frenchman's Cove","address":"7338 Estate Bakkeroe,St. Thomas 00802,Virgin Islands, U.S.","phones":"","fax":"","email":"","url":"","countryIso2":"VI","countryName":"Virgin Islands, U.S.","hotelRating":"4","latitude":"18.3232","longitude":"-64.9208","state_id":866,"state_name":"Ontario","country_id":39},{"active":false,"Giataid":"432128","cityId":17073,"cityName":"St. Thomas","hotelId":432128,"hotelName":"Wyndham St. Thomas","address":"6080 Estate Smith Bay,00802 Saint Thomas,Virgin Islands, U.S.","phones":"+13407758300","fax":"","email":"","url":"","countryIso2":"VI","countryName":"Virgin Islands, U.S.","hotelRating":"4","latitude":"18.3426","longitude":"-64.8674","state_id":866,"state_name":"Ontario","country_id":39},{"active":false,"Giataid":"490810","cityId":16914,"cityName":"Saint John","hotelId":490810,"hotelName":"VI Friendship Villa","address":"","phones":"","fax":"","email":"","url":"","countryIso2":"VI","countryName":"Virgin Islands, U.S.","hotelRating":"1","latitude":"18.33","longitude":"-64.7929","state_id":868,"state_name":"New Brunswick","country_id":39},{"active":false,"Giataid":"490895","cityId":17073,"cityName":"St. Thomas","hotelId":490895,"hotelName":"Peace of Mind Villa","address":"","phones":"","fax":"","email":"","url":"","countryIso2":"VI","countryName":"Virgin Islands, U.S.","hotelRating":"1","latitude":"18.3377","longitude":"-64.9096","state_id":866,"state_name":"Ontario","country_id":39},{"active":false,"Giataid":"497579","cityId":16914,"cityName":"Saint John","hotelId":497579,"hotelName":"Magic View Villa","address":"","phones":"","fax":"","email":"","url":"","countryIso2":"VI","countryName":"Virgin Islands, U.S.","hotelRating":"4","latitude":"18.3236","longitude":"-64.7801","state_id":868,"state_name":"New Brunswick","country_id":39},{"active":false,"Giataid":"497580","cityId":16914,"cityName":"Saint John","hotelId":497580,"hotelName":"Sapphire Breeze","address":"","phones":"","fax":"","email":"","url":"","countryIso2":"VI","countryName":"Virgin Islands, U.S.","hotelRating":"4","latitude":"18.3277","longitude":"-64.7844","state_id":868,"state_name":"New Brunswick","country_id":39},{"active":false,"Giataid":"497581","cityId":16914,"cityName":"Saint John","hotelId":497581,"hotelName":"Eaglesnest","address":"","phones":"","fax":"","email":"","url":"","countryIso2":"VI","countryName":"Virgin Islands, U.S.","hotelRating":"3","latitude":"18.3227","longitude":"-64.7932","state_id":868,"state_name":"New Brunswick","country_id":39},{"active":false,"Giataid":"497582","cityId":16914,"cityName":"Saint John","hotelId":497582,"hotelName":"Villa Rendezvous","address":"","phones":"","fax":"","email":"","url":"","countryIso2":"VI","countryName":"Virgin Islands, U.S.","hotelRating":"4","latitude":"18.3201","longitude":"-64.7703","state_id":868,"state_name":"New Brunswick","country_id":39},{"active":false,"Giataid":"497583","cityId":16914,"cityName":"Saint John","hotelId":497583,"hotelName":"Sand Dollar-Battery Hill","address":"","phones":"","fax":"","email":"","url":"","countryIso2":"VI","countryName":"Virgin Islands, U.S.","hotelRating":"3","latitude":"18.3292","longitude":"-64.7972","state_id":868,"state_name":"New Brunswick","country_id":39},{"active":false,"Giataid":"497584","cityId":16914,"cityName":"Saint John","hotelId":497584,"hotelName":"Island Manor","address":"","phones":"","fax":"","email":"","url":"","countryIso2":"VI","countryName":"Virgin Islands, U.S.","hotelRating":"4","latitude":"18.3177","longitude":"-64.7811","state_id":868,"state_name":"New Brunswick","country_id":39},{"active":false,"Giataid":"498047","cityId":17073,"cityName":"St. Thomas","hotelId":498047,"hotelName":"Infinity Villa","address":"","phones":"","fax":"","email":"","url":"","countryIso2":"VI","countryName":"Virgin Islands, U.S.","hotelRating":"1","latitude":"18.3377","longitude":"-64.9096","state_id":866,"state_name":"Ontario","country_id":39},{"active":false,"Giataid":"504313","cityId":16914,"cityName":"Saint John","hotelId":504313,"hotelName":"Andara Villa","address":"","phones":"","fax":"","email":"","url":"","countryIso2":"VI","countryName":"Virgin Islands, U.S.","hotelRating":"4","latitude":"18.346","longitude":"-64.675","state_id":868,"state_name":"New Brunswick","country_id":39},{"active":false,"Giataid":"504314","cityId":16914,"cityName":"Saint John","hotelId":504314,"hotelName":"Waterfall","address":"","phones":"","fax":"","email":"","url":"","countryIso2":"VI","countryName":"Virgin Islands, U.S.","hotelRating":"4","latitude":"18.3251","longitude":"-64.7677","state_id":868,"state_name":"New Brunswick","country_id":39},{"active":false,"Giataid":"504315","cityId":16914,"cityName":"Saint John","hotelId":504315,"hotelName":"Abrigado","address":"","phones":"","fax":"","email":"","url":"","countryIso2":"VI","countryName":"Virgin Islands, U.S.","hotelRating":"4","latitude":"18.3257","longitude":"-64.7793","state_id":868,"state_name":"New Brunswick","country_id":39},{"active":false,"Giataid":"504316","cityId":16914,"cityName":"Saint John","hotelId":504316,"hotelName":"Unicorn","address":"","phones":"","fax":"","email":"","url":"","countryIso2":"VI","countryName":"Virgin Islands, U.S.","hotelRating":"4","latitude":"18.3234","longitude":"-64.7609","state_id":868,"state_name":"New Brunswick","country_id":39},{"active":false,"Giataid":"505821","cityId":16914,"cityName":"Saint John","hotelId":505821,"hotelName":"Blue Skies Villa","address":"","phones":"","fax":"","email":"","url":"","countryIso2":"VI","countryName":"Virgin Islands, U.S.","hotelRating":"3","latitude":"18.33","longitude":"-64.7929","state_id":868,"state_name":"New Brunswick","country_id":39},{"active":false,"Giataid":"507257","cityId":16914,"cityName":"Saint John","hotelId":507257,"hotelName":"Reef Madness","address":"","phones":"","fax":"","email":"","url":"","countryIso2":"VI","countryName":"Virgin Islands, U.S.","hotelRating":"4","latitude":"18.3505","longitude":"-64.7106","state_id":868,"state_name":"New Brunswick","country_id":39},{"active":false,"Giataid":"507384","cityId":16914,"cityName":"Saint John","hotelId":507384,"hotelName":"Villa South Palm","address":"","phones":"","fax":"","email":"","url":"","countryIso2":"VI","countryName":"Virgin Islands, U.S.","hotelRating":"1","latitude":"18.33","longitude":"-64.7929","state_id":868,"state_name":"New Brunswick","country_id":39},{"active":false,"Giataid":"507386","cityId":16914,"cityName":"Saint John","hotelId":507386,"hotelName":"Las Brisas Caribe","address":"","phones":"","fax":"","email":"","url":"","countryIso2":"VI","countryName":"Virgin Islands, U.S.","hotelRating":"4","latitude":"18.33","longitude":"-64.7929","state_id":868,"state_name":"New Brunswick","country_id":39},{"active":false,"Giataid":"507387","cityId":16914,"cityName":"Saint John","hotelId":507387,"hotelName":"Sea Breeze at Battery Hill","address":"","phones":"","fax":"","email":"","url":"","countryIso2":"VI","countryName":"Virgin Islands, U.S.","hotelRating":"1","latitude":"18.33","longitude":"-64.7929","state_id":868,"state_name":"New Brunswick","country_id":39},{"active":false,"Giataid":"507396","cityId":16914,"cityName":"Saint John","hotelId":507396,"hotelName":"Cinnamon Breeze","address":"","phones":"","fax":"","email":"","url":"","countryIso2":"VI","countryName":"Virgin Islands, U.S.","hotelRating":"4","latitude":"18.33","longitude":"-64.7929","state_id":868,"state_name":"New Brunswick","country_id":39},{"active":false,"Giataid":"507397","cityId":16914,"cityName":"Saint John","hotelId":507397,"hotelName":"Coco de Mer","address":"","phones":"","fax":"","email":"","url":"","countryIso2":"VI","countryName":"Virgin Islands, U.S.","hotelRating":"1","latitude":"18.33","longitude":"-64.7929","state_id":868,"state_name":"New Brunswick","country_id":39},{"active":false,"Giataid":"507398","cityId":16914,"cityName":"Saint John","hotelId":507398,"hotelName":"Cinnamon Bay Estate","address":"","phones":"","fax":"","email":"","url":"","countryIso2":"VI","countryName":"Virgin Islands, U.S.","hotelRating":"4","latitude":"18.33","longitude":"-64.7929","state_id":868,"state_name":"New Brunswick","country_id":39},{"active":false,"Giataid":"507399","cityId":16914,"cityName":"Saint John","hotelId":507399,"hotelName":"Peter Bay Gatehouse","address":"","phones":"","fax":"","email":"","url":"","countryIso2":"VI","countryName":"Virgin Islands, U.S.","hotelRating":"4","latitude":"18.33","longitude":"-64.7929","state_id":868,"state_name":"New Brunswick","country_id":39},{"active":false,"Giataid":"510960","cityId":16914,"cityName":"Saint John","hotelId":510960,"hotelName":"Starlit Escape Villa","address":"","phones":"","fax":"","email":"","url":"","countryIso2":"VI","countryName":"Virgin Islands, U.S.","hotelRating":"1","latitude":"18.33","longitude":"-64.7929","state_id":868,"state_name":"New Brunswick","country_id":39},{"active":false,"Giataid":"510983","cityId":16914,"cityName":"Saint John","hotelId":510983,"hotelName":"Marea 5 Bedroom Villa","address":"","phones":"","fax":"","email":"","url":"","countryIso2":"VI","countryName":"Virgin Islands, U.S.","hotelRating":"1","latitude":"18.33","longitude":"-64.7929","state_id":868,"state_name":"New Brunswick","country_id":39},{"active":false,"Giataid":"510984","cityId":16914,"cityName":"Saint John","hotelId":510984,"hotelName":"Sol Mate 3 Bedroom Villa","address":"","phones":"","fax":"","email":"","url":"","countryIso2":"VI","countryName":"Virgin Islands, U.S.","hotelRating":"4","latitude":"18.33","longitude":"-64.7929","state_id":868,"state_name":"New Brunswick","country_id":39},{"active":false,"Giataid":"510985","cityId":16914,"cityName":"Saint John","hotelId":510985,"hotelName":"Rivendell 4 Bedroom Villa","address":"","phones":"","fax":"","email":"","url":"","countryIso2":"VI","countryName":"Virgin Islands, U.S.","hotelRating":"4","latitude":"18.33","longitude":"-64.7929","state_id":868,"state_name":"New Brunswick","country_id":39},{"active":false,"Giataid":"515214","cityId":17073,"cityName":"St. Thomas","hotelId":515214,"hotelName":"Pallina Villa","address":"Peterborg,Great North Side,St Thomas,Virgin Islands, U.S.","phones":"","fax":"","email":"","url":"","countryIso2":"VI","countryName":"Virgin Islands, U.S.","hotelRating":"1","latitude":"18.3377","longitude":"-64.9096","state_id":866,"state_name":"Ontario","country_id":39},{"active":false,"Giataid":"526671","cityId":17073,"cityName":"St. Thomas","hotelId":526671,"hotelName":"Serendipity Villa","address":"","phones":"","fax":"","email":"","url":"","countryIso2":"VI","countryName":"Virgin Islands, U.S.","hotelRating":"1","latitude":"18.3377","longitude":"-64.9096","state_id":866,"state_name":"Ontario","country_id":39},{"active":false,"Giataid":"496279","cityId":16914,"cityName":"Saint John","hotelId":10073308,"hotelName":"Estate Lindholm","address":"6B Estate Caneel Bay,PO Box 1360,St John 00831,Virgin Islands, U.S.","phones":"+13407766121","fax":"","email":"","url":"","countryIso2":"VI","countryName":"Virgin Islands, U.S.","hotelRating":"3","latitude":"18.3353","longitude":"-64.7942","state_id":868,"state_name":"New Brunswick","country_id":39},{"active":false,"Giataid":"539553","cityId":17073,"cityName":"St. Thomas","hotelId":10139505,"hotelName":"Harbour Beach Villas","address":"6281 Estate Nazareth,Saint Thomas 00802-1114,Virgin Islands, U.S.","phones":"+13407756000","fax":"NULL","email":"NULL","url":"NULL","countryIso2":"VI","countryName":"Virgin Islands, U.S.","hotelRating":"3","latitude":"18.3187","longitude":"-64.8518","state_id":866,"state_name":"Ontario","country_id":39},{"active":false,"Giataid":"509239","cityId":17073,"cityName":"St. Thomas","hotelId":10140275,"hotelName":"The Crystal Palace","address":"PO Box 12200,00801 St Thomas,Virgin Islands, U.S.","phones":"+13407772277","fax":"NULL","email":"NULL","url":"NULL","countryIso2":"VI","countryName":"Virgin Islands, U.S.","hotelRating":"2","latitude":"18.3425","longitude":"-64.9333","state_id":866,"state_name":"Ontario","country_id":39},{"active":false,"Giataid":"550440","cityId":17073,"cityName":"St. Thomas","hotelId":20002319,"hotelName":"Olga's Fancy","address":"Honduras 8,St Thomas 00803,Virgin Islands, U.S.","phones":"+13406434247","fax":"","email":"olgasfancy@gmail.com","url":"http://www.olgasfancy.com/","countryIso2":"VI","countryName":"Virgin Islands, U.S.","hotelRating":"3","latitude":"18.3351","longitude":"-64.9405","state_id":866,"state_name":"Ontario","country_id":39},{"active":false,"Giataid":"432128","cityId":17073,"cityName":"St. Thomas","hotelId":20002529,"hotelName":"Margaritaville Vacation Club by Wyndham","address":"6080 Estate Smith Bay,00802 Saint Thomas,Virgin Islands, U.S.","phones":"+13407758300","fax":"","email":"","url":"https://www.margaritavillevacationclub.com/","countryIso2":"VI","countryName":"Virgin Islands, U.S.","hotelRating":"4","latitude":"18.3377","longitude":"-64.9096","state_id":866,"state_name":"Ontario","country_id":39},{"active":false,"Giataid":"524982","cityId":16914,"cityName":"Saint John","hotelId":20002923,"hotelName":"Villa Peace & Plenty","address":"3-16A Catherineberg,Saint John 00830,Virgin Islands, U.S.","phones":"","fax":"","email":"gallowspt@aol.com","url":"http://www.villapeaceandplenty.com","countryIso2":"VI","countryName":"Virgin Islands, U.S.","hotelRating":"3","latitude":"18.33","longitude":"-64.7929","state_id":868,"state_name":"New Brunswick","country_id":39},{"active":false,"Giataid":"724194","cityId":16914,"cityName":"Saint John","hotelId":20003337,"hotelName":"Coconut Coast Villas","address":"268 Estate Enighed,PO Box 1405,00831 St John,Virgin Islands, U.S.","phones":"+13406939100","fax":"","email":"coconutcoaststjohn@gmail.com","url":"http://www.coconutcoast.com","countryIso2":"VI","countryName":"Virgin Islands, U.S.","hotelRating":"0","latitude":"18.3277","longitude":"-64.797","state_id":868,"state_name":"New Brunswick","country_id":39},{"active":false,"Giataid":"602942","cityId":16914,"cityName":"Saint John","hotelId":20003786,"hotelName":"Sunset Ridge Villas","address":"Estate Bethany,P.O. Box 1447,St John,Virgin Islands, U.S.","phones":"","fax":"","email":"","url":"http://www.sunsetridgevillas.com/","countryIso2":"VI","countryName":"Virgin Islands, U.S.","hotelRating":"3","latitude":"18.3437","longitude":"-64.7308","state_id":868,"state_name":"New Brunswick","country_id":39},{"active":false,"Giataid":"670302","cityId":17073,"cityName":"St. Thomas","hotelId":20004084,"hotelName":"Starz Hotel","address":"Contant 38,Saint Thomas VI 00802,Virgin Islands, U.S.","phones":"+13407777767","fax":"","email":"info@starzhotelvi.com","url":"http://www.starzhotelvi.com","countryIso2":"VI","countryName":"Virgin Islands, U.S.","hotelRating":"2","latitude":"18.3384","longitude":"-64.9497","state_id":866,"state_name":"Ontario","country_id":39},{"active":false,"Giataid":"20135","cityId":17073,"cityName":"St. Thomas","hotelId":20004653,"hotelName":"Golden Age Ranch","address":"38 Smith Bay Road,00802 St. Thomas,Virgin Islands, U.S.","phones":"","fax":"","email":"","url":"","countryIso2":"VI","countryName":"Virgin Islands, U.S.","hotelRating":"4","latitude":"18.3377","longitude":"-64.9096","state_id":866,"state_name":"Ontario","country_id":39},{"active":false,"Giataid":"557055","cityId":17073,"cityName":"St. Thomas","hotelId":20004983,"hotelName":"Sapphire Beach Vacation Club","address":"Smith Bay Road,Red Hook Quarter,Saint Thomas,US Virgin Islands 00802,Virgin Islands, U.S.","phones":"+13406033212966","fax":"","email":"","url":"http://www.sapphirebeachresortcondos.com/","countryIso2":"VI","countryName":"Virgin Islands, U.S.","hotelRating":"3","latitude":"18.3377","longitude":"-64.9096","state_id":866,"state_name":"Ontario","country_id":39},{"active":false,"Giataid":"299885","cityId":17073,"cityName":"St. Thomas","hotelId":20005164,"hotelName":"Cote Sud Villa by Villas Caribe","address":"Frenchman's Bay,St. Thomas,Virgin Islands, U.S.","phones":"","fax":"","email":"","url":"http://stthomas.villascaribe.com/villa-listing/cote-sud","countryIso2":"VI","countryName":"Virgin Islands, U.S.","hotelRating":"0","latitude":"18.3151","longitude":"-64.9094","state_id":866,"state_name":"Ontario","country_id":39},{"active":false,"Giataid":"602946","cityId":17073,"cityName":"St. Thomas","hotelId":20005308,"hotelName":"Estate Smith Bay D1 1 Bedroom Condo by Point Pleasant","address":"6600 Estate Smith Bay,St Thomas,Virgin Islands, U.S.","phones":"","fax":"","email":"","url":"","countryIso2":"VI","countryName":"Virgin Islands, U.S.","hotelRating":"0","latitude":"18.3377","longitude":"-64.9096","state_id":866,"state_name":"Ontario","country_id":39},{"active":false,"Giataid":"599746","cityId":16914,"cityName":"Saint John","hotelId":20005489,"hotelName":"La Pura Vida","address":"60-15 Estate Hanson Bay,Saint John 00831,East End Quarter,Virgin Islands, U.S.","phones":"+13407138061913","fax":"","email":"reservations@lapuravidavilla.com","url":"http://www.lapuravidavilla.com","countryIso2":"VI","countryName":"Virgin Islands, U.S.","hotelRating":"4","latitude":"18.3467","longitude":"-64.6764","state_id":868,"state_name":"New Brunswick","country_id":39},{"active":false,"Giataid":"365439","cityId":17073,"cityName":"St. Thomas","hotelId":20005599,"hotelName":"Secret Gardens","address":"Picara Point,St. Thomas,Virgin Islands, U.S.","phones":"","fax":"","email":"","url":"","countryIso2":"VI","countryName":"Virgin Islands, U.S.","hotelRating":"0","latitude":"18.3776","longitude":"-64.9359","state_id":866,"state_name":"Ontario","country_id":39},{"active":false,"Giataid":"521511","cityId":17073,"cityName":"St. Thomas","hotelId":20005782,"hotelName":"Villa Viento 5 Bedroom Villa","address":"8-27-1 Peterborg,St Thomas 00802,Virgin Islands, U.S.","phones":"","fax":"","email":"","url":"","countryIso2":"VI","countryName":"Virgin Islands, U.S.","hotelRating":"0","latitude":"18.3377","longitude":"-64.9096","state_id":866,"state_name":"Ontario","country_id":39},{"active":false,"Giataid":"524980","cityId":16914,"cityName":"Saint John","hotelId":20006123,"hotelName":"Villa Rhapsody","address":"10-E Contant Point,Saint John 00830,Virgin Islands, U.S.","phones":"+13408003488444","fax":"","email":"","url":"http://www.rhapsodystjohn.com/","countryIso2":"VI","countryName":"Virgin Islands, U.S.","hotelRating":"3","latitude":"18.33","longitude":"-64.7929","state_id":868,"state_name":"New Brunswick","country_id":39},{"active":false,"Giataid":"599735","cityId":16914,"cityName":"Saint John","hotelId":20006306,"hotelName":"Luminaria","address":"6-3-82 Majestic Mile,Saint John 00831,Upper Carolina,Virgin Islands, U.S.","phones":"","fax":"","email":"","url":"","countryIso2":"VI","countryName":"Virgin Islands, U.S.","hotelRating":"4","latitude":"18.3564","longitude":"-64.7208","state_id":868,"state_name":"New Brunswick","country_id":39},{"active":false,"Giataid":"529936","cityId":16914,"cityName":"Saint John","hotelId":20006479,"hotelName":"Coral Oasis","address":"8L Estate Carolina  Mamey Peak,00831 St John,Virgin Islands, U.S.","phones":"","fax":"","email":"","url":"","countryIso2":"VI","countryName":"Virgin Islands, U.S.","hotelRating":"4","latitude":"18.3491","longitude":"-64.737","state_id":868,"state_name":"New Brunswick","country_id":39},{"active":false,"Giataid":"670310","cityId":16914,"cityName":"Saint John","hotelId":20006681,"hotelName":"Lavender Hill Suites","address":"5000 Estate Enighed,PMB 456,Cruz Bay VI 00830,Saint John,Virgin Islands, U.S.","phones":"","fax":"","email":"","url":"http://www.lavenderhill.net","countryIso2":"VI","countryName":"Virgin Islands, U.S.","hotelRating":"3","latitude":"18.3298","longitude":"-64.7979","state_id":868,"state_name":"New Brunswick","country_id":39},{"active":false,"Giataid":"724032","cityId":16914,"cityName":"Saint John","hotelId":20006845,"hotelName":"Casa Mare","address":"35 Chocolate Hole,St. John 00831,Virgin Islands, U.S.","phones":"","fax":"","email":"","url":"http://www.casamarestj.com","countryIso2":"VI","countryName":"Virgin Islands, U.S.","hotelRating":"0","latitude":"18.33","longitude":"-64.7929","state_id":868,"state_name":"New Brunswick","country_id":39},{"active":false,"Giataid":"525074","cityId":16914,"cityName":"Saint John","hotelId":20007020,"hotelName":"Sunspot","address":"6E Peter Bay, St. John, 00830,Virgin Islands, U.S.","phones":"","fax":"","email":"","url":"","countryIso2":"VI","countryName":"Virgin Islands, U.S.","hotelRating":"4","latitude":"18.33","longitude":"-64.7929","state_id":868,"state_name":"New Brunswick","country_id":39},{"active":false,"Giataid":"921909","cityId":17073,"cityName":"St. Thomas","hotelId":20385352,"hotelName":"Tillett Hostel And Guesthouse","address":"4126 Anna�s Retreat,St. Thomas  00802,Virgin Islands, U.S.","phones":"+13409985993","fax":"","email":"tilletthostel@gmail.com","url":"http://www.tilletthostel.com/","countryIso2":"VI","countryName":"Virgin Islands, U.S.","hotelRating":"0","latitude":"18.3377","longitude":"-64.9096","state_id":866,"state_name":"Ontario","country_id":39},{"active":false,"Giataid":"746383","cityId":17073,"cityName":"St. Thomas","hotelId":20385353,"hotelName":"Villa Marina Vista","address":"18-23 Estate Smith Bay,Marina Vista 2C,Saint Thomas,Virgin Islands, U.S.","phones":"","fax":"","email":"","url":"","countryIso2":"VI","countryName":"Virgin Islands, U.S.","hotelRating":"0","latitude":"18.3377","longitude":"-64.9096","state_id":866,"state_name":"Ontario","country_id":39},{"active":false,"Giataid":"866495","cityId":16914,"cityName":"Saint John","hotelId":20385354,"hotelName":"The Love Palace","address":"5GF Pastory,Saint John 00831,Virgin Islands, U.S.","phones":"","fax":"","email":"contact@vacationrentalstjohn.com","url":"http://www.vacationrentalstjohn.com","countryIso2":"VI","countryName":"Virgin Islands, U.S.","hotelRating":"0","latitude":"18.33","longitude":"-64.7929","state_id":868,"state_name":"New Brunswick","country_id":39},{"active":false,"Giataid":"555877","cityId":17073,"cityName":"St. Thomas","hotelId":20385355,"hotelName":"Hilltop Villas at Bluebeards Castle","address":"4 Bluebeard's Hill,Saint Thomas,Virgin Islands 00801,Virgin Islands, U.S.","phones":"+13407741600","fax":"+13407764653","email":"","url":"http://www.bluebeardscastles.com/accommodations/","countryIso2":"VI","countryName":"Virgin Islands, U.S.","hotelRating":"3","latitude":"18.3403","longitude":"-64.9245","state_id":866,"state_name":"Ontario","country_id":39},{"active":false,"Giataid":"875601","cityId":17073,"cityName":"St. Thomas","hotelId":20385357,"hotelName":"Skyline Vista Villa","address":"405 Hospital Ground,St Thomas 00802,Virgin Islands, U.S.","phones":"","fax":"","email":"","url":"","countryIso2":"VI","countryName":"Virgin Islands, U.S.","hotelRating":"0","latitude":"18.3377","longitude":"-64.9096","state_id":866,"state_name":"Ontario","country_id":39},{"active":false,"Giataid":"555894","cityId":17073,"cityName":"St. Thomas","hotelId":20385358,"hotelName":"Bluebeards Castle Villas","address":"3 Bluebeard's Hill,Saint Thomas,Virgin Islands 00801,Virgin Islands, U.S.","phones":"+13407741600","fax":"+13407764653","email":"","url":"http://www.bluebeardscastles.com/accommodations/","countryIso2":"VI","countryName":"Virgin Islands, U.S.","hotelRating":"3","latitude":"18.3377","longitude":"-64.9096","state_id":866,"state_name":"Ontario","country_id":39},{"active":false,"Giataid":"878114","cityId":17073,"cityName":"St. Thomas","hotelId":20385360,"hotelName":"Blue Serenity","address":"Estate Nazareth,Saint Thomas 00802,Virgin Islands, U.S.","phones":"","fax":"","email":"","url":"","countryIso2":"VI","countryName":"Virgin Islands, U.S.","hotelRating":"0","latitude":"18.3377","longitude":"-64.9096","state_id":866,"state_name":"Ontario","country_id":39},{"active":false,"Giataid":"727991","cityId":16914,"cityName":"Saint John","hotelId":20385361,"hotelName":"Cinnamon Bay","address":"1 Great Cinnamon Bay,Saint John,Virgin Islands, U.S.","phones":"+13406699998784","fax":"","email":"reservations@cinnamonbayresort.com","url":"https://cinnamonbayresort.com/","countryIso2":"VI","countryName":"Virgin Islands, U.S.","hotelRating":"0","latitude":"18.33","longitude":"-64.7929","state_id":868,"state_name":"New Brunswick","country_id":39},{"active":false,"Giataid":"899719","cityId":17073,"cityName":"St. Thomas","hotelId":20385363,"hotelName":"Magens Hideaway","address":"7-7B Remainder Peterborg,St Thomas 00802,Virgin Islands, U.S.","phones":"","fax":"","email":"MagensHideaway@gmail.com","url":"http://www.magenshideaway.com","countryIso2":"VI","countryName":"Virgin Islands, U.S.","hotelRating":"0","latitude":"18.3377","longitude":"-64.9096","state_id":866,"state_name":"Ontario","country_id":39},{"active":false,"Giataid":"907151","cityId":17073,"cityName":"St. Thomas","hotelId":20385365,"hotelName":"Water Island Hotel & Villas","address":"Lot 73,St. Thomas 00802,Virgin Islands, U.S.","phones":"","fax":"","email":"","url":"http://www.waterislandvillas.com/","countryIso2":"VI","countryName":"Virgin Islands, U.S.","hotelRating":"0","latitude":"18.3189","longitude":"-64.957","state_id":866,"state_name":"Ontario","country_id":39},{"active":false,"Giataid":"865051","cityId":17073,"cityName":"St. Thomas","hotelId":20385366,"hotelName":"At Home In The Tropics B&B","address":"1680,25 Dronningens Gade,St Thomas 00802,Virgin Islands, U.S.","phones":"+13407779857","fax":"","email":"ahitt.usvi@gmail.com","url":"http://www.athomeinthetropics.com","countryIso2":"VI","countryName":"Virgin Islands, U.S.","hotelRating":"0","latitude":"18.3377","longitude":"-64.9096","state_id":866,"state_name":"Ontario","country_id":39},{"active":false,"Giataid":"555884","cityId":17073,"cityName":"St. Thomas","hotelId":20385367,"hotelName":"Bluebeard's Castle Villas III","address":"1 Bluebeard's Hill,Saint Thomas,Virgin Islands 00801,Virgin Islands, U.S.","phones":"+13407741600","fax":"+13407764653","email":"info@spmresorts.com","url":"http://www.bluebeardscastles.com/accommodations/","countryIso2":"VI","countryName":"Virgin Islands, U.S.","hotelRating":"3","latitude":"18.3403","longitude":"-64.9243","state_id":866,"state_name":"Ontario","country_id":39},{"active":false,"Giataid":"875580","cityId":16914,"cityName":"Saint John","hotelId":20385368,"hotelName":"Villa Nonna","address":"14-5 Peter Bay Road,St John 00830,Virgin Islands, U.S.","phones":"","fax":"","email":"","url":"http://www.hotels.com/ho801848704","countryIso2":"VI","countryName":"Virgin Islands, U.S.","hotelRating":"0","latitude":"18.33","longitude":"-64.7929","state_id":868,"state_name":"New Brunswick","country_id":39},{"active":false,"Giataid":"555882","cityId":17073,"cityName":"St. Thomas","hotelId":20385370,"hotelName":"Pirates Pension At Bluebeards Castle","address":"2 Bluebeard's Hill,Saint Thomas,Virgin Islands 00802,Virgin Islands, U.S.","phones":"+13407741600","fax":"+13407764653","email":"","url":"http://www.bluebeardscastles.com/accommodations/","countryIso2":"VI","countryName":"Virgin Islands, U.S.","hotelRating":"3","latitude":"18.3401","longitude":"-64.9242","state_id":866,"state_name":"Ontario","country_id":39},{"active":false,"Giataid":"976354","cityId":16914,"cityName":"Saint John","hotelId":20422970,"hotelName":"Calichi at Picture Point","address":"10-2 Estate Carolina,Saint John 00830,Virgin Islands, U.S.","phones":"","fax":"","email":"info@calichi-stj.com","url":"http://calichi-stj.com/picture-point/","countryIso2":"VI","countryName":"Virgin Islands, U.S.","hotelRating":"1","latitude":"18.33","longitude":"-64.7929","state_id":868,"state_name":"New Brunswick","country_id":39}]