[{"active":false,"Giataid":"22699","cityId":null,"cityName":"Christiansted","hotelId":22699,"hotelName":"The Buccaneer","address":"5007 Estate Shoys,PO Box 25200,Christiansted 00824,St. Croix,Virgin Islands,Virgin Islands, U.S.","phones":"+13407122100","fax":"","email":"reservations@thebuccaneer.com","url":"http://www.thebuccaneer.com","countryIso2":"VI","countryName":"Virgin Islands, U.S.","hotelRating":"4","latitude":"17.7548","longitude":"-64.6814","state_id":null,"state_name":null,"country_id":null},{"active":false,"Giataid":"23063","cityId":null,"cityName":"Great Cruz Bay","hotelId":23063,"hotelName":"The Westin St. John Resort Villas","address":"300B Chocolate Hole,Great Cruz Bay,Virgin Islands 00830,Virgin Islands, U.S.","phones":"+13406938000","fax":"","email":"stjon.01098@westin.com","url":"http://www.westinresortstjohn.com","countryIso2":"VI","countryName":"Virgin Islands, U.S.","hotelRating":"4","latitude":"18.3234","longitude":"-64.7854","state_id":null,"state_name":null,"country_id":null},{"active":false,"Giataid":"139158","cityId":null,"cityName":"Saint Croix","hotelId":139158,"hotelName":"Palms at Pelican Cove","address":"4126 La Grande Princesse,Christiansted 00820,Virgin Islands, U.S.","phones":"+13407188920","fax":"","email":"info@palmspelicancove.com","url":"http://www.palmspelicancove.com/","countryIso2":"VI","countryName":"Virgin Islands, U.S.","hotelRating":"3","latitude":"17.762","longitude":"-64.731","state_id":null,"state_name":null,"country_id":null},{"active":false,"Giataid":"187500","cityId":null,"cityName":"Saint Croix","hotelId":187500,"hotelName":"Sand Castle On The Beach","address":"127 Smithfield,Frederiksted,St. Croix 00840,Virgin Islands, U.S.","phones":"+13407721205","fax":"+13407721757","email":"info@sandcastleonthebeach.com","url":"http://www.sandcastleonthebeach.com","countryIso2":"VI","countryName":"Virgin Islands, U.S.","hotelRating":"3","latitude":"17.7016","longitude":"-64.8855","state_id":null,"state_name":null,"country_id":null},{"active":false,"Giataid":"232208","cityId":null,"cityName":"Christiansted","hotelId":232208,"hotelName":"Company House","address":"Company Street 2,00820 Christiansted,Virgin Islands,Virgin Islands, U.S.","phones":"+13407731377","fax":"+13407195161","email":"info@companyhousehotel.com","url":"http://www.companyhousehotel.com","countryIso2":"VI","countryName":"Virgin Islands, U.S.","hotelRating":"3","latitude":"17.7456","longitude":"-64.7027","state_id":null,"state_name":null,"country_id":null},{"active":false,"Giataid":"232209","cityId":null,"cityName":"Christiansted","hotelId":232209,"hotelName":"King Christian","address":"PO Box 24467,00824-0467 Christiansted,St. Croix,Virgin Islands, U.S.","phones":"+13407736330","fax":"","email":"info@kingchristian.com","url":"http://www.kingchristian.com/","countryIso2":"VI","countryName":"Virgin Islands, U.S.","hotelRating":"3","latitude":"17.7456","longitude":"-64.7046","state_id":null,"state_name":null,"country_id":null},{"active":false,"Giataid":"232210","cityId":null,"cityName":"Saint Croix","hotelId":232210,"hotelName":"Arawak Bay","address":"Kingshill,PO Box 3475,Saint Criox 00851,Virgin Islands, U.S.","phones":"+13407721684","fax":"+13407721686","email":"info@arawakbaysaltriver.co.vi","url":"http://www.arawakbaysaltriver.co.vi/","countryIso2":"VI","countryName":"Virgin Islands, U.S.","hotelRating":"2","latitude":"17.7685","longitude":"-64.7605","state_id":null,"state_name":null,"country_id":null},{"active":false,"Giataid":"232969","cityId":null,"cityName":"Charlotte Amalie","hotelId":232969,"hotelName":"The Inn At Villa Olga","address":"3700 Villa Olga,St. Thomas,Virgin Islands, U.S.","phones":"+13407150900","fax":"+13407150843","email":"reservations@bolongobay.com","url":"http://villa-olga-inn.com/","countryIso2":"VI","countryName":"Virgin Islands, U.S.","hotelRating":"2","latitude":"18.335","longitude":"-64.9407","state_id":null,"state_name":null,"country_id":null},{"active":false,"Giataid":"371535","cityId":null,"cityName":"Charlotte Amalie","hotelId":371535,"hotelName":"Midtown Guest House","address":"1B Commandant Gade","phones":"","fax":"","email":"","url":"","countryIso2":"VI","countryName":"Virgin Islands, U.S.","hotelRating":"2","latitude":"18.3429","longitude":"-64.9311","state_id":null,"state_name":null,"country_id":null},{"active":false,"Giataid":"380126","cityId":null,"cityName":"Christiansted","hotelId":380126,"hotelName":"Birds Of Paradise St.croix","address":"","phones":"","fax":"","email":"","url":"","countryIso2":"VI","countryName":"Virgin Islands, U.S.","hotelRating":"1","latitude":"17.7456","longitude":"-64.7036","state_id":null,"state_name":null,"country_id":null},{"active":false,"Giataid":"388024","cityId":null,"cityName":"Charlotte Amalie","hotelId":388024,"hotelName":"Drumbeat Luxury Sv","address":"","phones":"","fax":"","email":"","url":"","countryIso2":"VI","countryName":"Virgin Islands, U.S.","hotelRating":"1","latitude":"18.3399","longitude":"-64.9364","state_id":null,"state_name":null,"country_id":null},{"active":false,"Giataid":"388025","cityId":null,"cityName":"Charlotte Amalie","hotelId":388025,"hotelName":"Ayacanora Luxury Sv","address":"","phones":"","fax":"","email":"","url":"","countryIso2":"VI","countryName":"Virgin Islands, U.S.","hotelRating":"1","latitude":"18.3399","longitude":"-64.9364","state_id":null,"state_name":null,"country_id":null},{"active":false,"Giataid":"388026","cityId":null,"cityName":"Charlotte Amalie","hotelId":388026,"hotelName":"Treazzure Luxury Sv","address":"","phones":"","fax":"","email":"","url":"","countryIso2":"VI","countryName":"Virgin Islands, U.S.","hotelRating":"1","latitude":"18.3399","longitude":"-64.9364","state_id":null,"state_name":null,"country_id":null},{"active":false,"Giataid":"388027","cityId":null,"cityName":"Charlotte Amalie","hotelId":388027,"hotelName":"Ragamuffin Sv","address":"","phones":"","fax":"","email":"","url":"","countryIso2":"VI","countryName":"Virgin Islands, U.S.","hotelRating":"1","latitude":"18.3399","longitude":"-64.9364","state_id":null,"state_name":null,"country_id":null},{"active":false,"Giataid":"388028","cityId":null,"cityName":"Charlotte Amalie","hotelId":388028,"hotelName":"Miller Manor Hotel","address":"","phones":"","fax":"","email":"","url":"","countryIso2":"VI","countryName":"Virgin Islands, U.S.","hotelRating":"1","latitude":"18.3399","longitude":"-64.9364","state_id":null,"state_name":null,"country_id":null},{"active":false,"Giataid":"526676","cityId":null,"cityName":"Frederiksted","hotelId":526676,"hotelName":"Jasmine Manor","address":"","phones":"","fax":"","email":"","url":"","countryIso2":"VI","countryName":"Virgin Islands, U.S.","hotelRating":"1","latitude":"17.7117","longitude":"-64.8808","state_id":null,"state_name":null,"country_id":null},{"active":false,"Giataid":"491416","cityId":null,"cityName":"Christiansted","hotelId":20002760,"hotelName":"Miramar Villa","address":"23 Solitude,East End,Christiansted 00802,Saint Croix,Virgin Islands, U.S.","phones":"","fax":"","email":"","url":"","countryIso2":"VI","countryName":"Virgin Islands, U.S.","hotelRating":"0","latitude":"17.7456","longitude":"-64.7036","state_id":null,"state_name":null,"country_id":null},{"active":false,"Giataid":"518046","cityId":null,"cityName":"Great Cruz Bay","hotelId":20003560,"hotelName":"Sirenusa","address":"11 Enighed,Cruz Bay  00830,St. John,  Virgin Islands,Virgin Islands, U.S.","phones":"+13409987023","fax":"","email":"","url":"http://sirenusaresidences.com/","countryIso2":"VI","countryName":"Virgin Islands, U.S.","hotelRating":"4","latitude":"18.3281","longitude":"-64.7889","state_id":null,"state_name":null,"country_id":null},{"active":false,"Giataid":"726837","cityId":null,"cityName":"Christiansted","hotelId":20004296,"hotelName":"Hidden Valley Villa","address":"64 Sprat Road,Christiansted 00820,St Croix Island,Virgin Islands, U.S.","phones":"+13406622953414","fax":"","email":"info@mysite.com","url":"http://www.hiddenvalleyvilla.net/","countryIso2":"VI","countryName":"Virgin Islands, U.S.","hotelRating":"0","latitude":"17.7456","longitude":"-64.7036","state_id":null,"state_name":null,"country_id":null},{"active":false,"Giataid":"879864","cityId":null,"cityName":"Saint Croix","hotelId":20385351,"hotelName":"Villa Madeleine Resort","address":"Teaque Bay,Saint Croix Island,Virgin Islands, U.S.","phones":"+13408005336863","fax":"","email":"vivillas@aol.com","url":"http://www.stcroix-villamadeleine.com/","countryIso2":"VI","countryName":"Virgin Islands, U.S.","hotelRating":"0","latitude":"17.7555","longitude":"-64.7212","state_id":null,"state_name":null,"country_id":null},{"active":false,"Giataid":"865566","cityId":null,"cityName":"Christiansted","hotelId":20385356,"hotelName":"The Reef Condos Residential Community","address":"5000 Teaque Bay,Christiansted 00820-4894,Saint Croix Island,Virgin Islands,Virgin Islands, U.S.","phones":"+13407739200","fax":"","email":"thereef@reefcondosusvi.com","url":"https://www.reefcondosusvi.com/","countryIso2":"VI","countryName":"Virgin Islands, U.S.","hotelRating":"0","latitude":"17.7456","longitude":"-64.7036","state_id":null,"state_name":null,"country_id":null},{"active":false,"Giataid":"865631","cityId":null,"cityName":"Christiansted","hotelId":20385359,"hotelName":"Whispering Palms","address":"5P East End Road,Cotton Valley,Christiansted 00820,Saint Croix,Virgin Islands,Virgin Islands, U.S.","phones":"","fax":"","email":"","url":"","countryIso2":"VI","countryName":"Virgin Islands, U.S.","hotelRating":"0","latitude":"17.7456","longitude":"-64.7036","state_id":null,"state_name":null,"country_id":null},{"active":false,"Giataid":"930414","cityId":null,"cityName":"Christiansted","hotelId":20385362,"hotelName":"The Pyramid Point","address":"1 Shoys Drive,Christiansted 00820,Virgin Islands, U.S.","phones":"+13402023377480","fax":"","email":"thepyramidpoint@aol.com","url":"http://thepyramidpoint.com","countryIso2":"VI","countryName":"Virgin Islands, U.S.","hotelRating":"0","latitude":"17.7456","longitude":"-64.7036","state_id":null,"state_name":null,"country_id":null},{"active":false,"Giataid":"757303","cityId":null,"cityName":"Frederiksted","hotelId":20385369,"hotelName":"The Fred","address":"605 Strand Street,Frederiksted 00840,Virgin Islands, U.S.","phones":"+13407773733","fax":"","email":"","url":"https://www.sleepwithfred.com","countryIso2":"VI","countryName":"Virgin Islands, U.S.","hotelRating":"0","latitude":"17.7117","longitude":"-64.8808","state_id":null,"state_name":null,"country_id":null},{"active":false,"Giataid":"978056","cityId":null,"cityName":"Christiansted","hotelId":20422971,"hotelName":"Sugar Bay Villa","address":"54 Salt River,Christiansted 00820,St. Croix Island,Virgin Islands, U.S.","phones":"","fax":"","email":"","url":"","countryIso2":"VI","countryName":"Virgin Islands, U.S.","hotelRating":"1","latitude":"17.7456","longitude":"-64.7036","state_id":null,"state_name":null,"country_id":null}]