[{"active":false,"Giataid":"127626","cityId":30565,"cityName":"Djibouti","hotelId":127626,"hotelName":"Djibouti Palace Kempinski","address":"Ilot Du Heron,P.O. Box 1960,Djibouti,Djibouti","phones":"+25321325555","fax":"","email":"","url":"","countryIso2":"DJ","countryName":"Djibouti","hotelRating":"5","latitude":"11.6189","longitude":"43.146","state_id":2929,"state_name":"Djibouti","country_id":60},{"active":false,"Giataid":"149633","cityId":30565,"cityName":"Djibouti","hotelId":149633,"hotelName":"Sheraton Djibouti","address":"BP 1924,Plateau de Serpent,Dschibuti,Djibouti","phones":"+25321328000","fax":"","email":"","url":"","countryIso2":"DJ","countryName":"Djibouti","hotelRating":"4","latitude":"11.6028","longitude":"43.1574","state_id":2929,"state_name":"Djibouti","country_id":60},{"active":false,"Giataid":"406321","cityId":30565,"cityName":"Djibouti","hotelId":406321,"hotelName":"La Siesta","address":"plage de la siesta 555,Djibouti,Djibouti","phones":"","fax":"","email":"","url":"","countryIso2":"DJ","countryName":"Djibouti","hotelRating":"1","latitude":"11.6019","longitude":"43.153","state_id":2929,"state_name":"Djibouti","country_id":60},{"active":false,"Giataid":"610237","cityId":30565,"cityName":"Djibouti","hotelId":610237,"hotelName":"Atlantic Hotel","address":"Rue de Rome,Djibouti,Djibouti","phones":"+25321331100","fax":"+25321331133","email":"reservations@atlantichoteldjibouti.com","url":"http://www.atlantichoteldjibouti.com/","countryIso2":"DJ","countryName":"Djibouti","hotelRating":"3","latitude":"11.5951","longitude":"43.1477","state_id":2929,"state_name":"Djibouti","country_id":60},{"active":false,"Giataid":"615245","cityId":30565,"cityName":"Djibouti","hotelId":615245,"hotelName":"Royal D Plaza","address":"Avenue Banhour,Djibouti,Djibouti","phones":"","fax":"","email":"","url":"","countryIso2":"DJ","countryName":"Djibouti","hotelRating":"1","latitude":"11.5946","longitude":"43.1452","state_id":2929,"state_name":"Djibouti","country_id":60},{"active":false,"Giataid":"615248","cityId":30565,"cityName":"Djibouti","hotelId":615248,"hotelName":"Les Acacias Hotel Djibouti","address":"Ponite du Heron,Djibouti,Djibouti","phones":"+25321327878","fax":"+25321327879","email":"reservation@acaciashoteldjibouti.com","url":"http://www.acaciashoteldjibouti.com/","countryIso2":"DJ","countryName":"Djibouti","hotelRating":"1","latitude":"11.6186","longitude":"43.1507","state_id":2929,"state_name":"Djibouti","country_id":60},{"active":false,"Giataid":"615358","cityId":30565,"cityName":"Djibouti","hotelId":615358,"hotelName":"Oceania Appart Hotel","address":"Amboulie-Haramous,Djibouti,Djibouti","phones":"+25321352218","fax":"","email":"oceania.hotel.restaurant@gmail.com","url":"http://www.oceania-apparts-hotel.com","countryIso2":"DJ","countryName":"Djibouti","hotelRating":"1","latitude":"11.5738","longitude":"43.1549","state_id":2929,"state_name":"Djibouti","country_id":60},{"active":false,"Giataid":"781951","cityId":30565,"cityName":"Djibouti","hotelId":781951,"hotelName":"Hotel Plein Ciel","address":"Rue De Geneve,Djibouti,Djibouti","phones":"","fax":"","email":"","url":"","countryIso2":"DJ","countryName":"Djibouti","hotelRating":"1","latitude":"11.6186","longitude":"43.1507","state_id":2929,"state_name":"Djibouti","country_id":60},{"active":false,"Giataid":"783966","cityId":30565,"cityName":"Djibouti","hotelId":783966,"hotelName":"African Village","address":"Route De L' a?roport,Djibouti,Djibouti","phones":"","fax":"","email":"","url":"","countryIso2":"DJ","countryName":"Djibouti","hotelRating":"1","latitude":"11.6186","longitude":"43.1507","state_id":2929,"state_name":"Djibouti","country_id":60},{"active":false,"Giataid":"787904","cityId":30565,"cityName":"Djibouti","hotelId":787904,"hotelName":"Residence Lagon Bleu","address":"Rue Pierre Pascal,Djibouti,Djibouti","phones":"","fax":"","email":"stay@residencelagonbleu.info","url":"http://www.residencelagonbleu.info","countryIso2":"DJ","countryName":"Djibouti","hotelRating":"3","latitude":"11.6186","longitude":"43.1507","state_id":2929,"state_name":"Djibouti","country_id":60},{"active":false,"Giataid":"790611","cityId":30565,"cityName":"Djibouti","hotelId":790611,"hotelName":"Hotel Residence de l'Europe","address":"Rui De 27,Juin Place De Menelik,Djibouti,Djibouti","phones":"","fax":"","email":"","url":"http://www.hoteleurope-djib.com/","countryIso2":"DJ","countryName":"Djibouti","hotelRating":"1","latitude":"11.5942","longitude":"43.147","state_id":2929,"state_name":"Djibouti","country_id":60},{"active":false,"Giataid":"684398","cityId":30565,"cityName":"Djibouti","hotelId":10051574,"hotelName":"Imperial Resort & Red Sea Hotel","address":"Bd Du Marechal Lyautey,Djibouti City,Djibouti","phones":"","fax":"","email":"","url":"","countryIso2":"DJ","countryName":"Djibouti","hotelRating":"1","latitude":"11.6186","longitude":"43.1507","state_id":2929,"state_name":"Djibouti","country_id":60}]