[{"active":false,"Giataid":"628646","cityId":null,"cityName":"Clevia","hotelId":628646,"hotelName":"Globe Hotel","address":"Antondragtenweg 8-9,Clevia,Suriname","phones":"","fax":"","email":"","url":"","countryIso2":"SR","countryName":"Suriname","hotelRating":"1","latitude":"5.85481","longitude":"-55.1048","state_id":null,"state_name":null,"country_id":null},{"active":false,"Giataid":"680498","cityId":null,"cityName":"Tamanredjo","hotelId":680498,"hotelName":"De Plantage","address":"Oost-West Verbinding,km 23 Commewijne,Tamanredjo,Suriname","phones":"+597356567","fax":"","email":"","url":"","countryIso2":"SR","countryName":"Suriname","hotelRating":"1","latitude":"0","longitude":"0","state_id":null,"state_name":null,"country_id":null},{"active":false,"Giataid":"91315","cityId":null,"cityName":"Kabalebo Nature Resort","hotelId":20004545,"hotelName":"Kabalebo Nature Resort","address":"van Idsingastraat 68,Paramaribo,Suriname","phones":"+597426532","fax":"+597421968","email":"info@kabalebo.com","url":"http://www.kabalebo.com","countryIso2":"SR","countryName":"Suriname","hotelRating":"0","latitude":"4.40433","longitude":"-57.2273","state_id":null,"state_name":null,"country_id":null}]