[{"active":false,"Giataid":"38204","cityId":null,"cityName":"Gamboa","hotelId":38204,"hotelName":"Gamboa Rainforest Resort","address":"Soberania National Park,Zona 5,7338 Gamboa,Col?n,Panama,Panama","phones":"+5073145000","fax":"+5073149020","email":"","url":"http://www.facebook.com/gamboa.rainforest.resort","countryIso2":"PA","countryName":"Panama","hotelRating":"5","latitude":"9.12152","longitude":"-79.6925","state_id":null,"state_name":null,"country_id":null},{"active":false,"Giataid":"242018","cityId":null,"cityName":"Santa Clara, R?o Hato","hotelId":242018,"hotelName":"Sheraton Bijao Beach Resort","address":"Carretera Interamericana km 108,Guias de Anton,Santa Clara 0229-00140,Panama","phones":"+5079083600","fax":"+5079083790","email":"ana.adames@ghlhoteles.com","url":"http://www.starwoodhotels.com/sheraton/property/overview/index.html?propertyID=3693","countryIso2":"PA","countryName":"Panama","hotelRating":"4","latitude":"8.3744","longitude":"-80.1065","state_id":null,"state_name":null,"country_id":null},{"active":false,"Giataid":"370388","cityId":null,"cityName":"Punta Chame","hotelId":370388,"hotelName":"Nitro City Action Sports Resort","address":"Paseo Andres Maduro,Punta Chame,Panama","phones":"+5072231747","fax":"","email":"","url":"","countryIso2":"PA","countryName":"Panama","hotelRating":"4","latitude":"8.64699","longitude":"-79.7043","state_id":null,"state_name":null,"country_id":null},{"active":false,"Giataid":"372331","cityId":null,"cityName":"Penonom?","hotelId":372331,"hotelName":"Posada Cerro La Vieja","address":"","phones":"","fax":"","email":"","url":"","countryIso2":"PA","countryName":"Panama","hotelRating":"1","latitude":"8.6839","longitude":"-80.1924","state_id":null,"state_name":null,"country_id":null},{"active":false,"Giataid":"409037","cityId":null,"cityName":"Isla Bastimentos National Marine Park","hotelId":409037,"hotelName":"Al Natural Resort","address":"Old Point Beach,Bastimentos Island,Bocas del Toro,Panama","phones":"+5077579004","fax":"","email":"info@alnaturalresort.com","url":"http://www.alnaturalresort.com","countryIso2":"PA","countryName":"Panama","hotelRating":"2","latitude":"9.2909","longitude":"-82.0851","state_id":null,"state_name":null,"country_id":null},{"active":false,"Giataid":"458669","cityId":null,"cityName":"Mariato","hotelId":458669,"hotelName":"Club Pacifico Sur","address":"In Front Of The Beach,Playa Reina,Mariato,Peninsula De Azuero,Veraguas Province,Panama","phones":"","fax":"","email":"","url":"","countryIso2":"PA","countryName":"Panama","hotelRating":"1","latitude":"7.57539","longitude":"-80.9644","state_id":null,"state_name":null,"country_id":null},{"active":false,"Giataid":"467237","cityId":null,"cityName":"Palo Alto,Boquete","hotelId":467237,"hotelName":"Boquete Garden Inn","address":"Palo Alto,Boquete,Panama","phones":"+5077202376","fax":"","email":"boquetegardeninn@gmail.com","url":"http://www.boquetegardeninn.com/","countryIso2":"PA","countryName":"Panama","hotelRating":"3","latitude":"8.79721","longitude":"-82.4288","state_id":null,"state_name":null,"country_id":null},{"active":false,"Giataid":"477090","cityId":null,"cityName":"Isla Bastimentos National Marine Park","hotelId":477090,"hotelName":"The Sea Monkey","address":"East end,Calle Principal,Bastimentos,Panama","phones":"+50767385586","fax":"","email":"seamonkeybocas@gmail.com","url":"http://www.seamonkeybocasdeltoro.com/reservations-and-contact/","countryIso2":"PA","countryName":"Panama","hotelRating":"1","latitude":"9.33599","longitude":"-82.183","state_id":null,"state_name":null,"country_id":null},{"active":false,"Giataid":"477311","cityId":null,"cityName":"Tort?","hotelId":477311,"hotelName":"Hotel Portal Avicar","address":"Panamerican Highway 125km east from Panama City,Near Torti,Panama","phones":"+50767460051","fax":"","email":"info@hotelavicar.com","url":"http://www.hotelavicar.com/","countryIso2":"PA","countryName":"Panama","hotelRating":"1","latitude":"8.92139","longitude":"-78.3974","state_id":null,"state_name":null,"country_id":null},{"active":false,"Giataid":"516952","cityId":null,"cityName":"Mar?a Chiquita","hotelId":516952,"hotelName":"Bala Beach Resort","address":"Calle 1era,Maria Chiquita,Panama","phones":"+5072020882","fax":"","email":"","url":"http://www.balabeach.com/","countryIso2":"PA","countryName":"Panama","hotelRating":"1","latitude":"9.4429","longitude":"-79.7605","state_id":null,"state_name":null,"country_id":null},{"active":false,"Giataid":"627122","cityId":null,"cityName":"Las Escobas del Venado","hotelId":627122,"hotelName":"Hostal La Choza De Playa Venao","address":"Playa Venao,Pedas?,Panama","phones":"+5078321010","fax":"","email":"lachozapv@gmail.com","url":"http://lachoza.com/","countryIso2":"PA","countryName":"Panama","hotelRating":"1","latitude":"7.41929","longitude":"-80.1789","state_id":null,"state_name":null,"country_id":null},{"active":false,"Giataid":"727334","cityId":null,"cityName":"Isla Contadora","hotelId":727334,"hotelName":"Casa Pacifica","address":"Contadora,Contadora Island,Panama","phones":"","fax":"","email":"","url":"","countryIso2":"PA","countryName":"Panama","hotelRating":"3","latitude":"8.63171","longitude":"-79.0355","state_id":null,"state_name":null,"country_id":null},{"active":false,"Giataid":"727624","cityId":null,"cityName":"Isla Contadora","hotelId":727624,"hotelName":"Priority Villas","address":"Contadora,Contadora Island,Panama","phones":"","fax":"","email":"","url":"","countryIso2":"PA","countryName":"Panama","hotelRating":"3","latitude":"8.63171","longitude":"-79.0355","state_id":null,"state_name":null,"country_id":null},{"active":false,"Giataid":"727880","cityId":null,"cityName":"El Valle de Ant?n","hotelId":727880,"hotelName":"Cabanas El Valle","address":"Calle La Reform,El Valle de Anton,Cocle,Panama","phones":"","fax":"","email":"","url":"","countryIso2":"PA","countryName":"Panama","hotelRating":"1","latitude":"8.61378","longitude":"-80.1324","state_id":null,"state_name":null,"country_id":null},{"active":false,"Giataid":"727922","cityId":null,"cityName":"Penonom?","hotelId":727922,"hotelName":"La Pintada Inn","address":"Via Llano Grande,La Pintada,Penonome,Panama","phones":"+50765197848","fax":"","email":"lapintadaInn@hotmail.com","url":"http://www.lapintadainn.com/","countryIso2":"PA","countryName":"Panama","hotelRating":"1","latitude":"8.58015","longitude":"-80.3245","state_id":null,"state_name":null,"country_id":null},{"active":false,"Giataid":"732982","cityId":null,"cityName":"Volc?n","hotelId":732982,"hotelName":"La Petite Maison Cabanas & Hostal","address":"Nuevo Bambito,Paso Ancho,Volcan,Paso Ancho,Panama","phones":"+50765026103","fax":"","email":"lapetitemaisonpanama@gmail.com","url":"http://lapetitemaisonpanama.com/","countryIso2":"PA","countryName":"Panama","hotelRating":"1","latitude":"8.80106","longitude":"-82.6289","state_id":null,"state_name":null,"country_id":null},{"active":false,"Giataid":"738206","cityId":null,"cityName":"Taboga Island","hotelId":738206,"hotelName":"Hotel Mundi","address":"Calle principal,A un costadomdel centro de salud,Taboga,Panama","phones":"","fax":"","email":"","url":"","countryIso2":"PA","countryName":"Panama","hotelRating":"1","latitude":"8.79228","longitude":"-79.5539","state_id":null,"state_name":null,"country_id":null},{"active":false,"Giataid":"751095","cityId":null,"cityName":"Taboga Island","hotelId":751095,"hotelName":"Cerrito Tropical","address":"Congresso Arriba,Taboga,Taboga Island,Panama","phones":"+50764890074","fax":"","email":"info@cerritotropicalpanama.com","url":"http://www.cerritotropicalpanama.com/","countryIso2":"PA","countryName":"Panama","hotelRating":"1","latitude":"8.79238","longitude":"-79.5538","state_id":null,"state_name":null,"country_id":null},{"active":false,"Giataid":"161878","cityId":null,"cityName":"Santa Clara, R?o Hato","hotelId":778538,"hotelName":"Las Sirenas de Santa Clara","address":"Interamerican Highway 1113 km,Rio Hato,Panama","phones":"","fax":"","email":"","url":"","countryIso2":"PA","countryName":"Panama","hotelRating":"1","latitude":"8.37742","longitude":"-80.1088","state_id":null,"state_name":null,"country_id":null},{"active":false,"Giataid":"800362","cityId":null,"cityName":"Pearl Islands","hotelId":800362,"hotelName":"Mara'naa Resort","address":"Playa Norte,Viveros,Pearl Island,Panama","phones":"+5072148841","fax":"","email":"contact@viverosresort.com","url":"http://www.maranaa.com/","countryIso2":"PA","countryName":"Panama","hotelRating":"1","latitude":"0","longitude":"0","state_id":null,"state_name":null,"country_id":null},{"active":false,"Giataid":"801351","cityId":null,"cityName":"El Valle de Ant?n","hotelId":801351,"hotelName":"Windmill Hostel","address":"Main Street 123,10000 Valle De Anton,Panama","phones":"","fax":"","email":"","url":"","countryIso2":"PA","countryName":"Panama","hotelRating":"1","latitude":"8.59647","longitude":"-80.1162","state_id":null,"state_name":null,"country_id":null},{"active":false,"Giataid":"803464","cityId":null,"cityName":"El Valle de Ant?n","hotelId":803464,"hotelName":"Bodhi Hostel El Valle","address":"Calle Principal,Next To Melo,Valle De Anton,Panama","phones":"","fax":"","email":"resv@bodhihostels.com","url":"https://www.bodhihostels.com","countryIso2":"PA","countryName":"Panama","hotelRating":"1","latitude":"8.60403","longitude":"-80.1277","state_id":null,"state_name":null,"country_id":null},{"active":false,"Giataid":"803532","cityId":null,"cityName":"Isla Grande","hotelId":803532,"hotelName":"Marino Hotel","address":"Avenue Principal Isla Grande,Isla Grande,Panama","phones":"","fax":"","email":"","url":"","countryIso2":"PA","countryName":"Panama","hotelRating":"1","latitude":"9.63564","longitude":"-79.5604","state_id":null,"state_name":null,"country_id":null},{"active":false,"Giataid":"804767","cityId":null,"cityName":"El Valle de Ant?n","hotelId":804767,"hotelName":"Hostal Cariguana","address":"Calle Las Medinas 6738,1001 El Valle De Anton,Panama,Panama","phones":"","fax":"","email":"","url":"","countryIso2":"PA","countryName":"Panama","hotelRating":"1","latitude":"8.59823","longitude":"-80.1263","state_id":null,"state_name":null,"country_id":null},{"active":false,"Giataid":"804852","cityId":null,"cityName":"San Blas Islands","hotelId":804852,"hotelName":"Isla Diablo","address":"Barsuggun,Achutupo 2,San Blas,Panama","phones":"","fax":"","email":"","url":"","countryIso2":"PA","countryName":"Panama","hotelRating":"1","latitude":"9.48051","longitude":"-78.6868","state_id":null,"state_name":null,"country_id":null},{"active":false,"Giataid":"804893","cityId":null,"cityName":"Penonom?","hotelId":804893,"hotelName":"Hotel Dos Continentes","address":"Avenue Juan Demostenes  Arosemena,Calle Principal,Penonome,Panama","phones":"","fax":"","email":"","url":"","countryIso2":"PA","countryName":"Panama","hotelRating":"1","latitude":"8.58015","longitude":"-80.3245","state_id":null,"state_name":null,"country_id":null},{"active":false,"Giataid":"804919","cityId":null,"cityName":"Volc?n","hotelId":804919,"hotelName":"Hotel Volcan Inn","address":"Calle 3a Oeste,Volcan,Panama","phones":"","fax":"","email":"","url":"","countryIso2":"PA","countryName":"Panama","hotelRating":"1","latitude":"8.80106","longitude":"-82.6289","state_id":null,"state_name":null,"country_id":null},{"active":false,"Giataid":"807019","cityId":null,"cityName":"Chitr?","hotelId":807019,"hotelName":"Hotel Karla","address":"Avenida Herrera,Chitre,Panama","phones":"","fax":"","email":"","url":"","countryIso2":"PA","countryName":"Panama","hotelRating":"1","latitude":"7.96481","longitude":"-80.4223","state_id":null,"state_name":null,"country_id":null},{"active":false,"Giataid":"808346","cityId":null,"cityName":"Isla Grande","hotelId":808346,"hotelName":"Macondo Hostel","address":"Corregimiento De Isla Grande,Distrito De Portobelo,Colon Callejon Caseta Delos Congo Casa 14,Isla Grande,Panama","phones":"","fax":"","email":"","url":"","countryIso2":"PA","countryName":"Panama","hotelRating":"1","latitude":"9.63564","longitude":"-79.5604","state_id":null,"state_name":null,"country_id":null},{"active":false,"Giataid":"809616","cityId":null,"cityName":"Volc?n","hotelId":809616,"hotelName":"Hotel Los Brezos","address":"Volcano,Panama,Panama","phones":"+5077875687","fax":"","email":"info@losbrezosvolcan.com","url":"http://losbrezosvolcan.com/","countryIso2":"PA","countryName":"Panama","hotelRating":"1","latitude":"8.80106","longitude":"-82.6289","state_id":null,"state_name":null,"country_id":null},{"active":false,"Giataid":"810789","cityId":null,"cityName":"Penonom?","hotelId":810789,"hotelName":"Hostal Familiar El Angel Panama B&B","address":"Cerro Colorado,Pajonal,Penonom?,Panama","phones":"","fax":"","email":"","url":"","countryIso2":"PA","countryName":"Panama","hotelRating":"1","latitude":"8.58015","longitude":"-80.3245","state_id":null,"state_name":null,"country_id":null},{"active":false,"Giataid":"812183","cityId":null,"cityName":"Volc?n","hotelId":812183,"hotelName":"Soursop Hostel","address":"Macadamia Drive,Volcan,Panama","phones":"","fax":"","email":"","url":"","countryIso2":"PA","countryName":"Panama","hotelRating":"1","latitude":"8.80106","longitude":"-82.6289","state_id":null,"state_name":null,"country_id":null},{"active":false,"Giataid":"814284","cityId":null,"cityName":"Penonom?","hotelId":814284,"hotelName":"Hotel Villa Esperanza","address":"Calle 1era Norte,Penonome,Panama","phones":"","fax":"","email":"hostal1villaesperanza@yahoo.com","url":"https://hostalvillaesperanza.blogspot.com/","countryIso2":"PA","countryName":"Panama","hotelRating":"1","latitude":"8.58015","longitude":"-80.3245","state_id":null,"state_name":null,"country_id":null},{"active":false,"Giataid":"823290","cityId":null,"cityName":"El Valle de Ant?n","hotelId":823290,"hotelName":"Hostal La Casa De Juan","address":"Despues De La Iglesia San Jose 200 Meters,En Ruta A La India Dormida,A Mano Derecha,Calle Principal El Valles,Valle De Anton,Panama","phones":"","fax":"","email":"lacasadejuanpanama@gmail.com","url":"http://lacasadejuanpanama.blogspot.com/","countryIso2":"PA","countryName":"Panama","hotelRating":"1","latitude":"8.61378","longitude":"-80.1324","state_id":null,"state_name":null,"country_id":null},{"active":false,"Giataid":"824567","cityId":null,"cityName":"El Valle de Ant?n","hotelId":824567,"hotelName":"Hostal Orquidea","address":"Llano Grade,En La Via Principal Al Lado De Las Oficina Del Mida y Anam,El Valle de Anton,Panama","phones":"","fax":"","email":"","url":"","countryIso2":"PA","countryName":"Panama","hotelRating":"1","latitude":"8.61378","longitude":"-80.1324","state_id":null,"state_name":null,"country_id":null},{"active":false,"Giataid":"830757","cityId":null,"cityName":"Isla Contadora","hotelId":830757,"hotelName":"Hibiscus House Bed & Breakfast","address":"Paseo Urraca,12345 Contadora,Panama","phones":"","fax":"","email":"allanb@breadner.com","url":"http://www.hibiscusbandb.com","countryIso2":"PA","countryName":"Panama","hotelRating":"1","latitude":"8.62368","longitude":"-79.043","state_id":null,"state_name":null,"country_id":null},{"active":false,"Giataid":"848789","cityId":null,"cityName":"El Valle de Ant?n","hotelId":848789,"hotelName":"Caracoral Hotel Boutique & Spa","address":"Avenue Los Millonarios,Entrada De Las Medinas,El Valle De Anton,Panama","phones":"","fax":"","email":"","url":"","countryIso2":"PA","countryName":"Panama","hotelRating":"1","latitude":"8.61378","longitude":"-80.1324","state_id":null,"state_name":null,"country_id":null},{"active":false,"Giataid":"372019","cityId":null,"cityName":"Taboga Island","hotelId":10050531,"hotelName":"Agua Sol Villa","address":"Cala de Principal 18,00507 Taboga,Panama","phones":"","fax":"","email":"","url":"","countryIso2":"PA","countryName":"Panama","hotelRating":"3","latitude":"8.7954","longitude":"-79.5543","state_id":null,"state_name":null,"country_id":null},{"active":false,"Giataid":"424221","cityId":null,"cityName":"Chitr?","hotelId":10067335,"hotelName":"Cubita Boutique Resort & Spa","address":"Circunvalaci?n,Avenida Roberto Ram?rez de Diego,Chitr?,Panama","phones":"+5079780200","fax":"","email":"","url":"","countryIso2":"PA","countryName":"Panama","hotelRating":"3","latitude":"7.96658","longitude":"-80.4583","state_id":null,"state_name":null,"country_id":null},{"active":false,"Giataid":"411751","cityId":null,"cityName":"Las Escobas del Venado","hotelId":10070417,"hotelName":"Playa Venao Hotel Resort","address":"Playa Venao,Pedas?,Los Santos,Panama","phones":"+5078385985","fax":"","email":"","url":"","countryIso2":"PA","countryName":"Panama","hotelRating":"3","latitude":"7.43272","longitude":"-80.1927","state_id":null,"state_name":null,"country_id":null},{"active":false,"Giataid":"721950","cityId":null,"cityName":"Las Escobas del Venado","hotelId":10071773,"hotelName":"Selina Playa Venao","address":"Playa Venao 1,Pedasi,Las Escobas del Venado,Panama","phones":"","fax":"","email":"","url":"","countryIso2":"PA","countryName":"Panama","hotelRating":"2","latitude":"7.43535","longitude":"-80.1957","state_id":null,"state_name":null,"country_id":null},{"active":false,"Giataid":"468842","cityId":null,"cityName":"Ant?n","hotelId":10071945,"hotelName":"Hato Viejo Boutique Hotel","address":"Carretera Panamericana Kilometro 124,Anton,Cocle,Panama","phones":"+5078004286","fax":"","email":"","url":"","countryIso2":"PA","countryName":"Panama","hotelRating":"3","latitude":"8.38778","longitude":"-80.2104","state_id":null,"state_name":null,"country_id":null},{"active":false,"Giataid":"470380","cityId":null,"cityName":"Las Escobas del Venado","hotelId":10110331,"hotelName":"Beach Break Hotel & Surf Camp de Playa Venao","address":"Playa Venao,07484,Pedasi,Panama","phones":"+50762452342","fax":"NULL","email":"NULL","url":"NULL","countryIso2":"PA","countryName":"Panama","hotelRating":"2","latitude":"7.43176","longitude":"-80.1897","state_id":null,"state_name":null,"country_id":null},{"active":false,"Giataid":"457840","cityId":null,"cityName":"Chitr?","hotelId":10119772,"hotelName":"Gran Hotel Azuero","address":"Paseo Enrique Geenzier,Chitr?,Panama","phones":"+5079965125","fax":"NULL","email":"NULL","url":"NULL","countryIso2":"PA","countryName":"Panama","hotelRating":"5","latitude":"7.9664","longitude":"-80.439","state_id":null,"state_name":null,"country_id":null},{"active":false,"Giataid":"459171","cityId":null,"cityName":"Chitr?","hotelId":20093806,"hotelName":"Hotel Villa Suiza Resort","address":"carretera nacional entre Parita y la arena,Chitr?,Panama","phones":"","fax":"","email":"","url":"http://www.booking.com/hotel/pa/villa-suiza.html?aid=357026","countryIso2":"PA","countryName":"Panama","hotelRating":"0","latitude":"7.96907","longitude":"-80.4867","state_id":null,"state_name":null,"country_id":null},{"active":false,"Giataid":"525090","cityId":null,"cityName":"San Blas Islands","hotelId":20093841,"hotelName":"Cabanas Demar Achudup","address":"Rio Sidra,San Blas,El Porvenir,Panama,Panama","phones":"","fax":"","email":"","url":"","countryIso2":"PA","countryName":"Panama","hotelRating":"3","latitude":"9.48051","longitude":"-78.6868","state_id":null,"state_name":null,"country_id":null},{"active":false,"Giataid":"626326","cityId":null,"cityName":"Taboga Island","hotelId":20094122,"hotelName":"Hotel Vereda Tropical","address":"Calle Francisco Pizarro,Isla Taboga,Taboga,Panama","phones":"","fax":"","email":"","url":"","countryIso2":"PA","countryName":"Panama","hotelRating":"3","latitude":"8.79228","longitude":"-79.5539","state_id":null,"state_name":null,"country_id":null},{"active":false,"Giataid":"48091","cityId":null,"cityName":"Isla Contadora","hotelId":20094296,"hotelName":"The Point","address":"Contadora,Las Perlas,Panama","phones":"+5078365434","fax":"","email":"reservations@thepointlasperlas.com","url":"http://hotelthepoint.com","countryIso2":"PA","countryName":"Panama","hotelRating":"3","latitude":"8.63235","longitude":"-79.0356","state_id":null,"state_name":null,"country_id":null},{"active":false,"Giataid":"700187","cityId":null,"cityName":"Isla Grande","hotelId":20094328,"hotelName":"Brother Sun Villas","address":"Camino Al Faro,Isla Grande,Panama","phones":"","fax":"","email":"","url":"","countryIso2":"PA","countryName":"Panama","hotelRating":"0","latitude":"9.63564","longitude":"-79.5604","state_id":null,"state_name":null,"country_id":null},{"active":false,"Giataid":"90636","cityId":null,"cityName":"Volc?n","hotelId":20094377,"hotelName":"Hotel dos Rios","address":"Nueva California 43,Volcano,Chiriqui,Panama","phones":"+5077714271","fax":"+5077715794","email":"hdosrios@cwpanama.net","url":"http://www.dosrios.com.pa","countryIso2":"PA","countryName":"Panama","hotelRating":"3","latitude":"8.79212","longitude":"-82.657","state_id":null,"state_name":null,"country_id":null},{"active":false,"Giataid":"366631","cityId":null,"cityName":"San Blas Islands","hotelId":20094415,"hotelName":"Yandup Island Lodge","address":"Kuna Yala (San Blas Islands),0819-05671 Play?n Chico,San Blas,Panama,Panama","phones":"+5072020854","fax":"","email":"reservas@yandupisland.com","url":"http://www.yandupisland.com/index.php","countryIso2":"PA","countryName":"Panama","hotelRating":"2","latitude":"9.55922","longitude":"-78.9469","state_id":null,"state_name":null,"country_id":null},{"active":false,"Giataid":"48087","cityId":null,"cityName":"Isla Grande","hotelId":20094564,"hotelName":"Bananas Village Resort","address":"Isla Grande,Panama","phones":"+5072639510","fax":"+5072647556","email":"","url":"http://www.bananasresort.com","countryIso2":"PA","countryName":"Panama","hotelRating":"2","latitude":"9.63555","longitude":"-79.5634","state_id":null,"state_name":null,"country_id":null},{"active":false,"Giataid":"710461","cityId":null,"cityName":"Isla Contadora","hotelId":20094624,"hotelName":"Gemini Villas","address":"Paseo Urraca 50,Contadora Island,Panama","phones":"","fax":"","email":"","url":"","countryIso2":"PA","countryName":"Panama","hotelRating":"3","latitude":"8.63171","longitude":"-79.0355","state_id":null,"state_name":null,"country_id":null},{"active":false,"Giataid":"727248","cityId":null,"cityName":"El Valle de Ant?n","hotelId":20094752,"hotelName":"Niyati","address":"Calle La Pintada 10,El Valle de Anton,Panama","phones":"","fax":"","email":"","url":"","countryIso2":"PA","countryName":"Panama","hotelRating":"0","latitude":"8.61378","longitude":"-80.1324","state_id":null,"state_name":null,"country_id":null},{"active":false,"Giataid":"261481","cityId":null,"cityName":"El Valle de Ant?n","hotelId":20094882,"hotelName":"Park Eden","address":"Espave St.#7.,P.O. Box: 0830.00359,El Valle de Ant?n-Panam?,Panama","phones":"+5079836167","fax":"+5072268858","email":"parkeden@cwpanama.net","url":"http://www.parkeden.com","countryIso2":"PA","countryName":"Panama","hotelRating":"2","latitude":"8.61768","longitude":"-80.1312","state_id":null,"state_name":null,"country_id":null},{"active":false,"Giataid":"48088","cityId":null,"cityName":"San Blas Islands","hotelId":20095526,"hotelName":"Dolphin Island Lodge","address":"Uaguitupu Island,San Blas Islands,Panama","phones":"+5078325144","fax":"","email":"","url":"http://uaguinega.com/","countryIso2":"PA","countryName":"Panama","hotelRating":"2","latitude":"9.59343","longitude":"-78.7536","state_id":null,"state_name":null,"country_id":null},{"active":false,"Giataid":"699745","cityId":null,"cityName":"Chitr?","hotelId":20095717,"hotelName":"Hotel La Esperanza","address":"Avenue Carmelo Spadafora,Plaza Esperanza,060101 Chitre,Herrera,Panama","phones":"","fax":"","email":"","url":"","countryIso2":"PA","countryName":"Panama","hotelRating":"0","latitude":"7.96481","longitude":"-80.4223","state_id":null,"state_name":null,"country_id":null},{"active":false,"Giataid":"474328","cityId":null,"cityName":"El Valle de Ant?n","hotelId":20095737,"hotelName":"Hotel Campestre","address":"Calle El Hato,La Entrada del Valle,0816 El Valle de Ant?n,Panama,Panama","phones":"+5079836146","fax":"+5079836460","email":"reservaciones@hotelcampestre.com","url":"http://hotelcampestre.com","countryIso2":"PA","countryName":"Panama","hotelRating":"0","latitude":"8.6099","longitude":"-80.1147","state_id":null,"state_name":null,"country_id":null},{"active":false,"Giataid":"380067","cityId":null,"cityName":"Taborcillo","hotelId":20096844,"hotelName":"Taborcillo Island Resort","address":"Isla Taborcillo,Distrito Capira,0832 Panama,Panama","phones":"","fax":"","email":"","url":"","countryIso2":"PA","countryName":"Panama","hotelRating":"0","latitude":"8.67298","longitude":"-79.742","state_id":null,"state_name":null,"country_id":null},{"active":false,"Giataid":"380067","cityId":null,"cityName":"Taborcillo","hotelId":20096900,"hotelName":"Taborcillo Island Resort","address":"Isla Taborcillo,Distrito Capira,0832 Panama,Panama","phones":"","fax":"","email":"","url":"","countryIso2":"PA","countryName":"Panama","hotelRating":"0","latitude":"8.67288","longitude":"-79.742","state_id":null,"state_name":null,"country_id":null},{"active":false,"Giataid":"378180","cityId":null,"cityName":"Isla Contadora","hotelId":20097765,"hotelName":"Hotel Gerald","address":"Contadora Island,Contadora,Panama","phones":"+5072504159","fax":"+5072504149","email":"info@island-contadora.com","url":"http://www.island-contadora.com","countryIso2":"PA","countryName":"Panama","hotelRating":"4","latitude":"8.6317","longitude":"-79.0342","state_id":null,"state_name":null,"country_id":null},{"active":false,"Giataid":"525094","cityId":null,"cityName":"San Blas Islands","hotelId":20097912,"hotelName":"Cabanas Isla Aguja","address":"San Blas, Comarca,San Blas Islands,Panama","phones":"","fax":"","email":"","url":"","countryIso2":"PA","countryName":"Panama","hotelRating":"0","latitude":"9.48051","longitude":"-78.6868","state_id":null,"state_name":null,"country_id":null},{"active":false,"Giataid":"626354","cityId":null,"cityName":"Isla Contadora","hotelId":20097941,"hotelName":"Villa Condesa Del Mar","address":"Contadora Island,Contadora,Panama","phones":"","fax":"","email":"","url":"","countryIso2":"PA","countryName":"Panama","hotelRating":"0","latitude":"8.62521","longitude":"-79.0356","state_id":null,"state_name":null,"country_id":null},{"active":false,"Giataid":"699776","cityId":null,"cityName":"Chitr?","hotelId":20098031,"hotelName":"Hotel Versalles","address":"Paseo Enrrique Geenzier,Chitre,Herrera,Panama","phones":"+5079964422","fax":"","email":"reservaciones@hotelversalles.com","url":"http://www.hotelversalles.com","countryIso2":"PA","countryName":"Panama","hotelRating":"0","latitude":"7.96481","longitude":"-80.4223","state_id":null,"state_name":null,"country_id":null},{"active":false,"Giataid":"699883","cityId":null,"cityName":"Taboga Island","hotelId":20098312,"hotelName":"Taboga Palace Spa Hotel","address":"Calle Francisco Pizarro,San Pedro,081101 Taboga,Panama","phones":"","fax":"","email":"info@tabogapalace.com","url":"http://www.tabogapalace.com","countryIso2":"PA","countryName":"Panama","hotelRating":"0","latitude":"8.79228","longitude":"-79.5539","state_id":null,"state_name":null,"country_id":null},{"active":false,"Giataid":"518826","cityId":null,"cityName":"Isla Contadora","hotelId":20098506,"hotelName":"Perla Real By the Sea Hotel Playa Cacique","address":"Playa Cacique #50,Isla Contadora,Pearl Islands,Panama","phones":"+50765139064","fax":"","email":"reservations@perlareal.com","url":"http://www.perlareal.com/","countryIso2":"PA","countryName":"Panama","hotelRating":"0","latitude":"8.63171","longitude":"-79.0355","state_id":null,"state_name":null,"country_id":null},{"active":false,"Giataid":"58320","cityId":null,"cityName":"Isla Contadora","hotelId":20098607,"hotelName":"Mar Y Oro","address":"Cacique Beach,Contadora Island,Panama","phones":"+5072027426","fax":"","email":"reservations@maryoro.com","url":"http://www.maryoro.com/","countryIso2":"PA","countryName":"Panama","hotelRating":"0","latitude":"8.62475","longitude":"-79.0373","state_id":null,"state_name":null,"country_id":null},{"active":false,"Giataid":"723678","cityId":null,"cityName":"Volc?n","hotelId":20098662,"hotelName":"Cielito Sur Bed and Breakfast","address":"Volcan,Chiriqui,Panama","phones":"+5077712038","fax":"","email":"stay@cielitosur.com","url":"http://www.cielitosur.com","countryIso2":"PA","countryName":"Panama","hotelRating":"0","latitude":"8.80106","longitude":"-82.6289","state_id":null,"state_name":null,"country_id":null},{"active":false,"Giataid":"626375","cityId":null,"cityName":"El Valle de Ant?n","hotelId":20098790,"hotelName":"Crater Valley Boutique Hotel","address":"Calle Capirita,y Calle Ranita de Oro,1001 El Valle de Ant?n,Cocl? Province,Panama","phones":"+5079836942","fax":"+5072152329","email":"info@crater-valley.com","url":"http://crater-valley.com","countryIso2":"PA","countryName":"Panama","hotelRating":"0","latitude":"8.60205","longitude":"-80.1135","state_id":null,"state_name":null,"country_id":null},{"active":false,"Giataid":"10717","cityId":null,"cityName":"Isla Contadora","hotelId":20099361,"hotelName":"Contadora Beach Resort","address":"Arquipelago De Las Perlas 1,Isla Contadora,Panama City,Panama","phones":"+5072143719","fax":"+5072641178","email":"ventas@hotelcontadora.com","url":"","countryIso2":"PA","countryName":"Panama","hotelRating":"3","latitude":"8.63019","longitude":"-79.0324","state_id":null,"state_name":null,"country_id":null},{"active":false,"Giataid":"700881","cityId":null,"cityName":"El Valle de Ant?n","hotelId":20099670,"hotelName":"Villa Sarahlouna","address":"Calle Central,Lot 237,Valle De Anton,Panama","phones":"","fax":"","email":"","url":"","countryIso2":"PA","countryName":"Panama","hotelRating":"0","latitude":"8.61378","longitude":"-80.1324","state_id":null,"state_name":null,"country_id":null},{"active":false,"Giataid":"600723","cityId":null,"cityName":"El Valle de Ant?n","hotelId":20099894,"hotelName":"Hotel Rincon Vallero","address":"Espave,Quebrada Amarilla,El Valle de Anton,Panama","phones":"+5079836175","fax":"+5079836791","email":"hotelrinconvallero@yahoo.com","url":"http://www.hotelrinconvallero.com/","countryIso2":"PA","countryName":"Panama","hotelRating":"3","latitude":"8.60422","longitude":"-80.1262","state_id":null,"state_name":null,"country_id":null},{"active":false,"Giataid":"699951","cityId":null,"cityName":"El Valle de Ant?n","hotelId":20099949,"hotelName":"Puerta del Sol B&B","address":"Avenida los Millonarios,1001 El Valle de Anton,Cocle,Panama","phones":"","fax":"","email":"","url":"","countryIso2":"PA","countryName":"Panama","hotelRating":"0","latitude":"8.61378","longitude":"-80.1324","state_id":null,"state_name":null,"country_id":null},{"active":false,"Giataid":"724140","cityId":null,"cityName":"Santa Clara, R?o Hato","hotelId":20100309,"hotelName":"Villa Botero By Casa Mojito","address":"Calle Aviacion,Rio Hato,Santa Clara,Cocl?,Panama","phones":"+50760127074","fax":"","email":"casamojitopanama@gmail.com","url":"http://www.casamojitopanama.com","countryIso2":"PA","countryName":"Panama","hotelRating":"0","latitude":"8.38059","longitude":"-80.1111","state_id":null,"state_name":null,"country_id":null},{"active":false,"Giataid":"725482","cityId":null,"cityName":"San Blas Islands","hotelId":20101818,"hotelName":"Hotel Cabanas Coco Blanco","address":"Comarca Guna Yala,San Blas,Panama","phones":"","fax":"","email":"","url":"","countryIso2":"PA","countryName":"Panama","hotelRating":"0","latitude":"9.48051","longitude":"-78.6868","state_id":null,"state_name":null,"country_id":null},{"active":false,"Giataid":"600721","cityId":null,"cityName":"Chitr?","hotelId":20101978,"hotelName":"Hotel Bali Panama","address":"Herrera,Chitre,Panama","phones":"+5079964620","fax":"","email":"cjaen@balipanama.com","url":"http://www.hotelbalipanama.com/","countryIso2":"PA","countryName":"Panama","hotelRating":"0","latitude":"7.96337","longitude":"-80.4279","state_id":null,"state_name":null,"country_id":null},{"active":false,"Giataid":"458420","cityId":null,"cityName":"Taboga Island","hotelId":20102065,"hotelName":"Villa Caprichosa","address":"Isla Taboga,Taboga,Panama","phones":"+50766321725","fax":"","email":"villacaprichos@outlook.com","url":"http://www.villacaprichosa.com/","countryIso2":"PA","countryName":"Panama","hotelRating":"0","latitude":"8.79271","longitude":"-79.5545","state_id":null,"state_name":null,"country_id":null},{"active":false,"Giataid":"518845","cityId":null,"cityName":"San Blas Islands","hotelId":20102432,"hotelName":"Hotel Porvenir","address":"Isla el Porvenir Kuna Yala KunaYala,San Blas Island,Panama,Panama","phones":"+50767182826","fax":"","email":"info@hotelporvenir.com","url":"http://www.hotelporvenir.com/","countryIso2":"PA","countryName":"Panama","hotelRating":"3","latitude":"9.56884","longitude":"-78.8248","state_id":null,"state_name":null,"country_id":null},{"active":false,"Giataid":"298750","cityId":null,"cityName":"San Blas Islands","hotelId":20102491,"hotelName":"Dad Ibe Lodge","address":"Kuna Yala,San Blas Islands,Panama","phones":"+50761125448","fax":"","email":"info@dadibelodge.net","url":"http://www.dadibelodge.net/","countryIso2":"PA","countryName":"Panama","hotelRating":"0","latitude":"9.235","longitude":"-78.0171","state_id":null,"state_name":null,"country_id":null},{"active":false,"Giataid":"502392","cityId":null,"cityName":"Volc?n","hotelId":20102566,"hotelName":"Hostal Victoria Volcan Chiriqui","address":"4th North Street,Volcan,Panama","phones":"","fax":"","email":"","url":"http://www.hostalvictoriavolcanchiriqui.top/","countryIso2":"PA","countryName":"Panama","hotelRating":"2","latitude":"8.78331","longitude":"-82.6421","state_id":null,"state_name":null,"country_id":null},{"active":false,"Giataid":"699730","cityId":null,"cityName":"Chitr?","hotelId":20102745,"hotelName":"Hotel Rex","address":"Calle Melit?n Mart?n,Frente al Parque Union,Chitr?,Panama","phones":"+5079964310","fax":"","email":"info@hotelrexchitre.com","url":"http://www.hotelrexchitre.com","countryIso2":"PA","countryName":"Panama","hotelRating":"3","latitude":"7.96481","longitude":"-80.4223","state_id":null,"state_name":null,"country_id":null},{"active":false,"Giataid":"310849","cityId":null,"cityName":"Pearl Islands","hotelId":20102864,"hotelName":"Hacienda del Mar","address":"San Jose Island,Pearl Islands,Panama","phones":"+5072696613","fax":"","email":"info@haciendadelmar.net","url":"http://haciendadelmar.net/en/","countryIso2":"PA","countryName":"Panama","hotelRating":"3","latitude":"8.22738","longitude":"-79.1084","state_id":null,"state_name":null,"country_id":null},{"active":false,"Giataid":"726742","cityId":null,"cityName":"Isla Contadora","hotelId":20103675,"hotelName":"La Romantica","address":"Isla Contadora,Panama,Panama","phones":"","fax":"","email":"","url":"","countryIso2":"PA","countryName":"Panama","hotelRating":"0","latitude":"8.63171","longitude":"-79.0355","state_id":null,"state_name":null,"country_id":null},{"active":false,"Giataid":"727072","cityId":null,"cityName":"Isla Contadora","hotelId":20103759,"hotelName":"Los Caracoles Guest House","address":"Isla Contadora,Contadora Island,Panama","phones":"+5072504094","fax":"","email":"info@guesthousecontadora.com","url":"http://guesthousecontadora.com","countryIso2":"PA","countryName":"Panama","hotelRating":"0","latitude":"8.63171","longitude":"-79.0355","state_id":null,"state_name":null,"country_id":null},{"active":false,"Giataid":"726675","cityId":null,"cityName":"Penonom?","hotelId":20103802,"hotelName":"Dimashq","address":"Damian Carles,Penonome,Panama","phones":"","fax":"","email":"","url":"","countryIso2":"PA","countryName":"Panama","hotelRating":"0","latitude":"8.58015","longitude":"-80.3245","state_id":null,"state_name":null,"country_id":null},{"active":false,"Giataid":"693543","cityId":null,"cityName":"Isla Contadora","hotelId":20104730,"hotelName":"Contadora Island Inn B&B","address":"The Pearls Archipelago,Contadora Island,Panama","phones":"+5072504164","fax":"","email":"melinda@contadoraislandinn.com","url":"http://www.contadoraislandinn.com/","countryIso2":"PA","countryName":"Panama","hotelRating":"0","latitude":"8.63171","longitude":"-79.0355","state_id":null,"state_name":null,"country_id":null},{"active":false,"Giataid":"724060","cityId":null,"cityName":"La Villa de los Santos","hotelId":20104819,"hotelName":"Paradise Resort Hotel","address":"Carretera Nacional,La Villa de los Santos,Los Santos,Panama","phones":"","fax":"","email":"","url":"","countryIso2":"PA","countryName":"Panama","hotelRating":"3","latitude":"7.92945","longitude":"-80.399","state_id":null,"state_name":null,"country_id":null},{"active":false,"Giataid":"626342","cityId":null,"cityName":"El Valle de Ant?n","hotelId":20104900,"hotelName":"Hotel Restaurante Valle Verde","address":"Calle de la Cooperativa,Calle El Ciclo,1900 El Valle,Panama","phones":"+5079836080","fax":"+5079836505","email":"reservas@hotel-valleverde.com","url":"http://www.hotel-valleverde.com/","countryIso2":"PA","countryName":"Panama","hotelRating":"2","latitude":"8.60777","longitude":"-80.1193","state_id":null,"state_name":null,"country_id":null},{"active":false,"Giataid":"727090","cityId":null,"cityName":"San Blas Islands","hotelId":20105383,"hotelName":"Cabanas Ukuptupu","address":"San Blas,El Porvenir,Panama","phones":"","fax":"","email":"","url":"","countryIso2":"PA","countryName":"Panama","hotelRating":"0","latitude":"9.48051","longitude":"-78.6868","state_id":null,"state_name":null,"country_id":null},{"active":false,"Giataid":"518836","cityId":null,"cityName":"Isla Contadora","hotelId":20105795,"hotelName":"Perla Real Inn","address":"Passeo Urraca 50,Contadora,Pearl Islands Panama,Panama","phones":"+50765139064","fax":"","email":"reservations@perlareal.com","url":"http://www.perlareal.com/","countryIso2":"PA","countryName":"Panama","hotelRating":"3","latitude":"8.6233","longitude":"-79.0424","state_id":null,"state_name":null,"country_id":null},{"active":false,"Giataid":"282579","cityId":null,"cityName":"Chitr?","hotelId":20105911,"hotelName":"Casa Zabad, Hostal-Cafe","address":"Calle Segundo de Villarreal 3686,Chitre,Panama","phones":"","fax":"","email":"","url":"","countryIso2":"PA","countryName":"Panama","hotelRating":"2","latitude":"7.93771","longitude":"-80.4135","state_id":null,"state_name":null,"country_id":null},{"active":false,"Giataid":"727089","cityId":null,"cityName":"San Blas Islands","hotelId":20105955,"hotelName":"Vip One","address":"00011 San Blas,El Porvenir,Panama","phones":"","fax":"","email":"","url":"","countryIso2":"PA","countryName":"Panama","hotelRating":"0","latitude":"9.44657","longitude":"-79.0269","state_id":null,"state_name":null,"country_id":null},{"active":false,"Giataid":"543474","cityId":null,"cityName":"Isla Contadora","hotelId":20105989,"hotelName":"Hostal Las Perlas de Contadora","address":"Calle Principal,Contadora Island,Arquipielago de las Perlas,Panama","phones":"","fax":"","email":"","url":"","countryIso2":"PA","countryName":"Panama","hotelRating":"0","latitude":"8.63171","longitude":"-79.0355","state_id":null,"state_name":null,"country_id":null},{"active":false,"Giataid":"725725","cityId":null,"cityName":"Isla Contadora","hotelId":20106003,"hotelName":"Casa Del Sol Bed And Breakfast","address":"Contadora,Contadora Island,Panama,Panama","phones":"+50765188284","fax":"","email":"contact@panama-isla-contadora.com","url":"http://www.panama-isla-contadora.com","countryIso2":"PA","countryName":"Panama","hotelRating":"3","latitude":"8.62311","longitude":"-79.0427","state_id":null,"state_name":null,"country_id":null},{"active":false,"Giataid":"90629","cityId":null,"cityName":"San Blas Islands","hotelId":20107255,"hotelName":"Sapibenega Lodge","address":"Playon Chico,0823-04029 zona 7,Comarca San Blas,Panama","phones":"+5072151406","fax":"+5072153724","email":"sapibenega@cwpanama.net","url":"http://www.sapibenega.com","countryIso2":"PA","countryName":"Panama","hotelRating":"0","latitude":"9.5669","longitude":"-78.8262","state_id":null,"state_name":null,"country_id":null},{"active":false,"Giataid":"455340","cityId":null,"cityName":"Isla Grande","hotelId":20107290,"hotelName":"Hotel Sister Moon","address":"Punta del Este,Isla Grande,Panama","phones":"+50760346187","fax":"","email":"info@hotelsistermoon.com","url":"http://www.hotelsistermoon.com/","countryIso2":"PA","countryName":"Panama","hotelRating":"0","latitude":"9.63572","longitude":"-79.5573","state_id":null,"state_name":null,"country_id":null},{"active":false,"Giataid":"90641","cityId":null,"cityName":"El Valle de Ant?n","hotelId":20107363,"hotelName":"Los Capitanes Eco-Resort","address":"Calle de la Cooperativa,El Valle de Anton,Panama","phones":"+5079836080","fax":"+5079836505","email":"capitanes@cwpanama.net","url":"http://P.O.","countryIso2":"PA","countryName":"Panama","hotelRating":"2","latitude":"8.61643","longitude":"-80.1335","state_id":null,"state_name":null,"country_id":null},{"active":false,"Giataid":"725826","cityId":null,"cityName":"Isla Contadora","hotelId":20107406,"hotelName":"Villa Llopi","address":"Isla Contadora,Contadora Island,Panama","phones":"","fax":"","email":"","url":"","countryIso2":"PA","countryName":"Panama","hotelRating":"0","latitude":"8.63171","longitude":"-79.0355","state_id":null,"state_name":null,"country_id":null},{"active":false,"Giataid":"627106","cityId":null,"cityName":"Penonom?","hotelId":20107498,"hotelName":"Hotel Cocle","address":"Via Interamericana,Penonom?,Panama","phones":"+5079085039","fax":"","email":"guests@welcomeinn.com","url":"http://hotelcocle.com/","countryIso2":"PA","countryName":"Panama","hotelRating":"0","latitude":"8.58015","longitude":"-80.3245","state_id":null,"state_name":null,"country_id":null},{"active":false,"Giataid":"626381","cityId":null,"cityName":"El Valle de Ant?n","hotelId":20107592,"hotelName":"The Golden Frog Inn","address":"El Pastoreo,Calle Capirita,Valle de Anton,Panama","phones":"+5079836117","fax":"","email":"thegoldenfroginn@gmail.com","url":"http://goldenfroginn.com/","countryIso2":"PA","countryName":"Panama","hotelRating":"0","latitude":"8.61062","longitude":"-80.1109","state_id":null,"state_name":null,"country_id":null},{"active":false,"Giataid":"725708","cityId":null,"cityName":"El Valle de Ant?n","hotelId":20107695,"hotelName":"Paseo Suites","address":"Avenida Principal,El Valle De Anton,Panama","phones":"+5079087037","fax":"","email":"info@paseosuites.com","url":"http://paseosuites.com/","countryIso2":"PA","countryName":"Panama","hotelRating":"3","latitude":"8.60071","longitude":"-80.1198","state_id":null,"state_name":null,"country_id":null},{"active":false,"Giataid":"697917","cityId":null,"cityName":"Isla Bastimentos National Marine Park","hotelId":20357383,"hotelName":"Rafaels House","address":"Main Street,Old Bank,Isla Bastimentos,Panama","phones":"","fax":"","email":"","url":"","countryIso2":"PA","countryName":"Panama","hotelRating":"0","latitude":"9.34632","longitude":"-82.207","state_id":null,"state_name":null,"country_id":null},{"active":false,"Giataid":"813218","cityId":null,"cityName":"Isla Bastimentos National Marine Park","hotelId":20357385,"hotelName":"Hostal Bastimentos","address":"Isla Bastimentos,Panama","phones":"","fax":"","email":"","url":"","countryIso2":"PA","countryName":"Panama","hotelRating":"0","latitude":"9.34828","longitude":"-82.2092","state_id":null,"state_name":null,"country_id":null},{"active":false,"Giataid":"726620","cityId":null,"cityName":"Isla Colon","hotelId":20357386,"hotelName":"Hostal Camping la Y Griega","address":"En La Y Griega,00011 Isla Colon,Bocas del Toro,Panama","phones":"","fax":"","email":"campinglay@gmail.com","url":"http://www.hostalcampinglaygriega.com/","countryIso2":"PA","countryName":"Panama","hotelRating":"0","latitude":"9.33978","longitude":"-82.2408","state_id":null,"state_name":null,"country_id":null},{"active":false,"Giataid":"831377","cityId":null,"cityName":"Isla Colon","hotelId":20357387,"hotelName":"Bluff Beach Retreat","address":"Bluff Beach Road,Isla Colon,Bocas del Toro,Panama","phones":"+5076778867","fax":"","email":"ron@bluffbeachretreat.com","url":"http://www.bluffbeachretreat.com","countryIso2":"PA","countryName":"Panama","hotelRating":"0","latitude":"9.39793","longitude":"-82.2454","state_id":null,"state_name":null,"country_id":null},{"active":false,"Giataid":"724130","cityId":null,"cityName":"Las Escobas del Venado","hotelId":20357389,"hotelName":"Venao Cove","address":"Calle Principal Playa Venao,Las Escobas del Venado,Los Santos,Panama","phones":"+50764272129","fax":"","email":"info@venaocove.com","url":"https://www.playa-venao-panama.com/","countryIso2":"PA","countryName":"Panama","hotelRating":"0","latitude":"7.43116","longitude":"-80.2065","state_id":null,"state_name":null,"country_id":null},{"active":false,"Giataid":"729121","cityId":null,"cityName":"Isla Bastimentos National Marine Park","hotelId":20357392,"hotelName":"Los Secretos Guesthouse","address":"Bahia Honda,Isla Bastimentos,Panama","phones":"","fax":"","email":"xavrichard@hotmail.com","url":"https://lossecretosguesthouse.wordpress.com","countryIso2":"PA","countryName":"Panama","hotelRating":"0","latitude":"9.31018","longitude":"-82.1713","state_id":null,"state_name":null,"country_id":null},{"active":false,"Giataid":"810764","cityId":null,"cityName":"Isla Colon","hotelId":20357396,"hotelName":"Bocas Surf School & Hostel","address":"Avenida H Norte,Ground Creek,Panama","phones":"","fax":"","email":"info@bocassurfschool.com","url":"http://www.bocassurfschool.com","countryIso2":"PA","countryName":"Panama","hotelRating":"0","latitude":"9.33978","longitude":"-82.2408","state_id":null,"state_name":null,"country_id":null},{"active":false,"Giataid":"627098","cityId":null,"cityName":"Las Escobas del Venado","hotelId":20357397,"hotelName":"El Sitio Hotel","address":"Playa Venao,Las Escobas del Venado,Los Santos,Panama","phones":"+5078321010","fax":"","email":"info@elsitiohotel.com","url":"http://www.elsitiohotel.com","countryIso2":"PA","countryName":"Panama","hotelRating":"0","latitude":"7.43255","longitude":"-80.1928","state_id":null,"state_name":null,"country_id":null},{"active":false,"Giataid":"725544","cityId":null,"cityName":"Isla Bastimentos National Marine Park","hotelId":20357402,"hotelName":"Residencia Natural","address":"Punta Vieja Beach,Old Point,Isla Bastimentos,Bocas del Toro,Panama","phones":"","fax":"","email":"","url":"","countryIso2":"PA","countryName":"Panama","hotelRating":"0","latitude":"9.33599","longitude":"-82.183","state_id":null,"state_name":null,"country_id":null},{"active":false,"Giataid":"760839","cityId":null,"cityName":"Punta Chame","hotelId":20357404,"hotelName":"Punta Chame Club And Resort","address":"Calle Principal Del Mangotre Hacia Punta Chame s/n,Bejuco,Panama","phones":"","fax":"","email":"","url":"http://www.punta-chame-resort.com","countryIso2":"PA","countryName":"Panama","hotelRating":"0","latitude":"8.59923","longitude":"-79.8825","state_id":null,"state_name":null,"country_id":null},{"active":false,"Giataid":"700420","cityId":null,"cityName":"Isla Colon","hotelId":20357410,"hotelName":"Calipso Hostel","address":"Calle 3ra,In front of the Municipality,01010 Isla Colon,Bocas del toro,Panama","phones":"+5077579864","fax":"","email":"info@calipsobocas.com","url":"http://www.calipsobocas.com","countryIso2":"PA","countryName":"Panama","hotelRating":"0","latitude":"9.34038","longitude":"-82.2409","state_id":null,"state_name":null,"country_id":null},{"active":false,"Giataid":"725783","cityId":null,"cityName":"Isla Colon","hotelId":20357403,"hotelName":"Casa Abundancyah B&B","address":"Big Creek On Road To Bluff Beach,Acrose The Street From Villa Paraso,Bocas Town,Isla Colon,Panama","phones":"","fax":"","email":"","url":"","countryIso2":"PA","countryName":"Panama","hotelRating":"3","latitude":"9.36001","longitude":"-82.2499","state_id":null,"state_name":null,"country_id":null},{"active":false,"Giataid":"698434","cityId":null,"cityName":"Isla Bastimentos National Marine Park","hotelId":20357408,"hotelName":"Free Spirit Inn","address":"Bastimentos Island,Bocas Del Toro,Panama","phones":"","fax":"","email":"","url":"","countryIso2":"PA","countryName":"Panama","hotelRating":"0","latitude":"9.33684","longitude":"-82.2083","state_id":null,"state_name":null,"country_id":null},{"active":false,"Giataid":"760859","cityId":null,"cityName":"Isla Colon","hotelId":20357411,"hotelName":"Villa Sevilla","address":"Big Creek,Isla Colon,Bocas Del Toro,Panama","phones":"","fax":"","email":"","url":"","countryIso2":"PA","countryName":"Panama","hotelRating":"0","latitude":"9.36356","longitude":"-82.2452","state_id":null,"state_name":null,"country_id":null},{"active":false,"Giataid":"745396","cityId":null,"cityName":"Las Escobas del Venado","hotelId":20357412,"hotelName":"Tipi Hostel","address":"Playa Venao,Panama","phones":"","fax":"","email":"","url":"","countryIso2":"PA","countryName":"Panama","hotelRating":"2","latitude":"7.4335","longitude":"-80.1919","state_id":null,"state_name":null,"country_id":null},{"active":false,"Giataid":"600958","cityId":null,"cityName":"Isla Bastimentos National Marine Park","hotelId":20357415,"hotelName":"Kalis Casa over the Sea","address":"Old Bank,Isla Bastimentos,Panama","phones":"","fax":"","email":"","url":"","countryIso2":"PA","countryName":"Panama","hotelRating":"0","latitude":"9.30876","longitude":"-82.1438","state_id":null,"state_name":null,"country_id":null},{"active":false,"Giataid":"726815","cityId":null,"cityName":"Isla Bastimentos National Marine Park","hotelId":20357417,"hotelName":"Bubbas House","address":"Old Bank,Bastimentos,Bocas Del Toro,Panama","phones":"","fax":"","email":"info@bubbas.house","url":"http://bubbas.house","countryIso2":"PA","countryName":"Panama","hotelRating":"0","latitude":"9.34844","longitude":"-82.2097","state_id":null,"state_name":null,"country_id":null},{"active":false,"Giataid":"727946","cityId":null,"cityName":"Isla Bastimentos National Marine Park","hotelId":20357418,"hotelName":"Selina Red Frog","address":"Red Frog Beach,Bocas del Toro,Isla Bastimento,Panama","phones":"+5078007354","fax":"","email":"reservations@selina.com","url":"https://www.selina.com/red-frog/","countryIso2":"PA","countryName":"Panama","hotelRating":"0","latitude":"9.33599","longitude":"-82.183","state_id":null,"state_name":null,"country_id":null},{"active":false,"Giataid":"823179","cityId":null,"cityName":"Isla Bastimentos National Marine Park","hotelId":20357419,"hotelName":"Red Frog Bungalows","address":"808 Red Frog Beach,95070 Bastimentos,Panama","phones":"+5078684060","fax":"","email":"redfrogbungalows@yahoo.com","url":"http://www.redfrogbungalows.com/","countryIso2":"PA","countryName":"Panama","hotelRating":"0","latitude":"9.33599","longitude":"-82.183","state_id":null,"state_name":null,"country_id":null},{"active":false,"Giataid":"427384","cityId":null,"cityName":"Isla Colon","hotelId":20357420,"hotelName":"Bocas Paradise Hotel & Restaurant","address":"First Street,next to Taxi 25,Isla Colon,Bocas del Toro,Panama","phones":"","fax":"","email":"info@bocasparadisehotel.com","url":"http://bocasparadisehotel.com","countryIso2":"PA","countryName":"Panama","hotelRating":"3","latitude":"9.33978","longitude":"-82.2395","state_id":null,"state_name":null,"country_id":null},{"active":false,"Giataid":"831518","cityId":null,"cityName":"Isla Colon","hotelId":20357421,"hotelName":"Surf Break At Paunch","address":"Paunch Beach,Road To Bluff,Near Paunch Surf Break,Isla Colon,Bocas Del Toro,Panama","phones":"","fax":"","email":"info@surfbreakatpaunch.com","url":"http://surfbreakatpaunch.com","countryIso2":"PA","countryName":"Panama","hotelRating":"0","latitude":"9.33978","longitude":"-82.2408","state_id":null,"state_name":null,"country_id":null},{"active":false,"Giataid":"724259","cityId":null,"cityName":"Mariato","hotelId":20357424,"hotelName":"Hotel Playa Reina","address":"In Front Of The Beach In Mariato Coast,Mariato,Veraguas Province,Panama","phones":"","fax":"","email":"info@hotelplayareina.com","url":"http://hotelplayareina.com","countryIso2":"PA","countryName":"Panama","hotelRating":"0","latitude":"7.59818","longitude":"-80.9791","state_id":null,"state_name":null,"country_id":null},{"active":false,"Giataid":"515427","cityId":null,"cityName":"Isla Bastimentos National Marine Park","hotelId":20357425,"hotelName":"Palmar BeachLodge","address":"Red frog beach,Isla bastimentos,bocas del toro,Panama","phones":"+5078388552","fax":"","email":"info@palmarbocas.com","url":"","countryIso2":"PA","countryName":"Panama","hotelRating":"0","latitude":"9.34366","longitude":"-82.1787","state_id":null,"state_name":null,"country_id":null},{"active":false,"Giataid":"724123","cityId":null,"cityName":"Isla Bastimentos National Marine Park","hotelId":20357426,"hotelName":"Hotel Eclypse de Mar Acqua Lodge","address":"Old Bank,Isla Bastimentos,Bastimentos,Panama","phones":"+50766114581","fax":"","email":"eclypsedemaracqualodge@gmail.com","url":"http://www.eclypsedemar.com/","countryIso2":"PA","countryName":"Panama","hotelRating":"0","latitude":"9.34584","longitude":"-82.2064","state_id":null,"state_name":null,"country_id":null},{"active":false,"Giataid":"727751","cityId":null,"cityName":"Isla Bastimentos National Marine Park","hotelId":20357427,"hotelName":"Coco Hill","address":"Isla Bastimentos,Bocas Del Toro,Panama","phones":"","fax":"","email":"","url":"","countryIso2":"PA","countryName":"Panama","hotelRating":"0","latitude":"9.33599","longitude":"-82.183","state_id":null,"state_name":null,"country_id":null},{"active":false,"Giataid":"626345","cityId":null,"cityName":"Isla Bastimentos National Marine Park","hotelId":20357435,"hotelName":"Hotel Caribbean View","address":"Isla Bastimentos Bocas Del Toro,Bastimentos,Panama","phones":"+5077579442","fax":"","email":"hotelcaribbeanview@gmail.com","url":"http://hotelcaribbeanview.bocas.com","countryIso2":"PA","countryName":"Panama","hotelRating":"2","latitude":"9.34609","longitude":"-82.2066","state_id":null,"state_name":null,"country_id":null},{"active":false,"Giataid":"474289","cityId":null,"cityName":"Isla Bastimentos National Marine Park","hotelId":20357434,"hotelName":"Dreamcatcher Hostel","address":"Calle Principal Llegando En Bote Al,Parque Y La Policia,50 mts A La Derecha,Isla Bastimentos,Bocas del Toro,Panama","phones":"","fax":"","email":"","url":"","countryIso2":"PA","countryName":"Panama","hotelRating":"3","latitude":"9.34872","longitude":"-82.21","state_id":null,"state_name":null,"country_id":null},{"active":false,"Giataid":"723241","cityId":null,"cityName":"Isla Bastimentos National Marine Park","hotelId":20357436,"hotelName":"Rafaels Sleep Inn","address":"Main Street,Isla Bastimentos,Panama","phones":"","fax":"","email":"","url":"","countryIso2":"PA","countryName":"Panama","hotelRating":"0","latitude":"9.34716","longitude":"-82.2077","state_id":null,"state_name":null,"country_id":null},{"active":false,"Giataid":"726965","cityId":null,"cityName":"Isla Bastimentos National Marine Park","hotelId":20357438,"hotelName":"Bastimentos Caribean Hotel","address":"Calle Principal,Isla Bastimentos,Bocas Del Toro,Panama","phones":"","fax":"","email":"","url":"","countryIso2":"PA","countryName":"Panama","hotelRating":"0","latitude":"9.34789","longitude":"-82.2121","state_id":null,"state_name":null,"country_id":null},{"active":false,"Giataid":"850648","cityId":null,"cityName":"Isla Bastimentos National Marine Park","hotelId":20357439,"hotelName":"Punta Rica","address":"Isla Bastimentos,Bocas del Toro,Panama","phones":"","fax":"","email":"puntaricabocas@gmail.com","url":"http://puntaricabocas.com/","countryIso2":"PA","countryName":"Panama","hotelRating":"0","latitude":"9.33599","longitude":"-82.183","state_id":null,"state_name":null,"country_id":null},{"active":false,"Giataid":"518872","cityId":null,"cityName":"Las Escobas del Venado","hotelId":20357440,"hotelName":"Villa del Mar Hostal","address":"Via Playa Venao Los Santos Tonosi,Las Escobas del Venado,Panama","phones":"","fax":"","email":"","url":"","countryIso2":"PA","countryName":"Panama","hotelRating":"0","latitude":"7.43246","longitude":"-80.1912","state_id":null,"state_name":null,"country_id":null},{"active":false,"Giataid":"725931","cityId":null,"cityName":"Isla Bastimentos National Marine Park","hotelId":20357446,"hotelName":"El Jaguar","address":"Sector Central,Calle 100MTS Del Parque,Isla Bastimentos,Panama","phones":"","fax":"","email":"","url":"","countryIso2":"PA","countryName":"Panama","hotelRating":"0","latitude":"9.34831","longitude":"-82.2107","state_id":null,"state_name":null,"country_id":null},{"active":false,"Giataid":"700299","cityId":null,"cityName":"Isla Colon","hotelId":20357447,"hotelName":"Bocas Reef Hotel","address":"Calle 3A,Next to Simon Bolivar Park,Isla Colon,Bocas del Toro,Panama","phones":"+5077579844","fax":"","email":"info@bocasreefhotel.com","url":"http://www.bocasreefhotel.com","countryIso2":"PA","countryName":"Panama","hotelRating":"2","latitude":"9.33925","longitude":"-82.2408","state_id":null,"state_name":null,"country_id":null},{"active":false,"Giataid":"724550","cityId":null,"cityName":"Punta Chame","hotelId":20357449,"hotelName":"Villa Fortaleza","address":"Y Calle Felix Calvo,Avenida Interamericana,Chame,Panama","phones":"","fax":"","email":"","url":"","countryIso2":"PA","countryName":"Panama","hotelRating":"2","latitude":"8.59923","longitude":"-79.8825","state_id":null,"state_name":null,"country_id":null},{"active":false,"Giataid":"801579","cityId":null,"cityName":"Ant?n","hotelId":20357455,"hotelName":"Hotel Rivera","address":"Via Interamericana,Anton,Cocle,Panama","phones":"+5079872245","fax":"","email":"info@hotelrivera-panama.com","url":"http://www.hotelrivera-panama.com/","countryIso2":"PA","countryName":"Panama","hotelRating":"0","latitude":"8.39078","longitude":"-80.2363","state_id":null,"state_name":null,"country_id":null},{"active":false,"Giataid":"745009","cityId":null,"cityName":"Ant?n","hotelId":20357483,"hotelName":"Villa Astoria Guest House","address":"Avenida 3A,Anton,Cocle,Panama","phones":"+5079082393","fax":"","email":"info@villaastoria.org","url":"http://villaastoria.org","countryIso2":"PA","countryName":"Panama","hotelRating":"0","latitude":"8.39078","longitude":"-80.2363","state_id":null,"state_name":null,"country_id":null},{"active":false,"Giataid":"726688","cityId":null,"cityName":"Ant?n","hotelId":20357487,"hotelName":"Las Catalinas Anton Panama","address":"Avenida Sequnda,Anton,Panama","phones":"+5079873912","fax":"","email":"nokaoiislandmgmt@gmail.com","url":"http://lascatalinasanton.com","countryIso2":"PA","countryName":"Panama","hotelRating":"0","latitude":"8.39078","longitude":"-80.2363","state_id":null,"state_name":null,"country_id":null},{"active":false,"Giataid":"693565","cityId":null,"cityName":"Mar?a Chiquita","hotelId":20357504,"hotelName":"La Casa del Rio","address":"Via a Portobello,9092 Mar?a Chiquita,R?o Piedra,Panama","phones":"","fax":"","email":"","url":"","countryIso2":"PA","countryName":"Panama","hotelRating":"2","latitude":"9.44762","longitude":"-79.7379","state_id":null,"state_name":null,"country_id":null},{"active":false,"Giataid":"870803","cityId":null,"cityName":"El Valle de Ant?n","hotelId":20357527,"hotelName":"DondeJose","address":"La Compania,EI Valle de Anton,Panama","phones":"","fax":"","email":"","url":"","countryIso2":"PA","countryName":"Panama","hotelRating":"0","latitude":"8.61378","longitude":"-80.1324","state_id":null,"state_name":null,"country_id":null},{"active":false,"Giataid":"895118","cityId":null,"cityName":"Penonom?","hotelId":20357528,"hotelName":"Villa Tavida Lodge","address":"Chiguiri Arriba,Urbanizacion Tavidal,0229 Penonome,Panama","phones":"","fax":"","email":"","url":"","countryIso2":"PA","countryName":"Panama","hotelRating":"0","latitude":"8.58315","longitude":"-80.2992","state_id":null,"state_name":null,"country_id":null},{"active":false,"Giataid":"934400","cityId":null,"cityName":"Ant?n","hotelId":20357540,"hotelName":"Hotel Plaza Numero 1","address":"Calle 3a,Avenida 3ra,Anton,Panama","phones":"","fax":"","email":"","url":"","countryIso2":"PA","countryName":"Panama","hotelRating":"0","latitude":"8.39078","longitude":"-80.2363","state_id":null,"state_name":null,"country_id":null},{"active":false,"Giataid":"867026","cityId":null,"cityName":"Isla Bastimentos National Marine Park","hotelId":20357547,"hotelName":"El Mango Guesthouse","address":"Bastimentos Central Detras Archibold Entrada,Bastimentos,Panama","phones":"","fax":"","email":"","url":"","countryIso2":"PA","countryName":"Panama","hotelRating":"0","latitude":"9.33599","longitude":"-82.183","state_id":null,"state_name":null,"country_id":null},{"active":false,"Giataid":"919239","cityId":null,"cityName":"Punta Chame","hotelId":20357548,"hotelName":"Pink Palace Panama","address":"Carretera Bejuco-Punta Chame,Punta Chame,Panama","phones":"","fax":"","email":"","url":"","countryIso2":"PA","countryName":"Panama","hotelRating":"0","latitude":"8.59923","longitude":"-79.8825","state_id":null,"state_name":null,"country_id":null},{"active":false,"Giataid":"901550","cityId":null,"cityName":"San Blas Islands","hotelId":20357552,"hotelName":"Cabanas Narasgandub - Naranjo Chico","address":"San Blas Islands,Kuna Yala,Panama","phones":"","fax":"","email":"","url":"","countryIso2":"PA","countryName":"Panama","hotelRating":"0","latitude":"9.50852","longitude":"-78.7596","state_id":null,"state_name":null,"country_id":null},{"active":false,"Giataid":"888991","cityId":null,"cityName":"Isla Bastimentos National Marine Park","hotelId":20357559,"hotelName":"Tio Tom's Guesthouse","address":"Main Street,Rechts Vom Hauptanleger,0101 Isla Bastimentos,Panama","phones":"","fax":"","email":"","url":"http://www.tiotomsguesthouse.com/","countryIso2":"PA","countryName":"Panama","hotelRating":"0","latitude":"9.33599","longitude":"-82.183","state_id":null,"state_name":null,"country_id":null},{"active":false,"Giataid":"916254","cityId":null,"cityName":"Volc?n","hotelId":20357561,"hotelName":"Casa Mirandita","address":"Calle 3ra Norte Y Calle 6ta Oeste,Nueva California,Volc?n,Panama","phones":"+50765478605","fax":"","email":"damaris.mendoza23@hotmail.com","url":"http://www.casamirandita.com","countryIso2":"PA","countryName":"Panama","hotelRating":"0","latitude":"8.78601","longitude":"-82.6352","state_id":null,"state_name":null,"country_id":null},{"active":false,"Giataid":"868653","cityId":null,"cityName":"Isla Bastimentos National Marine Park","hotelId":20357569,"hotelName":"Carmen's Place","address":"123 Dock 3,Bastimentos,Panama","phones":"","fax":"","email":"","url":"","countryIso2":"PA","countryName":"Panama","hotelRating":"0","latitude":"9.33599","longitude":"-82.183","state_id":null,"state_name":null,"country_id":null},{"active":false,"Giataid":"917557","cityId":null,"cityName":"Isla Bastimentos National Marine Park","hotelId":20357582,"hotelName":"Beverly's Hill Guest House","address":"Main Street,0101 Isla Bastimentos,Panama","phones":"","fax":"","email":"","url":"http://beverlyshill.blogspot.com/","countryIso2":"PA","countryName":"Panama","hotelRating":"0","latitude":"9.33599","longitude":"-82.183","state_id":null,"state_name":null,"country_id":null},{"active":false,"Giataid":"934494","cityId":null,"cityName":"Volc?n","hotelId":20357584,"hotelName":"Cabanas Dr. Esquivel","address":"Calle 13 A Oeste,Nueva California,Volcan,Panama","phones":"","fax":"","email":"info@cabanasdresquivel.com","url":"http://cabanasdresquivel.com","countryIso2":"PA","countryName":"Panama","hotelRating":"0","latitude":"8.78601","longitude":"-82.6352","state_id":null,"state_name":null,"country_id":null},{"active":false,"Giataid":"882491","cityId":null,"cityName":"San Blas Islands","hotelId":20357586,"hotelName":"Digir Gunayala","address":"Digir Dubbu,Gunayala,Isla Tigre,San Blas Archipel,Panama","phones":"","fax":"","email":"","url":"","countryIso2":"PA","countryName":"Panama","hotelRating":"0","latitude":"9.43424","longitude":"-78.5232","state_id":null,"state_name":null,"country_id":null},{"active":false,"Giataid":"898347","cityId":null,"cityName":"Isla Bastimentos National Marine Park","hotelId":20357590,"hotelName":"Hostal Green Coast","address":"Old Bank,Isla Bastimentos,Bocas Del Toro,Panama","phones":"","fax":"","email":"","url":"","countryIso2":"PA","countryName":"Panama","hotelRating":"0","latitude":"9.33599","longitude":"-82.183","state_id":null,"state_name":null,"country_id":null},{"active":false,"Giataid":"866687","cityId":null,"cityName":"Isla Colon","hotelId":20357591,"hotelName":"Caribe Bocas Del Toro","address":"Isla Colon,Bocas Del Toro,Panama","phones":"+5077608127","fax":"","email":"info@caribebocasdeltoro.com","url":"http://www.caribebocasdeltoro.com","countryIso2":"PA","countryName":"Panama","hotelRating":"0","latitude":"9.33978","longitude":"-82.2408","state_id":null,"state_name":null,"country_id":null},{"active":false,"Giataid":"916420","cityId":null,"cityName":"Volc?n","hotelId":20357592,"hotelName":"Hostal Las Molas","address":"Plaza De Volcan,Volc?n,Panama","phones":"","fax":"","email":"","url":"","countryIso2":"PA","countryName":"Panama","hotelRating":"0","latitude":"8.78601","longitude":"-82.6352","state_id":null,"state_name":null,"country_id":null},{"active":false,"Giataid":"803456","cityId":null,"cityName":"Santa Clara, R?o Hato","hotelId":20357598,"hotelName":"XS Memories","address":"Santa Clara,Panama","phones":"+5079933096","fax":"","email":"","url":"http://www.xsmemories.com/","countryIso2":"PA","countryName":"Panama","hotelRating":"0","latitude":"8.38872","longitude":"-80.1116","state_id":null,"state_name":null,"country_id":null},{"active":false,"Giataid":"906099","cityId":null,"cityName":"El Valle de Ant?n","hotelId":20357601,"hotelName":"Cabana Villa Victoria","address":"Frente a la Planta,Calle la Planta,Misma Calle Del Mariposario,El Valle de Anton,Cocle,Panama","phones":"","fax":"","email":"","url":"","countryIso2":"PA","countryName":"Panama","hotelRating":"0","latitude":"8.61378","longitude":"-80.1324","state_id":null,"state_name":null,"country_id":null},{"active":false,"Giataid":"934386","cityId":null,"cityName":"Isla Bastimentos National Marine Park","hotelId":20357602,"hotelName":"La Loma Jungle Lodge And Chocolate Farm","address":"Bahia Honda Isla,Bastimentos,Panama","phones":"","fax":"","email":"info@thejunglelodge.com","url":"http://www.thejunglelodge.com","countryIso2":"PA","countryName":"Panama","hotelRating":"0","latitude":"9.33599","longitude":"-82.183","state_id":null,"state_name":null,"country_id":null},{"active":false,"Giataid":"895160","cityId":null,"cityName":"San Blas Islands","hotelId":20357605,"hotelName":"Cabanas Nalunega San Blas","address":"Isla Nalunega,El Porvenir,San Blas Islands,Guna Yala,Panama","phones":"","fax":"","email":"","url":"","countryIso2":"PA","countryName":"Panama","hotelRating":"0","latitude":"9.50852","longitude":"-78.7596","state_id":null,"state_name":null,"country_id":null},{"active":false,"Giataid":"905794","cityId":null,"cityName":"La Villa de los Santos","hotelId":20357609,"hotelName":"Hostal Red Line","address":"Paseo Jose de la Rosa Palma,Avenida Principal,0744 La Villa de los Santos,Panama","phones":"","fax":"","email":"","url":"","countryIso2":"PA","countryName":"Panama","hotelRating":"0","latitude":"7.93071","longitude":"-80.4086","state_id":null,"state_name":null,"country_id":null},{"active":false,"Giataid":"895223","cityId":null,"cityName":"San Blas Islands","hotelId":20357613,"hotelName":"Ibedi Al Natural","address":"Armila,Guna Yala,San Blas,Panama","phones":"","fax":"","email":"info@ibedialnatural.com","url":"http://www.ibedialnatural.com","countryIso2":"PA","countryName":"Panama","hotelRating":"0","latitude":"9.50852","longitude":"-78.7596","state_id":null,"state_name":null,"country_id":null},{"active":false,"Giataid":"953185","cityId":null,"cityName":"El Valle de Ant?n","hotelId":20415239,"hotelName":"Cabanas Mery's","address":"Via Principal El Valle de Anton,EntrandoPpor La Calle Del Hotel Don Pepe,Frente Al Super Centro Pekin,Valle de Anton,Panama","phones":"","fax":"","email":"","url":"","countryIso2":"PA","countryName":"Panama","hotelRating":"1","latitude":"8.61378","longitude":"-80.1324","state_id":null,"state_name":null,"country_id":null},{"active":false,"Giataid":"953158","cityId":null,"cityName":"El Valle de Ant?n","hotelId":20415244,"hotelName":"Restaurante Hostal Don Quijote","address":"Calle El Hato 1,El Valle de Anton,Llano Grande,Panama","phones":"","fax":"","email":"","url":"","countryIso2":"PA","countryName":"Panama","hotelRating":"1","latitude":"8.61378","longitude":"-80.1324","state_id":null,"state_name":null,"country_id":null},{"active":false,"Giataid":"956953","cityId":null,"cityName":"Volc?n","hotelId":20415251,"hotelName":"Cabanas Las Molas","address":"Calle Principal Entrada de Volcan,Volcan,Panama","phones":"","fax":"","email":"","url":"","countryIso2":"PA","countryName":"Panama","hotelRating":"1","latitude":"8.78415","longitude":"-82.635","state_id":null,"state_name":null,"country_id":null},{"active":false,"Giataid":"945797","cityId":null,"cityName":"Isla Grande","hotelId":20415249,"hotelName":"Cabanas La Cholita","address":"Frente Al Cristo,Isla Grande,Panama","phones":"","fax":"","email":"","url":"","countryIso2":"PA","countryName":"Panama","hotelRating":"1","latitude":"9.63564","longitude":"-79.5604","state_id":null,"state_name":null,"country_id":null},{"active":false,"Giataid":"959470","cityId":null,"cityName":"El Valle de Ant?n","hotelId":20415250,"hotelName":"Residencial El Valle","address":"Avenida Central,50 metros Antes Del Mercado de Artesan?a,El Valle de Anton,Panama","phones":"+5079836536","fax":"","email":"residencialelvalle@hotmail.com","url":"https://www.hotelresidencialelvalle.com/","countryIso2":"PA","countryName":"Panama","hotelRating":"1","latitude":"8.61378","longitude":"-80.1324","state_id":null,"state_name":null,"country_id":null},{"active":false,"Giataid":"979131","cityId":null,"cityName":"Isla Grande","hotelId":20415255,"hotelName":"Hotel Coco Tal","address":"Isla Grande,Provincia de Col?n,Panama","phones":"","fax":"","email":"","url":"","countryIso2":"PA","countryName":"Panama","hotelRating":"1","latitude":"9.63564","longitude":"-79.5604","state_id":null,"state_name":null,"country_id":null},{"active":false,"Giataid":"977411","cityId":null,"cityName":"El Valle de Ant?n","hotelId":20415256,"hotelName":"Hostal Restaurante Gulas","address":"Avenida Los Millonarios,El Valle De Anton,Cocl?,Panama","phones":"","fax":"","email":"","url":"","countryIso2":"PA","countryName":"Panama","hotelRating":"1","latitude":"8.61378","longitude":"-80.1324","state_id":null,"state_name":null,"country_id":null},{"active":false,"Giataid":"956952","cityId":null,"cityName":"La Villa de los Santos","hotelId":20415264,"hotelName":"Punta Azul Playa Venao","address":"Avenida Doctor Belisario Porras,Pedasi,Playa Venao,Los Santos,Panama","phones":"","fax":"","email":"","url":"","countryIso2":"PA","countryName":"Panama","hotelRating":"1","latitude":"7.93071","longitude":"-80.4086","state_id":null,"state_name":null,"country_id":null},{"active":false,"Giataid":"958820","cityId":null,"cityName":"Isla Bastimentos National Marine Park","hotelId":20415266,"hotelName":"The Island Hub","address":"1234 Bastimentos,Cajun Cod,Panama","phones":"","fax":"","email":"","url":"","countryIso2":"PA","countryName":"Panama","hotelRating":"1","latitude":"9.33599","longitude":"-82.183","state_id":null,"state_name":null,"country_id":null},{"active":false,"Giataid":"956916","cityId":null,"cityName":"Palo Alto,Boquete","hotelId":20415268,"hotelName":"Casa Palmira Boquete","address":"Alto Boquete,Panama","phones":"+50760908191","fax":"","email":"reservas@casapalmiraboquete.com","url":"http://www.casapalmiraboquete.com","countryIso2":"PA","countryName":"Panama","hotelRating":"1","latitude":"8.79888","longitude":"-82.4272","state_id":null,"state_name":null,"country_id":null},{"active":false,"Giataid":"956972","cityId":null,"cityName":"La Villa de los Santos","hotelId":20415270,"hotelName":"Hotel Kevin","address":"Via Dr. Belisario Porras,0744 La Villa de los Santos,Panama","phones":"","fax":"","email":"","url":"","countryIso2":"PA","countryName":"Panama","hotelRating":"1","latitude":"7.93071","longitude":"-80.4086","state_id":null,"state_name":null,"country_id":null},{"active":false,"Giataid":"978243","cityId":null,"cityName":"El Valle de Ant?n","hotelId":20415274,"hotelName":"Los Aramos","address":"Calle I.P.T Entre,Calle La Planta Y Calle Central,El Valle De Anton,Panama","phones":"","fax":"","email":"","url":"","countryIso2":"PA","countryName":"Panama","hotelRating":"1","latitude":"8.61378","longitude":"-80.1324","state_id":null,"state_name":null,"country_id":null},{"active":false,"Giataid":"945766","cityId":null,"cityName":"Isla Contadora","hotelId":20415276,"hotelName":"Les Blanc Villas","address":"Cuadra Antes De La Escuela 1,Contadora,Panama","phones":"","fax":"","email":"","url":"http://www.lesblanc.com","countryIso2":"PA","countryName":"Panama","hotelRating":"1","latitude":"8.63171","longitude":"-79.0355","state_id":null,"state_name":null,"country_id":null},{"active":false,"Giataid":"971225","cityId":null,"cityName":"Gamboa","hotelId":20415280,"hotelName":"Canopy Bed And Breakfast","address":"Jadwin Avenida House 114A,0801 Gamboa,Panama","phones":"","fax":"","email":"","url":"","countryIso2":"PA","countryName":"Panama","hotelRating":"1","latitude":"0","longitude":"0","state_id":null,"state_name":null,"country_id":null},{"active":false,"Giataid":"956908","cityId":null,"cityName":"La Villa de los Santos","hotelId":20415282,"hotelName":"Hotel La Villa","address":"Via Tonos? Al Final De La Calle,Los Santos,Panama","phones":"","fax":"","email":"","url":"","countryIso2":"PA","countryName":"Panama","hotelRating":"1","latitude":"7.93071","longitude":"-80.4086","state_id":null,"state_name":null,"country_id":null},{"active":false,"Giataid":"998221","cityId":null,"cityName":"Volc?n","hotelId":20437600,"hotelName":"Hospedaje Rampolla's","address":"El Valle Volcan Quinta Calle a La Derech,Tercera Casa A La Izquierda,Volc?n,Panama","phones":"","fax":"","email":"","url":"","countryIso2":"PA","countryName":"Panama","hotelRating":"1","latitude":"8.78415","longitude":"-82.635","state_id":null,"state_name":null,"country_id":null}]