[{"active":false,"Giataid":"38042","cityId":null,"cityName":"St. Barthelemy","hotelId":38042,"hotelName":"Le Guanahani St. Barth","address":"Grand Cul-de-Sac,97133 Saint Barthelemy,Saint-Barthelemy","phones":"+590590529000","fax":"+590277070","email":"guanahani@wanadoo.fr","url":"http://www.leguanahani.com/","countryIso2":"BL","countryName":"Saint-Barthelemy","hotelRating":"5","latitude":"17.9123","longitude":"-62.8038","state_id":null,"state_name":null,"country_id":null},{"active":false,"Giataid":"41729","cityId":null,"cityName":"Gustavia","hotelId":41729,"hotelName":"Carl Gustaf","address":"Rue Des Normands,Les Hauts de Gustavia,BP 700,97133 Saint Barthelemy,Saint-Barthelemy","phones":"+590297900","fax":"","email":"reservation@hotelcarlgustaf.com","url":"http://hotelcarlgustaf.com/","countryIso2":"BL","countryName":"Saint-Barthelemy","hotelRating":"5","latitude":"17.8939","longitude":"-62.8472","state_id":null,"state_name":null,"country_id":null},{"active":false,"Giataid":"41732","cityId":46081,"cityName":"Saint-Jean","hotelId":41732,"hotelName":"Le Tom Beach","address":"Plage de St. Jean,BP 1058,97133 St. Barthelemy,Saint-Barthelemy","phones":"+590590275313","fax":"","email":"contact@tomsbeach.com","url":"http://tombeach.com/","countryIso2":"BL","countryName":"Saint-Barthelemy","hotelRating":"3","latitude":"17.9035","longitude":"-62.8399","state_id":4799,"state_name":"Occitanie","country_id":75},{"active":false,"Giataid":"41730","cityId":null,"cityName":"Anse des Cayes","hotelId":41730,"hotelName":"Hotel Manapany","address":"Anse des Cayes,97098 Saint Barthelemy,Saint-Barthelemy","phones":"+590590276655","fax":"+590277528","email":"...","url":"http://www.lemanapany.com/index2.html","countryIso2":"BL","countryName":"Saint-Barthelemy","hotelRating":"5","latitude":"17.9111","longitude":"-62.8444","state_id":null,"state_name":null,"country_id":null},{"active":false,"Giataid":"41731","cityId":null,"cityName":"St. Barthelemy","hotelId":41731,"hotelName":"Le Toiny","address":"97133 Anse De Toiny,Saint-Barthelemy","phones":"+590590278888","fax":"+590590278930","email":"reservations@letoiny.com","url":"http://www.letoiny.com","countryIso2":"BL","countryName":"Saint-Barthelemy","hotelRating":"5","latitude":"17.8986","longitude":"-62.7977","state_id":null,"state_name":null,"country_id":null},{"active":false,"Giataid":"41735","cityId":null,"cityName":"Cul de Sac","hotelId":41735,"hotelName":"St. Barth's Beach","address":"","phones":"","fax":"","email":"","url":"","countryIso2":"BL","countryName":"Saint-Barthelemy","hotelRating":"3","latitude":"17.9096","longitude":"-62.8038","state_id":null,"state_name":null,"country_id":null},{"active":false,"Giataid":"151753","cityId":null,"cityName":"St. Barthelemy","hotelId":151753,"hotelName":"Villa Golden Reef","address":"","phones":"","fax":"","email":"","url":"","countryIso2":"BL","countryName":"Saint-Barthelemy","hotelRating":"1","latitude":"17.9035","longitude":"-62.8405","state_id":null,"state_name":null,"country_id":null},{"active":false,"Giataid":"365084","cityId":null,"cityName":"Anse des Cayes","hotelId":365084,"hotelName":"Residence Les Lataniers Yuana","address":"Anse des Cayes,97133 St. Barth?lemy,Saint-Barthelemy","phones":"","fax":"","email":"les.lataniers@wanadoo.fr","url":"http://www.st-barths.com/les-lataniers/index.html","countryIso2":"BL","countryName":"Saint-Barthelemy","hotelRating":"1","latitude":"17.9131","longitude":"-62.8452","state_id":null,"state_name":null,"country_id":null},{"active":false,"Giataid":"365510","cityId":null,"cityName":"St. Barthelemy","hotelId":365510,"hotelName":"Tropical Hotel Saint Barth","address":"Baie de Saint Jean,97133 Saint Barth?lemy,Saint-Barthelemy","phones":"+590590276487","fax":"+590590278174","email":"contact@tropicalhotel-stbarth.com","url":"http://www.tropicalhotel-stbarth.com/en/","countryIso2":"BL","countryName":"Saint-Barthelemy","hotelRating":"3","latitude":"17.9013","longitude":"-62.8352","state_id":null,"state_name":null,"country_id":null},{"active":false,"Giataid":"368801","cityId":null,"cityName":"Cul de Sac","hotelId":368801,"hotelName":"Residence St Barth","address":"","phones":"","fax":"","email":"","url":"","countryIso2":"BL","countryName":"Saint-Barthelemy","hotelRating":"1","latitude":"17.9096","longitude":"-62.8038","state_id":null,"state_name":null,"country_id":null},{"active":false,"Giataid":"431599","cityId":null,"cityName":"Baie de Lorient","hotelId":431599,"hotelName":"Normandie Hotel","address":"","phones":"","fax":"","email":"","url":"","countryIso2":"BL","countryName":"Saint-Barthelemy","hotelRating":"3","latitude":"0","longitude":"0","state_id":null,"state_name":null,"country_id":null},{"active":false,"Giataid":"481664","cityId":null,"cityName":"St. Barthelemy","hotelId":481664,"hotelName":"Normandie Hotel","address":"Route des Salines Lorient,97133 St. Barthelemy,Saint-Barthelemy","phones":"+590590276166","fax":"+590590279883","email":"contact@normandiehotelstbarts.com","url":"http://normandiehotelstbarts.com","countryIso2":"BL","countryName":"Saint-Barthelemy","hotelRating":"1","latitude":"17.9048","longitude":"-62.8252","state_id":null,"state_name":null,"country_id":null},{"active":false,"Giataid":"499600","cityId":46081,"cityName":"Saint-Jean","hotelId":499600,"hotelName":"Salines Garden Cottages","address":"97133 Saint-Jean,Saint-Barthelemny,Saint-Barthelemy","phones":"+590690419429","fax":"","email":"contact@salinesgarden.com","url":"http://www.salinesgarden.com/","countryIso2":"BL","countryName":"Saint-Barthelemy","hotelRating":"1","latitude":"17.9033","longitude":"-62.8362","state_id":4799,"state_name":"Occitanie","country_id":75},{"active":false,"Giataid":"505569","cityId":46081,"cityName":"Saint-Jean","hotelId":505569,"hotelName":"Villas Bel'Ombre","address":"St. Barthelemy,Saint-Barthelemy","phones":"","fax":"","email":"","url":"","countryIso2":"BL","countryName":"Saint-Barthelemy","hotelRating":"1","latitude":"17.9033","longitude":"-62.8362","state_id":4799,"state_name":"Occitanie","country_id":75},{"active":false,"Giataid":"512906","cityId":46081,"cityName":"Saint-Jean","hotelId":512906,"hotelName":"Normandie Hotel - Adults Only","address":"","phones":"","fax":"","email":"","url":"","countryIso2":"BL","countryName":"Saint-Barthelemy","hotelRating":"1","latitude":"17.9033","longitude":"-62.8362","state_id":4799,"state_name":"Occitanie","country_id":75},{"active":false,"Giataid":"512955","cityId":null,"cityName":"St. Barthelemy","hotelId":512955,"hotelName":"Les Islets Fleuris","address":"Hauts de Lorient,97133 St. Barth,Saint-Bath?l?my,Saint-Barthelemy","phones":"+590590276422","fax":"+590590276972","email":"islets@free.fr","url":"http://www.islets-fleuris.com","countryIso2":"BL","countryName":"Saint-Barthelemy","hotelRating":"1","latitude":"17.9024","longitude":"-62.8211","state_id":null,"state_name":null,"country_id":null},{"active":false,"Giataid":"513035","cityId":46081,"cityName":"Saint-Jean","hotelId":513035,"hotelName":"Villa Montjean","address":"Montjean,Saint Barthelemy,Saint-Barthelemy","phones":"","fax":"","email":"","url":"","countryIso2":"BL","countryName":"Saint-Barthelemy","hotelRating":"1","latitude":"17.8993","longitude":"-62.8198","state_id":4799,"state_name":"Occitanie","country_id":75},{"active":false,"Giataid":"514163","cityId":null,"cityName":"St. Barthelemy","hotelId":514163,"hotelName":"Au Coeur Caraibe Saint Barth - Adults Only","address":"97133 St Barthelemy,Saint Barthelemy,Saint-Barthelemy","phones":"+590590524150","fax":"","email":"info@aucoeurcaraibe.com","url":"http://www.aucoeurcaraibe.net/","countryIso2":"BL","countryName":"Saint-Barthelemy","hotelRating":"1","latitude":"17.9","longitude":"-62.8203","state_id":null,"state_name":null,"country_id":null},{"active":false,"Giataid":"516036","cityId":null,"cityName":"St. Barthelemy","hotelId":516036,"hotelName":"Villa Vague Bleue","address":"Lurin,BP1172,St. Barthelemy,Saint-Barthelemy","phones":"+590690579969","fax":"+33590510444","email":"contact@villavaguebleue.com","url":"http://www.villavaguebleue.com/","countryIso2":"BL","countryName":"Saint-Barthelemy","hotelRating":"1","latitude":"17.9035","longitude":"-62.8405","state_id":null,"state_name":null,"country_id":null},{"active":false,"Giataid":"516259","cityId":null,"cityName":"St. Barthelemy","hotelId":516259,"hotelName":"Baie des Anges Hotel","address":"Anse Flamands,97133 Gustavia,Saint-Barthelemy","phones":"","fax":"","email":"","url":"","countryIso2":"BL","countryName":"Saint-Barthelemy","hotelRating":"3","latitude":"17.9188","longitude":"-62.8545","state_id":null,"state_name":null,"country_id":null},{"active":false,"Giataid":"518481","cityId":null,"cityName":"St. Barthelemy","hotelId":518481,"hotelName":"Villa Angel Sunset","address":"Colombier, Gustavia,St Barthelemy,Saint-Barthelemy","phones":"","fax":"","email":"","url":"","countryIso2":"BL","countryName":"Saint-Barthelemy","hotelRating":"1","latitude":"17.8995","longitude":"-62.821","state_id":null,"state_name":null,"country_id":null},{"active":false,"Giataid":"524246","cityId":46081,"cityName":"Saint-Jean","hotelId":524246,"hotelName":"Fleur De Lune","address":"Grande Saline 97133 Saint Barth?lemy French West Indies,Saint-Barthelemy","phones":"+590590277057","fax":"","email":"info@st-barth-fleurdelune.com","url":"http://www.st-barth-fleurdelune.com/","countryIso2":"BL","countryName":"Saint-Barthelemy","hotelRating":"1","latitude":"17.8925","longitude":"-62.8242","state_id":4799,"state_name":"Occitanie","country_id":75},{"active":false,"Giataid":"524252","cityId":46081,"cityName":"Saint-Jean","hotelId":524252,"hotelName":"The Villa Paradise","address":"Grande Saline 97133 Saint Barth?lemy French West Indies,Saint-Barthelemy","phones":"+590590277057","fax":"","email":"info@st-barth-fleurdelune.com","url":"http://www.st-barth-fleurdelune.com/accommodation/villa-paradise/","countryIso2":"BL","countryName":"Saint-Barthelemy","hotelRating":"1","latitude":"17.9033","longitude":"-62.8362","state_id":4799,"state_name":"Occitanie","country_id":75},{"active":false,"Giataid":"524261","cityId":null,"cityName":"Gustavia","hotelId":524261,"hotelName":"Hotel Les Ondines Sur La Plage","address":"Plage Grand Cul de Sac 97133 Gustavia Saint Barth?lemy,Saint-Barthelemy","phones":"","fax":"","email":"","url":"","countryIso2":"BL","countryName":"Saint-Barthelemy","hotelRating":"1","latitude":"17.9087","longitude":"-62.8022","state_id":null,"state_name":null,"country_id":null},{"active":false,"Giataid":"552116","cityId":null,"cityName":"St. Barthelemy","hotelId":552116,"hotelName":"Baie des Anges Suites","address":"","phones":"","fax":"","email":"","url":"","countryIso2":"BL","countryName":"Saint-Barthelemy","hotelRating":"1","latitude":"17.9035","longitude":"-62.8405","state_id":null,"state_name":null,"country_id":null},{"active":false,"Giataid":"552531","cityId":null,"cityName":"St. Barthelemy","hotelId":552531,"hotelName":"Jasmine Villa (Jas)","address":"Gouverneur,Staint Barthelemy,Saint-Barthelemy","phones":"","fax":"","email":"reservations@stbartsblue.com","url":"http://stbartsblue.com/villa-jasmine-jas","countryIso2":"BL","countryName":"Saint-Barthelemy","hotelRating":"1","latitude":"17.9035","longitude":"-62.8405","state_id":null,"state_name":null,"country_id":null},{"active":false,"Giataid":"552533","cityId":null,"cityName":"St. Barthelemy","hotelId":552533,"hotelName":"Cap Au Vent Villa (Moz)","address":"Pointe Milou,Saint Barthelemy,Saint-Barthelemy","phones":"","fax":"","email":"reservations@stbartsblue.com","url":"http://stbartsblue.com/villa-cap-au-vent-moz","countryIso2":"BL","countryName":"Saint-Barthelemy","hotelRating":"1","latitude":"17.9035","longitude":"-62.8405","state_id":null,"state_name":null,"country_id":null},{"active":false,"Giataid":"552534","cityId":null,"cityName":"Gustavia","hotelId":552534,"hotelName":"Kyr Villa (Kyr)","address":"Lurin,Saint Barthelemy,Saint-Barthelemy","phones":"","fax":"","email":"reservations@stbartsblue.com","url":"http://stbartsblue.com/villa-kyreve-kyr","countryIso2":"BL","countryName":"Saint-Barthelemy","hotelRating":"1","latitude":"17.9012","longitude":"-62.8247","state_id":null,"state_name":null,"country_id":null},{"active":false,"Giataid":"552535","cityId":null,"cityName":"St. Barthelemy","hotelId":552535,"hotelName":"Palm Springs Villa (Gem)","address":"Gouverneur,Saint Barthelemy,Saint-Barthelemy","phones":"","fax":"","email":"reservations@stbartsblue.com","url":"http://stbartsblue.com/villa-palm-springs-gem","countryIso2":"BL","countryName":"Saint-Barthelemy","hotelRating":"1","latitude":"17.9035","longitude":"-62.8405","state_id":null,"state_name":null,"country_id":null},{"active":false,"Giataid":"552536","cityId":null,"cityName":"St. Barthelemy","hotelId":552536,"hotelName":"Silver Rainbow Villa (Sil)","address":"Petit Cul Se Sac,97133 Saint Barthelemy,Saint-Barthelemy","phones":"+15085287727","fax":"","email":"stbarthoffice@stbarth.com","url":"http://www.stbarth.com/villas/detail/silve/silver-rainbow","countryIso2":"BL","countryName":"Saint-Barthelemy","hotelRating":"1","latitude":"17.9035","longitude":"-62.8405","state_id":null,"state_name":null,"country_id":null},{"active":false,"Giataid":"552537","cityId":null,"cityName":"St. Barthelemy","hotelId":552537,"hotelName":"Seascape Private Villa","address":"Pointe Milou,Saint Barthelemy,Saint-Barthelemy","phones":"+15085287727","fax":"","email":"","url":"http://www.stbarth.com/villas/detail/SEASC","countryIso2":"BL","countryName":"Saint-Barthelemy","hotelRating":"1","latitude":"17.9","longitude":"-62.8201","state_id":null,"state_name":null,"country_id":null},{"active":false,"Giataid":"552540","cityId":null,"cityName":"St. Barthelemy","hotelId":552540,"hotelName":"Rose Villa ( Ose)","address":"","phones":"","fax":"","email":"","url":"","countryIso2":"BL","countryName":"Saint-Barthelemy","hotelRating":"1","latitude":"17.9035","longitude":"-62.8405","state_id":null,"state_name":null,"country_id":null},{"active":false,"Giataid":"611304","cityId":null,"cityName":"St. Barthelemy","hotelId":611304,"hotelName":"Villa Marie Saint Barth","address":"Colombier,97133 Saint Barthelemy,Saint-Barthelemy","phones":"+33457747474","fax":"","email":"contact@vm-saintbarth.com","url":"http://saint-barth.villamarie.fr/fr/#!caraibes/accueil","countryIso2":"BL","countryName":"Saint-Barthelemy","hotelRating":"1","latitude":"17.9161","longitude":"-62.8636","state_id":null,"state_name":null,"country_id":null},{"active":false,"Giataid":"611756","cityId":null,"cityName":"St. Barthelemy","hotelId":611756,"hotelName":"Villa Jobyz","address":"Colombier,St Barthelemy,Saint-Barthelemy","phones":"","fax":"","email":"","url":"","countryIso2":"BL","countryName":"Saint-Barthelemy","hotelRating":"1","latitude":"17.9035","longitude":"-62.8405","state_id":null,"state_name":null,"country_id":null},{"active":false,"Giataid":"612073","cityId":null,"cityName":"St. Barthelemy","hotelId":612073,"hotelName":"Harbour View Apartment 3 BR St Barth","address":"","phones":"","fax":"","email":"","url":"","countryIso2":"BL","countryName":"Saint-Barthelemy","hotelRating":"1","latitude":"17.9035","longitude":"-62.8405","state_id":null,"state_name":null,"country_id":null},{"active":false,"Giataid":"614898","cityId":null,"cityName":"Gustavia","hotelId":614898,"hotelName":"Hotel Les Mouettes","address":"Plage de Lorient,97133 St Barthelemy,Saint-Barthelemy","phones":"+590277791","fax":"","email":"","url":"http://www.lesmouetteshotel.com","countryIso2":"BL","countryName":"Saint-Barthelemy","hotelRating":"1","latitude":"17.9012","longitude":"-62.8247","state_id":null,"state_name":null,"country_id":null},{"active":false,"Giataid":"674623","cityId":null,"cityName":"St. Barthelemy","hotelId":674623,"hotelName":"Le Barthelemy Hotel & Spa","address":"Baie de Grand Cul de Sac,97133 Saint Barth?lemy,Saint-Barthelemy","phones":"+590590774848","fax":"","email":"contact@lebarth.com","url":"http://www.lebarthelemyhotel.com/en","countryIso2":"BL","countryName":"Saint-Barthelemy","hotelRating":"1","latitude":"17.9084","longitude":"-62.8008","state_id":null,"state_name":null,"country_id":null},{"active":false,"Giataid":"690327","cityId":null,"cityName":"St. Barthelemy","hotelId":690327,"hotelName":"Villa Triagoz","address":"","phones":"","fax":"","email":"","url":"","countryIso2":"BL","countryName":"Saint-Barthelemy","hotelRating":"1","latitude":"17.9035","longitude":"-62.8405","state_id":null,"state_name":null,"country_id":null},{"active":false,"Giataid":"690341","cityId":null,"cityName":"Gustavia","hotelId":690341,"hotelName":"Villa Kalinago","address":"","phones":"","fax":"","email":"","url":"","countryIso2":"BL","countryName":"Saint-Barthelemy","hotelRating":"1","latitude":"17.9012","longitude":"-62.8247","state_id":null,"state_name":null,"country_id":null},{"active":false,"Giataid":"724452","cityId":null,"cityName":"St. Barthelemy","hotelId":724452,"hotelName":"Villa Luana","address":"Anse de l'Orient D209,97133 St. Barthelemy,Saint-Barthelemy","phones":"","fax":"","email":"","url":"","countryIso2":"BL","countryName":"Saint-Barthelemy","hotelRating":"1","latitude":"17.9035","longitude":"-62.8405","state_id":null,"state_name":null,"country_id":null},{"active":false,"Giataid":"727278","cityId":null,"cityName":"St. Barthelemy","hotelId":727278,"hotelName":"Le Nid D'Aigle","address":"Anse Des Cayes,Gustavia,97133 Saint Barthelemy,Saint-Barthelemy","phones":"","fax":"","email":"","url":"","countryIso2":"BL","countryName":"Saint-Barthelemy","hotelRating":"1","latitude":"17.9145","longitude":"-62.8467","state_id":null,"state_name":null,"country_id":null},{"active":false,"Giataid":"727381","cityId":null,"cityName":"St. Barthelemy","hotelId":727381,"hotelName":"Mahea Villas Apartments","address":"St Jean,97133 St Barthelemy,Saint-Barthelemy","phones":"","fax":"","email":"","url":"","countryIso2":"BL","countryName":"Saint-Barthelemy","hotelRating":"1","latitude":"17.9035","longitude":"-62.8405","state_id":null,"state_name":null,"country_id":null},{"active":false,"Giataid":"728285","cityId":null,"cityName":"St. Barthelemy","hotelId":728285,"hotelName":"Poema Villas Apartments Rentals","address":"Marigot,97133 St Barthelemy,Saint-Barthelemy","phones":"","fax":"","email":"","url":"","countryIso2":"BL","countryName":"Saint-Barthelemy","hotelRating":"1","latitude":"17.9035","longitude":"-62.8405","state_id":null,"state_name":null,"country_id":null},{"active":false,"Giataid":"769329","cityId":null,"cityName":"St. Barthelemy","hotelId":769329,"hotelName":"Les Ilets De La Plage","address":"Plage de St Jean,91733 St Barthelemy,Saint-Barthelemy","phones":"+590590278857","fax":"+590590278858","email":"info@lesilets.com","url":"http://lesilets.com","countryIso2":"BL","countryName":"Saint-Barthelemy","hotelRating":"1","latitude":"17.9035","longitude":"-62.8405","state_id":null,"state_name":null,"country_id":null},{"active":false,"Giataid":"445248","cityId":null,"cityName":"Cul de Sac","hotelId":10062798,"hotelName":"Villa Lodge 4 Epices","address":"97133  Grand-Cul-de Sac,St. Barth?lemy,Saint-Barthelemy","phones":"+590590876868","fax":"","email":"","url":"","countryIso2":"BL","countryName":"Saint-Barthelemy","hotelRating":"3","latitude":"17.9099","longitude":"-62.8049","state_id":null,"state_name":null,"country_id":null},{"active":false,"Giataid":"261221","cityId":null,"cityName":"Baie des Flamands","hotelId":10139637,"hotelName":"Taiwana","address":"Flamands 97133,Saint Barthelemy,French West Indies,Saint-Barthelemy","phones":"+590590298008","fax":"NULL","email":"NULL","url":"NULL","countryIso2":"BL","countryName":"Saint-Barthelemy","hotelRating":"4","latitude":"17.9181","longitude":"-62.8582","state_id":null,"state_name":null,"country_id":null},{"active":false,"Giataid":"511767","cityId":null,"cityName":"St. Barthelemy","hotelId":10140034,"hotelName":"Reve De St Barth","address":"Flamands,St Barthelemy 97133,Saint-Barthelemy","phones":"NULL","fax":"NULL","email":"NULL","url":"NULL","countryIso2":"BL","countryName":"Saint-Barthelemy","hotelRating":"1","latitude":"17.9155","longitude":"-62.8552","state_id":null,"state_name":null,"country_id":null},{"active":false,"Giataid":"505750","cityId":null,"cityName":"St. Barthelemy","hotelId":10140362,"hotelName":"Villa Fleur De Cactus","address":"St Jean Carenage,97133 St. Barthelemy,Saint-Barthelemy","phones":"NULL","fax":"NULL","email":"NULL","url":"NULL","countryIso2":"BL","countryName":"Saint-Barthelemy","hotelRating":"1","latitude":"17.8967","longitude":"-62.8383","state_id":null,"state_name":null,"country_id":null},{"active":false,"Giataid":"505750","cityId":null,"cityName":"St. Barthelemy","hotelId":10140362,"hotelName":"Villa Fleur De Cactus","address":"St Jean Carenage,97133 St. Barthelemy,Saint-Barthelemy","phones":"NULL","fax":"NULL","email":"NULL","url":"NULL","countryIso2":"BL","countryName":"Saint-Barthelemy","hotelRating":"1","latitude":"17.8967","longitude":"-62.8383","state_id":null,"state_name":null,"country_id":null},{"active":false,"Giataid":"939922","cityId":null,"cityName":"Gustavia","hotelId":20278258,"hotelName":"Pearl Beach Hotel","address":"Plage De St Jean,97133 Gustavia,Saint-Barthelemy","phones":"","fax":"","email":"","url":"","countryIso2":"BL","countryName":"Saint-Barthelemy","hotelRating":"0","latitude":"17.9012","longitude":"-62.8247","state_id":null,"state_name":null,"country_id":null},{"active":false,"Giataid":"921913","cityId":null,"cityName":"Gustavia","hotelId":20278259,"hotelName":"Le Jardin des Iles Villas","address":"Lurin,97133 Gustavia,Saint-Barthelemy","phones":"","fax":"","email":"","url":"","countryIso2":"BL","countryName":"Saint-Barthelemy","hotelRating":"0","latitude":"17.9012","longitude":"-62.8247","state_id":null,"state_name":null,"country_id":null},{"active":false,"Giataid":"896607","cityId":null,"cityName":"St. Barthelemy","hotelId":20278260,"hotelName":"Villa Nature","address":"Les Hauts De Marigot,Saint Barthelemy 97133,Saint-Barthelemy","phones":"","fax":"","email":"","url":"","countryIso2":"BL","countryName":"Saint-Barthelemy","hotelRating":"0","latitude":"17.9035","longitude":"-62.8405","state_id":null,"state_name":null,"country_id":null},{"active":false,"Giataid":"969310","cityId":null,"cityName":"St. Barthelemy","hotelId":20390113,"hotelName":"Villa Cairn","address":"St. Barthelemy,Saint-Barthelemy","phones":"","fax":"","email":"","url":"","countryIso2":"BL","countryName":"Saint-Barthelemy","hotelRating":"1","latitude":"17.9053","longitude":"-62.8315","state_id":null,"state_name":null,"country_id":null},{"active":false,"Giataid":"969439","cityId":null,"cityName":"St. Barthelemy","hotelId":20390116,"hotelName":"Villa Flamands Bay","address":"St. Barthelemy,Saint-Barthelemy","phones":"","fax":"","email":"","url":"","countryIso2":"BL","countryName":"Saint-Barthelemy","hotelRating":"1","latitude":"17.9053","longitude":"-62.8315","state_id":null,"state_name":null,"country_id":null},{"active":false,"Giataid":"969343","cityId":null,"cityName":"St. Barthelemy","hotelId":20390114,"hotelName":"Villa Amancaya","address":"St. Barthelemy,Saint-Barthelemy","phones":"","fax":"","email":"","url":"","countryIso2":"BL","countryName":"Saint-Barthelemy","hotelRating":"1","latitude":"17.9053","longitude":"-62.8315","state_id":null,"state_name":null,"country_id":null},{"active":false,"Giataid":"969386","cityId":null,"cityName":"St. Barthelemy","hotelId":20390115,"hotelName":"Villa Angelina","address":"St. Barthelemy,Saint-Barthelemy","phones":"","fax":"","email":"","url":"","countryIso2":"BL","countryName":"Saint-Barthelemy","hotelRating":"1","latitude":"17.9053","longitude":"-62.8315","state_id":null,"state_name":null,"country_id":null},{"active":false,"Giataid":"969492","cityId":null,"cityName":"St. Barthelemy","hotelId":20390117,"hotelName":"Villa Idalia","address":"St. Barthelemy,Saint-Barthelemy","phones":"","fax":"","email":"","url":"","countryIso2":"BL","countryName":"Saint-Barthelemy","hotelRating":"1","latitude":"17.9053","longitude":"-62.8315","state_id":null,"state_name":null,"country_id":null},{"active":false,"Giataid":"969570","cityId":null,"cityName":"St. Barthelemy","hotelId":20390118,"hotelName":"Villa La Petite Sereine","address":"St. Barthelemy,Saint-Barthelemy","phones":"","fax":"","email":"","url":"","countryIso2":"BL","countryName":"Saint-Barthelemy","hotelRating":"1","latitude":"17.9053","longitude":"-62.8315","state_id":null,"state_name":null,"country_id":null},{"active":false,"Giataid":"969621","cityId":null,"cityName":"St. Barthelemy","hotelId":20390119,"hotelName":"Villa Avenstar","address":"St. Barthelemy,Saint-Barthelemy","phones":"","fax":"","email":"","url":"","countryIso2":"BL","countryName":"Saint-Barthelemy","hotelRating":"1","latitude":"17.9053","longitude":"-62.8315","state_id":null,"state_name":null,"country_id":null},{"active":false,"Giataid":"969671","cityId":null,"cityName":"St. Barthelemy","hotelId":20390120,"hotelName":"Villa Zen","address":"St. Barthelemy,Saint-Barthelemy","phones":"","fax":"","email":"","url":"","countryIso2":"BL","countryName":"Saint-Barthelemy","hotelRating":"1","latitude":"17.9053","longitude":"-62.8315","state_id":null,"state_name":null,"country_id":null},{"active":false,"Giataid":"969729","cityId":null,"cityName":"St. Barthelemy","hotelId":20390121,"hotelName":"Villa Eden House","address":"St. Barthelemy,Saint-Barthelemy","phones":"","fax":"","email":"","url":"","countryIso2":"BL","countryName":"Saint-Barthelemy","hotelRating":"1","latitude":"17.9053","longitude":"-62.8315","state_id":null,"state_name":null,"country_id":null},{"active":false,"Giataid":"969818","cityId":null,"cityName":"St. Barthelemy","hotelId":20390122,"hotelName":"Villa Good News","address":"St. Barthelemy,Saint-Barthelemy","phones":"","fax":"","email":"","url":"","countryIso2":"BL","countryName":"Saint-Barthelemy","hotelRating":"1","latitude":"17.9053","longitude":"-62.8315","state_id":null,"state_name":null,"country_id":null},{"active":false,"Giataid":"969878","cityId":null,"cityName":"St. Barthelemy","hotelId":20390123,"hotelName":"Villa Legends B","address":"St. Barthelemy,Saint-Barthelemy","phones":"","fax":"","email":"","url":"","countryIso2":"BL","countryName":"Saint-Barthelemy","hotelRating":"1","latitude":"17.9053","longitude":"-62.8315","state_id":null,"state_name":null,"country_id":null},{"active":false,"Giataid":"972317","cityId":null,"cityName":"St. Barthelemy","hotelId":20390124,"hotelName":"Villa Belharra","address":"St. Barthelemy,Saint-Barthelemy","phones":"","fax":"","email":"","url":"","countryIso2":"BL","countryName":"Saint-Barthelemy","hotelRating":"1","latitude":"17.9053","longitude":"-62.8315","state_id":null,"state_name":null,"country_id":null},{"active":false,"Giataid":"972440","cityId":null,"cityName":"St. Barthelemy","hotelId":20390125,"hotelName":"Villa Grands Galets","address":"St. Barthelemy,Saint-Barthelemy","phones":"","fax":"","email":"","url":"","countryIso2":"BL","countryName":"Saint-Barthelemy","hotelRating":"1","latitude":"17.9053","longitude":"-62.8315","state_id":null,"state_name":null,"country_id":null},{"active":false,"Giataid":"969311","cityId":null,"cityName":"St. Barthelemy","hotelId":20390126,"hotelName":"Villa Costa Nova","address":"St. Barthelemy,Saint-Barthelemy","phones":"","fax":"","email":"","url":"","countryIso2":"BL","countryName":"Saint-Barthelemy","hotelRating":"1","latitude":"17.9053","longitude":"-62.8315","state_id":null,"state_name":null,"country_id":null},{"active":false,"Giataid":"969344","cityId":null,"cityName":"St. Barthelemy","hotelId":20390127,"hotelName":"Villa Taniko","address":"St. Barthelemy,Saint-Barthelemy","phones":"","fax":"","email":"","url":"","countryIso2":"BL","countryName":"Saint-Barthelemy","hotelRating":"1","latitude":"17.9053","longitude":"-62.8315","state_id":null,"state_name":null,"country_id":null},{"active":false,"Giataid":"969508","cityId":null,"cityName":"St. Barthelemy","hotelId":20390130,"hotelName":"Villa Alhena","address":"St. Barthelemy,Saint-Barthelemy","phones":"","fax":"","email":"","url":"","countryIso2":"BL","countryName":"Saint-Barthelemy","hotelRating":"1","latitude":"17.9053","longitude":"-62.8315","state_id":null,"state_name":null,"country_id":null},{"active":false,"Giataid":"969389","cityId":null,"cityName":"St. Barthelemy","hotelId":20390128,"hotelName":"Villa Victoria","address":"St. Barthelemy,Saint-Barthelemy","phones":"","fax":"","email":"","url":"","countryIso2":"BL","countryName":"Saint-Barthelemy","hotelRating":"1","latitude":"17.9053","longitude":"-62.8315","state_id":null,"state_name":null,"country_id":null},{"active":false,"Giataid":"969445","cityId":null,"cityName":"St. Barthelemy","hotelId":20390129,"hotelName":"Villa Sunrock","address":"St. Barthelemy,Saint-Barthelemy","phones":"","fax":"","email":"","url":"","countryIso2":"BL","countryName":"Saint-Barthelemy","hotelRating":"1","latitude":"17.9053","longitude":"-62.8315","state_id":null,"state_name":null,"country_id":null},{"active":false,"Giataid":"969572","cityId":null,"cityName":"St. Barthelemy","hotelId":20390131,"hotelName":"Villa La Belle Epoque","address":"St. Barthelemy,Saint-Barthelemy","phones":"","fax":"","email":"","url":"","countryIso2":"BL","countryName":"Saint-Barthelemy","hotelRating":"1","latitude":"17.9053","longitude":"-62.8315","state_id":null,"state_name":null,"country_id":null},{"active":false,"Giataid":"969624","cityId":null,"cityName":"St. Barthelemy","hotelId":20390132,"hotelName":"Villa Anakao","address":"Saint Barthelemy,Saint-Barthelemy","phones":"","fax":"","email":"","url":"","countryIso2":"BL","countryName":"Saint-Barthelemy","hotelRating":"1","latitude":"17.8969","longitude":"-62.8357","state_id":null,"state_name":null,"country_id":null},{"active":false,"Giataid":"969678","cityId":null,"cityName":"St. Barthelemy","hotelId":20390133,"hotelName":"Villa Alphane","address":"St. Barthelemy,Saint-Barthelemy","phones":"","fax":"","email":"","url":"","countryIso2":"BL","countryName":"Saint-Barthelemy","hotelRating":"1","latitude":"17.9053","longitude":"-62.8315","state_id":null,"state_name":null,"country_id":null},{"active":false,"Giataid":"969732","cityId":null,"cityName":"St. Barthelemy","hotelId":20390134,"hotelName":"Villa Cactus","address":"St. Barthelemy,Saint-Barthelemy","phones":"","fax":"","email":"","url":"","countryIso2":"BL","countryName":"Saint-Barthelemy","hotelRating":"1","latitude":"17.9053","longitude":"-62.8315","state_id":null,"state_name":null,"country_id":null},{"active":false,"Giataid":"969828","cityId":null,"cityName":"St. Barthelemy","hotelId":20390135,"hotelName":"Villa Parsifal","address":"St. Barthelemy,Saint-Barthelemy","phones":"","fax":"","email":"","url":"","countryIso2":"BL","countryName":"Saint-Barthelemy","hotelRating":"1","latitude":"17.9053","longitude":"-62.8315","state_id":null,"state_name":null,"country_id":null},{"active":false,"Giataid":"969952","cityId":null,"cityName":"St. Barthelemy","hotelId":20390136,"hotelName":"Villa Marigot Bay","address":"St. Barthelemy,Saint-Barthelemy","phones":"","fax":"","email":"","url":"","countryIso2":"BL","countryName":"Saint-Barthelemy","hotelRating":"1","latitude":"17.9053","longitude":"-62.8315","state_id":null,"state_name":null,"country_id":null},{"active":false,"Giataid":"972328","cityId":null,"cityName":"St. Barthelemy","hotelId":20390137,"hotelName":"Villa Anais","address":"St. Barthelemy,Saint-Barthelemy","phones":"","fax":"","email":"","url":"","countryIso2":"BL","countryName":"Saint-Barthelemy","hotelRating":"1","latitude":"17.9053","longitude":"-62.8315","state_id":null,"state_name":null,"country_id":null},{"active":false,"Giataid":"972447","cityId":null,"cityName":"St. Barthelemy","hotelId":20390138,"hotelName":"Villa Rose Dog","address":"St. Barthelemy,Saint-Barthelemy","phones":"","fax":"","email":"","url":"","countryIso2":"BL","countryName":"Saint-Barthelemy","hotelRating":"1","latitude":"17.9053","longitude":"-62.8315","state_id":null,"state_name":null,"country_id":null},{"active":false,"Giataid":"969316","cityId":null,"cityName":"St. Barthelemy","hotelId":20390139,"hotelName":"Villa Globe Trotter","address":"St. Barthelemy,Saint-Barthelemy","phones":"","fax":"","email":"","url":"","countryIso2":"BL","countryName":"Saint-Barthelemy","hotelRating":"1","latitude":"17.9053","longitude":"-62.8315","state_id":null,"state_name":null,"country_id":null},{"active":false,"Giataid":"969350","cityId":null,"cityName":"St. Barthelemy","hotelId":20390140,"hotelName":"Villa Adamas","address":"St. Barthelemy,Saint-Barthelemy","phones":"","fax":"","email":"","url":"","countryIso2":"BL","countryName":"Saint-Barthelemy","hotelRating":"1","latitude":"17.9053","longitude":"-62.8315","state_id":null,"state_name":null,"country_id":null},{"active":false,"Giataid":"969527","cityId":null,"cityName":"St. Barthelemy","hotelId":20390143,"hotelName":"Villa Carmen","address":"St. Barthelemy,Saint-Barthelemy","phones":"","fax":"","email":"","url":"","countryIso2":"BL","countryName":"Saint-Barthelemy","hotelRating":"1","latitude":"17.9053","longitude":"-62.8315","state_id":null,"state_name":null,"country_id":null},{"active":false,"Giataid":"969401","cityId":null,"cityName":"St. Barthelemy","hotelId":20390141,"hotelName":"Villa Castle Rock","address":"St. Barthelemy,Saint-Barthelemy","phones":"","fax":"","email":"","url":"http://castlerockstbarth.com/en/","countryIso2":"BL","countryName":"Saint-Barthelemy","hotelRating":"1","latitude":"17.9053","longitude":"-62.8315","state_id":null,"state_name":null,"country_id":null},{"active":false,"Giataid":"969457","cityId":null,"cityName":"St. Barthelemy","hotelId":20390142,"hotelName":"Villa Sea Bird","address":"St. Barthelemy,Saint-Barthelemy","phones":"","fax":"","email":"","url":"","countryIso2":"BL","countryName":"Saint-Barthelemy","hotelRating":"1","latitude":"17.9053","longitude":"-62.8315","state_id":null,"state_name":null,"country_id":null},{"active":false,"Giataid":"969695","cityId":null,"cityName":"St. Barthelemy","hotelId":20390146,"hotelName":"Villa Nocean","address":"St. Barthelemy,Saint-Barthelemy","phones":"","fax":"","email":"","url":"","countryIso2":"BL","countryName":"Saint-Barthelemy","hotelRating":"1","latitude":"17.9053","longitude":"-62.8315","state_id":null,"state_name":null,"country_id":null},{"active":false,"Giataid":"969581","cityId":null,"cityName":"St. Barthelemy","hotelId":20390144,"hotelName":"Villa Mahogany","address":"St. Barthelemy,Saint-Barthelemy","phones":"","fax":"","email":"","url":"","countryIso2":"BL","countryName":"Saint-Barthelemy","hotelRating":"1","latitude":"17.9053","longitude":"-62.8315","state_id":null,"state_name":null,"country_id":null},{"active":false,"Giataid":"969642","cityId":null,"cityName":"St. Barthelemy","hotelId":20390145,"hotelName":"Villa Apiano","address":"St. Barthelemy,Saint-Barthelemy","phones":"","fax":"","email":"","url":"","countryIso2":"BL","countryName":"Saint-Barthelemy","hotelRating":"1","latitude":"17.9053","longitude":"-62.8315","state_id":null,"state_name":null,"country_id":null},{"active":false,"Giataid":"969978","cityId":null,"cityName":"St. Barthelemy","hotelId":20390149,"hotelName":"Villa La Danse Des Etoiles","address":"St. Barthelemy,Saint-Barthelemy","phones":"","fax":"","email":"","url":"","countryIso2":"BL","countryName":"Saint-Barthelemy","hotelRating":"1","latitude":"17.9053","longitude":"-62.8315","state_id":null,"state_name":null,"country_id":null},{"active":false,"Giataid":"972367","cityId":null,"cityName":"St. Barthelemy","hotelId":20390150,"hotelName":"Villa Mapou","address":"St. Barthelemy,Saint-Barthelemy","phones":"","fax":"","email":"","url":"","countryIso2":"BL","countryName":"Saint-Barthelemy","hotelRating":"1","latitude":"17.9053","longitude":"-62.8315","state_id":null,"state_name":null,"country_id":null},{"active":false,"Giataid":"969758","cityId":null,"cityName":"St. Barthelemy","hotelId":20390147,"hotelName":"Villa Enjoy","address":"St. Barthelemy,Saint-Barthelemy","phones":"","fax":"","email":"","url":"","countryIso2":"BL","countryName":"Saint-Barthelemy","hotelRating":"1","latitude":"17.9053","longitude":"-62.8315","state_id":null,"state_name":null,"country_id":null},{"active":false,"Giataid":"969839","cityId":null,"cityName":"St. Barthelemy","hotelId":20390148,"hotelName":"Villa Samsara","address":"St. Barthelemy,Saint-Barthelemy","phones":"","fax":"","email":"","url":"","countryIso2":"BL","countryName":"Saint-Barthelemy","hotelRating":"1","latitude":"17.9053","longitude":"-62.8315","state_id":null,"state_name":null,"country_id":null},{"active":false,"Giataid":"972471","cityId":null,"cityName":"St. Barthelemy","hotelId":20390151,"hotelName":"Villa Little Caramba","address":"St. Barthelemy,Saint-Barthelemy","phones":"","fax":"","email":"","url":"","countryIso2":"BL","countryName":"Saint-Barthelemy","hotelRating":"1","latitude":"17.9053","longitude":"-62.8315","state_id":null,"state_name":null,"country_id":null},{"active":false,"Giataid":"969320","cityId":null,"cityName":"St. Barthelemy","hotelId":20390152,"hotelName":"Villa Dasha","address":"St. Barthelemy,Saint-Barthelemy","phones":"","fax":"","email":"","url":"","countryIso2":"BL","countryName":"Saint-Barthelemy","hotelRating":"1","latitude":"17.9053","longitude":"-62.8315","state_id":null,"state_name":null,"country_id":null},{"active":false,"Giataid":"969357","cityId":null,"cityName":"St. Barthelemy","hotelId":20390153,"hotelName":"Villa Micalao","address":"St. Barthelemy,Saint-Barthelemy","phones":"","fax":"","email":"","url":"","countryIso2":"BL","countryName":"Saint-Barthelemy","hotelRating":"1","latitude":"17.9053","longitude":"-62.8315","state_id":null,"state_name":null,"country_id":null},{"active":false,"Giataid":"969412","cityId":null,"cityName":"St. Barthelemy","hotelId":20390154,"hotelName":"Villa Manon","address":"St. Barthelemy,Saint-Barthelemy","phones":"","fax":"","email":"","url":"","countryIso2":"BL","countryName":"Saint-Barthelemy","hotelRating":"1","latitude":"17.9053","longitude":"-62.8315","state_id":null,"state_name":null,"country_id":null},{"active":false,"Giataid":"969464","cityId":null,"cityName":"St. Barthelemy","hotelId":20390155,"hotelName":"Villa Wastra","address":"St. Barthelemy,Saint-Barthelemy","phones":"","fax":"","email":"","url":"","countryIso2":"BL","countryName":"Saint-Barthelemy","hotelRating":"1","latitude":"17.9053","longitude":"-62.8315","state_id":null,"state_name":null,"country_id":null},{"active":false,"Giataid":"969533","cityId":null,"cityName":"St. Barthelemy","hotelId":20390156,"hotelName":"Villa Coco Rock","address":"St. Barthelemy,Saint-Barthelemy","phones":"","fax":"","email":"","url":"","countryIso2":"BL","countryName":"Saint-Barthelemy","hotelRating":"1","latitude":"17.9053","longitude":"-62.8315","state_id":null,"state_name":null,"country_id":null},{"active":false,"Giataid":"969586","cityId":null,"cityName":"St. Barthelemy","hotelId":20390157,"hotelName":"Villa Arawak","address":"St. Barthelemy,Saint-Barthelemy","phones":"","fax":"","email":"","url":"","countryIso2":"BL","countryName":"Saint-Barthelemy","hotelRating":"1","latitude":"17.9053","longitude":"-62.8315","state_id":null,"state_name":null,"country_id":null},{"active":false,"Giataid":"969647","cityId":null,"cityName":"St. Barthelemy","hotelId":20390158,"hotelName":"Villa Ginger","address":"St. Barthelemy,Saint-Barthelemy","phones":"","fax":"","email":"","url":"","countryIso2":"BL","countryName":"Saint-Barthelemy","hotelRating":"1","latitude":"17.9053","longitude":"-62.8315","state_id":null,"state_name":null,"country_id":null},{"active":false,"Giataid":"969710","cityId":null,"cityName":"St. Barthelemy","hotelId":20390159,"hotelName":"Villa Pajoma","address":"St. Barthelemy,Saint-Barthelemy","phones":"","fax":"","email":"","url":"","countryIso2":"BL","countryName":"Saint-Barthelemy","hotelRating":"1","latitude":"17.9053","longitude":"-62.8315","state_id":null,"state_name":null,"country_id":null},{"active":false,"Giataid":"969760","cityId":null,"cityName":"St. Barthelemy","hotelId":20390160,"hotelName":"Villa La Magnifica","address":"St. Barthelemy,Saint-Barthelemy","phones":"","fax":"","email":"","url":"","countryIso2":"BL","countryName":"Saint-Barthelemy","hotelRating":"1","latitude":"17.9053","longitude":"-62.8315","state_id":null,"state_name":null,"country_id":null},{"active":false,"Giataid":"969851","cityId":null,"cityName":"St. Barthelemy","hotelId":20390161,"hotelName":"Villa Grand Large","address":"St. Barthelemy,Saint-Barthelemy","phones":"","fax":"","email":"","url":"","countryIso2":"BL","countryName":"Saint-Barthelemy","hotelRating":"1","latitude":"17.9053","longitude":"-62.8315","state_id":null,"state_name":null,"country_id":null},{"active":false,"Giataid":"970007","cityId":null,"cityName":"St. Barthelemy","hotelId":20390162,"hotelName":"Villa Arrowmarine","address":"Saint Barthelemy,Saint-Barthelemy","phones":"","fax":"","email":"","url":"","countryIso2":"BL","countryName":"Saint-Barthelemy","hotelRating":"1","latitude":"17.9053","longitude":"-62.8315","state_id":null,"state_name":null,"country_id":null},{"active":false,"Giataid":"972395","cityId":null,"cityName":"St. Barthelemy","hotelId":20390163,"hotelName":"Villa Alize D'eden","address":"St. Barthelemy,Saint-Barthelemy","phones":"","fax":"","email":"","url":"","countryIso2":"BL","countryName":"Saint-Barthelemy","hotelRating":"1","latitude":"17.9053","longitude":"-62.8315","state_id":null,"state_name":null,"country_id":null},{"active":false,"Giataid":"976099","cityId":null,"cityName":"St. Barthelemy","hotelId":20390164,"hotelName":"Villa Art","address":"St. Barthelemy,Saint-Barthelemy","phones":"","fax":"","email":"","url":"","countryIso2":"BL","countryName":"Saint-Barthelemy","hotelRating":"1","latitude":"17.9053","longitude":"-62.8315","state_id":null,"state_name":null,"country_id":null},{"active":false,"Giataid":"969363","cityId":null,"cityName":"St. Barthelemy","hotelId":20390167,"hotelName":"Villa C'est la Vue","address":"St. Barthelemy,Saint-Barthelemy","phones":"","fax":"","email":"","url":"","countryIso2":"BL","countryName":"Saint-Barthelemy","hotelRating":"1","latitude":"17.9053","longitude":"-62.8315","state_id":null,"state_name":null,"country_id":null},{"active":false,"Giataid":"969299","cityId":null,"cityName":"St. Barthelemy","hotelId":20390165,"hotelName":"Villa Acamar","address":"Saint Barthelemy,Saint-Barthelemy","phones":"","fax":"","email":"","url":"","countryIso2":"BL","countryName":"Saint-Barthelemy","hotelRating":"1","latitude":"17.9053","longitude":"-62.8315","state_id":null,"state_name":null,"country_id":null},{"active":false,"Giataid":"969331","cityId":null,"cityName":"St. Barthelemy","hotelId":20390166,"hotelName":"Villa La Danse du Soleil","address":"St. Barthelemy,Saint-Barthelemy","phones":"","fax":"","email":"","url":"","countryIso2":"BL","countryName":"Saint-Barthelemy","hotelRating":"1","latitude":"17.9053","longitude":"-62.8315","state_id":null,"state_name":null,"country_id":null},{"active":false,"Giataid":"969423","cityId":null,"cityName":"St. Barthelemy","hotelId":20390168,"hotelName":"Villa Wings","address":"St. Barthelemy,Saint-Barthelemy","phones":"","fax":"","email":"","url":"","countryIso2":"BL","countryName":"Saint-Barthelemy","hotelRating":"1","latitude":"17.9053","longitude":"-62.8315","state_id":null,"state_name":null,"country_id":null},{"active":false,"Giataid":"969481","cityId":null,"cityName":"St. Barthelemy","hotelId":20390169,"hotelName":"Villa Maracuja","address":"St. Barthelemy,Saint-Barthelemy","phones":"","fax":"","email":"","url":"","countryIso2":"BL","countryName":"Saint-Barthelemy","hotelRating":"1","latitude":"17.9053","longitude":"-62.8315","state_id":null,"state_name":null,"country_id":null},{"active":false,"Giataid":"969546","cityId":null,"cityName":"St. Barthelemy","hotelId":20390170,"hotelName":"Villa L'abri Cotier","address":"St. Barthelemy,Saint-Barthelemy","phones":"","fax":"","email":"","url":"","countryIso2":"BL","countryName":"Saint-Barthelemy","hotelRating":"1","latitude":"17.9053","longitude":"-62.8315","state_id":null,"state_name":null,"country_id":null},{"active":false,"Giataid":"969593","cityId":null,"cityName":"St. Barthelemy","hotelId":20390171,"hotelName":"Villa Key Lime","address":"St. Barthelemy,Saint-Barthelemy","phones":"","fax":"","email":"","url":"","countryIso2":"BL","countryName":"Saint-Barthelemy","hotelRating":"1","latitude":"17.9053","longitude":"-62.8315","state_id":null,"state_name":null,"country_id":null},{"active":false,"Giataid":"969658","cityId":null,"cityName":"St. Barthelemy","hotelId":20390172,"hotelName":"Villa Letchi","address":"St. Barthelemy,Saint-Barthelemy","phones":"","fax":"","email":"","url":"","countryIso2":"BL","countryName":"Saint-Barthelemy","hotelRating":"1","latitude":"17.9053","longitude":"-62.8315","state_id":null,"state_name":null,"country_id":null},{"active":false,"Giataid":"969717","cityId":null,"cityName":"St. Barthelemy","hotelId":20390173,"hotelName":"Villa Bellissima","address":"St. Barthelemy,Saint-Barthelemy","phones":"","fax":"","email":"","url":"","countryIso2":"BL","countryName":"Saint-Barthelemy","hotelRating":"1","latitude":"17.9053","longitude":"-62.8315","state_id":null,"state_name":null,"country_id":null},{"active":false,"Giataid":"969802","cityId":null,"cityName":"St. Barthelemy","hotelId":20390174,"hotelName":"Villa Caramba","address":"St. Barthelemy,Saint-Barthelemy","phones":"","fax":"","email":"","url":"","countryIso2":"BL","countryName":"Saint-Barthelemy","hotelRating":"1","latitude":"17.9053","longitude":"-62.8315","state_id":null,"state_name":null,"country_id":null},{"active":false,"Giataid":"969860","cityId":null,"cityName":"St. Barthelemy","hotelId":20390175,"hotelName":"Villa Caribbean Breeze","address":"St. Barthelemy,Saint-Barthelemy","phones":"","fax":"","email":"","url":"","countryIso2":"BL","countryName":"Saint-Barthelemy","hotelRating":"1","latitude":"17.9053","longitude":"-62.8315","state_id":null,"state_name":null,"country_id":null},{"active":false,"Giataid":"972306","cityId":null,"cityName":"St. Barthelemy","hotelId":20390176,"hotelName":"Villa Iris","address":"St. Barthelemy,Saint-Barthelemy","phones":"","fax":"","email":"","url":"","countryIso2":"BL","countryName":"Saint-Barthelemy","hotelRating":"1","latitude":"17.9053","longitude":"-62.8315","state_id":null,"state_name":null,"country_id":null},{"active":false,"Giataid":"972419","cityId":null,"cityName":"St. Barthelemy","hotelId":20390177,"hotelName":"Villa Phoenix","address":"St. Barthelemy,Saint-Barthelemy","phones":"","fax":"","email":"","url":"","countryIso2":"BL","countryName":"Saint-Barthelemy","hotelRating":"1","latitude":"17.9053","longitude":"-62.8315","state_id":null,"state_name":null,"country_id":null},{"active":false,"Giataid":"976146","cityId":null,"cityName":"St. Barthelemy","hotelId":20390178,"hotelName":"Villa Coco","address":"Saint Barthelemy,Saint-Barthelemy","phones":"","fax":"","email":"","url":"","countryIso2":"BL","countryName":"Saint-Barthelemy","hotelRating":"1","latitude":"17.9053","longitude":"-62.8315","state_id":null,"state_name":null,"country_id":null},{"active":false,"Giataid":"969307","cityId":null,"cityName":"St. Barthelemy","hotelId":20390179,"hotelName":"Villa Dunes","address":"Saint Barthelemy,Saint-Barthelemy","phones":"","fax":"","email":"","url":"","countryIso2":"BL","countryName":"Saint-Barthelemy","hotelRating":"1","latitude":"17.9053","longitude":"-62.8315","state_id":null,"state_name":null,"country_id":null},{"active":false,"Giataid":"969340","cityId":null,"cityName":"St. Barthelemy","hotelId":20390180,"hotelName":"Villa Aventura","address":"St. Barthelemy,Saint-Barthelemy","phones":"","fax":"","email":"","url":"","countryIso2":"BL","countryName":"Saint-Barthelemy","hotelRating":"1","latitude":"17.9053","longitude":"-62.8315","state_id":null,"state_name":null,"country_id":null},{"active":false,"Giataid":"969374","cityId":null,"cityName":"St. Barthelemy","hotelId":20390181,"hotelName":"Villa La Rose Des Vents","address":"Saint Barthelemy,Saint-Barthelemy","phones":"","fax":"","email":"","url":"","countryIso2":"BL","countryName":"Saint-Barthelemy","hotelRating":"1","latitude":"17.9071","longitude":"-62.8056","state_id":null,"state_name":null,"country_id":null},{"active":false,"Giataid":"969428","cityId":null,"cityName":"St. Barthelemy","hotelId":20390182,"hotelName":"Villa Gros Ilets","address":"St. Barthelemy,Saint-Barthelemy","phones":"","fax":"","email":"","url":"","countryIso2":"BL","countryName":"Saint-Barthelemy","hotelRating":"1","latitude":"17.9053","longitude":"-62.8315","state_id":null,"state_name":null,"country_id":null},{"active":false,"Giataid":"969483","cityId":null,"cityName":"St. Barthelemy","hotelId":20390183,"hotelName":"Villa La Desirade","address":"St. Barthelemy,Saint-Barthelemy","phones":"","fax":"","email":"","url":"","countryIso2":"BL","countryName":"Saint-Barthelemy","hotelRating":"1","latitude":"17.9053","longitude":"-62.8315","state_id":null,"state_name":null,"country_id":null},{"active":false,"Giataid":"969556","cityId":null,"cityName":"St. Barthelemy","hotelId":20390184,"hotelName":"Villa Turtle","address":"St. Barthelemy,Saint-Barthelemy","phones":"","fax":"","email":"","url":"","countryIso2":"BL","countryName":"Saint-Barthelemy","hotelRating":"1","latitude":"17.9053","longitude":"-62.8315","state_id":null,"state_name":null,"country_id":null},{"active":false,"Giataid":"969620","cityId":null,"cityName":"St. Barthelemy","hotelId":20390185,"hotelName":"Villa Utopic","address":"St. Barthelemy,Saint-Barthelemy","phones":"","fax":"","email":"","url":"","countryIso2":"BL","countryName":"Saint-Barthelemy","hotelRating":"1","latitude":"17.9053","longitude":"-62.8315","state_id":null,"state_name":null,"country_id":null},{"active":false,"Giataid":"969668","cityId":null,"cityName":"St. Barthelemy","hotelId":20390186,"hotelName":"Villa Grain de Folie","address":"St. Barthelemy,Saint-Barthelemy","phones":"","fax":"","email":"","url":"","countryIso2":"BL","countryName":"Saint-Barthelemy","hotelRating":"1","latitude":"17.9053","longitude":"-62.8315","state_id":null,"state_name":null,"country_id":null},{"active":false,"Giataid":"969722","cityId":null,"cityName":"St. Barthelemy","hotelId":20390187,"hotelName":"Villa Belle Etoile","address":"St. Barthelemy,Saint-Barthelemy","phones":"","fax":"","email":"","url":"","countryIso2":"BL","countryName":"Saint-Barthelemy","hotelRating":"1","latitude":"17.9053","longitude":"-62.8315","state_id":null,"state_name":null,"country_id":null},{"active":false,"Giataid":"969810","cityId":null,"cityName":"St. Barthelemy","hotelId":20390188,"hotelName":"Casa Tigre","address":"St. Barthelemy,Saint-Barthelemy","phones":"","fax":"","email":"","url":"","countryIso2":"BL","countryName":"Saint-Barthelemy","hotelRating":"1","latitude":"17.9053","longitude":"-62.8315","state_id":null,"state_name":null,"country_id":null},{"active":false,"Giataid":"969872","cityId":null,"cityName":"St. Barthelemy","hotelId":20390189,"hotelName":"Villa Jocapana","address":"St. Barthelemy,Saint-Barthelemy","phones":"","fax":"","email":"","url":"","countryIso2":"BL","countryName":"Saint-Barthelemy","hotelRating":"1","latitude":"17.9053","longitude":"-62.8315","state_id":null,"state_name":null,"country_id":null},{"active":false,"Giataid":"972310","cityId":null,"cityName":"St. Barthelemy","hotelId":20390190,"hotelName":"Villa Serenity","address":"St. Barthelemy,Saint-Barthelemy","phones":"","fax":"","email":"","url":"","countryIso2":"BL","countryName":"Saint-Barthelemy","hotelRating":"1","latitude":"17.9053","longitude":"-62.8315","state_id":null,"state_name":null,"country_id":null},{"active":false,"Giataid":"972434","cityId":null,"cityName":"St. Barthelemy","hotelId":20390191,"hotelName":"Villa Sky Vista","address":"St. Barthelemy,Saint-Barthelemy","phones":"","fax":"","email":"","url":"","countryIso2":"BL","countryName":"Saint-Barthelemy","hotelRating":"1","latitude":"17.9053","longitude":"-62.8315","state_id":null,"state_name":null,"country_id":null},{"active":false,"Giataid":"969325","cityId":null,"cityName":"St. Barthelemy","hotelId":20390192,"hotelName":"Villa l'Enclos","address":"Saint-Barth?lemy,Saint-Barthelemy","phones":"","fax":"","email":"","url":"http://www.villalenclos.com","countryIso2":"BL","countryName":"Saint-Barthelemy","hotelRating":"1","latitude":"17.9053","longitude":"-62.8315","state_id":null,"state_name":null,"country_id":null},{"active":false,"Giataid":"969358","cityId":null,"cityName":"St. Barthelemy","hotelId":20390193,"hotelName":"Villa My Way","address":"St. Barthelemy,Saint-Barthelemy","phones":"","fax":"","email":"","url":"","countryIso2":"BL","countryName":"Saint-Barthelemy","hotelRating":"1","latitude":"17.9053","longitude":"-62.8315","state_id":null,"state_name":null,"country_id":null},{"active":false,"Giataid":"969414","cityId":null,"cityName":"St. Barthelemy","hotelId":20390194,"hotelName":"Villa L'oustau","address":"St. Barthelemy,Saint-Barthelemy","phones":"","fax":"","email":"","url":"","countryIso2":"BL","countryName":"Saint-Barthelemy","hotelRating":"1","latitude":"17.9053","longitude":"-62.8315","state_id":null,"state_name":null,"country_id":null},{"active":false,"Giataid":"969468","cityId":null,"cityName":"St. Barthelemy","hotelId":20390195,"hotelName":"Villa Ixfalia","address":"St. Barthelemy,Saint-Barthelemy","phones":"","fax":"","email":"","url":"","countryIso2":"BL","countryName":"Saint-Barthelemy","hotelRating":"1","latitude":"17.9053","longitude":"-62.8315","state_id":null,"state_name":null,"country_id":null},{"active":false,"Giataid":"969534","cityId":null,"cityName":"St. Barthelemy","hotelId":20390196,"hotelName":"Villa Avalon","address":"St. Barthelemy,Saint-Barthelemy","phones":"","fax":"","email":"","url":"","countryIso2":"BL","countryName":"Saint-Barthelemy","hotelRating":"1","latitude":"17.9053","longitude":"-62.8315","state_id":null,"state_name":null,"country_id":null},{"active":false,"Giataid":"969587","cityId":null,"cityName":"St. Barthelemy","hotelId":20390197,"hotelName":"Villa Raisiniers","address":"St. Barthelemy,Saint-Barthelemy","phones":"","fax":"","email":"","url":"","countryIso2":"BL","countryName":"Saint-Barthelemy","hotelRating":"1","latitude":"17.9053","longitude":"-62.8315","state_id":null,"state_name":null,"country_id":null},{"active":false,"Giataid":"969657","cityId":null,"cityName":"St. Barthelemy","hotelId":20390198,"hotelName":"Villa Luz","address":"St. Barthelemy,Saint-Barthelemy","phones":"","fax":"","email":"","url":"","countryIso2":"BL","countryName":"Saint-Barthelemy","hotelRating":"1","latitude":"17.9053","longitude":"-62.8315","state_id":null,"state_name":null,"country_id":null},{"active":false,"Giataid":"969712","cityId":null,"cityName":"St. Barthelemy","hotelId":20390199,"hotelName":"Villa Shalimar","address":"St. Barthelemy,Saint-Barthelemy","phones":"","fax":"","email":"","url":"","countryIso2":"BL","countryName":"Saint-Barthelemy","hotelRating":"1","latitude":"17.9053","longitude":"-62.8315","state_id":null,"state_name":null,"country_id":null},{"active":false,"Giataid":"969858","cityId":null,"cityName":"St. Barthelemy","hotelId":20390201,"hotelName":"Villa Bastide","address":"St. Barthelemy,Saint-Barthelemy","phones":"","fax":"","email":"","url":"","countryIso2":"BL","countryName":"Saint-Barthelemy","hotelRating":"1","latitude":"17.9053","longitude":"-62.8315","state_id":null,"state_name":null,"country_id":null},{"active":false,"Giataid":"969776","cityId":null,"cityName":"St. Barthelemy","hotelId":20390200,"hotelName":"Villa 21","address":"St. Barthelemy,Saint-Barthelemy","phones":"","fax":"","email":"","url":"","countryIso2":"BL","countryName":"Saint-Barthelemy","hotelRating":"1","latitude":"17.9053","longitude":"-62.8315","state_id":null,"state_name":null,"country_id":null},{"active":false,"Giataid":"972296","cityId":null,"cityName":"St. Barthelemy","hotelId":20390202,"hotelName":"Villa Vitti","address":"St. Barthelemy,Saint-Barthelemy","phones":"","fax":"","email":"","url":"","countryIso2":"BL","countryName":"Saint-Barthelemy","hotelRating":"1","latitude":"17.9053","longitude":"-62.8315","state_id":null,"state_name":null,"country_id":null},{"active":false,"Giataid":"972403","cityId":null,"cityName":"St. Barthelemy","hotelId":20390203,"hotelName":"Villa Hurakan","address":"St. Barthelemy,Saint-Barthelemy","phones":"","fax":"","email":"","url":"","countryIso2":"BL","countryName":"Saint-Barthelemy","hotelRating":"1","latitude":"17.9053","longitude":"-62.8315","state_id":null,"state_name":null,"country_id":null},{"active":false,"Giataid":"976105","cityId":null,"cityName":"St. Barthelemy","hotelId":20390204,"hotelName":"Villa Lataniers","address":"St. Barthelemy,Saint-Barthelemy","phones":"","fax":"","email":"","url":"http://www.hotels.com/ho1059758592","countryIso2":"BL","countryName":"Saint-Barthelemy","hotelRating":"1","latitude":"17.9053","longitude":"-62.8315","state_id":null,"state_name":null,"country_id":null},{"active":false,"Giataid":"969314","cityId":null,"cityName":"St. Barthelemy","hotelId":20390205,"hotelName":"Villa Belle Bague","address":"St. Barthelemy,Saint-Barthelemy","phones":"","fax":"","email":"","url":"http://villabellebague.com","countryIso2":"BL","countryName":"Saint-Barthelemy","hotelRating":"1","latitude":"17.9053","longitude":"-62.8315","state_id":null,"state_name":null,"country_id":null},{"active":false,"Giataid":"969349","cityId":null,"cityName":"St. Barthelemy","hotelId":20390206,"hotelName":"Villa Black Pearl","address":"St. Barthelemy,Saint-Barthelemy","phones":"","fax":"","email":"","url":"","countryIso2":"BL","countryName":"Saint-Barthelemy","hotelRating":"1","latitude":"17.9053","longitude":"-62.8315","state_id":null,"state_name":null,"country_id":null},{"active":false,"Giataid":"969398","cityId":null,"cityName":"St. Barthelemy","hotelId":20390207,"hotelName":"Villa Lital","address":"St. Barthelemy,Saint-Barthelemy","phones":"","fax":"","email":"contact@villalital.com","url":"http://villalital.com/","countryIso2":"BL","countryName":"Saint-Barthelemy","hotelRating":"1","latitude":"17.9053","longitude":"-62.8315","state_id":null,"state_name":null,"country_id":null},{"active":false,"Giataid":"969448","cityId":null,"cityName":"St. Barthelemy","hotelId":20390208,"hotelName":"Villa Kuban","address":"St. Barthelemy,Saint-Barthelemy","phones":"","fax":"","email":"","url":"","countryIso2":"BL","countryName":"Saint-Barthelemy","hotelRating":"1","latitude":"17.9053","longitude":"-62.8315","state_id":null,"state_name":null,"country_id":null},{"active":false,"Giataid":"969514","cityId":null,"cityName":"St. Barthelemy","hotelId":20390209,"hotelName":"Villa Kyody","address":"St. Barthelemy,Saint-Barthelemy","phones":"","fax":"","email":"","url":"","countryIso2":"BL","countryName":"Saint-Barthelemy","hotelRating":"1","latitude":"17.9053","longitude":"-62.8315","state_id":null,"state_name":null,"country_id":null},{"active":false,"Giataid":"969575","cityId":null,"cityName":"St. Barthelemy","hotelId":20390210,"hotelName":"Villa Angelique","address":"St. Barthelemy,Saint-Barthelemy","phones":"","fax":"","email":"","url":"","countryIso2":"BL","countryName":"Saint-Barthelemy","hotelRating":"1","latitude":"17.9053","longitude":"-62.8315","state_id":null,"state_name":null,"country_id":null},{"active":false,"Giataid":"969637","cityId":null,"cityName":"St. Barthelemy","hotelId":20390211,"hotelName":"Villa Bonjour","address":"St. Barthelemy,Saint-Barthelemy","phones":"","fax":"","email":"","url":"","countryIso2":"BL","countryName":"Saint-Barthelemy","hotelRating":"1","latitude":"17.9053","longitude":"-62.8315","state_id":null,"state_name":null,"country_id":null},{"active":false,"Giataid":"969689","cityId":null,"cityName":"St. Barthelemy","hotelId":20390212,"hotelName":"Villa Escapade","address":"St. Barthelemy,Saint-Barthelemy","phones":"","fax":"","email":"","url":"","countryIso2":"BL","countryName":"Saint-Barthelemy","hotelRating":"1","latitude":"17.9053","longitude":"-62.8315","state_id":null,"state_name":null,"country_id":null},{"active":false,"Giataid":"969740","cityId":null,"cityName":"St. Barthelemy","hotelId":20390213,"hotelName":"Villa Supersky","address":"St. Barthelemy,Saint-Barthelemy","phones":"","fax":"","email":"","url":"","countryIso2":"BL","countryName":"Saint-Barthelemy","hotelRating":"1","latitude":"17.9053","longitude":"-62.8315","state_id":null,"state_name":null,"country_id":null},{"active":false,"Giataid":"969829","cityId":null,"cityName":"St. Barthelemy","hotelId":20390214,"hotelName":"Villa Le Motu","address":"St. Barthelemy,Saint-Barthelemy","phones":"","fax":"","email":"","url":"","countryIso2":"BL","countryName":"Saint-Barthelemy","hotelRating":"1","latitude":"17.9053","longitude":"-62.8315","state_id":null,"state_name":null,"country_id":null},{"active":false,"Giataid":"969963","cityId":null,"cityName":"St. Barthelemy","hotelId":20390215,"hotelName":"Villa Lam","address":"St. Barthelemy,Saint-Barthelemy","phones":"","fax":"","email":"","url":"","countryIso2":"BL","countryName":"Saint-Barthelemy","hotelRating":"1","latitude":"17.9053","longitude":"-62.8315","state_id":null,"state_name":null,"country_id":null},{"active":false,"Giataid":"972342","cityId":null,"cityName":"St. Barthelemy","hotelId":20390216,"hotelName":"Villa Alouette","address":"St. Barthelemy,Saint-Barthelemy","phones":"","fax":"","email":"","url":"","countryIso2":"BL","countryName":"Saint-Barthelemy","hotelRating":"1","latitude":"17.9053","longitude":"-62.8315","state_id":null,"state_name":null,"country_id":null},{"active":false,"Giataid":"972450","cityId":null,"cityName":"St. Barthelemy","hotelId":20390217,"hotelName":"Villa Palm","address":"St. Barthelemy,Saint-Barthelemy","phones":"","fax":"","email":"","url":"","countryIso2":"BL","countryName":"Saint-Barthelemy","hotelRating":"1","latitude":"17.9053","longitude":"-62.8315","state_id":null,"state_name":null,"country_id":null}]