[{"active":false,"Giataid":"27182","cityId":20531,"cityName":"Apia","hotelId":27182,"hotelName":"Sheraton Samoa Aggie Greys Hotel and Bungalows","address":"Main Beach Road,Vaisigano,Apia,Samoa,Samoa","phones":"+68522880","fax":"+68523626","email":"aggiegreys@aggiegreys.ws","url":"http://aggiegreys.com/hotel/","countryIso2":"WS","countryName":"Samoa","hotelRating":"3","latitude":"-13.8323","longitude":"-171.761","state_id":2879,"state_name":"Risaralda","country_id":48},{"active":false,"Giataid":"138393","cityId":20531,"cityName":"Apia","hotelId":138393,"hotelName":"Princess Tui Inn","address":"","phones":"","fax":"","email":"","url":"","countryIso2":"WS","countryName":"Samoa","hotelRating":"2","latitude":"-13.8285","longitude":"-171.755","state_id":2879,"state_name":"Risaralda","country_id":48},{"active":false,"Giataid":"244354","cityId":20531,"cityName":"Apia","hotelId":244354,"hotelName":"Tanoa Tusitala","address":"Beach road,P.O.Box 101,Sogi,Apia,Samoa","phones":"+68521122","fax":"+68523652","email":"","url":"http://www.tanoahotels.com/Apia/Apia/Hotel/Tanoa-Tusitala-Hotel_ov=2347_.html","countryIso2":"WS","countryName":"Samoa","hotelRating":"4","latitude":"-13.8286","longitude":"-171.773","state_id":2879,"state_name":"Risaralda","country_id":48},{"active":false,"Giataid":"365498","cityId":20531,"cityName":"Apia","hotelId":365498,"hotelName":"Le Vasa Resort","address":"West Main Beach Road,PO Box 3495,Cape Fatuosofia,Upolu,Samoa","phones":"+68546028","fax":"+68546098","email":"sales@levasaresort.com","url":"http://www.levasaresort.com/","countryIso2":"WS","countryName":"Samoa","hotelRating":"3","latitude":"-13.8664","longitude":"-172.072","state_id":2879,"state_name":"Risaralda","country_id":48},{"active":false,"Giataid":"423748","cityId":20531,"cityName":"Apia","hotelId":423748,"hotelName":"The Mangrove Garden","address":"","phones":"","fax":"","email":"","url":"","countryIso2":"WS","countryName":"Samoa","hotelRating":"1","latitude":"-13.8742","longitude":"-171.77","state_id":2879,"state_name":"Risaralda","country_id":48},{"active":false,"Giataid":"460372","cityId":20531,"cityName":"Apia","hotelId":460372,"hotelName":"Edens Edge Hotel","address":"Togafu'afu'a Road,Apia,Samoa","phones":"+68526202","fax":"","email":"","url":"http://www.edensedgesamoa.com","countryIso2":"WS","countryName":"Samoa","hotelRating":"3","latitude":"-13.8366","longitude":"-171.768","state_id":2879,"state_name":"Risaralda","country_id":48},{"active":false,"Giataid":"460396","cityId":20531,"cityName":"Apia","hotelId":460396,"hotelName":"Vaea Hotel Samoa","address":"Togafu'afu'a Road,Lalovaea,Apia,Samoa","phones":"+68522714","fax":"","email":"bookings@vaeahotel.com","url":"http://vaeahotel.com","countryIso2":"WS","countryName":"Samoa","hotelRating":"1","latitude":"-13.8383","longitude":"-171.768","state_id":2879,"state_name":"Risaralda","country_id":48},{"active":false,"Giataid":"727693","cityId":20531,"cityName":"Apia","hotelId":727693,"hotelName":"Samoa Sport Lodge","address":"214 Apia Samoa,Lepea,Apia,Samoa","phones":"","fax":"","email":"","url":"","countryIso2":"WS","countryName":"Samoa","hotelRating":"1","latitude":"-13.8476","longitude":"-171.795","state_id":2879,"state_name":"Risaralda","country_id":48},{"active":false,"Giataid":"747720","cityId":20531,"cityName":"Apia","hotelId":747720,"hotelName":"Vailima Hillside Apartments","address":"Cross Island Road Vailima,Apia,Samoa","phones":"","fax":"","email":"","url":"","countryIso2":"WS","countryName":"Samoa","hotelRating":"1","latitude":"-13.8742","longitude":"-171.77","state_id":2879,"state_name":"Risaralda","country_id":48},{"active":false,"Giataid":"815605","cityId":20531,"cityName":"Apia","hotelId":815605,"hotelName":"Global Motel","address":"NULL","phones":"","fax":"","email":"","url":"","countryIso2":"WS","countryName":"Samoa","hotelRating":"1","latitude":"-13.8742","longitude":"-171.77","state_id":2879,"state_name":"Risaralda","country_id":48},{"active":false,"Giataid":"854447","cityId":20531,"cityName":"Apia","hotelId":854447,"hotelName":"Taumesina Hideaway","address":"Moata'a,Apia,Samoa","phones":"","fax":"","email":"","url":"","countryIso2":"WS","countryName":"Samoa","hotelRating":"1","latitude":"-13.8321","longitude":"-171.747","state_id":2879,"state_name":"Risaralda","country_id":48},{"active":false,"Giataid":"856618","cityId":20531,"cityName":"Apia","hotelId":856618,"hotelName":"Samoana Boutique Hotel","address":"Apia Park,Apia,Samoa","phones":"+68531000","fax":"","email":"bookings@samoanahotel.com","url":"http://www.samoanahotel.com","countryIso2":"WS","countryName":"Samoa","hotelRating":"1","latitude":"-13.8742","longitude":"-171.77","state_id":2879,"state_name":"Risaralda","country_id":48},{"active":false,"Giataid":"332658","cityId":20531,"cityName":"Apia","hotelId":10055733,"hotelName":"Le Alaimoana Hotel","address":"PO Box 3641,Main East Coast Road,Apia Park,Apia,Samoa,Samoa","phones":"+68520392","fax":"","email":"","url":"","countryIso2":"WS","countryName":"Samoa","hotelRating":"3","latitude":"-13.8332","longitude":"-171.753","state_id":2879,"state_name":"Risaralda","country_id":48},{"active":false,"Giataid":"531578","cityId":20531,"cityName":"Apia","hotelId":10055958,"hotelName":"Samoa Tradition Resort","address":"Ululoa   P.O Box 589�,Apia,Samoa","phones":"+68525699","fax":"","email":"","url":"","countryIso2":"WS","countryName":"Samoa","hotelRating":"3","latitude":"-13.8569","longitude":"-171.807","state_id":2879,"state_name":"Risaralda","country_id":48},{"active":false,"Giataid":"550599","cityId":20531,"cityName":"Apia","hotelId":10055987,"hotelName":"Amau Apartments","address":"Saleufi,Apia,Samoa,Samoa","phones":"+6853321022615","fax":"","email":"","url":"","countryIso2":"WS","countryName":"Samoa","hotelRating":"3","latitude":"-13.8324","longitude":"-171.77","state_id":2879,"state_name":"Risaralda","country_id":48},{"active":false,"Giataid":"496105","cityId":20531,"cityName":"Apia","hotelId":10056599,"hotelName":"Amanaki Hotel","address":"Sogi Peninsula,Apia,Samoa,Samoa","phones":"","fax":"","email":"","url":"","countryIso2":"WS","countryName":"Samoa","hotelRating":"3","latitude":"-13.8255","longitude":"-171.773","state_id":2879,"state_name":"Risaralda","country_id":48},{"active":false,"Giataid":"550002","cityId":20531,"cityName":"Apia","hotelId":10064834,"hotelName":"Su Accommodation","address":"Fugalei,Apia,Samoa","phones":"+68527001","fax":"","email":"","url":"","countryIso2":"WS","countryName":"Samoa","hotelRating":"3","latitude":"-13.8348","longitude":"-171.773","state_id":2879,"state_name":"Risaralda","country_id":48},{"active":false,"Giataid":"532204","cityId":20531,"cityName":"Apia","hotelId":10066370,"hotelName":"Samoa Marina Hotel","address":"Matautu-tai,Apia 111,Samoa","phones":"+68527550","fax":"","email":"","url":"","countryIso2":"WS","countryName":"Samoa","hotelRating":"2","latitude":"-13.8279","longitude":"-171.759","state_id":2879,"state_name":"Risaralda","country_id":48},{"active":false,"Giataid":"365499","cityId":20531,"cityName":"Apia","hotelId":10068806,"hotelName":"Le Uaina Beach Resort","address":"Faleapuna,Apia,Upolu,Samoa","phones":"+68540270","fax":"","email":"","url":"","countryIso2":"WS","countryName":"Samoa","hotelRating":"2","latitude":"-13.8782","longitude":"-171.587","state_id":2879,"state_name":"Risaralda","country_id":48},{"active":false,"Giataid":"462890","cityId":20531,"cityName":"Apia","hotelId":10070315,"hotelName":"Aga Reef Resort And Spa","address":"South East Coast of Upolu,P.O. Box 1522,Apia,Samoa,Samoa","phones":"+68547800","fax":"","email":"","url":"","countryIso2":"WS","countryName":"Samoa","hotelRating":"4","latitude":"-14.0439","longitude":"-171.453","state_id":2879,"state_name":"Risaralda","country_id":48},{"active":false,"Giataid":"35604","cityId":20531,"cityName":"Apia","hotelId":10071601,"hotelName":"Sa'moana Resort","address":"Salamumu Beach,Apia,PO Box 3450,Upolu,Samoa","phones":"+68530160","fax":"","email":"","url":"","countryIso2":"WS","countryName":"Samoa","hotelRating":"4","latitude":"-14.004","longitude":"-171.912","state_id":2879,"state_name":"Risaralda","country_id":48},{"active":false,"Giataid":"508019","cityId":20531,"cityName":"Apia","hotelId":10100233,"hotelName":"Travellers Point Hotel","address":"Vaitele Street,Apia,Samoa","phones":"NULL","fax":"NULL","email":"NULL","url":"NULL","countryIso2":"WS","countryName":"Samoa","hotelRating":"3","latitude":"-13.8395","longitude":"-171.761","state_id":2879,"state_name":"Risaralda","country_id":48},{"active":false,"Giataid":"280821","cityId":20531,"cityName":"Apia","hotelId":10123325,"hotelName":"Hotel Elisa","address":"Beach Road,Upolu,Sogi,Apia,Samoa","phones":"+68521116","fax":"NULL","email":"NULL","url":"NULL","countryIso2":"WS","countryName":"Samoa","hotelRating":"3","latitude":"-13.826","longitude":"-171.774","state_id":2879,"state_name":"Risaralda","country_id":48},{"active":false,"Giataid":"365500","cityId":20531,"cityName":"Apia","hotelId":10124452,"hotelName":"Hotel Millenia Samoa","address":"PO BOX 214,Apia,Upolu,Samoa","phones":"+68528284","fax":"NULL","email":"NULL","url":"NULL","countryIso2":"WS","countryName":"Samoa","hotelRating":"3","latitude":"-13.8246","longitude":"-171.774","state_id":2879,"state_name":"Risaralda","country_id":48},{"active":false,"Giataid":"30763","cityId":20531,"cityName":"Apia","hotelId":20003005,"hotelName":"Vaiala Beach Cottages","address":"G.P.O. Box 2025,Apia,Samoa","phones":"+68522202","fax":"+68522008","email":"info@vaialabeach.com","url":"http://www.vaialabeach.com","countryIso2":"WS","countryName":"Samoa","hotelRating":"2","latitude":"-13.8288","longitude":"-171.754","state_id":2879,"state_name":"Risaralda","country_id":48},{"active":false,"Giataid":"665523","cityId":20531,"cityName":"Apia","hotelId":20003236,"hotelName":"Apia Central Hotel","address":"PO Box 1299,Savalalo Road,Apia,Tuamasaga,Samoa","phones":"+68520782","fax":"+68526206","email":"info@apiacentralhotel.com","url":"https://www.apiacentralhotel.com","countryIso2":"WS","countryName":"Samoa","hotelRating":"3","latitude":"-13.8329","longitude":"-171.771","state_id":2879,"state_name":"Risaralda","country_id":48},{"active":false,"Giataid":"546758","cityId":20531,"cityName":"Apia","hotelId":20003459,"hotelName":"Taumeasina Island Resort","address":"Beach Road,Apia,Samoa,Taumeasina Island,Samoa","phones":"+68561000","fax":"","email":"Info@taumeasinaislandresortsamoa.com","url":"http://www.taumeasinaislandresortsamoa.com/","countryIso2":"WS","countryName":"Samoa","hotelRating":"4","latitude":"-13.8511","longitude":"-171.751","state_id":2879,"state_name":"Risaralda","country_id":48},{"active":false,"Giataid":"365497","cityId":20531,"cityName":"Apia","hotelId":20004188,"hotelName":"Litia Sini Beach Resort","address":"PO Box 2795,Lalomanu Beach,Apia,Upolu Island,Samoa","phones":"+68541050","fax":"+68541390","email":"reservations@litiasinibeach.ws","url":"http://www.litiasinibeach.ws","countryIso2":"WS","countryName":"Samoa","hotelRating":"0","latitude":"-14.0463","longitude":"-171.445","state_id":2879,"state_name":"Risaralda","country_id":48},{"active":false,"Giataid":"724589","cityId":20531,"cityName":"Apia","hotelId":20004353,"hotelName":"Dave Parker's Eco Lodge","address":"Tapatapao,Aleisa East,Apia,Samoa","phones":"+6858428899","fax":"","email":"","url":"http://www.daveparkerecolodge.ws","countryIso2":"WS","countryName":"Samoa","hotelRating":"0","latitude":"-13.881","longitude":"-171.825","state_id":2879,"state_name":"Risaralda","country_id":48},{"active":false,"Giataid":"671189","cityId":20531,"cityName":"Apia","hotelId":20004530,"hotelName":"Tiavi Mountain Escape","address":"Cross Island Road,Siumu,Samoa","phones":"","fax":"","email":"","url":"","countryIso2":"WS","countryName":"Samoa","hotelRating":"2","latitude":"-13.966","longitude":"-171.775","state_id":2879,"state_name":"Risaralda","country_id":48},{"active":false,"Giataid":"671179","cityId":20531,"cityName":"Apia","hotelId":20005049,"hotelName":"Talofa Inn","address":"Vaea Street,Apia,Tuamasaga,Upolu,Samoa","phones":"+68525755","fax":"","email":"info@talofainnsamoa.com","url":"http://www.talofainnsamoa.com/","countryIso2":"WS","countryName":"Samoa","hotelRating":"3","latitude":"-13.8338","longitude":"-171.77","state_id":2879,"state_name":"Risaralda","country_id":48},{"active":false,"Giataid":"671183","cityId":20531,"cityName":"Apia","hotelId":20005515,"hotelName":"Ulalei Lodge","address":"P.O. Box 1612,Vaiala,Apia,Upolu,Samoa","phones":"+68529913","fax":"","email":"bookings@ulaleilodgesamoa.com","url":"","countryIso2":"WS","countryName":"Samoa","hotelRating":"2","latitude":"-13.8276","longitude":"-171.756","state_id":2879,"state_name":"Risaralda","country_id":48},{"active":false,"Giataid":"671191","cityId":20531,"cityName":"Apia","hotelId":20006218,"hotelName":"Skyview Villas","address":"Cross Island Road,Tiapapata,Apia,Upolu,Samoa","phones":"+6857288796","fax":"","email":"inform@skyview.ws","url":"http://www.skyview.ws/","countryIso2":"WS","countryName":"Samoa","hotelRating":"3","latitude":"-13.8916","longitude":"-171.774","state_id":2879,"state_name":"Risaralda","country_id":48},{"active":false,"Giataid":"531310","cityId":20531,"cityName":"Apia","hotelId":20006673,"hotelName":"Aniva's Place","address":"Moto�otua,P.O.Box 1091,Apia,Samoa","phones":"+68520501","fax":"","email":"anivasaccommodation@samoa.ws","url":"http://www.anivasaccommodationsamoa.com","countryIso2":"WS","countryName":"Samoa","hotelRating":"0","latitude":"-13.8441","longitude":"-171.761","state_id":2879,"state_name":"Risaralda","country_id":48},{"active":false,"Giataid":"866386","cityId":20531,"cityName":"Apia","hotelId":20387737,"hotelName":"Apaula Heights Lounge","address":"Apaula Heights,Mount Vaea,Apia,Samoa","phones":"+68526592","fax":"","email":"apaulaheightslounge2010@gmail.com","url":"","countryIso2":"WS","countryName":"Samoa","hotelRating":"0","latitude":"-13.8428","longitude":"-171.766","state_id":2879,"state_name":"Risaralda","country_id":48},{"active":false,"Giataid":"899028","cityId":20531,"cityName":"Apia","hotelId":20387740,"hotelName":"Uili's Farm House","address":"Vaivase-Uta Road,Apia,Samoa","phones":"","fax":"","email":"","url":"","countryIso2":"WS","countryName":"Samoa","hotelRating":"0","latitude":"-13.8742","longitude":"-171.77","state_id":2879,"state_name":"Risaralda","country_id":48},{"active":false,"Giataid":"918624","cityId":20531,"cityName":"Apia","hotelId":20387742,"hotelName":"Golden Island Motel","address":"Fugalei Street,Apia,Samoa","phones":"","fax":"","email":"","url":"","countryIso2":"WS","countryName":"Samoa","hotelRating":"0","latitude":"-13.8742","longitude":"-171.77","state_id":2879,"state_name":"Risaralda","country_id":48},{"active":false,"Giataid":"938542","cityId":20531,"cityName":"Apia","hotelId":20387743,"hotelName":"The White House Hotel","address":"Fugalei Street,Apia,Samoa","phones":"","fax":"","email":"","url":"","countryIso2":"WS","countryName":"Samoa","hotelRating":"0","latitude":"-13.8742","longitude":"-171.77","state_id":2879,"state_name":"Risaralda","country_id":48},{"active":false,"Giataid":"866268","cityId":20531,"cityName":"Apia","hotelId":20387746,"hotelName":"Apaula Stay-Inn B&B","address":"Apaula Heights,Apia,Tuamasaga,Samoa","phones":"+6857781222","fax":"","email":"juliameredith90@gmail.com","url":"http://apaulastayinnbnb.site/","countryIso2":"WS","countryName":"Samoa","hotelRating":"0","latitude":"-13.8454","longitude":"-171.766","state_id":2879,"state_name":"Risaralda","country_id":48},{"active":false,"Giataid":"899037","cityId":20531,"cityName":"Apia","hotelId":20387750,"hotelName":"Alec's Home Away","address":"Salanesa Road,Motootua,Apia,Samoa","phones":"+68528303","fax":"","email":"bookings@alecshomeaway.com","url":"http://alecshomeaway.com","countryIso2":"WS","countryName":"Samoa","hotelRating":"0","latitude":"-13.8742","longitude":"-171.77","state_id":2879,"state_name":"Risaralda","country_id":48}]