[{"active":false,"Giataid":"27180","cityId":null,"cityName":"Sa'anapu","hotelId":27180,"hotelName":"Sinalei Reef Resort & Spa","address":"P.O. Box 1510,Apia,Saanapu,South Coast of Upolu,Samoa","phones":"+68525191","fax":"+68520285","email":"office-management@sinalei.ws","url":"http://www.sinalei.ws","countryIso2":"WS","countryName":"Samoa","hotelRating":"4","latitude":"-14.0088","longitude":"-171.789","state_id":null,"state_name":null,"country_id":null},{"active":false,"Giataid":"27181","cityId":null,"cityName":"Siumu","hotelId":27181,"hotelName":"Coconuts Beach Club & Resort","address":"P.O. Box: 3684,Maninoa Village,Siumu,South Coast,Upolu Island,Samoa,Samoa","phones":"+68524849","fax":"","email":"","url":"http://cbcsamoa.com/index.php?id=1","countryIso2":"WS","countryName":"Samoa","hotelRating":"4","latitude":"-14.0085","longitude":"-171.793","state_id":null,"state_name":null,"country_id":null},{"active":false,"Giataid":"27182","cityId":20531,"cityName":"Apia","hotelId":27182,"hotelName":"Sheraton Samoa Aggie Greys Hotel and Bungalows","address":"Main Beach Road,Vaisigano,Apia,Samoa,Samoa","phones":"+68522880","fax":"+68523626","email":"aggiegreys@aggiegreys.ws","url":"http://aggiegreys.com/hotel/","countryIso2":"WS","countryName":"Samoa","hotelRating":"3","latitude":"-13.8323","longitude":"-171.761","state_id":2879,"state_name":"Risaralda","country_id":48},{"active":false,"Giataid":"30767","cityId":null,"cityName":"Savai'i","hotelId":30767,"hotelName":"Stevensons at Manase","address":"North Coast Road,Manase Beach Area,Manase,Savai'i,Samoa","phones":"","fax":"","email":"","url":"","countryIso2":"WS","countryName":"Samoa","hotelRating":"2","latitude":"-13.6273","longitude":"-172.196","state_id":null,"state_name":null,"country_id":null},{"active":false,"Giataid":"138393","cityId":20531,"cityName":"Apia","hotelId":138393,"hotelName":"Princess Tui Inn","address":"","phones":"","fax":"","email":"","url":"","countryIso2":"WS","countryName":"Samoa","hotelRating":"2","latitude":"-13.8285","longitude":"-171.755","state_id":2879,"state_name":"Risaralda","country_id":48},{"active":false,"Giataid":"138501","cityId":null,"cityName":"Sa'anapu","hotelId":138501,"hotelName":"Virgin Cove Resort","address":"Apia,Upolu,Samoa","phones":"+68527085","fax":"","email":"reservation@virgin-cove.ws","url":"http://www.virgin-cove.ws/contactus.htm","countryIso2":"WS","countryName":"Samoa","hotelRating":"2","latitude":"-14.0002","longitude":"-171.887","state_id":null,"state_name":null,"country_id":null},{"active":false,"Giataid":"244354","cityId":20531,"cityName":"Apia","hotelId":244354,"hotelName":"Tanoa Tusitala","address":"Beach road,P.O.Box 101,Sogi,Apia,Samoa","phones":"+68521122","fax":"+68523652","email":"","url":"http://www.tanoahotels.com/Apia/Apia/Hotel/Tanoa-Tusitala-Hotel_ov=2347_.html","countryIso2":"WS","countryName":"Samoa","hotelRating":"4","latitude":"-13.8286","longitude":"-171.773","state_id":2879,"state_name":"Risaralda","country_id":48},{"active":false,"Giataid":"323123","cityId":null,"cityName":"Savai'i","hotelId":323123,"hotelName":"Vaisala Hotel","address":"","phones":"","fax":"","email":"","url":"","countryIso2":"WS","countryName":"Samoa","hotelRating":"1","latitude":"-13.6127","longitude":"-172.273","state_id":null,"state_name":null,"country_id":null},{"active":false,"Giataid":"365498","cityId":20531,"cityName":"Apia","hotelId":365498,"hotelName":"Le Vasa Resort","address":"West Main Beach Road,PO Box 3495,Cape Fatuosofia,Upolu,Samoa","phones":"+68546028","fax":"+68546098","email":"sales@levasaresort.com","url":"http://www.levasaresort.com/","countryIso2":"WS","countryName":"Samoa","hotelRating":"3","latitude":"-13.8664","longitude":"-172.072","state_id":2879,"state_name":"Risaralda","country_id":48},{"active":false,"Giataid":"423748","cityId":20531,"cityName":"Apia","hotelId":423748,"hotelName":"The Mangrove Garden","address":"","phones":"","fax":"","email":"","url":"","countryIso2":"WS","countryName":"Samoa","hotelRating":"1","latitude":"-13.8742","longitude":"-171.77","state_id":2879,"state_name":"Risaralda","country_id":48},{"active":false,"Giataid":"460372","cityId":20531,"cityName":"Apia","hotelId":460372,"hotelName":"Edens Edge Hotel","address":"Togafu'afu'a Road,Apia,Samoa","phones":"+68526202","fax":"","email":"","url":"http://www.edensedgesamoa.com","countryIso2":"WS","countryName":"Samoa","hotelRating":"3","latitude":"-13.8366","longitude":"-171.768","state_id":2879,"state_name":"Risaralda","country_id":48},{"active":false,"Giataid":"460396","cityId":20531,"cityName":"Apia","hotelId":460396,"hotelName":"Vaea Hotel Samoa","address":"Togafu'afu'a Road,Lalovaea,Apia,Samoa","phones":"+68522714","fax":"","email":"bookings@vaeahotel.com","url":"http://vaeahotel.com","countryIso2":"WS","countryName":"Samoa","hotelRating":"1","latitude":"-13.8383","longitude":"-171.768","state_id":2879,"state_name":"Risaralda","country_id":48},{"active":false,"Giataid":"462878","cityId":null,"cityName":"Savai'i","hotelId":462878,"hotelName":"Lusia's Lagoon Chalets","address":"P.O Box 7077,Salelologa,Savaii,Samoa","phones":"+68551487","fax":"","email":"info@lusiaslagoon.com","url":"http://www.lusiaslagoon.com/","countryIso2":"WS","countryName":"Samoa","hotelRating":"3","latitude":"-13.7754","longitude":"-172.234","state_id":null,"state_name":null,"country_id":null},{"active":false,"Giataid":"518898","cityId":null,"cityName":"Manase","hotelId":518898,"hotelName":"Tailua Beach Fale","address":"Manase Beach,Manase,Savai'i,Samoa","phones":"","fax":"","email":"","url":"","countryIso2":"WS","countryName":"Samoa","hotelRating":"2","latitude":"-13.4483","longitude":"-172.375","state_id":null,"state_name":null,"country_id":null},{"active":false,"Giataid":"611978","cityId":null,"cityName":"Manase","hotelId":611978,"hotelName":"Vacations Beach Fale","address":"North Coast Road,Manase,Samoa","phones":"+68554024","fax":"+6857513886","email":"","url":"http://www.vacationbeachfale.com","countryIso2":"WS","countryName":"Samoa","hotelRating":"2","latitude":"-13.4484","longitude":"-172.374","state_id":null,"state_name":null,"country_id":null},{"active":false,"Giataid":"682922","cityId":null,"cityName":"Manase","hotelId":682922,"hotelName":"Tanu Beach Fales","address":"Manase,Savai'i,Samoa,Samoa","phones":"+68554050","fax":"","email":"","url":"","countryIso2":"WS","countryName":"Samoa","hotelRating":"1","latitude":"-13.4483","longitude":"-172.375","state_id":null,"state_name":null,"country_id":null},{"active":false,"Giataid":"73037","cityId":null,"cityName":"Savai'i","hotelId":725499,"hotelName":"Amoa Resort","address":"Faga Village,Tuasivi 8002,Upolu,Savai'i,Samoa","phones":"","fax":"","email":"","url":"","countryIso2":"WS","countryName":"Samoa","hotelRating":"1","latitude":"-13.8905","longitude":"-171.793","state_id":null,"state_name":null,"country_id":null},{"active":false,"Giataid":"727320","cityId":null,"cityName":"Upolu","hotelId":727320,"hotelName":"Galusina Hotel","address":"Main East Coast Road,Solosolo,Samoa","phones":"","fax":"","email":"","url":"","countryIso2":"WS","countryName":"Samoa","hotelRating":"1","latitude":"-13.8905","longitude":"-171.793","state_id":null,"state_name":null,"country_id":null},{"active":false,"Giataid":"727693","cityId":20531,"cityName":"Apia","hotelId":727693,"hotelName":"Samoa Sport Lodge","address":"214 Apia Samoa,Lepea,Apia,Samoa","phones":"","fax":"","email":"","url":"","countryIso2":"WS","countryName":"Samoa","hotelRating":"1","latitude":"-13.8476","longitude":"-171.795","state_id":2879,"state_name":"Risaralda","country_id":48},{"active":false,"Giataid":"747720","cityId":20531,"cityName":"Apia","hotelId":747720,"hotelName":"Vailima Hillside Apartments","address":"Cross Island Road Vailima,Apia,Samoa","phones":"","fax":"","email":"","url":"","countryIso2":"WS","countryName":"Samoa","hotelRating":"1","latitude":"-13.8742","longitude":"-171.77","state_id":2879,"state_name":"Risaralda","country_id":48},{"active":false,"Giataid":"815605","cityId":20531,"cityName":"Apia","hotelId":815605,"hotelName":"Global Motel","address":"NULL","phones":"","fax":"","email":"","url":"","countryIso2":"WS","countryName":"Samoa","hotelRating":"1","latitude":"-13.8742","longitude":"-171.77","state_id":2879,"state_name":"Risaralda","country_id":48},{"active":false,"Giataid":"854447","cityId":20531,"cityName":"Apia","hotelId":854447,"hotelName":"Taumesina Hideaway","address":"Moata'a,Apia,Samoa","phones":"","fax":"","email":"","url":"","countryIso2":"WS","countryName":"Samoa","hotelRating":"1","latitude":"-13.8321","longitude":"-171.747","state_id":2879,"state_name":"Risaralda","country_id":48},{"active":false,"Giataid":"856618","cityId":20531,"cityName":"Apia","hotelId":856618,"hotelName":"Samoana Boutique Hotel","address":"Apia Park,Apia,Samoa","phones":"+68531000","fax":"","email":"bookings@samoanahotel.com","url":"http://www.samoanahotel.com","countryIso2":"WS","countryName":"Samoa","hotelRating":"1","latitude":"-13.8742","longitude":"-171.77","state_id":2879,"state_name":"Risaralda","country_id":48},{"active":false,"Giataid":"496104","cityId":null,"cityName":"Siumu","hotelId":10049638,"hotelName":"Lupe Sina Treesort","address":"PO Box 2518,Apia,Siumu,Upolu,Samoa","phones":"","fax":"","email":"","url":"","countryIso2":"WS","countryName":"Samoa","hotelRating":"3","latitude":"-13.9634","longitude":"-171.769","state_id":null,"state_name":null,"country_id":null},{"active":false,"Giataid":"332659","cityId":null,"cityName":"Sa'anapu","hotelId":10055389,"hotelName":"Pasefika Inn","address":"Matautu Street,PO Box 6114,Apia,Samoa,Samoa","phones":"+68520971","fax":"","email":"","url":"","countryIso2":"WS","countryName":"Samoa","hotelRating":"2","latitude":"-13.8311","longitude":"-171.759","state_id":null,"state_name":null,"country_id":null},{"active":false,"Giataid":"299623","cityId":null,"cityName":"Upolu","hotelId":10055712,"hotelName":"Le Manumea Resort","address":"Upolu Island,Vailima,Apia,Samoa","phones":"+68527755","fax":"","email":"","url":"","countryIso2":"WS","countryName":"Samoa","hotelRating":"3","latitude":"-13.8612","longitude":"-171.762","state_id":null,"state_name":null,"country_id":null},{"active":false,"Giataid":"332658","cityId":20531,"cityName":"Apia","hotelId":10055733,"hotelName":"Le Alaimoana Hotel","address":"PO Box 3641,Main East Coast Road,Apia Park,Apia,Samoa,Samoa","phones":"+68520392","fax":"","email":"","url":"","countryIso2":"WS","countryName":"Samoa","hotelRating":"3","latitude":"-13.8332","longitude":"-171.753","state_id":2879,"state_name":"Risaralda","country_id":48},{"active":false,"Giataid":"531578","cityId":20531,"cityName":"Apia","hotelId":10055958,"hotelName":"Samoa Tradition Resort","address":"Ululoa   P.O Box 589�,Apia,Samoa","phones":"+68525699","fax":"","email":"","url":"","countryIso2":"WS","countryName":"Samoa","hotelRating":"3","latitude":"-13.8569","longitude":"-171.807","state_id":2879,"state_name":"Risaralda","country_id":48},{"active":false,"Giataid":"550599","cityId":20531,"cityName":"Apia","hotelId":10055987,"hotelName":"Amau Apartments","address":"Saleufi,Apia,Samoa,Samoa","phones":"+6853321022615","fax":"","email":"","url":"","countryIso2":"WS","countryName":"Samoa","hotelRating":"3","latitude":"-13.8324","longitude":"-171.77","state_id":2879,"state_name":"Risaralda","country_id":48},{"active":false,"Giataid":"496105","cityId":20531,"cityName":"Apia","hotelId":10056599,"hotelName":"Amanaki Hotel","address":"Sogi Peninsula,Apia,Samoa,Samoa","phones":"","fax":"","email":"","url":"","countryIso2":"WS","countryName":"Samoa","hotelRating":"3","latitude":"-13.8255","longitude":"-171.773","state_id":2879,"state_name":"Risaralda","country_id":48},{"active":false,"Giataid":"30765","cityId":null,"cityName":"Savai'i","hotelId":10058375,"hotelName":"Le Lagoto Resort","address":"Fagamalo,Savaii,Samoa","phones":"+68558189","fax":"","email":"","url":"","countryIso2":"WS","countryName":"Samoa","hotelRating":"4","latitude":"-13.4423","longitude":"-172.358","state_id":null,"state_name":null,"country_id":null},{"active":false,"Giataid":"550002","cityId":20531,"cityName":"Apia","hotelId":10064834,"hotelName":"Su Accommodation","address":"Fugalei,Apia,Samoa","phones":"+68527001","fax":"","email":"","url":"","countryIso2":"WS","countryName":"Samoa","hotelRating":"3","latitude":"-13.8348","longitude":"-171.773","state_id":2879,"state_name":"Risaralda","country_id":48},{"active":false,"Giataid":"532204","cityId":20531,"cityName":"Apia","hotelId":10066370,"hotelName":"Samoa Marina Hotel","address":"Matautu-tai,Apia 111,Samoa","phones":"+68527550","fax":"","email":"","url":"","countryIso2":"WS","countryName":"Samoa","hotelRating":"2","latitude":"-13.8279","longitude":"-171.759","state_id":2879,"state_name":"Risaralda","country_id":48},{"active":false,"Giataid":"365499","cityId":20531,"cityName":"Apia","hotelId":10068806,"hotelName":"Le Uaina Beach Resort","address":"Faleapuna,Apia,Upolu,Samoa","phones":"+68540270","fax":"","email":"","url":"","countryIso2":"WS","countryName":"Samoa","hotelRating":"2","latitude":"-13.8782","longitude":"-171.587","state_id":2879,"state_name":"Risaralda","country_id":48},{"active":false,"Giataid":"241644","cityId":null,"cityName":"Upolu","hotelId":10069117,"hotelName":"Seabreeze Resort Samoa","address":"Main South Coast Road,P.O. Box 810,Paradise Cove,Aufaga,Upolu,Samoa","phones":"+68541391","fax":"","email":"","url":"","countryIso2":"WS","countryName":"Samoa","hotelRating":"4","latitude":"-13.6273","longitude":"-172.432","state_id":null,"state_name":null,"country_id":null},{"active":false,"Giataid":"241644","cityId":null,"cityName":"Aufaga","hotelId":10069117,"hotelName":"Seabreeze Resort Samoa","address":"Main South Coast Road,P.O. Box 810,Paradise Cove,Aufaga,Upolu,Samoa","phones":"+68541391","fax":"","email":"","url":"","countryIso2":"WS","countryName":"Samoa","hotelRating":"4","latitude":"-13.6273","longitude":"-172.432","state_id":null,"state_name":null,"country_id":null},{"active":false,"Giataid":"532198","cityId":null,"cityName":"Lalomanu Village (Upolu Island)","hotelId":10069136,"hotelName":"Taufua Beach Fales","address":"Main South Coast Road,Lalomanu Beach,Lalomanu,Samoa,Aleipata,Samoa","phones":"+6858441051","fax":"","email":"","url":"","countryIso2":"WS","countryName":"Samoa","hotelRating":"2","latitude":"-14.0452","longitude":"-171.444","state_id":null,"state_name":null,"country_id":null},{"active":false,"Giataid":"423457","cityId":null,"cityName":"Savai'i","hotelId":10069213,"hotelName":"The Savaiian Hotel","address":"PO Box 7009,Lalomalava Village,Salelologa,Savai?i,Samoa","phones":"+68551296","fax":"","email":"","url":"","countryIso2":"WS","countryName":"Samoa","hotelRating":"3","latitude":"-13.7007","longitude":"-172.2","state_id":null,"state_name":null,"country_id":null},{"active":false,"Giataid":"462890","cityId":20531,"cityName":"Apia","hotelId":10070315,"hotelName":"Aga Reef Resort And Spa","address":"South East Coast of Upolu,P.O. Box 1522,Apia,Samoa,Samoa","phones":"+68547800","fax":"","email":"","url":"","countryIso2":"WS","countryName":"Samoa","hotelRating":"4","latitude":"-14.0439","longitude":"-171.453","state_id":2879,"state_name":"Risaralda","country_id":48},{"active":false,"Giataid":"462885","cityId":null,"cityName":"Savai'i","hotelId":10070675,"hotelName":"Bayview Resort","address":"Sale'aula Lava Field,Samoa,Samoa","phones":"","fax":"","email":"","url":"","countryIso2":"WS","countryName":"Samoa","hotelRating":"3","latitude":"-13.4489","longitude":"-172.335","state_id":null,"state_name":null,"country_id":null},{"active":false,"Giataid":"432780","cityId":null,"cityName":"Lefaga","hotelId":10071083,"hotelName":"Return to Paradise Resort and Spa","address":"Matautu,Lefaga,Gagaifoolevao,Samoa","phones":"+68535055","fax":"","email":"","url":"","countryIso2":"WS","countryName":"Samoa","hotelRating":"4","latitude":"-13.9815","longitude":"-171.945","state_id":null,"state_name":null,"country_id":null},{"active":false,"Giataid":"550004","cityId":null,"cityName":"Le'auva'a","hotelId":10071330,"hotelName":"St Therese Retreat & Resort","address":"Tofamamao,PO Box 3089,Le'auva'a,Apia,Samoa","phones":"+68542412","fax":"","email":"","url":"","countryIso2":"WS","countryName":"Samoa","hotelRating":"3","latitude":"-13.7964","longitude":"-171.865","state_id":null,"state_name":null,"country_id":null},{"active":false,"Giataid":"365494","cityId":null,"cityName":"Savai'i","hotelId":10071416,"hotelName":"VA-I-Moana Seaside Lodge","address":"Main Road,Asau,Savai'i,Samoa","phones":"+68558140","fax":"","email":"","url":"","countryIso2":"WS","countryName":"Samoa","hotelRating":"3","latitude":"-13.518","longitude":"-172.646","state_id":null,"state_name":null,"country_id":null},{"active":false,"Giataid":"35604","cityId":20531,"cityName":"Apia","hotelId":10071601,"hotelName":"Sa'moana Resort","address":"Salamumu Beach,Apia,PO Box 3450,Upolu,Samoa","phones":"+68530160","fax":"","email":"","url":"","countryIso2":"WS","countryName":"Samoa","hotelRating":"4","latitude":"-14.004","longitude":"-171.912","state_id":2879,"state_name":"Risaralda","country_id":48},{"active":false,"Giataid":"517910","cityId":null,"cityName":"Vaitele","hotelId":10071701,"hotelName":"Moanalisa Hotel","address":"Main North Coast Road,Apia,Vaitele,Upolu,Samoa","phones":"","fax":"","email":"","url":"","countryIso2":"WS","countryName":"Samoa","hotelRating":"3","latitude":"-13.8187","longitude":"-171.806","state_id":null,"state_name":null,"country_id":null},{"active":false,"Giataid":"508019","cityId":20531,"cityName":"Apia","hotelId":10100233,"hotelName":"Travellers Point Hotel","address":"Vaitele Street,Apia,Samoa","phones":"NULL","fax":"NULL","email":"NULL","url":"NULL","countryIso2":"WS","countryName":"Samoa","hotelRating":"3","latitude":"-13.8395","longitude":"-171.761","state_id":2879,"state_name":"Risaralda","country_id":48},{"active":false,"Giataid":"280821","cityId":20531,"cityName":"Apia","hotelId":10123325,"hotelName":"Hotel Elisa","address":"Beach Road,Upolu,Sogi,Apia,Samoa","phones":"+68521116","fax":"NULL","email":"NULL","url":"NULL","countryIso2":"WS","countryName":"Samoa","hotelRating":"3","latitude":"-13.826","longitude":"-171.774","state_id":2879,"state_name":"Risaralda","country_id":48},{"active":false,"Giataid":"365500","cityId":20531,"cityName":"Apia","hotelId":10124452,"hotelName":"Hotel Millenia Samoa","address":"PO BOX 214,Apia,Upolu,Samoa","phones":"+68528284","fax":"NULL","email":"NULL","url":"NULL","countryIso2":"WS","countryName":"Samoa","hotelRating":"3","latitude":"-13.8246","longitude":"-171.774","state_id":2879,"state_name":"Risaralda","country_id":48},{"active":false,"Giataid":"30763","cityId":20531,"cityName":"Apia","hotelId":20003005,"hotelName":"Vaiala Beach Cottages","address":"G.P.O. Box 2025,Apia,Samoa","phones":"+68522202","fax":"+68522008","email":"info@vaialabeach.com","url":"http://www.vaialabeach.com","countryIso2":"WS","countryName":"Samoa","hotelRating":"2","latitude":"-13.8288","longitude":"-171.754","state_id":2879,"state_name":"Risaralda","country_id":48},{"active":false,"Giataid":"665523","cityId":20531,"cityName":"Apia","hotelId":20003236,"hotelName":"Apia Central Hotel","address":"PO Box 1299,Savalalo Road,Apia,Tuamasaga,Samoa","phones":"+68520782","fax":"+68526206","email":"info@apiacentralhotel.com","url":"https://www.apiacentralhotel.com","countryIso2":"WS","countryName":"Samoa","hotelRating":"3","latitude":"-13.8329","longitude":"-171.771","state_id":2879,"state_name":"Risaralda","country_id":48},{"active":false,"Giataid":"546758","cityId":20531,"cityName":"Apia","hotelId":20003459,"hotelName":"Taumeasina Island Resort","address":"Beach Road,Apia,Samoa,Taumeasina Island,Samoa","phones":"+68561000","fax":"","email":"Info@taumeasinaislandresortsamoa.com","url":"http://www.taumeasinaislandresortsamoa.com/","countryIso2":"WS","countryName":"Samoa","hotelRating":"4","latitude":"-13.8511","longitude":"-171.751","state_id":2879,"state_name":"Risaralda","country_id":48},{"active":false,"Giataid":"726947","cityId":null,"cityName":"Sa'anapu","hotelId":20003644,"hotelName":"Vai Villas","address":"Main South Coast Road,Lotofaga,Safata,Saanapu Tai,Samoa","phones":"","fax":"","email":"","url":"","countryIso2":"WS","countryName":"Samoa","hotelRating":"0","latitude":"-13.9907","longitude":"-171.818","state_id":null,"state_name":null,"country_id":null},{"active":false,"Giataid":"202355","cityId":null,"cityName":"Savai'i","hotelId":20003858,"hotelName":"Savaii Lagoon Resort","address":"Main Coast Road,Fagamalo,Savaii,Samoa","phones":"+6856495701971","fax":"+6856494257054","email":"savaii.lagoon@xtra.co.nz","url":"http://www.savaiilagoon.co.nz","countryIso2":"WS","countryName":"Samoa","hotelRating":"3","latitude":"-13.4414","longitude":"-172.357","state_id":null,"state_name":null,"country_id":null},{"active":false,"Giataid":"365497","cityId":20531,"cityName":"Apia","hotelId":20004188,"hotelName":"Litia Sini Beach Resort","address":"PO Box 2795,Lalomanu Beach,Apia,Upolu Island,Samoa","phones":"+68541050","fax":"+68541390","email":"reservations@litiasinibeach.ws","url":"http://www.litiasinibeach.ws","countryIso2":"WS","countryName":"Samoa","hotelRating":"0","latitude":"-14.0463","longitude":"-171.445","state_id":2879,"state_name":"Risaralda","country_id":48},{"active":false,"Giataid":"724589","cityId":20531,"cityName":"Apia","hotelId":20004353,"hotelName":"Dave Parker's Eco Lodge","address":"Tapatapao,Aleisa East,Apia,Samoa","phones":"+6858428899","fax":"","email":"","url":"http://www.daveparkerecolodge.ws","countryIso2":"WS","countryName":"Samoa","hotelRating":"0","latitude":"-13.881","longitude":"-171.825","state_id":2879,"state_name":"Risaralda","country_id":48},{"active":false,"Giataid":"671189","cityId":20531,"cityName":"Apia","hotelId":20004530,"hotelName":"Tiavi Mountain Escape","address":"Cross Island Road,Siumu,Samoa","phones":"","fax":"","email":"","url":"","countryIso2":"WS","countryName":"Samoa","hotelRating":"2","latitude":"-13.966","longitude":"-171.775","state_id":2879,"state_name":"Risaralda","country_id":48},{"active":false,"Giataid":"671179","cityId":20531,"cityName":"Apia","hotelId":20005049,"hotelName":"Talofa Inn","address":"Vaea Street,Apia,Tuamasaga,Upolu,Samoa","phones":"+68525755","fax":"","email":"info@talofainnsamoa.com","url":"http://www.talofainnsamoa.com/","countryIso2":"WS","countryName":"Samoa","hotelRating":"3","latitude":"-13.8338","longitude":"-171.77","state_id":2879,"state_name":"Risaralda","country_id":48},{"active":false,"Giataid":"462871","cityId":null,"cityName":"Savai'i","hotelId":20005231,"hotelName":"Aganoa Lodge Samoa","address":"Aganoa Beach,Salelologa,Savai'i,Samoa,Samoa","phones":"+68550180","fax":"","email":"bookings@pegasuslodges.com","url":"http://www.pegasuslodges.com/destinations/aganoa-lodge","countryIso2":"WS","countryName":"Samoa","hotelRating":"3","latitude":"-13.7666","longitude":"-172.286","state_id":null,"state_name":null,"country_id":null},{"active":false,"Giataid":"365496","cityId":null,"cityName":"Upolu","hotelId":20005367,"hotelName":"Saletoga Sands Resort & Spa","address":"Matatufu,Upolu Island,Samoa,Samoa","phones":"+68541212","fax":"","email":"reservations@saletogasands.com","url":"http://www.saletogasands.com/","countryIso2":"WS","countryName":"Samoa","hotelRating":"4","latitude":"-14.0404","longitude":"-171.584","state_id":null,"state_name":null,"country_id":null},{"active":false,"Giataid":"671183","cityId":20531,"cityName":"Apia","hotelId":20005515,"hotelName":"Ulalei Lodge","address":"P.O. Box 1612,Vaiala,Apia,Upolu,Samoa","phones":"+68529913","fax":"","email":"bookings@ulaleilodgesamoa.com","url":"","countryIso2":"WS","countryName":"Samoa","hotelRating":"2","latitude":"-13.8276","longitude":"-171.756","state_id":2879,"state_name":"Risaralda","country_id":48},{"active":false,"Giataid":"671191","cityId":20531,"cityName":"Apia","hotelId":20006218,"hotelName":"Skyview Villas","address":"Cross Island Road,Tiapapata,Apia,Upolu,Samoa","phones":"+6857288796","fax":"","email":"inform@skyview.ws","url":"http://www.skyview.ws/","countryIso2":"WS","countryName":"Samoa","hotelRating":"3","latitude":"-13.8916","longitude":"-171.774","state_id":2879,"state_name":"Risaralda","country_id":48},{"active":false,"Giataid":"689833","cityId":null,"cityName":"Upolu","hotelId":20006378,"hotelName":"Faimafili Village Resort","address":"Matautu Lefaga,Falease'ela,Upolu 3380,Samoa","phones":"","fax":"","email":"","url":"","countryIso2":"WS","countryName":"Samoa","hotelRating":"0","latitude":"-13.8905","longitude":"-171.793","state_id":null,"state_name":null,"country_id":null},{"active":false,"Giataid":"462894","cityId":null,"cityName":"Savai'i","hotelId":20006498,"hotelName":"Jet Over Hotel","address":"Salelologa Road,Bluebird Mall,Savai`Island,Samoa,Samoa","phones":"+68551565","fax":"+68551581","email":"info@jetoverhotel.ws","url":"http://jetoverhotel.com/","countryIso2":"WS","countryName":"Samoa","hotelRating":"3","latitude":"-13.738","longitude":"-172.219","state_id":null,"state_name":null,"country_id":null},{"active":false,"Giataid":"531310","cityId":20531,"cityName":"Apia","hotelId":20006673,"hotelName":"Aniva's Place","address":"Moto�otua,P.O.Box 1091,Apia,Samoa","phones":"+68520501","fax":"","email":"anivasaccommodation@samoa.ws","url":"http://www.anivasaccommodationsamoa.com","countryIso2":"WS","countryName":"Samoa","hotelRating":"0","latitude":"-13.8441","longitude":"-171.761","state_id":2879,"state_name":"Risaralda","country_id":48},{"active":false,"Giataid":"866386","cityId":20531,"cityName":"Apia","hotelId":20387737,"hotelName":"Apaula Heights Lounge","address":"Apaula Heights,Mount Vaea,Apia,Samoa","phones":"+68526592","fax":"","email":"apaulaheightslounge2010@gmail.com","url":"","countryIso2":"WS","countryName":"Samoa","hotelRating":"0","latitude":"-13.8428","longitude":"-171.766","state_id":2879,"state_name":"Risaralda","country_id":48},{"active":false,"Giataid":"918627","cityId":null,"cityName":"Vaitele","hotelId":20387738,"hotelName":"Greenridge Motel","address":"Unnamed Road,Vaitele,Samoa","phones":"","fax":"","email":"","url":"","countryIso2":"WS","countryName":"Samoa","hotelRating":"0","latitude":"0","longitude":"0","state_id":null,"state_name":null,"country_id":null},{"active":false,"Giataid":"899028","cityId":20531,"cityName":"Apia","hotelId":20387740,"hotelName":"Uili's Farm House","address":"Vaivase-Uta Road,Apia,Samoa","phones":"","fax":"","email":"","url":"","countryIso2":"WS","countryName":"Samoa","hotelRating":"0","latitude":"-13.8742","longitude":"-171.77","state_id":2879,"state_name":"Risaralda","country_id":48},{"active":false,"Giataid":"918624","cityId":20531,"cityName":"Apia","hotelId":20387742,"hotelName":"Golden Island Motel","address":"Fugalei Street,Apia,Samoa","phones":"","fax":"","email":"","url":"","countryIso2":"WS","countryName":"Samoa","hotelRating":"0","latitude":"-13.8742","longitude":"-171.77","state_id":2879,"state_name":"Risaralda","country_id":48},{"active":false,"Giataid":"938542","cityId":20531,"cityName":"Apia","hotelId":20387743,"hotelName":"The White House Hotel","address":"Fugalei Street,Apia,Samoa","phones":"","fax":"","email":"","url":"","countryIso2":"WS","countryName":"Samoa","hotelRating":"0","latitude":"-13.8742","longitude":"-171.77","state_id":2879,"state_name":"Risaralda","country_id":48},{"active":false,"Giataid":"900238","cityId":null,"cityName":"Lalomanu Village (Upolu Island)","hotelId":20387744,"hotelName":"Anita's Beach Bungalows","address":"Main South Coast Road,Lalomanu,Samoa","phones":"","fax":"","email":"","url":"","countryIso2":"WS","countryName":"Samoa","hotelRating":"0","latitude":"-14.0457","longitude":"-171.442","state_id":null,"state_name":null,"country_id":null},{"active":false,"Giataid":"866268","cityId":20531,"cityName":"Apia","hotelId":20387746,"hotelName":"Apaula Stay-Inn B&B","address":"Apaula Heights,Apia,Tuamasaga,Samoa","phones":"+6857781222","fax":"","email":"juliameredith90@gmail.com","url":"http://apaulastayinnbnb.site/","countryIso2":"WS","countryName":"Samoa","hotelRating":"0","latitude":"-13.8454","longitude":"-171.766","state_id":2879,"state_name":"Risaralda","country_id":48},{"active":false,"Giataid":"726249","cityId":null,"cityName":"Upolu","hotelId":20387747,"hotelName":"Matareva Beach Fales","address":"Matautu Lefaga,Upolu,Samoa","phones":"","fax":"","email":"info@matarevabeachfales.com","url":"http://www.matarevabeachfales.com","countryIso2":"WS","countryName":"Samoa","hotelRating":"0","latitude":"-13.9891","longitude":"-171.931","state_id":null,"state_name":null,"country_id":null},{"active":false,"Giataid":"899037","cityId":20531,"cityName":"Apia","hotelId":20387750,"hotelName":"Alec's Home Away","address":"Salanesa Road,Motootua,Apia,Samoa","phones":"+68528303","fax":"","email":"bookings@alecshomeaway.com","url":"http://alecshomeaway.com","countryIso2":"WS","countryName":"Samoa","hotelRating":"0","latitude":"-13.8742","longitude":"-171.77","state_id":2879,"state_name":"Risaralda","country_id":48}]