[{"active":false,"Giataid":"27180","cityId":null,"cityName":"Sa'anapu","hotelId":27180,"hotelName":"Sinalei Reef Resort & Spa","address":"P.O. Box 1510,Apia,Saanapu,South Coast of Upolu,Samoa","phones":"+68525191","fax":"+68520285","email":"office-management@sinalei.ws","url":"http://www.sinalei.ws","countryIso2":"WS","countryName":"Samoa","hotelRating":"4","latitude":"-14.0088","longitude":"-171.789","state_id":null,"state_name":null,"country_id":null},{"active":false,"Giataid":"27181","cityId":null,"cityName":"Siumu","hotelId":27181,"hotelName":"Coconuts Beach Club & Resort","address":"P.O. Box: 3684,Maninoa Village,Siumu,South Coast,Upolu Island,Samoa,Samoa","phones":"+68524849","fax":"","email":"","url":"http://cbcsamoa.com/index.php?id=1","countryIso2":"WS","countryName":"Samoa","hotelRating":"4","latitude":"-14.0085","longitude":"-171.793","state_id":null,"state_name":null,"country_id":null},{"active":false,"Giataid":"30767","cityId":null,"cityName":"Savai'i","hotelId":30767,"hotelName":"Stevensons at Manase","address":"North Coast Road,Manase Beach Area,Manase,Savai'i,Samoa","phones":"","fax":"","email":"","url":"","countryIso2":"WS","countryName":"Samoa","hotelRating":"2","latitude":"-13.6273","longitude":"-172.196","state_id":null,"state_name":null,"country_id":null},{"active":false,"Giataid":"138501","cityId":null,"cityName":"Sa'anapu","hotelId":138501,"hotelName":"Virgin Cove Resort","address":"Apia,Upolu,Samoa","phones":"+68527085","fax":"","email":"reservation@virgin-cove.ws","url":"http://www.virgin-cove.ws/contactus.htm","countryIso2":"WS","countryName":"Samoa","hotelRating":"2","latitude":"-14.0002","longitude":"-171.887","state_id":null,"state_name":null,"country_id":null},{"active":false,"Giataid":"323123","cityId":null,"cityName":"Savai'i","hotelId":323123,"hotelName":"Vaisala Hotel","address":"","phones":"","fax":"","email":"","url":"","countryIso2":"WS","countryName":"Samoa","hotelRating":"1","latitude":"-13.6127","longitude":"-172.273","state_id":null,"state_name":null,"country_id":null},{"active":false,"Giataid":"462878","cityId":null,"cityName":"Savai'i","hotelId":462878,"hotelName":"Lusia's Lagoon Chalets","address":"P.O Box 7077,Salelologa,Savaii,Samoa","phones":"+68551487","fax":"","email":"info@lusiaslagoon.com","url":"http://www.lusiaslagoon.com/","countryIso2":"WS","countryName":"Samoa","hotelRating":"3","latitude":"-13.7754","longitude":"-172.234","state_id":null,"state_name":null,"country_id":null},{"active":false,"Giataid":"518898","cityId":null,"cityName":"Manase","hotelId":518898,"hotelName":"Tailua Beach Fale","address":"Manase Beach,Manase,Savai'i,Samoa","phones":"","fax":"","email":"","url":"","countryIso2":"WS","countryName":"Samoa","hotelRating":"2","latitude":"-13.4483","longitude":"-172.375","state_id":null,"state_name":null,"country_id":null},{"active":false,"Giataid":"611978","cityId":null,"cityName":"Manase","hotelId":611978,"hotelName":"Vacations Beach Fale","address":"North Coast Road,Manase,Samoa","phones":"+68554024","fax":"+6857513886","email":"","url":"http://www.vacationbeachfale.com","countryIso2":"WS","countryName":"Samoa","hotelRating":"2","latitude":"-13.4484","longitude":"-172.374","state_id":null,"state_name":null,"country_id":null},{"active":false,"Giataid":"682922","cityId":null,"cityName":"Manase","hotelId":682922,"hotelName":"Tanu Beach Fales","address":"Manase,Savai'i,Samoa,Samoa","phones":"+68554050","fax":"","email":"","url":"","countryIso2":"WS","countryName":"Samoa","hotelRating":"1","latitude":"-13.4483","longitude":"-172.375","state_id":null,"state_name":null,"country_id":null},{"active":false,"Giataid":"73037","cityId":null,"cityName":"Savai'i","hotelId":725499,"hotelName":"Amoa Resort","address":"Faga Village,Tuasivi 8002,Upolu,Savai'i,Samoa","phones":"","fax":"","email":"","url":"","countryIso2":"WS","countryName":"Samoa","hotelRating":"1","latitude":"-13.8905","longitude":"-171.793","state_id":null,"state_name":null,"country_id":null},{"active":false,"Giataid":"727320","cityId":null,"cityName":"Upolu","hotelId":727320,"hotelName":"Galusina Hotel","address":"Main East Coast Road,Solosolo,Samoa","phones":"","fax":"","email":"","url":"","countryIso2":"WS","countryName":"Samoa","hotelRating":"1","latitude":"-13.8905","longitude":"-171.793","state_id":null,"state_name":null,"country_id":null},{"active":false,"Giataid":"496104","cityId":null,"cityName":"Siumu","hotelId":10049638,"hotelName":"Lupe Sina Treesort","address":"PO Box 2518,Apia,Siumu,Upolu,Samoa","phones":"","fax":"","email":"","url":"","countryIso2":"WS","countryName":"Samoa","hotelRating":"3","latitude":"-13.9634","longitude":"-171.769","state_id":null,"state_name":null,"country_id":null},{"active":false,"Giataid":"332659","cityId":null,"cityName":"Sa'anapu","hotelId":10055389,"hotelName":"Pasefika Inn","address":"Matautu Street,PO Box 6114,Apia,Samoa,Samoa","phones":"+68520971","fax":"","email":"","url":"","countryIso2":"WS","countryName":"Samoa","hotelRating":"2","latitude":"-13.8311","longitude":"-171.759","state_id":null,"state_name":null,"country_id":null},{"active":false,"Giataid":"299623","cityId":null,"cityName":"Upolu","hotelId":10055712,"hotelName":"Le Manumea Resort","address":"Upolu Island,Vailima,Apia,Samoa","phones":"+68527755","fax":"","email":"","url":"","countryIso2":"WS","countryName":"Samoa","hotelRating":"3","latitude":"-13.8612","longitude":"-171.762","state_id":null,"state_name":null,"country_id":null},{"active":false,"Giataid":"30765","cityId":null,"cityName":"Savai'i","hotelId":10058375,"hotelName":"Le Lagoto Resort","address":"Fagamalo,Savaii,Samoa","phones":"+68558189","fax":"","email":"","url":"","countryIso2":"WS","countryName":"Samoa","hotelRating":"4","latitude":"-13.4423","longitude":"-172.358","state_id":null,"state_name":null,"country_id":null},{"active":false,"Giataid":"241644","cityId":null,"cityName":"Upolu","hotelId":10069117,"hotelName":"Seabreeze Resort Samoa","address":"Main South Coast Road,P.O. Box 810,Paradise Cove,Aufaga,Upolu,Samoa","phones":"+68541391","fax":"","email":"","url":"","countryIso2":"WS","countryName":"Samoa","hotelRating":"4","latitude":"-13.6273","longitude":"-172.432","state_id":null,"state_name":null,"country_id":null},{"active":false,"Giataid":"241644","cityId":null,"cityName":"Aufaga","hotelId":10069117,"hotelName":"Seabreeze Resort Samoa","address":"Main South Coast Road,P.O. Box 810,Paradise Cove,Aufaga,Upolu,Samoa","phones":"+68541391","fax":"","email":"","url":"","countryIso2":"WS","countryName":"Samoa","hotelRating":"4","latitude":"-13.6273","longitude":"-172.432","state_id":null,"state_name":null,"country_id":null},{"active":false,"Giataid":"532198","cityId":null,"cityName":"Lalomanu Village (Upolu Island)","hotelId":10069136,"hotelName":"Taufua Beach Fales","address":"Main South Coast Road,Lalomanu Beach,Lalomanu,Samoa,Aleipata,Samoa","phones":"+6858441051","fax":"","email":"","url":"","countryIso2":"WS","countryName":"Samoa","hotelRating":"2","latitude":"-14.0452","longitude":"-171.444","state_id":null,"state_name":null,"country_id":null},{"active":false,"Giataid":"423457","cityId":null,"cityName":"Savai'i","hotelId":10069213,"hotelName":"The Savaiian Hotel","address":"PO Box 7009,Lalomalava Village,Salelologa,Savai?i,Samoa","phones":"+68551296","fax":"","email":"","url":"","countryIso2":"WS","countryName":"Samoa","hotelRating":"3","latitude":"-13.7007","longitude":"-172.2","state_id":null,"state_name":null,"country_id":null},{"active":false,"Giataid":"462885","cityId":null,"cityName":"Savai'i","hotelId":10070675,"hotelName":"Bayview Resort","address":"Sale'aula Lava Field,Samoa,Samoa","phones":"","fax":"","email":"","url":"","countryIso2":"WS","countryName":"Samoa","hotelRating":"3","latitude":"-13.4489","longitude":"-172.335","state_id":null,"state_name":null,"country_id":null},{"active":false,"Giataid":"432780","cityId":null,"cityName":"Lefaga","hotelId":10071083,"hotelName":"Return to Paradise Resort and Spa","address":"Matautu,Lefaga,Gagaifoolevao,Samoa","phones":"+68535055","fax":"","email":"","url":"","countryIso2":"WS","countryName":"Samoa","hotelRating":"4","latitude":"-13.9815","longitude":"-171.945","state_id":null,"state_name":null,"country_id":null},{"active":false,"Giataid":"550004","cityId":null,"cityName":"Le'auva'a","hotelId":10071330,"hotelName":"St Therese Retreat & Resort","address":"Tofamamao,PO Box 3089,Le'auva'a,Apia,Samoa","phones":"+68542412","fax":"","email":"","url":"","countryIso2":"WS","countryName":"Samoa","hotelRating":"3","latitude":"-13.7964","longitude":"-171.865","state_id":null,"state_name":null,"country_id":null},{"active":false,"Giataid":"365494","cityId":null,"cityName":"Savai'i","hotelId":10071416,"hotelName":"VA-I-Moana Seaside Lodge","address":"Main Road,Asau,Savai'i,Samoa","phones":"+68558140","fax":"","email":"","url":"","countryIso2":"WS","countryName":"Samoa","hotelRating":"3","latitude":"-13.518","longitude":"-172.646","state_id":null,"state_name":null,"country_id":null},{"active":false,"Giataid":"517910","cityId":null,"cityName":"Vaitele","hotelId":10071701,"hotelName":"Moanalisa Hotel","address":"Main North Coast Road,Apia,Vaitele,Upolu,Samoa","phones":"","fax":"","email":"","url":"","countryIso2":"WS","countryName":"Samoa","hotelRating":"3","latitude":"-13.8187","longitude":"-171.806","state_id":null,"state_name":null,"country_id":null},{"active":false,"Giataid":"726947","cityId":null,"cityName":"Sa'anapu","hotelId":20003644,"hotelName":"Vai Villas","address":"Main South Coast Road,Lotofaga,Safata,Saanapu Tai,Samoa","phones":"","fax":"","email":"","url":"","countryIso2":"WS","countryName":"Samoa","hotelRating":"0","latitude":"-13.9907","longitude":"-171.818","state_id":null,"state_name":null,"country_id":null},{"active":false,"Giataid":"202355","cityId":null,"cityName":"Savai'i","hotelId":20003858,"hotelName":"Savaii Lagoon Resort","address":"Main Coast Road,Fagamalo,Savaii,Samoa","phones":"+6856495701971","fax":"+6856494257054","email":"savaii.lagoon@xtra.co.nz","url":"http://www.savaiilagoon.co.nz","countryIso2":"WS","countryName":"Samoa","hotelRating":"3","latitude":"-13.4414","longitude":"-172.357","state_id":null,"state_name":null,"country_id":null},{"active":false,"Giataid":"462871","cityId":null,"cityName":"Savai'i","hotelId":20005231,"hotelName":"Aganoa Lodge Samoa","address":"Aganoa Beach,Salelologa,Savai'i,Samoa,Samoa","phones":"+68550180","fax":"","email":"bookings@pegasuslodges.com","url":"http://www.pegasuslodges.com/destinations/aganoa-lodge","countryIso2":"WS","countryName":"Samoa","hotelRating":"3","latitude":"-13.7666","longitude":"-172.286","state_id":null,"state_name":null,"country_id":null},{"active":false,"Giataid":"365496","cityId":null,"cityName":"Upolu","hotelId":20005367,"hotelName":"Saletoga Sands Resort & Spa","address":"Matatufu,Upolu Island,Samoa,Samoa","phones":"+68541212","fax":"","email":"reservations@saletogasands.com","url":"http://www.saletogasands.com/","countryIso2":"WS","countryName":"Samoa","hotelRating":"4","latitude":"-14.0404","longitude":"-171.584","state_id":null,"state_name":null,"country_id":null},{"active":false,"Giataid":"689833","cityId":null,"cityName":"Upolu","hotelId":20006378,"hotelName":"Faimafili Village Resort","address":"Matautu Lefaga,Falease'ela,Upolu 3380,Samoa","phones":"","fax":"","email":"","url":"","countryIso2":"WS","countryName":"Samoa","hotelRating":"0","latitude":"-13.8905","longitude":"-171.793","state_id":null,"state_name":null,"country_id":null},{"active":false,"Giataid":"462894","cityId":null,"cityName":"Savai'i","hotelId":20006498,"hotelName":"Jet Over Hotel","address":"Salelologa Road,Bluebird Mall,Savai`Island,Samoa,Samoa","phones":"+68551565","fax":"+68551581","email":"info@jetoverhotel.ws","url":"http://jetoverhotel.com/","countryIso2":"WS","countryName":"Samoa","hotelRating":"3","latitude":"-13.738","longitude":"-172.219","state_id":null,"state_name":null,"country_id":null},{"active":false,"Giataid":"918627","cityId":null,"cityName":"Vaitele","hotelId":20387738,"hotelName":"Greenridge Motel","address":"Unnamed Road,Vaitele,Samoa","phones":"","fax":"","email":"","url":"","countryIso2":"WS","countryName":"Samoa","hotelRating":"0","latitude":"0","longitude":"0","state_id":null,"state_name":null,"country_id":null},{"active":false,"Giataid":"900238","cityId":null,"cityName":"Lalomanu Village (Upolu Island)","hotelId":20387744,"hotelName":"Anita's Beach Bungalows","address":"Main South Coast Road,Lalomanu,Samoa","phones":"","fax":"","email":"","url":"","countryIso2":"WS","countryName":"Samoa","hotelRating":"0","latitude":"-14.0457","longitude":"-171.442","state_id":null,"state_name":null,"country_id":null},{"active":false,"Giataid":"726249","cityId":null,"cityName":"Upolu","hotelId":20387747,"hotelName":"Matareva Beach Fales","address":"Matautu Lefaga,Upolu,Samoa","phones":"","fax":"","email":"info@matarevabeachfales.com","url":"http://www.matarevabeachfales.com","countryIso2":"WS","countryName":"Samoa","hotelRating":"0","latitude":"-13.9891","longitude":"-171.931","state_id":null,"state_name":null,"country_id":null}]