[{"active":false,"Giataid":"31995","cityId":124132,"cityName":"Philipsburg","hotelId":31995,"hotelName":"Divi Little Bay Beach Resort","address":"P.O. Box 961,Little Bay Road,Philipsburg,Sint Maarten","phones":"+17215422333","fax":"+17215424336","email":"info@princessheights.com","url":"http://www.divilittlebay.com","countryIso2":"SX","countryName":"Sint Maarten","hotelRating":"3","latitude":"18.0176","longitude":"-63.0597","state_id":1446,"state_name":"Montana","country_id":233},{"active":false,"Giataid":"31993","cityId":null,"cityName":"Maho Beach","hotelId":31993,"hotelName":"Alegria Boutique Hotel","address":"2 Beacon Hill Road,Simpson Bay,Maho Beach,Sint Maarten","phones":"+17215454000","fax":"","email":"","url":"","countryIso2":"SX","countryName":"Sint Maarten","hotelRating":"3","latitude":"18.0371","longitude":"-63.1198","state_id":null,"state_name":null,"country_id":null},{"active":false,"Giataid":"31994","cityId":null,"cityName":"Dawn Beach","hotelId":31994,"hotelName":"Princess Heights","address":"Oyster Pond Road 156,Sint Maarten,Sint Maarten","phones":"+17215436858","fax":"+17215436007","email":"info@princessheights.com","url":"http://www.princessheights.com/","countryIso2":"SX","countryName":"Sint Maarten","hotelRating":"3","latitude":"18.0489","longitude":"-63.0196","state_id":null,"state_name":null,"country_id":null},{"active":false,"Giataid":"31996","cityId":124132,"cityName":"Philipsburg","hotelId":31996,"hotelName":"Great Bay Beach Resort, Casino & Spa","address":"19 Little Bay Road,PO Box 910,Philipsburg,Sint Maarten","phones":"+17215422447","fax":"","email":"","url":"http://www.sonesta.com/greatbay/","countryIso2":"SX","countryName":"Sint Maarten","hotelRating":"4","latitude":"18.0242","longitude":"-63.0565","state_id":1446,"state_name":"Montana","country_id":233},{"active":false,"Giataid":"38746","cityId":124132,"cityName":"Philipsburg","hotelId":38746,"hotelName":"Flamingo Beach Resort","address":"6 Billy Folly Road,Pelican Key, Simpson Bay,Phillipsburg, St. Maarten Netherland Antilles,Sint Maarten","phones":"+115995443900","fax":"+115995444892","email":"","url":"http://www.diamondresorts.com/rentals/Flamingo-Beach-Resort-Rentals","countryIso2":"SX","countryName":"Sint Maarten","hotelRating":"3","latitude":"18.0287","longitude":"-63.096","state_id":1446,"state_name":"Montana","country_id":233},{"active":false,"Giataid":"139383","cityId":null,"cityName":"Dawn Beach","hotelId":139383,"hotelName":"Coral Beach Club","address":"Emerald Merit Road 3,Dawn Beach,Sint Maarten","phones":"+17215436306","fax":"","email":"","url":"","countryIso2":"SX","countryName":"Sint Maarten","hotelRating":"5","latitude":"18.0526","longitude":"-63.0172","state_id":null,"state_name":null,"country_id":null},{"active":false,"Giataid":"141648","cityId":124132,"cityName":"Philipsburg","hotelId":141648,"hotelName":"Pasanggrahan Royal Guesthouse","address":"19 Front Street,P.O. Box 151,Philipsburg,St. Maarten,Sint Maarten","phones":"+5995423588","fax":"+5995422885","email":"pasanggrahan@megatropic.net","url":"http://pasanroyalinn.com/","countryIso2":"SX","countryName":"Sint Maarten","hotelRating":"3","latitude":"18.022","longitude":"-63.0433","state_id":1446,"state_name":"Montana","country_id":233},{"active":false,"Giataid":"365079","cityId":124132,"cityName":"Philipsburg","hotelId":365079,"hotelName":"Carl's Unique Inn","address":"P.O. Box 175,18 Orange Grove,Cole Bay,St. Maarten,Philipsburg,Netherlands Antilles,Sint Maarten","phones":"+5995442812","fax":"+5995442812","email":"carlsinn@sintmaarten.net","url":"http://www.carlsinn.com/","countryIso2":"SX","countryName":"Sint Maarten","hotelRating":"2","latitude":"18.0391","longitude":"-63.0816","state_id":1446,"state_name":"Montana","country_id":233},{"active":false,"Giataid":"365083","cityId":124132,"cityName":"Philipsburg","hotelId":365083,"hotelName":"Belair Beach","address":"P.O. Box 940,Little Bay Beach,Philipsburg,Sint Maarten","phones":"+17215423362","fax":"+17215423362","email":"reservations@belairbeach.com","url":"","countryIso2":"SX","countryName":"Sint Maarten","hotelRating":"3","latitude":"18.0195","longitude":"-63.0625","state_id":1446,"state_name":"Montana","country_id":233},{"active":false,"Giataid":"365085","cityId":null,"cityName":"Simpson Bay","hotelId":365085,"hotelName":"Turquoise Shell Inn","address":"34 Simpson Bay Rd.,Simpson Bay,Sint Maarten","phones":"+17215452875","fax":"","email":"","url":"http://www.tshellinn.com/","countryIso2":"SX","countryName":"Sint Maarten","hotelRating":"3","latitude":"18.0379","longitude":"-63.0962","state_id":null,"state_name":null,"country_id":null},{"active":false,"Giataid":"503038","cityId":124132,"cityName":"Philipsburg","hotelId":503038,"hotelName":"The Paradise Inn","address":"","phones":"","fax":"","email":"","url":"","countryIso2":"SX","countryName":"Sint Maarten","hotelRating":"3","latitude":"18.0277","longitude":"-63.0711","state_id":1446,"state_name":"Montana","country_id":233},{"active":false,"Giataid":"139383","cityId":null,"cityName":"Dawn Beach","hotelId":598661,"hotelName":"Coral Beach Club","address":"Emerald Merit Road 3,Dawn Beach,Sint Maarten","phones":"+5907215436306","fax":"+5907215436308","email":"info@coralbeach-club.com","url":"http://www.coralbeach-club.com","countryIso2":"SX","countryName":"Sint Maarten","hotelRating":"0","latitude":"18.0519","longitude":"-63.017","state_id":null,"state_name":null,"country_id":null},{"active":false,"Giataid":"410474","cityId":null,"cityName":"Simpson Bay","hotelId":10042127,"hotelName":"Travel Inn Hotel","address":"Airport Road 15,Simpson Bay,Sint Maarten","phones":"+17215453353","fax":"","email":"","url":"","countryIso2":"SX","countryName":"Sint Maarten","hotelRating":"2","latitude":"18.037","longitude":"-63.0953","state_id":null,"state_name":null,"country_id":null},{"active":false,"Giataid":"411590","cityId":null,"cityName":"Simpson Bay","hotelId":10042814,"hotelName":"Simpson Bay Resort & Marina","address":"Billy Folly Road 37,Sint Maarten,Netherlands Antilles,Sint Maarten","phones":"+19547365807","fax":"","email":"","url":"","countryIso2":"SX","countryName":"Sint Maarten","hotelRating":"4","latitude":"18.0303","longitude":"-63.0956","state_id":null,"state_name":null,"country_id":null},{"active":false,"Giataid":"407919","cityId":124132,"cityName":"Philipsburg","hotelId":10045682,"hotelName":"L'esperance Hotel","address":"4 Tiger Road,Philipsburg,Sint Maarten","phones":"+17215425355","fax":"","email":"","url":"","countryIso2":"SX","countryName":"Sint Maarten","hotelRating":"2","latitude":"18.0315","longitude":"-63.0668","state_id":1446,"state_name":"Montana","country_id":233},{"active":false,"Giataid":"424850","cityId":null,"cityName":"Simpson Bay","hotelId":10045685,"hotelName":"Simpson Bay Suites","address":"Billy Folly Road 3D,Elmanar Plaza,Simpson Bay,Cole Bay,Sint Maarten","phones":"+17215444441","fax":"","email":"","url":"","countryIso2":"SX","countryName":"Sint Maarten","hotelRating":"3","latitude":"18.0319","longitude":"-63.0909","state_id":null,"state_name":null,"country_id":null},{"active":false,"Giataid":"459033","cityId":null,"cityName":"Simpson Bay","hotelId":10046260,"hotelName":"Liberty Inn","address":"Welfare Road 76,Simpson Bay,Sint Maarten","phones":"+16032736433","fax":"","email":"","url":"","countryIso2":"SX","countryName":"Sint Maarten","hotelRating":"3","latitude":"18.0338","longitude":"-63.0923","state_id":null,"state_name":null,"country_id":null},{"active":false,"Giataid":"427706","cityId":null,"cityName":"Simpson Bay","hotelId":10046291,"hotelName":"The Villas At Simpson Bay Resort & Marina","address":"Billy Folly Road 37,Sint Maarten,Netherlands Antilles,Sint Maarten","phones":"+19547365807","fax":"","email":"","url":"","countryIso2":"SX","countryName":"Sint Maarten","hotelRating":"4","latitude":"18.0307","longitude":"-63.0942","state_id":null,"state_name":null,"country_id":null},{"active":false,"Giataid":"494224","cityId":null,"cityName":"Simpson Bay","hotelId":10047145,"hotelName":"Azure Hotel And Art Studio","address":"Roberts Drive 6,Simpson Bay,Sint Maarten","phones":"+17215813858","fax":"","email":"","url":"","countryIso2":"SX","countryName":"Sint Maarten","hotelRating":"3","latitude":"18.0398","longitude":"-63.1003","state_id":null,"state_name":null,"country_id":null},{"active":false,"Giataid":"494225","cityId":null,"cityName":"Simpson Bay","hotelId":10051968,"hotelName":"The Horny Toad Guesthouse","address":"Vlaun Drive 2,Simpson Bay,Sint Maarten","phones":"+17215454323","fax":"","email":"","url":"","countryIso2":"SX","countryName":"Sint Maarten","hotelRating":"3","latitude":"18.0402","longitude":"-63.1007","state_id":null,"state_name":null,"country_id":null},{"active":false,"Giataid":"658947","cityId":null,"cityName":"Simpson Bay","hotelId":10052990,"hotelName":"Blue Pelican Vacation Rentals","address":"Billy Folly Road,Pelican Key,Simpson Bay,Sint Maarten","phones":"","fax":"","email":"","url":"","countryIso2":"SX","countryName":"Sint Maarten","hotelRating":"3","latitude":"18.0279","longitude":"-63.0935","state_id":null,"state_name":null,"country_id":null},{"active":false,"Giataid":"488035","cityId":null,"cityName":"Simpson Bay","hotelId":10056064,"hotelName":"Baker's Suites","address":"Spinel Road 2,Billy Folly Road,Simpson Bay,Sint Maarten","phones":"+17215440095","fax":"","email":"","url":"","countryIso2":"SX","countryName":"Sint Maarten","hotelRating":"3","latitude":"18.0319","longitude":"-63.0921","state_id":null,"state_name":null,"country_id":null},{"active":false,"Giataid":"495865","cityId":124132,"cityName":"Philipsburg","hotelId":10060797,"hotelName":"Getaways At Guana Bay Beach Villas","address":"Pen Shell Road,Guy Estate,Guana Bay,89449 Philipsburg,Sint Maarten","phones":"","fax":"","email":"","url":"","countryIso2":"SX","countryName":"Sint Maarten","hotelRating":"3","latitude":"18.037","longitude":"-63.0231","state_id":1446,"state_name":"Montana","country_id":233},{"active":false,"Giataid":"31993","cityId":null,"cityName":"Maho Beach","hotelId":10067281,"hotelName":"Alegria, An Ascend Hotel Collection Member","address":"2 Beacon Hill Road,Simpson Bay,Maho Beach,Sint Maarten","phones":"+17215454000","fax":"","email":"","url":"","countryIso2":"SX","countryName":"Sint Maarten","hotelRating":"3","latitude":"18.0375","longitude":"-63.1196","state_id":null,"state_name":null,"country_id":null},{"active":false,"Giataid":"532617","cityId":null,"cityName":"Mullet Bay","hotelId":10071116,"hotelName":"The Towers At Mullet Bay","address":"Mullet Bay,P.O.Box 2024,Sint Maarten,Sint Maarten","phones":"+17215453069","fax":"","email":"","url":"","countryIso2":"SX","countryName":"Sint Maarten","hotelRating":"3","latitude":"18.0503","longitude":"-63.1256","state_id":null,"state_name":null,"country_id":null},{"active":false,"Giataid":"414186","cityId":null,"cityName":"Maho Beach","hotelId":10072933,"hotelName":"Sonesta Ocean Point Resort - St Maarten","address":"1A Rhine Road,Maho Beach,Sint Maarten,Sint Maarten","phones":"+17215453100","fax":"","email":"","url":"","countryIso2":"SX","countryName":"Sint Maarten","hotelRating":"5","latitude":"18.0407","longitude":"-63.124","state_id":null,"state_name":null,"country_id":null},{"active":false,"Giataid":"720342","cityId":null,"cityName":"Cupecoy","hotelId":10073033,"hotelName":"The Cliff At Cupecoy","address":"Rhine Road 7,Cupecoy,Sint Maarten","phones":"+17215466633","fax":"","email":"","url":"","countryIso2":"SX","countryName":"Sint Maarten","hotelRating":"3","latitude":"18.0525","longitude":"-63.1325","state_id":null,"state_name":null,"country_id":null},{"active":false,"Giataid":"505577","cityId":124132,"cityName":"Philipsburg","hotelId":10095341,"hotelName":"Monta Vista","address":"1 Chincherry Road,Philipsburg,Sint Maarten","phones":"+17215202244","fax":"NULL","email":"NULL","url":"NULL","countryIso2":"SX","countryName":"Sint Maarten","hotelRating":"3","latitude":"18.0099","longitude":"-63.0394","state_id":1446,"state_name":"Montana","country_id":233},{"active":false,"Giataid":"504194","cityId":124132,"cityName":"Philipsburg","hotelId":10099633,"hotelName":"Ocean Shore","address":"Goldfinch Road 38E,Philipsburg,Sint Maarten","phones":"+17215202244","fax":"NULL","email":"NULL","url":"NULL","countryIso2":"SX","countryName":"Sint Maarten","hotelRating":"3","latitude":"18.0128","longitude":"-63.0356","state_id":1446,"state_name":"Montana","country_id":233},{"active":false,"Giataid":"509024","cityId":null,"cityName":"Simpson Bay","hotelId":10102035,"hotelName":"Villa Bianca","address":"Ruby Drive,Pelican Key,Simpson Bay,Sint Maarten","phones":"NULL","fax":"NULL","email":"NULL","url":"NULL","countryIso2":"SX","countryName":"Sint Maarten","hotelRating":"4","latitude":"18.0269","longitude":"-63.0913","state_id":null,"state_name":null,"country_id":null},{"active":false,"Giataid":"526961","cityId":null,"cityName":"Simpson Bay","hotelId":10102311,"hotelName":"Villa La Vista Grande","address":"27 Fan Coral Road,Beacon Hill,Philipsburg,Simpson Bay,Sint Maarten","phones":"NULL","fax":"NULL","email":"NULL","url":"NULL","countryIso2":"SX","countryName":"Sint Maarten","hotelRating":"4","latitude":"18.0367","longitude":"-63.0983","state_id":null,"state_name":null,"country_id":null},{"active":false,"Giataid":"503964","cityId":124132,"cityName":"Philipsburg","hotelId":10102374,"hotelName":"Villa Mahogany","address":"Canoe Shell Road 5,Philipsburg,Guana Bay,Sint Maarten","phones":"NULL","fax":"NULL","email":"NULL","url":"NULL","countryIso2":"SX","countryName":"Sint Maarten","hotelRating":"4","latitude":"18.0351","longitude":"-63.0255","state_id":1446,"state_name":"Montana","country_id":233},{"active":false,"Giataid":"504019","cityId":null,"cityName":"Simpson Bay","hotelId":10102581,"hotelName":"Villa Riviera","address":"Zircon Road 27,Pelican Key,Simpson Bay,Sint Maarten","phones":"NULL","fax":"NULL","email":"NULL","url":"NULL","countryIso2":"SX","countryName":"Sint Maarten","hotelRating":"3","latitude":"18.029","longitude":"-63.0926","state_id":null,"state_name":null,"country_id":null},{"active":false,"Giataid":"503986","cityId":null,"cityName":"Simpson Bay","hotelId":10102662,"hotelName":"Villa Sapphire","address":"Sapphire Drive 8,Simpson Bay,Sint Maarten","phones":"NULL","fax":"NULL","email":"NULL","url":"NULL","countryIso2":"SX","countryName":"Sint Maarten","hotelRating":"3","latitude":"18.0275","longitude":"-63.0907","state_id":null,"state_name":null,"country_id":null},{"active":false,"Giataid":"658980","cityId":null,"cityName":"Simpson Bay","hotelId":10103662,"hotelName":"White Sand Apartment","address":"13 White Sand Road,Beacon Hill,Simpson Bay,Sint Maarten","phones":"NULL","fax":"NULL","email":"NULL","url":"NULL","countryIso2":"SX","countryName":"Sint Maarten","hotelRating":"3","latitude":"18.0367","longitude":"-63.0983","state_id":null,"state_name":null,"country_id":null},{"active":false,"Giataid":"527120","cityId":null,"cityName":"Simpson Bay","hotelId":10114244,"hotelName":"Caribbean Blue Villa","address":"78 A Billy Folly Road,Pelican,Simpson Bay,Sint Maarten","phones":"NULL","fax":"NULL","email":"NULL","url":"NULL","countryIso2":"SX","countryName":"Sint Maarten","hotelRating":"4","latitude":"18.0367","longitude":"-63.0983","state_id":null,"state_name":null,"country_id":null},{"active":false,"Giataid":"508085","cityId":null,"cityName":"Simpson Bay","hotelId":10115404,"hotelName":"Coco Beach Duplex","address":"Simpsonbay Road 115,Simpson Bay,Sint Maarten","phones":"NULL","fax":"NULL","email":"NULL","url":"NULL","countryIso2":"SX","countryName":"Sint Maarten","hotelRating":"3","latitude":"18.0377","longitude":"-63.0964","state_id":null,"state_name":null,"country_id":null},{"active":false,"Giataid":"512327","cityId":null,"cityName":"Simpson Bay","hotelId":10117717,"hotelName":"Eduardo's Inn","address":"Welfare Rd. #43,Simpson Bay,St. Maarten,Sint Maarten","phones":"+17215442978","fax":"NULL","email":"NULL","url":"NULL","countryIso2":"SX","countryName":"Sint Maarten","hotelRating":"2","latitude":"18.0339","longitude":"-63.0921","state_id":null,"state_name":null,"country_id":null},{"active":false,"Giataid":"61833","cityId":124132,"cityName":"Philipsburg","hotelId":20002915,"hotelName":"Sea Palace Resort","address":"Front Street 147,Philipsburg,Sint Maarten","phones":"+17215422700","fax":"","email":"","url":"http://www.seapalaceresort.com/","countryIso2":"SX","countryName":"Sint Maarten","hotelRating":"3","latitude":"18.0248","longitude":"-63.05","state_id":1446,"state_name":"Montana","country_id":233},{"active":false,"Giataid":"598630","cityId":null,"cityName":"Dawn Beach","hotelId":20003308,"hotelName":"Sky Blue Villa","address":"Green Star Shell Road,Dawn Beach,Sint Maarten","phones":"","fax":"","email":"","url":"","countryIso2":"SX","countryName":"Sint Maarten","hotelRating":"0","latitude":"18.0489","longitude":"-63.0173","state_id":null,"state_name":null,"country_id":null},{"active":false,"Giataid":"293018","cityId":124132,"cityName":"Philipsburg","hotelId":20003496,"hotelName":"The Tamarind Hotel","address":"Goldfinch Road,Pointe Blanche,PO Box 247,Philipsburg,Sint Maarten","phones":"+7215424359","fax":"","email":"tamarind@hoteltamarind.com","url":"http://www.tamarindhotel.net/","countryIso2":"SX","countryName":"Sint Maarten","hotelRating":"0","latitude":"18.0137","longitude":"-63.0382","state_id":1446,"state_name":"Montana","country_id":233},{"active":false,"Giataid":"144429","cityId":124132,"cityName":"Philipsburg","hotelId":20003689,"hotelName":"Joshua Rose Guest House","address":"Back Street 7,Philipsburg,Sint Maarten","phones":"","fax":"","email":"","url":"","countryIso2":"SX","countryName":"Sint Maarten","hotelRating":"2","latitude":"18.0228","longitude":"-63.0424","state_id":1446,"state_name":"Montana","country_id":233},{"active":false,"Giataid":"365086","cityId":124132,"cityName":"Philipsburg","hotelId":20003882,"hotelName":"Port De Plaisance","address":"155 Union Road,97150 Simpson Bay,Sint Maarten","phones":"","fax":"","email":"stmartinonline@gmail.com","url":"","countryIso2":"SX","countryName":"Sint Maarten","hotelRating":"2","latitude":"18.0385","longitude":"-63.0892","state_id":1446,"state_name":"Montana","country_id":233},{"active":false,"Giataid":"596074","cityId":124132,"cityName":"Philipsburg","hotelId":20004120,"hotelName":"Alizee","address":"Queen Conch Road,Unit 7, Upper Prince's Quarter,Philipsburg,Sint Maarten","phones":"","fax":"","email":"","url":"","countryIso2":"SX","countryName":"Sint Maarten","hotelRating":"0","latitude":"18.0296","longitude":"-63.0471","state_id":1446,"state_name":"Montana","country_id":233},{"active":false,"Giataid":"610227","cityId":124132,"cityName":"Philipsburg","hotelId":20004251,"hotelName":"Sint Maarten International Guesthouse","address":"A Th Illidge Road 112,On top of Aki Supermarket,Madame Estate,Lower Princess Quarter,Philipsburg,Sint Maarten","phones":"","fax":"","email":"","url":"","countryIso2":"SX","countryName":"Sint Maarten","hotelRating":"0","latitude":"18.0328","longitude":"-63.0567","state_id":1446,"state_name":"Montana","country_id":233},{"active":false,"Giataid":"725919","cityId":124132,"cityName":"Philipsburg","hotelId":20004435,"hotelName":"Vicky's Keys","address":"The Keys Road 2-8,Lane 3,Sucker Garden,Philipsburg,St. Maarten,Sint Maarten","phones":"+17215868435","fax":"","email":"info@vickyskeys.com","url":"http://www.vickyskeys.com","countryIso2":"SX","countryName":"Sint Maarten","hotelRating":"0","latitude":"18.0346","longitude":"-63.0371","state_id":1446,"state_name":"Montana","country_id":233},{"active":false,"Giataid":"595487","cityId":null,"cityName":"Simpson Bay","hotelId":20004641,"hotelName":"St Tropez by RedAwning","address":"Pearl Drive,Unit 1,Simpson Bay,Sint Maarten,Sint Maarten","phones":"","fax":"","email":"","url":"","countryIso2":"SX","countryName":"Sint Maarten","hotelRating":"0","latitude":"18.0386","longitude":"-63.1163","state_id":null,"state_name":null,"country_id":null},{"active":false,"Giataid":"365087","cityId":null,"cityName":"Maho Beach","hotelId":20004810,"hotelName":"La Terrasse Suite Hotel At Maho Village","address":"Royal Islander Club,St. Maarten,Sint Maarten","phones":"+17215452388","fax":"+17215455719","email":"info@royalislander.com","url":"http://royalislander.com/la-terrasse-suite-hotel-st-maarten","countryIso2":"SX","countryName":"Sint Maarten","hotelRating":"0","latitude":"18.0409","longitude":"-63.1197","state_id":null,"state_name":null,"country_id":null},{"active":false,"Giataid":"144430","cityId":null,"cityName":"Cupecoy","hotelId":20004981,"hotelName":"Rainbow Beach Club","address":"149,Cupecoy,Dutch Lowlands,Sint Maarten","phones":"+17215267344","fax":"","email":"nikki@rainbowbeachclub.com","url":"http://www.rainbowbeachclub.com/","countryIso2":"SX","countryName":"Sint Maarten","hotelRating":"3","latitude":"18.0495","longitude":"-63.1312","state_id":null,"state_name":null,"country_id":null},{"active":false,"Giataid":"365081","cityId":124132,"cityName":"Philipsburg","hotelId":20005343,"hotelName":"La Vista Resort","address":"Billy Folly Road #53,Pelican Key,Philipsburg,Netherlands Antilles,Sint Maarten","phones":"+17215443005","fax":"+17215443010","email":"info@lavistaresort.com","url":"http://www.lavistaresort.com/About/about-the-hotel.html","countryIso2":"SX","countryName":"Sint Maarten","hotelRating":"3","latitude":"18.0286","longitude":"-63.0942","state_id":1446,"state_name":"Montana","country_id":233},{"active":false,"Giataid":"724273","cityId":null,"cityName":"Simpson Bay","hotelId":20005532,"hotelName":"El Zafiro Boutique Hotel","address":"White Sands Road 34,Beacon Hill Area,Simpson Bay,Sint Maarten","phones":"+17215245292","fax":"","email":"info@elzafirosxm.com","url":"http://www.elzafirosxm.com","countryIso2":"SX","countryName":"Sint Maarten","hotelRating":"0","latitude":"18.0367","longitude":"-63.0983","state_id":null,"state_name":null,"country_id":null},{"active":false,"Giataid":"598600","cityId":null,"cityName":"Dawn Beach","hotelId":20005707,"hotelName":"La Brise","address":"Oyster Pond Road Upper Prince's Quarter Dawn Beach ","phones":"","fax":"","email":"","url":"","countryIso2":"SX","countryName":"Sint Maarten","hotelRating":"0","latitude":"18.0489","longitude":"-63.0173","state_id":null,"state_name":null,"country_id":null},{"active":false,"Giataid":"598666","cityId":null,"cityName":"Dawn Beach","hotelId":20005879,"hotelName":"Beach House Gianna","address":"Tusk Shell Road,Upper Prince's Quarter,Oyster Pond,Sint Maarten","phones":"","fax":"","email":"","url":"","countryIso2":"SX","countryName":"Sint Maarten","hotelRating":"0","latitude":"18.046","longitude":"-63.0166","state_id":null,"state_name":null,"country_id":null},{"active":false,"Giataid":"599002","cityId":null,"cityName":"Simpson Bay","hotelId":20006240,"hotelName":"Coral Breeze by RedAwning","address":"Beacon Hill Road,Unit 8,Simpson Bay,Sint Maarten,Sint Maarten","phones":"","fax":"","email":"","url":"","countryIso2":"SX","countryName":"Sint Maarten","hotelRating":"0","latitude":"18.0379","longitude":"-63.1185","state_id":null,"state_name":null,"country_id":null},{"active":false,"Giataid":"223592","cityId":null,"cityName":"Simpson Bay","hotelId":20006456,"hotelName":"The Royal Turtle Inn","address":"Airport Road 114,Simpson Bay,Sint Maarten","phones":"","fax":"","email":"","url":"","countryIso2":"SX","countryName":"Sint Maarten","hotelRating":"3","latitude":"18.0425","longitude":"-63.109","state_id":null,"state_name":null,"country_id":null},{"active":false,"Giataid":"598650","cityId":null,"cityName":"Simpson Bay","hotelId":20006592,"hotelName":"Aqualina Beach Club Unit 102","address":"Simpson Bay Road 59,Simpson Bay,Sint Maarten","phones":"","fax":"","email":"","url":"","countryIso2":"SX","countryName":"Sint Maarten","hotelRating":"0","latitude":"18.0367","longitude":"-63.0983","state_id":null,"state_name":null,"country_id":null},{"active":false,"Giataid":"523514","cityId":null,"cityName":"Simpson Bay","hotelId":20006765,"hotelName":"Villa Marbella","address":"#78 Sapphire Road, Pelican,Simpson Bay,Sint Maarten","phones":"","fax":"","email":"","url":"","countryIso2":"SX","countryName":"Sint Maarten","hotelRating":"0","latitude":"18.0367","longitude":"-63.0983","state_id":null,"state_name":null,"country_id":null},{"active":false,"Giataid":"726835","cityId":124132,"cityName":"Philipsburg","hotelId":20006960,"hotelName":"Ocean's Luxury Suites","address":"167 Frontstreet Suite #3F,Philipsburg,Sint Maarten","phones":"","fax":"","email":"","url":"","countryIso2":"SX","countryName":"Sint Maarten","hotelRating":"0","latitude":"18.0277","longitude":"-63.0711","state_id":1446,"state_name":"Montana","country_id":233},{"active":false,"Giataid":"365386","cityId":null,"cityName":"Simpson Bay","hotelId":20007468,"hotelName":"Jennifer�s Vacation Villas","address":"14 Plaza Del Lago,Simpson Bay Yacht Club,St. Maarten,Netherlands Antilles,Sint Maarten","phones":"+17215443107","fax":"+17215443375","email":"info@jennifersvacationvillas.com","url":"http://jennifersvacationvillas.com/","countryIso2":"SX","countryName":"Sint Maarten","hotelRating":"0","latitude":"18.0338","longitude":"-63.0906","state_id":null,"state_name":null,"country_id":null},{"active":false,"Giataid":"294669","cityId":null,"cityName":"Simpson Bay","hotelId":20007754,"hotelName":"Eleganzia Apartments","address":"Billy Folly Road 431,Pelican Beach,Simpson Bay,Sint Maarten","phones":"","fax":"","email":"","url":"","countryIso2":"SX","countryName":"Sint Maarten","hotelRating":"0","latitude":"18.0269","longitude":"-63.0919","state_id":null,"state_name":null,"country_id":null},{"active":false,"Giataid":"598654","cityId":124132,"cityName":"Philipsburg","hotelId":20007893,"hotelName":"Villa Mars by RedAwning","address":"Fig Shell Drive,Upper Prince's Quarter,Philipsburg,Sint Maarten","phones":"","fax":"","email":"","url":"","countryIso2":"SX","countryName":"Sint Maarten","hotelRating":"0","latitude":"18.0277","longitude":"-63.0711","state_id":1446,"state_name":"Montana","country_id":233},{"active":false,"Giataid":"503241","cityId":124132,"cityName":"Philipsburg","hotelId":20008028,"hotelName":"Alicia's Inn","address":"Backstreet 42,Philipsburg,Sint Maarten","phones":"+17215422403","fax":"","email":"info@aliciasinn.com","url":"http://www.aliciasinn.com/","countryIso2":"SX","countryName":"Sint Maarten","hotelRating":"2","latitude":"18.0238","longitude":"-63.0444","state_id":1446,"state_name":"Montana","country_id":233},{"active":false,"Giataid":"684382","cityId":null,"cityName":"Simpson Bay","hotelId":20008172,"hotelName":"Commodore Suites","address":"Welfare Road 109,Simpson Bay,St. Maarten,Sint Maarten","phones":"+17215443110","fax":"+17215443114","email":"booking@commodoresuites.com","url":"http://www.commodoresuites.com","countryIso2":"SX","countryName":"Sint Maarten","hotelRating":"3","latitude":"18.033","longitude":"-63.0915","state_id":null,"state_name":null,"country_id":null},{"active":false,"Giataid":"550555","cityId":null,"cityName":"St. Marteen","hotelId":20370841,"hotelName":"Villa Ocean Front","address":"Beacon Hill Road,Sint Maarten,Simpson Bay,Sint Maarten","phones":"+59690285942","fax":"","email":"info@Villas-apartments.rentals","url":"http://villaoceanfront.villas-apartments.rentals/","countryIso2":"SX","countryName":"Sint Maarten","hotelRating":"0","latitude":"18.0351","longitude":"-63.1154","state_id":null,"state_name":null,"country_id":null},{"active":false,"Giataid":"595437","cityId":null,"cityName":"St. Marteen","hotelId":20370842,"hotelName":"Vip Villa","address":"Amazone Road,Lowlands,Sint Maarten,Sint Maarten","phones":"","fax":"","email":"","url":"","countryIso2":"SX","countryName":"Sint Maarten","hotelRating":"0","latitude":"18.0425","longitude":"-63.0548","state_id":null,"state_name":null,"country_id":null},{"active":false,"Giataid":"595478","cityId":null,"cityName":"St. Marteen","hotelId":20370843,"hotelName":"Tropical Waves at Porto Cupecoy by RedAwning","address":"Rue Des Terres Basses,Lowlands,Sint Maarten,Sint Maarten","phones":"","fax":"","email":"","url":"","countryIso2":"SX","countryName":"Sint Maarten","hotelRating":"0","latitude":"18.0538","longitude":"-63.1352","state_id":null,"state_name":null,"country_id":null},{"active":false,"Giataid":"736339","cityId":124132,"cityName":"Philipsburg","hotelId":20370844,"hotelName":"Villa Jasmine","address":"Fig Shell Drive,Guana Bay,Philipsburg 1744,Sint Maarten","phones":"","fax":"","email":"","url":"","countryIso2":"SX","countryName":"Sint Maarten","hotelRating":"0","latitude":"18.0277","longitude":"-63.0711","state_id":1446,"state_name":"Montana","country_id":233},{"active":false,"Giataid":"735963","cityId":null,"cityName":"St. Marteen","hotelId":20370845,"hotelName":"Villa Marrakesh","address":"2 Rhine Road,Dutch Lowlands,1744 Lowlands,Sint Maarten,Sint Maarten","phones":"","fax":"","email":"","url":"","countryIso2":"SX","countryName":"Sint Maarten","hotelRating":"0","latitude":"18.0538","longitude":"-63.1352","state_id":null,"state_name":null,"country_id":null},{"active":false,"Giataid":"736383","cityId":124132,"cityName":"Philipsburg","hotelId":20370848,"hotelName":"Villa Mooi","address":"Sun Ray Clam Road,Mandara Residences #25,Philipsburg,Sint Maarten","phones":"","fax":"","email":"","url":"","countryIso2":"SX","countryName":"Sint Maarten","hotelRating":"0","latitude":"18.0277","longitude":"-63.0711","state_id":1446,"state_name":"Montana","country_id":233},{"active":false,"Giataid":"901247","cityId":124132,"cityName":"Philipsburg","hotelId":20370849,"hotelName":"The Villas On Great Bay","address":"Front Street 211,Philipsburg,Sint Maarten","phones":"+17215422898","fax":"+17215421838","email":"","url":"http://www.thevillasongreatbay.com","countryIso2":"SX","countryName":"Sint Maarten","hotelRating":"0","latitude":"18.0277","longitude":"-63.0711","state_id":1446,"state_name":"Montana","country_id":233},{"active":false,"Giataid":"736031","cityId":null,"cityName":"Cupecoy","hotelId":20370850,"hotelName":"Villa Bahari","address":"Rue des Terres Basses,Cupecoy 97150,Sint Maarten","phones":"","fax":"","email":"","url":"","countryIso2":"SX","countryName":"Sint Maarten","hotelRating":"0","latitude":"18.0527","longitude":"-63.1372","state_id":null,"state_name":null,"country_id":null},{"active":false,"Giataid":"880622","cityId":null,"cityName":"Simpson Bay","hotelId":20370851,"hotelName":"Villa La-Di-Da","address":"15 Peridot Road,Simpson Bay Corners,Pelican Key,Netherlands Antilles,Sint Maarten","phones":"+18027738800","fax":"","email":"jim@killingtonholidayrentals.com","url":"http://www.villaladida.com/","countryIso2":"SX","countryName":"Sint Maarten","hotelRating":"0","latitude":"18.0367","longitude":"-63.0983","state_id":null,"state_name":null,"country_id":null},{"active":false,"Giataid":"736410","cityId":124132,"cityName":"Philipsburg","hotelId":20370852,"hotelName":"Villa En'Sea","address":"36 Little Bay Road,Philipsburg,Sint Maarten","phones":"+17215270640","fax":"","email":"","url":"","countryIso2":"SX","countryName":"Sint Maarten","hotelRating":"0","latitude":"18.0277","longitude":"-63.0711","state_id":1446,"state_name":"Montana","country_id":233},{"active":false,"Giataid":"913870","cityId":124132,"cityName":"Philipsburg","hotelId":20370853,"hotelName":"El Sueno","address":"Little Bay Road, 45,Philipsburg,Sint Maarten","phones":"","fax":"","email":"","url":"","countryIso2":"SX","countryName":"Sint Maarten","hotelRating":"0","latitude":"18.0277","longitude":"-63.0711","state_id":1446,"state_name":"Montana","country_id":233},{"active":false,"Giataid":"913863","cityId":null,"cityName":"Simpson Bay","hotelId":20370854,"hotelName":"Faja Lobie","address":"Beacon Hill Road Unit 10,Simpson Bay,Sint Maarten","phones":"","fax":"","email":"","url":"","countryIso2":"SX","countryName":"Sint Maarten","hotelRating":"0","latitude":"18.0367","longitude":"-63.0983","state_id":null,"state_name":null,"country_id":null},{"active":false,"Giataid":"977941","cityId":null,"cityName":"Cupecoy","hotelId":20418487,"hotelName":"Villa Mumbai","address":"Shore Pointe Lot 27,Lowlands,Cupecoy,Sint Maarten","phones":"","fax":"","email":"","url":"","countryIso2":"SX","countryName":"Sint Maarten","hotelRating":"1","latitude":"18.0525","longitude":"-63.1325","state_id":null,"state_name":null,"country_id":null},{"active":false,"Giataid":"977933","cityId":null,"cityName":"Cupecoy","hotelId":20418488,"hotelName":"Villa Etoile De Mer","address":"Shore Pointe 29,Lowlands,Cupecoy,Sint Maarten","phones":"","fax":"","email":"","url":"","countryIso2":"SX","countryName":"Sint Maarten","hotelRating":"1","latitude":"18.0525","longitude":"-63.1325","state_id":null,"state_name":null,"country_id":null},{"active":false,"Giataid":"991734","cityId":null,"cityName":"Simpson Bay","hotelId":20439108,"hotelName":"Carisma On The Beach","address":"E Billy Folly Road 80,Simpson Bay,Sint Maarten","phones":"","fax":"","email":"","url":"","countryIso2":"SX","countryName":"Sint Maarten","hotelRating":"1","latitude":"18.0367","longitude":"-63.0983","state_id":null,"state_name":null,"country_id":null}]