[{"active":false,"Giataid":"371981","cityId":null,"cityName":"Pristina","hotelId":371981,"hotelName":"Afa Hotel","address":"Ali Kelmendi 15,Pristina 10000,Serbia","phones":"+38138225226","fax":"","email":"office@hotelafa.com","url":"http://www.hotelafa.com","countryIso2":"XK","countryName":"Kosovo","hotelRating":"4","latitude":"42.6572","longitude":"21.1696","state_id":null,"state_name":null,"country_id":null},{"active":false,"Giataid":"371984","cityId":null,"cityName":"Pristina","hotelId":371984,"hotelName":"Hotel Luxor Prishtina","address":"Dr. Shpetim Robaj p.n,Prishtina 10020,Kosova,Serbia","phones":"+38137744788248","fax":"","email":"","url":"","countryIso2":"XK","countryName":"Kosovo","hotelRating":"2","latitude":"42.6723","longitude":"21.1972","state_id":null,"state_name":null,"country_id":null},{"active":false,"Giataid":"371985","cityId":null,"cityName":"Pristina","hotelId":371985,"hotelName":"Ora Hotel","address":"Rruga Anton Zako Cajupi 4,Prishtina 10000,Kosovo,Serbia","phones":"+38138233709","fax":"","email":"hotelora@yahoo.com","url":"http://www.hotelora.eu","countryIso2":"XK","countryName":"Kosovo","hotelRating":"4","latitude":"42.6673","longitude":"21.1627","state_id":null,"state_name":null,"country_id":null},{"active":false,"Giataid":"372360","cityId":null,"cityName":"Prizren","hotelId":372360,"hotelName":"Albes Hotel","address":"Highway Prizren-Suhareka,Prizren 20550,Serbia","phones":"+38129247381","fax":"+38138649633133","email":"info@hotelalbes.com","url":"http://www.hotelalbes.com","countryIso2":"XK","countryName":"Kosovo","hotelRating":"4","latitude":"42.2614","longitude":"20.7778","state_id":null,"state_name":null,"country_id":null},{"active":false,"Giataid":"372361","cityId":null,"cityName":"Prizren","hotelId":372361,"hotelName":"Centrum Hotel","address":"Bujtinat 1,Prizren 20000,Serbia","phones":"","fax":"","email":"","url":"","countryIso2":"XK","countryName":"Kosovo","hotelRating":"4","latitude":"42.2085","longitude":"20.739","state_id":null,"state_name":null,"country_id":null},{"active":false,"Giataid":"417914","cityId":null,"cityName":"Pristina","hotelId":417914,"hotelName":"Lyon Hotel","address":"Isa Kastrati 91,Pristina 10000,Serbia","phones":"","fax":"","email":"","url":"","countryIso2":"XK","countryName":"Kosovo","hotelRating":"3","latitude":"42.66","longitude":"21.1743","state_id":null,"state_name":null,"country_id":null},{"active":false,"Giataid":"417915","cityId":null,"cityName":"Pristina","hotelId":417915,"hotelName":"Roma Hotel","address":"Ilir Konushevci 138,Pristina 10000,Serbia","phones":"","fax":"","email":"","url":"","countryIso2":"XK","countryName":"Kosovo","hotelRating":"1","latitude":"42.6698","longitude":"21.163","state_id":null,"state_name":null,"country_id":null},{"active":false,"Giataid":"417916","cityId":null,"cityName":"Pristina","hotelId":417916,"hotelName":"Real Hotel","address":"Kosta Novakoviq 14,Pristina 10000,Serbia","phones":"","fax":"","email":"","url":"","countryIso2":"XK","countryName":"Kosovo","hotelRating":"3","latitude":"42.6585","longitude":"21.1555","state_id":null,"state_name":null,"country_id":null},{"active":false,"Giataid":"459482","cityId":null,"cityName":"Prizren","hotelId":459482,"hotelName":"Venisi Hotel","address":"Rruga Bujtinave 11,Prizren 20000,Kosovo,Serbia","phones":"+38138649559002","fax":"","email":"booking@hotelvenisi.com","url":"http://hotelvenisi.com/","countryIso2":"XK","countryName":"Kosovo","hotelRating":"1","latitude":"42.2084","longitude":"20.7387","state_id":null,"state_name":null,"country_id":null},{"active":false,"Giataid":"478948","cityId":null,"cityName":"Gjilan","hotelId":478948,"hotelName":"Kristal Hotel","address":"Sheshi Regjep Mala i Nuhi Berisha,Gnjilane 60000,Serbia","phones":"","fax":"","email":"info@hotelkristal.biz","url":"http://hotelkristal.biz","countryIso2":"XK","countryName":"Kosovo","hotelRating":"1","latitude":"42.4636","longitude":"21.4701","state_id":null,"state_name":null,"country_id":null},{"active":false,"Giataid":"479730","cityId":null,"cityName":"Pristina","hotelId":479730,"hotelName":"Hotel Roma","address":"Bulevardi Nene Tereza,Pristina,Serbia","phones":"","fax":"","email":"","url":"","countryIso2":"XK","countryName":"Kosovo","hotelRating":"1","latitude":"42.6629","longitude":"21.1655","state_id":null,"state_name":null,"country_id":null},{"active":false,"Giataid":"479920","cityId":null,"cityName":"Pristina","hotelId":479920,"hotelName":"Nora Hotel","address":"Highway Pristine-Peje 52 km,32000 Zajmovo,Serbia","phones":"","fax":"","email":"","url":"","countryIso2":"XK","countryName":"Kosovo","hotelRating":"1","latitude":"42.654","longitude":"21.1574","state_id":null,"state_name":null,"country_id":null},{"active":false,"Giataid":"588838","cityId":null,"cityName":"Pristina","hotelId":588838,"hotelName":"Ambasador Hotel Pristina","address":"Ardian Krasniqi 1,10000 Pristina,Serbia","phones":"+38138248300","fax":"+38138248500","email":"info@hotel-ambasador.com","url":"http://www.hotel-ambasador.com/","countryIso2":"XK","countryName":"Kosovo","hotelRating":"1","latitude":"42.6596","longitude":"21.1681","state_id":null,"state_name":null,"country_id":null},{"active":false,"Giataid":"627412","cityId":null,"cityName":"Prizren","hotelId":627412,"hotelName":"Nafron Hotel","address":"Rr. Dardania,ish Jaglinica,Dardania,Prizren 38401,Serbia","phones":"","fax":"","email":"hotel_nafron@hotmail.com","url":"http://www.hotelnafron.com/hotel/index.php","countryIso2":"XK","countryName":"Kosovo","hotelRating":"3","latitude":"42.2255","longitude":"20.7523","state_id":null,"state_name":null,"country_id":null},{"active":false,"Giataid":"629674","cityId":null,"cityName":"Pristina","hotelId":629674,"hotelName":"Hotel Igmas","address":"","phones":"","fax":"","email":"","url":"","countryIso2":"XK","countryName":"Kosovo","hotelRating":"1","latitude":"42.654","longitude":"21.1574","state_id":null,"state_name":null,"country_id":null},{"active":false,"Giataid":"731885","cityId":null,"cityName":"Pristina","hotelId":731885,"hotelName":"Holiday Resort Pristina","address":"Sllatine E Madhe,Pristina,Kosovo,Serbia","phones":"","fax":"","email":"","url":"","countryIso2":"XK","countryName":"Kosovo","hotelRating":"4","latitude":"42.654","longitude":"21.1574","state_id":null,"state_name":null,"country_id":null},{"active":false,"Giataid":"783254","cityId":null,"cityName":"Prizren","hotelId":783254,"hotelName":"Oltas Pansion","address":"Bujtinave 14,20000 Prizren,Kosovo,Serbia","phones":"+38129231628","fax":"","email":"oltas_pension@hotmail.com","url":"https://www.booking.com/hotel/xk/bujtina-pension-oltas.en-gb.html#map_closed","countryIso2":"XK","countryName":"Kosovo","hotelRating":"1","latitude":"42.2133","longitude":"20.7528","state_id":null,"state_name":null,"country_id":null},{"active":false,"Giataid":"785207","cityId":null,"cityName":"Prizren","hotelId":785207,"hotelName":"Hotel Istanbul","address":"Uke Bytyci,Prizren,20000 Kosovo,Serbia","phones":"","fax":"","email":"","url":"","countryIso2":"XK","countryName":"Kosovo","hotelRating":"1","latitude":"42.2133","longitude":"20.7528","state_id":null,"state_name":null,"country_id":null},{"active":false,"Giataid":"801702","cityId":null,"cityName":"Prizren","hotelId":801702,"hotelName":"Driza's House","address":"Remzi Ademaj 8,Prizren 20000,Serbia","phones":"","fax":"","email":"drizas.house@gmail.com","url":"http://drizas-house.com","countryIso2":"XK","countryName":"Kosovo","hotelRating":"1","latitude":"42.2133","longitude":"20.7528","state_id":null,"state_name":null,"country_id":null},{"active":false,"Giataid":"801742","cityId":null,"cityName":"Prizren","hotelId":801742,"hotelName":"Hotel Edi Imperial","address":"Farkataret 19,20000 Prizren,Serbia","phones":"","fax":"","email":"","url":"","countryIso2":"XK","countryName":"Kosovo","hotelRating":"1","latitude":"42.2133","longitude":"20.7528","state_id":null,"state_name":null,"country_id":null},{"active":false,"Giataid":"801884","cityId":null,"cityName":"Pristina","hotelId":801884,"hotelName":"Hotel Tiffany","address":"Road Marin Barleti  16,Prizren 20000,Kosovo,Serbia","phones":"+38129333222","fax":"","email":"","url":"http://hoteltiffanyprizren.com","countryIso2":"XK","countryName":"Kosovo","hotelRating":"1","latitude":"42.654","longitude":"21.1574","state_id":null,"state_name":null,"country_id":null},{"active":false,"Giataid":"802528","cityId":null,"cityName":"Gjilan","hotelId":802528,"hotelName":"Queen Vali Palace","address":"Vali Ranch,60000 Gjilan,Serbia","phones":"","fax":"","email":"info@queenvali-hotel.com","url":"http://queenvali-hotel.com","countryIso2":"XK","countryName":"Kosovo","hotelRating":"1","latitude":"0","longitude":"0","state_id":null,"state_name":null,"country_id":null},{"active":false,"Giataid":"802538","cityId":null,"cityName":"Pristina","hotelId":802538,"hotelName":"Hotel Gorenje","address":"Veternik pn,Pristina 10000,Kosovo,Serbia","phones":"","fax":"","email":"","url":"","countryIso2":"XK","countryName":"Kosovo","hotelRating":"1","latitude":"42.654","longitude":"21.1574","state_id":null,"state_name":null,"country_id":null},{"active":false,"Giataid":"802575","cityId":null,"cityName":"Pristina","hotelId":802575,"hotelName":"Hostel Tuba","address":"Ruga Eqrem Qabej 13-1,10000 Prishtine,Serbia","phones":"+38138338228535","fax":"","email":"info@hosteltuba.com","url":"http://www.hosteltuba.com","countryIso2":"XK","countryName":"Kosovo","hotelRating":"1","latitude":"42.654","longitude":"21.1574","state_id":null,"state_name":null,"country_id":null},{"active":false,"Giataid":"802587","cityId":null,"cityName":"Pristina","hotelId":802587,"hotelName":"Hotel Rio","address":"M2 Pristina,Pristina 10000,Kosovo,Serbia","phones":"","fax":"","email":"","url":"","countryIso2":"XK","countryName":"Kosovo","hotelRating":"1","latitude":"42.654","longitude":"21.1574","state_id":null,"state_name":null,"country_id":null},{"active":false,"Giataid":"804927","cityId":null,"cityName":"Pristina","hotelId":804927,"hotelName":"Buffalo Backpackers","address":"Musine Kokalari 25,Pristina 10000,Kosovo,Serbia","phones":"+38145643261","fax":"","email":"info@buffalobackpackers.com","url":"http://www.buffalobackpackers.com","countryIso2":"XK","countryName":"Kosovo","hotelRating":"1","latitude":"42.654","longitude":"21.1574","state_id":null,"state_name":null,"country_id":null},{"active":false,"Giataid":"804928","cityId":null,"cityName":"Prizren","hotelId":804928,"hotelName":"Motel Paris","address":"Ruga Sadik Rexha,Ortakoll,Prizren 20000,Kosovo,Serbia","phones":"","fax":"","email":"","url":"http://www.hotel.com.au/prizren/motel-paris.htm","countryIso2":"XK","countryName":"Kosovo","hotelRating":"1","latitude":"42.2133","longitude":"20.7528","state_id":null,"state_name":null,"country_id":null},{"active":false,"Giataid":"804931","cityId":null,"cityName":"Pristina","hotelId":804931,"hotelName":"La Corte Hotel","address":"Street Agim Ramadani 4,Pristina 10000,Kosova,Serbia","phones":"+38145980098","fax":"","email":"lacorte-pr@hotmail.com","url":"http://www.lacorteprishtina.com","countryIso2":"XK","countryName":"Kosovo","hotelRating":"1","latitude":"42.654","longitude":"21.1574","state_id":null,"state_name":null,"country_id":null},{"active":false,"Giataid":"804983","cityId":null,"cityName":"Gjilan","hotelId":804983,"hotelName":"Resort Planet","address":"Kmetoc,Gjilan 60000,Serbia","phones":"","fax":"+381280324432","email":"info@planet-gjilan.com","url":"http://planet-gjilan.com","countryIso2":"XK","countryName":"Kosovo","hotelRating":"5","latitude":"0","longitude":"0","state_id":null,"state_name":null,"country_id":null},{"active":false,"Giataid":"805952","cityId":null,"cityName":"Prizren","hotelId":805952,"hotelName":"Hotel Admiral","address":"Ruga Sadik Rexha 45,Prizren 20000,Kosovo,Serbia","phones":"","fax":"","email":"","url":"","countryIso2":"XK","countryName":"Kosovo","hotelRating":"5","latitude":"42.2133","longitude":"20.7528","state_id":null,"state_name":null,"country_id":null},{"active":false,"Giataid":"808506","cityId":null,"cityName":"Pristina","hotelId":808506,"hotelName":"Hostel The White Tree","address":"Mujo Ulqinaku 59,Pejton,Prishtina 10000,Kosovo,Serbia","phones":"+38138349166777","fax":"","email":"contact@whitetreehostel.com","url":"http://whitetreehostel.com/","countryIso2":"XK","countryName":"Kosovo","hotelRating":"1","latitude":"42.654","longitude":"21.1574","state_id":null,"state_name":null,"country_id":null},{"active":false,"Giataid":"808528","cityId":null,"cityName":"Pristina","hotelId":808528,"hotelName":"Prishtina Center Hostel","address":"Boulevard Nena Tereze 14/6,Prishtine 10000,Serbia","phones":"","fax":"","email":"prishtinacenterhostel@gmail.com","url":"http://www.prishtinacenterhostel.com","countryIso2":"XK","countryName":"Kosovo","hotelRating":"1","latitude":"42.654","longitude":"21.1574","state_id":null,"state_name":null,"country_id":null},{"active":false,"Giataid":"809600","cityId":null,"cityName":"Pristina","hotelId":809600,"hotelName":"Hostel Han","address":"Fehmi Agani 2/4,4th Floor,Prishtine 10000,Serbia","phones":"","fax":"","email":"info@hostelhan.com","url":"http://hostelhan.com","countryIso2":"XK","countryName":"Kosovo","hotelRating":"1","latitude":"42.654","longitude":"21.1574","state_id":null,"state_name":null,"country_id":null},{"active":false,"Giataid":"809603","cityId":null,"cityName":"Prizren","hotelId":809603,"hotelName":"M99 Hostel","address":"Ramzi Ademi 28,20000 Prizren,Serbia","phones":"","fax":"","email":"","url":"","countryIso2":"XK","countryName":"Kosovo","hotelRating":"1","latitude":"42.2133","longitude":"20.7528","state_id":null,"state_name":null,"country_id":null},{"active":false,"Giataid":"809612","cityId":null,"cityName":"Pristina","hotelId":809612,"hotelName":"ODA Hostel","address":"Shaban Polluzha 3,Zeki Shulemaja,10000 Pristina,Serbia","phones":"","fax":"","email":"","url":"","countryIso2":"XK","countryName":"Kosovo","hotelRating":"1","latitude":"42.654","longitude":"21.1574","state_id":null,"state_name":null,"country_id":null},{"active":false,"Giataid":"812205","cityId":null,"cityName":"Pristina","hotelId":812205,"hotelName":"Hotel Kika","address":"Andrea Gropa Street,Mother Teresa Square,38000 Pristina,Serbia","phones":"","fax":"","email":"","url":"","countryIso2":"XK","countryName":"Kosovo","hotelRating":"1","latitude":"42.654","longitude":"21.1574","state_id":null,"state_name":null,"country_id":null},{"active":false,"Giataid":"813286","cityId":null,"cityName":"Prizren","hotelId":813286,"hotelName":"Millenium","address":"Edit Durham,Prizren 20000,Serbia","phones":"","fax":"","email":"","url":"","countryIso2":"XK","countryName":"Kosovo","hotelRating":"1","latitude":"42.2133","longitude":"20.7528","state_id":null,"state_name":null,"country_id":null},{"active":false,"Giataid":"813292","cityId":null,"cityName":"Pristina","hotelId":813292,"hotelName":"Hotel Lido","address":"Cajupi 4/a,Pristina,Serbia","phones":"","fax":"","email":"","url":"","countryIso2":"XK","countryName":"Kosovo","hotelRating":"1","latitude":"42.654","longitude":"21.1574","state_id":null,"state_name":null,"country_id":null},{"active":false,"Giataid":"813314","cityId":null,"cityName":"Pristina","hotelId":813314,"hotelName":"Hotel International Prishtina & Spa","address":"RR. Shkupi,Veternik,10000 Prishtine,Serbia","phones":"+38138338600222","fax":"","email":"","url":"http://hotelinternationalprishtina.com/","countryIso2":"XK","countryName":"Kosovo","hotelRating":"5","latitude":"42.654","longitude":"21.1574","state_id":null,"state_name":null,"country_id":null},{"active":false,"Giataid":"814330","cityId":null,"cityName":"Pristina","hotelId":814330,"hotelName":"Golden B Hotel","address":"Rruga Vellezerit Fazliu sn,Pristina 10000,Serbia","phones":"","fax":"","email":"","url":"","countryIso2":"XK","countryName":"Kosovo","hotelRating":"1","latitude":"42.654","longitude":"21.1574","state_id":null,"state_name":null,"country_id":null},{"active":false,"Giataid":"817948","cityId":null,"cityName":"Pristina","hotelId":817948,"hotelName":"Semitronix Hotel Prishtina","address":"Street Lidhja E Pejes,Pristina 10000,Serbia","phones":"+38138338740222","fax":"","email":"info@hotel-semitronix.com","url":"http://hotel-semitronix.com/prishtina/","countryIso2":"XK","countryName":"Kosovo","hotelRating":"1","latitude":"42.654","longitude":"21.1574","state_id":null,"state_name":null,"country_id":null},{"active":false,"Giataid":"822250","cityId":null,"cityName":"Prizren","hotelId":822250,"hotelName":"Hotel Elita","address":"Prevalle,Prizren 22000,Serbia","phones":"","fax":"","email":"","url":"","countryIso2":"XK","countryName":"Kosovo","hotelRating":"1","latitude":"42.2133","longitude":"20.7528","state_id":null,"state_name":null,"country_id":null},{"active":false,"Giataid":"822261","cityId":null,"cityName":"Prizren","hotelId":822261,"hotelName":"Hotel Prevalla","address":"Prevalle,22000 Prizren,Serbia","phones":"","fax":"","email":"","url":"","countryIso2":"XK","countryName":"Kosovo","hotelRating":"1","latitude":"42.2133","longitude":"20.7528","state_id":null,"state_name":null,"country_id":null},{"active":false,"Giataid":"824124","cityId":null,"cityName":"Pristina","hotelId":824124,"hotelName":"Hotel Kulla Vllasaliu","address":"Fshati Vllasali,Pristina,Kosovo,Serbia","phones":"","fax":"","email":"","url":"","countryIso2":"XK","countryName":"Kosovo","hotelRating":"1","latitude":"42.654","longitude":"21.1574","state_id":null,"state_name":null,"country_id":null},{"active":false,"Giataid":"424360","cityId":null,"cityName":"Prizren","hotelId":20000728,"hotelName":"Hotel Albatros","address":"Rruga Besim Shala,20000 Prizren,Serbia","phones":"+38138778008","fax":"+38138778008","email":"info@hotel-albatros.net","url":"http://www.hotel-albatros.net","countryIso2":"XK","countryName":"Kosovo","hotelRating":"5","latitude":"42.2206","longitude":"20.7076","state_id":null,"state_name":null,"country_id":null},{"active":false,"Giataid":"459484","cityId":null,"cityName":"Prizren","hotelId":20000847,"hotelName":"Hotel OK","address":"Lubizhde p.n,Prizren 20000,Serbia","phones":"+38129240260","fax":"","email":"hotel_ok@hotmail.com","url":"http://hotelok-rks.net/ueb/","countryIso2":"XK","countryName":"Kosovo","hotelRating":"4","latitude":"42.2533","longitude":"20.7719","state_id":null,"state_name":null,"country_id":null},{"active":false,"Giataid":"627379","cityId":null,"cityName":"Prizren","hotelId":20000882,"hotelName":"Bujtina Kalaja Hotel","address":"Rr. Pal Paluca,Prizren 20000,Serbia","phones":"","fax":"","email":"","url":"","countryIso2":"XK","countryName":"Kosovo","hotelRating":"0","latitude":"42.2133","longitude":"20.7528","state_id":null,"state_name":null,"country_id":null},{"active":false,"Giataid":"479038","cityId":null,"cityName":"Prizren","hotelId":20000961,"hotelName":"Estrada Hotel","address":"Prizren 23000,7-th km Prizren,Suva Reka Highway,Suharek?,Serbia","phones":"+38144208848","fax":"","email":"info@hotelestrada.net","url":"http://www.hotelestrada.net/kontakti.php","countryIso2":"XK","countryName":"Kosovo","hotelRating":"0","latitude":"42.2133","longitude":"20.7528","state_id":null,"state_name":null,"country_id":null},{"active":false,"Giataid":"459508","cityId":null,"cityName":"Prizren","hotelId":20001053,"hotelName":"Casbah Hotel Prizren","address":"Marin Barleti NN,Prizren 20000,Serbia","phones":"","fax":"","email":"","url":"","countryIso2":"XK","countryName":"Kosovo","hotelRating":"0","latitude":"42.2083","longitude":"20.7407","state_id":null,"state_name":null,"country_id":null},{"active":false,"Giataid":"459477","cityId":null,"cityName":"Prizren","hotelId":20001173,"hotelName":"Abi Hotel","address":"Rruga Jonit,Prizren 20000,Serbia","phones":"+38129232324","fax":"+38129242282","email":"info@abi-hotel.com","url":"http://www.abi-hotel.com","countryIso2":"XK","countryName":"Kosovo","hotelRating":"3","latitude":"42.215","longitude":"20.7319","state_id":null,"state_name":null,"country_id":null},{"active":false,"Giataid":"459461","cityId":null,"cityName":"Prizren","hotelId":20001316,"hotelName":"Hotel Bruti","address":"Salih Shabani,Prizren 20000,Serbia","phones":"","fax":"","email":"","url":"","countryIso2":"XK","countryName":"Kosovo","hotelRating":"0","latitude":"42.2169","longitude":"20.7444","state_id":null,"state_name":null,"country_id":null},{"active":false,"Giataid":"459512","cityId":null,"cityName":"Prizren","hotelId":20001503,"hotelName":"Hotel Kacinari","address":"Rrouga Pushketareve 16,Prizren 20000,Kosovo,Serbia","phones":"+38138712490","fax":"","email":"info@hotelkacinari.com","url":"http://hotelkacinari.com/","countryIso2":"XK","countryName":"Kosovo","hotelRating":"0","latitude":"42.2087","longitude":"20.7391","state_id":null,"state_name":null,"country_id":null},{"active":false,"Giataid":"478467","cityId":null,"cityName":"Pristina","hotelId":20001696,"hotelName":"Hotel Pinocchio","address":"24 maji, 115, Areberi,Prishtin?,Serbia","phones":"","fax":"","email":"","url":"","countryIso2":"XK","countryName":"Kosovo","hotelRating":"3","latitude":"42.654","longitude":"21.1574","state_id":null,"state_name":null,"country_id":null},{"active":false,"Giataid":"459483","cityId":null,"cityName":"Prizren","hotelId":20001909,"hotelName":"Hotel Theranda","address":"Rruga Adem Jashari 1,Prizren,Serbia","phones":"+38129242442","fax":"","email":"info@hoteltheranda.com","url":"http://www.hoteltheranda.com","countryIso2":"XK","countryName":"Kosovo","hotelRating":"4","latitude":"42.2099","longitude":"20.7411","state_id":null,"state_name":null,"country_id":null},{"active":false,"Giataid":"478995","cityId":null,"cityName":"Pristina","hotelId":20002042,"hotelName":"Hostel Istanbul","address":"Ilaz Agushi 66,Prishtin? 10000,Kosovo,Serbia","phones":"","fax":"","email":"","url":"http://www.booking.com/hotel/xk/hostel-istanbul.html","countryIso2":"XK","countryName":"Kosovo","hotelRating":"0","latitude":"42.654","longitude":"21.1574","state_id":null,"state_name":null,"country_id":null},{"active":false,"Giataid":"481861","cityId":null,"cityName":"Pristina","hotelId":20002257,"hotelName":"Hotel Donarti","address":"Bulevard Bill Clinton 57,Pri?tina 10000,Dardania,Serbia","phones":"+38144176262","fax":"","email":"","url":"","countryIso2":"XK","countryName":"Kosovo","hotelRating":"0","latitude":"42.654","longitude":"21.1574","state_id":null,"state_name":null,"country_id":null},{"active":false,"Giataid":"459519","cityId":null,"cityName":"Prizren","hotelId":20009668,"hotelName":"Hotel Koha","address":"Ismet Jashari Kumanova,Prizren 20000,Serbia","phones":"","fax":"","email":"","url":"","countryIso2":"XK","countryName":"Kosovo","hotelRating":"0","latitude":"42.2073","longitude":"20.7385","state_id":null,"state_name":null,"country_id":null},{"active":false,"Giataid":"627381","cityId":null,"cityName":"Prizren","hotelId":20009794,"hotelName":"Alvida Hotel","address":"Rrouga Mbreti Pirro,Tabakhane,Prizren 20000,Serbia","phones":"","fax":"","email":"","url":"","countryIso2":"XK","countryName":"Kosovo","hotelRating":"0","latitude":"42.2115","longitude":"20.7285","state_id":null,"state_name":null,"country_id":null},{"active":false,"Giataid":"478507","cityId":null,"cityName":"Pristina","hotelId":20010103,"hotelName":"Hotel City Central","address":"Adrian Krasniqi 3,Prishtin?,Serbia","phones":"","fax":"","email":"","url":"","countryIso2":"XK","countryName":"Kosovo","hotelRating":"3","latitude":"42.6602","longitude":"21.1662","state_id":null,"state_name":null,"country_id":null},{"active":false,"Giataid":"459457","cityId":null,"cityName":"Pristina","hotelId":20010245,"hotelName":"Hotel Prima","address":"LIdhja e Prizrenit 24,Pristina 10000,Serbia","phones":"","fax":"","email":"","url":"","countryIso2":"XK","countryName":"Kosovo","hotelRating":"3","latitude":"42.668","longitude":"21.1622","state_id":null,"state_name":null,"country_id":null},{"active":false,"Giataid":"478896","cityId":null,"cityName":"Prizren","hotelId":20010340,"hotelName":"Hotel Prizreni","address":"Rruga Shen Flori 2,20000 Prizren,Serbia","phones":"+38129225200","fax":"","email":"info@hotelprizreni.com","url":"http://www.hotelprizreni.com/","countryIso2":"XK","countryName":"Kosovo","hotelRating":"0","latitude":"42.2133","longitude":"20.7528","state_id":null,"state_name":null,"country_id":null},{"active":false,"Giataid":"480960","cityId":null,"cityName":"Pristina","hotelId":20010479,"hotelName":"Hotel Garden","address":"Tahir Zajmi No.30,Pri?tina/Prishtina 10000,Kalabria-Kosovo,Serbia","phones":"+38138717177","fax":"+38138717175","email":"info@hotelgarden-ks.com","url":"http://hotelgarden-ks.com","countryIso2":"XK","countryName":"Kosovo","hotelRating":"5","latitude":"42.6427","longitude":"21.1442","state_id":null,"state_name":null,"country_id":null},{"active":false,"Giataid":"543514","cityId":null,"cityName":"Pristina","hotelId":20010677,"hotelName":"Hotel Baci","address":"Str. Mother Teresa,Serbia","phones":"","fax":"","email":"","url":"","countryIso2":"XK","countryName":"Kosovo","hotelRating":"0","latitude":"42.6482","longitude":"21.158","state_id":null,"state_name":null,"country_id":null},{"active":false,"Giataid":"371983","cityId":null,"cityName":"Pristina","hotelId":20010803,"hotelName":"Beni Hotel Pristina","address":"Mazgit,Gazimestan 1,Pristina,Kosovo,Serbia","phones":"","fax":"","email":"","url":"https://ar.trivago.com/kosovo-polje-449009/hotel/beni--pristina-7084364","countryIso2":"XK","countryName":"Kosovo","hotelRating":"0","latitude":"42.6907","longitude":"21.1236","state_id":null,"state_name":null,"country_id":null},{"active":false,"Giataid":"459511","cityId":null,"cityName":"Prizren","hotelId":20015888,"hotelName":"Hotel Butro","address":"Edit Durham 113,Prizren 20000,Serbia","phones":"+38138649476761","fax":"","email":"hotelbutro@gmail.com","url":"http://hotelbutro.com","countryIso2":"XK","countryName":"Kosovo","hotelRating":"0","latitude":"42.2173","longitude":"20.7394","state_id":null,"state_name":null,"country_id":null},{"active":false,"Giataid":"481598","cityId":null,"cityName":"Prizren","hotelId":20015979,"hotelName":"Hotel Antika","address":"Ismet Jashari Kumanova Nr. 15,Prizren,Serbia","phones":"+381377044980875","fax":"","email":"info@hotelantika-rks.com","url":"http://www.hotelantika-rks.com/eng/reth.php","countryIso2":"XK","countryName":"Kosovo","hotelRating":"0","latitude":"42.2157","longitude":"20.7414","state_id":null,"state_name":null,"country_id":null},{"active":false,"Giataid":"371986","cityId":null,"cityName":"Pristina","hotelId":20016216,"hotelName":"Princi I Alberit Hotel Pristina","address":"Kodra e Trimave Asllan Pireva,Pristina 10000,Kosovo,Serbia","phones":"","fax":"","email":"","url":"","countryIso2":"XK","countryName":"Kosovo","hotelRating":"0","latitude":"42.6918","longitude":"21.1652","state_id":null,"state_name":null,"country_id":null},{"active":false,"Giataid":"627456","cityId":null,"cityName":"Prizren","hotelId":20016384,"hotelName":"Classic Hotel Prizren","address":"Shuaib Spahiu Pn,Prizren,Serbia","phones":"+38129223333","fax":"","email":"info@classic-hotel-prizren.com","url":"http://classic-hotel-prizren.com/","countryIso2":"XK","countryName":"Kosovo","hotelRating":"0","latitude":"42.2133","longitude":"20.7528","state_id":null,"state_name":null,"country_id":null},{"active":false,"Giataid":"400989","cityId":null,"cityName":"Pristina","hotelId":20016623,"hotelName":"Golden Hotel","address":"Str. Motrat Qiriazi n.n,Ulpiana neighborhood,Prishtina 10000,Serbia","phones":"+38138533533","fax":"+38138531531","email":"info@goldenhotel.biz","url":"http://www.goldenhotel.biz/","countryIso2":"XK","countryName":"Kosovo","hotelRating":"4","latitude":"42.6482","longitude":"21.1607","state_id":null,"state_name":null,"country_id":null},{"active":false,"Giataid":"371982","cityId":null,"cityName":"Pristina","hotelId":20016765,"hotelName":"Hotel Afa Residence","address":"Rruga Demi Ahmeti,Prishtine 10000,Serbia","phones":"+38138255210","fax":"","email":"info@hotelafaresidence.com","url":"http://www.hotelafaresidence.com/","countryIso2":"XK","countryName":"Kosovo","hotelRating":"4","latitude":"42.6721","longitude":"21.1837","state_id":null,"state_name":null,"country_id":null},{"active":false,"Giataid":"503948","cityId":null,"cityName":"Pristina","hotelId":20016893,"hotelName":"Hotel Glory","address":"Veternik N.N,Pristina 10000,Serbia","phones":"","fax":"","email":"","url":"","countryIso2":"XK","countryName":"Kosovo","hotelRating":"3","latitude":"42.6327","longitude":"21.1487","state_id":null,"state_name":null,"country_id":null},{"active":false,"Giataid":"459465","cityId":null,"cityName":"Prizren","hotelId":20023890,"hotelName":"Hotel Cleon","address":"Street Shuaip Spahiu 32,Prizren 20000,Serbia","phones":"","fax":"","email":"info@hotelcleon.com","url":"http://www.hotelcleon.com","countryIso2":"XK","countryName":"Kosovo","hotelRating":"3","latitude":"42.2096","longitude":"20.7374","state_id":null,"state_name":null,"country_id":null},{"active":false,"Giataid":"627383","cityId":null,"cityName":"Prizren","hotelId":20024045,"hotelName":"Hotel Yjet e Sharrit","address":"Prevalle,Prizren,Serbia","phones":"+3813774428213338649880641","fax":"","email":"","url":"http://hotelyjetesharrit.com/al/","countryIso2":"XK","countryName":"Kosovo","hotelRating":"0","latitude":"42.2133","longitude":"20.7528","state_id":null,"state_name":null,"country_id":null},{"active":false,"Giataid":"431833","cityId":null,"cityName":"Pristina","hotelId":20024157,"hotelName":"Hotel Sara","address":"Maliq Pash Gjinolli b.b,Pristina 10000,Serbia","phones":"+38138236203","fax":"","email":"info@hotel-sara.com","url":"http://hotel-sara.com/en/","countryIso2":"XK","countryName":"Kosovo","hotelRating":"3","latitude":"42.6693","longitude":"21.1642","state_id":null,"state_name":null,"country_id":null},{"active":false,"Giataid":"657094","cityId":null,"cityName":"Prizren","hotelId":20024253,"hotelName":"Prizren City Hostel","address":"Ilaz Kuka Nr 66,20000 Prizren,Serbia","phones":"+38138649466313","fax":"","email":"cityhostelprizren@hotmail.com","url":"http://prizrencityhostel.com/","countryIso2":"XK","countryName":"Kosovo","hotelRating":"0","latitude":"42.2082","longitude":"20.736","state_id":null,"state_name":null,"country_id":null},{"active":false,"Giataid":"537713","cityId":null,"cityName":"Pristina","hotelId":20024479,"hotelName":"Liria Guesthouse","address":"Highway Prishtina,Lidhja e Pejes,Polje,10000 Pristina,Serbia","phones":"","fax":"","email":"","url":"","countryIso2":"XK","countryName":"Kosovo","hotelRating":"1","latitude":"42.654","longitude":"21.1574","state_id":null,"state_name":null,"country_id":null},{"active":false,"Giataid":"478914","cityId":null,"cityName":"Pristina","hotelId":20024547,"hotelName":"Amazona Hotel","address":"Prishtin?,Mitrovica Motorway 8th km,Babimoc,Serbia","phones":"+38137744197419","fax":"","email":"info@hotelamazona.com","url":"http://www.hotelamazona.com/","countryIso2":"XK","countryName":"Kosovo","hotelRating":"4","latitude":"42.7335","longitude":"21.0688","state_id":null,"state_name":null,"country_id":null},{"active":false,"Giataid":"481944","cityId":null,"cityName":"Pristina","hotelId":20024611,"hotelName":"Hotel Town","address":"Robert doll Pejton,Pristina 10000,Serbia","phones":"+38137744318318","fax":"","email":"Mr.agimmaloku@gmail.com","url":"http://www.hoteltownpristina.com/","countryIso2":"XK","countryName":"Kosovo","hotelRating":"0","latitude":"42.654","longitude":"21.1574","state_id":null,"state_name":null,"country_id":null},{"active":false,"Giataid":"478474","cityId":null,"cityName":"Pristina","hotelId":20024710,"hotelName":"Hotel Pllaza","address":"Pasko Vasa Street 22,10 000 Prishtina,Serbia","phones":"+38138609122","fax":"+38138223309","email":"info@hotelpllaza.com","url":"http://www.hotelpllaza.com/","countryIso2":"XK","countryName":"Kosovo","hotelRating":"0","latitude":"42.654","longitude":"21.1574","state_id":null,"state_name":null,"country_id":null},{"active":false,"Giataid":"479847","cityId":null,"cityName":"Pristina","hotelId":20024808,"hotelName":"Hotel Apollonia","address":"Rruga Vellezerit Fazliu 407,10000 Prishtina,Serbia","phones":"","fax":"","email":"","url":"","countryIso2":"XK","countryName":"Kosovo","hotelRating":"4","latitude":"42.6876","longitude":"21.1585","state_id":null,"state_name":null,"country_id":null},{"active":false,"Giataid":"922263","cityId":null,"cityName":"Gjilan","hotelId":20364264,"hotelName":"Hotel Demi","address":"Rruga Abdullah Tahiri,Gjilan 60000,Kosovo,Serbia","phones":"+38145525125","fax":"","email":"","url":"http://hotel-demi.business.site/","countryIso2":"XK","countryName":"Kosovo","hotelRating":"0","latitude":"42.4888","longitude":"21.5025","state_id":null,"state_name":null,"country_id":null},{"active":false,"Giataid":"862651","cityId":null,"cityName":"Pristina","hotelId":20364275,"hotelName":"Best Western Hotel Galla","address":"Prishtina International Airport,Adem Jashari,Vrella e Goleshit,Lipjan,10070 Pri?tina,Serbia","phones":"+38138606699","fax":"","email":"","url":"https://www.bestwestern.com/de_DE/book/hotels-in-lipjan/best-western-hotel-galla/propertyCode.77724.html","countryIso2":"XK","countryName":"Kosovo","hotelRating":"0","latitude":"42.5852","longitude":"21.0277","state_id":null,"state_name":null,"country_id":null},{"active":false,"Giataid":"889644","cityId":null,"cityName":"Pristina","hotelId":20364276,"hotelName":"Hostel Boulevard","address":"Fehmi Agani 1/18,Kosovo,Pristina 10000,Serbia","phones":"","fax":"","email":"","url":"","countryIso2":"XK","countryName":"Kosovo","hotelRating":"0","latitude":"42.657","longitude":"21.1537","state_id":null,"state_name":null,"country_id":null},{"active":false,"Giataid":"904755","cityId":null,"cityName":"Pristina","hotelId":20364277,"hotelName":"City Inn","address":"Fazli Greicevci 55,Prishtina 10000,Serbia","phones":"+38138224433","fax":"","email":"info@cityinn-ks.com","url":"http://www.cityinn-ks.com/","countryIso2":"XK","countryName":"Kosovo","hotelRating":"0","latitude":"42.657","longitude":"21.1537","state_id":null,"state_name":null,"country_id":null},{"active":false,"Giataid":"934145","cityId":null,"cityName":"Pristina","hotelId":20364278,"hotelName":"Apartments Bentley Hotel","address":"Haxhi Zeka 56,10000 Pristina,Serbia","phones":"","fax":"","email":"","url":"","countryIso2":"XK","countryName":"Kosovo","hotelRating":"0","latitude":"42.657","longitude":"21.1537","state_id":null,"state_name":null,"country_id":null},{"active":false,"Giataid":"936475","cityId":null,"cityName":"Pristina","hotelId":20364279,"hotelName":"Mami�s Hostel","address":"Rr. UCK 102/6,10001 Pristina,Kosovo,Serbia","phones":"+38138649137207","fax":"","email":"mula_don@hotmail.com","url":"http://mami-s-xk.book.direct","countryIso2":"XK","countryName":"Kosovo","hotelRating":"0","latitude":"42.657","longitude":"21.1537","state_id":null,"state_name":null,"country_id":null},{"active":false,"Giataid":"936663","cityId":null,"cityName":"Pristina","hotelId":20364280,"hotelName":"Moon Hostel","address":"Agim Ramadani Anton Ceta,10000 Pristina,Serbia","phones":"","fax":"","email":"","url":"","countryIso2":"XK","countryName":"Kosovo","hotelRating":"0","latitude":"42.657","longitude":"21.1537","state_id":null,"state_name":null,"country_id":null},{"active":false,"Giataid":"936686","cityId":null,"cityName":"Pristina","hotelId":20364281,"hotelName":"Hotel Bavaria","address":"Rr. Tirana 189,Pristina 10000,Kosovo,Serbia","phones":"","fax":"","email":"","url":"","countryIso2":"XK","countryName":"Kosovo","hotelRating":"0","latitude":"42.657","longitude":"21.1537","state_id":null,"state_name":null,"country_id":null},{"active":false,"Giataid":"937177","cityId":null,"cityName":"Pristina","hotelId":20364282,"hotelName":"Hotel United","address":"Veterrnik,Magjistralja Prishtine-Ferizaj,10000 Pristina,Kosovo,Serbia","phones":"","fax":"","email":"","url":"","countryIso2":"XK","countryName":"Kosovo","hotelRating":"0","latitude":"42.657","longitude":"21.1537","state_id":null,"state_name":null,"country_id":null},{"active":false,"Giataid":"937188","cityId":null,"cityName":"Pristina","hotelId":20364283,"hotelName":"Venus Hotel","address":"Magjistralja Prishtine-Lipijan Highway,10000 Pristina,Kosovo,Serbia","phones":"","fax":"","email":"","url":"","countryIso2":"XK","countryName":"Kosovo","hotelRating":"0","latitude":"42.657","longitude":"21.1537","state_id":null,"state_name":null,"country_id":null},{"active":false,"Giataid":"942323","cityId":null,"cityName":"Pristina","hotelId":20364284,"hotelName":"Stay Ok Prishtina","address":"Lidhja Prizrenit,10000 Prishtina,Serbia","phones":"","fax":"","email":"","url":"http://stayok-prishtina.business.site","countryIso2":"XK","countryName":"Kosovo","hotelRating":"0","latitude":"42.657","longitude":"21.1537","state_id":null,"state_name":null,"country_id":null},{"active":false,"Giataid":"922278","cityId":null,"cityName":"Prizren","hotelId":20364285,"hotelName":"Deni House","address":"Kasem Begu 1,Prizren 20000,Kosovo,Serbia","phones":"","fax":"","email":"","url":"","countryIso2":"XK","countryName":"Kosovo","hotelRating":"0","latitude":"42.2133","longitude":"20.7528","state_id":null,"state_name":null,"country_id":null},{"active":false,"Giataid":"936494","cityId":null,"cityName":"Prizren","hotelId":20364286,"hotelName":"Hotel Hollywood","address":"Mushnikoveu,Prizren 20000,Kosovo,Serbia","phones":"","fax":"","email":"","url":"","countryIso2":"XK","countryName":"Kosovo","hotelRating":"0","latitude":"42.2133","longitude":"20.7528","state_id":null,"state_name":null,"country_id":null},{"active":false,"Giataid":"936504","cityId":null,"cityName":"Prizren","hotelId":20364287,"hotelName":"Arra Hostel","address":"Marin Barleti,Prizren 20000,Kosovo,Serbia","phones":"","fax":"","email":"","url":"","countryIso2":"XK","countryName":"Kosovo","hotelRating":"0","latitude":"42.2133","longitude":"20.7528","state_id":null,"state_name":null,"country_id":null},{"active":false,"Giataid":"936510","cityId":null,"cityName":"Prizren","hotelId":20364288,"hotelName":"Dejavu Hotel","address":"Rr. Marlin Baleti Sheshi Shadervan 62,Prizren 20000,Kosovo,Serbia","phones":"","fax":"","email":"","url":"","countryIso2":"XK","countryName":"Kosovo","hotelRating":"0","latitude":"42.2133","longitude":"20.7528","state_id":null,"state_name":null,"country_id":null},{"active":false,"Giataid":"936671","cityId":null,"cityName":"Prizren","hotelId":20364289,"hotelName":"Hotel Denis","address":"Ali Dida,20000 Prizren,Serbia","phones":"","fax":"","email":"","url":"","countryIso2":"XK","countryName":"Kosovo","hotelRating":"0","latitude":"42.2133","longitude":"20.7528","state_id":null,"state_name":null,"country_id":null},{"active":false,"Giataid":"936692","cityId":null,"cityName":"Prizren","hotelId":20364290,"hotelName":"Hotel Omar Prizren","address":"Bajo Topulli 1,Prizren 20000,Kosovo,Serbia","phones":"","fax":"","email":"","url":"","countryIso2":"XK","countryName":"Kosovo","hotelRating":"0","latitude":"42.2133","longitude":"20.7528","state_id":null,"state_name":null,"country_id":null},{"active":false,"Giataid":"936708","cityId":null,"cityName":"Prizren","hotelId":20364291,"hotelName":"Grand Hotel","address":"Rr. Remzi Ademaj 35,Prizren 20000,Kosovo,Serbia","phones":"","fax":"","email":"","url":"","countryIso2":"XK","countryName":"Kosovo","hotelRating":"0","latitude":"42.2133","longitude":"20.7528","state_id":null,"state_name":null,"country_id":null},{"active":false,"Giataid":"944274","cityId":null,"cityName":"Prizren","hotelId":20364292,"hotelName":"Hostel Beni","address":"Ismet Jashari,Kumanova,20000 Prizren,Serbia","phones":"","fax":"","email":"","url":"","countryIso2":"XK","countryName":"Kosovo","hotelRating":"0","latitude":"42.2133","longitude":"20.7528","state_id":null,"state_name":null,"country_id":null}]