[{"active":false,"Giataid":"4979","cityId":130130,"cityName":"Porlamar","hotelId":4979,"hotelName":"Castillo el Milagro","address":"Calle Fermin,Porlamar 6301,Nueva Esparta,Venezuela","phones":"","fax":"","email":"","url":"","countryIso2":"VE","countryName":"Venezuela","hotelRating":"3","latitude":"10.9685","longitude":"-63.8337","state_id":2052,"state_name":"Nueva Esparta","country_id":239},{"active":false,"Giataid":"4985","cityId":130130,"cityName":"Porlamar","hotelId":4985,"hotelName":"Hotel Venetur Margarita","address":"Los Uveros Street,Costa Azul Neighborhood,Porlamar,Isla de Margarita,Venezuela","phones":"+582952601700","fax":"","email":"reservaciones@venetur.gob.ve","url":"http://www.venetur.gob.ve/en/hoteles.php","countryIso2":"VE","countryName":"Venezuela","hotelRating":"5","latitude":"10.9793","longitude":"-63.819","state_id":2052,"state_name":"Nueva Esparta","country_id":239},{"active":false,"Giataid":"4987","cityId":130130,"cityName":"Porlamar","hotelId":4987,"hotelName":"Margarita Village","address":"Avenida Bol?var,Fente de la conocida Playa La Caracola,Urbanizaci?n Dumar Contry Club,Sector Bella Vista,Porlamar,Venezuela","phones":"+582952638772","fax":"","email":"","url":"","countryIso2":"VE","countryName":"Venezuela","hotelRating":"3","latitude":"10.9648","longitude":"-63.8258","state_id":2052,"state_name":"Nueva Esparta","country_id":239},{"active":false,"Giataid":"6687","cityId":21894,"cityName":"Manzanillo","hotelId":6687,"hotelName":"Tropical Refuge","address":"Calle Gomez,Playa el Agua,Manzanillo,Isla Margarita,Venezuela","phones":"+582952491713","fax":"+582952491942","email":"","url":"","countryIso2":"VE","countryName":"Venezuela","hotelRating":"3","latitude":"11.1529","longitude":"-63.8785","state_id":275,"state_name":"Granma Province","country_id":56},{"active":false,"Giataid":"8356","cityId":149261,"cityName":"Caracas","hotelId":8356,"hotelName":"Avila","address":"George Washington Avenida,P.O.Box: 629,San Bernardino,1010-A Caracas,Venezuela,Venezuela","phones":"+582125553000","fax":"+582125528367","email":"reservaciones@hotelavila.com.ve","url":"http://www.hotelavila.com.ve/","countryIso2":"VE","countryName":"Venezuela","hotelRating":"4","latitude":"10.5168","longitude":"-66.8996","state_id":4855,"state_name":"Distrito Capital","country_id":239},{"active":false,"Giataid":"8561","cityId":130072,"cityName":"Cumana","hotelId":8561,"hotelName":"Nueva Toledo Suites & Hotel","address":"Avinguda Universidad,Sector Los Bordones,Cumana,Estado Sucre,Venezuela","phones":"+582934518118","fax":"+582934519974","email":"recepcion@nuevatoledo.com","url":"http://www.nuevatoledo.com/contactus.html","countryIso2":"VE","countryName":"Venezuela","hotelRating":"4","latitude":"10.4159","longitude":"-64.2162","state_id":2056,"state_name":"Sucre","country_id":239},{"active":false,"Giataid":"9713","cityId":149261,"cityName":"Caracas","hotelId":9713,"hotelName":"Alba Caracas","address":"Avenida Mexico c/Sur 25,El Conde,1010 Caracas,Venezuela","phones":"+582125035000","fax":"+582125035003","email":"infoalbacaracas@venetur.gob.ve","url":"http://hotel.venetur.gob.ve/index.php?hotel=ALBACARACAS","countryIso2":"VE","countryName":"Venezuela","hotelRating":"4","latitude":"10.5005","longitude":"-66.8995","state_id":4855,"state_name":"Distrito Capital","country_id":239},{"active":false,"Giataid":"10571","cityId":130130,"cityName":"Porlamar","hotelId":10571,"hotelName":"Coconut Villas","address":"NULL","phones":"","fax":"","email":"","url":"","countryIso2":"VE","countryName":"Venezuela","hotelRating":"1","latitude":"10.9685","longitude":"-63.8337","state_id":2052,"state_name":"Nueva Esparta","country_id":239},{"active":false,"Giataid":"11028","cityId":149261,"cityName":"Caracas","hotelId":11028,"hotelName":"Cumberland Caracas","address":"Segunda Avenida de Las Delicias de Sabana Grande,entre Av. Solano y Libertador,Caracas,Venezuela","phones":"+582127629961","fax":"","email":"gerencia@hotelescumberland.com","url":"http://www.hotelescumberland.com/cumberlandccs/","countryIso2":"VE","countryName":"Venezuela","hotelRating":"3","latitude":"10.494","longitude":"-66.8714","state_id":4855,"state_name":"Distrito Capital","country_id":239},{"active":false,"Giataid":"12289","cityId":149261,"cityName":"Caracas","hotelId":12289,"hotelName":"Eurobuilding Hotel & Suites Caracas","address":"Calle La Guairita,Chuao,Caracas,Venezuela","phones":"+582129021111","fax":"+582129022189","email":"ventas@eurobuilding.com.ve","url":"http://www.eurobuilding.com.ve/ListaHotel.aspx?hid=10&amp;sec=100100","countryIso2":"VE","countryName":"Venezuela","hotelRating":"5","latitude":"10.4826","longitude":"-66.8503","state_id":4855,"state_name":"Distrito Capital","country_id":239},{"active":false,"Giataid":"13403","cityId":149261,"cityName":"Caracas","hotelId":13403,"hotelName":"Gran Melia Caracas","address":"Avenue Casanova,Urb. Bellomonte,1050 Caracas,Venezuela","phones":"+582127628111","fax":"+582127623737","email":"gran.melia.caracas@melia.com","url":"http://www.melia.com/hotels/venezuela/caracas/gran-melia-caracas/en/index.html","countryIso2":"VE","countryName":"Venezuela","hotelRating":"5","latitude":"10.492","longitude":"-66.8778","state_id":4855,"state_name":"Distrito Capital","country_id":239},{"active":false,"Giataid":"13946","cityId":130072,"cityName":"Cumana","hotelId":13946,"hotelName":"Cumanagoto Premier International","address":"Final Avinguda Universidad,Playa San Luis,Cumana,Estado Sucre,Venezuela","phones":"+582934301588","fax":"+582934521877","email":"","url":"http://www.hotelespremier.com/cumana/instalaciones.htm","countryIso2":"VE","countryName":"Venezuela","hotelRating":"5","latitude":"10.422","longitude":"-64.2139","state_id":2056,"state_name":"Sucre","country_id":239},{"active":false,"Giataid":"15801","cityId":130130,"cityName":"Porlamar","hotelId":15801,"hotelName":"La Samanna De Margarita Hotel & Thalasso","address":"Avenida Francisco Esteban Gomez con Avenida Bolivar,Porlamar 6301,Isla de Margarita,Venezuela","phones":"+582952622222","fax":"","email":"habitaciones@lasamannademargarita.com","url":"http://www.lasamannademargarita.com","countryIso2":"VE","countryName":"Venezuela","hotelRating":"4","latitude":"10.9725","longitude":"-63.8243","state_id":2052,"state_name":"Nueva Esparta","country_id":239},{"active":false,"Giataid":"16554","cityId":130130,"cityName":"Porlamar","hotelId":16554,"hotelName":"Marina Bay","address":"Urb. Costa Azul,Calle Abancay,Porlamar,Isla de Margarita,Venezuela","phones":"+582952625211","fax":"","email":"","url":"","countryIso2":"VE","countryName":"Venezuela","hotelRating":"5","latitude":"10.9726","longitude":"-63.8216","state_id":2052,"state_name":"Nueva Esparta","country_id":239},{"active":false,"Giataid":"16856","cityId":130130,"cityName":"Porlamar","hotelId":16856,"hotelName":"Margarita Royal Plaza","address":"Av. 4 de Mayo,Porlamar,Isla de Margarita,Venezuela","phones":"+582952616666","fax":"+582952616955","email":"ventas@hotelplazaroyal.com","url":"http://www.hotelplazaroyal.com.ve/","countryIso2":"VE","countryName":"Venezuela","hotelRating":"3","latitude":"10.9649","longitude":"-63.8413","state_id":2052,"state_name":"Nueva Esparta","country_id":239},{"active":false,"Giataid":"16875","cityId":130130,"cityName":"Porlamar","hotelId":16875,"hotelName":"Maria Luisa","address":"Boulevard Ra?l Leoni,Sector Bella Vista,Porlamar 6301,Isla Margarita,Venezuela","phones":"","fax":"","email":"","url":"","countryIso2":"VE","countryName":"Venezuela","hotelRating":"1","latitude":"10.9685","longitude":"-63.8337","state_id":2052,"state_name":"Nueva Esparta","country_id":239},{"active":false,"Giataid":"19323","cityId":21894,"cityName":"Manzanillo","hotelId":19323,"hotelName":"Hotel Portofino","address":"Prolongacion Playa El Agua,Punta El Humo,Manzanillo,Isla Margarita,Venezuela","phones":"+582954000700","fax":"+582952491556","email":"juntadirectiva@hotel-portofino.info","url":"http://www.hotel-portofino.info/","countryIso2":"VE","countryName":"Venezuela","hotelRating":"3","latitude":"11.1607","longitude":"-63.8761","state_id":275,"state_name":"Granma Province","country_id":56},{"active":false,"Giataid":"27094","cityId":149261,"cityName":"Caracas","hotelId":27094,"hotelName":"Las Americas","address":"Avenida Casanova,Sabana Grande,Caracas,Venezuela","phones":"+582129517387","fax":"+582129511717","email":"reservaciones@hotellasamericas.com.ve","url":"http://www.hotellasamericas.com.ve","countryIso2":"VE","countryName":"Venezuela","hotelRating":"3","latitude":"10.4924","longitude":"-66.8766","state_id":4855,"state_name":"Distrito Capital","country_id":239},{"active":false,"Giataid":"32097","cityId":149261,"cityName":"Caracas","hotelId":32097,"hotelName":"Crillon","address":"NULL","phones":"","fax":"","email":"","url":"","countryIso2":"VE","countryName":"Venezuela","hotelRating":"3","latitude":"10.5052","longitude":"-66.8673","state_id":4855,"state_name":"Distrito Capital","country_id":239},{"active":false,"Giataid":"32098","cityId":149261,"cityName":"Caracas","hotelId":32098,"hotelName":"Intercontinental Tamanaco","address":"Avenida Principal de las Mercedes,PO Box 467,Caracas 1060-A,Venezuela","phones":"+582129097111","fax":"+582129097006","email":"caracas@interconti.com","url":"http://www.ichotelsgroup.com/intercontinental/en/gb/locations/overview/ccsha?&amp;externalHotelDetailHit=true","countryIso2":"VE","countryName":"Venezuela","hotelRating":"5","latitude":"10.4772","longitude":"-66.8565","state_id":4855,"state_name":"Distrito Capital","country_id":239},{"active":false,"Giataid":"51390","cityId":130060,"cityName":"Catia La Mar","hotelId":51390,"hotelName":"Hotel Playa Grande Caribe","address":"Avenida Principal de Puerto Viejo,Urbanizacion Puerto Viejo,Catia La Mar 1162,Vargas,Venezuela","phones":"+582123502500","fax":"+582123521311","email":"","url":"http://hotelplayagrandecaribe.com/en/index.php","countryIso2":"VE","countryName":"Venezuela","hotelRating":"4","latitude":"10.6099","longitude":"-67.03","state_id":2055,"state_name":"La Guaira","country_id":239},{"active":false,"Giataid":"133288","cityId":149261,"cityName":"Caracas","hotelId":133288,"hotelName":"Lincoln Suites","address":"Av.Francisco Solano L?pez entre,Los Jabillos y San Jer?nimo,Sabana Grande,Caracas,Venezuela","phones":"+582127628575","fax":"+582127613339","email":"venantur@telcel.net.ve","url":"http://www.lincoln-suites.com.ve","countryIso2":"VE","countryName":"Venezuela","hotelRating":"4","latitude":"10.4953","longitude":"-66.878","state_id":4855,"state_name":"Distrito Capital","country_id":239},{"active":false,"Giataid":"133289","cityId":130103,"cityName":"Maracaibo","hotelId":133289,"hotelName":"Hotel Cumberland","address":"Calle 86A,4-150 Entre Bella Vista y Santa Rita,Maracaibo,Zulia,Venezuela","phones":"+582617222224","fax":"+582617213826","email":"reservas@hotelescumberland.com","url":"http://www.hotelescumberland.com/cumberlandmcbo/","countryIso2":"VE","countryName":"Venezuela","hotelRating":"3","latitude":"10.6541","longitude":"-71.6076","state_id":2042,"state_name":"Zulia","country_id":239},{"active":false,"Giataid":"137554","cityId":130103,"cityName":"Maracaibo","hotelId":137554,"hotelName":"Intercontinental Maracaibo","address":"Avenida 2 El Milagro,Con calle 78 (Dr. Portillo),Maracaibo,Venezuela","phones":"+582617907777","fax":"","email":"maracaibo@ihg.com","url":"http://www.ihg.com/intercontinental/hotels/gb/en/maracaibo/mrchb/hoteldetail","countryIso2":"VE","countryName":"Venezuela","hotelRating":"4","latitude":"10.6631","longitude":"-71.5919","state_id":2042,"state_name":"Zulia","country_id":239},{"active":false,"Giataid":"139178","cityId":149261,"cityName":"Caracas","hotelId":139178,"hotelName":"Pestana Caracas","address":"1ra. Avenida Urbanizacion Santa Eduvigis,Caracas 1071,Venezuela","phones":"+582122081900","fax":"+582122081916","email":"reservas.caracas@pestana.com","url":"http://www.pestana.com/hotels/de/hotels/southamerica/CaracasHotels/Caracas/Home/PestanaCaracas.htm","countryIso2":"VE","countryName":"Venezuela","hotelRating":"5","latitude":"10.498","longitude":"-66.8413","state_id":4855,"state_name":"Distrito Capital","country_id":239},{"active":false,"Giataid":"227159","cityId":31121,"cityName":"Los Llanos","hotelId":227159,"hotelName":"Hato El Cedral","address":"","phones":"","fax":"","email":"","url":"","countryIso2":"VE","countryName":"Venezuela","hotelRating":"1","latitude":"8.64291","longitude":"-70.1946","state_id":4110,"state_name":"San Pedro de Macoris","country_id":62},{"active":false,"Giataid":"234639","cityId":149261,"cityName":"Caracas","hotelId":234639,"hotelName":"Garden Suites","address":"5a Transversal de Altamira,Caracas 1060,Venezuela","phones":"+582122669844","fax":"+582122666776","email":"","url":"http://www.gardensuites.org/","countryIso2":"VE","countryName":"Venezuela","hotelRating":"4","latitude":"10.5118","longitude":"-66.8586","state_id":4855,"state_name":"Distrito Capital","country_id":239},{"active":false,"Giataid":"244350","cityId":130053,"cityName":"Calabozo","hotelId":244350,"hotelName":"Hotel Plaza Real","address":"Avenida Octavio Viana Gonz?lez,Carretera Nacional v?a San Fernando de Apure,Calabozo 2612,Estado Guarico,Venezuela","phones":"+582468713011","fax":"+582468723400","email":"reservas@hotelplazarealcalabozo.com","url":"http://book.bestwestern.com/bestwestern/VE/Calabozo-hotels/BEST-WESTERN-Hotel-Plaza-Real/Hotel-Overview.do?propertyCode=77417","countryIso2":"VE","countryName":"Venezuela","hotelRating":"4","latitude":"8.92119","longitude":"-67.4305","state_id":2045,"state_name":"Guarico","country_id":239},{"active":false,"Giataid":"292279","cityId":130130,"cityName":"Porlamar","hotelId":292279,"hotelName":"Posada Picasso","address":"","phones":"","fax":"","email":"","url":"","countryIso2":"VE","countryName":"Venezuela","hotelRating":"2","latitude":"10.955","longitude":"-63.8426","state_id":2052,"state_name":"Nueva Esparta","country_id":239},{"active":false,"Giataid":"292280","cityId":130087,"cityName":"Juan Griego","hotelId":292280,"hotelName":"Hotel Patrick","address":"Calle el Fuerte,Juan Griego,Isla Margarita,Venezuela","phones":"+582952536218","fax":"","email":"hotelpatrick@gmail.com","url":"http://www.hotelpatrick.com","countryIso2":"VE","countryName":"Venezuela","hotelRating":"3","latitude":"11.0849","longitude":"-63.9721","state_id":2052,"state_name":"Nueva Esparta","country_id":239},{"active":false,"Giataid":"371094","cityId":21578,"cityName":"Valencia","hotelId":371094,"hotelName":"Stauffer Hotel","address":"Avenida Bol?var Norte,Urbanizaci?n El Recreo,Centro Comercial H.S. Center,Valencia,Estado Carabobo,Venezuela,Venezuela","phones":"+582418234022","fax":"","email":"","url":"","countryIso2":"VE","countryName":"Venezuela","hotelRating":"4","latitude":"10.2239","longitude":"-68.0097","state_id":2898,"state_name":"Cordoba","country_id":48},{"active":false,"Giataid":"373811","cityId":70051,"cityName":"El Morro","hotelId":373811,"hotelName":"Punta Palma Hotel & Marina","address":"Prolongaci?n Avenida La Pen?nsula,Cerro El Morro,Lecher?a,Anzo?tegui,Venezuela","phones":"+582812800800","fax":"","email":"","url":"","countryIso2":"VE","countryName":"Venezuela","hotelRating":"5","latitude":"10.2101","longitude":"-64.7061","state_id":3448,"state_name":"Oaxaca","country_id":142},{"active":false,"Giataid":"401030","cityId":149261,"cityName":"Caracas","hotelId":401030,"hotelName":"Altamira Village Hotel & Suites","address":"Avenida Lu?s Roche/5ta. transversal de Altamira,Municipio Chacao,Caracas 1060,Venezuela","phones":"+582129568383","fax":"","email":"ventas@altamiravillage.com.ve","url":"http://www.altamiravillage.com.ve/","countryIso2":"VE","countryName":"Venezuela","hotelRating":"4","latitude":"10.5026","longitude":"-66.8486","state_id":4855,"state_name":"Distrito Capital","country_id":239},{"active":false,"Giataid":"401031","cityId":149261,"cityName":"Caracas","hotelId":401031,"hotelName":"Hotel Chacao & Suites","address":"Av. Francisco de Miranda/Av. Jos? F?lix Sosa,Al lado de la CANTV,Chacao,Caracas,Venezuela","phones":"","fax":"","email":"ventas@hotelchacaonsuites.com","url":"http://www.hotelchacaosuites.com/main.php","countryIso2":"VE","countryName":"Venezuela","hotelRating":"4","latitude":"10.4933","longitude":"-66.8533","state_id":4855,"state_name":"Distrito Capital","country_id":239},{"active":false,"Giataid":"423569","cityId":149261,"cityName":"Caracas","hotelId":423569,"hotelName":"Eduard'S Hotel Suites & Resort","address":"Av. La Playa Con Calle 1 Urb A?lamo,","phones":"","fax":"","email":"","url":"","countryIso2":"VE","countryName":"Venezuela","hotelRating":"4","latitude":"10.6052","longitude":"-66.9007","state_id":4855,"state_name":"Distrito Capital","country_id":239},{"active":false,"Giataid":"423570","cityId":130103,"cityName":"Maracaibo","hotelId":423570,"hotelName":"Hotel Aeropuerto","address":"Calle 100 Sabaneta, via Aeropuerto de","phones":"","fax":"","email":"","url":"","countryIso2":"VE","countryName":"Venezuela","hotelRating":"3","latitude":"10.6253","longitude":"-71.6551","state_id":2042,"state_name":"Zulia","country_id":239},{"active":false,"Giataid":"423571","cityId":130103,"cityName":"Maracaibo","hotelId":423571,"hotelName":"Hotel Doral","address":"Av. 14A con calle 75, sector Tierra","phones":"","fax":"","email":"","url":"","countryIso2":"VE","countryName":"Venezuela","hotelRating":"3","latitude":"10.6661","longitude":"-71.6179","state_id":2042,"state_name":"Zulia","country_id":239},{"active":false,"Giataid":"423653","cityId":130130,"cityName":"Porlamar","hotelId":423653,"hotelName":"Wyndham Isla Margarita Concorde","address":"","phones":"","fax":"","email":"","url":"","countryIso2":"VE","countryName":"Venezuela","hotelRating":"4","latitude":"10.9509","longitude":"-63.8214","state_id":2052,"state_name":"Nueva Esparta","country_id":239},{"active":false,"Giataid":"423839","cityId":130104,"cityName":"Maracay","hotelId":423839,"hotelName":"Hotel Bermudez","address":"","phones":"","fax":"","email":"","url":"","countryIso2":"VE","countryName":"Venezuela","hotelRating":"3","latitude":"10.246","longitude":"-67.5936","state_id":2047,"state_name":"Aragua","country_id":239},{"active":false,"Giataid":"423840","cityId":130104,"cityName":"Maracay","hotelId":423840,"hotelName":"Hotel Micotti","address":"Urb. Bermudez, Av. Bermudez,","phones":"","fax":"","email":"","url":"","countryIso2":"VE","countryName":"Venezuela","hotelRating":"3","latitude":"10.2404","longitude":"-67.5943","state_id":2047,"state_name":"Aragua","country_id":239},{"active":false,"Giataid":"423887","cityId":130060,"cityName":"Catia La Mar","hotelId":423887,"hotelName":"Hotel Miramar Suites","address":"","phones":"","fax":"","email":"","url":"","countryIso2":"VE","countryName":"Venezuela","hotelRating":"3","latitude":"10.6104","longitude":"-67.0097","state_id":2055,"state_name":"La Guaira","country_id":239},{"active":false,"Giataid":"434671","cityId":130104,"cityName":"Maracay","hotelId":434671,"hotelName":"Hotel Princesa Plaza","address":"","phones":"","fax":"","email":"","url":"","countryIso2":"VE","countryName":"Venezuela","hotelRating":"3","latitude":"10.2482","longitude":"-67.5905","state_id":2047,"state_name":"Aragua","country_id":239},{"active":false,"Giataid":"434673","cityId":130047,"cityName":"Barquisimeto","hotelId":434673,"hotelName":"Biotel Suites","address":"","phones":"","fax":"","email":"","url":"","countryIso2":"VE","countryName":"Venezuela","hotelRating":"4","latitude":"10.0682","longitude":"-69.3561","state_id":2038,"state_name":"Lara","country_id":239},{"active":false,"Giataid":"434719","cityId":130104,"cityName":"Maracay","hotelId":434719,"hotelName":"Hotel Italo","address":"","phones":"","fax":"","email":"","url":"","countryIso2":"VE","countryName":"Venezuela","hotelRating":"4","latitude":"10.2605","longitude":"-67.591","state_id":2047,"state_name":"Aragua","country_id":239},{"active":false,"Giataid":"434755","cityId":21578,"cityName":"Valencia","hotelId":434755,"hotelName":"Hotel Palace","address":"Avenida Bolivar Norte 113-63,Valencia 2001,Venezuela","phones":"","fax":"","email":"","url":"","countryIso2":"VE","countryName":"Venezuela","hotelRating":"1","latitude":"10.2227","longitude":"-68.0125","state_id":2898,"state_name":"Cordoba","country_id":48},{"active":false,"Giataid":"478040","cityId":72262,"cityName":"Merida","hotelId":478040,"hotelName":"Posada Casa Vieja","address":"","phones":"","fax":"","email":"","url":"","countryIso2":"VE","countryName":"Venezuela","hotelRating":"2","latitude":"8.58935","longitude":"-71.1675","state_id":3451,"state_name":"Chiapas","country_id":142},{"active":false,"Giataid":"526681","cityId":130045,"cityName":"Barinas","hotelId":526681,"hotelName":"Living Hotel","address":"","phones":"","fax":"","email":"","url":"","countryIso2":"VE","countryName":"Venezuela","hotelRating":"3","latitude":"8.62399","longitude":"-70.2656","state_id":2049,"state_name":"Barinas","country_id":239},{"active":false,"Giataid":"537517","cityId":130130,"cityName":"Porlamar","hotelId":537517,"hotelName":"Hotel Colibri","address":"","phones":"","fax":"","email":"","url":"","countryIso2":"VE","countryName":"Venezuela","hotelRating":"3","latitude":"10.9588","longitude":"-63.8433","state_id":2052,"state_name":"Nueva Esparta","country_id":239},{"active":false,"Giataid":"570393","cityId":130103,"cityName":"Maracaibo","hotelId":570393,"hotelName":"Costa Real","address":"Avenida Circunvalacion No. 2,Diagonal Al Palacio De Los Eventos,Maracaibo 4000,Estado Zulia,Venezuela","phones":"","fax":"","email":"","url":"","countryIso2":"VE","countryName":"Venezuela","hotelRating":"3","latitude":"10.6071","longitude":"-71.657","state_id":2042,"state_name":"Zulia","country_id":239},{"active":false,"Giataid":"591072","cityId":130060,"cityName":"Catia La Mar","hotelId":591072,"hotelName":"Buenavista Inn","address":"","phones":"","fax":"","email":"","url":"","countryIso2":"VE","countryName":"Venezuela","hotelRating":"1","latitude":"10.6065","longitude":"-67.021","state_id":2055,"state_name":"La Guaira","country_id":239},{"active":false,"Giataid":"641251","cityId":130103,"cityName":"Maracaibo","hotelId":641251,"hotelName":"Hotel Euro America","address":"","phones":"","fax":"","email":"","url":"","countryIso2":"VE","countryName":"Venezuela","hotelRating":"1","latitude":"10.6535","longitude":"-71.6189","state_id":2042,"state_name":"Zulia","country_id":239},{"active":false,"Giataid":"641252","cityId":130103,"cityName":"Maracaibo","hotelId":641252,"hotelName":"Inter Inn","address":"","phones":"","fax":"","email":"","url":"","countryIso2":"VE","countryName":"Venezuela","hotelRating":"1","latitude":"10.6535","longitude":"-71.6189","state_id":2042,"state_name":"Zulia","country_id":239},{"active":false,"Giataid":"657901","cityId":1458,"cityName":"Santa Fe","hotelId":657901,"hotelName":"Le Petit Jardin","address":"Calle Cochaima,Santa Fe 6101,Estado Sucre,Venezuela","phones":"+582932310036","fax":"","email":"posadalepetitjardin@gmail.com","url":"http://www.lepetitjardin-mochima.com/?lang=fr","countryIso2":"VE","countryName":"Venezuela","hotelRating":"1","latitude":"0","longitude":"0","state_id":3641,"state_name":"Santa Fe","country_id":11},{"active":false,"Giataid":"677692","cityId":149261,"cityName":"Caracas","hotelId":677692,"hotelName":"Hotel Waldorf Caracas","address":"Avenida La Industria,Esquina Campo Elias A Campo Anauco,Urbanizaci?n La Candelaria,Caracas 1010,Venezuela","phones":"+582125073300","fax":"","email":"","url":"http://hotelwaldorf.com.ve/","countryIso2":"VE","countryName":"Venezuela","hotelRating":"4","latitude":"10.5042","longitude":"-66.9023","state_id":4855,"state_name":"Distrito Capital","country_id":239},{"active":false,"Giataid":"684548","cityId":130071,"cityName":"Coro","hotelId":684548,"hotelName":"Eurobuilding Hotel & Suites Coro","address":"Avenida Independecia,Sector La Floresta,Coro 4101,Falcon,Venezuela","phones":"+582682508211","fax":"","email":"reservascoro@hoteleuro.com","url":"http://www.hoteleuro.com/home/9-coro","countryIso2":"VE","countryName":"Venezuela","hotelRating":"3","latitude":"11.4188","longitude":"-69.6545","state_id":2035,"state_name":"Falcon","country_id":239},{"active":false,"Giataid":"739897","cityId":130104,"cityName":"Maracay","hotelId":739897,"hotelName":"Marriott Maracay Golf Resort","address":"Avenida El Canal,Edificio Hotel de Golf Maracay,Urbanizacion Cantarrana,Maracay 2102,Venezuela,Venezuela","phones":"+582432446222","fax":"+582432446220","email":"","url":"http://www.marriott.com/hotels/travel/mycmc-marriott-maracay-golf-resort","countryIso2":"VE","countryName":"Venezuela","hotelRating":"3","latitude":"10.2652","longitude":"-67.5844","state_id":2047,"state_name":"Aragua","country_id":239},{"active":false,"Giataid":"752453","cityId":21578,"cityName":"Valencia","hotelId":752453,"hotelName":"Cristal Park Hotel","address":"Avenue San Jose De Tarbes,Carabobo,Valencia 2001,Venezuela","phones":"+582418208907","fax":"","email":"reservaciones@cristalparkhotel.com","url":"http://www.cristalparkhotel.com","countryIso2":"VE","countryName":"Venezuela","hotelRating":"1","latitude":"10.2124","longitude":"-68.0058","state_id":2898,"state_name":"Cordoba","country_id":48},{"active":false,"Giataid":"753120","cityId":72262,"cityName":"Merida","hotelId":753120,"hotelName":"Hotel Tibisay","address":"Avenida Universidad,Antiguo Cine Tibisay,Sector Mi ,Merida 5101,Venezuela","phones":"","fax":"","email":"","url":"http://www.tibisay-merida.booked.net/","countryIso2":"VE","countryName":"Venezuela","hotelRating":"1","latitude":"8.58935","longitude":"-71.1675","state_id":3451,"state_name":"Chiapas","country_id":142},{"active":false,"Giataid":"755424","cityId":130130,"cityName":"Porlamar","hotelId":755424,"hotelName":"Hotel Arawak Del Caribe","address":"Avenida Bolivar,Porlamar,Isla Margarita,Venezuela","phones":"","fax":"","email":"","url":"","countryIso2":"VE","countryName":"Venezuela","hotelRating":"1","latitude":"10.9685","longitude":"-63.8337","state_id":2052,"state_name":"Nueva Esparta","country_id":239},{"active":false,"Giataid":"759457","cityId":130087,"cityName":"Juan Griego","hotelId":759457,"hotelName":"Hotel Posada Abuela Julia","address":"Calle Leonardito Marcano,Sector Las Cabreras,Juan Griego 6309,Margarita Island,Venezuela","phones":"","fax":"","email":"","url":"http://www.tripadvisor.com/Hotel_Review-g616335-d8449884","countryIso2":"VE","countryName":"Venezuela","hotelRating":"1","latitude":"11.0732","longitude":"-63.9643","state_id":2052,"state_name":"Nueva Esparta","country_id":239},{"active":false,"Giataid":"759760","cityId":130136,"cityName":"Punto Fijo","hotelId":759760,"hotelName":"Santa Fe Inn Hotel","address":"Avenida Ecuador,Urbanizaci?n Santa Fe,Punto Fijo,Falcon,Venezuela","phones":"+584246935614","fax":"","email":"reservaciones@santafeinnhotel.com","url":"http://www.santafeinnhotel.com/","countryIso2":"VE","countryName":"Venezuela","hotelRating":"3","latitude":"11.7057","longitude":"-70.1869","state_id":2035,"state_name":"Falcon","country_id":239},{"active":false,"Giataid":"812677","cityId":21238,"cityName":"Puerto Colombia","hotelId":812677,"hotelName":"Cacaoni Lodge","address":"Calle Principal Choroni,Sector 2 Rios,Puerto Colombia 2110,Venezuela","phones":"+584126934460","fax":"","email":"reservaciones@cacaonilodge.com","url":"http://cacaonilodge.com","countryIso2":"VE","countryName":"Venezuela","hotelRating":"1","latitude":"0","longitude":"0","state_id":2880,"state_name":"Atlantico","country_id":48},{"active":false,"Giataid":"812804","cityId":72262,"cityName":"Merida","hotelId":812804,"hotelName":"Hotel El Solar","address":"Calle 14,Avenida 5 y 6,Sector Belen,Merida 5101,Venezuela","phones":"","fax":"","email":"","url":"","countryIso2":"VE","countryName":"Venezuela","hotelRating":"1","latitude":"8.58935","longitude":"-71.1675","state_id":3451,"state_name":"Chiapas","country_id":142},{"active":false,"Giataid":"812810","cityId":19105,"cityName":"San Felipe","hotelId":812810,"hotelName":"Hotel Antigua Mision","address":"V?a La Marroquina,Sector San Jose,San Felipe 3201,Estado Yaracuy � Venezuela,Venezuela","phones":"","fax":"","email":"","url":"","countryIso2":"VE","countryName":"Venezuela","hotelRating":"1","latitude":"0","longitude":"0","state_id":2830,"state_name":"Valparaiso","country_id":44},{"active":false,"Giataid":"404261","cityId":149261,"cityName":"Caracas","hotelId":10049058,"hotelName":"Alex","address":"Esquina Ferrenquin a La Cruz,La Candelaria,Caracas,Venezuela,Venezuela","phones":"+582125780437","fax":"","email":"","url":"","countryIso2":"VE","countryName":"Venezuela","hotelRating":"4","latitude":"10.505","longitude":"-66.9061","state_id":4855,"state_name":"Distrito Capital","country_id":239},{"active":false,"Giataid":"419002","cityId":149261,"cityName":"Caracas","hotelId":10054319,"hotelName":"Hotel Cayena Caracas","address":"Avenida Don Eugenio Mendoza,Entre Calles el Bosque y Jos? ?ngel Lamas,Caracas 1060,La Castellana,Venezuela","phones":"+582122748200","fax":"","email":"","url":"","countryIso2":"VE","countryName":"Venezuela","hotelRating":"5","latitude":"10.4997","longitude":"-66.8528","state_id":4855,"state_name":"Distrito Capital","country_id":239},{"active":false,"Giataid":"524324","cityId":130130,"cityName":"Porlamar","hotelId":10100916,"hotelName":"Unik Margarita","address":"Av Jovito Villalba C.C Parque Costazul, Nivel Planta Local Of- 02,6316 Porlamar,Venezuela","phones":"NULL","fax":"NULL","email":"NULL","url":"NULL","countryIso2":"VE","countryName":"Venezuela","hotelRating":"3","latitude":"10.9886","longitude":"-63.8228","state_id":2052,"state_name":"Nueva Esparta","country_id":239},{"active":false,"Giataid":"91350","cityId":130065,"cityName":"Chichiriviche","hotelId":20001873,"hotelName":"Posada Kanosta","address":"Parque Nacional Morrocoy,Avenida Principal de Playa Norte,Chichiriviche,Falc?n,Venezuela","phones":"+582598186246","fax":"+582598150131","email":"info@kanosta.com","url":"http://www.kanosta.com/es/","countryIso2":"VE","countryName":"Venezuela","hotelRating":"3","latitude":"10.9459","longitude":"-68.2836","state_id":2035,"state_name":"Falcon","country_id":239},{"active":false,"Giataid":"87402","cityId":72262,"cityName":"Merida","hotelId":20002267,"hotelName":"Belensate","address":"Urbanizaci?n La Hacienda,Merida,Venezuela,Venezuela","phones":"+582742663722","fax":"+582742667555","email":"reservaciones@hotelbelensate.com","url":"http://www.hotelbelensate.com","countryIso2":"VE","countryName":"Venezuela","hotelRating":"3","latitude":"8.5724","longitude":"-71.1842","state_id":3451,"state_name":"Chiapas","country_id":142},{"active":false,"Giataid":"16848","cityId":130130,"cityName":"Porlamar","hotelId":20003399,"hotelName":"Margabella Suites","address":"Avenida Santiago Marino,Porlamar,Nueva Esparta,Isla de Margarita 6301,Venezuela","phones":"","fax":"","email":"","url":"","countryIso2":"VE","countryName":"Venezuela","hotelRating":"3","latitude":"10.9544","longitude":"-63.8439","state_id":2052,"state_name":"Nueva Esparta","country_id":239},{"active":false,"Giataid":"16479","cityId":130072,"cityName":"Cumana","hotelId":20004056,"hotelName":"Los Bordones","address":"Cumana,Sucre 6101,Venezuela","phones":"+582934000350","fax":"","email":"reservas.bordones@gmail.com","url":"http://www.hotellosbordones.com.ve","countryIso2":"VE","countryName":"Venezuela","hotelRating":"4","latitude":"10.419","longitude":"-64.2182","state_id":2056,"state_name":"Sucre","country_id":239},{"active":false,"Giataid":"688865","cityId":130045,"cityName":"Barinas","hotelId":20004475,"hotelName":"Hosteria Los Guasimitos","address":"Carretera Nacional Via Guanare,A 500 Metros Del Distribuidor Redoma Merida,San Cristobal,Barinas 5201,Republica Bolivariana,Venezuela","phones":"+582735461546","fax":"+582735460249","email":"guasimitos@cantv.net","url":"http://www.hosterialosguasimitos.com/","countryIso2":"VE","countryName":"Venezuela","hotelRating":"2","latitude":"8.66423","longitude":"-70.2429","state_id":2049,"state_name":"Barinas","country_id":239},{"active":false,"Giataid":"485873","cityId":149261,"cityName":"Caracas","hotelId":20005496,"hotelName":"Aladdin","address":"Street Guaicaipuro,El Rosal,Caracas,Venezuela","phones":"","fax":"","email":"","url":"http://www.hotelaladdin.com/hotel.php?id=3","countryIso2":"VE","countryName":"Venezuela","hotelRating":"3","latitude":"10.4883","longitude":"-66.8686","state_id":4855,"state_name":"Distrito Capital","country_id":239},{"active":false,"Giataid":"526672","cityId":130103,"cityName":"Maracaibo","hotelId":20005828,"hotelName":"Hotel Maracaibo Trece 27","address":"Calle 79 (Dr Quintero) Entre Av 13 y 13 A  13-27,Maracaibo 4001,Estado Zulia,Venezuela","phones":"+582619355544","fax":"","email":"maracaibotrece27@gmail.com","url":"http://www.hotelmaracaibotrece27.com/","countryIso2":"VE","countryName":"Venezuela","hotelRating":"3","latitude":"10.6535","longitude":"-71.6189","state_id":2042,"state_name":"Zulia","country_id":239},{"active":false,"Giataid":"102685","cityId":72262,"cityName":"Merida","hotelId":20005970,"hotelName":"Mistafi","address":"Avenida 3 con calle 15,sector Milla,M?rida,Estado M?rida,Venezuela","phones":"+582742510729","fax":"+582742510864","email":"hotel_mistafi@hotmail.com","url":"http://www.andes.net/mistafi/","countryIso2":"VE","countryName":"Venezuela","hotelRating":"3","latitude":"8.60149","longitude":"-71.1395","state_id":3451,"state_name":"Chiapas","country_id":142},{"active":false,"Giataid":"4995","cityId":130092,"cityName":"La Guaira","hotelId":20007118,"hotelName":"Melia Caribe","address":"Urb. Caribe Caraballeda,Municpio Vargas La Guaira,Venezuela","phones":"+5831945555","fax":"+5831942998","email":"","url":"","countryIso2":"VE","countryName":"Venezuela","hotelRating":"0","latitude":"0","longitude":"0","state_id":2055,"state_name":"La Guaira","country_id":239},{"active":false,"Giataid":"557010","cityId":130065,"cityName":"Chichiriviche","hotelId":20007927,"hotelName":"Playa Sirena Resort","address":"Avenue Cuare,Sector Playa Sur,Falc?n,Venezuela","phones":"+582598151289","fax":"","email":"nfo@playasirena.com.ve","url":"http://www.playasirena.com.ve/contacto.php","countryIso2":"VE","countryName":"Venezuela","hotelRating":"0","latitude":"10.9162","longitude":"-68.2752","state_id":2035,"state_name":"Falcon","country_id":239},{"active":false,"Giataid":"616432","cityId":72262,"cityName":"Merida","hotelId":20008314,"hotelName":"Hotel Luna Azul","address":"Calle 24,Frente a la Plaza Las Hero?nas y Telef?rico,M?rida,Venezuela","phones":"+582742512282","fax":"","email":"hotel-luna-azul@hotmail.com","url":"http://www.hotel-luna-azul.com/","countryIso2":"VE","countryName":"Venezuela","hotelRating":"3","latitude":"8.59205","longitude":"-71.1414","state_id":3451,"state_name":"Chiapas","country_id":142},{"active":false,"Giataid":"92402","cityId":72262,"cityName":"Merida","hotelId":20008474,"hotelName":"La Pedregosa","address":"Final Av. Los Proceres,Zona industrial los Andes,Urb. La Pedregosa,Merida,Venezuela","phones":"+582742663181","fax":"+582742661176","email":"reservaciones@hotellapedregosa.com","url":"http://hotellapedregosa.com/","countryIso2":"VE","countryName":"Venezuela","hotelRating":"2","latitude":"8.58296","longitude":"-71.1907","state_id":3451,"state_name":"Chiapas","country_id":142},{"active":false,"Giataid":"92401","cityId":72262,"cityName":"Merida","hotelId":20008622,"hotelName":"La Sevillana","address":"Final Carretera Pedregosa Alta,M?rida,Venezuela","phones":"+582742663227","fax":"+582742663095","email":"sevillanaspa@cantv.net","url":"http://www.andes.net/lasevillana/","countryIso2":"VE","countryName":"Venezuela","hotelRating":"3","latitude":"8.6015","longitude":"-71.1486","state_id":3451,"state_name":"Chiapas","country_id":142},{"active":false,"Giataid":"91355","cityId":130072,"cityName":"Cumana","hotelId":20009910,"hotelName":"Posada Bubulina","address":"Cumana,Sucre,Venezuela","phones":"","fax":"","email":"","url":"","countryIso2":"VE","countryName":"Venezuela","hotelRating":"2","latitude":"10.4543","longitude":"-64.1821","state_id":2056,"state_name":"Sucre","country_id":239},{"active":false,"Giataid":"534619","cityId":130103,"cityName":"Maracaibo","hotelId":20010045,"hotelName":"Maracaibo Suites","address":"Avenida  28 La Limpia,Maracaibo,Venezuela","phones":"+582617834533","fax":"+582617834533","email":"info@hotelmaracaibosuites.com.ve","url":"http://www.hotelmaracaibosuites.com.ve","countryIso2":"VE","countryName":"Venezuela","hotelRating":"3","latitude":"10.6497","longitude":"-71.6307","state_id":2042,"state_name":"Zulia","country_id":239},{"active":false,"Giataid":"15654","cityId":53692,"cityName":"San Juan Bautista","hotelId":20010326,"hotelName":"La Casona","address":"Calle Miranda,San Juan Bautista,Isla de Margarita,NE 6301 Venezuela,Venezuela","phones":"+582952590333","fax":"+582952590133","email":"casona@c-com.net.ve","url":"http://hotel-lacasona.homeip.net","countryIso2":"VE","countryName":"Venezuela","hotelRating":"3","latitude":"11.0088","longitude":"-63.9481","state_id":3660,"state_name":"Suchitepequez Department","country_id":90},{"active":false,"Giataid":"535133","cityId":149261,"cityName":"Caracas","hotelId":20010464,"hotelName":"La Posada Del Hidalgo","address":"Avenida La Playa  Urbanizacion  Alamo  La Guaira - edo. Vargas,Macuto,Venezuela","phones":"","fax":"","email":"","url":"","countryIso2":"VE","countryName":"Venezuela","hotelRating":"2","latitude":"10.6042","longitude":"-66.9026","state_id":4855,"state_name":"Distrito Capital","country_id":239},{"active":false,"Giataid":"91351","cityId":21238,"cityName":"Puerto Colombia","hotelId":20010602,"hotelName":"Posada Turpial","address":"Calle Jos? Maitin No. 03,Puerto Colombia,Choron?,Aragua,Venezuela","phones":"+582439911231","fax":"+582439911123","email":"","url":"http://www.posadaturpial.com","countryIso2":"VE","countryName":"Venezuela","hotelRating":"3","latitude":"10.5065","longitude":"-67.6065","state_id":2880,"state_name":"Atlantico","country_id":48},{"active":false,"Giataid":"418996","cityId":21578,"cityName":"Valencia","hotelId":20010748,"hotelName":"GH Guaparo Inn","address":"Avenue Universidad,Urbanizaci?n La Granja,Valencia 2005,Naguanagua,Venezuela","phones":"+582418605500","fax":"","email":"reservaciones@ghhoteles.com.ve","url":"http://www.ghhoteles.com.ve/web/?p=page&id=3","countryIso2":"VE","countryName":"Venezuela","hotelRating":"3","latitude":"10.2499","longitude":"-68.0135","state_id":2898,"state_name":"Cordoba","country_id":48},{"active":false,"Giataid":"87443","cityId":72262,"cityName":"Merida","hotelId":20010881,"hotelName":"Posada Casa del Sol","address":"Av. 4th,Merida,Venezuela","phones":"+582742524164","fax":"","email":"info@posadacasasol.com","url":"http://www.posadacasasol.com/","countryIso2":"VE","countryName":"Venezuela","hotelRating":"2","latitude":"8.56589","longitude":"-71.1876","state_id":3451,"state_name":"Chiapas","country_id":142},{"active":false,"Giataid":"91349","cityId":19105,"cityName":"San Felipe","hotelId":20011022,"hotelName":"Granja los Momentos","address":"Av. Alberto Ravell,Cascabel Norte,Urb. La Monta?a,San Felipe,Yaracuy,Venezuela","phones":"+582542310153","fax":"","email":"posada@momentos.com.ve","url":"http://www.momentos.com.ve","countryIso2":"VE","countryName":"Venezuela","hotelRating":"3","latitude":"10.3453","longitude":"-68.7622","state_id":2830,"state_name":"Valparaiso","country_id":44},{"active":false,"Giataid":"4994","cityId":130087,"cityName":"Juan Griego","hotelId":20011092,"hotelName":"Hotel Villa el Griego","address":"Calle Modesta Bor,Nueva Esparta,Juan Griego 6309,Isla Margarita,Venezuela","phones":"","fax":"","email":"","url":"","countryIso2":"VE","countryName":"Venezuela","hotelRating":"3","latitude":"11.0732","longitude":"-63.9643","state_id":2052,"state_name":"Nueva Esparta","country_id":239},{"active":false,"Giataid":"110581","cityId":130065,"cityName":"Chichiriviche","hotelId":20011945,"hotelName":"Posada Vistalmar","address":"Avenida Principal Playa Norte,Chichiriviche 2001,Venezuela","phones":"+584121461787","fax":"","email":"reservaciones@vistalmar.com.ve","url":"http://www.vistalmar.com.ve","countryIso2":"VE","countryName":"Venezuela","hotelRating":"0","latitude":"10.943","longitude":"-68.281","state_id":2035,"state_name":"Falcon","country_id":239},{"active":false,"Giataid":"532175","cityId":130136,"cityName":"Punto Fijo","hotelId":20013656,"hotelName":"Hotel Villa Caribe","address":"Villa Marina,Sector Puerto Azul,Punto Fijo 4001,Paraguan?-Falc?n,Venezuela","phones":"+582692509211","fax":"+582692509277","email":"ventas@villacaribehotel.com","url":"http://www.villacaribehotel.com","countryIso2":"VE","countryName":"Venezuela","hotelRating":"5","latitude":"11.8347","longitude":"-70.28","state_id":2035,"state_name":"Falcon","country_id":239},{"active":false,"Giataid":"613484","cityId":130136,"cityName":"Punto Fijo","hotelId":20013754,"hotelName":"Hotel Villa Mar Suites","address":"Urb. Santa Irene,Punto Fijo,Estado Falcon,Venezuela","phones":"+582692470211","fax":"","email":"villamarsuites@gmail.com","url":"http://www.hotelvillamarsuites.com/","countryIso2":"VE","countryName":"Venezuela","hotelRating":"3","latitude":"11.6858","longitude":"-70.1906","state_id":2035,"state_name":"Falcon","country_id":239},{"active":false,"Giataid":"404216","cityId":21578,"cityName":"Valencia","hotelId":20014268,"hotelName":"Hotel Coronado Suites","address":"Avenida 101 c/c 149,Urbanizaci?n Carabobo,Valencia,Venezuela","phones":"+582418207000","fax":"+582418207200","email":"frerub@cantv.net","url":"http://www.hotelcoronadosuites.com/","countryIso2":"VE","countryName":"Venezuela","hotelRating":"4","latitude":"10.219","longitude":"-68.0109","state_id":2898,"state_name":"Cordoba","country_id":48},{"active":false,"Giataid":"724730","cityId":21578,"cityName":"Valencia","hotelId":20014539,"hotelName":"Posada La Pastora","address":"Avenue Soublette 103-91,A Una Cuadra de la Avenue Cedeno,Cruce Con Calle Vargas,La Pastora,Valencia 2001,Estado Carabobo,Venezuela","phones":"+582418578377","fax":"","email":"posadalapastoravalencia@gmail.com","url":"http://posadalapastora.com","countryIso2":"VE","countryName":"Venezuela","hotelRating":"2","latitude":"10.1854","longitude":"-68.0078","state_id":2898,"state_name":"Cordoba","country_id":48},{"active":false,"Giataid":"404240","cityId":21578,"cityName":"Valencia","hotelId":20015108,"hotelName":"Ucaima","address":"Urb. La Vina,Av. Boyaca 141-80,Valencia,Venezuela","phones":"+582418227011","fax":"+582418220461","email":"","url":"http://www.hotelucaima.com","countryIso2":"VE","countryName":"Venezuela","hotelRating":"4","latitude":"10.2157","longitude":"-68.0175","state_id":2898,"state_name":"Cordoba","country_id":48},{"active":false,"Giataid":"67450","cityId":130047,"cityName":"Barquisimeto","hotelId":20015289,"hotelName":"Jirahara Hotel","address":"Carrera 5,entre calle 5 y 6,Urbanizacion Nueva Segovia,Barquisimeto 3001,Venezuela","phones":"+582517106103","fax":"+582517106173","email":"","url":"http://www.jiraharahotel.com.ve","countryIso2":"VE","countryName":"Venezuela","hotelRating":"5","latitude":"10.0593","longitude":"-69.2942","state_id":2038,"state_name":"Lara","country_id":239},{"active":false,"Giataid":"556993","cityId":130130,"cityName":"Porlamar","hotelId":20015600,"hotelName":"Hotel Lake Plaza","address":"Parque Joaquin Maneiro,Nueva Esparta,Porlamar 6301,Venezuela","phones":"+582952629917","fax":"","email":"ATC@LAKEPLAZA.COM","url":"http://lakeplaza.com/","countryIso2":"VE","countryName":"Venezuela","hotelRating":"3","latitude":"10.9685","longitude":"-63.8337","state_id":2052,"state_name":"Nueva Esparta","country_id":239},{"active":false,"Giataid":"411412","cityId":130060,"cityName":"Catia La Mar","hotelId":20016029,"hotelName":"Hotel La Parada","address":"Avenida Atlantida,Calle 10,Quinta Rebeca,Catia La Mar,Venezuela","phones":"","fax":"","email":"","url":"","countryIso2":"VE","countryName":"Venezuela","hotelRating":"3","latitude":"10.6036","longitude":"-67.0296","state_id":2055,"state_name":"La Guaira","country_id":239},{"active":false,"Giataid":"533474","cityId":130103,"cityName":"Maracaibo","hotelId":20016206,"hotelName":"Brisas Del Norte","address":"Avenida Guajira,Via Sambil,Al lado del MAKRO Norte,Maracaibo,Venezuela","phones":"+582617578178","fax":"+582617578178","email":"reservaciones@hotelbrisasdelnorte.com","url":"http://www.hotelbrisasdelnorte.com/","countryIso2":"VE","countryName":"Venezuela","hotelRating":"4","latitude":"10.715","longitude":"-71.6423","state_id":2042,"state_name":"Zulia","country_id":239},{"active":false,"Giataid":"486959","cityId":130136,"cityName":"Punto Fijo","hotelId":20016444,"hotelName":"Las Palmas Inn","address":"Av Manuelita Saenz esquina 27 de Febrero, sector Casacoima II,4102 Punto Fijo,Venezuela","phones":"","fax":"","email":"","url":"","countryIso2":"VE","countryName":"Venezuela","hotelRating":"3","latitude":"11.7056","longitude":"-70.187","state_id":2035,"state_name":"Falcon","country_id":239},{"active":false,"Giataid":"545660","cityId":130103,"cityName":"Maracaibo","hotelId":20016581,"hotelName":"Hotel Cabimas Internacional","address":"Avenida Andres Bello Sector Ambrosio,Cabimas,Zulia,Venezuela","phones":"","fax":"","email":"","url":"","countryIso2":"VE","countryName":"Venezuela","hotelRating":"3","latitude":"10.6535","longitude":"-71.6189","state_id":2042,"state_name":"Zulia","country_id":239},{"active":false,"Giataid":"404257","cityId":149261,"cityName":"Caracas","hotelId":20016686,"hotelName":"D & D Inn Tibanas Caracas","address":"Avenida Bogota,Los Caobos,Caracas,Venezuela","phones":"+582127937060","fax":"+582127931311","email":"reservas@ddinncaracas.com","url":"http://ddinnhotels.com/tibana-caracas/","countryIso2":"VE","countryName":"Venezuela","hotelRating":"4","latitude":"10.5002","longitude":"-66.8835","state_id":4855,"state_name":"Distrito Capital","country_id":239},{"active":false,"Giataid":"423888","cityId":130060,"cityName":"Catia La Mar","hotelId":20017160,"hotelName":"Muevete Por Vargas Hotel","address":"Av. Principal el ejercito cruce con Ferreter?a los pilatos,urbanizaci?n el balneario,calle 13 entre calle 5,Catia la Mar,Estado Vargas,Venezuela","phones":"+58902123310303","fax":"","email":"muevetexvargas@gmail.com","url":"http://www.hotel.muevetexvargas.com/","countryIso2":"VE","countryName":"Venezuela","hotelRating":"3","latitude":"10.6022","longitude":"-67.0322","state_id":2055,"state_name":"La Guaira","country_id":239},{"active":false,"Giataid":"489713","cityId":149261,"cityName":"Caracas","hotelId":20017403,"hotelName":"La Alameda","address":"Calle B,Residencias la Alameda,Caracas 1080,Venezuela","phones":"","fax":"","email":"","url":"","countryIso2":"VE","countryName":"Venezuela","hotelRating":"3","latitude":"10.4706","longitude":"-66.8761","state_id":4855,"state_name":"Distrito Capital","country_id":239},{"active":false,"Giataid":"434781","cityId":130047,"cityName":"Barquisimeto","hotelId":20017518,"hotelName":"Hotel Los Leones","address":"Avinguda Los Leones,Avinguda Venezuela con Avinguda Los Leones,Barquisimeto 3001,Venezuela","phones":"","fax":"","email":"","url":"","countryIso2":"VE","countryName":"Venezuela","hotelRating":"3","latitude":"10.0725","longitude":"-69.2831","state_id":2038,"state_name":"Lara","country_id":239},{"active":false,"Giataid":"434801","cityId":130130,"cityName":"Porlamar","hotelId":20017823,"hotelName":"Hotel Imperial","address":"Avenida Ra?l Leoni,V?a El Morro,Porlamar 6301,Margarita Island,Venezuela","phones":"+582952616420","fax":"","email":"reservaciones@HotelImperial.com.ve","url":"","countryIso2":"VE","countryName":"Venezuela","hotelRating":"3","latitude":"10.958","longitude":"-63.8389","state_id":2052,"state_name":"Nueva Esparta","country_id":239},{"active":false,"Giataid":"411409","cityId":149261,"cityName":"Caracas","hotelId":20019006,"hotelName":"Catimar Puerto Viejo","address":"Urbanizaci?n Puerto Viejo Av. Ppal.,Catia La Mar Estado Vargas,Venezuela","phones":"+582123519097","fax":"+582123524603","email":"contacto@hotelcatimar.net","url":"http://www.hotelcatimar.com/","countryIso2":"VE","countryName":"Venezuela","hotelRating":"3","latitude":"10.6093","longitude":"-67.0282","state_id":4855,"state_name":"Distrito Capital","country_id":239},{"active":false,"Giataid":"641265","cityId":21578,"cityName":"Valencia","hotelId":20019182,"hotelName":"Don Pelayo","address":"Avenida Diaz Moreno Con Calle Rondon,2001 Valencia,Carabobo,Venezuela","phones":"","fax":"","email":"","url":"","countryIso2":"VE","countryName":"Venezuela","hotelRating":"0","latitude":"10.2227","longitude":"-68.0125","state_id":2898,"state_name":"Cordoba","country_id":48},{"active":false,"Giataid":"418999","cityId":21578,"cityName":"Valencia","hotelId":20019282,"hotelName":"Guaparo Suites","address":"Avenida Hispanidad,Entre La Redoma de Guaparo y El Forum Valencia,Valencia,Carabobo,Venezuela","phones":"","fax":"","email":"reservaciones@ghhoteles.com.ve","url":"http://ghhoteles.com.ve/web/?p=page&id=87","countryIso2":"VE","countryName":"Venezuela","hotelRating":"4","latitude":"10.228","longitude":"-68.0071","state_id":2898,"state_name":"Cordoba","country_id":48},{"active":false,"Giataid":"283545","cityId":130065,"cityName":"Chichiriviche","hotelId":20019399,"hotelName":"Villa Marbella Garden","address":"Calle El Campo con calle Tenerife,Casa Villa Marbella,Sector Playa Norte,Chichiriviche,Venezuela","phones":"+582598186961","fax":"","email":"villamarbella@hotmail.com","url":"http://www.tuplaya.net","countryIso2":"VE","countryName":"Venezuela","hotelRating":"0","latitude":"10.9412","longitude":"-68.2835","state_id":2035,"state_name":"Falcon","country_id":239},{"active":false,"Giataid":"404260","cityId":130047,"cityName":"Barquisimeto","hotelId":20019545,"hotelName":"El Obelisco","address":"Final Avenida Libertador,Sector el Obelisco,Frente al Monumento del Obelisco,Barquisimeto 3001,Lara,Venezuela","phones":"","fax":"","email":"","url":"","countryIso2":"VE","countryName":"Venezuela","hotelRating":"3","latitude":"10.0675","longitude":"-69.355","state_id":2038,"state_name":"Lara","country_id":239},{"active":false,"Giataid":"227160","cityId":130131,"cityName":"Puerto Ayacucho","hotelId":20019679,"hotelName":"Campamento Orinoquia Lodge","address":"Orilla del Rio Orinoco,Agua Blanca,Puerto Ayacucho,Venezuela","phones":"","fax":"","email":"","url":"","countryIso2":"VE","countryName":"Venezuela","hotelRating":"0","latitude":"5.6509","longitude":"-67.6192","state_id":2044,"state_name":"Amazonas","country_id":239},{"active":false,"Giataid":"91306","cityId":130161,"cityName":"Tucupita","hotelId":20020604,"hotelName":"Mis Palafitos Lodge","address":"Street Petion 16,Centro Comercial Delta Center,Tucupita,Delta Amacuro,Venezuela","phones":"+582877211733","fax":"+582877215166","email":"mispalafitos@cantv.net","url":"http://www.deltaorinocomispalafitos.com/mispalafitos/index-ingles.htm","countryIso2":"VE","countryName":"Venezuela","hotelRating":"0","latitude":"9.49893","longitude":"-62.4409","state_id":2051,"state_name":"Delta Amacuro","country_id":239},{"active":false,"Giataid":"612342","cityId":130136,"cityName":"Punto Fijo","hotelId":20020765,"hotelName":"Brisas Paraguana","address":"Avenida Prieto Figueroa,Avenida Manuelita Saenz,Punto Fijo 4102,Paraguana Peninsula,Venezuela","phones":"","fax":"","email":"","url":"","countryIso2":"VE","countryName":"Venezuela","hotelRating":"3","latitude":"11.7091","longitude":"-70.1885","state_id":2035,"state_name":"Falcon","country_id":239},{"active":false,"Giataid":"557007","cityId":130065,"cityName":"Chichiriviche","hotelId":20020978,"hotelName":"Coral Suites","address":"Avenue Cuare,Sector Los Pozones Edificio,Chichriviche,Falc?n,Venezuela","phones":"+582598151033","fax":"","email":"reservaciones@hotelcoralsuites.com","url":"http://www.hotelcoralsuites.com/","countryIso2":"VE","countryName":"Venezuela","hotelRating":"3","latitude":"10.9412","longitude":"-68.2835","state_id":2035,"state_name":"Falcon","country_id":239},{"active":false,"Giataid":"437540","cityId":149261,"cityName":"Caracas","hotelId":20021142,"hotelName":"Hotel Savoy Caracas","address":"2nd Avenida De Las Delicias,Sabana Grande,Caracas 2004,Venezuela","phones":"+582127621971","fax":"+582127617154","email":"","url":"","countryIso2":"VE","countryName":"Venezuela","hotelRating":"3","latitude":"10.5052","longitude":"-66.8673","state_id":4855,"state_name":"Distrito Capital","country_id":239},{"active":false,"Giataid":"565865","cityId":149261,"cityName":"Caracas","hotelId":20021700,"hotelName":"Hotel Altamira","address":"Avenida Jose Felix Sosa,Caracas 1020,Venezuela","phones":"","fax":"","email":"","url":"","countryIso2":"VE","countryName":"Venezuela","hotelRating":"3","latitude":"10.4932","longitude":"-66.8493","state_id":4855,"state_name":"Distrito Capital","country_id":239},{"active":false,"Giataid":"932245","cityId":130045,"cityName":"Barinas","hotelId":20385296,"hotelName":"Spacio Mediterraneo","address":"Avenida Orlando Araujo,Transversal 3 Quinta 13-26,Barinas 5201,Venezuela","phones":"","fax":"","email":"","url":"","countryIso2":"VE","countryName":"Venezuela","hotelRating":"0","latitude":"8.62376","longitude":"-70.2445","state_id":2049,"state_name":"Barinas","country_id":239},{"active":false,"Giataid":"878350","cityId":149261,"cityName":"Caracas","hotelId":20385297,"hotelName":"Hotel Anauco Suites","address":"Diagonal Al Hotel Alba Caracas,Parque Central,Caracas,Venezuela","phones":"","fax":"","email":"","url":"","countryIso2":"VE","countryName":"Venezuela","hotelRating":"0","latitude":"10.5052","longitude":"-66.8673","state_id":4855,"state_name":"Distrito Capital","country_id":239},{"active":false,"Giataid":"878507","cityId":130072,"cityName":"Cumana","hotelId":20385298,"hotelName":"San Remo Suites Hotel","address":"Carretera Cumana Carupano,Encrucijada Casanay Carlaco,Cumana,Venezuela","phones":"","fax":"","email":"","url":"","countryIso2":"VE","countryName":"Venezuela","hotelRating":"0","latitude":"10.4318","longitude":"-64.2041","state_id":2056,"state_name":"Sucre","country_id":239},{"active":false,"Giataid":"884702","cityId":21578,"cityName":"Valencia","hotelId":20385300,"hotelName":"New Hotel Valencia","address":"Avenida Lara Cruce Con Avenida Branger,Y Paseo Cabriales,Valencia 2001,Carabobo,Venezuela","phones":"+582418592070","fax":"","email":"newhotel_valencia@hotmail.com","url":"","countryIso2":"VE","countryName":"Venezuela","hotelRating":"0","latitude":"10.2227","longitude":"-68.0125","state_id":2898,"state_name":"Cordoba","country_id":48},{"active":false,"Giataid":"878423","cityId":149261,"cityName":"Caracas","hotelId":20385305,"hotelName":"Hotel Kursaal","address":"Avenida Casanova,Esquina Calle El Colegio,Caracas 1050,Venezuela","phones":"","fax":"","email":"","url":"","countryIso2":"VE","countryName":"Venezuela","hotelRating":"0","latitude":"10.5052","longitude":"-66.8673","state_id":4855,"state_name":"Distrito Capital","country_id":239},{"active":false,"Giataid":"922912","cityId":149261,"cityName":"Caracas","hotelId":20385310,"hotelName":"Mariani International Tower","address":"Calle Caruao Quinta Rosa Mistica,Urbanizacion Macaracuay,Caracas 1070,Venezuela","phones":"","fax":"","email":"","url":"","countryIso2":"VE","countryName":"Venezuela","hotelRating":"0","latitude":"10.4633","longitude":"-66.8201","state_id":4855,"state_name":"Distrito Capital","country_id":239},{"active":false,"Giataid":"881186","cityId":130136,"cityName":"Punto Fijo","hotelId":20385312,"hotelName":"Hotel Cardon","address":"Avenida 1 De La Urbanizacion Zarabon,Al Lado Del Club Miramar,Comunidad Cardon,Punto Fijo,Venezuela","phones":"+582692483311","fax":"+582692484655","email":"","url":"http://www.hotelcardon.com","countryIso2":"VE","countryName":"Venezuela","hotelRating":"0","latitude":"11.7057","longitude":"-70.1869","state_id":2035,"state_name":"Falcon","country_id":239},{"active":false,"Giataid":"871500","cityId":130045,"cityName":"Barinas","hotelId":20385318,"hotelName":"Hotel Valle Hondo","address":"Avenida 23 De Enero,Barinas,Venezuela","phones":"","fax":"","email":"","url":"","countryIso2":"VE","countryName":"Venezuela","hotelRating":"0","latitude":"8.62183","longitude":"-70.229","state_id":2049,"state_name":"Barinas","country_id":239},{"active":false,"Giataid":"908865","cityId":130065,"cityName":"Chichiriviche","hotelId":20385320,"hotelName":"Islalinda Hotel Boutique","address":"Avenida Principal De Playa Norte,Chichiriviche 2061,Carabobo,Venezuela","phones":"","fax":"","email":"","url":"","countryIso2":"VE","countryName":"Venezuela","hotelRating":"0","latitude":"10.9412","longitude":"-68.2835","state_id":2035,"state_name":"Falcon","country_id":239},{"active":false,"Giataid":"932331","cityId":130045,"cityName":"Barinas","hotelId":20385326,"hotelName":"Casa Mia Posada","address":"Avenue Venezuela Calle la Fe,Con Calle Bondad,Alto Barinas Sur,Barinas 5201,Venezuela","phones":"","fax":"","email":"","url":"","countryIso2":"VE","countryName":"Venezuela","hotelRating":"0","latitude":"8.62376","longitude":"-70.2445","state_id":2049,"state_name":"Barinas","country_id":239},{"active":false,"Giataid":"878399","cityId":149261,"cityName":"Caracas","hotelId":20385327,"hotelName":"Cuarta Avenida","address":"Avenida Los Palos Grandes Entre 1Ra Y 2Da Transv 4Ta,Caracas,Venezuela","phones":"","fax":"","email":"","url":"","countryIso2":"VE","countryName":"Venezuela","hotelRating":"0","latitude":"10.4986","longitude":"-66.8423","state_id":4855,"state_name":"Distrito Capital","country_id":239},{"active":false,"Giataid":"878411","cityId":149261,"cityName":"Caracas","hotelId":20385337,"hotelName":"Hotel El Marques Caracas","address":"Avenida El Saman,Esquina Calle Yuruari,Caracas,Venezuela","phones":"","fax":"","email":"","url":"","countryIso2":"VE","countryName":"Venezuela","hotelRating":"0","latitude":"10.5052","longitude":"-66.8673","state_id":4855,"state_name":"Distrito Capital","country_id":239},{"active":false,"Giataid":"908901","cityId":130045,"cityName":"Barinas","hotelId":20385340,"hotelName":"Hotel Cima","address":"Calle Suiza,Barinas 5201,Venezuela","phones":"","fax":"","email":"","url":"http://www.hotelcima.com","countryIso2":"VE","countryName":"Venezuela","hotelRating":"0","latitude":"8.62376","longitude":"-70.2445","state_id":2049,"state_name":"Barinas","country_id":239},{"active":false,"Giataid":"876440","cityId":149261,"cityName":"Caracas","hotelId":20385341,"hotelName":"Hotel Plaza Mayor","address":"Avenida M?xico,Cruce con Calle R.Domingo Sisco,La Candelaria,Caracas 1011,Distrito Capital,Venezuela","phones":"","fax":"","email":"","url":"","countryIso2":"VE","countryName":"Venezuela","hotelRating":"0","latitude":"10.5052","longitude":"-66.8673","state_id":4855,"state_name":"Distrito Capital","country_id":239},{"active":false,"Giataid":"932280","cityId":130104,"cityName":"Maracay","hotelId":20385343,"hotelName":"Hotel Mar del Plata","address":"Calle Santos Michelena,Este  23 a Media Cuadra Del Teatro Ateneo,Centro de Maracay,Maracay 2101,Venezuela","phones":"","fax":"","email":"","url":"","countryIso2":"VE","countryName":"Venezuela","hotelRating":"0","latitude":"10.2652","longitude":"-67.5844","state_id":2047,"state_name":"Aragua","country_id":239},{"active":false,"Giataid":"956053","cityId":130104,"cityName":"Maracay","hotelId":20422966,"hotelName":"Hesperia Maracay","address":"Avenida Las Delicias,Opposite the Redoma del Toro,Maracay 2101,Aragua,Venezuela","phones":"+5834936113131","fax":"","email":"reservas1@grupoinversorhesperia.com","url":"http://www.hesperia.com/en/hoteles/hesperia-maracay/","countryIso2":"VE","countryName":"Venezuela","hotelRating":"4","latitude":"10.2631","longitude":"-67.5861","state_id":2047,"state_name":"Aragua","country_id":239}]