[{"active":false,"Giataid":"4976","cityId":null,"cityName":"Isla de Coche","hotelId":4976,"hotelName":"Coche Paradise","address":"Isla de Coche,Venezuela","phones":"+582952654444","fax":"+582952654443","email":"reservaciones@hotelcocheparadise.com","url":"http://www.hotelcocheparadise.com/","countryIso2":"VE","countryName":"Venezuela","hotelRating":"4","latitude":"10.8083","longitude":"-63.9869","state_id":null,"state_name":null,"country_id":null},{"active":false,"Giataid":"4980","cityId":null,"cityName":"Playa el Agua","hotelId":4980,"hotelName":"Coral Caribe","address":"Calle Miragua,Playa El Agua,Isla de Margarita,Venezuela","phones":"+582952490021","fax":"+582952490628","email":"coralcaribe@telcel.net.ve","url":"http://www.coral-caribe.com/","countryIso2":"VE","countryName":"Venezuela","hotelRating":"2","latitude":"11.1455","longitude":"-63.8662","state_id":null,"state_name":null,"country_id":null},{"active":false,"Giataid":"4981","cityId":null,"cityName":"Playa el Agua","hotelId":4981,"hotelName":"Golden Paradise","address":"Boulevard Tur?stico Playa el Agua,con Calle Primavera,Playa el Agua,La Mira 6301,Venezuela,Nueva Esparta,Venezuela","phones":"+584143320080","fax":"+582952491177","email":"","url":"","countryIso2":"VE","countryName":"Venezuela","hotelRating":"3","latitude":"11.1494","longitude":"-63.8691","state_id":null,"state_name":null,"country_id":null},{"active":false,"Giataid":"4982","cityId":null,"cityName":"Isla de Coche","hotelId":4982,"hotelName":"Isla de Coche","address":"","phones":"","fax":"","email":"","url":"","countryIso2":"VE","countryName":"Venezuela","hotelRating":"1","latitude":"10.8083","longitude":"-63.9869","state_id":null,"state_name":null,"country_id":null},{"active":false,"Giataid":"4984","cityId":null,"cityName":"Playa Caribe","hotelId":4984,"hotelName":"Costa Caribe Beach Resort","address":"V?a Altagracia,Playa Caribe,Isla Margarita,Venezuela","phones":"+582954001010","fax":"+582954001010","email":"res@lti-costacaribe.com","url":"http://www.lti-costacaribe.com","countryIso2":"VE","countryName":"Venezuela","hotelRating":"4","latitude":"11.1096","longitude":"-63.9608","state_id":null,"state_name":null,"country_id":null},{"active":false,"Giataid":"4988","cityId":null,"cityName":"Playa el Agua","hotelId":4988,"hotelName":"Marlin","address":"Calle Miragua,Playa El Agua,Isla Margarita,Venezuela","phones":"+582952491797","fax":"","email":"hotelmarlin@hotmail.com","url":"http://www.hotelrestaurantmarlin.com","countryIso2":"VE","countryName":"Venezuela","hotelRating":"2","latitude":"11.1458","longitude":"-63.8646","state_id":null,"state_name":null,"country_id":null},{"active":false,"Giataid":"4989","cityId":null,"cityName":"Playa el Agua","hotelId":4989,"hotelName":"Hesperia Isla Margarita Playa El Agua","address":"Avenida 31 de Julio,Playa el Agua,Isla Margarita,Venezuela","phones":"+582954007100","fax":"+582954008151","email":"hotel@hesperia-playaelagua.com","url":"http://www.hesperia.com/hotels/Hesperia-Playa-El-Agua/?origen=booking&amp;id_hotel=V4VEI48&amp;cambio=V4VEI48&amp;fecha_entrada=&amp;fecha_salida=&amp;id_localidad=26&amp;id_pais=58&amp;zona=L26&amp;nadultos=2&amp;h_pension_id=&amp;h_id=&amp;av=1","countryIso2":"VE","countryName":"Venezuela","hotelRating":"4","latitude":"11.1433","longitude":"-63.8676","state_id":null,"state_name":null,"country_id":null},{"active":false,"Giataid":"4990","cityId":null,"cityName":"Playa el Tirano","hotelId":4990,"hotelName":"Sunsol Isla Caribe ","address":"Carretera Costanera,Playa El Tirano 6301,Isla Margarita,Venezuela","phones":"+582953311000","fax":"+582952348657","email":"reservaciones@playatirano.com","url":"http://www.playatirano.com/isla_eng/index.php","countryIso2":"VE","countryName":"Venezuela","hotelRating":"4","latitude":"11.1124","longitude":"-63.8455","state_id":null,"state_name":null,"country_id":null},{"active":false,"Giataid":"4991","cityId":null,"cityName":"Playa Guacuco","hotelId":4991,"hotelName":"Confortel Tamarindo Guacuco","address":"Playa Guacuco,Isla Margarita,Venezuela","phones":"","fax":"","email":"","url":"","countryIso2":"VE","countryName":"Venezuela","hotelRating":"1","latitude":"11.0666","longitude":"-63.8257","state_id":null,"state_name":null,"country_id":null},{"active":false,"Giataid":"4993","cityId":null,"cityName":"Playa el Agua","hotelId":4993,"hotelName":"Confortel Villa el Agua","address":"","phones":"","fax":"","email":"","url":"","countryIso2":"VE","countryName":"Venezuela","hotelRating":"1","latitude":"11.1458","longitude":"-63.8695","state_id":null,"state_name":null,"country_id":null},{"active":false,"Giataid":"5196","cityId":null,"cityName":"Playa Pedro Gonzalez","hotelId":5196,"hotelName":"Confortel Isla Bonita","address":"Pedro Gonzalez Valley,Playa Puerto Viejo 6301,Nueva Esparta,Venezuela","phones":"","fax":"","email":"","url":"","countryIso2":"VE","countryName":"Venezuela","hotelRating":"1","latitude":"11.1224","longitude":"-63.9298","state_id":null,"state_name":null,"country_id":null},{"active":false,"Giataid":"6686","cityId":null,"cityName":"Playa el Agua","hotelId":6686,"hotelName":"Flamenco Villas & Beach Club","address":"Playa el Agua,Isla de Margarita,Venezuela","phones":"+582952491356","fax":"+582952490354","email":"","url":"","countryIso2":"VE","countryName":"Venezuela","hotelRating":"3","latitude":"11.1509","longitude":"-63.8712","state_id":null,"state_name":null,"country_id":null},{"active":false,"Giataid":"6688","cityId":null,"cityName":"Playa el Agua","hotelId":6688,"hotelName":"Costa Linda","address":"Calle Miragua,Playa El Agua,Isla Margarita,Venezuela","phones":"+582954159962","fax":"+582952491229","email":"hotelcostalindabeach@gmail.com","url":"http://www.hotelcostalinda.com/","countryIso2":"VE","countryName":"Venezuela","hotelRating":"3","latitude":"11.1449","longitude":"-63.8676","state_id":null,"state_name":null,"country_id":null},{"active":false,"Giataid":"7410","cityId":null,"cityName":"Pampatar","hotelId":7410,"hotelName":"Lagunamar Hotel Resort & Spa","address":"Sector Apostadero,Via Pamatar,6316 Pampatar,Isla Margarita,Nueva Esparta,Venezuela","phones":"+582954004001","fax":"+582954004097","email":"reservaciones@lagunamar.com.ve","url":"http://www.lagunamar.com.ve/","countryIso2":"VE","countryName":"Venezuela","hotelRating":"5","latitude":"11.0226","longitude":"-63.8039","state_id":null,"state_name":null,"country_id":null},{"active":false,"Giataid":"8290","cityId":null,"cityName":"El Yague (Yaque)","hotelId":8290,"hotelName":"Atti","address":"Calle Principal,Las Colinas,6301 El Yaque,Isla Margarita,Venezuela","phones":"+582952639850","fax":"+582952638350","email":"info@hotelatti.com","url":"http://www.surfhotel.de/","countryIso2":"VE","countryName":"Venezuela","hotelRating":"3","latitude":"10.9005","longitude":"-63.961","state_id":null,"state_name":null,"country_id":null},{"active":false,"Giataid":"8556","cityId":null,"cityName":"Pampatar","hotelId":8556,"hotelName":"Hippocampus Vacation Club","address":"Final Avenida El Cristo,Sector La Caranta,Pampatar,Isla Margarita,Venezuela","phones":"+582953311300","fax":"","email":"","url":"","countryIso2":"VE","countryName":"Venezuela","hotelRating":"3","latitude":"10.9973","longitude":"-63.7866","state_id":null,"state_name":null,"country_id":null},{"active":false,"Giataid":"9282","cityId":null,"cityName":"Playa el Agua","hotelId":9282,"hotelName":"Brisas Beach Club","address":"","phones":"","fax":"","email":"","url":"","countryIso2":"VE","countryName":"Venezuela","hotelRating":"1","latitude":"11.1458","longitude":"-63.8695","state_id":null,"state_name":null,"country_id":null},{"active":false,"Giataid":"9283","cityId":null,"cityName":"Isla de Coche","hotelId":9283,"hotelName":"Brisas de Coche/ del Mar","address":"Isla de Coche,Venezuela","phones":"+582954167216","fax":"","email":"brisasdecoche@gmail.com","url":"http://www.brisasdecoche.net/Hotel.htm","countryIso2":"VE","countryName":"Venezuela","hotelRating":"3","latitude":"10.8073","longitude":"-63.9855","state_id":null,"state_name":null,"country_id":null},{"active":false,"Giataid":"10035","cityId":null,"cityName":"El Yague (Yaque)","hotelId":10035,"hotelName":"Casa Rita","address":"Final Calle Principal de El Yaque,Lomas de El Yaque,Playa El Yaque,Isla de Margarita,Venezuela","phones":"+582952636553","fax":"+582952635847","email":"casarita@cantv.net","url":"http://www.casarita.com/","countryIso2":"VE","countryName":"Venezuela","hotelRating":"2","latitude":"10.9005","longitude":"-63.9602","state_id":null,"state_name":null,"country_id":null},{"active":false,"Giataid":"10564","cityId":null,"cityName":"Playa el Agua","hotelId":10564,"hotelName":"Coco Paradise","address":"Playa el Agua,Isla Margarita,Venezuela","phones":"","fax":"","email":"","url":"","countryIso2":"VE","countryName":"Venezuela","hotelRating":"1","latitude":"11.1458","longitude":"-63.8695","state_id":null,"state_name":null,"country_id":null},{"active":false,"Giataid":"10567","cityId":null,"cityName":"Playa el Agua","hotelId":10567,"hotelName":"Coccoloba","address":"Playa el Agua,Isla Margarita,Venezuela","phones":"","fax":"","email":"","url":"","countryIso2":"VE","countryName":"Venezuela","hotelRating":"1","latitude":"11.1458","longitude":"-63.8695","state_id":null,"state_name":null,"country_id":null},{"active":false,"Giataid":"10704","cityId":null,"cityName":"El Yague (Yaque)","hotelId":10704,"hotelName":"Confortel California","address":"Calle Principal,Playa El Yaque,Isla de Margarita,Venezuela","phones":"+582952639494","fax":"+582952638536","email":"calfort@gmail.com","url":"http://www.elyaque.com","countryIso2":"VE","countryName":"Venezuela","hotelRating":"3","latitude":"10.8982","longitude":"-63.9613","state_id":null,"state_name":null,"country_id":null},{"active":false,"Giataid":"11243","cityId":null,"cityName":"Pampatar","hotelId":11243,"hotelName":"De Pampatar","address":"Pampatar,Isla Margarita,Venezuela","phones":"","fax":"","email":"","url":"","countryIso2":"VE","countryName":"Venezuela","hotelRating":"1","latitude":"10.994","longitude":"-63.8059","state_id":null,"state_name":null,"country_id":null},{"active":false,"Giataid":"11452","cityId":null,"cityName":"Playa Pedro Gonzalez","hotelId":11452,"hotelName":"Diamond Dunes","address":"","phones":"","fax":"","email":"","url":"","countryIso2":"VE","countryName":"Venezuela","hotelRating":"1","latitude":"11.1224","longitude":"-63.9298","state_id":null,"state_name":null,"country_id":null},{"active":false,"Giataid":"11886","cityId":null,"cityName":"Playa el Agua","hotelId":11886,"hotelName":"Eden Tropical","address":"","phones":"","fax":"","email":"","url":"","countryIso2":"VE","countryName":"Venezuela","hotelRating":"1","latitude":"11.1458","longitude":"-63.8695","state_id":null,"state_name":null,"country_id":null},{"active":false,"Giataid":"12787","cityId":null,"cityName":"Pampatar","hotelId":12787,"hotelName":"Flamingo Beach","address":"Calle El Cristo,Sector La Caranta,Pampatar  6316,Isla de Margarita,Venezuela","phones":"","fax":"","email":"","url":"","countryIso2":"VE","countryName":"Venezuela","hotelRating":"3","latitude":"10.994","longitude":"-63.8059","state_id":null,"state_name":null,"country_id":null},{"active":false,"Giataid":"13644","cityId":null,"cityName":"Playa el Agua","hotelId":13644,"hotelName":"Guacamaya","address":"Playa el Agua,Isla Margarita,Venezuela","phones":"","fax":"","email":"","url":"","countryIso2":"VE","countryName":"Venezuela","hotelRating":"3","latitude":"11.1456","longitude":"-63.8728","state_id":null,"state_name":null,"country_id":null},{"active":false,"Giataid":"14409","cityId":null,"cityName":"Playa el Tirano","hotelId":14409,"hotelName":"Hosteria Marymonte","address":"NULL","phones":"","fax":"","email":"","url":"","countryIso2":"VE","countryName":"Venezuela","hotelRating":"1","latitude":"11.1143","longitude":"-63.8478","state_id":null,"state_name":null,"country_id":null},{"active":false,"Giataid":"15676","cityId":null,"cityName":"Playa el Agua","hotelId":15676,"hotelName":"La Finca","address":"Playa el Agua,Isla Margarita,Venezuela","phones":"","fax":"","email":"","url":"","countryIso2":"VE","countryName":"Venezuela","hotelRating":"1","latitude":"11.1458","longitude":"-63.8695","state_id":null,"state_name":null,"country_id":null},{"active":false,"Giataid":"15718","cityId":null,"cityName":"Playa las Arenas - Bahia de Plata","hotelId":15718,"hotelName":"La Montana","address":"","phones":"","fax":"","email":"","url":"","countryIso2":"VE","countryName":"Venezuela","hotelRating":"1","latitude":"10.9971","longitude":"-63.9113","state_id":null,"state_name":null,"country_id":null},{"active":false,"Giataid":"15995","cityId":null,"cityName":"Playa el Agua","hotelId":15995,"hotelName":"Las Palmeras","address":"Calle Miragua,6301 Playa el Agua,Isla Margarita,Venezuela","phones":"+582952491635","fax":"+582952490377","email":"","url":"","countryIso2":"VE","countryName":"Venezuela","hotelRating":"2","latitude":"11.1441","longitude":"-63.8694","state_id":null,"state_name":null,"country_id":null},{"active":false,"Giataid":"16062","cityId":null,"cityName":"Playa el Agua","hotelId":16062,"hotelName":"Le Flamboyant Hotel","address":"Playa el Agua,Esparta Nueva,Venezuela","phones":"+582959893697","fax":"+582952490073","email":"ventas@hotelleflamboyant.com.ve","url":"http://www.hotelleflamboyant.com.ve/Eng.aspx","countryIso2":"VE","countryName":"Venezuela","hotelRating":"3","latitude":"11.1408","longitude":"-63.8596","state_id":null,"state_name":null,"country_id":null},{"active":false,"Giataid":"16239","cityId":null,"cityName":"Playa el Agua","hotelId":16239,"hotelName":"Les Bouganvilles","address":"Playa el Agua,Isla Margarita,Venezuela","phones":"","fax":"","email":"","url":"","countryIso2":"VE","countryName":"Venezuela","hotelRating":"1","latitude":"11.1487","longitude":"-63.8664","state_id":null,"state_name":null,"country_id":null},{"active":false,"Giataid":"18524","cityId":null,"cityName":"Playa el Agua","hotelId":18524,"hotelName":"Hotel Palm Beach","address":"Calle Pelicano,Sector Playa El Agua,Isla Margarita,Nueva Esparta,Venezuela","phones":"+582952491680","fax":"","email":"ventas@hotelpalmbeach.com.ve","url":"http://www.hotelpalmbeach.com.ve/?page_id=13","countryIso2":"VE","countryName":"Venezuela","hotelRating":"3","latitude":"11.1466","longitude":"-63.8709","state_id":null,"state_name":null,"country_id":null},{"active":false,"Giataid":"24182","cityId":null,"cityName":"Pampatar","hotelId":24182,"hotelName":"Viosmare Beach","address":"","phones":"","fax":"","email":"","url":"","countryIso2":"VE","countryName":"Venezuela","hotelRating":"1","latitude":"10.994","longitude":"-63.8059","state_id":null,"state_name":null,"country_id":null},{"active":false,"Giataid":"24482","cityId":null,"cityName":"El Yague (Yaque)","hotelId":24482,"hotelName":"Surf Paradise","address":"Playa El Yaque,Isla Margherita,Venezuela","phones":"+582952639760","fax":"+582952639003","email":"ventas@hotelsurfparadise.com","url":"http://www.hotelsurfparadise.com","countryIso2":"VE","countryName":"Venezuela","hotelRating":"3","latitude":"10.8975","longitude":"-63.9617","state_id":null,"state_name":null,"country_id":null},{"active":false,"Giataid":"5196","cityId":null,"cityName":"Playa Pedro Gonzalez","hotelId":26393,"hotelName":"Hesperia Isla Margarita","address":"Pedro Gonzalez Valley,Playa Puerto Viejo 6301,Nueva Esparta,Venezuela","phones":"+582954007111","fax":"","email":"hotel@hesperia-islamargarita.com","url":"http://www.hesperia.es/hoteles/Hesperia-Isla-Margarita/","countryIso2":"VE","countryName":"Venezuela","hotelRating":"5","latitude":"11.1288","longitude":"-63.9167","state_id":null,"state_name":null,"country_id":null},{"active":false,"Giataid":"26482","cityId":null,"cityName":"El Yague (Yaque)","hotelId":26482,"hotelName":"El Yaque Paradise","address":"Calle Principal de El Yaque,Playa El Yaque,Margarita,Venezuela,Venezuela","phones":"+582952639418","fax":"","email":"","url":"","countryIso2":"VE","countryName":"Venezuela","hotelRating":"2","latitude":"10.8975","longitude":"-63.9608","state_id":null,"state_name":null,"country_id":null},{"active":false,"Giataid":"4983","cityId":null,"cityName":"Playa el Agua","hotelId":27489,"hotelName":"Hotel Puerta del Sol","address":"Boulevar Playa El Agua,La Mira,Margarita,Nueva Esparta,Venezuela","phones":"+582954155719","fax":"+582952490185","email":"reservaciones@cantv.net","url":"http://www.celuisma.com/ca/web/hotel.php?id=18&amp;id_hot=","countryIso2":"VE","countryName":"Venezuela","hotelRating":"3","latitude":"11.1458","longitude":"-63.8695","state_id":null,"state_name":null,"country_id":null},{"active":false,"Giataid":"51391","cityId":null,"cityName":"Los Roques","hotelId":51391,"hotelName":"Posada Cacao Village","address":"","phones":"","fax":"","email":"","url":"","countryIso2":"VE","countryName":"Venezuela","hotelRating":"3","latitude":"11.8855","longitude":"-66.7034","state_id":null,"state_name":null,"country_id":null},{"active":false,"Giataid":"76152","cityId":null,"cityName":"Isla de Coche","hotelId":76152,"hotelName":"Sunsol Punta Blanca","address":"Playa la Punta,Coche Island 6301,Isla Margarita,Venezuela","phones":"+582122842015","fax":"+582954001729","email":"ventas@sunsolhoteles.com","url":"http://www.sunsolhoteles.com/puntablanca/","countryIso2":"VE","countryName":"Venezuela","hotelRating":"4","latitude":"10.8092","longitude":"-63.9887","state_id":null,"state_name":null,"country_id":null},{"active":false,"Giataid":"133290","cityId":null,"cityName":"Matur?n","hotelId":133290,"hotelName":"Hotel Venetur Maturin","address":"Avenida Bella Vista 3 km,Maturin 6201,Monagas,Venezuela","phones":"+582916514322","fax":"","email":"reservaciones@venetur.gob.ve","url":"http://www.venetur.gob.ve/OfiComeraciales.php","countryIso2":"VE","countryName":"Venezuela","hotelRating":"5","latitude":"9.73538","longitude":"-63.2313","state_id":null,"state_name":null,"country_id":null},{"active":false,"Giataid":"135570","cityId":null,"cityName":"Gran Roque","hotelId":135570,"hotelName":"Posada Piano y Papaya","address":"NULL","phones":"+584142810104","fax":"","email":"info@losroques.com","url":"http://www.losroques.com/posada/index.php/en/","countryIso2":"VE","countryName":"Venezuela","hotelRating":"1","latitude":"11.9487","longitude":"-66.6764","state_id":null,"state_name":null,"country_id":null},{"active":false,"Giataid":"137555","cityId":null,"cityName":"Lecher?a","hotelId":137555,"hotelName":"Hotel Venetur Maremares","address":"Avenida  Am?rico Vesp?cio,Avenida R-17,Complejo Tur?stico El Morro,Lecher?as,Estado Anzo?tegui,Venezuela","phones":"+582812813022","fax":"","email":"reservaciones@venetur.gob.ve","url":"http://www.venetur.gob.ve/en/hoteles.php","countryIso2":"VE","countryName":"Venezuela","hotelRating":"4","latitude":"10.1967","longitude":"-64.6754","state_id":null,"state_name":null,"country_id":null},{"active":false,"Giataid":"137625","cityId":null,"cityName":"Puerto Ordaz","hotelId":137625,"hotelName":"EMBAJADOR","address":"","phones":"","fax":"","email":"","url":"","countryIso2":"VE","countryName":"Venezuela","hotelRating":"2","latitude":"8.31627","longitude":"-62.7177","state_id":null,"state_name":null,"country_id":null},{"active":false,"Giataid":"143099","cityId":null,"cityName":"Canaima","hotelId":143099,"hotelName":"Tapuy Lodge","address":"Sector Occidental del Parque Nacional,a 80 meters de La Laguna de Canaima,Canaima Nationalpark,Venezuela,Venezuela","phones":"+582129932939","fax":"","email":"","url":"","countryIso2":"VE","countryName":"Venezuela","hotelRating":"3","latitude":"6.24171","longitude":"-62.8527","state_id":null,"state_name":null,"country_id":null},{"active":false,"Giataid":"143100","cityId":null,"cityName":"Orinoco Delta","hotelId":143100,"hotelName":"Abujene Lodge","address":"","phones":"","fax":"","email":"","url":"","countryIso2":"VE","countryName":"Venezuela","hotelRating":"1","latitude":"9.05697","longitude":"-62.0496","state_id":null,"state_name":null,"country_id":null},{"active":false,"Giataid":"182537","cityId":null,"cityName":"Playa las Arenas - Bahia de Plata","hotelId":182537,"hotelName":"Kokobay Hotel","address":"Playa las Arenas,Altagracia,Isla Margarita,Venezuela","phones":"","fax":"","email":"","url":"","countryIso2":"VE","countryName":"Venezuela","hotelRating":"4","latitude":"11.1086","longitude":"-63.9591","state_id":null,"state_name":null,"country_id":null},{"active":false,"Giataid":"182819","cityId":null,"cityName":"Playa Cardon","hotelId":182819,"hotelName":"Ikin Margarita Hotel & Spa","address":"Calle El Melonal,Nueva Esparta,El Cardon,Isla de Margarita,Venezuela","phones":"+582955004555","fax":"","email":"reservaciones1@chanahotles.com","url":"http://www.chanahoteles.com/?mod=hote&amp;hote=puerfer","countryIso2":"VE","countryName":"Venezuela","hotelRating":"4","latitude":"11.1189","longitude":"-63.8454","state_id":null,"state_name":null,"country_id":null},{"active":false,"Giataid":"236030","cityId":null,"cityName":"Puerto la Cruz","hotelId":236030,"hotelName":"Hotel Cristina Suites","address":"Avenida Municipal,Cruce con Calle Maneiro,Puerto la Cruz,Estado Anzo?tegui,Venezuela","phones":"+582815007700","fax":"","email":"","url":"","countryIso2":"VE","countryName":"Venezuela","hotelRating":"4","latitude":"10.2195","longitude":"-64.6311","state_id":null,"state_name":null,"country_id":null},{"active":false,"Giataid":"244351","cityId":null,"cityName":"Puerto Ordaz","hotelId":244351,"hotelName":"Howard Johnson Hotel Portofino Puerto Ordaz","address":"Centro Comercial Portofino,Calle Potos? y La Paz,con Carrera Cochabamba y Chuquisaca,Villa Bolivia,Puerto Ordaz 8050,Venezuela","phones":"+582869229060","fax":"+582869229060","email":"reservacioneshj@gmail.com","url":"http://www.hojo.com/hotels/venezuela/puerto-ordaz/howard-johnson-hotel-portofino-puerto-ordaz/hotel-overview?hotel_id=32026","countryIso2":"VE","countryName":"Venezuela","hotelRating":"3","latitude":"8.30739","longitude":"-62.7172","state_id":null,"state_name":null,"country_id":null},{"active":false,"Giataid":"292281","cityId":null,"cityName":"El Yague (Yaque)","hotelId":292281,"hotelName":"Posada La Mar","address":"","phones":"","fax":"","email":"","url":"","countryIso2":"VE","countryName":"Venezuela","hotelRating":"3","latitude":"10.8976","longitude":"-63.9611","state_id":null,"state_name":null,"country_id":null},{"active":false,"Giataid":"366624","cityId":null,"cityName":"Playa el Agua","hotelId":366624,"hotelName":"Agua Dorada Beach Hotel by Lidotel","address":"Final del Boulevard de Playa el Agua,Municipio Antol?n del Campo del Estado Nueva Esparta,Playa El Agua,Venezuela,Margarita Island,Venezuela","phones":"+582959355555","fax":"","email":"reservas@hotelcentrolido.com","url":"http://www.lidotel.com.ve/Venezuela/7/Playa-El-Agua","countryIso2":"VE","countryName":"Venezuela","hotelRating":"5","latitude":"11.1502","longitude":"-63.8701","state_id":null,"state_name":null,"country_id":null},{"active":false,"Giataid":"367367","cityId":null,"cityName":"El Yague (Yaque)","hotelId":367367,"hotelName":"Ramada Isla De Margarita","address":"Via Principal El Yaque-Musipan,Margarita Island 6301,Venezuela","phones":"","fax":"","email":"","url":"","countryIso2":"VE","countryName":"Venezuela","hotelRating":"1","latitude":"10.8984","longitude":"-63.9608","state_id":null,"state_name":null,"country_id":null},{"active":false,"Giataid":"418998","cityId":null,"cityName":"Puerto Ordaz","hotelId":418998,"hotelName":"Roraima Inn","address":"","phones":"","fax":"","email":"","url":"","countryIso2":"VE","countryName":"Venezuela","hotelRating":"4","latitude":"8.31432","longitude":"-62.7142","state_id":null,"state_name":null,"country_id":null},{"active":false,"Giataid":"424829","cityId":null,"cityName":"Playa el Agua","hotelId":424829,"hotelName":"Sunsol Caribbean Beach","address":"Sector la Mira,Boulevard Playa el Agua,Playa el Agua,Venezuela","phones":"","fax":"","email":"","url":"http://www.sunsolhoteles.com/caribbeanbeach/","countryIso2":"VE","countryName":"Venezuela","hotelRating":"3","latitude":"11.1443","longitude":"-63.8636","state_id":null,"state_name":null,"country_id":null},{"active":false,"Giataid":"428671","cityId":null,"cityName":"Playa el Agua","hotelId":428671,"hotelName":"Posada Casa Rosa","address":"","phones":"","fax":"","email":"","url":"","countryIso2":"VE","countryName":"Venezuela","hotelRating":"1","latitude":"11.1458","longitude":"-63.8695","state_id":null,"state_name":null,"country_id":null},{"active":false,"Giataid":"428672","cityId":null,"cityName":"El Yague (Yaque)","hotelId":428672,"hotelName":"Stevie WonderLand Hotel Boutique","address":"El Yaque,Nueva Esparta,Venezuela","phones":"+582958726052","fax":"","email":"","url":"","countryIso2":"VE","countryName":"Venezuela","hotelRating":"3","latitude":"10.9013","longitude":"-63.9618","state_id":null,"state_name":null,"country_id":null},{"active":false,"Giataid":"428673","cityId":null,"cityName":"Isla Margarita","hotelId":428673,"hotelName":"Posada Villa Cocuyo","address":"Calle Virgen Del Valle,Sektor El Gardon,Isla Margarita 6324,Venezuela","phones":"+582956350130","fax":"","email":"","url":"","countryIso2":"VE","countryName":"Venezuela","hotelRating":"1","latitude":"11.0038","longitude":"-63.8692","state_id":null,"state_name":null,"country_id":null},{"active":false,"Giataid":"486610","cityId":null,"cityName":"Playa el Agua","hotelId":486610,"hotelName":"Hesperia Eden Club","address":"Boulevard de Playa el Agua,Sector La Mira,6301 Playa el Agua,Isla de Margarita,Venezuela","phones":"+582954008111","fax":"","email":"info@hoteleshesperia.com.ve","url":"https://hoteleshesperia.com.ve/index.php?go=4/detalle/0/hesperia-edn-club","countryIso2":"VE","countryName":"Venezuela","hotelRating":"4","latitude":"11.1446","longitude":"-63.8644","state_id":null,"state_name":null,"country_id":null},{"active":false,"Giataid":"518803","cityId":null,"cityName":"Morrocoy (National Park)","hotelId":518803,"hotelName":"La Ardilena","address":"Parque Nacional Morrocoy,Morrocoy 4101,Falc?n,Venezuela,Venezuela","phones":"+585017672327","fax":"","email":"reservaciones@ardilena.com","url":"http://www.ardilena.com/","countryIso2":"VE","countryName":"Venezuela","hotelRating":"3","latitude":"10.8564","longitude":"-68.2515","state_id":null,"state_name":null,"country_id":null},{"active":false,"Giataid":"553517","cityId":null,"cityName":"Isla Margarita","hotelId":553517,"hotelName":"H2otel","address":"Calle Miragua,Playa El Agua,Isla de Margarita 6301,Venezuela","phones":"","fax":"","email":"","url":"","countryIso2":"VE","countryName":"Venezuela","hotelRating":"2","latitude":"11.1441","longitude":"-63.8692","state_id":null,"state_name":null,"country_id":null},{"active":false,"Giataid":"570344","cityId":null,"cityName":"San Fernando de Apure","hotelId":570344,"hotelName":"Hotel Soleos","address":"Avenida Los Centauros,San Fernando De Apure 7001,Apure,Venezuela","phones":"+582473410034","fax":"","email":"info@hotelsoleos.com","url":"http://hotelsoleos.com/portal/","countryIso2":"VE","countryName":"Venezuela","hotelRating":"4","latitude":"0","longitude":"0","state_id":null,"state_name":null,"country_id":null},{"active":false,"Giataid":"591678","cityId":null,"cityName":"Santo Domingo (M?rida)","hotelId":591678,"hotelName":"Hotel La Trucha Azul","address":"","phones":"","fax":"","email":"","url":"","countryIso2":"VE","countryName":"Venezuela","hotelRating":"1","latitude":"8.96361","longitude":"-71.0543","state_id":null,"state_name":null,"country_id":null},{"active":false,"Giataid":"603280","cityId":null,"cityName":"Morrocoy (National Park)","hotelId":603280,"hotelName":"Posada Bienestar","address":"Calle Principal,Sector El Tuque 1,Tucacas,Parque Nacional Morrocoy,Falcon,Venezuela","phones":"+582598122343","fax":"","email":"info@posadabienestar.com","url":"http://www.posadabienestar.com","countryIso2":"VE","countryName":"Venezuela","hotelRating":"2","latitude":"10.8152","longitude":"-68.3395","state_id":null,"state_name":null,"country_id":null},{"active":false,"Giataid":"641241","cityId":null,"cityName":"Morrocoy (National Park)","hotelId":641241,"hotelName":"Venetur Morrocoy","address":"","phones":"","fax":"","email":"","url":"","countryIso2":"VE","countryName":"Venezuela","hotelRating":"1","latitude":"10.8152","longitude":"-68.3277","state_id":null,"state_name":null,"country_id":null},{"active":false,"Giataid":"641254","cityId":null,"cityName":"San Crist?bal","hotelId":641254,"hotelName":"Country Garden Suites","address":"","phones":"","fax":"","email":"","url":"","countryIso2":"VE","countryName":"Venezuela","hotelRating":"1","latitude":"7.78284","longitude":"-72.231","state_id":null,"state_name":null,"country_id":null},{"active":false,"Giataid":"752506","cityId":null,"cityName":"Choroni","hotelId":752506,"hotelName":"Hacienda El Portete","address":"Entre El Pueblo Colonial De Choroni Y Puerto Colombia,Choroni,Estado Aragua,Venezuela","phones":"+582439911255","fax":"","email":"elportetechoroni@gmail.com","url":"http://www.elportetechoroni.com","countryIso2":"VE","countryName":"Venezuela","hotelRating":"1","latitude":"10.5075","longitude":"-67.6072","state_id":null,"state_name":null,"country_id":null},{"active":false,"Giataid":"753230","cityId":null,"cityName":"El Yague (Yaque)","hotelId":753230,"hotelName":"La Posada de El Reino","address":"Carretera Principal Musipan,El Reino Sector,El Yaque,Isla Margarita,Coche y Cubagua,Nueva Esparta,Venezuela","phones":"+582952644456","fax":"+582952647672","email":"reservasposadadelreino@gmail.com","url":"http://www.laposadadelreino.com/","countryIso2":"VE","countryName":"Venezuela","hotelRating":"1","latitude":"10.8984","longitude":"-63.9608","state_id":null,"state_name":null,"country_id":null},{"active":false,"Giataid":"495906","cityId":null,"cityName":"El Yague (Yaque)","hotelId":10049049,"hotelName":"Libert Hotel","address":"Sector Hato La Teja Playa El Yaque,Margarita Island,6320 El Yaque,Venezuela","phones":"","fax":"","email":"","url":"","countryIso2":"VE","countryName":"Venezuela","hotelRating":"3","latitude":"10.8994","longitude":"-63.9622","state_id":null,"state_name":null,"country_id":null},{"active":false,"Giataid":"428670","cityId":null,"cityName":"Puerto Ordaz","hotelId":10058012,"hotelName":"Hotel Eco Premium Plaza Meru","address":"Carrera Churum Meru,Cruce Con Calle Ventuari,Edificio Hotel Plaza Meru,Altavista,Ciudad Guayana 8050,Bol?var,Venezuela","phones":"+582869650911","fax":"","email":"","url":"","countryIso2":"VE","countryName":"Venezuela","hotelRating":"4","latitude":"8.29493","longitude":"-62.7373","state_id":null,"state_name":null,"country_id":null},{"active":false,"Giataid":"91356","cityId":null,"cityName":"Caripe","hotelId":20001635,"hotelName":"Pueblo Pequeno","address":"Sector Amanita-Cocollar,Caripe,Monagas,Venezuela","phones":"+582925451887","fax":"+582925451843","email":"info@pueblopequeno.com","url":"http://www.pueblopequeno.com","countryIso2":"VE","countryName":"Venezuela","hotelRating":"3","latitude":"10.1757","longitude":"-63.5069","state_id":null,"state_name":null,"country_id":null},{"active":false,"Giataid":"229985","cityId":null,"cityName":"Los Roques","hotelId":20002060,"hotelName":"Posadas Aerotuy","address":"Los Roques,Isla Los Roques,Venezuela","phones":"","fax":"","email":"","url":"","countryIso2":"VE","countryName":"Venezuela","hotelRating":"0","latitude":"11.8596","longitude":"-66.752","state_id":null,"state_name":null,"country_id":null},{"active":false,"Giataid":"91310","cityId":null,"cityName":"Los Roques","hotelId":20002495,"hotelName":"Posada Caracol","address":"Calle Principal,Isla Gran Roque,Los Roques,Venezuela","phones":"+582374145525","fax":"+584142919039","email":"reservations@caracolgroup.com","url":"http:///www.caracolgroup.com","countryIso2":"VE","countryName":"Venezuela","hotelRating":"3","latitude":"11.8603","longitude":"-66.7511","state_id":null,"state_name":null,"country_id":null},{"active":false,"Giataid":"359650","cityId":null,"cityName":"Playa Guacuco","hotelId":20002739,"hotelName":"Maloka Boutique & Spa Hotel","address":"Playa Guacuco,Isla de Margarita,Venezuela","phones":"+584148207109","fax":"","email":"ventas@hotelboutiquemaloka.com","url":"http://www.hotelboutiquemaloka.com/","countryIso2":"VE","countryName":"Venezuela","hotelRating":"4","latitude":"11.0608","longitude":"-63.8218","state_id":null,"state_name":null,"country_id":null},{"active":false,"Giataid":"4977","cityId":null,"cityName":"Playa Pedro Gonzalez","hotelId":20002973,"hotelName":"Dunes Hotel & Beach Resort","address":"Calle Campo El?as,Sector El Pueblito,Valle de Pedro Gonz?lez,Isla de Margarita,Venezuela","phones":"+582952500111","fax":"","email":"reservas1@hoteldunes.com.ve","url":"http://www.hoteldunes.com.ve/","countryIso2":"VE","countryName":"Venezuela","hotelRating":"4","latitude":"11.1228","longitude":"-63.9299","state_id":null,"state_name":null,"country_id":null},{"active":false,"Giataid":"539316","cityId":null,"cityName":"El Yague (Yaque)","hotelId":20003608,"hotelName":"Casa Caracola","address":"Calle de Hotel California,El Yaque 6301,Nueva Esparta,Venezuela","phones":"","fax":"","email":"","url":"","countryIso2":"VE","countryName":"Venezuela","hotelRating":"0","latitude":"10.9004","longitude":"-63.9625","state_id":null,"state_name":null,"country_id":null},{"active":false,"Giataid":"418038","cityId":null,"cityName":"Maiquet?a","hotelId":20003779,"hotelName":"Hotel Las Quince Letras","address":"Avenida La Playa,Macuto,Caracas,Estado Vargas,Venezuela","phones":"","fax":"","email":"","url":"","countryIso2":"VE","countryName":"Venezuela","hotelRating":"3","latitude":"10.6114","longitude":"-66.8869","state_id":null,"state_name":null,"country_id":null},{"active":false,"Giataid":"122269","cityId":null,"cityName":"Pampatar","hotelId":20005152,"hotelName":"Posada Casa Margaritena","address":"Calle Nueva C?diz,Pampatar,Venezuela","phones":"","fax":"","email":"","url":"","countryIso2":"VE","countryName":"Venezuela","hotelRating":"3","latitude":"10.993","longitude":"-63.8024","state_id":null,"state_name":null,"country_id":null},{"active":false,"Giataid":"91353","cityId":null,"cityName":"Mochima National Park","hotelId":20005609,"hotelName":"Villa Majagual","address":"Mochima National Park,Venezuela","phones":"+582934332120","fax":"","email":"majagual01@cantv.net","url":"","countryIso2":"VE","countryName":"Venezuela","hotelRating":"3","latitude":"10.3298","longitude":"-64.3486","state_id":null,"state_name":null,"country_id":null},{"active":false,"Giataid":"641244","cityId":null,"cityName":"Ciudad Bol?var","hotelId":20006119,"hotelName":"Hotel Gran Churun Meru","address":"Prolongacion Paseo Orinoco,a 300 mts de la Cruz Del Perd?n,Ciudad Bolivar 8001,Estado Bol?var,Venezuela","phones":"+582856170363","fax":"","email":"granhotelchurunmeru@cantv.net","url":"","countryIso2":"VE","countryName":"Venezuela","hotelRating":"0","latitude":"8.1448","longitude":"-63.5526","state_id":null,"state_name":null,"country_id":null},{"active":false,"Giataid":"91312","cityId":null,"cityName":"Playa Caribe","hotelId":20006250,"hotelName":"Casa Caracol","address":"Calle Principal de Playa Caribe,Altagracia,Isla de Margarita,Venezuela","phones":"+582954168439","fax":"+584248442680","email":"casacaracol@caracolgroup.com","url":"http://www.caracolgroup.com/en/index.cfm/casa-caracol/","countryIso2":"VE","countryName":"Venezuela","hotelRating":"3","latitude":"11.1061","longitude":"-63.9692","state_id":null,"state_name":null,"country_id":null},{"active":false,"Giataid":"122449","cityId":null,"cityName":"El Yague (Yaque)","hotelId":20006620,"hotelName":"Casa Viva","address":"El Yaque,Isla Margarita,Venezuela","phones":"+582952639961","fax":"","email":"info@casa-viva.com","url":"http://www.casa-viva.com/","countryIso2":"VE","countryName":"Venezuela","hotelRating":"5","latitude":"10.8976","longitude":"-63.9601","state_id":null,"state_name":null,"country_id":null},{"active":false,"Giataid":"81841","cityId":null,"cityName":"Playa Medina","hotelId":20006925,"hotelName":"Posada Playa Medina","address":"Playa Medina,Pen?nsula de Paria,Sucre,Venezuela","phones":"","fax":"","email":"","url":"","countryIso2":"VE","countryName":"Venezuela","hotelRating":"2","latitude":"10.7144","longitude":"-63.0099","state_id":null,"state_name":null,"country_id":null},{"active":false,"Giataid":"15744","cityId":null,"cityName":"San Juan de las Galdonas","hotelId":20007288,"hotelName":"La Pionera","address":"San Juan de las Galdonas,Venezuela","phones":"","fax":"","email":"","url":"","countryIso2":"VE","countryName":"Venezuela","hotelRating":"0","latitude":"10.7089","longitude":"-62.8456","state_id":null,"state_name":null,"country_id":null},{"active":false,"Giataid":"91308","cityId":null,"cityName":"Toc?pero","hotelId":20007465,"hotelName":"Granja El Ojito","address":"Toc?pero,Estado Falc?n,Venezuela","phones":"+582687741050","fax":"+582687741130","email":"info@granjaelojito.com","url":"http://www.granjaelojito.com","countryIso2":"VE","countryName":"Venezuela","hotelRating":"0","latitude":"11.51","longitude":"-69.2388","state_id":null,"state_name":null,"country_id":null},{"active":false,"Giataid":"91311","cityId":null,"cityName":"Los Roques","hotelId":20007622,"hotelName":"Macanao Lodge","address":"Los Roques,Parque Nacional Archipi?lago de Los Roques,Venezuela","phones":"+582372211301","fax":"+582372211040","email":"lodge@macanaolodge.com","url":"http://www.macanaolodge.com/","countryIso2":"VE","countryName":"Venezuela","hotelRating":"0","latitude":"11.8603","longitude":"-66.7511","state_id":null,"state_name":null,"country_id":null},{"active":false,"Giataid":"556988","cityId":null,"cityName":"Pampatar","hotelId":20007765,"hotelName":"Casas del Sol Hotel Suites & Beach Resort","address":"Playa Moreno,Nueva Esparta,Pampatar,Venezuela","phones":"+582952672204","fax":"","email":"reservas@casasdelsol.com.ve","url":"http://casasdelsol.com.ve/","countryIso2":"VE","countryName":"Venezuela","hotelRating":"3","latitude":"10.994","longitude":"-63.8059","state_id":null,"state_name":null,"country_id":null},{"active":false,"Giataid":"684355","cityId":null,"cityName":"Los Roques","hotelId":20008184,"hotelName":"Posada Acuario","address":"Calle La Laguna 2,Cuadras Del Aeropuerto,Los Roques,Venezuela","phones":"","fax":"","email":"","url":"","countryIso2":"VE","countryName":"Venezuela","hotelRating":"2","latitude":"11.8855","longitude":"-66.7034","state_id":null,"state_name":null,"country_id":null},{"active":false,"Giataid":"35713","cityId":null,"cityName":"Playa Caribe","hotelId":20008914,"hotelName":"Casa Chiara","address":"Playa Caribe,Isla de Margarita,Venezuela","phones":"+58147882036","fax":"","email":"chiara@telcel.net.ve","url":"http://web.tiscalinet.it/casa_chiara/","countryIso2":"VE","countryName":"Venezuela","hotelRating":"4","latitude":"11.1063","longitude":"-63.9691","state_id":null,"state_name":null,"country_id":null},{"active":false,"Giataid":"657873","cityId":null,"cityName":"Isla Margarita","hotelId":20009061,"hotelName":"Quinta Cotoperiz","address":"Al Final De Calle Carabobo,Sector Guiri Guire,La Guardia,Isla de Margarita,Venezuela","phones":"","fax":"","email":"","url":"","countryIso2":"VE","countryName":"Venezuela","hotelRating":"0","latitude":"11.0038","longitude":"-64.0199","state_id":null,"state_name":null,"country_id":null},{"active":false,"Giataid":"526588","cityId":null,"cityName":"Playa el Tirano","hotelId":20009204,"hotelName":"Hotel Pazcifico","address":"Calle principal El Tirano,Antolin del Campo,El Tirano,Isla de Margarita,Venezuela","phones":"+582952348880","fax":"","email":"Pazcifico@gmail.com","url":"http://www.hotelpazcifico.com","countryIso2":"VE","countryName":"Venezuela","hotelRating":"3","latitude":"11.1135","longitude":"-63.8455","state_id":null,"state_name":null,"country_id":null},{"active":false,"Giataid":"91352","cityId":null,"cityName":"Tacarigua National Park","hotelId":20009337,"hotelName":"Tortuga Lodge","address":"Parque Nacional La Laguna de Tacarigua,Laguna de Tacarigua,Venezuela","phones":"+582127156561","fax":"+582129932939","email":"booking@casatropical.com.ve","url":"http://www.tortugalodge.com.ve/","countryIso2":"VE","countryName":"Venezuela","hotelRating":"3","latitude":"10.2771","longitude":"-65.822","state_id":null,"state_name":null,"country_id":null},{"active":false,"Giataid":"240508","cityId":null,"cityName":"Choroni","hotelId":20009638,"hotelName":"Posada La Bokaina","address":"Hacienda El Portete, Sector La Bokaina No 4,Puerto Colombia,Choron?,Venezuela","phones":"+582439911291","fax":"+582439911291","email":"posadalabokaina@hotmail.com","url":"http://www.labokaina.com/en.aspx","countryIso2":"VE","countryName":"Venezuela","hotelRating":"0","latitude":"10.5063","longitude":"-67.6088","state_id":null,"state_name":null,"country_id":null},{"active":false,"Giataid":"586681","cityId":null,"cityName":"Playa el Agua","hotelId":20010180,"hotelName":"Posada Guaicora","address":"Avenida 31 de Julio,calle La Mira,Playa el Agua,Manzanillo Venezuela,Venezuela","phones":"+584241526898","fax":"","email":"info@guaicora.com","url":"http://www.guaicora.com","countryIso2":"VE","countryName":"Venezuela","hotelRating":"3","latitude":"11.1419","longitude":"-63.8708","state_id":null,"state_name":null,"country_id":null},{"active":false,"Giataid":"4978","cityId":null,"cityName":"Playa el Agua","hotelId":20011206,"hotelName":"Confortel Casa Marina","address":"Caraballo,Sector La Mira,Playa El Agua,Isla Margarita,Venezuela","phones":"","fax":"","email":"","url":"","countryIso2":"VE","countryName":"Venezuela","hotelRating":"0","latitude":"11.1491","longitude":"-63.8676","state_id":null,"state_name":null,"country_id":null},{"active":false,"Giataid":"81953","cityId":null,"cityName":"El Yague (Yaque)","hotelId":20011338,"hotelName":"Jump'n Jibe","address":"Calle Principal s/n,El Yaque,Isla Margarita,Venezuela","phones":"+582952638396","fax":"+582952638676","email":"dario@jumpnjibe.com","url":"http://www.jumpnjibe.com/","countryIso2":"VE","countryName":"Venezuela","hotelRating":"3","latitude":"10.8972","longitude":"-63.9608","state_id":null,"state_name":null,"country_id":null},{"active":false,"Giataid":"102683","cityId":null,"cityName":"Playa Pedro Gonzalez","hotelId":20011457,"hotelName":"Dunes Puerto Cruz","address":"Playa Pedro Gonzalez,Venezuela","phones":"","fax":"","email":"","url":"","countryIso2":"VE","countryName":"Venezuela","hotelRating":"4","latitude":"11.122","longitude":"-63.9268","state_id":null,"state_name":null,"country_id":null},{"active":false,"Giataid":"100706","cityId":null,"cityName":"El Yague (Yaque)","hotelId":20011586,"hotelName":"Casa Viento","address":"El Yaque,Margarita,Venezuela","phones":"+583034470924","fax":"+583034472630","email":"windsurf@casaviento.com","url":"http://www.casaviento.com/activities/index.html","countryIso2":"VE","countryName":"Venezuela","hotelRating":"3","latitude":"10.9","longitude":"-63.9603","state_id":null,"state_name":null,"country_id":null},{"active":false,"Giataid":"91309","cityId":null,"cityName":"Car?pano","hotelId":20011689,"hotelName":"Posada Playa de Uva","address":"Rio Caribe,Carupano,Paria Peninsula,Venezuela","phones":"+582122633649","fax":"+582122639455","email":"parquenivaldito@gmail.com","url":"http://www.parquenivaldito.com/","countryIso2":"VE","countryName":"Venezuela","hotelRating":"3","latitude":"10.6997","longitude":"-63.1147","state_id":null,"state_name":null,"country_id":null},{"active":false,"Giataid":"492034","cityId":null,"cityName":"Puerto Ordaz","hotelId":20012213,"hotelName":"Hotel 286","address":"Calle 1,Urban Los Saltos,Puerto Ordaz,Venezuela","phones":"+582869617039","fax":"","email":"9616387","url":"","countryIso2":"VE","countryName":"Venezuela","hotelRating":"3","latitude":"8.29941","longitude":"-62.7183","state_id":null,"state_name":null,"country_id":null},{"active":false,"Giataid":"18920","cityId":null,"cityName":"Playa el Agua","hotelId":20012491,"hotelName":"Pelican Village","address":"Calle Pelican,Playa el Agua,Isla de Margarita,Venezuela","phones":"","fax":"","email":"","url":"","countryIso2":"VE","countryName":"Venezuela","hotelRating":"2","latitude":"11.1482","longitude":"-63.8689","state_id":null,"state_name":null,"country_id":null},{"active":false,"Giataid":"537777","cityId":null,"cityName":"Playa Pedro Gonzalez","hotelId":20012641,"hotelName":"Club Punta Playa Hotel-Spa & Resort","address":"Valle de Pedro Gonz?lez,Municipio G?mez,Isla de Margarita 06301,Venezuela,Estado Nueva Esparta,Venezuela","phones":"+582955007500","fax":"","email":"info@clubpuntaplaya.com.ve","url":"http://www.hotelclubpuntaplaya.com.ve/","countryIso2":"VE","countryName":"Venezuela","hotelRating":"4","latitude":"11.1218","longitude":"-63.9234","state_id":null,"state_name":null,"country_id":null},{"active":false,"Giataid":"59881","cityId":null,"cityName":"Pampatar","hotelId":20012741,"hotelName":"Bahia Dorada","address":"Urbanizaci?n Playa El ?ngel,Pampatar,Isla de Margarita,Venezuela","phones":"+582952670011","fax":"+582952629094","email":"condominio@bahiadorada.com.ve","url":"http://www.bahiadorada.com.ve","countryIso2":"VE","countryName":"Venezuela","hotelRating":"4","latitude":"10.9915","longitude":"-63.803","state_id":null,"state_name":null,"country_id":null},{"active":false,"Giataid":"423658","cityId":null,"cityName":"Pampatar","hotelId":20012889,"hotelName":"Unik by Sunsol","address":"Avenida Jovito Villalba,Centro Comercial Parque Costazul,Nivel Planta Local of-02,Sector Los Robles,Pampatar 6301,Isla de Margarita,Venezuela","phones":"+582955004100","fax":"","email":"reservas@unikhoteles.com","url":"http://www.sunsolhoteles.com/unik/","countryIso2":"VE","countryName":"Venezuela","hotelRating":"5","latitude":"10.989","longitude":"-63.8227","state_id":null,"state_name":null,"country_id":null},{"active":false,"Giataid":"724149","cityId":null,"cityName":"Pampatar","hotelId":20012956,"hotelName":"Villa La Blanquilla","address":"Urbanizacion Altos de Maneiro,Pampatar 1012,Venezuela","phones":"","fax":"","email":"","url":"","countryIso2":"VE","countryName":"Venezuela","hotelRating":"3","latitude":"11.0038","longitude":"-63.822","state_id":null,"state_name":null,"country_id":null},{"active":false,"Giataid":"513097","cityId":null,"cityName":"Playa el Agua","hotelId":20013128,"hotelName":"Posada Sotavento Beach","address":"Calle principal de La Mira,Playa El Agua,Isla Margarita 6301,Nueva Esparta,Venezuela","phones":"","fax":"","email":"","url":"http://www.posadasotaventobeach.com.ve/","countryIso2":"VE","countryName":"Venezuela","hotelRating":"2","latitude":"11.1425","longitude":"-63.8693","state_id":null,"state_name":null,"country_id":null},{"active":false,"Giataid":"657863","cityId":null,"cityName":"Playa el Agua","hotelId":20013280,"hotelName":"Posada Las Ross","address":"Calle Diaz Ordaz,La Mira,Playa El Agua,Nueva Esparta,Venezuela","phones":"+582952490807","fax":"","email":"contacto@posadalasross.com","url":"http://www.posadalasross.com","countryIso2":"VE","countryName":"Venezuela","hotelRating":"0","latitude":"11.1387","longitude":"-63.8634","state_id":null,"state_name":null,"country_id":null},{"active":false,"Giataid":"76134","cityId":null,"cityName":"Los Roques","hotelId":20014020,"hotelName":"Posada La Cigala","address":"El Gran Roque,Parque Nacional Archipi?lago de Los Roques,Venezuela","phones":"+584142365721","fax":"","email":"posadalacigala@gmail.com","url":"http://www.lacigala.com","countryIso2":"VE","countryName":"Venezuela","hotelRating":"3","latitude":"11.9489","longitude":"-66.6734","state_id":null,"state_name":null,"country_id":null},{"active":false,"Giataid":"87444","cityId":null,"cityName":"Los Roques","hotelId":20014148,"hotelName":"Posada La Gaviota","address":"Calle Las Gaviotas N74,casa Nro 74,Zona Parque Nacional Los Roques,Venezuela","phones":"+582124157561","fax":"","email":"reservas@posadalagaviota.com","url":"http://www.posadalagaviota.com","countryIso2":"VE","countryName":"Venezuela","hotelRating":"0","latitude":"11.8603","longitude":"-66.7511","state_id":null,"state_name":null,"country_id":null},{"active":false,"Giataid":"546773","cityId":null,"cityName":"Puerto Ordaz","hotelId":20014394,"hotelName":"Posada Churum Meru","address":"Campo B Calle M?xico No. 8,Puerto Ordaz,Bolivar,Venezuela","phones":"","fax":"","email":"","url":"","countryIso2":"VE","countryName":"Venezuela","hotelRating":"3","latitude":"8.30942","longitude":"-62.7194","state_id":null,"state_name":null,"country_id":null},{"active":false,"Giataid":"419000","cityId":null,"cityName":"Puerto Ordaz","hotelId":20014633,"hotelName":"Hotel Rasil","address":"V?a Venezuela,Centro C?vico,Puerto Ordaz,Venezuela","phones":"+582869201600","fax":"+582869227703","email":"reservaciones@hotelrasilpzo.com","url":"http://www.hotelrasilpzo.com/","countryIso2":"VE","countryName":"Venezuela","hotelRating":"4","latitude":"8.3158","longitude":"-62.7216","state_id":null,"state_name":null,"country_id":null},{"active":false,"Giataid":"485082","cityId":null,"cityName":"San Crist?bal","hotelId":20014801,"hotelName":"Mon Cricket Hotel","address":"Calle 12 12-84,Esquina Carrera 13,Sector San Carlos,San Cristobal 5001,Venezuela","phones":"","fax":"","email":"","url":"","countryIso2":"VE","countryName":"Venezuela","hotelRating":"3","latitude":"7.77154","longitude":"-72.2269","state_id":null,"state_name":null,"country_id":null},{"active":false,"Giataid":"227158","cityId":null,"cityName":"Los Roques","hotelId":20015017,"hotelName":"Posada Guaripete","address":"Gran Roque,Archipi?lago los Roques,Venezuela","phones":"","fax":"","email":"info@posadaguaripete.com","url":"http://spa.posadaguaripete.com/","countryIso2":"VE","countryName":"Venezuela","hotelRating":"2","latitude":"11.9477","longitude":"-66.6762","state_id":null,"state_name":null,"country_id":null},{"active":false,"Giataid":"15656","cityId":null,"cityName":"Playa las Arenas - Bahia de Plata","hotelId":20015371,"hotelName":"La Ceiba","address":"Bahia de Plata,Playa las Arenas,Venezuela","phones":"","fax":"","email":"","url":"","countryIso2":"VE","countryName":"Venezuela","hotelRating":"0","latitude":"11.1158","longitude":"-63.9431","state_id":null,"state_name":null,"country_id":null},{"active":false,"Giataid":"81952","cityId":null,"cityName":"El Yague (Yaque)","hotelId":20015513,"hotelName":"El Yaque Beach","address":"Calle Principal,El Yague,Isla de Margarita,Venezuela","phones":"+582952638441","fax":"+582952639851","email":"eybeach@cantv.net","url":"http://www.yaque-beach.com/","countryIso2":"VE","countryName":"Venezuela","hotelRating":"3","latitude":"10.8976","longitude":"-63.9609","state_id":null,"state_name":null,"country_id":null},{"active":false,"Giataid":"534625","cityId":null,"cityName":"Pampatar","hotelId":20015952,"hotelName":"Hotel Unik Margarita","address":"Centro Comercial Parque Costazul,Pampatar 6301,Isla de Margarita,Venezuela","phones":"+582955004000","fax":"","email":"reservas@unikhoteles.com","url":"http://www.unikhoteles.com","countryIso2":"VE","countryName":"Venezuela","hotelRating":"5","latitude":"10.9888","longitude":"-63.8223","state_id":null,"state_name":null,"country_id":null},{"active":false,"Giataid":"92099","cityId":null,"cityName":"Orinoco Delta","hotelId":20016299,"hotelName":"Orinoco  Bujana Lodge","address":"Tucupita,Delta Amacuro,Venezuela","phones":"+582877211953","fax":"+58287210801","email":"orinocodelta@cantv.net","url":"http://www.orinocodelta.com","countryIso2":"VE","countryName":"Venezuela","hotelRating":"0","latitude":"9.05697","longitude":"-62.0496","state_id":null,"state_name":null,"country_id":null},{"active":false,"Giataid":"556984","cityId":null,"cityName":"Higuerote","hotelId":20016813,"hotelName":"Aguasal Fiesta Inn Hotel & Resort","address":"Avenida Aereopuerto,Urbanizacion Aguasal,Higuerote 1231,Miranda,Venezuela","phones":"+582343237325","fax":"","email":"","url":"http://www.aguasal.com/","countryIso2":"VE","countryName":"Venezuela","hotelRating":"3","latitude":"10.5052","longitude":"-66.8673","state_id":null,"state_name":null,"country_id":null},{"active":false,"Giataid":"556984","cityId":null,"cityName":"Higuerote","hotelId":20016813,"hotelName":"Aguasal Fiesta Inn Hotel & Resort","address":"Avenida Aereopuerto,Urbanizacion Aguasal,Higuerote 1231,Miranda,Venezuela","phones":"+582343237325","fax":"","email":"","url":"http://www.aguasal.com/","countryIso2":"VE","countryName":"Venezuela","hotelRating":"3","latitude":"10.5052","longitude":"-66.8673","state_id":null,"state_name":null,"country_id":null},{"active":false,"Giataid":"544075","cityId":null,"cityName":"Los Roques","hotelId":20016913,"hotelName":"Posada Galeria  La Corsaria","address":"Calle Las Flores 1117,Parque Nacional los Roques,Los Roques,Venezuela","phones":"","fax":"","email":"","url":"http://www.posadalacorsaria.com/","countryIso2":"VE","countryName":"Venezuela","hotelRating":"3","latitude":"11.9476","longitude":"-66.6769","state_id":null,"state_name":null,"country_id":null},{"active":false,"Giataid":"76133","cityId":null,"cityName":"Los Roques","hotelId":20017033,"hotelName":"Posadas La Plaza & Las Palmeras","address":"Los Roques,Parque Nacional Archipi?lago de Los Roques,Venezuela","phones":"+582122123110","fax":"+582127625254","email":"sramirez@tuy.com","url":"http://www.tuy.com/los_roques_estadia.html","countryIso2":"VE","countryName":"Venezuela","hotelRating":"3","latitude":"11.8603","longitude":"-66.7511","state_id":null,"state_name":null,"country_id":null},{"active":false,"Giataid":"404241","cityId":null,"cityName":"Puerto la Cruz","hotelId":20017283,"hotelName":"Hotel Venetur Puerto La Cruz","address":"Paseo Colon 33,Bahia De Pozuelos,Antiguo Venetur,Puerto La Cruz 6023,Venezuela","phones":"+582815003611","fax":"","email":"info@venetur.gob.ve","url":"http://www.venetur.gob.ve/index.php/hotel/hotel-puerto-la-cruz.html","countryIso2":"VE","countryName":"Venezuela","hotelRating":"5","latitude":"10.2128","longitude":"-64.6466","state_id":null,"state_name":null,"country_id":null},{"active":false,"Giataid":"537804","cityId":null,"cityName":"El Yague (Yaque)","hotelId":20017719,"hotelName":"Posada La Iguana","address":"Calle principal de Playa el Yaque,Playa El Yaque,Isla de Margarita,Venezuela,Estado Nueva Esparta,Venezuela","phones":"+582954174909","fax":"","email":"","url":"http://posadalaiguana.com/","countryIso2":"VE","countryName":"Venezuela","hotelRating":"0","latitude":"10.8958","longitude":"-63.9747","state_id":null,"state_name":null,"country_id":null},{"active":false,"Giataid":"411407","cityId":null,"cityName":"Playa el Agua","hotelId":20017992,"hotelName":"Hotel & Spa Oceano Azzurro","address":"Av. 31 de Julio,frente a calle Pelicano,a 400mts del Bodegon de Johnny,Playa el Agua, Isla de Margarita,Venezuela","phones":"+582952490191","fax":"","email":"reservas@hoteloceanoazzurro.com","url":"http://www.hoteloceanoazzurro.com/","countryIso2":"VE","countryName":"Venezuela","hotelRating":"3","latitude":"11.1457","longitude":"-63.8733","state_id":null,"state_name":null,"country_id":null},{"active":false,"Giataid":"486608","cityId":null,"cityName":"Playa el Agua","hotelId":20018106,"hotelName":"La Costa Playa El Agua Hotel","address":"Calle Miragua,Antolin del Campo,Playa el Agua 6301,Nueva Esparta,Venezuela","phones":"+582952490736","fax":"","email":"reservas@hotelplayaelagua.com","url":"https://hotelplayaelagua.com","countryIso2":"VE","countryName":"Venezuela","hotelRating":"3","latitude":"11.1443","longitude":"-63.8681","state_id":null,"state_name":null,"country_id":null},{"active":false,"Giataid":"660760","cityId":null,"cityName":"Pampatar","hotelId":20018208,"hotelName":"Aquarius Hotel Boutique","address":"Avenida Aldonza Manrique,Municipio Maneiro,c/c El Mero,Behind CC AB,Via Playa Moreno,Urbanizacion Playa el ?ngel,Pampatar 6316,Isla Margarita,Nueva Esparta state,Venezuela","phones":"+582952671076","fax":"","email":"reservas@aquariushotelboutique.com","url":"http://www.aquariushotelboutique.com","countryIso2":"VE","countryName":"Venezuela","hotelRating":"3","latitude":"10.994","longitude":"-63.8059","state_id":null,"state_name":null,"country_id":null},{"active":false,"Giataid":"434796","cityId":null,"cityName":"Pampatar","hotelId":20018393,"hotelName":"Hotel Tibisay Boutique Margarita","address":"Avenida Aldonza Manrique,con Calle Camar?n,Frente a Playa Varadero,Urbanicacion Playa el ?ngel,Pampatar 6301,Nueva Esparta,Venezuela","phones":"+582955000700","fax":"","email":"info@tibisayhotelboutique.com","url":"http://www.tibisayhotelboutique.com/margarita","countryIso2":"VE","countryName":"Venezuela","hotelRating":"0","latitude":"10.989","longitude":"-63.8055","state_id":null,"state_name":null,"country_id":null},{"active":false,"Giataid":"11665","cityId":null,"cityName":"Puerto la Cruz","hotelId":20018734,"hotelName":"Doral Beach Resort","address":"Puerto la Cruz,Venezuela","phones":"","fax":"","email":"","url":"","countryIso2":"VE","countryName":"Venezuela","hotelRating":"0","latitude":"10.209","longitude":"-64.65","state_id":null,"state_name":null,"country_id":null},{"active":false,"Giataid":"556675","cityId":null,"cityName":"Gran Roque","hotelId":20018821,"hotelName":"Posada Bequeve","address":"Isla El Gran Roque,Los Roques,Venezuela,Venezuela","phones":"+582122647485","fax":"+5821267154","email":"info@bequeve.com","url":"http://www.bequeve.com","countryIso2":"VE","countryName":"Venezuela","hotelRating":"3","latitude":"11.9467","longitude":"-66.6766","state_id":null,"state_name":null,"country_id":null},{"active":false,"Giataid":"533478","cityId":null,"cityName":"Puerto la Cruz","hotelId":20019097,"hotelName":"Rasil Puerto La Cruz","address":"Avenida Paseo Col?n,Con Calle Monagas 6,Puerto La Cruz,Estado Anzo?tegui,Venezuela","phones":"+582812623000","fax":"+582812673121","email":"reservaciones@hotelrasil.com.ve","url":"http://www.hotelrasil.com.ve/instal_plc.php","countryIso2":"VE","countryName":"Venezuela","hotelRating":"3","latitude":"10.2185","longitude":"-64.6409","state_id":null,"state_name":null,"country_id":null},{"active":false,"Giataid":"612350","cityId":null,"cityName":"Puerto la Cruz","hotelId":20019494,"hotelName":"Marina Hotel Aqua Vi Suites","address":"Complejo Turistico El Morro,Al Lado Club Sirio Venezola,Puerto la Cruz 6023,Venezuela","phones":"+582814202782","fax":"","email":"reservas@aquavisuites.com.ve","url":"http://www.aquavisuites.com.ve/","countryIso2":"VE","countryName":"Venezuela","hotelRating":"3","latitude":"10.2015","longitude":"-64.6638","state_id":null,"state_name":null,"country_id":null},{"active":false,"Giataid":"11650","cityId":null,"cityName":"Playa el Agua","hotelId":20020034,"hotelName":"Dona Romelia","address":"Playa el Agua,Venezuela","phones":"","fax":"","email":"","url":"","countryIso2":"VE","countryName":"Venezuela","hotelRating":"0","latitude":"11.1458","longitude":"-63.8695","state_id":null,"state_name":null,"country_id":null},{"active":false,"Giataid":"552707","cityId":null,"cityName":"Isla Margarita","hotelId":20020110,"hotelName":"Marbellamar","address":"Av. Aldonza Manrique,Urb. Playa El Angel,Isla de Margarita,Venezuela","phones":"","fax":"","email":"","url":"","countryIso2":"VE","countryName":"Venezuela","hotelRating":"3","latitude":"11.0038","longitude":"-63.8692","state_id":null,"state_name":null,"country_id":null},{"active":false,"Giataid":"411415","cityId":null,"cityName":"Pampatar","hotelId":20020213,"hotelName":"Hotel Margarita Real","address":"Cruce de la avenida Aldonza Manrique con calle Camar?n(al final de la calle),Playa El ?ngel en la Ciudad de Pampatar,Municipio Maneiro,Venezuela","phones":"+582952601311","fax":"","email":"Gerenteventas@margaritareal.com.ve","url":"","countryIso2":"VE","countryName":"Venezuela","hotelRating":"4","latitude":"10.9912","longitude":"-63.8078","state_id":null,"state_name":null,"country_id":null},{"active":false,"Giataid":"556636","cityId":null,"cityName":"Gran Roque","hotelId":20020519,"hotelName":"Posada Acuarela","address":"Plaza de los Ni?os #117,Gran Roque,1161 Venezuela,Venezuela","phones":"+582372211012","fax":"","email":"acuarela@los-roques.org","url":"","countryIso2":"VE","countryName":"Venezuela","hotelRating":"3","latitude":"11.8597","longitude":"-66.7499","state_id":null,"state_name":null,"country_id":null},{"active":false,"Giataid":"91305","cityId":null,"cityName":"Orinoco Delta","hotelId":20020673,"hotelName":"Flotel Warrao","address":"Ca?o Macareo,Orinoco Delta,Venezuela","phones":"","fax":"","email":"info@gruporioverde.com","url":"","countryIso2":"VE","countryName":"Venezuela","hotelRating":"0","latitude":"8.86701","longitude":"-61.8716","state_id":null,"state_name":null,"country_id":null},{"active":false,"Giataid":"551077","cityId":null,"cityName":"Los Roques","hotelId":20020930,"hotelName":"Posada Acquamarina","address":"Calle Principal 148,Los Roques,Venezuela","phones":"+584123101962","fax":"+582122675769","email":"posada@intercon.net.ve","url":"http://www.posada-acquamarina.com/deuch.html","countryIso2":"VE","countryName":"Venezuela","hotelRating":"3","latitude":"11.8604","longitude":"-66.7511","state_id":null,"state_name":null,"country_id":null},{"active":false,"Giataid":"201903","cityId":null,"cityName":"Ciudad Bol?var","hotelId":20021247,"hotelName":"Caura Lodge","address":"R?o Caura,Ciudad Bolivar,Sucre,Venezuela","phones":"","fax":"","email":"ventas@casatropical.com.ve","url":"http://www.casatropical.com.ve/Home/ShowLodging/132","countryIso2":"VE","countryName":"Venezuela","hotelRating":"0","latitude":"7.07466","longitude":"-64.9975","state_id":null,"state_name":null,"country_id":null},{"active":false,"Giataid":"684084","cityId":null,"cityName":"Los Roques","hotelId":20021479,"hotelName":"Posada Va Pensiero","address":"Atras De La Plaza Principal,Los Roques,Venezuela","phones":"","fax":"","email":"","url":"","countryIso2":"VE","countryName":"Venezuela","hotelRating":"2","latitude":"11.8855","longitude":"-66.7034","state_id":null,"state_name":null,"country_id":null},{"active":false,"Giataid":"657878","cityId":null,"cityName":"Los Roques","hotelId":20021518,"hotelName":"Posada Natura Viva","address":"Plaza Bolivar 29,Los Roques,Venezuela","phones":"","fax":"","email":"","url":"","countryIso2":"VE","countryName":"Venezuela","hotelRating":"0","latitude":"11.946","longitude":"-66.6768","state_id":null,"state_name":null,"country_id":null},{"active":false,"Giataid":"533451","cityId":null,"cityName":"Matur?n","hotelId":20021607,"hotelName":"Stauffer Hotel Maturin","address":"Avenida Alirio Ugarte Pelayo,Matur?n,Estado Monagas,Venezuela","phones":"+582916431111","fax":"+582916431455","email":"vtasmat@staufferhotel.com.ve","url":"http://www.staufferhotel.com.ve/","countryIso2":"VE","countryName":"Venezuela","hotelRating":"5","latitude":"9.79633","longitude":"-63.2036","state_id":null,"state_name":null,"country_id":null},{"active":false,"Giataid":"879577","cityId":null,"cityName":"Matur?n","hotelId":20385299,"hotelName":"Estancia Los Potros","address":"Carretera Nacional V?a Al Sur Via Curiepe,Casa Estancia,Maturin 6201,Monagas,Venezuela","phones":"","fax":"","email":"laestancialospotros@gmail.com","url":"","countryIso2":"VE","countryName":"Venezuela","hotelRating":"0","latitude":"9.73985","longitude":"-63.1914","state_id":null,"state_name":null,"country_id":null},{"active":false,"Giataid":"907156","cityId":null,"cityName":"Isla Margarita","hotelId":20385304,"hotelName":"Hotel Boutique Isabel La Catolica","address":"Casco Hist?rico de Pampatar,Isla de Margarita,Venezuela","phones":"+582959350152","fax":"","email":"info@hotelisabellacatolica.com","url":"http://www.hotelisabellacatolica.com","countryIso2":"VE","countryName":"Venezuela","hotelRating":"0","latitude":"11.0444","longitude":"-63.8567","state_id":null,"state_name":null,"country_id":null},{"active":false,"Giataid":"876442","cityId":null,"cityName":"Los Roques","hotelId":20385306,"hotelName":"Posada Lagunita","address":"Calle La Laguna,Casa 153,Los Roques,Gran Roque 1116,Venezuela","phones":"","fax":"","email":"","url":"http://www.posadalagunita.com/","countryIso2":"VE","countryName":"Venezuela","hotelRating":"0","latitude":"11.9164","longitude":"-66.6906","state_id":null,"state_name":null,"country_id":null},{"active":false,"Giataid":"939649","cityId":null,"cityName":"Puerto la Cruz","hotelId":20385307,"hotelName":"Continental Inn Aparthotel","address":"Calle Maneiro 15,Municipio Sotillo,Puerto La Cruz,Estado Anzoategui,Venezuela","phones":"+582812650925","fax":"+582812688730","email":"info@continentalinn.com.ve","url":"http://www.continentalinn.com.ve","countryIso2":"VE","countryName":"Venezuela","hotelRating":"0","latitude":"10.209","longitude":"-64.65","state_id":null,"state_name":null,"country_id":null},{"active":false,"Giataid":"919829","cityId":null,"cityName":"Pampatar","hotelId":20385309,"hotelName":"Hotel Colinas Del Sol","address":"Calle 3 De Mayo,Pampatar 6316,Venezuela","phones":"","fax":"","email":"","url":"http://hotel-colinas-del-sol.negocio.site/","countryIso2":"VE","countryName":"Venezuela","hotelRating":"0","latitude":"10.994","longitude":"-63.8059","state_id":null,"state_name":null,"country_id":null},{"active":false,"Giataid":"887303","cityId":null,"cityName":"Los Roques","hotelId":20385311,"hotelName":"Acquamarina","address":"Calle La Lagunita,Los Roques 1161,Federal Dependencies of Venezuela,Venezuela","phones":"","fax":"","email":"","url":"","countryIso2":"VE","countryName":"Venezuela","hotelRating":"0","latitude":"11.9164","longitude":"-66.6906","state_id":null,"state_name":null,"country_id":null},{"active":false,"Giataid":"932343","cityId":null,"cityName":"Playa Cardon","hotelId":20385319,"hotelName":"Posada Casa Cardon","address":"Calle Principal El Cardon Casa 0806,Municipio Antolin del Campo,El Cardon 6317,Nueva Esparta,Venezuela","phones":"","fax":"","email":"","url":"http://casacardon.business.site/","countryIso2":"VE","countryName":"Venezuela","hotelRating":"0","latitude":"11.1045","longitude":"-63.8454","state_id":null,"state_name":null,"country_id":null},{"active":false,"Giataid":"919819","cityId":null,"cityName":"Los Roques","hotelId":20385321,"hotelName":"Posada Sol Y Luna","address":"Calle la Playa 56,Los Roque 1160,Venezuela","phones":"","fax":"","email":"","url":"","countryIso2":"VE","countryName":"Venezuela","hotelRating":"0","latitude":"11.9164","longitude":"-66.6906","state_id":null,"state_name":null,"country_id":null},{"active":false,"Giataid":"884667","cityId":null,"cityName":"Matur?n","hotelId":20385328,"hotelName":"Hotel Monagas Internacional","address":"Avenida Libertador Cruce Con,Calle Orinoco,Maturin 6201,Monagas,Venezuela","phones":"","fax":"","email":"","url":"","countryIso2":"VE","countryName":"Venezuela","hotelRating":"0","latitude":"9.73985","longitude":"-63.1914","state_id":null,"state_name":null,"country_id":null},{"active":false,"Giataid":"932223","cityId":null,"cityName":"Playa Cardon","hotelId":20385333,"hotelName":"Posada Casa Las Trinitarias","address":"Sector Alto Rosa,El Cardon 6317,Paraguachi,Isla Margarita,Estado Nueva Esparta,Venezuela","phones":"","fax":"","email":"casalastrinitarias@gmail.com","url":"http://www.lastrinitarias.com.ve","countryIso2":"VE","countryName":"Venezuela","hotelRating":"0","latitude":"11.1023","longitude":"-63.8475","state_id":null,"state_name":null,"country_id":null},{"active":false,"Giataid":"899477","cityId":null,"cityName":"Los Roques","hotelId":20385334,"hotelName":"Posada Galapagos","address":"El Gran Roque,Los Roques,Venezuela","phones":"+582372211104","fax":"","email":"posadagalapagoslosroques@gmail.com","url":"http://posadagalapagos.com.ve","countryIso2":"VE","countryName":"Venezuela","hotelRating":"0","latitude":"11.9164","longitude":"-66.6906","state_id":null,"state_name":null,"country_id":null},{"active":false,"Giataid":"945141","cityId":null,"cityName":"El Yague (Yaque)","hotelId":20385336,"hotelName":"Posada Yaque Sol","address":"Hato La Teja Lote 9,Detras De Posada Rancho Delfin,El Yaque 6301,Venezuela","phones":"","fax":"","email":"","url":"","countryIso2":"VE","countryName":"Venezuela","hotelRating":"0","latitude":"10.8984","longitude":"-63.9608","state_id":null,"state_name":null,"country_id":null},{"active":false,"Giataid":"876438","cityId":null,"cityName":"Los Roques","hotelId":20385338,"hotelName":"Posada Piano y Papaya","address":"Calle la Iglesia Isla del Gran Roque,Los Roques,Gran Roque 1161,Dependencias Federales Venezolanas,Venezuela","phones":"","fax":"","email":"info@losroques.com","url":"http://www.losroques.com/posada/index.php/es/","countryIso2":"VE","countryName":"Venezuela","hotelRating":"0","latitude":"11.9164","longitude":"-66.6906","state_id":null,"state_name":null,"country_id":null},{"active":false,"Giataid":"873091","cityId":null,"cityName":"Puerto Ordaz","hotelId":20385339,"hotelName":"Hotel Rosa Bela","address":"Puerto Ordaz,Venezuela","phones":"+582869550811","fax":"","email":"gerenciadeventas@hotelrosabela.com","url":"http://www.hotelrosabela.com","countryIso2":"VE","countryName":"Venezuela","hotelRating":"0","latitude":"8.30295","longitude":"-62.7285","state_id":null,"state_name":null,"country_id":null},{"active":false,"Giataid":"978419","cityId":null,"cityName":"Los Roques","hotelId":20422968,"hotelName":"Posada Tsunami","address":"Calle La Gaviota,Parque Nacional Archipielago,Los Roques,Venezuela","phones":"","fax":"","email":"","url":"","countryIso2":"VE","countryName":"Venezuela","hotelRating":"1","latitude":"11.9164","longitude":"-66.6906","state_id":null,"state_name":null,"country_id":null}]