[{"active":false,"Giataid":"188018","cityId":1450,"cityName":"San Salvador","hotelId":188018,"hotelName":"Hotel Las Magnolias","address":"Avenida Las Magnolias 226,Colonia San Benito,San Salvador,El Salvador","phones":"","fax":"","email":"","url":"","countryIso2":"SV","countryName":"El Salvador","hotelRating":"3","latitude":"13.6915","longitude":"-89.2382","state_id":3654,"state_name":"Entre Rios","country_id":11},{"active":false,"Giataid":"236350","cityId":1450,"cityName":"San Salvador","hotelId":236350,"hotelName":"Villa Florencia","address":"Avenida de la Revoluci?n 262,Calle Las Palmas,Colonia San Benito,San Salvador,El Salvador","phones":"+50322570236","fax":"","email":"zonarosa@hotelesvillaflorencia.com","url":"http://hotelvillaflorencia.com/","countryIso2":"SV","countryName":"El Salvador","hotelRating":"3","latitude":"13.689","longitude":"-89.2389","state_id":3654,"state_name":"Entre Rios","country_id":11},{"active":false,"Giataid":"236367","cityId":1450,"cityName":"San Salvador","hotelId":236367,"hotelName":"De La Escalon","address":"Calle Nueva 1 No. 3889,Col. Escal?n,San Salvador,El Salvador","phones":"+50322237111","fax":"","email":"hoteldelaescalon@integra.com.sv","url":"http://www.hoteldelaescalon.com","countryIso2":"SV","countryName":"El Salvador","hotelRating":"3","latitude":"13.7001","longitude":"-89.2324","state_id":3654,"state_name":"Entre Rios","country_id":11},{"active":false,"Giataid":"236369","cityId":1450,"cityName":"San Salvador","hotelId":236369,"hotelName":"Villa Florencia Zona Centro","address":"3a Calle Poniente No. 1023,San Salvador,El Salvador","phones":"+50322211706","fax":"","email":"","url":"http://www.hotelvillaflorencia.com/intro.htm","countryIso2":"SV","countryName":"El Salvador","hotelRating":"2","latitude":"13.7016","longitude":"-89.2005","state_id":3654,"state_name":"Entre Rios","country_id":11},{"active":false,"Giataid":"67813","cityId":1450,"cityName":"San Salvador","hotelId":236373,"hotelName":"Crowne Plaza San Salvador","address":"89 Avenue Norte y 11 Calle Poniente,Colonia Escalon,San Salvador,El Salvador","phones":"+50325000700","fax":"+50325000710","email":"crowneplaza@hotelsal.com","url":"http://www.crowneplaza.com/h/d/cp/394/de/hd/sslcp?crUrl=/h/d/cp/394/de/hotelsearchresults&amp;rpb=hotel&amp;_requestid=32601","countryIso2":"SV","countryName":"El Salvador","hotelRating":"4","latitude":"13.7096","longitude":"-89.2415","state_id":3654,"state_name":"Entre Rios","country_id":11},{"active":false,"Giataid":"67813","cityId":1450,"cityName":"San Salvador","hotelId":236373,"hotelName":"Crowne Plaza San Salvador","address":"89 Avenue Norte y 11 Calle Poniente,Colonia Escalon,San Salvador,El Salvador","phones":"+50325000700","fax":"+50325000710","email":"crowneplaza@hotelsal.com","url":"http://www.crowneplaza.com/h/d/cp/394/de/hd/sslcp?crUrl=/h/d/cp/394/de/hotelsearchresults&amp;rpb=hotel&amp;_requestid=32601","countryIso2":"SV","countryName":"El Salvador","hotelRating":"4","latitude":"13.7096","longitude":"-89.2415","state_id":3654,"state_name":"Entre Rios","country_id":11},{"active":false,"Giataid":"236462","cityId":1450,"cityName":"San Salvador","hotelId":236462,"hotelName":"Posada del Rey Primero","address":"Passaje Dordelly 4425,between 85 and 87 Avenida Norte,Colonia Escalon,San Salvador,El Salvador","phones":"+50322645245","fax":"+50322642549","email":"gerencialaposadadelreyprimero@integra.com.sv","url":"http://www.posadadelreyprimero.com/","countryIso2":"SV","countryName":"El Salvador","hotelRating":"3","latitude":"13.7044","longitude":"-89.2408","state_id":3654,"state_name":"Entre Rios","country_id":11},{"active":false,"Giataid":"236499","cityId":1450,"cityName":"San Salvador","hotelId":236499,"hotelName":"Plaza Hotel & Suites","address":"87 Avenida Norte,Colonia Escalon,San Salvador,El Salvador,El Salvador","phones":"+50325000778","fax":"","email":"","url":"http://hotel-el-salvador.com/","countryIso2":"SV","countryName":"El Salvador","hotelRating":"3","latitude":"13.7103","longitude":"-89.2406","state_id":3654,"state_name":"Entre Rios","country_id":11},{"active":false,"Giataid":"240771","cityId":1450,"cityName":"San Salvador","hotelId":240771,"hotelName":"Clarion Suites Las Palmas","address":"Zona Rosa,Boulevard del Hipodromo,Colonia San Benito,San Salvador,El Salvador","phones":"+50322500800","fax":"+50322500888","email":"ventas@suiteslaspalmas.com.sv","url":"http://www.hotelsuiteslaspalmas.com.sv/","countryIso2":"SV","countryName":"El Salvador","hotelRating":"3","latitude":"13.6951","longitude":"-89.2416","state_id":3654,"state_name":"Entre Rios","country_id":11},{"active":false,"Giataid":"384466","cityId":1450,"cityName":"San Salvador","hotelId":384466,"hotelName":"Marriott San Salvador","address":"","phones":"","fax":"","email":"","url":"","countryIso2":"SV","countryName":"El Salvador","hotelRating":"1","latitude":"13.6974","longitude":"-89.2365","state_id":3654,"state_name":"Entre Rios","country_id":11},{"active":false,"Giataid":"509908","cityId":31516,"cityName":"La Libertad","hotelId":452604,"hotelName":"Farallones Beach Resort","address":"Carretera Litoral km 41.5,La Libertad,El Salvador","phones":"","fax":"","email":"","url":"","countryIso2":"SV","countryName":"El Salvador","hotelRating":"1","latitude":"13.4929","longitude":"-89.3711","state_id":2912,"state_name":"Santa Elena","country_id":64},{"active":false,"Giataid":"522729","cityId":104928,"cityName":"Sonzacate","hotelId":522729,"hotelName":"Hotel Las Palmeras","address":"Avenida Las Palmeras Km 63 1/2,Carretera San Salvador,Sonzacate,El Salvador","phones":"+50325267000","fax":"+50322438018","email":"reservaciones@hoteleselsalvador.com","url":"https://www.hoteleselsalvador.com/sv/hotel-las-palmeras/","countryIso2":"SV","countryName":"El Salvador","hotelRating":"3","latitude":"13.7307","longitude":"-89.7174","state_id":4140,"state_name":"Sonsonate Department","country_id":66},{"active":false,"Giataid":"537373","cityId":104930,"cityName":"Suchitoto","hotelId":537373,"hotelName":"Las Puertas de Suchitoto","address":"","phones":"","fax":"","email":"","url":"","countryIso2":"SV","countryName":"El Salvador","hotelRating":"3","latitude":"13.9379","longitude":"-89.0256","state_id":4137,"state_name":"Cuscatlan Department","country_id":66},{"active":false,"Giataid":"545985","cityId":104930,"cityName":"Suchitoto","hotelId":545985,"hotelName":"Casa 1800","address":"Avenida 15 de Septiembre #61,Barrio de Concepci?n,Suchitoto,El Salvador","phones":"","fax":"","email":"","url":"","countryIso2":"SV","countryName":"El Salvador","hotelRating":"2","latitude":"13.9399","longitude":"-89.0234","state_id":4137,"state_name":"Cuscatlan Department","country_id":66},{"active":false,"Giataid":"628731","cityId":104928,"cityName":"Sonzacate","hotelId":628731,"hotelName":"Palapa Cabins","address":"Km 91 1/2 Carretera de El Litoral Canton Las Pieras Municipio de Santa Isabel Ishuatan Sonsonate,Sonsonate,El Salvador","phones":"","fax":"","email":"","url":"","countryIso2":"SV","countryName":"El Salvador","hotelRating":"2","latitude":"13.5227","longitude":"-89.6298","state_id":4140,"state_name":"Sonsonate Department","country_id":66},{"active":false,"Giataid":"660732","cityId":1450,"cityName":"San Salvador","hotelId":660732,"hotelName":"El Sol Hotel","address":"79 Avenida Norte 731,Colonia Escalon,San Salvador,El Salvador","phones":"+50322639559","fax":"","email":"gerenciahotelelsol@gmail.com","url":"http://www.hotelelsolelsalvador.com/","countryIso2":"SV","countryName":"El Salvador","hotelRating":"2","latitude":"13.7091","longitude":"-89.2354","state_id":3654,"state_name":"Entre Rios","country_id":11},{"active":false,"Giataid":"729699","cityId":1450,"cityName":"San Salvador","hotelId":729699,"hotelName":"All Days Inn And out","address":"12 Colonia Lomas De San Francisco,Calle 1,San Salvador,El Salvador","phones":"","fax":"","email":"","url":"","countryIso2":"SV","countryName":"El Salvador","hotelRating":"3","latitude":"13.6974","longitude":"-89.2365","state_id":3654,"state_name":"Entre Rios","country_id":11},{"active":false,"Giataid":"732492","cityId":1453,"cityName":"Santa Ana","hotelId":732492,"hotelName":"Hotel Libertad","address":"4a Calle Oriente,1a Avenida Norte,01101 Santa Ana,El Salvador","phones":"","fax":"","email":"","url":"","countryIso2":"SV","countryName":"El Salvador","hotelRating":"1","latitude":"13.96","longitude":"-89.5541","state_id":3654,"state_name":"Entre Rios","country_id":11},{"active":false,"Giataid":"732653","cityId":1450,"cityName":"San Salvador","hotelId":732653,"hotelName":"Always Hotel","address":"Avenida Bernal 15,Frente A Hospital Militar Nuevo,01101 San Salvador,El Salvador","phones":"","fax":"","email":"","url":"","countryIso2":"SV","countryName":"El Salvador","hotelRating":"1","latitude":"13.6974","longitude":"-89.2365","state_id":3654,"state_name":"Entre Rios","country_id":11},{"active":false,"Giataid":"733145","cityId":31516,"cityName":"La Libertad","hotelId":733145,"hotelName":"Puro Surf Hotel And Academy","address":"Carretera El Litoral Lote 15,km 52 Canton El Zonte,Chiltiupan,La Libertad,El Salvador","phones":"+50361487782","fax":"","email":"info@purosurf.com","url":"http://purosurf.com","countryIso2":"SV","countryName":"El Salvador","hotelRating":"1","latitude":"13.4929","longitude":"-89.3711","state_id":2912,"state_name":"Santa Elena","country_id":64},{"active":false,"Giataid":"733957","cityId":1450,"cityName":"San Salvador","hotelId":733957,"hotelName":"Portal Hotel Escalon","address":"85 Avenida Norte 330,Colonia Escalon,01101 San Salvador,El Salvador,El Salvador","phones":"","fax":"","email":"","url":"","countryIso2":"SV","countryName":"El Salvador","hotelRating":"1","latitude":"13.6974","longitude":"-89.2365","state_id":3654,"state_name":"Entre Rios","country_id":11},{"active":false,"Giataid":"735648","cityId":31516,"cityName":"La Libertad","hotelId":735648,"hotelName":"Rancho Casa Grande","address":"Playa Amatal,Pasaje 5,Rancho Casa Grande,00503 La Libertad,El Salvador","phones":"","fax":"","email":"oscargrande323@att.net","url":"http://www.ranchocasagrande.com/","countryIso2":"SV","countryName":"El Salvador","hotelRating":"3","latitude":"13.4929","longitude":"-89.3711","state_id":2912,"state_name":"Santa Elena","country_id":64},{"active":false,"Giataid":"741269","cityId":31516,"cityName":"La Libertad","hotelId":741269,"hotelName":"Eco del Mar Hotel","address":"Playa El Tunco km 42,Carretera El Litoral,0903 La Libertad,El Salvador","phones":"","fax":"","email":"info@ecosurfelsalvador.com","url":"http://ecosurfelsalvador.com","countryIso2":"SV","countryName":"El Salvador","hotelRating":"1","latitude":"13.4929","longitude":"-89.3711","state_id":2912,"state_name":"Santa Elena","country_id":64},{"active":false,"Giataid":"749841","cityId":1453,"cityName":"Santa Ana","hotelId":749841,"hotelName":"Hotel Remfort","address":"Avenida Independencia Sur & Calle Poniente 11,0210 Santa Ana,El Salvador","phones":"+50324011850","fax":"","email":"reservas@remforthotel.com","url":"https://remforthotel.com","countryIso2":"SV","countryName":"El Salvador","hotelRating":"1","latitude":"13.96","longitude":"-89.5541","state_id":3654,"state_name":"Entre Rios","country_id":11},{"active":false,"Giataid":"754215","cityId":1453,"cityName":"Santa Ana","hotelId":754215,"hotelName":"Hotel Torre Molinos","address":"Calle Principal Lago Coatepeque,Santa Ana,El Salvador","phones":"","fax":"","email":"","url":"","countryIso2":"SV","countryName":"El Salvador","hotelRating":"2","latitude":"13.96","longitude":"-89.5541","state_id":3654,"state_name":"Entre Rios","country_id":11},{"active":false,"Giataid":"754872","cityId":31516,"cityName":"La Libertad","hotelId":754872,"hotelName":"Esymar Beach House","address":"La Bocana,Playa el Tunco,La Libertad,El Salvador","phones":"","fax":"","email":"","url":"","countryIso2":"SV","countryName":"El Salvador","hotelRating":"1","latitude":"13.4929","longitude":"-89.3711","state_id":2912,"state_name":"Santa Elena","country_id":64},{"active":false,"Giataid":"755098","cityId":31516,"cityName":"La Libertad","hotelId":755098,"hotelName":"Cima Dorada Villa","address":"Calle El Litoral,km 49,Calle Los Almendros,Tamanique,La Libertad,El Salvador","phones":"","fax":"","email":"","url":"","countryIso2":"SV","countryName":"El Salvador","hotelRating":"1","latitude":"13.499","longitude":"-89.4155","state_id":2912,"state_name":"Santa Elena","country_id":64},{"active":false,"Giataid":"757008","cityId":1450,"cityName":"San Salvador","hotelId":757008,"hotelName":"Hacienda San Miguel Bed & Breakfast","address":"Carretera Planes De Renderos Kilometro 7 ?,Quinta El Porton,San Salvador,El Salvador,El Salvador","phones":"+50361767865","fax":"","email":"reservas@haciendasanmiguel.com","url":"http://www.haciendasanmiguel.com.sv/","countryIso2":"SV","countryName":"El Salvador","hotelRating":"1","latitude":"13.6974","longitude":"-89.2365","state_id":3654,"state_name":"Entre Rios","country_id":11},{"active":false,"Giataid":"757909","cityId":1450,"cityName":"San Salvador","hotelId":757909,"hotelName":"International Guest's House Hotel","address":"35 Avenida Norte,Residencial Santa Fe 9 Bis,01101 San Salvador,El Salvador","phones":"","fax":"","email":"","url":"http://www.internationalhousesv.com/","countryIso2":"SV","countryName":"El Salvador","hotelRating":"1","latitude":"13.6974","longitude":"-89.2365","state_id":3654,"state_name":"Entre Rios","country_id":11},{"active":false,"Giataid":"758162","cityId":31516,"cityName":"La Libertad","hotelId":758162,"hotelName":"Papayas Lodge","address":"Carretera Litoral km 42,Playa El Tunco,En El Departamento De La Libertad,La Libertad,El Salvador","phones":"+50323896027","fax":"","email":"papayalodge@hotmail.com","url":"http://www.papayalodge.com","countryIso2":"SV","countryName":"El Salvador","hotelRating":"2","latitude":"13.4929","longitude":"-89.3711","state_id":2912,"state_name":"Santa Elena","country_id":64},{"active":false,"Giataid":"758250","cityId":1450,"cityName":"San Salvador","hotelId":758250,"hotelName":"Hostal Tropicana","address":"Colonia Flor Blanca,Calle El Progreso Pasaje San Luis 121-122,01101 San Salvador,El Salvador,El Salvador","phones":"","fax":"","email":"","url":"http://www.hotels.com/ho732239488","countryIso2":"SV","countryName":"El Salvador","hotelRating":"1","latitude":"13.6972","longitude":"-89.2187","state_id":3654,"state_name":"Entre Rios","country_id":11},{"active":false,"Giataid":"758285","cityId":1453,"cityName":"Santa Ana","hotelId":758285,"hotelName":"San Antonio Hotel Boutique","address":"Carretera de Santa Ana a Sonsonate km 74.3,Canton las Cruces,Santa Ana 01101,El Salvador","phones":"","fax":"","email":"","url":"","countryIso2":"SV","countryName":"El Salvador","hotelRating":"2","latitude":"13.96","longitude":"-89.5541","state_id":3654,"state_name":"Entre Rios","country_id":11},{"active":false,"Giataid":"758756","cityId":104840,"cityName":"Acajutla","hotelId":758756,"hotelName":"Casa de playa las Veraneras","address":"Playa los Cobanos,Residence Las Veraneras Palmeras 9,01101 Acajutla,El Salvador","phones":"","fax":"","email":"","url":"","countryIso2":"SV","countryName":"El Salvador","hotelRating":"1","latitude":"13.5312","longitude":"-89.804","state_id":4140,"state_name":"Sonsonate Department","country_id":66},{"active":false,"Giataid":"759071","cityId":31516,"cityName":"La Libertad","hotelId":759071,"hotelName":"Mandala Eco Villas","address":"Block 6 1-4,Localita ?l Cocal,Hacienda Santa Emilia,La Libertad,El Salvador","phones":"","fax":"","email":"","url":"","countryIso2":"SV","countryName":"El Salvador","hotelRating":"3","latitude":"13.4862","longitude":"-89.3513","state_id":2912,"state_name":"Santa Elena","country_id":64},{"active":false,"Giataid":"800694","cityId":31516,"cityName":"La Libertad","hotelId":800694,"hotelName":"Posada Luna","address":"Playa el Tunco,La Libertad,El Salvador","phones":"","fax":"","email":"","url":"","countryIso2":"SV","countryName":"El Salvador","hotelRating":"1","latitude":"13.4929","longitude":"-89.3711","state_id":2912,"state_name":"Santa Elena","country_id":64},{"active":false,"Giataid":"800760","cityId":31516,"cityName":"La Libertad","hotelId":800760,"hotelName":"Coco Blue Resort","address":"CA-2 Playa San Blas,01101 La Libertad,El Salvador","phones":"","fax":"","email":"","url":"","countryIso2":"SV","countryName":"El Salvador","hotelRating":"1","latitude":"13.4929","longitude":"-89.3711","state_id":2912,"state_name":"Santa Elena","country_id":64},{"active":false,"Giataid":"800890","cityId":1443,"cityName":"San Miguel","hotelId":800890,"hotelName":"Hotel Florencia","address":"Carretera Panamericana k 131,01101 San Miguel,El Salvador","phones":"","fax":"","email":"","url":"","countryIso2":"SV","countryName":"El Salvador","hotelRating":"1","latitude":"13.3675","longitude":"-88.1574","state_id":3638,"state_name":"Corrientes","country_id":11},{"active":false,"Giataid":"802924","cityId":31516,"cityName":"La Libertad","hotelId":802924,"hotelName":"Hotel Tunco Lodge","address":"Playa El Tunco km 42,Tamanique,La Libertad,El Salvador","phones":"+50323896318","fax":"","email":"tuncolodge@gmail.com","url":"http://www.tuncolodge.com/","countryIso2":"SV","countryName":"El Salvador","hotelRating":"1","latitude":"13.4929","longitude":"-89.3711","state_id":2912,"state_name":"Santa Elena","country_id":64},{"active":false,"Giataid":"805468","cityId":1443,"cityName":"San Miguel","hotelId":805468,"hotelName":"Hotel Villa Venecia Inn","address":"Colonia Santa Cristina,Carretera Panamericana Km 135,01101 San Miguel,El Salvador","phones":"","fax":"","email":"","url":"","countryIso2":"SV","countryName":"El Salvador","hotelRating":"1","latitude":"13.3675","longitude":"-88.1574","state_id":3638,"state_name":"Corrientes","country_id":11},{"active":false,"Giataid":"806095","cityId":1453,"cityName":"Santa Ana","hotelId":806095,"hotelName":"Pool House Hostel","address":"Entre 11 Y 13 Avenida Norte,8A Calle Oriente 24,01101 Santa Ana,El Salvador","phones":"","fax":"","email":"","url":"http://poolhousehostel.com","countryIso2":"SV","countryName":"El Salvador","hotelRating":"1","latitude":"13.96","longitude":"-89.5541","state_id":3654,"state_name":"Entre Rios","country_id":11},{"active":false,"Giataid":"810163","cityId":31516,"cityName":"La Libertad","hotelId":810163,"hotelName":"Rancho Sun & Beach Villas Resort","address":"1A Calle Pasaje 26,Playa De San Diego,01101 La Libertad,El Salvador","phones":"","fax":"","email":"","url":"","countryIso2":"SV","countryName":"El Salvador","hotelRating":"1","latitude":"13.4929","longitude":"-89.3711","state_id":2912,"state_name":"Santa Elena","country_id":64},{"active":false,"Giataid":"810190","cityId":1453,"cityName":"Santa Ana","hotelId":810190,"hotelName":"Florence","address":"4 Calle Oriente 6,Entre 3 y 5,Avenida Norte,01101 Santa Ana,El Salvador","phones":"","fax":"","email":"","url":"http://www.booking.com/hotel/sv/florence.en-gb.html?aid=357026","countryIso2":"SV","countryName":"El Salvador","hotelRating":"1","latitude":"13.96","longitude":"-89.5541","state_id":3654,"state_name":"Entre Rios","country_id":11},{"active":false,"Giataid":"810259","cityId":1450,"cityName":"San Salvador","hotelId":810259,"hotelName":"The Hobbit La Comarca","address":"Calle Al Boqueron,km 18 1/2 Canton El Progreso,01101 Nueva San Salvador,El Salvador,El Salvador","phones":"","fax":"","email":"","url":"","countryIso2":"SV","countryName":"El Salvador","hotelRating":"1","latitude":"13.6974","longitude":"-89.2365","state_id":3654,"state_name":"Entre Rios","country_id":11},{"active":false,"Giataid":"811289","cityId":1453,"cityName":"Santa Ana","hotelId":811289,"hotelName":"Casa Frolaz","address":"Between 8a & 10a,29 West Street,South Avenue 42-B,01101 Santa Ana,El Salvador","phones":"","fax":"","email":"","url":"","countryIso2":"SV","countryName":"El Salvador","hotelRating":"1","latitude":"13.96","longitude":"-89.5541","state_id":3654,"state_name":"Entre Rios","country_id":11},{"active":false,"Giataid":"811291","cityId":31516,"cityName":"La Libertad","hotelId":811291,"hotelName":"Hotel Casa Miramar","address":"Playa El Tunco,CP 1522,01101 La Libertad,El Salvador","phones":"","fax":"","email":"","url":"","countryIso2":"SV","countryName":"El Salvador","hotelRating":"1","latitude":"13.4929","longitude":"-89.3711","state_id":2912,"state_name":"Santa Elena","country_id":64},{"active":false,"Giataid":"813454","cityId":31516,"cityName":"La Libertad","hotelId":813454,"hotelName":"Hotel Mopelia","address":"Playa El Tunco,Tamanique,La Libertad,El Salvador","phones":"","fax":"","email":"produitblanc@hotmail.com","url":"http://hotelmopelia-salvador.com/Hotel_Mopelia_El_Salvador/HOTEL.html","countryIso2":"SV","countryName":"El Salvador","hotelRating":"1","latitude":"13.4929","longitude":"-89.3711","state_id":2912,"state_name":"Santa Elena","country_id":64},{"active":false,"Giataid":"814434","cityId":31516,"cityName":"La Libertad","hotelId":814434,"hotelName":"Sol y Mar Beach Resort","address":"Carretera El Litoral km 40 1.2,2 y 3,El Majahual,01101 La Libertad,El Salvador","phones":"","fax":"","email":"","url":"","countryIso2":"SV","countryName":"El Salvador","hotelRating":"1","latitude":"13.4929","longitude":"-89.3711","state_id":2912,"state_name":"Santa Elena","country_id":64},{"active":false,"Giataid":"818421","cityId":1450,"cityName":"San Salvador","hotelId":818421,"hotelName":"Hostal de Asturias","address":"Colonia Miramonte,Calle Sisimiles 2934,San Salvador,El Salvador,El Salvador","phones":"+50322604333","fax":"","email":"gerenciaventas@hostaldeasturias.com","url":"http://www.hostaldeasturias.com/","countryIso2":"SV","countryName":"El Salvador","hotelRating":"1","latitude":"13.6974","longitude":"-89.2365","state_id":3654,"state_name":"Entre Rios","country_id":11},{"active":false,"Giataid":"818473","cityId":31516,"cityName":"La Libertad","hotelId":818473,"hotelName":"Hotel y Restaurante Rincon Familiar","address":"playa las flores calle principal fisherman,01101 La Libertad,El Salvador,El Salvador","phones":"","fax":"","email":"","url":"","countryIso2":"SV","countryName":"El Salvador","hotelRating":"1","latitude":"13.4929","longitude":"-89.3711","state_id":2912,"state_name":"Santa Elena","country_id":64},{"active":false,"Giataid":"818556","cityId":31516,"cityName":"La Libertad","hotelId":818556,"hotelName":"Hotel & Bar La Guitarra","address":"Playa El Tunco,Carretera El Litoral km 42,La Libertad,El Salvador","phones":"+50323896398","fax":"","email":"info@surfingeltunco.com","url":"http://www.surfingeltunco.com","countryIso2":"SV","countryName":"El Salvador","hotelRating":"1","latitude":"13.4929","longitude":"-89.3711","state_id":2912,"state_name":"Santa Elena","country_id":64},{"active":false,"Giataid":"820087","cityId":1450,"cityName":"San Salvador","hotelId":820087,"hotelName":"Hostal Cumbres del Volcan Flor Blanca","address":"Calle Poniente 6-10,1937 Colonia Flor Blanca,01101 San Salvador,El Salvador","phones":"","fax":"","email":"","url":"","countryIso2":"SV","countryName":"El Salvador","hotelRating":"1","latitude":"13.6974","longitude":"-89.2365","state_id":3654,"state_name":"Entre Rios","country_id":11},{"active":false,"Giataid":"820094","cityId":1450,"cityName":"San Salvador","hotelId":820094,"hotelName":"Hotel Happy House","address":"Colonia Miramonte,Avenida Los Sisimiles 2951,01101 San Salvador,El Salvador","phones":"+50325631729","fax":"","email":"hotelhappyhouse@hotmail.com","url":"http://www.hotelhappyhouse.com","countryIso2":"SV","countryName":"El Salvador","hotelRating":"1","latitude":"13.6974","longitude":"-89.2365","state_id":3654,"state_name":"Entre Rios","country_id":11},{"active":false,"Giataid":"820564","cityId":1450,"cityName":"San Salvador","hotelId":820564,"hotelName":"Hostal Cumbres Del Volcan Escalon","address":"Colonia Escalon,85 Avenida Norte 637,01101 San Salvador,El Salvador","phones":"+50322073705","fax":"","email":"info@cumbresdelvolcancom","url":"http://cumbresdelvolcan.com/escalon-hostel/","countryIso2":"SV","countryName":"El Salvador","hotelRating":"1","latitude":"13.6974","longitude":"-89.2365","state_id":3654,"state_name":"Entre Rios","country_id":11},{"active":false,"Giataid":"821551","cityId":31516,"cityName":"La Libertad","hotelId":821551,"hotelName":"Hotel Pupa","address":"Atras De Bar Firewood,Calle Principal Playa El Tunco,La Libertad,El Salvador","phones":"","fax":"","email":"","url":"","countryIso2":"SV","countryName":"El Salvador","hotelRating":"1","latitude":"13.4929","longitude":"-89.3711","state_id":2912,"state_name":"Santa Elena","country_id":64},{"active":false,"Giataid":"822386","cityId":1453,"cityName":"Santa Ana","hotelId":822386,"hotelName":"Hostal Easy Stay","address":"Entre 19 y 21 Calle Poniente 80,8A Avenida Sur,01101 Santa Ana,El Salvador","phones":"","fax":"","email":"","url":"http://www.booking.com/hotel/sv/hostal-easy-stay.en-gb.html?aid=356980","countryIso2":"SV","countryName":"El Salvador","hotelRating":"1","latitude":"13.96","longitude":"-89.5541","state_id":3654,"state_name":"Entre Rios","country_id":11},{"active":false,"Giataid":"824190","cityId":1453,"cityName":"Santa Ana","hotelId":824190,"hotelName":"Hotel El Faro","address":"Barrio Santa Lucia-Santa Ana,El Salvador 14 Avenida Sur,Entre 9 Y 11 Calle Poniente Casa 11,01101 Santa Ana,El Salvador","phones":"","fax":"","email":"","url":"","countryIso2":"SV","countryName":"El Salvador","hotelRating":"1","latitude":"13.96","longitude":"-89.5541","state_id":3654,"state_name":"Entre Rios","country_id":11},{"active":false,"Giataid":"842739","cityId":1450,"cityName":"San Salvador","hotelId":842739,"hotelName":"Capricho Beach House","address":"Calle San Salvador 202A,Colonia Centroamerica,San Salvador,El Salvador","phones":"+50322602481","fax":"","email":"ximenas.guesthouse@gmail.com","url":"http://ximenasguesthouse.com","countryIso2":"SV","countryName":"El Salvador","hotelRating":"1","latitude":"13.6974","longitude":"-89.2365","state_id":3654,"state_name":"Entre Rios","country_id":11},{"active":false,"Giataid":"842792","cityId":1450,"cityName":"San Salvador","hotelId":842792,"hotelName":"Hostal Dona Marta","address":"Boulevard Venezuela Y Avenida Caracas,Urbanizacion Venezuela Pasaje Maracaibo 1-B,San Salvador,El Salvador","phones":"","fax":"","email":"","url":"","countryIso2":"SV","countryName":"El Salvador","hotelRating":"1","latitude":"13.693","longitude":"-89.211","state_id":3654,"state_name":"Entre Rios","country_id":11},{"active":false,"Giataid":"842978","cityId":1450,"cityName":"San Salvador","hotelId":842978,"hotelName":"Cinco Hotel","address":"Colonia San Benito,Avenida La Capilla 250,San Salvador,El Salvador","phones":"+50325630976","fax":"","email":"","url":"http://www.cincohotel.net","countryIso2":"SV","countryName":"El Salvador","hotelRating":"1","latitude":"13.6974","longitude":"-89.2365","state_id":3654,"state_name":"Entre Rios","country_id":11},{"active":false,"Giataid":"843405","cityId":1453,"cityName":"Santa Ana","hotelId":843405,"hotelName":"Villa Napoli Bed & Breakfast","address":"Quinta Del Moral Km. 62-63,Carretera antigua a San Salvador,Santa Ana,El Salvador","phones":"+50378080831","fax":"","email":"info@villanapolielsalvador.com","url":"http://villanapolielsalvador.com/home","countryIso2":"SV","countryName":"El Salvador","hotelRating":"1","latitude":"13.9703","longitude":"-89.5443","state_id":3654,"state_name":"Entre Rios","country_id":11},{"active":false,"Giataid":"846441","cityId":1453,"cityName":"Santa Ana","hotelId":846441,"hotelName":"Hotel Continental","address":"23 Calle Poniente 21A,Between 6th & 8th Avenue South,2201 Santa Ana,El Salvador","phones":"","fax":"","email":"","url":"https://hotel-continental-santa-ana-el-salvador.business.site/","countryIso2":"SV","countryName":"El Salvador","hotelRating":"1","latitude":"13.984","longitude":"-89.5619","state_id":3654,"state_name":"Entre Rios","country_id":11},{"active":false,"Giataid":"853776","cityId":104930,"cityName":"Suchitoto","hotelId":853776,"hotelName":"El Tejado","address":"3ra Avenida Norte 58,Barrio Concepci?n,Suchitoto,Cuscatlan,El Salvador","phones":"+50323351769","fax":"","email":"eltejadorestaurante@gmail.com","url":"http://www.eltejadosuchitoto.com","countryIso2":"SV","countryName":"El Salvador","hotelRating":"1","latitude":"13.9379","longitude":"-89.0256","state_id":4137,"state_name":"Cuscatlan Department","country_id":66},{"active":false,"Giataid":"853804","cityId":1450,"cityName":"San Salvador","hotelId":853804,"hotelName":"Hotel Alamo Internacional","address":"Final Calle 3,Antigua Cuscatlan N7,San Salvador,El Salvador","phones":"","fax":"","email":"","url":"","countryIso2":"SV","countryName":"El Salvador","hotelRating":"1","latitude":"13.6974","longitude":"-89.2365","state_id":3654,"state_name":"Entre Rios","country_id":11},{"active":false,"Giataid":"495376","cityId":1195,"cityName":"La Paz","hotelId":10047838,"hotelName":"Hotel Tortuga Village Costa del Sol","address":"Boulevard Costa del Sol Km 66 1/2,La Paz,El Salvador","phones":"+50325641777","fax":"","email":"","url":"","countryIso2":"SV","countryName":"El Salvador","hotelRating":"3","latitude":"13.3281","longitude":"-88.966","state_id":3654,"state_name":"Entre Rios","country_id":11},{"active":false,"Giataid":"451897","cityId":1450,"cityName":"San Salvador","hotelId":10047916,"hotelName":"Villa Del Angel Hotel","address":"71 Avenida Norte 219,Colonia Escal?n,San Salvador,El Salvador","phones":"+50322237171","fax":"","email":"","url":"","countryIso2":"SV","countryName":"El Salvador","hotelRating":"3","latitude":"13.7035","longitude":"-89.2289","state_id":3654,"state_name":"Entre Rios","country_id":11},{"active":false,"Giataid":"495377","cityId":71315,"cityName":"La Herradura","hotelId":10054845,"hotelName":"Costa Inn Hotel","address":"Boulevard Costa del Sol km 66.5,La Herradura,El Salvador","phones":"","fax":"","email":"","url":"","countryIso2":"SV","countryName":"El Salvador","hotelRating":"3","latitude":"13.3326","longitude":"-88.9752","state_id":3450,"state_name":"Estado de Mexico","country_id":142},{"active":false,"Giataid":"457980","cityId":1450,"cityName":"San Salvador","hotelId":10063719,"hotelName":"Armonia Hostal","address":"35 Avenida Norte 8,Reparto Santa Fe,Between Violet Street and Washington Avenue,San Salvador,El Salvador","phones":"+50322256124","fax":"","email":"","url":"","countryIso2":"SV","countryName":"El Salvador","hotelRating":"3","latitude":"13.7197","longitude":"-89.2076","state_id":3654,"state_name":"Entre Rios","country_id":11},{"active":false,"Giataid":"496480","cityId":1450,"cityName":"San Salvador","hotelId":10066616,"hotelName":"Grecia Real Hotel","address":"Calle Sisimiles 2922,Colonia Miramonte,San Salvador,El Salvador","phones":"+50335925264400","fax":"","email":"","url":"","countryIso2":"SV","countryName":"El Salvador","hotelRating":"2","latitude":"13.7091","longitude":"-89.2134","state_id":3654,"state_name":"Entre Rios","country_id":11},{"active":false,"Giataid":"533063","cityId":31516,"cityName":"La Libertad","hotelId":10071031,"hotelName":"Mizata Point Resort","address":"Lote 15 Careetra Litoral,km 86,Santa Lucia,Mizata,La Libertad,El Salvador","phones":"","fax":"","email":"","url":"","countryIso2":"SV","countryName":"El Salvador","hotelRating":"3","latitude":"13.5112","longitude":"-89.5962","state_id":2912,"state_name":"Santa Elena","country_id":64},{"active":false,"Giataid":"467308","cityId":104920,"cityName":"Santa Tecla","hotelId":10071287,"hotelName":"Hotel Jardin del Carmen","address":"Residencial Santa M?nica,7a Calle Oriente 7-8,La Libertad,1501 Santa Tecla,El Salvador","phones":"+50325196487","fax":"","email":"","url":"","countryIso2":"SV","countryName":"El Salvador","hotelRating":"3","latitude":"13.6786","longitude":"-89.285","state_id":4134,"state_name":"La Libertad Department","country_id":66},{"active":false,"Giataid":"458677","cityId":31516,"cityName":"La Libertad","hotelId":10072809,"hotelName":"Atami Escape Resort","address":"Carretera del Litoral km 49,La Libertad,El Salvador","phones":"+50323144610","fax":"","email":"","url":"","countryIso2":"SV","countryName":"El Salvador","hotelRating":"3","latitude":"13.4947","longitude":"-89.4198","state_id":2912,"state_name":"Santa Elena","country_id":64},{"active":false,"Giataid":"552513","cityId":31516,"cityName":"La Libertad","hotelId":10102930,"hotelName":"Vista Sunzal Bungalow","address":"Km 42 carretera litoral,1 Km arriba carretera hacia Tamanique,La Libertad,El Salvador,El Salvador","phones":"NULL","fax":"NULL","email":"NULL","url":"NULL","countryIso2":"SV","countryName":"El Salvador","hotelRating":"3","latitude":"13.4965","longitude":"-89.3792","state_id":2912,"state_name":"Santa Elena","country_id":64},{"active":false,"Giataid":"457643","cityId":1450,"cityName":"San Salvador","hotelId":10123542,"hotelName":"Hotel Fotherhouse","address":"Colonia San Benito,Avenida La Capilla Pasaje (Las Acacias Pje.) 3, 123,01101 San Salvador,El Salvador","phones":"+50322053700","fax":"NULL","email":"NULL","url":"NULL","countryIso2":"SV","countryName":"El Salvador","hotelRating":"3","latitude":"13.6874","longitude":"-89.2443","state_id":3654,"state_name":"Entre Rios","country_id":11},{"active":false,"Giataid":"520850","cityId":1450,"cityName":"San Salvador","hotelId":10125464,"hotelName":"Hotel Shagul","address":"Colonia Miramonte,Calle Cerro Verde 3013,San Salvador,El Salvador","phones":"NULL","fax":"NULL","email":"NULL","url":"NULL","countryIso2":"SV","countryName":"El Salvador","hotelRating":"2","latitude":"13.7071","longitude":"-89.2183","state_id":3654,"state_name":"Entre Rios","country_id":11},{"active":false,"Giataid":"474902","cityId":1443,"cityName":"San Miguel","hotelId":10126004,"hotelName":"Hotel Villa San Miguel","address":"Av. Roosevelt Nte. No. 407, San Miguel, El Salvador,El Salvador","phones":"+50326696969","fax":"NULL","email":"NULL","url":"NULL","countryIso2":"SV","countryName":"El Salvador","hotelRating":"3","latitude":"13.4844","longitude":"-88.1863","state_id":3638,"state_name":"Corrientes","country_id":11},{"active":false,"Giataid":"516875","cityId":1453,"cityName":"Santa Ana","hotelId":20008060,"hotelName":"Hostal Casa Verde","address":"7 St West,btw 8 Ave S. and 10 Ave S., #25,01101 Santa Ana,El Salvador","phones":"+5037840489","fax":"","email":"casaverde_santaana@hotmail.com","url":"http://www.hostalcasaverde.com/","countryIso2":"SV","countryName":"El Salvador","hotelRating":"0","latitude":"13.96","longitude":"-89.5541","state_id":3654,"state_name":"Entre Rios","country_id":11},{"active":false,"Giataid":"518213","cityId":1450,"cityName":"San Salvador","hotelId":20008579,"hotelName":"Beverly Hills Hotel & Suites San Salvador","address":"Calle Llama del Bosque #7 Poniente,Urb Madre Selva,Antiguo Cuscatlan,San Salvador,El Salvador","phones":"+50325059999","fax":"","email":"administracion@hbh.com.sv","url":"http://www.hotelbeverlyhills.com.sv/","countryIso2":"SV","countryName":"El Salvador","hotelRating":"3","latitude":"13.6617","longitude":"-89.2529","state_id":3654,"state_name":"Entre Rios","country_id":11},{"active":false,"Giataid":"457440","cityId":1450,"cityName":"San Salvador","hotelId":20008676,"hotelName":"Hotel Ramada Inn El Salvador","address":"85 Avenida Sur y Calle Juan Jose Canas,Colonial Escal?n,San Salvador,El Salvador","phones":"+50322639844","fax":"+50322639855","email":"reservaciones@ramadainnhoteles.com","url":"http://ramadainnhoteles.com/","countryIso2":"SV","countryName":"El Salvador","hotelRating":"3","latitude":"13.7021","longitude":"-89.2398","state_id":3654,"state_name":"Entre Rios","country_id":11},{"active":false,"Giataid":"452615","cityId":31516,"cityName":"La Libertad","hotelId":20008821,"hotelName":"Hotel Tekuani Kal","address":"Playa el Tunco,La Libertad,1101 El Majahual,El Salvador","phones":"+50323556500","fax":"","email":"info@tekuanikal.com","url":"http://tekuanikal.com/","countryIso2":"SV","countryName":"El Salvador","hotelRating":"3","latitude":"13.493","longitude":"-89.3828","state_id":2912,"state_name":"Santa Elena","country_id":64},{"active":false,"Giataid":"628724","cityId":31516,"cityName":"La Libertad","hotelId":20009073,"hotelName":"Kayu Resort & Restaurant","address":"Carretera El Litoral Km. 43.5,Playa El Sunzal,La Libertad,El Salvador","phones":"+50323896289","fax":"","email":"kayuresort@gmail.com","url":"http://www.kayuelsalvador.com/index.php/en/","countryIso2":"SV","countryName":"El Salvador","hotelRating":"0","latitude":"13.494","longitude":"-89.3895","state_id":2912,"state_name":"Santa Elena","country_id":64},{"active":false,"Giataid":"256880","cityId":1450,"cityName":"San Salvador","hotelId":20009364,"hotelName":"Apart-Hotel Maria Jose","address":"Avenida La Capilla 223,Colonia San Benito,San Salvador,El Salvador","phones":"+50322634790","fax":"","email":"","url":"http://www.aparthotelmariajose.com","countryIso2":"SV","countryName":"El Salvador","hotelRating":"3","latitude":"13.6923","longitude":"-89.2393","state_id":3654,"state_name":"Entre Rios","country_id":11},{"active":false,"Giataid":"523107","cityId":1450,"cityName":"San Salvador","hotelId":20009654,"hotelName":"Hotel San Jose Hostal","address":"Bulevar Universitario,Colonia San Jos? 2212,San Salvador,El Salvador","phones":"+50322264603","fax":"","email":"info@sanjosehostal.com","url":"http://www.sanjosehostal.com/","countryIso2":"SV","countryName":"El Salvador","hotelRating":"3","latitude":"13.7167","longitude":"-89.2108","state_id":3654,"state_name":"Entre Rios","country_id":11},{"active":false,"Giataid":"476915","cityId":31516,"cityName":"La Libertad","hotelId":20009760,"hotelName":"Punta Roca Surf Resort","address":"Calle Las Almendras Hacienda Santa Emilia Playa El Cocal Puerto,01101 La Libertad,El Salvador","phones":"","fax":"","email":"","url":"","countryIso2":"SV","countryName":"El Salvador","hotelRating":"2","latitude":"13.4859","longitude":"-89.3491","state_id":2912,"state_name":"Santa Elena","country_id":64},{"active":false,"Giataid":"628705","cityId":1443,"cityName":"San Miguel","hotelId":20010056,"hotelName":"La Joya Verde","address":"Finca La Joya Verde,Conocastal,01101 San Miguel,El Salvador","phones":"","fax":"","email":"","url":"","countryIso2":"SV","countryName":"El Salvador","hotelRating":"0","latitude":"13.4455","longitude":"-88.3151","state_id":3638,"state_name":"Corrientes","country_id":11},{"active":false,"Giataid":"628708","cityId":1443,"cityName":"San Miguel","hotelId":20010403,"hotelName":"Hotel Caleta","address":"Avenida Sur Barrio San Nicolas 3,01101 San Miquel,El Salvador","phones":"","fax":"","email":"","url":"","countryIso2":"SV","countryName":"El Salvador","hotelRating":"0","latitude":"13.3675","longitude":"-88.1574","state_id":3638,"state_name":"Corrientes","country_id":11},{"active":false,"Giataid":"477035","cityId":1453,"cityName":"Santa Ana","hotelId":20010781,"hotelName":"Hotel Sahara","address":"10? avenida sur,y 3? calle poniente.,01101 Santa Ana,El Salvador","phones":"","fax":"","email":"","url":"","countryIso2":"SV","countryName":"El Salvador","hotelRating":"0","latitude":"13.9941","longitude":"-89.5605","state_id":3654,"state_name":"Entre Rios","country_id":11},{"active":false,"Giataid":"458232","cityId":31516,"cityName":"La Libertad","hotelId":20011578,"hotelName":"B Boutique Hotel","address":"Carretera Litoral km 45.9,Tamanique,La Libertad,El Salvador","phones":"","fax":"","email":"info@bboutiquehotel.com","url":"https://www.bboutiquehotel.com","countryIso2":"SV","countryName":"El Salvador","hotelRating":"0","latitude":"13.4951","longitude":"-89.4071","state_id":2912,"state_name":"Santa Elena","country_id":64},{"active":false,"Giataid":"698155","cityId":31516,"cityName":"La Libertad","hotelId":20011683,"hotelName":"Paraiso Escondido Hotel Villas & Resort","address":"Carretera Litoral Km 77,Entre 4 y 5 T?nel,Municipio de Teotepeque,La Libertad,El Salvador","phones":"+50322983170","fax":"","email":"info@paraisoescondidoelsalvador.com","url":"http://www.paraisoescondidoelsalvador.com","countryIso2":"SV","countryName":"El Salvador","hotelRating":"3","latitude":"13.5053","longitude":"-89.562","state_id":2912,"state_name":"Santa Elena","country_id":64},{"active":false,"Giataid":"698570","cityId":31516,"cityName":"La Libertad","hotelId":20011866,"hotelName":"Quinta Montecarlo","address":"Puerto de La Libertad area,La Libertad,El Salvador","phones":"+50318182313555","fax":"","email":"karen@quintamontecarlo.com","url":"http://www.quintamontecarlo.com","countryIso2":"SV","countryName":"El Salvador","hotelRating":"3","latitude":"13.4919","longitude":"-89.3715","state_id":2912,"state_name":"Santa Elena","country_id":64},{"active":false,"Giataid":"162462","cityId":1450,"cityName":"San Salvador","hotelId":20012124,"hotelName":"Hotel Casa Austria","address":"Calle Jucuraran Poli G 1,Urbanizacio Santa Elena,San Salvador,El Salvador","phones":"","fax":"","email":"","url":"","countryIso2":"SV","countryName":"El Salvador","hotelRating":"0","latitude":"13.6995","longitude":"-89.1969","state_id":3654,"state_name":"Entre Rios","country_id":11},{"active":false,"Giataid":"459347","cityId":1450,"cityName":"San Salvador","hotelId":20012221,"hotelName":"Hotel Manantiales","address":"Colonia Miramonte,Avenida Los Sisimiles 2943,Pasaje 5 Casa,San Salvador,El Salvador","phones":"+50322601655","fax":"","email":"info@hotelgoodluck.com.sv","url":"","countryIso2":"SV","countryName":"El Salvador","hotelRating":"2","latitude":"13.7097","longitude":"-89.2141","state_id":3654,"state_name":"Entre Rios","country_id":11},{"active":false,"Giataid":"419866","cityId":1450,"cityName":"San Salvador","hotelId":20012338,"hotelName":"Hotel Tazumal House","address":"Final 35 Avenida Norte 3,Reparto San Fe,San Salvador,El Salvador","phones":"+50322350156","fax":"","email":"info@hoteltazumalhouse.com","url":"http://www.hoteltazumalhouse.com/","countryIso2":"SV","countryName":"El Salvador","hotelRating":"2","latitude":"13.7201","longitude":"-89.2075","state_id":3654,"state_name":"Entre Rios","country_id":11},{"active":false,"Giataid":"136371","cityId":31516,"cityName":"La Libertad","hotelId":20012456,"hotelName":"Casa De Mar","address":"Km 43 Carretera del Litoral,Playa El Sunzal,1511 La Libertad,La Libertad Department,El Salvador","phones":"+50323896284","fax":"","email":"info@casademarhotel.com","url":"http://casademarhotel.com","countryIso2":"SV","countryName":"El Salvador","hotelRating":"3","latitude":"13.4937","longitude":"-89.3901","state_id":2912,"state_name":"Santa Elena","country_id":64},{"active":false,"Giataid":"473570","cityId":1443,"cityName":"San Miguel","hotelId":20012590,"hotelName":"Hotel Tropico Inn","address":"Avenida Roosevelt Sur 303,San Miguel,El Salvador","phones":"+50326821000","fax":"","email":"info@tropicoinn.com.sv","url":"http://www.tropicoinn.com.sv/","countryIso2":"SV","countryName":"El Salvador","hotelRating":"3","latitude":"13.4765","longitude":"-88.1841","state_id":3638,"state_name":"Corrientes","country_id":11},{"active":false,"Giataid":"698254","cityId":1443,"cityName":"San Miguel","hotelId":20013126,"hotelName":"Hotel Portico","address":"15 Calle Poniente 110,Barrio San Nicolas,San Miguel,El Salvador","phones":"+50326617631","fax":"","email":"reservaciones@hotelportico.com","url":"http://hotelportico.com","countryIso2":"SV","countryName":"El Salvador","hotelRating":"0","latitude":"13.3675","longitude":"-88.1574","state_id":3638,"state_name":"Corrientes","country_id":11},{"active":false,"Giataid":"697123","cityId":1453,"cityName":"Santa Ana","hotelId":20014027,"hotelName":"Cardedeu Residence","address":"Lago de Coatepeque,Santa Ana,El Salvador","phones":"+50324155787","fax":"","email":"cardedeuresidence@gmail.com","url":"http://cardedeuelsalvador.com/residence","countryIso2":"SV","countryName":"El Salvador","hotelRating":"2","latitude":"13.96","longitude":"-89.5541","state_id":3654,"state_name":"Entre Rios","country_id":11},{"active":false,"Giataid":"162458","cityId":1450,"cityName":"San Salvador","hotelId":20014144,"hotelName":"Villa Serena Escalon","address":"65 Avenida Norte 152,Colonia Escal?n,Por Salvador Del Mundo,San Salvador,El Salvador","phones":"+50325561937","fax":"","email":"escalon@hotelvillaserena.com.sv","url":"http://www.hotelvillaserena.com.sv/nuestros-hoteles","countryIso2":"SV","countryName":"El Salvador","hotelRating":"3","latitude":"13.7026","longitude":"-89.2234","state_id":3654,"state_name":"Entre Rios","country_id":11},{"active":false,"Giataid":"613175","cityId":1450,"cityName":"San Salvador","hotelId":20014261,"hotelName":"Nico Urban Hotel","address":"Colonia San Benito,Boulevard del Hip?dromo 605,San Salvador,El Salvador","phones":"+50325284200","fax":"","email":"info@casailb.com","url":"","countryIso2":"SV","countryName":"El Salvador","hotelRating":"0","latitude":"13.6948","longitude":"-89.2398","state_id":3654,"state_name":"Entre Rios","country_id":11},{"active":false,"Giataid":"162461","cityId":1450,"cityName":"San Salvador","hotelId":20014538,"hotelName":"Villa Serena San Benito","address":"Calle Circunvalacion 46,Col San Benito,Zona Rosa,San Salvador,El Salvador","phones":"","fax":"","email":"","url":"","countryIso2":"SV","countryName":"El Salvador","hotelRating":"3","latitude":"13.6936","longitude":"-89.2406","state_id":3654,"state_name":"Entre Rios","country_id":11},{"active":false,"Giataid":"698522","cityId":1450,"cityName":"San Salvador","hotelId":20014678,"hotelName":"Hotel Boutique Valverde - Masferrer","address":"Calle La Loma 5107,Colonia Escal?n,01101 San Salvador,El Salvador","phones":"+50325194540","fax":"","email":"hotelvalverde@yahoo.com","url":"http://hotelboutiquevalverdesv.com/masferrer","countryIso2":"SV","countryName":"El Salvador","hotelRating":"3","latitude":"13.7055","longitude":"-89.2477","state_id":3654,"state_name":"Entre Rios","country_id":11},{"active":false,"Giataid":"605486","cityId":1450,"cityName":"San Salvador","hotelId":20014766,"hotelName":"Terra Bella Hotel Boutique","address":"Avenida De La Revolucion 175,Colonial San Benito,San Salvador,El Salvador","phones":"+50321336900","fax":"","email":"","url":"http://www.hotelterrabella.com","countryIso2":"SV","countryName":"El Salvador","hotelRating":"4","latitude":"13.6884","longitude":"-89.2392","state_id":3654,"state_name":"Entre Rios","country_id":11},{"active":false,"Giataid":"628670","cityId":1450,"cityName":"San Salvador","hotelId":20014931,"hotelName":"Suites & Apartments San Benito - Zona Rosa","address":"Calle 2 280,Entre Calle Loma Linda y La Reforma,Zona Rosa,Colonia San Benito,San Salvador,El Salvador","phones":"+50325194597","fax":"","email":"info@suitesturismo.com","url":"http://www.suitesturismo.com","countryIso2":"SV","countryName":"El Salvador","hotelRating":"0","latitude":"13.6948","longitude":"-89.2339","state_id":3654,"state_name":"Entre Rios","country_id":11},{"active":false,"Giataid":"698645","cityId":31516,"cityName":"La Libertad","hotelId":20014987,"hotelName":"Rancho Las Brisas de Playa San Diego","address":"Calle La Bocana 17,Playa San Diego,01101 La Libertad,La Libertad Department,El Salvador","phones":"","fax":"","email":"learnenglish.hawke7@gmail.com","url":"http://www.lasbrisasplayasandiego.com","countryIso2":"SV","countryName":"El Salvador","hotelRating":"0","latitude":"13.4694","longitude":"-89.252","state_id":2912,"state_name":"Santa Elena","country_id":64},{"active":false,"Giataid":"628677","cityId":31516,"cityName":"La Libertad","hotelId":20015257,"hotelName":"AST Surf Hotel","address":"4ta Calle Poniente,Malecon Turistico,La Libertad,El Salvador","phones":"","fax":"","email":"","url":"","countryIso2":"SV","countryName":"El Salvador","hotelRating":"0","latitude":"13.4865","longitude":"-89.3224","state_id":2912,"state_name":"Santa Elena","country_id":64},{"active":false,"Giataid":"162457","cityId":1450,"cityName":"San Salvador","hotelId":20015609,"hotelName":"Villa Serena Flor Blanca","address":"4A Calle Poniente 2323,San Salvador,El Salvador","phones":"","fax":"","email":"","url":"","countryIso2":"SV","countryName":"El Salvador","hotelRating":"3","latitude":"13.6995","longitude":"-89.214","state_id":3654,"state_name":"Entre Rios","country_id":11},{"active":false,"Giataid":"328296","cityId":1450,"cityName":"San Salvador","hotelId":20015781,"hotelName":"Hotel Alameda","address":"43 Avenida Sur,Alameda Roosevelt,San Salvador,El Salvador","phones":"","fax":"","email":"","url":"","countryIso2":"SV","countryName":"El Salvador","hotelRating":"3","latitude":"13.7003","longitude":"-89.2136","state_id":3654,"state_name":"Entre Rios","country_id":11},{"active":false,"Giataid":"681861","cityId":1450,"cityName":"San Salvador","hotelId":20015900,"hotelName":"Hotel Oasis","address":"Colonia Libertad,Avenida Moraz?n,Pasaje Morelos 111,San Salvador 01101,El Salvador","phones":"+50322257515","fax":"+50322259000","email":"info@oasis.com.sv","url":"http://www.oasis.com.sv","countryIso2":"SV","countryName":"El Salvador","hotelRating":"2","latitude":"13.7228","longitude":"-89.2081","state_id":3654,"state_name":"Entre Rios","country_id":11},{"active":false,"Giataid":"698540","cityId":1450,"cityName":"San Salvador","hotelId":20015989,"hotelName":"Kaleo Hotel Boutique","address":"Avenida La Capilla 353,Colonia San Benito,01101 San Salvador,El Salvador","phones":"+50321248941","fax":"","email":"reservaciones@hotelkaleo.com","url":"http://hotelkaleo.com","countryIso2":"SV","countryName":"El Salvador","hotelRating":"3","latitude":"13.6875","longitude":"-89.2407","state_id":3654,"state_name":"Entre Rios","country_id":11},{"active":false,"Giataid":"452253","cityId":1450,"cityName":"San Salvador","hotelId":20016137,"hotelName":"Kal Nawi Hotel","address":"63 Avenida Norte 115,Colonia Escal?n,San Salvador,El Salvador","phones":"+50322604455","fax":"","email":"reservaciones@kalnawihotel.com","url":"http://www.kalnawihotel.com","countryIso2":"SV","countryName":"El Salvador","hotelRating":"3","latitude":"13.7022","longitude":"-89.2225","state_id":3654,"state_name":"Entre Rios","country_id":11},{"active":false,"Giataid":"698658","cityId":1450,"cityName":"San Salvador","hotelId":20016214,"hotelName":"Laurentia Hotel Boutique","address":"Calle La Reforma 227,Zona Rosa,Colonia San Benito,01101 San Salvador,El Salvador","phones":"+50321301626","fax":"","email":"laurentiahb@gmail.com","url":"http://www.laurentiahotel.com","countryIso2":"SV","countryName":"El Salvador","hotelRating":"0","latitude":"13.6974","longitude":"-89.2365","state_id":3654,"state_name":"Entre Rios","country_id":11},{"active":false,"Giataid":"509908","cityId":31516,"cityName":"La Libertad","hotelId":20016329,"hotelName":"Hotel Los Farallones","address":"Carretera Litoral km 41.5,La Libertad,El Salvador","phones":"","fax":"","email":"","url":"","countryIso2":"SV","countryName":"El Salvador","hotelRating":"3","latitude":"13.4923","longitude":"-89.3734","state_id":2912,"state_name":"Santa Elena","country_id":64},{"active":false,"Giataid":"660695","cityId":1450,"cityName":"San Salvador","hotelId":20016390,"hotelName":"Hotel Andoria","address":"Calle Sisimiles 2946,Colonia Miramonte,San Salvador,El Salvador","phones":"+50322608957","fax":"","email":"reservacion@hotelandora.com","url":"http://www.hotelandoria.com","countryIso2":"SV","countryName":"El Salvador","hotelRating":"2","latitude":"13.7092","longitude":"-89.2135","state_id":3654,"state_name":"Entre Rios","country_id":11},{"active":false,"Giataid":"546007","cityId":1450,"cityName":"San Salvador","hotelId":20016506,"hotelName":"Hotel Gardenia Inn","address":"Prolongacion Alameda Juan Pablo II,y calle El Carmen,San Salvador,El Salvador","phones":"","fax":"","email":"","url":"","countryIso2":"SV","countryName":"El Salvador","hotelRating":"3","latitude":"13.7093","longitude":"-89.2305","state_id":3654,"state_name":"Entre Rios","country_id":11},{"active":false,"Giataid":"452231","cityId":1450,"cityName":"San Salvador","hotelId":20016598,"hotelName":"Hotel Plaza Antigua","address":"1 Calle Poniente 3844,Entre 73 y 75 Avenida Norte,A 1/2 Cuadra de Centro Comercial Galer?as,Colonia Escal?n,San Salvador,El Salvador","phones":"+50322239900","fax":"","email":"info@hotelplazaantigua.net","url":"http://www.hotelplazaantigua.net","countryIso2":"SV","countryName":"El Salvador","hotelRating":"3","latitude":"13.7026","longitude":"-89.2321","state_id":3654,"state_name":"Entre Rios","country_id":11},{"active":false,"Giataid":"453448","cityId":1450,"cityName":"San Salvador","hotelId":20016729,"hotelName":"Hotel Meson de Maria","address":"Boulevard El Hipodromo 301,San Salvador,El Salvador","phones":"+50322430442","fax":"","email":"hmesondemaria@gmail.com","url":"http://www.hmesondemaria.com","countryIso2":"SV","countryName":"El Salvador","hotelRating":"3","latitude":"13.689","longitude":"-89.2412","state_id":3654,"state_name":"Entre Rios","country_id":11},{"active":false,"Giataid":"490993","cityId":1450,"cityName":"San Salvador","hotelId":20016905,"hotelName":"Hotel Miramonte","address":"Calle Talamanca 2904,Colonia Miramonte,San Salvador,El Salvador","phones":"+50322601880","fax":"+50322610536","email":"miramontehotel@gmail.com","url":"http://www.hotelmiramonte.com.sv","countryIso2":"SV","countryName":"El Salvador","hotelRating":"2","latitude":"13.7083","longitude":"-89.2138","state_id":3654,"state_name":"Entre Rios","country_id":11},{"active":false,"Giataid":"707080","cityId":1450,"cityName":"San Salvador","hotelId":20017029,"hotelName":"Hotel Marela","address":"Colonia Escal?n,Calle Juan Jos? Ca?as y 83 Avenida Sur 5,San Salvador,El Salvador","phones":"+50325074400","fax":"","email":"hotelmarela@gmail.com","url":"http://hotelmarela.com.sv/","countryIso2":"SV","countryName":"El Salvador","hotelRating":"3","latitude":"13.7017","longitude":"-89.2384","state_id":3654,"state_name":"Entre Rios","country_id":11},{"active":false,"Giataid":"628693","cityId":1450,"cityName":"San Salvador","hotelId":20017115,"hotelName":"Sal & Luz Hotel Boutique","address":"Calle A # 13-76,Avenida Juan Ram?n Molina,Colonia Campestre,San Salvador,El Salvador","phones":"+50325199595","fax":"","email":"reservas@salyluzhotels.com","url":"http://salyluzhotels.com/","countryIso2":"SV","countryName":"El Salvador","hotelRating":"3","latitude":"13.7019","longitude":"-89.2484","state_id":3654,"state_name":"Entre Rios","country_id":11},{"active":false,"Giataid":"466777","cityId":1450,"cityName":"San Salvador","hotelId":20017222,"hotelName":"Hotel San Jose de la Montana","address":"65 Avenida Norte 145 Colonia Escalon San Salvador,El Salvador","phones":"+50322794807","fax":"","email":"hotelsanjosedelamontana@hotmail.com","url":"http://hotelsanjosedelamontana.com/","countryIso2":"SV","countryName":"El Salvador","hotelRating":"2","latitude":"13.7024","longitude":"-89.2234","state_id":3654,"state_name":"Entre Rios","country_id":11},{"active":false,"Giataid":"545972","cityId":1450,"cityName":"San Salvador","hotelId":20017355,"hotelName":"Hotel Mango Inn","address":"7 Calle Oriente,7-8 Res Santa Monica,Santa Tecla,El Salvador","phones":"","fax":"","email":"","url":"","countryIso2":"SV","countryName":"El Salvador","hotelRating":"2","latitude":"13.6974","longitude":"-89.2365","state_id":3654,"state_name":"Entre Rios","country_id":11},{"active":false,"Giataid":"545976","cityId":1450,"cityName":"San Salvador","hotelId":20017466,"hotelName":"Casa Mia Boutique B&B Hotel","address":"Calle La Mascota 2123,San Salvador,Colonia Maquilishuat,El Salvador","phones":"+50322639502","fax":"+50322639503","email":"","url":"http://www.casamia.com.sv/home.html","countryIso2":"SV","countryName":"El Salvador","hotelRating":"3","latitude":"13.6978","longitude":"-89.2396","state_id":3654,"state_name":"Entre Rios","country_id":11},{"active":false,"Giataid":"91126","cityId":1450,"cityName":"San Salvador","hotelId":20017583,"hotelName":"Mariscal & Suites","address":"Paseo General Escal?n No. 3658,Colonia Escal?n San Salvador,El Salvador","phones":"+50322982844","fax":"+50322235889","email":"info@hotelmariscal.com","url":"http://www.hotelmariscal.com","countryIso2":"SV","countryName":"El Salvador","hotelRating":"3","latitude":"13.7029","longitude":"-89.242","state_id":3654,"state_name":"Entre Rios","country_id":11},{"active":false,"Giataid":"545982","cityId":1450,"cityName":"San Salvador","hotelId":20017649,"hotelName":"Hotel Casa Cuscatlan","address":"Calle Sisimiles Pasaje Los Cedros # 138,Colonia Miramonte,San Salvador,El Salvador","phones":"","fax":"","email":"","url":"","countryIso2":"SV","countryName":"El Salvador","hotelRating":"2","latitude":"13.7143","longitude":"-89.219","state_id":3654,"state_name":"Entre Rios","country_id":11},{"active":false,"Giataid":"469548","cityId":1443,"cityName":"San Miguel","hotelId":20018068,"hotelName":"Hotel Miraflores","address":"Calle a Conchag?ita 500mts al oeste de El Cuco,Playa Las Flores,San Miguel,El Salvador","phones":"+50378904751","fax":"","email":"info@elhotelmiraflores.com","url":"http://www.elhotelmiraflores.com/","countryIso2":"SV","countryName":"El Salvador","hotelRating":"3","latitude":"13.1734","longitude":"-88.115","state_id":3638,"state_name":"Corrientes","country_id":11},{"active":false,"Giataid":"468834","cityId":1443,"cityName":"San Miguel","hotelId":20018541,"hotelName":"Vista Las Olas Surf Resort","address":"Playa Las Flores,300 Meters West of El Cuco,San Miguel,El Salvador","phones":"+50326106675","fax":"","email":"info@vistalasolas.com","url":"http://www.lasolassurfresort.com","countryIso2":"SV","countryName":"El Salvador","hotelRating":"3","latitude":"13.1728","longitude":"-88.1132","state_id":3638,"state_name":"Corrientes","country_id":11},{"active":false,"Giataid":"457512","cityId":1450,"cityName":"San Salvador","hotelId":20019613,"hotelName":"Hotel Boutique Valverde - Cumbres de la Escalon","address":"Avenida AltaVista,Calle las Brumas 235,Colonia Cumbres De la Escal?n,San Salvador,El Salvador","phones":"+50325194540","fax":"","email":"hotelvalverde@yahoo.com","url":"http://hotelboutiquevalverdesv.com/cumbres/index.html","countryIso2":"SV","countryName":"El Salvador","hotelRating":"3","latitude":"13.7202","longitude":"-89.245","state_id":3654,"state_name":"Entre Rios","country_id":11},{"active":false,"Giataid":"476050","cityId":31516,"cityName":"La Libertad","hotelId":20019704,"hotelName":"Boca Olas Resort & Villas","address":"Km. 42 Carretera al Litoral,Playa El Tunco,Puerto La Libertad,El Salvador","phones":"+50323896333","fax":"","email":"","url":"http://www.bocaolas.com/","countryIso2":"SV","countryName":"El Salvador","hotelRating":"3","latitude":"13.4929","longitude":"-89.3711","state_id":2912,"state_name":"Santa Elena","country_id":64},{"active":false,"Giataid":"689302","cityId":1450,"cityName":"San Salvador","hotelId":20019849,"hotelName":"Fairfield by Marriott San Salvador","address":"Contiguo a Centro Comercial La Gran Via,Antiguo Cuscatlan,El Salvador","phones":"+50325292200","fax":"+50325292201","email":"","url":"http://www.marriott.com/hotels/travel/salfi-fairfield-by-marriott-san-salvador/","countryIso2":"SV","countryName":"El Salvador","hotelRating":"3","latitude":"13.6766","longitude":"-89.2555","state_id":3654,"state_name":"Entre Rios","country_id":11},{"active":false,"Giataid":"457574","cityId":1450,"cityName":"San Salvador","hotelId":20019878,"hotelName":"Hostal Verona","address":"11 Calle Poniente 4323,Colonia Escalon,San Salvador,El Salvador","phones":"","fax":"","email":"","url":"","countryIso2":"SV","countryName":"El Salvador","hotelRating":"3","latitude":"13.7085","longitude":"-89.2383","state_id":3654,"state_name":"Entre Rios","country_id":11},{"active":false,"Giataid":"236372","cityId":1450,"cityName":"San Salvador","hotelId":20020010,"hotelName":"La Posada del Angel","address":"85 Avenida Norte No. 321,Col. Escal?n,San Salvador,El Salvador","phones":"+50322377171","fax":"","email":"hotel.laposadadelangel@gmail.com","url":"http://www.hotellaposadadelangel.com/","countryIso2":"SV","countryName":"El Salvador","hotelRating":"3","latitude":"13.7047","longitude":"-89.2398","state_id":3654,"state_name":"Entre Rios","country_id":11},{"active":false,"Giataid":"698229","cityId":1450,"cityName":"San Salvador","hotelId":20020236,"hotelName":"Hotel Pasadena II","address":"3a Calle Poniente 1037,Centro,1101 San Salvador,El Salvador","phones":"+50322214786","fax":"","email":"reservaciones@hotelpasadena2.com","url":"http://www.hotelpasadena2.com","countryIso2":"SV","countryName":"El Salvador","hotelRating":"2","latitude":"13.7021","longitude":"-89.2005","state_id":3654,"state_name":"Entre Rios","country_id":11},{"active":false,"Giataid":"642940","cityId":1450,"cityName":"San Salvador","hotelId":20020389,"hotelName":"JoAn?s Hostel","address":"Calle del Mediterraneo 12,Colonia Jardines de Guadalupe,San Salvador,El Salvador","phones":"+50378607157","fax":"","email":"","url":"http://www.joanshostel.hostel.com/","countryIso2":"SV","countryName":"El Salvador","hotelRating":"0","latitude":"13.678","longitude":"-89.2366","state_id":3654,"state_name":"Entre Rios","country_id":11},{"active":false,"Giataid":"533064","cityId":1450,"cityName":"San Salvador","hotelId":20020437,"hotelName":"Hotel Windsor Plaza","address":"79 Avenida Norte,11a Calle Poniente N. 723,Colonia Escal?n,San Salvador,El Salvador","phones":"+50325266100","fax":"","email":"info-windsor@windsorplaza.com.sv","url":"http://www.windsorplaza.com.sv","countryIso2":"SV","countryName":"El Salvador","hotelRating":"3","latitude":"13.7083","longitude":"-89.2353","state_id":3654,"state_name":"Entre Rios","country_id":11},{"active":false,"Giataid":"507352","cityId":1450,"cityName":"San Salvador","hotelId":20020695,"hotelName":"Hotel San Mateo","address":"Calle Caracas 20-H,Colonia San Mateo,San Salvador,El Salvador","phones":"+50322983825","fax":"","email":"info@hotelsanmateo.com","url":"http://www.hotelsanmateo.com","countryIso2":"SV","countryName":"El Salvador","hotelRating":"3","latitude":"13.6907","longitude":"-89.2198","state_id":3654,"state_name":"Entre Rios","country_id":11},{"active":false,"Giataid":"628681","cityId":1450,"cityName":"San Salvador","hotelId":20020786,"hotelName":"Hotel Via Luz","address":"49 Avenida Sur 932,San Salvador,El Salvador","phones":"+50322989423","fax":"","email":"reservaciones.confirmadas.hoy@gmail.com","url":"http://www.hotelvialuz.com/","countryIso2":"SV","countryName":"El Salvador","hotelRating":"3","latitude":"13.6936","longitude":"-89.2169","state_id":3654,"state_name":"Entre Rios","country_id":11},{"active":false,"Giataid":"409762","cityId":1450,"cityName":"San Salvador","hotelId":20020895,"hotelName":"Hotel Nueva Villa Santander","address":"Colonia Flor Blanca sobre 8?,Calle Poniente entre 43 y 45 Av. Sur 2321,atr?s de estadio Flor Blanca,San Salvador,El Salvador","phones":"+50325366300","fax":"+50325366363","email":"fhotelsantander@gmail.com","url":"http://www.nuevavillasantander.com","countryIso2":"SV","countryName":"El Salvador","hotelRating":"2","latitude":"13.6988","longitude":"-89.1979","state_id":3654,"state_name":"Entre Rios","country_id":11},{"active":false,"Giataid":"698673","cityId":1450,"cityName":"San Salvador","hotelId":20020959,"hotelName":"Hotel Villa Dovela","address":"Bulevar El Hip?dromo,Pasaje 1,Casa 107,San Benito,San Salvador,El Salvador","phones":"+50325212990","fax":"","email":"info@villadovela.com","url":"http://www.villadovela.com","countryIso2":"SV","countryName":"El Salvador","hotelRating":"2","latitude":"13.7029","longitude":"-89.2225","state_id":3654,"state_name":"Entre Rios","country_id":11},{"active":false,"Giataid":"612138","cityId":31516,"cityName":"La Libertad","hotelId":20021060,"hotelName":"Vistas de San Blas","address":"Poligono 12 Lote 2,Carretera El Litoral Km 39.5,Complejo recreativo lomas de San Blas,1501 La Libertad,El Salvador","phones":"","fax":"","email":"","url":"","countryIso2":"SV","countryName":"El Salvador","hotelRating":"0","latitude":"13.4914","longitude":"-89.361","state_id":2912,"state_name":"Santa Elena","country_id":64},{"active":false,"Giataid":"452663","cityId":1450,"cityName":"San Salvador","hotelId":20021193,"hotelName":"Ximenas Guest House","address":"Calle San Salvador 202A,Colonia Centroamerica,San Salvador,El Salvador","phones":"+50322602481","fax":"","email":"ximenas.guesthouse@gmail.com","url":"http://www.ximenasguesthouse.com/","countryIso2":"SV","countryName":"El Salvador","hotelRating":"2","latitude":"13.7097","longitude":"-89.2118","state_id":3654,"state_name":"Entre Rios","country_id":11},{"active":false,"Giataid":"905997","cityId":31516,"cityName":"La Libertad","hotelId":20370763,"hotelName":"Hostal y Restaurante Playa Bruna","address":"Calle Litoral Playa San Blas km 39,Segunda Calle Playa San Blas Rancho 20,La Libertad 01101,El Salvador","phones":"","fax":"","email":"","url":"","countryIso2":"SV","countryName":"El Salvador","hotelRating":"0","latitude":"13.4929","longitude":"-89.3711","state_id":2912,"state_name":"Santa Elena","country_id":64},{"active":false,"Giataid":"894007","cityId":1450,"cityName":"San Salvador","hotelId":20370765,"hotelName":"A&B Hotel Boutique","address":"85 Avenida Norte,San Salvador,El Salvador","phones":"","fax":"","email":"","url":"","countryIso2":"SV","countryName":"El Salvador","hotelRating":"0","latitude":"13.6974","longitude":"-89.2365","state_id":3654,"state_name":"Entre Rios","country_id":11},{"active":false,"Giataid":"935675","cityId":1450,"cityName":"San Salvador","hotelId":20370766,"hotelName":"Apartamentos Luigi","address":"Calle 59,Avenida Norte 331,01101 San Salvador,El Salvador","phones":"","fax":"","email":"","url":"","countryIso2":"SV","countryName":"El Salvador","hotelRating":"0","latitude":"13.6974","longitude":"-89.2365","state_id":3654,"state_name":"Entre Rios","country_id":11},{"active":false,"Giataid":"893987","cityId":31516,"cityName":"La Libertad","hotelId":20370771,"hotelName":"Hotel La Bocanita","address":"Tamanique,Carretera Litoral Playa el Tunco km 42,La Libertad,El Salvador","phones":"","fax":"","email":"","url":"","countryIso2":"SV","countryName":"El Salvador","hotelRating":"0","latitude":"13.4929","longitude":"-89.3711","state_id":2912,"state_name":"Santa Elena","country_id":64},{"active":false,"Giataid":"860800","cityId":1450,"cityName":"San Salvador","hotelId":20370773,"hotelName":"Hotel Boutique San Benito","address":"Calle La Mascota Pje 2 118,Colonia San Benito,01101 San Salvador,El Salvador","phones":"","fax":"","email":"","url":"","countryIso2":"SV","countryName":"El Salvador","hotelRating":"0","latitude":"13.6974","longitude":"-89.2365","state_id":3654,"state_name":"Entre Rios","country_id":11},{"active":false,"Giataid":"935045","cityId":1450,"cityName":"San Salvador","hotelId":20370774,"hotelName":"Apart Hotel Valle Verde","address":"Planes De Renderos 381,km 9 1/4,01101 San Salvador,El Salvador","phones":"","fax":"","email":"","url":"","countryIso2":"SV","countryName":"El Salvador","hotelRating":"0","latitude":"13.6974","longitude":"-89.2365","state_id":3654,"state_name":"Entre Rios","country_id":11},{"active":false,"Giataid":"904802","cityId":1453,"cityName":"Santa Ana","hotelId":20370775,"hotelName":"Casa Blanca Tu Casa","address":"Calle Santa Cruz 25,01101 Santa Ana,El Salvador","phones":"","fax":"","email":"","url":"","countryIso2":"SV","countryName":"El Salvador","hotelRating":"0","latitude":"13.9662","longitude":"-89.5554","state_id":3654,"state_name":"Entre Rios","country_id":11},{"active":false,"Giataid":"877801","cityId":31516,"cityName":"La Libertad","hotelId":20370781,"hotelName":"Hotel Michanti","address":"Calle Litoral km 52,El Zonte,La Libertad,El Salvador","phones":"","fax":"","email":"pabloschild@gmail.com","url":"http://www.hotelmichanti.com/","countryIso2":"SV","countryName":"El Salvador","hotelRating":"0","latitude":"13.4929","longitude":"-89.3711","state_id":2912,"state_name":"Santa Elena","country_id":64},{"active":false,"Giataid":"944780","cityId":31516,"cityName":"La Libertad","hotelId":20370782,"hotelName":"Punto Palmarcito","address":"Carretera Litoral 49 km,El Palmarcito,El Salvador,La Libertad,El Salvador","phones":"+5034153363669","fax":"","email":"","url":"http://punto-palmarcito.business.site","countryIso2":"SV","countryName":"El Salvador","hotelRating":"0","latitude":"13.4929","longitude":"-89.3711","state_id":2912,"state_name":"Santa Elena","country_id":64},{"active":false,"Giataid":"935686","cityId":1443,"cityName":"San Miguel","hotelId":20370783,"hotelName":"Casa Grande Hotel","address":"Colonia Santa Gertrudis Polgono F 5,Calle Poniente 1A,San Miguel,El Salvador","phones":"","fax":"","email":"","url":"","countryIso2":"SV","countryName":"El Salvador","hotelRating":"0","latitude":"13.3952","longitude":"-88.1652","state_id":3638,"state_name":"Corrientes","country_id":11},{"active":false,"Giataid":"894113","cityId":1450,"cityName":"San Salvador","hotelId":20370784,"hotelName":"Kartagus Hotel Boutique","address":"11 Calle Pointe 4134,Entre la 79 y 81,Avenida Norte,Colonial Escal?n,01101 San Salvador,El Salvador","phones":"","fax":"","email":"","url":"","countryIso2":"SV","countryName":"El Salvador","hotelRating":"0","latitude":"13.6974","longitude":"-89.2365","state_id":3654,"state_name":"Entre Rios","country_id":11},{"active":false,"Giataid":"888501","cityId":1453,"cityName":"Santa Ana","hotelId":20370785,"hotelName":"Hostal Las Puertas","address":"2da Avenida Sur,Entre 5a y 7a Calle Pointe 15,Santa Ana,El Salvador","phones":"","fax":"","email":"","url":"","countryIso2":"SV","countryName":"El Salvador","hotelRating":"0","latitude":"13.9662","longitude":"-89.5554","state_id":3654,"state_name":"Entre Rios","country_id":11},{"active":false,"Giataid":"935072","cityId":104930,"cityName":"Suchitoto","hotelId":20370786,"hotelName":"Casa Hotel Santa Lucia","address":"Barrio El Centro,Avenida 15 De Septiembre Y 2a Calle Poniente 2,Suchitoto,El Salvador","phones":"+50323062381","fax":"","email":"casahotelsantalucia@gmail.com","url":"http://casahotelsantalucia.com","countryIso2":"SV","countryName":"El Salvador","hotelRating":"0","latitude":"13.9379","longitude":"-89.0256","state_id":4137,"state_name":"Cuscatlan Department","country_id":66},{"active":false,"Giataid":"894011","cityId":31516,"cityName":"La Libertad","hotelId":20370791,"hotelName":"El Sunzalito Hotel","address":"Playa El Tunco,Carretera Litoral km 42,01101 La Libertad,El Salvador","phones":"","fax":"","email":"","url":"","countryIso2":"SV","countryName":"El Salvador","hotelRating":"0","latitude":"13.4938","longitude":"-89.3819","state_id":2912,"state_name":"Santa Elena","country_id":64},{"active":false,"Giataid":"863762","cityId":1450,"cityName":"San Salvador","hotelId":20370793,"hotelName":"Alive Land","address":"Avenida La Revoluci?n 2,Colonia San Benito,01101 San Salvador,El Salvador","phones":"","fax":"","email":"","url":"","countryIso2":"SV","countryName":"El Salvador","hotelRating":"0","latitude":"13.6906","longitude":"-89.2403","state_id":3654,"state_name":"Entre Rios","country_id":11},{"active":false,"Giataid":"935062","cityId":1450,"cityName":"San Salvador","hotelId":20370794,"hotelName":"Amatechan Boutique Hotel","address":"km 11 1/2 Finca Santa Rosa,Los Planes De Renderos,San Salvador,El Salvador","phones":"+50322126510","fax":"","email":"ventas@hotelamatechan.com","url":"http://www.hotelamatechan.com","countryIso2":"SV","countryName":"El Salvador","hotelRating":"0","latitude":"13.6974","longitude":"-89.2365","state_id":3654,"state_name":"Entre Rios","country_id":11},{"active":false,"Giataid":"905183","cityId":1453,"cityName":"Santa Ana","hotelId":20370795,"hotelName":"Captain Morgan Hostel","address":"SAN24E Lago De Coatepeque,Santa Ana,El Salvador","phones":"","fax":"","email":"","url":"","countryIso2":"SV","countryName":"El Salvador","hotelRating":"0","latitude":"13.9662","longitude":"-89.5554","state_id":3654,"state_name":"Entre Rios","country_id":11},{"active":false,"Giataid":"863784","cityId":104840,"cityName":"Acajutla","hotelId":20370798,"hotelName":"Casa Coral","address":"SON 05,Calle al Faro,Playa Los Cobanos,Acajutla,Sonsonate,El Salvador","phones":"+50324205517","fax":"","email":"casacoralcobanos@gmail.com","url":"https://www.loscobanoscasacoral.com/","countryIso2":"SV","countryName":"El Salvador","hotelRating":"0","latitude":"13.5312","longitude":"-89.804","state_id":4140,"state_name":"Sonsonate Department","country_id":66},{"active":false,"Giataid":"894082","cityId":31516,"cityName":"La Libertad","hotelId":20370801,"hotelName":"Blu Bar","address":"Playa El Tunco,Tamanique,La Libertad,El Salvador","phones":"","fax":"","email":"","url":"","countryIso2":"SV","countryName":"El Salvador","hotelRating":"0","latitude":"13.4929","longitude":"-89.3711","state_id":2912,"state_name":"Santa Elena","country_id":64},{"active":false,"Giataid":"863786","cityId":1450,"cityName":"San Salvador","hotelId":20370803,"hotelName":"Alive Land Hotel","address":"7a Calle Poniente 4916a,Colonia Escal?n,01101 San Salvador,El Salvador","phones":"+50325110238","fax":"","email":"alivelandtours.sv@gmail.com","url":"https://alive-land.negocio.site/","countryIso2":"SV","countryName":"El Salvador","hotelRating":"0","latitude":"13.6974","longitude":"-89.2365","state_id":3654,"state_name":"Entre Rios","country_id":11},{"active":false,"Giataid":"935087","cityId":1450,"cityName":"San Salvador","hotelId":20370804,"hotelName":"Hotel El Palacio","address":"Edificio Duenas,4ta Calle Poniente 125,01101 San Salvador,El Salvador","phones":"","fax":"","email":"","url":"","countryIso2":"SV","countryName":"El Salvador","hotelRating":"0","latitude":"13.6974","longitude":"-89.2365","state_id":3654,"state_name":"Entre Rios","country_id":11},{"active":false,"Giataid":"906023","cityId":1453,"cityName":"Santa Ana","hotelId":20370805,"hotelName":"Hotel El Sole","address":"7A Avenue N 16,Between 5A Avenue N and 7A Avenue N,Santa Ana,El Salvador","phones":"","fax":"","email":"","url":"","countryIso2":"SV","countryName":"El Salvador","hotelRating":"0","latitude":"13.9662","longitude":"-89.5554","state_id":3654,"state_name":"Entre Rios","country_id":11},{"active":false,"Giataid":"935757","cityId":31516,"cityName":"La Libertad","hotelId":20370809,"hotelName":"Rancho Cocal","address":"Segunda Linea De Calle CA-2,El Cocal,La Libertad,El Salvador","phones":"","fax":"","email":"","url":"","countryIso2":"SV","countryName":"El Salvador","hotelRating":"0","latitude":"13.4929","longitude":"-89.3711","state_id":2912,"state_name":"Santa Elena","country_id":64},{"active":false,"Giataid":"915054","cityId":1443,"cityName":"San Miguel","hotelId":20370810,"hotelName":"Hotel Plaza Floresta","address":"Carretera Panamericana Colonia Ciudad Jardin 704,01101 San Miguel,El Salvador","phones":"","fax":"","email":"","url":"","countryIso2":"SV","countryName":"El Salvador","hotelRating":"0","latitude":"13.3952","longitude":"-88.1652","state_id":3638,"state_name":"Corrientes","country_id":11},{"active":false,"Giataid":"894057","cityId":1450,"cityName":"San Salvador","hotelId":20370811,"hotelName":"Barolo Hotel","address":"81 Avenue Norte,Entre 11 Y 13 Calle,Poniente  730,Colonia Escal?n,San Salvador,El Salvador","phones":"+50321213300","fax":"","email":"frontdesk@barolohotel.com","url":"http://www.barolohotel.com/","countryIso2":"SV","countryName":"El Salvador","hotelRating":"0","latitude":"13.6974","longitude":"-89.2365","state_id":3654,"state_name":"Entre Rios","country_id":11},{"active":false,"Giataid":"863779","cityId":1453,"cityName":"Santa Ana","hotelId":20370812,"hotelName":"Jardines de Sevilla","address":"Poligono B Casa 41,Pasaje 37,Ciudad Real - Residencial Sevilla,0209 San Sebasti?n Salitrillo,Santa Ana,El Salvador","phones":"","fax":"","email":"","url":"","countryIso2":"SV","countryName":"El Salvador","hotelRating":"0","latitude":"13.9662","longitude":"-89.5554","state_id":3654,"state_name":"Entre Rios","country_id":11},{"active":false,"Giataid":"874391","cityId":104930,"cityName":"Suchitoto","hotelId":20370813,"hotelName":"La Posada de Suchitlan","address":"Final 4a Calle Poniente,Barrio San Jos?,Suchitoto,Cuscatl?n,El Salvador","phones":"+50323351064","fax":"","email":"laposada@suiteslaspalmas.com.sv","url":"http://www.laposada.com.sv/","countryIso2":"SV","countryName":"El Salvador","hotelRating":"0","latitude":"13.9394","longitude":"-89.0296","state_id":4137,"state_name":"Cuscatlan Department","country_id":66},{"active":false,"Giataid":"888522","cityId":31516,"cityName":"La Libertad","hotelId":20370819,"hotelName":"Kali Hostal","address":"Pasaje 2 Norte 9105,Playa El Tunco,Tamanique,La Libertad,El Salvador","phones":"","fax":"","email":"","url":"","countryIso2":"SV","countryName":"El Salvador","hotelRating":"0","latitude":"13.4929","longitude":"-89.3711","state_id":2912,"state_name":"Santa Elena","country_id":64},{"active":false,"Giataid":"935743","cityId":1443,"cityName":"San Miguel","hotelId":20370821,"hotelName":"Hotel Continental Plaza","address":"Octava Calle Poniente 512,Barrio San Francisco,San Miguel,El Salvador","phones":"","fax":"","email":"","url":"","countryIso2":"SV","countryName":"El Salvador","hotelRating":"0","latitude":"13.3952","longitude":"-88.1652","state_id":3638,"state_name":"Corrientes","country_id":11},{"active":false,"Giataid":"904787","cityId":1450,"cityName":"San Salvador","hotelId":20370822,"hotelName":"Hotel Citlalli","address":"Calle Circunvalacion Pasaje J 298,Colonia San Benito,01101 San Salvador,El Salvador","phones":"","fax":"","email":"","url":"","countryIso2":"SV","countryName":"El Salvador","hotelRating":"0","latitude":"13.6974","longitude":"-89.2365","state_id":3654,"state_name":"Entre Rios","country_id":11},{"active":false,"Giataid":"893994","cityId":1453,"cityName":"Santa Ana","hotelId":20370823,"hotelName":"Hotel Latino","address":"29 Calle Poniente y 18,Avenida Sur Esquina,Santa Ana,El Salvador","phones":"","fax":"","email":"","url":"","countryIso2":"SV","countryName":"El Salvador","hotelRating":"0","latitude":"13.9662","longitude":"-89.5554","state_id":3654,"state_name":"Entre Rios","country_id":11},{"active":false,"Giataid":"908622","cityId":31516,"cityName":"La Libertad","hotelId":20370832,"hotelName":"Acantilados","address":"Carretera El Litoral km 41,La Libertad,El Salvador","phones":"+50323691700","fax":"","email":"ventas@acantilados.sv","url":"http://acantilados.sv/en/","countryIso2":"SV","countryName":"El Salvador","hotelRating":"0","latitude":"13.4929","longitude":"-89.3711","state_id":2912,"state_name":"Santa Elena","country_id":64},{"active":false,"Giataid":"894035","cityId":1450,"cityName":"San Salvador","hotelId":20370834,"hotelName":"Hotel Miramonte & Apartments","address":"Calle Los Sisimiles,01101 San Salvador,El Salvador","phones":"","fax":"","email":"","url":"","countryIso2":"SV","countryName":"El Salvador","hotelRating":"0","latitude":"13.6974","longitude":"-89.2365","state_id":3654,"state_name":"Entre Rios","country_id":11},{"active":false,"Giataid":"940277","cityId":1450,"cityName":"San Salvador","hotelId":20370835,"hotelName":"Villa Margarita","address":"Colonia San Francisco,Calle Los Abetos 4,San Salvador,El Salvador","phones":"+50322237117","fax":"","email":"info@villamargarita.net","url":"http://villamargarita.net","countryIso2":"SV","countryName":"El Salvador","hotelRating":"0","latitude":"13.7218","longitude":"-89.1946","state_id":3654,"state_name":"Entre Rios","country_id":11},{"active":false,"Giataid":"863767","cityId":104930,"cityName":"Suchitoto","hotelId":20370836,"hotelName":"Casa de la Abuela","address":"1a Avenida Norte,y 2a Calle Oriente,Barrio El Centro,1400 Suchitoto,Cuscatl?n,El Salvador","phones":"+50323351632","fax":"","email":"info@suchitotoelsalvador.com","url":"http://www.suchitotoelsalvador.com/es","countryIso2":"SV","countryName":"El Salvador","hotelRating":"0","latitude":"13.9368","longitude":"-89.0256","state_id":4137,"state_name":"Cuscatlan Department","country_id":66},{"active":false,"Giataid":"842919","cityId":104920,"cityName":"Santa Tecla","hotelId":20370840,"hotelName":"Hotel La Casa De Izel","address":"Avenida Dr. Manuel Gallardo 3-2B,Santa Tecla,El Salvador","phones":"+50325666695","fax":"","email":"lacasadeizel@gmail.com","url":"http://lacasadeizel.com","countryIso2":"SV","countryName":"El Salvador","hotelRating":"0","latitude":"13.6772","longitude":"-89.2879","state_id":4134,"state_name":"La Libertad Department","country_id":66},{"active":false,"Giataid":"978288","cityId":1453,"cityName":"Santa Ana","hotelId":20418480,"hotelName":"Cafe Y Hostal Tia Mema","address":"3A Avenida Sur,Entre 13 calle y calle Jose Mariano Mendez,2201 Santa Ana,El Salvador","phones":"+50324061881","fax":"","email":"","url":"http://cafe-y-hostal-tia-mema.negocio.site/","countryIso2":"SV","countryName":"El Salvador","hotelRating":"1","latitude":"13.9662","longitude":"-89.5554","state_id":3654,"state_name":"Entre Rios","country_id":11},{"active":false,"Giataid":"978326","cityId":1453,"cityName":"Santa Ana","hotelId":20418482,"hotelName":"Equinoccio Hotel","address":"Calle Al Lago De Coatepeque,SAN24E,2205 El Congo,El Salvador","phones":"+50379394965","fax":"","email":"","url":"http://equinoccio-hotel.negocio.site/","countryIso2":"SV","countryName":"El Salvador","hotelRating":"1","latitude":"13.9662","longitude":"-89.5554","state_id":3654,"state_name":"Entre Rios","country_id":11},{"active":false,"Giataid":"955427","cityId":1453,"cityName":"Santa Ana","hotelId":20418484,"hotelName":"Hotel Green Canyon","address":"Unnamed Road,Hacienda Santa Adela,Santa Ana 01101,El Salvador","phones":"","fax":"","email":"","url":"","countryIso2":"SV","countryName":"El Salvador","hotelRating":"1","latitude":"13.9662","longitude":"-89.5554","state_id":3654,"state_name":"Entre Rios","country_id":11},{"active":false,"Giataid":"984131","cityId":1450,"cityName":"San Salvador","hotelId":20439105,"hotelName":"Domus Hotel San Salvador Casona Colonial","address":"Casa 183,Calle 3,Lomas De San Francisco,San Salvador,Cuscatlan,El Salvador","phones":"","fax":"","email":"","url":"","countryIso2":"SV","countryName":"El Salvador","hotelRating":"3","latitude":"13.674","longitude":"-89.2304","state_id":3654,"state_name":"Entre Rios","country_id":11}]