[{"active":false,"Giataid":"471226","cityId":null,"cityName":"Apaneca","hotelId":471226,"hotelName":"Hotel y Restaurante Las Cabanas de Apaneca","address":"Carretera de Sonsonate km 90.5,Ahuachap?n,Apaneca,El Salvador","phones":"+50324330500","fax":"","email":"info@cabanasapaneca.com","url":"http://cabanasapaneca.com/","countryIso2":"SV","countryName":"El Salvador","hotelRating":"1","latitude":"13.86","longitude":"-89.8058","state_id":null,"state_name":null,"country_id":null},{"active":false,"Giataid":"476606","cityId":null,"cityName":"Perqu?n","hotelId":476606,"hotelName":"Hotel Villa Maria","address":"Kil?metro 4 Calle Llano del Muerto,Cant?n Casas Blancas El Bailadero,Perqu?n,Moraz?n,El Salvador","phones":"+50326540105","fax":"","email":"hotelvillamaria@hotmail.com","url":"http://hotelvillamaria.com.sv/","countryIso2":"SV","countryName":"El Salvador","hotelRating":"1","latitude":"13.9656","longitude":"-88.1335","state_id":null,"state_name":null,"country_id":null},{"active":false,"Giataid":"546806","cityId":null,"cityName":"Apaneca","hotelId":546806,"hotelName":"Hostel Bierhaus","address":"North Street 4,Calle Poniente 5,Bario San Jose,Apaneca,Ahuachapan,El Salvador","phones":"+50370881500","fax":"","email":"bierhaus@outlook.com","url":"https://hostelinapaneca.wordpress.com","countryIso2":"SV","countryName":"El Salvador","hotelRating":"1","latitude":"13.8602","longitude":"-89.8037","state_id":null,"state_name":null,"country_id":null},{"active":false,"Giataid":"628672","cityId":null,"cityName":"El Cuco","hotelId":628672,"hotelName":"Hotel y Restaurante Leones Marinos","address":"Playa El Cuco,Chirilagua,San Miguel,El Cuco,El Salvador","phones":"","fax":"","email":"","url":"","countryIso2":"SV","countryName":"El Salvador","hotelRating":"1","latitude":"13.1751","longitude":"-88.0956","state_id":null,"state_name":null,"country_id":null},{"active":false,"Giataid":"628697","cityId":null,"cityName":"Perqu?n","hotelId":628697,"hotelName":"Perkin Lenca","address":"Km 205 1/2 Carretera a Perqu?n,Moraz?n,Perqu?n,El Salvador","phones":"+50326804046","fax":"","email":"info@perkinlenca.com","url":"http://perkinlenca.com/","countryIso2":"SV","countryName":"El Salvador","hotelRating":"1","latitude":"13.9594","longitude":"-88.1448","state_id":null,"state_name":null,"country_id":null},{"active":false,"Giataid":"628702","cityId":null,"cityName":"Llanos de Achichilco","hotelId":628702,"hotelName":"Posada Don Pablito","address":"Urbanizaci?n Vaquerano,Calle A Amapulapa # 25,01101 Llanos de Achichilco,El Salvador","phones":"","fax":"","email":"","url":"","countryIso2":"SV","countryName":"El Salvador","hotelRating":"1","latitude":"13.6301","longitude":"-88.7794","state_id":null,"state_name":null,"country_id":null},{"active":false,"Giataid":"628716","cityId":null,"cityName":"Candelaria de la Frontera","hotelId":628716,"hotelName":"Candelaria Auto Hotel","address":"One Domingo,Candelaria de La Frontera,El Salvador","phones":"","fax":"","email":"","url":"","countryIso2":"SV","countryName":"El Salvador","hotelRating":"1","latitude":"14.1132","longitude":"-89.6502","state_id":null,"state_name":null,"country_id":null},{"active":false,"Giataid":"628722","cityId":null,"cityName":"El Cuco","hotelId":628722,"hotelName":"Hotel Rancho Infinito","address":"Calle Al Majahue,Playa Las Flores,El Cuco,El Salvador","phones":"","fax":"","email":"","url":"http://www.hotelranchoinfinito.com/","countryIso2":"SV","countryName":"El Salvador","hotelRating":"1","latitude":"13.1727","longitude":"-88.1154","state_id":null,"state_name":null,"country_id":null},{"active":false,"Giataid":"698364","cityId":null,"cityName":"El Cuco","hotelId":698364,"hotelName":"Hotel Alma Azul","address":"Carretera del Cuco a Canton El Carrizal Km 1,5,located above Las Flores Surf Break,El Cuco,San Miguel,El Salvador","phones":"+50326199072","fax":"","email":"lissette@azulsurfclub.com","url":"http://www.hotelalmaazul.com","countryIso2":"SV","countryName":"El Salvador","hotelRating":"2","latitude":"13.1732","longitude":"-88.1206","state_id":null,"state_name":null,"country_id":null},{"active":false,"Giataid":"698611","cityId":null,"cityName":"El Cuco","hotelId":698611,"hotelName":"La Tortuga Verde, El Salvador","address":"Calle Pacifica,Playa El Esteron � Intipuca Beach,503 El Cuco,San Miguel,El Salvador","phones":"","fax":"","email":"latotugaverderest@yahoo.com","url":"http://latortugaverde.com","countryIso2":"SV","countryName":"El Salvador","hotelRating":"3","latitude":"13.1728","longitude":"-88.1155","state_id":null,"state_name":null,"country_id":null},{"active":false,"Giataid":"751415","cityId":null,"cityName":"Concepci?n de Ataco","hotelId":751415,"hotelName":"Hotel Boutique Vista al Cielo","address":"2106 Concepci?n de Ataco,Ahuachap?n,El Salvador","phones":"+50324505190","fax":"","email":"admon_vistaalcielo@hotmail.com","url":"","countryIso2":"SV","countryName":"El Salvador","hotelRating":"2","latitude":"13.8687","longitude":"-89.849","state_id":null,"state_name":null,"country_id":null},{"active":false,"Giataid":"755062","cityId":null,"cityName":"El Cuco","hotelId":755062,"hotelName":"Condado Cucolandia","address":"Bulevar El Cuco,El Cuco,El Salvador,El Salvador","phones":"","fax":"","email":"","url":"http://www.hotels.com/ho720130784","countryIso2":"SV","countryName":"El Salvador","hotelRating":"1","latitude":"13.1728","longitude":"-88.1155","state_id":null,"state_name":null,"country_id":null},{"active":false,"Giataid":"755236","cityId":null,"cityName":"Antiguo Cuscatl?n","hotelId":755236,"hotelName":"Hotel Boutique Valverde Santa Elena","address":"Bulevar Santa Elena,01101 Antiguo Cuscatlan,El Salvador","phones":"","fax":"","email":"","url":"","countryIso2":"SV","countryName":"El Salvador","hotelRating":"1","latitude":"13.6749","longitude":"-89.2523","state_id":null,"state_name":null,"country_id":null},{"active":false,"Giataid":"758149","cityId":null,"cityName":"Juay?a","hotelId":758149,"hotelName":"Hostal Deyluwin","address":"Calle Oriente Barrio El Calvario,Avenida Daniel Cordon Sur 8A,01101 Juay?a,El Salvador","phones":"","fax":"","email":"","url":"","countryIso2":"SV","countryName":"El Salvador","hotelRating":"1","latitude":"13.8472","longitude":"-89.7475","state_id":null,"state_name":null,"country_id":null},{"active":false,"Giataid":"758370","cityId":null,"cityName":"Juay?a","hotelId":758370,"hotelName":"Vista Los Volcanes","address":"Col Diaz Nuila 7,Block 12,Juayua,Sonsonate,El Salvador","phones":"","fax":"","email":"","url":"","countryIso2":"SV","countryName":"El Salvador","hotelRating":"1","latitude":"13.8472","longitude":"-89.7475","state_id":null,"state_name":null,"country_id":null},{"active":false,"Giataid":"758638","cityId":null,"cityName":"Concepci?n de Ataco","hotelId":758638,"hotelName":"Hostal Meson De San Fenando","address":"1a Calle Poniente Entre 3a y 5a Avenida Norte 14,01101 Concepcion De Ataco,El Salvador","phones":"","fax":"","email":"","url":"","countryIso2":"SV","countryName":"El Salvador","hotelRating":"1","latitude":"13.8687","longitude":"-89.849","state_id":null,"state_name":null,"country_id":null},{"active":false,"Giataid":"802947","cityId":null,"cityName":"Usulut?n","hotelId":802947,"hotelName":"Punta Mango Surf Resort","address":"NULL","phones":"","fax":"","email":"info@hotelpuntamango.com","url":"http://hotelpuntamango.com","countryIso2":"SV","countryName":"El Salvador","hotelRating":"1","latitude":"13.1686","longitude":"-88.185","state_id":null,"state_name":null,"country_id":null},{"active":false,"Giataid":"805261","cityId":null,"cityName":"Concepci?n de Ataco","hotelId":805261,"hotelName":"Villa Ikal Hotel","address":"Avenida Sur Barrio El Calvario 2a,01101 Concepci?n De Ataco,El Salvador","phones":"","fax":"","email":"","url":"","countryIso2":"SV","countryName":"El Salvador","hotelRating":"1","latitude":"13.8687","longitude":"-89.849","state_id":null,"state_name":null,"country_id":null},{"active":false,"Giataid":"805298","cityId":null,"cityName":"El Cuco","hotelId":805298,"hotelName":"Casa De Canel","address":"Calle Principal El Cuco,01101 El Cuc,El Salvador","phones":"","fax":"","email":"","url":"","countryIso2":"SV","countryName":"El Salvador","hotelRating":"1","latitude":"13.1728","longitude":"-88.1155","state_id":null,"state_name":null,"country_id":null},{"active":false,"Giataid":"806052","cityId":null,"cityName":"Apaneca","hotelId":806052,"hotelName":"Jardin Hostal","address":"Avenida Sur,2 Calle Poniente 1,01101 Apaneca,El Salvador","phones":"","fax":"","email":"","url":"","countryIso2":"SV","countryName":"El Salvador","hotelRating":"1","latitude":"13.8566","longitude":"-89.7927","state_id":null,"state_name":null,"country_id":null},{"active":false,"Giataid":"809989","cityId":null,"cityName":"Concepci?n de Ataco","hotelId":809989,"hotelName":"Hotel & Restaurant Fleur De Lis","address":"3rd Avenue North 5,1A Calle Poniente,Barrio Santa Lucia,01101 Concepcion De Ataco,El Salvador","phones":"+50324505023","fax":"","email":"info@fleurdelis.info","url":"http://www.fleurdelis.info","countryIso2":"SV","countryName":"El Salvador","hotelRating":"1","latitude":"13.8687","longitude":"-89.849","state_id":null,"state_name":null,"country_id":null},{"active":false,"Giataid":"810192","cityId":null,"cityName":"Playa El Sunzal","hotelId":810192,"hotelName":"Hotel Puesta del Sol","address":"CA-2 km 42.5,Playa El Tunco,01101 El Sunzal,El Salvador","phones":"","fax":"","email":"","url":"","countryIso2":"SV","countryName":"El Salvador","hotelRating":"1","latitude":"13.4935","longitude":"-89.3875","state_id":null,"state_name":null,"country_id":null},{"active":false,"Giataid":"810211","cityId":null,"cityName":"Perqu?n","hotelId":810211,"hotelName":"Hotel Y Restaurante Las Margaritas","address":"Carretera Ruta de Paz,Calle a Sabanetas,La Tejera,Perqu?n,El Salvador","phones":"","fax":"","email":"","url":"","countryIso2":"SV","countryName":"El Salvador","hotelRating":"1","latitude":"13.9594","longitude":"-88.1448","state_id":null,"state_name":null,"country_id":null},{"active":false,"Giataid":"814861","cityId":null,"cityName":"Concepci?n de Ataco","hotelId":814861,"hotelName":"Hostal Sorelle","address":"Da Calle Poniente 2,Barrio el Centro,Concepcion de Ataco 2106,El Salvador","phones":"","fax":"","email":"","url":"","countryIso2":"SV","countryName":"El Salvador","hotelRating":"1","latitude":"13.8687","longitude":"-89.849","state_id":null,"state_name":null,"country_id":null},{"active":false,"Giataid":"815648","cityId":null,"cityName":"Concepci?n de Ataco","hotelId":815648,"hotelName":"Casa Degraciela Hotel Boutique","address":"Barrio El Centro,Primera Calle Oriente y Segunda Avenida Norte 2,01101 Concepcion de Ataco,Ahuachapan,El Salvador","phones":"+50325432828","fax":"","email":"info@casadegraciela.com","url":"http://www.casadegraciela.com","countryIso2":"SV","countryName":"El Salvador","hotelRating":"1","latitude":"13.8699","longitude":"-89.8503","state_id":null,"state_name":null,"country_id":null},{"active":false,"Giataid":"821009","cityId":null,"cityName":"Playa El Sunzal","hotelId":821009,"hotelName":"Lo Nuestro Resort","address":"Calle El Litoral,Km 44 1/2,Poligono A #7-A,Lotificaci?n Costa Brava,El Sunzal,El Salvador","phones":"","fax":"","email":"","url":"","countryIso2":"SV","countryName":"El Salvador","hotelRating":"1","latitude":"13.4935","longitude":"-89.3875","state_id":null,"state_name":null,"country_id":null},{"active":false,"Giataid":"821545","cityId":null,"cityName":"El Cuco","hotelId":821545,"hotelName":"Hotel Y Restaurante Pez Dorado","address":"Al Oriente De Centro De El Cuco 0.3 km,Playa El Cuco,01101 El Cuco,Departamento De San Miguel,El Salvador","phones":"","fax":"","email":"","url":"","countryIso2":"SV","countryName":"El Salvador","hotelRating":"1","latitude":"13.1728","longitude":"-88.1155","state_id":null,"state_name":null,"country_id":null},{"active":false,"Giataid":"822966","cityId":null,"cityName":"El Cuco","hotelId":822966,"hotelName":"Hotel Cucolindo Surf","address":"Bulevar El Cuco,Calle Al Esterito,A 1 Kil?metro A La Lzquierda De El Centro,Playa El Cuco,01101 El Cuco,El Salvador","phones":"+5032619012","fax":"","email":"","url":"http://www.hotelcucolindo.com","countryIso2":"SV","countryName":"El Salvador","hotelRating":"1","latitude":"13.1728","longitude":"-88.1155","state_id":null,"state_name":null,"country_id":null},{"active":false,"Giataid":"824307","cityId":null,"cityName":"El Cuco","hotelId":824307,"hotelName":"Rancho Mama Juany","address":"Colonia El Cuco Sobre,Bulevar El Cuco,100 Metros De La Interseccion De Carretera El,Cuco Y Bulevar El  Cuco,01101 El Cuco,El Salvador","phones":"","fax":"","email":"","url":"","countryIso2":"SV","countryName":"El Salvador","hotelRating":"1","latitude":"13.1728","longitude":"-88.1155","state_id":null,"state_name":null,"country_id":null},{"active":false,"Giataid":"824920","cityId":null,"cityName":"La Uni?n","hotelId":824920,"hotelName":"Hotel y Restaurante Maribel","address":"Las Mueludas,Playa El jaguey,01101 La Union,El Salvador","phones":"","fax":"","email":"","url":"","countryIso2":"SV","countryName":"El Salvador","hotelRating":"1","latitude":"13.332","longitude":"-87.8353","state_id":null,"state_name":null,"country_id":null},{"active":false,"Giataid":"843014","cityId":null,"cityName":"Antiguo Cuscatl?n","hotelId":843014,"hotelName":"Hostal Kuskatan","address":"Calle Caribe,Avenida Rio Amazonas 1,Antiguo Cuscatlan,El Salvador","phones":"","fax":"","email":"kuskatanhostal@gmail.com","url":"http://kuskatanhostal.com","countryIso2":"SV","countryName":"El Salvador","hotelRating":"1","latitude":"13.6749","longitude":"-89.2523","state_id":null,"state_name":null,"country_id":null},{"active":false,"Giataid":"465883","cityId":null,"cityName":"Apaneca","hotelId":10069371,"hotelName":"Hotel Santa Leticia","address":"Kil?metro 86.5 carretera de Sonsonate hacia Apaneca,Apaneca,Ahuachap?n,El Salvador","phones":"+50324330357","fax":"","email":"","url":"","countryIso2":"SV","countryName":"El Salvador","hotelRating":"3","latitude":"13.8521","longitude":"-89.7817","state_id":null,"state_name":null,"country_id":null},{"active":false,"Giataid":"495024","cityId":null,"cityName":"Ahuachap?n","hotelId":10069500,"hotelName":"Hotel La Casa de Mamapan","address":"Pasaje La Concordia - Centro Hist?rico Cultural,Ahuachap?n,El Salvador","phones":"+50324132507","fax":"","email":"","url":"","countryIso2":"SV","countryName":"El Salvador","hotelRating":"3","latitude":"13.9187","longitude":"-89.8485","state_id":null,"state_name":null,"country_id":null},{"active":false,"Giataid":"469040","cityId":null,"cityName":"San Luis Talpa","hotelId":10070529,"hotelName":"Hotel Rancho Estero y Mar","address":"Final Playa El Pimental, Canton Los Mangos No.158, San Luis Talpa, Apt. of La Paz, El Salvador, Central America,El Salvador","phones":"+50323166100","fax":"","email":"","url":"","countryIso2":"SV","countryName":"El Salvador","hotelRating":"3","latitude":"13.3792","longitude":"-89.0837","state_id":null,"state_name":null,"country_id":null},{"active":false,"Giataid":"595217","cityId":null,"cityName":"El Cuco","hotelId":10073202,"hotelName":"Las Flores Resort","address":"El Cuco Street Km 1 to Carrizal,El Cuco,El Salvador","phones":"+50322230466","fax":"","email":"","url":"","countryIso2":"SV","countryName":"El Salvador","hotelRating":"3","latitude":"13.1725","longitude":"-88.1177","state_id":null,"state_name":null,"country_id":null},{"active":false,"Giataid":"474641","cityId":null,"cityName":"El Cuco","hotelId":10100474,"hotelName":"Tropiclub Playa El Cuco","address":"1 Kilometer East to Cuco Beach,El Cuco,El Salvador","phones":"+50326821000","fax":"NULL","email":"NULL","url":"NULL","countryIso2":"SV","countryName":"El Salvador","hotelRating":"2","latitude":"13.1723","longitude":"-88.0876","state_id":null,"state_name":null,"country_id":null},{"active":false,"Giataid":"628684","cityId":null,"cityName":"Playa El Sunzal","hotelId":20007113,"hotelName":"Los Almendros El Sunzal","address":"Km 44 1-2,Carretera Litoral,Playa El Sunza,El Sunzal,El Salvador","phones":"+50377273194","fax":"","email":"hostal.losalmendros@gmail.com","url":"http://www.go2losalmendros.com/","countryIso2":"SV","countryName":"El Salvador","hotelRating":"2","latitude":"13.4932","longitude":"-89.3904","state_id":null,"state_name":null,"country_id":null},{"active":false,"Giataid":"453095","cityId":null,"cityName":"Antiguo Cuscatl?n","hotelId":20007789,"hotelName":"Hotel Casa Berlin","address":"Avenida El Espino 62-64,Santa Elena,3252 Antiguo Cuscatlan,El Salvador","phones":"","fax":"","email":"","url":"","countryIso2":"SV","countryName":"El Salvador","hotelRating":"3","latitude":"13.6642","longitude":"-89.2548","state_id":null,"state_name":null,"country_id":null},{"active":false,"Giataid":"459403","cityId":null,"cityName":"Concepci?n de Ataco","hotelId":20007945,"hotelName":"Hotel El Pueblito de Don Luis","address":"10a Avenue Norte 1a,Calle Oriente,Concepci?n de Ataco,El Salvador","phones":"+50324505904","fax":"","email":"info@elpueblitodedonluis.com","url":"http://www.elpueblitodedonluis.com","countryIso2":"SV","countryName":"El Salvador","hotelRating":"2","latitude":"13.8686","longitude":"-89.8495","state_id":null,"state_name":null,"country_id":null},{"active":false,"Giataid":"533065","cityId":null,"cityName":"Usulut?n","hotelId":20008365,"hotelName":"Hotel Los Mangos","address":"Playa Los Mangos #18,caser?o Agua Fr?a,01101 El Cuco,Jucuar?n Usulut?n,El Salvador,El Salvador","phones":"+50322527822","fax":"","email":"info@losmangoshotel.com","url":"http://www.puntamangohotel.com","countryIso2":"SV","countryName":"El Salvador","hotelRating":"3","latitude":"13.1696","longitude":"-88.1879","state_id":null,"state_name":null,"country_id":null},{"active":false,"Giataid":"519822","cityId":null,"cityName":"Usulut?n","hotelId":20008941,"hotelName":"Azul Surf Club","address":"El Esterito,El Cuco,El Salvador","phones":"","fax":"","email":"","url":"","countryIso2":"SV","countryName":"El Salvador","hotelRating":"3","latitude":"13.1728","longitude":"-88.098","state_id":null,"state_name":null,"country_id":null},{"active":false,"Giataid":"628669","cityId":null,"cityName":"Usulut?n","hotelId":20009510,"hotelName":"Hostal Dona Consuelo","address":"Bario la Parroquia,Entrada de Jucuar?n,Usulutan,El Salvador","phones":"","fax":"","email":"","url":"","countryIso2":"SV","countryName":"El Salvador","hotelRating":"0","latitude":"13.213","longitude":"-88.3059","state_id":null,"state_name":null,"country_id":null},{"active":false,"Giataid":"232056","cityId":null,"cityName":"La Barra de Santiago","hotelId":20009916,"hotelName":"La Cocotera","address":"Barra de Santiago,El Salvador,El Salvador","phones":"+50322453691","fax":"","email":"info@lacocoteraresort.com","url":"http://www.lacocoteraresort.com","countryIso2":"SV","countryName":"El Salvador","hotelRating":"3","latitude":"13.7014","longitude":"-90.0286","state_id":null,"state_name":null,"country_id":null},{"active":false,"Giataid":"628688","cityId":null,"cityName":"Playa El Sunzal","hotelId":20010215,"hotelName":"Monkey Lala El Tunco Suites","address":"Tamanique,Playa EL Tunco,La Libertad,El Sunzal,El Salvador","phones":"+50323896002","fax":"","email":"salesturisticapm@gmail.com","url":"http://www.monkeylalaeltunco.com/","countryIso2":"SV","countryName":"El Salvador","hotelRating":"0","latitude":"13.4935","longitude":"-89.3875","state_id":null,"state_name":null,"country_id":null},{"active":false,"Giataid":"697129","cityId":null,"cityName":"Concepci?n de Ataco","hotelId":20010963,"hotelName":"Hotel El Balcon de Ataco","address":"Calle Oriente 8,Calle El Naranjito,Concepcion de Ataco,Ahuachap?n,El Salvador","phones":"","fax":"","email":"","url":"","countryIso2":"SV","countryName":"El Salvador","hotelRating":"0","latitude":"13.8629","longitude":"-89.8522","state_id":null,"state_name":null,"country_id":null},{"active":false,"Giataid":"698397","cityId":null,"cityName":"Antiguo Cuscatl?n","hotelId":20011299,"hotelName":"Hotel Antiguo","address":"Calle Claveles 36,Colonia La Sultana,01101 Antiguo Cuscatl?n,El Salvador","phones":"","fax":"","email":"","url":"","countryIso2":"SV","countryName":"El Salvador","hotelRating":"0","latitude":"13.6772","longitude":"-89.2439","state_id":null,"state_name":null,"country_id":null},{"active":false,"Giataid":"506802","cityId":null,"cityName":"Usulut?n","hotelId":20011416,"hotelName":"Puerto Barillas Marina & Lodge","address":"Km. 108.5 - CA-2,Hacienda La Carrera,Usulutan,El Salvador","phones":"+50326321802","fax":"","email":"info@puertobarillas.com","url":"http://www.puertobarillas.com/","countryIso2":"SV","countryName":"El Salvador","hotelRating":"3","latitude":"13.2627","longitude":"-88.4922","state_id":null,"state_name":null,"country_id":null},{"active":false,"Giataid":"452505","cityId":null,"cityName":"Antiguo Cuscatl?n","hotelId":20013622,"hotelName":"Hotel Merliot","address":"Colonia Jardines de Cuscatl?n,Poligono G Avenida L-A 24,Antiguo Cuscatl?n,El Salvador","phones":"+50322784417","fax":"","email":"hotelmerliot@gmail.com","url":"http://www.hotelmerliot.com/","countryIso2":"SV","countryName":"El Salvador","hotelRating":"3","latitude":"13.6751","longitude":"-89.2631","state_id":null,"state_name":null,"country_id":null},{"active":false,"Giataid":"628690","cityId":null,"cityName":"Usulut?n","hotelId":20014388,"hotelName":"Hotel y Restaurante Solisal","address":"Bahia de Jiquilisco,Usulut?n,El Salvador","phones":"+50322432590","fax":"","email":"info@hotelsolisal.com","url":"http://www.hotelsolisal.com/","countryIso2":"SV","countryName":"El Salvador","hotelRating":"0","latitude":"13.2093","longitude":"-88.5582","state_id":null,"state_name":null,"country_id":null},{"active":false,"Giataid":"457268","cityId":null,"cityName":"Playa El Sunzal","hotelId":20017928,"hotelName":"Cielo Vista Boutique Hotel","address":"Carretera Litoral Km 43,121000 El Sunzal,La Libertad,El Salvador","phones":"+50323742236","fax":"","email":"info@cielovistahotel.com","url":"http://cielovistahotel.com","countryIso2":"SV","countryName":"El Salvador","hotelRating":"3","latitude":"13.4986","longitude":"-89.3836","state_id":null,"state_name":null,"country_id":null},{"active":false,"Giataid":"628713","cityId":null,"cityName":"Playa El Sunzal","hotelId":20018164,"hotelName":"Roca Sunzal Hotel","address":"Calle Litoral km 42,Playa El Tunco,Puerto la Libertad,El Sunzal,El Salvador","phones":"","fax":"","email":"ripitup@sunzal.com","url":"http://sunzal.com/accommodation/hotel-roca/","countryIso2":"SV","countryName":"El Salvador","hotelRating":"0","latitude":"13.4933","longitude":"-89.3849","state_id":null,"state_name":null,"country_id":null},{"active":false,"Giataid":"628674","cityId":null,"cityName":"La Uni?n","hotelId":20018765,"hotelName":"Hotel Porto Belo","address":"1ra Calle Poniente,La Uni?n,El Salvador","phones":"","fax":"","email":"","url":"","countryIso2":"SV","countryName":"El Salvador","hotelRating":"0","latitude":"13.332","longitude":"-87.8353","state_id":null,"state_name":null,"country_id":null},{"active":false,"Giataid":"414481","cityId":null,"cityName":"Antiguo Cuscatl?n","hotelId":20019166,"hotelName":"Hotel Santa Elena","address":"Bulevar y Urbanizaci?n Santa Elena,Calle Cerro Verde Poniente 10,Antiguo Cuscatl?n,El Salvador","phones":"+50325354444","fax":"","email":"reservaciones@hotelsantaelena.com","url":"http://www.hotelsantaelena.com/","countryIso2":"SV","countryName":"El Salvador","hotelRating":"3","latitude":"13.7071","longitude":"-89.2182","state_id":null,"state_name":null,"country_id":null},{"active":false,"Giataid":"456659","cityId":null,"cityName":"Concepci?n de Ataco","hotelId":20019320,"hotelName":"Hotel Mision de Angeles","address":"Final 4a Avenida Norte,Ahuachap?n,Concepci?n de Ataco,El Salvador","phones":"+50324041800","fax":"","email":"info@misiondeangeles.com","url":"http://www.misiondeangeles.com","countryIso2":"SV","countryName":"El Salvador","hotelRating":"4","latitude":"13.872","longitude":"-89.849","state_id":null,"state_name":null,"country_id":null},{"active":false,"Giataid":"611696","cityId":null,"cityName":"Juay?a","hotelId":20020571,"hotelName":"Los Naranjos Town Houses","address":"Km 83,5  Colonia Santa Martita Final,Pasaje No. 3,Juayua,Los Naranjos,El Salvador","phones":"+50377711484","fax":"","email":"losnaranjostownhouses@gmail.com","url":"","countryIso2":"SV","countryName":"El Salvador","hotelRating":"0","latitude":"13.8757","longitude":"-89.6712","state_id":null,"state_name":null,"country_id":null},{"active":false,"Giataid":"894103","cityId":null,"cityName":"Antiguo Cuscatl?n","hotelId":20370760,"hotelName":"Hyatt Centric Las Cascadas San Salvador","address":"Distrito Comercial Cascadas,Calle El Pedregal Y Avenida Sergio Paiz,Antiguo Cuscatlan,El Salvador","phones":"+50325287000","fax":"","email":"catherine.drake@hyatt.com","url":"https://www.hyatt.com/en-US/hotel/el-salvador/hyatt-centric-las-cascadas-san-salvador/salct","countryIso2":"SV","countryName":"El Salvador","hotelRating":"0","latitude":"13.6749","longitude":"-89.2523","state_id":null,"state_name":null,"country_id":null},{"active":false,"Giataid":"883741","cityId":null,"cityName":"Concepci?n de Ataco","hotelId":20370761,"hotelName":"Ataco Backpackers Hostel","address":"Avenida Central Sur Entre 4a y 6a,Calle Oriente 18,01101 Concepcion de Ataco,Ahuachapan,El Salvador","phones":"","fax":"","email":"","url":"","countryIso2":"SV","countryName":"El Salvador","hotelRating":"0","latitude":"13.8687","longitude":"-89.849","state_id":null,"state_name":null,"country_id":null},{"active":false,"Giataid":"863773","cityId":null,"cityName":"Juay?a","hotelId":20370762,"hotelName":"Kiwi Melon Hostal","address":"Avenida Daniel Cordon Sur,6 Calle Poniente,2307 Juay?a,Sonsonate,El Salvador","phones":"+50360267415","fax":"","email":"","url":"","countryIso2":"SV","countryName":"El Salvador","hotelRating":"0","latitude":"13.8472","longitude":"-89.7475","state_id":null,"state_name":null,"country_id":null},{"active":false,"Giataid":"864273","cityId":null,"cityName":"El Cuco","hotelId":20370770,"hotelName":"Atlakamani Surfing Resort","address":"Playa Las Flores,33317 El Cuco,El Salvador","phones":"","fax":"","email":"info@atlakamanisurfingresort.com","url":"http://atlakamanisurfingresort.com","countryIso2":"SV","countryName":"El Salvador","hotelRating":"0","latitude":"13.1743","longitude":"-88.1108","state_id":null,"state_name":null,"country_id":null},{"active":false,"Giataid":"740648","cityId":null,"cityName":"San Luis Talpa","hotelId":20370778,"hotelName":"Hotel Rancho Argueta","address":"Autopista Comalapa Km 40,San Luis Talpa,La Paz,El Salvador","phones":"","fax":"","email":"","url":"","countryIso2":"SV","countryName":"El Salvador","hotelRating":"2","latitude":"13.4757","longitude":"-89.0837","state_id":null,"state_name":null,"country_id":null},{"active":false,"Giataid":"888494","cityId":null,"cityName":"Concepci?n de Ataco","hotelId":20370780,"hotelName":"Hotel Villa Santo Domingo","address":"1a Avenida Norte,Calle Central 6 Barrio El Centro,Concepci?n De Ataco,El Salvador","phones":"","fax":"","email":"","url":"http://www.hotelvillasantodomingo.com/","countryIso2":"SV","countryName":"El Salvador","hotelRating":"0","latitude":"13.8698","longitude":"-89.8516","state_id":null,"state_name":null,"country_id":null},{"active":false,"Giataid":"823178","cityId":null,"cityName":"Ahuachap?n","hotelId":20370787,"hotelName":"Hotel And Restaurant Santa Maria","address":"3a Avenida Sur 6-2,9a Calle Oriente,Barrio Santa Cruz,01101 Ahuachapan,El Salvador","phones":"+50324131699","fax":"","email":"hotelyrestaurante_santamaria2017@hotmail.com","url":"http://www.hotelrestaurantesantamaria.com/","countryIso2":"SV","countryName":"El Salvador","hotelRating":"0","latitude":"13.9296","longitude":"-89.8519","state_id":null,"state_name":null,"country_id":null},{"active":false,"Giataid":"886791","cityId":null,"cityName":"El Cuco","hotelId":20370790,"hotelName":"Papaya Las Flores","address":"Playa Las Flores,El Cuco,Departamento de San Miguel,El Salvador","phones":"+50326199091","fax":"","email":"papayalasflores2017@gmail.com","url":"http://www.papayalodge.com/","countryIso2":"SV","countryName":"El Salvador","hotelRating":"0","latitude":"13.1728","longitude":"-88.1155","state_id":null,"state_name":null,"country_id":null},{"active":false,"Giataid":"883325","cityId":null,"cityName":"Concepci?n de Ataco","hotelId":20370799,"hotelName":"Los Portones De Ataco","address":"2DA Avenida Sur 2,Barrio El Calvario,1101 Concepcion De Ataco,Ahuachapan,El Salvador","phones":"","fax":"","email":"","url":"","countryIso2":"SV","countryName":"El Salvador","hotelRating":"0","latitude":"13.8673","longitude":"-89.8513","state_id":null,"state_name":null,"country_id":null},{"active":false,"Giataid":"935667","cityId":null,"cityName":"El Cuco","hotelId":20370800,"hotelName":"Punta Flores Surf Hotel","address":"Playa Las Flores,El Cuco,El Salvador","phones":"","fax":"","email":"","url":"","countryIso2":"SV","countryName":"El Salvador","hotelRating":"0","latitude":"13.1728","longitude":"-88.1155","state_id":null,"state_name":null,"country_id":null},{"active":false,"Giataid":"883298","cityId":null,"cityName":"Apaneca","hotelId":20370807,"hotelName":"Hostal Vivero Las Flores","address":"1 Avenida Sur Apaneca 6,Calle Poniente,Apaneca,Ahuachapan,El Salvador","phones":"","fax":"","email":"","url":"","countryIso2":"SV","countryName":"El Salvador","hotelRating":"0","latitude":"13.8566","longitude":"-89.7927","state_id":null,"state_name":null,"country_id":null},{"active":false,"Giataid":"888459","cityId":null,"cityName":"Concepci?n de Ataco","hotelId":20370808,"hotelName":"Hotel Raices","address":"Avenida Central Y 6ta Poniente 1,Barrio El Calvario,503 Concepcion De Ataco,El Salvador","phones":"","fax":"","email":"","url":"","countryIso2":"SV","countryName":"El Salvador","hotelRating":"0","latitude":"13.8687","longitude":"-89.849","state_id":null,"state_name":null,"country_id":null},{"active":false,"Giataid":"684025","cityId":null,"cityName":"Ahuachap?n","hotelId":20370814,"hotelName":"Termales de Santa Teresa","address":"A Solo 2 km,Ruta De Las Flores,En El Camino Hacia Ataco,2101 De La Ciudad De Ahuachap?n,El Salvador","phones":"+50372936666","fax":"","email":"","url":"http://www.termalesdesantateresa.com","countryIso2":"SV","countryName":"El Salvador","hotelRating":"0","latitude":"13.9296","longitude":"-89.8519","state_id":null,"state_name":null,"country_id":null},{"active":false,"Giataid":"904793","cityId":null,"cityName":"Concepci?n de Ataco","hotelId":20370818,"hotelName":"Hotel Terraza Santo Domingo","address":"Avenida Sur Barrio Santa Lucia 5,01101 Concepci?n De Ataco,El Salvador","phones":"","fax":"","email":"","url":"","countryIso2":"SV","countryName":"El Salvador","hotelRating":"0","latitude":"13.87","longitude":"-89.8535","state_id":null,"state_name":null,"country_id":null},{"active":false,"Giataid":"853848","cityId":null,"cityName":"Ahuachap?n","hotelId":20370824,"hotelName":"Segen Hotel","address":"Calle Poniente 3rd,Concepcion De Ataco,2106 Ahuachapan,El Salvador","phones":"","fax":"","email":"","url":"","countryIso2":"SV","countryName":"El Salvador","hotelRating":"0","latitude":"13.9296","longitude":"-89.8519","state_id":null,"state_name":null,"country_id":null},{"active":false,"Giataid":"935770","cityId":null,"cityName":"Antiguo Cuscatl?n","hotelId":20370829,"hotelName":"Centro Loyola El Salvador","address":"Calle Teotl 35,Colonia Altos De Guadalupe,Antiguo Cuscatlan,El Salvador","phones":"+50322733803","fax":"","email":"cloyolasj@gmail.com","url":"http://centroloyolasj.blogspot.com","countryIso2":"SV","countryName":"El Salvador","hotelRating":"0","latitude":"13.6749","longitude":"-89.2523","state_id":null,"state_name":null,"country_id":null},{"active":false,"Giataid":"883943","cityId":null,"cityName":"Concepci?n de Ataco","hotelId":20370830,"hotelName":"Lo Nuestro Ataco","address":"Finca San Luis,Beneficio la Joya Ataco,Ahuachapan,Concepcion de Ataco,El Salvador","phones":"","fax":"","email":"","url":"","countryIso2":"SV","countryName":"El Salvador","hotelRating":"0","latitude":"13.8687","longitude":"-89.849","state_id":null,"state_name":null,"country_id":null},{"active":false,"Giataid":"900806","cityId":null,"cityName":"San Luis Talpa","hotelId":20370833,"hotelName":"Rancho Elizabeth Pacifico Azul","address":"Playa Del Zunganera 10 Km De Municipio,San Luis Talpa 01101,La Paz,El Salvador","phones":"","fax":"","email":"","url":"","countryIso2":"SV","countryName":"El Salvador","hotelRating":"0","latitude":"13.4757","longitude":"-89.0837","state_id":null,"state_name":null,"country_id":null},{"active":false,"Giataid":"518944","cityId":null,"cityName":"Ahuachap?n","hotelId":20370837,"hotelName":"Hotel El Parador","address":"Carretera Internacional a GTM km 102.5,01101 Ahuachapan,El Salvador","phones":"","fax":"","email":"","url":"","countryIso2":"SV","countryName":"El Salvador","hotelRating":"2","latitude":"13.9406","longitude":"-89.8554","state_id":null,"state_name":null,"country_id":null},{"active":false,"Giataid":"951679","cityId":null,"cityName":"Juay?a","hotelId":20418483,"hotelName":"Hotel Juayua","address":"Final 6 Avenida Norte,Urbnization La Esmeralda,La Misma,2307 Juayua,El Salvador","phones":"","fax":"","email":"","url":"","countryIso2":"SV","countryName":"El Salvador","hotelRating":"1","latitude":"13.8472","longitude":"-89.7475","state_id":null,"state_name":null,"country_id":null},{"active":false,"Giataid":"955470","cityId":null,"cityName":"La Uni?n","hotelId":20418485,"hotelName":"Hotel Mar & Sol","address":"Hacienda El Encantado,Lotes 47-48-49-50,De Poligono Las Tunas,Conchagua,3101 La Union,El Salvador","phones":"","fax":"","email":"","url":"","countryIso2":"SV","countryName":"El Salvador","hotelRating":"1","latitude":"13.332","longitude":"-87.8353","state_id":null,"state_name":null,"country_id":null},{"active":false,"Giataid":"990595","cityId":null,"cityName":"San Luis Talpa","hotelId":20439107,"hotelName":"Pato Canales Hotel & Resort","address":"Road To Aeropuerto De Comalapa km 40 1/2,Detour To San Luis Talpa,01101 San Luis Talpa,La Paz,El Salvador","phones":"+50323471111","fax":"","email":"patocanalesresort@gmail.com","url":"http://patocanaleshotelandresort.com.sv/en/","countryIso2":"SV","countryName":"El Salvador","hotelRating":"1","latitude":"13.4757","longitude":"-89.0837","state_id":null,"state_name":null,"country_id":null}]