[{"active":false,"Giataid":"10144","cityId":null,"cityName":"Castaway Island","hotelId":10144,"hotelName":"Castaway Island Resort","address":"Private Mailbag,Nadi Airport,Fiji Islands,Fiji","phones":"+6796661233","fax":"+6796665753","email":"enquiries@castawayfiji.com.fj","url":"http://www.castawayfiji.com/","countryIso2":"FJ","countryName":"Fiji","hotelRating":"4","latitude":"-17.7337","longitude":"177.128","state_id":null,"state_name":null,"country_id":null},{"active":false,"Giataid":"13959","cityId":null,"cityName":"Sigatoka","hotelId":13959,"hotelName":"Fiji Hideaway Resort & Spa Coral Coast","address":"Queens Road,Sigatoka,Viti Levu,Fiji","phones":"+6796500177","fax":"+6796520025","email":"reservations@hideaway.com.fj","url":"http://www.hideawayfiji.com/","countryIso2":"FJ","countryName":"Fiji","hotelRating":"3","latitude":"-18.1964","longitude":"177.651","state_id":null,"state_name":null,"country_id":null},{"active":false,"Giataid":"21475","cityId":null,"cityName":"Sigatoka","hotelId":21475,"hotelName":"Shangri-La's Fijian Resort & Spa","address":"Sigatoka,Yanuca Island,Coral Coast,Viti Levu,Fiji Islands,Fiji","phones":"+6796520155","fax":"+6796500402","email":"fij@shangri-la.com","url":"http://www.shangri-la.com/yanucaisland/fijianresort","countryIso2":"FJ","countryName":"Fiji","hotelRating":"4","latitude":"-18.14","longitude":"177.42","state_id":null,"state_name":null,"country_id":null},{"active":false,"Giataid":"21475","cityId":null,"cityName":"Yanuca Island","hotelId":21475,"hotelName":"Shangri-La's Fijian Resort & Spa","address":"Sigatoka,Yanuca Island,Coral Coast,Viti Levu,Fiji Islands,Fiji","phones":"+6796520155","fax":"+6796500402","email":"fij@shangri-la.com","url":"http://www.shangri-la.com/yanucaisland/fijianresort","countryIso2":"FJ","countryName":"Fiji","hotelRating":"4","latitude":"-18.14","longitude":"177.42","state_id":null,"state_name":null,"country_id":null},{"active":false,"Giataid":"21521","cityId":null,"cityName":"Denerau","hotelId":21521,"hotelName":"Sheraton Fiji Resort","address":"Denarau Island South,Denarau Island,P.O. Box 9081,Nadi,Western Division,Fiji","phones":"+6796750777","fax":"+6796750818","email":"sheraton.fiji@sheraton.com","url":"http://www.starwoodhotels.com/sheraton/property/overview/index.html?propertyID=485","countryIso2":"FJ","countryName":"Fiji","hotelRating":"5","latitude":"-17.7735","longitude":"177.367","state_id":null,"state_name":null,"country_id":null},{"active":false,"Giataid":"23598","cityId":null,"cityName":"Vatulele Island","hotelId":23598,"hotelName":"Vatulele Island Resort","address":"Vatulele Island,Fiji","phones":"+6796720300","fax":"","email":"reservations@vatulele.com","url":"http://www.vatulele.com","countryIso2":"FJ","countryName":"Fiji","hotelRating":"5","latitude":"-18.5171","longitude":"177.628","state_id":null,"state_name":null,"country_id":null},{"active":false,"Giataid":"27185","cityId":null,"cityName":"Coral Coast","hotelId":27185,"hotelName":"The Warwick Fiji Resort & Spa","address":"Queen's Road,PO Box 100,Korolevu,Viti Levu,Fiji,Fiji","phones":"+6796530555","fax":"+6796530010","email":"info.fiji@warwickhotels.com","url":"http://warwickfijihotel.com/","countryIso2":"FJ","countryName":"Fiji","hotelRating":"5","latitude":"-18.2198","longitude":"177.736","state_id":null,"state_name":null,"country_id":null},{"active":false,"Giataid":"27184","cityId":null,"cityName":"Sigatoka","hotelId":27184,"hotelName":"Outrigger Fiji Beach Resort","address":"P.O. Box 173,Sigatoka,Viti Levu Island,Fiji,Nadroga-Navosa,Fiji","phones":"+6796500044","fax":"+6796520674","email":"reservations@outriggerfiji.com.fj","url":"http://www.outrigger.com/hotels-resorts/fiji/outrigger-on-the-lagoon-fiji","countryIso2":"FJ","countryName":"Fiji","hotelRating":"5","latitude":"-18.1785","longitude":"177.553","state_id":null,"state_name":null,"country_id":null},{"active":false,"Giataid":"27187","cityId":null,"cityName":"Vomo Island","hotelId":27187,"hotelName":"Vomo Island Resort","address":"26 Nasoki Street,Vomo Island,Lautoka,Fiji Islands,PO Box 5650,Fiji","phones":"+6796667955","fax":"+6796724334","email":"","url":"http://www.vomofijiisland.com/","countryIso2":"FJ","countryName":"Fiji","hotelRating":"5","latitude":"-17.4894","longitude":"177.266","state_id":null,"state_name":null,"country_id":null},{"active":false,"Giataid":"27188","cityId":null,"cityName":"Matamanoa Island","hotelId":27188,"hotelName":"Matamanoa Island Resort - adults only","address":"Matamanoa Island Resort,19 Miles West of Nadi International Airport,Matamanoa Island,Central Division,Mamanuca Islands,Fiji","phones":"+6796723620","fax":"+6796720282","email":"reservations@matamanoa.com","url":"http://www.matamanoa.com","countryIso2":"FJ","countryName":"Fiji","hotelRating":"4","latitude":"-17.6395","longitude":"177.067","state_id":null,"state_name":null,"country_id":null},{"active":false,"Giataid":"27189","cityId":null,"cityName":"Malolo Island","hotelId":27189,"hotelName":"Malolo Island Resort","address":"Mamanucas,Insel Malolo,Fiji,Fiji","phones":"+6796669192","fax":"+6796724299","email":"enquiries@ahuraresorts.com","url":"http://www.maloloisland.com/how-to-get-to-us.cfm?nav_section=0","countryIso2":"FJ","countryName":"Fiji","hotelRating":"4","latitude":"-17.7434","longitude":"177.147","state_id":null,"state_name":null,"country_id":null},{"active":false,"Giataid":"30793","cityId":null,"cityName":"Tokoriki Island","hotelId":30793,"hotelName":"Tokoriki Island Resort","address":"Tokotiki Island,Fiji","phones":"+6796725926","fax":"","email":"info@tokoriki.com","url":"http://www.tokoriki.com","countryIso2":"FJ","countryName":"Fiji","hotelRating":"4","latitude":"-17.5761","longitude":"177.088","state_id":null,"state_name":null,"country_id":null},{"active":false,"Giataid":"32435","cityId":null,"cityName":"Malolo Lailai","hotelId":32435,"hotelName":"Plantation Island Resort","address":"Malolo Lailai,Mamanuca Islands,Fiji,Fiji","phones":"+6796722444","fax":"+6796669423","email":"reserve@plantationisland.com","url":"http://www.plantationisland.com","countryIso2":"FJ","countryName":"Fiji","hotelRating":"3","latitude":"-17.7764","longitude":"177.19","state_id":null,"state_name":null,"country_id":null},{"active":false,"Giataid":"36778","cityId":null,"cityName":"Coral Coast","hotelId":36778,"hotelName":"Crusoe's Retreat","address":"Man Friday Road,Off Queens Highway,Korolevu,Coral Coast,Viti Leveu,Fiji","phones":"+6796520185","fax":"+6796520666","email":"reservations@crusoesretreat.com","url":"http://www.fiji-hotels.com.fj/Crusoes_Retreat__Coral_Coast__Fiji","countryIso2":"FJ","countryName":"Fiji","hotelRating":"3","latitude":"-18.2516","longitude":"177.83","state_id":null,"state_name":null,"country_id":null},{"active":false,"Giataid":"36779","cityId":null,"cityName":"Sigatoka","hotelId":36779,"hotelName":"Tambua Sands","address":"Queen's Highway,Coral Coast,Sigatoka,Viti Levu,Fiji","phones":"+6796500399","fax":"+6796520265","email":"info@tambuasandsfiji.com","url":"http://www.tambuasandsfiji.com/comments.html","countryIso2":"FJ","countryName":"Fiji","hotelRating":"3","latitude":"-18.1407","longitude":"177.507","state_id":null,"state_name":null,"country_id":null},{"active":false,"Giataid":"38025","cityId":null,"cityName":"Yasawa Island","hotelId":38025,"hotelName":"Yasawa Island Resort","address":"Yasawa Island,Fiji","phones":"+6796722266","fax":"+6796724456","email":"enquiries@yasawa.com.fj","url":"http://www.yasawa.com","countryIso2":"FJ","countryName":"Fiji","hotelRating":"5","latitude":"-16.7636","longitude":"177.531","state_id":null,"state_name":null,"country_id":null},{"active":false,"Giataid":"38596","cityId":null,"cityName":"Wakaya Island","hotelId":38596,"hotelName":"Wakaya Club & Spa","address":"Wakaya Island,Fiji","phones":"","fax":"","email":"","url":"","countryIso2":"FJ","countryName":"Fiji","hotelRating":"5","latitude":"-17.5993","longitude":"178.986","state_id":null,"state_name":null,"country_id":null},{"active":false,"Giataid":"129445","cityId":null,"cityName":"Pacific Harbour","hotelId":129445,"hotelName":"Uprising Beach Resort","address":"Beach Road,Pacific Habour,Fiji","phones":"+6793452200","fax":"+6793452059","email":"enquiries@uprisingbeachresort.com","url":"http://www.uprisingbeachresort.com/contact.html","countryIso2":"FJ","countryName":"Fiji","hotelRating":"3","latitude":"-18.2507","longitude":"178.079","state_id":null,"state_name":null,"country_id":null},{"active":false,"Giataid":"129446","cityId":null,"cityName":"Pacific Harbour","hotelId":129446,"hotelName":"The Pearl Resort","address":"Queens Road,Pacific Harbour,Pacific Coast,Fiji","phones":"+6793450022","fax":"+6793450262","email":"stay@thepearlsouthpacific.com","url":"http://www.thepearlsouthpacific.com","countryIso2":"FJ","countryName":"Fiji","hotelRating":"4","latitude":"-18.2551","longitude":"178.069","state_id":null,"state_name":null,"country_id":null},{"active":false,"Giataid":"129447","cityId":null,"cityName":"Korolevu","hotelId":129447,"hotelName":"Wellesley Resort","address":"P.O. Box 104,Korolevu,Coral Coast,Fiji","phones":"+6796030664","fax":"","email":"wellesleyresort@connect.com.fj","url":"http://wellesleyresort.com.fj/","countryIso2":"FJ","countryName":"Fiji","hotelRating":"4","latitude":"-18.253","longitude":"177.835","state_id":null,"state_name":null,"country_id":null},{"active":false,"Giataid":"129448","cityId":null,"cityName":"Coral Coast","hotelId":129448,"hotelName":"Mango Bay Resort","address":"Namatakula Tadrawai,Coral Coast,PO BOX 1720,Sigatoka,Fiji","phones":"+6796530069","fax":"","email":"info@mangobayresortfiji.com","url":"http://www.mangobayresortfiji.com/contact.htm","countryIso2":"FJ","countryName":"Fiji","hotelRating":"2","latitude":"-18.2343","longitude":"177.789","state_id":null,"state_name":null,"country_id":null},{"active":false,"Giataid":"129450","cityId":null,"cityName":"Coral Coast","hotelId":129450,"hotelName":"Bedarra Beach Inn","address":"P.O. Box 1213,Sigatoka,Fiji","phones":"+6796500476","fax":"+6796520116","email":"frontdesk@bedarrafiji.com","url":"http://www.bedarrafiji.com","countryIso2":"FJ","countryName":"Fiji","hotelRating":"3","latitude":"-18.1785","longitude":"177.548","state_id":null,"state_name":null,"country_id":null},{"active":false,"Giataid":"129451","cityId":null,"cityName":"Rakiraki","hotelId":129451,"hotelName":"Safari Island Lodge","address":"Nananu-I-Ra Island,P.O. Box 939,Rakiraki,Fiji","phones":"+6796693332","fax":"+6796693332","email":"","url":"http://www.safarilodge.com.fj","countryIso2":"FJ","countryName":"Fiji","hotelRating":"3","latitude":"-17.2822","longitude":"178.201","state_id":null,"state_name":null,"country_id":null},{"active":false,"Giataid":"129452","cityId":null,"cityName":"Savusavu","hotelId":129452,"hotelName":"Koro Sun Resort","address":"Hibiscus Highway,Private Bag,Savusavu,Fiji","phones":"+6798853247","fax":"+6798850352","email":"merlyn@korosunresort.com","url":"http://www.korosunresort.com","countryIso2":"FJ","countryName":"Fiji","hotelRating":"4","latitude":"-16.7786","longitude":"179.333","state_id":null,"state_name":null,"country_id":null},{"active":false,"Giataid":"129453","cityId":null,"cityName":"Savusavu","hotelId":129453,"hotelName":"Savusavu Hot Springs","address":"Naveria,alternative: PO Box 208 / Vanua Levu Island / Nakama,Savusavu,Fiji","phones":"+6798850195","fax":"+6798850430","email":"res@hotspringsfiji.com","url":"http://www.hotspringsfiji.com","countryIso2":"FJ","countryName":"Fiji","hotelRating":"2","latitude":"-16.7807","longitude":"179.331","state_id":null,"state_name":null,"country_id":null},{"active":false,"Giataid":"129458","cityId":null,"cityName":"Tokoriki Island","hotelId":129458,"hotelName":"Amunuca Island","address":"P.O. Box 10656,Nadi Airport,Nadi,Fiji Islands,Fiji","phones":"+6796640640","fax":"+6796640641","email":"reservations@amunuca.com","url":"http://www.amunuca.com","countryIso2":"FJ","countryName":"Fiji","hotelRating":"3","latitude":"-17.5813","longitude":"177.091","state_id":null,"state_name":null,"country_id":null},{"active":false,"Giataid":"130958","cityId":null,"cityName":"Rakiraki","hotelId":130958,"hotelName":"Dreamview Villas","address":"Volivoli Road,Rakiraki,Fiji","phones":"","fax":"","email":"","url":"","countryIso2":"FJ","countryName":"Fiji","hotelRating":"4","latitude":"-17.3293","longitude":"178.192","state_id":null,"state_name":null,"country_id":null},{"active":false,"Giataid":"130961","cityId":null,"cityName":"Taveuni Island","hotelId":130961,"hotelName":"Paradise Taveuni","address":"PO Box 69,Waiyevo,Taveuni,Fiji","phones":"","fax":"","email":"","url":"","countryIso2":"FJ","countryName":"Fiji","hotelRating":"4","latitude":"-16.9345","longitude":"179.901","state_id":null,"state_name":null,"country_id":null},{"active":false,"Giataid":"137831","cityId":null,"cityName":"Malolo Island","hotelId":137831,"hotelName":"Bungalows Tropica Island Resort","address":"","phones":"","fax":"","email":"","url":"","countryIso2":"FJ","countryName":"Fiji","hotelRating":"3","latitude":"-17.7537","longitude":"177.155","state_id":null,"state_name":null,"country_id":null},{"active":false,"Giataid":"138415","cityId":null,"cityName":"Matangi Island","hotelId":138415,"hotelName":"Matangi Private Island Resort","address":"Matangi Island,Fiji,Fiji","phones":"+6797780061","fax":"","email":"","url":"","countryIso2":"FJ","countryName":"Fiji","hotelRating":"4","latitude":"-16.7343","longitude":"-179.751","state_id":null,"state_name":null,"country_id":null},{"active":false,"Giataid":"138422","cityId":null,"cityName":"Naigani Island","hotelId":138422,"hotelName":"Naigani Island Resort","address":"Insel Naigani,Fiji","phones":"+6793312433","fax":"+6796030614","email":"","url":"http://www.naiganiresort.com","countryIso2":"FJ","countryName":"Fiji","hotelRating":"3","latitude":"-17.5854","longitude":"178.678","state_id":null,"state_name":null,"country_id":null},{"active":false,"Giataid":"145272","cityId":null,"cityName":"Viwa Island","hotelId":145272,"hotelName":"Viwa Island Resort","address":"Viwa Island,Fiji","phones":"+6796030066","fax":"+6796030068","email":"reservations@viwaislandresort.com","url":"http://www.viwaislandresort.com","countryIso2":"FJ","countryName":"Fiji","hotelRating":"4","latitude":"-17.1387","longitude":"176.93","state_id":null,"state_name":null,"country_id":null},{"active":false,"Giataid":"151751","cityId":null,"cityName":"Pacific Harbour","hotelId":151751,"hotelName":"Taunovo Bay Resort & Spa","address":"Cultural Centre,P.O. Box 351,Pacific Harbour,Fiji","phones":"","fax":"","email":"","url":"","countryIso2":"FJ","countryName":"Fiji","hotelRating":"1","latitude":"-18.2468","longitude":"178.074","state_id":null,"state_name":null,"country_id":null},{"active":false,"Giataid":"201876","cityId":null,"cityName":"Natadola Beach","hotelId":201876,"hotelName":"Intercontinental Fiji Golf Resort & Spa","address":"Maro Road,Natadola Bay,Viti Levu,Natadola Beach,Fiji","phones":"+6796733300","fax":"+6796733499","email":"enquiries.fiji@interconti.com","url":"http://www.ichotelsgroup.com/intercontinental/en/gb/locations/fiji","countryIso2":"FJ","countryName":"Fiji","hotelRating":"5","latitude":"-18.1077","longitude":"177.322","state_id":null,"state_name":null,"country_id":null},{"active":false,"Giataid":"238247","cityId":null,"cityName":"Coral Coast","hotelId":238247,"hotelName":"Namuka Lagoon Bay Resort","address":"Nadi Town,Coral Coast,Viti Levu,Fiji","phones":"+6797070243","fax":"+6796702746","email":"info@namukabayresort.com","url":"http://www.namukabayresort.com/index.html","countryIso2":"FJ","countryName":"Fiji","hotelRating":"2","latitude":"-18.1242","longitude":"177.377","state_id":null,"state_name":null,"country_id":null},{"active":false,"Giataid":"240765","cityId":null,"cityName":"Rakiraki","hotelId":240765,"hotelName":"Volivoli Beach Resort Fiji","address":"P.O. Box 417,Rakiraki,Viti Levu,Fiji","phones":"+6799920942","fax":"+6796694611","email":"info@volivoli.com","url":"http://www.volivoli.com/","countryIso2":"FJ","countryName":"Fiji","hotelRating":"3","latitude":"-17.3263","longitude":"178.2","state_id":null,"state_name":null,"country_id":null},{"active":false,"Giataid":"240766","cityId":null,"cityName":"Savusavu","hotelId":240766,"hotelName":"Daku Resort","address":"Lesciasceva Road,P.O.Box 18,Savusavu,Vanua Levu,Fiji","phones":"+6798850046","fax":"+6798850334","email":"reservations@dakuresort.com","url":"http://dakuresort.com/","countryIso2":"FJ","countryName":"Fiji","hotelRating":"3","latitude":"-16.7846","longitude":"179.317","state_id":null,"state_name":null,"country_id":null},{"active":false,"Giataid":"240769","cityId":null,"cityName":"Vanua Levu Island","hotelId":240769,"hotelName":"Sau Bay Fiji Retreat","address":"Na Sau Bay,Insel Vanua Levu,Fiji","phones":"","fax":"","email":"","url":"","countryIso2":"FJ","countryName":"Fiji","hotelRating":"4","latitude":"-16.7337","longitude":"-128.493","state_id":null,"state_name":null,"country_id":null},{"active":false,"Giataid":"240770","cityId":null,"cityName":"Vanua Levu Island","hotelId":240770,"hotelName":"The Remote Resort","address":"Nukuni Bay,Vanua Levu,Fiji","phones":"+6799793116","fax":"","email":"request@theremoteresort.com","url":"http://www.theremoteresort.com/","countryIso2":"FJ","countryName":"Fiji","hotelRating":"4","latitude":"-16.717","longitude":"179.896","state_id":null,"state_name":null,"country_id":null},{"active":false,"Giataid":"243063","cityId":null,"cityName":"Mamanuca Islands","hotelId":243063,"hotelName":"Wadigi Island Resort","address":"Wadigi Island,Mamanuca Islands,Fiji","phones":"+6796720901","fax":"+6796651053","email":"wadigiisland@connect.com.fj","url":"http://www.wadigi.com","countryIso2":"FJ","countryName":"Fiji","hotelRating":"1","latitude":"-17.7525","longitude":"177.143","state_id":null,"state_name":null,"country_id":null},{"active":false,"Giataid":"243068","cityId":null,"cityName":"Pacific Harbour","hotelId":243068,"hotelName":"Beqa Lagoon Resort","address":"P.O. Box 112 Deuba,Beqa Lagoon,Pacific Harbour,Beqa Island,Fiji","phones":"+6793304042","fax":"+6796493315139","email":"gm@beqalagoonresort.com","url":"http://www.beqalagoonresort.com/","countryIso2":"FJ","countryName":"Fiji","hotelRating":"4","latitude":"-18.3806","longitude":"178.103","state_id":null,"state_name":null,"country_id":null},{"active":false,"Giataid":"243066","cityId":null,"cityName":"Taveuni Island","hotelId":243066,"hotelName":"Coconut Grove Beachfront Cottages","address":"Matei,Taveuni,Fiji","phones":"+6798880328","fax":"+6798882329","email":"","url":"http://www.coconutgrovefiji.com","countryIso2":"FJ","countryName":"Fiji","hotelRating":"1","latitude":"-16.6883","longitude":"-179.879","state_id":null,"state_name":null,"country_id":null},{"active":false,"Giataid":"243070","cityId":null,"cityName":"Kadavu","hotelId":243070,"hotelName":"Matava - Fiji's Premier Eco-Adventure Resort","address":"P.O.Box 63,Vunisea,Kadavu,Fiji","phones":"+6796030685","fax":"+6796030684","email":"","url":"http://www.matava.com/","countryIso2":"FJ","countryName":"Fiji","hotelRating":"3","latitude":"-19.0445","longitude":"178.399","state_id":null,"state_name":null,"country_id":null},{"active":false,"Giataid":"243071","cityId":null,"cityName":"Kadavu","hotelId":243071,"hotelName":"Papageno Resort","address":"Kadavu,Kadavu Island,Fiji,Fiji","phones":"+6796030466","fax":"","email":"info@papagenoresort.com","url":"http://www.papagenoresort.com/","countryIso2":"FJ","countryName":"Fiji","hotelRating":"3","latitude":"-19.0375","longitude":"178.38","state_id":null,"state_name":null,"country_id":null},{"active":false,"Giataid":"243073","cityId":null,"cityName":"Dolphin Island","hotelId":243073,"hotelName":"Dolphin Island Resort","address":"Viti Levu,Fiji,Fiji","phones":"+6796473785791","fax":"","email":"reservations@hukalodge.co.nz","url":"http://www.dolphinislandfiji.com","countryIso2":"FJ","countryName":"Fiji","hotelRating":"1","latitude":"-17.3048","longitude":"178.227","state_id":null,"state_name":null,"country_id":null},{"active":false,"Giataid":"245157","cityId":null,"cityName":"Yasawa Island","hotelId":245157,"hotelName":"Mantaray Island Resort","address":"Nanuya Balavu Island,Fiji,Fiji","phones":"+6796030202","fax":"","email":"","url":"http://www.stayinfiji.com","countryIso2":"FJ","countryName":"Fiji","hotelRating":"3","latitude":"-17.175","longitude":"177.184","state_id":null,"state_name":null,"country_id":null},{"active":false,"Giataid":"245159","cityId":null,"cityName":"Sigatoka","hotelId":245159,"hotelName":"Geckos Fiji Resort","address":"P.O.Box 1477,Sigatoka,Viti Levu,Fiji","phones":"+6796520200","fax":"+6796520322","email":"geckossales@connect.com.fj","url":"http://www.fijiculturalcentre.com/","countryIso2":"FJ","countryName":"Fiji","hotelRating":"3","latitude":"-18.1429","longitude":"177.505","state_id":null,"state_name":null,"country_id":null},{"active":false,"Giataid":"245163","cityId":null,"cityName":"Kadavu","hotelId":245163,"hotelName":"Matana Beach Resort","address":"Drue,Kadavu Island,Fiji,Fiji","phones":"+6793683502","fax":"","email":"admin@divekadavu.com","url":"http://www.divekadavu.com/","countryIso2":"FJ","countryName":"Fiji","hotelRating":"1","latitude":"-19.0071","longitude":"178.162","state_id":null,"state_name":null,"country_id":null},{"active":false,"Giataid":"365441","cityId":null,"cityName":"Natadola Beach","hotelId":365441,"hotelName":"Robinson Crusoe Island","address":"P.O. Box: 2580,Nadi,Natadola Beach,Fiji","phones":"+6796281999","fax":"+6796282901","email":"","url":"http://www.robinsoncrusoeislandfiji.com","countryIso2":"FJ","countryName":"Fiji","hotelRating":"2","latitude":"-18.055","longitude":"177.289","state_id":null,"state_name":null,"country_id":null},{"active":false,"Giataid":"245164","cityId":null,"cityName":"Laucala","hotelId":368953,"hotelName":"Laucala Island Resort","address":"Laucala Island,Taveuni,Fiji","phones":"+6798880077","fax":"","email":"","url":"","countryIso2":"FJ","countryName":"Fiji","hotelRating":"5","latitude":"-16.7527","longitude":"-179.686","state_id":null,"state_name":null,"country_id":null},{"active":false,"Giataid":"429703","cityId":null,"cityName":"Kadavu","hotelId":429703,"hotelName":"Tiliva Resort","address":"PO Box Naleca,Kavala Bay,Nakasaleka,Kadavu,Fiji","phones":"+6797476976","fax":"","email":"enquiries@tilivaresortfiji.com","url":"http://www.tilivaresortfiji.com","countryIso2":"FJ","countryName":"Fiji","hotelRating":"1","latitude":"-18.963","longitude":"178.452","state_id":null,"state_name":null,"country_id":null},{"active":false,"Giataid":"452833","cityId":null,"cityName":"Natadola Beach","hotelId":452833,"hotelName":"Yatule Resort & Spa","address":"Maro Road,Exit Queens Highway,Natadola Beach,Fiji","phones":"+6796728004","fax":"","email":"sales_marketing@yatulefijicom.fj","url":"http://yatulefiji.com/","countryIso2":"FJ","countryName":"Fiji","hotelRating":"4","latitude":"-18.1042","longitude":"177.321","state_id":null,"state_name":null,"country_id":null},{"active":false,"Giataid":"513893","cityId":null,"cityName":"Nacula Island","hotelId":513893,"hotelName":"Navotua Homestay","address":"Navotua Village","phones":"","fax":"","email":"","url":"","countryIso2":"FJ","countryName":"Fiji","hotelRating":"2","latitude":"-16.8673","longitude":"177.44","state_id":null,"state_name":null,"country_id":null},{"active":false,"Giataid":"522201","cityId":null,"cityName":"Lauwaki","hotelId":522201,"hotelName":"Saweni Beach Apartment Hotel","address":"","phones":"","fax":"","email":"","url":"","countryIso2":"FJ","countryName":"Fiji","hotelRating":"1","latitude":"-17.6612","longitude":"177.41","state_id":null,"state_name":null,"country_id":null},{"active":false,"Giataid":"529894","cityId":null,"cityName":"Malolo Island","hotelId":529894,"hotelName":"Rendezvous Malolo Eco Lodge","address":"Solevu i Ra,Malolo Island,Fiji","phones":"","fax":"","email":"","url":"","countryIso2":"FJ","countryName":"Fiji","hotelRating":"2","latitude":"-17.7528","longitude":"177.156","state_id":null,"state_name":null,"country_id":null},{"active":false,"Giataid":"550819","cityId":null,"cityName":"Pacific Harbour","hotelId":550819,"hotelName":"ULTIQA at Fiji Palms Beach Resort","address":"Pacific Harbour,Deuba,Fiji","phones":"","fax":"","email":"","url":"","countryIso2":"FJ","countryName":"Fiji","hotelRating":"3","latitude":"-18.25","longitude":"177.9","state_id":null,"state_name":null,"country_id":null},{"active":false,"Giataid":"579833","cityId":null,"cityName":"Dolphin Island","hotelId":579833,"hotelName":"Dolphin Island","address":"20 minutes off Rakiraki,Dolphin Island,Fiji","phones":"+6796473785791","fax":"","email":"reservations@hukalodge.co.nz","url":"http://www.dolphinislandfiji.com/","countryIso2":"FJ","countryName":"Fiji","hotelRating":"1","latitude":"-17.305","longitude":"178.227","state_id":null,"state_name":null,"country_id":null},{"active":false,"Giataid":"615765","cityId":null,"cityName":"Taveuni Island","hotelId":615765,"hotelName":"Aroha Taveuni","address":"South Coast Road,P.O. Box 10,Waiyevo,Taveuni,Fiji","phones":"","fax":"","email":"","url":"","countryIso2":"FJ","countryName":"Fiji","hotelRating":"3","latitude":"-16.7337","longitude":"-128.493","state_id":null,"state_name":null,"country_id":null},{"active":false,"Giataid":"626403","cityId":null,"cityName":"Kadavu","hotelId":626403,"hotelName":"Kokomo Island Fiji","address":"Yaukuve Island,Kadavu,Fiji","phones":"+6797764441","fax":"","email":"reservations@kokomoislandfiji.com","url":"http://www.kokomoislandfiji.com","countryIso2":"FJ","countryName":"Fiji","hotelRating":"5","latitude":"-18.8033","longitude":"178.529","state_id":null,"state_name":null,"country_id":null},{"active":false,"Giataid":"36779","cityId":null,"cityName":"Sigatoka","hotelId":631877,"hotelName":"Tambua Sands Beach Resort","address":"Queen's Highway,Coral Coast,Sigatoka,Viti Levu,Fiji","phones":"+6796500399","fax":"+6796520265","email":"res.tambuasands@warwickhotels.com","url":"https://warwickhotels.com/tambua-sands","countryIso2":"FJ","countryName":"Fiji","hotelRating":"2","latitude":"-18.1801","longitude":"177.562","state_id":null,"state_name":null,"country_id":null},{"active":false,"Giataid":"639756","cityId":null,"cityName":"Savusavu","hotelId":639756,"hotelName":"Savasi Island Resort","address":"Hibiscus Highway,Savusavu,Vanua Levu,Fiji","phones":"+67961479144355","fax":"","email":"enquire@savasiisland.com","url":"http://www.savasiisland.com","countryIso2":"FJ","countryName":"Fiji","hotelRating":"4","latitude":"-16.8048","longitude":"179.379","state_id":null,"state_name":null,"country_id":null},{"active":false,"Giataid":"690203","cityId":null,"cityName":"Silana","hotelId":690203,"hotelName":"Takalana Bay Retreat","address":"Lodoni Road,Silana,Viti Levu,Fiji","phones":"","fax":"","email":"","url":"","countryIso2":"FJ","countryName":"Fiji","hotelRating":"1","latitude":"-17.7889","longitude":"177.84","state_id":null,"state_name":null,"country_id":null},{"active":false,"Giataid":"690203","cityId":null,"cityName":"Silana","hotelId":690203,"hotelName":"Takalana Bay Retreat","address":"Lodoni Road,Silana,Viti Levu,Fiji","phones":"","fax":"","email":"","url":"","countryIso2":"FJ","countryName":"Fiji","hotelRating":"1","latitude":"-17.7889","longitude":"177.84","state_id":null,"state_name":null,"country_id":null},{"active":false,"Giataid":"725562","cityId":null,"cityName":"Yasawa Island","hotelId":725562,"hotelName":"Enedala Homestay","address":"Enedala Beach,Nanuya Lailai Island,Yasawa Islands,Fiji","phones":"","fax":"","email":"","url":"","countryIso2":"FJ","countryName":"Fiji","hotelRating":"1","latitude":"-16.9468","longitude":"177.381","state_id":null,"state_name":null,"country_id":null},{"active":false,"Giataid":"726411","cityId":null,"cityName":"Rakiraki","hotelId":726411,"hotelName":"The Beehive Fiji","address":"34 Wailevu Road Nanuku,Rakiraki,Fiji","phones":"","fax":"","email":"","url":"","countryIso2":"FJ","countryName":"Fiji","hotelRating":"1","latitude":"-17.3764","longitude":"178.059","state_id":null,"state_name":null,"country_id":null},{"active":false,"Giataid":"726638","cityId":null,"cityName":"Taveuni Island","hotelId":726638,"hotelName":"Tides Reach Resort","address":"P.O. Box M71,Matei,Taveuni,Fiji","phones":"+6798882080","fax":"","email":"eunice@tidesreachresort.com","url":"http://www.tidesreachresort.com","countryIso2":"FJ","countryName":"Fiji","hotelRating":"1","latitude":"-16.7337","longitude":"-128.493","state_id":null,"state_name":null,"country_id":null},{"active":false,"Giataid":"726909","cityId":null,"cityName":"Yasawa Island","hotelId":726909,"hotelName":"Waitui Basecamp Hostel","address":"Matacawalevu Island,Yasawa Islands,Matathawa Island,Fiji","phones":"+6798062697","fax":"","email":"waituibasecamp@gmail.com","url":"http://www.waituibasecamp.com","countryIso2":"FJ","countryName":"Fiji","hotelRating":"1","latitude":"-16.9581","longitude":"177.342","state_id":null,"state_name":null,"country_id":null},{"active":false,"Giataid":"727641","cityId":null,"cityName":"Nanuya Lailai Island","hotelId":727641,"hotelName":"Boathouse Nanuya","address":"Blue Lagoon,Nanuya Lailai Island,Fiji","phones":"+6796667633","fax":"","email":"","url":"http://boathousenanuya.com.fj","countryIso2":"FJ","countryName":"Fiji","hotelRating":"1","latitude":"-16.9418","longitude":"177.37","state_id":null,"state_name":null,"country_id":null},{"active":false,"Giataid":"747842","cityId":null,"cityName":"Nanuya Lailai Island","hotelId":747842,"hotelName":"Sunrise Lagoon Homestay","address":"Nanuya Lailai,Fiji","phones":"","fax":"","email":"","url":"","countryIso2":"FJ","countryName":"Fiji","hotelRating":"1","latitude":"-16.9421","longitude":"177.37","state_id":null,"state_name":null,"country_id":null},{"active":false,"Giataid":"751345","cityId":null,"cityName":"Pacific Harbour","hotelId":751345,"hotelName":"Golden Palms Retreat","address":"189 Cook Place,Pacific Harbour,Fiji","phones":"","fax":"","email":"","url":"","countryIso2":"FJ","countryName":"Fiji","hotelRating":"1","latitude":"-18.2445","longitude":"178.08","state_id":null,"state_name":null,"country_id":null},{"active":false,"Giataid":"759120","cityId":null,"cityName":"Yasawa Island","hotelId":759120,"hotelName":"Turtle Island","address":"Yasawa Islands,Fiji","phones":"","fax":"","email":"matt@turtlefiji.com","url":"https://www.turtlefiji.com/","countryIso2":"FJ","countryName":"Fiji","hotelRating":"1","latitude":"-17.0661","longitude":"177.29","state_id":null,"state_name":null,"country_id":null},{"active":false,"Giataid":"774927","cityId":null,"cityName":"Malolo Island","hotelId":774927,"hotelName":"Six Senses Fiji","address":"Malolo Island,Fiji,Fiji","phones":"+6796665028","fax":"","email":"reservations-fiji@sixsenses.com","url":"http://www.sixsenses.com//resorts/fiji/destination","countryIso2":"FJ","countryName":"Fiji","hotelRating":"1","latitude":"-17.7528","longitude":"177.156","state_id":null,"state_name":null,"country_id":null},{"active":false,"Giataid":"785481","cityId":null,"cityName":"Sigatoka","hotelId":785481,"hotelName":"Beach Cocomo","address":"Lot 1 Navoto,Sovi Bay,Coral Coast,Sigatoka,Viti Levu,Fiji","phones":"+6799367063","fax":"","email":"beachcocomo@gmail.com","url":"http://www.beachcocomofiji.com","countryIso2":"FJ","countryName":"Fiji","hotelRating":"1","latitude":"-18.1622","longitude":"177.53","state_id":null,"state_name":null,"country_id":null},{"active":false,"Giataid":"789903","cityId":null,"cityName":"Sigatoka","hotelId":789903,"hotelName":"Dunes Accommodations","address":"Kulukulu,Sigatoka,Fiji","phones":"","fax":"","email":"","url":"","countryIso2":"FJ","countryName":"Fiji","hotelRating":"1","latitude":"-18.1622","longitude":"177.53","state_id":null,"state_name":null,"country_id":null},{"active":false,"Giataid":"819216","cityId":null,"cityName":"Sigatoka","hotelId":819216,"hotelName":"Namolevu Beach Bures Resort","address":"Queens Highway,Coral Coast,Korolevu,PO Box 118,Sigatoka,Fiji Islands,Fiji","phones":"+6796507077","fax":"","email":"info@namolevufiji.com","url":"http://www.namolevufiji.com","countryIso2":"FJ","countryName":"Fiji","hotelRating":"1","latitude":"-18.1622","longitude":"177.53","state_id":null,"state_name":null,"country_id":null},{"active":false,"Giataid":"111120","cityId":null,"cityName":"Taveuni Island","hotelId":10042410,"hotelName":"Taveuni Island Resort & Spa","address":"Main Road,Matei,Taveuni,Fiji","phones":"+6798880441","fax":"","email":"","url":"","countryIso2":"FJ","countryName":"Fiji","hotelRating":"4","latitude":"-16.7369","longitude":"-179.913","state_id":null,"state_name":null,"country_id":null},{"active":false,"Giataid":"494639","cityId":null,"cityName":"Pacific Harbour","hotelId":10053855,"hotelName":"Nanuku Auberge Resort","address":"11 Nanuku Drive,Pacific Harbour,Fiji","phones":"+6793452100","fax":"","email":"","url":"","countryIso2":"FJ","countryName":"Fiji","hotelRating":"5","latitude":"-18.2624","longitude":"178.044","state_id":null,"state_name":null,"country_id":null},{"active":false,"Giataid":"413376","cityId":null,"cityName":"Tokoriki Island","hotelId":10056242,"hotelName":"Sheraton Resort & Spa Tokoriki Island","address":"Tokoriki Island,Mamanuca Islands,Fiji","phones":"","fax":"","email":"","url":"","countryIso2":"FJ","countryName":"Fiji","hotelRating":"5","latitude":"-17.5813","longitude":"177.091","state_id":null,"state_name":null,"country_id":null},{"active":false,"Giataid":"431722","cityId":null,"cityName":"Savusavu","hotelId":10057617,"hotelName":"Emaho Sekawa Resort","address":"Sekawa Beach Estate,PO Box 899,Savusavu,Fiji","phones":"+6799725515","fax":"","email":"","url":"","countryIso2":"FJ","countryName":"Fiji","hotelRating":"5","latitude":"-16.7011","longitude":"179.285","state_id":null,"state_name":null,"country_id":null},{"active":false,"Giataid":"507606","cityId":null,"cityName":"Sigatoka","hotelId":10058943,"hotelName":"Devos - The Private Residence","address":"19 Maui Private Road,Sigatoka,Coral Coast,Fiji","phones":"+6796507130","fax":"","email":"","url":"","countryIso2":"FJ","countryName":"Fiji","hotelRating":"3","latitude":"-18.1412","longitude":"177.508","state_id":null,"state_name":null,"country_id":null},{"active":false,"Giataid":"30797","cityId":null,"cityName":"Taveuni Island","hotelId":10059355,"hotelName":"Maravu Taveuni Lodge - Hostel","address":"Coastal Road,Matei,Taveuni,Fiji","phones":"+6798880555","fax":"","email":"","url":"","countryIso2":"FJ","countryName":"Fiji","hotelRating":"2","latitude":"-16.7337","longitude":"-128.493","state_id":null,"state_name":null,"country_id":null},{"active":false,"Giataid":"550550","cityId":null,"cityName":"Taveuni Island","hotelId":10061522,"hotelName":"Dolphin Bay Divers Bungalow","address":"Airport Road,P.O. Box 213,Taveuni Island East,Waiyevo,Taveuni,Fiji","phones":"+6798283001","fax":"","email":"","url":"","countryIso2":"FJ","countryName":"Fiji","hotelRating":"2","latitude":"-16.7337","longitude":"-128.493","state_id":null,"state_name":null,"country_id":null},{"active":false,"Giataid":"463099","cityId":null,"cityName":"Korolevu","hotelId":10063263,"hotelName":"Coral Lagoon Resort","address":"Queens Road,Sigatoka,Naibale,P.O Box 151,Korolevu,Coral Coast,Fiji","phones":"","fax":"","email":"","url":"","countryIso2":"FJ","countryName":"Fiji","hotelRating":"2","latitude":"-18.2145","longitude":"177.716","state_id":null,"state_name":null,"country_id":null},{"active":false,"Giataid":"410566","cityId":null,"cityName":"Qamea","hotelId":10066312,"hotelName":"Macai Beach Eco Surf Resort","address":"Qamea,Taveuni,Northern Islands,Fiji","phones":"+6798503488","fax":"","email":"","url":"","countryIso2":"FJ","countryName":"Fiji","hotelRating":"2","latitude":"-16.8037","longitude":"-179.783","state_id":null,"state_name":null,"country_id":null},{"active":false,"Giataid":"53036","cityId":null,"cityName":"Nukubati Island","hotelId":10067850,"hotelName":"Nukubati Island Resort","address":"Great Sea Reef,Nukubati Island,Vanua Levu,Fiji","phones":"+6796030919","fax":"","email":"","url":"","countryIso2":"FJ","countryName":"Fiji","hotelRating":"4","latitude":"-16.464","longitude":"179.021","state_id":null,"state_name":null,"country_id":null},{"active":false,"Giataid":"478557","cityId":null,"cityName":"Ono Island","hotelId":10070204,"hotelName":"Mai Dive Astrolabe Reef Resort","address":"Nukubalavu Estate,Ono Island,Kadavu Island,Fiji","phones":"+67961280053845","fax":"","email":"","url":"","countryIso2":"FJ","countryName":"Fiji","hotelRating":"3","latitude":"-18.9023","longitude":"178.517","state_id":null,"state_name":null,"country_id":null},{"active":false,"Giataid":"511867","cityId":null,"cityName":"Vanua Levu Island","hotelId":10070236,"hotelName":"Dolphin Bay Divers Retreat","address":"Waiyevo,PO Box 213,Taveuni,Vanua Levo,Fiji","phones":"+6798283001","fax":"","email":"","url":"","countryIso2":"FJ","countryName":"Fiji","hotelRating":"3","latitude":"-16.7567","longitude":"179.922","state_id":null,"state_name":null,"country_id":null},{"active":false,"Giataid":"534041","cityId":null,"cityName":"Mamanuca Islands","hotelId":10070525,"hotelName":"South Sea Island Resort","address":"Mamanuca Islands,South Sea Island,Fiji","phones":"","fax":"","email":"","url":"","countryIso2":"FJ","countryName":"Fiji","hotelRating":"2","latitude":"-17.6931","longitude":"177.313","state_id":null,"state_name":null,"country_id":null},{"active":false,"Giataid":"432438","cityId":null,"cityName":"Yasawa Island","hotelId":10071475,"hotelName":"Barefoot Manta Island","address":"Barefoot Manta Island,Manta Island,Drawaqa Islands,Yasawa Islands,Fiji","phones":"+6797763040","fax":"","email":"","url":"","countryIso2":"FJ","countryName":"Fiji","hotelRating":"3","latitude":"-16.7881","longitude":"177.507","state_id":null,"state_name":null,"country_id":null},{"active":false,"Giataid":"581337","cityId":null,"cityName":"Pacific Harbour","hotelId":10071482,"hotelName":"Waidroka Bay Resort","address":"P.O. Box 323,Pacific Harbour,Deuba,Fiji","phones":"+6797734605","fax":"","email":"","url":"","countryIso2":"FJ","countryName":"Fiji","hotelRating":"3","latitude":"-18.2681","longitude":"177.987","state_id":null,"state_name":null,"country_id":null},{"active":false,"Giataid":"311199","cityId":null,"cityName":"Mamanuca Islands","hotelId":10100448,"hotelName":"Tropica Island Resort","address":"Malolo Island,Mamanuca Islands,Fiji","phones":"+6796651777","fax":"NULL","email":"NULL","url":"NULL","countryIso2":"FJ","countryName":"Fiji","hotelRating":"4","latitude":"-17.754","longitude":"177.155","state_id":null,"state_name":null,"country_id":null},{"active":false,"Giataid":"522530","cityId":null,"cityName":"Pacific Harbour","hotelId":10100849,"hotelName":"Ultiqa Fiji Palms Beach Resort","address":"Pacific Harbour Dr, Fiji,Pacific Harbour,Fiji","phones":"NULL","fax":"NULL","email":"NULL","url":"NULL","countryIso2":"FJ","countryName":"Fiji","hotelRating":"4","latitude":"-18.2535","longitude":"178.068","state_id":null,"state_name":null,"country_id":null},{"active":false,"Giataid":"542184","cityId":null,"cityName":"Wavi Island","hotelId":10103329,"hotelName":"Wavi Island Resort","address":"Wavi Island,Savusavu,Fiji","phones":"+67916262553925","fax":"NULL","email":"NULL","url":"NULL","countryIso2":"FJ","countryName":"Fiji","hotelRating":"4","latitude":"-16.8022","longitude":"179.411","state_id":null,"state_name":null,"country_id":null},{"active":false,"Giataid":"436547","cityId":null,"cityName":"Mana Island","hotelId":10104987,"hotelName":"Ratu Kini Dive Resort","address":"Mana Island,Fiji","phones":"+6796282375","fax":"NULL","email":"NULL","url":"NULL","countryIso2":"FJ","countryName":"Fiji","hotelRating":"2","latitude":"-17.6756","longitude":"177.107","state_id":null,"state_name":null,"country_id":null},{"active":false,"Giataid":"245152","cityId":null,"cityName":"Nacula Island","hotelId":10113305,"hotelName":"Blue Lagoon Beach Resort","address":"Nacula Island,Yasawa Islands,Fiji,Fiji","phones":"+6796030224","fax":"NULL","email":"NULL","url":"NULL","countryIso2":"FJ","countryName":"Fiji","hotelRating":"3","latitude":"-16.8923","longitude":"177.414","state_id":null,"state_name":null,"country_id":null},{"active":false,"Giataid":"55804","cityId":null,"cityName":"Nacula Island","hotelId":20000863,"hotelName":"Oarsman's Bay Lodge","address":"Nacula Island,Yasawa Islands,Fiji","phones":"+6796280485","fax":"","email":"oarsmansbay@hotmail.com","url":"http://www.oarsmansbay.com/","countryIso2":"FJ","countryName":"Fiji","hotelRating":"3","latitude":"-16.9099","longitude":"177.387","state_id":null,"state_name":null,"country_id":null},{"active":false,"Giataid":"436750","cityId":null,"cityName":"Yasawa Island","hotelId":20001041,"hotelName":"Paradise Cove Resort","address":"Naukacuvu Island,Yasawa Islands,Fiji","phones":"","fax":"","email":"paradise@ftn.net.nz","url":"http://www.paradisecoveresortfiji.com","countryIso2":"FJ","countryName":"Fiji","hotelRating":"4","latitude":"-17.194","longitude":"177.174","state_id":null,"state_name":null,"country_id":null},{"active":false,"Giataid":"682938","cityId":null,"cityName":"Yasawa Island","hotelId":20001138,"hotelName":"Coconut Beach Resort","address":"Tavewa Island,Yasawa Islands,Fiji,Fiji","phones":"+6799457505","fax":"","email":"","url":"http://coconutbeachfiji.com","countryIso2":"FJ","countryName":"Fiji","hotelRating":"0","latitude":"-16.9332","longitude":"177.36","state_id":null,"state_name":null,"country_id":null},{"active":false,"Giataid":"245150","cityId":null,"cityName":"Taveuni Island","hotelId":20001273,"hotelName":"Nakia Resort","address":"P.O. Box 204,Waiyevo,Taveuni,Fiji","phones":"+6798881111","fax":"+6798881333","email":"info@nakiafiji.com","url":"http://www.nakiafiji.com","countryIso2":"FJ","countryName":"Fiji","hotelRating":"0","latitude":"-16.7839","longitude":"-179.98","state_id":null,"state_name":null,"country_id":null},{"active":false,"Giataid":"245162","cityId":null,"cityName":"Taveuni Island","hotelId":20001467,"hotelName":"Matei Pointe Taveuni","address":"Matei,Taveuni,Fiji","phones":"","fax":"","email":"scottschulman@sbcglobal.net","url":"http://www.fijilodging.com/","countryIso2":"FJ","countryName":"Fiji","hotelRating":"0","latitude":"-16.6885","longitude":"-179.879","state_id":null,"state_name":null,"country_id":null},{"active":false,"Giataid":"137837","cityId":null,"cityName":"Natadola Beach","hotelId":20001646,"hotelName":"Natadola Beach Resort","address":"Maro Road,Natadola Beach,Fiji","phones":"+6796721001","fax":"+6796721000","email":"natadola@connect.com.fj","url":"http://www.natadola.com","countryIso2":"FJ","countryName":"Fiji","hotelRating":"3","latitude":"-18.1041","longitude":"177.322","state_id":null,"state_name":null,"country_id":null},{"active":false,"Giataid":"243062","cityId":null,"cityName":"Coral Coast","hotelId":20001869,"hotelName":"Maui Palms Fiji","address":"Coral Coast,Vitu Levu,Fiji,Fiji","phones":"+6796507082","fax":"","email":"info@mauipalms-accommodation.com","url":"http://www.mauipalms-accommodation.com/","countryIso2":"FJ","countryName":"Fiji","hotelRating":"4","latitude":"-18.1781","longitude":"177.549","state_id":null,"state_name":null,"country_id":null},{"active":false,"Giataid":"552663","cityId":null,"cityName":"Yasawa Island","hotelId":20002510,"hotelName":"Barefoot Kuata Island","address":"Barefoot Kuata Island,Kuata Island,Ba Province,Yasawa Islands,Fiji","phones":"+6797763040","fax":"","email":"reservations@thebarefootcollection.com","url":"http://www.thebarefootcollection.com/kuata-island","countryIso2":"FJ","countryName":"Fiji","hotelRating":"0","latitude":"-17.362","longitude":"177.134","state_id":null,"state_name":null,"country_id":null},{"active":false,"Giataid":"690020","cityId":null,"cityName":"Yasawa Island","hotelId":20003016,"hotelName":"Naqalia Lodge","address":"P.O. Box 2264,Wayasewa,Yasawa Islands,Fiji","phones":"+6799322650","fax":"","email":"info@naqalialodge-fijiresort.com","url":"http://www.naqalialodge-fijiresort.com","countryIso2":"FJ","countryName":"Fiji","hotelRating":"0","latitude":"-17.347","longitude":"177.151","state_id":null,"state_name":null,"country_id":null},{"active":false,"Giataid":"688884","cityId":null,"cityName":"Taveuni Island","hotelId":20003234,"hotelName":"Raiwasa Grand Villa","address":"P.O. Box 362,Waiyevo,Taveuni,Fiji","phones":"","fax":"","email":"info@raiwasa.com","url":"http://www.fijiluxuryvacation.com/","countryIso2":"FJ","countryName":"Fiji","hotelRating":"0","latitude":"-16.7337","longitude":"-128.493","state_id":null,"state_name":null,"country_id":null},{"active":false,"Giataid":"55802","cityId":null,"cityName":"Naviti Island","hotelId":20003461,"hotelName":"Botaira Beach Resort","address":"Naviti Island,Yasawa Islands,Fiji,Fiji","phones":"","fax":"","email":"","url":"http://www.botaira.com/","countryIso2":"FJ","countryName":"Fiji","hotelRating":"3","latitude":"-17.1389","longitude":"177.208","state_id":null,"state_name":null,"country_id":null},{"active":false,"Giataid":"515811","cityId":null,"cityName":"Taveuni Island","hotelId":20003652,"hotelName":"Taveuni Dive Resort","address":"West Coast Road,P.O. Box 223,Waiyevo,Taveuni,Fiji","phones":"+6798911063","fax":"","email":"inquiry@taveunidiveresort.com","url":"http://www.taveunidiveresort.com","countryIso2":"FJ","countryName":"Fiji","hotelRating":"3","latitude":"-16.8415","longitude":"179.971","state_id":null,"state_name":null,"country_id":null},{"active":false,"Giataid":"243072","cityId":null,"cityName":"Rakiraki","hotelId":20004224,"hotelName":"Bularangi Villa","address":"7 Sunset Point,Wananavu,Rakiraki,Viti Levu,Fiji","phones":"","fax":"","email":"enquiries@bularangi.com","url":"http://www.bularangi.com/accommodation/fiji/the-villa/","countryIso2":"FJ","countryName":"Fiji","hotelRating":"0","latitude":"-17.3204","longitude":"178.209","state_id":null,"state_name":null,"country_id":null},{"active":false,"Giataid":"243075","cityId":null,"cityName":"Pacific Harbour","hotelId":20005126,"hotelName":"Arts Village","address":"Pacific Harbour,Deuba,Viti Levu,Fiji","phones":"+6793450065","fax":"+6793450866","email":"","url":"http://www.artsvillage.com.fj/contactus.html","countryIso2":"FJ","countryName":"Fiji","hotelRating":"0","latitude":"-18.2477","longitude":"177.886","state_id":null,"state_name":null,"country_id":null},{"active":false,"Giataid":"245156","cityId":null,"cityName":"Sigatoka","hotelId":20006053,"hotelName":"The Crow's Nest Resort","address":"PO Box 270,Sigatoka,Fiji","phones":"+6796500230","fax":"+6796520354","email":"crowsnest@connect.com.fj","url":"http://www.crowsnestfiji.com/","countryIso2":"FJ","countryName":"Fiji","hotelRating":"3","latitude":"-18.177","longitude":"177.544","state_id":null,"state_name":null,"country_id":null},{"active":false,"Giataid":"612730","cityId":null,"cityName":"Sigatoka","hotelId":20007028,"hotelName":"Shalini Garden Hotel & Apartments","address":"Queens Road,Olosara,Sigatoka,Fiji","phones":"","fax":"","email":"","url":"","countryIso2":"FJ","countryName":"Fiji","hotelRating":"3","latitude":"-18.1622","longitude":"177.53","state_id":null,"state_name":null,"country_id":null},{"active":false,"Giataid":"58104","cityId":null,"cityName":"Beqa Island","hotelId":20007748,"hotelName":"Lawaki Beach House","address":"Beqa,Navua,Viti Levu,Fiji Islands,Fiji","phones":"+6799921621","fax":"","email":"info@lawakibeachhousefiji.com","url":"http://www.lawakibeachhousefiji.com/","countryIso2":"FJ","countryName":"Fiji","hotelRating":"0","latitude":"-18.3944","longitude":"178.123","state_id":null,"state_name":null,"country_id":null},{"active":false,"Giataid":"631858","cityId":null,"cityName":"Nacula Island","hotelId":20008080,"hotelName":"Safe Landing Resort","address":"Nacula Island,Yasawa Islands,Ba Province,Fiji","phones":"","fax":"","email":"enquiries@safelandingfiji.com","url":"https://www.safelandingfiji.com/","countryIso2":"FJ","countryName":"Fiji","hotelRating":"2","latitude":"-16.9286","longitude":"177.398","state_id":null,"state_name":null,"country_id":null},{"active":false,"Giataid":"689082","cityId":null,"cityName":"Taveuni Island","hotelId":20008247,"hotelName":"Vacala Bay Resort","address":"Matei,Taveuni Island East,Taveuni,Fiji","phones":"+6799068600","fax":"","email":"vacalabay@gmail.com","url":"http://vacalabayresort.com","countryIso2":"FJ","countryName":"Fiji","hotelRating":"0","latitude":"-16.6961","longitude":"-179.893","state_id":null,"state_name":null,"country_id":null},{"active":false,"Giataid":"30798","cityId":null,"cityName":"Vanua Levu Island","hotelId":20008358,"hotelName":"Jean-Michel Cousteau Resort","address":"Savusavu,Vanua Levu Island,Fiji","phones":"+67914157885794","fax":"+67914157880150","email":"info@fijiresort.com","url":"http://www.fijiresort.com","countryIso2":"FJ","countryName":"Fiji","hotelRating":"4","latitude":"-16.8135","longitude":"179.287","state_id":null,"state_name":null,"country_id":null},{"active":false,"Giataid":"245158","cityId":null,"cityName":"Savusavu","hotelId":20008534,"hotelName":"Moody's Namena","address":"Savusavu,Fiji,Fiji","phones":"+6798280577","fax":"+6798280901","email":"moodysnamena@connect.com.fj","url":"http://www.moodysnamenafiji.com/","countryIso2":"FJ","countryName":"Fiji","hotelRating":"0","latitude":"-17.1079","longitude":"179.103","state_id":null,"state_name":null,"country_id":null},{"active":false,"Giataid":"508285","cityId":null,"cityName":"Savusavu","hotelId":20008692,"hotelName":"Lani Paradise Retreat","address":"Cakaudrove,Savusavu,Fiji","phones":"","fax":"","email":"","url":"","countryIso2":"FJ","countryName":"Fiji","hotelRating":"4","latitude":"-16.7863","longitude":"179.326","state_id":null,"state_name":null,"country_id":null},{"active":false,"Giataid":"631887","cityId":null,"cityName":"Coral Coast","hotelId":20008826,"hotelName":"Beachouse","address":"1 Queens Highway,Namatakula,Korolevu,Viti Levu,Fiji","phones":"+6797777550","fax":"","email":"info@fijibeachouse.com","url":"http://fijibeachouse.com/beachouse-backpackers-coral-coast-viti-levu-fiji/","countryIso2":"FJ","countryName":"Fiji","hotelRating":"3","latitude":"-18.1886","longitude":"177.684","state_id":null,"state_name":null,"country_id":null},{"active":false,"Giataid":"534316","cityId":null,"cityName":"Coral Coast","hotelId":20008955,"hotelName":"The Beachouse","address":"Queens Highway,P.O. Box 68,Coral Coast,Namatakula,Viti Levu,Fiji","phones":"+6799929500","fax":"","email":"info@fijibeachouse.com","url":"http://fijibeachouse.com/","countryIso2":"FJ","countryName":"Fiji","hotelRating":"0","latitude":"-17.8666","longitude":"177.866","state_id":null,"state_name":null,"country_id":null},{"active":false,"Giataid":"534316","cityId":null,"cityName":"Namatakula","hotelId":20008955,"hotelName":"The Beachouse","address":"Queens Highway,P.O. Box 68,Coral Coast,Namatakula,Viti Levu,Fiji","phones":"+6799929500","fax":"","email":"info@fijibeachouse.com","url":"http://fijibeachouse.com/","countryIso2":"FJ","countryName":"Fiji","hotelRating":"0","latitude":"-17.8666","longitude":"177.866","state_id":null,"state_name":null,"country_id":null},{"active":false,"Giataid":"301311","cityId":null,"cityName":"Sigatoka","hotelId":20009077,"hotelName":"Lomawai Lodge","address":"Lomowai Village,14569 Sigatoka,Fiji","phones":"","fax":"","email":"","url":"","countryIso2":"FJ","countryName":"Fiji","hotelRating":"0","latitude":"-18.142","longitude":"177.506","state_id":null,"state_name":null,"country_id":null},{"active":false,"Giataid":"30797","cityId":null,"cityName":"Taveuni Island","hotelId":20009511,"hotelName":"Maravu Plantation","address":"Coastal Road,Matei,Taveuni,Fiji","phones":"+6798880585","fax":"+6798880600","email":"","url":"","countryIso2":"FJ","countryName":"Fiji","hotelRating":"3","latitude":"-16.6936","longitude":"-179.888","state_id":null,"state_name":null,"country_id":null},{"active":false,"Giataid":"243069","cityId":null,"cityName":"Beqa Island","hotelId":20009890,"hotelName":"Lalati Resort & Spa","address":"Malumu Bay,PO Box 461,Beqa Island,Fiji","phones":"+6793680453","fax":"+6793472034","email":"info@lalatifiji.com","url":"http://www.lalatifiji.com","countryIso2":"FJ","countryName":"Fiji","hotelRating":"4","latitude":"-18.3715","longitude":"178.147","state_id":null,"state_name":null,"country_id":null},{"active":false,"Giataid":"243067","cityId":null,"cityName":"Taveuni Island","hotelId":20010296,"hotelName":"Taveuni Palms","address":"P.O. Box 51,Matei,Taveuni,Fiji","phones":"+6798880032","fax":"","email":"info@taveunipalms.com","url":"http://www.taveunipalms.com/","countryIso2":"FJ","countryName":"Fiji","hotelRating":"5","latitude":"-16.69","longitude":"-179.875","state_id":null,"state_name":null,"country_id":null},{"active":false,"Giataid":"41720","cityId":null,"cityName":"Vanua Levu Island","hotelId":20010452,"hotelName":"Lomalagi Resort","address":"Natewa Bay Savusavu,Near Hibiscus Highway,Vanua Levu,Fiji","phones":"+6798500077","fax":"+6798816099","email":"info@lomalagi.com","url":"","countryIso2":"FJ","countryName":"Fiji","hotelRating":"4","latitude":"-16.7529","longitude":"179.511","state_id":null,"state_name":null,"country_id":null},{"active":false,"Giataid":"530536","cityId":null,"cityName":"Savusavu","hotelId":20010580,"hotelName":"Vosa Ni Ua Lodge","address":"Buca Road,Savusavu,Fiji","phones":"","fax":"","email":"","url":"","countryIso2":"FJ","countryName":"Fiji","hotelRating":"0","latitude":"-16.7993","longitude":"179.421","state_id":null,"state_name":null,"country_id":null},{"active":false,"Giataid":"668133","cityId":null,"cityName":"Coral Coast","hotelId":20010928,"hotelName":"Maui Bay Holiday Villas","address":"Lot 5 & Lot 15 Maui Bay Estates,Coral Coast,Fiji","phones":"+6796507110","fax":"","email":"roselyn@mauibayholidayvillasfiji.com","url":"http://www.mauibayholidayvillasfiji.com","countryIso2":"FJ","countryName":"Fiji","hotelRating":"0","latitude":"-18.2029","longitude":"177.673","state_id":null,"state_name":null,"country_id":null},{"active":false,"Giataid":"534333","cityId":null,"cityName":"Pacific Harbour","hotelId":20011211,"hotelName":"Club Oceanus","address":"1 Atoll Place,Pacific Harbour,Fiji","phones":"","fax":"","email":"","url":"","countryIso2":"FJ","countryName":"Fiji","hotelRating":"3","latitude":"-18.2537","longitude":"178.066","state_id":null,"state_name":null,"country_id":null},{"active":false,"Giataid":"301312","cityId":null,"cityName":"Sigatoka","hotelId":20011346,"hotelName":"Tau Lodges","address":"Sigatoka,Insel Viti Levu,Fiji","phones":"","fax":"","email":"","url":"","countryIso2":"FJ","countryName":"Fiji","hotelRating":"0","latitude":"-17.9704","longitude":"177.28","state_id":null,"state_name":null,"country_id":null},{"active":false,"Giataid":"937657","cityId":null,"cityName":"Naviti Island","hotelId":20300044,"hotelName":"White Sandy Beach Resort","address":"Yasawa Long Beach,Naviti Island,Fiji","phones":"","fax":"","email":"","url":"","countryIso2":"FJ","countryName":"Fiji","hotelRating":"0","latitude":"-17.1218","longitude":"177.217","state_id":null,"state_name":null,"country_id":null},{"active":false,"Giataid":"941691","cityId":null,"cityName":"Taveuni Island","hotelId":20300045,"hotelName":"Bibi's Hideaway","address":"Matei Road,Waiyevo,Taveuni Island,Fiji","phones":"","fax":"","email":"","url":"","countryIso2":"FJ","countryName":"Fiji","hotelRating":"1","latitude":"-16.7295","longitude":"-119.92","state_id":null,"state_name":null,"country_id":null},{"active":false,"Giataid":"690005","cityId":null,"cityName":"Korolevu","hotelId":20300053,"hotelName":"Shambala Holiday Rental Villa","address":"Lot 3,Maui Bay,Tangangge,Korolevu,Fiji","phones":"","fax":"","email":"","url":"","countryIso2":"FJ","countryName":"Fiji","hotelRating":"0","latitude":"-18.202","longitude":"177.669","state_id":null,"state_name":null,"country_id":null},{"active":false,"Giataid":"895944","cityId":null,"cityName":"Savusavu","hotelId":20300054,"hotelName":"Savusavu Bay Lodge","address":"18 Lesiaceva Road,Votua Village,Savusavu,Fiji","phones":"","fax":"","email":"","url":"","countryIso2":"FJ","countryName":"Fiji","hotelRating":"0","latitude":"-16.7824","longitude":"179.318","state_id":null,"state_name":null,"country_id":null},{"active":false,"Giataid":"919481","cityId":null,"cityName":"Sigatoka","hotelId":20300057,"hotelName":"Malaqereqere Villa","address":"PO Box 1429,Sigatoka,Fiji","phones":"+6796520704","fax":"","email":"clarke@malaqerevillas.com","url":"http://malaqerevillas.com/","countryIso2":"FJ","countryName":"Fiji","hotelRating":"0","latitude":"-18.1546","longitude":"177.445","state_id":null,"state_name":null,"country_id":null},{"active":false,"Giataid":"934495","cityId":null,"cityName":"Savusavu","hotelId":20300059,"hotelName":"Sigasiga Sands Resort","address":"11.3 Hibiscus Highway,Savusavu,Fiji","phones":"","fax":"","email":"","url":"http://www.savusavufijihotel.com","countryIso2":"FJ","countryName":"Fiji","hotelRating":"0","latitude":"-16.7824","longitude":"179.318","state_id":null,"state_name":null,"country_id":null},{"active":false,"Giataid":"898216","cityId":null,"cityName":"Nanuya Lailai Island","hotelId":20300060,"hotelName":"Vunidaka Homestay","address":"Enedala Village,Nanuya Sewa,Nanuya Lailai Island,Western Division,Fiji","phones":"","fax":"","email":"volavolaterry449@gmail.com","url":"http://www.vunidaka.com","countryIso2":"FJ","countryName":"Fiji","hotelRating":"0","latitude":"-16.9421","longitude":"177.37","state_id":null,"state_name":null,"country_id":null},{"active":false,"Giataid":"937664","cityId":null,"cityName":"Yasawa Island","hotelId":20300062,"hotelName":"Nabua Lodge","address":"Long Beach,Nacula Island,Yasawa Islands,Fiji","phones":"","fax":"","email":"","url":"","countryIso2":"FJ","countryName":"Fiji","hotelRating":"0","latitude":"-17.0539","longitude":"177.295","state_id":null,"state_name":null,"country_id":null},{"active":false,"Giataid":"904926","cityId":null,"cityName":"Savusavu","hotelId":20300065,"hotelName":"La Dolce Vita Holiday Villas","address":"PO Box 476,Savusavu,Fiji","phones":"+6798280824","fax":"","email":"","url":"http://www.ladolcevitaholidayvillas.com","countryIso2":"FJ","countryName":"Fiji","hotelRating":"0","latitude":"-16.7824","longitude":"179.318","state_id":null,"state_name":null,"country_id":null},{"active":false,"Giataid":"937638","cityId":null,"cityName":"Yasawa Island","hotelId":20300067,"hotelName":"Long Beach Resort","address":"Matacawalevu Island,Yasawa Island,Fiji","phones":"","fax":"","email":"","url":"http://www.longbeachfiji.com/","countryIso2":"FJ","countryName":"Fiji","hotelRating":"0","latitude":"-17.0539","longitude":"177.295","state_id":null,"state_name":null,"country_id":null},{"active":false,"Giataid":"895956","cityId":null,"cityName":"Korolevu","hotelId":20300069,"hotelName":"Sea Winds Villa","address":"63 Maui Bay West Road,Korolevu,Sigatoka,Fiji","phones":"","fax":"","email":"seawindsfiji@gmail.com","url":"http://www.seawindsvillas.com","countryIso2":"FJ","countryName":"Fiji","hotelRating":"0","latitude":"-18.2011","longitude":"177.672","state_id":null,"state_name":null,"country_id":null},{"active":false,"Giataid":"895931","cityId":null,"cityName":"Yasawa Island","hotelId":20300072,"hotelName":"Isa Lei Glampsite","address":"Nalabaki Bay,Matacawalevu Village,Matathawa Island,Yasawa Islands,Fiji","phones":"+6797158594","fax":"","email":"res@isaleiglampsitefiji.com","url":"http://www.isaleiglampsitefiji.com","countryIso2":"FJ","countryName":"Fiji","hotelRating":"0","latitude":"-16.9444","longitude":"177.349","state_id":null,"state_name":null,"country_id":null},{"active":false,"Giataid":"782930","cityId":null,"cityName":"Qamea","hotelId":20300078,"hotelName":"Waruka Bay Resort","address":"Waruka Bay,Qamea,Fiji","phones":"+6799995167","fax":"","email":"management@waruka.com","url":"http://waruka.com","countryIso2":"FJ","countryName":"Fiji","hotelRating":"0","latitude":"-16.7938","longitude":"-179.795","state_id":null,"state_name":null,"country_id":null},{"active":false,"Giataid":"613055","cityId":null,"cityName":"Lauwaki","hotelId":20300077,"hotelName":"Nila Beach Resort Fiji","address":"Lot 2 Vuda Point Road,Vuda,Lauwaki,Lautoka,Viti Levu,Fiji","phones":"+6798688999","fax":"","email":"res@nilabeachresortfiji.com","url":"http://nilaresortfiji.com/","countryIso2":"FJ","countryName":"Fiji","hotelRating":"3","latitude":"-17.6713","longitude":"177.384","state_id":null,"state_name":null,"country_id":null},{"active":false,"Giataid":"941816","cityId":null,"cityName":"Savusavu","hotelId":20300079,"hotelName":"Gecko Lodge Fiji","address":"22 Daku Road,Savusavu,Fiji","phones":"+6799213181","fax":"","email":"geckolodgefiji@yahoo.com","url":"http://www.geckolodgefiji.com","countryIso2":"FJ","countryName":"Fiji","hotelRating":"0","latitude":"-16.7808","longitude":"179.321","state_id":null,"state_name":null,"country_id":null},{"active":false,"Giataid":"937652","cityId":null,"cityName":"Nanuya Lailai Island","hotelId":20300080,"hotelName":"Gold Coast Inn","address":"Nanuya Lailai Island,Yasawa Islands,Fiji","phones":"","fax":"","email":"","url":"","countryIso2":"FJ","countryName":"Fiji","hotelRating":"0","latitude":"-16.9421","longitude":"177.37","state_id":null,"state_name":null,"country_id":null},{"active":false,"Giataid":"919506","cityId":null,"cityName":"Pacific Harbour","hotelId":20300082,"hotelName":"Matanivusi Beach Eco Resort","address":"PO Box 316,Pacific Harbour,Fiji","phones":"+6799923230","fax":"","email":"info@surfingfiji.com","url":"http://surfingfiji.com/","countryIso2":"FJ","countryName":"Fiji","hotelRating":"0","latitude":"-18.2468","longitude":"178.074","state_id":null,"state_name":null,"country_id":null},{"active":false,"Giataid":"937644","cityId":null,"cityName":"Naviti Island","hotelId":20300084,"hotelName":"Korovou Eco Tour Resort","address":"Yasawa,Naviti Island,Fiji","phones":"","fax":"","email":"","url":"http://www.hotelscombined.com/Hotel/Korovou_Eco_Tour_Resort.htm","countryIso2":"FJ","countryName":"Fiji","hotelRating":"0","latitude":"-17.1218","longitude":"177.217","state_id":null,"state_name":null,"country_id":null},{"active":false,"Giataid":"937688","cityId":null,"cityName":"Pacific Harbour","hotelId":20300086,"hotelName":"Nanettes Accommodation","address":"108 River Drive,Pacific Harbour,Fiji","phones":"+6793452041","fax":"","email":"nanetteshomestay@hotmail.com","url":"http://www.nanettes.com.fj/","countryIso2":"FJ","countryName":"Fiji","hotelRating":"0","latitude":"-18.2508","longitude":"178.067","state_id":null,"state_name":null,"country_id":null},{"active":false,"Giataid":"979661","cityId":null,"cityName":"Rakiraki","hotelId":20398242,"hotelName":"Dua Dua Beach Resort","address":"PO Box 252,Rakiraki,Fiji Islands,Fiji","phones":"+6796698033","fax":"","email":"bookings@duaduaresort.com","url":"http://www.duaduaresort.com","countryIso2":"FJ","countryName":"Fiji","hotelRating":"1","latitude":"-17.3293","longitude":"178.192","state_id":null,"state_name":null,"country_id":null},{"active":false,"Giataid":"983487","cityId":null,"cityName":"Taveuni Island","hotelId":20429836,"hotelName":"Makaira Resort","address":"Matei,PO Box 47M,Taveuni,Northern Division,Fiji","phones":"","fax":"","email":"","url":"http://www.fijibeachfrontatmakaira.com/","countryIso2":"FJ","countryName":"Fiji","hotelRating":"1","latitude":"-16.7295","longitude":"-119.92","state_id":null,"state_name":null,"country_id":null}]