[{"active":false,"Giataid":"470775","cityId":null,"cityName":"Omili","hotelId":470775,"hotelName":"Crossroads Transit Hotel","address":"9 Mile,Main Lae/Nadzab Highway,Omili 411,Papua New Guinea","phones":"","fax":"","email":"","url":"","countryIso2":"PG","countryName":"Papua New Guinea","hotelRating":"3","latitude":"-6.70184","longitude":"147.005","state_id":null,"state_name":null,"country_id":null},{"active":false,"Giataid":"799389","cityId":null,"cityName":"Kimbe Bay","hotelId":799389,"hotelName":"Liamo Reef Resort","address":"San Remo Road,Po Box 94,Kimbe 621,Papua New Guinea","phones":"","fax":"+6759834371","email":"reservations@liamoreefresort.com","url":"http://www.liamoreefresort.com","countryIso2":"PG","countryName":"Papua New Guinea","hotelRating":"1","latitude":"-5.55197","longitude":"150.161","state_id":null,"state_name":null,"country_id":null},{"active":false,"Giataid":"720945","cityId":null,"cityName":"Duke of Portland Islands","hotelId":10069201,"hotelName":"Kulkulit Guest House","address":"Tingwon Island,Papua New Guinea","phones":"","fax":"","email":"","url":"","countryIso2":"PG","countryName":"Papua New Guinea","hotelRating":"1","latitude":"-2.6112","longitude":"149.713","state_id":null,"state_name":null,"country_id":null},{"active":false,"Giataid":"91439","cityId":null,"cityName":"Milne Bay","hotelId":20002671,"hotelName":"Tawali Resort","address":"Alotau,Milne Bay Province,Papua New Guinea","phones":"+6756410922","fax":"","email":"reservations@tawali.com","url":"http://www.tawali.com","countryIso2":"PG","countryName":"Papua New Guinea","hotelRating":"4","latitude":"-10.2318","longitude":"150.873","state_id":null,"state_name":null,"country_id":null},{"active":false,"Giataid":"91437","cityId":null,"cityName":"Kimbe Bay","hotelId":20003315,"hotelName":"Walindi Plantation Resort","address":"P.O. Box 4,Kimbe 621,Papua New Guinea","phones":"+6759835441","fax":"+6759835638","email":"resort@walindifebrina.com","url":"http://www.walindi.com","countryIso2":"PG","countryName":"Papua New Guinea","hotelRating":"3","latitude":"-5.44066","longitude":"150.089","state_id":null,"state_name":null,"country_id":null},{"active":false,"Giataid":"91438","cityId":null,"cityName":"Tufi","hotelId":20004745,"hotelName":"Tufi Dive Resort","address":"246,Tufi,PO Box 1845,Port Moresby,Oro Province,Papua New Guinea","phones":"+6753233462","fax":"+6753231303","email":"tufidive@datec.net.pg","url":"http://www.tufidive.com","countryIso2":"PG","countryName":"Papua New Guinea","hotelRating":"4","latitude":"-9.08042","longitude":"149.317","state_id":null,"state_name":null,"country_id":null}]