[{"active":false,"Giataid":"427711","cityId":147494,"cityName":"Kara","hotelId":427711,"hotelName":"Hotel Marie Antoinette Kara","address":"190 Road Ateda,Kara,Togo","phones":"","fax":"","email":"","url":"","countryIso2":"TG","countryName":"Togo","hotelRating":"2","latitude":"9.51132","longitude":"1.20874","state_id":4022,"state_name":"Uttar Pradesh","country_id":101},{"active":false,"Giataid":"807223","cityId":147494,"cityName":"Kara","hotelId":807223,"hotelName":"Hotel Mira","address":"National 1,Avant Le Nouveau Pont,Kara,Togo","phones":"","fax":"","email":"","url":"","countryIso2":"TG","countryName":"Togo","hotelRating":"1","latitude":"0","longitude":"0","state_id":4022,"state_name":"Uttar Pradesh","country_id":101},{"active":false,"Giataid":"814518","cityId":147494,"cityName":"Kara","hotelId":814518,"hotelName":"Hotel Etoile De La Kozah","address":"Kara Tomde,Kara,Togo","phones":"","fax":"","email":"","url":"","countryIso2":"TG","countryName":"Togo","hotelRating":"1","latitude":"9.55927","longitude":"1.20112","state_id":4022,"state_name":"Uttar Pradesh","country_id":101}]