[{"active":false,"Giataid":"366643","cityId":55146,"cityName":"Port-au-Prince","hotelId":366643,"hotelName":"Nh Haiti El Rancho","address":"Rue Jose Marti 5,HT6140 Petionville,Port-au-Prince,Haiti","phones":"+50928151000","fax":"","email":"nhhaitielrancho@nh-hotels.com","url":"http://www.nh-hotels.com/nh/en/hotels/haiti/port-au-prince/nh-haiti-el-rancho.html","countryIso2":"HT","countryName":"Haiti","hotelRating":"4","latitude":"18.521","longitude":"-72.2913","state_id":4120,"state_name":"Ouest","country_id":95},{"active":false,"Giataid":"370404","cityId":55146,"cityName":"Port-au-Prince","hotelId":370404,"hotelName":"Best Western Premier Petion-Ville","address":"Angle Rue Louverture 50 & Geffrard,P?tion-Ville,Port-au-Prince,Haiti","phones":"+50928142222","fax":"","email":"","url":"","countryIso2":"HT","countryName":"Haiti","hotelRating":"4","latitude":"18.5131","longitude":"-72.2856","state_id":4120,"state_name":"Ouest","country_id":95},{"active":false,"Giataid":"370405","cityId":55146,"cityName":"Port-au-Prince","hotelId":370405,"hotelName":"Hotel Montana","address":"Rue Frank Cardozo,PO Box 523,P?tion-Ville,Haiti","phones":"+50929400584","fax":"","email":"","url":"","countryIso2":"HT","countryName":"Haiti","hotelRating":"3","latitude":"18.5359","longitude":"-72.2989","state_id":4120,"state_name":"Ouest","country_id":95},{"active":false,"Giataid":"370408","cityId":55146,"cityName":"Port-au-Prince","hotelId":370408,"hotelName":"Occidental Royal Oasis Hotel","address":"115 Avenue Panamericaine,Petion-Ville,Port-au-Prince,Haiti","phones":"+5097740040","fax":"","email":"","url":"","countryIso2":"HT","countryName":"Haiti","hotelRating":"4","latitude":"18.5192","longitude":"-72.2911","state_id":4120,"state_name":"Ouest","country_id":95},{"active":false,"Giataid":"370409","cityId":55146,"cityName":"Port-au-Prince","hotelId":370409,"hotelName":"Villa Creole","address":"","phones":"","fax":"","email":"","url":"","countryIso2":"HT","countryName":"Haiti","hotelRating":"1","latitude":"18.5359","longitude":"-72.2989","state_id":4120,"state_name":"Ouest","country_id":95},{"active":false,"Giataid":"448518","cityId":55146,"cityName":"Port-au-Prince","hotelId":448518,"hotelName":"Servotel","address":"Route de l'A?roport,Zone Cargo,Tabarre,Haiti","phones":"+50928127500","fax":"","email":"info@servotelhaiti.com","url":"","countryIso2":"HT","countryName":"Haiti","hotelRating":"3","latitude":"18.575","longitude":"-72.2861","state_id":4120,"state_name":"Ouest","country_id":95},{"active":false,"Giataid":"449695","cityId":55109,"cityName":"Jacmel","hotelId":449695,"hotelName":"Hotel Kabic Beach Club","address":"Kabic Ti Mouillage Cayes Jacmel,Jacmel,Haiti","phones":"","fax":"","email":"kabicbeachclub@yahoo.com","url":"http://www.kabicbeachclub.com","countryIso2":"HT","countryName":"Haiti","hotelRating":"2","latitude":"18.2343","longitude":"-72.3756","state_id":4124,"state_name":"Sud-Est","country_id":95},{"active":false,"Giataid":"462331","cityId":55146,"cityName":"Port-au-Prince","hotelId":462331,"hotelName":"Kingdom Hotel","address":"Tabarre 36,Rue Sol Solon # 19-21,Port-au-Prince,Haiti","phones":"+50934557822","fax":"","email":"","url":"http://mykingdomhotel.com/index.php/de/","countryIso2":"HT","countryName":"Haiti","hotelRating":"1","latitude":"18.5944","longitude":"-72.3074","state_id":4120,"state_name":"Ouest","country_id":95},{"active":false,"Giataid":"463513","cityId":null,"cityName":"P?tionville","hotelId":463513,"hotelName":"Paradis Hotel Haiti","address":"Rue Roger Colas 79,Route de Freres,6141 P?tionville,Port-au-Prince,Haiti","phones":"","fax":"","email":"","url":"","countryIso2":"HT","countryName":"Haiti","hotelRating":"1","latitude":"18.5291","longitude":"-72.2638","state_id":null,"state_name":null,"country_id":null},{"active":false,"Giataid":"515101","cityId":55109,"cityName":"Jacmel","hotelId":515101,"hotelName":"Les Orangers Eco Hotel","address":"Routes des Orangers,9110 Jacmel,Haiti","phones":"","fax":"","email":"","url":"","countryIso2":"HT","countryName":"Haiti","hotelRating":"2","latitude":"18.252","longitude":"-72.5131","state_id":4124,"state_name":"Sud-Est","country_id":95},{"active":false,"Giataid":"529872","cityId":55130,"cityName":"Mirebalais","hotelId":529872,"hotelName":"Wozo Plaza Hotel","address":"3 Route Nationale,Ledier,Mirebalais,Haiti","phones":"","fax":"","email":"","url":"","countryIso2":"HT","countryName":"Haiti","hotelRating":"2","latitude":"18.8339","longitude":"-72.1018","state_id":4125,"state_name":"Centre","country_id":95},{"active":false,"Giataid":"594898","cityId":null,"cityName":"P?tionville","hotelId":594898,"hotelName":"Tropical Bed & Breakfast","address":"Rue Faubert 179,6140 Petionville,Haiti","phones":"","fax":"","email":"","url":"","countryIso2":"HT","countryName":"Haiti","hotelRating":"3","latitude":"18.5097","longitude":"-72.289","state_id":null,"state_name":null,"country_id":null},{"active":false,"Giataid":"594914","cityId":null,"cityName":"Gonaives","hotelId":594914,"hotelName":"L'Eternel est mon secours","address":"Route National 1,Carrefours Gros-Morne 24,Gonaives,Haiti","phones":"+50931116244","fax":"","email":"contact@leternelestmonsecourshotel.com","url":"http://www.leternelestmonsecourshotel.com/","countryIso2":"HT","countryName":"Haiti","hotelRating":"3","latitude":"19.4605","longitude":"-72.6756","state_id":null,"state_name":null,"country_id":null},{"active":false,"Giataid":"594920","cityId":55109,"cityName":"Jacmel","hotelId":594920,"hotelName":"Polybriz","address":"Route nationale 100,Cayes,Jacmel,Haiti","phones":"+50948544743","fax":"","email":"reservations@polybriz.com","url":"http://www.polybriz.com","countryIso2":"HT","countryName":"Haiti","hotelRating":"2","latitude":"18.2343","longitude":"-72.3701","state_id":4124,"state_name":"Sud-Est","country_id":95},{"active":false,"Giataid":"618146","cityId":null,"cityName":"Fermathe","hotelId":618146,"hotelName":"Auberge Sur La Montagne","address":"Fort Jacques 9,1111 Fermathe,Haiti","phones":"","fax":"","email":"","url":"","countryIso2":"HT","countryName":"Haiti","hotelRating":"3","latitude":"18.4846","longitude":"-72.3049","state_id":null,"state_name":null,"country_id":null},{"active":false,"Giataid":"618147","cityId":null,"cityName":"Grande Caille","hotelId":618147,"hotelName":"Hotel Villa Ban-yen","address":"Route Nationale 2,6220 Grande Caille,Haiti","phones":"","fax":"","email":"","url":"","countryIso2":"HT","countryName":"Haiti","hotelRating":"1","latitude":"18.4011","longitude":"-72.8076","state_id":null,"state_name":null,"country_id":null},{"active":false,"Giataid":"618150","cityId":131083,"cityName":"Delmas","hotelId":618150,"hotelName":"Le Tresor Hotel","address":"Delmas 75,Puits-Blain 30 Avenue Albert Jode Prol # 8,Delmas,Haiti","phones":"","fax":"","email":"","url":"","countryIso2":"HT","countryName":"Haiti","hotelRating":"1","latitude":"18.5345","longitude":"-72.2912","state_id":937,"state_name":"Mpumalanga","country_id":204},{"active":false,"Giataid":"664528","cityId":null,"cityName":"P?tionville","hotelId":664528,"hotelName":"Gala Tower Condo & Hotel","address":"15 Rue Mangones,P?tion-Ville,Port-au-Prince,Haiti","phones":"+50937828302","fax":"","email":"info@galatower.com","url":"http://www.galatower.com","countryIso2":"HT","countryName":"Haiti","hotelRating":"3","latitude":"18.5095","longitude":"-72.2813","state_id":null,"state_name":null,"country_id":null},{"active":false,"Giataid":"664535","cityId":55109,"cityName":"Jacmel","hotelId":664535,"hotelName":"Hotel Inoubliable","address":"112 Rue Plage,Ti Mouillage,Jacmel,Haiti","phones":"","fax":"","email":"","url":"","countryIso2":"HT","countryName":"Haiti","hotelRating":"2","latitude":"18.2431","longitude":"-72.5264","state_id":4124,"state_name":"Sud-Est","country_id":95},{"active":false,"Giataid":"665876","cityId":null,"cityName":"Gonaives","hotelId":665876,"hotelName":"L'Elysee Guest House","address":"164 Avenue Des Dattes,4110 Gona?ves,Haiti","phones":"","fax":"","email":"","url":"","countryIso2":"HT","countryName":"Haiti","hotelRating":"3","latitude":"19.4564","longitude":"-72.6778","state_id":null,"state_name":null,"country_id":null},{"active":false,"Giataid":"670381","cityId":55113,"cityName":"Kenscoff","hotelId":670381,"hotelName":"Auberge Bellecour","address":"Route de Godet 10,6150 Kenscoff,Petionville,Port-au-Prince,Haiti","phones":"","fax":"","email":"","url":"","countryIso2":"HT","countryName":"Haiti","hotelRating":"1","latitude":"18.45","longitude":"-72.2834","state_id":4120,"state_name":"Ouest","country_id":95},{"active":false,"Giataid":"670689","cityId":55109,"cityName":"Jacmel","hotelId":670689,"hotelName":"Coterelle Breeze","address":"Route Marigot 509,Cotterelle,4510 Jacmel,Sud-Est,Haiti","phones":"+50939129435","fax":"","email":"cbreeze509@gmail.com","url":"http://www.coterellebreeze.com","countryIso2":"HT","countryName":"Haiti","hotelRating":"2","latitude":"18.2319","longitude":"-72.3471","state_id":4124,"state_name":"Sud-Est","country_id":95},{"active":false,"Giataid":"685162","cityId":55146,"cityName":"Port-au-Prince","hotelId":685162,"hotelName":"Eden Guest House","address":"","phones":"","fax":"","email":"","url":"","countryIso2":"HT","countryName":"Haiti","hotelRating":"2","latitude":"18.5359","longitude":"-72.2989","state_id":4120,"state_name":"Ouest","country_id":95},{"active":false,"Giataid":"688922","cityId":null,"cityName":"Gonaives","hotelId":688922,"hotelName":"Auberge Pont-Gaudin","address":"Route Nationale 1,Pont-Gaudin,Gona?ves 4110,Haiti","phones":"","fax":"","email":"","url":"","countryIso2":"HT","countryName":"Haiti","hotelRating":"2","latitude":"19.4504","longitude":"-72.6723","state_id":null,"state_name":null,"country_id":null},{"active":false,"Giataid":"696291","cityId":55109,"cityName":"Jacmel","hotelId":696291,"hotelName":"Colins Hotel","address":"Rue Sainte Anne 13,1991 Jacmel,Haiti","phones":"+50928188686","fax":"","email":"info@colinshotel.com","url":"http://www.colinshotel.com/","countryIso2":"HT","countryName":"Haiti","hotelRating":"2","latitude":"18.2317","longitude":"-72.5096","state_id":4124,"state_name":"Sud-Est","country_id":95},{"active":false,"Giataid":"696454","cityId":55109,"cityName":"Jacmel","hotelId":696454,"hotelName":"Rollanda Hotel Restaurant","address":"4 Impasse Decembre Jean Baptiste,Cyvadier,Jacmel,Haiti","phones":"","fax":"","email":"","url":"","countryIso2":"HT","countryName":"Haiti","hotelRating":"3","latitude":"18.2317","longitude":"-72.5096","state_id":4124,"state_name":"Sud-Est","country_id":95},{"active":false,"Giataid":"723879","cityId":55109,"cityName":"Jacmel","hotelId":723879,"hotelName":"L Amitie Hotel","address":"Ti Mouillage 102,Route De Cayes-Jacmel,Jacmel,Haiti","phones":"","fax":"","email":"","url":"","countryIso2":"HT","countryName":"Haiti","hotelRating":"2","latitude":"18.2343","longitude":"-72.5352","state_id":4124,"state_name":"Sud-Est","country_id":95},{"active":false,"Giataid":"724193","cityId":null,"cityName":"P?tionville","hotelId":724193,"hotelName":"Residences Talou","address":"37 Rue Amiral Killick,Morne Calvaire,6140 P?tion-Ville,Haiti","phones":"+50937014455","fax":"","email":"","url":"http://residencestalou.com/","countryIso2":"HT","countryName":"Haiti","hotelRating":"3","latitude":"18.5081","longitude":"-72.2896","state_id":null,"state_name":null,"country_id":null},{"active":false,"Giataid":"724201","cityId":null,"cityName":"P?tionville","hotelId":724201,"hotelName":"Palm Residence","address":"21 Rue Borno,Petionville,Haiti","phones":"","fax":"","email":"","url":"","countryIso2":"HT","countryName":"Haiti","hotelRating":"3","latitude":"18.5143","longitude":"-72.2814","state_id":null,"state_name":null,"country_id":null},{"active":false,"Giataid":"725602","cityId":55146,"cityName":"Port-au-Prince","hotelId":725602,"hotelName":"Villa Theodore","address":"109 Rue Armand,Debussy,Port-au-Prince,Haiti","phones":"","fax":"","email":"","url":"","countryIso2":"HT","countryName":"Haiti","hotelRating":"2","latitude":"18.5359","longitude":"-72.2989","state_id":4120,"state_name":"Ouest","country_id":95},{"active":false,"Giataid":"725766","cityId":55146,"cityName":"Port-au-Prince","hotelId":725766,"hotelName":"Universal Hotel Haiti","address":"Marin 26,Impasse Le Refuge 28,6110 Port-au-Prince,Haiti","phones":"","fax":"","email":"","url":"","countryIso2":"HT","countryName":"Haiti","hotelRating":"3","latitude":"18.5359","longitude":"-72.2989","state_id":4120,"state_name":"Ouest","country_id":95},{"active":false,"Giataid":"726002","cityId":55146,"cityName":"Port-au-Prince","hotelId":726002,"hotelName":"La Cayenna Hotel et Restaurant","address":"Santo 25,Carrefour Marrassa,Rentre Famosa 16,La Plaine,6847 Port Au Prince,Haiti","phones":"+50929432363","fax":"","email":"reservation@lacayennahotel.com","url":"http://www.lacayennahotel.com","countryIso2":"HT","countryName":"Haiti","hotelRating":"3","latitude":"18.5359","longitude":"-72.2989","state_id":4120,"state_name":"Ouest","country_id":95},{"active":false,"Giataid":"726456","cityId":55146,"cityName":"Port-au-Prince","hotelId":726456,"hotelName":"Kayanm Hotel","address":"Boulevard Du 15 Octobre,Tabarre 60 No. 2,Tabarre,6110 Port-au-Prince,Haiti,Haiti","phones":"","fax":"","email":"","url":"","countryIso2":"HT","countryName":"Haiti","hotelRating":"3","latitude":"18.5359","longitude":"-72.2989","state_id":4120,"state_name":"Ouest","country_id":95},{"active":false,"Giataid":"726518","cityId":null,"cityName":"Gonaives","hotelId":726518,"hotelName":"Odivin Hotel Luxury Suite","address":"Avenue Lumane Casimir 70,6112 Gonaives,Haiti","phones":"","fax":"","email":"","url":"","countryIso2":"HT","countryName":"Haiti","hotelRating":"3","latitude":"19.4504","longitude":"-72.6723","state_id":null,"state_name":null,"country_id":null},{"active":false,"Giataid":"726682","cityId":55109,"cityName":"Jacmel","hotelId":726682,"hotelName":"My Auberge Inn Jacmel","address":"Route De Lamandou 15,9110 Jacmel,Haiti","phones":"","fax":"","email":"","url":"","countryIso2":"HT","countryName":"Haiti","hotelRating":"2","latitude":"18.2336","longitude":"-72.527","state_id":4124,"state_name":"Sud-Est","country_id":95},{"active":false,"Giataid":"726800","cityId":55109,"cityName":"Jacmel","hotelId":726800,"hotelName":"Eden Villa Jacmel","address":"Rue Henry Christophe,Place St Anne,Jacmel,Haiti","phones":"+50931140661","fax":"","email":"edenvillahotel@gmail.com","url":"http://www.edenvillajacmel.com","countryIso2":"HT","countryName":"Haiti","hotelRating":"2","latitude":"18.2317","longitude":"-72.5096","state_id":4124,"state_name":"Sud-Est","country_id":95},{"active":false,"Giataid":"727877","cityId":55146,"cityName":"Port-au-Prince","hotelId":727877,"hotelName":"Pc Entreprises Guest House","address":"Clercine 10 42,Mais Gate,Tabarre,Port-au-Prince,Haiti","phones":"","fax":"","email":"","url":"","countryIso2":"HT","countryName":"Haiti","hotelRating":"2","latitude":"18.5359","longitude":"-72.2989","state_id":4120,"state_name":"Ouest","country_id":95},{"active":false,"Giataid":"727887","cityId":null,"cityName":"Cap-Ha?tien","hotelId":727887,"hotelName":"Les Jardins de L'Ocean","address":"Boulevard de Mer 90,1110 Cap-Ha?tien,Haiti","phones":"","fax":"","email":"","url":"","countryIso2":"HT","countryName":"Haiti","hotelRating":"2","latitude":"19.7567","longitude":"-72.2118","state_id":null,"state_name":null,"country_id":null},{"active":false,"Giataid":"728815","cityId":55146,"cityName":"Port-au-Prince","hotelId":728815,"hotelName":"Rollanda Hotel","address":"Avenue N rue Saint-louis 2,Port-au-Prince,Haiti","phones":"","fax":"","email":"","url":"","countryIso2":"HT","countryName":"Haiti","hotelRating":"3","latitude":"18.5359","longitude":"-72.2989","state_id":4120,"state_name":"Ouest","country_id":95},{"active":false,"Giataid":"729613","cityId":55146,"cityName":"Port-au-Prince","hotelId":729613,"hotelName":"Elite Hotel","address":"Rue Jacques 1er 14,Delmas 31,6120 Port-au-Prince,Ouest,Haiti","phones":"","fax":"","email":"","url":"http://www.elitehotelhaiti.ht/","countryIso2":"HT","countryName":"Haiti","hotelRating":"3","latitude":"18.5359","longitude":"-72.2989","state_id":4120,"state_name":"Ouest","country_id":95},{"active":false,"Giataid":"736473","cityId":55146,"cityName":"Port-au-Prince","hotelId":736473,"hotelName":"Haiti Communitere","address":"19 Rue Pelican,Clercine 4,6123 Port-au-Prince,Haiti","phones":"","fax":"","email":"","url":"","countryIso2":"HT","countryName":"Haiti","hotelRating":"1","latitude":"18.5359","longitude":"-72.2989","state_id":4120,"state_name":"Ouest","country_id":95},{"active":false,"Giataid":"740728","cityId":55146,"cityName":"Port-au-Prince","hotelId":740728,"hotelName":"Daniella Inn Hotel","address":"Rue Catalpa 17,Delmas 75,6110 Port-au-Prince,Haiti","phones":"","fax":"","email":"","url":"","countryIso2":"HT","countryName":"Haiti","hotelRating":"2","latitude":"18.5359","longitude":"-72.2989","state_id":4120,"state_name":"Ouest","country_id":95},{"active":false,"Giataid":"741710","cityId":null,"cityName":"P?tionville","hotelId":741710,"hotelName":"The Trianon Bed & Breakfast","address":"Thomassin 25 60,Route De Soisson,Petionville,Haiti","phones":"","fax":"","email":"","url":"","countryIso2":"HT","countryName":"Haiti","hotelRating":"2","latitude":"18.5143","longitude":"-72.2814","state_id":null,"state_name":null,"country_id":null},{"active":false,"Giataid":"741863","cityId":55146,"cityName":"Port-au-Prince","hotelId":741863,"hotelName":"Park Hotel","address":"Rue Capois 23,6110 Port-au-Prince,Haiti","phones":"","fax":"","email":"","url":"","countryIso2":"HT","countryName":"Haiti","hotelRating":"3","latitude":"18.542","longitude":"-72.3346","state_id":4120,"state_name":"Ouest","country_id":95},{"active":false,"Giataid":"742038","cityId":55109,"cityName":"Jacmel","hotelId":742038,"hotelName":"Le Jardin Hotel Restaurant","address":"Route 402 250 Bis,Avenue Barranquilla,Jacmel,Port-au-Prince,Haiti","phones":"","fax":"","email":"","url":"","countryIso2":"HT","countryName":"Haiti","hotelRating":"3","latitude":"18.2317","longitude":"-72.5096","state_id":4124,"state_name":"Sud-Est","country_id":95},{"active":false,"Giataid":"745475","cityId":null,"cityName":"Cap-Ha?tien","hotelId":745475,"hotelName":"Satama Hotel","address":"Habitation Jouissant 250,Rue 29 B Prolong?e,Carrenage,Cap-Haitien,Haiti","phones":"","fax":"","email":"","url":"","countryIso2":"HT","countryName":"Haiti","hotelRating":"3","latitude":"19.7567","longitude":"-72.2118","state_id":null,"state_name":null,"country_id":null},{"active":false,"Giataid":"746024","cityId":55109,"cityName":"Jacmel","hotelId":746024,"hotelName":"Le Creole Hideaway","address":"4 Route de Breman 1,Jacmel,Haiti","phones":"","fax":"","email":"","url":"","countryIso2":"HT","countryName":"Haiti","hotelRating":"2","latitude":"18.2317","longitude":"-72.5096","state_id":4124,"state_name":"Sud-Est","country_id":95},{"active":false,"Giataid":"750156","cityId":null,"cityName":"Cap-Ha?tien","hotelId":750156,"hotelName":"Ecole Les Poupons","address":"Rue 15-16 P 30,Cap-Haitien,Nord,Haiti","phones":"","fax":"","email":"","url":"","countryIso2":"HT","countryName":"Haiti","hotelRating":"2","latitude":"19.7567","longitude":"-72.2118","state_id":null,"state_name":null,"country_id":null},{"active":false,"Giataid":"750595","cityId":55146,"cityName":"Port-au-Prince","hotelId":750595,"hotelName":"Lebon Appart Hotel","address":"Rue Rosa 3,Impasse Guercy,Canap? Vert,6110 Port Au Prince,Ouest,Haiti","phones":"","fax":"","email":"","url":"","countryIso2":"HT","countryName":"Haiti","hotelRating":"2","latitude":"18.5359","longitude":"-72.2989","state_id":4120,"state_name":"Ouest","country_id":95},{"active":false,"Giataid":"784895","cityId":null,"cityName":"P?tionville","hotelId":784895,"hotelName":"Le Cupidon Hotel","address":"Rue Du Dr Jn Price Mars 3,Route De Freres,Entree Puits Blain,P?tionville,Haiti","phones":"","fax":"","email":"","url":"","countryIso2":"HT","countryName":"Haiti","hotelRating":"1","latitude":"18.5143","longitude":"-72.2814","state_id":null,"state_name":null,"country_id":null},{"active":false,"Giataid":"784898","cityId":55146,"cityName":"Port-au-Prince","hotelId":784898,"hotelName":"Socar Hotel","address":"18 Tabarre 27,Complexe Socar,6123 Port-au-Prince,Haiti","phones":"","fax":"","email":"","url":"","countryIso2":"HT","countryName":"Haiti","hotelRating":"1","latitude":"18.5359","longitude":"-72.2989","state_id":4120,"state_name":"Ouest","country_id":95},{"active":false,"Giataid":"516946","cityId":55146,"cityName":"Port-au-Prince","hotelId":785873,"hotelName":"Habitation Hatt Hotel","address":"Airport Road,Entree A & B Hatt II,Port Au Prince,Haiti","phones":"+50934529480","fax":"","email":"lamermotel@bellsouth.net","url":"http://www.habitationhatt.com","countryIso2":"HT","countryName":"Haiti","hotelRating":"1","latitude":"18.558","longitude":"-72.2343","state_id":4120,"state_name":"Ouest","country_id":95},{"active":false,"Giataid":"785889","cityId":55146,"cityName":"Port-au-Prince","hotelId":785889,"hotelName":"Sunshine Hotel","address":"Boulevard Du 15 Octobre 64,Tabarre 24,Port Au Prince,Haiti","phones":"","fax":"","email":"","url":"","countryIso2":"HT","countryName":"Haiti","hotelRating":"1","latitude":"18.5359","longitude":"-72.2989","state_id":4120,"state_name":"Ouest","country_id":95},{"active":false,"Giataid":"785922","cityId":null,"cityName":"Cap-Ha?tien","hotelId":785922,"hotelName":"Habitation Des Lauriers","address":"Rue 13 Q,2001 Cap-Ha?tien,Haiti","phones":"","fax":"","email":"","url":"http://www.habitationdeslauriers.com","countryIso2":"HT","countryName":"Haiti","hotelRating":"1","latitude":"19.7606","longitude":"-72.2062","state_id":null,"state_name":null,"country_id":null},{"active":false,"Giataid":"789583","cityId":null,"cityName":"P?tionville","hotelId":789583,"hotelName":"Basilic Bed & Breakfast","address":"Route De Freres 3,0001 Petion-Ville,Haiti","phones":"+50940318063","fax":"","email":"basilicbedandbreakfast@yahoo.com","url":"http://www.basilicbandb.com","countryIso2":"HT","countryName":"Haiti","hotelRating":"1","latitude":"18.5143","longitude":"-72.2814","state_id":null,"state_name":null,"country_id":null},{"active":false,"Giataid":"791455","cityId":null,"cityName":"Cap-Ha?tien","hotelId":791455,"hotelName":"Bungalow Hotel Lakou Breda","address":"Ruelle Gerard,1110 Cap-Ha?tien,Haiti","phones":"","fax":"","email":"","url":"","countryIso2":"HT","countryName":"Haiti","hotelRating":"1","latitude":"19.7567","longitude":"-72.2118","state_id":null,"state_name":null,"country_id":null},{"active":false,"Giataid":"824664","cityId":55109,"cityName":"Jacmel","hotelId":824664,"hotelName":"Auberge Du Mont Saint Jean","address":"Ridor?,La Vall?e De Jacmel,Jacmel,Haiti","phones":"","fax":"","email":"","url":"http://www.hotels.com/ho630667","countryIso2":"HT","countryName":"Haiti","hotelRating":"1","latitude":"18.2317","longitude":"-72.5096","state_id":4124,"state_name":"Sud-Est","country_id":95},{"active":false,"Giataid":"836193","cityId":55146,"cityName":"Port-au-Prince","hotelId":836193,"hotelName":"Estinfil Guesthouses","address":"Delmas 31, Rue Bbde Marbois,Imp Epinard 6,Port-au-Prince,Haiti","phones":"+50938961592","fax":"","email":"","url":"https://www.estinfilguesthouses.com/","countryIso2":"HT","countryName":"Haiti","hotelRating":"1","latitude":"18.5359","longitude":"-72.2989","state_id":4120,"state_name":"Ouest","country_id":95},{"active":false,"Giataid":"448313","cityId":55146,"cityName":"Port-au-Prince","hotelId":10051939,"hotelName":"La Maison Hotel","address":"Boulevard Toussaint Louverture 27,Route de L'Aeroport,Port-au-Prince,Haiti","phones":"+50928131067","fax":"","email":"","url":"","countryIso2":"HT","countryName":"Haiti","hotelRating":"3","latitude":"18.576","longitude":"-72.2853","state_id":4120,"state_name":"Ouest","country_id":95},{"active":false,"Giataid":"450106","cityId":55146,"cityName":"Port-au-Prince","hotelId":10052602,"hotelName":"Ideal Villa Hotel","address":"Delmas 53 # 5,1111 Port-au-Prince,Haiti,Haiti","phones":"+50929430470","fax":"","email":"","url":"","countryIso2":"HT","countryName":"Haiti","hotelRating":"3","latitude":"18.5436","longitude":"-72.2995","state_id":4120,"state_name":"Ouest","country_id":95},{"active":false,"Giataid":"516946","cityId":55146,"cityName":"Port-au-Prince","hotelId":10058745,"hotelName":"Habitation Hatt Hotel","address":"Airport Road,Entree A & B Hatt II,Port Au Prince,Haiti","phones":"+50934529480","fax":"","email":"","url":"","countryIso2":"HT","countryName":"Haiti","hotelRating":"3","latitude":"18.5603","longitude":"-72.3016","state_id":4120,"state_name":"Ouest","country_id":95},{"active":false,"Giataid":"475210","cityId":55146,"cityName":"Port-au-Prince","hotelId":10065739,"hotelName":"Pacot Breeze","address":"Rue Pacot 40,Port-au-Prince,Haiti","phones":"+50934020895","fax":"","email":"","url":"","countryIso2":"HT","countryName":"Haiti","hotelRating":"3","latitude":"18.5288","longitude":"-72.328","state_id":4120,"state_name":"Ouest","country_id":95},{"active":false,"Giataid":"475200","cityId":55146,"cityName":"Port-au-Prince","hotelId":10065742,"hotelName":"Visa Lodge","address":"Route des N?mes,Port-au-Prince,Haiti","phones":"+50928130777","fax":"","email":"","url":"","countryIso2":"HT","countryName":"Haiti","hotelRating":"3","latitude":"18.5689","longitude":"-72.302","state_id":4120,"state_name":"Ouest","country_id":95},{"active":false,"Giataid":"504440","cityId":55146,"cityName":"Port-au-Prince","hotelId":10066251,"hotelName":"Le Jardin Hotel","address":"9 Impasse Herard Delmas 75,Port-au-Prince,Haiti","phones":"","fax":"","email":"","url":"","countryIso2":"HT","countryName":"Haiti","hotelRating":"3","latitude":"18.5364","longitude":"-72.2914","state_id":4120,"state_name":"Ouest","country_id":95},{"active":false,"Giataid":"492538","cityId":55146,"cityName":"Port-au-Prince","hotelId":10066300,"hotelName":"Mondesir Inn","address":"56  Rue Capois,9910 Port-au-Prince,Haiti","phones":"","fax":"","email":"","url":"","countryIso2":"HT","countryName":"Haiti","hotelRating":"2","latitude":"18.5362","longitude":"-72.3366","state_id":4120,"state_name":"Ouest","country_id":95},{"active":false,"Giataid":"462337","cityId":55146,"cityName":"Port-au-Prince","hotelId":10066891,"hotelName":"Seven Stars Hotel","address":"Delmas 33 no 19 a Cote Henfrasa,1234 Port-au-Prince,Haiti","phones":"+50938441256","fax":"","email":"","url":"","countryIso2":"HT","countryName":"Haiti","hotelRating":"3","latitude":"18.5561","longitude":"-72.2997","state_id":4120,"state_name":"Ouest","country_id":95},{"active":false,"Giataid":"599830","cityId":55146,"cityName":"Port-au-Prince","hotelId":10067552,"hotelName":"Florence Penthouse B&B","address":"27 Rue Chochotte Babiole-Pacot,6113 Port-Au-Prince,Ouest,Haiti","phones":"","fax":"","email":"","url":"","countryIso2":"HT","countryName":"Haiti","hotelRating":"3","latitude":"18.5307","longitude":"-72.3286","state_id":4120,"state_name":"Ouest","country_id":95},{"active":false,"Giataid":"464693","cityId":null,"cityName":"Montrouis","hotelId":10067820,"hotelName":"Moulin Sur Mer","address":"KM 77 Route Nationale No. 1,Montrouis,Artibonite,Haiti","phones":"+50937011918","fax":"","email":"","url":"","countryIso2":"HT","countryName":"Haiti","hotelRating":"3","latitude":"18.9524","longitude":"-72.7181","state_id":null,"state_name":null,"country_id":null},{"active":false,"Giataid":"370403","cityId":null,"cityName":"P?tionville","hotelId":10069899,"hotelName":"Allamanda Hotel","address":"30 Corner Rue Metellus and Og?,39 Rue Metellus,HT-6166  P?tion-Ville,Haiti","phones":"+50934355603","fax":"","email":"","url":"","countryIso2":"HT","countryName":"Haiti","hotelRating":"3","latitude":"18.5109","longitude":"-72.283","state_id":null,"state_name":null,"country_id":null},{"active":false,"Giataid":"461556","cityId":55146,"cityName":"Port-au-Prince","hotelId":10070492,"hotelName":"Pavillon Des Receptions & Hotel","address":"Terminus Frere 29,Petionville,6110 Port-au-Prince,Haiti","phones":"+50937791733","fax":"","email":"","url":"","countryIso2":"HT","countryName":"Haiti","hotelRating":"3","latitude":"18.5292","longitude":"-72.2637","state_id":4120,"state_name":"Ouest","country_id":95},{"active":false,"Giataid":"517556","cityId":null,"cityName":"Carri?s","hotelId":10071725,"hotelName":"Kaliko Beach Club","address":"Route Nationale 1 km 61,Carries,Haiti","phones":"+50929404609","fax":"","email":"","url":"","countryIso2":"HT","countryName":"Haiti","hotelRating":"3","latitude":"18.8711","longitude":"-72.6154","state_id":null,"state_name":null,"country_id":null},{"active":false,"Giataid":"444363","cityId":55146,"cityName":"Port-au-Prince","hotelId":10071765,"hotelName":"Karibe Hotel","address":"Juvenat 7,P?tion-Ville,Port-au-Prince,Haiti","phones":"+50928127000","fax":"","email":"","url":"","countryIso2":"HT","countryName":"Haiti","hotelRating":"4","latitude":"18.5206","longitude":"-72.3006","state_id":4120,"state_name":"Ouest","country_id":95},{"active":false,"Giataid":"670949","cityId":null,"cityName":"P?tionville","hotelId":10071841,"hotelName":"Le Perroquet","address":"29 rue Lamarre,Petionville,Haiti","phones":"","fax":"","email":"","url":"","countryIso2":"HT","countryName":"Haiti","hotelRating":"1","latitude":"18.5142","longitude":"-72.2874","state_id":null,"state_name":null,"country_id":null},{"active":false,"Giataid":"463113","cityId":null,"cityName":"Cap-Ha?tien","hotelId":10072073,"hotelName":"Habitation Jouissant","address":"Habitation Jouissant 202,Cap-Ha?tien,Haiti","phones":"+50931242400","fax":"","email":"","url":"","countryIso2":"HT","countryName":"Haiti","hotelRating":"3","latitude":"19.7687","longitude":"-72.196","state_id":null,"state_name":null,"country_id":null},{"active":false,"Giataid":"489006","cityId":null,"cityName":"Montrouis","hotelId":10072130,"hotelName":"Royal Decameron Indigo Beach Resort & Spa","address":"Route Nationale 1 Km 78,C?te des Arcadins,4311 Montrouis,Haiti","phones":"+50918553080375","fax":"","email":"","url":"","countryIso2":"HT","countryName":"Haiti","hotelRating":"4","latitude":"18.9566","longitude":"-72.7268","state_id":null,"state_name":null,"country_id":null},{"active":false,"Giataid":"463108","cityId":null,"cityName":"Cap-Ha?tien","hotelId":10072226,"hotelName":"Cormier Plage Resort","address":"Route de Labadie,Cap-Haitien,Haiti","phones":"+50937020210","fax":"","email":"","url":"","countryIso2":"HT","countryName":"Haiti","hotelRating":"3","latitude":"19.7814","longitude":"-72.2286","state_id":null,"state_name":null,"country_id":null},{"active":false,"Giataid":"452921","cityId":null,"cityName":"P?tionville","hotelId":10072276,"hotelName":"La Pepiniere Hotel","address":"Entr?e La P?pini?re 8,Route de Freres,Petion-Ville,Haiti","phones":"+50928131190","fax":"","email":"","url":"","countryIso2":"HT","countryName":"Haiti","hotelRating":"3","latitude":"18.5247","longitude":"-72.263","state_id":null,"state_name":null,"country_id":null},{"active":false,"Giataid":"493623","cityId":null,"cityName":"Tabarre","hotelId":10072277,"hotelName":"Kemael Hotel","address":"Boulevard 15 Octobre 58,Rue C. Sylvain 4,En face de Sun Auto,Tabarre,Haiti","phones":"+50934431694","fax":"","email":"","url":"","countryIso2":"HT","countryName":"Haiti","hotelRating":"3","latitude":"18.5501","longitude":"-72.2445","state_id":null,"state_name":null,"country_id":null},{"active":false,"Giataid":"448498","cityId":55109,"cityName":"Jacmel","hotelId":10072408,"hotelName":"Hotel Florita","address":"29 Rue Du Commerce,Jacmel,Haiti","phones":"+50932061474","fax":"","email":"","url":"","countryIso2":"HT","countryName":"Haiti","hotelRating":"3","latitude":"18.2335","longitude":"-72.537","state_id":4124,"state_name":"Sud-Est","country_id":95},{"active":false,"Giataid":"487450","cityId":55109,"cityName":"Jacmel","hotelId":10072409,"hotelName":"Cap Lamandou Hotel","address":"Route de Lamandou,Rue Luce Turnier,Dos de l'Eveche de Jacmel,Jacmel,Haiti","phones":"+50937201436","fax":"","email":"","url":"","countryIso2":"HT","countryName":"Haiti","hotelRating":"3","latitude":"18.2248","longitude":"-72.5259","state_id":4124,"state_name":"Sud-Est","country_id":95},{"active":false,"Giataid":"487441","cityId":55109,"cityName":"Jacmel","hotelId":10072411,"hotelName":"Hotel-Restaurant Cyvadier Plage","address":"Boite Postale 115,HT9110 Jacmel,Haiti","phones":"+50938448264","fax":"","email":"","url":"","countryIso2":"HT","countryName":"Haiti","hotelRating":"3","latitude":"18.2255","longitude":"-72.4668","state_id":4124,"state_name":"Sud-Est","country_id":95},{"active":false,"Giataid":"486059","cityId":31008,"cityName":"Marigot","hotelId":10072419,"hotelName":"La Colline Enchantee","address":"Corail Soult,Marigot,Haiti","phones":"","fax":"","email":"","url":"","countryIso2":"HT","countryName":"Haiti","hotelRating":"3","latitude":"18.2358","longitude":"-72.3337","state_id":4082,"state_name":"Saint Andrew Parish","country_id":61},{"active":false,"Giataid":"486045","cityId":null,"cityName":"Port-Salut","hotelId":10072421,"hotelName":"Dan's Creek Hotel","address":"Route de Port-Salut,Port-Salut,Haiti","phones":"","fax":"","email":"","url":"","countryIso2":"HT","countryName":"Haiti","hotelRating":"3","latitude":"18.0881","longitude":"-73.9257","state_id":null,"state_name":null,"country_id":null},{"active":false,"Giataid":"664543","cityId":null,"cityName":"Port-Salut","hotelId":10072422,"hotelName":"Auberge Du Rayon Vert","address":"Pointe Sable,Port-Salut,Haiti","phones":"","fax":"","email":"","url":"","countryIso2":"HT","countryName":"Haiti","hotelRating":"3","latitude":"18.0886","longitude":"-73.9261","state_id":null,"state_name":null,"country_id":null},{"active":false,"Giataid":"529877","cityId":null,"cityName":"Port-Salut","hotelId":10072423,"hotelName":"Hotel du Village","address":"Pointe Sable,Port-Salut,Haiti","phones":"","fax":"","email":"","url":"","countryIso2":"HT","countryName":"Haiti","hotelRating":"2","latitude":"18.0954","longitude":"-73.9317","state_id":null,"state_name":null,"country_id":null},{"active":false,"Giataid":"492526","cityId":55121,"cityName":"Les Cayes","hotelId":10072429,"hotelName":"Hotel La Cretonne","address":"Route de L Aeroport,Bourjolly,Les Cayes,Haiti","phones":"","fax":"","email":"","url":"","countryIso2":"HT","countryName":"Haiti","hotelRating":"3","latitude":"18.24","longitude":"-73.7723","state_id":4122,"state_name":"Sud","country_id":95},{"active":false,"Giataid":"463105","cityId":null,"cityName":"Cap-Ha?tien","hotelId":10072447,"hotelName":"Hotel Du Roi Christophe","address":"Rue 24 B,Cap Haitien,Haiti","phones":"+50936878915","fax":"","email":"","url":"","countryIso2":"HT","countryName":"Haiti","hotelRating":"3","latitude":"19.763","longitude":"-72.1978","state_id":null,"state_name":null,"country_id":null},{"active":false,"Giataid":"448830","cityId":null,"cityName":"Cap-Ha?tien","hotelId":10072582,"hotelName":"Metro Residences","address":"9 Ruelle Casimir,Charrier,Cap-Haitien,Haiti","phones":"","fax":"","email":"","url":"","countryIso2":"HT","countryName":"Haiti","hotelRating":"3","latitude":"19.7312","longitude":"-72.2262","state_id":null,"state_name":null,"country_id":null},{"active":false,"Giataid":"463256","cityId":null,"cityName":"Cap-Ha?tien","hotelId":10072963,"hotelName":"Le Paradis S. Hotel","address":"28 Rue 19 K,Cap-Haitien,Haiti","phones":"+50934930513","fax":"","email":"","url":"","countryIso2":"HT","countryName":"Haiti","hotelRating":"3","latitude":"19.7627","longitude":"-72.2037","state_id":null,"state_name":null,"country_id":null},{"active":false,"Giataid":"461874","cityId":55146,"cityName":"Port-au-Prince","hotelId":10073074,"hotelName":"Kinam Hotel","address":"Port-au-Prince,Rue Pinchinat,Place St Pierre,Petion-Ville HT6110,Port-au-Prince,Haiti","phones":"+50929446000","fax":"","email":"","url":"","countryIso2":"HT","countryName":"Haiti","hotelRating":"4","latitude":"18.5098","longitude":"-72.2879","state_id":4120,"state_name":"Ouest","country_id":95},{"active":false,"Giataid":"476659","cityId":null,"cityName":"P?tionville","hotelId":10073165,"hotelName":"Corail Suites","address":"Impasse Hudicourt and Route des Freres,Petionville,Haiti","phones":"+50928119744","fax":"","email":"","url":"","countryIso2":"HT","countryName":"Haiti","hotelRating":"3","latitude":"18.5276","longitude":"-72.2719","state_id":null,"state_name":null,"country_id":null},{"active":false,"Giataid":"476389","cityId":null,"cityName":"Carri?s","hotelId":10073261,"hotelName":"Wahoo Bay Beach Club & Resort","address":"Route Nationale 1 km 62,Carri?s,Haiti","phones":"+50928122499","fax":"","email":"","url":"","countryIso2":"HT","countryName":"Haiti","hotelRating":"2","latitude":"18.8768","longitude":"-72.6149","state_id":null,"state_name":null,"country_id":null},{"active":false,"Giataid":"580884","cityId":null,"cityName":"P?tionville","hotelId":10073262,"hotelName":"B & B Comfy Inn","address":"73 Angle Rue Clerveaux et Og?,Petionville,Haiti","phones":"","fax":"","email":"","url":"","countryIso2":"HT","countryName":"Haiti","hotelRating":"2","latitude":"18.5154","longitude":"-72.2896","state_id":null,"state_name":null,"country_id":null},{"active":false,"Giataid":"475260","cityId":null,"cityName":"P?tionville","hotelId":10073365,"hotelName":"La Reserve Hotel","address":"Rue Marcel Toureau 2,Berth?,P?tion-Ville,Haiti","phones":"+50929461111","fax":"","email":"","url":"","countryIso2":"HT","countryName":"Haiti","hotelRating":"3","latitude":"18.508","longitude":"-72.2831","state_id":null,"state_name":null,"country_id":null},{"active":false,"Giataid":"496507","cityId":55109,"cityName":"Jacmel","hotelId":10073496,"hotelName":"Parc Jaboin","address":"2 Bassin Caiman,Jacmel,Haiti","phones":"","fax":"","email":"","url":"","countryIso2":"HT","countryName":"Haiti","hotelRating":"2","latitude":"18.2332","longitude":"-72.5333","state_id":4124,"state_name":"Sud-Est","country_id":95},{"active":false,"Giataid":"413008","cityId":55146,"cityName":"Port-au-Prince","hotelId":10075896,"hotelName":"Marriott Port-au-Prince Hotel","address":"147, Avenue Jean Paul II,Turgeau,6113 Port-au-Prince,Haiti","phones":"509-28-14-28-00","fax":"NULL","email":"peter.antinoph@marriott.com","url":"?","countryIso2":"HT","countryName":"Haiti","hotelRating":"4","latitude":"18.5327","longitude":"-72.3242","state_id":4120,"state_name":"Ouest","country_id":95},{"active":false,"Giataid":"664557","cityId":null,"cityName":"Montrouis","hotelId":10090950,"hotelName":"Le Dubourg Guesthouse","address":"Route Nationale 1 km 81,Montrouis,Artibonite,Saint-Marc,Haiti","phones":"+50938707225","fax":"NULL","email":"NULL","url":"NULL","countryIso2":"HT","countryName":"Haiti","hotelRating":"2","latitude":"18.9492","longitude":"-72.703","state_id":null,"state_name":null,"country_id":null},{"active":false,"Giataid":"562245","cityId":55146,"cityName":"Port-au-Prince","hotelId":10091304,"hotelName":"Le Monte Cristo Hotel & Suites","address":"Tabarre 60, Boulevard 15,Octobre 1,Tabarre,Monquette,Port au Prince,Haiti","phones":"NULL","fax":"NULL","email":"NULL","url":"NULL","countryIso2":"HT","countryName":"Haiti","hotelRating":"3","latitude":"18.5481","longitude":"-72.243","state_id":4120,"state_name":"Ouest","country_id":95},{"active":false,"Giataid":"157503","cityId":55146,"cityName":"Port-au-Prince","hotelId":10091449,"hotelName":"Le Plaza Hotel","address":"10 Rue Capois,Champ de Mars,Port-au-Prince,Haiti","phones":"+5093053946984","fax":"NULL","email":"NULL","url":"NULL","countryIso2":"HT","countryName":"Haiti","hotelRating":"3","latitude":"18.5419","longitude":"-72.3341","state_id":4120,"state_name":"Ouest","country_id":95},{"active":false,"Giataid":"372278","cityId":null,"cityName":"Cap-Ha?tien","hotelId":10095334,"hotelName":"Mont Joli Hotel","address":"Rue 29 B,Cap-Haitien,Haiti","phones":"NULL","fax":"NULL","email":"NULL","url":"NULL","countryIso2":"HT","countryName":"Haiti","hotelRating":"3","latitude":"19.7671","longitude":"-72.1962","state_id":null,"state_name":null,"country_id":null},{"active":false,"Giataid":"580883","cityId":null,"cityName":"Carri?s","hotelId":10100442,"hotelName":"Ouanga Bay Beach Hotel","address":"km 63,Carries,HT6411 Arcahaie,Haiti","phones":"+50934342020","fax":"NULL","email":"NULL","url":"NULL","countryIso2":"HT","countryName":"Haiti","hotelRating":"2","latitude":"18.8881","longitude":"-72.6201","state_id":null,"state_name":null,"country_id":null},{"active":false,"Giataid":"448575","cityId":55146,"cityName":"Port-au-Prince","hotelId":10101090,"hotelName":"Palm Inn Hotel","address":"Rue Hatte 3,6110 Port au Prince,Haiti","phones":"+50929170000","fax":"NULL","email":"NULL","url":"NULL","countryIso2":"HT","countryName":"Haiti","hotelRating":"3","latitude":"18.5671","longitude":"-72.2976","state_id":4120,"state_name":"Ouest","country_id":95},{"active":false,"Giataid":"463102","cityId":null,"cityName":"Cap-Ha?tien","hotelId":10102547,"hotelName":"Villa Prosper Guest House","address":"1A, Rue Belle-Vue,Pipo-Ville,Vaudreuil,Cap-Haitien,Haiti","phones":"+50937809555","fax":"NULL","email":"NULL","url":"NULL","countryIso2":"HT","countryName":"Haiti","hotelRating":"3","latitude":"19.7126","longitude":"-72.2611","state_id":null,"state_name":null,"country_id":null},{"active":false,"Giataid":"463252","cityId":null,"cityName":"Cap-Ha?tien","hotelId":10105878,"hotelName":"Rival Hotel","address":"90 Boulevard Carenage,Chemin en terre battue jusqu'? la plage,Route de Rival,Cap Ha?tien,Haiti","phones":"+50931964010","fax":"NULL","email":"NULL","url":"NULL","countryIso2":"HT","countryName":"Haiti","hotelRating":"2","latitude":"19.7791","longitude":"-72.1919","state_id":null,"state_name":null,"country_id":null},{"active":false,"Giataid":"463112","cityId":null,"cityName":"Cap-Ha?tien","hotelId":10110194,"hotelName":"Auberge Villa Cana","address":"Route Nationale 1,1113 Cap Haitien,Haiti,Haiti","phones":"+50932212552","fax":"NULL","email":"NULL","url":"NULL","countryIso2":"HT","countryName":"Haiti","hotelRating":"3","latitude":"19.7192","longitude":"-72.2559","state_id":null,"state_name":null,"country_id":null},{"active":false,"Giataid":"463264","cityId":null,"cityName":"Cap-Ha?tien","hotelId":10110472,"hotelName":"Beau Rivage Hotel","address":"24 - 25 Blvd Carenage,Cap Ha?tien,Haiti","phones":"+50938825583","fax":"NULL","email":"NULL","url":"NULL","countryIso2":"HT","countryName":"Haiti","hotelRating":"3","latitude":"19.7725","longitude":"-72.1928","state_id":null,"state_name":null,"country_id":null},{"active":false,"Giataid":"523141","cityId":null,"cityName":"Tabarre","hotelId":10118329,"hotelName":"Executive Villas","address":"Angle Rue Tapage et Blvd. 15 Octobre,Tabarre 43 (Local Belmart Super-Market),Tabarre,Haiti","phones":"+50928161777","fax":"NULL","email":"NULL","url":"NULL","countryIso2":"HT","countryName":"Haiti","hotelRating":"3","latitude":"18.554","longitude":"-72.244","state_id":null,"state_name":null,"country_id":null},{"active":false,"Giataid":"497300","cityId":55109,"cityName":"Jacmel","hotelId":10123862,"hotelName":"Hotel Jaclef Plaza","address":"97 route de Cyvadier,9910 Jacmel,Haiti","phones":"NULL","fax":"NULL","email":"NULL","url":"NULL","countryIso2":"HT","countryName":"Haiti","hotelRating":"3","latitude":"18.2405","longitude":"-72.5187","state_id":4124,"state_name":"Sud-Est","country_id":95},{"active":false,"Giataid":"370406","cityId":55146,"cityName":"Port-au-Prince","hotelId":10124681,"hotelName":"Hotel Oloffson","address":"No.60 Avenue Christophe,6110 Port-au-Prince,Ouest,Haiti","phones":"+50938104000","fax":"NULL","email":"NULL","url":"NULL","countryIso2":"HT","countryName":"Haiti","hotelRating":"3","latitude":"18.5297","longitude":"-72.3377","state_id":4120,"state_name":"Ouest","country_id":95},{"active":false,"Giataid":"529870","cityId":null,"cityName":"Port-Salut","hotelId":10128372,"hotelName":"La Source Hotel & Resort","address":"Route Nationale 2 177,1030 Port Salut,Haiti","phones":"+50943244300","fax":"NULL","email":"NULL","url":"NULL","countryIso2":"HT","countryName":"Haiti","hotelRating":"2","latitude":"18.1618","longitude":"-73.9796","state_id":null,"state_name":null,"country_id":null},{"active":false,"Giataid":"669854","cityId":55146,"cityName":"Port-au-Prince","hotelId":20000713,"hotelName":"CAS Guest House","address":"Mahotiere 75,Impasse Francois 94,6132 Port-au-Prince,Haiti","phones":"","fax":"","email":"","url":"","countryIso2":"HT","countryName":"Haiti","hotelRating":"0","latitude":"18.5313","longitude":"-72.3959","state_id":4120,"state_name":"Ouest","country_id":95},{"active":false,"Giataid":"696216","cityId":55146,"cityName":"Port-au-Prince","hotelId":20000824,"hotelName":"Walls International Guest House","address":"Delmas 19,Rue Mackandal 8,6117 Port au Prince,Haiti","phones":"","fax":"","email":"wallsguesthouse@gmail.com","url":"http://www.wallsguesthouse.com/","countryIso2":"HT","countryName":"Haiti","hotelRating":"0","latitude":"18.5359","longitude":"-72.2989","state_id":4120,"state_name":"Ouest","country_id":95},{"active":false,"Giataid":"696392","cityId":55146,"cityName":"Port-au-Prince","hotelId":20000918,"hotelName":"Tabarres Palace","address":"Tabarre 36 1,6123 Port au Prince,Haiti","phones":"+50928171819","fax":"","email":"","url":"http://tabarrespalace.com","countryIso2":"HT","countryName":"Haiti","hotelRating":"3","latitude":"18.5359","longitude":"-72.2989","state_id":4120,"state_name":"Ouest","country_id":95},{"active":false,"Giataid":"512175","cityId":55146,"cityName":"Port-au-Prince","hotelId":20001595,"hotelName":"Turin Vue La Montagne Lodge","address":"50 Thomassin 32,Route de Turin,Petionville,Port-au-Prince,Haiti","phones":"","fax":"","email":"","url":"","countryIso2":"HT","countryName":"Haiti","hotelRating":"2","latitude":"18.4798","longitude":"-72.322","state_id":4120,"state_name":"Ouest","country_id":95},{"active":false,"Giataid":"696416","cityId":55146,"cityName":"Port-au-Prince","hotelId":20002049,"hotelName":"Hotel Luxe Confort","address":"Rue Charbonniere 33,Delmas 33,Delmas,6112 Port-Au-Prince,Haiti","phones":"","fax":"","email":"luxeconforthaiti@gmail.com","url":"http://luxeconforthaiti.com/","countryIso2":"HT","countryName":"Haiti","hotelRating":"3","latitude":"18.5534","longitude":"-72.2888","state_id":4120,"state_name":"Ouest","country_id":95},{"active":false,"Giataid":"449289","cityId":55146,"cityName":"Port-au-Prince","hotelId":20003762,"hotelName":"Prince Hotel","address":"Angle Rue 3,Ave N,Port-au-Prince,Haiti","phones":"","fax":"","email":"","url":"","countryIso2":"HT","countryName":"Haiti","hotelRating":"3","latitude":"18.5293","longitude":"-72.3341","state_id":4120,"state_name":"Ouest","country_id":95},{"active":false,"Giataid":"282955","cityId":55146,"cityName":"Port-au-Prince","hotelId":20003903,"hotelName":"Cacique Villa Hotel","address":"Delmas 75,Port-au-Prince,Haiti","phones":"+50922278366","fax":"","email":"hotel@caciquevilla.com","url":"http://caciquevilla.com/home.html","countryIso2":"HT","countryName":"Haiti","hotelRating":"0","latitude":"18.5418","longitude":"-72.2814","state_id":4120,"state_name":"Ouest","country_id":95},{"active":false,"Giataid":"618152","cityId":null,"cityName":"Cap-Ha?tien","hotelId":20004083,"hotelName":"Auberge de Breda","address":"54, Route National #1,,Ruelle Maxima,1120 Haut du Cap,Haiti","phones":"","fax":"","email":"","url":"","countryIso2":"HT","countryName":"Haiti","hotelRating":"3","latitude":"19.7214","longitude":"-72.2313","state_id":null,"state_name":null,"country_id":null},{"active":false,"Giataid":"580885","cityId":null,"cityName":"Cap-Ha?tien","hotelId":20004453,"hotelName":"Auberge Du Picolet","address":"90 Boulevard du carenage,Nord,Cap Haitien,Haiti","phones":"","fax":"","email":"","url":"","countryIso2":"HT","countryName":"Haiti","hotelRating":"0","latitude":"19.7684","longitude":"-72.1941","state_id":null,"state_name":null,"country_id":null},{"active":false,"Giataid":"671115","cityId":null,"cityName":"Cap-Ha?tien","hotelId":20004610,"hotelName":"Auberge Leconte","address":"Rue Toussain Louverture 112,Babiole,1113 Cap-Haitien,Haiti","phones":"+50936564862","fax":"","email":"","url":"http://aubergeleconte.com","countryIso2":"HT","countryName":"Haiti","hotelRating":"0","latitude":"19.7228","longitude":"-72.2304","state_id":null,"state_name":null,"country_id":null},{"active":false,"Giataid":"492540","cityId":55146,"cityName":"Port-au-Prince","hotelId":20005325,"hotelName":"Hotel Anna Inn","address":"2 Rue Rosa Canape Vert,Port-au-Prince,Haiti","phones":"","fax":"","email":"","url":"","countryIso2":"HT","countryName":"Haiti","hotelRating":"3","latitude":"18.5362","longitude":"-72.3188","state_id":4120,"state_name":"Ouest","country_id":95},{"active":false,"Giataid":"512301","cityId":55146,"cityName":"Port-au-Prince","hotelId":20005996,"hotelName":"Paradis Hotel","address":"Avenue Roger Colas 78,Routes Des Freres,Petionville,Port-au-Prince,Haiti","phones":"+50938227149","fax":"","email":"paradishotel@ymail.com","url":"http://www.paradishotelhaiti.net/index","countryIso2":"HT","countryName":"Haiti","hotelRating":"3","latitude":"18.5291","longitude":"-72.2638","state_id":4120,"state_name":"Ouest","country_id":95},{"active":false,"Giataid":"451374","cityId":55146,"cityName":"Port-au-Prince","hotelId":20006351,"hotelName":"La Lorraine","address":"Rue Clerveau 36,Petion-Ville,Haiti","phones":"+50928168300","fax":"","email":"reservation@lalorrainehaiti.com","url":"http://lalorrainehaiti.com/home/","countryIso2":"HT","countryName":"Haiti","hotelRating":"3","latitude":"18.5122","longitude":"-72.2897","state_id":4120,"state_name":"Ouest","country_id":95},{"active":false,"Giataid":"328302","cityId":55146,"cityName":"Port-au-Prince","hotelId":20006512,"hotelName":"Hotel Villa Therese","address":"13 Rue Leon Nerette,Petion-Ville,Port-au-Prince,Haiti","phones":"+50928160605","fax":"","email":"info@hotelvillatherese.com","url":"http://www.hotelvillatherese.com/home","countryIso2":"HT","countryName":"Haiti","hotelRating":"3","latitude":"18.5174","longitude":"-72.2874","state_id":4120,"state_name":"Ouest","country_id":95},{"active":false,"Giataid":"696302","cityId":55146,"cityName":"Port-au-Prince","hotelId":20006714,"hotelName":"Bel Fle Missions Hotel","address":"Rue MBC 12,Bon Repos,La Plaine,6113 Port-au-Prince,Haiti","phones":"","fax":"","email":"reservations@belfle.org","url":"http://www.belfle.org","countryIso2":"HT","countryName":"Haiti","hotelRating":"2","latitude":"18.6131","longitude":"-72.2794","state_id":4120,"state_name":"Ouest","country_id":95},{"active":false,"Giataid":"670087","cityId":55146,"cityName":"Port-au-Prince","hotelId":20006884,"hotelName":"Auberge De La Cigogne","address":"Rue Eucalyptus 10,Delmas 83,1111 Port-au-Prince,Haiti","phones":"","fax":"","email":"","url":"","countryIso2":"HT","countryName":"Haiti","hotelRating":"2","latitude":"18.5345","longitude":"-72.2858","state_id":4120,"state_name":"Ouest","country_id":95},{"active":false,"Giataid":"696376","cityId":55146,"cityName":"Port-au-Prince","hotelId":20007051,"hotelName":"Luxury Mountain Guest House","address":"Rue Lapaix 4,Tabarre 68,6141 Port-au-Prince,Haiti","phones":"","fax":"","email":"","url":"","countryIso2":"HT","countryName":"Haiti","hotelRating":"3","latitude":"18.5359","longitude":"-72.2989","state_id":4120,"state_name":"Ouest","country_id":95},{"active":false,"Giataid":"463115","cityId":null,"cityName":"Cap-Ha?tien","hotelId":20007821,"hotelName":"Imperial","address":"Route Nationale 1,1110 Cap-Ha?tien,Haiti","phones":"+50922606673","fax":"+50919547567320","email":"info@hotelimperialcap.com","url":"http://hotelimperialcap.com/","countryIso2":"HT","countryName":"Haiti","hotelRating":"3","latitude":"19.7458","longitude":"-72.2089","state_id":null,"state_name":null,"country_id":null},{"active":false,"Giataid":"696396","cityId":null,"cityName":"Cap-Ha?tien","hotelId":20008105,"hotelName":"The Vue Apartment Hotel","address":"Rue 11 439,Habitation Rival,Rival Beach,1110 Cap-Haitien,Nord,Haiti","phones":"","fax":"","email":"reservations@vueapartmenthotel.com","url":"http://vueapartmenthotel.com/","countryIso2":"HT","countryName":"Haiti","hotelRating":"3","latitude":"19.7796","longitude":"-72.192","state_id":null,"state_name":null,"country_id":null},{"active":false,"Giataid":"460948","cityId":55146,"cityName":"Port-au-Prince","hotelId":20008794,"hotelName":"Maxime Boutique","address":"Impasse McDonald Bois Moquette,Petion-Villa,Port-au-Prince,Haiti","phones":"+50928179509","fax":"","email":"info@maximehotel.com","url":"http://www.maximehotel.com","countryIso2":"HT","countryName":"Haiti","hotelRating":"4","latitude":"18.5055","longitude":"-72.2802","state_id":4120,"state_name":"Ouest","country_id":95},{"active":false,"Giataid":"529818","cityId":55146,"cityName":"Port-au-Prince","hotelId":20009514,"hotelName":"Ranch Le Montcel","address":"Rte de Kenscoff Belot 14 Km from P?tion Ville,Port-au-PrincePort-au-Prince,Haiti","phones":"","fax":"","email":"","url":"","countryIso2":"HT","countryName":"Haiti","hotelRating":"3","latitude":"18.4542","longitude":"-72.3519","state_id":4120,"state_name":"Ouest","country_id":95},{"active":false,"Giataid":"696282","cityId":55146,"cityName":"Port-au-Prince","hotelId":20009670,"hotelName":"Gayac Residences","address":"Impasse Pierre Wiener 15,Bourdon,Port-au-Prince,Haiti","phones":"","fax":"","email":"info@gayachaiti.com","url":"http://www.gayachaiti.com/","countryIso2":"HT","countryName":"Haiti","hotelRating":"3","latitude":"18.5359","longitude":"-72.2989","state_id":4120,"state_name":"Ouest","country_id":95},{"active":false,"Giataid":"594927","cityId":55146,"cityName":"Port-au-Prince","hotelId":20009757,"hotelName":"Bel Ayiti Apartment & Gabrielle�s","address":"8 Rue Georges Sylvain,Delmas 29,HT6120 Port-au-Prince,Haiti","phones":"","fax":"","email":"","url":"","countryIso2":"HT","countryName":"Haiti","hotelRating":"3","latitude":"18.5535","longitude":"-72.3087","state_id":4120,"state_name":"Ouest","country_id":95},{"active":false,"Giataid":"696263","cityId":55146,"cityName":"Port-au-Prince","hotelId":20009917,"hotelName":"Sams Hotel","address":"8 Rue Jacques 1er,Delmas 31,6113 Port-au-Prince,Haiti","phones":"+50928136000","fax":"","email":"samshotelhaiti@gmail.com","url":"http://www.samshotelhaiti.com/","countryIso2":"HT","countryName":"Haiti","hotelRating":"3","latitude":"18.5359","longitude":"-72.2989","state_id":4120,"state_name":"Ouest","country_id":95},{"active":false,"Giataid":"490599","cityId":55146,"cityName":"Port-au-Prince","hotelId":20010057,"hotelName":"Renaissance Hotel - Port-au-Prince","address":"Tabarre 52,Port-au-Prince,Haiti","phones":"","fax":"","email":"","url":"","countryIso2":"HT","countryName":"Haiti","hotelRating":"3","latitude":"18.5417","longitude":"-72.2827","state_id":4120,"state_name":"Ouest","country_id":95},{"active":false,"Giataid":"618084","cityId":null,"cityName":"Cap-Ha?tien","hotelId":20010889,"hotelName":"Mady's Villa Hotel","address":"10 Mombin Lataille Haut Du Cap,1113 Cap-Ha?tien,Haiti","phones":"","fax":"","email":"","url":"","countryIso2":"HT","countryName":"Haiti","hotelRating":"0","latitude":"19.7215","longitude":"-72.2317","state_id":null,"state_name":null,"country_id":null},{"active":false,"Giataid":"696420","cityId":null,"cityName":"Cap-Ha?tien","hotelId":20011035,"hotelName":"Marquis Paradise","address":"Labadie,Nord Department,Cap-Haitien,Haiti","phones":"","fax":"","email":"gexantus@marquisparadise.com","url":"http://marquisparadise.com","countryIso2":"HT","countryName":"Haiti","hotelRating":"3","latitude":"19.7567","longitude":"-72.2118","state_id":null,"state_name":null,"country_id":null},{"active":false,"Giataid":"599633","cityId":55146,"cityName":"Port-au-Prince","hotelId":20011146,"hotelName":"Trinity Lodge","address":"11 Delmas 75,Rue Richard Jules,Near college Excelsior,Port au Prince,Haiti","phones":"+50947730742","fax":"","email":"info@trinitylodgehaiti.com","url":"http://www.trinitylodgehaiti.com/","countryIso2":"HT","countryName":"Haiti","hotelRating":"3","latitude":"18.539","longitude":"-72.2911","state_id":4120,"state_name":"Ouest","country_id":95},{"active":false,"Giataid":"784869","cityId":55121,"cityName":"Les Cayes","hotelId":20318706,"hotelName":"Villa Mimosa","address":"Route De Torbeck Vers Port-Salut,Formont,8110 Les Cayes,Haiti","phones":"","fax":"","email":"","url":"","countryIso2":"HT","countryName":"Haiti","hotelRating":"0","latitude":"18.2046","longitude":"-73.7657","state_id":4122,"state_name":"Sud","country_id":95},{"active":false,"Giataid":"868539","cityId":55109,"cityName":"Jacmel","hotelId":20318707,"hotelName":"Sur Le Toit Guestrooms","address":"Route Departmental 402,Jacmel Haiti,Haiti","phones":"","fax":"","email":"","url":"","countryIso2":"HT","countryName":"Haiti","hotelRating":"0","latitude":"18.2317","longitude":"-72.5096","state_id":4124,"state_name":"Sud-Est","country_id":95},{"active":false,"Giataid":"862429","cityId":55146,"cityName":"Port-au-Prince","hotelId":20318708,"hotelName":"Eucalyptus Guest House","address":"Sarthe 59,Enface Poste De Police Cazeau,6113 Port Au Prince,Haiti","phones":"+5097292582","fax":"","email":"eucalyptusvillage@gmail.com","url":"http://www.eucalyptusguesthouse.com","countryIso2":"HT","countryName":"Haiti","hotelRating":"0","latitude":"18.5359","longitude":"-72.2989","state_id":4120,"state_name":"Ouest","country_id":95},{"active":false,"Giataid":"696350","cityId":55121,"cityName":"Les Cayes","hotelId":20318709,"hotelName":"Caribbean Hotel Cayes","address":"Rue Union Et Rue Auxilius Fougere,Les Cayes,Haiti","phones":"+50922702049","fax":"","email":"CaribbeanHotelCayes@Gmail.com","url":"http://www.caribbeanhotelcayes.com/","countryIso2":"HT","countryName":"Haiti","hotelRating":"2","latitude":"18.2046","longitude":"-73.7657","state_id":4122,"state_name":"Sud","country_id":95},{"active":false,"Giataid":"696374","cityId":null,"cityName":"Montrouis","hotelId":20318710,"hotelName":"Villa Lamarre VII","address":"Route Nationale 1,Villa Lamar 7,4433 Montrouis,Haiti","phones":"+50922811722","fax":"","email":"villalamarre7@gmail.com","url":"http://www.villalamarre7.com/","countryIso2":"HT","countryName":"Haiti","hotelRating":"3","latitude":"18.9546","longitude":"-72.716","state_id":null,"state_name":null,"country_id":null},{"active":false,"Giataid":"905174","cityId":null,"cityName":"Cap-Ha?tien","hotelId":20318714,"hotelName":"FRF Hotel","address":"Rue 20I,Cap-Haitien,Haiti","phones":"","fax":"","email":"","url":"","countryIso2":"HT","countryName":"Haiti","hotelRating":"0","latitude":"19.7567","longitude":"-72.2118","state_id":null,"state_name":null,"country_id":null},{"active":false,"Giataid":"741999","cityId":null,"cityName":"Tabarre","hotelId":20318719,"hotelName":"Hibiscus Guest House","address":"Rue 2 6,Village Theodat,Clercine,HT6125 Tabarre,Haiti","phones":"","fax":"","email":"","url":"","countryIso2":"HT","countryName":"Haiti","hotelRating":"3","latitude":"18.5622","longitude":"-72.2594","state_id":null,"state_name":null,"country_id":null},{"active":false,"Giataid":"894695","cityId":null,"cityName":"P?tionville","hotelId":20318716,"hotelName":"Ibo Resort","address":"Route Ibo Lele 19,Montagne Noire,Petionville,Port-au-Prince,Haiti","phones":"","fax":"","email":"","url":"","countryIso2":"HT","countryName":"Haiti","hotelRating":"0","latitude":"18.5143","longitude":"-72.2814","state_id":null,"state_name":null,"country_id":null},{"active":false,"Giataid":"594894","cityId":55121,"cityName":"Les Cayes","hotelId":20318717,"hotelName":"Hotel de la Decouvert","address":"Route de L Aeroport,Bourjolly,8110 Les Cayes,Haiti","phones":"","fax":"","email":"","url":"","countryIso2":"HT","countryName":"Haiti","hotelRating":"3","latitude":"18.2044","longitude":"-73.7537","state_id":4122,"state_name":"Sud","country_id":95},{"active":false,"Giataid":"887757","cityId":55121,"cityName":"Les Cayes","hotelId":20318720,"hotelName":"Hotel Le Meridien","address":"Route Nationale 2,Charpentier,8110 Les Cayes,Haiti","phones":"","fax":"","email":"","url":"","countryIso2":"HT","countryName":"Haiti","hotelRating":"0","latitude":"18.2046","longitude":"-73.7657","state_id":4122,"state_name":"Sud","country_id":95},{"active":false,"Giataid":"874324","cityId":55146,"cityName":"Port-au-Prince","hotelId":20318721,"hotelName":"Milien Continental","address":"Santo 14,6311 Port Au Prince,Ouest,Haiti","phones":"","fax":"","email":"","url":"","countryIso2":"HT","countryName":"Haiti","hotelRating":"0","latitude":"18.5359","longitude":"-72.2989","state_id":4120,"state_name":"Ouest","country_id":95},{"active":false,"Giataid":"696448","cityId":55121,"cityName":"Les Cayes","hotelId":20318724,"hotelName":"Auber Cayes Guest House","address":"Faugasse 78,Route National Haiti,8110 Les Cayes,Haiti","phones":"","fax":"","email":"","url":"http://www.aubercayes.com","countryIso2":"HT","countryName":"Haiti","hotelRating":"2","latitude":"18.2046","longitude":"-73.7657","state_id":4122,"state_name":"Sud","country_id":95},{"active":false,"Giataid":"862422","cityId":55109,"cityName":"Jacmel","hotelId":20318727,"hotelName":"Maxanika","address":"Cap Marechaux,9130 Jacmel,Haiti","phones":"","fax":"","email":"","url":"","countryIso2":"HT","countryName":"Haiti","hotelRating":"0","latitude":"18.2317","longitude":"-72.5096","state_id":4124,"state_name":"Sud-Est","country_id":95},{"active":false,"Giataid":"883153","cityId":55109,"cityName":"Jacmel","hotelId":20318730,"hotelName":"L'auberge Du Vieux Port","address":"Rue Du Commerce 24,9110 Jacmel,Haiti","phones":"","fax":"","email":"","url":"http://lauberge-du-vieux-port-jacmel-haiti.business.site","countryIso2":"HT","countryName":"Haiti","hotelRating":"0","latitude":"18.2317","longitude":"-72.5096","state_id":4124,"state_name":"Sud-Est","country_id":95},{"active":false,"Giataid":"868546","cityId":55146,"cityName":"Port-au-Prince","hotelId":20318731,"hotelName":"Carl's corner","address":"49 Rue Dufort Bois Verna,6114 Port-au-Prince,Haiti","phones":"","fax":"","email":"","url":"","countryIso2":"HT","countryName":"Haiti","hotelRating":"0","latitude":"18.5359","longitude":"-72.2989","state_id":4120,"state_name":"Ouest","country_id":95},{"active":false,"Giataid":"696442","cityId":55121,"cityName":"Les Cayes","hotelId":20318735,"hotelName":"Villa Orphee","address":"Place De La Concorde 6,Longuefosse,Bergeau,8110 Les Cayes,Sud,Haiti","phones":"","fax":"","email":"","url":"","countryIso2":"HT","countryName":"Haiti","hotelRating":"2","latitude":"18.2202","longitude":"-73.7455","state_id":4122,"state_name":"Sud","country_id":95},{"active":false,"Giataid":"874315","cityId":null,"cityName":"Tabarre","hotelId":20318742,"hotelName":"Best Time Hotel","address":"Tabarre 52,Entre Vyvy Mitchel 1,Tabarre,Haiti","phones":"","fax":"","email":"besttimehotel@gmail.com","url":"http://www.hotelbesttime.com","countryIso2":"HT","countryName":"Haiti","hotelRating":"0","latitude":"18.5622","longitude":"-72.2594","state_id":null,"state_name":null,"country_id":null},{"active":false,"Giataid":"730238","cityId":null,"cityName":"Tabarre","hotelId":20318745,"hotelName":"Marcie Guesthouse hotel and restaurant","address":"Route de Tabarre,Clercine 12 Prolonge 44,Tabarre,Haiti","phones":"","fax":"","email":"","url":"","countryIso2":"HT","countryName":"Haiti","hotelRating":"2","latitude":"18.5622","longitude":"-72.2594","state_id":null,"state_name":null,"country_id":null},{"active":false,"Giataid":"903804","cityId":55109,"cityName":"Jacmel","hotelId":20318746,"hotelName":"Manoir Adriana Hotel","address":"Rue D'Orl?ans 16,9110 Jacmel,Sud-Est Department,Haiti","phones":"","fax":"","email":"","url":"","countryIso2":"HT","countryName":"Haiti","hotelRating":"0","latitude":"18.2317","longitude":"-72.5096","state_id":4124,"state_name":"Sud-Est","country_id":95},{"active":false,"Giataid":"870692","cityId":55146,"cityName":"Port-au-Prince","hotelId":20318747,"hotelName":"Mi Casa","address":"Rue Loremere Denis,6121 Port Au Prince,Haiti","phones":"","fax":"","email":"","url":"","countryIso2":"HT","countryName":"Haiti","hotelRating":"0","latitude":"18.5359","longitude":"-72.2989","state_id":4120,"state_name":"Ouest","country_id":95},{"active":false,"Giataid":"903798","cityId":55121,"cityName":"Les Cayes","hotelId":20318755,"hotelName":"Regi Hotel & Bar","address":"2 Extension,8122 Les Cayes,Sud,Haiti","phones":"","fax":"","email":"","url":"","countryIso2":"HT","countryName":"Haiti","hotelRating":"0","latitude":"18.2046","longitude":"-73.7657","state_id":4122,"state_name":"Sud","country_id":95},{"active":false,"Giataid":"696247","cityId":55121,"cityName":"Les Cayes","hotelId":20318750,"hotelName":"Chateau Champvert","address":"Rue Poteau 8,Torbeck,8110 Les Cayes,Sud,Haiti","phones":"","fax":"","email":"","url":"http://www.chateauchampverthotel.com/","countryIso2":"HT","countryName":"Haiti","hotelRating":"3","latitude":"18.2046","longitude":"-73.7657","state_id":4122,"state_name":"Sud","country_id":95},{"active":false,"Giataid":"888790","cityId":null,"cityName":"Cap-Ha?tien","hotelId":20318754,"hotelName":"Le Grand Hotel Beck","address":"Bel-Air,Cap-Haitien,Haiti","phones":"","fax":"","email":"reservation@legrandhotelbeck.com","url":"http://www.legrandhotelbeck.com","countryIso2":"HT","countryName":"Haiti","hotelRating":"0","latitude":"19.7567","longitude":"-72.2118","state_id":null,"state_name":null,"country_id":null},{"active":false,"Giataid":"900485","cityId":55146,"cityName":"Port-au-Prince","hotelId":20318756,"hotelName":"Nicola's Family Hotel","address":"Rue Charbonni?re Et Rue Herard 9,Delmas 33,Port Au Prince,Haiti","phones":"","fax":"","email":"","url":"","countryIso2":"HT","countryName":"Haiti","hotelRating":"0","latitude":"18.5359","longitude":"-72.2989","state_id":4120,"state_name":"Ouest","country_id":95},{"active":false,"Giataid":"981163","cityId":55130,"cityName":"Mirebalais","hotelId":20400680,"hotelName":"La Reference Hotel","address":"Route Nationale 3,5210 Mirebalais,Haiti","phones":"","fax":"","email":"","url":"","countryIso2":"HT","countryName":"Haiti","hotelRating":"1","latitude":"18.8315","longitude":"-72.0993","state_id":4125,"state_name":"Centre","country_id":95}]