[{"active":false,"Giataid":"138443","cityId":130669,"cityName":"Aden","hotelId":138443,"hotelName":"Gold Mohur Hotel & Resort","address":"Hai Althawra,P.O. Box 13040,Aden,Jemen,Yemen","phones":"+9672204010","fax":"","email":"","url":"","countryIso2":"YE","countryName":"Yemen","hotelRating":"5","latitude":"12.769","longitude":"44.9906","state_id":1242,"state_name":"'Adan Governorate","country_id":245},{"active":false,"Giataid":"386384","cityId":130669,"cityName":"Aden","hotelId":386384,"hotelName":"Ma'alla Plaza Suites - Trade Center","address":"","phones":"","fax":"","email":"","url":"","countryIso2":"YE","countryName":"Yemen","hotelRating":"1","latitude":"12.7927","longitude":"45.0244","state_id":1242,"state_name":"'Adan Governorate","country_id":245},{"active":false,"Giataid":"247509","cityId":130669,"cityName":"Aden","hotelId":20003749,"hotelName":"Coral Hotel Aden","address":"Khormaksar,Aden,Yemen,Yemen","phones":"+9672272072","fax":"+9672236553","email":"sales@coral-aden.com","url":"http://www.coral-international.com/1026-1000-index.html","countryIso2":"YE","countryName":"Yemen","hotelRating":"5","latitude":"12.8071","longitude":"45.0279","state_id":1242,"state_name":"'Adan Governorate","country_id":245},{"active":false,"Giataid":"871772","cityId":130669,"cityName":"Aden","hotelId":20387751,"hotelName":"Crater Palace Hotel","address":"Arwa Street,Aden,Yemen","phones":"","fax":"","email":"","url":"","countryIso2":"YE","countryName":"Yemen","hotelRating":"0","latitude":"12.7843","longitude":"45.0281","state_id":1242,"state_name":"'Adan Governorate","country_id":245}]