[{"active":false,"Giataid":"138307","cityId":null,"cityName":"Sana'a","hotelId":138307,"hotelName":"Movenpick Sanaa","address":"Berlin Street,PO Box 5111,Dahr Hymyar District,Sanaa,Gouvernement ad-Dali',Yemen,Yemen","phones":"+9671546666","fax":"","email":"","url":"","countryIso2":"YE","countryName":"Yemen","hotelRating":"5","latitude":"15.3621","longitude":"44.2323","state_id":null,"state_name":null,"country_id":null},{"active":false,"Giataid":"423456","cityId":null,"cityName":"Sana'a","hotelId":20003195,"hotelName":"Burj Al Salam","address":"Sanafalsea,PO Box 2898,Sanaa,Yemen","phones":"+9671483333","fax":"+9671483330","email":"reservation@burjalsalam.com","url":"http://www.burjalsalam.com","countryIso2":"YE","countryName":"Yemen","hotelRating":"4","latitude":"15.3699","longitude":"44.1908","state_id":null,"state_name":null,"country_id":null},{"active":false,"Giataid":"907146","cityId":null,"cityName":"Sana'a","hotelId":20387752,"hotelName":"Shahran Hotel","address":"Shahran Street,Sana'a,Yemen","phones":"+9671418321","fax":"+9671418324","email":"","url":"http://www.shahranhotel.com/","countryIso2":"YE","countryName":"Yemen","hotelRating":"0","latitude":"15.3626","longitude":"44.2146","state_id":null,"state_name":null,"country_id":null}]