[{"active":false,"Giataid":"21521","cityId":39144,"cityName":"Nadi","hotelId":21521,"hotelName":"Sheraton Fiji Resort","address":"Denarau Island South,Denarau Island,P.O. Box 9081,Nadi,Western Division,Fiji","phones":"+6796750777","fax":"+6796750818","email":"sheraton.fiji@sheraton.com","url":"http://www.starwoodhotels.com/sheraton/property/overview/index.html?propertyID=485","countryIso2":"FJ","countryName":"Fiji","hotelRating":"5","latitude":"-17.7735","longitude":"177.367","state_id":1923,"state_name":"Western Division","country_id":73},{"active":false,"Giataid":"21577","cityId":39144,"cityName":"Nadi","hotelId":21577,"hotelName":"The Westin Denarau Island Resort & Spa, Fiji","address":"PO Box 9081,Nadi,Denarau Island North,Fiji","phones":"+6796750000","fax":"+6796750259","email":"westin.fiji@westin.com","url":"http://www.starwoodhotels.com/westin/property/overview/index.html?propertyID=202","countryIso2":"FJ","countryName":"Fiji","hotelRating":"5","latitude":"-17.7702","longitude":"177.37","state_id":1923,"state_name":"Western Division","country_id":73},{"active":false,"Giataid":"21914","cityId":39144,"cityName":"Nadi","hotelId":21914,"hotelName":"Doubletree Resort By Hilton Hotel Fiji - Sonaisali Island","address":"Naisali Island,Sonaisali,Viti Levu,Fiji","phones":"+6796706011","fax":"+6796706092","email":"enquiries@sonaisalibookings.com","url":"http://www.sonaisali.com","countryIso2":"FJ","countryName":"Fiji","hotelRating":"4","latitude":"-17.8307","longitude":"177.356","state_id":1923,"state_name":"Western Division","country_id":73},{"active":false,"Giataid":"23311","cityId":127790,"cityName":"Treasure Island","hotelId":23311,"hotelName":"Treasure Island Resort","address":"Treasure Island,Mamanuca Islands,Fiji","phones":"+6796660380","fax":"+6796663977","email":"treasureisland@connect.com.fj","url":"http://www.treasureisland-fiji.com/","countryIso2":"FJ","countryName":"Fiji","hotelRating":"3","latitude":"-17.6552","longitude":"177.267","state_id":1436,"state_name":"Florida","country_id":233},{"active":false,"Giataid":"27183","cityId":39144,"cityName":"Nadi","hotelId":27183,"hotelName":"Sheraton Denarau Villas","address":"Denarau Island West,P.O. Box: 9081,Nadi,Fiji","phones":"+6796750777","fax":"+6796750818","email":"sheraton.denarauvillas@sheraton.com","url":"http://www.starwoodhotels.com/sheraton/property/overview/index.html?propertyID=1158","countryIso2":"FJ","countryName":"Fiji","hotelRating":"5","latitude":"-17.7723","longitude":"177.368","state_id":1923,"state_name":"Western Division","country_id":73},{"active":false,"Giataid":"27186","cityId":39144,"cityName":"Nadi","hotelId":27186,"hotelName":"Novotel Nadi","address":"Votualevu Road,Namaka Hill,P O Box 11133,Nadi Airport,Fiji","phones":"+6796722000","fax":"+6796720324","email":"reservations@novotelnadi.com.fj","url":"http://www.novotel.com/novotel/fichehotel/de/nov/6287/fiche_hotel.shtml","countryIso2":"FJ","countryName":"Fiji","hotelRating":"4","latitude":"-17.766","longitude":"177.463","state_id":1923,"state_name":"Western Division","country_id":73},{"active":false,"Giataid":"30788","cityId":39144,"cityName":"Nadi","hotelId":30788,"hotelName":"Mercure Nadi","address":"Queens Road,Nadi Airport,Nadi,Fiji","phones":"+6796722255","fax":"+6796720187","email":"reservations@mercurenadi.com.fj","url":"http://www.accorhotels.com.au/Mercure-Nadi/default_en.aspx","countryIso2":"FJ","countryName":"Fiji","hotelRating":"3","latitude":"-17.7779","longitude":"177.432","state_id":1923,"state_name":"Western Division","country_id":73},{"active":false,"Giataid":"31754","cityId":39144,"cityName":"Nadi","hotelId":31754,"hotelName":"Tanoa International Hotel","address":"Votualevu Road,Namaka,Nadi,Fiji","phones":"+6796720277","fax":"+6796720191","email":"","url":"http://www.tanoainternational.com","countryIso2":"FJ","countryName":"Fiji","hotelRating":"4","latitude":"-17.7617","longitude":"177.465","state_id":1923,"state_name":"Western Division","country_id":73},{"active":false,"Giataid":"129432","cityId":39138,"cityName":"Labasa","hotelId":129432,"hotelName":"Grand Eastern","address":"Gibson cnr Rasawa Street,Lasaba,Fiji,Fiji","phones":"+6793306466","fax":"+6793301470","email":"","url":"http://www.hexagonfiji.com/new/grand_eastern.htm","countryIso2":"FJ","countryName":"Fiji","hotelRating":"3","latitude":"-16.4277","longitude":"179.376","state_id":1921,"state_name":"Northern Division","country_id":73},{"active":false,"Giataid":"129434","cityId":39140,"cityName":"Lautoka","hotelId":129434,"hotelName":"Tanoa Waterfront Hotel","address":"Marine Drive,P.O.Box 4653,Lautoka,Viti Levu,Fiji","phones":"+6796664777","fax":"+6796665870","email":"","url":"http://www.tanoahotels.com/Tanoa-Hotels-Group/Tanoa-Waterfront-Hotel-Fiji-Lautoka_IDL=250_IDT=309_ID=1601_.html","countryIso2":"FJ","countryName":"Fiji","hotelRating":"3","latitude":"-17.6036","longitude":"177.448","state_id":1923,"state_name":"Western Division","country_id":73},{"active":false,"Giataid":"129435","cityId":39140,"cityName":"Lautoka","hotelId":129435,"hotelName":"Anchorage Beach Resort","address":"Vuda Point,Lautoka,Fiji Islands,Fiji","phones":"+6796662099","fax":"+6796665571","email":"anchorage@connect.com.fj","url":"http://anchoragefiji.com","countryIso2":"FJ","countryName":"Fiji","hotelRating":"3","latitude":"-17.6819","longitude":"177.399","state_id":1923,"state_name":"Western Division","country_id":73},{"active":false,"Giataid":"129436","cityId":39144,"cityName":"Nadi","hotelId":129436,"hotelName":"Aquarius","address":"17 Wasawasa Road,Wailoaloa Beach,Nadi,Fiji","phones":"+6796726000","fax":"","email":"","url":"","countryIso2":"FJ","countryName":"Fiji","hotelRating":"3","latitude":"-17.7648","longitude":"177.428","state_id":1923,"state_name":"Western Division","country_id":73},{"active":false,"Giataid":"129437","cityId":39144,"cityName":"Nadi","hotelId":129437,"hotelName":"The Terraces Apartment Resort","address":"Denarau Island,Nadi Airport,Po Box 9520,Nadi,Fiji","phones":"+6796750557","fax":"","email":"sales@theterraces.com.fj","url":"http://www.theterraces.com.fj/","countryIso2":"FJ","countryName":"Fiji","hotelRating":"4","latitude":"-17.774","longitude":"177.38","state_id":1923,"state_name":"Western Division","country_id":73},{"active":false,"Giataid":"129438","cityId":39144,"cityName":"Nadi","hotelId":129438,"hotelName":"Club Fiji Resort","address":"Nadi Airport,Fiji","phones":"+6796720150","fax":"+6796702324","email":"reservations@clubfiji-resort.com","url":"http://www.clubfiji-resort.com/","countryIso2":"FJ","countryName":"Fiji","hotelRating":"3","latitude":"-17.7729","longitude":"177.412","state_id":1923,"state_name":"Western Division","country_id":73},{"active":false,"Giataid":"129439","cityId":39144,"cityName":"Nadi","hotelId":129439,"hotelName":"Grand Melanesian Hotel","address":"Namaka Lane,Main Street,679 Nadi,Fiji","phones":"+6796722438","fax":"+6793301470","email":"agentmelhotl@connect.com.fj","url":"http://www.facebook.com/pages/Grand-Melanesian-Hotel/133206970068148?sk=info","countryIso2":"FJ","countryName":"Fiji","hotelRating":"2","latitude":"-17.7617","longitude":"177.448","state_id":1923,"state_name":"Western Division","country_id":73},{"active":false,"Giataid":"129440","cityId":39144,"cityName":"Nadi","hotelId":129440,"hotelName":"Fiji Gateway","address":"PO Box 9891,Nadi Airport,Fiji","phones":"+6796734755","fax":"+6796720620","email":"","url":"http://www.rafflesgateway.com/","countryIso2":"FJ","countryName":"Fiji","hotelRating":"3","latitude":"-17.7527","longitude":"177.455","state_id":1923,"state_name":"Western Division","country_id":73},{"active":false,"Giataid":"129441","cityId":39144,"cityName":"Nadi","hotelId":129441,"hotelName":"Grand West's Villas","address":"Newtown Road,Wailoaloa Beach,Po Box 266,Nadi Bay,Fiji","phones":"+6796724833","fax":"+6796725015","email":"","url":"http://book.bestwestern.com/bestwestern/FJ/Nadi-hotels/BEST-WESTERN-Grand-West-s-Villas/Hotel-Overview.do?propertyCode=82002","countryIso2":"FJ","countryName":"Fiji","hotelRating":"3","latitude":"-17.7701","longitude":"177.427","state_id":1923,"state_name":"Western Division","country_id":73},{"active":false,"Giataid":"129443","cityId":39144,"cityName":"Nadi","hotelId":129443,"hotelName":"Smugglers Cove","address":"Wailoaloa Beach Road,Wailoaloa Beach,Nadi,Fiji","phones":"+6796726578","fax":"+6796728740","email":"reservations@smugglerscove.com.fj","url":"http://www.smugglersbeachfiji.com/home_page.htm/1","countryIso2":"FJ","countryName":"Fiji","hotelRating":"3","latitude":"-17.7653","longitude":"177.427","state_id":1923,"state_name":"Western Division","country_id":73},{"active":false,"Giataid":"129444","cityId":39144,"cityName":"Nadi","hotelId":129444,"hotelName":"Nadi Bay Resort","address":"Wailoaloa Beach Road,Private Mail Bag NAP 0359,Nadi Airport,Fiji","phones":"+6796723599","fax":"+6796720092","email":"nadibay@connect.com.fj","url":"http://www.fijinadibayhotel.com/index.php?option=com_contact&amp;Itemid=106","countryIso2":"FJ","countryName":"Fiji","hotelRating":"3","latitude":"-17.7803","longitude":"177.429","state_id":1923,"state_name":"Western Division","country_id":73},{"active":false,"Giataid":"129454","cityId":39151,"cityName":"Suva","hotelId":129454,"hotelName":"Capricorn","address":"7 Saint Fort Street,P.O.Box 1261,Suva,Fiji","phones":"+6793303732","fax":"+6793303069","email":"capricornsuva@connect.com.fj","url":"http://www.capricornfiji.com/capricornsuva/suva-home.htm","countryIso2":"FJ","countryName":"Fiji","hotelRating":"2","latitude":"-18.1362","longitude":"178.428","state_id":1929,"state_name":"Central Division","country_id":73},{"active":false,"Giataid":"129455","cityId":39151,"cityName":"Suva","hotelId":129455,"hotelName":"Suva Motor Inn","address":"Corner of Gorrie and Mitchell Street,Suva,Viti Levu,Fiji","phones":"+6796724274","fax":"+6793300381","email":"","url":"http://book.bestwestern.com/bestwestern/productInfo.do?iata=&amp;promoCode=&amp;corpID=&amp;propertyCode=82001","countryIso2":"FJ","countryName":"Fiji","hotelRating":"3","latitude":"-18.1461","longitude":"178.427","state_id":1929,"state_name":"Central Division","country_id":73},{"active":false,"Giataid":"130956","cityId":39144,"cityName":"Nadi","hotelId":130956,"hotelName":"Tanoa Apartments","address":"Votualevu,Namaka,Nadi,Fiji","phones":"+6796723685","fax":"","email":"","url":"","countryIso2":"FJ","countryName":"Fiji","hotelRating":"3","latitude":"-17.7643","longitude":"177.457","state_id":1923,"state_name":"Western Division","country_id":73},{"active":false,"Giataid":"130959","cityId":39151,"cityName":"Suva","hotelId":130959,"hotelName":"Holiday Inn Suva","address":"Victoria Parade,PO BOx 1357,Suva,Viti Levu,Fiji","phones":"+6793301600","fax":"+6793300251","email":"reservations@holidayinnsuva.com.fj","url":"http://www.holidayinn.com/hotels/us/en/suva/suvvp/hoteldetail","countryIso2":"FJ","countryName":"Fiji","hotelRating":"3","latitude":"-18.1457","longitude":"178.423","state_id":1929,"state_name":"Central Division","country_id":73},{"active":false,"Giataid":"134197","cityId":39144,"cityName":"Nadi","hotelId":134197,"hotelName":"Capricorn International","address":"Queens Road,P.O.Box 9043,Martintar,Nadi,Viti Levu,Fiji","phones":"+6796720088","fax":"+6796820522","email":"capricorn@connect.com.fj","url":"http://www.capricornfiji.com/nadi/index.html","countryIso2":"FJ","countryName":"Fiji","hotelRating":"2","latitude":"-17.78","longitude":"177.431","state_id":1923,"state_name":"Western Division","country_id":73},{"active":false,"Giataid":"138504","cityId":39144,"cityName":"Nadi","hotelId":138504,"hotelName":"Hexagon International Hotel Villas & Spa","address":"Lot 1 Martintar Road,P.O.Box 10097,Nadi Airport,Nadi,Fiji Islands,Fiji","phones":"+6796720044","fax":"+6796720071","email":"","url":"http://book.bestwestern.com/bestwestern/FJ/Nadi-hotels/BEST-WESTERN-Hexagon-International-Hotel/Hotel-Overview.do?propertyCode=82003","countryIso2":"FJ","countryName":"Fiji","hotelRating":"3","latitude":"-17.779","longitude":"177.432","state_id":1923,"state_name":"Western Division","country_id":73},{"active":false,"Giataid":"214596","cityId":39151,"cityName":"Suva","hotelId":214596,"hotelName":"Novotel Suva Lami Bay","address":"Queens Road,Lami Bay,Suva,Fiji","phones":"+6793362450","fax":"+6793362455","email":"reservations@novotelsuva.com.fj","url":"http://www.novotel.com/de/hotel-6990-novotel-suva-lami-bay/index.shtml","countryIso2":"FJ","countryName":"Fiji","hotelRating":"4","latitude":"-18.1083","longitude":"178.396","state_id":1929,"state_name":"Central Division","country_id":73},{"active":false,"Giataid":"234132","cityId":39144,"cityName":"Nadi","hotelId":234132,"hotelName":"Navini Island Resort","address":"Navini Island,Nadi,Fiji Islands,Fiji","phones":"+6796662188","fax":"+67966655566","email":"reservations@navinifiji.com.fj","url":"https://www.navinifiji.com.fj/","countryIso2":"FJ","countryName":"Fiji","hotelRating":"1","latitude":"-17.7757","longitude":"177.419","state_id":1923,"state_name":"Western Division","country_id":73},{"active":false,"Giataid":"235551","cityId":39140,"cityName":"Lautoka","hotelId":235551,"hotelName":"The Fiji Orchid","address":"Saweni Beach Road,Lautoka,Nadi,Fiji","phones":"+6796640099","fax":"","email":"info@fijiorchid.com","url":"http://www.fijiorchid.com/","countryIso2":"FJ","countryName":"Fiji","hotelRating":"4","latitude":"-17.767","longitude":"177.429","state_id":1923,"state_name":"Western Division","country_id":73},{"active":false,"Giataid":"240755","cityId":39138,"cityName":"Labasa","hotelId":240755,"hotelName":"Palmlea Lodge & Bures Villas","address":"Labasa,Vanua Levu,Fiji Islands,Fiji","phones":"+6798282220","fax":"+6798283220","email":"palmleafarms@yahoo.com","url":"http://www.palmleafarms.com/","countryIso2":"FJ","countryName":"Fiji","hotelRating":"3","latitude":"-16.4307","longitude":"179.371","state_id":1921,"state_name":"Northern Division","country_id":73},{"active":false,"Giataid":"240756","cityId":39144,"cityName":"Nadi","hotelId":240756,"hotelName":"Tadrai Island Resort","address":"PO Box 2544,Nadi,Fiji Islands,Fiji","phones":"+6799103333","fax":"+6796706092","email":"sales@tadrai.com","url":"http://www.tadrai.com/","countryIso2":"FJ","countryName":"Fiji","hotelRating":"5","latitude":"-17.6745","longitude":"177.113","state_id":1923,"state_name":"Western Division","country_id":73},{"active":false,"Giataid":"240757","cityId":39144,"cityName":"Nadi","hotelId":240757,"hotelName":"Beachside Resort","address":"Nadi,Viti Levu,Fiji,Fiji","phones":"+6799993840","fax":"+6796703688","email":"beachsideresort@connect.com.fj","url":"http://www.beachsideresortfiji.com/","countryIso2":"FJ","countryName":"Fiji","hotelRating":"3","latitude":"-17.7719","longitude":"177.415","state_id":1923,"state_name":"Western Division","country_id":73},{"active":false,"Giataid":"240758","cityId":39144,"cityName":"Nadi","hotelId":240758,"hotelName":"Jetset Accommodation","address":"Palm Road,P.O. Box 10362,New Town,Wailoaloa,Nadi,Viti Levu,Fiji","phones":"+6796728750","fax":"+6796728751","email":"","url":"http://www.jetsetaccommodation.com/","countryIso2":"FJ","countryName":"Fiji","hotelRating":"3","latitude":"-17.767","longitude":"177.429","state_id":1923,"state_name":"Western Division","country_id":73},{"active":false,"Giataid":"240759","cityId":39144,"cityName":"Nadi","hotelId":240759,"hotelName":"Nadi Downtown & Backpackers","address":"Main Street,Nadi Town,Viti Levu,Fiji","phones":"+6796700600","fax":"+6796701541","email":"pacvalley@connect.com.fj","url":"http://www.fijidowntownhotel.com/","countryIso2":"FJ","countryName":"Fiji","hotelRating":"2","latitude":"-17.8058","longitude":"177.415","state_id":1923,"state_name":"Western Division","country_id":73},{"active":false,"Giataid":"240761","cityId":39144,"cityName":"Nadi","hotelId":240761,"hotelName":"Trans International","address":"Queens Road,Opposite Nadi International Airport,Nadi,Viti Levu,Fiji","phones":"+6796728633","fax":"+6796728673","email":"info@transinthotel.com.fj","url":"http://www.transinthotel.com.fj/","countryIso2":"FJ","countryName":"Fiji","hotelRating":"3","latitude":"-17.7547","longitude":"177.455","state_id":1923,"state_name":"Western Division","country_id":73},{"active":false,"Giataid":"240762","cityId":39144,"cityName":"Nadi","hotelId":240762,"hotelName":"Tropic of Capricorn","address":"11 Wasawasa Road,Newtown Beach,7200 Nadi,Viti Levu,Fiji","phones":"+6796726607","fax":"","email":"","url":"http://tropicofcapricornfiji.com/","countryIso2":"FJ","countryName":"Fiji","hotelRating":"2","latitude":"-17.8018","longitude":"177.416","state_id":1923,"state_name":"Western Division","country_id":73},{"active":false,"Giataid":"240764","cityId":39144,"cityName":"Nadi","hotelId":240764,"hotelName":"Wailoaloa Beach Resort","address":"Newton Roat,Wailoaloa Beach,Nadi,Viti Levu,Fiji","phones":"+6796726633","fax":"+6796727130","email":"roger@wailoaloabeachresortfiji.com","url":"http://www.wailoaloabeachresortfiji.com/","countryIso2":"FJ","countryName":"Fiji","hotelRating":"2","latitude":"-17.7715","longitude":"177.426","state_id":1923,"state_name":"Western Division","country_id":73},{"active":false,"Giataid":"240768","cityId":39151,"cityName":"Suva","hotelId":240768,"hotelName":"Studio 6 Apartments","address":"1-3 Walu Street,Suva,Viti Levu,Fiji","phones":"+6793307477","fax":"+6793307133","email":"studio6@unwired.com.fj","url":"http://www.studio6.com.fj/","countryIso2":"FJ","countryName":"Fiji","hotelRating":"3","latitude":"-18.1342","longitude":"178.431","state_id":1929,"state_name":"Central Division","country_id":73},{"active":false,"Giataid":"243065","cityId":39144,"cityName":"Nadi","hotelId":243065,"hotelName":"Sandalwood Lodge","address":"Box 9454,Nadi,Viti Levu,Fiji","phones":"+6796722044","fax":"+6796720103","email":"sandalwood@connect.com.fj","url":"http://www.sandalwoodfiji.com","countryIso2":"FJ","countryName":"Fiji","hotelRating":"1","latitude":"-17.7785","longitude":"177.434","state_id":1923,"state_name":"Western Division","country_id":73},{"active":false,"Giataid":"323305","cityId":39144,"cityName":"Nadi","hotelId":323305,"hotelName":"Newtown Beach Motel","address":"","phones":"","fax":"","email":"","url":"","countryIso2":"FJ","countryName":"Fiji","hotelRating":"1","latitude":"-17.7757","longitude":"177.419","state_id":1923,"state_name":"Western Division","country_id":73},{"active":false,"Giataid":"368952","cityId":39144,"cityName":"Nadi","hotelId":368952,"hotelName":"Hans Travel Inn","address":"Lot 2 Haji Street Martintar ","phones":"","fax":"","email":"","url":"","countryIso2":"FJ","countryName":"Fiji","hotelRating":"3","latitude":"-17.7776","longitude":"177.432","state_id":1923,"state_name":"Western Division","country_id":73},{"active":false,"Giataid":"368954","cityId":39144,"cityName":"Nadi","hotelId":368954,"hotelName":"Worldmark Fiji","address":"Narewa Road Nadi","phones":"","fax":"","email":"","url":"","countryIso2":"FJ","countryName":"Fiji","hotelRating":"3","latitude":"-17.7774","longitude":"177.368","state_id":1923,"state_name":"Western Division","country_id":73},{"active":false,"Giataid":"440808","cityId":39151,"cityName":"Suva","hotelId":440808,"hotelName":"Five Princes Hotel","address":"5 Princes Road","phones":"+6793381575","fax":"","email":"","url":"","countryIso2":"FJ","countryName":"Fiji","hotelRating":"4","latitude":"-18.1259","longitude":"178.439","state_id":1929,"state_name":"Central Division","country_id":73},{"active":false,"Giataid":"448676","cityId":39138,"cityName":"Labasa","hotelId":448676,"hotelName":"The Friendly North Inn","address":"679 Siberia Road","phones":"","fax":"","email":"","url":"","countryIso2":"FJ","countryName":"Fiji","hotelRating":"1","latitude":"-16.4349","longitude":"179.378","state_id":1921,"state_name":"Northern Division","country_id":73},{"active":false,"Giataid":"511791","cityId":39144,"cityName":"Nadi","hotelId":511791,"hotelName":"The Palms Denarau Fiji","address":"Denarau Island,Nadi,Fiji","phones":"","fax":"","email":"","url":"","countryIso2":"FJ","countryName":"Fiji","hotelRating":"3","latitude":"-17.7729","longitude":"177.38","state_id":1923,"state_name":"Western Division","country_id":73},{"active":false,"Giataid":"23311","cityId":127790,"cityName":"Treasure Island","hotelId":610470,"hotelName":"Treasure Island Resort Fiji","address":"Treasure Island,Mamanuca Islands,Fiji","phones":"+6796660380","fax":"","email":"reservations@treasure.com.fj","url":"http://www.treasureisland-fiji.com","countryIso2":"FJ","countryName":"Fiji","hotelRating":"0","latitude":"-17.6552","longitude":"177.267","state_id":1436,"state_name":"Florida","country_id":233},{"active":false,"Giataid":"631853","cityId":39144,"cityName":"Nadi","hotelId":631853,"hotelName":"Horizon Backpackers & Travel Centre","address":"","phones":"","fax":"","email":"","url":"","countryIso2":"FJ","countryName":"Fiji","hotelRating":"1","latitude":"-17.7657","longitude":"177.427","state_id":1923,"state_name":"Western Division","country_id":73},{"active":false,"Giataid":"670038","cityId":39144,"cityName":"Nadi","hotelId":670038,"hotelName":"Ramada Suites Wailoaloa Beach Fiji","address":"Wailoaloa Beach,Nadi Bay,Fiji","phones":"+6796726578","fax":"","email":"reservations@ramadafiji.com","url":"http://ramadabeachfiji.com/","countryIso2":"FJ","countryName":"Fiji","hotelRating":"4","latitude":"-17.765","longitude":"177.428","state_id":1923,"state_name":"Western Division","country_id":73},{"active":false,"Giataid":"681624","cityId":39151,"cityName":"Suva","hotelId":681624,"hotelName":"Peninsula International Hotel","address":"Corner McGregor Road,Pender Street,Suva,Fiji","phones":"+6793313711","fax":"+6793314473","email":"reservations@peninsula.com.fj","url":"http://www.peninsula.com.fj","countryIso2":"FJ","countryName":"Fiji","hotelRating":"3","latitude":"-18.1468","longitude":"178.43","state_id":1929,"state_name":"Central Division","country_id":73},{"active":false,"Giataid":"723754","cityId":39144,"cityName":"Nadi","hotelId":723754,"hotelName":"Prime Apartments","address":"Kennedy Avenue,Nadi,Fiji","phones":"+6796703009","fax":"","email":"info@primeapartments.com.fj","url":"http://www.primeapartments.com.fj/","countryIso2":"FJ","countryName":"Fiji","hotelRating":"1","latitude":"-17.7907","longitude":"177.424","state_id":1923,"state_name":"Western Division","country_id":73},{"active":false,"Giataid":"725550","cityId":39144,"cityName":"Nadi","hotelId":725550,"hotelName":"Apartments Fiji","address":"24 Votualevu Road,PO Box 11280,Nadi,Fiji","phones":"","fax":"","email":"","url":"","countryIso2":"FJ","countryName":"Fiji","hotelRating":"1","latitude":"-17.7757","longitude":"177.419","state_id":1923,"state_name":"Western Division","country_id":73},{"active":false,"Giataid":"725845","cityId":39151,"cityName":"Suva","hotelId":725845,"hotelName":"Island Accommodation Suva","address":"56 Extension Road,Suva,Fiji,Fiji","phones":"+6793316316","fax":"","email":"reservation@island.com.fj","url":"http://www.island.com.fj","countryIso2":"FJ","countryName":"Fiji","hotelRating":"1","latitude":"-18.1386","longitude":"178.426","state_id":1929,"state_name":"Central Division","country_id":73},{"active":false,"Giataid":"726374","cityId":39144,"cityName":"Nadi","hotelId":726374,"hotelName":"Island Accommodation Nadi","address":"Yadraca Circular Road,Legalega Lane,Nadi,Fiji","phones":"","fax":"","email":"","url":"","countryIso2":"FJ","countryName":"Fiji","hotelRating":"1","latitude":"-17.7563","longitude":"177.461","state_id":1923,"state_name":"Western Division","country_id":73},{"active":false,"Giataid":"742011","cityId":39140,"cityName":"Lautoka","hotelId":742011,"hotelName":"Fiji Hideaway Resort & Spa Vuda","address":"Vuda Beach,Lautoka,Fiji","phones":"+6796500177","fax":"+6796520025","email":"reservations@hideaway.com.fj","url":"http://hideawayfiji.com/vuda-resort","countryIso2":"FJ","countryName":"Fiji","hotelRating":"4","latitude":"-18.196","longitude":"177.652","state_id":1923,"state_name":"Western Division","country_id":73},{"active":false,"Giataid":"746218","cityId":39144,"cityName":"Nadi","hotelId":746218,"hotelName":"Flametree Villas","address":"Martintar Road 2,Mehortra Place,Nadi,Fiji","phones":"","fax":"","email":"","url":"","countryIso2":"FJ","countryName":"Fiji","hotelRating":"1","latitude":"-17.7757","longitude":"177.419","state_id":1923,"state_name":"Western Division","country_id":73},{"active":false,"Giataid":"746875","cityId":39144,"cityName":"Nadi","hotelId":746875,"hotelName":"Best View Apartment","address":"Transmitter Road,Malolo,Nadi,Fiji","phones":"","fax":"","email":"","url":"","countryIso2":"FJ","countryName":"Fiji","hotelRating":"1","latitude":"-17.7757","longitude":"177.419","state_id":1923,"state_name":"Western Division","country_id":73},{"active":false,"Giataid":"750865","cityId":39138,"cityName":"Labasa","hotelId":750865,"hotelName":"The Royale Lodge","address":"Naseakula Road,Labasa,Fiji","phones":"","fax":"","email":"royale.wd@gmail.com","url":"http://www.theroyale.net/lodge.html","countryIso2":"FJ","countryName":"Fiji","hotelRating":"1","latitude":"-16.4298","longitude":"179.373","state_id":1921,"state_name":"Northern Division","country_id":73},{"active":false,"Giataid":"782917","cityId":39144,"cityName":"Nadi","hotelId":782917,"hotelName":"Funworld Plaza Hotel","address":"Nadi Back Road,Nadi,Fiji","phones":"+6797385020","fax":"","email":"","url":"http://funworldplaza.website/","countryIso2":"FJ","countryName":"Fiji","hotelRating":"2","latitude":"-17.7887","longitude":"177.442","state_id":1923,"state_name":"Western Division","country_id":73},{"active":false,"Giataid":"782982","cityId":39144,"cityName":"Nadi","hotelId":782982,"hotelName":"Wailoaloa Seascape Hotel Pte Ltd","address":"6 Palm Road,Wailoaloa,Nadi,Nakavu,Fiji","phones":"","fax":"","email":"","url":"","countryIso2":"FJ","countryName":"Fiji","hotelRating":"1","latitude":"-17.7757","longitude":"177.419","state_id":1923,"state_name":"Western Division","country_id":73},{"active":false,"Giataid":"795602","cityId":39151,"cityName":"Suva","hotelId":795602,"hotelName":"Town House Apartment Hotels Suva","address":"3 Forster Street,Suva,Fiji","phones":"","fax":"","email":"","url":"","countryIso2":"FJ","countryName":"Fiji","hotelRating":"1","latitude":"-18.1386","longitude":"178.426","state_id":1929,"state_name":"Central Division","country_id":73},{"active":false,"Giataid":"850465","cityId":39144,"cityName":"Nadi","hotelId":850465,"hotelName":"J & J","address":"Meiguniyah Nadi Back Road,Lot 2,Nadi,l'?le Viti Levu,Fiji","phones":"","fax":"","email":"","url":"","countryIso2":"FJ","countryName":"Fiji","hotelRating":"1","latitude":"-17.7757","longitude":"177.419","state_id":1923,"state_name":"Western Division","country_id":73},{"active":false,"Giataid":"850471","cityId":39151,"cityName":"Suva","hotelId":850471,"hotelName":"Al's Bed & Breakfast","address":"10 Udit Narayan,Raiwaqa Behind Old Raiwaqa Market,Suva,Viti Levu,Fiji","phones":"+6798096056","fax":"","email":"alisha@alsbnb.com","url":"http://www.alsbnb.com/","countryIso2":"FJ","countryName":"Fiji","hotelRating":"1","latitude":"-18.1386","longitude":"178.426","state_id":1929,"state_name":"Central Division","country_id":73},{"active":false,"Giataid":"441618","cityId":39144,"cityName":"Nadi","hotelId":10048023,"hotelName":"Sss Manhao Hotel","address":"Lot 14 Nasau Back Road,Nadi,Fiji","phones":"+6797760880","fax":"","email":"","url":"","countryIso2":"FJ","countryName":"Fiji","hotelRating":"3","latitude":"-17.7831","longitude":"177.483","state_id":1923,"state_name":"Western Division","country_id":73},{"active":false,"Giataid":"473896","cityId":39144,"cityName":"Nadi","hotelId":10049563,"hotelName":"Wellesley Palms Hotel","address":"Fantasy Island,Nadi,Fiji","phones":"","fax":"","email":"","url":"","countryIso2":"FJ","countryName":"Fiji","hotelRating":"3","latitude":"-17.7774","longitude":"177.406","state_id":1923,"state_name":"Western Division","country_id":73},{"active":false,"Giataid":"569037","cityId":39151,"cityName":"Suva","hotelId":10055340,"hotelName":"Elixir Hotel And Serviced Apartments","address":"77 Gordon Street,00679 Suva,Fiji","phones":"+6793303288","fax":"","email":"","url":"","countryIso2":"FJ","countryName":"Fiji","hotelRating":"2","latitude":"-18.1436","longitude":"178.426","state_id":1929,"state_name":"Central Division","country_id":73},{"active":false,"Giataid":"490515","cityId":39144,"cityName":"Nadi","hotelId":10056469,"hotelName":"Travellers Beach Resort Hostel","address":"19 Wasawasa Road,Wailoaloa Beach,Nadi,Viti Levu,Fiji","phones":"","fax":"","email":"","url":"","countryIso2":"FJ","countryName":"Fiji","hotelRating":"2","latitude":"-17.7641","longitude":"177.428","state_id":1923,"state_name":"Western Division","country_id":73},{"active":false,"Giataid":"488038","cityId":39144,"cityName":"Nadi","hotelId":10056622,"hotelName":"Beach Escape Resort","address":"31 Barava Road","phones":"","fax":"","email":"","url":"","countryIso2":"FJ","countryName":"Fiji","hotelRating":"2","latitude":"-17.7653","longitude":"177.429","state_id":1923,"state_name":"Western Division","country_id":73},{"active":false,"Giataid":"449054","cityId":39151,"cityName":"Suva","hotelId":10056658,"hotelName":"Southern Cross Hotel","address":"63 Gordon Street","phones":"","fax":"","email":"","url":"","countryIso2":"FJ","countryName":"Fiji","hotelRating":"3","latitude":"-18.1428","longitude":"178.425","state_id":1929,"state_name":"Central Division","country_id":73},{"active":false,"Giataid":"245160","cityId":39151,"cityName":"Suva","hotelId":10058948,"hotelName":"De Vos On The Park","address":"YWCA Building,Ratu Sukuna Park,Suva,Fiji","phones":"+6793305005","fax":"","email":"","url":"","countryIso2":"FJ","countryName":"Fiji","hotelRating":"3","latitude":"-18.1401","longitude":"178.423","state_id":1929,"state_name":"Central Division","country_id":73},{"active":false,"Giataid":"497612","cityId":39144,"cityName":"Nadi","hotelId":10059288,"hotelName":"Bamboo Travellers","address":"33 New Town Beach,Nadi,PO Box 9713,Fiji","phones":"+6796722225","fax":"","email":"","url":"","countryIso2":"FJ","countryName":"Fiji","hotelRating":"2","latitude":"-17.7649","longitude":"177.428","state_id":1923,"state_name":"Western Division","country_id":73},{"active":false,"Giataid":"638830","cityId":39144,"cityName":"Nadi","hotelId":10060331,"hotelName":"Naisoso Island Resort Villas","address":"Sunrise Drive,Nadi,Naisoso Island Viti Levu,Fiji,Fiji","phones":"00-679-6729342","fax":"","email":"","url":"http://www.naisosoislandresortvillas.com","countryIso2":"FJ","countryName":"Fiji","hotelRating":"5","latitude":"-17.7421","longitude":"177.43","state_id":1923,"state_name":"Western Division","country_id":73},{"active":false,"Giataid":"658680","cityId":39140,"cityName":"Lautoka","hotelId":10061758,"hotelName":"Sapphire Bay Fiji","address":"Sapphire Bay,Vuda Point,Lautoka,Fiji","phones":"+6799996011","fax":"","email":"","url":"","countryIso2":"FJ","countryName":"Fiji","hotelRating":"4","latitude":"-17.6797","longitude":"177.403","state_id":1923,"state_name":"Western Division","country_id":73},{"active":false,"Giataid":"449810","cityId":39151,"cityName":"Suva","hotelId":10062390,"hotelName":"Grand Pacific Hotel","address":"584-618 Victoria Parade,P.O. Box 15014,Suva,Fiji","phones":"+6793222000","fax":"","email":"","url":"","countryIso2":"FJ","countryName":"Fiji","hotelRating":"4","latitude":"-18.1468","longitude":"178.423","state_id":1929,"state_name":"Central Division","country_id":73},{"active":false,"Giataid":"449919","cityId":39144,"cityName":"Nadi","hotelId":10062988,"hotelName":"Dulcinea Hotel Oasis","address":"1 Ragg Street,Martintar,Nadi,Fiji","phones":"+6796722044","fax":"","email":"","url":"","countryIso2":"FJ","countryName":"Fiji","hotelRating":"3","latitude":"-17.7786","longitude":"177.434","state_id":1923,"state_name":"Western Division","country_id":73},{"active":false,"Giataid":"60016","cityId":39151,"cityName":"Suva","hotelId":10063462,"hotelName":"ColO-I-Suva Rainforest Eco Resort","address":"Princes Road,opposite Police Post,Colo-i-Suva,Suva,Fiji","phones":"+6793320562","fax":"","email":"","url":"","countryIso2":"FJ","countryName":"Fiji","hotelRating":"2","latitude":"-18.0576","longitude":"178.457","state_id":1929,"state_name":"Central Division","country_id":73},{"active":false,"Giataid":"685000","cityId":39144,"cityName":"Nadi","hotelId":10064920,"hotelName":"Horizon Beach Resort","address":"Wailoaloa Beach,Nadi,Nadi Bay,Fiji","phones":"+6796722832","fax":"","email":"","url":"","countryIso2":"FJ","countryName":"Fiji","hotelRating":"2","latitude":"-17.7655","longitude":"177.428","state_id":1923,"state_name":"Western Division","country_id":73},{"active":false,"Giataid":"505425","cityId":39144,"cityName":"Nadi","hotelId":10099541,"hotelName":"Oasis Palms Hotel","address":"Wailoaloa Beach Road,Nadi,Fiji","phones":"+6797777337","fax":"NULL","email":"NULL","url":"NULL","countryIso2":"FJ","countryName":"Fiji","hotelRating":"3","latitude":"-17.7747","longitude":"177.409","state_id":1923,"state_name":"Western Division","country_id":73},{"active":false,"Giataid":"447443","cityId":39151,"cityName":"Suva","hotelId":10115170,"hotelName":"City Private Hotel","address":"58 Robertson Road,Suva,Fiji","phones":"NULL","fax":"NULL","email":"NULL","url":"NULL","countryIso2":"FJ","countryName":"Fiji","hotelRating":"2","latitude":"-18.1351","longitude":"178.428","state_id":1929,"state_name":"Central Division","country_id":73},{"active":false,"Giataid":"517768","cityId":39133,"cityName":"Ba","hotelId":20002341,"hotelName":"Vatia Beach Eco Lodge","address":"Vatia Road,Off Kings Rd,Tavua,PO Box 1929,Ba,Fiji","phones":"+6796254737","fax":"","email":"bookings@vatiabeach.com","url":"http://www.vatiabeach.com/ecolodge","countryIso2":"FJ","countryName":"Fiji","hotelRating":"2","latitude":"-17.4201","longitude":"177.752","state_id":1923,"state_name":"Western Division","country_id":73},{"active":false,"Giataid":"534322","cityId":39138,"cityName":"Labasa","hotelId":20003848,"hotelName":"Hotel Northpole","address":"9 Damanu Street,Naseakula Road,Labasa,Fiji","phones":"+6798818008","fax":"+6798818010","email":"resv@northpole.com.fj","url":"http://www.northpole.com.fj","countryIso2":"FJ","countryName":"Fiji","hotelRating":"3","latitude":"-16.4298","longitude":"179.373","state_id":1921,"state_name":"Northern Division","country_id":73},{"active":false,"Giataid":"301309","cityId":39133,"cityName":"Ba","hotelId":20004018,"hotelName":"Navala Lodges","address":"Kings Road,Ba,Fidschi,Fiji","phones":"","fax":"","email":"","url":"","countryIso2":"FJ","countryName":"Fiji","hotelRating":"0","latitude":"-17.5309","longitude":"177.672","state_id":1923,"state_name":"Western Division","country_id":73},{"active":false,"Giataid":"488409","cityId":39144,"cityName":"Nadi","hotelId":20004801,"hotelName":"Resort Relax Fiji","address":"Sonaisali Road,Nadi,Fiji","phones":"+6799999847","fax":"","email":"res@resortrelaxfiji.com.fj","url":"https://de.hotels.com/ho548142/resort-relax-fiji-nadi-fidschi/","countryIso2":"FJ","countryName":"Fiji","hotelRating":"3","latitude":"-17.828","longitude":"177.363","state_id":1923,"state_name":"Western Division","country_id":73},{"active":false,"Giataid":"550827","cityId":39144,"cityName":"Nadi","hotelId":20004925,"hotelName":"Bayview Cove Health Resort","address":"Coconut Road,Sonaisali,Nadi,Fiji","phones":"","fax":"","email":"","url":"","countryIso2":"FJ","countryName":"Fiji","hotelRating":"3","latitude":"-17.8263","longitude":"177.364","state_id":1923,"state_name":"Western Division","country_id":73},{"active":false,"Giataid":"611075","cityId":39144,"cityName":"Nadi","hotelId":20005271,"hotelName":"Hibiscus Residences Fiji","address":"Lot 25 Normas Place, Enamanu Road,Martintar,Nadi,Fiji","phones":"","fax":"","email":"","url":"","countryIso2":"FJ","countryName":"Fiji","hotelRating":"3","latitude":"-17.7883","longitude":"177.427","state_id":1923,"state_name":"Western Division","country_id":73},{"active":false,"Giataid":"509709","cityId":39144,"cityName":"Nadi","hotelId":20005397,"hotelName":"Stoney Creek Resort Hostel","address":"Queens Highway Sabeto Road,PO Box 143,Sabeto,Nadi,Fiji","phones":"+6797464669","fax":"","email":"stay@stoneycreekfiji.net","url":"http://www.stoneycreekfiji.net","countryIso2":"FJ","countryName":"Fiji","hotelRating":"2","latitude":"-17.7219","longitude":"177.503","state_id":1923,"state_name":"Western Division","country_id":73},{"active":false,"Giataid":"243064","cityId":39144,"cityName":"Nadi","hotelId":20005572,"hotelName":"Feejee Experience","address":"P.O.Box 9612,Nadi Airport,Viti Levu,Fiji","phones":"+67967225950","fax":"","email":"enquiries@feejeeexperience.com","url":"http://www.feejeeexperience.com/","countryIso2":"FJ","countryName":"Fiji","hotelRating":"0","latitude":"-17.8","longitude":"177.417","state_id":1923,"state_name":"Western Division","country_id":73},{"active":false,"Giataid":"511193","cityId":39144,"cityName":"Nadi","hotelId":20005723,"hotelName":"Ratsun Nadi Airport Apartment Hotel","address":"1 Queens Rd,Namaka,Nadi,Fiji","phones":"+6796727435","fax":"+6796727437","email":"reservations@ratsunhotels.com","url":"http://www.ratsunhotels.com/","countryIso2":"FJ","countryName":"Fiji","hotelRating":"4","latitude":"-17.7616","longitude":"177.454","state_id":1923,"state_name":"Western Division","country_id":73},{"active":false,"Giataid":"724269","cityId":39140,"cityName":"Lautoka","hotelId":20005883,"hotelName":"Belo Vula Resort","address":"Bekana Island,Lautoka,Fiji","phones":"+6798697932","fax":"","email":"","url":"http://www.belovula.com/","countryIso2":"FJ","countryName":"Fiji","hotelRating":"0","latitude":"-17.5917","longitude":"177.441","state_id":1923,"state_name":"Western Division","country_id":73},{"active":false,"Giataid":"240763","cityId":39144,"cityName":"Nadi","hotelId":20006209,"hotelName":"Villa 23","address":"Mahesh Dutt Road,Namaka,Viti Levu,Fiji","phones":"","fax":"","email":"","url":"","countryIso2":"FJ","countryName":"Fiji","hotelRating":"0","latitude":"-17.7625","longitude":"177.451","state_id":1923,"state_name":"Western Division","country_id":73},{"active":false,"Giataid":"240767","cityId":39151,"cityName":"Suva","hotelId":20006560,"hotelName":"Quest Suva","address":"Renwick Road,Suva Central,Viti Levu,Fiji","phones":"+6793319119","fax":"+6793319118","email":"stay@questsuva.com","url":"http://www.questapartments.co.nz/Accommodation/133/fiji/suva/quest_suva/welcome.aspx","countryIso2":"FJ","countryName":"Fiji","hotelRating":"4","latitude":"-18.1387","longitude":"178.425","state_id":1929,"state_name":"Central Division","country_id":73},{"active":false,"Giataid":"724268","cityId":39151,"cityName":"Suva","hotelId":20006751,"hotelName":"Dreams Homestay","address":"88 Kaunitoni Street,Suva,Fiji","phones":"","fax":"","email":"","url":"","countryIso2":"FJ","countryName":"Fiji","hotelRating":"0","latitude":"-18.1288","longitude":"178.46","state_id":1929,"state_name":"Central Division","country_id":73},{"active":false,"Giataid":"129433","cityId":39140,"cityName":"Lautoka","hotelId":20006879,"hotelName":"Bekana Garden Island Resort","address":"P.O. Box D661,Lautoka,Fidschi,Viti Levu,Fiji","phones":"","fax":"","email":"","url":"","countryIso2":"FJ","countryName":"Fiji","hotelRating":"3","latitude":"-17.5917","longitude":"177.441","state_id":1923,"state_name":"Western Division","country_id":73},{"active":false,"Giataid":"568453","cityId":39144,"cityName":"Nadi","hotelId":20007151,"hotelName":"Gate 8","address":"Westfield,Nadi Airport,Nadi,Viti Levu 679,Fiji","phones":"","fax":"","email":"","url":"","countryIso2":"FJ","countryName":"Fiji","hotelRating":"0","latitude":"-17.7586","longitude":"177.459","state_id":1923,"state_name":"Western Division","country_id":73},{"active":false,"Giataid":"674413","cityId":39144,"cityName":"Nadi","hotelId":20007341,"hotelName":"Fiji Marriott Resort Momi Bay","address":"Savusavu Road,Momi Bay,Nadi,Fiji","phones":"+6796707000","fax":"","email":"","url":"http://www.marriott.com/","countryIso2":"FJ","countryName":"Fiji","hotelRating":"5","latitude":"-17.9348","longitude":"177.261","state_id":1923,"state_name":"Western Division","country_id":73},{"active":false,"Giataid":"689996","cityId":39144,"cityName":"Nadi","hotelId":20007487,"hotelName":"A.I. Apartments","address":"Lot 3,Qalibuto Road,Legalega,Nadi,Fiji","phones":"","fax":"","email":"","url":"","countryIso2":"FJ","countryName":"Fiji","hotelRating":"0","latitude":"-17.7572","longitude":"177.466","state_id":1923,"state_name":"Western Division","country_id":73},{"active":false,"Giataid":"723969","cityId":39144,"cityName":"Nadi","hotelId":20007639,"hotelName":"Bluewater Lodge","address":"Baravi Road,Newtown,Nadi,Fiji","phones":"+6796728858","fax":"","email":"bula@travellersfiji.com","url":"http://www.bluewater-lodge-fj.book.direct/","countryIso2":"FJ","countryName":"Fiji","hotelRating":"0","latitude":"-17.7652","longitude":"177.429","state_id":1923,"state_name":"Western Division","country_id":73},{"active":false,"Giataid":"448074","cityId":39144,"cityName":"Nadi","hotelId":20009354,"hotelName":"Central Sunview Hotel","address":"14 Gray Road,Mountain View Estate,Martintar,Nadi,Fiji","phones":"","fax":"","email":"","url":"","countryIso2":"FJ","countryName":"Fiji","hotelRating":"2","latitude":"-17.7765","longitude":"177.436","state_id":1923,"state_name":"Western Division","country_id":73},{"active":false,"Giataid":"461876","cityId":39144,"cityName":"Nadi","hotelId":20011501,"hotelName":"Galaxy Hotel","address":"184 Queens Road,Nadi,Fiji Islands,Fiji","phones":"+6796702400","fax":"","email":"reception@galaxyhotelfj.com","url":"http://www.galaxyhotelfj.com","countryIso2":"FJ","countryName":"Fiji","hotelRating":"0","latitude":"-17.7939","longitude":"177.422","state_id":1923,"state_name":"Western Division","country_id":73},{"active":false,"Giataid":"594468","cityId":39144,"cityName":"Nadi","hotelId":20011622,"hotelName":"Al-Minhaj Apartments","address":"Lot 6 Vunisalato Road,P.O.Box 742,Nadi,Fiji","phones":"+6796727605","fax":"","email":"enquiries@alminhajapartments.com","url":"http://www.alminhajapartments.com/","countryIso2":"FJ","countryName":"Fiji","hotelRating":"3","latitude":"-17.7641","longitude":"177.446","state_id":1923,"state_name":"Western Division","country_id":73},{"active":false,"Giataid":"724267","cityId":39144,"cityName":"Nadi","hotelId":20011839,"hotelName":"Bua Bed & Breakfast","address":"40 Wasawasa Road,PO Box 7,Nadi,Fiji","phones":"","fax":"","email":"","url":"","countryIso2":"FJ","countryName":"Fiji","hotelRating":"0","latitude":"-17.7661","longitude":"177.428","state_id":1923,"state_name":"Western Division","country_id":73},{"active":false,"Giataid":"937732","cityId":39144,"cityName":"Nadi","hotelId":20300046,"hotelName":"Westfield Homestay Fiji","address":"Lot 6 Eloto Road,Westfield,Nadi,Fiji","phones":"","fax":"","email":"","url":"","countryIso2":"FJ","countryName":"Fiji","hotelRating":"0","latitude":"-17.755","longitude":"177.459","state_id":1923,"state_name":"Western Division","country_id":73},{"active":false,"Giataid":"941800","cityId":39151,"cityName":"Suva","hotelId":20300047,"hotelName":"Colonial Lodge","address":"19 Anand Street,Off Robertson Road,Suva,Viti Levu,Fiji","phones":"","fax":"","email":"","url":"","countryIso2":"FJ","countryName":"Fiji","hotelRating":"0","latitude":"-18.1386","longitude":"178.426","state_id":1929,"state_name":"Central Division","country_id":73},{"active":false,"Giataid":"937672","cityId":39140,"cityName":"Lautoka","hotelId":20300048,"hotelName":"Mt Batimalu Lodge","address":"Abaca Village,Lautoka,Fiji","phones":"","fax":"","email":"","url":"","countryIso2":"FJ","countryName":"Fiji","hotelRating":"0","latitude":"-17.6672","longitude":"177.427","state_id":1923,"state_name":"Western Division","country_id":73},{"active":false,"Giataid":"941736","cityId":39144,"cityName":"Nadi","hotelId":20300050,"hotelName":"Nadi Airport Transit Hotel","address":"Queens Road Lot 4,Nadi International Airport,Nadi,Viti Levu,Fiji","phones":"","fax":"","email":"","url":"","countryIso2":"FJ","countryName":"Fiji","hotelRating":"0","latitude":"-17.7742","longitude":"177.426","state_id":1923,"state_name":"Western Division","country_id":73},{"active":false,"Giataid":"895947","cityId":39138,"cityName":"Labasa","hotelId":20300052,"hotelName":"Galaxy Hotel & Apartments","address":"Nasekula Road,Labasa,Fiji","phones":"","fax":"","email":"","url":"","countryIso2":"FJ","countryName":"Fiji","hotelRating":"0","latitude":"-16.4298","longitude":"179.373","state_id":1921,"state_name":"Northern Division","country_id":73},{"active":false,"Giataid":"937673","cityId":39140,"cityName":"Lautoka","hotelId":20300055,"hotelName":"Nase Lodge","address":"Abaca Village,Lautoka,Fiji","phones":"","fax":"","email":"","url":"http://www.agoda.com/en-in/nase-lodge/hotel/lautoka-fj.html?cid=-145","countryIso2":"FJ","countryName":"Fiji","hotelRating":"0","latitude":"-17.6672","longitude":"177.427","state_id":1923,"state_name":"Western Division","country_id":73},{"active":false,"Giataid":"860855","cityId":39144,"cityName":"Nadi","hotelId":20300056,"hotelName":"Nadi Airport Apartments","address":"Yadrava Road,Westfield,Nadi,Fiji","phones":"","fax":"","email":"","url":"","countryIso2":"FJ","countryName":"Fiji","hotelRating":"0","latitude":"-17.7742","longitude":"177.426","state_id":1923,"state_name":"Western Division","country_id":73},{"active":false,"Giataid":"903017","cityId":39138,"cityName":"Labasa","hotelId":20300058,"hotelName":"Hotel Takia","address":"10 Nasekula Road,Labasa,Fiji","phones":"","fax":"","email":"hoteltakia@connect.com.fj","url":"http://www.hoteltakia.com","countryIso2":"FJ","countryName":"Fiji","hotelRating":"0","latitude":"-16.4298","longitude":"179.373","state_id":1921,"state_name":"Northern Division","country_id":73},{"active":false,"Giataid":"893690","cityId":39144,"cityName":"Nadi","hotelId":20300061,"hotelName":"Airport Ace Hotel","address":"Lot 34 Legalega,Westfield Sub Divison,Nadi,Fiji","phones":"","fax":"","email":"","url":"","countryIso2":"FJ","countryName":"Fiji","hotelRating":"0","latitude":"-17.7742","longitude":"177.426","state_id":1923,"state_name":"Western Division","country_id":73},{"active":false,"Giataid":"914024","cityId":39151,"cityName":"Suva","hotelId":20300063,"hotelName":"Pisces Hostel","address":"95-97 Gordon Street,Suva,Fiji","phones":"","fax":"","email":"","url":"","countryIso2":"FJ","countryName":"Fiji","hotelRating":"0","latitude":"-18.1386","longitude":"178.426","state_id":1929,"state_name":"Central Division","country_id":73},{"active":false,"Giataid":"866325","cityId":39144,"cityName":"Nadi","hotelId":20300066,"hotelName":"Hibiscus Tabua Villas","address":"231 Martintar Road,Level 3,Aliz Centre,Nadi,Fiji","phones":"","fax":"","email":"","url":"","countryIso2":"FJ","countryName":"Fiji","hotelRating":"0","latitude":"-17.7742","longitude":"177.433","state_id":1923,"state_name":"Western Division","country_id":73},{"active":false,"Giataid":"877780","cityId":39151,"cityName":"Suva","hotelId":20300068,"hotelName":"Tagimoucia House Hotel","address":"11-12 Tagimoucia Place,Laucala Beach Estate,Suva,Nasinu,Fiji","phones":"+6793392244","fax":"","email":"reservation@tagimoucia.com.fj","url":"http://www.tagimoucia.com.fj","countryIso2":"FJ","countryName":"Fiji","hotelRating":"0","latitude":"-18.1386","longitude":"178.426","state_id":1929,"state_name":"Central Division","country_id":73},{"active":false,"Giataid":"941676","cityId":39140,"cityName":"Lautoka","hotelId":20300070,"hotelName":"Wayalailai Resort","address":"PO Box 6353,Lautoka,Yasawa Islands,Fiji","phones":"+6798361608","fax":"","email":"wayalailai@connect.com.fj","url":"http://www.wayalailairesort.com/","countryIso2":"FJ","countryName":"Fiji","hotelRating":"0","latitude":"-17.6672","longitude":"177.427","state_id":1923,"state_name":"Western Division","country_id":73},{"active":false,"Giataid":"865184","cityId":39144,"cityName":"Nadi","hotelId":20300071,"hotelName":"Premiere Apartments","address":"21 Normas Place,Martintar,Nadi,Fiji","phones":"","fax":"","email":"info@premierefiji.com","url":"http://premiere-apartments.com","countryIso2":"FJ","countryName":"Fiji","hotelRating":"0","latitude":"-17.7888","longitude":"177.426","state_id":1923,"state_name":"Western Division","country_id":73},{"active":false,"Giataid":"871697","cityId":39151,"cityName":"Suva","hotelId":20300073,"hotelName":"Berjaya","address":"Corner Malcolm And Gordon Street,Suva,Fiji","phones":"","fax":"","email":"","url":"","countryIso2":"FJ","countryName":"Fiji","hotelRating":"0","latitude":"-18.1386","longitude":"178.426","state_id":1929,"state_name":"Central Division","country_id":73},{"active":false,"Giataid":"937677","cityId":39138,"cityName":"Labasa","hotelId":20300075,"hotelName":"Hotel Northwinds","address":"24 Naseakula Road,Main Street,P.O.Box 7,Labasa,Fiji","phones":"","fax":"","email":"","url":"https://www.tripadvisor.in/Hotel_Review-g297564-d6816704","countryIso2":"FJ","countryName":"Fiji","hotelRating":"0","latitude":"-16.4298","longitude":"179.373","state_id":1921,"state_name":"Northern Division","country_id":73},{"active":false,"Giataid":"919519","cityId":39151,"cityName":"Suva","hotelId":20300083,"hotelName":"Datang Nantai Home Apartment Hotel","address":"Lot 37 Huon Street,Toorak,Suva,Fiji","phones":"","fax":"","email":"","url":"","countryIso2":"FJ","countryName":"Fiji","hotelRating":"0","latitude":"-18.1386","longitude":"178.426","state_id":1929,"state_name":"Central Division","country_id":73},{"active":false,"Giataid":"903280","cityId":39144,"cityName":"Nadi","hotelId":20300081,"hotelName":"Nalagi Hotel","address":"Lot 20 Queens Road,Nadi,Fiji","phones":"+6796708888","fax":"","email":"reservations@nalagi-hotel.com","url":"http://www.nalagi-hotel.com/","countryIso2":"FJ","countryName":"Fiji","hotelRating":"0","latitude":"-17.7742","longitude":"177.426","state_id":1923,"state_name":"Western Division","country_id":73},{"active":false,"Giataid":"919491","cityId":39144,"cityName":"Nadi","hotelId":20300085,"hotelName":"JFK Hotel","address":"Vunavau Road,Nadi,Fiji","phones":"+6796700541","fax":"","email":"","url":"http://jfk-hotel.business.site/","countryIso2":"FJ","countryName":"Fiji","hotelRating":"0","latitude":"-17.7742","longitude":"177.426","state_id":1923,"state_name":"Western Division","country_id":73},{"active":false,"Giataid":"941777","cityId":39151,"cityName":"Suva","hotelId":20300087,"hotelName":"Victoria Palms Hotel","address":"4-6 Herbert Place,Off Knolly Street,Suva,Fiji","phones":"+6793311025","fax":"","email":"victoriapalmshotel@gmail.com","url":"http://www.victoriapalmshotelsuvafiji.com/","countryIso2":"FJ","countryName":"Fiji","hotelRating":"0","latitude":"-18.1386","longitude":"178.426","state_id":1929,"state_name":"Central Division","country_id":73},{"active":false,"Giataid":"979684","cityId":39138,"cityName":"Labasa","hotelId":20398240,"hotelName":"Labasa Waterfront Hotel","address":"Nadawa Street,Labasa,Fiji","phones":"","fax":"","email":"","url":"","countryIso2":"FJ","countryName":"Fiji","hotelRating":"1","latitude":"-16.4298","longitude":"179.373","state_id":1921,"state_name":"Northern Division","country_id":73},{"active":false,"Giataid":"979647","cityId":39144,"cityName":"Nadi","hotelId":20398241,"hotelName":"Blue Light Village Hotel","address":"Nadi Back Road,Nadi,Fiji","phones":"","fax":"","email":"","url":"","countryIso2":"FJ","countryName":"Fiji","hotelRating":"1","latitude":"-17.7753","longitude":"177.424","state_id":1923,"state_name":"Western Division","country_id":73},{"active":false,"Giataid":"962568","cityId":39144,"cityName":"Nadi","hotelId":20398243,"hotelName":"Pullman Nadi Bay Resort And Spa Fiji","address":"Nadi Bay Road,Wailaloa Beach,Nadi,Fiji","phones":"+6796721510","fax":"+6796721571","email":"","url":"https://www.accorhotels.com/gb/hotel-9741-pullman-nadi-bay-resort-and-spa-fiji-opening-february-2019/index.shtml","countryIso2":"FJ","countryName":"Fiji","hotelRating":"1","latitude":"-17.7753","longitude":"177.424","state_id":1923,"state_name":"Western Division","country_id":73},{"active":false,"Giataid":"984066","cityId":39144,"cityName":"Nadi","hotelId":20429833,"hotelName":"Malibu Water Front Villas","address":"Lot 3 Sonasali Road,Coconut Drive,Nadi,Western Division,Fiji","phones":"","fax":"","email":"","url":"","countryIso2":"FJ","countryName":"Fiji","hotelRating":"1","latitude":"-17.7753","longitude":"177.424","state_id":1923,"state_name":"Western Division","country_id":73},{"active":false,"Giataid":"999466","cityId":39151,"cityName":"Suva","hotelId":20429834,"hotelName":"Magnum Hotel","address":"Lot 36-2 Huon Steet,Toorak,Nathovu,Suva,Fiji","phones":"","fax":"","email":"","url":"","countryIso2":"FJ","countryName":"Fiji","hotelRating":"1","latitude":"-18.1386","longitude":"178.426","state_id":1929,"state_name":"Central Division","country_id":73},{"active":false,"Giataid":"999495","cityId":39144,"cityName":"Nadi","hotelId":20429835,"hotelName":"Matasawa Resort","address":"10 Wasawasa Road,Nakavu,Nadi Bay,Fiji","phones":"","fax":"","email":"","url":"","countryIso2":"FJ","countryName":"Fiji","hotelRating":"1","latitude":"-17.7753","longitude":"177.424","state_id":1923,"state_name":"Western Division","country_id":73}]