[{"active":false,"Giataid":"426980","cityId":67382,"cityName":"Toamasina","hotelId":426980,"hotelName":"Magali Residence","address":"","phones":"","fax":"","email":"","url":"","countryIso2":"MG","countryName":"Madagascar","hotelRating":"1","latitude":"-18.1349","longitude":"49.4082","state_id":2950,"state_name":"Antsiranana Province","country_id":130},{"active":false,"Giataid":"477085","cityId":67382,"cityName":"Toamasina","hotelId":477085,"hotelName":"Hotel Restaurant Restotam","address":"","phones":"","fax":"","email":"","url":"","countryIso2":"MG","countryName":"Madagascar","hotelRating":"1","latitude":"-18.1349","longitude":"49.4082","state_id":2950,"state_name":"Antsiranana Province","country_id":130},{"active":false,"Giataid":"473219","cityId":67382,"cityName":"Toamasina","hotelId":20005871,"hotelName":"Victoria Beach Hotel","address":"14/11 Ampanalana Plle Tamatave Madagascar,501 Toamasina,Madagascar","phones":"","fax":"","email":"","url":"","countryIso2":"MG","countryName":"Madagascar","hotelRating":"0","latitude":"-18.1073","longitude":"49.4004","state_id":2950,"state_name":"Antsiranana Province","country_id":130},{"active":false,"Giataid":"469120","cityId":67380,"cityName":"Mahavelona","hotelId":20012198,"hotelName":"Hotel le Lagon","address":"Foulpointe,502 Mahavelona,Toamasina,Madagascar","phones":"+261340336180","fax":"","email":"lagonfoulpointe@gmail.com","url":"http://lagonfoulpointe.com/","countryIso2":"MG","countryName":"Madagascar","hotelRating":"2","latitude":"-18.1349","longitude":"49.4082","state_id":2950,"state_name":"Antsiranana Province","country_id":130},{"active":false,"Giataid":"670290","cityId":67382,"cityName":"Toamasina","hotelId":20012598,"hotelName":"Appart' Hotel Plaisance","address":"Ambohijafy Nord,501 Tamatave,Madagascar","phones":"+261205334049","fax":"","email":"plaisance.apparthotel@yahoo.fr","url":"http://www.plaisance-tamatave.com/","countryIso2":"MG","countryName":"Madagascar","hotelRating":"3","latitude":"-18.1349","longitude":"49.4082","state_id":2950,"state_name":"Antsiranana Province","country_id":130},{"active":false,"Giataid":"640696","cityId":67382,"cityName":"Toamasina","hotelId":20014042,"hotelName":"Sharon Hotel","address":"Boulevard De La Lib?ration,501 Toamasina (Tamatave),Atsinanana,Madagascar","phones":"","fax":"","email":"","url":"","countryIso2":"MG","countryName":"Madagascar","hotelRating":"0","latitude":"-18.1514","longitude":"49.4135","state_id":2950,"state_name":"Antsiranana Province","country_id":130},{"active":false,"Giataid":"298761","cityId":67382,"cityName":"Toamasina","hotelId":20015514,"hotelName":"Neptune","address":"Boulevard Ratsimilaho,501 Toamasina,Madagascar","phones":"+261205332226","fax":"+261205332426","email":"","url":"http://www.hotel-neptune-tamatave.com/","countryIso2":"MG","countryName":"Madagascar","hotelRating":"3","latitude":"-18.1506","longitude":"49.4163","state_id":2950,"state_name":"Antsiranana Province","country_id":130},{"active":false,"Giataid":"604605","cityId":67382,"cityName":"Toamasina","hotelId":20020579,"hotelName":"La Veranda Hotel-Restaurant-Bar","address":"5 rue Lieutenant Berard,Ampasimazava BP  101,501 Toamasina,Madagascar","phones":"+261205334086","fax":"+261205334119","email":"Laveranda@moov.mg","url":"http://www.veranda-hotel-restaurant-tamatave.com/","countryIso2":"MG","countryName":"Madagascar","hotelRating":"0","latitude":"-18.1555","longitude":"49.416","state_id":2950,"state_name":"Antsiranana Province","country_id":130},{"active":false,"Giataid":"622905","cityId":67382,"cityName":"Toamasina","hotelId":20020882,"hotelName":"Hotel Joffre","address":"18 Boulevard Joffre,501 Toamasina,Madagascar","phones":"","fax":"","email":"","url":"","countryIso2":"MG","countryName":"Madagascar","hotelRating":"0","latitude":"-18.1585","longitude":"49.4163","state_id":2950,"state_name":"Antsiranana Province","country_id":130},{"active":false,"Giataid":"406335","cityId":67382,"cityName":"Toamasina","hotelId":20350619,"hotelName":"Sunny Golf","address":"Route de l'A?roport,Toamasina,Madagascar","phones":"+261202232385","fax":"+261202222447","email":"sunnygarden.rasseta@gmail.com","url":"http://www.sunnymada.com","countryIso2":"MG","countryName":"Madagascar","hotelRating":"3","latitude":"-18.1094","longitude":"49.3973","state_id":2950,"state_name":"Antsiranana Province","country_id":130},{"active":false,"Giataid":"813087","cityId":67382,"cityName":"Toamasina","hotelId":20350620,"hotelName":"Centre Lambahoany","address":"Boulevard De La Libert?,Tanamakoa,BP 133,501 Toamasina,Madagascar","phones":"","fax":"","email":"info@lambahoany.org","url":"http://www.lambahoany.org/","countryIso2":"MG","countryName":"Madagascar","hotelRating":"0","latitude":"-18.1349","longitude":"49.4082","state_id":2950,"state_name":"Antsiranana Province","country_id":130},{"active":false,"Giataid":"876858","cityId":67380,"cityName":"Mahavelona","hotelId":20350631,"hotelName":"Manda Beach Hotel","address":"B.P 208,Foulpointe,Madagascar","phones":"","fax":"","email":"mandabeach@moov.mg","url":"http://www.mandabeach-hotel.com/","countryIso2":"MG","countryName":"Madagascar","hotelRating":"1","latitude":"-17.7021","longitude":"49.5123","state_id":2950,"state_name":"Antsiranana Province","country_id":130},{"active":false,"Giataid":"881578","cityId":67382,"cityName":"Toamasina","hotelId":20350635,"hotelName":"Bush House","address":"Pangalanes Channel,Toamasina 501,Brickaville,Madagascar","phones":"","fax":"","email":"","url":"https://boogiepilgrim-madagascar.com/bush-house-pangalanes-channel-hotel/","countryIso2":"MG","countryName":"Madagascar","hotelRating":"0","latitude":"-18.1349","longitude":"49.4082","state_id":2950,"state_name":"Antsiranana Province","country_id":130},{"active":false,"Giataid":"855082","cityId":67382,"cityName":"Toamasina","hotelId":20350639,"hotelName":"The Streamliner Hotel Apartment","address":"Block F & G,Immeuble Streamliner,Tanamakoa,501 Toamasina,Madagascar","phones":"+261205336342","fax":"","email":"info@streamliner-hotel-apart.com","url":"http://www.streamliner-hotel-apart.com","countryIso2":"MG","countryName":"Madagascar","hotelRating":"4","latitude":"-18.1349","longitude":"49.4082","state_id":2950,"state_name":"Antsiranana Province","country_id":130},{"active":false,"Giataid":"881201","cityId":67380,"cityName":"Mahavelona","hotelId":20350651,"hotelName":"Le Grand Bleu","address":"Route de Tamatave,Foulpointe,Mahavelona,Madagascar","phones":"+261205722006","fax":"","email":"hotel.joffre@moov.mg","url":"http://www.grandbleu-tamatave.com","countryIso2":"MG","countryName":"Madagascar","hotelRating":"1","latitude":"-17.7021","longitude":"49.5123","state_id":2950,"state_name":"Antsiranana Province","country_id":130},{"active":false,"Giataid":"935643","cityId":67382,"cityName":"Toamasina","hotelId":20350655,"hotelName":"Centre Fialofana","address":"Parcelle 31/14,Ambohijafy,501 Toamasina,Madagascar","phones":"","fax":"","email":"","url":"","countryIso2":"MG","countryName":"Madagascar","hotelRating":"0","latitude":"-18.1349","longitude":"49.4082","state_id":2950,"state_name":"Antsiranana Province","country_id":130},{"active":false,"Giataid":"752247","cityId":67382,"cityName":"Toamasina","hotelId":20350697,"hotelName":"Hotel H1 Tamatave","address":"5 Rue Guynemer,Cite Des Douanes,501 Toamasina,Madagascar","phones":"+261205331603","fax":"","email":"hotelh1tmm@gmail.com","url":"http://www.hotelh1-madagascar.com/Hotel-Tamatave.htm","countryIso2":"MG","countryName":"Madagascar","hotelRating":"0","latitude":"-18.1537","longitude":"49.41","state_id":2950,"state_name":"Antsiranana Province","country_id":130},{"active":false,"Giataid":"801153","cityId":67382,"cityName":"Toamasina","hotelId":20350716,"hotelName":"Hotel Luciole","address":"32/31 Boulevard Joffre,19 Bis Anjoma Est-Parcelle,East Anjoma,501 Toamasina,Madagascar","phones":"","fax":"","email":"hotelluciole@gmail.com","url":"http://www.hotel-luciole.com","countryIso2":"MG","countryName":"Madagascar","hotelRating":"0","latitude":"-18.1349","longitude":"49.4082","state_id":2950,"state_name":"Antsiranana Province","country_id":130},{"active":false,"Giataid":"922933","cityId":67380,"cityName":"Mahavelona","hotelId":20350746,"hotelName":"Villa Tambatra","address":"14 Eden Vert,502 Foulpointe,Madagascar","phones":"","fax":"","email":"","url":"","countryIso2":"MG","countryName":"Madagascar","hotelRating":"1","latitude":"-17.7021","longitude":"49.5123","state_id":2950,"state_name":"Antsiranana Province","country_id":130},{"active":false,"Giataid":"922953","cityId":67380,"cityName":"Mahavelona","hotelId":20350766,"hotelName":"Au Beau Sejour","address":"Masiakandrongo,501 Foulpointe,Madagascar","phones":"","fax":"","email":"","url":"http://aubeausejour.com","countryIso2":"MG","countryName":"Madagascar","hotelRating":"1","latitude":"-17.7021","longitude":"49.5123","state_id":2950,"state_name":"Antsiranana Province","country_id":130},{"active":false,"Giataid":"1001794","cityId":67380,"cityName":"Mahavelona","hotelId":20436712,"hotelName":"La Cigale","address":"Plle N1 Masiakandrongo,502 Foulpointe,Madagascar","phones":"","fax":"","email":"","url":"","countryIso2":"MG","countryName":"Madagascar","hotelRating":"1","latitude":"-17.7021","longitude":"49.5123","state_id":2950,"state_name":"Antsiranana Province","country_id":130}]