[{"active":false,"Giataid":"38739","cityId":31013,"cityName":"Roseau","hotelId":38739,"hotelName":"The Tamarind Tree Hotel","address":"Edward Oliver Leblanc Highway,Salisbury,P.O. Box 754,Roseau 0109-8000,Dominica","phones":"+17674497395","fax":"","email":"info@tamarindtreedominica.com","url":"http://www.tamarindtreedominica.com/homeDT.html","countryIso2":"DM","countryName":"Dominica","hotelRating":"2","latitude":"15.4304","longitude":"-61.4356","state_id":4079,"state_name":"Saint George Parish","country_id":61},{"active":false,"Giataid":"48001","cityId":31013,"cityName":"Roseau","hotelId":48001,"hotelName":"Fort Young","address":"P.O. Box 519,Victoria Street,Roseau,Dominica,Dominica","phones":"+17674485000","fax":"+17674485006","email":"fortyoung@cwdom.dm","url":"http://www.fortyounghotel.com","countryIso2":"DM","countryName":"Dominica","hotelRating":"3","latitude":"15.2955","longitude":"-61.3859","state_id":4079,"state_name":"Saint George Parish","country_id":61},{"active":false,"Giataid":"149460","cityId":31013,"cityName":"Roseau","hotelId":149460,"hotelName":"Pepper's Bed & Breakfast","address":"","phones":"","fax":"","email":"","url":"","countryIso2":"DM","countryName":"Dominica","hotelRating":"3","latitude":"15.3016","longitude":"-61.3826","state_id":4079,"state_name":"Saint George Parish","country_id":61},{"active":false,"Giataid":"238216","cityId":31013,"cityName":"Roseau","hotelId":238216,"hotelName":"Rosalie Bay Resort","address":"PO Box 1854,Roseau,Rosalie,Dominica","phones":"+176744610101","fax":"+17674406764","email":"front_desk@rosaliebay.com","url":"http://www.rosaliebay.com/index.php","countryIso2":"DM","countryName":"Dominica","hotelRating":"4","latitude":"15.2993","longitude":"-61.3876","state_id":4079,"state_name":"Saint George Parish","country_id":61},{"active":false,"Giataid":"482544","cityId":31004,"cityName":"Castle Bruce","hotelId":482544,"hotelName":"Beau Rive","address":"between the villages of Castle Bruce and Sineku,Castle Bruce,Saint David,Dominica","phones":"+17674458992","fax":"","email":"mark@beaurive.com","url":"http://www.beaurive.com/","countryIso2":"DM","countryName":"Dominica","hotelRating":"4","latitude":"15.454","longitude":"-61.2508","state_id":4078,"state_name":"Saint David Parish","country_id":61},{"active":false,"Giataid":"489982","cityId":31013,"cityName":"Roseau","hotelId":489982,"hotelName":"St. James Guest House","address":"Federation Drive,Goodwill,Roseau,Dominica","phones":"","fax":"","email":"","url":"","countryIso2":"DM","countryName":"Dominica","hotelRating":"2","latitude":"15.3036","longitude":"-61.3878","state_id":4079,"state_name":"Saint George Parish","country_id":61},{"active":false,"Giataid":"492138","cityId":31013,"cityName":"Roseau","hotelId":492138,"hotelName":"Natty Tropical Valley","address":"","phones":"","fax":"","email":"","url":"","countryIso2":"DM","countryName":"Dominica","hotelRating":"1","latitude":"15.3107","longitude":"-61.3424","state_id":4079,"state_name":"Saint George Parish","country_id":61},{"active":false,"Giataid":"498600","cityId":31008,"cityName":"Marigot","hotelId":498600,"hotelName":"Serenity Lodges Dominica","address":"","phones":"+17672855739","fax":"","email":"","url":"","countryIso2":"DM","countryName":"Dominica","hotelRating":"2","latitude":"15.5057","longitude":"-61.2787","state_id":4082,"state_name":"Saint Andrew Parish","country_id":61},{"active":false,"Giataid":"500474","cityId":31003,"cityName":"Calibishie","hotelId":500474,"hotelName":"Bay View Lodges","address":"","phones":"","fax":"","email":"","url":"","countryIso2":"DM","countryName":"Dominica","hotelRating":"3","latitude":"15.5917","longitude":"-61.3426","state_id":4082,"state_name":"Saint Andrew Parish","country_id":61},{"active":false,"Giataid":"500667","cityId":31011,"cityName":"Portsmouth","hotelId":500667,"hotelName":"Lucy Inn","address":"","phones":"","fax":"","email":"","url":"","countryIso2":"DM","countryName":"Dominica","hotelRating":"2","latitude":"15.5545","longitude":"-61.4595","state_id":4076,"state_name":"Saint John Parish","country_id":61},{"active":false,"Giataid":"500692","cityId":31008,"cityName":"Marigot","hotelId":500692,"hotelName":"Coffeeriver Cottages","address":"Melville Hall,Near Douglas-Charles Airport,Marigot,Dominica","phones":"","fax":"","email":"","url":"","countryIso2":"DM","countryName":"Dominica","hotelRating":"2","latitude":"15.5318","longitude":"-61.279","state_id":4082,"state_name":"Saint Andrew Parish","country_id":61},{"active":false,"Giataid":"500756","cityId":31003,"cityName":"Calibishie","hotelId":500756,"hotelName":"The Lily Inn","address":"","phones":"","fax":"","email":"","url":"","countryIso2":"DM","countryName":"Dominica","hotelRating":"2","latitude":"15.5924","longitude":"-61.3519","state_id":4082,"state_name":"Saint Andrew Parish","country_id":61},{"active":false,"Giataid":"500917","cityId":31013,"cityName":"Roseau","hotelId":500917,"hotelName":"Diamond View Cottages","address":"","phones":"","fax":"","email":"","url":"","countryIso2":"DM","countryName":"Dominica","hotelRating":"3","latitude":"15.285","longitude":"-61.3611","state_id":4079,"state_name":"Saint George Parish","country_id":61},{"active":false,"Giataid":"501426","cityId":31013,"cityName":"Roseau","hotelId":501426,"hotelName":"Sea World Guest House","address":"Castle Comfort,Roseau,Dominica","phones":"","fax":"","email":"","url":"","countryIso2":"DM","countryName":"Dominica","hotelRating":"2","latitude":"15.3016","longitude":"-61.3826","state_id":4079,"state_name":"Saint George Parish","country_id":61},{"active":false,"Giataid":"501515","cityId":31013,"cityName":"Roseau","hotelId":501515,"hotelName":"El Dorado Dominica","address":"","phones":"","fax":"","email":"","url":"","countryIso2":"DM","countryName":"Dominica","hotelRating":"4","latitude":"15.2942","longitude":"-61.3844","state_id":4079,"state_name":"Saint George Parish","country_id":61},{"active":false,"Giataid":"509752","cityId":31013,"cityName":"Roseau","hotelId":509752,"hotelName":"Narakiel's Inn","address":"Riverside-Roseau Goodwill Link Road,Roseau,Dominica","phones":"","fax":"","email":"","url":"","countryIso2":"DM","countryName":"Dominica","hotelRating":"1","latitude":"15.3016","longitude":"-61.3826","state_id":4079,"state_name":"Saint George Parish","country_id":61},{"active":false,"Giataid":"509862","cityId":31013,"cityName":"Roseau","hotelId":509862,"hotelName":"Sutton Place Hotel","address":"","phones":"","fax":"","email":"","url":"","countryIso2":"DM","countryName":"Dominica","hotelRating":"3","latitude":"15.3016","longitude":"-61.3826","state_id":4079,"state_name":"Saint George Parish","country_id":61},{"active":false,"Giataid":"515867","cityId":31003,"cityName":"Calibishie","hotelId":515867,"hotelName":"Point Baptiste House","address":"","phones":"","fax":"","email":"","url":"","countryIso2":"DM","countryName":"Dominica","hotelRating":"1","latitude":"15.5917","longitude":"-61.3426","state_id":4082,"state_name":"Saint Andrew Parish","country_id":61},{"active":false,"Giataid":"518571","cityId":null,"cityName":"Soufri?re","hotelId":518571,"hotelName":"The Jungle Room","address":"","phones":"","fax":"","email":"","url":"","countryIso2":"DM","countryName":"Dominica","hotelRating":"1","latitude":"15.2388","longitude":"-61.3505","state_id":null,"state_name":null,"country_id":null},{"active":false,"Giataid":"615588","cityId":null,"cityName":"Pont Cass?","hotelId":615588,"hotelName":"Vena's Paradise Hotel","address":"Pond Casse,Pont Cass?,Dominica","phones":"+17674492001","fax":"","email":"venahotel@hotmail.com","url":"http://www.venasparadisehotel.com/","countryIso2":"DM","countryName":"Dominica","hotelRating":"2","latitude":"15.396","longitude":"-61.3443","state_id":null,"state_name":null,"country_id":null},{"active":false,"Giataid":"642425","cityId":114662,"cityName":"Corona","hotelId":642425,"hotelName":"D-Smart Farm","address":"Corona Estate,Corona,Dominica","phones":"","fax":"","email":"","url":"","countryIso2":"DM","countryName":"Dominica","hotelRating":"1","latitude":"15.369","longitude":"-61.3529","state_id":1416,"state_name":"California","country_id":233},{"active":false,"Giataid":"642428","cityId":null,"cityName":"Pont Cass?","hotelId":642428,"hotelName":"Birdwatchers Rainforest Cottage","address":"Sylvania,Pont Cass?,Dominica","phones":"","fax":"","email":"","url":"","countryIso2":"DM","countryName":"Dominica","hotelRating":"1","latitude":"15.3637","longitude":"-61.3527","state_id":null,"state_name":null,"country_id":null},{"active":false,"Giataid":"642429","cityId":31004,"cityName":"Castle Bruce","hotelId":642429,"hotelName":"Brian's Apartment","address":"Bay Front,Castle Bruce,Dominica","phones":"","fax":"","email":"","url":"","countryIso2":"DM","countryName":"Dominica","hotelRating":"1","latitude":"15.4374","longitude":"-61.2578","state_id":4078,"state_name":"Saint David Parish","country_id":61},{"active":false,"Giataid":"642432","cityId":null,"cityName":"Scott's Head","hotelId":642432,"hotelName":"Castille Paradise","address":"Scott's Head,Scotts Head Village,Dominica","phones":"","fax":"","email":"","url":"","countryIso2":"DM","countryName":"Dominica","hotelRating":"1","latitude":"15.2111","longitude":"-61.3642","state_id":null,"state_name":null,"country_id":null},{"active":false,"Giataid":"642433","cityId":null,"cityName":"Soufri?re","hotelId":642433,"hotelName":"Soufriere Private Room","address":"Soufriere Lane 2,Soufri?re,Dominica","phones":"","fax":"","email":"","url":"","countryIso2":"DM","countryName":"Dominica","hotelRating":"1","latitude":"15.2391","longitude":"-61.3486","state_id":null,"state_name":null,"country_id":null},{"active":false,"Giataid":"642434","cityId":31004,"cityName":"Castle Bruce","hotelId":642434,"hotelName":"Beyond Vitality Nature Camp","address":"P.O.Box 876,1 Belle Fille Road,Castle Bruce,Dominica","phones":"+17676138972","fax":"","email":"sara@beyondvitality.com","url":"http://www.beyondvitality.com/","countryIso2":"DM","countryName":"Dominica","hotelRating":"1","latitude":"15.4428","longitude":"-61.2574","state_id":4078,"state_name":"Saint David Parish","country_id":61},{"active":false,"Giataid":"642442","cityId":31003,"cityName":"Calibishie","hotelId":642442,"hotelName":"Veranda View Guest House","address":"Main Road,Calibishie,Dominica","phones":"+17674458900","fax":"","email":"reserve@lodgingdominica.com","url":"http://www.lodgingdominica.com/","countryIso2":"DM","countryName":"Dominica","hotelRating":"1","latitude":"15.5929","longitude":"-61.3516","state_id":4082,"state_name":"Saint Andrew Parish","country_id":61},{"active":false,"Giataid":"642453","cityId":31009,"cityName":"Pointe Michel","hotelId":642453,"hotelName":"Sibouly Valley","address":"Sibouly,Pointe Michel,Dominica","phones":"+17672950172","fax":"","email":"","url":"http://www.sibouly.com/#ACCUEIL.A","countryIso2":"DM","countryName":"Dominica","hotelRating":"1","latitude":"15.2585","longitude":"-61.3742","state_id":4083,"state_name":"Saint Luke Parish","country_id":61},{"active":false,"Giataid":"529128","cityId":null,"cityName":"Soufri?re","hotelId":642463,"hotelName":"La Bou Country Cottage","address":"La Bou Road 8,Soufriere,St. Mark,Dominica","phones":"+17672256324","fax":"","email":"laboucottage@gmail.com","url":"http://www.laboucountrycottage.com/","countryIso2":"DM","countryName":"Dominica","hotelRating":"1","latitude":"15.2288","longitude":"-61.3465","state_id":null,"state_name":null,"country_id":null},{"active":false,"Giataid":"642464","cityId":null,"cityName":"Scott's Head","hotelId":642464,"hotelName":"Garvin's Apartment","address":"Scott's Head,St. Mark,Scotts Head Village,Dominica","phones":"","fax":"","email":"","url":"","countryIso2":"DM","countryName":"Dominica","hotelRating":"1","latitude":"15.212","longitude":"-61.3655","state_id":null,"state_name":null,"country_id":null},{"active":false,"Giataid":"642470","cityId":null,"cityName":"Loubiere","hotelId":642470,"hotelName":"Jamarille's Comfort","address":"Leopoldville,Wallhouse,Loubiere,Dominica","phones":"+17672752746","fax":"","email":"cfontaine2112@gmail.com","url":"http://www.jamarillescomfort.com/","countryIso2":"DM","countryName":"Dominica","hotelRating":"1","latitude":"15.2708","longitude":"-61.375","state_id":null,"state_name":null,"country_id":null},{"active":false,"Giataid":"722861","cityId":31003,"cityName":"Calibishie","hotelId":722861,"hotelName":"Rainbow Beach Apartments & Rooms","address":"Main Road,Calibishie,Dominica","phones":"+17676126258","fax":"","email":"mollar65@comcast.net","url":"http://www.rainbowbeachapartments.com/","countryIso2":"DM","countryName":"Dominica","hotelRating":"1","latitude":"15.5926","longitude":"-61.3517","state_id":4082,"state_name":"Saint Andrew Parish","country_id":61},{"active":false,"Giataid":"840249","cityId":31013,"cityName":"Roseau","hotelId":840249,"hotelName":"Matthew's Miracle View","address":"Paul's Road Eggleston,Roseau,Dominica","phones":"","fax":"","email":"","url":"","countryIso2":"DM","countryName":"Dominica","hotelRating":"1","latitude":"15.3016","longitude":"-61.3826","state_id":4079,"state_name":"Saint George Parish","country_id":61},{"active":false,"Giataid":"411821","cityId":31008,"cityName":"Marigot","hotelId":10051851,"hotelName":"Hibiscus Valley Inn","address":"Hatton Garden 6,Marigot,Dominica","phones":"+17674631218039","fax":"","email":"","url":"","countryIso2":"DM","countryName":"Dominica","hotelRating":"3","latitude":"15.5057","longitude":"-61.279","state_id":4082,"state_name":"Saint Andrew Parish","country_id":61},{"active":false,"Giataid":"603421","cityId":31011,"cityName":"Portsmouth","hotelId":10055385,"hotelName":"Rejens Hotel","address":"Petite Bai,Portsmouth,Saint John Parish,Dominica","phones":"","fax":"","email":"","url":"","countryIso2":"DM","countryName":"Dominica","hotelRating":"3","latitude":"15.544","longitude":"-61.469","state_id":4076,"state_name":"Saint John Parish","country_id":61},{"active":false,"Giataid":"517838","cityId":31008,"cityName":"Marigot","hotelId":10055957,"hotelName":"Roots Jungle Retreat","address":"1 Bamboo Road,Concord,Dominica,Dominica","phones":"+17672761473","fax":"","email":"","url":"","countryIso2":"DM","countryName":"Dominica","hotelRating":"3","latitude":"15.4888","longitude":"-61.2971","state_id":4082,"state_name":"Saint Andrew Parish","country_id":61},{"active":false,"Giataid":"549496","cityId":31003,"cityName":"Calibishie","hotelId":10057387,"hotelName":"Mainroad Suite","address":"47 Main Road,Calibishie,Dominica","phones":"+17673174761","fax":"","email":"","url":"","countryIso2":"DM","countryName":"Dominica","hotelRating":"3","latitude":"15.5932","longitude":"-61.3481","state_id":4082,"state_name":"Saint Andrew Parish","country_id":61},{"active":false,"Giataid":"435846","cityId":31006,"cityName":"La Plaine","hotelId":10072384,"hotelName":"Citrus Creek Plantation","address":"Taberi,2 miles North of LaPlaine; Between Bout Sable beach and the Taberi river bridge,LaPlaine,Dominica,Dominica","phones":"+17674461234","fax":"","email":"","url":"","countryIso2":"DM","countryName":"Dominica","hotelRating":"2","latitude":"15.3435","longitude":"-61.2481","state_id":4080,"state_name":"Saint Patrick Parish","country_id":61},{"active":false,"Giataid":"506160","cityId":31003,"cityName":"Calibishie","hotelId":10093411,"hotelName":"Sunrise Garden Self Catering Apartments","address":"Romain,Calibishie,Dominica","phones":"NULL","fax":"NULL","email":"NULL","url":"NULL","countryIso2":"DM","countryName":"Dominica","hotelRating":"3","latitude":"15.5876","longitude":"-61.3384","state_id":4082,"state_name":"Saint Andrew Parish","country_id":61},{"active":false,"Giataid":"149549","cityId":31013,"cityName":"Roseau","hotelId":10106227,"hotelName":"Roseau Valley Hotel","address":"P.O.Box 1876,Copt Hall,Roseau,Dominica","phones":"+17672257038","fax":"NULL","email":"NULL","url":"NULL","countryIso2":"DM","countryName":"Dominica","hotelRating":"3","latitude":"15.3106","longitude":"-61.3602","state_id":4079,"state_name":"Saint George Parish","country_id":61},{"active":false,"Giataid":"299116","cityId":31013,"cityName":"Roseau","hotelId":10114517,"hotelName":"Castle Comfort Lodge","address":"PO Box 2253,99999 Roseau,Dominica","phones":"+17674482188","fax":"NULL","email":"NULL","url":"NULL","countryIso2":"DM","countryName":"Dominica","hotelRating":"2","latitude":"15.2851","longitude":"-61.3741","state_id":4079,"state_name":"Saint George Parish","country_id":61},{"active":false,"Giataid":"187498","cityId":31013,"cityName":"Roseau","hotelId":10118297,"hotelName":"Evergreen Hotel","address":"P.O. Box 309,Castle Comfort,Roseau,Saint George,Commonwealth Of Dominica,Dominica","phones":"+17674483288","fax":"NULL","email":"NULL","url":"NULL","countryIso2":"DM","countryName":"Dominica","hotelRating":"3","latitude":"15.2852","longitude":"-61.375","state_id":4079,"state_name":"Saint George Parish","country_id":61},{"active":false,"Giataid":"521680","cityId":31013,"cityName":"Roseau","hotelId":10118300,"hotelName":"Everton's View","address":"Madrelle","phones":"NULL","fax":"NULL","email":"NULL","url":"NULL","countryIso2":"DM","countryName":"Dominica","hotelRating":"3","latitude":"15.3016","longitude":"-61.3826","state_id":4079,"state_name":"Saint George Parish","country_id":61},{"active":false,"Giataid":"145937","cityId":31013,"cityName":"Roseau","hotelId":10119242,"hotelName":"Garraway Hotel","address":"One Dame Eugenia Charles Boulevard,P.O. Box 789,Roseau,Dominica","phones":"+17676128800","fax":"NULL","email":"NULL","url":"NULL","countryIso2":"DM","countryName":"Dominica","hotelRating":"2","latitude":"15.2964","longitude":"-61.387","state_id":4079,"state_name":"Saint George Parish","country_id":61},{"active":false,"Giataid":"497895","cityId":31013,"cityName":"Roseau","hotelId":10128240,"hotelName":"La Flamboyant Hotel","address":"22 King George V St.,Roseau,Dominica","phones":"+17674407190","fax":"NULL","email":"NULL","url":"NULL","countryIso2":"DM","countryName":"Dominica","hotelRating":"2","latitude":"15.2975","longitude":"-61.3867","state_id":4079,"state_name":"Saint George Parish","country_id":61},{"active":false,"Giataid":"642414","cityId":31013,"cityName":"Roseau","hotelId":20002486,"hotelName":"Studio Nadege","address":"Castle Comfort,Box 1771,Roseau,Dominica","phones":"","fax":"","email":"","url":"","countryIso2":"DM","countryName":"Dominica","hotelRating":"0","latitude":"15.2853","longitude":"-61.3716","state_id":4079,"state_name":"Saint George Parish","country_id":61},{"active":false,"Giataid":"642458","cityId":31013,"cityName":"Roseau","hotelId":20002733,"hotelName":"PG Apartments","address":"Belfast,Roseau,Dominica","phones":"","fax":"","email":"","url":"","countryIso2":"DM","countryName":"Dominica","hotelRating":"0","latitude":"15.3092","longitude":"-61.3794","state_id":4079,"state_name":"Saint George Parish","country_id":61},{"active":false,"Giataid":"642468","cityId":31013,"cityName":"Roseau","hotelId":20002964,"hotelName":"Joy's Apartment","address":"Glasgow,Roseau,Dominica","phones":"","fax":"","email":"","url":"","countryIso2":"DM","countryName":"Dominica","hotelRating":"0","latitude":"15.313","longitude":"-61.3864","state_id":4079,"state_name":"Saint George Parish","country_id":61},{"active":false,"Giataid":"642416","cityId":31003,"cityName":"Calibishie","hotelId":20003210,"hotelName":"Pointe Dubique Bed and Breakfast","address":"13 Dubique Ridge,Calibishie,Commonwealth Of Dominica,Dominica","phones":"+17674457453","fax":"","email":"","url":"http://www.pd-bnb.com/","countryIso2":"DM","countryName":"Dominica","hotelRating":"0","latitude":"15.5921","longitude":"-61.3356","state_id":4082,"state_name":"Saint Andrew Parish","country_id":61},{"active":false,"Giataid":"518904","cityId":31013,"cityName":"Roseau","hotelId":20003394,"hotelName":"Symes Zee Villa","address":"34 King George V Street,,Laudat 00152,Dominica,Dominica","phones":"+17674483337","fax":"","email":"SymesZee@aol.com","url":"http://www.symeszeevilla.com/location.htm","countryIso2":"DM","countryName":"Dominica","hotelRating":"0","latitude":"15.3333","longitude":"-61.3333","state_id":4079,"state_name":"Saint George Parish","country_id":61},{"active":false,"Giataid":"642419","cityId":31013,"cityName":"Roseau","hotelId":20003551,"hotelName":"Seaman?s Apartment","address":"Heliconia Drive,Roseau,Dominica","phones":"","fax":"","email":"","url":"","countryIso2":"DM","countryName":"Dominica","hotelRating":"0","latitude":"15.31","longitude":"-61.3717","state_id":4079,"state_name":"Saint George Parish","country_id":61},{"active":false,"Giataid":"48002","cityId":null,"cityName":"Coulibistrie","hotelId":20003753,"hotelName":"Sunset Bay Club Beach Hotel","address":"Batalie Beach,Post Office Coulibistrie,Dominica","phones":"+17674466522","fax":"+17674466523","email":"sunset@cwdom.dm","url":"http://www.sunsetbayclub.com","countryIso2":"DM","countryName":"Dominica","hotelRating":"3","latitude":"15.3063","longitude":"-61.3897","state_id":null,"state_name":null,"country_id":null},{"active":false,"Giataid":"48002","cityId":null,"cityName":"Batalie Beach","hotelId":20003753,"hotelName":"Sunset Bay Club Beach Hotel","address":"Batalie Beach,Post Office Coulibistrie,Dominica","phones":"+17674466522","fax":"+17674466523","email":"sunset@cwdom.dm","url":"http://www.sunsetbayclub.com","countryIso2":"DM","countryName":"Dominica","hotelRating":"3","latitude":"15.3063","longitude":"-61.3897","state_id":null,"state_name":null,"country_id":null},{"active":false,"Giataid":"642450","cityId":31013,"cityName":"Roseau","hotelId":20003959,"hotelName":"Crescent Moon Cabins","address":"PO Box 2400,Roseau,Dominica","phones":"+17674493449","fax":"","email":"jeanviv@yahoo.com","url":"http://crescentmooncabins.com/","countryIso2":"DM","countryName":"Dominica","hotelRating":"0","latitude":"15.3102","longitude":"-61.3811","state_id":4079,"state_name":"Saint George Parish","country_id":61},{"active":false,"Giataid":"723911","cityId":31013,"cityName":"Roseau","hotelId":20004157,"hotelName":"Mr. Clean Bed & Breakfast","address":"9 Federation Drive,Goodwill,Roseau,Dominica","phones":"","fax":"","email":"","url":"","countryIso2":"DM","countryName":"Dominica","hotelRating":"0","latitude":"15.3056","longitude":"-61.3808","state_id":4079,"state_name":"Saint George Parish","country_id":61},{"active":false,"Giataid":"500777","cityId":31003,"cityName":"Calibishie","hotelId":20004793,"hotelName":"The Nixon's Bay Side Mangrove Inn","address":"Bayside,Calibishie,Dominica","phones":"+17676121253","fax":"","email":"stayatthenixons@hotmail.com","url":"http://www.guesthouseindominica.com/","countryIso2":"DM","countryName":"Dominica","hotelRating":"0","latitude":"15.5944","longitude":"-61.3455","state_id":4082,"state_name":"Saint Andrew Parish","country_id":61},{"active":false,"Giataid":"642455","cityId":31013,"cityName":"Roseau","hotelId":20005295,"hotelName":"JP Apartments","address":"Jimmit St Paul,Roseau,Dominica","phones":"","fax":"","email":"","url":"","countryIso2":"DM","countryName":"Dominica","hotelRating":"0","latitude":"15.3042","longitude":"-61.3846","state_id":4079,"state_name":"Saint George Parish","country_id":61},{"active":false,"Giataid":"187510","cityId":31011,"cityName":"Portsmouth","hotelId":20005440,"hotelName":"Portsmouth Beach Hotel","address":"Picard Estate,Portsmouth,Dominica","phones":"+17674455142","fax":"+17674455599","email":"pbh@cwdom.dm","url":"http://portsmouthbeachhotel.dm/","countryIso2":"DM","countryName":"Dominica","hotelRating":"3","latitude":"15.5541","longitude":"-61.4616","state_id":4076,"state_name":"Saint John Parish","country_id":61},{"active":false,"Giataid":"724047","cityId":31013,"cityName":"Roseau","hotelId":20005826,"hotelName":"Bluemoon Cottage & Studio","address":"6556 Morne Prosper Road,Roseau,Dominica,Dominica","phones":"","fax":"","email":"","url":"http://bluemooncottagedominica.com","countryIso2":"DM","countryName":"Dominica","hotelRating":"0","latitude":"15.3016","longitude":"-61.3826","state_id":4079,"state_name":"Saint George Parish","country_id":61},{"active":false,"Giataid":"724277","cityId":31011,"cityName":"Portsmouth","hotelId":20005998,"hotelName":"Evie Cottage","address":"East Garden Road,Anse-a-Liane,Portsmouth,Dominica","phones":"","fax":"","email":"","url":"","countryIso2":"DM","countryName":"Dominica","hotelRating":"0","latitude":"15.5626","longitude":"-61.4573","state_id":4076,"state_name":"Saint John Parish","country_id":61},{"active":false,"Giataid":"685449","cityId":31011,"cityName":"Portsmouth","hotelId":20006172,"hotelName":"Iso's Bed & Breakfast","address":"Banana Trail,Picard,Portsmouth 55555,Dominica","phones":"+17672857182","fax":"","email":"","url":"","countryIso2":"DM","countryName":"Dominica","hotelRating":"0","latitude":"15.5541","longitude":"-61.4578","state_id":4076,"state_name":"Saint John Parish","country_id":61},{"active":false,"Giataid":"412968","cityId":31011,"cityName":"Portsmouth","hotelId":20006338,"hotelName":"Atlantique View Resort & Spa","address":"Ansolda,Anse du M?,Portsmouth,Dominica","phones":"","fax":"","email":"","url":"","countryIso2":"DM","countryName":"Dominica","hotelRating":"3","latitude":"15.5946","longitude":"-61.3878","state_id":4076,"state_name":"Saint John Parish","country_id":61},{"active":false,"Giataid":"642415","cityId":31008,"cityName":"Marigot","hotelId":20007163,"hotelName":"My Father's Place Guesthouse","address":"3511 Sandy Point,Marigot,Dominica","phones":"+17674457215","fax":"","email":"info@myfathersplaceguesthouse.com","url":"http://myfathersplaceguesthouse.com/","countryIso2":"DM","countryName":"Dominica","hotelRating":"0","latitude":"15.5406","longitude":"-61.2839","state_id":4082,"state_name":"Saint Andrew Parish","country_id":61},{"active":false,"Giataid":"149466","cityId":31011,"cityName":"Portsmouth","hotelId":20007502,"hotelName":"Picard Beach Cottages","address":"Picard Estate,Prince Rupert Bay,Portsmouth,Dominica","phones":"+17677674455131","fax":"+17677674455599","email":"info@picardbeachcottages.dm","url":"http://picardbeachcottages.dm/Page%20Welcome.html","countryIso2":"DM","countryName":"Dominica","hotelRating":"2","latitude":"15.5537","longitude":"-61.462","state_id":4076,"state_name":"Saint John Parish","country_id":61},{"active":false,"Giataid":"642413","cityId":31013,"cityName":"Roseau","hotelId":20007659,"hotelName":"Sea World Apartment","address":"Citronier,Roseau,Dominica","phones":"+17674485068","fax":"","email":"seaworlddominica@yahoo.com","url":"http://www.seaworldapartmentroseau.com/","countryIso2":"DM","countryName":"Dominica","hotelRating":"0","latitude":"15.2893","longitude":"-61.3765","state_id":4079,"state_name":"Saint George Parish","country_id":61},{"active":false,"Giataid":"61029","cityId":31011,"cityName":"Portsmouth","hotelId":20008104,"hotelName":"Sister's Sea Lodge","address":"Picard Estate,Portsmouth,Dominica","phones":"+17674455211","fax":"+17674455211","email":"sangow@cwdom.dm","url":"http://www.sistersealodge.com/","countryIso2":"DM","countryName":"Dominica","hotelRating":"2","latitude":"15.5721","longitude":"-61.4558","state_id":4076,"state_name":"Saint John Parish","country_id":61},{"active":false,"Giataid":"612899","cityId":31011,"cityName":"Portsmouth","hotelId":20008196,"hotelName":"Mountain View Guest House","address":"Mountain Breeze,Glanvillia,Portsmouth,Dominica","phones":"+17674454141","fax":"","email":"olive4maryb@gmail.com","url":"http://www.mountainviewguesthouse.co.uk/","countryIso2":"DM","countryName":"Dominica","hotelRating":"0","latitude":"15.5657","longitude":"-61.4541","state_id":4076,"state_name":"Saint John Parish","country_id":61},{"active":false,"Giataid":"683352","cityId":31003,"cityName":"Calibishie","hotelId":20008493,"hotelName":"Villa Vista","address":"Hodges Bay,Calibishie,Dominica","phones":"+17672355760","fax":"","email":"villavistadominica@yahoo.com","url":"http://www.villavistadominica.com","countryIso2":"DM","countryName":"Dominica","hotelRating":"0","latitude":"15.5917","longitude":"-61.3426","state_id":4082,"state_name":"Saint Andrew Parish","country_id":61},{"active":false,"Giataid":"642410","cityId":31013,"cityName":"Roseau","hotelId":20008657,"hotelName":"Suite Pepper Studio Apartment","address":"Jimmit,Roseau,Dominica","phones":"+17672451234","fax":"","email":"askpepper@pepperscottage.com","url":"http://www.pepperscottage.com/","countryIso2":"DM","countryName":"Dominica","hotelRating":"0","latitude":"15.3132","longitude":"-61.3835","state_id":4079,"state_name":"Saint George Parish","country_id":61},{"active":false,"Giataid":"642421","cityId":31003,"cityName":"Calibishie","hotelId":20008812,"hotelName":"Caribbean Blue","address":"Pointe Dubique,Calibishie,Dominica","phones":"","fax":"","email":"","url":"","countryIso2":"DM","countryName":"Dominica","hotelRating":"0","latitude":"15.5917","longitude":"-61.3355","state_id":4082,"state_name":"Saint Andrew Parish","country_id":61},{"active":false,"Giataid":"90628","cityId":31013,"cityName":"Roseau","hotelId":20009162,"hotelName":"Jungle Bay","address":"Point Mulatre,Dominica,Dominica","phones":"+17674461789","fax":"+17674461090","email":"info@junglebaydominica.com","url":"http://junglebaydominica.com/","countryIso2":"DM","countryName":"Dominica","hotelRating":"4","latitude":"15.2717","longitude":"-61.2569","state_id":4079,"state_name":"Saint George Parish","country_id":61},{"active":false,"Giataid":"261224","cityId":31008,"cityName":"Marigot","hotelId":20009427,"hotelName":"Pagua Bay House","address":"Marigot 88888,Commonwealth of Dominica 88888,West Indies,Dominica","phones":"+17674458888","fax":"","email":"paguabayhouse@cwdom.dm","url":"http://www.paguabayhouse.com/","countryIso2":"DM","countryName":"Dominica","hotelRating":"4","latitude":"15.5318","longitude":"-61.275","state_id":4082,"state_name":"Saint Andrew Parish","country_id":61},{"active":false,"Giataid":"642474","cityId":null,"cityName":"Mero","hotelId":20009696,"hotelName":"Caribbean Sea View Holiday Apartments","address":"Edward Oliver Leblanc Highway,Mero,Dominica","phones":"+17672764238","fax":"","email":"info@caribbeanseaview.com","url":"http://www.caribbeanseaview.com/","countryIso2":"DM","countryName":"Dominica","hotelRating":"0","latitude":"15.4182","longitude":"-61.4275","state_id":null,"state_name":null,"country_id":null},{"active":false,"Giataid":"642427","cityId":31003,"cityName":"Calibishie","hotelId":20009984,"hotelName":"Calibishie Sandbar","address":"Main Road,Calibishie On The Flat,Saint Andrew,Calibishie,Dominica","phones":"","fax":"","email":"","url":"","countryIso2":"DM","countryName":"Dominica","hotelRating":"0","latitude":"15.5926","longitude":"-61.353","state_id":4082,"state_name":"Saint Andrew Parish","country_id":61},{"active":false,"Giataid":"642441","cityId":31003,"cityName":"Calibishie","hotelId":20010140,"hotelName":"Jacoway Inn","address":"John Baptiste Ridge Road,Calibishie,Dominica","phones":"+17674458872","fax":"","email":"jacowayinn@gmail.com","url":"http://www.jacowayinn.com/","countryIso2":"DM","countryName":"Dominica","hotelRating":"0","latitude":"15.5904","longitude":"-61.3444","state_id":4082,"state_name":"Saint Andrew Parish","country_id":61},{"active":false,"Giataid":"519754","cityId":31013,"cityName":"Roseau","hotelId":20010511,"hotelName":"Cocoa Cottages","address":"PO box 288,Roseau,West Indies,Dominica","phones":"+17674480412","fax":"","email":"cocoacottage@gmail.com","url":"http://www.cocoacottages.com/","countryIso2":"DM","countryName":"Dominica","hotelRating":"0","latitude":"15.3016","longitude":"-61.3826","state_id":4079,"state_name":"Saint George Parish","country_id":61},{"active":false,"Giataid":"615590","cityId":7120,"cityName":"Salisbury","hotelId":20010774,"hotelName":"Stonedge Safari Hotel","address":"Grand Savanne,Salisbury,Dominica","phones":"+17672773607","fax":"","email":"stonedge@free.fr","url":"http://stonedge.free.fr/","countryIso2":"DM","countryName":"Dominica","hotelRating":"0","latitude":"15.4438","longitude":"-61.4478","state_id":3905,"state_name":"Queensland","country_id":14},{"active":false,"Giataid":"61028","cityId":31013,"cityName":"Roseau","hotelId":20010916,"hotelName":"Anchorage","address":"P.O. Box 34,Castle Comfort,Roseau,Commonwealth of Dominica,Dominica","phones":"+17674482638","fax":"+17674482639","email":"reservations@anchoragehotel.dm","url":"http://www.anchoragehotel.dm/","countryIso2":"DM","countryName":"Dominica","hotelRating":"3","latitude":"15.2859","longitude":"-61.3752","state_id":4079,"state_name":"Saint George Parish","country_id":61},{"active":false,"Giataid":"594626","cityId":31013,"cityName":"Roseau","hotelId":20011053,"hotelName":"Chez Ophelia Cottage Apartments","address":"PO Box 152,Copt Hall,Roseau,Dominica","phones":"+17674483438","fax":"","email":"chezophelia@cwdom.dm","url":"http://www.chezophelia.com/","countryIso2":"DM","countryName":"Dominica","hotelRating":"0","latitude":"15.3133","longitude":"-61.3573","state_id":4079,"state_name":"Saint George Parish","country_id":61},{"active":false,"Giataid":"261222","cityId":31011,"cityName":"Portsmouth","hotelId":20011198,"hotelName":"Manicou River Resort","address":"Everton Hall Estate,Tanetane,Portsmouth,Dominica Island,Dominica","phones":"+17676168903","fax":"","email":"manicou_river_resort@fastmail.fm","url":"http://www.manicouriverresort.com","countryIso2":"DM","countryName":"Dominica","hotelRating":"3","latitude":"15.6015","longitude":"-61.4526","state_id":4076,"state_name":"Saint John Parish","country_id":61},{"active":false,"Giataid":"518895","cityId":31013,"cityName":"Roseau","hotelId":20011359,"hotelName":"Roxys Mountain Lodge","address":"Laudat, Roseau,,Dominique,Dominica","phones":"+17674484845","fax":"","email":"roxys@cwdom.dm","url":"http://www.roxymountainlodge.com/fr-fr/location.htm","countryIso2":"DM","countryName":"Dominica","hotelRating":"0","latitude":"15.3061","longitude":"-61.3759","state_id":4079,"state_name":"Saint George Parish","country_id":61},{"active":false,"Giataid":"642418","cityId":31013,"cityName":"Roseau","hotelId":20011455,"hotelName":"Mountain View Apartments","address":"Bellevue Chopin,Roseau,Dominica","phones":"","fax":"","email":"","url":"","countryIso2":"DM","countryName":"Dominica","hotelRating":"0","latitude":"15.3016","longitude":"-61.3826","state_id":4079,"state_name":"Saint George Parish","country_id":61},{"active":false,"Giataid":"500496","cityId":31003,"cityName":"Calibishie","hotelId":20011948,"hotelName":"Sea Cliff Cottages","address":"Point Dubique,Calibishie,Dominica","phones":"+17672653473","fax":"","email":"seacliff@dominica-cottages.com","url":"http://www.dominica-cottages.com/","countryIso2":"DM","countryName":"Dominica","hotelRating":"3","latitude":"15.5913","longitude":"-61.336","state_id":4082,"state_name":"Saint Andrew Parish","country_id":61},{"active":false,"Giataid":"477430","cityId":31008,"cityName":"Marigot","hotelId":20012219,"hotelName":"Classique International in Dominica","address":"Marigot,Roseau,Dominica","phones":"","fax":"","email":"","url":"http://classiqueinternational.com/","countryIso2":"DM","countryName":"Dominica","hotelRating":"0","latitude":"15.5361","longitude":"-61.2812","state_id":4082,"state_name":"Saint Andrew Parish","country_id":61}]