[{"active":false,"Giataid":"518571","cityId":null,"cityName":"Soufri?re","hotelId":518571,"hotelName":"The Jungle Room","address":"","phones":"","fax":"","email":"","url":"","countryIso2":"DM","countryName":"Dominica","hotelRating":"1","latitude":"15.2388","longitude":"-61.3505","state_id":null,"state_name":null,"country_id":null},{"active":false,"Giataid":"615588","cityId":null,"cityName":"Pont Cass?","hotelId":615588,"hotelName":"Vena's Paradise Hotel","address":"Pond Casse,Pont Cass?,Dominica","phones":"+17674492001","fax":"","email":"venahotel@hotmail.com","url":"http://www.venasparadisehotel.com/","countryIso2":"DM","countryName":"Dominica","hotelRating":"2","latitude":"15.396","longitude":"-61.3443","state_id":null,"state_name":null,"country_id":null},{"active":false,"Giataid":"642428","cityId":null,"cityName":"Pont Cass?","hotelId":642428,"hotelName":"Birdwatchers Rainforest Cottage","address":"Sylvania,Pont Cass?,Dominica","phones":"","fax":"","email":"","url":"","countryIso2":"DM","countryName":"Dominica","hotelRating":"1","latitude":"15.3637","longitude":"-61.3527","state_id":null,"state_name":null,"country_id":null},{"active":false,"Giataid":"642432","cityId":null,"cityName":"Scott's Head","hotelId":642432,"hotelName":"Castille Paradise","address":"Scott's Head,Scotts Head Village,Dominica","phones":"","fax":"","email":"","url":"","countryIso2":"DM","countryName":"Dominica","hotelRating":"1","latitude":"15.2111","longitude":"-61.3642","state_id":null,"state_name":null,"country_id":null},{"active":false,"Giataid":"642433","cityId":null,"cityName":"Soufri?re","hotelId":642433,"hotelName":"Soufriere Private Room","address":"Soufriere Lane 2,Soufri?re,Dominica","phones":"","fax":"","email":"","url":"","countryIso2":"DM","countryName":"Dominica","hotelRating":"1","latitude":"15.2391","longitude":"-61.3486","state_id":null,"state_name":null,"country_id":null},{"active":false,"Giataid":"529128","cityId":null,"cityName":"Soufri?re","hotelId":642463,"hotelName":"La Bou Country Cottage","address":"La Bou Road 8,Soufriere,St. Mark,Dominica","phones":"+17672256324","fax":"","email":"laboucottage@gmail.com","url":"http://www.laboucountrycottage.com/","countryIso2":"DM","countryName":"Dominica","hotelRating":"1","latitude":"15.2288","longitude":"-61.3465","state_id":null,"state_name":null,"country_id":null},{"active":false,"Giataid":"642464","cityId":null,"cityName":"Scott's Head","hotelId":642464,"hotelName":"Garvin's Apartment","address":"Scott's Head,St. Mark,Scotts Head Village,Dominica","phones":"","fax":"","email":"","url":"","countryIso2":"DM","countryName":"Dominica","hotelRating":"1","latitude":"15.212","longitude":"-61.3655","state_id":null,"state_name":null,"country_id":null},{"active":false,"Giataid":"642470","cityId":null,"cityName":"Loubiere","hotelId":642470,"hotelName":"Jamarille's Comfort","address":"Leopoldville,Wallhouse,Loubiere,Dominica","phones":"+17672752746","fax":"","email":"cfontaine2112@gmail.com","url":"http://www.jamarillescomfort.com/","countryIso2":"DM","countryName":"Dominica","hotelRating":"1","latitude":"15.2708","longitude":"-61.375","state_id":null,"state_name":null,"country_id":null},{"active":false,"Giataid":"48002","cityId":null,"cityName":"Coulibistrie","hotelId":20003753,"hotelName":"Sunset Bay Club Beach Hotel","address":"Batalie Beach,Post Office Coulibistrie,Dominica","phones":"+17674466522","fax":"+17674466523","email":"sunset@cwdom.dm","url":"http://www.sunsetbayclub.com","countryIso2":"DM","countryName":"Dominica","hotelRating":"3","latitude":"15.3063","longitude":"-61.3897","state_id":null,"state_name":null,"country_id":null},{"active":false,"Giataid":"48002","cityId":null,"cityName":"Batalie Beach","hotelId":20003753,"hotelName":"Sunset Bay Club Beach Hotel","address":"Batalie Beach,Post Office Coulibistrie,Dominica","phones":"+17674466522","fax":"+17674466523","email":"sunset@cwdom.dm","url":"http://www.sunsetbayclub.com","countryIso2":"DM","countryName":"Dominica","hotelRating":"3","latitude":"15.3063","longitude":"-61.3897","state_id":null,"state_name":null,"country_id":null},{"active":false,"Giataid":"642474","cityId":null,"cityName":"Mero","hotelId":20009696,"hotelName":"Caribbean Sea View Holiday Apartments","address":"Edward Oliver Leblanc Highway,Mero,Dominica","phones":"+17672764238","fax":"","email":"info@caribbeanseaview.com","url":"http://www.caribbeanseaview.com/","countryIso2":"DM","countryName":"Dominica","hotelRating":"0","latitude":"15.4182","longitude":"-61.4275","state_id":null,"state_name":null,"country_id":null}]