[{"active":false,"Giataid":"31995","cityId":124132,"cityName":"Philipsburg","hotelId":31995,"hotelName":"Divi Little Bay Beach Resort","address":"P.O. Box 961,Little Bay Road,Philipsburg,Sint Maarten","phones":"+17215422333","fax":"+17215424336","email":"info@princessheights.com","url":"http://www.divilittlebay.com","countryIso2":"SX","countryName":"Sint Maarten","hotelRating":"3","latitude":"18.0176","longitude":"-63.0597","state_id":1446,"state_name":"Montana","country_id":233},{"active":false,"Giataid":"31996","cityId":124132,"cityName":"Philipsburg","hotelId":31996,"hotelName":"Great Bay Beach Resort, Casino & Spa","address":"19 Little Bay Road,PO Box 910,Philipsburg,Sint Maarten","phones":"+17215422447","fax":"","email":"","url":"http://www.sonesta.com/greatbay/","countryIso2":"SX","countryName":"Sint Maarten","hotelRating":"4","latitude":"18.0242","longitude":"-63.0565","state_id":1446,"state_name":"Montana","country_id":233},{"active":false,"Giataid":"38746","cityId":124132,"cityName":"Philipsburg","hotelId":38746,"hotelName":"Flamingo Beach Resort","address":"6 Billy Folly Road,Pelican Key, Simpson Bay,Phillipsburg, St. Maarten Netherland Antilles,Sint Maarten","phones":"+115995443900","fax":"+115995444892","email":"","url":"http://www.diamondresorts.com/rentals/Flamingo-Beach-Resort-Rentals","countryIso2":"SX","countryName":"Sint Maarten","hotelRating":"3","latitude":"18.0287","longitude":"-63.096","state_id":1446,"state_name":"Montana","country_id":233},{"active":false,"Giataid":"141648","cityId":124132,"cityName":"Philipsburg","hotelId":141648,"hotelName":"Pasanggrahan Royal Guesthouse","address":"19 Front Street,P.O. Box 151,Philipsburg,St. Maarten,Sint Maarten","phones":"+5995423588","fax":"+5995422885","email":"pasanggrahan@megatropic.net","url":"http://pasanroyalinn.com/","countryIso2":"SX","countryName":"Sint Maarten","hotelRating":"3","latitude":"18.022","longitude":"-63.0433","state_id":1446,"state_name":"Montana","country_id":233},{"active":false,"Giataid":"365079","cityId":124132,"cityName":"Philipsburg","hotelId":365079,"hotelName":"Carl's Unique Inn","address":"P.O. Box 175,18 Orange Grove,Cole Bay,St. Maarten,Philipsburg,Netherlands Antilles,Sint Maarten","phones":"+5995442812","fax":"+5995442812","email":"carlsinn@sintmaarten.net","url":"http://www.carlsinn.com/","countryIso2":"SX","countryName":"Sint Maarten","hotelRating":"2","latitude":"18.0391","longitude":"-63.0816","state_id":1446,"state_name":"Montana","country_id":233},{"active":false,"Giataid":"365083","cityId":124132,"cityName":"Philipsburg","hotelId":365083,"hotelName":"Belair Beach","address":"P.O. Box 940,Little Bay Beach,Philipsburg,Sint Maarten","phones":"+17215423362","fax":"+17215423362","email":"reservations@belairbeach.com","url":"","countryIso2":"SX","countryName":"Sint Maarten","hotelRating":"3","latitude":"18.0195","longitude":"-63.0625","state_id":1446,"state_name":"Montana","country_id":233},{"active":false,"Giataid":"503038","cityId":124132,"cityName":"Philipsburg","hotelId":503038,"hotelName":"The Paradise Inn","address":"","phones":"","fax":"","email":"","url":"","countryIso2":"SX","countryName":"Sint Maarten","hotelRating":"3","latitude":"18.0277","longitude":"-63.0711","state_id":1446,"state_name":"Montana","country_id":233},{"active":false,"Giataid":"407919","cityId":124132,"cityName":"Philipsburg","hotelId":10045682,"hotelName":"L'esperance Hotel","address":"4 Tiger Road,Philipsburg,Sint Maarten","phones":"+17215425355","fax":"","email":"","url":"","countryIso2":"SX","countryName":"Sint Maarten","hotelRating":"2","latitude":"18.0315","longitude":"-63.0668","state_id":1446,"state_name":"Montana","country_id":233},{"active":false,"Giataid":"495865","cityId":124132,"cityName":"Philipsburg","hotelId":10060797,"hotelName":"Getaways At Guana Bay Beach Villas","address":"Pen Shell Road,Guy Estate,Guana Bay,89449 Philipsburg,Sint Maarten","phones":"","fax":"","email":"","url":"","countryIso2":"SX","countryName":"Sint Maarten","hotelRating":"3","latitude":"18.037","longitude":"-63.0231","state_id":1446,"state_name":"Montana","country_id":233},{"active":false,"Giataid":"505577","cityId":124132,"cityName":"Philipsburg","hotelId":10095341,"hotelName":"Monta Vista","address":"1 Chincherry Road,Philipsburg,Sint Maarten","phones":"+17215202244","fax":"NULL","email":"NULL","url":"NULL","countryIso2":"SX","countryName":"Sint Maarten","hotelRating":"3","latitude":"18.0099","longitude":"-63.0394","state_id":1446,"state_name":"Montana","country_id":233},{"active":false,"Giataid":"504194","cityId":124132,"cityName":"Philipsburg","hotelId":10099633,"hotelName":"Ocean Shore","address":"Goldfinch Road 38E,Philipsburg,Sint Maarten","phones":"+17215202244","fax":"NULL","email":"NULL","url":"NULL","countryIso2":"SX","countryName":"Sint Maarten","hotelRating":"3","latitude":"18.0128","longitude":"-63.0356","state_id":1446,"state_name":"Montana","country_id":233},{"active":false,"Giataid":"503964","cityId":124132,"cityName":"Philipsburg","hotelId":10102374,"hotelName":"Villa Mahogany","address":"Canoe Shell Road 5,Philipsburg,Guana Bay,Sint Maarten","phones":"NULL","fax":"NULL","email":"NULL","url":"NULL","countryIso2":"SX","countryName":"Sint Maarten","hotelRating":"4","latitude":"18.0351","longitude":"-63.0255","state_id":1446,"state_name":"Montana","country_id":233},{"active":false,"Giataid":"61833","cityId":124132,"cityName":"Philipsburg","hotelId":20002915,"hotelName":"Sea Palace Resort","address":"Front Street 147,Philipsburg,Sint Maarten","phones":"+17215422700","fax":"","email":"","url":"http://www.seapalaceresort.com/","countryIso2":"SX","countryName":"Sint Maarten","hotelRating":"3","latitude":"18.0248","longitude":"-63.05","state_id":1446,"state_name":"Montana","country_id":233},{"active":false,"Giataid":"293018","cityId":124132,"cityName":"Philipsburg","hotelId":20003496,"hotelName":"The Tamarind Hotel","address":"Goldfinch Road,Pointe Blanche,PO Box 247,Philipsburg,Sint Maarten","phones":"+7215424359","fax":"","email":"tamarind@hoteltamarind.com","url":"http://www.tamarindhotel.net/","countryIso2":"SX","countryName":"Sint Maarten","hotelRating":"0","latitude":"18.0137","longitude":"-63.0382","state_id":1446,"state_name":"Montana","country_id":233},{"active":false,"Giataid":"144429","cityId":124132,"cityName":"Philipsburg","hotelId":20003689,"hotelName":"Joshua Rose Guest House","address":"Back Street 7,Philipsburg,Sint Maarten","phones":"","fax":"","email":"","url":"","countryIso2":"SX","countryName":"Sint Maarten","hotelRating":"2","latitude":"18.0228","longitude":"-63.0424","state_id":1446,"state_name":"Montana","country_id":233},{"active":false,"Giataid":"365086","cityId":124132,"cityName":"Philipsburg","hotelId":20003882,"hotelName":"Port De Plaisance","address":"155 Union Road,97150 Simpson Bay,Sint Maarten","phones":"","fax":"","email":"stmartinonline@gmail.com","url":"","countryIso2":"SX","countryName":"Sint Maarten","hotelRating":"2","latitude":"18.0385","longitude":"-63.0892","state_id":1446,"state_name":"Montana","country_id":233},{"active":false,"Giataid":"596074","cityId":124132,"cityName":"Philipsburg","hotelId":20004120,"hotelName":"Alizee","address":"Queen Conch Road,Unit 7, Upper Prince's Quarter,Philipsburg,Sint Maarten","phones":"","fax":"","email":"","url":"","countryIso2":"SX","countryName":"Sint Maarten","hotelRating":"0","latitude":"18.0296","longitude":"-63.0471","state_id":1446,"state_name":"Montana","country_id":233},{"active":false,"Giataid":"610227","cityId":124132,"cityName":"Philipsburg","hotelId":20004251,"hotelName":"Sint Maarten International Guesthouse","address":"A Th Illidge Road 112,On top of Aki Supermarket,Madame Estate,Lower Princess Quarter,Philipsburg,Sint Maarten","phones":"","fax":"","email":"","url":"","countryIso2":"SX","countryName":"Sint Maarten","hotelRating":"0","latitude":"18.0328","longitude":"-63.0567","state_id":1446,"state_name":"Montana","country_id":233},{"active":false,"Giataid":"725919","cityId":124132,"cityName":"Philipsburg","hotelId":20004435,"hotelName":"Vicky's Keys","address":"The Keys Road 2-8,Lane 3,Sucker Garden,Philipsburg,St. Maarten,Sint Maarten","phones":"+17215868435","fax":"","email":"info@vickyskeys.com","url":"http://www.vickyskeys.com","countryIso2":"SX","countryName":"Sint Maarten","hotelRating":"0","latitude":"18.0346","longitude":"-63.0371","state_id":1446,"state_name":"Montana","country_id":233},{"active":false,"Giataid":"365081","cityId":124132,"cityName":"Philipsburg","hotelId":20005343,"hotelName":"La Vista Resort","address":"Billy Folly Road #53,Pelican Key,Philipsburg,Netherlands Antilles,Sint Maarten","phones":"+17215443005","fax":"+17215443010","email":"info@lavistaresort.com","url":"http://www.lavistaresort.com/About/about-the-hotel.html","countryIso2":"SX","countryName":"Sint Maarten","hotelRating":"3","latitude":"18.0286","longitude":"-63.0942","state_id":1446,"state_name":"Montana","country_id":233},{"active":false,"Giataid":"726835","cityId":124132,"cityName":"Philipsburg","hotelId":20006960,"hotelName":"Ocean's Luxury Suites","address":"167 Frontstreet Suite #3F,Philipsburg,Sint Maarten","phones":"","fax":"","email":"","url":"","countryIso2":"SX","countryName":"Sint Maarten","hotelRating":"0","latitude":"18.0277","longitude":"-63.0711","state_id":1446,"state_name":"Montana","country_id":233},{"active":false,"Giataid":"598654","cityId":124132,"cityName":"Philipsburg","hotelId":20007893,"hotelName":"Villa Mars by RedAwning","address":"Fig Shell Drive,Upper Prince's Quarter,Philipsburg,Sint Maarten","phones":"","fax":"","email":"","url":"","countryIso2":"SX","countryName":"Sint Maarten","hotelRating":"0","latitude":"18.0277","longitude":"-63.0711","state_id":1446,"state_name":"Montana","country_id":233},{"active":false,"Giataid":"503241","cityId":124132,"cityName":"Philipsburg","hotelId":20008028,"hotelName":"Alicia's Inn","address":"Backstreet 42,Philipsburg,Sint Maarten","phones":"+17215422403","fax":"","email":"info@aliciasinn.com","url":"http://www.aliciasinn.com/","countryIso2":"SX","countryName":"Sint Maarten","hotelRating":"2","latitude":"18.0238","longitude":"-63.0444","state_id":1446,"state_name":"Montana","country_id":233},{"active":false,"Giataid":"736339","cityId":124132,"cityName":"Philipsburg","hotelId":20370844,"hotelName":"Villa Jasmine","address":"Fig Shell Drive,Guana Bay,Philipsburg 1744,Sint Maarten","phones":"","fax":"","email":"","url":"","countryIso2":"SX","countryName":"Sint Maarten","hotelRating":"0","latitude":"18.0277","longitude":"-63.0711","state_id":1446,"state_name":"Montana","country_id":233},{"active":false,"Giataid":"736383","cityId":124132,"cityName":"Philipsburg","hotelId":20370848,"hotelName":"Villa Mooi","address":"Sun Ray Clam Road,Mandara Residences #25,Philipsburg,Sint Maarten","phones":"","fax":"","email":"","url":"","countryIso2":"SX","countryName":"Sint Maarten","hotelRating":"0","latitude":"18.0277","longitude":"-63.0711","state_id":1446,"state_name":"Montana","country_id":233},{"active":false,"Giataid":"901247","cityId":124132,"cityName":"Philipsburg","hotelId":20370849,"hotelName":"The Villas On Great Bay","address":"Front Street 211,Philipsburg,Sint Maarten","phones":"+17215422898","fax":"+17215421838","email":"","url":"http://www.thevillasongreatbay.com","countryIso2":"SX","countryName":"Sint Maarten","hotelRating":"0","latitude":"18.0277","longitude":"-63.0711","state_id":1446,"state_name":"Montana","country_id":233},{"active":false,"Giataid":"736410","cityId":124132,"cityName":"Philipsburg","hotelId":20370852,"hotelName":"Villa En'Sea","address":"36 Little Bay Road,Philipsburg,Sint Maarten","phones":"+17215270640","fax":"","email":"","url":"","countryIso2":"SX","countryName":"Sint Maarten","hotelRating":"0","latitude":"18.0277","longitude":"-63.0711","state_id":1446,"state_name":"Montana","country_id":233},{"active":false,"Giataid":"913870","cityId":124132,"cityName":"Philipsburg","hotelId":20370853,"hotelName":"El Sueno","address":"Little Bay Road, 45,Philipsburg,Sint Maarten","phones":"","fax":"","email":"","url":"","countryIso2":"SX","countryName":"Sint Maarten","hotelRating":"0","latitude":"18.0277","longitude":"-63.0711","state_id":1446,"state_name":"Montana","country_id":233}]