[{"active":false,"Giataid":"31993","cityId":null,"cityName":"Maho Beach","hotelId":31993,"hotelName":"Alegria Boutique Hotel","address":"2 Beacon Hill Road,Simpson Bay,Maho Beach,Sint Maarten","phones":"+17215454000","fax":"","email":"","url":"","countryIso2":"SX","countryName":"Sint Maarten","hotelRating":"3","latitude":"18.0371","longitude":"-63.1198","state_id":null,"state_name":null,"country_id":null},{"active":false,"Giataid":"31994","cityId":null,"cityName":"Dawn Beach","hotelId":31994,"hotelName":"Princess Heights","address":"Oyster Pond Road 156,Sint Maarten,Sint Maarten","phones":"+17215436858","fax":"+17215436007","email":"info@princessheights.com","url":"http://www.princessheights.com/","countryIso2":"SX","countryName":"Sint Maarten","hotelRating":"3","latitude":"18.0489","longitude":"-63.0196","state_id":null,"state_name":null,"country_id":null},{"active":false,"Giataid":"139383","cityId":null,"cityName":"Dawn Beach","hotelId":139383,"hotelName":"Coral Beach Club","address":"Emerald Merit Road 3,Dawn Beach,Sint Maarten","phones":"+17215436306","fax":"","email":"","url":"","countryIso2":"SX","countryName":"Sint Maarten","hotelRating":"5","latitude":"18.0526","longitude":"-63.0172","state_id":null,"state_name":null,"country_id":null},{"active":false,"Giataid":"365085","cityId":null,"cityName":"Simpson Bay","hotelId":365085,"hotelName":"Turquoise Shell Inn","address":"34 Simpson Bay Rd.,Simpson Bay,Sint Maarten","phones":"+17215452875","fax":"","email":"","url":"http://www.tshellinn.com/","countryIso2":"SX","countryName":"Sint Maarten","hotelRating":"3","latitude":"18.0379","longitude":"-63.0962","state_id":null,"state_name":null,"country_id":null},{"active":false,"Giataid":"139383","cityId":null,"cityName":"Dawn Beach","hotelId":598661,"hotelName":"Coral Beach Club","address":"Emerald Merit Road 3,Dawn Beach,Sint Maarten","phones":"+5907215436306","fax":"+5907215436308","email":"info@coralbeach-club.com","url":"http://www.coralbeach-club.com","countryIso2":"SX","countryName":"Sint Maarten","hotelRating":"0","latitude":"18.0519","longitude":"-63.017","state_id":null,"state_name":null,"country_id":null},{"active":false,"Giataid":"410474","cityId":null,"cityName":"Simpson Bay","hotelId":10042127,"hotelName":"Travel Inn Hotel","address":"Airport Road 15,Simpson Bay,Sint Maarten","phones":"+17215453353","fax":"","email":"","url":"","countryIso2":"SX","countryName":"Sint Maarten","hotelRating":"2","latitude":"18.037","longitude":"-63.0953","state_id":null,"state_name":null,"country_id":null},{"active":false,"Giataid":"411590","cityId":null,"cityName":"Simpson Bay","hotelId":10042814,"hotelName":"Simpson Bay Resort & Marina","address":"Billy Folly Road 37,Sint Maarten,Netherlands Antilles,Sint Maarten","phones":"+19547365807","fax":"","email":"","url":"","countryIso2":"SX","countryName":"Sint Maarten","hotelRating":"4","latitude":"18.0303","longitude":"-63.0956","state_id":null,"state_name":null,"country_id":null},{"active":false,"Giataid":"424850","cityId":null,"cityName":"Simpson Bay","hotelId":10045685,"hotelName":"Simpson Bay Suites","address":"Billy Folly Road 3D,Elmanar Plaza,Simpson Bay,Cole Bay,Sint Maarten","phones":"+17215444441","fax":"","email":"","url":"","countryIso2":"SX","countryName":"Sint Maarten","hotelRating":"3","latitude":"18.0319","longitude":"-63.0909","state_id":null,"state_name":null,"country_id":null},{"active":false,"Giataid":"459033","cityId":null,"cityName":"Simpson Bay","hotelId":10046260,"hotelName":"Liberty Inn","address":"Welfare Road 76,Simpson Bay,Sint Maarten","phones":"+16032736433","fax":"","email":"","url":"","countryIso2":"SX","countryName":"Sint Maarten","hotelRating":"3","latitude":"18.0338","longitude":"-63.0923","state_id":null,"state_name":null,"country_id":null},{"active":false,"Giataid":"427706","cityId":null,"cityName":"Simpson Bay","hotelId":10046291,"hotelName":"The Villas At Simpson Bay Resort & Marina","address":"Billy Folly Road 37,Sint Maarten,Netherlands Antilles,Sint Maarten","phones":"+19547365807","fax":"","email":"","url":"","countryIso2":"SX","countryName":"Sint Maarten","hotelRating":"4","latitude":"18.0307","longitude":"-63.0942","state_id":null,"state_name":null,"country_id":null},{"active":false,"Giataid":"494224","cityId":null,"cityName":"Simpson Bay","hotelId":10047145,"hotelName":"Azure Hotel And Art Studio","address":"Roberts Drive 6,Simpson Bay,Sint Maarten","phones":"+17215813858","fax":"","email":"","url":"","countryIso2":"SX","countryName":"Sint Maarten","hotelRating":"3","latitude":"18.0398","longitude":"-63.1003","state_id":null,"state_name":null,"country_id":null},{"active":false,"Giataid":"494225","cityId":null,"cityName":"Simpson Bay","hotelId":10051968,"hotelName":"The Horny Toad Guesthouse","address":"Vlaun Drive 2,Simpson Bay,Sint Maarten","phones":"+17215454323","fax":"","email":"","url":"","countryIso2":"SX","countryName":"Sint Maarten","hotelRating":"3","latitude":"18.0402","longitude":"-63.1007","state_id":null,"state_name":null,"country_id":null},{"active":false,"Giataid":"658947","cityId":null,"cityName":"Simpson Bay","hotelId":10052990,"hotelName":"Blue Pelican Vacation Rentals","address":"Billy Folly Road,Pelican Key,Simpson Bay,Sint Maarten","phones":"","fax":"","email":"","url":"","countryIso2":"SX","countryName":"Sint Maarten","hotelRating":"3","latitude":"18.0279","longitude":"-63.0935","state_id":null,"state_name":null,"country_id":null},{"active":false,"Giataid":"488035","cityId":null,"cityName":"Simpson Bay","hotelId":10056064,"hotelName":"Baker's Suites","address":"Spinel Road 2,Billy Folly Road,Simpson Bay,Sint Maarten","phones":"+17215440095","fax":"","email":"","url":"","countryIso2":"SX","countryName":"Sint Maarten","hotelRating":"3","latitude":"18.0319","longitude":"-63.0921","state_id":null,"state_name":null,"country_id":null},{"active":false,"Giataid":"31993","cityId":null,"cityName":"Maho Beach","hotelId":10067281,"hotelName":"Alegria, An Ascend Hotel Collection Member","address":"2 Beacon Hill Road,Simpson Bay,Maho Beach,Sint Maarten","phones":"+17215454000","fax":"","email":"","url":"","countryIso2":"SX","countryName":"Sint Maarten","hotelRating":"3","latitude":"18.0375","longitude":"-63.1196","state_id":null,"state_name":null,"country_id":null},{"active":false,"Giataid":"532617","cityId":null,"cityName":"Mullet Bay","hotelId":10071116,"hotelName":"The Towers At Mullet Bay","address":"Mullet Bay,P.O.Box 2024,Sint Maarten,Sint Maarten","phones":"+17215453069","fax":"","email":"","url":"","countryIso2":"SX","countryName":"Sint Maarten","hotelRating":"3","latitude":"18.0503","longitude":"-63.1256","state_id":null,"state_name":null,"country_id":null},{"active":false,"Giataid":"414186","cityId":null,"cityName":"Maho Beach","hotelId":10072933,"hotelName":"Sonesta Ocean Point Resort - St Maarten","address":"1A Rhine Road,Maho Beach,Sint Maarten,Sint Maarten","phones":"+17215453100","fax":"","email":"","url":"","countryIso2":"SX","countryName":"Sint Maarten","hotelRating":"5","latitude":"18.0407","longitude":"-63.124","state_id":null,"state_name":null,"country_id":null},{"active":false,"Giataid":"720342","cityId":null,"cityName":"Cupecoy","hotelId":10073033,"hotelName":"The Cliff At Cupecoy","address":"Rhine Road 7,Cupecoy,Sint Maarten","phones":"+17215466633","fax":"","email":"","url":"","countryIso2":"SX","countryName":"Sint Maarten","hotelRating":"3","latitude":"18.0525","longitude":"-63.1325","state_id":null,"state_name":null,"country_id":null},{"active":false,"Giataid":"509024","cityId":null,"cityName":"Simpson Bay","hotelId":10102035,"hotelName":"Villa Bianca","address":"Ruby Drive,Pelican Key,Simpson Bay,Sint Maarten","phones":"NULL","fax":"NULL","email":"NULL","url":"NULL","countryIso2":"SX","countryName":"Sint Maarten","hotelRating":"4","latitude":"18.0269","longitude":"-63.0913","state_id":null,"state_name":null,"country_id":null},{"active":false,"Giataid":"526961","cityId":null,"cityName":"Simpson Bay","hotelId":10102311,"hotelName":"Villa La Vista Grande","address":"27 Fan Coral Road,Beacon Hill,Philipsburg,Simpson Bay,Sint Maarten","phones":"NULL","fax":"NULL","email":"NULL","url":"NULL","countryIso2":"SX","countryName":"Sint Maarten","hotelRating":"4","latitude":"18.0367","longitude":"-63.0983","state_id":null,"state_name":null,"country_id":null},{"active":false,"Giataid":"504019","cityId":null,"cityName":"Simpson Bay","hotelId":10102581,"hotelName":"Villa Riviera","address":"Zircon Road 27,Pelican Key,Simpson Bay,Sint Maarten","phones":"NULL","fax":"NULL","email":"NULL","url":"NULL","countryIso2":"SX","countryName":"Sint Maarten","hotelRating":"3","latitude":"18.029","longitude":"-63.0926","state_id":null,"state_name":null,"country_id":null},{"active":false,"Giataid":"503986","cityId":null,"cityName":"Simpson Bay","hotelId":10102662,"hotelName":"Villa Sapphire","address":"Sapphire Drive 8,Simpson Bay,Sint Maarten","phones":"NULL","fax":"NULL","email":"NULL","url":"NULL","countryIso2":"SX","countryName":"Sint Maarten","hotelRating":"3","latitude":"18.0275","longitude":"-63.0907","state_id":null,"state_name":null,"country_id":null},{"active":false,"Giataid":"658980","cityId":null,"cityName":"Simpson Bay","hotelId":10103662,"hotelName":"White Sand Apartment","address":"13 White Sand Road,Beacon Hill,Simpson Bay,Sint Maarten","phones":"NULL","fax":"NULL","email":"NULL","url":"NULL","countryIso2":"SX","countryName":"Sint Maarten","hotelRating":"3","latitude":"18.0367","longitude":"-63.0983","state_id":null,"state_name":null,"country_id":null},{"active":false,"Giataid":"527120","cityId":null,"cityName":"Simpson Bay","hotelId":10114244,"hotelName":"Caribbean Blue Villa","address":"78 A Billy Folly Road,Pelican,Simpson Bay,Sint Maarten","phones":"NULL","fax":"NULL","email":"NULL","url":"NULL","countryIso2":"SX","countryName":"Sint Maarten","hotelRating":"4","latitude":"18.0367","longitude":"-63.0983","state_id":null,"state_name":null,"country_id":null},{"active":false,"Giataid":"508085","cityId":null,"cityName":"Simpson Bay","hotelId":10115404,"hotelName":"Coco Beach Duplex","address":"Simpsonbay Road 115,Simpson Bay,Sint Maarten","phones":"NULL","fax":"NULL","email":"NULL","url":"NULL","countryIso2":"SX","countryName":"Sint Maarten","hotelRating":"3","latitude":"18.0377","longitude":"-63.0964","state_id":null,"state_name":null,"country_id":null},{"active":false,"Giataid":"512327","cityId":null,"cityName":"Simpson Bay","hotelId":10117717,"hotelName":"Eduardo's Inn","address":"Welfare Rd. #43,Simpson Bay,St. Maarten,Sint Maarten","phones":"+17215442978","fax":"NULL","email":"NULL","url":"NULL","countryIso2":"SX","countryName":"Sint Maarten","hotelRating":"2","latitude":"18.0339","longitude":"-63.0921","state_id":null,"state_name":null,"country_id":null},{"active":false,"Giataid":"598630","cityId":null,"cityName":"Dawn Beach","hotelId":20003308,"hotelName":"Sky Blue Villa","address":"Green Star Shell Road,Dawn Beach,Sint Maarten","phones":"","fax":"","email":"","url":"","countryIso2":"SX","countryName":"Sint Maarten","hotelRating":"0","latitude":"18.0489","longitude":"-63.0173","state_id":null,"state_name":null,"country_id":null},{"active":false,"Giataid":"595487","cityId":null,"cityName":"Simpson Bay","hotelId":20004641,"hotelName":"St Tropez by RedAwning","address":"Pearl Drive,Unit 1,Simpson Bay,Sint Maarten,Sint Maarten","phones":"","fax":"","email":"","url":"","countryIso2":"SX","countryName":"Sint Maarten","hotelRating":"0","latitude":"18.0386","longitude":"-63.1163","state_id":null,"state_name":null,"country_id":null},{"active":false,"Giataid":"365087","cityId":null,"cityName":"Maho Beach","hotelId":20004810,"hotelName":"La Terrasse Suite Hotel At Maho Village","address":"Royal Islander Club,St. Maarten,Sint Maarten","phones":"+17215452388","fax":"+17215455719","email":"info@royalislander.com","url":"http://royalislander.com/la-terrasse-suite-hotel-st-maarten","countryIso2":"SX","countryName":"Sint Maarten","hotelRating":"0","latitude":"18.0409","longitude":"-63.1197","state_id":null,"state_name":null,"country_id":null},{"active":false,"Giataid":"144430","cityId":null,"cityName":"Cupecoy","hotelId":20004981,"hotelName":"Rainbow Beach Club","address":"149,Cupecoy,Dutch Lowlands,Sint Maarten","phones":"+17215267344","fax":"","email":"nikki@rainbowbeachclub.com","url":"http://www.rainbowbeachclub.com/","countryIso2":"SX","countryName":"Sint Maarten","hotelRating":"3","latitude":"18.0495","longitude":"-63.1312","state_id":null,"state_name":null,"country_id":null},{"active":false,"Giataid":"724273","cityId":null,"cityName":"Simpson Bay","hotelId":20005532,"hotelName":"El Zafiro Boutique Hotel","address":"White Sands Road 34,Beacon Hill Area,Simpson Bay,Sint Maarten","phones":"+17215245292","fax":"","email":"info@elzafirosxm.com","url":"http://www.elzafirosxm.com","countryIso2":"SX","countryName":"Sint Maarten","hotelRating":"0","latitude":"18.0367","longitude":"-63.0983","state_id":null,"state_name":null,"country_id":null},{"active":false,"Giataid":"598600","cityId":null,"cityName":"Dawn Beach","hotelId":20005707,"hotelName":"La Brise","address":"Oyster Pond Road Upper Prince's Quarter Dawn Beach ","phones":"","fax":"","email":"","url":"","countryIso2":"SX","countryName":"Sint Maarten","hotelRating":"0","latitude":"18.0489","longitude":"-63.0173","state_id":null,"state_name":null,"country_id":null},{"active":false,"Giataid":"598666","cityId":null,"cityName":"Dawn Beach","hotelId":20005879,"hotelName":"Beach House Gianna","address":"Tusk Shell Road,Upper Prince's Quarter,Oyster Pond,Sint Maarten","phones":"","fax":"","email":"","url":"","countryIso2":"SX","countryName":"Sint Maarten","hotelRating":"0","latitude":"18.046","longitude":"-63.0166","state_id":null,"state_name":null,"country_id":null},{"active":false,"Giataid":"599002","cityId":null,"cityName":"Simpson Bay","hotelId":20006240,"hotelName":"Coral Breeze by RedAwning","address":"Beacon Hill Road,Unit 8,Simpson Bay,Sint Maarten,Sint Maarten","phones":"","fax":"","email":"","url":"","countryIso2":"SX","countryName":"Sint Maarten","hotelRating":"0","latitude":"18.0379","longitude":"-63.1185","state_id":null,"state_name":null,"country_id":null},{"active":false,"Giataid":"223592","cityId":null,"cityName":"Simpson Bay","hotelId":20006456,"hotelName":"The Royal Turtle Inn","address":"Airport Road 114,Simpson Bay,Sint Maarten","phones":"","fax":"","email":"","url":"","countryIso2":"SX","countryName":"Sint Maarten","hotelRating":"3","latitude":"18.0425","longitude":"-63.109","state_id":null,"state_name":null,"country_id":null},{"active":false,"Giataid":"598650","cityId":null,"cityName":"Simpson Bay","hotelId":20006592,"hotelName":"Aqualina Beach Club Unit 102","address":"Simpson Bay Road 59,Simpson Bay,Sint Maarten","phones":"","fax":"","email":"","url":"","countryIso2":"SX","countryName":"Sint Maarten","hotelRating":"0","latitude":"18.0367","longitude":"-63.0983","state_id":null,"state_name":null,"country_id":null},{"active":false,"Giataid":"523514","cityId":null,"cityName":"Simpson Bay","hotelId":20006765,"hotelName":"Villa Marbella","address":"#78 Sapphire Road, Pelican,Simpson Bay,Sint Maarten","phones":"","fax":"","email":"","url":"","countryIso2":"SX","countryName":"Sint Maarten","hotelRating":"0","latitude":"18.0367","longitude":"-63.0983","state_id":null,"state_name":null,"country_id":null},{"active":false,"Giataid":"365386","cityId":null,"cityName":"Simpson Bay","hotelId":20007468,"hotelName":"Jennifer�s Vacation Villas","address":"14 Plaza Del Lago,Simpson Bay Yacht Club,St. Maarten,Netherlands Antilles,Sint Maarten","phones":"+17215443107","fax":"+17215443375","email":"info@jennifersvacationvillas.com","url":"http://jennifersvacationvillas.com/","countryIso2":"SX","countryName":"Sint Maarten","hotelRating":"0","latitude":"18.0338","longitude":"-63.0906","state_id":null,"state_name":null,"country_id":null},{"active":false,"Giataid":"294669","cityId":null,"cityName":"Simpson Bay","hotelId":20007754,"hotelName":"Eleganzia Apartments","address":"Billy Folly Road 431,Pelican Beach,Simpson Bay,Sint Maarten","phones":"","fax":"","email":"","url":"","countryIso2":"SX","countryName":"Sint Maarten","hotelRating":"0","latitude":"18.0269","longitude":"-63.0919","state_id":null,"state_name":null,"country_id":null},{"active":false,"Giataid":"684382","cityId":null,"cityName":"Simpson Bay","hotelId":20008172,"hotelName":"Commodore Suites","address":"Welfare Road 109,Simpson Bay,St. Maarten,Sint Maarten","phones":"+17215443110","fax":"+17215443114","email":"booking@commodoresuites.com","url":"http://www.commodoresuites.com","countryIso2":"SX","countryName":"Sint Maarten","hotelRating":"3","latitude":"18.033","longitude":"-63.0915","state_id":null,"state_name":null,"country_id":null},{"active":false,"Giataid":"550555","cityId":null,"cityName":"St. Marteen","hotelId":20370841,"hotelName":"Villa Ocean Front","address":"Beacon Hill Road,Sint Maarten,Simpson Bay,Sint Maarten","phones":"+59690285942","fax":"","email":"info@Villas-apartments.rentals","url":"http://villaoceanfront.villas-apartments.rentals/","countryIso2":"SX","countryName":"Sint Maarten","hotelRating":"0","latitude":"18.0351","longitude":"-63.1154","state_id":null,"state_name":null,"country_id":null},{"active":false,"Giataid":"595437","cityId":null,"cityName":"St. Marteen","hotelId":20370842,"hotelName":"Vip Villa","address":"Amazone Road,Lowlands,Sint Maarten,Sint Maarten","phones":"","fax":"","email":"","url":"","countryIso2":"SX","countryName":"Sint Maarten","hotelRating":"0","latitude":"18.0425","longitude":"-63.0548","state_id":null,"state_name":null,"country_id":null},{"active":false,"Giataid":"595478","cityId":null,"cityName":"St. Marteen","hotelId":20370843,"hotelName":"Tropical Waves at Porto Cupecoy by RedAwning","address":"Rue Des Terres Basses,Lowlands,Sint Maarten,Sint Maarten","phones":"","fax":"","email":"","url":"","countryIso2":"SX","countryName":"Sint Maarten","hotelRating":"0","latitude":"18.0538","longitude":"-63.1352","state_id":null,"state_name":null,"country_id":null},{"active":false,"Giataid":"735963","cityId":null,"cityName":"St. Marteen","hotelId":20370845,"hotelName":"Villa Marrakesh","address":"2 Rhine Road,Dutch Lowlands,1744 Lowlands,Sint Maarten,Sint Maarten","phones":"","fax":"","email":"","url":"","countryIso2":"SX","countryName":"Sint Maarten","hotelRating":"0","latitude":"18.0538","longitude":"-63.1352","state_id":null,"state_name":null,"country_id":null},{"active":false,"Giataid":"736031","cityId":null,"cityName":"Cupecoy","hotelId":20370850,"hotelName":"Villa Bahari","address":"Rue des Terres Basses,Cupecoy 97150,Sint Maarten","phones":"","fax":"","email":"","url":"","countryIso2":"SX","countryName":"Sint Maarten","hotelRating":"0","latitude":"18.0527","longitude":"-63.1372","state_id":null,"state_name":null,"country_id":null},{"active":false,"Giataid":"880622","cityId":null,"cityName":"Simpson Bay","hotelId":20370851,"hotelName":"Villa La-Di-Da","address":"15 Peridot Road,Simpson Bay Corners,Pelican Key,Netherlands Antilles,Sint Maarten","phones":"+18027738800","fax":"","email":"jim@killingtonholidayrentals.com","url":"http://www.villaladida.com/","countryIso2":"SX","countryName":"Sint Maarten","hotelRating":"0","latitude":"18.0367","longitude":"-63.0983","state_id":null,"state_name":null,"country_id":null},{"active":false,"Giataid":"913863","cityId":null,"cityName":"Simpson Bay","hotelId":20370854,"hotelName":"Faja Lobie","address":"Beacon Hill Road Unit 10,Simpson Bay,Sint Maarten","phones":"","fax":"","email":"","url":"","countryIso2":"SX","countryName":"Sint Maarten","hotelRating":"0","latitude":"18.0367","longitude":"-63.0983","state_id":null,"state_name":null,"country_id":null},{"active":false,"Giataid":"977941","cityId":null,"cityName":"Cupecoy","hotelId":20418487,"hotelName":"Villa Mumbai","address":"Shore Pointe Lot 27,Lowlands,Cupecoy,Sint Maarten","phones":"","fax":"","email":"","url":"","countryIso2":"SX","countryName":"Sint Maarten","hotelRating":"1","latitude":"18.0525","longitude":"-63.1325","state_id":null,"state_name":null,"country_id":null},{"active":false,"Giataid":"977933","cityId":null,"cityName":"Cupecoy","hotelId":20418488,"hotelName":"Villa Etoile De Mer","address":"Shore Pointe 29,Lowlands,Cupecoy,Sint Maarten","phones":"","fax":"","email":"","url":"","countryIso2":"SX","countryName":"Sint Maarten","hotelRating":"1","latitude":"18.0525","longitude":"-63.1325","state_id":null,"state_name":null,"country_id":null},{"active":false,"Giataid":"991734","cityId":null,"cityName":"Simpson Bay","hotelId":20439108,"hotelName":"Carisma On The Beach","address":"E Billy Folly Road 80,Simpson Bay,Sint Maarten","phones":"","fax":"","email":"","url":"","countryIso2":"SX","countryName":"Sint Maarten","hotelRating":"1","latitude":"18.0367","longitude":"-63.0983","state_id":null,"state_name":null,"country_id":null}]