[{"active":false,"Giataid":"5773","cityId":null,"cityName":"Al' Aqabah","hotelId":5773,"hotelName":"Aquaba Beach","address":"","phones":"","fax":"","email":"","url":"","countryIso2":"JO","countryName":"Jordan","hotelRating":"1","latitude":"29.5055","longitude":"34.9978","state_id":null,"state_name":null,"country_id":null},{"active":false,"Giataid":"6537","cityId":null,"cityName":"Wadi Musa","hotelId":6537,"hotelName":"La Maison Hotel Petra","address":"Off Tourist Street,Behind Moevenpick Hotel,Behind Movenpick Resort Petra,Facing Visitors Center Parking & Entrance Gate,Tourism Street,Wadi Musa 71810,Petra,Jordan","phones":"+96232156401","fax":"","email":"rahmad@dakkak.com","url":"http://www.facebook.com/La.Maison.Petra?sk=info","countryIso2":"JO","countryName":"Jordan","hotelRating":"3","latitude":"30.3262","longitude":"35.4703","state_id":null,"state_name":null,"country_id":null},{"active":false,"Giataid":"7891","cityId":null,"cityName":"Al' Aqabah","hotelId":7891,"hotelName":"Aqaba Gulf","address":"King Boulevard Street,P.O. Box 1312,Aqaba 77110,Jordan","phones":"+96232016636","fax":"+96232018246","email":"info@aqabagulf.com","url":"http://www.aqabagulf.com","countryIso2":"JO","countryName":"Jordan","hotelRating":"4","latitude":"29.532","longitude":"35.0015","state_id":null,"state_name":null,"country_id":null},{"active":false,"Giataid":"7907","cityId":null,"cityName":"Al' Aqabah","hotelId":7907,"hotelName":"Aquamarina I - Beach Club","address":"NULL","phones":"","fax":"","email":"","url":"","countryIso2":"JO","countryName":"Jordan","hotelRating":"3","latitude":"29.5234","longitude":"35.0072","state_id":null,"state_name":null,"country_id":null},{"active":false,"Giataid":"7908","cityId":null,"cityName":"Al' Aqabah","hotelId":7908,"hotelName":"Aquamarina Iii - Hill Side","address":"","phones":"","fax":"","email":"","url":"","countryIso2":"JO","countryName":"Jordan","hotelRating":"3","latitude":"29.5308","longitude":"35.0071","state_id":null,"state_name":null,"country_id":null},{"active":false,"Giataid":"10422","cityId":null,"cityName":"Al' Aqabah","hotelId":10422,"hotelName":"City Tower Hotel","address":"King Hussein Street,Aqaba 77110,Jordan","phones":"+96232032020","fax":"","email":"info@citytoweraqaba.com","url":"http://citytoweraqaba.com/","countryIso2":"JO","countryName":"Jordan","hotelRating":"3","latitude":"29.5055","longitude":"34.9978","state_id":null,"state_name":null,"country_id":null},{"active":false,"Giataid":"13302","cityId":null,"cityName":"Al' Aqabah","hotelId":13302,"hotelName":"Golden Tulip Aqaba","address":"Al Sahadeh Street,Aqaba,Jordan","phones":"+96232031901","fax":"+96232051237","email":"goldtuli@go.com.jo","url":"http://www.goldentulip.com/Property/?PropCode=GT;41632&amp;Language=EN","countryIso2":"JO","countryName":"Jordan","hotelRating":"4","latitude":"29.5319","longitude":"35.0013","state_id":null,"state_name":null,"country_id":null},{"active":false,"Giataid":"17592","cityId":null,"cityName":"Al' Aqabah","hotelId":17592,"hotelName":"Movenpick Resort & Residences Aqaba","address":"PO Box 678,King Hussein Street,Aqaba 77110,Amman,Jordan","phones":"+96232034020","fax":"+96232034040","email":"resort.aqaba@movenpick.com","url":"http://www.moevenpick-hotels.com/de/pub/ihre_hotels/worldmap/aqaba/uebersicht.cfm","countryIso2":"JO","countryName":"Jordan","hotelRating":"5","latitude":"29.5326","longitude":"35.0001","state_id":null,"state_name":null,"country_id":null},{"active":false,"Giataid":"20889","cityId":null,"cityName":"Sweimeh","hotelId":20889,"hotelName":"Dead Sea Spa Hotel","address":"Dead Sea Road,Hotel Area,Sweimeh,Jordan","phones":"+96253561000","fax":"+96253561012","email":"dssh@nets.com.jo","url":"http://www.deadseaspahotel.com","countryIso2":"JO","countryName":"Jordan","hotelRating":"4","latitude":"31.7138","longitude":"35.5859","state_id":null,"state_name":null,"country_id":null},{"active":false,"Giataid":"21284","cityId":null,"cityName":"Al' Aqabah","hotelId":21284,"hotelName":"Schweiki","address":"Hammamat Tunisia Street,opposites of Double Tree by Hilton Hotel,Aqaba 77110,Jordan","phones":"","fax":"","email":"","url":"","countryIso2":"JO","countryName":"Jordan","hotelRating":"1","latitude":"29.5055","longitude":"34.9978","state_id":null,"state_name":null,"country_id":null},{"active":false,"Giataid":"21821","cityId":null,"cityName":"Wadi Musa","hotelId":21821,"hotelName":"Taybet Zaman Hotel & Resort","address":"Wadi Mousa Street,Taybeh Village (At Tayyibah),Wadi Musa - Petra 71873,Jordanien,Jordan","phones":"+96232150111","fax":"+96232150101","email":"","url":"","countryIso2":"JO","countryName":"Jordan","hotelRating":"5","latitude":"30.2545","longitude":"35.4598","state_id":null,"state_name":null,"country_id":null},{"active":false,"Giataid":"27577","cityId":null,"cityName":"Al Karak","hotelId":27577,"hotelName":"Resthouse","address":"NULL","phones":"","fax":"","email":"","url":"","countryIso2":"JO","countryName":"Jordan","hotelRating":"2","latitude":"0","longitude":"0","state_id":null,"state_name":null,"country_id":null},{"active":false,"Giataid":"27941","cityId":null,"cityName":"Al' Aqabah","hotelId":27941,"hotelName":"Royal Aqaba","address":"","phones":"","fax":"","email":"","url":"","countryIso2":"JO","countryName":"Jordan","hotelRating":"1","latitude":"29.5055","longitude":"34.9978","state_id":null,"state_name":null,"country_id":null},{"active":false,"Giataid":"39421","cityId":null,"cityName":"Sweimeh","hotelId":39421,"hotelName":"Dead Sea Marriott Resort & Spa","address":"Dead Sea Road,Sweimeh 11190,Dead Sea,Jordan","phones":"+96253560400","fax":"+96253560444","email":"jordanvalley@marriotthotels.com","url":"http://www.marriott.com/hotels/travel/qmdjv-jordan-valley-marriott-resort-and-spa/","countryIso2":"JO","countryName":"Jordan","hotelRating":"5","latitude":"31.7187","longitude":"35.587","state_id":null,"state_name":null,"country_id":null},{"active":false,"Giataid":"132280","cityId":null,"cityName":"Al' Aqabah","hotelId":132280,"hotelName":"Days Hotel Aqaba","address":"Al-Saada Street,Aqaba 77110,Jordan","phones":"+96232031901","fax":"+96232032845","email":"info@daysinn-aqaba.com","url":"http://www.daysinn-aqaba.com/","countryIso2":"JO","countryName":"Jordan","hotelRating":"4","latitude":"29.532","longitude":"35.0027","state_id":null,"state_name":null,"country_id":null},{"active":false,"Giataid":"182881","cityId":null,"cityName":"Al' Aqabah","hotelId":182881,"hotelName":"Movenpick Resort & Spa Tala Bay Aqaba","address":"South Beach Road,Tala Bay Area,P.O. Box 2425,77110 Aqaba,Jordan","phones":"+96232090300","fax":"+96232090301","email":"resort.aqaba.talabay@moevenpick.com","url":"http://www.moevenpick-hotels.com/de/pub/ihre_hotels/worldmap/tala_bay_aqaba/uebersicht.cfm","countryIso2":"JO","countryName":"Jordan","hotelRating":"5","latitude":"29.4058","longitude":"34.9776","state_id":null,"state_name":null,"country_id":null},{"active":false,"Giataid":"183055","cityId":null,"cityName":"Sweimeh","hotelId":183055,"hotelName":"Holiday Inn Resort Dead Sea","address":"Dead Sea Road,P.O. Box 170,18186 Dead Sea,Jordan","phones":"+96253495555","fax":"+96253560056","email":"reservations@hirdeadsea.com","url":"http://www.ichotelsgroup.com/h/d/rs/1/en/hotel/ddljo","countryIso2":"JO","countryName":"Jordan","hotelRating":"5","latitude":"31.7528","longitude":"35.5937","state_id":null,"state_name":null,"country_id":null},{"active":false,"Giataid":"203613","cityId":null,"cityName":"Al' Aqabah","hotelId":203613,"hotelName":"Tauchbasis - Sinai Divers","address":"NULL","phones":"","fax":"","email":"aqaba@sinaidivers.com","url":"http://www.sinaidivers.com/deutsch.htm","countryIso2":"JO","countryName":"Jordan","hotelRating":"1","latitude":"29.4055","longitude":"34.9764","state_id":null,"state_name":null,"country_id":null},{"active":false,"Giataid":"208013","cityId":null,"cityName":"Al' Aqabah","hotelId":208013,"hotelName":"Darna Village Beach Hostel","address":"","phones":"","fax":"","email":"","url":"","countryIso2":"JO","countryName":"Jordan","hotelRating":"2","latitude":"29.425","longitude":"34.9746","state_id":null,"state_name":null,"country_id":null},{"active":false,"Giataid":"211810","cityId":null,"cityName":"Al' Aqabah","hotelId":211810,"hotelName":"Arab Divers","address":"South Beach Road 3,P. O. Box 1976,Dive Centers Area,Aqaba 77110,Jordan","phones":"+96232031808","fax":"","email":"","url":"","countryIso2":"JO","countryName":"Jordan","hotelRating":"2","latitude":"29.4273","longitude":"34.9817","state_id":null,"state_name":null,"country_id":null},{"active":false,"Giataid":"218895","cityId":null,"cityName":"Wadi Rum","hotelId":218895,"hotelName":"Wadi Rum Caravan Camp","address":"Near Jabal Khazali,Inside The Protected Site of Wadi Rum,Wadi Rum 77110,Wadi Rum Reserve Park,Jordan","phones":"","fax":"+96232157750","email":"wadirumcaravancamp@gmail.com","url":"http://wadirumcaravancamp.com","countryIso2":"JO","countryName":"Jordan","hotelRating":"1","latitude":"29.6383","longitude":"35.5126","state_id":null,"state_name":null,"country_id":null},{"active":false,"Giataid":"229245","cityId":null,"cityName":"Wadi Rum","hotelId":229245,"hotelName":"King Aretas Camp","address":"NULL","phones":"+96232064022","fax":"+96232064022","email":"reservation@kingaretascampjordan.com","url":"http://www.kingaretascampjordan.com/","countryIso2":"JO","countryName":"Jordan","hotelRating":"1","latitude":"29.5726","longitude":"35.4224","state_id":null,"state_name":null,"country_id":null},{"active":false,"Giataid":"231888","cityId":null,"cityName":"Al' Aqabah","hotelId":231888,"hotelName":"My Hotel","address":"Aqaba,Jordanien,Jordan","phones":"+96232030890","fax":"+96232030893","email":"info@myhotel-jordan.com","url":"http://www.myhotel-jordan.com","countryIso2":"JO","countryName":"Jordan","hotelRating":"3","latitude":"29.5321","longitude":"35.0024","state_id":null,"state_name":null,"country_id":null},{"active":false,"Giataid":"232874","cityId":null,"cityName":"Al' Aqabah","hotelId":232874,"hotelName":"Classic","address":"Princess Haya Circle,Aqaba,Jordan","phones":"","fax":"","email":"","url":"","countryIso2":"JO","countryName":"Jordan","hotelRating":"3","latitude":"29.5313","longitude":"35.0071","state_id":null,"state_name":null,"country_id":null},{"active":false,"Giataid":"237354","cityId":null,"cityName":"Al' Aqabah","hotelId":237354,"hotelName":"Doubletree By Hilton Hotel Aqaba","address":"Al-Hammamat Al-Tunisyya Street,Aqaba 77110,Jordan","phones":"+96232093209","fax":"+96232093210","email":"","url":"http://doubletree1.hilton.com/en_US/dt/hotel/AQJDTDI-DoubleTree-by-Hilton-Hotel-Aqaba/index.do","countryIso2":"JO","countryName":"Jordan","hotelRating":"5","latitude":"29.5301","longitude":"35.0037","state_id":null,"state_name":null,"country_id":null},{"active":false,"Giataid":"244090","cityId":null,"cityName":"Wadi Musa","hotelId":244090,"hotelName":"Petra Nights Hotel","address":"Queen Ranea Street,Wadi Musa 71810,Petra,Jordan","phones":"+9623215100","fax":"","email":"","url":"http://www.hidabhotelpetra.com","countryIso2":"JO","countryName":"Jordan","hotelRating":"3","latitude":"30.3227","longitude":"35.4865","state_id":null,"state_name":null,"country_id":null},{"active":false,"Giataid":"245995","cityId":null,"cityName":"Sweimeh","hotelId":245995,"hotelName":"Crowne Plaza Jordan - Dead Sea Resort & Spa","address":"Dead Sea Road,P.O. Box 100,Swemieh 18186,Jordan","phones":"+96253494000","fax":"+96253494004","email":"info@cprdeadsea.com","url":"http://www.ichotelsgroup.com/crowneplaza/hotels/us/en/swemieh/nscjo/hoteldetail","countryIso2":"JO","countryName":"Jordan","hotelRating":"5","latitude":"31.7081","longitude":"35.5854","state_id":null,"state_name":null,"country_id":null},{"active":false,"Giataid":"364982","cityId":null,"cityName":"Wadi Musa","hotelId":364982,"hotelName":"Petra Guest House Hotel","address":"PO Box 30,Wadi Mousa,Petra,Jordan","phones":"+96232156266","fax":"+96232156977","email":"reservations@cprpetra.com","url":"http://www.guesthouse-petra.com","countryIso2":"JO","countryName":"Jordan","hotelRating":"4","latitude":"30.3236","longitude":"35.4673","state_id":null,"state_name":null,"country_id":null},{"active":false,"Giataid":"367794","cityId":null,"cityName":"Sweimeh","hotelId":367794,"hotelName":"Hilton Dead Sea Resort & Spa","address":"Dead Sea Road,Hotels Area,Sweimeh 11953,Jordan","phones":"+96253493000","fax":"","email":"","url":"","countryIso2":"JO","countryName":"Jordan","hotelRating":"5","latitude":"31.7219","longitude":"35.5872","state_id":null,"state_name":null,"country_id":null},{"active":false,"Giataid":"409674","cityId":null,"cityName":"Wadi Musa","hotelId":409674,"hotelName":"Candles Hotel","address":"Petra,Wadi Musa,Jordan","phones":"+96232156954","fax":"+96232155333","email":"candleslive@umniahlive.net","url":"http://www.candlespetra.com/","countryIso2":"JO","countryName":"Jordan","hotelRating":"3","latitude":"30.3265","longitude":"35.4716","state_id":null,"state_name":null,"country_id":null},{"active":false,"Giataid":"417782","cityId":null,"cityName":"Al' Aqabah","hotelId":417782,"hotelName":"Captain's Hotel","address":"P.O. Box 823,Al Sa'adeh Street,Aqaba 77110,Jordan","phones":"+96232060710","fax":"+96232060717","email":"sales@captains.jo","url":"http://www.captains-jo.com/home.aspx?s=1&l=1","countryIso2":"JO","countryName":"Jordan","hotelRating":"3","latitude":"29.5311","longitude":"35.0025","state_id":null,"state_name":null,"country_id":null},{"active":false,"Giataid":"418061","cityId":null,"cityName":"Shoubak","hotelId":418061,"hotelName":"Montreal Hotel","address":"South of Amman,Maan,Shobak 71727,Amman,Jordan","phones":"+96232165440","fax":"","email":"","url":"","countryIso2":"JO","countryName":"Jordan","hotelRating":"3","latitude":"30.5322","longitude":"35.559","state_id":null,"state_name":null,"country_id":null},{"active":false,"Giataid":"426827","cityId":null,"cityName":"Al' Aqabah","hotelId":426827,"hotelName":"Cedar Hotel","address":"","phones":"","fax":"","email":"","url":"","countryIso2":"JO","countryName":"Jordan","hotelRating":"3","latitude":"29.5305","longitude":"35.0059","state_id":null,"state_name":null,"country_id":null},{"active":false,"Giataid":"431688","cityId":null,"cityName":"Wadi Rum","hotelId":431688,"hotelName":"Rahayeb Desert Camp","address":"Diseh, Seeq Ummel Tawagi","phones":"+96232058557","fax":"","email":"","url":"","countryIso2":"JO","countryName":"Jordan","hotelRating":"2","latitude":"29.6277","longitude":"35.4896","state_id":null,"state_name":null,"country_id":null},{"active":false,"Giataid":"431886","cityId":null,"cityName":"Wadi Rum","hotelId":431886,"hotelName":"Sun City Camp","address":"NULL","phones":"","fax":"","email":"info@suncitycamp.com","url":"http://suncitycamp.com","countryIso2":"JO","countryName":"Jordan","hotelRating":"3","latitude":"29.5846","longitude":"35.4263","state_id":null,"state_name":null,"country_id":null},{"active":false,"Giataid":"437993","cityId":null,"cityName":"Wadi Rum","hotelId":437993,"hotelName":"Petra Night Camp","address":"","phones":"+962795906332","fax":"+96232157496","email":"petranightcamp@gmail.com","url":"http://petranightcamp.wix.com/petranightcamp","countryIso2":"JO","countryName":"Jordan","hotelRating":"3","latitude":"29.6781","longitude":"35.4547","state_id":null,"state_name":null,"country_id":null},{"active":false,"Giataid":"451036","cityId":null,"cityName":"Wadi Musa","hotelId":451036,"hotelName":"Rocky Mountain Hotel","address":"","phones":"","fax":"","email":"","url":"","countryIso2":"JO","countryName":"Jordan","hotelRating":"1","latitude":"30.3217","longitude":"35.4832","state_id":null,"state_name":null,"country_id":null},{"active":false,"Giataid":"452264","cityId":null,"cityName":"Wadi Musa","hotelId":452264,"hotelName":"Al Anbat Midtown 3","address":"","phones":"","fax":"","email":"","url":"","countryIso2":"JO","countryName":"Jordan","hotelRating":"1","latitude":"30.3214","longitude":"35.4793","state_id":null,"state_name":null,"country_id":null},{"active":false,"Giataid":"452467","cityId":null,"cityName":"Al' Aqabah","hotelId":452467,"hotelName":"Plaza Maswada","address":"princes Haya circle","phones":"","fax":"","email":"","url":"","countryIso2":"JO","countryName":"Jordan","hotelRating":"2","latitude":"29.5314","longitude":"35.0065","state_id":null,"state_name":null,"country_id":null},{"active":false,"Giataid":"452707","cityId":null,"cityName":"Al' Aqabah","hotelId":452707,"hotelName":"Summer Bay Resort","address":"","phones":"","fax":"","email":"","url":"","countryIso2":"JO","countryName":"Jordan","hotelRating":"3","latitude":"29.4109","longitude":"34.9835","state_id":null,"state_name":null,"country_id":null},{"active":false,"Giataid":"454258","cityId":null,"cityName":"Al' Aqabah","hotelId":454258,"hotelName":"Dweik Hotel 1","address":"Al Hamamat,Al Tunisia Street,Aqaba 77110,Jordan","phones":"","fax":"","email":"","url":"","countryIso2":"JO","countryName":"Jordan","hotelRating":"1","latitude":"29.5288","longitude":"35.0036","state_id":null,"state_name":null,"country_id":null},{"active":false,"Giataid":"454764","cityId":null,"cityName":"Al' Aqabah","hotelId":454764,"hotelName":"Al Zaitouna Hotel","address":"Al Hammamat Street","phones":"","fax":"","email":"","url":"","countryIso2":"JO","countryName":"Jordan","hotelRating":"3","latitude":"29.5312","longitude":"35.0056","state_id":null,"state_name":null,"country_id":null},{"active":false,"Giataid":"456494","cityId":null,"cityName":"Al' Aqabah","hotelId":456494,"hotelName":"Mass Paradise Hotel","address":"","phones":"","fax":"","email":"","url":"","countryIso2":"JO","countryName":"Jordan","hotelRating":"3","latitude":"29.5261","longitude":"35.007","state_id":null,"state_name":null,"country_id":null},{"active":false,"Giataid":"456967","cityId":null,"cityName":"Al' Aqabah","hotelId":456967,"hotelName":"Al Marsa Hotel","address":"","phones":"","fax":"","email":"","url":"","countryIso2":"JO","countryName":"Jordan","hotelRating":"2","latitude":"29.531","longitude":"35.0038","state_id":null,"state_name":null,"country_id":null},{"active":false,"Giataid":"457742","cityId":null,"cityName":"Al' Aqabah","hotelId":457742,"hotelName":"Ahla Tlah Hotel","address":"Corniche Street","phones":"","fax":"","email":"","url":"","countryIso2":"JO","countryName":"Jordan","hotelRating":"2","latitude":"29.5229","longitude":"35.0028","state_id":null,"state_name":null,"country_id":null},{"active":false,"Giataid":"458770","cityId":null,"cityName":"Al' Aqabah","hotelId":458770,"hotelName":"Oryx Hotel Aqaba","address":"Al Sharif Shakir Bin Zayd Street,Aqaba 77110,Jordan","phones":"+96232051111","fax":"+96232022800","email":"","url":"http://www.oryx-hotel.com","countryIso2":"JO","countryName":"Jordan","hotelRating":"5","latitude":"29.5401","longitude":"34.9994","state_id":null,"state_name":null,"country_id":null},{"active":false,"Giataid":"465327","cityId":null,"cityName":"Ajloun","hotelId":465327,"hotelName":"Ajloun Hotel","address":"Al Rabadh Castle Street,Ajloun 26810,Jordan","phones":"","fax":"","email":"","url":"","countryIso2":"JO","countryName":"Jordan","hotelRating":"2","latitude":"32.3297","longitude":"35.7345","state_id":null,"state_name":null,"country_id":null},{"active":false,"Giataid":"466985","cityId":null,"cityName":"Ajloun","hotelId":466985,"hotelName":"Al Jabal Castle Hotel","address":"Castle Street, Halawa Crossing,26810 Ajloun,Jordan","phones":"","fax":"","email":"","url":"","countryIso2":"JO","countryName":"Jordan","hotelRating":"2","latitude":"32.3311","longitude":"35.7379","state_id":null,"state_name":null,"country_id":null},{"active":false,"Giataid":"470270","cityId":null,"cityName":"Wadi Musa","hotelId":470270,"hotelName":"Petra by Night","address":"Petra Street","phones":"","fax":"","email":"","url":"","countryIso2":"JO","countryName":"Jordan","hotelRating":"1","latitude":"30.3229","longitude":"35.4865","state_id":null,"state_name":null,"country_id":null},{"active":false,"Giataid":"470270","cityId":null,"cityName":"Wadi Musa","hotelId":470270,"hotelName":"Petra by Night","address":"Petra Street","phones":"","fax":"","email":"","url":"","countryIso2":"JO","countryName":"Jordan","hotelRating":"1","latitude":"30.3229","longitude":"35.4865","state_id":null,"state_name":null,"country_id":null},{"active":false,"Giataid":"510900","cityId":null,"cityName":"Al' Aqabah","hotelId":510900,"hotelName":"Dream Hotel","address":"","phones":"","fax":"","email":"","url":"","countryIso2":"JO","countryName":"Jordan","hotelRating":"2","latitude":"29.5287","longitude":"35.0068","state_id":null,"state_name":null,"country_id":null},{"active":false,"Giataid":"535330","cityId":null,"cityName":"Wadi Rum","hotelId":535330,"hotelName":"Wadi Rum Night Luxury Camp","address":"Anfeshiah  Wadi Rum Protected Area and Natural Reserve,Ramm,Wadi Rum,Jordan","phones":"+96232157070","fax":"+96232159215","email":"info@wadirumnight.com","url":"http://www.wadirumnight.com","countryIso2":"JO","countryName":"Jordan","hotelRating":"1","latitude":"29.5601","longitude":"35.4527","state_id":null,"state_name":null,"country_id":null},{"active":false,"Giataid":"608638","cityId":null,"cityName":"Wadi Rum","hotelId":608638,"hotelName":"Bedouin Expedition Camp","address":"","phones":"+962779312344","fax":"","email":"","url":"","countryIso2":"JO","countryName":"Jordan","hotelRating":"1","latitude":"29.4836","longitude":"35.3931","state_id":null,"state_name":null,"country_id":null},{"active":false,"Giataid":"610833","cityId":null,"cityName":"Wadi Musa","hotelId":610833,"hotelName":"Saba'a Hotel","address":"Wadi Musa,Petra,Jordan","phones":"+96232156046","fax":"","email":"Sabaahotel@hotmail.com","url":"http://www.sabaahotel.com/","countryIso2":"JO","countryName":"Jordan","hotelRating":"1","latitude":"30.3219","longitude":"35.4803","state_id":null,"state_name":null,"country_id":null},{"active":false,"Giataid":"643834","cityId":null,"cityName":"Al' Aqabah","hotelId":643834,"hotelName":"Bedouin Moon Village","address":"South Beach Street,Aqaba 77110,Jordan","phones":"","fax":"","email":"","url":"","countryIso2":"JO","countryName":"Jordan","hotelRating":"1","latitude":"29.5055","longitude":"34.9978","state_id":null,"state_name":null,"country_id":null},{"active":false,"Giataid":"643883","cityId":null,"cityName":"Umm Qais","hotelId":643883,"hotelName":"Umm Qais Hotel","address":"Main Street,Umm Qais 21110,Jordan","phones":"","fax":"","email":"","url":"","countryIso2":"JO","countryName":"Jordan","hotelRating":"1","latitude":"0","longitude":"0","state_id":null,"state_name":null,"country_id":null},{"active":false,"Giataid":"643906","cityId":null,"cityName":"Wadi Rum","hotelId":643906,"hotelName":"Quteish Desert Camp by Wadi Rum Desert Service","address":"NULL","phones":"","fax":"","email":"","url":"","countryIso2":"JO","countryName":"Jordan","hotelRating":"1","latitude":"29.5496","longitude":"35.4213","state_id":null,"state_name":null,"country_id":null},{"active":false,"Giataid":"706939","cityId":null,"cityName":"Al' Aqabah","hotelId":659180,"hotelName":"Beau Rivage Boutique Resort By Sol Y Mar","address":"South of Aqaba,2 km before Tala Bay Village,Youth Village,77110 Aqaba,Jordan","phones":"","fax":"","email":"","url":"","countryIso2":"JO","countryName":"Jordan","hotelRating":"3","latitude":"29.5055","longitude":"34.9978","state_id":null,"state_name":null,"country_id":null},{"active":false,"Giataid":"678010","cityId":null,"cityName":"Al' Aqabah","hotelId":678010,"hotelName":"Barracuda Hotel","address":"Aqaba South Beach,Aqaba 77110,Jordan","phones":"","fax":"","email":"","url":"","countryIso2":"JO","countryName":"Jordan","hotelRating":"1","latitude":"29.5055","longitude":"34.9978","state_id":null,"state_name":null,"country_id":null},{"active":false,"Giataid":"678089","cityId":null,"cityName":"Al' Aqabah","hotelId":678089,"hotelName":"Villa Al Humam","address":"3rd District,Salah El-Deen Street,P.O. Box 901,Aqaba 77110,Jordan","phones":"","fax":"+96232051106","email":"info@villaalhumam.com","url":"http://villaalhumam.com/","countryIso2":"JO","countryName":"Jordan","hotelRating":"1","latitude":"29.5471","longitude":"35.0134","state_id":null,"state_name":null,"country_id":null},{"active":false,"Giataid":"678091","cityId":null,"cityName":"Al' Aqabah","hotelId":678091,"hotelName":"Rosa Hotel Aqaba","address":"Ma'an Street,Building 9,Opposite King Hussein Street,Aqaba,Jordan","phones":"","fax":"","email":"","url":"","countryIso2":"JO","countryName":"Jordan","hotelRating":"1","latitude":"29.5055","longitude":"34.9978","state_id":null,"state_name":null,"country_id":null},{"active":false,"Giataid":"678093","cityId":null,"cityName":"Al' Aqabah","hotelId":678093,"hotelName":"Aqaba Inn","address":"Princess Haya Circle,Aqaba,Jordan","phones":"","fax":"","email":"","url":"http://www.aqaba-inn.booked.net/","countryIso2":"JO","countryName":"Jordan","hotelRating":"1","latitude":"29.5319","longitude":"35.0061","state_id":null,"state_name":null,"country_id":null},{"active":false,"Giataid":"706732","cityId":null,"cityName":"Sweimeh","hotelId":706732,"hotelName":"Thara Dead Sea","address":"NULL","phones":"","fax":"","email":"","url":"","countryIso2":"JO","countryName":"Jordan","hotelRating":"1","latitude":"31.7505","longitude":"35.5851","state_id":null,"state_name":null,"country_id":null},{"active":false,"Giataid":"713671","cityId":null,"cityName":"Al' Aqabah","hotelId":713671,"hotelName":"Dweik Hotel 3","address":"Al Hamamat Al Toneseya,Akaba,Jordan","phones":"","fax":"","email":"","url":"","countryIso2":"JO","countryName":"Jordan","hotelRating":"1","latitude":"29.5055","longitude":"34.9978","state_id":null,"state_name":null,"country_id":null},{"active":false,"Giataid":"733200","cityId":null,"cityName":"Al' Aqabah","hotelId":733200,"hotelName":"Public Security Hotel & Chalets","address":"South Beach,77110 Aqaba,Jordan","phones":"+96232091250","fax":"","email":"p.s.haqaba@gmail.com","url":"","countryIso2":"JO","countryName":"Jordan","hotelRating":"1","latitude":"29.5055","longitude":"34.9978","state_id":null,"state_name":null,"country_id":null},{"active":false,"Giataid":"733357","cityId":null,"cityName":"Al' Aqabah","hotelId":733357,"hotelName":"Baraka Al Aqaba Hotel Suites","address":"Aqaba Al Manara Street,Aqaba 25252,Jordan","phones":"","fax":"","email":"","url":"","countryIso2":"JO","countryName":"Jordan","hotelRating":"1","latitude":"29.5242","longitude":"35.0089","state_id":null,"state_name":null,"country_id":null},{"active":false,"Giataid":"734946","cityId":null,"cityName":"Wadi Musa","hotelId":734946,"hotelName":"Petra Mars Camp","address":"Historical City Of Petra,Wadi Musa 71882,Petra,Jordan","phones":"","fax":"","email":"","url":"","countryIso2":"JO","countryName":"Jordan","hotelRating":"1","latitude":"30.3293","longitude":"35.4738","state_id":null,"state_name":null,"country_id":null},{"active":false,"Giataid":"736379","cityId":null,"cityName":"Wadi Rum","hotelId":736379,"hotelName":"Jordan Tracks Bedouin Camp","address":"Mosque Street 1,Wadi Rum Village,PO Box 468,Wadi Rum 77110,Jordan","phones":"","fax":"","email":"","url":"","countryIso2":"JO","countryName":"Jordan","hotelRating":"1","latitude":"29.5634","longitude":"35.4335","state_id":null,"state_name":null,"country_id":null},{"active":false,"Giataid":"736384","cityId":null,"cityName":"Wadi Rum","hotelId":736384,"hotelName":"Hasan Zawaideh Camp","address":"Ad Deiseh,Wadi Rum 77110,Jordan","phones":"","fax":"","email":"","url":"","countryIso2":"JO","countryName":"Jordan","hotelRating":"1","latitude":"29.6167","longitude":"35.4822","state_id":null,"state_name":null,"country_id":null},{"active":false,"Giataid":"737645","cityId":null,"cityName":"Al' Aqabah","hotelId":737645,"hotelName":"Yacht Hotel","address":"Al Batraa Street,Aqaba 77110,Jordan","phones":"","fax":"","email":"","url":"","countryIso2":"JO","countryName":"Jordan","hotelRating":"1","latitude":"29.5055","longitude":"34.9978","state_id":null,"state_name":null,"country_id":null},{"active":false,"Giataid":"742229","cityId":null,"cityName":"Al' Aqabah","hotelId":742229,"hotelName":"Jordan Flower Hotel","address":"Prince Mohammad Street,77110 Aqaba,Jordan","phones":"","fax":"","email":"","url":"","countryIso2":"JO","countryName":"Jordan","hotelRating":"1","latitude":"29.5055","longitude":"34.9978","state_id":null,"state_name":null,"country_id":null},{"active":false,"Giataid":"743248","cityId":null,"cityName":"Al' Aqabah","hotelId":743248,"hotelName":"Al Manara, a Luxury Collection Hotel, Saraya Aqaba","address":"Al-Hashemi Street,Aqaba 1968,Jordan","phones":"+96232021000","fax":"","email":"","url":"http://www.starwoodhotels.com/luxury/property/overview/index.html?propertyID=3104","countryIso2":"JO","countryName":"Jordan","hotelRating":"5","latitude":"29.5055","longitude":"34.9978","state_id":null,"state_name":null,"country_id":null},{"active":false,"Giataid":"746243","cityId":null,"cityName":"Al' Aqabah","hotelId":746243,"hotelName":"Al Hawari Apartments","address":"Aqaba King Hussain Airport Road,Al Farouk Street,Aqaba 00962,Jordan","phones":"","fax":"","email":"","url":"","countryIso2":"JO","countryName":"Jordan","hotelRating":"1","latitude":"29.5055","longitude":"34.9978","state_id":null,"state_name":null,"country_id":null},{"active":false,"Giataid":"746342","cityId":null,"cityName":"Wadi Musa","hotelId":746342,"hotelName":"Petra View Hostel","address":"Edge Of Umm Sayhoun Village,Wadi Musa 71810,Jordan","phones":"","fax":"","email":"","url":"http://www.booking.com/hotel/jo/petra-view-hostel.en-gb.html?aid=357026","countryIso2":"JO","countryName":"Jordan","hotelRating":"1","latitude":"30.3293","longitude":"35.4738","state_id":null,"state_name":null,"country_id":null},{"active":false,"Giataid":"746514","cityId":null,"cityName":"Wadi Rum","hotelId":746514,"hotelName":"Wadi Rum Nabatean Camp","address":"12km From Wadi Rum Village,Wadi Rum,Jordan","phones":"","fax":"","email":"","url":"","countryIso2":"JO","countryName":"Jordan","hotelRating":"1","latitude":"29.5634","longitude":"35.4335","state_id":null,"state_name":null,"country_id":null},{"active":false,"Giataid":"747450","cityId":null,"cityName":"Wadi Rum","hotelId":747450,"hotelName":"Sand Rose Camp","address":"NULL","phones":"+96232018867","fax":"+96232018867","email":"","url":"http://sand.sandrosecamp.com/Default.aspx?Lng=2&P=h&m=h","countryIso2":"JO","countryName":"Jordan","hotelRating":"1","latitude":"29.5634","longitude":"35.4335","state_id":null,"state_name":null,"country_id":null},{"active":false,"Giataid":"747480","cityId":null,"cityName":"Wadi Rum","hotelId":747480,"hotelName":"Khaled Awwad Camp","address":"Wadi Rum Road,Wadi Rum,Jordan","phones":"","fax":"","email":"","url":"","countryIso2":"JO","countryName":"Jordan","hotelRating":"1","latitude":"29.5634","longitude":"35.4335","state_id":null,"state_name":null,"country_id":null},{"active":false,"Giataid":"747493","cityId":null,"cityName":"Wadi Rum","hotelId":747493,"hotelName":"Wadi Rum Candles Camp","address":"Desert Highway,Wadi Rum Road,Wadi Rum 77110,Aqaba Governorate,Jordan","phones":"","fax":"","email":"candlescamp@gmail.com","url":"http://www.wadirumcandlescamp.com","countryIso2":"JO","countryName":"Jordan","hotelRating":"1","latitude":"29.5634","longitude":"35.4335","state_id":null,"state_name":null,"country_id":null},{"active":false,"Giataid":"747513","cityId":null,"cityName":"Wadi Rum","hotelId":747513,"hotelName":"Wadirum Quiet Village Camp","address":"Wadi Rum Protected Area,Wadi Rum 77110,Jordan","phones":"","fax":"","email":"","url":"http://www.wadirumquietvillage.com","countryIso2":"JO","countryName":"Jordan","hotelRating":"1","latitude":"29.5634","longitude":"35.4335","state_id":null,"state_name":null,"country_id":null},{"active":false,"Giataid":"748214","cityId":null,"cityName":"Wadi Rum","hotelId":748214,"hotelName":"Wadi Rum Moon Light Camp","address":"Wadi Rum Street,Wadi Rum 15544,Jordan","phones":"","fax":"","email":"","url":"","countryIso2":"JO","countryName":"Jordan","hotelRating":"1","latitude":"29.5634","longitude":"35.4335","state_id":null,"state_name":null,"country_id":null},{"active":false,"Giataid":"748291","cityId":null,"cityName":"Wadi Rum","hotelId":748291,"hotelName":"Desert Moon Camp","address":"Wadi Rum Road,Wadi Rum 00962,Aqaba Governorate,Jordan","phones":"","fax":"","email":"","url":"http://www.desertmooncamp.net","countryIso2":"JO","countryName":"Jordan","hotelRating":"1","latitude":"29.5634","longitude":"35.4335","state_id":null,"state_name":null,"country_id":null},{"active":false,"Giataid":"751580","cityId":null,"cityName":"Wadi Rum","hotelId":751580,"hotelName":"Oasis Bedouin Camp","address":"Wadi Rum Road 712,Wadi Rum 77110,Jordan","phones":"","fax":"","email":"","url":"","countryIso2":"JO","countryName":"Jordan","hotelRating":"1","latitude":"29.5634","longitude":"35.4335","state_id":null,"state_name":null,"country_id":null},{"active":false,"Giataid":"756158","cityId":null,"cityName":"Al' Aqabah","hotelId":756158,"hotelName":"The Westin Saraya Aqaba","address":"Plot V,Saraya,Aqaba,Jordan","phones":"+96265903470","fax":"+96265920933","email":"","url":"http://www.starwoodhotels.com/westin/property/overview/index.html?language=en_US&propertyID=3106","countryIso2":"JO","countryName":"Jordan","hotelRating":"1","latitude":"29.5055","longitude":"34.9978","state_id":null,"state_name":null,"country_id":null},{"active":false,"Giataid":"758726","cityId":null,"cityName":"Al' Aqabah","hotelId":758726,"hotelName":"Hyatt Regency Ayla Aqaba","address":"Marina Village,Ayla,Aqaba,Jordan","phones":"","fax":"","email":"","url":"http://www.hoteliermiddleeast.com/hotels/1412-hyatt-regency-aqaba-ayla/","countryIso2":"JO","countryName":"Jordan","hotelRating":"5","latitude":"29.5055","longitude":"34.9978","state_id":null,"state_name":null,"country_id":null},{"active":false,"Giataid":"795465","cityId":null,"cityName":"Al' Aqabah","hotelId":795465,"hotelName":"Amer 1 Hotel","address":"Raghadan Street,Aqaba 77110,Jordan","phones":"","fax":"","email":"","url":"","countryIso2":"JO","countryName":"Jordan","hotelRating":"1","latitude":"29.5055","longitude":"34.9978","state_id":null,"state_name":null,"country_id":null},{"active":false,"Giataid":"796510","cityId":null,"cityName":"Al' Aqabah","hotelId":796510,"hotelName":"Al Ameerah Hotel","address":"Marketing Area 1,Abarakah Street,PO Box 383,Aqaba 77110,Jordan","phones":"","fax":"","email":"","url":"","countryIso2":"JO","countryName":"Jordan","hotelRating":"1","latitude":"29.5055","longitude":"34.9978","state_id":null,"state_name":null,"country_id":null},{"active":false,"Giataid":"799856","cityId":null,"cityName":"Al' Aqabah","hotelId":799856,"hotelName":"Costa Marina Hotel & Suites","address":"Fifth Area,Al Farabi Street,Aqaba,Jordan","phones":"","fax":"","email":"","url":"","countryIso2":"JO","countryName":"Jordan","hotelRating":"1","latitude":"29.5055","longitude":"34.9978","state_id":null,"state_name":null,"country_id":null},{"active":false,"Giataid":"802142","cityId":null,"cityName":"Sweimeh","hotelId":802142,"hotelName":"OH Beach Hotel & Resort","address":"Dead Sea Road,Sweimeh,Jordan","phones":"+96253492000","fax":"+96253492024","email":"info@ohresort.net","url":"http://www.ohresort.net","countryIso2":"JO","countryName":"Jordan","hotelRating":"1","latitude":"31.7505","longitude":"35.5851","state_id":null,"state_name":null,"country_id":null},{"active":false,"Giataid":"809275","cityId":null,"cityName":"Al' Aqabah","hotelId":809275,"hotelName":"Aqaba Waves Hotel","address":"Trade Zone 4,Al Za'tary Street,Aqaba,Jordan","phones":"","fax":"","email":"","url":"","countryIso2":"JO","countryName":"Jordan","hotelRating":"1","latitude":"29.5055","longitude":"34.9978","state_id":null,"state_name":null,"country_id":null},{"active":false,"Giataid":"815324","cityId":null,"cityName":"Al' Aqabah","hotelId":815324,"hotelName":"Darna Divers Village","address":"South Brach Road,PO Box 1703,Aqaba 77110,Jordan","phones":"","fax":"","email":"","url":"","countryIso2":"JO","countryName":"Jordan","hotelRating":"1","latitude":"29.5055","longitude":"34.9978","state_id":null,"state_name":null,"country_id":null},{"active":false,"Giataid":"815355","cityId":null,"cityName":"Al' Aqabah","hotelId":815355,"hotelName":"Aqaba View Hotel","address":"Aqaba-Center Beach,Mina House Beach Located On The Red Sea Beach,Aqaba 77110,Jordan","phones":"","fax":"","email":"","url":"","countryIso2":"JO","countryName":"Jordan","hotelRating":"1","latitude":"29.5055","longitude":"34.9978","state_id":null,"state_name":null,"country_id":null},{"active":false,"Giataid":"816451","cityId":null,"cityName":"Wadi Rum","hotelId":816451,"hotelName":"Camel Camp","address":"Wadi Rum Protected Area,Wadi Rum Road,Wadi Rum 77110,Jordan","phones":"","fax":"","email":"","url":"http://www.wadirumcamelcamp.com/","countryIso2":"JO","countryName":"Jordan","hotelRating":"1","latitude":"29.5634","longitude":"35.4335","state_id":null,"state_name":null,"country_id":null},{"active":false,"Giataid":"821027","cityId":null,"cityName":"Wadi Rum","hotelId":821027,"hotelName":"Rum Stars Hotel","address":"Wadi Rum 77110,Jordan","phones":"","fax":"","email":"rumstarscamp@yahoo.com","url":"http://www.rumstars.com/","countryIso2":"JO","countryName":"Jordan","hotelRating":"1","latitude":"29.5634","longitude":"35.4335","state_id":null,"state_name":null,"country_id":null},{"active":false,"Giataid":"823506","cityId":null,"cityName":"Wadi Rum","hotelId":823506,"hotelName":"Wadi Rum Cave Camp","address":"3 Sunset Sai Jordan Aqaba Wadirum,03215 Wadi Rum,Jordan","phones":"","fax":"","email":"","url":"","countryIso2":"JO","countryName":"Jordan","hotelRating":"1","latitude":"29.5634","longitude":"35.4335","state_id":null,"state_name":null,"country_id":null},{"active":false,"Giataid":"823840","cityId":null,"cityName":"Wadi Rum","hotelId":823840,"hotelName":"Desert Horizon Bedouin Camp","address":"NULL","phones":"","fax":"","email":"","url":"","countryIso2":"JO","countryName":"Jordan","hotelRating":"1","latitude":"29.5634","longitude":"35.4335","state_id":null,"state_name":null,"country_id":null},{"active":false,"Giataid":"521745","cityId":null,"cityName":"Wadi Musa","hotelId":10069759,"hotelName":"Al Rashid Hotel","address":"Tourism Street,Main Street,Wadi Musa 81710,Petra,Jordan","phones":"","fax":"","email":"","url":"","countryIso2":"JO","countryName":"Jordan","hotelRating":"1","latitude":"30.322","longitude":"35.4802","state_id":null,"state_name":null,"country_id":null},{"active":false,"Giataid":"466892","cityId":null,"cityName":"Al' Aqabah","hotelId":10070207,"hotelName":"Jardaneh Hotel","address":"Aqaba-,Princess Haya Roundabout,77110 Aqaba,Jordan","phones":"","fax":"","email":"","url":"","countryIso2":"JO","countryName":"Jordan","hotelRating":"3","latitude":"29.531","longitude":"35.0067","state_id":null,"state_name":null,"country_id":null},{"active":false,"Giataid":"706756","cityId":null,"cityName":"Al' Aqabah","hotelId":20004478,"hotelName":"Bait al Aqaba Diving Center & Resort","address":"South Beach,Southern Shore,Aqaba,Jordan","phones":"","fax":"","email":"Resort@baitalaqaba.com","url":"https://baitalaqaba.com","countryIso2":"JO","countryName":"Jordan","hotelRating":"0","latitude":"29.4574","longitude":"34.9839","state_id":null,"state_name":null,"country_id":null},{"active":false,"Giataid":"5774","cityId":null,"cityName":"Al' Aqabah","hotelId":20004675,"hotelName":"Crystal International Hotel","address":"P.O. Box 905,Cornish Street,Aqaba 77110,Jordan","phones":"+96232022001","fax":"+96232022006","email":"contact@crystal-international.com","url":"http://www.crystal-international.com/deutsch/index.htm","countryIso2":"JO","countryName":"Jordan","hotelRating":"3","latitude":"29.5238","longitude":"35.0071","state_id":null,"state_name":null,"country_id":null},{"active":false,"Giataid":"501446","cityId":null,"cityName":"Ma'in Hot Springs","hotelId":20007638,"hotelName":"Sehatty Resort","address":"16 Elya Abu Madi,Ma'In,Hot Springs,Jordan","phones":"","fax":"","email":"","url":"","countryIso2":"JO","countryName":"Jordan","hotelRating":"3","latitude":"31.596","longitude":"35.5697","state_id":null,"state_name":null,"country_id":null},{"active":false,"Giataid":"712913","cityId":null,"cityName":"Al' Aqabah","hotelId":20008257,"hotelName":"Al-Riyati For Hotel Apartments","address":"Saada Street,Aqaba 77110,Jordan","phones":"","fax":"","email":"","url":"","countryIso2":"JO","countryName":"Jordan","hotelRating":"0","latitude":"29.5055","longitude":"34.9978","state_id":null,"state_name":null,"country_id":null},{"active":false,"Giataid":"706849","cityId":null,"cityName":"Wadi Musa","hotelId":20008559,"hotelName":"Petra Cottage","address":"Little Petra,71811 Wadi Musa,Ma`An,Jordan","phones":"","fax":"","email":"yousifl77@yahoo.com","url":"http://petracottage.yolasite.com","countryIso2":"JO","countryName":"Jordan","hotelRating":"0","latitude":"30.3293","longitude":"35.4738","state_id":null,"state_name":null,"country_id":null},{"active":false,"Giataid":"712833","cityId":null,"cityName":"Wadi Musa","hotelId":20008688,"hotelName":"Petra Bed and Breakfast","address":"Wadi Musa 71810,Petra,Jordan","phones":"","fax":"","email":"petrabedandbreakfast@gmail.com","url":"http://www.petrabedandbreakfast.com","countryIso2":"JO","countryName":"Jordan","hotelRating":"0","latitude":"30.3293","longitude":"35.4738","state_id":null,"state_name":null,"country_id":null},{"active":false,"Giataid":"678022","cityId":null,"cityName":"Wadi Musa","hotelId":20008849,"hotelName":"Peace Way Hotel","address":"Main Street,Tourist Street,Wadi Musa,Petra,Jordan","phones":"","fax":"","email":"","url":"","countryIso2":"JO","countryName":"Jordan","hotelRating":"0","latitude":"30.321","longitude":"35.4809","state_id":null,"state_name":null,"country_id":null},{"active":false,"Giataid":"203361","cityId":null,"cityName":"Al' Aqabah","hotelId":20009017,"hotelName":"Tauchbasis - Extra Divers","address":"Radisson BLU Tala Bay,South Beach,Tala Bay,77110  Aqaba,Jordan","phones":"","fax":"","email":"","url":"https://www.extradivers-worldwide.com/en/dive-center/country/jordan/dive-center-extra-divers-aqaba_29.html","countryIso2":"JO","countryName":"Jordan","hotelRating":"0","latitude":"29.4115","longitude":"34.9783","state_id":null,"state_name":null,"country_id":null},{"active":false,"Giataid":"712899","cityId":null,"cityName":"Wadi Musa","hotelId":20009143,"hotelName":"Abraham Hostel","address":"Wadi Musa 71810,Jordan","phones":"","fax":"","email":"","url":"","countryIso2":"JO","countryName":"Jordan","hotelRating":"0","latitude":"30.3293","longitude":"35.4738","state_id":null,"state_name":null,"country_id":null},{"active":false,"Giataid":"643862","cityId":null,"cityName":"Wadi Rum","hotelId":20009243,"hotelName":"Alblwi Camp","address":"Al Khazali,Wadi Rum 77110,Jordan","phones":"","fax":"","email":"","url":"","countryIso2":"JO","countryName":"Jordan","hotelRating":"0","latitude":"29.4984","longitude":"35.4127","state_id":null,"state_name":null,"country_id":null},{"active":false,"Giataid":"643829","cityId":null,"cityName":"Wadi Rum","hotelId":20009549,"hotelName":"Rainbow Camp","address":"Wadi Rum Protected Area,Wadi Rum 77110,Jordan","phones":"","fax":"","email":"","url":"","countryIso2":"JO","countryName":"Jordan","hotelRating":"0","latitude":"29.5634","longitude":"35.4335","state_id":null,"state_name":null,"country_id":null},{"active":false,"Giataid":"615815","cityId":null,"cityName":"Wadi Musa","hotelId":20009683,"hotelName":"Al Anbat Midtown 2","address":"Al Yakhor Street,behind the Arab Bank,71810 Wadi Musa,Jordan","phones":"","fax":"","email":"","url":"http://www.booking.com/hotel/jo/al-anbat-midtown-2.html","countryIso2":"JO","countryName":"Jordan","hotelRating":"1","latitude":"30.3217","longitude":"35.4793","state_id":null,"state_name":null,"country_id":null},{"active":false,"Giataid":"678002","cityId":null,"cityName":"Sweimeh","hotelId":20014930,"hotelName":"Grand East Hotel Resort & SPA","address":"Sweimeh,Dead Sea,Jordan","phones":"+96265005500","fax":"+96265005505","email":"info@grandeasthotel.com","url":"http://grandeasthotel.com","countryIso2":"JO","countryName":"Jordan","hotelRating":"0","latitude":"31.7317","longitude":"35.5911","state_id":null,"state_name":null,"country_id":null},{"active":false,"Giataid":"467818","cityId":null,"cityName":"Al Karak","hotelId":20015639,"hotelName":"Cairwan Hotel","address":"Habbes Majali Street,Karak,Jordan","phones":"","fax":"","email":"","url":"","countryIso2":"JO","countryName":"Jordan","hotelRating":"1","latitude":"31.18","longitude":"35.7097","state_id":null,"state_name":null,"country_id":null},{"active":false,"Giataid":"472808","cityId":null,"cityName":"Al' Aqabah","hotelId":20015834,"hotelName":"Al Amer Chalet 2","address":"Beside Aqaba Port Gate,King Hussein Street 1,Aqaba 00962,Jordan","phones":"","fax":"","email":"","url":"","countryIso2":"JO","countryName":"Jordan","hotelRating":"0","latitude":"29.5158","longitude":"35.0017","state_id":null,"state_name":null,"country_id":null},{"active":false,"Giataid":"706939","cityId":null,"cityName":"Al' Aqabah","hotelId":20015935,"hotelName":"Sol Y Mar Beau Rivage","address":"South of Aqaba,2 km before Tala Bay Village,Youth Village,77110 Aqaba,Jordan","phones":"+96232092111","fax":"+96232092100","email":"info@beaurivageresort-aqaba.com","url":"http://www.jaz.travel/Aqaba/hotels/solymar-beau-rivag-hotel.aspx","countryIso2":"JO","countryName":"Jordan","hotelRating":"4","latitude":"29.4292","longitude":"34.9799","state_id":null,"state_name":null,"country_id":null},{"active":false,"Giataid":"707885","cityId":null,"cityName":"Wadi Rum","hotelId":20016144,"hotelName":"Milky Way Ecolodge","address":"Wadi Rum Protected Area,77110 Wadi Rum,Jordan","phones":"+962777349574","fax":"","email":"tevamilkyway@gmail.com","url":"http://www.milkywayecolodgecamp.fr/","countryIso2":"JO","countryName":"Jordan","hotelRating":"0","latitude":"29.5158","longitude":"35.4332","state_id":null,"state_name":null,"country_id":null},{"active":false,"Giataid":"681099","cityId":null,"cityName":"Wadi Rum","hotelId":20016240,"hotelName":"Bedouin Traditions Camp","address":"00962 Wadi Rum,Jordan","phones":"","fax":"","email":"","url":"http://www.wadirumbedouintraditions.com/","countryIso2":"JO","countryName":"Jordan","hotelRating":"0","latitude":"29.4956","longitude":"35.4074","state_id":null,"state_name":null,"country_id":null},{"active":false,"Giataid":"7294","cityId":null,"cityName":"Al' Aqabah","hotelId":20016363,"hotelName":"Alcazar","address":"PO Box 392,Aqaba 77110,Jordan","phones":"+96232014131","fax":"+96232014133","email":"alcazarhotel@orange.jo","url":"http://alcazarhotel.co/","countryIso2":"JO","countryName":"Jordan","hotelRating":"3","latitude":"29.5325","longitude":"35.0017","state_id":null,"state_name":null,"country_id":null},{"active":false,"Giataid":"706818","cityId":null,"cityName":"Wadi Rum","hotelId":20016458,"hotelName":"Beyond Wadi Rum Camp","address":"located in the Little Bridge Area,Wadi Rum Protected Area & Natural Reserve,Wadi Rum,Aqaba,Jordan","phones":"","fax":"","email":"beyondwadirum@gmail.com","url":"http://www.beyondwadirum.com","countryIso2":"JO","countryName":"Jordan","hotelRating":"0","latitude":"29.5634","longitude":"35.4335","state_id":null,"state_name":null,"country_id":null},{"active":false,"Giataid":"706612","cityId":null,"cityName":"Wadi Rum","hotelId":20016585,"hotelName":"Mohammed Mutlak Camp","address":"Wadi Rum Protected Area,Wadi Rum,Aqaba,Amman,Jordan","phones":"+962777424837","fax":"","email":"","url":"http://www.wadirum.org/","countryIso2":"JO","countryName":"Jordan","hotelRating":"0","latitude":"29.5634","longitude":"35.4335","state_id":null,"state_name":null,"country_id":null},{"active":false,"Giataid":"706688","cityId":null,"cityName":"Wadi Rum","hotelId":20016674,"hotelName":"Discovery Bedu Camp","address":"PO Box 840618,Wadi Rum,Jordan","phones":"+96265697998","fax":"+96232032588","email":"info@discoverybedu.com","url":"http://www.bespokehideaways.com","countryIso2":"JO","countryName":"Jordan","hotelRating":"0","latitude":"29.5634","longitude":"35.4335","state_id":null,"state_name":null,"country_id":null},{"active":false,"Giataid":"527031","cityId":null,"cityName":"Sweimeh","hotelId":20016803,"hotelName":"Russian Pilgrims Residence","address":"Baptism Site,Jordan River,Sowayma 28170,Jordan","phones":"+962790644105","fax":"","email":"","url":"http://www.hoteljordan.rusdm.ru/en/","countryIso2":"JO","countryName":"Jordan","hotelRating":"4","latitude":"31.8315","longitude":"35.5476","state_id":null,"state_name":null,"country_id":null},{"active":false,"Giataid":"623070","cityId":null,"cityName":"Al' Aqabah","hotelId":20017118,"hotelName":"Amir Palace Hotel Aqaba","address":"Najran Street,Aqaba 77110,Jordan","phones":"+96232013112","fax":"","email":"info@amirpalacehotel.com","url":"http://amirpalacehotel.com","countryIso2":"JO","countryName":"Jordan","hotelRating":"0","latitude":"29.5301","longitude":"35.0059","state_id":null,"state_name":null,"country_id":null},{"active":false,"Giataid":"678079","cityId":null,"cityName":"Al' Aqabah","hotelId":20017237,"hotelName":"Ziyara Inn Apartment","address":"Facing Princess Haya Hospital,Petra Street 35,Aqaba 77110,Jordan","phones":"","fax":"","email":"","url":"","countryIso2":"JO","countryName":"Jordan","hotelRating":"0","latitude":"29.5332","longitude":"35.0071","state_id":null,"state_name":null,"country_id":null},{"active":false,"Giataid":"18992","cityId":null,"cityName":"Al' Aqabah","hotelId":20017318,"hotelName":"Petra International Hotel","address":"Al Manara Street,Aqaba,Jordan","phones":"+96232016255","fax":"+96232014270","email":"","url":"","countryIso2":"JO","countryName":"Jordan","hotelRating":"3","latitude":"29.5055","longitude":"34.9978","state_id":null,"state_name":null,"country_id":null},{"active":false,"Giataid":"623135","cityId":null,"cityName":"Wadi Musa","hotelId":20017447,"hotelName":"My Home Petra","address":"Petra Tourism Street,300 Meters From The Gate Of Petra,PO 127,Wadi Musa 71810,Jordan","phones":"","fax":"","email":"","url":"","countryIso2":"JO","countryName":"Jordan","hotelRating":"0","latitude":"30.3293","longitude":"35.4738","state_id":null,"state_name":null,"country_id":null},{"active":false,"Giataid":"678004","cityId":null,"cityName":"Wadi Musa","hotelId":20017557,"hotelName":"Qasr Al Bint Hostel","address":"Al-Shaheed Roundabout,Main Street,Wadi Musa 71810,Petra,Jordan","phones":"","fax":"","email":"","url":"","countryIso2":"JO","countryName":"Jordan","hotelRating":"0","latitude":"30.3293","longitude":"35.4738","state_id":null,"state_name":null,"country_id":null},{"active":false,"Giataid":"678023","cityId":null,"cityName":"Al' Aqabah","hotelId":20019893,"hotelName":"Almarsa Village Dive Resort","address":"South Coast Road,South Beach,Aqaba 77110,Jordan","phones":"","fax":"","email":"","url":"","countryIso2":"JO","countryName":"Jordan","hotelRating":"0","latitude":"29.4246","longitude":"34.975","state_id":null,"state_name":null,"country_id":null},{"active":false,"Giataid":"517827","cityId":null,"cityName":"Wadi Musa","hotelId":20020059,"hotelName":"Venus Hotel","address":"Tourism Street,100M Off The Entrance of Petra,Petra,Po Box 164,Wadi Mousa,Jordan","phones":"+962777426456","fax":"+96232157165","email":"info@petravenushotel.com","url":"http://www.petravenushotel.com","countryIso2":"JO","countryName":"Jordan","hotelRating":"1","latitude":"30.3216","longitude":"35.4801","state_id":null,"state_name":null,"country_id":null},{"active":false,"Giataid":"643836","cityId":null,"cityName":"Wadi Rum","hotelId":20020150,"hotelName":"Bedouin Whispers Camp","address":"East Side Of Al Khazali Mountain,Wadi Rum,Jordan","phones":"+962795617902","fax":"","email":"bedouinwhispers@yahoo.com","url":"http://www.bedouinwhispers.com/","countryIso2":"JO","countryName":"Jordan","hotelRating":"0","latitude":"29.5157","longitude":"35.429","state_id":null,"state_name":null,"country_id":null},{"active":false,"Giataid":"668375","cityId":null,"cityName":"Wadi Musa","hotelId":20020281,"hotelName":"Al Anbat Midtown Hotel","address":"Behind the Arab Bank,Al Yakhor Street,71810 Wadi Musa,Jordan","phones":"","fax":"","email":"","url":"","countryIso2":"JO","countryName":"Jordan","hotelRating":"0","latitude":"30.3293","longitude":"35.4738","state_id":null,"state_name":null,"country_id":null},{"active":false,"Giataid":"643901","cityId":null,"cityName":"Wadi Rum","hotelId":20020333,"hotelName":"Real Bedouin Camp","address":"Wadi Rum 77110,Jordan","phones":"","fax":"","email":"","url":"","countryIso2":"JO","countryName":"Jordan","hotelRating":"0","latitude":"29.5354","longitude":"35.4193","state_id":null,"state_name":null,"country_id":null},{"active":false,"Giataid":"610391","cityId":null,"cityName":"Wadi Musa","hotelId":20020473,"hotelName":"Valentine Inn","address":"Wadi Musa 71811,Jordan","phones":"","fax":"","email":"","url":"","countryIso2":"JO","countryName":"Jordan","hotelRating":"0","latitude":"30.323","longitude":"35.4808","state_id":null,"state_name":null,"country_id":null},{"active":false,"Giataid":"699282","cityId":null,"cityName":"Wadi Rum","hotelId":20020545,"hotelName":"Wadi Rum Beduland Camp","address":"Wadi Rum Protected Area,77110 Wadi Rum,Aqaba Governate,Jordan","phones":"+962776105491","fax":"","email":"findingbedouins@gmail.com","url":"http://www.wadirumbedulandcamp.com","countryIso2":"JO","countryName":"Jordan","hotelRating":"0","latitude":"29.5634","longitude":"35.4335","state_id":null,"state_name":null,"country_id":null},{"active":false,"Giataid":"643911","cityId":null,"cityName":"Wadi Rum","hotelId":20020664,"hotelName":"The Bedouin Meditation Camp","address":"Wadi Rum 77110,Jordan","phones":"+962795506417","fax":"+96232032607","email":"zedn_a@yahoo.com","url":"http://www.wadirumbedouinmeditationcamp.com/","countryIso2":"JO","countryName":"Jordan","hotelRating":"0","latitude":"29.4827","longitude":"35.3933","state_id":null,"state_name":null,"country_id":null},{"active":false,"Giataid":"643864","cityId":null,"cityName":"Wadi Rum","hotelId":20020885,"hotelName":"Rock Bridge Camp","address":"Middle Wadi Rum,Wadi Rum 77110,Jordan","phones":"","fax":"","email":"","url":"","countryIso2":"JO","countryName":"Jordan","hotelRating":"0","latitude":"29.5347","longitude":"35.4079","state_id":null,"state_name":null,"country_id":null},{"active":false,"Giataid":"418928","cityId":null,"cityName":"Sweimeh","hotelId":20021296,"hotelName":"Dead Sea Lagoon Hotel & Resort","address":"Al Rama,P.O. Box 20796,Amman 11118,Dead Sea,Jordan","phones":"+96265007500","fax":"+96265007529","email":"info@deadsealagoon.com","url":"http://www.deadsealagoon.com/","countryIso2":"JO","countryName":"Jordan","hotelRating":"5","latitude":"31.81","longitude":"35.638","state_id":null,"state_name":null,"country_id":null},{"active":false,"Giataid":"591954","cityId":null,"cityName":"Sweimeh","hotelId":20022372,"hotelName":"King Hussein Bin Talal Convention Centre by Hilton","address":"Hotel Area,Dead Sea,Sweimeh 11953,Jordan","phones":"+9625356022","fax":"+96253560223","email":"","url":"http://www3.hilton.com/en/hotels/jordan/king-hussein-bin-talal-convention-centre-managed-by-hilton-AMMKHHI/maps-directions/index.html","countryIso2":"JO","countryName":"Jordan","hotelRating":"4","latitude":"31.7218","longitude":"35.5899","state_id":null,"state_name":null,"country_id":null},{"active":false,"Giataid":"297676","cityId":null,"cityName":"Al' Aqabah","hotelId":20022748,"hotelName":"Raed","address":"Al sa�adeh St.,P.O. Box 1027,Aqaba,Jordan,Jordan","phones":"+96232018686","fax":"+96232018687","email":"info@raedhotel.com","url":"http://www.raedhotel.com/web/","countryIso2":"JO","countryName":"Jordan","hotelRating":"3","latitude":"29.5315","longitude":"35.0031","state_id":null,"state_name":null,"country_id":null},{"active":false,"Giataid":"608492","cityId":null,"cityName":"Wadi Musa","hotelId":20022841,"hotelName":"Seven Wonders Bedouin Camp","address":"Little Petra,Wadi Musa,71882 Petra,Ma'an Governorate,Jordan,Jordan","phones":"+962796941865","fax":"","email":"info@sevenwondersbedouincamp.com","url":"http://www.sevenwondersbedouincamp.com","countryIso2":"JO","countryName":"Jordan","hotelRating":"0","latitude":"30.3293","longitude":"35.4738","state_id":null,"state_name":null,"country_id":null},{"active":false,"Giataid":"706696","cityId":null,"cityName":"Wadi Rum","hotelId":20022884,"hotelName":"Wadi Rum Sky","address":"Bait Sulieman Al-Blui,Raam Village,76269 Wadi Rum,Jordan","phones":"+962779962155","fax":"","email":"rumtours@yahoo.com","url":"http://wadirumsky.com/wadi-rum-sky-bedouin-camp","countryIso2":"JO","countryName":"Jordan","hotelRating":"0","latitude":"29.5634","longitude":"35.4335","state_id":null,"state_name":null,"country_id":null},{"active":false,"Giataid":"470876","cityId":null,"cityName":"Al' Aqabah","hotelId":20024745,"hotelName":"Yafko Hotel","address":"Aqaba st.,Al Manara,Aqaba 77110,Jordan","phones":"","fax":"","email":"","url":"","countryIso2":"JO","countryName":"Jordan","hotelRating":"3","latitude":"29.522","longitude":"35.0032","state_id":null,"state_name":null,"country_id":null},{"active":false,"Giataid":"7230","cityId":null,"cityName":"Al' Aqabah","hotelId":20024887,"hotelName":"Al Zatari","address":"King Talal Street,Aqaba,Jordan","phones":"+96232022970","fax":"+96232022974","email":"zatari@firstnet.com.jo","url":"http://www.travelworld.cn/translated/jordanholidays/image/add.htm","countryIso2":"JO","countryName":"Jordan","hotelRating":"2","latitude":"29.5273","longitude":"35.0068","state_id":null,"state_name":null,"country_id":null},{"active":false,"Giataid":"706661","cityId":null,"cityName":"Wadi Musa","hotelId":20024967,"hotelName":"Little Petra Bedouin camp","address":"Little Petra,71810 Wadi Musa,Jordan","phones":"","fax":"","email":"","url":"","countryIso2":"JO","countryName":"Jordan","hotelRating":"0","latitude":"30.3707","longitude":"35.4587","state_id":null,"state_name":null,"country_id":null},{"active":false,"Giataid":"643858","cityId":null,"cityName":"Wadi Rum","hotelId":20025079,"hotelName":"Moon Valley Tourist Camp","address":"Wadi Rum - Aldiseh,Wadi Rum 77110,Jordan","phones":"","fax":"","email":"","url":"","countryIso2":"JO","countryName":"Jordan","hotelRating":"0","latitude":"29.5634","longitude":"35.4335","state_id":null,"state_name":null,"country_id":null},{"active":false,"Giataid":"613169","cityId":null,"cityName":"Wadi Rum","hotelId":20025258,"hotelName":"Desert Rose Camp","address":"Wadi Rum Protected Area,Wadi Rum,Jordan","phones":"","fax":"","email":"","url":"","countryIso2":"JO","countryName":"Jordan","hotelRating":"0","latitude":"29.4914","longitude":"35.393","state_id":null,"state_name":null,"country_id":null},{"active":false,"Giataid":"530118","cityId":null,"cityName":"Wadi Rum","hotelId":20025363,"hotelName":"Salman Zwaidh Camp","address":"Wadi Rum Desert,Jordan","phones":"","fax":"","email":"","url":"","countryIso2":"JO","countryName":"Jordan","hotelRating":"0","latitude":"29.6268","longitude":"35.4926","state_id":null,"state_name":null,"country_id":null},{"active":false,"Giataid":"232459","cityId":null,"cityName":"Wadi Musa","hotelId":20025486,"hotelName":"Oscar","address":"Petra Authority Road,Wadi Musa,Jordan","phones":"","fax":"","email":"","url":"","countryIso2":"JO","countryName":"Jordan","hotelRating":"3","latitude":"30.3195","longitude":"35.4721","state_id":null,"state_name":null,"country_id":null},{"active":false,"Giataid":"678084","cityId":null,"cityName":"Al' Aqabah","hotelId":20025584,"hotelName":"Southern Star Club","address":"Land,South Beach Road 114-115,Aqaba 77110,Jordan","phones":"","fax":"","email":"","url":"","countryIso2":"JO","countryName":"Jordan","hotelRating":"0","latitude":"29.4268","longitude":"34.9818","state_id":null,"state_name":null,"country_id":null},{"active":false,"Giataid":"643824","cityId":null,"cityName":"Wadi Rum","hotelId":20025644,"hotelName":"Black Irish Camp and Tours","address":"Wadi Rum Natural and protected Area,Burdah Bridge,Wadi Rum 77110,Jordan","phones":"","fax":"","email":"","url":"","countryIso2":"JO","countryName":"Jordan","hotelRating":"0","latitude":"29.4811","longitude":"35.4248","state_id":null,"state_name":null,"country_id":null},{"active":false,"Giataid":"529505","cityId":null,"cityName":"Al' Aqabah","hotelId":20025761,"hotelName":"Golden Rose Hotel","address":"Al Reeme Street,Aqaba,Jordan","phones":"","fax":"","email":"","url":"","countryIso2":"JO","countryName":"Jordan","hotelRating":"2","latitude":"29.5277","longitude":"35.0058","state_id":null,"state_name":null,"country_id":null},{"active":false,"Giataid":"677729","cityId":null,"cityName":"Wadi Rum","hotelId":20025942,"hotelName":"Wadi Rum Lovers Camp","address":"Al Khazali,Wadi Rum Protected Area,Wadi Rum 77110,Jordan","phones":"","fax":"","email":"","url":"","countryIso2":"JO","countryName":"Jordan","hotelRating":"0","latitude":"29.7544","longitude":"35.3905","state_id":null,"state_name":null,"country_id":null},{"active":false,"Giataid":"861045","cityId":null,"cityName":"Al' Aqabah","hotelId":20341301,"hotelName":"Lacosta Hotel","address":"Al Nahada Street,Aqaba,Jordan","phones":"","fax":"+96232090410","email":"info@lacosta-hotel.com","url":"http://www.lacosta-hotel.com/","countryIso2":"JO","countryName":"Jordan","hotelRating":"0","latitude":"29.5055","longitude":"34.9978","state_id":null,"state_name":null,"country_id":null},{"active":false,"Giataid":"940800","cityId":null,"cityName":"Al' Aqabah","hotelId":20341302,"hotelName":"Al Shula Hotel","address":"Raghadan Street,Aqaba 77110,Jordan","phones":"","fax":"","email":"","url":"","countryIso2":"JO","countryName":"Jordan","hotelRating":"0","latitude":"29.5055","longitude":"34.9978","state_id":null,"state_name":null,"country_id":null},{"active":false,"Giataid":"867075","cityId":null,"cityName":"Wadi Musa","hotelId":20341303,"hotelName":"Petra Harmony Bed & Breakfast","address":"Queen Rania Al Abdallah,Wadi Musa 71810,Ma'an Governorate,Jordan","phones":"","fax":"","email":"","url":"","countryIso2":"JO","countryName":"Jordan","hotelRating":"3","latitude":"30.3143","longitude":"35.4758","state_id":null,"state_name":null,"country_id":null},{"active":false,"Giataid":"868940","cityId":null,"cityName":"Wadi Rum","hotelId":20341304,"hotelName":"Desert Magic Camp","address":"Rum Village Street,76269 Rum,Wadi Rum,Jordan","phones":"","fax":"","email":"","url":"","countryIso2":"JO","countryName":"Jordan","hotelRating":"0","latitude":"29.5634","longitude":"35.4335","state_id":null,"state_name":null,"country_id":null},{"active":false,"Giataid":"898143","cityId":null,"cityName":"Wadi Rum","hotelId":20341305,"hotelName":"Wild Wadi Rum","address":"From Aqaba To Amman,Off Highway 47 30km,Wadi Rum,Jordan","phones":"+962777309249","fax":"","email":"wildwadirum@gmail.com","url":"http://wildwadirum.com","countryIso2":"JO","countryName":"Jordan","hotelRating":"0","latitude":"29.5634","longitude":"35.4335","state_id":null,"state_name":null,"country_id":null},{"active":false,"Giataid":"917126","cityId":null,"cityName":"Jerash","hotelId":20341307,"hotelName":"Dana Villa","address":"Close To Altatbiqeya Mosque,Jerash 11118,Jordan","phones":"","fax":"","email":"","url":"","countryIso2":"JO","countryName":"Jordan","hotelRating":"0","latitude":"32.2854","longitude":"35.8756","state_id":null,"state_name":null,"country_id":null},{"active":false,"Giataid":"890425","cityId":null,"cityName":"Al' Aqabah","hotelId":20341308,"hotelName":"Memories Aicha Luxury Camp","address":"Wadi Rum,Aqaba,Jordan","phones":"","fax":"","email":"info@mlc.jo","url":"https://mlc.jo/en/","countryIso2":"JO","countryName":"Jordan","hotelRating":"0","latitude":"29.5055","longitude":"34.9978","state_id":null,"state_name":null,"country_id":null},{"active":false,"Giataid":"868926","cityId":null,"cityName":"Wadi Musa","hotelId":20341310,"hotelName":"Petra Nights Hostel","address":"Petra Street,71882 Petra,Wadi Musa,Jordan","phones":"","fax":"","email":"","url":"","countryIso2":"JO","countryName":"Jordan","hotelRating":"0","latitude":"30.3293","longitude":"35.4738","state_id":null,"state_name":null,"country_id":null},{"active":false,"Giataid":"884221","cityId":null,"cityName":"Wadi Rum","hotelId":20341311,"hotelName":"Wadi Rum Accommodation","address":"Wadi Rum Village,Wadi Rum 76269,Jordan","phones":"+962772306034","fax":"","email":"md_wadirum@yahoo.com","url":"http://www.wadirumaccommodation.com/","countryIso2":"JO","countryName":"Jordan","hotelRating":"0","latitude":"29.5634","longitude":"35.4335","state_id":null,"state_name":null,"country_id":null},{"active":false,"Giataid":"868952","cityId":null,"cityName":"Umm Qais","hotelId":20341318,"hotelName":"Beit Al Baraka","address":"Main Street,Close to Al Mutannabi,Umm Qais,Bani Kinanah,Jordan","phones":"+962776667660","fax":"","email":"reservations@barakadestinations.com","url":"http://barakadestinations.com","countryIso2":"JO","countryName":"Jordan","hotelRating":"0","latitude":"32.6547","longitude":"35.6838","state_id":null,"state_name":null,"country_id":null},{"active":false,"Giataid":"903068","cityId":null,"cityName":"Wadi Musa","hotelId":20341321,"hotelName":"Rafiki Hostel","address":"Tourism Street 28,Downtown,Wadi Musa 71882,Ma'an Governorate,Jordan","phones":"","fax":"","email":"","url":"","countryIso2":"JO","countryName":"Jordan","hotelRating":"0","latitude":"30.3293","longitude":"35.4738","state_id":null,"state_name":null,"country_id":null},{"active":false,"Giataid":"917138","cityId":null,"cityName":"Al' Aqabah","hotelId":20341319,"hotelName":"Afnan Hotel","address":"King Hussein Street,Baghdad Street,Aqaba,Jordan","phones":"","fax":"","email":"","url":"","countryIso2":"JO","countryName":"Jordan","hotelRating":"0","latitude":"29.5055","longitude":"34.9978","state_id":null,"state_name":null,"country_id":null},{"active":false,"Giataid":"890097","cityId":null,"cityName":"Wadi Rum","hotelId":20341322,"hotelName":"Jamal Rum Camp","address":"Wadi Rum Protected Area,Wadi Rum,Jordan","phones":"","fax":"","email":"","url":"","countryIso2":"JO","countryName":"Jordan","hotelRating":"1","latitude":"29.5634","longitude":"35.4335","state_id":null,"state_name":null,"country_id":null},{"active":false,"Giataid":"935296","cityId":null,"cityName":"Al' Aqabah","hotelId":20341330,"hotelName":"Sea Beach Hotel","address":"Building 9,Maeen Street,Aqaba 77110,Jordan","phones":"","fax":"","email":"","url":"","countryIso2":"JO","countryName":"Jordan","hotelRating":"0","latitude":"29.5055","longitude":"34.9978","state_id":null,"state_name":null,"country_id":null},{"active":false,"Giataid":"935292","cityId":null,"cityName":"Wadi Musa","hotelId":20341332,"hotelName":"Town Season Hotel","address":"City Center,Al Yakhour Street,Wadi Musa 71810,Jordan","phones":"","fax":"","email":"","url":"","countryIso2":"JO","countryName":"Jordan","hotelRating":"0","latitude":"30.3293","longitude":"35.4738","state_id":null,"state_name":null,"country_id":null},{"active":false,"Giataid":"890161","cityId":null,"cityName":"Wadi Rum","hotelId":20341333,"hotelName":"Wadi Rum Bedouin Camp","address":"Wadi Rum 00962,Jordan","phones":"","fax":"","email":"","url":"","countryIso2":"JO","countryName":"Jordan","hotelRating":"2","latitude":"29.5634","longitude":"35.4335","state_id":null,"state_name":null,"country_id":null},{"active":false,"Giataid":"898092","cityId":null,"cityName":"Wadi Musa","hotelId":20341343,"hotelName":"Petra Bubble Luxotel","address":"Little Petra Main Street Maan,Wadi Musa 71810,Ma'an Governorate,Jordan","phones":"+96232156600","fax":"","email":"Hello@petrabubble.com","url":"http://petrabubble.com/","countryIso2":"JO","countryName":"Jordan","hotelRating":"0","latitude":"30.3293","longitude":"35.4738","state_id":null,"state_name":null,"country_id":null},{"active":false,"Giataid":"911675","cityId":null,"cityName":"Al' Aqabah","hotelId":20341341,"hotelName":"Murjan Al Aqaba Hotel","address":"At-Tabari Street 13,Aqaba,Jordan","phones":"","fax":"","email":"","url":"","countryIso2":"JO","countryName":"Jordan","hotelRating":"0","latitude":"29.5055","longitude":"34.9978","state_id":null,"state_name":null,"country_id":null},{"active":false,"Giataid":"884864","cityId":null,"cityName":"Wadi Rum","hotelId":20341344,"hotelName":"Salem Desert Camp","address":"Wadi Rum protected area,Wadi Rum,Governorate of Aqaba,Jordan","phones":"","fax":"","email":"","url":"","countryIso2":"JO","countryName":"Jordan","hotelRating":"0","latitude":"29.5634","longitude":"35.4335","state_id":null,"state_name":null,"country_id":null},{"active":false,"Giataid":"903110","cityId":null,"cityName":"Jerash","hotelId":20341345,"hotelName":"The Wooden Arcs Resort & Spa","address":"Near Philadelphia University,Al Rumman Village,Jerash,Jordan","phones":"","fax":"","email":"welcome@woodenarcs.com","url":"http://www.woodenarcs.com/","countryIso2":"JO","countryName":"Jordan","hotelRating":"0","latitude":"32.2854","longitude":"35.8756","state_id":null,"state_name":null,"country_id":null},{"active":false,"Giataid":"874471","cityId":null,"cityName":"Al' Aqabah","hotelId":20341346,"hotelName":"Taj Hotel","address":"4th Area,77110 Aqaba,Jordan","phones":"","fax":"","email":"","url":"http://taj-hotel-aqaba.business.site","countryIso2":"JO","countryName":"Jordan","hotelRating":"0","latitude":"29.5055","longitude":"34.9978","state_id":null,"state_name":null,"country_id":null},{"active":false,"Giataid":"868859","cityId":null,"cityName":"Wadi Musa","hotelId":20341348,"hotelName":"Petra Bedouin House","address":"Little Petra Street,Al ?ayy,11937 Wadi Musa,Ma'an,Jordan","phones":"","fax":"","email":"","url":"","countryIso2":"JO","countryName":"Jordan","hotelRating":"0","latitude":"30.3293","longitude":"35.4738","state_id":null,"state_name":null,"country_id":null},{"active":false,"Giataid":"868958","cityId":null,"cityName":"Wadi Rum","hotelId":20341349,"hotelName":"Wadi Rum Night Cave","address":"03 /215,03215 Rum,Jordan","phones":"","fax":"","email":"","url":"","countryIso2":"JO","countryName":"Jordan","hotelRating":"0","latitude":"29.5634","longitude":"35.4335","state_id":null,"state_name":null,"country_id":null},{"active":false,"Giataid":"883651","cityId":null,"cityName":"Ma'in Hot Springs","hotelId":20341350,"hotelName":"Mujib Chalets","address":"Dead Sea Road,Mujib Nature Reserve,Ma'In 18186,Madaba Governorate,Jordan","phones":"","fax":"","email":"","url":"","countryIso2":"JO","countryName":"Jordan","hotelRating":"0","latitude":"31.6023","longitude":"35.5898","state_id":null,"state_name":null,"country_id":null},{"active":false,"Giataid":"936266","cityId":null,"cityName":"Al' Aqabah","hotelId":20341352,"hotelName":"Aqaba Dunes Hotel Suites","address":"El Corniche Street,Aqaba,Jordan","phones":"","fax":"","email":"","url":"","countryIso2":"JO","countryName":"Jordan","hotelRating":"0","latitude":"29.5055","longitude":"34.9978","state_id":null,"state_name":null,"country_id":null},{"active":false,"Giataid":"890414","cityId":null,"cityName":"Wadi Rum","hotelId":20341355,"hotelName":"Martian Camp","address":"Wadi Rum 77110,Jordan","phones":"","fax":"","email":"","url":"","countryIso2":"JO","countryName":"Jordan","hotelRating":"1","latitude":"29.5634","longitude":"35.4335","state_id":null,"state_name":null,"country_id":null},{"active":false,"Giataid":"21821","cityId":null,"cityName":"Wadi Musa","hotelId":20341353,"hotelName":"Petra Hyatt Zaman Hotel & Resort","address":"PO Box 2,Wadi Mousa 71873,Petra,Jordan","phones":"+96232150101","fax":"+96232150111","email":"reservation@Hyattzaman.com","url":"http://www.hyattzaman.com","countryIso2":"JO","countryName":"Jordan","hotelRating":"0","latitude":"30.3293","longitude":"35.4738","state_id":null,"state_name":null,"country_id":null},{"active":false,"Giataid":"868897","cityId":null,"cityName":"Wadi Rum","hotelId":20341354,"hotelName":"Bed & Breakfast Camp Mohamed Alzwaida","address":"Wadi Rum,77110 Rum,Aqaba,Jordan","phones":"","fax":"","email":"","url":"","countryIso2":"JO","countryName":"Jordan","hotelRating":"0","latitude":"29.5634","longitude":"35.4335","state_id":null,"state_name":null,"country_id":null},{"active":false,"Giataid":"935298","cityId":null,"cityName":"Al' Aqabah","hotelId":20341380,"hotelName":"Subata Hotel","address":"3,Aqaba 77110,Jordan","phones":"","fax":"","email":"","url":"","countryIso2":"JO","countryName":"Jordan","hotelRating":"0","latitude":"29.5055","longitude":"34.9978","state_id":null,"state_name":null,"country_id":null},{"active":false,"Giataid":"936253","cityId":null,"cityName":"Wadi Musa","hotelId":20341381,"hotelName":"Orient Gate Hostel And Hotel","address":"Alfalahat Street,Wadi Musa,Jordan","phones":"","fax":"","email":"","url":"","countryIso2":"JO","countryName":"Jordan","hotelRating":"0","latitude":"30.3197","longitude":"35.4807","state_id":null,"state_name":null,"country_id":null},{"active":false,"Giataid":"890246","cityId":null,"cityName":"Wadi Rum","hotelId":20341382,"hotelName":"Mazayen Rum Camp","address":"Desi Area,Wadi Rum,Aqaba Governorate,Jordan","phones":"+962797493167","fax":"","email":"info@mazayenrumcamp.com","url":"http://mazayenrumcamp.com","countryIso2":"JO","countryName":"Jordan","hotelRating":"0","latitude":"29.5634","longitude":"35.4335","state_id":null,"state_name":null,"country_id":null}]