[{"active":false,"Giataid":"243078","cityId":107047,"cityName":"Neiafu","hotelId":243078,"hotelName":"Mounu Island Resort","address":"Private Box 7,Neiafu,Vava'u,Tonga","phones":"+6768866403","fax":"","email":"mounuislandvavau@gmail.com","url":"http://www.mounuisland.com/","countryIso2":"TO","countryName":"Tonga","hotelRating":"1","latitude":"-18.7511","longitude":"-174.069","state_id":3911,"state_name":"Vavaʻu","country_id":222},{"active":false,"Giataid":"245462","cityId":107047,"cityName":"Neiafu","hotelId":245462,"hotelName":"Reef Resort Vaba'u","address":"PO Box 46,Neiafu,Tonga","phones":"+6767559279","fax":"","email":"mail@reefresortvavau.com","url":"http://www.reefresortvavau.com/","countryIso2":"TO","countryName":"Tonga","hotelRating":"3","latitude":"-18.6901","longitude":"-174.033","state_id":3911,"state_name":"Vavaʻu","country_id":222},{"active":false,"Giataid":"466434","cityId":107047,"cityName":"Neiafu","hotelId":466434,"hotelName":"Vava'u Villa","address":"Muikilekila Beach,Neiafu,Vava'u,Tonga","phones":"+6761167671010","fax":"","email":"info@vavauvilla.com","url":"http://vavauvilla.com","countryIso2":"TO","countryName":"Tonga","hotelRating":"3","latitude":"-18.6809","longitude":"-173.986","state_id":3911,"state_name":"Vavaʻu","country_id":222},{"active":false,"Giataid":"700130","cityId":107047,"cityName":"Neiafu","hotelId":700130,"hotelName":"Vavau Villa","address":"Fatafehi Road,Ahunga,Toula,Neiafu,Tonga","phones":"+67671010","fax":"","email":"vanessajones2007@hotmail.com","url":"http://vavauvilla.com/","countryIso2":"TO","countryName":"Tonga","hotelRating":"1","latitude":"-18.6852","longitude":"-173.986","state_id":3911,"state_name":"Vavaʻu","country_id":222},{"active":false,"Giataid":"813885","cityId":107047,"cityName":"Neiafu","hotelId":813885,"hotelName":"Jia Heng Holiday Hotel","address":"Vava`u Liang Ceng,Neiafu,Tonga","phones":"","fax":"","email":"","url":"","countryIso2":"TO","countryName":"Tonga","hotelRating":"1","latitude":"-18.6852","longitude":"-173.986","state_id":3911,"state_name":"Vavaʻu","country_id":222},{"active":false,"Giataid":"589951","cityId":107047,"cityName":"Neiafu","hotelId":10070209,"hotelName":"Mandala Island Resort","address":"Fetoko Island,PO Box 110,Neiafu,Vava'u,Tonga,South Pacific,Tonga","phones":"+6768491270","fax":"","email":"","url":"","countryIso2":"TO","countryName":"Tonga","hotelRating":"3","latitude":"-18.6891","longitude":"-173.955","state_id":3911,"state_name":"Vavaʻu","country_id":222},{"active":false,"Giataid":"245464","cityId":107047,"cityName":"Neiafu","hotelId":20003247,"hotelName":"Puataukanave","address":"Fatafehi Road,PO Box 24,Neiafu,Vava'u,Tonga","phones":"+67671002","fax":"+67670080","email":"puashotel@kalianetvav.to","url":"http://www.thekingdomoftonga.com/index.php/where-to-stay/search-results/puataukanave-international-hotel/","countryIso2":"TO","countryName":"Tonga","hotelRating":"0","latitude":"-18.6545","longitude":"-173.982","state_id":3911,"state_name":"Vavaʻu","country_id":222}]