[{"active":false,"Giataid":"628649","cityId":62570,"cityName":"Freetown","hotelId":628649,"hotelName":"Sierra Light House Hotel","address":"5&6 Man O' War Bay Aberdeen,Freetown,Sierra Leone","phones":"+23276607036","fax":"","email":"info@sierralighthouse.com","url":"https://sierralighthouse.com","countryIso2":"SL","countryName":"Sierra Leone","hotelRating":"3","latitude":"8.4959","longitude":"-13.2918","state_id":3753,"state_name":"Clarendon Parish","country_id":108},{"active":false,"Giataid":"728405","cityId":62570,"cityName":"Freetown","hotelId":728405,"hotelName":"The Villa 9 at Seaview Estate","address":"9 Beach Road,Seaview Estate,Goderich,Freetown,Sierra Leone","phones":"","fax":"","email":"","url":"","countryIso2":"SL","countryName":"Sierra Leone","hotelRating":"3","latitude":"8.47657","longitude":"-13.2723","state_id":3753,"state_name":"Clarendon Parish","country_id":108},{"active":false,"Giataid":"779402","cityId":62570,"cityName":"Freetown","hotelId":779402,"hotelName":"Eden Park Resort","address":"Mama Beach,Freetown,Freetown Peninsula,Sierra Leone","phones":"+23279990990","fax":"","email":"edenparkresort@live.fr","url":"","countryIso2":"SL","countryName":"Sierra Leone","hotelRating":"1","latitude":"8.47657","longitude":"-13.2723","state_id":3753,"state_name":"Clarendon Parish","country_id":108},{"active":false,"Giataid":"779433","cityId":62570,"cityName":"Freetown","hotelId":779433,"hotelName":"Tokeh Sands Beach Resort","address":"Main Beach Road,Tokeh Beach,Tokeh,Freetown,Sierra Leone","phones":"+23278911111","fax":"","email":"info@tokehbeach.com","url":"http://tokehbeach.com","countryIso2":"SL","countryName":"Sierra Leone","hotelRating":"1","latitude":"8.47657","longitude":"-13.2723","state_id":3753,"state_name":"Clarendon Parish","country_id":108},{"active":false,"Giataid":"803002","cityId":62570,"cityName":"Freetown","hotelId":803002,"hotelName":"China Town Guest House","address":"84 Lumley Beach Road,Freetown,Sierra Leone","phones":"","fax":"","email":"","url":"","countryIso2":"SL","countryName":"Sierra Leone","hotelRating":"1","latitude":"8.47657","longitude":"-13.2723","state_id":3753,"state_name":"Clarendon Parish","country_id":108},{"active":false,"Giataid":"805170","cityId":62570,"cityName":"Freetown","hotelId":805170,"hotelName":"Hotel Mariam","address":"5a Off Beach Road,Aberdeen,Freetown,Sierra Leone","phones":"+23222272461","fax":"","email":"info@hotelmariamsl.com","url":"http://www.hotelmariamsl.com/","countryIso2":"SL","countryName":"Sierra Leone","hotelRating":"1","latitude":"8.49289","longitude":"-13.2904","state_id":3753,"state_name":"Clarendon Parish","country_id":108},{"active":false,"Giataid":"805554","cityId":62570,"cityName":"Freetown","hotelId":805554,"hotelName":"Joesal Hotel Freetown","address":"Calabar Town,Along Bai Bureh Road,Freetown,Sierra Leone","phones":"","fax":"","email":"","url":"","countryIso2":"SL","countryName":"Sierra Leone","hotelRating":"1","latitude":"8.47657","longitude":"-13.2723","state_id":3753,"state_name":"Clarendon Parish","country_id":108},{"active":false,"Giataid":"807181","cityId":62570,"cityName":"Freetown","hotelId":807181,"hotelName":"Seaside Suites And Hotel","address":"Aberdeen,Off Bintumani Drive 3A,Freetown,Sierra Leone","phones":"","fax":"","email":"info@seasidehotelsl.com","url":"http://www.seasidehotelsl.com","countryIso2":"SL","countryName":"Sierra Leone","hotelRating":"1","latitude":"8.47657","longitude":"-13.2723","state_id":3753,"state_name":"Clarendon Parish","country_id":108},{"active":false,"Giataid":"815800","cityId":62570,"cityName":"Freetown","hotelId":815800,"hotelName":"The Big Bamboo Inn","address":"River 1,Overlooking Tokeh Beach,Freetown,Sierra Leone","phones":"","fax":"","email":"","url":"","countryIso2":"SL","countryName":"Sierra Leone","hotelRating":"1","latitude":"8.47657","longitude":"-13.2723","state_id":3753,"state_name":"Clarendon Parish","country_id":108},{"active":false,"Giataid":"427698","cityId":62570,"cityName":"Freetown","hotelId":10055053,"hotelName":"Country Lodge Complex","address":"HS 51,Hillstation,Freetown,Sierra Leone","phones":"+23277692000","fax":"","email":"","url":"","countryIso2":"SL","countryName":"Sierra Leone","hotelRating":"4","latitude":"8.45684","longitude":"-13.2561","state_id":3753,"state_name":"Clarendon Parish","country_id":108},{"active":false,"Giataid":"419864","cityId":62570,"cityName":"Freetown","hotelId":10056707,"hotelName":"The Place Resort","address":"Tokeh Beach,Penninsula Road,Freetown 02702,Sierra Leone","phones":"+23299604002","fax":"","email":"","url":"","countryIso2":"SL","countryName":"Sierra Leone","hotelRating":"4","latitude":"8.31443","longitude":"-13.195","state_id":3753,"state_name":"Clarendon Parish","country_id":108},{"active":false,"Giataid":"424635","cityId":62570,"cityName":"Freetown","hotelId":10056964,"hotelName":"Radisson Blu Mammy Yoko Hotel, Freetown","address":"17 Lumley Beach Road,Aberdeen,Freetown,Sierra Leone","phones":"+23279454000","fax":"","email":"","url":"","countryIso2":"SL","countryName":"Sierra Leone","hotelRating":"4","latitude":"8.49214","longitude":"-13.2897","state_id":3753,"state_name":"Clarendon Parish","country_id":108},{"active":false,"Giataid":"545048","cityId":62570,"cityName":"Freetown","hotelId":10057207,"hotelName":"New Brookfields Hotel","address":"Jomo Kenyatta Road,New Englandville,Freetown,Sierra Leone","phones":"","fax":"","email":"","url":"","countryIso2":"SL","countryName":"Sierra Leone","hotelRating":"4","latitude":"8.47095","longitude":"-13.241","state_id":3753,"state_name":"Clarendon Parish","country_id":108},{"active":false,"Giataid":"419863","cityId":62570,"cityName":"Freetown","hotelId":10057930,"hotelName":"Swiss Spirit Hotel & Suites Freetown","address":"Spur Road 38,Freetown 101101,Sierra Leone","phones":"","fax":"","email":"","url":"","countryIso2":"SL","countryName":"Sierra Leone","hotelRating":"4","latitude":"8.46169","longitude":"-13.2695","state_id":3753,"state_name":"Clarendon Parish","country_id":108},{"active":false,"Giataid":"603524","cityId":62570,"cityName":"Freetown","hotelId":10060968,"hotelName":"Home Suites Hotel","address":"78A Cape Road,Bintumani Drive,Aberdeen,Freetown,Sierra Leone","phones":"+23230222227","fax":"","email":"","url":"","countryIso2":"SL","countryName":"Sierra Leone","hotelRating":"4","latitude":"8.49469","longitude":"-13.2873","state_id":3753,"state_name":"Clarendon Parish","country_id":108},{"active":false,"Giataid":"608158","cityId":62570,"cityName":"Freetown","hotelId":20002304,"hotelName":"Golden Tulip Essential Freetown","address":"Off Cape Road,Aberdeen,Freetown 232,Sierra Leone","phones":"+23279582465","fax":"+23279582465","email":"","url":"http://www.goldentulip.com/en/hotels/golden-tulip-essential-freetown-hotel","countryIso2":"SL","countryName":"Sierra Leone","hotelRating":"3","latitude":"8.49851","longitude":"-13.2902","state_id":3753,"state_name":"Clarendon Parish","country_id":108},{"active":false,"Giataid":"628654","cityId":62570,"cityName":"Freetown","hotelId":20002524,"hotelName":"WS Diamond Hotel Freetown","address":"4B Lord Mo Drive,up Smart Farm,off Wilkinson Road,Freetown,Sierra Leone","phones":"+23230857888","fax":"","email":"","url":"http://www.wsdiamondhotels.com","countryIso2":"SL","countryName":"Sierra Leone","hotelRating":"3","latitude":"8.47824","longitude":"-13.2693","state_id":3753,"state_name":"Clarendon Parish","country_id":108},{"active":false,"Giataid":"692542","cityId":62570,"cityName":"Freetown","hotelId":20002730,"hotelName":"Hotel Barmoi","address":"Aberdeen,75C Cape Road,Freetown,Sierra Leone","phones":"+23233878527","fax":"+23222236702","email":"enquiries@hotelbarmoi.com","url":"http://www.hotelbarmoi.com","countryIso2":"SL","countryName":"Sierra Leone","hotelRating":"3","latitude":"8.49599","longitude":"-13.2969","state_id":3753,"state_name":"Clarendon Parish","country_id":108},{"active":false,"Giataid":"699086","cityId":62570,"cityName":"Freetown","hotelId":20002974,"hotelName":"Leisure Hotel","address":"30 Off Cape Road,Aberdeen,Freetown,Sierra Leone","phones":"+23276417402","fax":"","email":"","url":"http://www.leisurelodgehotelsl.com","countryIso2":"SL","countryName":"Sierra Leone","hotelRating":"3","latitude":"8.49111","longitude":"-13.2889","state_id":3753,"state_name":"Clarendon Parish","country_id":108},{"active":false,"Giataid":"329815","cityId":62570,"cityName":"Freetown","hotelId":20003198,"hotelName":"Bintumani Hotel","address":"11 Man of War Bay,Aberdeen Hill,Freetown,Sierra Leone","phones":"+23276748407","fax":"","email":"","url":"http://www.bintumanihotelfreetown.online/","countryIso2":"SL","countryName":"Sierra Leone","hotelRating":"3","latitude":"8.49653","longitude":"-13.288","state_id":3753,"state_name":"Clarendon Parish","country_id":108},{"active":false,"Giataid":"671266","cityId":62570,"cityName":"Freetown","hotelId":20003393,"hotelName":"Jam Lodge Hotel & Suites","address":"18B Off Main Motor Road,Congo Cross,Freetown,Sierra Leone","phones":"+23299311311","fax":"","email":"info@jamlodge.com","url":"http://jamlodge.com/","countryIso2":"SL","countryName":"Sierra Leone","hotelRating":"3","latitude":"8.48434","longitude":"-13.2343","state_id":3753,"state_name":"Clarendon Parish","country_id":108},{"active":false,"Giataid":"97186","cityId":17090,"cityName":"Sussex","hotelId":20003782,"hotelName":"Florence's Resort Freetown","address":"20 Michael Street Sussex Village Freetown/Western Area Peninsular ","phones":"+23276744406","fax":"","email":"","url":"http://www.florencesresort.com","countryIso2":"SL","countryName":"Sierra Leone","hotelRating":"2","latitude":"8.34732","longitude":"-13.2327","state_id":868,"state_name":"New Brunswick","country_id":39},{"active":false,"Giataid":"97182","cityId":62570,"cityName":"Freetown","hotelId":20003934,"hotelName":"Cape Sierra","address":"Freetown,Sierra Leone,Sierra Leone","phones":"","fax":"","email":"","url":"","countryIso2":"SL","countryName":"Sierra Leone","hotelRating":"3","latitude":"8.49331","longitude":"-13.2898","state_id":3753,"state_name":"Clarendon Parish","country_id":108},{"active":false,"Giataid":"692517","cityId":62570,"cityName":"Freetown","hotelId":20004076,"hotelName":"Metro Hotel","address":"184 Wilkinson Road,Freetown,Sierra Leone","phones":"","fax":"","email":"","url":"","countryIso2":"SL","countryName":"Sierra Leone","hotelRating":"3","latitude":"8.46473","longitude":"-13.2731","state_id":3753,"state_name":"Clarendon Parish","country_id":108},{"active":false,"Giataid":"329814","cityId":62570,"cityName":"Freetown","hotelId":20004266,"hotelName":"Family Kingdom Resort","address":"Freetown,9  Lumley Beach Road,PO Box 94,Aberdeen,Sierra Leone","phones":"+23276777949","fax":"","email":"fkingdomresort@yahoo.com","url":"http://familykingdom-resort.com/","countryIso2":"SL","countryName":"Sierra Leone","hotelRating":"3","latitude":"8.49242","longitude":"-13.2916","state_id":3753,"state_name":"Clarendon Parish","country_id":108},{"active":false,"Giataid":"546762","cityId":62570,"cityName":"Freetown","hotelId":20004458,"hotelName":"The Hub Hotel","address":"6 Regent Road,Wilberforce,Freetown,Sierra Leone","phones":"+23288112120","fax":"","email":"info@thehub-hotel.com","url":"http://www.thehub-hotel.com","countryIso2":"SL","countryName":"Sierra Leone","hotelRating":"4","latitude":"8.47237","longitude":"-13.2618","state_id":3753,"state_name":"Clarendon Parish","country_id":108},{"active":false,"Giataid":"692521","cityId":62570,"cityName":"Freetown","hotelId":20004617,"hotelName":"Atlantic Lumley Hotel","address":"84 Lumley Beach Road,Freetown,Sierra Leone","phones":"","fax":"","email":"","url":"","countryIso2":"SL","countryName":"Sierra Leone","hotelRating":"3","latitude":"8.47657","longitude":"-13.2723","state_id":3753,"state_name":"Clarendon Parish","country_id":108}]