[{"active":false,"Giataid":"8357","cityId":null,"cityName":"Willemstad","hotelId":8357,"hotelName":"Avila Beach Hotel","address":"130 Penstraat,PO Box 791,Willemstad,Cura?ao,Curacao","phones":"+59994614377","fax":"+59994611493","email":"info@avilahotel.com","url":"http://www.avilahotel.com","countryIso2":"CW","countryName":"Curacao","hotelRating":"4","latitude":"12.1005","longitude":"-68.9217","state_id":null,"state_name":null,"country_id":null},{"active":false,"Giataid":"10356","cityId":null,"cityName":"Willemstad","hotelId":10356,"hotelName":"Chogogo Resort","address":"Jan Thiel Beach,Willemstad,Cura?ao,Curacao","phones":"+59997472844","fax":"+59997472424","email":"info@chogogo.com","url":"http://www.chogogo.com","countryIso2":"CW","countryName":"Curacao","hotelRating":"4","latitude":"12.0786","longitude":"-68.8788","state_id":null,"state_name":null,"country_id":null},{"active":false,"Giataid":"11035","cityId":null,"cityName":"Willemstad","hotelId":11035,"hotelName":"Curacao Marriott Beach Resort & Emerald Casino","address":"John F Kennedy Boulevard,Piscadera Bay,Willemstad,Curacao,Curacao","phones":"+59997368800","fax":"+59994627502","email":"","url":"http://www.marriott.com/hotels/travel/curmc-curacao-marriott-beach-resort-and-emerald-casino/","countryIso2":"CW","countryName":"Curacao","hotelRating":"4","latitude":"12.1184","longitude":"-68.9661","state_id":null,"state_name":null,"country_id":null},{"active":false,"Giataid":"13696","cityId":null,"cityName":"Cura?ao","hotelId":13696,"hotelName":"Habitat Curacao","address":"Coral Estate,Rif St. Marie,Curacao,Curacao","phones":"+59998648304","fax":"+59998648464","email":"","url":"","countryIso2":"CW","countryName":"Curacao","hotelRating":"3","latitude":"12.1985","longitude":"-69.0782","state_id":null,"state_name":null,"country_id":null},{"active":false,"Giataid":"19459","cityId":null,"cityName":"Willemstad","hotelId":19459,"hotelName":"Sunscape Curacao Resort Spa & Casino","address":"Dr. Martin Luther King Boulevard 78,Willemstad,Curacao,Curacao","phones":"+59997367888","fax":"","email":"","url":"http://www.breezes.com/resorts/curacao/","countryIso2":"CW","countryName":"Curacao","hotelRating":"4","latitude":"12.0897","longitude":"-68.9019","state_id":null,"state_name":null,"country_id":null},{"active":false,"Giataid":"21516","cityId":null,"cityName":"Willemstad","hotelId":21516,"hotelName":"Hilton Curacao","address":"2133 John F. Kennedy Boulevard,Willemstad,Curacao","phones":"+59994625000","fax":"+59994625846","email":"curhi_sales@hilton.com","url":"http://www.hiltoncaribbean.com/index.php?destination=curacao","countryIso2":"CW","countryName":"Curacao","hotelRating":"4","latitude":"12.121","longitude":"-68.9677","state_id":null,"state_name":null,"country_id":null},{"active":false,"Giataid":"32008","cityId":null,"cityName":"Jan Thiel Bay","hotelId":32008,"hotelName":"Papagayo - Beach Resort","address":"Jan Thiel Baai z/n,Papagayo Beach,Jan Thiel area,Willemstad,Cura?ao,Curacao","phones":"+5997474333","fax":"+5997474322","email":"info@papagayo.nl","url":"http://www.papagayo-beach.com","countryIso2":"CW","countryName":"Curacao","hotelRating":"4","latitude":"12.0776","longitude":"-68.878","state_id":null,"state_name":null,"country_id":null},{"active":false,"Giataid":"38536","cityId":null,"cityName":"Westpunt","hotelId":38536,"hotelName":"Kura Hulanda Lodge & Beach Club","address":"Playa Kalki 1,Westpunt,Cuacao,Curacao","phones":"+59998393600","fax":"+59998393601","email":"reservations@kurahulanda.com","url":"http://www.kurahulanda.com/lodge","countryIso2":"CW","countryName":"Curacao","hotelRating":"4","latitude":"12.3723","longitude":"-69.1538","state_id":null,"state_name":null,"country_id":null},{"active":false,"Giataid":"38737","cityId":null,"cityName":"Cura?ao","hotelId":38737,"hotelName":"Sunset Waters Beach Resort","address":"Santa Martha Bay,Curacao","phones":"+59998641233","fax":"+59998641237","email":"Cory@sunsetwaters.com","url":"http://www.caribbeanmag.com/search/hotels/Curacao/sunsetwaterscuracao/hotel/1332/35/","countryIso2":"CW","countryName":"Curacao","hotelRating":"3","latitude":"12.2681","longitude":"-69.1274","state_id":null,"state_name":null,"country_id":null},{"active":false,"Giataid":"141634","cityId":null,"cityName":"Westpunt","hotelId":141634,"hotelName":"West Hill Bungalows","address":"Playa Forti,Nabij Westpunt,Curacao","phones":"","fax":"","email":"","url":"","countryIso2":"CW","countryName":"Curacao","hotelRating":"3","latitude":"12.3646","longitude":"-69.1513","state_id":null,"state_name":null,"country_id":null},{"active":false,"Giataid":"144427","cityId":null,"cityName":"Willemstad","hotelId":144427,"hotelName":"Blue Bay Curacao The Village","address":"Landhuis Blaauw z/n,Willemstad,Curacao,Curacao","phones":"+59998888800","fax":"","email":"info@bluebay-curacao.com","url":"https://bluebay-curacao.com/accommodations/village","countryIso2":"CW","countryName":"Curacao","hotelRating":"3","latitude":"12.1388","longitude":"-68.9842","state_id":null,"state_name":null,"country_id":null},{"active":false,"Giataid":"144431","cityId":null,"cityName":"Willemstad","hotelId":144431,"hotelName":"Curacao Tropical Resort Bungalows","address":"","phones":"","fax":"","email":"","url":"","countryIso2":"CW","countryName":"Curacao","hotelRating":"1","latitude":"12.1015","longitude":"-68.9172","state_id":null,"state_name":null,"country_id":null},{"active":false,"Giataid":"182799","cityId":null,"cityName":"Jan Thiel Bay","hotelId":182799,"hotelName":"Morena Resort","address":"Jan Thiel Beach,Curacao,Curacao","phones":"+59997473737","fax":"+59997678806","email":"info@morenaresort.com","url":"http://www.morenaresort.com","countryIso2":"CW","countryName":"Curacao","hotelRating":"4","latitude":"12.0776","longitude":"-68.8752","state_id":null,"state_name":null,"country_id":null},{"active":false,"Giataid":"208393","cityId":null,"cityName":"Willemstad","hotelId":208393,"hotelName":"Dolphin Suites","address":"Bapor Kibra z/n,Willemstad,Curacao,Curacao","phones":"+59994652700","fax":"+59994652701","email":"info@dolphinsuites-curacao.com","url":"http://www.dolphinsuitescuracao.com/","countryIso2":"CW","countryName":"Curacao","hotelRating":"3","latitude":"12.0859","longitude":"-68.8959","state_id":null,"state_name":null,"country_id":null},{"active":false,"Giataid":"215595","cityId":null,"cityName":"Willemstad","hotelId":215595,"hotelName":"Plaza Hotel & Casino Curacao","address":"Plaza Piar z/n,Willemstad,Curacao,Curacao","phones":"+59994622500","fax":"+59994616543","email":"","url":"http://www.plazahotelcuracao.com","countryIso2":"CW","countryName":"Curacao","hotelRating":"3","latitude":"12.1042","longitude":"-68.9348","state_id":null,"state_name":null,"country_id":null},{"active":false,"Giataid":"218629","cityId":null,"cityName":"Willemstad","hotelId":218629,"hotelName":"Boutique Hotel 't Klooster","address":"Abraham de Veerstraat, 12,Willemstad,Cura?ao,Curacao","phones":"+59994612650","fax":"+59994612651","email":"info@hotelklooster.com","url":"http://www.hotelklooster.com","countryIso2":"CW","countryName":"Curacao","hotelRating":"3","latitude":"12.1035","longitude":"-68.9255","state_id":null,"state_name":null,"country_id":null},{"active":false,"Giataid":"228892","cityId":null,"cityName":"Jan Thiel Bay","hotelId":228892,"hotelName":"Boca Gentil Hotel & Villas","address":"Schouwburgweg 1,Jan Thiel Bay,Cura?ao,Curacao","phones":"+59997383443","fax":"+59997383443","email":"info@bocagentil.com","url":"http://www.bocagentil.com/eng/","countryIso2":"CW","countryName":"Curacao","hotelRating":"3","latitude":"12.0731","longitude":"-68.8757","state_id":null,"state_name":null,"country_id":null},{"active":false,"Giataid":"229403","cityId":null,"cityName":"Willemstad","hotelId":229403,"hotelName":"Blue Bay Curacao Golf & Beach Resort","address":"Landhuis Blaauw z/n,Willemstad,Curacao,Curacao","phones":"+59998888800","fax":"+59998889090","email":"hotel@bluebay-curacao.com","url":"http://hotel.bluebay-curacao.com/","countryIso2":"CW","countryName":"Curacao","hotelRating":"4","latitude":"12.1395","longitude":"-68.9827","state_id":null,"state_name":null,"country_id":null},{"active":false,"Giataid":"239444","cityId":null,"cityName":"Willemstad","hotelId":239444,"hotelName":"Baoase Luxury Resort","address":"Winterswijkstraat 2,Cura?ao,Curacao","phones":"+59994611799","fax":"+59994612799","email":"info@baoase.com","url":"http://www.baoase.com/","countryIso2":"CW","countryName":"Curacao","hotelRating":"5","latitude":"12.0949","longitude":"-68.911","state_id":null,"state_name":null,"country_id":null},{"active":false,"Giataid":"241898","cityId":null,"cityName":"Fontein","hotelId":241898,"hotelName":"Villapark Fontein","address":"Weg naar Soto z/n,Fontein,Willemstad,Curacao","phones":"+59998644242","fax":"+59998685424","email":"info@villaparkfontein.com","url":"http://www.villaparkfontein.com/","countryIso2":"CW","countryName":"Curacao","hotelRating":"3","latitude":"12.2443","longitude":"-69.0593","state_id":null,"state_name":null,"country_id":null},{"active":false,"Giataid":"292460","cityId":null,"cityName":"Willemstad","hotelId":292460,"hotelName":"Curacao Manor Resort","address":"","phones":"","fax":"","email":"","url":"","countryIso2":"CW","countryName":"Curacao","hotelRating":"1","latitude":"12.1015","longitude":"-68.9172","state_id":null,"state_name":null,"country_id":null},{"active":false,"Giataid":"391217","cityId":null,"cityName":"Willemstad","hotelId":391217,"hotelName":"Curinjo Apartments","address":"Carawaraweg 84,Willemstad 348,Curacao","phones":"","fax":"","email":"info@curinjo.com","url":"http://www.curinjo.com/Curacao/Holiday/Apartments/Rental/Location&lan=en","countryIso2":"CW","countryName":"Curacao","hotelRating":"2","latitude":"12.1153","longitude":"-68.9334","state_id":null,"state_name":null,"country_id":null},{"active":false,"Giataid":"399773","cityId":null,"cityName":"Willemstad","hotelId":399773,"hotelName":"Acoya Curacao Resort, Villas & Spa","address":"Dr. Hugenholtzweg z/n,Willemstad,Cura?ao,Curacao","phones":"+59994613837","fax":"","email":"info@acoyacuracao.com","url":"http://www.acoyacuracao.com/","countryIso2":"CW","countryName":"Curacao","hotelRating":"4","latitude":"12.0984","longitude":"-68.9038","state_id":null,"state_name":null,"country_id":null},{"active":false,"Giataid":"411328","cityId":null,"cityName":"Cura?ao","hotelId":411328,"hotelName":"Divi Divi Apartments","address":"","phones":"","fax":"","email":"","url":"","countryIso2":"CW","countryName":"Curacao","hotelRating":"1","latitude":"12.172","longitude":"-68.9907","state_id":null,"state_name":null,"country_id":null},{"active":false,"Giataid":"478676","cityId":null,"cityName":"Willemstad","hotelId":478676,"hotelName":"Quint's Travelers Inn","address":"Corrieweg 8,Willemstad,Cura?ao,Curacao","phones":"","fax":"","email":"info@qahti.com","url":"http://www.qahti.com/","countryIso2":"CW","countryName":"Curacao","hotelRating":"2","latitude":"12.1365","longitude":"-68.8961","state_id":null,"state_name":null,"country_id":null},{"active":false,"Giataid":"488583","cityId":null,"cityName":"Jan Thiel Bay","hotelId":488583,"hotelName":"De Plantage","address":"Jan Thiel Kavel 2,Jan Thiel,Curacao","phones":"+59997476484","fax":"","email":"info@de-plantage.com","url":"http://www.de-plantage.com","countryIso2":"CW","countryName":"Curacao","hotelRating":"1","latitude":"12.0974","longitude":"-68.8763","state_id":null,"state_name":null,"country_id":null},{"active":false,"Giataid":"505623","cityId":null,"cityName":"Willemstad","hotelId":505623,"hotelName":"Dominick Apartments","address":"","phones":"","fax":"","email":"","url":"","countryIso2":"CW","countryName":"Curacao","hotelRating":"3","latitude":"12.1292","longitude":"-68.8817","state_id":null,"state_name":null,"country_id":null},{"active":false,"Giataid":"518007","cityId":null,"cityName":"Willemstad","hotelId":518007,"hotelName":"First Curacao Hostel","address":"Scharlooweg 25,Willemstad,Curacao","phones":"+59998449950","fax":"","email":"info@ritz-village.com","url":"https://www.firstcuracaohostel.com/en/","countryIso2":"CW","countryName":"Curacao","hotelRating":"3","latitude":"12.1068","longitude":"-68.9275","state_id":null,"state_name":null,"country_id":null},{"active":false,"Giataid":"524181","cityId":null,"cityName":"Willemstad","hotelId":524181,"hotelName":"Bantopa Apartments & Villas","address":"","phones":"","fax":"","email":"","url":"","countryIso2":"CW","countryName":"Curacao","hotelRating":"3","latitude":"12.1413","longitude":"-68.9888","state_id":null,"state_name":null,"country_id":null},{"active":false,"Giataid":"610252","cityId":null,"cityName":"Jan Thiel Bay","hotelId":610252,"hotelName":"B&B Villa Vermaire","address":"Kaya Indiko F4,Vista Royal,Jan Thiel,Curacao","phones":"+59995205333","fax":"","email":"info@villavermaire.nl","url":"http://www.villavermaire.nl","countryIso2":"CW","countryName":"Curacao","hotelRating":"1","latitude":"12.0803","longitude":"-68.8718","state_id":null,"state_name":null,"country_id":null},{"active":false,"Giataid":"662332","cityId":null,"cityName":"Willemstad","hotelId":662332,"hotelName":"The Hill at Blue Bay","address":"Landhuis Blaauw z/n,Willemstad,Curacao,Curacao","phones":"+59998888800","fax":"","email":"info@bluebay-curacao.com","url":"https://bluebay-curacao.com/accommodations/hill","countryIso2":"CW","countryName":"Curacao","hotelRating":"1","latitude":"12.1243","longitude":"-68.8816","state_id":null,"state_name":null,"country_id":null},{"active":false,"Giataid":"666959","cityId":null,"cityName":"Jan Thiel Bay","hotelId":666959,"hotelName":"B&B Bellavista","address":"Kaya Dardanella K7,Jan Thiel,Willemstad,Curacao","phones":"+59996919516","fax":"","email":"info@benbbellavista.nl","url":"http://www.benbbellavista.nl","countryIso2":"CW","countryName":"Curacao","hotelRating":"2","latitude":"12.0776","longitude":"-68.8703","state_id":null,"state_name":null,"country_id":null},{"active":false,"Giataid":"685542","cityId":null,"cityName":"Willemstad","hotelId":685542,"hotelName":"Annida's Appartementen Curacao","address":"","phones":"","fax":"","email":"","url":"","countryIso2":"CW","countryName":"Curacao","hotelRating":"1","latitude":"12.1015","longitude":"-68.9172","state_id":null,"state_name":null,"country_id":null},{"active":false,"Giataid":"685551","cityId":null,"cityName":"Willemstad","hotelId":685551,"hotelName":"Dushi Sunshine Apartments, Jan Sofat - Willemstad","address":"","phones":"","fax":"","email":"","url":"","countryIso2":"CW","countryName":"Curacao","hotelRating":"1","latitude":"12.1015","longitude":"-68.9172","state_id":null,"state_name":null,"country_id":null},{"active":false,"Giataid":"707583","cityId":null,"cityName":"Jan Thiel Bay","hotelId":707583,"hotelName":"Palapa Beach Resort","address":"Playa Caracasbaai 2,Jan Thiel,Curacao","phones":"+59995150090","fax":"","email":"booking@palapabeachresort.com","url":"http://palapabeachresort.com/","countryIso2":"CW","countryName":"Curacao","hotelRating":"1","latitude":"12.0784","longitude":"-68.8664","state_id":null,"state_name":null,"country_id":null},{"active":false,"Giataid":"707613","cityId":null,"cityName":"Jan Thiel Bay","hotelId":707613,"hotelName":"Domicil Yacht Hotel","address":"Santa Barbara Beach,Jan Thiel,Curacao","phones":"","fax":"","email":"","url":"","countryIso2":"CW","countryName":"Curacao","hotelRating":"1","latitude":"12.0818","longitude":"-68.8733","state_id":null,"state_name":null,"country_id":null},{"active":false,"Giataid":"708293","cityId":null,"cityName":"Jan Thiel Bay","hotelId":708293,"hotelName":"Villa Carpe Diem","address":"Vista Royal B6,Jan Thiel,Curacao","phones":"","fax":"","email":"info@villacarpediemcuracao.nl","url":"https://villacarpediemcuracao.nl/","countryIso2":"CW","countryName":"Curacao","hotelRating":"1","latitude":"12.0814","longitude":"-68.8693","state_id":null,"state_name":null,"country_id":null},{"active":false,"Giataid":"708521","cityId":null,"cityName":"Willemstad","hotelId":708521,"hotelName":"Sirena Bay Estate","address":"","phones":"","fax":"","email":"","url":"","countryIso2":"CW","countryName":"Curacao","hotelRating":"1","latitude":"12.1015","longitude":"-68.9172","state_id":null,"state_name":null,"country_id":null},{"active":false,"Giataid":"730575","cityId":null,"cityName":"Jan Thiel Bay","hotelId":730575,"hotelName":"Adonai Hotel Boutique","address":"Kaya Indiko F2,Janthiel Vista Royal,Jan Thiel,Willemstad,Curacao","phones":"+59995228997","fax":"","email":"adonaireservations@gmail.com","url":"http://www.adonaihotelboutiquecuracao.com/en-us","countryIso2":"CW","countryName":"Curacao","hotelRating":"4","latitude":"12.0805","longitude":"-68.873","state_id":null,"state_name":null,"country_id":null},{"active":false,"Giataid":"731674","cityId":null,"cityName":"Willemstad","hotelId":731674,"hotelName":"Moomba B&B Ocean Front Hostal","address":"Piscadera Bay,Willemstad,Curacao","phones":"","fax":"","email":"","url":"","countryIso2":"CW","countryName":"Curacao","hotelRating":"1","latitude":"12.1015","longitude":"-68.9172","state_id":null,"state_name":null,"country_id":null},{"active":false,"Giataid":"732432","cityId":null,"cityName":"Willemstad","hotelId":732432,"hotelName":"Hotel Estoril","address":"Breedestraat 181,Otrobanda,Willemstad,Curacao","phones":"","fax":"","email":"","url":"","countryIso2":"CW","countryName":"Curacao","hotelRating":"1","latitude":"12.1099","longitude":"-68.9383","state_id":null,"state_name":null,"country_id":null},{"active":false,"Giataid":"735301","cityId":null,"cityName":"Willemstad","hotelId":735301,"hotelName":"Kas di Laman Apartments","address":"Hoogstraat 26-27,Otrobanda,Willemstad,Curacao,Curacao","phones":"+59995243652","fax":"","email":"info@kasdilamancuracao.com","url":"https://www.kasdilamancuracao.com","countryIso2":"CW","countryName":"Curacao","hotelRating":"1","latitude":"12.1109","longitude":"-68.9351","state_id":null,"state_name":null,"country_id":null},{"active":false,"Giataid":"741161","cityId":null,"cityName":"Willemstad","hotelId":741161,"hotelName":"Seru Hulanda Resort","address":"Kaya Triunfo 17,Willemstad,Curacao","phones":"","fax":"","email":"","url":"https://www.djesun.com/","countryIso2":"CW","countryName":"Curacao","hotelRating":"1","latitude":"12.1015","longitude":"-68.9172","state_id":null,"state_name":null,"country_id":null},{"active":false,"Giataid":"741195","cityId":null,"cityName":"Willemstad","hotelId":741195,"hotelName":"Royal Palm Resort","address":"Rector Zwijsenstraat,Royal palm 30 B,Willemstad,Curacao","phones":"+59994629770","fax":"","email":"taco@remax-abc.com","url":"http://www.royalpalmresort.com/eng/plans-palm.php","countryIso2":"CW","countryName":"Curacao","hotelRating":"1","latitude":"12.1015","longitude":"-68.9172","state_id":null,"state_name":null,"country_id":null},{"active":false,"Giataid":"741206","cityId":null,"cityName":"Jan Thiel Bay","hotelId":741206,"hotelName":"Casa Damberde","address":"Kaya Dornfelder 7,Jan Thiel,Curacao","phones":"","fax":"","email":"","url":"","countryIso2":"CW","countryName":"Curacao","hotelRating":"1","latitude":"12.0818","longitude":"-68.8733","state_id":null,"state_name":null,"country_id":null},{"active":false,"Giataid":"754887","cityId":null,"cityName":"Westpunt","hotelId":754887,"hotelName":"Malika Apartments","address":"Playa Kalki G57,Willemstad,Curacao","phones":"","fax":"","email":"info@malikaapartments.com","url":"http://www.malikaapartments.com","countryIso2":"CW","countryName":"Curacao","hotelRating":"1","latitude":"12.3665","longitude":"-69.1544","state_id":null,"state_name":null,"country_id":null},{"active":false,"Giataid":"757870","cityId":null,"cityName":"Willemstad","hotelId":757870,"hotelName":"Tropical Hotel","address":"Rio Canarioweg 7,Willemstad,Curacao","phones":"","fax":"","email":"","url":"","countryIso2":"CW","countryName":"Curacao","hotelRating":"1","latitude":"12.1015","longitude":"-68.9172","state_id":null,"state_name":null,"country_id":null},{"active":false,"Giataid":"789222","cityId":null,"cityName":"Willemstad","hotelId":789222,"hotelName":"Apartment Curacao","address":"Mamayaweg Bottelier,Willemstad,Curacao","phones":"","fax":"","email":"","url":"","countryIso2":"CW","countryName":"Curacao","hotelRating":"1","latitude":"12.1015","longitude":"-68.9172","state_id":null,"state_name":null,"country_id":null},{"active":false,"Giataid":"841078","cityId":null,"cityName":"Willemstad","hotelId":841078,"hotelName":"Landhuis Bona Vista","address":"Djonora Marthaweg,Willemstad,Curacao","phones":"+59995136314","fax":"","email":"contact@landhuisbonavista.nl","url":"https://www.landhuisbonavista.nl/","countryIso2":"CW","countryName":"Curacao","hotelRating":"1","latitude":"12.1015","longitude":"-68.9172","state_id":null,"state_name":null,"country_id":null},{"active":false,"Giataid":"841101","cityId":null,"cityName":"Willemstad","hotelId":841101,"hotelName":"Shiloh's Guesthouse Curacao","address":"Perseusweg 34,Willemstad,Curacao","phones":"+59995140077","fax":"","email":"info@shilohguesthouse.com","url":"http://shilohguesthouse.com/","countryIso2":"CW","countryName":"Curacao","hotelRating":"1","latitude":"12.1015","longitude":"-68.9172","state_id":null,"state_name":null,"country_id":null},{"active":false,"Giataid":"841149","cityId":null,"cityName":"Willemstad","hotelId":841149,"hotelName":"Bon Bini","address":"Kaya Ara?a,Willemstad,Curacao","phones":"","fax":"","email":"","url":"","countryIso2":"CW","countryName":"Curacao","hotelRating":"1","latitude":"12.1015","longitude":"-68.9172","state_id":null,"state_name":null,"country_id":null},{"active":false,"Giataid":"841161","cityId":null,"cityName":"Willemstad","hotelId":841161,"hotelName":"Boca Simon - Bed and Breakfast Curacao","address":"Dr Martin Luther king boulevard 1,Willemstad,Curacao","phones":"+59997880133","fax":"","email":"info@bedbreakfastincuracao.com","url":"https://bedbreakfastincuracao.com/","countryIso2":"CW","countryName":"Curacao","hotelRating":"1","latitude":"12.1015","longitude":"-68.9172","state_id":null,"state_name":null,"country_id":null},{"active":false,"Giataid":"534031","cityId":null,"cityName":"Willemstad","hotelId":10053207,"hotelName":"Blue Bay Lodges","address":"Blue Bay Curacao Golf & Beach Resort,F-sectie,Curacao,Curacao","phones":"+59996702304","fax":"","email":"","url":"","countryIso2":"CW","countryName":"Curacao","hotelRating":"3","latitude":"12.14","longitude":"-68.9853","state_id":null,"state_name":null,"country_id":null},{"active":false,"Giataid":"548954","cityId":null,"cityName":"Willemstad","hotelId":10056779,"hotelName":"The Advantage Apartments","address":"Kaya Abnaci 63,Willemstad,Curacao,Curacao","phones":"","fax":"","email":"","url":"","countryIso2":"CW","countryName":"Curacao","hotelRating":"3","latitude":"12.143","longitude":"-68.8963","state_id":null,"state_name":null,"country_id":null},{"active":false,"Giataid":"601832","cityId":null,"cityName":"Willemstad","hotelId":10057414,"hotelName":"Piscadera Seaview Apartments","address":"Piscaderweg 51 Nst,Willemstad,Curacao","phones":"+59994650210","fax":"","email":"","url":"","countryIso2":"CW","countryName":"Curacao","hotelRating":"3","latitude":"12.1224","longitude":"-68.8824","state_id":null,"state_name":null,"country_id":null},{"active":false,"Giataid":"445196","cityId":null,"cityName":"Willemstad","hotelId":10057832,"hotelName":"Bijblauw Hotel","address":"Pietermaai 82/84,Willemstad,Curacao","phones":"","fax":"","email":"","url":"","countryIso2":"CW","countryName":"Curacao","hotelRating":"3","latitude":"12.1024","longitude":"-68.927","state_id":null,"state_name":null,"country_id":null},{"active":false,"Giataid":"628880","cityId":null,"cityName":"Willemstad","hotelId":10058432,"hotelName":"Curacao Suites","address":"Langestraat 13,Otrobanda,Willemstad,Curacao,Curacao","phones":"+59994613146","fax":"","email":"","url":"","countryIso2":"CW","countryName":"Curacao","hotelRating":"3","latitude":"12.1091","longitude":"-68.9361","state_id":null,"state_name":null,"country_id":null},{"active":false,"Giataid":"365106","cityId":null,"cityName":"Willemstad","hotelId":10059714,"hotelName":"The Beach House","address":"Bapor Kibra Z/N,Willemstad,Cura?ao,Curacao","phones":"+59994610004","fax":"","email":"","url":"","countryIso2":"CW","countryName":"Curacao","hotelRating":"4","latitude":"12.0885","longitude":"-68.9009","state_id":null,"state_name":null,"country_id":null},{"active":false,"Giataid":"538896","cityId":null,"cityName":"Willemstad","hotelId":10061391,"hotelName":"Moonz Bed & Breakfast","address":"Bramendiweg,Sali?a,Willemstad,Cura?ao,Curacao","phones":"","fax":"","email":"","url":"","countryIso2":"CW","countryName":"Curacao","hotelRating":"3","latitude":"12.1026","longitude":"-68.9075","state_id":null,"state_name":null,"country_id":null},{"active":false,"Giataid":"647141","cityId":null,"cityName":"Willemstad","hotelId":10061970,"hotelName":"Saint Tropez Suites And Apartments","address":"Pietermaai 152,1111 Willemstad,Curacao","phones":"","fax":"","email":"","url":"","countryIso2":"CW","countryName":"Curacao","hotelRating":"4","latitude":"12.1024","longitude":"-68.9278","state_id":null,"state_name":null,"country_id":null},{"active":false,"Giataid":"658988","cityId":null,"cityName":"Willemstad","hotelId":10063040,"hotelName":"Limestone Holiday","address":"Brakkeput Ariba Kavel 5,Willemstad,Curacao","phones":"+59997673007","fax":"","email":"","url":"","countryIso2":"CW","countryName":"Curacao","hotelRating":"3","latitude":"12.0834","longitude":"-68.8576","state_id":null,"state_name":null,"country_id":null},{"active":false,"Giataid":"486084","cityId":null,"cityName":"Willemstad","hotelId":10065441,"hotelName":"Bayside Boutique Hotel","address":"Blue Bay Resort,BP 04,Willemstad,Cura?ao,Curacao","phones":"+59998204550","fax":"","email":"","url":"","countryIso2":"CW","countryName":"Curacao","hotelRating":"4","latitude":"12.1346","longitude":"-68.9834","state_id":null,"state_name":null,"country_id":null},{"active":false,"Giataid":"496389","cityId":null,"cityName":"Willemstad","hotelId":10066473,"hotelName":"Mondi Lodge","address":"Klein Sint Michiel 1,L7120 Willemstad,Curacao","phones":"+59998883991","fax":"","email":"","url":"","countryIso2":"CW","countryName":"Curacao","hotelRating":"2","latitude":"12.1508","longitude":"-68.9821","state_id":null,"state_name":null,"country_id":null},{"active":false,"Giataid":"100181","cityId":null,"cityName":"Cura?ao","hotelId":10066652,"hotelName":"Lagun Blou","address":"Playa Lagun L76,Curacao,Curacao","phones":"+59998640557","fax":"","email":"","url":"","countryIso2":"CW","countryName":"Curacao","hotelRating":"3","latitude":"12.3172","longitude":"-69.1508","state_id":null,"state_name":null,"country_id":null},{"active":false,"Giataid":"432755","cityId":null,"cityName":"Westpunt","hotelId":10069932,"hotelName":"Nos Krusero Apartments","address":"Westpunt z/n Tegenover Kv 20,Playa Kalki,Sabana Westpunt,Willemstad,Curacao","phones":"+59997382822","fax":"","email":"","url":"","countryIso2":"CW","countryName":"Curacao","hotelRating":"3","latitude":"12.375","longitude":"-69.1566","state_id":null,"state_name":null,"country_id":null},{"active":false,"Giataid":"538910","cityId":null,"cityName":"Jan Thiel Bay","hotelId":10070287,"hotelName":"Amalia Boutique Hotel & Vacation Apartments","address":"Kaya Damasco 18,Jan Thiel Beach,Jan Thiel,Cura?ao,The Dutch Caribbean,Curacao","phones":"+59997470640","fax":"","email":"","url":"","countryIso2":"CW","countryName":"Curacao","hotelRating":"3","latitude":"12.0823","longitude":"-68.8713","state_id":null,"state_name":null,"country_id":null},{"active":false,"Giataid":"594377","cityId":null,"cityName":"St. Willibrordus","hotelId":10070506,"hotelName":"The Natural Curacao","address":"Kaminda San Sebastian 11B,Sint Willibrordus,Willemstad,Netherlands Antilles,Curacao","phones":"+59998682181","fax":"","email":"","url":"","countryIso2":"CW","countryName":"Curacao","hotelRating":"3","latitude":"12.2171","longitude":"-69.0647","state_id":null,"state_name":null,"country_id":null},{"active":false,"Giataid":"538926","cityId":null,"cityName":"Jan Thiel Bay","hotelId":10071299,"hotelName":"Hibiscus Beach House","address":"Adri?tico Street 8,Kaya Adri?tico 8,Vista Royal,Jan Thiel Beach,Curacao,Curacao","phones":"+59996825948","fax":"","email":"","url":"","countryIso2":"CW","countryName":"Curacao","hotelRating":"2","latitude":"12.0762","longitude":"-68.8761","state_id":null,"state_name":null,"country_id":null},{"active":false,"Giataid":"666960","cityId":null,"cityName":"Soto","hotelId":10072110,"hotelName":"Blenchi Dive Inn","address":"Coral Cliff 8A,Soto,Curacao","phones":"+59996614121","fax":"","email":"","url":"","countryIso2":"CW","countryName":"Curacao","hotelRating":"3","latitude":"12.2682","longitude":"-69.1264","state_id":null,"state_name":null,"country_id":null},{"active":false,"Giataid":"538919","cityId":null,"cityName":"Willemstad","hotelId":10072118,"hotelName":"C-Bay Deluxe Resort","address":"Caracasbaaiweg 396,east side of the island,Willemstad,Cura?ao,Curacao","phones":"+59996704060","fax":"","email":"","url":"","countryIso2":"CW","countryName":"Curacao","hotelRating":"5","latitude":"12.0871","longitude":"-68.8709","state_id":null,"state_name":null,"country_id":null},{"active":false,"Giataid":"481713","cityId":null,"cityName":"Barber","hotelId":10072169,"hotelName":"Boutique Hotel Blenchi","address":"Landhuis Klein,Santa Martha,Barber,Curacao","phones":"","fax":"","email":"","url":"","countryIso2":"CW","countryName":"Curacao","hotelRating":"3","latitude":"12.2807","longitude":"-69.1157","state_id":null,"state_name":null,"country_id":null},{"active":false,"Giataid":"685097","cityId":null,"cityName":"St. Willibrordus","hotelId":10072246,"hotelName":"Jan Kok Lodges","address":"Jan Kok 51,St. Willibrordus,Curacao","phones":"+59995139249","fax":"","email":"","url":"","countryIso2":"CW","countryName":"Curacao","hotelRating":"3","latitude":"12.2119","longitude":"-69.0489","state_id":null,"state_name":null,"country_id":null},{"active":false,"Giataid":"414672","cityId":null,"cityName":"Westpunt","hotelId":10072319,"hotelName":"Punta West (Bed and Breakfast)","address":"Papaya Kavel (KV) 127 Westpunt Curacao, Sabana Westpunt,Curacao","phones":"+59998880990","fax":"","email":"","url":"","countryIso2":"CW","countryName":"Curacao","hotelRating":"4","latitude":"12.3639","longitude":"-69.151","state_id":null,"state_name":null,"country_id":null},{"active":false,"Giataid":"496686","cityId":null,"cityName":"Cura?ao","hotelId":10073703,"hotelName":"Wayaca Mini Resort","address":"Kaya Tibourin 5,Jan Thiel Noord,Cura?ao,Curacao","phones":"+59995606011","fax":"","email":"","url":"","countryIso2":"CW","countryName":"Curacao","hotelRating":"2","latitude":"12.097","longitude":"-68.8768","state_id":null,"state_name":null,"country_id":null},{"active":false,"Giataid":"505093","cityId":null,"cityName":"Willemstad","hotelId":10099468,"hotelName":"O Casarao Guesthouse","address":"Bankwerkersweg 38,Willemstad,Curacao","phones":"NULL","fax":"NULL","email":"NULL","url":"NULL","countryIso2":"CW","countryName":"Curacao","hotelRating":"3","latitude":"12.1059","longitude":"-68.9085","state_id":null,"state_name":null,"country_id":null},{"active":false,"Giataid":"538952","cityId":null,"cityName":"Willemstad","hotelId":10105788,"hotelName":"Rian Apartements","address":"St. Michielsweg 34,Julianadorp,Willemstad,Cura?ao,Curacao","phones":"+59998681602","fax":"NULL","email":"NULL","url":"NULL","countryIso2":"CW","countryName":"Curacao","hotelRating":"3","latitude":"12.1532","longitude":"-68.969","state_id":null,"state_name":null,"country_id":null},{"active":false,"Giataid":"658693","cityId":null,"cityName":"Willemstad","hotelId":10107054,"hotelName":"Sea Horizon Apartments","address":"Bapor Kibra 96,Willemstad,Curacao","phones":"+59994659862","fax":"NULL","email":"NULL","url":"NULL","countryIso2":"CW","countryName":"Curacao","hotelRating":"2","latitude":"12.0875","longitude":"-68.8974","state_id":null,"state_name":null,"country_id":null},{"active":false,"Giataid":"505104","cityId":null,"cityName":"Willemstad","hotelId":10110046,"hotelName":"Atlantis Apartments","address":"Drielstraat 6/8,Willemstad,Curacao","phones":"+59994658288","fax":"NULL","email":"NULL","url":"NULL","countryIso2":"CW","countryName":"Curacao","hotelRating":"3","latitude":"12.0953","longitude":"-68.9117","state_id":null,"state_name":null,"country_id":null},{"active":false,"Giataid":"505492","cityId":null,"cityName":"Willemstad","hotelId":10114246,"hotelName":"Caribbean Dutch Masters","address":"Bapor Kibra 1,Willemstad,Curacao","phones":"NULL","fax":"NULL","email":"NULL","url":"NULL","countryIso2":"CW","countryName":"Curacao","hotelRating":"3","latitude":"12.0853","longitude":"-68.8962","state_id":null,"state_name":null,"country_id":null},{"active":false,"Giataid":"509524","cityId":null,"cityName":"Willemstad","hotelId":10114409,"hotelName":"Casa Sablica","address":"Kaya Seroe Sablica 16,Sunset Heights,Willemstad,Curacao","phones":"NULL","fax":"NULL","email":"NULL","url":"NULL","countryIso2":"CW","countryName":"Curacao","hotelRating":"4","latitude":"12.1648","longitude":"-68.9104","state_id":null,"state_name":null,"country_id":null},{"active":false,"Giataid":"505414","cityId":null,"cityName":"Willemstad","hotelId":10120480,"hotelName":"Happy Turtle Apartments","address":"Seru Loraweg 75,Willemstad,Curacao","phones":"NULL","fax":"NULL","email":"NULL","url":"NULL","countryIso2":"CW","countryName":"Curacao","hotelRating":"3","latitude":"12.1115","longitude":"-68.894","state_id":null,"state_name":null,"country_id":null},{"active":false,"Giataid":"509165","cityId":null,"cityName":"Willemstad","hotelId":10127567,"hotelName":"Kas Kinikini","address":"Kinikiniweg 8,Damacor,Willemstad,Curacao","phones":"NULL","fax":"NULL","email":"NULL","url":"NULL","countryIso2":"CW","countryName":"Curacao","hotelRating":"4","latitude":"12.1318","longitude":"-68.8966","state_id":null,"state_name":null,"country_id":null},{"active":false,"Giataid":"100184","cityId":null,"cityName":"Boca Sint Michiel","hotelId":20001586,"hotelName":"Waterside","address":"Redaweg 57a,Boca St. Michiel,Cura?ao,Curacao","phones":"+59998886201","fax":"+59998886213","email":"dive@waterside.an","url":"http://www.waterside.an/","countryIso2":"CW","countryName":"Curacao","hotelRating":"2","latitude":"12.1398","longitude":"-68.9969","state_id":null,"state_name":null,"country_id":null},{"active":false,"Giataid":"100183","cityId":null,"cityName":"Boca Sint Michiel","hotelId":20001764,"hotelName":"Sun Reef","address":"Redaweg 30,Boca St. Michiel,Curacao,Curacao","phones":"+59998883594","fax":"","email":"info@sun-reef.com","url":"http://www.sun-reef.com/","countryIso2":"CW","countryName":"Curacao","hotelRating":"4","latitude":"12.1428","longitude":"-68.9994","state_id":null,"state_name":null,"country_id":null},{"active":false,"Giataid":"141632","cityId":null,"cityName":"Sun Reef","hotelId":20002365,"hotelName":"Flinstone Ferienhauser","address":"Sun Reef,Curacao,Curacao","phones":"","fax":"","email":"","url":"","countryIso2":"CW","countryName":"Curacao","hotelRating":"0","latitude":"12.1427","longitude":"-68.9989","state_id":null,"state_name":null,"country_id":null},{"active":false,"Giataid":"480288","cityId":null,"cityName":"Cura?ao","hotelId":20003045,"hotelName":"Daniel","address":"Weg naar Westpunt z / n,Cura?ao,NA,Curacao","phones":"+59998648400","fax":"+59998647284","email":"info@landhuisdaniel.com","url":"http://www.landhuisdaniel.com/","countryIso2":"CW","countryName":"Curacao","hotelRating":"2","latitude":"12.2107","longitude":"-69.0196","state_id":null,"state_name":null,"country_id":null},{"active":false,"Giataid":"261225","cityId":null,"cityName":"Westpunt","hotelId":20003224,"hotelName":"All West Apartments","address":"Westpunt,Curacao,Netherland Antilles,Curacao","phones":"+59994612310","fax":"+59994612315","email":"louis@allwestcuracao.com","url":"http://www.allwestcuracao.com/","countryIso2":"CW","countryName":"Curacao","hotelRating":"2","latitude":"12.3689","longitude":"-69.1536","state_id":null,"state_name":null,"country_id":null},{"active":false,"Giataid":"666955","cityId":null,"cityName":"Willemstad","hotelId":20003423,"hotelName":"Dushi SunShine Apartments","address":"Kaya Strauss 199A,Willemstad,Curacao","phones":"+59995219340","fax":"","email":"info@dushisunshine.com","url":"http://www.dushisunshine.com","countryIso2":"CW","countryName":"Curacao","hotelRating":"3","latitude":"12.0927","longitude":"-68.8518","state_id":null,"state_name":null,"country_id":null},{"active":false,"Giataid":"238220","cityId":null,"cityName":"Willemstad","hotelId":20003658,"hotelName":"Frangipani Apartments","address":"29 Jan Sofat North,Willemstad,Curacao,Curacao","phones":"+59995153390","fax":"+59997387929","email":"thoralf.baecker@googlemail.com","url":"http://www.curacao-frangipani-apartments.de","countryIso2":"CW","countryName":"Curacao","hotelRating":"3","latitude":"12.0902","longitude":"-68.8532","state_id":null,"state_name":null,"country_id":null},{"active":false,"Giataid":"550995","cityId":null,"cityName":"Willemstad","hotelId":20003888,"hotelName":"Villa 174 Curacao","address":"Brakkeput kavel 174,Willemstad,Curacao,Curacao","phones":"","fax":"","email":"","url":"","countryIso2":"CW","countryName":"Curacao","hotelRating":"4","latitude":"12.1015","longitude":"-68.9172","state_id":null,"state_name":null,"country_id":null},{"active":false,"Giataid":"144432","cityId":null,"cityName":"Willemstad","hotelId":20004114,"hotelName":"The Art and Nature Inn","address":"Valkenweg 17,Julianadorp,Willemstad,Curacao","phones":"+59998682259","fax":"","email":"info@artandnatureinn.com","url":"http://artandnatureinn.com/the-apartments/","countryIso2":"CW","countryName":"Curacao","hotelRating":"0","latitude":"12.1608","longitude":"-68.9685","state_id":null,"state_name":null,"country_id":null},{"active":false,"Giataid":"604095","cityId":null,"cityName":"Willemstad","hotelId":20004275,"hotelName":"Holland Lodge Curacao","address":"Dr. M.J. Hugenholtzweg 37-39,Willemstad,Curacao","phones":"+59994656911","fax":"","email":"info@hollandlodgecuracao.com","url":"http://www.hollandlodgecuracao.com","countryIso2":"CW","countryName":"Curacao","hotelRating":"3","latitude":"12.0995","longitude":"-68.9053","state_id":null,"state_name":null,"country_id":null},{"active":false,"Giataid":"702743","cityId":null,"cityName":"Willemstad","hotelId":20004443,"hotelName":"B&B Blauw Blauw","address":"Hofweg 25,Julianadorp,Willemstad,Curacao","phones":"+59995152058","fax":"","email":"blauwblauwcuracao@gmail.com","url":"https://www.blauwblauw-curacao.com/","countryIso2":"CW","countryName":"Curacao","hotelRating":"0","latitude":"12.1015","longitude":"-68.9172","state_id":null,"state_name":null,"country_id":null},{"active":false,"Giataid":"444220","cityId":null,"cityName":"Willemstad","hotelId":20004620,"hotelName":"Mustique Suites Curacao","address":"Roodeweg 128,Otrobanda,Willemstad,Curacao","phones":"","fax":"","email":"info@mustiquesuites.com","url":"http://www.mustiquesuites.com","countryIso2":"CW","countryName":"Curacao","hotelRating":"3","latitude":"12.1131","longitude":"-68.9456","state_id":null,"state_name":null,"country_id":null},{"active":false,"Giataid":"707541","cityId":null,"cityName":"Willemstad","hotelId":20004794,"hotelName":"Curacao Vacation Homes","address":"Sint Luciaweg 17,Willemstad,Curacao","phones":"","fax":"","email":"","url":"","countryIso2":"CW","countryName":"Curacao","hotelRating":"0","latitude":"12.1461","longitude":"-68.9359","state_id":null,"state_name":null,"country_id":null},{"active":false,"Giataid":"695473","cityId":null,"cityName":"Willemstad","hotelId":20004927,"hotelName":"B&B Curacao De Herberg","address":"Arikokweg 18,Charo,Willemstad,Netherlands Antilles,Curacao","phones":"+59995137003","fax":"","email":"contact@deherbergcuracao.com","url":"http://www.deherbergcuracao.com","countryIso2":"CW","countryName":"Curacao","hotelRating":"0","latitude":"12.1161","longitude":"-68.9531","state_id":null,"state_name":null,"country_id":null},{"active":false,"Giataid":"504481","cityId":null,"cityName":"Willemstad","hotelId":20005137,"hotelName":"Willemstad Loft","address":"Windstraat 16,Willemstad,Curacao","phones":"","fax":"","email":"","url":"","countryIso2":"CW","countryName":"Curacao","hotelRating":"3","latitude":"12.1048","longitude":"-68.933","state_id":null,"state_name":null,"country_id":null},{"active":false,"Giataid":"409972","cityId":null,"cityName":"Willemstad","hotelId":20005276,"hotelName":"Hotel Scharloo","address":"North Van Den Brandhofstraat 12,Willemstad,Curacao","phones":"+59994651012","fax":"+59994614011","email":"info@hotelscharloo.com","url":"http://www.hotelscharloo.com","countryIso2":"CW","countryName":"Curacao","hotelRating":"2","latitude":"12.107","longitude":"-68.9317","state_id":null,"state_name":null,"country_id":null},{"active":false,"Giataid":"512153","cityId":null,"cityName":"Willemstad","hotelId":20005454,"hotelName":"Lucille Residence","address":"Van Engelenweg 24,Willemstad,Curacao","phones":"","fax":"","email":"","url":"","countryIso2":"CW","countryName":"Curacao","hotelRating":"3","latitude":"12.1273","longitude":"-68.8891","state_id":null,"state_name":null,"country_id":null},{"active":false,"Giataid":"707768","cityId":null,"cityName":"Willemstad","hotelId":20005663,"hotelName":"The Lush","address":"Kaya Seru Nobo 18,Willemstad,Curacao","phones":"","fax":"","email":"","url":"","countryIso2":"CW","countryName":"Curacao","hotelRating":"0","latitude":"12.1015","longitude":"-68.9172","state_id":null,"state_name":null,"country_id":null},{"active":false,"Giataid":"707783","cityId":null,"cityName":"Willemstad","hotelId":20005832,"hotelName":"Willemstad Resort","address":"Rembrandtstraat 67 nst,Willemstad,Curacao","phones":"+59995213617","fax":"","email":"info@willemstad-resort.com","url":"http://willemstadresort.nl/","countryIso2":"CW","countryName":"Curacao","hotelRating":"0","latitude":"12.1132","longitude":"-68.9363","state_id":null,"state_name":null,"country_id":null},{"active":false,"Giataid":"695449","cityId":null,"cityName":"Willemstad","hotelId":20005978,"hotelName":"The Mansion House Curacao","address":"Kaya Seru Anita 6,Brievengat,Willemstad,Netherlands Antilles,Curacao","phones":"","fax":"","email":"","url":"","countryIso2":"CW","countryName":"Curacao","hotelRating":"0","latitude":"12.162","longitude":"-68.9081","state_id":null,"state_name":null,"country_id":null},{"active":false,"Giataid":"519996","cityId":null,"cityName":"Piscadera Bay","hotelId":20006333,"hotelName":"Piscadera Bay Resort","address":"Piscaderabaai,Willemstad,Curacao","phones":"+59994626303","fax":"+59994625962","email":"info@piscaderabayresort.com","url":"http://www.piscaderabayresort.com","countryIso2":"CW","countryName":"Curacao","hotelRating":"0","latitude":"12.1224","longitude":"-68.8824","state_id":null,"state_name":null,"country_id":null},{"active":false,"Giataid":"91726","cityId":null,"cityName":"Cura?ao","hotelId":20006720,"hotelName":"Tausbasis - Ocean Encounters","address":"Bapor Kibra z/n,Willemstad,Cura?ao,Curacao","phones":"+59994618131","fax":"+59994655756","email":"sales@oceanencounters.com","url":"http://www.oceanencounters.com/de/","countryIso2":"CW","countryName":"Curacao","hotelRating":"0","latitude":"12.1222","longitude":"-68.882","state_id":null,"state_name":null,"country_id":null},{"active":false,"Giataid":"702735","cityId":null,"cityName":"Willemstad","hotelId":20006910,"hotelName":"Hostel La Creole","address":"Kaminda Salinja 2,Willemstad,Curacao","phones":"","fax":"","email":"","url":"http://www.hostellacreole.com/","countryIso2":"CW","countryName":"Curacao","hotelRating":"0","latitude":"12.1044","longitude":"-68.9177","state_id":null,"state_name":null,"country_id":null},{"active":false,"Giataid":"538932","cityId":null,"cityName":"Willemstad","hotelId":20007133,"hotelName":"La Maya Beach Spanish Water Luxury Apartment","address":"Brakkeput Abou 80,Willemstad,Curacao","phones":"+59996707611","fax":"","email":"info@lamayabeach.com","url":"http://www.lamayabeach.com","countryIso2":"CW","countryName":"Curacao","hotelRating":"4","latitude":"12.0837","longitude":"-68.8662","state_id":null,"state_name":null,"country_id":null},{"active":false,"Giataid":"51491","cityId":null,"cityName":"Willemstad","hotelId":20007247,"hotelName":"Bon Bini Resort","address":"Bapor Kibra,P.O. Box 4100,Willemstad,Curacao,Curacao","phones":"+59994618000","fax":"+59994617500","email":"reservations@bonbiniseasideresort.com","url":"http://www.bonbiniseasideresort.com/","countryIso2":"CW","countryName":"Curacao","hotelRating":"3","latitude":"12.0877","longitude":"-68.8971","state_id":null,"state_name":null,"country_id":null},{"active":false,"Giataid":"298460","cityId":null,"cityName":"Willemstad","hotelId":20007455,"hotelName":"Douglas Apartments","address":"Salinas 47,Willemstad,Curacao","phones":"","fax":"","email":"","url":"","countryIso2":"CW","countryName":"Curacao","hotelRating":"0","latitude":"12.1224","longitude":"-68.8824","state_id":null,"state_name":null,"country_id":null},{"active":false,"Giataid":"702779","cityId":null,"cityName":"Willemstad","hotelId":20007593,"hotelName":"The Pier Beach Inn & Suites","address":"113 Martin Luther King Boulevard,Willemstad,Curacao","phones":"+59994610253","fax":"+59994658307","email":"info@thepierbeach.com","url":"http://www.thepierbeach.com/","countryIso2":"CW","countryName":"Curacao","hotelRating":"0","latitude":"12.1015","longitude":"-68.9172","state_id":null,"state_name":null,"country_id":null},{"active":false,"Giataid":"707639","cityId":null,"cityName":"Willemstad","hotelId":20007753,"hotelName":"Guesthouse Toni Kunchi","address":"Kaya drs. Oy Sprock 20,Willemstad,Cura?ao,Curacao","phones":"+59997364055","fax":"","email":"benbtonikunchi@gmail.com","url":"https://www.curacaobenb.com/","countryIso2":"CW","countryName":"Curacao","hotelRating":"0","latitude":"12.121","longitude":"-68.8886","state_id":null,"state_name":null,"country_id":null},{"active":false,"Giataid":"707661","cityId":null,"cityName":"Willemstad","hotelId":20007931,"hotelName":"Eve's Residence","address":"Oost Jongbloed 30A,Kaya Erquimidez (kimu)Candelaria,Left side road Rondeklipweg,Willemstad,Curacao","phones":"","fax":"","email":"","url":"","countryIso2":"CW","countryName":"Curacao","hotelRating":"0","latitude":"12.1015","longitude":"-68.9172","state_id":null,"state_name":null,"country_id":null},{"active":false,"Giataid":"666954","cityId":null,"cityName":"Willemstad","hotelId":20008078,"hotelName":"Caribbean Flower Apartments","address":"Kaya Andira 9,Willemstad,Curacao","phones":"+59995189304","fax":"","email":"info@caribflower.com","url":"http://www.caribflower.com","countryIso2":"CW","countryName":"Curacao","hotelRating":"3","latitude":"12.1479","longitude":"-68.9664","state_id":null,"state_name":null,"country_id":null},{"active":false,"Giataid":"8422","cityId":null,"cityName":"Lagun","hotelId":20008357,"hotelName":"Bahia Apartments & Diving","address":"Lagun 208,Lagun,Curacao,Curacao","phones":"+59998641000","fax":"","email":"info@bahia-apartments.com","url":"http://www.bahia-apartments.de","countryIso2":"CW","countryName":"Curacao","hotelRating":"0","latitude":"12.3186","longitude":"-69.1508","state_id":null,"state_name":null,"country_id":null},{"active":false,"Giataid":"501244","cityId":null,"cityName":"Lagun","hotelId":20008514,"hotelName":"Lagoon Ocean Resort","address":"Lagun 208,Lagun,Curacao","phones":"+59998641000","fax":"","email":"info@lagoonoceanresort.com","url":"http://www.lagoonoceanresort.com","countryIso2":"CW","countryName":"Curacao","hotelRating":"3","latitude":"12.3185","longitude":"-69.1514","state_id":null,"state_name":null,"country_id":null},{"active":false,"Giataid":"52671","cityId":null,"cityName":"Cura?ao","hotelId":20008813,"hotelName":"Spanish Water Cay","address":"Isla Kiniw,Cura?ao,Curacao","phones":"","fax":"","email":"","url":"","countryIso2":"CW","countryName":"Curacao","hotelRating":"0","latitude":"12.0816","longitude":"-68.8463","state_id":null,"state_name":null,"country_id":null},{"active":false,"Giataid":"234694","cityId":null,"cityName":"Cura?ao","hotelId":20008949,"hotelName":"Kunuku Aqua Resort","address":"Weg Naar Westpunt,Tera Cora,Curacao,Curacao","phones":"+59995181113","fax":"","email":"martijn@kunukuresort.com","url":"http://kunukuresort.com","countryIso2":"CW","countryName":"Curacao","hotelRating":"3","latitude":"12.2076","longitude":"-69.023","state_id":null,"state_name":null,"country_id":null},{"active":false,"Giataid":"444135","cityId":null,"cityName":"Willemstad","hotelId":20009097,"hotelName":"Champartments Resort Villa & Appartementen Cristal","address":"Kaya Zjozjoli 6,Jan Thiel,Willemstad,Curacao","phones":"","fax":"","email":"","url":"http://www.champartments.nl/Villa_Cristal.html","countryIso2":"CW","countryName":"Curacao","hotelRating":"3","latitude":"12.0802","longitude":"-68.8704","state_id":null,"state_name":null,"country_id":null},{"active":false,"Giataid":"708546","cityId":null,"cityName":"Willemstad","hotelId":20009231,"hotelName":"Ruyterkade Hotel","address":"De Ruyterkade #49,Willemstad,Curacao","phones":"+59994656463","fax":"","email":"deruyterkade49@gmail.com","url":"https://www.ruyterkadehotel.com/","countryIso2":"CW","countryName":"Curacao","hotelRating":"0","latitude":"12.1015","longitude":"-68.9172","state_id":null,"state_name":null,"country_id":null},{"active":false,"Giataid":"702765","cityId":null,"cityName":"Willemstad","hotelId":20009366,"hotelName":"Villa Tokara","address":"Penstraat 55,Willemstad 2517,Curacao","phones":"+59994610674","fax":"","email":"info@villatokara.com","url":"http://villatokara.com/","countryIso2":"CW","countryName":"Curacao","hotelRating":"0","latitude":"12.1013","longitude":"-68.9222","state_id":null,"state_name":null,"country_id":null},{"active":false,"Giataid":"550468","cityId":null,"cityName":"Willemstad","hotelId":20009503,"hotelName":"Dan & Sher Apartments","address":"Kaya DD,Weg Naar Westpunt 56a,Willemstad,Curacao","phones":"","fax":"","email":"","url":"","countryIso2":"CW","countryName":"Curacao","hotelRating":"2","latitude":"12.1692","longitude":"-68.97","state_id":null,"state_name":null,"country_id":null},{"active":false,"Giataid":"444920","cityId":null,"cityName":"Willemstad","hotelId":20009666,"hotelName":"Cecil Paradise","address":"Heintjekool weg 10,Willemstad 5999,Curacao","phones":"+59996716800","fax":"","email":"cecilparadise.apt@hotmail.com","url":"http://www.cecilparadise.com","countryIso2":"CW","countryName":"Curacao","hotelRating":"2","latitude":"12.1378","longitude":"-68.9476","state_id":null,"state_name":null,"country_id":null},{"active":false,"Giataid":"708415","cityId":null,"cityName":"Willemstad","hotelId":20009793,"hotelName":"World Heritage","address":"Ferdinandstraat,Willemstad,Curacao","phones":"","fax":"","email":"","url":"http://www.eurobookings.com/willemstad-hotels-cw/staying-in-world-heritage.da.html","countryIso2":"CW","countryName":"Curacao","hotelRating":"0","latitude":"12.1015","longitude":"-68.9172","state_id":null,"state_name":null,"country_id":null},{"active":false,"Giataid":"666958","cityId":null,"cityName":"Willemstad","hotelId":20009934,"hotelName":"Bed & Breakfast Sun Sea Sleep","address":"Kaya Strauss 199,Willemstad,Curacao","phones":"","fax":"","email":"","url":"","countryIso2":"CW","countryName":"Curacao","hotelRating":"3","latitude":"12.0971","longitude":"-68.8527","state_id":null,"state_name":null,"country_id":null},{"active":false,"Giataid":"671633","cityId":null,"cityName":"Willemstad","hotelId":20010107,"hotelName":"Besundi Apartments Curacao","address":"Alablancaweg 32,City Center,Willemstad,Cura?ao,Curacao","phones":"+59996780537","fax":"","email":"besundiapartmentscuracao@gmail.com","url":"http://besundi-apartments-curacao-cw.book.direct","countryIso2":"CW","countryName":"Curacao","hotelRating":"3","latitude":"12.133","longitude":"-68.899","state_id":null,"state_name":null,"country_id":null},{"active":false,"Giataid":"499638","cityId":null,"cityName":"Willemstad","hotelId":20010222,"hotelName":"Apolonia Boutique Hotel","address":"Roodeweg 132,Willemstad,Curacao","phones":"","fax":"","email":"apoloniaboutiquehotel@gmail.com","url":"http://www.apolonia-boutiquehotel-curacao.com","countryIso2":"CW","countryName":"Curacao","hotelRating":"2","latitude":"12.113","longitude":"-68.9452","state_id":null,"state_name":null,"country_id":null},{"active":false,"Giataid":"702777","cityId":null,"cityName":"Willemstad","hotelId":20010365,"hotelName":"Curadise Living","address":"Seru Fortunaweg 48,Willemstad,Curacao","phones":"","fax":"","email":"","url":"","countryIso2":"CW","countryName":"Curacao","hotelRating":"0","latitude":"12.1015","longitude":"-68.9172","state_id":null,"state_name":null,"country_id":null},{"active":false,"Giataid":"484843","cityId":null,"cityName":"Willemstad","hotelId":20010526,"hotelName":"Hotel L'Aldea","address":"Santa Catharina #66,Willemstad,Curacao","phones":"+59997676777","fax":"","email":"info@laldeacur.com","url":"http://laldeacur.com/","countryIso2":"CW","countryName":"Curacao","hotelRating":"0","latitude":"12.1408","longitude":"-68.8363","state_id":null,"state_name":null,"country_id":null},{"active":false,"Giataid":"505775","cityId":null,"cityName":"Willemstad","hotelId":20010676,"hotelName":"Champartments Resort Villa & Appartementen Dom Perignon","address":"Jan Sofat 10,Kaya Zjozjoli 6,Willemstad,Curacao","phones":"","fax":"","email":"","url":"http://www.champartments.nl/DomPerignon.html","countryIso2":"CW","countryName":"Curacao","hotelRating":"3","latitude":"12.0872","longitude":"-68.8515","state_id":null,"state_name":null,"country_id":null},{"active":false,"Giataid":"501607","cityId":null,"cityName":"Lagun","hotelId":20010839,"hotelName":"Rainbow Villa","address":"Lagun 208,Lagun,Curacao","phones":"","fax":"","email":"","url":"","countryIso2":"CW","countryName":"Curacao","hotelRating":"2","latitude":"12.3216","longitude":"-69.1514","state_id":null,"state_name":null,"country_id":null},{"active":false,"Giataid":"100186","cityId":null,"cityName":"Boca Sint Michiel","hotelId":20010955,"hotelName":"Ban Topa","address":"Boca St. Michiel,Curacao,Curacao","phones":"+59998695670","fax":"","email":"info@bantopa.nl","url":"http://www.bantopa.nl/","countryIso2":"CW","countryName":"Curacao","hotelRating":"2","latitude":"12.1424","longitude":"-68.9925","state_id":null,"state_name":null,"country_id":null},{"active":false,"Giataid":"411799","cityId":null,"cityName":"Willemstad","hotelId":20011144,"hotelName":"Villa Liv'n Curacao","address":"BrakkePut Abao 243,1000 Willemstad,Curacao","phones":"","fax":"","email":"","url":"","countryIso2":"CW","countryName":"Curacao","hotelRating":"0","latitude":"12.087","longitude":"-68.8667","state_id":null,"state_name":null,"country_id":null},{"active":false,"Giataid":"141633","cityId":null,"cityName":"Willemstad","hotelId":20011251,"hotelName":"ABC Apartements","address":"Zorgendal 2,Ruud en Bep Nije,Willemstad,Curacao","phones":"+59997886622","fax":"","email":"abcappartementen@gmail.com","url":"http://abc-appartementen.com","countryIso2":"CW","countryName":"Curacao","hotelRating":"3","latitude":"12.1653","longitude":"-68.9682","state_id":null,"state_name":null,"country_id":null},{"active":false,"Giataid":"445135","cityId":null,"cityName":"Willemstad","hotelId":20011378,"hotelName":"Atlanta Beach Hotel","address":"Doctor Martin Luther King Boulevard 117,Willemstad,Curacao","phones":"+59994617774","fax":"","email":"atlantabeachhotel@gmail.com","url":"http://www.atlantabeachhotel.com","countryIso2":"CW","countryName":"Curacao","hotelRating":"3","latitude":"12.0906","longitude":"-68.9039","state_id":null,"state_name":null,"country_id":null},{"active":false,"Giataid":"301243","cityId":null,"cityName":"Willemstad","hotelId":20011495,"hotelName":"Santa Catharina Resort","address":"Weg naar Santa Catharina z/n,Willemstad,Curacao","phones":"+59997677030","fax":"+59997677026","email":"info@santacatharinaresort.com","url":"http://www.clubsantacatharina.com/index.php?bungalows_en","countryIso2":"CW","countryName":"Curacao","hotelRating":"3","latitude":"12.104","longitude":"-68.9263","state_id":null,"state_name":null,"country_id":null},{"active":false,"Giataid":"702767","cityId":null,"cityName":"Willemstad","hotelId":20011626,"hotelName":"Perfect Stay Curacao","address":"Carawaraweg 76,Bottelier,Willemstad,Curacao","phones":"","fax":"","email":"","url":"","countryIso2":"CW","countryName":"Curacao","hotelRating":"0","latitude":"12.1015","longitude":"-68.9172","state_id":null,"state_name":null,"country_id":null},{"active":false,"Giataid":"504167","cityId":null,"cityName":"Willemstad","hotelId":20011875,"hotelName":"Poppy Hostel Curacao","address":"Mgr Niewindtstraat 20,Ext Of Jhj Hamelbergweg,Otrobanda,Willemstad,Curacao","phones":"","fax":"","email":"info@poppyhostelcuracao.com","url":"https://www.poppyhostelcuracao.com","countryIso2":"CW","countryName":"Curacao","hotelRating":"2","latitude":"12.1122","longitude":"-68.9408","state_id":null,"state_name":null,"country_id":null},{"active":false,"Giataid":"708356","cityId":null,"cityName":"Willemstad","hotelId":20012054,"hotelName":"Green View at Blue Bay Curacao","address":"Blue Bay Resort BT-56,Willemstad,Curacao","phones":"","fax":"","email":"info@greenviewcuracao.com","url":"https://greenviewcuracao.com/","countryIso2":"CW","countryName":"Curacao","hotelRating":"0","latitude":"12.1015","longitude":"-68.9172","state_id":null,"state_name":null,"country_id":null},{"active":false,"Giataid":"606000","cityId":null,"cityName":"Willemstad","hotelId":20012177,"hotelName":"KDF Apartments","address":"Kaya Jeremiah C12,Willemstad,Cura?ao,Curacao","phones":"","fax":"","email":"","url":"","countryIso2":"CW","countryName":"Curacao","hotelRating":"0","latitude":"12.1015","longitude":"-68.9172","state_id":null,"state_name":null,"country_id":null},{"active":false,"Giataid":"695522","cityId":null,"cityName":"Willemstad","hotelId":20012284,"hotelName":"B&B Sombre di Kabana","address":"Kaya Beethoven 62,Cas Grandi,Willemstad,Netherlands Antilles,Curacao","phones":"+59997474611","fax":"","email":"info@bnb-sombredikabana.com","url":"https://www.bnb-sombredikabana.com","countryIso2":"CW","countryName":"Curacao","hotelRating":"0","latitude":"12.0931","longitude":"-68.8577","state_id":null,"state_name":null,"country_id":null},{"active":false,"Giataid":"612775","cityId":null,"cityName":"Willemstad","hotelId":20012414,"hotelName":"Palm Trees Apartments","address":"Rust en Burghlaan 4,Willemstad,Curacao","phones":"","fax":"","email":"","url":"","countryIso2":"CW","countryName":"Curacao","hotelRating":"3","latitude":"12.1339","longitude":"-68.9083","state_id":null,"state_name":null,"country_id":null},{"active":false,"Giataid":"301240","cityId":null,"cityName":"Willemstad","hotelId":20012550,"hotelName":"Urban Island Paradise","address":"Pietermaai 51,Willemstad,Curacao","phones":"","fax":"","email":"","url":"","countryIso2":"CW","countryName":"Curacao","hotelRating":"3","latitude":"12.1027","longitude":"-68.9287","state_id":null,"state_name":null,"country_id":null},{"active":false,"Giataid":"122360","cityId":null,"cityName":"Willemstad","hotelId":20012644,"hotelName":"Iguana Inn","address":"Korporaalweg 28,Willemstad,Cura?ao,Curacao","phones":"+59994651147","fax":"","email":"info@iguana-inn.net","url":"http://www.iguana-inn.net/","countryIso2":"CW","countryName":"Curacao","hotelRating":"2","latitude":"12.105","longitude":"-68.8879","state_id":null,"state_name":null,"country_id":null},{"active":false,"Giataid":"488159","cityId":null,"cityName":"Willemstad","hotelId":20012802,"hotelName":"City Suites Curacao","address":"Pietermaai Plein 8,Unit 5,Willemstad,Curacao","phones":"+59994651551","fax":"+59994651550","email":"info@citysuitescuracao.com","url":"http://www.citysuitescuracao.com","countryIso2":"CW","countryName":"Curacao","hotelRating":"3","latitude":"12.104","longitude":"-68.932","state_id":null,"state_name":null,"country_id":null},{"active":false,"Giataid":"612570","cityId":null,"cityName":"Willemstad","hotelId":20012917,"hotelName":"Spazio","address":"Piscadera Bay z/n,Willemstad,Curacao","phones":"","fax":"","email":"","url":"","countryIso2":"CW","countryName":"Curacao","hotelRating":"4","latitude":"12.1208","longitude":"-68.9657","state_id":null,"state_name":null,"country_id":null},{"active":false,"Giataid":"707727","cityId":null,"cityName":"Willemstad","hotelId":20013028,"hotelName":"Hacienda La Bougainville Bed and Breakfast","address":"Juan Luis nst 17A,West Groot St. Joris,Willemstad,Curacao","phones":"+59995123542","fax":"","email":"info@labougainville.com","url":"http://labougainville.com","countryIso2":"CW","countryName":"Curacao","hotelRating":"0","latitude":"12.1323","longitude":"-68.843","state_id":null,"state_name":null,"country_id":null},{"active":false,"Giataid":"695499","cityId":null,"cityName":"Willemstad","hotelId":20013164,"hotelName":"Curacao 42","address":"Kaya Strauss 212,Cas Grandi,Willemstad,Netherlands Antilles,Curacao","phones":"+59996632797","fax":"","email":"holiday@curacao42.nl","url":"https://www.curacao42.com","countryIso2":"CW","countryName":"Curacao","hotelRating":"0","latitude":"12.0933","longitude":"-68.8522","state_id":null,"state_name":null,"country_id":null},{"active":false,"Giataid":"296934","cityId":null,"cityName":"Willemstad","hotelId":20013297,"hotelName":"The Pearl of the Caribbean","address":"Weg naar Sta Catharina z/n,Cura?ao,Curacao","phones":"+59997674866","fax":"","email":"info@thepearlofthecaribbean.com","url":"http://www.thepearlofthecaribbean.com/default-de.aspx","countryIso2":"CW","countryName":"Curacao","hotelRating":"0","latitude":"12.1382","longitude":"-68.8318","state_id":null,"state_name":null,"country_id":null},{"active":false,"Giataid":"698973","cityId":null,"cityName":"Willemstad","hotelId":20013420,"hotelName":"The Ritz Village","address":"Scharlooweg 25,1234XL Willemstad,Curacao","phones":"+59998449950","fax":"","email":"info@ritz-village.com","url":"https://www.ritz-village.com/","countryIso2":"CW","countryName":"Curacao","hotelRating":"3","latitude":"12.1068","longitude":"-68.9275","state_id":null,"state_name":null,"country_id":null},{"active":false,"Giataid":"628937","cityId":null,"cityName":"Willemstad","hotelId":20013524,"hotelName":"Home Sweet Home Mini-Resort","address":"Kaya Jan Thiel 82,Willemstad,Curacao","phones":"+59995282155","fax":"","email":"info@home-sweethome.nl","url":"https://www.home-sweethome.nl","countryIso2":"CW","countryName":"Curacao","hotelRating":"0","latitude":"12.1015","longitude":"-68.9172","state_id":null,"state_name":null,"country_id":null},{"active":false,"Giataid":"695388","cityId":null,"cityName":"Willemstad","hotelId":20013647,"hotelName":"Curacao Winery Landhuis Hato","address":"F.D. Rooseveltweg,Landhuis Hato,obliquely opposite the Hato Caves,Willemstad,Netherlands Antilles,Curacao","phones":"+31654922406","fax":"","email":"info@curacaowine.com","url":"http://www.curacaowine.com","countryIso2":"CW","countryName":"Curacao","hotelRating":"0","latitude":"12.1015","longitude":"-68.9172","state_id":null,"state_name":null,"country_id":null},{"active":false,"Giataid":"405268","cityId":null,"cityName":"Willemstad","hotelId":20013735,"hotelName":"Academy","address":"Prinsenstraat 80,Willemstad,Curacao","phones":"","fax":"","email":"info@academyhotelcuracao.com","url":"http://www.academyhotelcuracao.com","countryIso2":"CW","countryName":"Curacao","hotelRating":"3","latitude":"12.1048","longitude":"-68.932","state_id":null,"state_name":null,"country_id":null},{"active":false,"Giataid":"512055","cityId":null,"cityName":"Willemstad","hotelId":20013847,"hotelName":"Lucille Residence C Bay","address":"Oude Caracasbaaiweg 60,Willemstad,Curacao","phones":"","fax":"","email":"","url":"","countryIso2":"CW","countryName":"Curacao","hotelRating":"3","latitude":"12.1082","longitude":"-68.8998","state_id":null,"state_name":null,"country_id":null},{"active":false,"Giataid":"520503","cityId":null,"cityName":"Willemstad","hotelId":20013984,"hotelName":"V-Lodge","address":"Otrabanda 1,Willemstad,Curacao,Curacao","phones":"","fax":"","email":"","url":"","countryIso2":"CW","countryName":"Curacao","hotelRating":"0","latitude":"12.1015","longitude":"-68.9172","state_id":null,"state_name":null,"country_id":null},{"active":false,"Giataid":"446892","cityId":null,"cityName":"Willemstad","hotelId":20014092,"hotelName":"Curacao Airport Hotel","address":"Franklin D Rooseveltweg 524,Willemstad,Curacao","phones":"+59998688044","fax":"","email":"reservations@curacaoairporthotel.com","url":"https://www.curacaoairporthotel.com","countryIso2":"CW","countryName":"Curacao","hotelRating":"3","latitude":"12.1816","longitude":"-68.9513","state_id":null,"state_name":null,"country_id":null},{"active":false,"Giataid":"204099","cityId":null,"cityName":"Willemstad","hotelId":20014172,"hotelName":"Alablanca Apartments Residents Inn","address":"Kaya Toni Kunchi 15A,Willemstad,Curacao","phones":"","fax":"","email":"alablanca.apartments@gmail.com","url":"http://www.alablanca-apartments.com","countryIso2":"CW","countryName":"Curacao","hotelRating":"2","latitude":"12.1234","longitude":"-68.8873","state_id":null,"state_name":null,"country_id":null},{"active":false,"Giataid":"708390","cityId":null,"cityName":"Willemstad","hotelId":20014297,"hotelName":"J E T S E T Villa Curacao","address":"Jan Sofat 32,3211 Willemstad,Curacao","phones":"","fax":"","email":"","url":"","countryIso2":"CW","countryName":"Curacao","hotelRating":"0","latitude":"12.1015","longitude":"-68.9172","state_id":null,"state_name":null,"country_id":null},{"active":false,"Giataid":"708149","cityId":null,"cityName":"Willemstad","hotelId":20014408,"hotelName":"Bed & Bike Curacao","address":"Ansinghstraat #1,Willemstad,Curacao","phones":"+59998437373","fax":"","email":"info@bedandbikecuracao.com","url":"https://www.bedandbikecuracao.com/","countryIso2":"CW","countryName":"Curacao","hotelRating":"0","latitude":"12.1034","longitude":"-68.9267","state_id":null,"state_name":null,"country_id":null},{"active":false,"Giataid":"695312","cityId":null,"cityName":"Soto","hotelId":20292381,"hotelName":"Landhuis Klein Santa Martha","address":"Landhuis klein Santa Martha,northeast of Santa Martha Bay,Soto,Netherlands Antilles,Curacao","phones":"+59998640316","fax":"","email":"steffi@landhuisksm.com","url":"http://www.landhuisksm.com","countryIso2":"CW","countryName":"Curacao","hotelRating":"3","latitude":"12.2751","longitude":"-69.1147","state_id":null,"state_name":null,"country_id":null},{"active":false,"Giataid":"876480","cityId":null,"cityName":"Boca Sint Michiel","hotelId":20292382,"hotelName":"Bohemi Resort","address":"Amado Romer 59,Kaminda Dr,Sint Michiel,Curacao","phones":"","fax":"","email":"info@bohemi-resort.com","url":"http://www.bohemi-curacao.com","countryIso2":"CW","countryName":"Curacao","hotelRating":"0","latitude":"12.1424","longitude":"-68.9969","state_id":null,"state_name":null,"country_id":null},{"active":false,"Giataid":"867204","cityId":null,"cityName":"Willemstad","hotelId":20292383,"hotelName":"Villa Condor","address":"Bapor Kibra z/n,Cura?ao Ocean Resort,Villa 4,Seaquarium Beach,Willemstad,Curacao","phones":"+59997660044","fax":"","email":"info@dolphinsjump.com","url":"http://www.dolphinsjump.com/nl/accommodaties/condor/","countryIso2":"CW","countryName":"Curacao","hotelRating":"0","latitude":"12.1123","longitude":"-68.9149","state_id":null,"state_name":null,"country_id":null},{"active":false,"Giataid":"867168","cityId":null,"cityName":"Willemstad","hotelId":20292384,"hotelName":"Gosa Bunita","address":"Seru Bottelier 74,Willestad,Curacao","phones":"","fax":"","email":"info@apartementogosabunita.com","url":"http://www.apartementogosabunita.com","countryIso2":"CW","countryName":"Curacao","hotelRating":"3","latitude":"12.1123","longitude":"-68.9149","state_id":null,"state_name":null,"country_id":null},{"active":false,"Giataid":"939478","cityId":null,"cityName":"Willemstad","hotelId":20292385,"hotelName":"Seru Coral Resort","address":"Koraal Partier Kaya Progreso 10,Willemstad,Curacao","phones":"+59995238204","fax":"","email":"info@seru-coralresort.com","url":"http://www.seru-coralresort.com/","countryIso2":"CW","countryName":"Curacao","hotelRating":"0","latitude":"12.1322","longitude":"-68.8487","state_id":null,"state_name":null,"country_id":null},{"active":false,"Giataid":"864732","cityId":null,"cityName":"Willemstad","hotelId":20292386,"hotelName":"Flamingo Inn Curacao","address":"Telamonstraat,Willemstad,Curacao","phones":"","fax":"","email":"","url":"","countryIso2":"CW","countryName":"Curacao","hotelRating":"3","latitude":"12.1123","longitude":"-68.9149","state_id":null,"state_name":null,"country_id":null},{"active":false,"Giataid":"931952","cityId":null,"cityName":"Willemstad","hotelId":20292387,"hotelName":"Villa Las Olas","address":"Boca Gentil S-05,Jan Thiel,Willemstad,Curacao","phones":"","fax":"","email":"","url":"","countryIso2":"CW","countryName":"Curacao","hotelRating":"0","latitude":"12.0732","longitude":"-68.8776","state_id":null,"state_name":null,"country_id":null},{"active":false,"Giataid":"429758","cityId":null,"cityName":"St. Willibrordus","hotelId":20292388,"hotelName":"Oasis Coral Estate Beach Dive And Wellness Resort","address":"Rif St Marie,Sint Willibrordus,Curacao","phones":"","fax":"","email":"","url":"http://www.oasisparcs.com/coralestate","countryIso2":"CW","countryName":"Curacao","hotelRating":"3","latitude":"12.2132","longitude":"-69.0717","state_id":null,"state_name":null,"country_id":null},{"active":false,"Giataid":"899129","cityId":null,"cityName":"Jan Thiel Bay","hotelId":20292389,"hotelName":"Villa Mi Cuna Curacao","address":"Kaya Marmara G6,Jan Thiel,Willemstad,Curacao","phones":"","fax":"","email":"","url":"","countryIso2":"CW","countryName":"Curacao","hotelRating":"0","latitude":"12.0753","longitude":"-68.8769","state_id":null,"state_name":null,"country_id":null},{"active":false,"Giataid":"929311","cityId":null,"cityName":"Willemstad","hotelId":20292390,"hotelName":"We Box Homes","address":"Esmeraldaweg 54,Willemstad,Curacao","phones":"","fax":"","email":"","url":"","countryIso2":"CW","countryName":"Curacao","hotelRating":"0","latitude":"12.1123","longitude":"-68.9149","state_id":null,"state_name":null,"country_id":null},{"active":false,"Giataid":"867182","cityId":null,"cityName":"Willemstad","hotelId":20292391,"hotelName":"Villa Sol Caribe","address":"kaya Malvasia 13,Villa park zuurzak,Willemstad,Curacao","phones":"","fax":"","email":"","url":"","countryIso2":"CW","countryName":"Curacao","hotelRating":"0","latitude":"12.1123","longitude":"-68.9149","state_id":null,"state_name":null,"country_id":null},{"active":false,"Giataid":"746205","cityId":null,"cityName":"Fontein","hotelId":20292392,"hotelName":"Ananda Wellness Retreat Curacao","address":"Villa Park Fontein B77,Weg Naar Soto z/n,Fontein,Curacao","phones":"+59998642227","fax":"","email":"info@ananda.cw","url":"https://www.anandacuracao.com","countryIso2":"CW","countryName":"Curacao","hotelRating":"0","latitude":"12.244","longitude":"-69.0596","state_id":null,"state_name":null,"country_id":null},{"active":false,"Giataid":"734520","cityId":null,"cityName":"Soto","hotelId":20292393,"hotelName":"VistaMar","address":"Coral Cliff 8,Dorp Soto,Curacao","phones":"","fax":"","email":"","url":"","countryIso2":"CW","countryName":"Curacao","hotelRating":"0","latitude":"12.2714","longitude":"-69.1205","state_id":null,"state_name":null,"country_id":null},{"active":false,"Giataid":"867230","cityId":null,"cityName":"Willemstad","hotelId":20292394,"hotelName":"Blue Bay Curacao The Garden","address":"Landhuis Blaauw z/n,Willemstad,Curacao,Curacao","phones":"+59998888800","fax":"","email":"info@bluebay-curacao.com","url":"https://www.bluebay-curacao.com/accommodations/garden","countryIso2":"CW","countryName":"Curacao","hotelRating":"0","latitude":"12.1123","longitude":"-68.9149","state_id":null,"state_name":null,"country_id":null},{"active":false,"Giataid":"405258","cityId":null,"cityName":"Barber","hotelId":20292395,"hotelName":"Don Genaro Curacao Appartements","address":"Kaminda Hoffi Abou Kavel 32,Barber,Curacao","phones":"+59998683225","fax":"","email":"info@dongenaro.de","url":"http://www.curacao-appartements.com/?p=3647","countryIso2":"CW","countryName":"Curacao","hotelRating":"0","latitude":"12.2907","longitude":"-69.1011","state_id":null,"state_name":null,"country_id":null},{"active":false,"Giataid":"929308","cityId":null,"cityName":"Willemstad","hotelId":20292396,"hotelName":"La Bienvenue","address":"Oranjestraat 60,Willemstad,Curacao","phones":"","fax":"","email":"","url":"","countryIso2":"CW","countryName":"Curacao","hotelRating":"0","latitude":"12.1123","longitude":"-68.9149","state_id":null,"state_name":null,"country_id":null},{"active":false,"Giataid":"929299","cityId":null,"cityName":"Willemstad","hotelId":20292397,"hotelName":"Villa Royale","address":"Kaya Egeo S10,Willemstad,Curacao","phones":"","fax":"","email":"info@villaroyalecuracao.com","url":"http://www.villaroyalecuracao.com/","countryIso2":"CW","countryName":"Curacao","hotelRating":"0","latitude":"12.1123","longitude":"-68.9149","state_id":null,"state_name":null,"country_id":null},{"active":false,"Giataid":"995054","cityId":null,"cityName":"St. Willibrordus","hotelId":20428828,"hotelName":"Coral Estate - Villas","address":"Sint Willibrordus,Curacao","phones":"+59998885555","fax":"","email":"info@coralestaterentals.com","url":"https://www.coralestaterentals.com/de/villen-mit-privatem-swimmingpool","countryIso2":"CW","countryName":"Curacao","hotelRating":"1","latitude":"12.2119","longitude":"-69.0643","state_id":null,"state_name":null,"country_id":null},{"active":false,"Giataid":"995058","cityId":null,"cityName":"St. Willibrordus","hotelId":20428829,"hotelName":"Coral Estate - Appartements","address":"Sint Willibrordus,Curacao","phones":"+59998885555","fax":"","email":"info@coralestaterentals.com","url":"https://www.coralestaterentals.com/de/ferienwohnungen/coral-estate-centre-apartments-und-hotelzimmer","countryIso2":"CW","countryName":"Curacao","hotelRating":"4","latitude":"12.2119","longitude":"-69.0643","state_id":null,"state_name":null,"country_id":null},{"active":false,"Giataid":"995046","cityId":null,"cityName":"St. Willibrordus","hotelId":20428832,"hotelName":"Coral Estate","address":"La Puerta Business Centre,Sint Willibrordus,Curacao","phones":"+59998885555","fax":"","email":"info@coralestaterentals.com","url":"https://www.coralestaterentals.com/de","countryIso2":"CW","countryName":"Curacao","hotelRating":"1","latitude":"12.2119","longitude":"-69.0643","state_id":null,"state_name":null,"country_id":null}]