[{"active":false,"Giataid":"37913","cityId":null,"cityName":"Sentosa Island","hotelId":37913,"hotelName":"Sofitel Singapore Sentosa Resort & Spa","address":"2 Bukit Manis Road,Sentosa,Singapore 099891,Singapore","phones":"+6567088310","fax":"+6562750228","email":"info@thesentosa.com","url":"http://www.thesentosa.com","countryIso2":"SG","countryName":"Singapore","hotelRating":"5","latitude":"1.24622","longitude":"103.828","state_id":null,"state_name":null,"country_id":null},{"active":false,"Giataid":"226691","cityId":null,"cityName":"Sentosa Island","hotelId":226691,"hotelName":"Hard Rock Hotel Singapore","address":"8 Sentosa Gateway,Singapore 098269,Insel Sentosa,Singapore","phones":"+6565778899","fax":"+6565778890","email":"travelagents@rwsentosa.com","url":"http://www.rwsentosa.com/language/en-US/Hotels/HardRockHotel","countryIso2":"SG","countryName":"Singapore","hotelRating":"5","latitude":"1.25778","longitude":"103.819","state_id":null,"state_name":null,"country_id":null},{"active":false,"Giataid":"226692","cityId":null,"cityName":"Sentosa Island","hotelId":226692,"hotelName":"Festive Hotel","address":"8 Sentosa Gateway,Sentosa Island 098269,Singapore","phones":"+6565778899","fax":"+6565778890","email":"travelagents@rwsentosa.com","url":"http://www.rwsentosa.com/language/en-US/Hotels/FestiveHotel","countryIso2":"SG","countryName":"Singapore","hotelRating":"5","latitude":"1.25643","longitude":"103.819","state_id":null,"state_name":null,"country_id":null},{"active":false,"Giataid":"246409","cityId":null,"cityName":"Sentosa Island","hotelId":246409,"hotelName":"Breezee Room At Resort","address":"1110 East Coast Service Road,Singapore 449880,Singapore","phones":"","fax":"","email":"","url":"http://breezeeroom.com/index.html","countryIso2":"SG","countryName":"Singapore","hotelRating":"1","latitude":"1.304","longitude":"103.923","state_id":null,"state_name":null,"country_id":null},{"active":false,"Giataid":"637634","cityId":null,"cityName":"Sentosa Island","hotelId":637634,"hotelName":"Resort World Sentosa","address":"8 Sentosa Gateway,Sentosa Island,Singapore 098269,Singapore","phones":"+6565778899","fax":"+6565778895","email":"enquiries@rwsentosa.com","url":"http://www.rwsentosa.com","countryIso2":"SG","countryName":"Singapore","hotelRating":"1","latitude":"1.25598","longitude":"103.824","state_id":null,"state_name":null,"country_id":null},{"active":false,"Giataid":"720874","cityId":null,"cityName":"Sentosa Island","hotelId":720874,"hotelName":"Resorts World Sentosa - Tree Top Lofts","address":"8 Sentosa Gateway,Sentosa Island,098269 Singapur,Singapore","phones":"+6565778899","fax":"","email":"reservations@rwsentosa.com","url":"","countryIso2":"SG","countryName":"Singapore","hotelRating":"1","latitude":"1.25358","longitude":"103.824","state_id":null,"state_name":null,"country_id":null},{"active":false,"Giataid":"720989","cityId":null,"cityName":"Sentosa Island","hotelId":720989,"hotelName":"Resorts World Sentosa - Ocean Suite","address":"8 Sentosa Gateway,Sentosa Island,098269 Singapore,Singapore","phones":"","fax":"","email":"","url":"https://www.rwsentosa.com/en/hotels/ocean-suite","countryIso2":"SG","countryName":"Singapore","hotelRating":"1","latitude":"1.25358","longitude":"103.824","state_id":null,"state_name":null,"country_id":null},{"active":false,"Giataid":"946369","cityId":null,"cityName":"Sentosa Island","hotelId":946369,"hotelName":"The Outpost Hotel","address":"10 Artillery Avenue,03-01,Sentosa Island 099951,Singapore,Singapore","phones":"+6565122202","fax":"","email":"sales.sentosa@fareast.com.sg","url":"","countryIso2":"SG","countryName":"Singapore","hotelRating":"0","latitude":"1.25363","longitude":"103.821","state_id":null,"state_name":null,"country_id":null},{"active":false,"Giataid":"644814","cityId":null,"cityName":"Sentosa Island","hotelId":20001447,"hotelName":"The Club Residences by Capella Singapore","address":"1 The Knolls,Sentosa Island 098297,Singapore","phones":"+6565915092","fax":"","email":"","url":"http://www.theclubcapellasingapore.com/","countryIso2":"SG","countryName":"Singapore","hotelRating":"5","latitude":"1.25029","longitude":"103.824","state_id":null,"state_name":null,"country_id":null}]