[{"active":false,"Giataid":"51371","cityId":76608,"cityName":"Maputo","hotelId":51371,"hotelName":"Southern Sun Maputo","address":"Avenida de Marginal,P.O. BOX 4354,Maputo,Mozambique","phones":"+25821495050","fax":"+25821497700","email":"maputo@southernsun.com","url":"http://www.southernsun.com/hotels/maputo/pages/overview.aspx","countryIso2":"MZ","countryName":"Mozambique","hotelRating":"4","latitude":"-25.9593","longitude":"32.6053","state_id":3335,"state_name":"Maputo","country_id":150},{"active":false,"Giataid":"51375","cityId":76621,"cityName":"Pemba","hotelId":51375,"hotelName":"Avani Pemba Beach Hotel & Spa","address":"Avenida da Marginal 5470,Pemba,Cabo Delgado,Mozambique","phones":"+25827221770","fax":"","email":"","url":"http://www.pembabeachresort.com/","countryIso2":"MZ","countryName":"Mozambique","hotelRating":"4","latitude":"-12.9638","longitude":"40.5298","state_id":3327,"state_name":"Cabo Delgado Province","country_id":150},{"active":false,"Giataid":"201606","cityId":76590,"cityName":"Beira","hotelId":201606,"hotelName":"Tivoli Beira","address":"Av. Bagamoio 363,363 Beira,Mozambique","phones":"+25823320300","fax":"+25823320300","email":"h.tivoli-beira@teledata.mz","url":"http://www.tdhotels.pt/default.aspx?lang=ing&amp;idHotel=494&amp;hotel=Hotel-Tivoli-Beira","countryIso2":"MZ","countryName":"Mozambique","hotelRating":"3","latitude":"-19.8304","longitude":"34.8379","state_id":3331,"state_name":"Sofala Province","country_id":150},{"active":false,"Giataid":"201991","cityId":76621,"cityName":"Pemba","hotelId":201991,"hotelName":"Londo Lodge","address":"Pemba,Quirimbas,Mozambique","phones":"+25827229034","fax":"","email":"info@londolodge.com","url":"http://www.londolodge.com/","countryIso2":"MZ","countryName":"Mozambique","hotelRating":"4","latitude":"-12.9132","longitude":"40.5011","state_id":3327,"state_name":"Cabo Delgado Province","country_id":150},{"active":false,"Giataid":"234610","cityId":76601,"cityName":"Inhambane","hotelId":234610,"hotelName":"Casa Do Capitao","address":"Avenida de Maguiguana,Inhambane,Mozambique","phones":"","fax":"","email":"","url":"","countryIso2":"MZ","countryName":"Mozambique","hotelRating":"4","latitude":"-23.8622","longitude":"35.3786","state_id":3330,"state_name":"Inhambane Province","country_id":150},{"active":false,"Giataid":"234975","cityId":76601,"cityName":"Inhambane","hotelId":234975,"hotelName":"Barra Beach Club","address":"Avenida Josina Machel,Praia Da Barra,Inhambane,Miramar,Mozambique","phones":"+25829356237","fax":"+25829321413","email":"reservations@hotelcasadocapitao.com","url":"http://www.signaturehotels.co.za/hotels-accommodation/signature-hotels/mozambique/barra-beach-club","countryIso2":"MZ","countryName":"Mozambique","hotelRating":"4","latitude":"-23.7895","longitude":"35.5084","state_id":3330,"state_name":"Inhambane Province","country_id":150},{"active":false,"Giataid":"235328","cityId":76608,"cityName":"Maputo","hotelId":235328,"hotelName":"Radisson Blu Maputo","address":"Avenida Marginal 141,Zona 8/1,1100 Maputo,Mozambique","phones":"+25821242400","fax":"+25821328499","email":"info.maputo@radissonblu.com","url":"http://www.radissonblu.com/hotel-maputo","countryIso2":"MZ","countryName":"Mozambique","hotelRating":"5","latitude":"-25.9569","longitude":"32.6069","state_id":3335,"state_name":"Maputo","country_id":150},{"active":false,"Giataid":"475481","cityId":76590,"cityName":"Beira","hotelId":475481,"hotelName":"Hotel Residencial Uzeir","address":"","phones":"","fax":"","email":"","url":"","countryIso2":"MZ","countryName":"Mozambique","hotelRating":"1","latitude":"-19.8294","longitude":"34.8379","state_id":3331,"state_name":"Sofala Province","country_id":150},{"active":false,"Giataid":"502754","cityId":76608,"cityName":"Maputo","hotelId":502754,"hotelName":"Delagoa Bay Residence Inn","address":"","phones":"","fax":"","email":"","url":"","countryIso2":"MZ","countryName":"Mozambique","hotelRating":"1","latitude":"-25.9647","longitude":"32.5852","state_id":3335,"state_name":"Maputo","country_id":150},{"active":false,"Giataid":"526906","cityId":76608,"cityName":"Maputo","hotelId":526906,"hotelName":"Mozaika Guesthouse","address":"","phones":"","fax":"","email":"","url":"","countryIso2":"MZ","countryName":"Mozambique","hotelRating":"1","latitude":"-25.8994","longitude":"32.6045","state_id":3335,"state_name":"Maputo","country_id":150},{"active":false,"Giataid":"526939","cityId":76601,"cityName":"Inhambane","hotelId":526939,"hotelName":"Lighthouse Reef Resort","address":"NULL","phones":"+25829356310","fax":"+25829356355","email":"paindane.sa@mweb.co.za","url":"http://www.lighthousereef.co.za","countryIso2":"MZ","countryName":"Mozambique","hotelRating":"1","latitude":"-23.888","longitude":"35.396","state_id":3330,"state_name":"Inhambane Province","country_id":150},{"active":false,"Giataid":"655032","cityId":76608,"cityName":"Maputo","hotelId":655032,"hotelName":"Anvil Bay","address":"","phones":"","fax":"","email":"","url":"","countryIso2":"MZ","countryName":"Mozambique","hotelRating":"4","latitude":"-25.9647","longitude":"32.5852","state_id":3335,"state_name":"Maputo","country_id":150},{"active":false,"Giataid":"671663","cityId":76608,"cityName":"Maputo","hotelId":671663,"hotelName":"Hotel Atlantis 2","address":"Avenida Paulo Samuel Kankhomba 789,1101 Maputo,Mozambique","phones":"","fax":"","email":"","url":"","countryIso2":"MZ","countryName":"Mozambique","hotelRating":"3","latitude":"-25.964","longitude":"32.587","state_id":3335,"state_name":"Maputo","country_id":150},{"active":false,"Giataid":"728117","cityId":76608,"cityName":"Maputo","hotelId":728117,"hotelName":"Hotel Santa Cruz","address":"Avenida 24 de Julho 1417,Maputo,Mozambique","phones":"","fax":"","email":"","url":"","countryIso2":"MZ","countryName":"Mozambique","hotelRating":"1","latitude":"-25.9647","longitude":"32.5852","state_id":3335,"state_name":"Maputo","country_id":150},{"active":false,"Giataid":"730104","cityId":76619,"cityName":"Nampula","hotelId":730104,"hotelName":"Hotel Paraiso","address":"Rua Das Fplm,Mauhivire Expansao,3100 Nampula,Mozambique","phones":"","fax":"","email":"","url":"","countryIso2":"MZ","countryName":"Mozambique","hotelRating":"1","latitude":"-15.1181","longitude":"39.2618","state_id":3336,"state_name":"Nampula Province","country_id":150},{"active":false,"Giataid":"733000","cityId":76608,"cityName":"Maputo","hotelId":733000,"hotelName":"Blu Sky Hotel","address":"Avenida Filipe Samuel Magaia 444/50,1100 Maputo,Mozambique","phones":"","fax":"","email":"","url":"","countryIso2":"MZ","countryName":"Mozambique","hotelRating":"1","latitude":"-25.9647","longitude":"32.5852","state_id":3335,"state_name":"Maputo","country_id":150},{"active":false,"Giataid":"733433","cityId":76601,"cityName":"Inhambane","hotelId":733433,"hotelName":"Sentidos Beach Retreat","address":"Praia da Barra,Bairro Conguiana,1300 Inhambane,Mozambique","phones":"+258843227272","fax":"","email":"info@sentidosbeachretreat.com","url":"http://www.sentidosbeachretreat.com","countryIso2":"MZ","countryName":"Mozambique","hotelRating":"4","latitude":"-23.7936","longitude":"35.524","state_id":3330,"state_name":"Inhambane Province","country_id":150},{"active":false,"Giataid":"733795","cityId":76608,"cityName":"Maputo","hotelId":733795,"hotelName":"Liv Inn Guest House","address":"Rua Engenheiro Santos Resenoe 1778,Dona Alice,CostaDo Sol,Maputo,Mozambique","phones":"+258845559000","fax":"","email":"info@liv-inn.com","url":"http://www.liv-inn.com","countryIso2":"MZ","countryName":"Mozambique","hotelRating":"1","latitude":"-25.9062","longitude":"32.634","state_id":3335,"state_name":"Maputo","country_id":150},{"active":false,"Giataid":"750874","cityId":76608,"cityName":"Maputo","hotelId":750874,"hotelName":"Malagueta Inn","address":"Avenida 24 De Julho 14,Polana Cimento A,1101 Maputo,Mozambique","phones":"","fax":"","email":"","url":"","countryIso2":"MZ","countryName":"Mozambique","hotelRating":"1","latitude":"-25.9647","longitude":"32.5852","state_id":3335,"state_name":"Maputo","country_id":150},{"active":false,"Giataid":"753084","cityId":76590,"cityName":"Beira","hotelId":753084,"hotelName":"Lunamar Hotel","address":"Avenida M?rtires da Revolu??o,Bairro Macuti,2331 Beira,Sofala Province,Mozambique","phones":"","fax":"","email":"","url":"","countryIso2":"MZ","countryName":"Mozambique","hotelRating":"1","latitude":"-19.8294","longitude":"34.8379","state_id":3331,"state_name":"Sofala Province","country_id":150},{"active":false,"Giataid":"754174","cityId":76608,"cityName":"Maputo","hotelId":754174,"hotelName":"Joli Guesthouse","address":"Rua Orlando Mendes 125,Antiga Rua Afonso Henriques,Sommerschield,1102  Maputo,Mozambique","phones":"+25821085670","fax":"","email":"info@joliguesthouse.com","url":"http://www.joliguesthouse.com/","countryIso2":"MZ","countryName":"Mozambique","hotelRating":"1","latitude":"-25.9647","longitude":"32.5852","state_id":3335,"state_name":"Maputo","country_id":150},{"active":false,"Giataid":"755541","cityId":76601,"cityName":"Inhambane","hotelId":755541,"hotelName":"Ate Amanha","address":"NULL","phones":"","fax":"","email":"","url":"","countryIso2":"MZ","countryName":"Mozambique","hotelRating":"1","latitude":"-23.8734","longitude":"35.476","state_id":3330,"state_name":"Inhambane Province","country_id":150},{"active":false,"Giataid":"759085","cityId":76624,"cityName":"Tete","hotelId":759085,"hotelName":"Tete Ferry Sun Hotel","address":"On the Banks of the Zambezi River,Tete,Mozambique","phones":"+25825220037","fax":"","email":"reservations@teteferrysun.com","url":"https://www.tsogosun.com/tete-ferry-sun","countryIso2":"MZ","countryName":"Mozambique","hotelRating":"1","latitude":"-16.1586","longitude":"33.6045","state_id":3334,"state_name":"Tete Province","country_id":150},{"active":false,"Giataid":"759468","cityId":76621,"cityName":"Pemba","hotelId":759468,"hotelName":"Pemba Arti Lodge","address":"BP 254 Pemba,Mozambique","phones":"+258843883147","fax":"","email":"","url":"https://www.pembaartilodge.com","countryIso2":"MZ","countryName":"Mozambique","hotelRating":"1","latitude":"-12.9955","longitude":"40.526","state_id":3327,"state_name":"Cabo Delgado Province","country_id":150},{"active":false,"Giataid":"797148","cityId":76608,"cityName":"Maputo","hotelId":797148,"hotelName":"Chinese Villa Resort","address":"Rua Nkunya Kilido 26,1001 Maputo,Mozambique","phones":"","fax":"","email":"","url":"","countryIso2":"MZ","countryName":"Mozambique","hotelRating":"1","latitude":"-25.9647","longitude":"32.5852","state_id":3335,"state_name":"Maputo","country_id":150},{"active":false,"Giataid":"798366","cityId":76608,"cityName":"Maputo","hotelId":798366,"hotelName":"Residencial Horizonte","address":"Avenida Guerra Popular 1267,0258 Maputo,Mozambique","phones":"","fax":"","email":"","url":"","countryIso2":"MZ","countryName":"Mozambique","hotelRating":"1","latitude":"-25.9647","longitude":"32.5852","state_id":3335,"state_name":"Maputo","country_id":150},{"active":false,"Giataid":"798757","cityId":76601,"cityName":"Inhambane","hotelId":798757,"hotelName":"Esperanza Beach Lodge","address":"Paindane Jangamo District,1240 Inhambane,Mozambique","phones":"+258844730190","fax":"","email":"bookings@esperanzalodge.co.za","url":"http://www.esperanzalodge.co.za","countryIso2":"MZ","countryName":"Mozambique","hotelRating":"1","latitude":"-23.8734","longitude":"35.476","state_id":3330,"state_name":"Inhambane Province","country_id":150},{"active":false,"Giataid":"798982","cityId":76621,"cityName":"Pemba","hotelId":798982,"hotelName":"Hotel Wimbi Sun","address":"Avenida Marginal,Praia do Wimbe,7472 Pemba,Mozambique","phones":"","fax":"","email":"","url":"","countryIso2":"MZ","countryName":"Mozambique","hotelRating":"1","latitude":"-12.9955","longitude":"40.526","state_id":3327,"state_name":"Cabo Delgado Province","country_id":150},{"active":false,"Giataid":"799146","cityId":76608,"cityName":"Maputo","hotelId":799146,"hotelName":"Sogecoa Apart Hotel","address":"Avenida Vladimir Lenine 26,Coop,1106 Maputo,Mozambique","phones":"","fax":"","email":"","url":"http://www.booking.com/hotel/mz/sogecoa-apart.en-gb.html?aid=357026","countryIso2":"MZ","countryName":"Mozambique","hotelRating":"1","latitude":"-25.9647","longitude":"32.5852","state_id":3335,"state_name":"Maputo","country_id":150},{"active":false,"Giataid":"800028","cityId":76624,"cityName":"Tete","hotelId":800028,"hotelName":"Hotel Inter Tete","address":"221,Tete 2300,Mozambique","phones":"","fax":"","email":"","url":"","countryIso2":"MZ","countryName":"Mozambique","hotelRating":"1","latitude":"-16.1376","longitude":"33.6033","state_id":3334,"state_name":"Tete Province","country_id":150},{"active":false,"Giataid":"800038","cityId":76603,"cityName":"Lichinga","hotelId":800038,"hotelName":"N'Tendele Lodge","address":"Meponda,1234 Lichinga,Mozambique","phones":"+2582651587411","fax":"","email":"","url":"http://ntendele.com","countryIso2":"MZ","countryName":"Mozambique","hotelRating":"1","latitude":"-13.4704","longitude":"34.8629","state_id":3333,"state_name":"Niassa Province","country_id":150},{"active":false,"Giataid":"815470","cityId":76621,"cityName":"Pemba","hotelId":815470,"hotelName":"Kauri Resort","address":"Avenida Da Marginal,Unidade Nanhimbe,Bairro Eduardo Mondlane,Pemba,Cabo Delgado,Mozambique","phones":"+25827220936","fax":"","email":"reservas@kauriresort.com","url":"http://kauriresort.com","countryIso2":"MZ","countryName":"Mozambique","hotelRating":"1","latitude":"-12.9955","longitude":"40.526","state_id":3327,"state_name":"Cabo Delgado Province","country_id":150},{"active":false,"Giataid":"823552","cityId":76601,"cityName":"Inhambane","hotelId":823552,"hotelName":"Wuyani Pariango Beach Motel","address":"Praia Do Tofo,Inhambane,Mozambique","phones":"+258847128963","fax":"","email":"pariangobeach@gmail.com","url":"https://www.pariangobeach.com","countryIso2":"MZ","countryName":"Mozambique","hotelRating":"1","latitude":"-23.8734","longitude":"35.476","state_id":3330,"state_name":"Inhambane Province","country_id":150},{"active":false,"Giataid":"855204","cityId":76601,"cityName":"Inhambane","hotelId":855204,"hotelName":"Morrumbene Beach Resort","address":"Ruvo-Ruvo,Morrumbene,Inhambane,Mozambique","phones":"+258842163592","fax":"","email":"mbrreception@gmail.com","url":"http://www.morrumbeneresort.co.mz","countryIso2":"MZ","countryName":"Mozambique","hotelRating":"1","latitude":"-23.8734","longitude":"35.476","state_id":3330,"state_name":"Inhambane Province","country_id":150},{"active":false,"Giataid":"581245","cityId":76590,"cityName":"Beira","hotelId":10047755,"hotelName":"Rainbow Hotel Mocambique","address":"3 Bagamoyo Avenue Maquinino,Beira,Mozambique","phones":"","fax":"","email":"","url":"","countryIso2":"MZ","countryName":"Mozambique","hotelRating":"3","latitude":"-19.8309","longitude":"34.8374","state_id":3331,"state_name":"Sofala Province","country_id":150},{"active":false,"Giataid":"495406","cityId":76601,"cityName":"Inhambane","hotelId":10049321,"hotelName":"Guiquindo Lodge","address":"Guinjata Bay,Inhambane,Mozambique","phones":"","fax":"","email":"","url":"","countryIso2":"MZ","countryName":"Mozambique","hotelRating":"3","latitude":"-24.0565","longitude":"35.4896","state_id":3330,"state_name":"Inhambane Province","country_id":150},{"active":false,"Giataid":"495404","cityId":76601,"cityName":"Inhambane","hotelId":10054785,"hotelName":"Blue Moon Beach Holiday Resort","address":"Guinjata Massavana,Inhambane,Mozambique","phones":"","fax":"","email":"","url":"","countryIso2":"MZ","countryName":"Mozambique","hotelRating":"3","latitude":"-24.0586","longitude":"35.489","state_id":3330,"state_name":"Inhambane Province","country_id":150},{"active":false,"Giataid":"427336","cityId":76590,"cityName":"Beira","hotelId":10060909,"hotelName":"Golden Peacock Resort Hotel","address":"Zona Do Estoril talhao 16,Cidade,Beira,Mozambique","phones":"+25823315088","fax":"","email":"","url":"","countryIso2":"MZ","countryName":"Mozambique","hotelRating":"5","latitude":"-19.8267","longitude":"34.9171","state_id":3331,"state_name":"Sofala Province","country_id":150},{"active":false,"Giataid":"495613","cityId":76608,"cityName":"Maputo","hotelId":10066439,"hotelName":"Mozguest Residence","address":"Avenida Karl Marx 617,Maputo,Maputo,Mozambique","phones":"","fax":"","email":"","url":"","countryIso2":"MZ","countryName":"Mozambique","hotelRating":"3","latitude":"-25.9691","longitude":"32.5713","state_id":3335,"state_name":"Maputo","country_id":150},{"active":false,"Giataid":"359526","cityId":76608,"cityName":"Maputo","hotelId":10070289,"hotelName":"Machangulo Beach Lodge","address":"Maputo Bay,Santa Maria Peninsula,1000 Maputo,Mozambique","phones":"+25827137440422","fax":"","email":"","url":"","countryIso2":"MZ","countryName":"Mozambique","hotelRating":"4","latitude":"-26.0844","longitude":"32.9586","state_id":3335,"state_name":"Maputo","country_id":150},{"active":false,"Giataid":"366584","cityId":76608,"cityName":"Maputo","hotelId":10102890,"hotelName":"VIP Executive Suites Maputo","address":"Avenida Martire de Machava 1309,1100  Maputo,Mozambique","phones":"NULL","fax":"NULL","email":"NULL","url":"NULL","countryIso2":"MZ","countryName":"Mozambique","hotelRating":"4","latitude":"-25.9681","longitude":"32.5932","state_id":3335,"state_name":"Maputo","country_id":150},{"active":false,"Giataid":"589958","cityId":76624,"cityName":"Tete","hotelId":10102891,"hotelName":"Vip Executive Tete","address":"Avenida da Liberdade,2300 Tete,Mozambique","phones":"+25825222630","fax":"NULL","email":"NULL","url":"NULL","countryIso2":"MZ","countryName":"Mozambique","hotelRating":"4","latitude":"-16.1608","longitude":"33.5938","state_id":3334,"state_name":"Tete Province","country_id":150},{"active":false,"Giataid":"366585","cityId":76590,"cityName":"Beira","hotelId":10102908,"hotelName":"Vip Inn Beira","address":"Rua Luis Inacio 172,Beira,Mozambique","phones":"+25823340100","fax":"NULL","email":"NULL","url":"NULL","countryIso2":"MZ","countryName":"Mozambique","hotelRating":"3","latitude":"-19.8294","longitude":"34.8343","state_id":3331,"state_name":"Sofala Province","country_id":150},{"active":false,"Giataid":"459272","cityId":76608,"cityName":"Maputo","hotelId":10105656,"hotelName":"Resotel","address":"Avenida Karl Marx,1304 Maputo,Mozambique","phones":"+258845900369","fax":"NULL","email":"NULL","url":"NULL","countryIso2":"MZ","countryName":"Mozambique","hotelRating":"3","latitude":"-25.9642","longitude":"32.5754","state_id":3335,"state_name":"Maputo","country_id":150},{"active":false,"Giataid":"507245","cityId":76601,"cityName":"Inhambane","hotelId":10114511,"hotelName":"Castelo Do Mar","address":"Linga Linga beach,Morrumbene,1302 Inhambane,Mozambique","phones":"NULL","fax":"NULL","email":"NULL","url":"NULL","countryIso2":"MZ","countryName":"Mozambique","hotelRating":"3","latitude":"-23.7366","longitude":"35.3969","state_id":3330,"state_name":"Inhambane Province","country_id":150},{"active":false,"Giataid":"502454","cityId":76608,"cityName":"Maputo","hotelId":10122154,"hotelName":"Hotel 2001","address":"Avenida Fern?o de Magalh?es 586,1100 Maputo,Mozambique","phones":"NULL","fax":"NULL","email":"NULL","url":"NULL","countryIso2":"MZ","countryName":"Mozambique","hotelRating":"3","latitude":"-25.9672","longitude":"32.5664","state_id":3335,"state_name":"Maputo","country_id":150},{"active":false,"Giataid":"497998","cityId":76608,"cityName":"Maputo","hotelId":10122460,"hotelName":"Hotel Atlantis","address":"Avenida 24 de Julho 1663,1101 Maputo,Mozambique","phones":"NULL","fax":"NULL","email":"NULL","url":"NULL","countryIso2":"MZ","countryName":"Mozambique","hotelRating":"3","latitude":"-25.969","longitude":"32.579","state_id":3335,"state_name":"Maputo","country_id":150},{"active":false,"Giataid":"459266","cityId":76608,"cityName":"Maputo","hotelId":10124336,"hotelName":"Hotel Maputo","address":"Avenida Ho Chi Min North 110,Maputo,Mozambique","phones":"NULL","fax":"NULL","email":"NULL","url":"NULL","countryIso2":"MZ","countryName":"Mozambique","hotelRating":"4","latitude":"-25.9692","longitude":"32.5762","state_id":3335,"state_name":"Maputo","country_id":150},{"active":false,"Giataid":"507345","cityId":76608,"cityName":"Maputo","hotelId":10124480,"hotelName":"Hotel Mocambicano","address":"Avenida Filipe Samuel Magaia 961,1100 Maputo,Mozambique","phones":"NULL","fax":"NULL","email":"NULL","url":"NULL","countryIso2":"MZ","countryName":"Mozambique","hotelRating":"2","latitude":"-25.9632","longitude":"32.5727","state_id":3335,"state_name":"Maputo","country_id":150},{"active":false,"Giataid":"297752","cityId":76601,"cityName":"Inhambane","hotelId":20000646,"hotelName":"Massinga Beach Lodge","address":"Mainland Coastal,Massinga District,0001 Inhambane,Mozambique,Mozambique","phones":"+258847895444","fax":"","email":"gm@massingabeach.co.za","url":"http://www.massingabeach.co.za/","countryIso2":"MZ","countryName":"Mozambique","hotelRating":"4","latitude":"-23.9149","longitude":"35.3966","state_id":3330,"state_name":"Inhambane Province","country_id":150},{"active":false,"Giataid":"551006","cityId":76601,"cityName":"Inhambane","hotelId":20000802,"hotelName":"Duna Lodge","address":"Praia de Guinjata,Jangamo,Inhambane,Mozambique","phones":"+25834693263770","fax":"","email":"","url":"https://dunatour.wordpress.com","countryIso2":"MZ","countryName":"Mozambique","hotelRating":"3","latitude":"-23.8734","longitude":"35.476","state_id":3330,"state_name":"Inhambane Province","country_id":150},{"active":false,"Giataid":"725720","cityId":76601,"cityName":"Inhambane","hotelId":20000867,"hotelName":"Makolo Bay & Dive Africa","address":"Barra Road,Inhambane,Mozambique","phones":"","fax":"","email":"info@makolobay.co.za","url":"http://www.makolobay.co.za","countryIso2":"MZ","countryName":"Mozambique","hotelRating":"0","latitude":"-23.8734","longitude":"35.476","state_id":3330,"state_name":"Inhambane Province","country_id":150},{"active":false,"Giataid":"724784","cityId":76601,"cityName":"Inhambane","hotelId":20000956,"hotelName":"Pura Vida Lodge","address":"Linga,Morrumbene,1302 Inhambane,Mozambique","phones":"+258847753705","fax":"","email":"chill@puravidalodge.co.mz","url":"https://www.puravidalodge.co.mz","countryIso2":"MZ","countryName":"Mozambique","hotelRating":"0","latitude":"-23.6764","longitude":"35.4225","state_id":3330,"state_name":"Inhambane Province","country_id":150},{"active":false,"Giataid":"599130","cityId":76601,"cityName":"Inhambane","hotelId":20001062,"hotelName":"Farol da Barra","address":"Praia da Barra,Inhambane,Mozambique","phones":"","fax":"","email":"","url":"","countryIso2":"MZ","countryName":"Mozambique","hotelRating":"3","latitude":"-23.7937","longitude":"35.535","state_id":3330,"state_name":"Inhambane Province","country_id":150},{"active":false,"Giataid":"725908","cityId":76601,"cityName":"Inhambane","hotelId":20001190,"hotelName":"Vista Bonita","address":"Praie Do Guinjata,Jangamo,Inhambane,Mozambique","phones":"+258846750268","fax":"","email":"information@vistabonita.co.za","url":"http://www.vistabonita.co.za","countryIso2":"MZ","countryName":"Mozambique","hotelRating":"0","latitude":"-23.8734","longitude":"35.476","state_id":3330,"state_name":"Inhambane Province","country_id":150},{"active":false,"Giataid":"421862","cityId":76621,"cityName":"Pemba","hotelId":20001349,"hotelName":"Diamonds Mequfi Beach Resort","address":"Mecufi Road,3200 Pemba,Mozambique","phones":"+258848484299","fax":"+25841919231591","email":"info.mequfi@diamonds-resorts.com","url":"http://mequfibeach.diamondsresorts.com/","countryIso2":"MZ","countryName":"Mozambique","hotelRating":"5","latitude":"-12.9734","longitude":"40.5181","state_id":3327,"state_name":"Cabo Delgado Province","country_id":150},{"active":false,"Giataid":"671674","cityId":76608,"cityName":"Maputo","hotelId":20002307,"hotelName":"Maputo AFECC Gloria Hotel","address":"Avendia Da Margina 4441,1102 Maputo,Mozambique","phones":"+25821266666","fax":"+25821266622","email":"","url":"http://www.maputo-grand.gloriahotels.com/","countryIso2":"MZ","countryName":"Mozambique","hotelRating":"3","latitude":"-25.9553","longitude":"32.6091","state_id":3335,"state_name":"Maputo","country_id":150},{"active":false,"Giataid":"412964","cityId":76608,"cityName":"Maputo","hotelId":20003954,"hotelName":"Ndumo Game Reserve","address":"Ndumo Game Reserve,Maputo,Mozambique","phones":"","fax":"","email":"","url":"http://www.nature-reserve.co.za/ndumo-game-preserve.html","countryIso2":"MZ","countryName":"Mozambique","hotelRating":"0","latitude":"-26.8666","longitude":"32.2505","state_id":3335,"state_name":"Maputo","country_id":150},{"active":false,"Giataid":"489414","cityId":76621,"cityName":"Pemba","hotelId":20004310,"hotelName":"Raphaels Hotel","address":"Praca 25 de Setembro,Pemba,Mozambique","phones":"+25827225555","fax":"","email":"info@raphaelshotel.com","url":"http://www.raphaelshotel.com/","countryIso2":"MZ","countryName":"Mozambique","hotelRating":"4","latitude":"-12.96","longitude":"40.5164","state_id":3327,"state_name":"Cabo Delgado Province","country_id":150},{"active":false,"Giataid":"626277","cityId":76621,"cityName":"Pemba","hotelId":20004651,"hotelName":"The Nautilus Pemba","address":"Marginal,Praia de Wimbi,Pemba,Mozambique","phones":"+25827221407","fax":"","email":"reservations@thenautiluspemba.com","url":"http://www.thenautiluspemba.com/","countryIso2":"MZ","countryName":"Mozambique","hotelRating":"3","latitude":"-12.9721","longitude":"40.5407","state_id":3327,"state_name":"Cabo Delgado Province","country_id":150},{"active":false,"Giataid":"626276","cityId":76608,"cityName":"Maputo","hotelId":20004874,"hotelName":"Taka-Taka","address":"Olof Palme 586,Maputo,Mozambique","phones":"","fax":"","email":"","url":"","countryIso2":"MZ","countryName":"Mozambique","hotelRating":"0","latitude":"-25.9619","longitude":"32.5795","state_id":3335,"state_name":"Maputo","country_id":150},{"active":false,"Giataid":"627199","cityId":76608,"cityName":"Maputo","hotelId":20005244,"hotelName":"Hotel Kahina","address":"Av.Emilia Dausse 480,Maputo,Mozambique","phones":"","fax":"","email":"","url":"","countryIso2":"MZ","countryName":"Mozambique","hotelRating":"0","latitude":"-25.9648","longitude":"32.5831","state_id":3335,"state_name":"Maputo","country_id":150},{"active":false,"Giataid":"546217","cityId":76608,"cityName":"Maputo","hotelId":20005381,"hotelName":"Moringa Guest House","address":"Avenida Emilia Dausse 798,Central A,1100 Maputo,Mozambique","phones":"","fax":"","email":"","url":"","countryIso2":"MZ","countryName":"Mozambique","hotelRating":"3","latitude":"-25.9631","longitude":"32.5806","state_id":3335,"state_name":"Maputo","country_id":150},{"active":false,"Giataid":"671982","cityId":76608,"cityName":"Maputo","hotelId":20005583,"hotelName":"Quiet Corner Guesthouse","address":"40 Almeida Garrett Road,Maputo,Mozambique","phones":"","fax":"","email":"","url":"","countryIso2":"MZ","countryName":"Mozambique","hotelRating":"2","latitude":"-25.9564","longitude":"32.587","state_id":3335,"state_name":"Maputo","country_id":150},{"active":false,"Giataid":"726384","cityId":76608,"cityName":"Maputo","hotelId":20005736,"hotelName":"Catembe Beach Lodge","address":"Rua B 67,Bairro Chali,Catembe,6712 Maputo,Mozambique","phones":"","fax":"","email":"","url":"","countryIso2":"MZ","countryName":"Mozambique","hotelRating":"0","latitude":"-26.0073","longitude":"32.5651","state_id":3335,"state_name":"Maputo","country_id":150},{"active":false,"Giataid":"201994","cityId":76608,"cityName":"Maputo","hotelId":20006072,"hotelName":"Terminus Hotel","address":"Avenida Francisco Orlando Magubwe 587,Maputo,Mozambique","phones":"+25821491333","fax":"+25821491284","email":"info@terminus.co.mz","url":"http://www.terminus.co.mz/","countryIso2":"MZ","countryName":"Mozambique","hotelRating":"3","latitude":"-25.9739","longitude":"32.5917","state_id":3335,"state_name":"Maputo","country_id":150},{"active":false,"Giataid":"726718","cityId":76608,"cityName":"Maputo","hotelId":20006241,"hotelName":"Hotel Kapital","address":"Avenida Mao Ts? Tung 693,Maputo,Mozambique","phones":"","fax":"","email":"","url":"","countryIso2":"MZ","countryName":"Mozambique","hotelRating":"0","latitude":"-25.9647","longitude":"32.5852","state_id":3335,"state_name":"Maputo","country_id":150},{"active":false,"Giataid":"726613","cityId":76608,"cityName":"Maputo","hotelId":20006464,"hotelName":"Gardens Lodge","address":"Rua Villa Junqueiro 154,Bairro da Liberdade,Matola,1235 Maputo,Mozambique","phones":"","fax":"","email":"","url":"","countryIso2":"MZ","countryName":"Mozambique","hotelRating":"0","latitude":"-25.9136","longitude":"32.4714","state_id":3335,"state_name":"Maputo","country_id":150},{"active":false,"Giataid":"201995","cityId":76608,"cityName":"Maputo","hotelId":20006957,"hotelName":"Villa das Arabias Boutique Hotel","address":"Avenida 24 de Julho 698,Maputo,Mozambique","phones":"+25821328945","fax":"","email":"res@villadasarabias.com","url":"http://www.villadasarabias.com/hotel-overview.html","countryIso2":"MZ","countryName":"Mozambique","hotelRating":"4","latitude":"-25.9733","longitude":"32.5873","state_id":3335,"state_name":"Maputo","country_id":150},{"active":false,"Giataid":"490401","cityId":76608,"cityName":"Maputo","hotelId":20007271,"hotelName":"Hotel Africa Maputo Business","address":"Avenida Agostinho Neto 1103,Maputo,Mozambique","phones":"+258843330001","fax":"","email":"reservations@hotelafrica.info","url":"http://www.hotelafrica.info/","countryIso2":"MZ","countryName":"Mozambique","hotelRating":"3","latitude":"-25.9637","longitude":"32.5836","state_id":3335,"state_name":"Maputo","country_id":150},{"active":false,"Giataid":"546819","cityId":76608,"cityName":"Maputo","hotelId":20007926,"hotelName":"Mozaika Guesthouse 2","address":"Avenue Milagne 172,Maputo,Mozambique","phones":"","fax":"","email":"","url":"","countryIso2":"MZ","countryName":"Mozambique","hotelRating":"3","latitude":"-25.9647","longitude":"32.5852","state_id":3335,"state_name":"Maputo","country_id":150},{"active":false,"Giataid":"546210","cityId":76621,"cityName":"Pemba","hotelId":20008073,"hotelName":"Chuiba Bay Lodge","address":"Chuiba Pemba,Pemba,Mozambique","phones":"","fax":"","email":"","url":"","countryIso2":"MZ","countryName":"Mozambique","hotelRating":"3","latitude":"-12.9955","longitude":"40.526","state_id":3327,"state_name":"Cabo Delgado Province","country_id":150},{"active":false,"Giataid":"526929","cityId":76601,"cityName":"Inhambane","hotelId":20008258,"hotelName":"Jeff's Palm Resort","address":"Praia de Jangamo,Inhambane,Mozambique","phones":"+258842391100","fax":"","email":"JeffsMoz@mweb.co.za","url":"http://www.jeffsmoz.com","countryIso2":"MZ","countryName":"Mozambique","hotelRating":"0","latitude":"-24.0695","longitude":"35.4936","state_id":3330,"state_name":"Inhambane Province","country_id":150},{"active":false,"Giataid":"726728","cityId":76601,"cityName":"Inhambane","hotelId":20008994,"hotelName":"Sunset Lodge","address":"Praia De Barra,Inhambane,Mozambique","phones":"","fax":"","email":"sunsetlodgereservations@gmail.com","url":"http://staymozambique.co.za/","countryIso2":"MZ","countryName":"Mozambique","hotelRating":"0","latitude":"-23.8734","longitude":"35.476","state_id":3330,"state_name":"Inhambane Province","country_id":150},{"active":false,"Giataid":"725017","cityId":76608,"cityName":"Maputo","hotelId":20009139,"hotelName":"Vamili Lodge","address":"Maputo,Marracuene,Mozambique","phones":"","fax":"","email":"","url":"","countryIso2":"MZ","countryName":"Mozambique","hotelRating":"0","latitude":"-25.9647","longitude":"32.5852","state_id":3335,"state_name":"Maputo","country_id":150},{"active":false,"Giataid":"543985","cityId":76619,"cityName":"Nampula","hotelId":20009933,"hotelName":"Luna Hotel Executivo","address":"Rua De Tete 370,Nampula 0 Nampula Mozambique,Mozambique","phones":"","fax":"","email":"","url":"","countryIso2":"MZ","countryName":"Mozambique","hotelRating":"4","latitude":"-15.1255","longitude":"39.2599","state_id":3336,"state_name":"Nampula Province","country_id":150},{"active":false,"Giataid":"545215","cityId":76619,"cityName":"Nampula","hotelId":20010100,"hotelName":"New Hotel Nampula","address":"Avenida Eduardo Mondlane 274,Nampula,Mozambique","phones":"","fax":"","email":"","url":"","countryIso2":"MZ","countryName":"Mozambique","hotelRating":"5","latitude":"-15.114","longitude":"39.2575","state_id":3336,"state_name":"Nampula Province","country_id":150},{"active":false,"Giataid":"726431","cityId":76601,"cityName":"Inhambane","hotelId":20011135,"hotelName":"Palm Grove Lodge","address":"Praia Do Barra,Inhambane,Mozambique","phones":"+258846837543","fax":"","email":"palmgrovelodgemoz@gmail.com","url":"http://www.palmgrovelodge.com","countryIso2":"MZ","countryName":"Mozambique","hotelRating":"0","latitude":"-23.8734","longitude":"35.476","state_id":3330,"state_name":"Inhambane Province","country_id":150},{"active":false,"Giataid":"725905","cityId":76601,"cityName":"Inhambane","hotelId":20011255,"hotelName":"Catalina Lodge","address":"Praia de Paindane,Jangamo,1300 Inhambane,Mozambique","phones":"","fax":"","email":"","url":"http://www.hotels.com/ho629972672","countryIso2":"MZ","countryName":"Mozambique","hotelRating":"0","latitude":"-23.8734","longitude":"35.476","state_id":3330,"state_name":"Inhambane Province","country_id":150},{"active":false,"Giataid":"526897","cityId":76624,"cityName":"Tete","hotelId":20011401,"hotelName":"Masolosolo Lodge","address":"Neighborhood Matundo, Lakeshore,Zambezi River,Tete,Mozambique","phones":"+258829099467","fax":"","email":"info@masolosolo.com","url":"http://www.masolosolo.com/en/","countryIso2":"MZ","countryName":"Mozambique","hotelRating":"0","latitude":"-16.128","longitude":"33.6074","state_id":3334,"state_name":"Tete Province","country_id":150},{"active":false,"Giataid":"724371","cityId":76619,"cityName":"Nampula","hotelId":20011556,"hotelName":"Residential Primavera","address":"Rua De Macombre 1024,3100 Nampula,Mozambique","phones":"","fax":"","email":"","url":"","countryIso2":"MZ","countryName":"Mozambique","hotelRating":"0","latitude":"-15.1181","longitude":"39.2618","state_id":3336,"state_name":"Nampula Province","country_id":150},{"active":false,"Giataid":"684112","cityId":76624,"cityName":"Tete","hotelId":20011972,"hotelName":"Hotel Natura","address":"Estrada Da Zambia,Matundo,Tete,Mozambique","phones":"+258849671342","fax":"+258849671342","email":"info@hotelnatura.co.mz","url":"http://www.hotelnatura.co.mz","countryIso2":"MZ","countryName":"Mozambique","hotelRating":"0","latitude":"-16.1376","longitude":"33.6033","state_id":3334,"state_name":"Tete Province","country_id":150},{"active":false,"Giataid":"547143","cityId":76619,"cityName":"Nampula","hotelId":20012369,"hotelName":"Hotel Lurio","address":"Avenida DA INDEPENDENCIA N. 544,NAMPULA,Mozambique","phones":"","fax":"","email":"","url":"","countryIso2":"MZ","countryName":"Mozambique","hotelRating":"3","latitude":"-15.1163","longitude":"39.266","state_id":3336,"state_name":"Nampula Province","country_id":150},{"active":false,"Giataid":"526890","cityId":76590,"cityName":"Beira","hotelId":20012824,"hotelName":"Sena Hotel","address":"Avenida M?rtires da Revolu??o, n? 189,Beira,Sofala Province,Mozambique","phones":"+25823311070","fax":"+25823311072","email":"booking@senahotel.co.mz","url":"http://www.senahotel.net/","countryIso2":"MZ","countryName":"Mozambique","hotelRating":"0","latitude":"-19.8294","longitude":"34.8379","state_id":3331,"state_name":"Sofala Province","country_id":150},{"active":false,"Giataid":"365582","cityId":76601,"cityName":"Inhambane","hotelId":20012942,"hotelName":"Bamboozi Beach Lodge","address":"101 Coconut Drive,Praia de Tofo,Inhambane,Mozambique","phones":"","fax":"","email":"book@comparesafaris.com","url":"http://www.bamboozilodge.com/","countryIso2":"MZ","countryName":"Mozambique","hotelRating":"0","latitude":"-23.8569","longitude":"35.548","state_id":3330,"state_name":"Inhambane Province","country_id":150},{"active":false,"Giataid":"723785","cityId":76601,"cityName":"Inhambane","hotelId":20013084,"hotelName":"Khumbula iMozambique","address":"Paindane Bay,1240 Inhambane,Mozambique","phones":"","fax":"","email":"","url":"","countryIso2":"MZ","countryName":"Mozambique","hotelRating":"0","latitude":"-23.8734","longitude":"35.476","state_id":3330,"state_name":"Inhambane Province","country_id":150},{"active":false,"Giataid":"526763","cityId":76601,"cityName":"Inhambane","hotelId":20013283,"hotelName":"Barra Beach Resort","address":"30 minutes from Inhambane,Praio de Barra,Inhambane,Mozambique","phones":"+258828331861","fax":"","email":"reservation@barrabeachresort.com","url":"http://www.barrabeachresort.com/","countryIso2":"MZ","countryName":"Mozambique","hotelRating":"0","latitude":"-23.7937","longitude":"35.5299","state_id":3330,"state_name":"Inhambane Province","country_id":150},{"active":false,"Giataid":"601695","cityId":76608,"cityName":"Maputo","hotelId":20013367,"hotelName":"Hotel Monte Carlo","address":"Avenida Patrice Lumumba 620,Maputo 1100,Mozambique","phones":"+25821304048","fax":"","email":"","url":"","countryIso2":"MZ","countryName":"Mozambique","hotelRating":"3","latitude":"-25.9731","longitude":"32.5811","state_id":3335,"state_name":"Maputo","country_id":150},{"active":false,"Giataid":"725939","cityId":76601,"cityName":"Inhambane","hotelId":20013493,"hotelName":"Mango Beach","address":"Beach Road,Tofo,Inhambane,Mozambique","phones":"+258842623704","fax":"","email":"bookings@mangobeachtofo.co.za","url":"http://www.mangobeachtofo.com","countryIso2":"MZ","countryName":"Mozambique","hotelRating":"0","latitude":"-23.8734","longitude":"35.476","state_id":3330,"state_name":"Inhambane Province","country_id":150},{"active":false,"Giataid":"724885","cityId":76621,"cityName":"Pemba","hotelId":20013747,"hotelName":"nZuwa Lodge","address":"Aveneda Agustinho Neto 1591,3020 Pemba,Mozambique","phones":"+258827306365","fax":"","email":"info@nzuwa","url":"http://nzuwa.com","countryIso2":"MZ","countryName":"Mozambique","hotelRating":"0","latitude":"-13.0649","longitude":"40.5533","state_id":3327,"state_name":"Cabo Delgado Province","country_id":150},{"active":false,"Giataid":"526307","cityId":76621,"cityName":"Pemba","hotelId":20013877,"hotelName":"Ulala Lodge","address":"Praia Muitua,Murr?bu?,Pemba,Mozambique","phones":"+258827415104","fax":"","email":"","url":"http://www.ulala-lodge.com/","countryIso2":"MZ","countryName":"Mozambique","hotelRating":"3","latitude":"-13.0885","longitude":"40.5513","state_id":3327,"state_name":"Cabo Delgado Province","country_id":150},{"active":false,"Giataid":"526908","cityId":76608,"cityName":"Maputo","hotelId":20014087,"hotelName":"Sundown Residencial Guest House","address":"Rua 1301 Sommerschield,Casa 107,Maputo,Mozambique","phones":"+25821497543","fax":"+25821497546","email":"sunresidencial@gmail.com","url":"http://www.hotelmaputo.com/","countryIso2":"MZ","countryName":"Mozambique","hotelRating":"0","latitude":"-25.8929","longitude":"32.6055","state_id":3335,"state_name":"Maputo","country_id":150},{"active":false,"Giataid":"512036","cityId":76601,"cityName":"Inhambane","hotelId":20014426,"hotelName":"Vista do Mar","address":"Praia da Barra,1300 Inhambane,Mozambique","phones":"","fax":"","email":"","url":"","countryIso2":"MZ","countryName":"Mozambique","hotelRating":"3","latitude":"-23.8736","longitude":"35.3881","state_id":3330,"state_name":"Inhambane Province","country_id":150},{"active":false,"Giataid":"726590","cityId":76601,"cityName":"Inhambane","hotelId":20014528,"hotelName":"Bayview Lodge","address":"Barra Road,Praia Da Barra,Inhambane,Mozambique","phones":"+258847433334","fax":"","email":"info@bayviewlodgemoz.com","url":"http://www.bayviewlodgemoz.com","countryIso2":"MZ","countryName":"Mozambique","hotelRating":"0","latitude":"-23.7864","longitude":"35.5014","state_id":3330,"state_name":"Inhambane Province","country_id":150},{"active":false,"Giataid":"526912","cityId":76624,"cityName":"Tete","hotelId":20014810,"hotelName":"Villa Habsburg","address":"Bairro Matundo,Tete 5100,Mozambique","phones":"+25825220323","fax":"","email":"info@villahabsburg.com","url":"http://villahabsburg.com/","countryIso2":"MZ","countryName":"Mozambique","hotelRating":"0","latitude":"-16.133","longitude":"33.6064","state_id":3334,"state_name":"Tete Province","country_id":150},{"active":false,"Giataid":"724289","cityId":76608,"cityName":"Maputo","hotelId":20015050,"hotelName":"Delagoa Bay City Inn","address":"Rua Mtomoni 57,Maputo,Mozambique","phones":"+25821498836","fax":"","email":"reservations@delagoabayinn.com","url":"http://www.delagoabayinn.com","countryIso2":"MZ","countryName":"Mozambique","hotelRating":"0","latitude":"-25.9749","longitude":"32.5946","state_id":3335,"state_name":"Maputo","country_id":150},{"active":false,"Giataid":"474973","cityId":76608,"cityName":"Maputo","hotelId":20015521,"hotelName":"The Matola Hotel","address":"Avenida Da Namaacha Km 16,Matola,Maputo 1114,Mozambique","phones":"+258843116573","fax":"","email":"info@multihotel.co.mz","url":"http://www.multihotel.co.mz","countryIso2":"MZ","countryName":"Mozambique","hotelRating":"3","latitude":"-25.9651","longitude":"32.4469","state_id":3335,"state_name":"Maputo","country_id":150},{"active":false,"Giataid":"601692","cityId":76608,"cityName":"Maputo","hotelId":20015584,"hotelName":"Jacaranda Guesthouse","address":"Avenida Armando Tivane 65,Maputo,Mozambique","phones":"+25821486371","fax":"","email":"jacaranda@tvcabo.co.mz","url":"http://www.jacaranda.co.mz/","countryIso2":"MZ","countryName":"Mozambique","hotelRating":"3","latitude":"-25.9793","longitude":"32.5911","state_id":3335,"state_name":"Maputo","country_id":150},{"active":false,"Giataid":"660392","cityId":76608,"cityName":"Maputo","hotelId":20016689,"hotelName":"Sommerschield Guest House","address":"Rua Beijo da Mulata 148,1102 Maputo,Mozambique","phones":"+258823233333","fax":"+25821023877","email":"info@sommerschieldgh.com","url":"https://www.sommerschieldgh.com","countryIso2":"MZ","countryName":"Mozambique","hotelRating":"3","latitude":"-25.9493","longitude":"32.605","state_id":3335,"state_name":"Maputo","country_id":150},{"active":false,"Giataid":"518917","cityId":76608,"cityName":"Maputo","hotelId":20016818,"hotelName":"Guesthouse 1109","address":"Av. Patrice Lumumba 1109,Maputo,Mozambique","phones":"+25821302155","fax":"","email":"info@maputoguesthouse1109.com","url":"http://www.maputoguesthouse1109.com/","countryIso2":"MZ","countryName":"Mozambique","hotelRating":"3","latitude":"-25.9716","longitude":"32.577","state_id":3335,"state_name":"Maputo","country_id":150},{"active":false,"Giataid":"860147","cityId":76608,"cityName":"Maputo","hotelId":20354482,"hotelName":"StayEasy Maputo","address":"P.O. Box 4354,Avenida Da Marginal 151,1100 Maputo,Mozambique","phones":"+25820607030","fax":"","email":"semaputo.reservations@tsogosun.com","url":"https://www.tsogosun.com/m/stayeasy-maputo","countryIso2":"MZ","countryName":"Mozambique","hotelRating":"3","latitude":"-25.9647","longitude":"32.5852","state_id":3335,"state_name":"Maputo","country_id":150},{"active":false,"Giataid":"866351","cityId":76621,"cityName":"Pemba","hotelId":20354506,"hotelName":"Pensao Residencial Reggio Emilia","address":"Avenida Da Marginal 8696,Pemba,Mozambique","phones":"","fax":"","email":"","url":"","countryIso2":"MZ","countryName":"Mozambique","hotelRating":"0","latitude":"-12.9955","longitude":"40.526","state_id":3327,"state_name":"Cabo Delgado Province","country_id":150},{"active":false,"Giataid":"898464","cityId":76621,"cityName":"Pemba","hotelId":20354511,"hotelName":"Kirimizi Hotel & Restaurante","address":"9691 Avenida Marginal,Praia De Nanhimbe,Pemba,Cabo Delgado,Mozambique","phones":"+25827220180","fax":"","email":"direcao@kirimizihotel.com","url":"http://www.kirimizihotel.com/","countryIso2":"MZ","countryName":"Mozambique","hotelRating":"0","latitude":"-12.9955","longitude":"40.526","state_id":3327,"state_name":"Cabo Delgado Province","country_id":150},{"active":false,"Giataid":"875202","cityId":76608,"cityName":"Maputo","hotelId":20354514,"hotelName":"Melia Maputo Sky","address":"Rua Dos Desportistas 755,Maputo,Mozambique","phones":"+25820600397","fax":"","email":"melia.maputo@meliamoz.com","url":"https://www.meliamaputo.com","countryIso2":"MZ","countryName":"Mozambique","hotelRating":"3","latitude":"-25.9647","longitude":"32.5852","state_id":3335,"state_name":"Maputo","country_id":150},{"active":false,"Giataid":"875138","cityId":76601,"cityName":"Inhambane","hotelId":20354516,"hotelName":"Vertigo Lodge De Estuario","address":"Bairro Josina Machel Tofo,1234 Inhambane,Mozambique","phones":"+258848939056","fax":"","email":"info@vertigolodge.com","url":"http://vertigolodge.com","countryIso2":"MZ","countryName":"Mozambique","hotelRating":"0","latitude":"-23.8734","longitude":"35.476","state_id":3330,"state_name":"Inhambane Province","country_id":150},{"active":false,"Giataid":"875929","cityId":76601,"cityName":"Inhambane","hotelId":20354521,"hotelName":"White Sands","address":"Inhambane Road,1300 Inhambane,Mozambique","phones":"+258825744127","fax":"","email":"","url":"http://www.whitesands-mozambique.co.za","countryIso2":"MZ","countryName":"Mozambique","hotelRating":"0","latitude":"-23.8734","longitude":"35.476","state_id":3330,"state_name":"Inhambane Province","country_id":150},{"active":false,"Giataid":"901546","cityId":76601,"cityName":"Inhambane","hotelId":20354526,"hotelName":"Sia Sente","address":"Beach Road 1307,Inhambane,Mozambique","phones":"","fax":"","email":"siasente@gmail.com","url":"http://www.siasente.co.za","countryIso2":"MZ","countryName":"Mozambique","hotelRating":"0","latitude":"-23.8734","longitude":"35.476","state_id":3330,"state_name":"Inhambane Province","country_id":150},{"active":false,"Giataid":"904249","cityId":76619,"cityName":"Nampula","hotelId":20354527,"hotelName":"Grand Plaza Hotel","address":"Rua Da Mueda 1050,Bairro Urbano Central,Nampula,Mozambique","phones":"+25826215757","fax":"","email":"info@grandplaza.com","url":"http://www.grandplazanampula.com","countryIso2":"MZ","countryName":"Mozambique","hotelRating":"0","latitude":"-15.1181","longitude":"39.2618","state_id":3336,"state_name":"Nampula Province","country_id":150},{"active":false,"Giataid":"866384","cityId":76590,"cityName":"Beira","hotelId":20354532,"hotelName":"Beira Terrace Hotel","address":"Avenida Marginal,Beira,Mozambique","phones":"","fax":"","email":"","url":"","countryIso2":"MZ","countryName":"Mozambique","hotelRating":"0","latitude":"-19.8294","longitude":"34.8379","state_id":3331,"state_name":"Sofala Province","country_id":150},{"active":false,"Giataid":"904239","cityId":76608,"cityName":"Maputo","hotelId":20354534,"hotelName":"Braga House","address":"Rua 3253,86 RC Coop,Maputo,Mozambique","phones":"","fax":"","email":"","url":"","countryIso2":"MZ","countryName":"Mozambique","hotelRating":"0","latitude":"-25.9647","longitude":"32.5852","state_id":3335,"state_name":"Maputo","country_id":150},{"active":false,"Giataid":"952594","cityId":76619,"cityName":"Nampula","hotelId":20414573,"hotelName":"Hotel Seasons And Spa","address":"Rua Dos Continuadores,3100 Nampula,Mozambique","phones":"","fax":"","email":"","url":"","countryIso2":"MZ","countryName":"Mozambique","hotelRating":"1","latitude":"-15.1181","longitude":"39.2618","state_id":3336,"state_name":"Nampula Province","country_id":150},{"active":false,"Giataid":"982366","cityId":76619,"cityName":"Nampula","hotelId":20414576,"hotelName":"Hotel Milenio","address":"Avenida 25 De Setembro 842,Nampula,Mozambique","phones":"+25826218877","fax":"","email":"hotelmilenio@tdm.co.mz","url":"http://www.hotelmilenio.co.mz","countryIso2":"MZ","countryName":"Mozambique","hotelRating":"3","latitude":"-15.1181","longitude":"39.2618","state_id":3336,"state_name":"Nampula Province","country_id":150},{"active":false,"Giataid":"977754","cityId":76601,"cityName":"Inhambane","hotelId":20414582,"hotelName":"Villa Castellos","address":"Massavane Jangamo,Inhambane,Mozambique","phones":"","fax":"","email":"","url":"","countryIso2":"MZ","countryName":"Mozambique","hotelRating":"1","latitude":"-23.8734","longitude":"35.476","state_id":3330,"state_name":"Inhambane Province","country_id":150},{"active":false,"Giataid":"977767","cityId":76608,"cityName":"Maputo","hotelId":20414585,"hotelName":"Hotel Continental","address":"Avenue Filipe Samuel Magaia 162,1112 Maputo,Mozambique","phones":"","fax":"","email":"","url":"","countryIso2":"MZ","countryName":"Mozambique","hotelRating":"1","latitude":"-25.9637","longitude":"32.5726","state_id":3335,"state_name":"Maputo","country_id":150},{"active":false,"Giataid":"1002916","cityId":76608,"cityName":"Maputo","hotelId":20437426,"hotelName":"Palm Aparthotel","address":"Avenida Eduardo Mondlane North 168,1507 Maputo,Mozambique","phones":"+258822623319","fax":"","email":"","url":"http://palmaparthotel.business.site","countryIso2":"MZ","countryName":"Mozambique","hotelRating":"1","latitude":"-25.9647","longitude":"32.5852","state_id":3335,"state_name":"Maputo","country_id":150},{"active":false,"Giataid":"1002853","cityId":76624,"cityName":"Tete","hotelId":20437427,"hotelName":"Le Victoria","address":"Avenida Independencia 349,2300 Tete,Mozambique","phones":"","fax":"","email":"","url":"","countryIso2":"MZ","countryName":"Mozambique","hotelRating":"1","latitude":"-16.1376","longitude":"33.6033","state_id":3334,"state_name":"Tete Province","country_id":150},{"active":false,"Giataid":"1002929","cityId":76608,"cityName":"Maputo","hotelId":20437429,"hotelName":"Xenon Urban Apartments","address":"Avenida Julius Nyerere 776,4000 Maputo,Mozambique","phones":"","fax":"","email":"","url":"","countryIso2":"MZ","countryName":"Mozambique","hotelRating":"1","latitude":"-25.9647","longitude":"32.5852","state_id":3335,"state_name":"Maputo","country_id":150},{"active":false,"Giataid":"1002900","cityId":76608,"cityName":"Maputo","hotelId":20437430,"hotelName":"The Base Backpackers","address":"Avenida Patrice Lumumba 545,1100 Maputo,Mozambique","phones":"+25821302723","fax":"","email":"","url":"http://thebasebackpackers.com","countryIso2":"MZ","countryName":"Mozambique","hotelRating":"1","latitude":"-25.9735","longitude":"32.5816","state_id":3335,"state_name":"Maputo","country_id":150}]