[{"active":false,"Giataid":"51370","cityId":null,"cityName":"Vilankulo","hotelId":51370,"hotelName":"Dugong Beach Lodge","address":"Vilanculos Coastal & Wildlife Sanctuary,District Vilanculos,Inhambane,Mozambique","phones":"+25827120000595","fax":"","email":"","url":"","countryIso2":"MZ","countryName":"Mozambique","hotelRating":"4","latitude":"-22.1323","longitude":"35.4431","state_id":null,"state_name":null,"country_id":null},{"active":false,"Giataid":"51372","cityId":null,"cityName":"Benguerra Island","hotelId":51372,"hotelName":"Marlin Lodge","address":"Benguerra Island,Mozambique","phones":"+25827128093594","fax":"+25827128093596","email":"marlinlodge@vodamail.co.mz","url":"http://www.marlinlodge.co.za/","countryIso2":"MZ","countryName":"Mozambique","hotelRating":"4","latitude":"-21.8925","longitude":"35.4234","state_id":null,"state_name":null,"country_id":null},{"active":false,"Giataid":"51374","cityId":null,"cityName":"Bazaruto Island","hotelId":51374,"hotelName":"Anantara Bazaruto Island Resort & Spa","address":"Ilha do Bazaruto,Inhassoro,Bazaruto Archipelago,Inhambane,Mozambique","phones":"+258843046670","fax":"+25821301625","email":"enquiries@raniresorts.com","url":"http://www.indigobayresort.com","countryIso2":"MZ","countryName":"Mozambique","hotelRating":"4","latitude":"-21.7068","longitude":"35.4469","state_id":null,"state_name":null,"country_id":null},{"active":false,"Giataid":"184004","cityId":null,"cityName":"Tofo","hotelId":184004,"hotelName":"Mundos Lodge","address":"","phones":"","fax":"","email":"","url":"","countryIso2":"MZ","countryName":"Mozambique","hotelRating":"1","latitude":"-23.8526","longitude":"35.5453","state_id":null,"state_name":null,"country_id":null},{"active":false,"Giataid":"184005","cityId":null,"cityName":"Zavora","hotelId":184005,"hotelName":"Zavora Lodge","address":"Lagoa Poelela Road,1311 Z?vora,Mozambique","phones":"+25827137500431","fax":"+25827137513535","email":"zavoralodge@mweb.co.za","url":"http://www.zavoralodge.com/","countryIso2":"MZ","countryName":"Mozambique","hotelRating":"2","latitude":"-24.5164","longitude":"35.2002","state_id":null,"state_name":null,"country_id":null},{"active":false,"Giataid":"359758","cityId":null,"cityName":"Tofo","hotelId":359758,"hotelName":"Blue Footprints Eco Lodge & Dive Centre","address":"Praia Da Barra,Conguiana,Inhambane City,Inhambane Province,Mozambique","phones":"+258848900507","fax":"","email":"info@bluefootprints.com","url":"http://www.bluefootprints.com/","countryIso2":"MZ","countryName":"Mozambique","hotelRating":"4","latitude":"-23.7925","longitude":"35.5179","state_id":null,"state_name":null,"country_id":null},{"active":false,"Giataid":"365583","cityId":null,"cityName":"Inhassoro","hotelId":365583,"hotelName":"Rio Azul Lodge","address":"On the Banks of the Guvoru River�s Estuary,Inhassoro,Vilanculos,Mozambique","phones":"+25827115309550","fax":"+25827115309551","email":"info@rioazul-lodge.com","url":"http://www.rioazul-lodge.com","countryIso2":"MZ","countryName":"Mozambique","hotelRating":"4","latitude":"-21.2823","longitude":"35.1074","state_id":null,"state_name":null,"country_id":null},{"active":false,"Giataid":"392292","cityId":null,"cityName":"Tofo","hotelId":392292,"hotelName":"Paradise Dunes","address":"NULL","phones":"+25827716724559","fax":"+25827867330100","email":"info@paradisedunes.co.za","url":"http://www.paradisedunes.co.za/","countryIso2":"MZ","countryName":"Mozambique","hotelRating":"1","latitude":"-23.8565","longitude":"35.5492","state_id":null,"state_name":null,"country_id":null},{"active":false,"Giataid":"427338","cityId":null,"cityName":"Chidenguele","hotelId":427338,"hotelName":"Naara Eco-Lodge & Spa","address":"Nhamdime Community,1200 Chidenguele,Mozambique","phones":"+258843212209","fax":"","email":"","url":"","countryIso2":"MZ","countryName":"Mozambique","hotelRating":"3","latitude":"-24.9236","longitude":"34.2379","state_id":null,"state_name":null,"country_id":null},{"active":false,"Giataid":"427339","cityId":null,"cityName":"Vilankulo","hotelId":427339,"hotelName":"Pescador Hotel","address":"","phones":"","fax":"","email":"","url":"","countryIso2":"MZ","countryName":"Mozambique","hotelRating":"1","latitude":"-21.9846","longitude":"35.3184","state_id":null,"state_name":null,"country_id":null},{"active":false,"Giataid":"431477","cityId":null,"cityName":"Tofo","hotelId":431477,"hotelName":"Corasiida Guest House","address":"NULL","phones":"+258842033024","fax":"","email":"info@corasiida.com","url":"http://corasiida.com","countryIso2":"MZ","countryName":"Mozambique","hotelRating":"1","latitude":"-23.8484","longitude":"35.5417","state_id":null,"state_name":null,"country_id":null},{"active":false,"Giataid":"682725","cityId":null,"cityName":"Vilankulo","hotelId":682725,"hotelName":"Casa Oceano","address":"NULL","phones":"","fax":"","email":"","url":"","countryIso2":"MZ","countryName":"Mozambique","hotelRating":"1","latitude":"-21.9846","longitude":"35.3184","state_id":null,"state_name":null,"country_id":null},{"active":false,"Giataid":"723987","cityId":null,"cityName":"Tofo","hotelId":723987,"hotelName":"Lobster Chalets","address":"","phones":"","fax":"","email":"","url":"","countryIso2":"MZ","countryName":"Mozambique","hotelRating":"1","latitude":"-23.8526","longitude":"35.5453","state_id":null,"state_name":null,"country_id":null},{"active":false,"Giataid":"64777","cityId":null,"cityName":"Vilankulo","hotelId":727435,"hotelName":"Vilanculos Beach Lodge","address":"Bairro 19 De Outubro,Vilankulos,Mozambique","phones":"+258844008484","fax":"","email":"info@vilanculosbeachlodge.com","url":"http://vilanculosbeachlodge.com","countryIso2":"MZ","countryName":"Mozambique","hotelRating":"1","latitude":"-21.9656","longitude":"35.3115","state_id":null,"state_name":null,"country_id":null},{"active":false,"Giataid":"729437","cityId":null,"cityName":"Ponta do Ouro","hotelId":729437,"hotelName":"Dream Beach Lodge","address":"Ponta Malongane Road,Ponta Do Oura,Mozambique","phones":"+258824697754","fax":"","email":"","url":"","countryIso2":"MZ","countryName":"Mozambique","hotelRating":"1","latitude":"-26.813","longitude":"32.8868","state_id":null,"state_name":null,"country_id":null},{"active":false,"Giataid":"729512","cityId":null,"cityName":"Vilankulo","hotelId":729512,"hotelName":"Dolphin Dhow Safaris","address":"330 Bairro Central Rua Do Marginal,1100 Vilanculos,Mozambique","phones":"","fax":"","email":"","url":"","countryIso2":"MZ","countryName":"Mozambique","hotelRating":"1","latitude":"-22.0029","longitude":"35.3235","state_id":null,"state_name":null,"country_id":null},{"active":false,"Giataid":"732176","cityId":null,"cityName":"Bilene","hotelId":732176,"hotelName":"Summer Place","address":"1234 Praia do Bilene,Gaza,Mozambique","phones":"","fax":"","email":"","url":"","countryIso2":"MZ","countryName":"Mozambique","hotelRating":"1","latitude":"-25.2786","longitude":"33.2578","state_id":null,"state_name":null,"country_id":null},{"active":false,"Giataid":"734531","cityId":null,"cityName":"Vilankulo","hotelId":734531,"hotelName":"The Beach Village","address":"Rua Do Palacio,Bairo Desi,Vilanculo,Mozambique","phones":"+258847206223","fax":"","email":"info@beachvillagemoz.com","url":"http://www.beachvillagemoz.com","countryIso2":"MZ","countryName":"Mozambique","hotelRating":"1","latitude":"-21.9846","longitude":"35.3184","state_id":null,"state_name":null,"country_id":null},{"active":false,"Giataid":"734645","cityId":null,"cityName":"Bilene","hotelId":734645,"hotelName":"Just in Time Prime Mozambique Holiday Resort","address":"Nhabanga Village,Praia do Bilene,Mozambique","phones":"+258824517890","fax":"","email":"belinda@just-in-time.co.za","url":"http://www.just-in-time.co.za/","countryIso2":"MZ","countryName":"Mozambique","hotelRating":"1","latitude":"-25.2786","longitude":"33.2578","state_id":null,"state_name":null,"country_id":null},{"active":false,"Giataid":"746548","cityId":null,"cityName":"Island of Mozambique","hotelId":746548,"hotelName":"Jardim dos Aloes","address":"Travessa da S?,Bairro Museu,3105 Ihla do Mocambique,Mozambique","phones":"","fax":"","email":"","url":"","countryIso2":"MZ","countryName":"Mozambique","hotelRating":"1","latitude":"-15.033","longitude":"40.7359","state_id":null,"state_name":null,"country_id":null},{"active":false,"Giataid":"755623","cityId":null,"cityName":"Bilene","hotelId":755623,"hotelName":"Nghunghwa Lodge","address":"NULL","phones":"","fax":"","email":"","url":"","countryIso2":"MZ","countryName":"Mozambique","hotelRating":"1","latitude":"-25.2786","longitude":"33.2578","state_id":null,"state_name":null,"country_id":null},{"active":false,"Giataid":"757309","cityId":null,"cityName":"Vilankulo","hotelId":757309,"hotelName":"Azulik Lodge","address":"Stand 40,Vilanculos Wildlife Sanctuary,1304 Vilanculos,Mozambique","phones":"","fax":"","email":"","url":"","countryIso2":"MZ","countryName":"Mozambique","hotelRating":"1","latitude":"-21.9846","longitude":"35.3184","state_id":null,"state_name":null,"country_id":null},{"active":false,"Giataid":"758787","cityId":null,"cityName":"Tofo","hotelId":758787,"hotelName":"Casa Anlija","address":"Tofo,Inhambane,Mozambique","phones":"","fax":"","email":"margaret@sodwa.co.za","url":"http://www.casa-anlija.com","countryIso2":"MZ","countryName":"Mozambique","hotelRating":"1","latitude":"-23.8526","longitude":"35.5453","state_id":null,"state_name":null,"country_id":null},{"active":false,"Giataid":"760588","cityId":null,"cityName":"Ponta do Ouro","hotelId":760588,"hotelName":"The Waves Lodge","address":"Parcela 29,Ponta Do Ouro,Mozambique","phones":"","fax":"","email":"","url":"","countryIso2":"MZ","countryName":"Mozambique","hotelRating":"1","latitude":"-26.813","longitude":"32.8868","state_id":null,"state_name":null,"country_id":null},{"active":false,"Giataid":"764810","cityId":null,"cityName":"Vilankulo","hotelId":764810,"hotelName":"VilanCool Water Sports","address":"South Beach,Bairro Desse,Vilanculos,Mozambique","phones":"+258847862170","fax":"","email":"hello@vilancool.com","url":"https://www.vilancool.com/","countryIso2":"MZ","countryName":"Mozambique","hotelRating":"1","latitude":"-21.9846","longitude":"35.3184","state_id":null,"state_name":null,"country_id":null},{"active":false,"Giataid":"798859","cityId":null,"cityName":"Island of Mozambique","hotelId":798859,"hotelName":"Cafe Central","address":"Cabral,3105 Ilha De Mo?ambique,Mozambique","phones":"","fax":"","email":"","url":"","countryIso2":"MZ","countryName":"Mozambique","hotelRating":"1","latitude":"-15.0328","longitude":"40.7361","state_id":null,"state_name":null,"country_id":null},{"active":false,"Giataid":"798900","cityId":null,"cityName":"Vilankulo","hotelId":798900,"hotelName":"Motel Dercia","address":"Avenida Eduardo Mondlane,1314 Vilanculos,Mozambique","phones":"","fax":"","email":"","url":"","countryIso2":"MZ","countryName":"Mozambique","hotelRating":"1","latitude":"-21.9846","longitude":"35.3184","state_id":null,"state_name":null,"country_id":null},{"active":false,"Giataid":"800151","cityId":null,"cityName":"Vilankulo","hotelId":800151,"hotelName":"Hotel Massunguine","address":"Avenida Eduardo Mondlane Blocos,1304 Vilanculos,Mozambique","phones":"","fax":"","email":"","url":"","countryIso2":"MZ","countryName":"Mozambique","hotelRating":"1","latitude":"-21.9846","longitude":"35.3184","state_id":null,"state_name":null,"country_id":null},{"active":false,"Giataid":"802166","cityId":null,"cityName":"Vilankulo","hotelId":802166,"hotelName":"Ngalumwe Lodge","address":"Estrada Nacional 240,Em Frente a Dhocolo Agro Processados,4458 Vilanculos,Mozambique","phones":"","fax":"","email":"","url":"","countryIso2":"MZ","countryName":"Mozambique","hotelRating":"1","latitude":"-21.9846","longitude":"35.3184","state_id":null,"state_name":null,"country_id":null},{"active":false,"Giataid":"808197","cityId":null,"cityName":"Bilene","hotelId":808197,"hotelName":"Ossanzaia Bilene Lodge","address":"Bairro Mahungo,2334 Praia Do Bilene,Mozambique","phones":"+258849625336","fax":"","email":"reservas@ossanzaialodge.co.mz","url":"http://www.ossanzaialodge.co.mz","countryIso2":"MZ","countryName":"Mozambique","hotelRating":"1","latitude":"-25.2786","longitude":"33.2578","state_id":null,"state_name":null,"country_id":null},{"active":false,"Giataid":"814214","cityId":null,"cityName":"Vilankulo","hotelId":814214,"hotelName":"Complexo Alemanha Vilanculos Backpacker","address":"Rua Do Palacio,1304 Vilanculos,Mozambique","phones":"","fax":"","email":"","url":"","countryIso2":"MZ","countryName":"Mozambique","hotelRating":"1","latitude":"-21.9846","longitude":"35.3184","state_id":null,"state_name":null,"country_id":null},{"active":false,"Giataid":"816470","cityId":null,"cityName":"Bilene","hotelId":816470,"hotelName":"Massala Beach Resort","address":"1111 Vila Praia Do,Bilene,Mozambique","phones":"","fax":"","email":"","url":"","countryIso2":"MZ","countryName":"Mozambique","hotelRating":"1","latitude":"-25.2786","longitude":"33.2578","state_id":null,"state_name":null,"country_id":null},{"active":false,"Giataid":"855192","cityId":null,"cityName":"Bilene","hotelId":855192,"hotelName":"Cfm Bilene Resort","address":"Avenida Marginal,Praia Do Bilene,1203 Vila Praia Do Bilene,Mozambique","phones":"","fax":"","email":"","url":"","countryIso2":"MZ","countryName":"Mozambique","hotelRating":"1","latitude":"-25.2786","longitude":"33.2578","state_id":null,"state_name":null,"country_id":null},{"active":false,"Giataid":"359412","cityId":null,"cityName":"Tofo","hotelId":10055341,"hotelName":"Casa na Praia Tofo","address":"Tofo,Inhambane,Mozambique","phones":"+258828215921","fax":"","email":"","url":"","countryIso2":"MZ","countryName":"Mozambique","hotelRating":"3","latitude":"-23.8573","longitude":"35.549","state_id":null,"state_name":null,"country_id":null},{"active":false,"Giataid":"720913","cityId":null,"cityName":"Inhaca","hotelId":10058534,"hotelName":"Fernando Nhaca Lodge","address":"Ilha de Inhaca,Inhaca,Mozambique","phones":"","fax":"","email":"","url":"","countryIso2":"MZ","countryName":"Mozambique","hotelRating":"1","latitude":"-26.0026","longitude":"32.9204","state_id":null,"state_name":null,"country_id":null},{"active":false,"Giataid":"431480","cityId":null,"cityName":"Vilankulo","hotelId":10060253,"hotelName":"Bahia Mar Boutique Hotel","address":"19 Bairro de Outubro,1304 Vilanculos,Mozambique","phones":"+25829382391","fax":"","email":"","url":"","countryIso2":"MZ","countryName":"Mozambique","hotelRating":"4","latitude":"-22.0079","longitude":"35.3222","state_id":null,"state_name":null,"country_id":null},{"active":false,"Giataid":"496536","cityId":null,"cityName":"Vilankulo","hotelId":10067112,"hotelName":"Casa Chibububo Lodge","address":"Rua Aeroporto 10,1304 Vilanculos,Mozambique","phones":"+25827721826175","fax":"","email":"","url":"","countryIso2":"MZ","countryName":"Mozambique","hotelRating":"2","latitude":"-22.0194","longitude":"35.3194","state_id":null,"state_name":null,"country_id":null},{"active":false,"Giataid":"296800","cityId":null,"cityName":"Zitundo","hotelId":10070764,"hotelName":"White Pearl Resort Ponta Mamoli","address":"Ponta Mamoli,Zitundu,Mozambique,Mozambique","phones":"+258846058112","fax":"","email":"","url":"","countryIso2":"MZ","countryName":"Mozambique","hotelRating":"4","latitude":"-26.7083","longitude":"32.8997","state_id":null,"state_name":null,"country_id":null},{"active":false,"Giataid":"201993","cityId":null,"cityName":"Baixo do Pinda","hotelId":10072770,"hotelName":"Nuarro","address":"Baixo do Pinda,Nanatha Village,Memba District,Nampula Province,Mozambique","phones":"+258823053027","fax":"","email":"","url":"","countryIso2":"MZ","countryName":"Mozambique","hotelRating":"4","latitude":"-14.2033","longitude":"40.6774","state_id":null,"state_name":null,"country_id":null},{"active":false,"Giataid":"496969","cityId":null,"cityName":"Vilankulo","hotelId":10102165,"hotelName":"Villa Do Paraiso","address":"Mahaque Beach,Vilanculos,Mozambique","phones":"+258849651252","fax":"NULL","email":"NULL","url":"NULL","countryIso2":"MZ","countryName":"Mozambique","hotelRating":"4","latitude":"-21.9685","longitude":"35.3104","state_id":null,"state_name":null,"country_id":null},{"active":false,"Giataid":"522081","cityId":null,"cityName":"Vilankulo","hotelId":10114294,"hotelName":"Casa Babi","address":"Rua do Palacio, Odyssea Dive,8000 Vilanculos,Mozambique","phones":"+258844126478","fax":"NULL","email":"NULL","url":"NULL","countryIso2":"MZ","countryName":"Mozambique","hotelRating":"3","latitude":"-22.0072","longitude":"35.3228","state_id":null,"state_name":null,"country_id":null},{"active":false,"Giataid":"640015","cityId":null,"cityName":"Vilankulo","hotelId":10119573,"hotelName":"Golden Sands Apartments By Sol Resorts","address":"Rua De Outuburo,Vilanculos 1304,Mosambik,Mozambique","phones":"+25829382048","fax":"NULL","email":"NULL","url":"NULL","countryIso2":"MZ","countryName":"Mozambique","hotelRating":"3","latitude":"-21.9559","longitude":"35.3107","state_id":null,"state_name":null,"country_id":null},{"active":false,"Giataid":"407860","cityId":null,"cityName":"Vilankulo","hotelId":10123222,"hotelName":"The Hotel Dona Ana","address":"Avenida Marginal,Bairro Central,Vilanculos,Mozambique","phones":"+25829383200","fax":"NULL","email":"NULL","url":"NULL","countryIso2":"MZ","countryName":"Mozambique","hotelRating":"4","latitude":"-21.983","longitude":"35.3231","state_id":null,"state_name":null,"country_id":null},{"active":false,"Giataid":"298833","cityId":null,"cityName":"Ponta do Ouro","hotelId":20000605,"hotelName":"Vista Alta Lodge","address":"Rua 59/60,Parcela 634,Ponta do Ouro,Mozambique","phones":"+25827114653427","fax":"+25827114653002","email":"bookings@mozcon.com","url":"http://www.vistaaltalodge.com","countryIso2":"MZ","countryName":"Mozambique","hotelRating":"0","latitude":"-26.7841","longitude":"32.8885","state_id":null,"state_name":null,"country_id":null},{"active":false,"Giataid":"723674","cityId":null,"cityName":"Ponta do Ouro","hotelId":20000686,"hotelName":"Gala-Gala Eco Resort","address":"Rue Principal Da Ponta,Kwangwanase 3973,1100 Ponta do Ouro,Mozambique","phones":"+258845458494","fax":"","email":"bev@gala-gala.co.za","url":"http://www.gala-gala.co.za/","countryIso2":"MZ","countryName":"Mozambique","hotelRating":"0","latitude":"-26.8519","longitude":"32.8884","state_id":null,"state_name":null,"country_id":null},{"active":false,"Giataid":"236004","cityId":null,"cityName":"Vilankulo","hotelId":20000745,"hotelName":"Nyati Beach Lodge","address":"Nyati Island,1304 Vilanculos,Mozambique","phones":"+258842132999","fax":"","email":"info@nyati-beach.com","url":"http://www.nyati-beach-mozambique.co.za/","countryIso2":"MZ","countryName":"Mozambique","hotelRating":"4","latitude":"-22.1896","longitude":"35.5344","state_id":null,"state_name":null,"country_id":null},{"active":false,"Giataid":"406602","cityId":null,"cityName":"Vilankulo","hotelId":20001516,"hotelName":"Villa Santorini","address":"19 cle Outboro,Vilanculos,Mozambique","phones":"+25827769414951","fax":"","email":"reservations@santorinimozambique.com","url":"http://www.santorinimozambique.com/","countryIso2":"MZ","countryName":"Mozambique","hotelRating":"4","latitude":"-21.9994","longitude":"35.3187","state_id":null,"state_name":null,"country_id":null},{"active":false,"Giataid":"685229","cityId":null,"cityName":"Bilene","hotelId":20001735,"hotelName":"San Martinho Beach Club","address":"Rua Marginal,Praia do Bilene 1203,Mozambique","phones":"+25828244040","fax":"","email":"bookings@smbc.co.za","url":"http://www.smbc.co.za","countryIso2":"MZ","countryName":"Mozambique","hotelRating":"0","latitude":"-25.2763","longitude":"33.2708","state_id":null,"state_name":null,"country_id":null},{"active":false,"Giataid":"726753","cityId":null,"cityName":"Vilankulo","hotelId":20002140,"hotelName":"Zombie Cucumber","address":"Avenida Marginal,Bairro Central,Vilanculos,Mozambique","phones":"+258828049410","fax":"","email":"","url":"http://www.zombiecucumber.com","countryIso2":"MZ","countryName":"Mozambique","hotelRating":"0","latitude":"-21.9846","longitude":"35.3184","state_id":null,"state_name":null,"country_id":null},{"active":false,"Giataid":"392293","cityId":null,"cityName":"Vilankulo","hotelId":20002550,"hotelName":"Archipelago Resort","address":"Chibuene,Vilanculos,Inhambane,Mozambique","phones":"+25829384022","fax":"","email":"archipelago.resort@gmail.com","url":"http://www.archipelago-resort.com","countryIso2":"MZ","countryName":"Mozambique","hotelRating":"4","latitude":"-22.0441","longitude":"35.322","state_id":null,"state_name":null,"country_id":null},{"active":false,"Giataid":"298834","cityId":null,"cityName":"Bilene","hotelId":20003197,"hotelName":"Villa N'Banga","address":"Bilene,Zonguene,Nhabanga village,Mozambique","phones":"+258843821290","fax":"","email":"info@villanbanga.co.za","url":"http://www.villanbanga.co.za/","countryIso2":"MZ","countryName":"Mozambique","hotelRating":"2","latitude":"-25.2535","longitude":"33.3433","state_id":null,"state_name":null,"country_id":null},{"active":false,"Giataid":"668019","cityId":null,"cityName":"Ponta do Ouro","hotelId":20003401,"hotelName":"Phaphalati Hotel","address":"Ponta Malongane,Ponta do Ouro,Mozambique","phones":"+258840172560","fax":"","email":"reservations@hotelphaphalati.co.Za","url":"http://hotelphaphalati.co.za","countryIso2":"MZ","countryName":"Mozambique","hotelRating":"0","latitude":"-26.813","longitude":"32.8868","state_id":null,"state_name":null,"country_id":null},{"active":false,"Giataid":"526927","cityId":null,"cityName":"das Quirimbas","hotelId":20003764,"hotelName":"Situ Island Resort","address":"Situ Island,Quirimbas Archipelago,Quirimbas National Park,Mozambique","phones":"+258869303681","fax":"","email":"bookings@situisland.com","url":"http://situisland.com/","countryIso2":"MZ","countryName":"Mozambique","hotelRating":"0","latitude":"-12.7059","longitude":"40.5967","state_id":null,"state_name":null,"country_id":null},{"active":false,"Giataid":"723734","cityId":null,"cityName":"Mabsil","hotelId":20004490,"hotelName":"Travessia Beach Lodge","address":"Cumbana Agricola,Morrumbene,Mabsil,Inhambane,Mozambique","phones":"","fax":"","email":"","url":"http://travessialodge.com","countryIso2":"MZ","countryName":"Mozambique","hotelRating":"0","latitude":"-23.5499","longitude":"35.4222","state_id":null,"state_name":null,"country_id":null},{"active":false,"Giataid":"723734","cityId":null,"cityName":"Mabsil","hotelId":20004490,"hotelName":"Travessia Beach Lodge","address":"Cumbana Agricola,Morrumbene,Mabsil,Inhambane,Mozambique","phones":"","fax":"","email":"","url":"http://travessialodge.com","countryIso2":"MZ","countryName":"Mozambique","hotelRating":"0","latitude":"-23.5499","longitude":"35.4222","state_id":null,"state_name":null,"country_id":null},{"active":false,"Giataid":"725677","cityId":null,"cityName":"Vilankulo","hotelId":20005075,"hotelName":"Dona Soraya Lodge","address":"Rua De Chibuene C P 12,Bairro De Chibuene,1099 Vilanculos,Mozambique","phones":"","fax":"","email":"","url":"","countryIso2":"MZ","countryName":"Mozambique","hotelRating":"0","latitude":"-21.9846","longitude":"35.3184","state_id":null,"state_name":null,"country_id":null},{"active":false,"Giataid":"723743","cityId":null,"cityName":"Tofo","hotelId":20005893,"hotelName":"Tofinho Beach Cottages","address":"300 Tofinho Tofo,Inhambane,Tofo,Mozambique,Mozambique","phones":"","fax":"","email":"","url":"","countryIso2":"MZ","countryName":"Mozambique","hotelRating":"0","latitude":"-23.8526","longitude":"35.5453","state_id":null,"state_name":null,"country_id":null},{"active":false,"Giataid":"724740","cityId":null,"cityName":"Zavora","hotelId":20006594,"hotelName":"Nhanombe Lodge","address":"Praia De Zavora,Inharrime,Inhambane,Mozambique","phones":"+258865863353","fax":"","email":"info@nhanombelodge.com","url":"http://www.nhanombelodge.com","countryIso2":"MZ","countryName":"Mozambique","hotelRating":"0","latitude":"-24.5172","longitude":"35.2004","state_id":null,"state_name":null,"country_id":null},{"active":false,"Giataid":"724630","cityId":null,"cityName":"Tofo","hotelId":20006775,"hotelName":"Varandas do Indico","address":"Praia De Tofo s/n,1300 Praia Do Tofo,Tofo-Inhambane,Mozambique","phones":"","fax":"","email":"","url":"","countryIso2":"MZ","countryName":"Mozambique","hotelRating":"0","latitude":"-23.8574","longitude":"35.551","state_id":null,"state_name":null,"country_id":null},{"active":false,"Giataid":"726749","cityId":null,"cityName":"Tofo","hotelId":20007126,"hotelName":"Aquatico Aframes","address":"Praia Do Tofo,Tofo,Mozambique","phones":"","fax":"","email":"","url":"http://www.hotels.com/ho631027360","countryIso2":"MZ","countryName":"Mozambique","hotelRating":"0","latitude":"-23.8526","longitude":"35.5453","state_id":null,"state_name":null,"country_id":null},{"active":false,"Giataid":"184003","cityId":null,"cityName":"Tofo","hotelId":20007730,"hotelName":"Baia Sonambula Guesthouse","address":"Tofo Beach - Inhambane,Mozambique","phones":"+258848552739","fax":"","email":"contact@baiasonambula.com","url":"http://www.baiasonambula.com","countryIso2":"MZ","countryName":"Mozambique","hotelRating":"3","latitude":"-23.8546","longitude":"35.5483","state_id":null,"state_name":null,"country_id":null},{"active":false,"Giataid":"228767","cityId":null,"cityName":"Tofo","hotelId":20008363,"hotelName":"Aquatico Casitas","address":"P.O. Box 252,Tofo,Inhambane,Mozambique","phones":"+258829603260","fax":"+25829329035","email":"info@aquaticolodge.com","url":"http://www.aquaticolodge.com/","countryIso2":"MZ","countryName":"Mozambique","hotelRating":"1","latitude":"-23.8487","longitude":"35.5417","state_id":null,"state_name":null,"country_id":null},{"active":false,"Giataid":"725884","cityId":null,"cityName":"Tofo","hotelId":20008573,"hotelName":"Albatroz Lodge","address":"Tofo Beach,Tofo,Mozambique","phones":"+25829329005","fax":"","email":"enquiries@albatrozlodge.com","url":"http://www.albatrozlodge.com","countryIso2":"MZ","countryName":"Mozambique","hotelRating":"0","latitude":"-23.8526","longitude":"35.5453","state_id":null,"state_name":null,"country_id":null},{"active":false,"Giataid":"725883","cityId":null,"cityName":"Vilankulo","hotelId":20008706,"hotelName":"Hotel Ancora","address":"Bairro 25 Setembro,Vilankulo,Inhambane,Mozambique","phones":"+25829382444","fax":"+25829382222","email":"info@ancorasuites.com","url":"https://www.ancorasuites.com","countryIso2":"MZ","countryName":"Mozambique","hotelRating":"0","latitude":"-21.9846","longitude":"35.3184","state_id":null,"state_name":null,"country_id":null},{"active":false,"Giataid":"122694","cityId":null,"cityName":"Gorongosa","hotelId":20008866,"hotelName":"Chitengo Safari camp","address":"Gorongosa National Park,Mozambique","phones":"+25823535010","fax":"","email":"contact@gorongosa.net","url":"http://www.gorongosa.net/en/page/accommodations/accommodations","countryIso2":"MZ","countryName":"Mozambique","hotelRating":"3","latitude":"-18.8265","longitude":"34.5111","state_id":null,"state_name":null,"country_id":null},{"active":false,"Giataid":"526935","cityId":null,"cityName":"Bilene","hotelId":20009798,"hotelName":"Laguna Camp & Bungalows","address":"Bilene Macia,Mozambique","phones":"+258823982366","fax":"","email":"info@laguna-camp.comangela@w2t.","url":"http://www.laguna-camp.com","countryIso2":"MZ","countryName":"Mozambique","hotelRating":"0","latitude":"-25.2616","longitude":"33.2853","state_id":null,"state_name":null,"country_id":null},{"active":false,"Giataid":"726308","cityId":null,"cityName":"Bilene","hotelId":20010342,"hotelName":"Royal Residency Bilene","address":"Sao Martinho,Praia do Bilene,Mozambique","phones":"","fax":"","email":"","url":"","countryIso2":"MZ","countryName":"Mozambique","hotelRating":"0","latitude":"-25.2786","longitude":"33.2578","state_id":null,"state_name":null,"country_id":null},{"active":false,"Giataid":"122693","cityId":null,"cityName":"Vilankulo","hotelId":20010693,"hotelName":"Casa Rex","address":"19 Bairro de Outubro,Vilanculos,Mozambique","phones":"+25829382048","fax":"","email":"info@casmaratrading.com","url":"http://www.casa-rex.com","countryIso2":"MZ","countryName":"Mozambique","hotelRating":"4","latitude":"-21.9809","longitude":"35.3156","state_id":null,"state_name":null,"country_id":null},{"active":false,"Giataid":"526781","cityId":null,"cityName":"Vilankulo","hotelId":20011667,"hotelName":"Aguia Negra","address":"Vilanculos,Inhambane,Mozambique","phones":"+25829382387","fax":"+25829382229","email":"aguianegra@tdm.co.mz","url":"http://www.aguianegrahotel.com/","countryIso2":"MZ","countryName":"Mozambique","hotelRating":"0","latitude":"-21.9997","longitude":"35.3192","state_id":null,"state_name":null,"country_id":null},{"active":false,"Giataid":"508501","cityId":null,"cityName":"Ponta do Ouro","hotelId":20012081,"hotelName":"Devocean Resorts","address":"South Road 41,Ponta dOuro,Mozambique","phones":"+258842671953","fax":"","email":"info@devoceandiving.com","url":"http://devoceanresorts.com/","countryIso2":"MZ","countryName":"Mozambique","hotelRating":"2","latitude":"-26.8419","longitude":"32.885","state_id":null,"state_name":null,"country_id":null},{"active":false,"Giataid":"427337","cityId":null,"cityName":"Guru?","hotelId":20012214,"hotelName":"Hotel Pensao Gurue","address":"Avenida da Republica 11,Guru?,Zambezia,Mozambique","phones":"+25824910050","fax":"+25821022271","email":"pensao.gurue@gmail.com","url":"http://sites.google.com/site/pensaogurue","countryIso2":"MZ","countryName":"Mozambique","hotelRating":"0","latitude":"-15.4669","longitude":"36.9781","state_id":null,"state_name":null,"country_id":null},{"active":false,"Giataid":"724148","cityId":null,"cityName":"Ponta do Ouro","hotelId":20012453,"hotelName":"Ntsuty Lodge","address":"Point Hill Drive,Parcela 304 A,Ponta Do Ouro,Mozambique","phones":"","fax":"","email":"","url":"","countryIso2":"MZ","countryName":"Mozambique","hotelRating":"0","latitude":"-26.813","longitude":"32.8868","state_id":null,"state_name":null,"country_id":null},{"active":false,"Giataid":"726808","cityId":null,"cityName":"Bilene","hotelId":20012574,"hotelName":"Humula Beach Resort","address":"Bairro Tsatsene,Praia do Bilene,Mozambique","phones":"","fax":"","email":"","url":"http://www.hotels.com/ho642412416","countryIso2":"MZ","countryName":"Mozambique","hotelRating":"0","latitude":"-25.2786","longitude":"33.2578","state_id":null,"state_name":null,"country_id":null},{"active":false,"Giataid":"725695","cityId":null,"cityName":"Bilene","hotelId":20012711,"hotelName":"Complexo Palmeiras","address":"Main Road,1203 Praia do Bilene,Mozambique","phones":"+25828259019","fax":"+25828259019","email":"palmeira@virconn.com","url":"http://www.complexopalmeiras.blogspot.com","countryIso2":"MZ","countryName":"Mozambique","hotelRating":"0","latitude":"-25.2786","longitude":"33.2578","state_id":null,"state_name":null,"country_id":null},{"active":false,"Giataid":"458894","cityId":null,"cityName":"Vilankulo","hotelId":20013969,"hotelName":"Casa Cabana Beach","address":"3 Beach Road,North Beach,2193 Vilanculos,Mozambique","phones":"+258112680335","fax":"+258112680337","email":"janine.chemaly@harveyworldtravel.co.za","url":"http://www.casacabanabeach.com","countryIso2":"MZ","countryName":"Mozambique","hotelRating":"0","latitude":"-21.9778","longitude":"35.3147","state_id":null,"state_name":null,"country_id":null},{"active":false,"Giataid":"726693","cityId":null,"cityName":"Tofo","hotelId":20014175,"hotelName":"Beach Villa Tofinho","address":"Tofinho South Road 1234,Tofo,Inhambane,Mozambique","phones":"","fax":"","email":"","url":"","countryIso2":"MZ","countryName":"Mozambique","hotelRating":"0","latitude":"-23.8526","longitude":"35.5453","state_id":null,"state_name":null,"country_id":null},{"active":false,"Giataid":"725665","cityId":null,"cityName":"Vilankulo","hotelId":20014295,"hotelName":"Hotel Central Vilanculos","address":"Eduardo Mondlane Avenue 72A,1100 Vilanculos,Mozambique","phones":"","fax":"","email":"","url":"","countryIso2":"MZ","countryName":"Mozambique","hotelRating":"0","latitude":"-21.9971","longitude":"35.3188","state_id":null,"state_name":null,"country_id":null},{"active":false,"Giataid":"683950","cityId":null,"cityName":"Bilene","hotelId":20014692,"hotelName":"Bilene Lodge","address":"Avenida da Marginal s/n,Praia do Bilene 0902,Mozambique","phones":"","fax":"","email":"","url":"","countryIso2":"MZ","countryName":"Mozambique","hotelRating":"0","latitude":"-25.2855","longitude":"33.2544","state_id":null,"state_name":null,"country_id":null},{"active":false,"Giataid":"626275","cityId":null,"cityName":"Vilankulo","hotelId":20014911,"hotelName":"Casa Jules","address":"Marginal,Bairro Central,Vilanculos,Mozambique","phones":"+258846869870","fax":"","email":"info@casajules.com","url":"http://www.casajules.com/","countryIso2":"MZ","countryName":"Mozambique","hotelRating":"0","latitude":"-21.9988","longitude":"35.3244","state_id":null,"state_name":null,"country_id":null},{"active":false,"Giataid":"530246","cityId":null,"cityName":"Ponta do Ouro","hotelId":20015166,"hotelName":"Tartaruga Maritima Luxury Tented Camp","address":"Kangela Estate,Ponta Malongane,Ponta do Ouro,Mozambique","phones":"+25827353407013","fax":"","email":"tartaruga@mweb.co.za","url":"http://PontaMalongane","countryIso2":"MZ","countryName":"Mozambique","hotelRating":"0","latitude":"-25.9647","longitude":"32.5852","state_id":null,"state_name":null,"country_id":null},{"active":false,"Giataid":"601702","cityId":null,"cityName":"Tofo","hotelId":20015365,"hotelName":"Mozambeat Motel","address":"Tofinho S Rd,Bairro Josina Machel,1304 Tofo,Mozambique","phones":"+258844223515","fax":"","email":"info@mozambeatmotel.com","url":"http://www.mozambeatmotel.com/","countryIso2":"MZ","countryName":"Mozambique","hotelRating":"0","latitude":"-23.865","longitude":"35.5441","state_id":null,"state_name":null,"country_id":null},{"active":false,"Giataid":"359528","cityId":null,"cityName":"Gorongosa National Park","hotelId":20015909,"hotelName":"Kubatana Camp","address":"Gorongosa National Park,Mozambique","phones":"","fax":"","email":"","url":"","countryIso2":"MZ","countryName":"Mozambique","hotelRating":"4","latitude":"-18.7033","longitude":"34.3243","state_id":null,"state_name":null,"country_id":null},{"active":false,"Giataid":"725670","cityId":null,"cityName":"Vilankulo","hotelId":20016183,"hotelName":"Mamma Mia Complexo","address":"Avenida Marginal 1099,1304 Vilanculos,Mozambique","phones":"+258847260325","fax":"","email":"infosolemare@gmail.com","url":"http://mammamiacomplexo.wordpress.com","countryIso2":"MZ","countryName":"Mozambique","hotelRating":"0","latitude":"-21.9966","longitude":"35.3238","state_id":null,"state_name":null,"country_id":null},{"active":false,"Giataid":"72731","cityId":null,"cityName":"Limpopo River Mouth","hotelId":20016298,"hotelName":"Zongoene Lodge","address":"Limpopo River Mouth,Mozambique","phones":"+258879414644","fax":"+258847475850","email":"lodge@zongoene.com","url":"http://www.zongoene.com","countryIso2":"MZ","countryName":"Mozambique","hotelRating":"3","latitude":"-25.1985","longitude":"33.5115","state_id":null,"state_name":null,"country_id":null},{"active":false,"Giataid":"652611","cityId":null,"cityName":"Vilankulo","hotelId":20016430,"hotelName":"Palmeiras Lodge","address":"Avenida Marginal,Bairro Central,4258 Vilankulo,Mozambique","phones":"+25829382050","fax":"","email":"bookings@palmeiras-lodge.net","url":"http://www.palmeiras-lodge.net/","countryIso2":"MZ","countryName":"Mozambique","hotelRating":"0","latitude":"-21.995","longitude":"35.3244","state_id":null,"state_name":null,"country_id":null},{"active":false,"Giataid":"546824","cityId":null,"cityName":"Vilankulo","hotelId":20016569,"hotelName":"Baobab Beach Lodge & Backpackers","address":"Rua do Palacio,Bairro Desse,Vilanculos,Mozambique","phones":"+258827315420","fax":"","email":"info@baobabbeach.net","url":"http://www.baobabbeach.net/content/contact","countryIso2":"MZ","countryName":"Mozambique","hotelRating":"2","latitude":"-22.0093","longitude":"35.3216","state_id":null,"state_name":null,"country_id":null},{"active":false,"Giataid":"589956","cityId":null,"cityName":"Vilankulo","hotelId":20016932,"hotelName":"Deacra Villas By Sol Resorts","address":"Bairro de Outubro 19,Inhambane,1304 Vilankulo,Mozambique","phones":"+25829382048","fax":"","email":"reservations@casmaratrading.com","url":"http://www.solresortsonline.com/deacra-villas-sol-resorts-vilankulo-mozambique/","countryIso2":"MZ","countryName":"Mozambique","hotelRating":"4","latitude":"-21.9811","longitude":"35.3148","state_id":null,"state_name":null,"country_id":null},{"active":false,"Giataid":"473148","cityId":null,"cityName":"Vilankulo","hotelId":20017051,"hotelName":"Varanda - Vilankulo","address":"Bairro Desse n?338,,1304 Vilanculos,Mozambique","phones":"","fax":"","email":"","url":"","countryIso2":"MZ","countryName":"Mozambique","hotelRating":"0","latitude":"-22.0054","longitude":"35.3231","state_id":null,"state_name":null,"country_id":null},{"active":false,"Giataid":"726341","cityId":null,"cityName":"Vilankulo","hotelId":20017248,"hotelName":"Bahia Mar Beach House","address":"Royal Road,1304 Vilanculos,Mozambique","phones":"","fax":"","email":"","url":"","countryIso2":"MZ","countryName":"Mozambique","hotelRating":"0","latitude":"-21.9846","longitude":"35.3184","state_id":null,"state_name":null,"country_id":null},{"active":false,"Giataid":"391832","cityId":null,"cityName":"Gorongosa National Park","hotelId":20017498,"hotelName":"Montebelo Gorongosa Lodge & Safari","address":"Parque Nacional da Gorongosa,PO BOX 1983,EN 1 Beira,Sofala,Mozambique","phones":"+25823580122","fax":"","email":"montebelogorongosa@montebelohotels.com","url":"http://www.montebelohotels.com/mz/montebelo-gorongosa-lodge-e-safari","countryIso2":"MZ","countryName":"Mozambique","hotelRating":"3","latitude":"-18.979","longitude":"34.3521","state_id":null,"state_name":null,"country_id":null},{"active":false,"Giataid":"725027","cityId":null,"cityName":"Chidenguele","hotelId":20354478,"hotelName":"Mozambique Island Getaways","address":"Canda Island,Chidenguele,Inhambane,Mozambique","phones":"","fax":"","email":"","url":"","countryIso2":"MZ","countryName":"Mozambique","hotelRating":"0","latitude":"-24.9236","longitude":"34.2379","state_id":null,"state_name":null,"country_id":null},{"active":false,"Giataid":"875119","cityId":null,"cityName":"Tofo","hotelId":20354483,"hotelName":"Casa Algodoal","address":"Praia Do Tofo,Tofo,Inhambane,Mozambique","phones":"","fax":"","email":"","url":"","countryIso2":"MZ","countryName":"Mozambique","hotelRating":"0","latitude":"-23.8546","longitude":"35.5499","state_id":null,"state_name":null,"country_id":null},{"active":false,"Giataid":"875174","cityId":null,"cityName":"Bilene","hotelId":20354496,"hotelName":"Serenity","address":"Nhabanga Village,Bilene,Mozambique","phones":"+258836273174","fax":"","email":"stan@monocom.co.za","url":"http://serenitymoz.com","countryIso2":"MZ","countryName":"Mozambique","hotelRating":"0","latitude":"-25.2734","longitude":"33.2759","state_id":null,"state_name":null,"country_id":null},{"active":false,"Giataid":"726582","cityId":null,"cityName":"Chidenguele","hotelId":20354500,"hotelName":"Paraiso De Chidenguele","address":"1 Praia De Chidenguele,2005  Chidenguele,Mozambique","phones":"+258843909999","fax":"","email":"reservas.paraiso@lkgrupo.com","url":"http://www.paraisodechidenguele.com","countryIso2":"MZ","countryName":"Mozambique","hotelRating":"0","latitude":"-24.9555","longitude":"34.1966","state_id":null,"state_name":null,"country_id":null},{"active":false,"Giataid":"898350","cityId":null,"cityName":"Bilene","hotelId":20354505,"hotelName":"Kaia Praia","address":"Rua Alfredo Nhabanga,1203 Bilene,Mozambique","phones":"","fax":"","email":"","url":"","countryIso2":"MZ","countryName":"Mozambique","hotelRating":"0","latitude":"-25.2734","longitude":"33.2759","state_id":null,"state_name":null,"country_id":null},{"active":false,"Giataid":"875935","cityId":null,"cityName":"Ponta do Ouro","hotelId":20354515,"hotelName":"Lar Do Ouro Lodge","address":"Rua C 9,Ponta do Ouro,Mozambique","phones":"","fax":"","email":"","url":"","countryIso2":"MZ","countryName":"Mozambique","hotelRating":"0","latitude":"-26.813","longitude":"32.8868","state_id":null,"state_name":null,"country_id":null},{"active":false,"Giataid":"898487","cityId":null,"cityName":"Ponta do Ouro","hotelId":20354518,"hotelName":"Gamboozini Lodge","address":"Parcela 549,Ponta Do Ouro 1100,Mozambique","phones":"+258844855496","fax":"","email":"","url":"http://www.gamboozini.com","countryIso2":"MZ","countryName":"Mozambique","hotelRating":"0","latitude":"-26.8484","longitude":"32.8898","state_id":null,"state_name":null,"country_id":null},{"active":false,"Giataid":"900847","cityId":null,"cityName":"Vilankulo","hotelId":20354519,"hotelName":"Perlo Do Mar","address":"De Outubro 19,Manhaque,Vilanculos,Mozambique","phones":"+25827837937410","fax":"","email":"info@perlodomar.com","url":"http://www.perlodomar.com","countryIso2":"MZ","countryName":"Mozambique","hotelRating":"4","latitude":"-22.0048","longitude":"35.3246","state_id":null,"state_name":null,"country_id":null},{"active":false,"Giataid":"878039","cityId":null,"cityName":"Bilene","hotelId":20354520,"hotelName":"Hotel Bilene","address":"Bairro Cimento,Praia Do Bilene,Gaza,Mozambique","phones":"","fax":"","email":"","url":"","countryIso2":"MZ","countryName":"Mozambique","hotelRating":"0","latitude":"-25.2734","longitude":"33.2759","state_id":null,"state_name":null,"country_id":null},{"active":false,"Giataid":"899934","cityId":null,"cityName":"Ponta do Ouro","hotelId":20354523,"hotelName":"Cafe Del Mar","address":"Ponta Do Ouro,Mozambique","phones":"","fax":"","email":"","url":"","countryIso2":"MZ","countryName":"Mozambique","hotelRating":"0","latitude":"-26.813","longitude":"32.8868","state_id":null,"state_name":null,"country_id":null},{"active":false,"Giataid":"908797","cityId":null,"cityName":"Vilankulo","hotelId":20354524,"hotelName":"Luke's Place","address":"South Beach,Bairro Desse,Vilanculos,Inhambane,Mozambique","phones":"+258848144715","fax":"","email":"bookings@lukesplacemz.com","url":"http://www.lukesplacemz.com","countryIso2":"MZ","countryName":"Mozambique","hotelRating":"3","latitude":"-22.0048","longitude":"35.3246","state_id":null,"state_name":null,"country_id":null},{"active":false,"Giataid":"890119","cityId":null,"cityName":"Bilene","hotelId":20354525,"hotelName":"Boa Vista Resort","address":"Nhaganga,Bilene,Gaza,Mozambique","phones":"+258842870556","fax":"","email":"info@boavista.co.za","url":"http://www.boavista.co.za","countryIso2":"MZ","countryName":"Mozambique","hotelRating":"0","latitude":"-25.2734","longitude":"33.2759","state_id":null,"state_name":null,"country_id":null},{"active":false,"Giataid":"901484","cityId":null,"cityName":"Ponta do Ouro","hotelId":20354528,"hotelName":"Nkanhe Lodge","address":"Ponta Beach Drive,2000 Ponta Do Ouro,Mozambique","phones":"","fax":"","email":"","url":"","countryIso2":"MZ","countryName":"Mozambique","hotelRating":"0","latitude":"-26.813","longitude":"32.8868","state_id":null,"state_name":null,"country_id":null},{"active":false,"Giataid":"875968","cityId":null,"cityName":"Ponta do Ouro","hotelId":20354535,"hotelName":"Ponta Beach Guest House","address":"Rua B,Ponta do Ouro,Mozambique","phones":"","fax":"","email":"","url":"","countryIso2":"MZ","countryName":"Mozambique","hotelRating":"0","latitude":"-26.813","longitude":"32.8868","state_id":null,"state_name":null,"country_id":null},{"active":false,"Giataid":"875158","cityId":null,"cityName":"Vilankulo","hotelId":20354536,"hotelName":"Moyeni Lodge","address":"San Sebastian Peninsula,Vilanculos,Inhambane,Mozambique","phones":"+258279987000","fax":"","email":"henk@lawvfc.co.za","url":"http://www.moyenilodge.co.za","countryIso2":"MZ","countryName":"Mozambique","hotelRating":"4","latitude":"-22.0048","longitude":"35.3246","state_id":null,"state_name":null,"country_id":null},{"active":false,"Giataid":"952576","cityId":null,"cityName":"Ponta do Ouro","hotelId":20414571,"hotelName":"Ponta View Hotel","address":"Rua Da Ponta View 1291,Ponta Do Ouro,Mozambique","phones":"","fax":"","email":"","url":"","countryIso2":"MZ","countryName":"Mozambique","hotelRating":"1","latitude":"-26.813","longitude":"32.8868","state_id":null,"state_name":null,"country_id":null},{"active":false,"Giataid":"982383","cityId":null,"cityName":"Island of Mozambique","hotelId":20414572,"hotelName":"Feitoria Boutique Hotel","address":"Rua Amilcar Cabral 17,Bloco 16,Ilha De Mocambique,Mozambique","phones":"+258849696963","fax":"","email":"info@feitoria.co.mz","url":"http://www.feitoria.co.mz/the-hotel.html","countryIso2":"MZ","countryName":"Mozambique","hotelRating":"1","latitude":"-15.0328","longitude":"40.7361","state_id":null,"state_name":null,"country_id":null},{"active":false,"Giataid":"982397","cityId":null,"cityName":"Island of Mozambique","hotelId":20414575,"hotelName":"Villa Sands","address":"Rua Dos Trabalhadores,3105 Ilha De Mocambique,Mozambique","phones":"+258847447178","fax":"","email":"info@villasands.com","url":"http://villasands.com","countryIso2":"MZ","countryName":"Mozambique","hotelRating":"1","latitude":"-15.0328","longitude":"40.7361","state_id":null,"state_name":null,"country_id":null},{"active":false,"Giataid":"982430","cityId":null,"cityName":"Tofo","hotelId":20414580,"hotelName":"Sundance Hostel","address":"Praia Do Tofo,Mozambique","phones":"+258847904675","fax":"","email":"","url":"http://www.sundancehosteltofo.com","countryIso2":"MZ","countryName":"Mozambique","hotelRating":"1","latitude":"-23.8526","longitude":"35.5453","state_id":null,"state_name":null,"country_id":null},{"active":false,"Giataid":"977774","cityId":null,"cityName":"Chidenguele","hotelId":20414578,"hotelName":"Cumbe Lodge","address":"Gaza,1210 Chidenguele,Mozambique","phones":"","fax":"","email":"","url":"","countryIso2":"MZ","countryName":"Mozambique","hotelRating":"1","latitude":"-24.9236","longitude":"34.2379","state_id":null,"state_name":null,"country_id":null},{"active":false,"Giataid":"954649","cityId":null,"cityName":"Tofo","hotelId":20414581,"hotelName":"Liquid Dive Family","address":"Praia do Tofo,Tofo,Mozambique","phones":"","fax":"","email":"info@liquiddiveadventures.com","url":"https://www.liquiddiveadventures.com/accomodation","countryIso2":"MZ","countryName":"Mozambique","hotelRating":"1","latitude":"-23.8526","longitude":"35.5453","state_id":null,"state_name":null,"country_id":null},{"active":false,"Giataid":"982439","cityId":null,"cityName":"Tofo","hotelId":20414584,"hotelName":"Tilak Lodge","address":"Beach Road,1001 Praia De Tofo,Mozambique","phones":"","fax":"","email":"","url":"","countryIso2":"MZ","countryName":"Mozambique","hotelRating":"1","latitude":"-23.8526","longitude":"35.5453","state_id":null,"state_name":null,"country_id":null},{"active":false,"Giataid":"977737","cityId":null,"cityName":"Ponta do Ouro","hotelId":20414587,"hotelName":"Paraiso Do Ouro Resort","address":"Stand Beach Road 384,1600 Ponta do Ouro,Mozambique","phones":"+258840106196","fax":"","email":"res@paraiso.co.za","url":"http://www.paraisodoouro.com","countryIso2":"MZ","countryName":"Mozambique","hotelRating":"1","latitude":"-26.813","longitude":"32.8868","state_id":null,"state_name":null,"country_id":null},{"active":false,"Giataid":"955064","cityId":null,"cityName":"Ponta do Ouro","hotelId":20414588,"hotelName":"ScubaAddicts Dive Lodge","address":"Ponta Do Ouro,Mozambique","phones":"","fax":"","email":"info@scubaaddicts.com","url":"http://www.scubaaddicts.com/scuba-diving-ponta-do-ouro-mozambique.html","countryIso2":"MZ","countryName":"Mozambique","hotelRating":"1","latitude":"-26.813","longitude":"32.8868","state_id":null,"state_name":null,"country_id":null}]