[{"active":false,"Giataid":"27642","cityId":66568,"cityName":"Maseru","hotelId":27642,"hotelName":"AVANI Lesotho Hotel & Casino","address":"Hilton Road,Private Bag A68,Maseru 100,Lesotho","phones":"+26622243000","fax":"+26622310104","email":"lesothosun@za.suninternational.com","url":"http://www.suninternational.com/Destinations/Casinos/LesothoMountainKingdom/Pages/default.aspx","countryIso2":"LS","countryName":"Lesotho","hotelRating":"4","latitude":"-29.3185","longitude":"27.4883","state_id":3028,"state_name":"Maseru District","country_id":122},{"active":false,"Giataid":"322649","cityId":66568,"cityName":"Maseru","hotelId":322649,"hotelName":"Trading Post","address":"","phones":"","fax":"","email":"","url":"","countryIso2":"LS","countryName":"Lesotho","hotelRating":"1","latitude":"-29.3242","longitude":"27.5204","state_id":3028,"state_name":"Maseru District","country_id":122},{"active":false,"Giataid":"525230","cityId":8951,"cityName":"Nazareth","hotelId":525230,"hotelName":"Molengoane Lodge","address":"Ha Molengoane Village,Roma,Nazareth,Maseru,Lesotho","phones":"+26622347766","fax":"+26622347766","email":"molengoanel@gmail.com","url":"http://www.molengoanelodge.com","countryIso2":"LS","countryName":"Lesotho","hotelRating":"3","latitude":"-29.4041","longitude":"27.783","state_id":1373,"state_name":"Flanders","country_id":22},{"active":false,"Giataid":"837343","cityId":66568,"cityName":"Maseru","hotelId":837343,"hotelName":"Foothills Guesthouse","address":"121 Maluti Road,Maseru West,PO Box 0368,Maseru,Lesotho","phones":"","fax":"","email":"info@foothills.co.ls","url":"http://www.foothills.co.ls","countryIso2":"LS","countryName":"Lesotho","hotelRating":"1","latitude":"-29.3242","longitude":"27.5204","state_id":3028,"state_name":"Maseru District","country_id":122},{"active":false,"Giataid":"837354","cityId":66568,"cityName":"Maseru","hotelId":837354,"hotelName":"Harmony Bed & Breakfast","address":"Thetsane West,Maseru,Lesotho","phones":"","fax":"","email":"","url":"","countryIso2":"LS","countryName":"Lesotho","hotelRating":"1","latitude":"-29.3242","longitude":"27.5204","state_id":3028,"state_name":"Maseru District","country_id":122},{"active":false,"Giataid":"849427","cityId":66568,"cityName":"Maseru","hotelId":849427,"hotelName":"Tribute Guest House Matala","address":"Main South 1 Road,Maseru 100,Lesotho","phones":"","fax":"","email":"","url":"","countryIso2":"LS","countryName":"Lesotho","hotelRating":"1","latitude":"-29.3242","longitude":"27.5204","state_id":3028,"state_name":"Maseru District","country_id":122},{"active":false,"Giataid":"598275","cityId":66568,"cityName":"Maseru","hotelId":10107187,"hotelName":"Seilatsatsi B&b","address":"P.O BOX 7497,Ha Mabote,Main North 1 Road,Maseru,Lesotho","phones":"+26628332317","fax":"NULL","email":"NULL","url":"NULL","countryIso2":"LS","countryName":"Lesotho","hotelRating":"2","latitude":"-29.2917","longitude":"27.5286","state_id":3028,"state_name":"Maseru District","country_id":122},{"active":false,"Giataid":"507354","cityId":66568,"cityName":"Maseru","hotelId":10113524,"hotelName":"Botleng Guest House","address":"Ha Makhoathi,Maseru,Lesotho","phones":"+26662004000","fax":"NULL","email":"NULL","url":"NULL","countryIso2":"LS","countryName":"Lesotho","hotelRating":"3","latitude":"-29.3552","longitude":"27.5912","state_id":3028,"state_name":"Maseru District","country_id":122},{"active":false,"Giataid":"299554","cityId":16790,"cityName":"Oxbow","hotelId":20000665,"hotelName":"New Oxbow Lodge","address":"Oxbow,Lesotho,Lesotho","phones":"+26627519332247","fax":"+26627519332247","email":"oxbowski@kingsley.co.za","url":"http://www.oxbow.co.za/","countryIso2":"LS","countryName":"Lesotho","hotelRating":"0","latitude":"-28.7713","longitude":"28.6399","state_id":870,"state_name":"Saskatchewan","country_id":39},{"active":false,"Giataid":"725601","cityId":66568,"cityName":"Maseru","hotelId":20000783,"hotelName":"Kick4Life Hotel & Conference Centre","address":"1 Nightingale Road,Old Europa,Maseru,Lesotho","phones":"+26628320707","fax":"","email":"bookings@kick4life.org","url":"http://www.kick4life.org/k4l-centre/hotel-conference-centre/","countryIso2":"LS","countryName":"Lesotho","hotelRating":"3","latitude":"-29.321","longitude":"27.4862","state_id":3028,"state_name":"Maseru District","country_id":122},{"active":false,"Giataid":"517116","cityId":66568,"cityName":"Maseru","hotelId":20000843,"hotelName":"Scenery Guesthouse Stadium","address":"Maseru East,(behind Setsoto Stadium),Maseru,Lesotho","phones":"+26628316744","fax":"+26622264389","email":"bookings@scenery.co.ls","url":"http://www.scenery.co.ls/","countryIso2":"LS","countryName":"Lesotho","hotelRating":"3","latitude":"-29.3083","longitude":"27.5021","state_id":3028,"state_name":"Maseru District","country_id":122},{"active":false,"Giataid":"596958","cityId":66568,"cityName":"Maseru","hotelId":20000884,"hotelName":"Phokeng Gardens Bed and Breakfast","address":"15 Linankeng Street,Maseru East,PO Box 1300,Maseru 100,Lesotho","phones":"+26622311925","fax":"","email":"phokeng.bandb@gmail.com","url":"http://www.phokeng.co.ls","countryIso2":"LS","countryName":"Lesotho","hotelRating":"3","latitude":"-29.3068","longitude":"27.5072","state_id":3028,"state_name":"Maseru District","country_id":122},{"active":false,"Giataid":"682317","cityId":66568,"cityName":"Maseru","hotelId":20001171,"hotelName":"J and E Cyaara Guest House","address":"Cathedral Area near Lesotho College of Education(NTTC),Manthabiseng Convention Centre,PO Box 9753,Maseru 100,Lesotho,Lesotho","phones":"+26622315271","fax":"","email":"cyaarainfor@gmail.com","url":"http://www.cyaara.com","countryIso2":"LS","countryName":"Lesotho","hotelRating":"2","latitude":"-29.3227","longitude":"27.5013","state_id":3028,"state_name":"Maseru District","country_id":122},{"active":false,"Giataid":"681958","cityId":66568,"cityName":"Maseru","hotelId":20001323,"hotelName":"The Palace Hotel","address":"Thabana Ts'ooana,Berea Hills,Berea Teyateyaneng,Maseru,Lesotho","phones":"+26622331449","fax":"","email":"thepalacehotel77@gmail.com","url":"http://www.palacehotellesotho.com","countryIso2":"LS","countryName":"Lesotho","hotelRating":"3","latitude":"-29.3242","longitude":"27.5204","state_id":3028,"state_name":"Maseru District","country_id":122},{"active":false,"Giataid":"726059","cityId":66568,"cityName":"Maseru","hotelId":20001530,"hotelName":"Thaba Bosiu Cultural Village","address":"PO Box 7,Thaba-Bosiu,Maseru,Lesotho","phones":"+26650221962","fax":"","email":"info@thevillage.co.ls","url":"https://thevillage.co.ls","countryIso2":"LS","countryName":"Lesotho","hotelRating":"3","latitude":"-29.3242","longitude":"27.5204","state_id":3028,"state_name":"Maseru District","country_id":122},{"active":false,"Giataid":"724023","cityId":66568,"cityName":"Maseru","hotelId":20001720,"hotelName":"Reitumetse Guesthouse","address":"426 Matlaka,St New Europa,Hillsview,Maseru,Lesotho","phones":"+26622323176","fax":"","email":"reitumetseguesthouse@stellar.co.ls","url":"http://www.reitumetseguesthouse.co.ls","countryIso2":"LS","countryName":"Lesotho","hotelRating":"2","latitude":"-29.3235","longitude":"27.4764","state_id":3028,"state_name":"Maseru District","country_id":122},{"active":false,"Giataid":"622764","cityId":66568,"cityName":"Maseru","hotelId":20002205,"hotelName":"Mpilo Boutique Hotel","address":"Corner Kingsway and Maluti Road,Maseru West,Lesotho","phones":"+26652203000","fax":"+26622270013","email":"info@mpilohotel.co.ls","url":"http://www.mpilohotel.co.ls/","countryIso2":"LS","countryName":"Lesotho","hotelRating":"4","latitude":"-29.3074","longitude":"27.4727","state_id":3028,"state_name":"Maseru District","country_id":122},{"active":false,"Giataid":"492116","cityId":66568,"cityName":"Maseru","hotelId":20002632,"hotelName":"Scenery Guesthouse Maqalika","address":"Maseru East,Maseru,Lesotho","phones":"+26628316744","fax":"","email":"bookings@scenery.co.ls","url":"http://www.scenery.co.ls/","countryIso2":"LS","countryName":"Lesotho","hotelRating":"3","latitude":"-29.3089","longitude":"27.5079","state_id":3028,"state_name":"Maseru District","country_id":122},{"active":false,"Giataid":"596961","cityId":66568,"cityName":"Maseru","hotelId":20003069,"hotelName":"Tribute Guest House","address":"Corner kingsway & Kofi Annan,Maseru,Lesotho","phones":"+26622325356","fax":"+26622325355","email":"info@tributelesotho.com","url":"http://www.tributelesotho.com","countryIso2":"LS","countryName":"Lesotho","hotelRating":"3","latitude":"-29.3735","longitude":"27.5477","state_id":3028,"state_name":"Maseru District","country_id":122},{"active":false,"Giataid":"940701","cityId":66564,"cityName":"Butha-Buthe","hotelId":20349301,"hotelName":"Afriski Mountain Resort Lesotho","address":"Mahlasela Pass,Butha-Buthe 001,Lesotho","phones":"","fax":"","email":"","url":"","countryIso2":"LS","countryName":"Lesotho","hotelRating":"0","latitude":"-28.7535","longitude":"28.257","state_id":3029,"state_name":"Butha-Buthe District","country_id":122},{"active":false,"Giataid":"905175","cityId":66568,"cityName":"Maseru","hotelId":20349302,"hotelName":"Horizon View Guesthouse","address":"Mabote,Maseru 100,Lesotho","phones":"","fax":"","email":"","url":"","countryIso2":"LS","countryName":"Lesotho","hotelRating":"0","latitude":"-29.3242","longitude":"27.5204","state_id":3028,"state_name":"Maseru District","country_id":122},{"active":false,"Giataid":"596962","cityId":66564,"cityName":"Butha-Buthe","hotelId":20349304,"hotelName":"Motlejoa Guest House - Hostel","address":"Likileng Main Road,Next To The King's Podium Or Soccer field,Butha-Buthe 400,Lesotho","phones":"","fax":"","email":"","url":"","countryIso2":"LS","countryName":"Lesotho","hotelRating":"2","latitude":"-28.7569","longitude":"28.2538","state_id":3029,"state_name":"Butha-Buthe District","country_id":122},{"active":false,"Giataid":"868846","cityId":66568,"cityName":"Maseru","hotelId":20349306,"hotelName":"San Antonio","address":"21 Orpen Road,Princess Margaret Road,Maseru 100,Lesotho","phones":"","fax":"","email":"","url":"","countryIso2":"LS","countryName":"Lesotho","hotelRating":"0","latitude":"-29.3242","longitude":"27.5204","state_id":3028,"state_name":"Maseru District","country_id":122},{"active":false,"Giataid":"897125","cityId":66568,"cityName":"Maseru","hotelId":20349314,"hotelName":"Noble Hearts Bed and Breakfast","address":"Taung Road,Maseru,Lesotho","phones":"","fax":"","email":"","url":"","countryIso2":"LS","countryName":"Lesotho","hotelRating":"0","latitude":"-29.3242","longitude":"27.5204","state_id":3028,"state_name":"Maseru District","country_id":122},{"active":false,"Giataid":"905155","cityId":66568,"cityName":"Maseru","hotelId":20349317,"hotelName":"The Clan Guest House","address":"Naledi Centre,Maseru,Lesotho,Lesotho","phones":"+26622332008","fax":"","email":"info@theclanguesthouse.com","url":"http://www.theclanguesthouse.com/","countryIso2":"LS","countryName":"Lesotho","hotelRating":"0","latitude":"-29.3242","longitude":"27.5204","state_id":3028,"state_name":"Maseru District","country_id":122},{"active":false,"Giataid":"837369","cityId":66564,"cityName":"Butha-Buthe","hotelId":20349308,"hotelName":"Nala Bed & Breakfast","address":"A1 Leribe,Matlakeng 1,Buthe-Buthe,Lesotho","phones":"","fax":"","email":"","url":"","countryIso2":"LS","countryName":"Lesotho","hotelRating":"0","latitude":"-28.7535","longitude":"28.257","state_id":3029,"state_name":"Butha-Buthe District","country_id":122},{"active":false,"Giataid":"889675","cityId":66568,"cityName":"Maseru","hotelId":20349309,"hotelName":"Rio Guest House","address":"Main South 1 Road,Ha Thamae,Maseru,Lesotho","phones":"","fax":"","email":"","url":"","countryIso2":"LS","countryName":"Lesotho","hotelRating":"0","latitude":"-29.3242","longitude":"27.5204","state_id":3028,"state_name":"Maseru District","country_id":122},{"active":false,"Giataid":"686207","cityId":66564,"cityName":"Butha-Buthe","hotelId":20349318,"hotelName":"Kabelo Bed & Breakfast","address":"Phahameng Baroeng,PO Box 303,400 Butha-Buthe,Lesotho","phones":"","fax":"","email":"","url":"","countryIso2":"LS","countryName":"Lesotho","hotelRating":"2","latitude":"-28.75","longitude":"28.2602","state_id":3029,"state_name":"Butha-Buthe District","country_id":122},{"active":false,"Giataid":"871325","cityId":66568,"cityName":"Maseru","hotelId":20349320,"hotelName":"Florida Bed & Breakfast Solutionz","address":"Next To Jehovas Witnesses Hoohlo,577,100 Maseru,Lesotho","phones":"","fax":"","email":"","url":"","countryIso2":"LS","countryName":"Lesotho","hotelRating":"0","latitude":"-29.3242","longitude":"27.5204","state_id":3028,"state_name":"Maseru District","country_id":122},{"active":false,"Giataid":"990853","cityId":66564,"cityName":"Butha-Buthe","hotelId":20436562,"hotelName":"Moroeroe Lodge","address":"Botha Bothe 400,Phahameng,Butha-Buthe 303,Lesotho","phones":"","fax":"","email":"","url":"","countryIso2":"LS","countryName":"Lesotho","hotelRating":"1","latitude":"-28.7535","longitude":"28.257","state_id":3029,"state_name":"Butha-Buthe District","country_id":122}]