[{"active":false,"Giataid":"144047","cityId":null,"cityName":"Sol de Ma?ana","hotelId":144047,"hotelName":"Hotel Tayka del Desierto","address":"Desierto de Siloli - Ojo de Perdiz,Sol de Ma?ana,Potosi,Bolivia","phones":"+59126932987","fax":"","email":"","url":"","countryIso2":"BO","countryName":"Bolivia","hotelRating":"1","latitude":"-19.3384","longitude":"-65.9152","state_id":null,"state_name":null,"country_id":null},{"active":false,"Giataid":"232849","cityId":null,"cityName":"Urmiri (Oruro)","hotelId":232849,"hotelName":"Gloria Urmiri","address":"Localidad de Urmiri,A 2 horas y media de la Ciudad de La Paz,Urmiri,La Paz,Bolivia","phones":"+59122407070","fax":"+59122406622","email":"reservas@hotelgloria.com.bo","url":"http://www.hotelgloria.com.bo/urmiri.html","countryIso2":"BO","countryName":"Bolivia","hotelRating":"3","latitude":"-18.3932","longitude":"-66.9781","state_id":null,"state_name":null,"country_id":null},{"active":false,"Giataid":"477936","cityId":null,"cityName":"Villa Tunari","hotelId":477936,"hotelName":"Hotel de Selva El Puente","address":"4 km. de Villa Tunari,Cochabamba,Bolivia","phones":"","fax":"","email":"","url":"","countryIso2":"BO","countryName":"Bolivia","hotelRating":"3","latitude":"-16.9763","longitude":"-65.4234","state_id":null,"state_name":null,"country_id":null},{"active":false,"Giataid":"478680","cityId":null,"cityName":"San Jos? de Chiquitos","hotelId":478680,"hotelName":"La Villa Chiquitana","address":"","phones":"","fax":"","email":"","url":"","countryIso2":"BO","countryName":"Bolivia","hotelRating":"1","latitude":"-17.846","longitude":"-60.7387","state_id":null,"state_name":null,"country_id":null},{"active":false,"Giataid":"481449","cityId":null,"cityName":"Torotoro","hotelId":481449,"hotelName":"Palacio Asteria","address":"Calle Guadalupe esquina Calle del Olvido,Torotoro,Bolivia","phones":"","fax":"","email":"","url":"","countryIso2":"BO","countryName":"Bolivia","hotelRating":"1","latitude":"-18.1352","longitude":"-65.763","state_id":null,"state_name":null,"country_id":null},{"active":false,"Giataid":"485191","cityId":null,"cityName":"Chaunaca","hotelId":485191,"hotelName":"Hotel Samay Huasy Sucre","address":"Chaunaca (Camino a Potolo), Sucre,Bolivia","phones":"","fax":"","email":"","url":"","countryIso2":"BO","countryName":"Bolivia","hotelRating":"1","latitude":"-18.9905","longitude":"-65.3976","state_id":null,"state_name":null,"country_id":null},{"active":false,"Giataid":"485223","cityId":null,"cityName":"San Jos? de Chiquitos","hotelId":485223,"hotelName":"La Casona Chiquitana","address":"c. ?uflo de Ch?vez, a 120 metros de la Plaza Principal de San Jos? de Chiquitos - Santa Cruz,Bolivia","phones":"+59139722285","fax":"","email":"lacasonachiquitana@gmail.com","url":"http://www.lacasonachiquitana.com/","countryIso2":"BO","countryName":"Bolivia","hotelRating":"1","latitude":"-17.8348","longitude":"-60.7505","state_id":null,"state_name":null,"country_id":null},{"active":false,"Giataid":"566132","cityId":null,"cityName":"Concepci?n","hotelId":566132,"hotelName":"Cabanas Los Aventureros","address":"","phones":"","fax":"","email":"","url":"","countryIso2":"BO","countryName":"Bolivia","hotelRating":"1","latitude":"0","longitude":"0","state_id":null,"state_name":null,"country_id":null},{"active":false,"Giataid":"566141","cityId":null,"cityName":"Yotala","hotelId":566141,"hotelName":"Cabana El Rosedal","address":"Las Retamas 13,Yotala,Sucre,Bolivia","phones":"+59171161223","fax":"","email":"","url":"","countryIso2":"BO","countryName":"Bolivia","hotelRating":"1","latitude":"-19.159","longitude":"-65.2392","state_id":null,"state_name":null,"country_id":null},{"active":false,"Giataid":"566209","cityId":null,"cityName":"Urmiri (Oruro)","hotelId":566209,"hotelName":"Hotel Gran Sucre","address":"","phones":"","fax":"","email":"","url":"","countryIso2":"BO","countryName":"Bolivia","hotelRating":"1","latitude":"-17.9687","longitude":"-67.1165","state_id":null,"state_name":null,"country_id":null},{"active":false,"Giataid":"477741","cityId":null,"cityName":"Villa Tunari","hotelId":567101,"hotelName":"Hotel Victoria","address":"Km 156 Carretera,Cochabamba,Villa Tunari,Santa Cruz,Bolivia","phones":"+59144487303","fax":"+59144487303","email":"hvr@victoria-resort.com","url":"http://www.victoria-resort.com/","countryIso2":"BO","countryName":"Bolivia","hotelRating":"1","latitude":"-16.9895","longitude":"-65.4298","state_id":null,"state_name":null,"country_id":null},{"active":false,"Giataid":"477741","cityId":null,"cityName":"Villa Tunari","hotelId":567101,"hotelName":"Hotel Victoria","address":"Km 156 Carretera,Cochabamba,Villa Tunari,Santa Cruz,Bolivia","phones":"+59144487303","fax":"+59144487303","email":"hvr@victoria-resort.com","url":"http://www.victoria-resort.com/","countryIso2":"BO","countryName":"Bolivia","hotelRating":"1","latitude":"-16.9895","longitude":"-65.4298","state_id":null,"state_name":null,"country_id":null},{"active":false,"Giataid":"614546","cityId":null,"cityName":"Villa Abecia","hotelId":614546,"hotelName":"Hotel Parador Vina de Pereira","address":"Valle de Cinti,Villa Abecia,Bolivia","phones":"","fax":"","email":"","url":"","countryIso2":"BO","countryName":"Bolivia","hotelRating":"1","latitude":"0","longitude":"0","state_id":null,"state_name":null,"country_id":null},{"active":false,"Giataid":"693814","cityId":null,"cityName":"San Jos? de Chiquitos","hotelId":693814,"hotelName":"El Suto Aparthotel","address":"Avenida El Suto Barrio Santa Maria,Ref 2 Estatuas Blancas,San Jose de Chiquitos 4876,Bolivia","phones":"+59139722267","fax":"","email":"desk@elsuto-aparthotel.net","url":"http://www.elsuto-aparthotel.net/","countryIso2":"BO","countryName":"Bolivia","hotelRating":"1","latitude":"-17.8404","longitude":"-60.7446","state_id":null,"state_name":null,"country_id":null},{"active":false,"Giataid":"693833","cityId":null,"cityName":"Torotoro","hotelId":693833,"hotelName":"Hostal Wilma","address":"Interseccion Calles Montes y Potosi s/n,Torotoro,Charcas,Bolivia","phones":"","fax":"","email":"ramiro_callejas@yahoo.com","url":"http://www.hostalwilma.com/","countryIso2":"BO","countryName":"Bolivia","hotelRating":"1","latitude":"-18.1346","longitude":"-65.7626","state_id":null,"state_name":null,"country_id":null},{"active":false,"Giataid":"731254","cityId":null,"cityName":"Colcha K","hotelId":731254,"hotelName":"Hotel De Sal Samarikuna","address":"Community Villa Candelaria,Colcha K,Potosi,Bolivia","phones":"","fax":"","email":"","url":"","countryIso2":"BO","countryName":"Bolivia","hotelRating":"1","latitude":"-19.5876","longitude":"-65.7536","state_id":null,"state_name":null,"country_id":null},{"active":false,"Giataid":"766958","cityId":null,"cityName":"Torotoro","hotelId":766958,"hotelName":"Hostal Eden","address":"Calle Saenz,Torotoro,Bolivia","phones":"","fax":"","email":"","url":"","countryIso2":"BO","countryName":"Bolivia","hotelRating":"1","latitude":"-18.1346","longitude":"-65.7626","state_id":null,"state_name":null,"country_id":null},{"active":false,"Giataid":"766981","cityId":null,"cityName":"Torotoro","hotelId":766981,"hotelName":"Cabanas Umajalanta","address":"Comunidad De Huayra Kasa,Torotoro,Bolivia","phones":"","fax":"","email":"","url":"","countryIso2":"BO","countryName":"Bolivia","hotelRating":"1","latitude":"-18.1346","longitude":"-65.7626","state_id":null,"state_name":null,"country_id":null},{"active":false,"Giataid":"767754","cityId":null,"cityName":"Urmiri (Oruro)","hotelId":767754,"hotelName":"Hotel Hidalgo","address":"6 De Octubre 1616,Oruro,Bolivia","phones":"","fax":"","email":"","url":"http://hotelhidalgooruro.club","countryIso2":"BO","countryName":"Bolivia","hotelRating":"1","latitude":"-17.9687","longitude":"-67.1165","state_id":null,"state_name":null,"country_id":null},{"active":false,"Giataid":"770281","cityId":null,"cityName":"Urmiri (Oruro)","hotelId":770281,"hotelName":"Hotel Beirut Oruro","address":"Avenida 6 De Agosto,Entre Aroma Y Rodriguez,Oruro,Bolivia","phones":"","fax":"","email":"","url":"","countryIso2":"BO","countryName":"Bolivia","hotelRating":"1","latitude":"-17.9687","longitude":"-67.1165","state_id":null,"state_name":null,"country_id":null},{"active":false,"Giataid":"771101","cityId":null,"cityName":"Chaunaca","hotelId":771101,"hotelName":"Hostal Samary Wasi","address":"Ruta a Los Albergues,Maragua Crater,Estancia Chaunaca,Bolivia","phones":"","fax":"","email":"","url":"","countryIso2":"BO","countryName":"Bolivia","hotelRating":"1","latitude":"0","longitude":"0","state_id":null,"state_name":null,"country_id":null},{"active":false,"Giataid":"804959","cityId":null,"cityName":"San Jos? de Chiquitos","hotelId":804959,"hotelName":"Hotel La Casa De Mama","address":"Avenida Padre Hubert Fleig,Principal De Santa Cruz,5120 San Jos? De Chiquitos,Bolivia","phones":"","fax":"","email":"","url":"","countryIso2":"BO","countryName":"Bolivia","hotelRating":"1","latitude":"-17.8404","longitude":"-60.7446","state_id":null,"state_name":null,"country_id":null},{"active":false,"Giataid":"477906","cityId":null,"cityName":"Mosoj Llajta","hotelId":10061228,"hotelName":"Sky Hacienda Hotel","address":"Mosoj Llajta,19kms south from Sucre City,Bolivia","phones":"+5915759146430045","fax":"","email":"","url":"","countryIso2":"BO","countryName":"Bolivia","hotelRating":"3","latitude":"-19.1576","longitude":"-65.2333","state_id":null,"state_name":null,"country_id":null},{"active":false,"Giataid":"446734","cityId":null,"cityName":"Isla del Sol","hotelId":20001594,"hotelName":"Casa De La Luna","address":"Comunidad Yumani,Isla Del Sol,Lado Sur 9999,Bolivia","phones":"","fax":"","email":"","url":"","countryIso2":"BO","countryName":"Bolivia","hotelRating":"0","latitude":"-16.0372","longitude":"-69.1471","state_id":null,"state_name":null,"country_id":null},{"active":false,"Giataid":"566203","cityId":null,"cityName":"Isla del Sol","hotelId":20001760,"hotelName":"Willka Kuti Hostal - Lado Norte Isla Del Sol","address":"Isla del Sol lado Norte,Comunidad Challapampa,Isla del Sol,Bolivia","phones":"+59168139118","fax":"","email":"willkakutihostal@gmail.com","url":"http://willkakutihostal-isladelsol-ladonorte.blogspot.de/2014/10/willka-kuti-hostal-en-la-isla-del-sol.html","countryIso2":"BO","countryName":"Bolivia","hotelRating":"0","latitude":"-15.997","longitude":"-69.1846","state_id":null,"state_name":null,"country_id":null},{"active":false,"Giataid":"144045","cityId":null,"cityName":"San Pedro de Quemes","hotelId":20004315,"hotelName":"Tayka De Piedra","address":"San Pedro de Quemes,Salar de Uyuni,Bolivia","phones":"","fax":"","email":"","url":"http://taykahoteles.com/hotel-de-piedra/","countryIso2":"BO","countryName":"Bolivia","hotelRating":"0","latitude":"-20.747","longitude":"-68.0503","state_id":null,"state_name":null,"country_id":null},{"active":false,"Giataid":"446271","cityId":null,"cityName":"Isla del Sol","hotelId":20005940,"hotelName":"Hotel Imperio del Sol","address":"Parte Sur Isla del Sol,9999  Comunidad Yumani,Bolivia","phones":"+59173591952","fax":"","email":"hotelimperiodelsol@gmail.com","url":"http://www.imperiodelsolhotel.com","countryIso2":"BO","countryName":"Bolivia","hotelRating":"3","latitude":"-16.0366","longitude":"-69.1479","state_id":null,"state_name":null,"country_id":null},{"active":false,"Giataid":"566207","cityId":null,"cityName":"Isla del Sol","hotelId":20010260,"hotelName":"Hostal Jacha Inti","address":"Comunidad Yumani,Lado Sur de la Isla Del Sol,Isla del Sol,Bolivia","phones":"+59171260622","fax":"","email":"hostaljachainti1@gmail.com","url":"http://hostaljachainti-isladelsol.blogspot.de/","countryIso2":"BO","countryName":"Bolivia","hotelRating":"0","latitude":"-16.04","longitude":"-69.1444","state_id":null,"state_name":null,"country_id":null},{"active":false,"Giataid":"480463","cityId":null,"cityName":"Villa Tunari","hotelId":20015199,"hotelName":"Los Tucanes","address":"Carretera Cochabamba - Santa Cruz km 163,Villa Tunari,Bolivia","phones":"+59144136506","fax":"+591471478753","email":"contacto@lostucaneshotel.com","url":"http://www.lostucaneshotel.com/","countryIso2":"BO","countryName":"Bolivia","hotelRating":"0","latitude":"-16.9729","longitude":"-65.3963","state_id":null,"state_name":null,"country_id":null},{"active":false,"Giataid":"443391","cityId":null,"cityName":"Urmiri (Oruro)","hotelId":20017855,"hotelName":"Hotel Virgen Del Socavon","address":"Junin 1179,Oruro 8920,Bolivia","phones":"","fax":"","email":"","url":"","countryIso2":"BO","countryName":"Bolivia","hotelRating":"3","latitude":"-17.9672","longitude":"-67.1177","state_id":null,"state_name":null,"country_id":null},{"active":false,"Giataid":"549386","cityId":null,"cityName":"Las Barreras","hotelId":20021045,"hotelName":"Terramia Resort","address":"Carretera Santa Cruz - Cochabamba km 38,Entre Warnes y Montero,Las Barreras 0701,Santa Cruz,Bolivia","phones":"+59133888111","fax":"","email":"ventas@terramiaresort.com","url":"http://terramiaresort.com/","countryIso2":"BO","countryName":"Bolivia","hotelRating":"4","latitude":"-17.78","longitude":"-63.1891","state_id":null,"state_name":null,"country_id":null},{"active":false,"Giataid":"549386","cityId":null,"cityName":"Las Barreras","hotelId":20021045,"hotelName":"Terramia Resort","address":"Carretera Santa Cruz - Cochabamba km 38,Entre Warnes y Montero,Las Barreras 0701,Santa Cruz,Bolivia","phones":"+59133888111","fax":"","email":"ventas@terramiaresort.com","url":"http://terramiaresort.com/","countryIso2":"BO","countryName":"Bolivia","hotelRating":"4","latitude":"-17.78","longitude":"-63.1891","state_id":null,"state_name":null,"country_id":null},{"active":false,"Giataid":"477741","cityId":null,"cityName":"Villa Tunari","hotelId":20021462,"hotelName":"Hotel Victoria Resort","address":"Km 156 Carretera,Cochabamba,Villa Tunari,Santa Cruz,Bolivia","phones":"+59144136538","fax":"","email":"","url":"http://www.victoria-resort.com/","countryIso2":"BO","countryName":"Bolivia","hotelRating":"4","latitude":"-17.002","longitude":"-65.4369","state_id":null,"state_name":null,"country_id":null},{"active":false,"Giataid":"477741","cityId":null,"cityName":"Villa Tunari","hotelId":20021462,"hotelName":"Hotel Victoria Resort","address":"Km 156 Carretera,Cochabamba,Villa Tunari,Santa Cruz,Bolivia","phones":"+59144136538","fax":"","email":"","url":"http://www.victoria-resort.com/","countryIso2":"BO","countryName":"Bolivia","hotelRating":"4","latitude":"-17.002","longitude":"-65.4369","state_id":null,"state_name":null,"country_id":null},{"active":false,"Giataid":"485859","cityId":null,"cityName":"Urmiri (Oruro)","hotelId":20023497,"hotelName":"Hotel Houston Oruro","address":"Avenida 6,de Octubre N?6144,9999 Oruro,Bolivia","phones":"","fax":"","email":"","url":"","countryIso2":"BO","countryName":"Bolivia","hotelRating":"3","latitude":"-17.9709","longitude":"-67.1128","state_id":null,"state_name":null,"country_id":null},{"active":false,"Giataid":"480463","cityId":null,"cityName":"Villa Tunari","hotelId":20026939,"hotelName":"Los Tucanes","address":"Carretera Cochabamba - Santa Cruz km 163,Villa Tunari,Bolivia","phones":"+59144136506","fax":"+59144136506","email":"","url":"http://www.lostucaneshotel.com/","countryIso2":"BO","countryName":"Bolivia","hotelRating":"0","latitude":"-17.78","longitude":"-63.1891","state_id":null,"state_name":null,"country_id":null},{"active":false,"Giataid":"92352","cityId":null,"cityName":"Isla del Sol","hotelId":20027110,"hotelName":"Ecolodge La Estancia","address":"Comunidad Yumani,Isla del Sol,Lago Titicaca,Bolivia","phones":"+59122442727","fax":"","email":"info@ecolodge-laketiticaca.com","url":"http://www.ecolodge-laketiticaca.com/home","countryIso2":"BO","countryName":"Bolivia","hotelRating":"3","latitude":"-16.0291","longitude":"-69.1499","state_id":null,"state_name":null,"country_id":null},{"active":false,"Giataid":"529471","cityId":null,"cityName":"Isla del Sol","hotelId":20027653,"hotelName":"Hostal del Sol","address":"Yumani - Parte Sur (Camino al Mirador),Isla del Sol,Bolivia","phones":"","fax":"","email":"","url":"","countryIso2":"BO","countryName":"Bolivia","hotelRating":"0","latitude":"-16.0354","longitude":"-69.1489","state_id":null,"state_name":null,"country_id":null},{"active":false,"Giataid":"144045","cityId":null,"cityName":"San Pedro de Quemes","hotelId":20027784,"hotelName":"Hotel Tayka De Piedra","address":"San Pedro de Quemes,Salar de Uyuni,Bolivia","phones":"","fax":"","email":"","url":"","countryIso2":"BO","countryName":"Bolivia","hotelRating":"0","latitude":"-20.7475","longitude":"-68.0528","state_id":null,"state_name":null,"country_id":null},{"active":false,"Giataid":"92345","cityId":null,"cityName":"Puerto Perez","hotelId":20027869,"hotelName":"Hotel Resort Las Balsas","address":"Plaza Principal,Puerto Perez,Bolivia","phones":"+5912906178","fax":"","email":"ventas@lasbalsasresort.com","url":"","countryIso2":"BO","countryName":"Bolivia","hotelRating":"4","latitude":"-12.45","longitude":"-68.5833","state_id":null,"state_name":null,"country_id":null},{"active":false,"Giataid":"144046","cityId":null,"cityName":"Tahua","hotelId":20029219,"hotelName":"Hotel de Sal","address":"Salar de Uyuni,Tahua,Bolivia","phones":"","fax":"","email":"reservas@taykahoteles.com","url":"http://taykahoteles.com/hotel-de-sal","countryIso2":"BO","countryName":"Bolivia","hotelRating":"0","latitude":"-19.8914","longitude":"-67.6985","state_id":null,"state_name":null,"country_id":null},{"active":false,"Giataid":"444091","cityId":null,"cityName":"Urmiri (Oruro)","hotelId":20032236,"hotelName":"Hotel Eden","address":"Calle Bolivar 777,Plaza Principal (Central),Oruro,Cercado,Bolivia","phones":"+5915210671","fax":"+5915210674","email":"info@hoteledenbolivia.com","url":"http://www.hoteledenbolivia.com/","countryIso2":"BO","countryName":"Bolivia","hotelRating":"5","latitude":"-17.9701","longitude":"-67.1152","state_id":null,"state_name":null,"country_id":null},{"active":false,"Giataid":"241543","cityId":null,"cityName":"Madidi National Park","hotelId":20033808,"hotelName":"Chalalan Ecolodge ","address":"Madidi National Park,Bolivia","phones":"","fax":"","email":"","url":"http://www.chalalan.com/","countryIso2":"BO","countryName":"Bolivia","hotelRating":"0","latitude":"-14.438","longitude":"-67.9175","state_id":null,"state_name":null,"country_id":null},{"active":false,"Giataid":"914084","cityId":null,"cityName":"San Jos? de Chiquitos","hotelId":20278292,"hotelName":"Las Churapas Hotel","address":"Avenida Ejercito Final,San Jos? De Chiquitos,Bolivia","phones":"+59175758625","fax":"","email":"","url":"http://hotellaschurapas.negocio.site/","countryIso2":"BO","countryName":"Bolivia","hotelRating":"0","latitude":"-17.8404","longitude":"-60.7446","state_id":null,"state_name":null,"country_id":null},{"active":false,"Giataid":"937709","cityId":null,"cityName":"San Jos? de Chiquitos","hotelId":20278303,"hotelName":"Posada Don David","address":"Calle 2,000 Sin,Cuadras Subiendo Por Mercado Tucabaca,Santiago De Chiquitos 0591,Bolivia","phones":"","fax":"","email":"","url":"","countryIso2":"BO","countryName":"Bolivia","hotelRating":"0","latitude":"-17.8404","longitude":"-60.7446","state_id":null,"state_name":null,"country_id":null},{"active":false,"Giataid":"888159","cityId":null,"cityName":"Isla del Sol","hotelId":20278310,"hotelName":"Refugio Ecologico Kalluchi","address":"Comunidad Yumani,Isla Del Sol 0002,Bolivia","phones":"","fax":"","email":"","url":"","countryIso2":"BO","countryName":"Bolivia","hotelRating":"0","latitude":"-16.0354","longitude":"-69.1489","state_id":null,"state_name":null,"country_id":null},{"active":false,"Giataid":"913296","cityId":null,"cityName":"Concepci?n","hotelId":20278345,"hotelName":"Hotel Las Orquideas","address":"Avenida Principal Ingreso a Concepcion En Pico de Plancha,0591 Concepci?n,Bolivia","phones":"","fax":"","email":"","url":"","countryIso2":"BO","countryName":"Bolivia","hotelRating":"0","latitude":"0","longitude":"0","state_id":null,"state_name":null,"country_id":null},{"active":false,"Giataid":"892106","cityId":null,"cityName":"San Jos? de Chiquitos","hotelId":20278353,"hotelName":"Hotel Misiones de Chiquitos","address":"Acera Norte Frente A Plaza Principal,In front Of The Main Square,San Jose de Chiquitos,Bolivia","phones":"","fax":"","email":"admin@misioneshotels.com","url":"http://www.misioneshotels.com/","countryIso2":"BO","countryName":"Bolivia","hotelRating":"0","latitude":"-17.8404","longitude":"-60.7446","state_id":null,"state_name":null,"country_id":null},{"active":false,"Giataid":"913307","cityId":null,"cityName":"Torotoro","hotelId":20278358,"hotelName":"Hostal Urkupina Hotel","address":"Calle Charcas,Torotoro,Bolivia","phones":"","fax":"","email":"","url":"","countryIso2":"BO","countryName":"Bolivia","hotelRating":"0","latitude":"-18.1346","longitude":"-65.7626","state_id":null,"state_name":null,"country_id":null},{"active":false,"Giataid":"917191","cityId":null,"cityName":"Villa Tunari","hotelId":20278361,"hotelName":"Hotel De Selva Noni","address":"Avenida General Roman,Noni Nueva Esperanza,Villa Tunari,Bolivia","phones":"","fax":"","email":"","url":"","countryIso2":"BO","countryName":"Bolivia","hotelRating":"0","latitude":"-16.9745","longitude":"-65.4098","state_id":null,"state_name":null,"country_id":null},{"active":false,"Giataid":"914230","cityId":null,"cityName":"Urmiri (Oruro)","hotelId":20278366,"hotelName":"Regal Hotel","address":"Calle Bolivar 399,Potosi Y Pagador,Oruro,Bolivia","phones":"","fax":"","email":"","url":"","countryIso2":"BO","countryName":"Bolivia","hotelRating":"0","latitude":"-17.9687","longitude":"-67.1165","state_id":null,"state_name":null,"country_id":null},{"active":false,"Giataid":"921047","cityId":null,"cityName":"Villa Tunari","hotelId":20278368,"hotelName":"Hotel Mirador Villa Tunari","address":"Avenida Integracion Frente Al Parque Machia,Villa Tunari,Bolivia","phones":"","fax":"","email":"","url":"","countryIso2":"BO","countryName":"Bolivia","hotelRating":"0","latitude":"-16.9745","longitude":"-65.4098","state_id":null,"state_name":null,"country_id":null},{"active":false,"Giataid":"925606","cityId":null,"cityName":"Torotoro","hotelId":20278372,"hotelName":"Hotel El Molino","address":"Toro Toro National Park,Toro Toro,Charcas,Potosi Department,Bolivia","phones":"+59144243633","fax":"","email":"rpard004@gmail.com","url":"http://www.elmolinotorotoro.com","countryIso2":"BO","countryName":"Bolivia","hotelRating":"0","latitude":"-18.1346","longitude":"-65.7626","state_id":null,"state_name":null,"country_id":null},{"active":false,"Giataid":"917362","cityId":null,"cityName":"Villa Tunari","hotelId":20278375,"hotelName":"Hotel Puerto Selva","address":"Carretera Cochabamba Santa Cruz km 160,Villa Tunari 5914,Bolivia","phones":"","fax":"","email":"","url":"","countryIso2":"BO","countryName":"Bolivia","hotelRating":"0","latitude":"-16.9745","longitude":"-65.4098","state_id":null,"state_name":null,"country_id":null},{"active":false,"Giataid":"925587","cityId":null,"cityName":"Isla del Sol","hotelId":20278390,"hotelName":"Hostal Templo Del Sol","address":"Yumani,3929 Isla De Sol,Bolivia","phones":"","fax":"","email":"","url":"","countryIso2":"BO","countryName":"Bolivia","hotelRating":"0","latitude":"-16.0354","longitude":"-69.1489","state_id":null,"state_name":null,"country_id":null},{"active":false,"Giataid":"920931","cityId":null,"cityName":"Urmiri (Oruro)","hotelId":20278424,"hotelName":"The Oruro Inn","address":"Lote 16  Huajara III,Manzano B,Una Cuadra Frente A La Nueva Terminal De Buses Oruro,Oruro,Bolivia","phones":"","fax":"","email":"","url":"","countryIso2":"BO","countryName":"Bolivia","hotelRating":"0","latitude":"-17.9687","longitude":"-67.1165","state_id":null,"state_name":null,"country_id":null},{"active":false,"Giataid":"921176","cityId":null,"cityName":"Villa Abecia","hotelId":20278433,"hotelName":"Cepas De Mi Abuelo","address":"Campero Villa Abecia,Cuatro,Villa Abecia,Bolivia","phones":"","fax":"","email":"","url":"","countryIso2":"BO","countryName":"Bolivia","hotelRating":"0","latitude":"0","longitude":"0","state_id":null,"state_name":null,"country_id":null},{"active":false,"Giataid":"945497","cityId":null,"cityName":"Torotoro","hotelId":20390220,"hotelName":"El Olvido","address":"Calle Arteche y 10 De Noviembre s/n,Torotoro,Bolivia","phones":"","fax":"","email":"","url":"","countryIso2":"BO","countryName":"Bolivia","hotelRating":"1","latitude":"-18.1346","longitude":"-65.7626","state_id":null,"state_name":null,"country_id":null}]