[{"active":false,"Giataid":"27070","cityId":null,"cityName":"Ambergris Caye","hotelId":27070,"hotelName":"Victoria House Resort","address":"22 Coconut Drive,San Pedro,Ambergris Caye,Belize","phones":"+5012262067","fax":"+5012262429","email":"info@victoriahouse.com","url":"http://www.victoria-house.com/","countryIso2":"BZ","countryName":"Belize","hotelRating":"4","latitude":"17.8995","longitude":"-87.9761","state_id":null,"state_name":null,"country_id":null},{"active":false,"Giataid":"27071","cityId":null,"cityName":"Ambergris Caye","hotelId":27071,"hotelName":"Sunbreeze Hotel","address":"P.O. Box: 14,San Pedro,Ambergris Caye,Belize,Belize","phones":"+5012262191","fax":"+5012262346","email":"sunbreezehotel@sunbreeze.net","url":"http://www.sunbreeze.net/","countryIso2":"BZ","countryName":"Belize","hotelRating":"3","latitude":"17.9173","longitude":"-87.9643","state_id":null,"state_name":null,"country_id":null},{"active":false,"Giataid":"138630","cityId":null,"cityName":"Caye Caulker","hotelId":138630,"hotelName":"Anchorage Resort","address":"Beachfront Street Playa Asuncion,Caye Caulker,Belize","phones":"+5012060304","fax":"+5012260391","email":"","url":"","countryIso2":"BZ","countryName":"Belize","hotelRating":"3","latitude":"17.7382","longitude":"-88.0272","state_id":null,"state_name":null,"country_id":null},{"active":false,"Giataid":"138721","cityId":null,"cityName":"Burrell Boom","hotelId":138721,"hotelName":"Black Orchid Resort","address":"2, Dawson Lane,Burrell Boom Village,Belize City,Belize","phones":"+5012259158","fax":"+5012259028","email":"info@blackorchidresort.com","url":"http://blackorchidresort.com","countryIso2":"BZ","countryName":"Belize","hotelRating":"3","latitude":"17.5711","longitude":"-88.3947","state_id":null,"state_name":null,"country_id":null},{"active":false,"Giataid":"139098","cityId":null,"cityName":"Maskall","hotelId":139098,"hotelName":"Maruba Resort Jungle Spa","address":"40.5 Miles Old Northern Highway,Maskall Village,Belize,Belize","phones":"+5017137992031","fax":"","email":"","url":"","countryIso2":"BZ","countryName":"Belize","hotelRating":"3","latitude":"17.8995","longitude":"-88.3291","state_id":null,"state_name":null,"country_id":null},{"active":false,"Giataid":"144030","cityId":null,"cityName":"Caye Caulker","hotelId":144030,"hotelName":"Auxillou Beach Suites","address":"Beachfront,Caye Caulker,Belize,Belize","phones":"+50115012260370","fax":"","email":"","url":"","countryIso2":"BZ","countryName":"Belize","hotelRating":"1","latitude":"17.7427","longitude":"-88.0236","state_id":null,"state_name":null,"country_id":null},{"active":false,"Giataid":"144031","cityId":null,"cityName":"Ambergris Caye","hotelId":144031,"hotelName":"Blue Reef Island Resort","address":"","phones":"","fax":"","email":"","url":"","countryIso2":"BZ","countryName":"Belize","hotelRating":"4","latitude":"17.9521","longitude":"-87.9433","state_id":null,"state_name":null,"country_id":null},{"active":false,"Giataid":"183319","cityId":null,"cityName":"Corozal Town","hotelId":183319,"hotelName":"Las Palmas Hotel","address":"123 5th Avenue,Corozal Town,Belize","phones":"","fax":"","email":"","url":"","countryIso2":"BZ","countryName":"Belize","hotelRating":"2","latitude":"18.3896","longitude":"-88.3891","state_id":null,"state_name":null,"country_id":null},{"active":false,"Giataid":"183323","cityId":null,"cityName":"Ambergris Caye","hotelId":183323,"hotelName":"Costa Blu Dive & Beach Resort","address":"","phones":"","fax":"","email":"","url":"","countryIso2":"BZ","countryName":"Belize","hotelRating":"3","latitude":"17.9521","longitude":"-87.9433","state_id":null,"state_name":null,"country_id":null},{"active":false,"Giataid":"187652","cityId":null,"cityName":"Corozal Town","hotelId":187652,"hotelName":"Casa Blanca By The Sea","address":"","phones":"","fax":"","email":"","url":"","countryIso2":"BZ","countryName":"Belize","hotelRating":"2","latitude":"18.4061","longitude":"-88.3825","state_id":null,"state_name":null,"country_id":null},{"active":false,"Giataid":"249418","cityId":null,"cityName":"Cayo District","hotelId":249418,"hotelName":"Mystic River Resort","address":"Mile 6 Cristo Rey Road,Cayo,Belize","phones":"+5018344100","fax":"","email":"info@MysticRiverBelize.com","url":"http://www.mysticriverbelize.com/contact-us.html","countryIso2":"BZ","countryName":"Belize","hotelRating":"4","latitude":"17.0945","longitude":"-89.0671","state_id":null,"state_name":null,"country_id":null},{"active":false,"Giataid":"249420","cityId":null,"cityName":"Caye Caulker","hotelId":249420,"hotelName":"Caye Caulker Plaza Hotel","address":"Avenida Langosta,Calle Al Sol,Caye Caulker,Belize","phones":"+5012260780","fax":"+5012260781","email":"joanna@cayecaulkerplazahotel.com","url":"https://cayecaulkerplazahotel.com/index.php","countryIso2":"BZ","countryName":"Belize","hotelRating":"2","latitude":"17.7432","longitude":"-88.0251","state_id":null,"state_name":null,"country_id":null},{"active":false,"Giataid":"368746","cityId":null,"cityName":"Ambergris Caye","hotelId":368746,"hotelName":"X'tan Ha - The Waterfront Resort","address":"P.O. Box 1,7.2 Mls. North,Ambergris Caye,San Pedro,Belize","phones":"+501115012264398","fax":"","email":"","url":"","countryIso2":"BZ","countryName":"Belize","hotelRating":"3","latitude":"18.011","longitude":"-87.9102","state_id":null,"state_name":null,"country_id":null},{"active":false,"Giataid":"370196","cityId":null,"cityName":"Cayo District","hotelId":370196,"hotelName":"Caves Branch Adventure Co And Jungle Lod","address":"","phones":"","fax":"","email":"","url":"","countryIso2":"BZ","countryName":"Belize","hotelRating":"3","latitude":"17.176","longitude":"-88.844","state_id":null,"state_name":null,"country_id":null},{"active":false,"Giataid":"405173","cityId":null,"cityName":"Long Caye","hotelId":405173,"hotelName":"Itza Lodge","address":"Long Caye,Lighthouse Reef Atoll,PO Box 2050,Belize,Belize","phones":"+5013056002585","fax":"","email":"info@itzalodge.com","url":"http://www.itzalodge.com","countryIso2":"BZ","countryName":"Belize","hotelRating":"1","latitude":"17.2185","longitude":"-87.5909","state_id":null,"state_name":null,"country_id":null},{"active":false,"Giataid":"444968","cityId":null,"cityName":"Caye Caulker","hotelId":444968,"hotelName":"Axios of the Sun","address":"","phones":"","fax":"","email":"","url":"","countryIso2":"BZ","countryName":"Belize","hotelRating":"1","latitude":"17.7314","longitude":"-88.03","state_id":null,"state_name":null,"country_id":null},{"active":false,"Giataid":"446860","cityId":null,"cityName":"Corozal Town","hotelId":446860,"hotelName":"HokolKin Guesthouse Hotel","address":"","phones":"","fax":"","email":"","url":"","countryIso2":"BZ","countryName":"Belize","hotelRating":"1","latitude":"18.3915","longitude":"-88.3857","state_id":null,"state_name":null,"country_id":null},{"active":false,"Giataid":"446893","cityId":null,"cityName":"Caye Caulker","hotelId":446893,"hotelName":"Iguana Reef Inn","address":"","phones":"","fax":"","email":"","url":"","countryIso2":"BZ","countryName":"Belize","hotelRating":"3","latitude":"17.7461","longitude":"-88.025","state_id":null,"state_name":null,"country_id":null},{"active":false,"Giataid":"446911","cityId":null,"cityName":"Caye Caulker","hotelId":446911,"hotelName":"Weezie's Ocean Front Hotel and Garden Cottages","address":"","phones":"","fax":"","email":"","url":"","countryIso2":"BZ","countryName":"Belize","hotelRating":"1","latitude":"17.7357","longitude":"-88.0269","state_id":null,"state_name":null,"country_id":null},{"active":false,"Giataid":"485723","cityId":null,"cityName":"Monkey River Town","hotelId":485723,"hotelName":"Sabal Beach","address":"","phones":"","fax":"","email":"","url":"","countryIso2":"BZ","countryName":"Belize","hotelRating":"1","latitude":"0","longitude":"0","state_id":null,"state_name":null,"country_id":null},{"active":false,"Giataid":"583962","cityId":null,"cityName":"Caye Caulker","hotelId":583962,"hotelName":"Sea n Sun Guest House","address":"Lind's Cocal Street,Caye Caulker,Belize","phones":"","fax":"","email":"","url":"http://www.seaandsunguesthouse.com/","countryIso2":"BZ","countryName":"Belize","hotelRating":"1","latitude":"17.7928","longitude":"-88.0187","state_id":null,"state_name":null,"country_id":null},{"active":false,"Giataid":"583969","cityId":null,"cityName":"Lucky Strike","hotelId":583969,"hotelName":"Highway Trails Belize Resort and Country Club","address":"27,5 Miles Old Northern Highway,Lucky Strike,Belize District,Belize","phones":"+5012255540","fax":"","email":"","url":"http://www.highwaytrails.bz/","countryIso2":"BZ","countryName":"Belize","hotelRating":"1","latitude":"0","longitude":"0","state_id":null,"state_name":null,"country_id":null},{"active":false,"Giataid":"583970","cityId":null,"cityName":"Teakettle Village","hotelId":583970,"hotelName":"Chaya Maya Jungle Lodge","address":"Young Gal Road,Teakettle,Belize","phones":"","fax":"","email":"chayamayajunglelodge@yahoo.com","url":"http://www.chayamayajunglelodge.com/","countryIso2":"BZ","countryName":"Belize","hotelRating":"1","latitude":"17.2414","longitude":"-88.8506","state_id":null,"state_name":null,"country_id":null},{"active":false,"Giataid":"583997","cityId":null,"cityName":"Caye Caulker","hotelId":583997,"hotelName":"Popeye's Beach Resort","address":"PO Box 19,Caye Caulker,Belize","phones":"+5012260032","fax":"+5012260045","email":"popeyes@btl.net","url":"http://www.popeyesbeachresort.com/","countryIso2":"BZ","countryName":"Belize","hotelRating":"1","latitude":"17.74","longitude":"-88.0253","state_id":null,"state_name":null,"country_id":null},{"active":false,"Giataid":"583999","cityId":null,"cityName":"Hattieville","hotelId":583999,"hotelName":"Hattieville-Belize Vacation Property","address":"Mile 17 George Price Highway,Hattieville Village,Belize","phones":"","fax":"","email":"","url":"","countryIso2":"BZ","countryName":"Belize","hotelRating":"1","latitude":"17.4371","longitude":"-88.4051","state_id":null,"state_name":null,"country_id":null},{"active":false,"Giataid":"584000","cityId":null,"cityName":"Caye Caulker","hotelId":584000,"hotelName":"Pancho's Villas","address":"Pasero Street,PO Box 80,Caye Caulker,Belize","phones":"+5012260304","fax":"","email":"panchosvillas@btl.net","url":"http://www.panchosvillasbelize.com/","countryIso2":"BZ","countryName":"Belize","hotelRating":"2","latitude":"17.7441","longitude":"-88.0243","state_id":null,"state_name":null,"country_id":null},{"active":false,"Giataid":"614507","cityId":null,"cityName":"Unitedville","hotelId":614507,"hotelName":"Amber Sunset Jungle Resort","address":"Mile 59 Western Highway,Unitedville,Belize","phones":"+5018243141","fax":"","email":"info@AmberSunsetBelize.com","url":"http://www.ambersunsetbelize.com","countryIso2":"BZ","countryName":"Belize","hotelRating":"1","latitude":"17.2065","longitude":"-88.9401","state_id":null,"state_name":null,"country_id":null},{"active":false,"Giataid":"614528","cityId":null,"cityName":"Caye Caulker","hotelId":614528,"hotelName":"Blue Wave Guest House","address":"Avenida Hicaco","phones":"+5012060114","fax":"","email":"","url":"","countryIso2":"BZ","countryName":"Belize","hotelRating":"2","latitude":"17.7476","longitude":"-88.0239","state_id":null,"state_name":null,"country_id":null},{"active":false,"Giataid":"702427","cityId":null,"cityName":"Unitedville","hotelId":702427,"hotelName":"The Green Valley Inn","address":"George Price Highway Mile 58,PO 598,Belmopan,Unitedville,Cayo District,Belize","phones":"+5016054640","fax":"","email":"info@greenvalleybelize.com","url":"http://the-green-valley-inn.business.site","countryIso2":"BZ","countryName":"Belize","hotelRating":"1","latitude":"17.2116","longitude":"-88.9355","state_id":null,"state_name":null,"country_id":null},{"active":false,"Giataid":"702518","cityId":null,"cityName":"Teakettle Village","hotelId":702518,"hotelName":"Juntos Cottages","address":"Young Gial Road,Teakettle Village,Belmopan,Cayo District,Belize","phones":"","fax":"","email":"juntos.cc2016@gmail.com","url":"https://www.juntosbelize.com","countryIso2":"BZ","countryName":"Belize","hotelRating":"2","latitude":"17.2414","longitude":"-88.8506","state_id":null,"state_name":null,"country_id":null},{"active":false,"Giataid":"729580","cityId":null,"cityName":"Caye Caulker","hotelId":729580,"hotelName":"La Cubana Sleep Boxes","address":"Avenida Icaco,Caye Caulker,Ambergris Caye,Belize","phones":"","fax":"","email":"","url":"","countryIso2":"BZ","countryName":"Belize","hotelRating":"1","latitude":"17.7427","longitude":"-88.0239","state_id":null,"state_name":null,"country_id":null},{"active":false,"Giataid":"734580","cityId":null,"cityName":"Caye Caulker","hotelId":734580,"hotelName":"Lous Cabana","address":"Almina Drive,Caye Caulker,Belize","phones":"","fax":"","email":"","url":"","countryIso2":"BZ","countryName":"Belize","hotelRating":"1","latitude":"17.7427","longitude":"-88.0239","state_id":null,"state_name":null,"country_id":null},{"active":false,"Giataid":"735100","cityId":null,"cityName":"Caye Caulker","hotelId":735100,"hotelName":"Mayan Falls","address":"5 Avenue Xioco,Caye Caulker,Belize","phones":"","fax":"","email":"","url":"","countryIso2":"BZ","countryName":"Belize","hotelRating":"1","latitude":"17.7427","longitude":"-88.0239","state_id":null,"state_name":null,"country_id":null},{"active":false,"Giataid":"735106","cityId":null,"cityName":"Caye Caulker","hotelId":735106,"hotelName":"Casa Chicle Belize","address":"Corner Avenida Mangle & Luciano Reyes Street,Caye Caulker,Belize","phones":"","fax":"","email":"","url":"","countryIso2":"BZ","countryName":"Belize","hotelRating":"1","latitude":"17.7427","longitude":"-88.0239","state_id":null,"state_name":null,"country_id":null},{"active":false,"Giataid":"735114","cityId":null,"cityName":"Caye Caulker","hotelId":735114,"hotelName":"Caye Caulker Cabanas","address":"Avenida Mangle,Caye Caulker,Belize","phones":"","fax":"","email":"","url":"","countryIso2":"BZ","countryName":"Belize","hotelRating":"1","latitude":"17.7427","longitude":"-88.0239","state_id":null,"state_name":null,"country_id":null},{"active":false,"Giataid":"735224","cityId":null,"cityName":"Caye Caulker","hotelId":735224,"hotelName":"Amanda's Place","address":"101 Avenida Hicaco,AKA Front Street,Caye Caulker,Belize","phones":"","fax":"","email":"","url":"","countryIso2":"BZ","countryName":"Belize","hotelRating":"1","latitude":"17.7427","longitude":"-88.0239","state_id":null,"state_name":null,"country_id":null},{"active":false,"Giataid":"738046","cityId":null,"cityName":"Caye Caulker","hotelId":738046,"hotelName":"Jungle Cocoon","address":"Avenida Mulche,Caye Caulker,Belize","phones":"","fax":"","email":"","url":"","countryIso2":"BZ","countryName":"Belize","hotelRating":"1","latitude":"17.7427","longitude":"-88.0239","state_id":null,"state_name":null,"country_id":null},{"active":false,"Giataid":"740700","cityId":null,"cityName":"Caye Caulker","hotelId":740700,"hotelName":"Barefoot Caribe Hotel","address":"55 Langusta Avenue,Front Street,Caye Caulker,Belize","phones":"+5016617355","fax":"","email":"barefootcaribe@hotmail.com","url":"http://www.barefootcaribehotel.com","countryIso2":"BZ","countryName":"Belize","hotelRating":"2","latitude":"17.7427","longitude":"-88.0239","state_id":null,"state_name":null,"country_id":null},{"active":false,"Giataid":"745692","cityId":null,"cityName":"Caye Caulker","hotelId":745692,"hotelName":"The Club At Caye Caulker","address":"Calle Del Sol,Caye Caulker,Belize","phones":"","fax":"","email":"","url":"","countryIso2":"BZ","countryName":"Belize","hotelRating":"3","latitude":"17.7427","longitude":"-88.0239","state_id":null,"state_name":null,"country_id":null},{"active":false,"Giataid":"745706","cityId":null,"cityName":"Caye Caulker","hotelId":745706,"hotelName":"Miss Ellas Waterfront","address":"Luciano Reyes Street,Caye Caulker,Belize","phones":"","fax":"","email":"","url":"","countryIso2":"BZ","countryName":"Belize","hotelRating":"1","latitude":"17.7427","longitude":"-88.0239","state_id":null,"state_name":null,"country_id":null},{"active":false,"Giataid":"745714","cityId":null,"cityName":"Mountain Pine Ridge","hotelId":745714,"hotelName":"Calico Jacks Village","address":"El Progresso,7 Mile,Mountain Pine Ridge,Cayo District,Belize","phones":"+50111501832478","fax":"","email":"","url":"http://www.calicojacksvillage.com","countryIso2":"BZ","countryName":"Belize","hotelRating":"3","latitude":"17.0892","longitude":"-88.9536","state_id":null,"state_name":null,"country_id":null},{"active":false,"Giataid":"767617","cityId":null,"cityName":"Corozal Town","hotelId":767617,"hotelName":"Hotel Maya","address":"7th Avenue Southend,PO Box 112,Corozal,Belize","phones":"+5014222082","fax":"+5014222827","email":"stay@hotelmaya.net","url":"http://www.hotelmaya.net","countryIso2":"BZ","countryName":"Belize","hotelRating":"1","latitude":"18.4061","longitude":"-88.3825","state_id":null,"state_name":null,"country_id":null},{"active":false,"Giataid":"767989","cityId":null,"cityName":"Corozal Town","hotelId":767989,"hotelName":"The Sea Breeze Hotel","address":"23 1st Avenue,Corozal Town,Belize","phones":"","fax":"","email":"","url":"","countryIso2":"BZ","countryName":"Belize","hotelRating":"1","latitude":"18.4061","longitude":"-88.3825","state_id":null,"state_name":null,"country_id":null},{"active":false,"Giataid":"768711","cityId":null,"cityName":"Unitedville","hotelId":768711,"hotelName":"Hidden Haven","address":"Mile 58 Western Highway,Unitedville,Cayo District,Belize","phones":"","fax":"","email":"","url":"","countryIso2":"BZ","countryName":"Belize","hotelRating":"1","latitude":"17.2116","longitude":"-88.9355","state_id":null,"state_name":null,"country_id":null},{"active":false,"Giataid":"769575","cityId":null,"cityName":"Caye Caulker","hotelId":769575,"hotelName":"Drifted Coconut Hostel and Lounge","address":"Crocodile Street,Caye Caulker,Belize","phones":"+5016354265","fax":"","email":"driftedcoconut@yahoo.com","url":"http://www.driftedcoconut.com","countryIso2":"BZ","countryName":"Belize","hotelRating":"1","latitude":"17.7427","longitude":"-88.0239","state_id":null,"state_name":null,"country_id":null},{"active":false,"Giataid":"770452","cityId":null,"cityName":"Caye Caulker","hotelId":770452,"hotelName":"Popeyes Beach Hostel Caye Caulker","address":"113 Asuncion Street Beach,Caye Caulker,Belize","phones":"","fax":"","email":"","url":"","countryIso2":"BZ","countryName":"Belize","hotelRating":"1","latitude":"17.7427","longitude":"-88.0239","state_id":null,"state_name":null,"country_id":null},{"active":false,"Giataid":"771363","cityId":null,"cityName":"Caye Caulker","hotelId":771363,"hotelName":"Caye Caulker Beach Hotel","address":"Avenida Hicaco,Caye Caulker,Belize","phones":"","fax":"","email":"","url":"","countryIso2":"BZ","countryName":"Belize","hotelRating":"1","latitude":"17.7427","longitude":"-88.0239","state_id":null,"state_name":null,"country_id":null},{"active":false,"Giataid":"771369","cityId":null,"cityName":"Corozal Town","hotelId":771369,"hotelName":"Tilt Ta Dock Resort Belize","address":"George Price Lane,Corozal,Belize","phones":"","fax":"","email":"tiltadockresort@gmail.com","url":"http://www.tilttadockresortbelize.com/","countryIso2":"BZ","countryName":"Belize","hotelRating":"1","latitude":"18.4061","longitude":"-88.3825","state_id":null,"state_name":null,"country_id":null},{"active":false,"Giataid":"772410","cityId":null,"cityName":"Caye Caulker","hotelId":772410,"hotelName":"Juan's Guest Rooms at Juan in a Million","address":"115 Playa Asuncion Front Street,Caye Caulker,Belize","phones":"","fax":"","email":"","url":"","countryIso2":"BZ","countryName":"Belize","hotelRating":"1","latitude":"17.7386","longitude":"-88.0264","state_id":null,"state_name":null,"country_id":null},{"active":false,"Giataid":"837657","cityId":null,"cityName":"Corozal Town","hotelId":837657,"hotelName":"Serenity Sands Bed and Breakfast","address":"50 Serenity Lane,Box 88,Corozal Town,Belize","phones":"+5016692394","fax":"","email":"info@serenitysands.com","url":"http://www.serenitysands.com/en/","countryIso2":"BZ","countryName":"Belize","hotelRating":"1","latitude":"18.4061","longitude":"-88.3825","state_id":null,"state_name":null,"country_id":null},{"active":false,"Giataid":"840567","cityId":null,"cityName":"Caye Caulker","hotelId":840567,"hotelName":"Yocamatsu","address":"Chapoose Street,Caye Caulker,Belize","phones":"+5016152653","fax":"","email":"yo.belize@yahoo.com","url":"https://www.yobelize.com/","countryIso2":"BZ","countryName":"Belize","hotelRating":"1","latitude":"17.7427","longitude":"-88.0239","state_id":null,"state_name":null,"country_id":null},{"active":false,"Giataid":"583947","cityId":null,"cityName":"South Water Caye","hotelId":10047001,"hotelName":"Blue Marlin Beach Resort","address":"14 Miles Offshore from Dangriga,South Water Caye,Belize","phones":"+501115015222243","fax":"","email":"","url":"","countryIso2":"BZ","countryName":"Belize","hotelRating":"3","latitude":"16.8172","longitude":"-88.082","state_id":null,"state_name":null,"country_id":null},{"active":false,"Giataid":"469169","cityId":null,"cityName":"Ambergris Caye","hotelId":10048031,"hotelName":"Grand Caribe Belize","address":"2 miles North of San Pedro,PO Box 242,Ambergris Caye,Belize","phones":"+5012264726","fax":"","email":"","url":"","countryIso2":"BZ","countryName":"Belize","hotelRating":"3","latitude":"17.9541","longitude":"-87.9418","state_id":null,"state_name":null,"country_id":null},{"active":false,"Giataid":"445232","cityId":null,"cityName":"Corozal Town","hotelId":10056630,"hotelName":"Las Vegas Hotel & Casino","address":"91 1/2 Mile Northern Highway,PO Box 369,Corozal Town,Belize","phones":"+5014237000","fax":"","email":"","url":"","countryIso2":"BZ","countryName":"Belize","hotelRating":"3","latitude":"18.4843","longitude":"-88.3966","state_id":null,"state_name":null,"country_id":null},{"active":false,"Giataid":"481070","cityId":null,"cityName":"Caye Caulker","hotelId":10056932,"hotelName":"Tropical Paradise Hotel","address":"PO Box 4,Caye Caulker,Belize","phones":"+5012260124","fax":"","email":"","url":"","countryIso2":"BZ","countryName":"Belize","hotelRating":"3","latitude":"17.7403","longitude":"-88.025","state_id":null,"state_name":null,"country_id":null},{"active":false,"Giataid":"516972","cityId":null,"cityName":"Teakettle Village","hotelId":10071146,"hotelName":"Dream Valley","address":"Young Gal Road,Teakettle,Cayo District,Belize","phones":"+5016651000","fax":"","email":"","url":"","countryIso2":"BZ","countryName":"Belize","hotelRating":"3","latitude":"17.2384","longitude":"-88.8539","state_id":null,"state_name":null,"country_id":null},{"active":false,"Giataid":"518744","cityId":null,"cityName":"Ambergris Caye","hotelId":10108473,"hotelName":"Ambergris Beach House","address":"100 Coconut Drive,San Pedro,Belize,Belize","phones":"NULL","fax":"NULL","email":"NULL","url":"NULL","countryIso2":"BZ","countryName":"Belize","hotelRating":"3","latitude":"17.9129","longitude":"-87.9687","state_id":null,"state_name":null,"country_id":null},{"active":false,"Giataid":"482674","cityId":null,"cityName":"Caye Caulker","hotelId":10114968,"hotelName":"China Town Hotel","address":"Estrella Street,Caye Caulker,Belize","phones":"+5012260228","fax":"NULL","email":"NULL","url":"NULL","countryIso2":"BZ","countryName":"Belize","hotelRating":"2","latitude":"17.7359","longitude":"-88.0317","state_id":null,"state_name":null,"country_id":null},{"active":false,"Giataid":"144025","cityId":null,"cityName":"Corozal Town","hotelId":10139980,"hotelName":"Princess Hotel & Casino","address":"#1 Freedom Ave, Commercial free zone","phones":"NULL","fax":"NULL","email":"NULL","url":"NULL","countryIso2":"BZ","countryName":"Belize","hotelRating":"3","latitude":"18.3903","longitude":"-88.386","state_id":null,"state_name":null,"country_id":null},{"active":false,"Giataid":"551130","cityId":null,"cityName":"Ambergris Caye","hotelId":20000758,"hotelName":"White Sands Cove","address":"2.5 Miles north of San Pedro,Ambergris Caye,Belize","phones":"+5012263528","fax":"","email":"info@whitesandscove.com","url":"http://whitesandscove.com/","countryIso2":"BZ","countryName":"Belize","hotelRating":"3","latitude":"17.9516","longitude":"-87.9413","state_id":null,"state_name":null,"country_id":null},{"active":false,"Giataid":"139030","cityId":null,"cityName":"Cayo District","hotelId":20000820,"hotelName":"Jaguar Paw Jungle Resort","address":"Cave Branch River,Belmopan,Cayo,Belize","phones":"+5018202023","fax":"+5018202024","email":"info@jaguarpaw.com","url":"http://www.chukkacaribbean.com/jaguarpaw.php","countryIso2":"BZ","countryName":"Belize","hotelRating":"2","latitude":"17.2535","longitude":"-88.7641","state_id":null,"state_name":null,"country_id":null},{"active":false,"Giataid":"139181","cityId":null,"cityName":"Mountain Pine Ridge","hotelId":20001379,"hotelName":"Pine Ridge Lodge","address":"Mountain Pine Ridge Reservat,Cayo District,Belize,Belize","phones":"+5012163759432","fax":"","email":"Estark@StarkfishLLC.com","url":"http://www.pineridgelodge.com/","countryIso2":"BZ","countryName":"Belize","hotelRating":"3","latitude":"17.0892","longitude":"-88.9819","state_id":null,"state_name":null,"country_id":null},{"active":false,"Giataid":"427514","cityId":null,"cityName":"Cayo District","hotelId":20001581,"hotelName":"Spirit of Benque Bed and Breakfast","address":"14 Riverside,Cayo District,Banque Viejo del Carmen,Belize","phones":"+5016320688","fax":"","email":"benqueresort@hotmail.com","url":"http://www.benque-resort.com","countryIso2":"BZ","countryName":"Belize","hotelRating":"2","latitude":"17.0746","longitude":"-89.1417","state_id":null,"state_name":null,"country_id":null},{"active":false,"Giataid":"359417","cityId":null,"cityName":"Crooked Tree","hotelId":20002217,"hotelName":"Bird's Eye View Lodge","address":"Crooked Tree,Crooked Tree Wildlife Sanctuary,Belize","phones":"+5012357333","fax":"+5012244869","email":"birdseye@btl.net","url":"http://www.birdseyeviewbelize.com/","countryIso2":"BZ","countryName":"Belize","hotelRating":"3","latitude":"17.7839","longitude":"-88.525","state_id":null,"state_name":null,"country_id":null},{"active":false,"Giataid":"359417","cityId":null,"cityName":"Crooked Tree","hotelId":20002217,"hotelName":"Bird's Eye View Lodge","address":"Crooked Tree,Crooked Tree Wildlife Sanctuary,Belize","phones":"+5012357333","fax":"+5012244869","email":"birdseye@btl.net","url":"http://www.birdseyeviewbelize.com/","countryIso2":"BZ","countryName":"Belize","hotelRating":"3","latitude":"17.7839","longitude":"-88.525","state_id":null,"state_name":null,"country_id":null},{"active":false,"Giataid":"583953","cityId":null,"cityName":"Ambergris Caye","hotelId":20003661,"hotelName":"Hol Chan Reef Resort Villas","address":"3.5 miles south of San Pedro Town,Ambergris Caye,Belize","phones":"+5016617712","fax":"","email":"reservations@holchanreefresortvillas.com","url":"http://www.holchanreefresortvillas.com/","countryIso2":"BZ","countryName":"Belize","hotelRating":"0","latitude":"18.1013","longitude":"-87.8683","state_id":null,"state_name":null,"country_id":null},{"active":false,"Giataid":"583961","cityId":null,"cityName":"Caye Caulker","hotelId":20004222,"hotelName":"Jaguar Morning Star","address":"Avenida Pueblo Nuevo,Caye Caulker,Belize","phones":"+5016332811","fax":"","email":"jackandroxann@gmail.com","url":"http://www.jaguarmorningstar.com/","countryIso2":"BZ","countryName":"Belize","hotelRating":"0","latitude":"17.7392","longitude":"-88.0262","state_id":null,"state_name":null,"country_id":null},{"active":false,"Giataid":"583959","cityId":null,"cityName":"Caye Caulker","hotelId":20005797,"hotelName":"Vega Inn & Gardens","address":"PO Box 701,Vega Beach,Caye Caulker,Belize District,Belize","phones":"+5012260142","fax":"+5012260142","email":"belizehotel@vegabelize.com","url":"http://www.vegabelize.com/","countryIso2":"BZ","countryName":"Belize","hotelRating":"0","latitude":"17.7437","longitude":"-88.0235","state_id":null,"state_name":null,"country_id":null},{"active":false,"Giataid":"445682","cityId":null,"cityName":"Caye Caulker","hotelId":20005935,"hotelName":"La Isla Resort","address":"18 Hicaco Avenue,Caye Caulker,Belize","phones":"+5012260124","fax":"+5012260374","email":"tropicalp@btl.net","url":"http://www.startoursbelize.com","countryIso2":"BZ","countryName":"Belize","hotelRating":"3","latitude":"17.7404","longitude":"-88.025","state_id":null,"state_name":null,"country_id":null},{"active":false,"Giataid":"481074","cityId":null,"cityName":"Caye Caulker","hotelId":20006261,"hotelName":"Rainbow Hotel","address":"Front street,Caye Caulker,Belize","phones":"+5012260123","fax":"","email":"rainbowhotel@btl.net","url":"http://www.rainbowhotel-cayecaulker.com","countryIso2":"BZ","countryName":"Belize","hotelRating":"2","latitude":"17.7459","longitude":"-88.0238","state_id":null,"state_name":null,"country_id":null},{"active":false,"Giataid":"691738","cityId":null,"cityName":"Caye Caulker","hotelId":20006467,"hotelName":"Enjoy Hotel","address":"Pasero street,Caye Caulker,Belize","phones":"","fax":"","email":"","url":"","countryIso2":"BZ","countryName":"Belize","hotelRating":"2","latitude":"17.7441","longitude":"-88.0241","state_id":null,"state_name":null,"country_id":null},{"active":false,"Giataid":"136366","cityId":null,"cityName":"Turneffe Atoll","hotelId":20007148,"hotelName":"Turneffe Island Resort","address":"Turneffe Island,Turneffe Atoll,Belize","phones":"","fax":"","email":"info@turnefferesort.com","url":"http://www.turnefferesort.com/","countryIso2":"BZ","countryName":"Belize","hotelRating":"3","latitude":"17.1779","longitude":"-87.9005","state_id":null,"state_name":null,"country_id":null},{"active":false,"Giataid":"691729","cityId":null,"cityName":"Caye Caulker","hotelId":20007344,"hotelName":"Jan's Hotel","address":"52 Avenida Hicaco,Caye Caulker,Belize","phones":"","fax":"","email":"","url":"https://janshotel.com/","countryIso2":"BZ","countryName":"Belize","hotelRating":"2","latitude":"17.7427","longitude":"-88.0239","state_id":null,"state_name":null,"country_id":null},{"active":false,"Giataid":"583921","cityId":null,"cityName":"Cayo District","hotelId":20009508,"hotelName":"Hummingbird Guest Lodge & Hostel","address":"Mile 29 Hummingbird Highway,Cayo District,Belize","phones":"+50115305188509","fax":"","email":"","url":"http://hummingbirdlodge.com/","countryIso2":"BZ","countryName":"Belize","hotelRating":"0","latitude":"17.0913","longitude":"-88.6343","state_id":null,"state_name":null,"country_id":null},{"active":false,"Giataid":"485015","cityId":null,"cityName":"Corozal Town","hotelId":20013977,"hotelName":"Mirador Hotel","address":"4th Avenue,& 2nd street south,Corozal,Belize","phones":"+5014220189","fax":"","email":"miradorhotelcoro@hotmail.com","url":"http://www.mirador.bz/","countryIso2":"BZ","countryName":"Belize","hotelRating":"0","latitude":"18.3935","longitude":"-88.3828","state_id":null,"state_name":null,"country_id":null},{"active":false,"Giataid":"583958","cityId":null,"cityName":"Caye Caulker","hotelId":20014109,"hotelName":"Vega Inn Beachhouses","address":"Avenida Icaco & Cocrodile,Caye Caulker,Belize","phones":"","fax":"","email":"","url":"","countryIso2":"BZ","countryName":"Belize","hotelRating":"0","latitude":"17.7468","longitude":"-88.0238","state_id":null,"state_name":null,"country_id":null},{"active":false,"Giataid":"90563","cityId":null,"cityName":"South Water Caye","hotelId":20014550,"hotelName":"Pelican Beach Resort South Water Caye","address":"South Water Caye,Belize","phones":"","fax":"","email":"","url":"http://www.southwatercaye.com/coralreef.html","countryIso2":"BZ","countryName":"Belize","hotelRating":"2","latitude":"16.8024","longitude":"-88.082","state_id":null,"state_name":null,"country_id":null},{"active":false,"Giataid":"295826","cityId":null,"cityName":"Caye Caulker","hotelId":20014780,"hotelName":"Seaside Cabanas","address":"PO Box 39,Caye Caulker Village,Ambergris Caye,Caye Caulker,Belize","phones":"+5012260498","fax":"+5012260125","email":"info@seasidecabanas.com","url":"http://www.seasidecabanas.com/","countryIso2":"BZ","countryName":"Belize","hotelRating":"0","latitude":"17.7427","longitude":"-88.0238","state_id":null,"state_name":null,"country_id":null},{"active":false,"Giataid":"697911","cityId":null,"cityName":"Caye Caulker","hotelId":20014912,"hotelName":"Princesa Angienelle","address":"Avenida Chechem,Caye Caulker,Belize","phones":"","fax":"","email":"","url":"","countryIso2":"BZ","countryName":"Belize","hotelRating":"0","latitude":"17.7372","longitude":"-88.0289","state_id":null,"state_name":null,"country_id":null},{"active":false,"Giataid":"691749","cityId":null,"cityName":"Cayo District","hotelId":20015109,"hotelName":"Belize Cultural Adventure Guesthouse","address":"1440 Camelote,Cayo District,Belize","phones":"+5016616039","fax":"","email":"belizeadventureguesthouse@gmail.com","url":"http://www.belizeadventureguesthouse.com/","countryIso2":"BZ","countryName":"Belize","hotelRating":"0","latitude":"17.176","longitude":"-88.844","state_id":null,"state_name":null,"country_id":null},{"active":false,"Giataid":"702491","cityId":null,"cityName":"Corozal Town","hotelId":20016161,"hotelName":"Serenity Retreats Belize - A Vegan Resort","address":"1588 Serenity Road,Corozal,Corozal District,Belize","phones":"","fax":"","email":"serenityretreatsbelize@gmail.com","url":"https://www.serenityretreatsbelize.com","countryIso2":"BZ","countryName":"Belize","hotelRating":"0","latitude":"18.4061","longitude":"-88.3825","state_id":null,"state_name":null,"country_id":null},{"active":false,"Giataid":"691741","cityId":null,"cityName":"Cayo District","hotelId":20017120,"hotelName":"Rock Farm Guest House","address":"Roaring Creek,Cayo District,Belize","phones":"+5016100400","fax":"","email":"info@rockfarmbelize.com","url":"http://www.rockfarmbelize.com/","countryIso2":"BZ","countryName":"Belize","hotelRating":"0","latitude":"17.2464","longitude":"-88.8015","state_id":null,"state_name":null,"country_id":null},{"active":false,"Giataid":"583960","cityId":null,"cityName":"Caye Caulker","hotelId":20017244,"hotelName":"De Real Macaw","address":"Hicaco Avenue,Front Street,Caye Caulker,Belize","phones":"+5012260459","fax":"","email":"derealmacaw@yahoo.com","url":"http://www.derealmacaw.biz/","countryIso2":"BZ","countryName":"Belize","hotelRating":"0","latitude":"17.7427","longitude":"-88.0239","state_id":null,"state_name":null,"country_id":null},{"active":false,"Giataid":"9086","cityId":null,"cityName":"Mountain Pine Ridge","hotelId":20017889,"hotelName":"Blancaneaux Lodge","address":"Mountain Pine Ridge Reserve,P.O. Box B,Central Farm,Cayo District,Belize","phones":"+5018243878","fax":"","email":"info@blancaneaux.com","url":"http://www.coppolaresorts.com/","countryIso2":"BZ","countryName":"Belize","hotelRating":"4","latitude":"17.0366","longitude":"-88.9536","state_id":null,"state_name":null,"country_id":null},{"active":false,"Giataid":"614515","cityId":null,"cityName":"Caye Caulker","hotelId":20019618,"hotelName":"Treetops Guesthouse","address":"P.O. Box 29,Caye Caulker,Belize","phones":"+5012260240","fax":"+5012260115","email":"treetopsbelize@gmail.com","url":"http://www.treetopsbelize.com","countryIso2":"BZ","countryName":"Belize","hotelRating":"0","latitude":"17.7427","longitude":"-88.0239","state_id":null,"state_name":null,"country_id":null},{"active":false,"Giataid":"702436","cityId":null,"cityName":"Cayo District","hotelId":20019718,"hotelName":"Maya Hill Lodge","address":"Maya Hill Road,located just off the George Price Highway,POB 159 - Belmopan,Blackman Eddy Village,Cayo District,Belize","phones":"","fax":"","email":"buchung@mayahill.bz","url":"https://mayahill.bz","countryIso2":"BZ","countryName":"Belize","hotelRating":"0","latitude":"17.176","longitude":"-88.844","state_id":null,"state_name":null,"country_id":null},{"active":false,"Giataid":"665749","cityId":null,"cityName":"Bullet Tree Falls","hotelId":20020678,"hotelName":"Bullet Tree Riverside Cabanas","address":"Bullet Tree,2.5 Miles Outside San Ignacio,San Ignacio,Bullet Tree Falls,Belize","phones":"+5016295953","fax":"","email":"info@bullettreecabanas.com","url":"https://www.bullettreecabanas.com","countryIso2":"BZ","countryName":"Belize","hotelRating":"3","latitude":"17.1712","longitude":"-89.1091","state_id":null,"state_name":null,"country_id":null},{"active":false,"Giataid":"665749","cityId":null,"cityName":"Bullet Tree Falls","hotelId":20020678,"hotelName":"Bullet Tree Riverside Cabanas","address":"Bullet Tree,2.5 Miles Outside San Ignacio,San Ignacio,Bullet Tree Falls,Belize","phones":"+5016295953","fax":"","email":"info@bullettreecabanas.com","url":"https://www.bullettreecabanas.com","countryIso2":"BZ","countryName":"Belize","hotelRating":"3","latitude":"17.1712","longitude":"-89.1091","state_id":null,"state_name":null,"country_id":null},{"active":false,"Giataid":"485001","cityId":null,"cityName":"Corozal Town","hotelId":20021068,"hotelName":"Almond Tree Hotel Resort","address":"425 Bayshore Drive,South End,PO Box 185,Corozal,Belize","phones":"+5016289224","fax":"","email":"info@almondtreeresort.com","url":"http://www.almondtreeresort.com/","countryIso2":"BZ","countryName":"Belize","hotelRating":"0","latitude":"18.4061","longitude":"-88.3825","state_id":null,"state_name":null,"country_id":null},{"active":false,"Giataid":"886815","cityId":null,"cityName":"Caye Caulker","hotelId":20281832,"hotelName":"Dream Cabanas","address":"Luciano Reyes Street,Caye Caulker,Belize","phones":"","fax":"","email":"dreamcabanas@gmail.com","url":"http://www.dreamcabanas.com/","countryIso2":"BZ","countryName":"Belize","hotelRating":"0","latitude":"17.7427","longitude":"-88.0239","state_id":null,"state_name":null,"country_id":null},{"active":false,"Giataid":"910311","cityId":null,"cityName":"Unitedville","hotelId":20281836,"hotelName":"Casa Sofia Inn","address":"Mile 59 Western Highway,Unitedville,Belize","phones":"+5018242161","fax":"","email":"lungariniservices@gmail.com","url":"http://www.casasofiainn.com","countryIso2":"BZ","countryName":"Belize","hotelRating":"0","latitude":"17.2099","longitude":"-88.9415","state_id":null,"state_name":null,"country_id":null},{"active":false,"Giataid":"918524","cityId":null,"cityName":"Caye Caulker","hotelId":20281839,"hotelName":"Caye Reef Condos","address":"Caribbean Seashore,Playa Asuncion,Caye Caulker,Belize","phones":"+5012260382","fax":"","email":"","url":"http://www.cayereef.com/","countryIso2":"BZ","countryName":"Belize","hotelRating":"0","latitude":"17.7483","longitude":"-88.024","state_id":null,"state_name":null,"country_id":null},{"active":false,"Giataid":"918606","cityId":null,"cityName":"Caye Caulker","hotelId":20281845,"hotelName":"Yuma's House Belize","address":"Playa Asuncion,Caye Caulker,Belize","phones":"+5012060019","fax":"","email":"yumashousebelize@gmail.com","url":"http://www.yumashousebelize.com/","countryIso2":"BZ","countryName":"Belize","hotelRating":"0","latitude":"17.7427","longitude":"-88.0239","state_id":null,"state_name":null,"country_id":null},{"active":false,"Giataid":"918594","cityId":null,"cityName":"Caye Caulker","hotelId":20281852,"hotelName":"Jeremiah's Inn","address":"Front Street,Caye Caulker,Belize","phones":"","fax":"","email":"","url":"","countryIso2":"BZ","countryName":"Belize","hotelRating":"0","latitude":"17.7427","longitude":"-88.0239","state_id":null,"state_name":null,"country_id":null},{"active":false,"Giataid":"918632","cityId":null,"cityName":"Corozal Town","hotelId":20281859,"hotelName":"Sarteneja Inn","address":"Tzatenaha Street,Sarteneja Village,Corozal,Belize","phones":"","fax":"","email":"","url":"","countryIso2":"BZ","countryName":"Belize","hotelRating":"0","latitude":"18.4061","longitude":"-88.3825","state_id":null,"state_name":null,"country_id":null},{"active":false,"Giataid":"910333","cityId":null,"cityName":"Caye Caulker","hotelId":20281869,"hotelName":"Go Slow Guesthouse","address":"Calle La Posa,3rd House On The Left Hand Side,Caye Caulker,Belize","phones":"","fax":"","email":"","url":"","countryIso2":"BZ","countryName":"Belize","hotelRating":"0","latitude":"17.7427","longitude":"-88.0239","state_id":null,"state_name":null,"country_id":null},{"active":false,"Giataid":"866570","cityId":null,"cityName":"Ambergris Caye","hotelId":20281873,"hotelName":"Villa Aurora","address":"5.5. Miles North,Ambergris Caye,Belize","phones":"+5012027341698","fax":"","email":"booking@villaauroraestate.com","url":"http://www.villaauroraestate.com","countryIso2":"BZ","countryName":"Belize","hotelRating":"3","latitude":"17.9521","longitude":"-87.9433","state_id":null,"state_name":null,"country_id":null},{"active":false,"Giataid":"910353","cityId":null,"cityName":"Caye Caulker","hotelId":20281874,"hotelName":"Tropical Oasis Hostel","address":"La Posa Street,Caye Caulker,Belize","phones":"","fax":"","email":"","url":"","countryIso2":"BZ","countryName":"Belize","hotelRating":"0","latitude":"17.7427","longitude":"-88.0239","state_id":null,"state_name":null,"country_id":null},{"active":false,"Giataid":"976511","cityId":null,"cityName":"South Water Caye","hotelId":20390672,"hotelName":"Bamboo-Belize","address":"South Water Caye,Belize","phones":"+5018598166603","fax":"","email":"","url":"http://bamboo-belize.com/","countryIso2":"BZ","countryName":"Belize","hotelRating":"1","latitude":"16.8099","longitude":"-88.0821","state_id":null,"state_name":null,"country_id":null}]