[{"active":false,"Giataid":"408777","cityId":null,"cityName":"Naftalan","hotelId":408777,"hotelName":"Naftalan Hotel by Rixos ","address":"Shirvan Avenue 37,Naftalan,Azerbaijan","phones":"+994223523003","fax":"+994223523030","email":"","url":"http://naftalanhotel.rixos.com/","countryIso2":"AZ","countryName":"Azerbaijan","hotelRating":"4","latitude":"40.4964","longitude":"46.8145","state_id":null,"state_name":null,"country_id":null},{"active":false,"Giataid":"410579","cityId":null,"cityName":"Masalli","hotelId":410579,"hotelName":"Vilesh Hotel","address":"Masally,Qariblyar,Azerbaijan","phones":"+994252141414","fax":"+994252141221","email":"info@vilesh.az","url":"http://vilesh.az","countryIso2":"AZ","countryName":"Azerbaijan","hotelRating":"4","latitude":"38.9883","longitude":"48.5834","state_id":null,"state_name":null,"country_id":null},{"active":false,"Giataid":"426569","cityId":null,"cityName":"Naftalan","hotelId":426569,"hotelName":"Chinar Hotel  Spa And Naftalan","address":"Sirvan Prospekti 12,Naftalan,Azerbaijan","phones":"+994223521000","fax":"+994223521091","email":"","url":"http://chinarhotel.com/site.html","countryIso2":"AZ","countryName":"Azerbaijan","hotelRating":"5","latitude":"40.5003","longitude":"46.8206","state_id":null,"state_name":null,"country_id":null},{"active":false,"Giataid":"436121","cityId":null,"cityName":"Mingachevir","hotelId":436121,"hotelName":"Kur Hotel","address":"I. Islamzade street 98A,AZ4500 Mingechevir,Azerbaijan","phones":"+994242730313","fax":"+994242730315","email":"reserve@kurhotel.az","url":"http://www.kurhotel.az/","countryIso2":"AZ","countryName":"Azerbaijan","hotelRating":"4","latitude":"40.7619","longitude":"47.0389","state_id":null,"state_name":null,"country_id":null},{"active":false,"Giataid":"482176","cityId":null,"cityName":"Mingachevir","hotelId":482176,"hotelName":"River Side Hotel","address":"H.Huseynov Str,AZ4500 Mingachevir,Azerbaijan","phones":"+994242749373","fax":"+994242744544","email":"hotel@riverside.az","url":"http://riverside.az/","countryIso2":"AZ","countryName":"Azerbaijan","hotelRating":"4","latitude":"40.7652","longitude":"47.0353","state_id":null,"state_name":null,"country_id":null},{"active":false,"Giataid":"482217","cityId":null,"cityName":"Sumqayit","hotelId":482217,"hotelName":"Term Hotel","address":"Baku Street 44,Quarter 44,5000 Sumqayit,Aserbaidschan,Azerbaijan","phones":"","fax":"","email":"","url":"","countryIso2":"AZ","countryName":"Azerbaijan","hotelRating":"4","latitude":"40.5761","longitude":"49.679","state_id":null,"state_name":null,"country_id":null},{"active":false,"Giataid":"482238","cityId":null,"cityName":"Masalli","hotelId":482238,"hotelName":"Luxe Lankaran Hotel","address":"Ulitsa Gala  Khiyabani 11,4200 Lankaran,Azerbaijan","phones":"+994514914196","fax":"+994252552920","email":"contact@luxelankaran.az","url":"http://www.luxelankaran.az/lang,en/","countryIso2":"AZ","countryName":"Azerbaijan","hotelRating":"1","latitude":"38.7564","longitude":"48.8559","state_id":null,"state_name":null,"country_id":null},{"active":false,"Giataid":"484187","cityId":null,"cityName":"Sumqayit","hotelId":484187,"hotelName":"Sumgayit Olympic Sports Complex","address":"Ismet Gaibov Str. 17th mcd,AZ5009 Sumqayit,Azerbaijan","phones":"+994186570302","fax":"","email":"","url":"http://www.agf.az/en/clubs/regions/sumgait/","countryIso2":"AZ","countryName":"Azerbaijan","hotelRating":"1","latitude":"40.5681","longitude":"49.7084","state_id":null,"state_name":null,"country_id":null},{"active":false,"Giataid":"485739","cityId":null,"cityName":"Novxani","hotelId":485739,"hotelName":"Laman Hotel","address":"Sumgait Road,Novxani,Azerbaijan","phones":"","fax":"","email":"","url":"","countryIso2":"AZ","countryName":"Azerbaijan","hotelRating":"1","latitude":"40.5736","longitude":"49.7648","state_id":null,"state_name":null,"country_id":null},{"active":false,"Giataid":"485762","cityId":null,"cityName":"Novxani","hotelId":485762,"hotelName":"SunSet Hotel","address":"Binagadi-Novhany Highway,AZ5000 Novxani,Azerbaijan","phones":"","fax":"","email":"","url":"","countryIso2":"AZ","countryName":"Azerbaijan","hotelRating":"1","latitude":"40.5737","longitude":"49.7636","state_id":null,"state_name":null,"country_id":null},{"active":false,"Giataid":"485783","cityId":null,"cityName":"Bas Kungut","hotelId":485783,"hotelName":"Kungut Hotel & Resort","address":"AZ5515 Bash Kungut Village,Sheki District,Sheki,Azerbaijan","phones":"+994553253633","fax":"","email":"admin@kungut.az","url":"http://www.en.kungut.az/","countryIso2":"AZ","countryName":"Azerbaijan","hotelRating":"1","latitude":"41.1651","longitude":"47.3283","state_id":null,"state_name":null,"country_id":null},{"active":false,"Giataid":"485788","cityId":null,"cityName":"Mingachevir","hotelId":485788,"hotelName":"Agsaray Deluxe Hotel","address":"Gence pr. H.Huseynov St. 1,Right bank of the Kur,AZ4500 Mingachevir,Azerbaijan","phones":"","fax":"","email":"","url":"","countryIso2":"AZ","countryName":"Azerbaijan","hotelRating":"5","latitude":"40.7689","longitude":"47.0355","state_id":null,"state_name":null,"country_id":null},{"active":false,"Giataid":"284851","cityId":null,"cityName":"Novxani","hotelId":566347,"hotelName":"AF Hotel","address":"Seaside,Novkhani Settlement 0119,Azerbaijan","phones":"+994124481313","fax":"+994124473043","email":"office@afhotel.az","url":"http://www.afhotel.az/efhotel","countryIso2":"AZ","countryName":"Azerbaijan","hotelRating":"4","latitude":"40.5749","longitude":"49.7776","state_id":null,"state_name":null,"country_id":null},{"active":false,"Giataid":"566353","cityId":null,"cityName":"Novxani","hotelId":566353,"hotelName":"Aquapark","address":"Novkhani Settlement 0119,Baku,Azerbaijan","phones":"+994124481313","fax":"","email":"office@afhotel.az","url":"http://www.afhotel.az/equapark","countryIso2":"AZ","countryName":"Azerbaijan","hotelRating":"1","latitude":"40.5741","longitude":"49.7777","state_id":null,"state_name":null,"country_id":null},{"active":false,"Giataid":"567663","cityId":null,"cityName":"Oghuz (city)","hotelId":567663,"hotelName":"LT Hotel","address":"Semed Vurgun Ev 9,AZ4800 Oghuz,Azerbaijan","phones":"","fax":"","email":"","url":"","countryIso2":"AZ","countryName":"Azerbaijan","hotelRating":"1","latitude":"41.0728","longitude":"47.4651","state_id":null,"state_name":null,"country_id":null},{"active":false,"Giataid":"567668","cityId":null,"cityName":"Oghuz (city)","hotelId":567668,"hotelName":"Greenland Guest House","address":"Xalxal,AZ4800 Oghuz,Azerbaijan","phones":"+994515808077","fax":"","email":"","url":"","countryIso2":"AZ","countryName":"Azerbaijan","hotelRating":"1","latitude":"41.0728","longitude":"47.4644","state_id":null,"state_name":null,"country_id":null},{"active":false,"Giataid":"567691","cityId":null,"cityName":"Nabran","hotelId":567691,"hotelName":"Caspian Sea Resort Hotel","address":"Khachmaz district,AZ 2724 Nabran,Azerbaijan","phones":"+994502354002","fax":"","email":"info@caspiansearesort.az","url":"http://www.caspiansearesort.az/","countryIso2":"AZ","countryName":"Azerbaijan","hotelRating":"1","latitude":"41.7788","longitude":"48.677","state_id":null,"state_name":null,"country_id":null},{"active":false,"Giataid":"567705","cityId":null,"cityName":"Nabran","hotelId":567705,"hotelName":"River Inn Boutique Hotel","address":"Guneshli,2724 Nabran,Azerbaijan","phones":"+994502569940","fax":"","email":"","url":"http://www.riverinn-resort.com/","countryIso2":"AZ","countryName":"Azerbaijan","hotelRating":"1","latitude":"41.7762","longitude":"48.6729","state_id":null,"state_name":null,"country_id":null},{"active":false,"Giataid":"567713","cityId":null,"cityName":"Masalli","hotelId":567713,"hotelName":"Masalli Hotel & Restaurant","address":"Heydar Aliyev Avenue,AZ 4400 Masalli,Azerbaijan","phones":"+994252152634","fax":"","email":"info@masallihotel.az","url":"http://www.masallihotel.az/","countryIso2":"AZ","countryName":"Azerbaijan","hotelRating":"1","latitude":"39.0341","longitude":"48.6589","state_id":null,"state_name":null,"country_id":null},{"active":false,"Giataid":"567738","cityId":null,"cityName":"Naftalan","hotelId":567738,"hotelName":"Garabag Resort & SPA","address":"Shirvan Prospekti 12,AZ 4600 Naftalan,Azerbaijan","phones":"+994223521581","fax":"+994223521591","email":"reservation@garabaghotel.com","url":"http://garabagresortspa.com","countryIso2":"AZ","countryName":"Azerbaijan","hotelRating":"5","latitude":"40.5033","longitude":"46.8217","state_id":null,"state_name":null,"country_id":null},{"active":false,"Giataid":"589241","cityId":null,"cityName":"Stepanakert","hotelId":589241,"hotelName":"Heghnar Hotel Stepanakert","address":"Abovian Street 39,375000  Stepanakert,Azerbaijan","phones":"+99437497266666","fax":"","email":"heghnarhotel@yahoo.com","url":"http://www.heghnarhotel.com/index.html","countryIso2":"AZ","countryName":"Azerbaijan","hotelRating":"1","latitude":"39.8237","longitude":"46.7586","state_id":null,"state_name":null,"country_id":null},{"active":false,"Giataid":"613889","cityId":null,"cityName":"Qalaalti","hotelId":613889,"hotelName":"Qalaalti Hotel & Spa","address":"AZ1700 Galaalti,Sabran Rayonu,Azerbaijan","phones":"+994233068000","fax":"","email":"info@qalaalti.com","url":"http://www.qalaalti.com/","countryIso2":"AZ","countryName":"Azerbaijan","hotelRating":"1","latitude":"41.0895","longitude":"48.9367","state_id":null,"state_name":null,"country_id":null},{"active":false,"Giataid":"613889","cityId":null,"cityName":"Qalaalti","hotelId":613889,"hotelName":"Qalaalti Hotel & Spa","address":"AZ1700 Galaalti,Sabran Rayonu,Azerbaijan","phones":"+994233068000","fax":"","email":"info@qalaalti.com","url":"http://www.qalaalti.com/","countryIso2":"AZ","countryName":"Azerbaijan","hotelRating":"1","latitude":"41.0895","longitude":"48.9367","state_id":null,"state_name":null,"country_id":null},{"active":false,"Giataid":"613898","cityId":null,"cityName":"Mingachevir","hotelId":613898,"hotelName":"Qonaq Evi","address":"Mingecevir Seheri As Puskin Street 68,Mingachevir,Azerbaijan","phones":"","fax":"","email":"","url":"","countryIso2":"AZ","countryName":"Azerbaijan","hotelRating":"1","latitude":"40.7668","longitude":"47.0569","state_id":null,"state_name":null,"country_id":null},{"active":false,"Giataid":"613903","cityId":null,"cityName":"Shamkir","hotelId":613903,"hotelName":"Excelsior Hotel Shamkir","address":"M.A. Sabir street 75,AZ5700 Shamkir,Azerbaijan","phones":"+994223052150","fax":"","email":"","url":"http://www.excelsiorhotelshamkir.az/","countryIso2":"AZ","countryName":"Azerbaijan","hotelRating":"1","latitude":"40.8375","longitude":"46.0253","state_id":null,"state_name":null,"country_id":null},{"active":false,"Giataid":"613904","cityId":null,"cityName":"Mingachevir","hotelId":613904,"hotelName":"Semeni Hotel & Restaurant","address":"Heydar Huseynov 11,4500 Mingachevir,Azerbaijan","phones":"","fax":"","email":"","url":"","countryIso2":"AZ","countryName":"Azerbaijan","hotelRating":"1","latitude":"40.7633","longitude":"47.035","state_id":null,"state_name":null,"country_id":null},{"active":false,"Giataid":"692798","cityId":null,"cityName":"Masalli","hotelId":692798,"hotelName":"Vilesh Palace Hotel","address":"Qariblyar village,Masalli,Azerbaijan","phones":"","fax":"","email":"","url":"","countryIso2":"AZ","countryName":"Azerbaijan","hotelRating":"1","latitude":"39.0361","longitude":"48.6432","state_id":null,"state_name":null,"country_id":null},{"active":false,"Giataid":"692801","cityId":null,"cityName":"Sumqayit","hotelId":692801,"hotelName":"Regnum Hotel Baku","address":"Novkhani Highway,1000 Sumqayit, Baku,Aserbaidschan,Azerbaijan","phones":"","fax":"","email":"","url":"https://www.tripadvisor.de/Hotel_Review-d12461250-","countryIso2":"AZ","countryName":"Azerbaijan","hotelRating":"1","latitude":"40.5746","longitude":"49.7186","state_id":null,"state_name":null,"country_id":null},{"active":false,"Giataid":"692806","cityId":null,"cityName":"Naftalan","hotelId":692806,"hotelName":"Kapaz Hotel & Resort Naftalan","address":"Nizami Gancavi 7,4600 Naftalan,Azerbaijan","phones":"","fax":"","email":"","url":"","countryIso2":"AZ","countryName":"Azerbaijan","hotelRating":"1","latitude":"40.5063","longitude":"46.8204","state_id":null,"state_name":null,"country_id":null},{"active":false,"Giataid":"693311","cityId":null,"cityName":"Sumqayit","hotelId":693311,"hotelName":"Sumgayit Plaza Hotel","address":"Sulh Street 26,Sumqayit,Azerbaijan","phones":"+994186556565","fax":"","email":"welcome@sumgayitplazahotel.com","url":"http://sumgayitplazahotel.com","countryIso2":"AZ","countryName":"Azerbaijan","hotelRating":"1","latitude":"40.5721","longitude":"49.6937","state_id":null,"state_name":null,"country_id":null},{"active":false,"Giataid":"751756","cityId":null,"cityName":"Stepanakert","hotelId":751756,"hotelName":"Park Hotel Artsakh","address":"Vazgen Sargsyan street 10,Stepanakert,Azerbaijan","phones":"+99437447971971","fax":"","email":"info@parkhotelartsakh.com","url":"http://parkhotelartsakh.com","countryIso2":"AZ","countryName":"Azerbaijan","hotelRating":"1","latitude":"39.8219","longitude":"46.7545","state_id":null,"state_name":null,"country_id":null},{"active":false,"Giataid":"766565","cityId":null,"cityName":"Nabran","hotelId":766565,"hotelName":"El Faro Hotel","address":"Seyidli Kuce 100,1010 Nabran,Azerbaijan","phones":"","fax":"","email":"","url":"","countryIso2":"AZ","countryName":"Azerbaijan","hotelRating":"1","latitude":"41.7785","longitude":"48.6735","state_id":null,"state_name":null,"country_id":null},{"active":false,"Giataid":"766771","cityId":null,"cityName":"Mingachevir","hotelId":766771,"hotelName":"Veten Motel","address":"Shosse Gyanzha 20?,AZ4500 Mingachevir,Azerbaijan","phones":"","fax":"","email":"","url":"","countryIso2":"AZ","countryName":"Azerbaijan","hotelRating":"1","latitude":"40.7651","longitude":"47.0365","state_id":null,"state_name":null,"country_id":null},{"active":false,"Giataid":"766829","cityId":null,"cityName":"Masalli","hotelId":766829,"hotelName":"Karal Hotel","address":"M. Talisxanov K?? 8,AZ4400 Masalli,Azerbaijan","phones":"","fax":"","email":"necef400@yahoo.com","url":"http://karal-az.book.direct","countryIso2":"AZ","countryName":"Azerbaijan","hotelRating":"1","latitude":"39.0112","longitude":"48.651","state_id":null,"state_name":null,"country_id":null},{"active":false,"Giataid":"766862","cityId":null,"cityName":"Naftalan","hotelId":766862,"hotelName":"Gozel Naftalan Health Resort","address":"Imadeddin Nasimi 5A,4600 Naftalan,Azerbaijan","phones":"","fax":"","email":"","url":"","countryIso2":"AZ","countryName":"Azerbaijan","hotelRating":"1","latitude":"40.4984","longitude":"46.8175","state_id":null,"state_name":null,"country_id":null},{"active":false,"Giataid":"767830","cityId":null,"cityName":"Nabran","hotelId":767830,"hotelName":"Hotel Bulaq","address":"AZ2724 Nabran,Azerbaijan","phones":"","fax":"","email":"","url":"","countryIso2":"AZ","countryName":"Azerbaijan","hotelRating":"1","latitude":"41.7785","longitude":"48.6735","state_id":null,"state_name":null,"country_id":null},{"active":false,"Giataid":"771348","cityId":null,"cityName":"Nabran","hotelId":771348,"hotelName":"Lotos","address":"Khachmazskyy Rayon Nabran,2724 Nabran,Azerbaijan","phones":"","fax":"","email":"","url":"","countryIso2":"AZ","countryName":"Azerbaijan","hotelRating":"1","latitude":"41.7785","longitude":"48.6735","state_id":null,"state_name":null,"country_id":null},{"active":false,"Giataid":"848628","cityId":null,"cityName":"Oghuz (city)","hotelId":848628,"hotelName":"Afra Hotel","address":"20 January Street 6,4800 Oguz,Azerbaijan","phones":"","fax":"","email":"","url":"","countryIso2":"AZ","countryName":"Azerbaijan","hotelRating":"1","latitude":"41.0728","longitude":"47.4644","state_id":null,"state_name":null,"country_id":null},{"active":false,"Giataid":"849669","cityId":null,"cityName":"Stepanakert","hotelId":849669,"hotelName":"National Artsakh","address":"Nelson Stepanyan 9a/1,Stepanakert,Azerbaijan","phones":"","fax":"","email":"info@nationalnkr.am","url":"http://nationalnkr.am/","countryIso2":"AZ","countryName":"Azerbaijan","hotelRating":"1","latitude":"39.8219","longitude":"46.7545","state_id":null,"state_name":null,"country_id":null},{"active":false,"Giataid":"431081","cityId":null,"cityName":"Stepanakert","hotelId":10082322,"hotelName":"Hotel Europe","address":"Azatamartikneri Avenue 26,Stepanakert,Nagorno-Karabakh Republic,Azerbaijan","phones":"+99437447975782","fax":"NULL","email":"NULL","url":"NULL","countryIso2":"AZ","countryName":"Azerbaijan","hotelRating":"4","latitude":"39.8219","longitude":"46.7545","state_id":null,"state_name":null,"country_id":null},{"active":false,"Giataid":"294890","cityId":null,"cityName":"Qakh","hotelId":20016554,"hotelName":"El Resort","address":"Heydar Aliyev Avenue,3400 Gakh,Azerbaijan","phones":"+994242555202","fax":"+994242555204","email":"info@elresort.az","url":"http://www.elresort.az/","countryIso2":"AZ","countryName":"Azerbaijan","hotelRating":"5","latitude":"41.4385","longitude":"46.9783","state_id":null,"state_name":null,"country_id":null},{"active":false,"Giataid":"930832","cityId":null,"cityName":"Naftalan","hotelId":20276567,"hotelName":"Ag Bina Hotel & Spa","address":"AZ0046 Naftalan,Azerbaijan","phones":"","fax":"","email":"","url":"","countryIso2":"AZ","countryName":"Azerbaijan","hotelRating":"0","latitude":"40.4984","longitude":"46.8175","state_id":null,"state_name":null,"country_id":null},{"active":false,"Giataid":"912398","cityId":null,"cityName":"Qakh","hotelId":20276568,"hotelName":"Bergs Otel And Restaurant","address":"Ilisu Azerbaijan Gakh District,AZ3400 Qax,Azerbaijan","phones":"+994242564201","fax":"","email":"bergsotel@gmail.com","url":"http://bergs-otel-and-restaurant-qax.booked.net","countryIso2":"AZ","countryName":"Azerbaijan","hotelRating":"0","latitude":"41.441","longitude":"46.9873","state_id":null,"state_name":null,"country_id":null},{"active":false,"Giataid":"931771","cityId":null,"cityName":"Shamkir","hotelId":20276569,"hotelName":"Sarkhan","address":"Nizami Gencevi,AZ5700 Semkir,Azerbaijan","phones":"","fax":"","email":"","url":"","countryIso2":"AZ","countryName":"Azerbaijan","hotelRating":"0","latitude":"40.8365","longitude":"46.0258","state_id":null,"state_name":null,"country_id":null},{"active":false,"Giataid":"912275","cityId":null,"cityName":"Oghuz (city)","hotelId":20276578,"hotelName":"Old Oghuz Hostel","address":"Unnamed Road,Saleh Qaziyev Kuc,AZ4800 Oghuz,Azerbaijan","phones":"","fax":"","email":"","url":"","countryIso2":"AZ","countryName":"Azerbaijan","hotelRating":"0","latitude":"41.0728","longitude":"47.4644","state_id":null,"state_name":null,"country_id":null},{"active":false,"Giataid":"930742","cityId":null,"cityName":"Nabran","hotelId":20276577,"hotelName":"Yashar Aliyev","address":"Muxdadir Q. Rasulzade,AZ2723 Nabran,Azerbaijan","phones":"","fax":"","email":"","url":"","countryIso2":"AZ","countryName":"Azerbaijan","hotelRating":"0","latitude":"41.7785","longitude":"48.6735","state_id":null,"state_name":null,"country_id":null},{"active":false,"Giataid":"938748","cityId":null,"cityName":"Naftalan","hotelId":20276594,"hotelName":"Sehirli Naftalan Health & Resort","address":"Imad?ddin N?simi Kuc 5 R25,4600 Naftalan,Azerbaijan","phones":"","fax":"","email":"","url":"","countryIso2":"AZ","countryName":"Azerbaijan","hotelRating":"0","latitude":"40.4984","longitude":"46.8175","state_id":null,"state_name":null,"country_id":null},{"active":false,"Giataid":"938839","cityId":null,"cityName":"Novxani","hotelId":20276604,"hotelName":"Caspian Breeze Beach Hotel And Event Club","address":"Azerbaijan,Sumgait,Corat Sumqayit,5000 Novxani,Azerbaijan","phones":"","fax":"","email":"","url":"","countryIso2":"AZ","countryName":"Azerbaijan","hotelRating":"0","latitude":"40.5737","longitude":"49.7636","state_id":null,"state_name":null,"country_id":null},{"active":false,"Giataid":"931491","cityId":null,"cityName":"Naftalan","hotelId":20276612,"hotelName":"Recreational Center Naftalan","address":"Unnamed Road 31,AZ4600 Naftalan,Azerbaijan","phones":"","fax":"","email":"","url":"","countryIso2":"AZ","countryName":"Azerbaijan","hotelRating":"0","latitude":"40.4984","longitude":"46.8175","state_id":null,"state_name":null,"country_id":null},{"active":false,"Giataid":"938831","cityId":null,"cityName":"Qakh","hotelId":20276613,"hotelName":"Qax Resort","address":"Qaxbash,3400 Qax,Azerbaijan","phones":"","fax":"","email":"","url":"","countryIso2":"AZ","countryName":"Azerbaijan","hotelRating":"0","latitude":"41.441","longitude":"46.9873","state_id":null,"state_name":null,"country_id":null},{"active":false,"Giataid":"931552","cityId":null,"cityName":"Novxani","hotelId":20276620,"hotelName":"Smart Hotel Novkhani","address":"Heydar Aliyev Street 226A,Baku,AZ0119 Novxani,Azerbaijan","phones":"","fax":"","email":"","url":"","countryIso2":"AZ","countryName":"Azerbaijan","hotelRating":"0","latitude":"40.5737","longitude":"49.7636","state_id":null,"state_name":null,"country_id":null},{"active":false,"Giataid":"930769","cityId":null,"cityName":"Masalli","hotelId":20276627,"hotelName":"Dashtvend Hotel","address":"R47 Palace,AZ4400 Masalli,Azerbaijan","phones":"","fax":"","email":"","url":"","countryIso2":"AZ","countryName":"Azerbaijan","hotelRating":"0","latitude":"39.0112","longitude":"48.651","state_id":null,"state_name":null,"country_id":null},{"active":false,"Giataid":"931563","cityId":null,"cityName":"Novxani","hotelId":20276628,"hotelName":"Family Beach Hostel","address":"Baglar Massivi 932,AZ0100 Novxani,Azerbaijan","phones":"","fax":"","email":"","url":"","countryIso2":"AZ","countryName":"Azerbaijan","hotelRating":"0","latitude":"40.5737","longitude":"49.7636","state_id":null,"state_name":null,"country_id":null},{"active":false,"Giataid":"976929","cityId":null,"cityName":"Nabran","hotelId":20389891,"hotelName":"Atlant Holiday Village","address":"1000 Nabran,Khachmaz,Azerbaijan","phones":"","fax":"","email":"","url":"","countryIso2":"AZ","countryName":"Azerbaijan","hotelRating":"0","latitude":"41.7733","longitude":"48.6809","state_id":null,"state_name":null,"country_id":null},{"active":false,"Giataid":"987168","cityId":null,"cityName":"Masalli","hotelId":20425562,"hotelName":"Palma Motel","address":"H Aliyev 10,4400 Masalli,Azerbaijan","phones":"","fax":"","email":"","url":"","countryIso2":"AZ","countryName":"Azerbaijan","hotelRating":"0","latitude":"39.0112","longitude":"48.651","state_id":null,"state_name":null,"country_id":null},{"active":false,"Giataid":"987224","cityId":null,"cityName":"Nabran","hotelId":20425579,"hotelName":"Ugur","address":"Xudat-Nabran Yolu,2724 Nabran,Azerbaijan","phones":"","fax":"","email":"","url":"","countryIso2":"AZ","countryName":"Azerbaijan","hotelRating":"0","latitude":"41.7733","longitude":"48.6809","state_id":null,"state_name":null,"country_id":null},{"active":false,"Giataid":"987211","cityId":null,"cityName":"Mingachevir","hotelId":20425587,"hotelName":"Azpetrol Hotel","address":"Heydar Aliyev Prospekti,5700 Mingachevir,Azerbaijan","phones":"","fax":"","email":"","url":"","countryIso2":"AZ","countryName":"Azerbaijan","hotelRating":"0","latitude":"40.7651","longitude":"47.0365","state_id":null,"state_name":null,"country_id":null},{"active":false,"Giataid":"987356","cityId":null,"cityName":"Shamkir","hotelId":20425597,"hotelName":"Meridian-F Hotel","address":"Cingiz Mustafayev,5725 Samkir,Azerbaijan","phones":"","fax":"","email":"","url":"","countryIso2":"AZ","countryName":"Azerbaijan","hotelRating":"0","latitude":"40.8365","longitude":"46.0258","state_id":null,"state_name":null,"country_id":null},{"active":false,"Giataid":"1012507","cityId":null,"cityName":"Nabran","hotelId":20441011,"hotelName":"Deniz Guest House","address":"Mukhtadir,Nabran,Azerbaijan","phones":"","fax":"","email":"","url":"","countryIso2":"AZ","countryName":"Azerbaijan","hotelRating":"0","latitude":"41.7733","longitude":"48.6809","state_id":null,"state_name":null,"country_id":null},{"active":false,"Giataid":"1030051","cityId":null,"cityName":"Mingachevir","hotelId":20458732,"hotelName":"Xeyal","address":"Samux 1,4501 Mingachevir,Azerbaijan","phones":"","fax":"","email":"","url":"","countryIso2":"AZ","countryName":"Azerbaijan","hotelRating":"0","latitude":"40.7651","longitude":"47.0365","state_id":null,"state_name":null,"country_id":null},{"active":false,"Giataid":"1044895","cityId":null,"cityName":"Nabran","hotelId":20460428,"hotelName":"Pavilion Guest House","address":"2724 Nabran,Azerbaijan","phones":"","fax":"","email":"","url":"","countryIso2":"AZ","countryName":"Azerbaijan","hotelRating":"0","latitude":"41.7503","longitude":"48.7059","state_id":null,"state_name":null,"country_id":null}]