[{"active":false,"Giataid":"27729","cityId":131360,"cityName":"Livingstone","hotelId":27729,"hotelName":"Royal Livingstone Victoria Falls Zambia Hotel By Anantara","address":"Mosi-oa-Tunya Road,Livingstone 20100,Zambia","phones":"+260213321122","fax":"+2603321128","email":"reservations@siyabona.com","url":"http://www.suninternational.de/index.php?option=com_content&amp;task=view&amp;id=29&amp;Itemid=44","countryIso2":"ZM","countryName":"Zambia","hotelRating":"5","latitude":"-17.9187","longitude":"25.8639","state_id":1990,"state_name":"Southern Province","country_id":246},{"active":false,"Giataid":"27730","cityId":131506,"cityName":"Victoria Falls","hotelId":27730,"hotelName":"Livingstone","address":"","phones":"","fax":"","email":"","url":"","countryIso2":"ZM","countryName":"Zambia","hotelRating":"1","latitude":"-17.8646","longitude":"25.6615","state_id":1954,"state_name":"Matabeleland North Province","country_id":247},{"active":false,"Giataid":"27731","cityId":131360,"cityName":"Livingstone","hotelId":27731,"hotelName":"AVANI Victoria Falls Resort","address":"Mosi-oa-Tunya Road,Livingstone,Zambia","phones":"+260978777044","fax":"+2603324541","email":"zambia.reservations@zm.suninternational.com","url":"http://www.suninternational.com/Destinations/Hotels/ZambeziSun/Pages/default.aspx","countryIso2":"ZM","countryName":"Zambia","hotelRating":"3","latitude":"-17.9244","longitude":"25.8656","state_id":1990,"state_name":"Southern Province","country_id":246},{"active":false,"Giataid":"47424","cityId":131360,"cityName":"Livingstone","hotelId":47424,"hotelName":"Songwe Village","address":"Songwe Avenue,Zambia Livingstone,Livingstone,Zambia","phones":"","fax":"","email":"","url":"","countryIso2":"ZM","countryName":"Zambia","hotelRating":"4","latitude":"-17.8373","longitude":"25.8653","state_id":1990,"state_name":"Southern Province","country_id":246},{"active":false,"Giataid":"47425","cityId":131360,"cityName":"Livingstone","hotelId":47425,"hotelName":"Tongabezi Lodge","address":"Private Bag 31,Livingstone,Zambia","phones":"+260213327450","fax":"","email":"","url":"","countryIso2":"ZM","countryName":"Zambia","hotelRating":"4","latitude":"-17.8208","longitude":"25.7038","state_id":1990,"state_name":"Southern Province","country_id":246},{"active":false,"Giataid":"142290","cityId":131360,"cityName":"Livingstone","hotelId":142290,"hotelName":"Natural Mystic Lodge","address":"","phones":"","fax":"","email":"","url":"","countryIso2":"ZM","countryName":"Zambia","hotelRating":"1","latitude":"-17.8536","longitude":"25.7653","state_id":1990,"state_name":"Southern Province","country_id":246},{"active":false,"Giataid":"142303","cityId":131365,"cityName":"Lusaka","hotelId":142303,"hotelName":"Pioneer Camp","address":"","phones":"+260966432700","fax":"","email":"","url":"","countryIso2":"ZM","countryName":"Zambia","hotelRating":"3","latitude":"-15.4167","longitude":"28.2833","state_id":1988,"state_name":"Lusaka Province","country_id":246},{"active":false,"Giataid":"142835","cityId":131360,"cityName":"Livingstone","hotelId":142835,"hotelName":"Stanley Safari Lodge","address":"Mukuni Road,Livingstone,Victoria Falls,Zambia","phones":"+260967848615","fax":"","email":"info@stanleysafaris.com","url":"http://stanleysafaris.com/","countryIso2":"ZM","countryName":"Zambia","hotelRating":"4","latitude":"-17.9005","longitude":"25.8944","state_id":1990,"state_name":"Southern Province","country_id":246},{"active":false,"Giataid":"142876","cityId":131365,"cityName":"Lusaka","hotelId":142876,"hotelName":"Chaminuka Luxury Lodge And Nature Reserve","address":"Church Street,Chaminuka Game Reserve,Po Box 30666,Lusaka,Zambia","phones":"+260211254146","fax":"","email":"","url":"","countryIso2":"ZM","countryName":"Zambia","hotelRating":"4","latitude":"-15.1547","longitude":"28.4988","state_id":1988,"state_name":"Lusaka Province","country_id":246},{"active":false,"Giataid":"187434","cityId":131365,"cityName":"Lusaka","hotelId":187434,"hotelName":"Taj Pamodzi Hotel","address":"Church Road,P.O. Box 35450,Lusaka  10101,Zambia","phones":"+260211254455","fax":"","email":"","url":"","countryIso2":"ZM","countryName":"Zambia","hotelRating":"5","latitude":"-15.4042","longitude":"28.3155","state_id":1988,"state_name":"Lusaka Province","country_id":246},{"active":false,"Giataid":"187454","cityId":131360,"cityName":"Livingstone","hotelId":187454,"hotelName":"Chrismar Hotel Livingstone","address":"Plot 4035, Sichango Road,P.O. BOX 60614,Livingstone,Zambia","phones":"+260213323141","fax":"","email":"","url":"","countryIso2":"ZM","countryName":"Zambia","hotelRating":"4","latitude":"-17.8822","longitude":"25.8433","state_id":1990,"state_name":"Southern Province","country_id":246},{"active":false,"Giataid":"234646","cityId":131365,"cityName":"Lusaka","hotelId":234646,"hotelName":"The Courtyard","address":"Thabo Mbeki Rd/Nangwenya Rd,Manda Hill Centre,Lusaka,Zambia","phones":"+260211257487","fax":"+260211257488","email":"res@courtyardhotel.co.zm","url":"http://www.courtyardhotel.co.zm/home.htm","countryIso2":"ZM","countryName":"Zambia","hotelRating":"3","latitude":"-15.4018","longitude":"28.3227","state_id":1988,"state_name":"Lusaka Province","country_id":246},{"active":false,"Giataid":"322488","cityId":131365,"cityName":"Lusaka","hotelId":322488,"hotelName":"Hotel Mulungushi Village","address":"","phones":"","fax":"","email":"","url":"","countryIso2":"ZM","countryName":"Zambia","hotelRating":"1","latitude":"-15.4042","longitude":"28.3155","state_id":1988,"state_name":"Lusaka Province","country_id":246},{"active":false,"Giataid":"322489","cityId":131365,"cityName":"Lusaka","hotelId":322489,"hotelName":"Eureka Camping Park","address":"","phones":"","fax":"","email":"","url":"","countryIso2":"ZM","countryName":"Zambia","hotelRating":"1","latitude":"-15.4042","longitude":"28.3155","state_id":1988,"state_name":"Lusaka Province","country_id":246},{"active":false,"Giataid":"485937","cityId":131335,"cityName":"Chingola","hotelId":485937,"hotelName":"Icon Hotel Chingola","address":"Plot 6645 Kabundi Road Chingola Central,10101 Chingola,Zambia","phones":"","fax":"","email":"","url":"http://www.iconhotel.co.zm/","countryIso2":"ZM","countryName":"Zambia","hotelRating":"1","latitude":"-12.5418","longitude":"27.879","state_id":1984,"state_name":"Copperbelt Province","country_id":246},{"active":false,"Giataid":"486754","cityId":131399,"cityName":"Zambezi","hotelId":486754,"hotelName":"Mika Convention Centre","address":"Off Great East Road Plot No.34 'A'Sub 9 Waterfalls, PO BOX 38836,Chalimbana,Zambia","phones":"+260961876570","fax":"","email":"","url":"http://mikahotels.com/","countryIso2":"ZM","countryName":"Zambia","hotelRating":"1","latitude":"-15.3393","longitude":"28.6323","state_id":1985,"state_name":"Northwestern Province","country_id":246},{"active":false,"Giataid":"518888","cityId":131358,"cityName":"Kitwe","hotelId":518888,"hotelName":"Africanza Lodge and Restaurant","address":"11 Mushitu Drive,Parklands,Kitwe,Zambia","phones":"","fax":"","email":"","url":"","countryIso2":"ZM","countryName":"Zambia","hotelRating":"3","latitude":"-12.8226","longitude":"28.2146","state_id":1984,"state_name":"Copperbelt Province","country_id":246},{"active":false,"Giataid":"522610","cityId":131358,"cityName":"Kitwe","hotelId":522610,"hotelName":"Oriental Swan Hotel Kitwe","address":"Plot sub 151A/F841,Nkana West,10101 Kitwe,Zambia","phones":"","fax":"","email":"","url":"","countryIso2":"ZM","countryName":"Zambia","hotelRating":"3","latitude":"-12.7785","longitude":"28.1792","state_id":1984,"state_name":"Copperbelt Province","country_id":246},{"active":false,"Giataid":"527566","cityId":131358,"cityName":"Kitwe","hotelId":527566,"hotelName":"Mukwa Lodge","address":"26 / 28 Mpezeni Avenue,Kitwe,Zambia","phones":"+260212224266","fax":"+260212230389","email":"mukwa@zamsat.net","url":"http://www.mukwalodge.co.zm/","countryIso2":"ZM","countryName":"Zambia","hotelRating":"1","latitude":"-12.8136","longitude":"28.2158","state_id":1984,"state_name":"Copperbelt Province","country_id":246},{"active":false,"Giataid":"527685","cityId":131383,"cityName":"Mwinilunga","hotelId":527685,"hotelName":"Lumwana Premier Resort","address":"Shilenda Road,Manyama,Lumwana,Zambia","phones":"+260218240051","fax":"","email":"info@lumwanapremierresort.com","url":"http://www.lumwanapremierresort.com/","countryIso2":"ZM","countryName":"Zambia","hotelRating":"1","latitude":"-11.7449","longitude":"24.4226","state_id":1985,"state_name":"Northwestern Province","country_id":246},{"active":false,"Giataid":"527779","cityId":131345,"cityName":"Kabwe","hotelId":527779,"hotelName":"Tuskers Hotel","address":"Buntungwa Street,P.O. Box 80942,Kabwe,Zambia","phones":"+260215222077","fax":"+260215222076","email":"tuskers@zamnet.zm","url":"http://www.tuskerszambia.com/","countryIso2":"ZM","countryName":"Zambia","hotelRating":"1","latitude":"-14.4439","longitude":"28.4454","state_id":1986,"state_name":"Central Province","country_id":246},{"active":false,"Giataid":"528339","cityId":131358,"cityName":"Kitwe","hotelId":528339,"hotelName":"Sherbourne Hotels","address":"20 Pamo Avenue,Parklands,Kitwe,Copperbelt,Zambia","phones":"+260212222168","fax":"","email":"","url":"http://www.sherbourne.co.zm/","countryIso2":"ZM","countryName":"Zambia","hotelRating":"1","latitude":"-12.8226","longitude":"28.2146","state_id":1984,"state_name":"Copperbelt Province","country_id":246},{"active":false,"Giataid":"528454","cityId":63727,"cityName":"Kasama","hotelId":528454,"hotelName":"Ndole Bay Lodge","address":"","phones":"","fax":"","email":"info@ndolebaylodge.com","url":"http://ndolebaylodge.com/","countryIso2":"ZM","countryName":"Zambia","hotelRating":"1","latitude":"-8.48292","longitude":"30.4509","state_id":851,"state_name":"Ibaraki Prefecture","country_id":109},{"active":false,"Giataid":"530757","cityId":131345,"cityName":"Kabwe","hotelId":530757,"hotelName":"Leopard Lodge","address":"P.o Box Leopard Lodge,Kabwe, Zambia,Zambia","phones":"+26027824165894","fax":"","email":"info@leopard-lodge.com","url":"http://www.leopard-lodge.com","countryIso2":"ZM","countryName":"Zambia","hotelRating":"1","latitude":"-14.5458","longitude":"26.4851","state_id":1986,"state_name":"Central Province","country_id":246},{"active":false,"Giataid":"548122","cityId":131365,"cityName":"Lusaka","hotelId":548122,"hotelName":"Natwange Backpackers","address":"6808 Kapuka Road,Olympia Extension,Lusaka,Zambia","phones":"+260966303816","fax":"","email":"natwangebp@gmail.com","url":"http://www.natwangebackpackers.com/","countryIso2":"ZM","countryName":"Zambia","hotelRating":"2","latitude":"-15.3839","longitude":"28.305","state_id":1988,"state_name":"Lusaka Province","country_id":246},{"active":false,"Giataid":"594954","cityId":131388,"cityName":"Ndola","hotelId":594954,"hotelName":"Protea Hotel Ndola","address":"Kitwe Dual Carriage Way,Ndola,Zambia","phones":"+260212626200","fax":"+260211252384","email":"","url":"http://www.marriott.com/hotels/travel/nlapr-protea-hotel-ndola/","countryIso2":"ZM","countryName":"Zambia","hotelRating":"3","latitude":"-12.9732","longitude":"28.6075","state_id":1984,"state_name":"Copperbelt Province","country_id":246},{"active":false,"Giataid":"652332","cityId":63727,"cityName":"Kasama","hotelId":652332,"hotelName":"Ilombe Island Lodge","address":"95 km West of Livingstone,Mambova Village,Kazangula,Kasama,Zambia","phones":"+26027837083787","fax":"","email":"nfo@sekoma.co.za","url":"http://sekoma.co.za/ilombe-island-lodge/ilombe-accommodation/","countryIso2":"ZM","countryName":"Zambia","hotelRating":"1","latitude":"-10.2424","longitude":"31.203","state_id":851,"state_name":"Ibaraki Prefecture","country_id":109},{"active":false,"Giataid":"678915","cityId":131358,"cityName":"Kitwe","hotelId":678915,"hotelName":"Pamo Hotel & Restaurant","address":"2 Pamo Avenue,Parklands,50100 Kitwe,Zambia","phones":"+260212222769","fax":"","email":"pamohotelbooking@zamnet.zm","url":"http://www.copperbeltlodging.com/pamo/","countryIso2":"ZM","countryName":"Zambia","hotelRating":"1","latitude":"-12.8122","longitude":"28.214","state_id":1984,"state_name":"Copperbelt Province","country_id":246},{"active":false,"Giataid":"679074","cityId":131358,"cityName":"Kitwe","hotelId":679074,"hotelName":"Edinburgh Hotel","address":"Obote Avenue,10101 Kitwe,Zambia","phones":"","fax":"","email":"","url":"","countryIso2":"ZM","countryName":"Zambia","hotelRating":"1","latitude":"-12.8196","longitude":"28.2093","state_id":1984,"state_name":"Copperbelt Province","country_id":246},{"active":false,"Giataid":"720029","cityId":131365,"cityName":"Lusaka","hotelId":720029,"hotelName":"Lusaka Backpackers","address":"NULL","phones":"+260977805483","fax":"","email":"info@lusakabackpackers.com","url":"http://www.lusakabackpackers.com","countryIso2":"ZM","countryName":"Zambia","hotelRating":"1","latitude":"-15.412","longitude":"28.2918","state_id":1988,"state_name":"Lusaka Province","country_id":246},{"active":false,"Giataid":"724287","cityId":131360,"cityName":"Livingstone","hotelId":724287,"hotelName":"Olga's The Italian Corner","address":"20 Makambo Road,Livingstone 60138,Zambia","phones":"+260213324160","fax":"","email":"info@olgasproject.com","url":"http://www.olgasproject.com","countryIso2":"ZM","countryName":"Zambia","hotelRating":"1","latitude":"-17.8533","longitude":"25.8563","state_id":1990,"state_name":"Southern Province","country_id":246},{"active":false,"Giataid":"724456","cityId":131360,"cityName":"Livingstone","hotelId":724456,"hotelName":"Livingstone Backpackers","address":"559 Mokambo Road,Livingstone,Zambia","phones":"+260213324730","fax":"","email":"info@livingstonebackpackers.com","url":"http://www.livingstonebackpackers.com","countryIso2":"ZM","countryName":"Zambia","hotelRating":"1","latitude":"-17.8507","longitude":"25.8568","state_id":1990,"state_name":"Southern Province","country_id":246},{"active":false,"Giataid":"727294","cityId":131365,"cityName":"Lusaka","hotelId":727294,"hotelName":"Goldenzambezi Hotel Lodge","address":"Plot No.35190/35383 Off Alick Nkhata,Near Mass Media,P.o Box 37593,Lusaka 10101,Zambia","phones":"+260211251369","fax":"","email":"info@goldenzambezi.com","url":"http://goldenzambezi.com","countryIso2":"ZM","countryName":"Zambia","hotelRating":"1","latitude":"-15.4042","longitude":"28.3155","state_id":1988,"state_name":"Lusaka Province","country_id":246},{"active":false,"Giataid":"731138","cityId":131360,"cityName":"Livingstone","hotelId":731138,"hotelName":"Ngolide Lodge","address":"110 Mosi-oa-Tunya Road,Livingstone 10101,Zambia","phones":"+260213321091","fax":"","email":"info@ngolidelodge.com","url":"http://www.ngolidelodge.com","countryIso2":"ZM","countryName":"Zambia","hotelRating":"1","latitude":"-17.8536","longitude":"25.7653","state_id":1990,"state_name":"Southern Province","country_id":246},{"active":false,"Giataid":"731261","cityId":131365,"cityName":"Lusaka","hotelId":731261,"hotelName":"Ndeke Hotel","address":"8094 Dundudza Chisizda Crescent,Lusaka 10101,Zambia","phones":"","fax":"","email":"","url":"","countryIso2":"ZM","countryName":"Zambia","hotelRating":"1","latitude":"-15.4042","longitude":"28.3155","state_id":1988,"state_name":"Lusaka Province","country_id":246},{"active":false,"Giataid":"731528","cityId":131365,"cityName":"Lusaka","hotelId":731528,"hotelName":"The Prince Charles Hotel","address":"Linda Road,Off Kafue Road,Bonaventure Makeni,Lusaka 10101,Zambia","phones":"","fax":"","email":"","url":"","countryIso2":"ZM","countryName":"Zambia","hotelRating":"1","latitude":"-15.4042","longitude":"28.3155","state_id":1988,"state_name":"Lusaka Province","country_id":246},{"active":false,"Giataid":"733880","cityId":131360,"cityName":"Livingstone","hotelId":733880,"hotelName":"New Fairmount Hotel and Casin","address":"441/2 Mosi Oa Tunya Road,PO Box 60096,Livingstone 10101,Zambia","phones":"+260213320723","fax":"","email":"nfhc_reservations@iconnect.zm","url":"https://www.newfairmounthotel.co.zm","countryIso2":"ZM","countryName":"Zambia","hotelRating":"1","latitude":"-17.8536","longitude":"25.7653","state_id":1990,"state_name":"Southern Province","country_id":246},{"active":false,"Giataid":"737247","cityId":131360,"cityName":"Livingstone","hotelId":737247,"hotelName":"KM Executive Lodge","address":"2898/53 Off Lusaka Road,Highland Area,Livingstone 10101,Zambia","phones":"","fax":"","email":"","url":"","countryIso2":"ZM","countryName":"Zambia","hotelRating":"1","latitude":"-17.8321","longitude":"25.8607","state_id":1990,"state_name":"Southern Province","country_id":246},{"active":false,"Giataid":"738008","cityId":131358,"cityName":"Kitwe","hotelId":738008,"hotelName":"Melunah Lodge","address":"Plot 7086 Freedom Way Riverside Kitwe,Kitwe 01001,Zambia","phones":"","fax":"","email":"","url":"","countryIso2":"ZM","countryName":"Zambia","hotelRating":"1","latitude":"-12.8226","longitude":"28.2146","state_id":1984,"state_name":"Copperbelt Province","country_id":246},{"active":false,"Giataid":"739659","cityId":131365,"cityName":"Lusaka","hotelId":739659,"hotelName":"Premier Hotel","address":"4467/8 Kenneth Kaunda House,PO Box 33579,Lusaka 33579,Zambia","phones":"","fax":"","email":"","url":"","countryIso2":"ZM","countryName":"Zambia","hotelRating":"1","latitude":"-15.4042","longitude":"28.3155","state_id":1988,"state_name":"Lusaka Province","country_id":246},{"active":false,"Giataid":"741808","cityId":131365,"cityName":"Lusaka","hotelId":741808,"hotelName":"Four Pillars Lodge","address":"36398 Alick Nkhata Road,Mass Media Area,Lusaka 10100,Zambia","phones":"+260211252910","fax":"","email":"fourpillars1@gmail.com","url":"http://www.fourpillarslodge.co.zm","countryIso2":"ZM","countryName":"Zambia","hotelRating":"1","latitude":"-15.4081","longitude":"28.3247","state_id":1988,"state_name":"Lusaka Province","country_id":246},{"active":false,"Giataid":"746201","cityId":131360,"cityName":"Livingstone","hotelId":746201,"hotelName":"Cafe Zambezi House Of Africa","address":"214-217 Area Mosi-Oa-Tunya Road,Livingstone 60095,Zambia","phones":"","fax":"","email":"","url":"","countryIso2":"ZM","countryName":"Zambia","hotelRating":"1","latitude":"-17.8557","longitude":"25.855","state_id":1990,"state_name":"Southern Province","country_id":246},{"active":false,"Giataid":"749276","cityId":131365,"cityName":"Lusaka","hotelId":749276,"hotelName":"Hilton Garden Inn Lusaka","address":"corner Cairo Road & Cha Cha Cha Road,Lusaka,Zambia","phones":"+260211324777","fax":"","email":"","url":"http://hiltongardeninn3.hilton.com/en/hotels/zambia/hilton-garden-inn-lusaka-society-business-park-LUNCCGI/index.html","countryIso2":"ZM","countryName":"Zambia","hotelRating":"4","latitude":"-15.4177","longitude":"28.2816","state_id":1988,"state_name":"Lusaka Province","country_id":246},{"active":false,"Giataid":"754904","cityId":131346,"cityName":"Kafue","hotelId":754904,"hotelName":"Chita Lodge","address":"Plot F484A Kafue Road,Kafue 10101,Lusaka,Zambia","phones":"","fax":"","email":"","url":"","countryIso2":"ZM","countryName":"Zambia","hotelRating":"1","latitude":"-15.4042","longitude":"28.3155","state_id":1988,"state_name":"Lusaka Province","country_id":246},{"active":false,"Giataid":"757543","cityId":131365,"cityName":"Lusaka","hotelId":757543,"hotelName":"Southern Park Hotels","address":"Off Ngwerere Avenue,Chelstone Extenstion,Plot 1501,Lusaka 10101,Zambia","phones":"","fax":"","email":"book@southernparkhotels.com","url":"http://southernparkhotels.com","countryIso2":"ZM","countryName":"Zambia","hotelRating":"1","latitude":"-15.4042","longitude":"28.3155","state_id":1988,"state_name":"Lusaka Province","country_id":246},{"active":false,"Giataid":"804299","cityId":131365,"cityName":"Lusaka","hotelId":804299,"hotelName":"Kalulu Backpackers","address":"20 Broads Road,Lusaka 10100,Zambia","phones":"+260211231486","fax":"","email":"info@backpacklusaka.com","url":"http://www.backpacklusaka.com/","countryIso2":"ZM","countryName":"Zambia","hotelRating":"1","latitude":"-15.4113","longitude":"28.291","state_id":1988,"state_name":"Lusaka Province","country_id":246},{"active":false,"Giataid":"804331","cityId":131365,"cityName":"Lusaka","hotelId":804331,"hotelName":"Kumunzi Backpackers","address":"4 Limbe Road,Off Paseli Road,Northmead,Lusaka 10100,Zambia","phones":"","fax":"","email":"","url":"","countryIso2":"ZM","countryName":"Zambia","hotelRating":"1","latitude":"-15.4042","longitude":"28.3155","state_id":1988,"state_name":"Lusaka Province","country_id":246},{"active":false,"Giataid":"804338","cityId":131365,"cityName":"Lusaka","hotelId":804338,"hotelName":"Mpanga Ya Mambwe Lodge","address":"Plot 23518 Opposite PHI Mall,Chainama,Kabulonga,Lusaka 10101,Zambia","phones":"","fax":"","email":"","url":"","countryIso2":"ZM","countryName":"Zambia","hotelRating":"1","latitude":"-15.4042","longitude":"28.3155","state_id":1988,"state_name":"Lusaka Province","country_id":246},{"active":false,"Giataid":"804436","cityId":131388,"cityName":"Ndola","hotelId":804436,"hotelName":"Mukuba Hotel","address":"Crompton Road,Ndola 10101,Zambia","phones":"","fax":"","email":"","url":"","countryIso2":"ZM","countryName":"Zambia","hotelRating":"1","latitude":"-12.9682","longitude":"28.6374","state_id":1984,"state_name":"Copperbelt Province","country_id":246},{"active":false,"Giataid":"804439","cityId":131388,"cityName":"Ndola","hotelId":804439,"hotelName":"New Ambassador Hotel","address":"President Avenue,PO Box 71198,Ndola,Zambia","phones":"","fax":"","email":"","url":"http://www.ambassadorhotelzambia.com","countryIso2":"ZM","countryName":"Zambia","hotelRating":"1","latitude":"-12.9682","longitude":"28.6374","state_id":1984,"state_name":"Copperbelt Province","country_id":246},{"active":false,"Giataid":"807722","cityId":131365,"cityName":"Lusaka","hotelId":807722,"hotelName":"Grand Palace Hotel","address":"Plot 35376 Thabo Mbeki Road,Lusaka 37077,Zambia","phones":"+260211251014","fax":"+260211250972","email":"info@grandpalacez.com","url":"http://www.grandpalacez.com","countryIso2":"ZM","countryName":"Zambia","hotelRating":"1","latitude":"-15.4042","longitude":"28.3155","state_id":1988,"state_name":"Lusaka Province","country_id":246},{"active":false,"Giataid":"811539","cityId":131365,"cityName":"Lusaka","hotelId":811539,"hotelName":"Tanuger Guest House","address":"Sibweni Road,Lusaka 10100,Zambia","phones":"","fax":"","email":"info@tanuger.com","url":"http://tanuger.com","countryIso2":"ZM","countryName":"Zambia","hotelRating":"1","latitude":"-15.4042","longitude":"28.3155","state_id":1988,"state_name":"Lusaka Province","country_id":246},{"active":false,"Giataid":"811565","cityId":131365,"cityName":"Lusaka","hotelId":811565,"hotelName":"Fish Eagle Backpackers","address":"159 Mwambula Road,Jesmondine,Lusaka 00100,Zambia","phones":"","fax":"","email":"","url":"","countryIso2":"ZM","countryName":"Zambia","hotelRating":"1","latitude":"-15.4042","longitude":"28.3155","state_id":1988,"state_name":"Lusaka Province","country_id":246},{"active":false,"Giataid":"811663","cityId":131360,"cityName":"Livingstone","hotelId":811663,"hotelName":"Queens Hill Hotel","address":"Mushili Way Road,Livingstone 10101,Zambia","phones":"","fax":"","email":"","url":"","countryIso2":"ZM","countryName":"Zambia","hotelRating":"1","latitude":"-17.8536","longitude":"25.7653","state_id":1990,"state_name":"Southern Province","country_id":246},{"active":false,"Giataid":"811677","cityId":131365,"cityName":"Lusaka","hotelId":811677,"hotelName":"Musungwa Safari Lodge","address":"D769 Itezhi-Tezhi,Lusaka 10101,Zambia","phones":"","fax":"","email":"safker@global.co.za","url":"http://www.musungwalodge.co.za","countryIso2":"ZM","countryName":"Zambia","hotelRating":"1","latitude":"-15.4042","longitude":"28.3155","state_id":1988,"state_name":"Lusaka Province","country_id":246},{"active":false,"Giataid":"812707","cityId":131365,"cityName":"Lusaka","hotelId":812707,"hotelName":"Tecla Hotel","address":"Plot 10445 Off Great East Road,Lusaka 10101,Zambia","phones":"+260211295078","fax":"","email":"info@teclalodges.com","url":"http://teclalodges.com","countryIso2":"ZM","countryName":"Zambia","hotelRating":"1","latitude":"-15.4042","longitude":"28.3155","state_id":1988,"state_name":"Lusaka Province","country_id":246},{"active":false,"Giataid":"812800","cityId":131388,"cityName":"Ndola","hotelId":812800,"hotelName":"Starscape Hotel","address":"Broadway,Ndola 10100,Zambia","phones":"","fax":"","email":"","url":"","countryIso2":"ZM","countryName":"Zambia","hotelRating":"1","latitude":"-12.9682","longitude":"28.6374","state_id":1984,"state_name":"Copperbelt Province","country_id":246},{"active":false,"Giataid":"814921","cityId":131365,"cityName":"Lusaka","hotelId":814921,"hotelName":"Eastern Moon Hotel","address":"14654 Bombay Road,Off Kafue Road,Lusaka,Zambia","phones":"","fax":"","email":"","url":"","countryIso2":"ZM","countryName":"Zambia","hotelRating":"1","latitude":"-15.4042","longitude":"28.3155","state_id":1988,"state_name":"Lusaka Province","country_id":246},{"active":false,"Giataid":"814942","cityId":131365,"cityName":"Lusaka","hotelId":814942,"hotelName":"Zambezi Grande","address":"Plot 2374 Thabo Mbeki Road,Counting House Square,Lusaka 10101,Zambia","phones":"+260315828315","fax":"+260862399425","email":"reservations@zambezigrande.com","url":"http://www.zambezigrande.com","countryIso2":"ZM","countryName":"Zambia","hotelRating":"1","latitude":"-15.4042","longitude":"28.3155","state_id":1988,"state_name":"Lusaka Province","country_id":246},{"active":false,"Giataid":"814987","cityId":131365,"cityName":"Lusaka","hotelId":814987,"hotelName":"Wilingima Hotel","address":"Off Kkia Airport Road 13619,Near Hitachi Industries,Lusaka 10101,Zambia","phones":"","fax":"","email":"","url":"","countryIso2":"ZM","countryName":"Zambia","hotelRating":"1","latitude":"-15.4042","longitude":"28.3155","state_id":1988,"state_name":"Lusaka Province","country_id":246},{"active":false,"Giataid":"815054","cityId":131365,"cityName":"Lusaka","hotelId":815054,"hotelName":"Ocean Hotel","address":"9490B Kafue Road,Lusaka 10101,Zambia","phones":"","fax":"","email":"","url":"","countryIso2":"ZM","countryName":"Zambia","hotelRating":"1","latitude":"-15.4042","longitude":"28.3155","state_id":1988,"state_name":"Lusaka Province","country_id":246},{"active":false,"Giataid":"817000","cityId":131365,"cityName":"Lusaka","hotelId":817000,"hotelName":"Backpackers Zambia","address":"115 Independence Avenue,Lusaka 10101,Zambia","phones":"","fax":"","email":"","url":"","countryIso2":"ZM","countryName":"Zambia","hotelRating":"1","latitude":"-15.4042","longitude":"28.3155","state_id":1988,"state_name":"Lusaka Province","country_id":246},{"active":false,"Giataid":"817811","cityId":131365,"cityName":"Lusaka","hotelId":817811,"hotelName":"Stay In Motel","address":"Alick Nkhata Road,Lusaka 10101,Zambia","phones":"","fax":"","email":"","url":"","countryIso2":"ZM","countryName":"Zambia","hotelRating":"1","latitude":"-15.4042","longitude":"28.3155","state_id":1988,"state_name":"Lusaka Province","country_id":246},{"active":false,"Giataid":"817959","cityId":131345,"cityName":"Kabwe","hotelId":817959,"hotelName":"Ghana Avenue Motion Lodge","address":"21 Ghana Avenue,Kabwe 10101,Zambia","phones":"","fax":"","email":"","url":"","countryIso2":"ZM","countryName":"Zambia","hotelRating":"1","latitude":"0","longitude":"0","state_id":1986,"state_name":"Central Province","country_id":246},{"active":false,"Giataid":"818123","cityId":131365,"cityName":"Lusaka","hotelId":818123,"hotelName":"Long Huayuan Hotel","address":"Kasangula Road,Lusaka 10101,Zambia","phones":"","fax":"","email":"","url":"","countryIso2":"ZM","countryName":"Zambia","hotelRating":"1","latitude":"-15.4042","longitude":"28.3155","state_id":1988,"state_name":"Lusaka Province","country_id":246},{"active":false,"Giataid":"818976","cityId":131365,"cityName":"Lusaka","hotelId":818976,"hotelName":"Jesmondine Backpackers","address":"Plot 9 Mwambula Road,1st Street,Lusaka 10110,Zambia","phones":"","fax":"","email":"","url":"","countryIso2":"ZM","countryName":"Zambia","hotelRating":"1","latitude":"-15.4042","longitude":"28.3155","state_id":1988,"state_name":"Lusaka Province","country_id":246},{"active":false,"Giataid":"822047","cityId":131360,"cityName":"Livingstone","hotelId":822047,"hotelName":"Africa Backpackers","address":"Mushili Way Road,Livingstone 10101,Zambia","phones":"","fax":"","email":"","url":"","countryIso2":"ZM","countryName":"Zambia","hotelRating":"1","latitude":"-17.8536","longitude":"25.7653","state_id":1990,"state_name":"Southern Province","country_id":246},{"active":false,"Giataid":"847141","cityId":131360,"cityName":"Livingstone","hotelId":847141,"hotelName":"Roysam Lodge","address":"Plot N4 161 Airport Road,Livingstone 20100,Zambia","phones":"","fax":"","email":"","url":"","countryIso2":"ZM","countryName":"Zambia","hotelRating":"1","latitude":"-17.8377","longitude":"25.8513","state_id":1990,"state_name":"Southern Province","country_id":246},{"active":false,"Giataid":"847154","cityId":131365,"cityName":"Lusaka","hotelId":847154,"hotelName":"AMB Luxury Apartments","address":"93 Makishi Road,Lusaka 10100,Lusaka Province,Zambia","phones":"","fax":"","email":"","url":"","countryIso2":"ZM","countryName":"Zambia","hotelRating":"1","latitude":"-15.4042","longitude":"28.3155","state_id":1988,"state_name":"Lusaka Province","country_id":246},{"active":false,"Giataid":"847160","cityId":131360,"cityName":"Livingstone","hotelId":847160,"hotelName":"Richland Lodges","address":"Plot 2671 Mutelo Street,Livingstone 10101,Southern,Zambia","phones":"","fax":"","email":"richlandlodges@gmail.com","url":"","countryIso2":"ZM","countryName":"Zambia","hotelRating":"1","latitude":"-17.8536","longitude":"25.7653","state_id":1990,"state_name":"Southern Province","country_id":246},{"active":false,"Giataid":"847165","cityId":131360,"cityName":"Livingstone","hotelId":847165,"hotelName":"Kwesu Guest House","address":"Plot 4424/188 Chipembi Road,Highlands,Livingstone 00100,Zambia","phones":"","fax":"","email":"","url":"","countryIso2":"ZM","countryName":"Zambia","hotelRating":"1","latitude":"-17.8557","longitude":"25.8618","state_id":1990,"state_name":"Southern Province","country_id":246},{"active":false,"Giataid":"496053","cityId":131365,"cityName":"Lusaka","hotelId":10090993,"hotelName":"Latitude 15","address":"35F Leopards Lane Lusaka,Kabulonga,50100 Lusaka,Zambia","phones":"+260211268802","fax":"NULL","email":"NULL","url":"NULL","countryIso2":"ZM","countryName":"Zambia","hotelRating":"3","latitude":"-15.4361","longitude":"28.3521","state_id":1988,"state_name":"Lusaka Province","country_id":246},{"active":false,"Giataid":"552706","cityId":131360,"cityName":"Livingstone","hotelId":10092098,"hotelName":"Lepatino Bed & Breakfast","address":"4634 Nehru Way,Off Mutelo / Mosi-O-Tunya Road,Fallsview,Livingstone,Zambia","phones":"+260213320409","fax":"NULL","email":"NULL","url":"NULL","countryIso2":"ZM","countryName":"Zambia","hotelRating":"3","latitude":"-17.8442","longitude":"25.854","state_id":1990,"state_name":"Southern Province","country_id":246},{"active":false,"Giataid":"433666","cityId":131365,"cityName":"Lusaka","hotelId":10092635,"hotelName":"Lilayi Lodge","address":"Off Lilayi Road,Lilayi,Lusaka 10100,Zambia","phones":"+260211840435","fax":"NULL","email":"NULL","url":"NULL","countryIso2":"ZM","countryName":"Zambia","hotelRating":"4","latitude":"-15.5414","longitude":"28.338","state_id":1988,"state_name":"Lusaka Province","country_id":246},{"active":false,"Giataid":"562197","cityId":131360,"cityName":"Livingstone","hotelId":10092695,"hotelName":"Limbo Lodge","address":"Lusaka Road Stand 7671/7673,Livingstone 20100,Zambia","phones":"+260213322096","fax":"NULL","email":"NULL","url":"NULL","countryIso2":"ZM","countryName":"Zambia","hotelRating":"3","latitude":"-17.8236","longitude":"25.8567","state_id":1990,"state_name":"Southern Province","country_id":246},{"active":false,"Giataid":"497502","cityId":131365,"cityName":"Lusaka","hotelId":10094233,"hotelName":"Lusaka MosI-O-Tunya Executive Lodge","address":"Plot 13118 Rockfield,Chilenje South,Lusaka 13118,Zambia","phones":"NULL","fax":"NULL","email":"NULL","url":"NULL","countryIso2":"ZM","countryName":"Zambia","hotelRating":"3","latitude":"-15.4586","longitude":"28.3452","state_id":1988,"state_name":"Lusaka Province","country_id":246},{"active":false,"Giataid":"517180","cityId":131365,"cityName":"Lusaka","hotelId":10094788,"hotelName":"Mika Convention Center Meanwood","address":"34A sub 9 Waterfalls,P.O. Box 38836,Meanwood,Chongwe,Zambia","phones":"NULL","fax":"NULL","email":"NULL","url":"NULL","countryIso2":"ZM","countryName":"Zambia","hotelRating":"5","latitude":"-15.3704","longitude":"28.4238","state_id":1988,"state_name":"Lusaka Province","country_id":246},{"active":false,"Giataid":"485696","cityId":131365,"cityName":"Lusaka","hotelId":10094792,"hotelName":"Mika Hotel Kabulonga","address":"116 Off Kudu Road,Kabulonga,Lusaka 10101,Zambia","phones":"NULL","fax":"NULL","email":"NULL","url":"NULL","countryIso2":"ZM","countryName":"Zambia","hotelRating":"3","latitude":"-15.4104","longitude":"28.3512","state_id":1988,"state_name":"Lusaka Province","country_id":246},{"active":false,"Giataid":"496068","cityId":131365,"cityName":"Lusaka","hotelId":10094795,"hotelName":"Mika Lodge","address":"106 Central Street,PO Box 38836,Jesmondine,Lusaka 10101,Zambia","phones":"+260211291557","fax":"NULL","email":"NULL","url":"NULL","countryIso2":"ZM","countryName":"Zambia","hotelRating":"3","latitude":"-15.386","longitude":"28.3385","state_id":1988,"state_name":"Lusaka Province","country_id":246},{"active":false,"Giataid":"496055","cityId":131360,"cityName":"Livingstone","hotelId":10095570,"hotelName":"MosI-O-Tunya Executive Lodge","address":"Plot  4424/37,HighLands,Livingstone 10101,Zambia","phones":"+2609773891512","fax":"NULL","email":"NULL","url":"NULL","countryIso2":"ZM","countryName":"Zambia","hotelRating":"3","latitude":"-17.8209","longitude":"25.8661","state_id":1990,"state_name":"Southern Province","country_id":246},{"active":false,"Giataid":"497920","cityId":131365,"cityName":"Lusaka","hotelId":10097675,"hotelName":"The Lusaka Hotel","address":"Corner Cairo / Katondo,Lusaka,Zambia","phones":"NULL","fax":"NULL","email":"NULL","url":"NULL","countryIso2":"ZM","countryName":"Zambia","hotelRating":"3","latitude":"-15.4203","longitude":"28.2818","state_id":1988,"state_name":"Lusaka Province","country_id":246},{"active":false,"Giataid":"526662","cityId":131365,"cityName":"Lusaka","hotelId":10101154,"hotelName":"Palmwood Lodge","address":"609 Central Street,Chudleigh,10101 Lusaka,Zambia","phones":"NULL","fax":"NULL","email":"NULL","url":"NULL","countryIso2":"ZM","countryName":"Zambia","hotelRating":"3","latitude":"-15.3692","longitude":"28.3379","state_id":1988,"state_name":"Lusaka Province","country_id":246},{"active":false,"Giataid":"679909","cityId":131365,"cityName":"Lusaka","hotelId":10103812,"hotelName":"Protea Hotel Lusaka Tower","address":"Arcades Shopping and Entertainment Complex,Corner Thabo Mbeki and Great East Road,Lusaka 10101,Lusaka Province,Zambia","phones":"+260211375800","fax":"NULL","email":"NULL","url":"NULL","countryIso2":"ZM","countryName":"Zambia","hotelRating":"4","latitude":"-15.3921","longitude":"28.3181","state_id":1988,"state_name":"Lusaka Province","country_id":246},{"active":false,"Giataid":"496057","cityId":131360,"cityName":"Livingstone","hotelId":10104651,"hotelName":"Zinga Backpackers","address":"Magoye Road 25,Livingstone 10101,Zambia","phones":"NULL","fax":"NULL","email":"NULL","url":"NULL","countryIso2":"ZM","countryName":"Zambia","hotelRating":"1","latitude":"-17.8377","longitude":"25.8683","state_id":1990,"state_name":"Southern Province","country_id":246},{"active":false,"Giataid":"432133","cityId":131365,"cityName":"Lusaka","hotelId":10112440,"hotelName":"Best Western Plus Lusaka Grand Hotel","address":"8018A Great East Road,Lusaka 10101,Zambia","phones":"+260211239666","fax":"NULL","email":"NULL","url":"NULL","countryIso2":"ZM","countryName":"Zambia","hotelRating":"4","latitude":"-15.4069","longitude":"28.2853","state_id":1988,"state_name":"Lusaka Province","country_id":246},{"active":false,"Giataid":"507117","cityId":131360,"cityName":"Livingstone","hotelId":10113930,"hotelName":"Bushfront Lodge","address":"Mosai Tunya Road,Livingstone 20100,Zambia","phones":"NULL","fax":"NULL","email":"NULL","url":"NULL","countryIso2":"ZM","countryName":"Zambia","hotelRating":"3","latitude":"-17.8783","longitude":"25.8457","state_id":1990,"state_name":"Southern Province","country_id":246},{"active":false,"Giataid":"485666","cityId":131365,"cityName":"Lusaka","hotelId":10114721,"hotelName":"Chamba Valley Exotic Hotel","address":"609/E/12/A3 Central Street,P.O Box 38836,10101 Lusaka,Chamba Valley,Zambia","phones":"+260978749943","fax":"NULL","email":"NULL","url":"NULL","countryIso2":"ZM","countryName":"Zambia","hotelRating":"4","latitude":"-15.3865","longitude":"28.332","state_id":1988,"state_name":"Lusaka Province","country_id":246},{"active":false,"Giataid":"406293","cityId":131365,"cityName":"Lusaka","hotelId":10115000,"hotelName":"Chrismar Hotel Lusaka","address":"6892 Los Angeles Boulevard,P.O. Box 31407,Lusaka 10101,Zambia","phones":"+260211253036","fax":"NULL","email":"NULL","url":"NULL","countryIso2":"ZM","countryName":"Zambia","hotelRating":"4","latitude":"-15.42","longitude":"28.3189","state_id":1988,"state_name":"Lusaka Province","country_id":246},{"active":false,"Giataid":"420567","cityId":131360,"cityName":"Livingstone","hotelId":10115498,"hotelName":"Comfort Corner Guesthouse","address":"24 Maambo Way,Livingstone 10101,Zambia","phones":"+260974895399","fax":"NULL","email":"NULL","url":"NULL","countryIso2":"ZM","countryName":"Zambia","hotelRating":"3","latitude":"-17.8408","longitude":"25.859","state_id":1990,"state_name":"Southern Province","country_id":246},{"active":false,"Giataid":"553054","cityId":131365,"cityName":"Lusaka","hotelId":10118517,"hotelName":"Fallsway Apartments Burley Court","address":"Plot 2012,Nyakaseya Road,Lusaka,Zambia","phones":"+260978771158","fax":"NULL","email":"NULL","url":"NULL","countryIso2":"ZM","countryName":"Zambia","hotelRating":"3","latitude":"-15.4167","longitude":"28.2944","state_id":1988,"state_name":"Lusaka Province","country_id":246},{"active":false,"Giataid":"553057","cityId":131365,"cityName":"Lusaka","hotelId":10118518,"hotelName":"Fallsway Apartments Louden Court","address":"Nasser Road,Plot 2056,Lusaka,Zambia","phones":"+260978771158","fax":"NULL","email":"NULL","url":"NULL","countryIso2":"ZM","countryName":"Zambia","hotelRating":"3","latitude":"-15.42","longitude":"28.298","state_id":1988,"state_name":"Lusaka Province","country_id":246},{"active":false,"Giataid":"510913","cityId":131365,"cityName":"Lusaka","hotelId":10118519,"hotelName":"Fallsway Villas","address":"Plot 11721 Thabo Mbeki Road,11721 Lusaka,Zambia","phones":"NULL","fax":"NULL","email":"NULL","url":"NULL","countryIso2":"ZM","countryName":"Zambia","hotelRating":"4","latitude":"-15.3984","longitude":"28.3208","state_id":1988,"state_name":"Lusaka Province","country_id":246},{"active":false,"Giataid":"487442","cityId":131360,"cityName":"Livingstone","hotelId":10119513,"hotelName":"Golden Chopsticks Hotel Livingstone","address":"John Huntway plot 660,10101 Livingstone,Zambia","phones":"NULL","fax":"NULL","email":"NULL","url":"NULL","countryIso2":"ZM","countryName":"Zambia","hotelRating":"3","latitude":"-17.8466","longitude":"25.8558","state_id":1990,"state_name":"Southern Province","country_id":246},{"active":false,"Giataid":"545877","cityId":131360,"cityName":"Livingstone","hotelId":10120693,"hotelName":"Green Tree Lodge","address":"2015 Kombe Drive,P.O. Box 60847,Livingstone,Zambia","phones":"+260213322631","fax":"NULL","email":"NULL","url":"NULL","countryIso2":"ZM","countryName":"Zambia","hotelRating":"3","latitude":"-17.8426","longitude":"25.8438","state_id":1990,"state_name":"Southern Province","country_id":246},{"active":false,"Giataid":"87082","cityId":131360,"cityName":"Livingstone","hotelId":20005028,"hotelName":"Islands Of Siankaba","address":"P.O. Box 60845,Livingstone,Zambia,Zambia","phones":"+260213327490","fax":"","email":"info@siankaba.net","url":"http://www.siankaba.net","countryIso2":"ZM","countryName":"Zambia","hotelRating":"5","latitude":"-17.8315","longitude":"25.5734","state_id":1990,"state_name":"Southern Province","country_id":246},{"active":false,"Giataid":"678913","cityId":131365,"cityName":"Lusaka","hotelId":20006546,"hotelName":"Nomads Court Lodge","address":"Plot 34474 Off Alick Nkhata Road,Mass Media Area,Lusaka,Zambia","phones":"+260211258100","fax":"+260211258104","email":"info@nomadscourtzambia.com","url":"http://www.nomadscourtzambia.com","countryIso2":"ZM","countryName":"Zambia","hotelRating":"3","latitude":"-15.4095","longitude":"28.322","state_id":1988,"state_name":"Lusaka Province","country_id":246},{"active":false,"Giataid":"679079","cityId":131360,"cityName":"Livingstone","hotelId":20007120,"hotelName":"Camp Nkwazi","address":"Plot 749 B Kazangula Road,Komanyana,Livingstone 10101,Zambia","phones":"","fax":"","email":"","url":"","countryIso2":"ZM","countryName":"Zambia","hotelRating":"0","latitude":"-17.8306","longitude":"25.6454","state_id":1990,"state_name":"Southern Province","country_id":246},{"active":false,"Giataid":"724003","cityId":131360,"cityName":"Livingstone","hotelId":20007281,"hotelName":"Prana House","address":"F9920 Mukuni Road,Livingstone 10101,Zambia","phones":"","fax":"","email":"info@pranazambia.com","url":"http://www.pranazambia.com","countryIso2":"ZM","countryName":"Zambia","hotelRating":"0","latitude":"-17.8536","longitude":"25.7653","state_id":1990,"state_name":"Southern Province","country_id":246},{"active":false,"Giataid":"726515","cityId":131365,"cityName":"Lusaka","hotelId":20007433,"hotelName":"Kabulonga Cottages","address":"Plot 478 Off Warthog Road,Kabulonga,Lusaka 50100,Zambia","phones":"","fax":"","email":"","url":"","countryIso2":"ZM","countryName":"Zambia","hotelRating":"0","latitude":"-15.4042","longitude":"28.3155","state_id":1988,"state_name":"Lusaka Province","country_id":246},{"active":false,"Giataid":"299588","cityId":131346,"cityName":"Kafue","hotelId":20007763,"hotelName":"Nanzhila Plains Safari Camp","address":"Kafue,Kafue National Park,Zambia","phones":"+26026772123002","fax":"","email":"info@nanzhila.com","url":"http://www.nanzhila.com/","countryIso2":"ZM","countryName":"Zambia","hotelRating":"0","latitude":"-16.2791","longitude":"25.9181","state_id":1988,"state_name":"Lusaka Province","country_id":246},{"active":false,"Giataid":"299577","cityId":131372,"cityName":"Mongu","hotelId":20009769,"hotelName":"Cheers Lodge","address":"Plot 1221, Boma/Harbour Road,Mongu 10101,Zambia","phones":"+260217221808","fax":"","email":"","url":"","countryIso2":"ZM","countryName":"Zambia","hotelRating":"0","latitude":"-15.2696","longitude":"23.1246","state_id":1983,"state_name":"Western Province","country_id":246},{"active":false,"Giataid":"486974","cityId":131335,"cityName":"Chingola","hotelId":20010960,"hotelName":"Mokorro Hotel","address":"514 Kabundi road,10101 Chingola,Zambia","phones":"+260968123190","fax":"","email":"mokorro@mokorro.co.zm","url":"http://www.mokorrohotel.com/contact.html","countryIso2":"ZM","countryName":"Zambia","hotelRating":"0","latitude":"-12.5391","longitude":"27.8832","state_id":1984,"state_name":"Copperbelt Province","country_id":246},{"active":false,"Giataid":"128912","cityId":131360,"cityName":"Livingstone","hotelId":20011518,"hotelName":"Maramba River Lodge","address":"Mosi Tunya Drive,PO Box 60957,Livingstone 10101,Zambia","phones":"+260213324189","fax":"+260213323130","email":"reservations@marambariverlodge.com","url":"http://maramba-zambia.com","countryIso2":"ZM","countryName":"Zambia","hotelRating":"3","latitude":"-17.8901","longitude":"25.8592","state_id":1990,"state_name":"Southern Province","country_id":246},{"active":false,"Giataid":"594778","cityId":131360,"cityName":"Livingstone","hotelId":20011927,"hotelName":"Victoria Apartments","address":"2110 Mosi-Oa-Tunya Road,Next to Protea Hotel,Livingstone 10101,Zambia","phones":"","fax":"","email":"","url":"","countryIso2":"ZM","countryName":"Zambia","hotelRating":"3","latitude":"-17.8536","longitude":"25.7653","state_id":1990,"state_name":"Southern Province","country_id":246},{"active":false,"Giataid":"508418","cityId":131360,"cityName":"Livingstone","hotelId":20012047,"hotelName":"Nona Lodge","address":"Nakatindi Road,Livingstone,Zambia","phones":"+260979344890","fax":"","email":"info@nona-lodge.com","url":"http://nona-lodge.com/","countryIso2":"ZM","countryName":"Zambia","hotelRating":"3","latitude":"-17.8235","longitude":"25.7386","state_id":1990,"state_name":"Southern Province","country_id":246},{"active":false,"Giataid":"183923","cityId":131365,"cityName":"Lusaka","hotelId":20012280,"hotelName":"Eight Reedbuck Hotel","address":"8 Reedbuck Road,Post Net 144 Private Bag 835,Kabulonga,Lusaka,Zambia","phones":"+260211264788","fax":"","email":"clive@tribehotels.co.zm","url":"","countryIso2":"ZM","countryName":"Zambia","hotelRating":"3","latitude":"-15.4134","longitude":"28.3512","state_id":1988,"state_name":"Lusaka Province","country_id":246},{"active":false,"Giataid":"299571","cityId":131339,"cityName":"Choma","hotelId":20012410,"hotelName":"Kozo Lodge","address":"PO Box 630817,Choma,Zambia","phones":"+260213225347","fax":"","email":"kuzolodge@zemtel.zm","url":"http://www.kozolodge.co.zm","countryIso2":"ZM","countryName":"Zambia","hotelRating":"0","latitude":"-16.8304","longitude":"26.937","state_id":1990,"state_name":"Southern Province","country_id":246},{"active":false,"Giataid":"510500","cityId":131360,"cityName":"Livingstone","hotelId":20012556,"hotelName":"Oriental Swan Hotel","address":"Plot 92 Off Mosi-Oa-Tunya Road,Livingstone 10101,Zambia","phones":"","fax":"","email":"","url":"","countryIso2":"ZM","countryName":"Zambia","hotelRating":"3","latitude":"-17.8727","longitude":"25.8554","state_id":1990,"state_name":"Southern Province","country_id":246},{"active":false,"Giataid":"545876","cityId":131360,"cityName":"Livingstone","hotelId":20012776,"hotelName":"Fawlty Towers","address":"216 Mosi O Tunya Road,Livingstone,Zambia","phones":"","fax":"","email":"","url":"","countryIso2":"ZM","countryName":"Zambia","hotelRating":"3","latitude":"-17.8542","longitude":"25.8551","state_id":1990,"state_name":"Southern Province","country_id":246},{"active":false,"Giataid":"725567","cityId":131360,"cityName":"Livingstone","hotelId":20012898,"hotelName":"Chanters Lodge","address":"6 Lukulu Cresent,Off Obote Avenue,Livingstone,PO Box 60623,Zambia","phones":"+260213323412","fax":"","email":"richard_chanter@yahoo.co.uk","url":"http://www.chanters-livingstone.com","countryIso2":"ZM","countryName":"Zambia","hotelRating":"0","latitude":"-17.836","longitude":"25.8602","state_id":1990,"state_name":"Southern Province","country_id":246},{"active":false,"Giataid":"517181","cityId":131365,"cityName":"Lusaka","hotelId":20012952,"hotelName":"Wanderers Lodge","address":"Corner Lagos & Addis Ababba Road,Lusaka,Lusaka Province,Zambia","phones":"","fax":"","email":"","url":"","countryIso2":"ZM","countryName":"Zambia","hotelRating":"0","latitude":"-15.4042","longitude":"28.3155","state_id":1988,"state_name":"Lusaka Province","country_id":246},{"active":false,"Giataid":"554187","cityId":131360,"cityName":"Livingstone","hotelId":20013110,"hotelName":"Gloria's Bed & Breakfast","address":"19 Ghandi Avenue,Livingstone 60998,Zambia","phones":"+260213322332","fax":"","email":"gloriabandb@zamnet.zm","url":"http://www.gloriabedandbreakfast.com/","countryIso2":"ZM","countryName":"Zambia","hotelRating":"3","latitude":"-17.8443","longitude":"25.8471","state_id":1990,"state_name":"Southern Province","country_id":246},{"active":false,"Giataid":"163326","cityId":131360,"cityName":"Livingstone","hotelId":20013258,"hotelName":"Waterberry Zambezi Lodge","address":"Nakatindi Road,Old Constantia Farm,PO Box 61294,Livingstone 20100,Zambia","phones":"+260447887994009","fax":"","email":"Reservations@waterberrylodge.com","url":"http://www.waterberrylodge.com","countryIso2":"ZM","countryName":"Zambia","hotelRating":"0","latitude":"-17.8328","longitude":"25.6379","state_id":1990,"state_name":"Southern Province","country_id":246},{"active":false,"Giataid":"594926","cityId":131360,"cityName":"Livingstone","hotelId":20013347,"hotelName":"Royal Olympia Lodges and Safaris","address":"Lusaka Road,Livingstone 10101,Zambia","phones":"","fax":"","email":"","url":"","countryIso2":"ZM","countryName":"Zambia","hotelRating":"0","latitude":"-17.8322","longitude":"25.8604","state_id":1990,"state_name":"Southern Province","country_id":246},{"active":false,"Giataid":"594838","cityId":131365,"cityName":"Lusaka","hotelId":20013455,"hotelName":"Church Road Lodge","address":"1012 Church Road,Lusaka 10101,Zambia","phones":"+260974531199","fax":"","email":"","url":"http://www.church-road-lodge.com","countryIso2":"ZM","countryName":"Zambia","hotelRating":"3","latitude":"-15.4153","longitude":"28.2948","state_id":1988,"state_name":"Lusaka Province","country_id":246},{"active":false,"Giataid":"323568","cityId":131360,"cityName":"Livingstone","hotelId":20013601,"hotelName":"Hotel Rite Inn","address":"901 Mose Street,Livingstone 20100,Zambia","phones":"","fax":"","email":"","url":"","countryIso2":"ZM","countryName":"Zambia","hotelRating":"0","latitude":"-17.8419","longitude":"25.8605","state_id":1990,"state_name":"Southern Province","country_id":246},{"active":false,"Giataid":"678918","cityId":131365,"cityName":"Lusaka","hotelId":20013724,"hotelName":"Mumana Pleasure Resort","address":"Plot 38717 Great East Road,Lusaka 10100,Zambia","phones":"","fax":"","email":"","url":"","countryIso2":"ZM","countryName":"Zambia","hotelRating":"2","latitude":"-15.3846","longitude":"28.3519","state_id":1988,"state_name":"Lusaka Province","country_id":246},{"active":false,"Giataid":"594968","cityId":131365,"cityName":"Lusaka","hotelId":20013842,"hotelName":"Macha-Leni Hotel","address":"896/10 Mosi-O-Tunya Road,Woodlands,Lusaka 10101,Zambia","phones":"","fax":"","email":"","url":"","countryIso2":"ZM","countryName":"Zambia","hotelRating":"3","latitude":"-15.4427","longitude":"28.3443","state_id":1988,"state_name":"Lusaka Province","country_id":246},{"active":false,"Giataid":"492112","cityId":131365,"cityName":"Lusaka","hotelId":20013994,"hotelName":"Crown Palace Inn","address":"10860 Kafue Road,Lusaka 10101,Zambia","phones":"+260977936293","fax":"","email":"crownpalaceinn@gmail.com","url":"https://www.crownpalaceinn.net","countryIso2":"ZM","countryName":"Zambia","hotelRating":"2","latitude":"-15.4273","longitude":"28.2834","state_id":1988,"state_name":"Lusaka Province","country_id":246},{"active":false,"Giataid":"726536","cityId":131365,"cityName":"Lusaka","hotelId":20014370,"hotelName":"Honeybed Lodge","address":"410/12 Ibex Hill Road,Salama Park,11111 Lusaka,Zambia","phones":"","fax":"","email":"","url":"","countryIso2":"ZM","countryName":"Zambia","hotelRating":"0","latitude":"-15.3976","longitude":"28.3858","state_id":1988,"state_name":"Lusaka Province","country_id":246},{"active":false,"Giataid":"660774","cityId":131360,"cityName":"Livingstone","hotelId":20014504,"hotelName":"Golden Days Executive Lodge","address":"3S Chisamba Way,2nd Road Behind The Museum,Livingstone 10101,Zambia","phones":"+260963829812","fax":"","email":"info@goldendayslodge.com","url":"http://www.goldendayslodge.com","countryIso2":"ZM","countryName":"Zambia","hotelRating":"2","latitude":"-17.847","longitude":"25.8527","state_id":1990,"state_name":"Southern Province","country_id":246},{"active":false,"Giataid":"632901","cityId":131365,"cityName":"Lusaka","hotelId":20014608,"hotelName":"Le Dolphin's Grand Paradiso Hotel","address":"5432 Corner Of Kasangula And Lufupa Roads,Kasangula,10101 Lusaka,Zambia","phones":"+260211290073","fax":"","email":"","url":"","countryIso2":"ZM","countryName":"Zambia","hotelRating":"0","latitude":"-15.3833","longitude":"28.3174","state_id":1988,"state_name":"Lusaka Province","country_id":246},{"active":false,"Giataid":"461025","cityId":131365,"cityName":"Lusaka","hotelId":20014732,"hotelName":"Roma Place","address":"75 Lukanga Road,10101 Lusaka,Zambia","phones":"+260965390873","fax":"","email":"info@roma-place.com","url":"http://roma-place.com","countryIso2":"ZM","countryName":"Zambia","hotelRating":"3","latitude":"-15.3759","longitude":"28.3114","state_id":1988,"state_name":"Lusaka Province","country_id":246},{"active":false,"Giataid":"726183","cityId":131360,"cityName":"Livingstone","hotelId":20014811,"hotelName":"Asenga Executive Lodge","address":"2898/127 Off Lusaka Road,Highlands,Livingstone,Zambia","phones":"","fax":"","email":"","url":"","countryIso2":"ZM","countryName":"Zambia","hotelRating":"0","latitude":"-17.8577","longitude":"25.8585","state_id":1990,"state_name":"Southern Province","country_id":246},{"active":false,"Giataid":"678175","cityId":131360,"cityName":"Livingstone","hotelId":20014913,"hotelName":"Munga Eco Lodge","address":"Plot 8005/M Off Musi-Oa-Tunya Road,PO Box 60129,Livingstone 10101,Southern Province,Zambia","phones":"+260213327211","fax":"","email":"info@mungaecolodge.com","url":"http://www.mungaecolodge.com","countryIso2":"ZM","countryName":"Zambia","hotelRating":"0","latitude":"-17.8793","longitude":"25.8595","state_id":1990,"state_name":"Southern Province","country_id":246},{"active":false,"Giataid":"430893","cityId":131360,"cityName":"Livingstone","hotelId":20015143,"hotelName":"Kaazmein Lodge and Resort","address":"2764 Maina soko Road,PO Box 60791,Livingstone,Zambia","phones":"+260213322244","fax":"","email":"info@kaazmeinlodge.com","url":"http://www.kaazmeinlodge.com/","countryIso2":"ZM","countryName":"Zambia","hotelRating":"3","latitude":"-17.8332","longitude":"25.8847","state_id":1990,"state_name":"Southern Province","country_id":246},{"active":false,"Giataid":"203018","cityId":131360,"cityName":"Livingstone","hotelId":20015265,"hotelName":"Sekoma Island Lodge","address":"Sekoma Island,Mambova,Zambia","phones":"+26027837083787","fax":"+26027865541061","email":"info@sekoma.co.za","url":"http://sekoma.co.za/sekoma-island-lodge/accomodation/","countryIso2":"ZM","countryName":"Zambia","hotelRating":"3","latitude":"-17.7486","longitude":"25.1758","state_id":1990,"state_name":"Southern Province","country_id":246},{"active":false,"Giataid":"287267","cityId":131365,"cityName":"Lusaka","hotelId":20015343,"hotelName":"Cross Roads Lodge","address":"6649 Mumana Road,Olympia Park,PO Box 116,Lusaka  10100,Zambia","phones":"+260211295462","fax":"","email":"crossroads@crossroadslodges.com","url":"http://www.crossroadslodges.com/lusaka","countryIso2":"ZM","countryName":"Zambia","hotelRating":"0","latitude":"-15.3829","longitude":"28.3097","state_id":1988,"state_name":"Lusaka Province","country_id":246},{"active":false,"Giataid":"683748","cityId":131388,"cityName":"Ndola","hotelId":20015450,"hotelName":"Kinsa Lodge","address":"24 Petauke Crescent,Kansenshi,Ndola 50100,Zambia","phones":"","fax":"","email":"","url":"","countryIso2":"ZM","countryName":"Zambia","hotelRating":"0","latitude":"-12.9682","longitude":"28.6374","state_id":1984,"state_name":"Copperbelt Province","country_id":246},{"active":false,"Giataid":"481675","cityId":131358,"cityName":"Kitwe","hotelId":20015568,"hotelName":"Moba Hotel & Convention Centre","address":"Plot Y - 842 Kitwe - Ndola Dual Carriage Way,Kitwe 23125,Zambia","phones":"+260212251135","fax":"","email":"info@mobahotel.com","url":"http://www.mobahotel.com","countryIso2":"ZM","countryName":"Zambia","hotelRating":"4","latitude":"-12.8747","longitude":"28.2536","state_id":1984,"state_name":"Copperbelt Province","country_id":246},{"active":false,"Giataid":"481675","cityId":131358,"cityName":"Kitwe","hotelId":20015568,"hotelName":"Moba Hotel & Convention Centre","address":"Plot Y - 842 Kitwe - Ndola Dual Carriage Way,Kitwe 23125,Zambia","phones":"+260212251135","fax":"","email":"info@mobahotel.com","url":"http://www.mobahotel.com","countryIso2":"ZM","countryName":"Zambia","hotelRating":"4","latitude":"-12.8747","longitude":"28.2536","state_id":1984,"state_name":"Copperbelt Province","country_id":246},{"active":false,"Giataid":"512197","cityId":131360,"cityName":"Livingstone","hotelId":20015758,"hotelName":"Tasha Lodge","address":"Plot 4424/200,Livingstone 10101,Zambia","phones":"","fax":"","email":"","url":"","countryIso2":"ZM","countryName":"Zambia","hotelRating":"3","latitude":"-17.8236","longitude":"25.8588","state_id":1990,"state_name":"Southern Province","country_id":246},{"active":false,"Giataid":"678692","cityId":131360,"cityName":"Livingstone","hotelId":20015974,"hotelName":"Woodlands Lodge & Tours","address":"6 Gwembe Street,Nottie Broadie,Livingstone 10101,Southern Province,Zambia","phones":"","fax":"","email":"","url":"","countryIso2":"ZM","countryName":"Zambia","hotelRating":"3","latitude":"-17.8405","longitude":"25.867","state_id":1990,"state_name":"Southern Province","country_id":246},{"active":false,"Giataid":"545879","cityId":131360,"cityName":"Livingstone","hotelId":20016244,"hotelName":"Jollyboys Backpackers","address":"34 Kanyanta Road,PO Box 61088,Livingstone,Zambia","phones":"+260213324229","fax":"","email":"enquiries@backpackzambia.com","url":"http://www.backpackzambia.com/","countryIso2":"ZM","countryName":"Zambia","hotelRating":"3","latitude":"-17.848","longitude":"25.8544","state_id":1990,"state_name":"Southern Province","country_id":246},{"active":false,"Giataid":"594833","cityId":131360,"cityName":"Livingstone","hotelId":20016503,"hotelName":"Warm Harbor Hotel","address":"475 Musi-Oa-Tunya Road,Livingstone,Zambia","phones":"+260977666666","fax":"","email":"reservations@warmharborhotel.com","url":"http://www.warmharborhotel.com","countryIso2":"ZM","countryName":"Zambia","hotelRating":"3","latitude":"-17.8646","longitude":"25.8554","state_id":1990,"state_name":"Southern Province","country_id":246},{"active":false,"Giataid":"532334","cityId":131360,"cityName":"Livingstone","hotelId":20016622,"hotelName":"Wane Guest Lodge","address":"70 Ellen Brittel Road,House No. 2644,Livingstone,Zambia","phones":"+260213324058","fax":"","email":"info@waneguestlodge.com","url":"https://waneguestlodge.wordpress.com/","countryIso2":"ZM","countryName":"Zambia","hotelRating":"4","latitude":"-17.8289","longitude":"25.8577","state_id":1990,"state_name":"Southern Province","country_id":246},{"active":false,"Giataid":"726810","cityId":131388,"cityName":"Ndola","hotelId":20016769,"hotelName":"The Urban Hotel","address":"Nkana Road,Ndola Golf Estate,PO Box 70843,Ndola 10101,Zambia","phones":"","fax":"","email":"","url":"http://theurbanhotelndola.com-zambia.com","countryIso2":"ZM","countryName":"Zambia","hotelRating":"0","latitude":"-12.982","longitude":"28.6373","state_id":1984,"state_name":"Copperbelt Province","country_id":246},{"active":false,"Giataid":"724310","cityId":131360,"cityName":"Livingstone","hotelId":20016857,"hotelName":"Sunset Junction Lodge & Tours","address":"Plot 2613/233 Off Airport Road,Tumba Street,10101 Livingstone,Zambia","phones":"","fax":"","email":"","url":"","countryIso2":"ZM","countryName":"Zambia","hotelRating":"0","latitude":"-17.8357","longitude":"25.8297","state_id":1990,"state_name":"Southern Province","country_id":246},{"active":false,"Giataid":"299579","cityId":131388,"cityName":"Ndola","hotelId":20016955,"hotelName":"The Savoy Hotel","address":"12 Buteko Avenue,Ndola,Copperbelt,Zambia","phones":"+260212611097","fax":"+260212614001","email":"info@savoyhotel.co.zm","url":"http://www.savoyhotel.co.zm","countryIso2":"ZM","countryName":"Zambia","hotelRating":"0","latitude":"-12.9691","longitude":"28.6513","state_id":1984,"state_name":"Copperbelt Province","country_id":246},{"active":false,"Giataid":"299575","cityId":131360,"cityName":"Livingstone","hotelId":20017206,"hotelName":"Chundukwa River Lodge","address":"P.O.Box 61139,Livingstone,Zambia","phones":"+260213327452","fax":"","email":"chundukwa@zamnet.zm","url":"http://www.chundukwariverlodge.com/pages/home.html","countryIso2":"ZM","countryName":"Zambia","hotelRating":"0","latitude":"-17.8094","longitude":"25.6729","state_id":1990,"state_name":"Southern Province","country_id":246},{"active":false,"Giataid":"406305","cityId":131360,"cityName":"Livingstone","hotelId":20017336,"hotelName":"The Courtyard Hotel Victoria Falls","address":"Corner Mosi-Oa-Tunya & Sichango,PO Box 60187,Livingstone,Zambia","phones":"","fax":"","email":"","url":"","countryIso2":"ZM","countryName":"Zambia","hotelRating":"3","latitude":"-17.8772","longitude":"25.8553","state_id":1990,"state_name":"Southern Province","country_id":246},{"active":false,"Giataid":"515456","cityId":131360,"cityName":"Livingstone","hotelId":20017452,"hotelName":"Falls Garden Lodges","address":"Plot 4424/248 Highlands,Livingstone 20100,Zambia","phones":"","fax":"","email":"","url":"","countryIso2":"ZM","countryName":"Zambia","hotelRating":"2","latitude":"-17.8232","longitude":"25.8609","state_id":1990,"state_name":"Southern Province","country_id":246},{"active":false,"Giataid":"297820","cityId":131360,"cityName":"Livingstone","hotelId":20017589,"hotelName":"Sindabezi Island","address":"Tongabezi Lodge,Zambezi River,Private Bag 31,Livingstone,Zambia","phones":"+260213327468","fax":"","email":"bookings@tongabezi.com","url":"http://tongabezi.com/sindabezi/","countryIso2":"ZM","countryName":"Zambia","hotelRating":"3","latitude":"-17.8207","longitude":"25.7065","state_id":1990,"state_name":"Southern Province","country_id":246},{"active":false,"Giataid":"724233","cityId":131360,"cityName":"Livingstone","hotelId":20017680,"hotelName":"Naluzip Guest House","address":"157 Raven Road,Plot 2613,Off Airport Road,10101 Livingstone,Zambia","phones":"","fax":"","email":"","url":"","countryIso2":"ZM","countryName":"Zambia","hotelRating":"0","latitude":"-17.8536","longitude":"25.7653","state_id":1990,"state_name":"Southern Province","country_id":246},{"active":false,"Giataid":"163325","cityId":131365,"cityName":"Lusaka","hotelId":20017776,"hotelName":"Kanyemba Island Bushcamp","address":"Chiawa,Lower Zambezi National Park,Lusaka 38837,Zambia","phones":"+260977755720","fax":"","email":"info@kanyemba.com","url":"http://www.kanyemba.com","countryIso2":"ZM","countryName":"Zambia","hotelRating":"0","latitude":"-15.4145","longitude":"28.2809","state_id":1988,"state_name":"Lusaka Province","country_id":246},{"active":false,"Giataid":"545881","cityId":131360,"cityName":"Livingstone","hotelId":20017911,"hotelName":"The Stone Guest House","address":"40 Kombe Drive,P.O.Box 61261,Livingstone,Zambia","phones":"+260213320985","fax":"+260213320985","email":"manager@stoneguesthouse.com","url":"http://stoneguesthouse.com/","countryIso2":"ZM","countryName":"Zambia","hotelRating":"2","latitude":"-17.839","longitude":"25.8448","state_id":1990,"state_name":"Southern Province","country_id":246},{"active":false,"Giataid":"724748","cityId":131365,"cityName":"Lusaka","hotelId":20018001,"hotelName":"Prime Lodge","address":"Plot 609/E/471 Central Street,10101 Lusaka,Zambia","phones":"","fax":"","email":"","url":"","countryIso2":"ZM","countryName":"Zambia","hotelRating":"0","latitude":"-15.4167","longitude":"28.2833","state_id":1988,"state_name":"Lusaka Province","country_id":246},{"active":false,"Giataid":"725448","cityId":131365,"cityName":"Lusaka","hotelId":20018099,"hotelName":"Shakespeare Court","address":"Plot 22882,Leopards Hill Road,Kabulonga,Lusaka,Zambia","phones":"+260979742537","fax":"","email":"enquiries@shakespearecourt.com","url":"http://www.shakespearecourt.com","countryIso2":"ZM","countryName":"Zambia","hotelRating":"0","latitude":"-15.4351","longitude":"28.3528","state_id":1988,"state_name":"Lusaka Province","country_id":246},{"active":false,"Giataid":"726774","cityId":131365,"cityName":"Lusaka","hotelId":20018202,"hotelName":"Mambilima Furnished Guest Wing","address":"Off Harry Mwaanga Nkumbula Road,Woodlands Extension,10101 Lusaka,Zambia","phones":"","fax":"","email":"","url":"","countryIso2":"ZM","countryName":"Zambia","hotelRating":"0","latitude":"-15.4042","longitude":"28.3155","state_id":1988,"state_name":"Lusaka Province","country_id":246},{"active":false,"Giataid":"660781","cityId":131360,"cityName":"Livingstone","hotelId":20018308,"hotelName":"White Rose Lodge","address":"4424/17 Off Lusaka Road,10101 Livingstone,Zambia,Zambia","phones":"","fax":"","email":"","url":"","countryIso2":"ZM","countryName":"Zambia","hotelRating":"3","latitude":"-17.8301","longitude":"25.8568","state_id":1990,"state_name":"Southern Province","country_id":246},{"active":false,"Giataid":"595019","cityId":131365,"cityName":"Lusaka","hotelId":20018334,"hotelName":"Twangale Park","address":"Mukwa Drive,Eureka Park,Lilayi,Lusaka 10101,Zambia","phones":"","fax":"","email":"","url":"","countryIso2":"ZM","countryName":"Zambia","hotelRating":"4","latitude":"-15.5123","longitude":"28.2698","state_id":1988,"state_name":"Lusaka Province","country_id":246},{"active":false,"Giataid":"726386","cityId":131360,"cityName":"Livingstone","hotelId":20018436,"hotelName":"Sweet Home Apartments","address":"Plot 6009 Robin Street,Off Airport Road,Livingstone,Zambia","phones":"","fax":"","email":"","url":"","countryIso2":"ZM","countryName":"Zambia","hotelRating":"0","latitude":"-17.8536","longitude":"25.7653","state_id":1990,"state_name":"Southern Province","country_id":246},{"active":false,"Giataid":"726839","cityId":131360,"cityName":"Livingstone","hotelId":20018545,"hotelName":"Zambezi Way Lodge","address":"Plot 1906 Mosi-Oa-Tunya Road,Livingstone 10101,Zambia","phones":"","fax":"","email":"","url":"","countryIso2":"ZM","countryName":"Zambia","hotelRating":"0","latitude":"-17.8536","longitude":"25.7653","state_id":1990,"state_name":"Southern Province","country_id":246},{"active":false,"Giataid":"528267","cityId":131339,"cityName":"Choma","hotelId":20019432,"hotelName":"Masuku Lodge","address":"Nkanga River Conservation Area Choma,Choma,Southern Province,Zambia","phones":"+260213225225","fax":"","email":"bedrockafrica@gmail.com","url":"http://www.masukulodgezambia.com/","countryIso2":"ZM","countryName":"Zambia","hotelRating":"0","latitude":"-16.8054","longitude":"26.997","state_id":1990,"state_name":"Southern Province","country_id":246},{"active":false,"Giataid":"528286","cityId":131388,"cityName":"Ndola","hotelId":20019528,"hotelName":"Michelangelo Lodge","address":"126 Broadway Road,Ndola,Copperbelt,Zambia","phones":"+260212620325","fax":"","email":"michelangelo@m-angelo.com","url":"http://michelangelocafe.com/index.php","countryIso2":"ZM","countryName":"Zambia","hotelRating":"0","latitude":"-12.9682","longitude":"28.6374","state_id":1984,"state_name":"Copperbelt Province","country_id":246},{"active":false,"Giataid":"665310","cityId":131365,"cityName":"Lusaka","hotelId":20019634,"hotelName":"Fallsway Suites","address":"Plot 35171/2,Off Auck Nkhata Road,Lusaka,Zambia","phones":"","fax":"","email":"","url":"","countryIso2":"ZM","countryName":"Zambia","hotelRating":"3","latitude":"-15.4091","longitude":"28.3256","state_id":1988,"state_name":"Lusaka Province","country_id":246},{"active":false,"Giataid":"594853","cityId":131388,"cityName":"Ndola","hotelId":20019904,"hotelName":"Kuku Royal Lodge","address":"578H Freedom Way,Off Mkuni Road,Ndola 10101,Zambia","phones":"","fax":"","email":"","url":"","countryIso2":"ZM","countryName":"Zambia","hotelRating":"0","latitude":"-12.9665","longitude":"28.6199","state_id":1984,"state_name":"Copperbelt Province","country_id":246},{"active":false,"Giataid":"678917","cityId":131360,"cityName":"Livingstone","hotelId":20019985,"hotelName":"Sumbulwa Apartments","address":"Off Lusaka Road,Plot 1067B/39B,Highlands,Livingstone,Zambia","phones":"+260977651313","fax":"+260866133426","email":"info@sumbulwaapartments.com","url":"","countryIso2":"ZM","countryName":"Zambia","hotelRating":"3","latitude":"-17.8193","longitude":"25.8695","state_id":1990,"state_name":"Southern Province","country_id":246},{"active":false,"Giataid":"406294","cityId":131365,"cityName":"Lusaka","hotelId":20020079,"hotelName":"Sogecoa Golden Peacock Hotel","address":"Plot 174,Kasangula Road,Roma Area,Lusaka,Zambia","phones":"+260211296688","fax":"","email":"","url":"http://www.zamgph.com","countryIso2":"ZM","countryName":"Zambia","hotelRating":"4","latitude":"-15.3793","longitude":"28.3102","state_id":1988,"state_name":"Lusaka Province","country_id":246},{"active":false,"Giataid":"594646","cityId":131360,"cityName":"Livingstone","hotelId":20020195,"hotelName":"Asante Apartments","address":"4424/129 Off Lusaka Road,Livingstone 60772,Zambia","phones":"","fax":"","email":"","url":"","countryIso2":"ZM","countryName":"Zambia","hotelRating":"3","latitude":"-17.8223","longitude":"25.8571","state_id":1990,"state_name":"Southern Province","country_id":246},{"active":false,"Giataid":"594808","cityId":131365,"cityName":"Lusaka","hotelId":20020303,"hotelName":"Flintstones Backpackers","address":"9965 Makanta Close,Off Makishi Road,Fairview,Lusaka,Zambia","phones":"+260211221060","fax":"","email":"info@flintstonesbackpackers.com","url":"http://www.flintstonesbackpackers.com/","countryIso2":"ZM","countryName":"Zambia","hotelRating":"3","latitude":"-15.4125","longitude":"28.2892","state_id":1988,"state_name":"Lusaka Province","country_id":246},{"active":false,"Giataid":"485930","cityId":131365,"cityName":"Lusaka","hotelId":20020410,"hotelName":"City Lodge Lusaka","address":"6942 Suez Road,Lusaka,Zambia","phones":"+260211254565","fax":"","email":"reservations@citylodgelusaka.com","url":"http://citylodgelusaka.com/","countryIso2":"ZM","countryName":"Zambia","hotelRating":"3","latitude":"-15.4174","longitude":"28.3029","state_id":1988,"state_name":"Lusaka Province","country_id":246},{"active":false,"Giataid":"485850","cityId":131360,"cityName":"Livingstone","hotelId":20020510,"hotelName":"ZigZag Town Lodge & Restaurant","address":"693 Linda Road,10101 Livingstone,Southern Province,Zambia","phones":"+260213322814","fax":"","email":"zigzagtownlodge","url":"http://zigzagzambia.com/","countryIso2":"ZM","countryName":"Zambia","hotelRating":"0","latitude":"-17.8641","longitude":"25.8539","state_id":1990,"state_name":"Southern Province","country_id":246},{"active":false,"Giataid":"543639","cityId":131360,"cityName":"Livingstone","hotelId":20020618,"hotelName":"Road Lodge","address":"Mosi-O-Tunya Road,Plot 1892,Livingstone,Zambia","phones":"","fax":"","email":"","url":"","countryIso2":"ZM","countryName":"Zambia","hotelRating":"0","latitude":"-17.8751","longitude":"25.8556","state_id":1990,"state_name":"Southern Province","country_id":246},{"active":false,"Giataid":"595016","cityId":131360,"cityName":"Livingstone","hotelId":20020714,"hotelName":"Kamunjila Lodge","address":"55 Mwela Street,Livingstone 00074,Zambia","phones":"","fax":"","email":"","url":"","countryIso2":"ZM","countryName":"Zambia","hotelRating":"3","latitude":"-17.8404","longitude":"25.8555","state_id":1990,"state_name":"Southern Province","country_id":246},{"active":false,"Giataid":"723950","cityId":131360,"cityName":"Livingstone","hotelId":20020764,"hotelName":"Ngoma Zanga Lodge","address":"963 Kariba Crescent,217 Area,Livingstone 10101,Zambia","phones":"","fax":"","email":"ngomazangalodge@yahoo.com","url":"http://www.ngomazangalodge.strikingly.com","countryIso2":"ZM","countryName":"Zambia","hotelRating":"0","latitude":"-17.8593","longitude":"25.8503","state_id":1990,"state_name":"Southern Province","country_id":246},{"active":false,"Giataid":"594944","cityId":131360,"cityName":"Livingstone","hotelId":20020928,"hotelName":"Cypress Executive Lodge","address":"4424/141 Highlands off Lusaka Road,Livingstone 10101,Zambia","phones":"","fax":"","email":"","url":"","countryIso2":"ZM","countryName":"Zambia","hotelRating":"3","latitude":"-17.8226","longitude":"25.8597","state_id":1990,"state_name":"Southern Province","country_id":246},{"active":false,"Giataid":"864885","cityId":131360,"cityName":"Livingstone","hotelId":20389066,"hotelName":"Divine Guest House","address":"Plot 712/43 Chingwegwe Road,Livingstone,Southern Province,Zambia","phones":"","fax":"","email":"","url":"","countryIso2":"ZM","countryName":"Zambia","hotelRating":"3","latitude":"-17.8536","longitude":"25.7653","state_id":1990,"state_name":"Southern Province","country_id":246},{"active":false,"Giataid":"883823","cityId":131360,"cityName":"Livingstone","hotelId":20389067,"hotelName":"Kana Guest House","address":"Plot 2644/40 Off Nahumba Road,Livingstone 20100,Zambia","phones":"","fax":"","email":"","url":"","countryIso2":"ZM","countryName":"Zambia","hotelRating":"2","latitude":"-17.8536","longitude":"25.7653","state_id":1990,"state_name":"Southern Province","country_id":246},{"active":false,"Giataid":"867736","cityId":131365,"cityName":"Lusaka","hotelId":20389068,"hotelName":"Nena Guest House","address":"Chipovu Road,Rhodes Park,Lusaka 10100,Zambia","phones":"","fax":"","email":"","url":"","countryIso2":"ZM","countryName":"Zambia","hotelRating":"3","latitude":"-15.4042","longitude":"28.3155","state_id":1988,"state_name":"Lusaka Province","country_id":246},{"active":false,"Giataid":"883833","cityId":131365,"cityName":"Lusaka","hotelId":20389069,"hotelName":"John's Place","address":"6808 Kapuka,Olympia Extension,Lusaka 10101,Zambia","phones":"","fax":"","email":"","url":"","countryIso2":"ZM","countryName":"Zambia","hotelRating":"2","latitude":"-15.4042","longitude":"28.3155","state_id":1988,"state_name":"Lusaka Province","country_id":246},{"active":false,"Giataid":"913357","cityId":131365,"cityName":"Lusaka","hotelId":20389070,"hotelName":"Diamondacres Hotel","address":"Plot 30778 Dedan Kimathi Road,Lusaka 10101,Zambia","phones":"","fax":"","email":"","url":"","countryIso2":"ZM","countryName":"Zambia","hotelRating":"0","latitude":"-15.4042","longitude":"28.3155","state_id":1988,"state_name":"Lusaka Province","country_id":246},{"active":false,"Giataid":"897596","cityId":131358,"cityName":"Kitwe","hotelId":20389077,"hotelName":"Garden Court Kitwe","address":"Corner Independence & Freedom Avenues,Kitwe,Zambia","phones":"+260212291400","fax":"","email":"gckitwe.reservations@tsogosun.com","url":"https://www.tsogosun.com/garden-court-kitwe/","countryIso2":"ZM","countryName":"Zambia","hotelRating":"0","latitude":"-12.8097","longitude":"28.2046","state_id":1984,"state_name":"Copperbelt Province","country_id":246},{"active":false,"Giataid":"731041","cityId":131346,"cityName":"Kafue","hotelId":20389074,"hotelName":"Purview Lodges","address":"1404 Street Ambrose Road,Kafue 10101,Zambia","phones":"","fax":"","email":"","url":"","countryIso2":"ZM","countryName":"Zambia","hotelRating":"0","latitude":"-15.7809","longitude":"28.1888","state_id":1988,"state_name":"Lusaka Province","country_id":246},{"active":false,"Giataid":"903864","cityId":131339,"cityName":"Choma","hotelId":20389076,"hotelName":"The Oasis Evergreen Lodge","address":"Plot 210 Mochipapa Road,Choma 10100,Zambia","phones":"","fax":"","email":"","url":"","countryIso2":"ZM","countryName":"Zambia","hotelRating":"0","latitude":"-16.8117","longitude":"26.997","state_id":1990,"state_name":"Southern Province","country_id":246},{"active":false,"Giataid":"870501","cityId":131360,"cityName":"Livingstone","hotelId":20389078,"hotelName":"Pumulani Livingstone","address":"281 Mosi Oa Tunya Road,Livingstone 10101,Zambia","phones":"","fax":"","email":"","url":"","countryIso2":"ZM","countryName":"Zambia","hotelRating":"0","latitude":"-17.8536","longitude":"25.7653","state_id":1990,"state_name":"Southern Province","country_id":246},{"active":false,"Giataid":"888487","cityId":131360,"cityName":"Livingstone","hotelId":20389079,"hotelName":"Richland Lodge Sinazeze","address":"8268 Maamba-Batoka Road,Zambia Compound,Livingstone,Zambia","phones":"","fax":"","email":"","url":"","countryIso2":"ZM","countryName":"Zambia","hotelRating":"2","latitude":"-17.8536","longitude":"25.7653","state_id":1990,"state_name":"Southern Province","country_id":246},{"active":false,"Giataid":"870492","cityId":131365,"cityName":"Lusaka","hotelId":20389080,"hotelName":"Binnie Corporate Lodge","address":"89 Kabulonga Road,Lusaka,Zambia","phones":"","fax":"","email":"","url":"","countryIso2":"ZM","countryName":"Zambia","hotelRating":"0","latitude":"-15.4042","longitude":"28.3155","state_id":1988,"state_name":"Lusaka Province","country_id":246},{"active":false,"Giataid":"892377","cityId":131365,"cityName":"Lusaka","hotelId":20389081,"hotelName":"Uni Apartments","address":"Plot 5563 Kaleya Road,Kalundu,Lusaka 10101,Zambia","phones":"","fax":"","email":"","url":"","countryIso2":"ZM","countryName":"Zambia","hotelRating":"3","latitude":"-15.4042","longitude":"28.3155","state_id":1988,"state_name":"Lusaka Province","country_id":246},{"active":false,"Giataid":"913404","cityId":131365,"cityName":"Lusaka","hotelId":20389082,"hotelName":"Chitsomo Lodge","address":"Plot 14983/917 Kamwala South Lusaka Zambia,Lusaka 10101,Zambia","phones":"","fax":"","email":"","url":"","countryIso2":"ZM","countryName":"Zambia","hotelRating":"0","latitude":"-15.4042","longitude":"28.3155","state_id":1988,"state_name":"Lusaka Province","country_id":246},{"active":false,"Giataid":"873625","cityId":131360,"cityName":"Livingstone","hotelId":20389086,"hotelName":"Sikalongo Lodge","address":"John Hunt Way,Livingstone 10101,Zambia","phones":"","fax":"","email":"","url":"","countryIso2":"ZM","countryName":"Zambia","hotelRating":"0","latitude":"-17.8432","longitude":"25.8597","state_id":1990,"state_name":"Southern Province","country_id":246},{"active":false,"Giataid":"861562","cityId":131365,"cityName":"Lusaka","hotelId":20389087,"hotelName":"Bome Residence","address":"Plot 208 A Kafue Road (off Lafarge Road),Chilanga 10101,Lusaka,Zambia","phones":"","fax":"","email":"","url":"","countryIso2":"ZM","countryName":"Zambia","hotelRating":"0","latitude":"-15.5678","longitude":"28.2641","state_id":1988,"state_name":"Lusaka Province","country_id":246},{"active":false,"Giataid":"913426","cityId":20692,"cityName":"Chipata","hotelId":20389083,"hotelName":"Rombado Residence Lodge","address":"Plot 51372 Messengers,Chipata 50100,Zambia","phones":"","fax":"","email":"","url":"","countryIso2":"ZM","countryName":"Zambia","hotelRating":"0","latitude":"0","longitude":"0","state_id":2901,"state_name":"Santander","country_id":48},{"active":false,"Giataid":"905226","cityId":131346,"cityName":"Kafue","hotelId":20389084,"hotelName":"Kafue Dreams","address":"T2 Kafue River Bridge,Kafue,Lusaka Province,Zambia","phones":"","fax":"","email":"","url":"","countryIso2":"ZM","countryName":"Zambia","hotelRating":"0","latitude":"-15.8061","longitude":"28.1888","state_id":1988,"state_name":"Lusaka Province","country_id":246},{"active":false,"Giataid":"873829","cityId":131365,"cityName":"Lusaka","hotelId":20389088,"hotelName":"Tecla Lodges","address":"Plot 16795 Off Nangwenya & Alick Nkhata Road,Lusaka,Zambia","phones":"+260211251947","fax":"","email":"info@teclalodges.com","url":"http://www.teclalodges.com/","countryIso2":"ZM","countryName":"Zambia","hotelRating":"0","latitude":"-15.4042","longitude":"28.3155","state_id":1988,"state_name":"Lusaka Province","country_id":246},{"active":false,"Giataid":"905218","cityId":131365,"cityName":"Lusaka","hotelId":20389089,"hotelName":"Shantumbu Lodge","address":"Unnamed Road,Lusaka,Zambia","phones":"","fax":"","email":"","url":"","countryIso2":"ZM","countryName":"Zambia","hotelRating":"0","latitude":"-15.4042","longitude":"28.3155","state_id":1988,"state_name":"Lusaka Province","country_id":246},{"active":false,"Giataid":"922774","cityId":131365,"cityName":"Lusaka","hotelId":20389090,"hotelName":"Mama Nancy's Cottage","address":"221B Mutandwa Road,Lusaka 10101,Zambia","phones":"","fax":"","email":"","url":"","countryIso2":"ZM","countryName":"Zambia","hotelRating":"0","latitude":"-15.4042","longitude":"28.3155","state_id":1988,"state_name":"Lusaka Province","country_id":246},{"active":false,"Giataid":"915482","cityId":131358,"cityName":"Kitwe","hotelId":20389094,"hotelName":"Lothian House","address":"Chandamali Road,Kitwe 10101,Zambia","phones":"","fax":"","email":"","url":"","countryIso2":"ZM","countryName":"Zambia","hotelRating":"0","latitude":"-12.8097","longitude":"28.2046","state_id":1984,"state_name":"Copperbelt Province","country_id":246},{"active":false,"Giataid":"872993","cityId":131360,"cityName":"Livingstone","hotelId":20389095,"hotelName":"Mose Street Apartments","address":"54 Mose Street,Livingstone 10001,Zambia","phones":"+260213320381","fax":"","email":"info@moseapartmentslivingstone.com","url":"http://www.moseapartmentslivingstone.com","countryIso2":"ZM","countryName":"Zambia","hotelRating":"0","latitude":"-17.8536","longitude":"25.7653","state_id":1990,"state_name":"Southern Province","country_id":246},{"active":false,"Giataid":"897603","cityId":131360,"cityName":"Livingstone","hotelId":20389096,"hotelName":"Kayube Zambezi River House & Bungalows","address":"750E Nakatindi Road,Farm,Livingstone,Southern Zambia,Zambia","phones":"","fax":"","email":"","url":"http://www.kayubezambeziriverhouse.com","countryIso2":"ZM","countryName":"Zambia","hotelRating":"0","latitude":"-17.8189","longitude":"25.6592","state_id":1990,"state_name":"Southern Province","country_id":246},{"active":false,"Giataid":"872998","cityId":131365,"cityName":"Lusaka","hotelId":20389097,"hotelName":"Kalabi Executive Lodge","address":"Plot 1206 Jack Road,Libala South,Lusaka,Zambia","phones":"","fax":"","email":"","url":"","countryIso2":"ZM","countryName":"Zambia","hotelRating":"0","latitude":"-15.4042","longitude":"28.3155","state_id":1988,"state_name":"Lusaka Province","country_id":246},{"active":false,"Giataid":"903826","cityId":131365,"cityName":"Lusaka","hotelId":20389098,"hotelName":"Wasingo Guest Inn","address":"Plot 22952 Bennie Mwiinga Housing Complex,PO Box 30293,Lusaka 10101,Zambia","phones":"+260211284854","fax":"","email":"info@wasingo.com","url":"http://www.wasingo.com/","countryIso2":"ZM","countryName":"Zambia","hotelRating":"0","latitude":"-15.4042","longitude":"28.3155","state_id":1988,"state_name":"Lusaka Province","country_id":246},{"active":false,"Giataid":"915473","cityId":131365,"cityName":"Lusaka","hotelId":20389099,"hotelName":"Marble Inn Lodge","address":"Makanta Road,10101 Lusaka,Zambia","phones":"","fax":"","email":"","url":"","countryIso2":"ZM","countryName":"Zambia","hotelRating":"0","latitude":"-15.4042","longitude":"28.3155","state_id":1988,"state_name":"Lusaka Province","country_id":246},{"active":false,"Giataid":"870899","cityId":131335,"cityName":"Chingola","hotelId":20389102,"hotelName":"Nzipile Executive Guest House","address":"43 8th Street,Ncahnga South,Chingola 10101,Copperbelt Province,Zambia","phones":"","fax":"","email":"","url":"","countryIso2":"ZM","countryName":"Zambia","hotelRating":"0","latitude":"-12.5392","longitude":"27.8584","state_id":1984,"state_name":"Copperbelt Province","country_id":246},{"active":false,"Giataid":"873622","cityId":131360,"cityName":"Livingstone","hotelId":20389103,"hotelName":"Decha Guest Lodge","address":"2025 Kombe Drive,Livingstone 10101,Zambia","phones":"","fax":"","email":"","url":"","countryIso2":"ZM","countryName":"Zambia","hotelRating":"3","latitude":"-17.8425","longitude":"25.8441","state_id":1990,"state_name":"Southern Province","country_id":246},{"active":false,"Giataid":"859754","cityId":131365,"cityName":"Lusaka","hotelId":20389104,"hotelName":"Bird Nest Backpackers","address":"Plot 413 Independence Avenue,United Nations Avenue,Lusaka 10101,Zambia","phones":"","fax":"","email":"","url":"","countryIso2":"ZM","countryName":"Zambia","hotelRating":"2","latitude":"-15.4042","longitude":"28.3155","state_id":1988,"state_name":"Lusaka Province","country_id":246},{"active":false,"Giataid":"922771","cityId":131365,"cityName":"Lusaka","hotelId":20389107,"hotelName":"Leopard Hill Retreat and Conference-Center","address":"Plot 11340/M Leopard Hill Road,Lusaka,Zambia","phones":"","fax":"","email":"info@leopardhill.de","url":"http://www.leopardhill.de/","countryIso2":"ZM","countryName":"Zambia","hotelRating":"0","latitude":"-15.4042","longitude":"28.3155","state_id":1988,"state_name":"Lusaka Province","country_id":246},{"active":false,"Giataid":"873610","cityId":131365,"cityName":"Lusaka","hotelId":20389105,"hotelName":"Kaliyangile Guest House","address":"319 Ngwerere Road,Lusaka,Zambia","phones":"","fax":"","email":"","url":"","countryIso2":"ZM","countryName":"Zambia","hotelRating":"3","latitude":"-15.4042","longitude":"28.3155","state_id":1988,"state_name":"Lusaka Province","country_id":246},{"active":false,"Giataid":"903851","cityId":131365,"cityName":"Lusaka","hotelId":20389106,"hotelName":"Leget Lodges & Gardens","address":"Plot 31317 Rockfield,Chalala,Lusaka,Lusaka Province,Zambia","phones":"","fax":"","email":"","url":"","countryIso2":"ZM","countryName":"Zambia","hotelRating":"0","latitude":"-15.4042","longitude":"28.3155","state_id":1988,"state_name":"Lusaka Province","country_id":246},{"active":false,"Giataid":"922790","cityId":20692,"cityName":"Chipata","hotelId":20389108,"hotelName":"Dean�s Hill View Lodge","address":"Plot 3278 Chinjala Hills,Chipata 10101,Zambia","phones":"","fax":"","email":"contact@deanshillviewlodge.com","url":"http://deanshillviewlodge.org","countryIso2":"ZM","countryName":"Zambia","hotelRating":"0","latitude":"0","longitude":"0","state_id":2901,"state_name":"Santander","country_id":48},{"active":false,"Giataid":"861600","cityId":131360,"cityName":"Livingstone","hotelId":20389110,"hotelName":"Tabonina Bis","address":"4 Tukulusho Avenue,Livingstone 10101,Zambia","phones":"","fax":"","email":"","url":"","countryIso2":"ZM","countryName":"Zambia","hotelRating":"2","latitude":"-17.8536","longitude":"25.7653","state_id":1990,"state_name":"Southern Province","country_id":246},{"active":false,"Giataid":"873772","cityId":131360,"cityName":"Livingstone","hotelId":20389111,"hotelName":"Royal Kwandu Gardens","address":"Ellaine Brittel Nahumba Road,Livingstone 10101,Zambia","phones":"","fax":"","email":"","url":"http://www.hotels.com/ho797526208","countryIso2":"ZM","countryName":"Zambia","hotelRating":"3","latitude":"-17.8313","longitude":"25.8541","state_id":1990,"state_name":"Southern Province","country_id":246},{"active":false,"Giataid":"867325","cityId":131365,"cityName":"Lusaka","hotelId":20389112,"hotelName":"Chita Lodges & Resorts","address":"Plot 25 Chakeluka Road,Olympia Park,Lusaka 10101,Zambia","phones":"+260979562176","fax":"","email":"reservations@chita.co.zm","url":"http://www.chita.co.zm","countryIso2":"ZM","countryName":"Zambia","hotelRating":"3","latitude":"-15.4042","longitude":"28.3155","state_id":1988,"state_name":"Lusaka Province","country_id":246},{"active":false,"Giataid":"879222","cityId":131365,"cityName":"Lusaka","hotelId":20389113,"hotelName":"Skyview Lodge At The Barn","address":"Plot F/34A/D Great East Road,Waterfalls,Chongwe,Lusaka 10101,Zambia","phones":"","fax":"","email":"","url":"","countryIso2":"ZM","countryName":"Zambia","hotelRating":"0","latitude":"-15.4042","longitude":"28.3155","state_id":1988,"state_name":"Lusaka Province","country_id":246},{"active":false,"Giataid":"913347","cityId":131365,"cityName":"Lusaka","hotelId":20389114,"hotelName":"Mwiluzi Motel Ltd","address":"143 Conner Mumbulu Road,Great North Road,Lusaka 10100,Zambia","phones":"","fax":"","email":"","url":"","countryIso2":"ZM","countryName":"Zambia","hotelRating":"0","latitude":"-15.4042","longitude":"28.3155","state_id":1988,"state_name":"Lusaka Province","country_id":246},{"active":false,"Giataid":"922830","cityId":131365,"cityName":"Lusaka","hotelId":20389115,"hotelName":"Longacres Lodge","address":"Los Angeles Road,Longacres,Lusaka 10101,Zambia","phones":"","fax":"","email":"","url":"","countryIso2":"ZM","countryName":"Zambia","hotelRating":"0","latitude":"-15.4042","longitude":"28.3155","state_id":1988,"state_name":"Lusaka Province","country_id":246},{"active":false,"Giataid":"913384","cityId":131339,"cityName":"Choma","hotelId":20389117,"hotelName":"Mambushi Lodge","address":"Mambushi Farm,Choma 10101,Zambia","phones":"","fax":"","email":"","url":"","countryIso2":"ZM","countryName":"Zambia","hotelRating":"0","latitude":"-16.8117","longitude":"26.997","state_id":1990,"state_name":"Southern Province","country_id":246},{"active":false,"Giataid":"913373","cityId":131358,"cityName":"Kitwe","hotelId":20389118,"hotelName":"Roadview Park Hotel","address":"Chibuluma Road,Kitwe 10101,Zambia","phones":"","fax":"","email":"","url":"","countryIso2":"ZM","countryName":"Zambia","hotelRating":"0","latitude":"-12.8097","longitude":"28.2046","state_id":1984,"state_name":"Copperbelt Province","country_id":246},{"active":false,"Giataid":"872882","cityId":131360,"cityName":"Livingstone","hotelId":20389119,"hotelName":"Okavango Lodge","address":"Plot 518 Limulunga Road,Area 217,Livingstone 10101,Zambia","phones":"","fax":"","email":"","url":"http://www.okavangolodgelivingstone.com","countryIso2":"ZM","countryName":"Zambia","hotelRating":"3","latitude":"-17.8536","longitude":"25.7653","state_id":1990,"state_name":"Southern Province","country_id":246},{"active":false,"Giataid":"889304","cityId":131360,"cityName":"Livingstone","hotelId":20389120,"hotelName":"Sikalongo Lodge Highlands","address":"T1,Livingstone 10101,Zambia","phones":"","fax":"","email":"","url":"","countryIso2":"ZM","countryName":"Zambia","hotelRating":"0","latitude":"-17.8536","longitude":"25.7653","state_id":1990,"state_name":"Southern Province","country_id":246},{"active":false,"Giataid":"913417","cityId":131365,"cityName":"Lusaka","hotelId":20389123,"hotelName":"Red Lantern Hotel","address":"Plot 22 Great East Road,Avondale,Lusala,Lusaka 10101,Zambia","phones":"+260960777777","fax":"","email":"redlanternhotel888@gmail.com","url":"http://greenlightnzambia.wixsite.com/redlanternhotels","countryIso2":"ZM","countryName":"Zambia","hotelRating":"0","latitude":"-15.4042","longitude":"28.3155","state_id":1988,"state_name":"Lusaka Province","country_id":246},{"active":false,"Giataid":"872976","cityId":131365,"cityName":"Lusaka","hotelId":20389121,"hotelName":"Aninas Executive Lodge","address":"Plot 29B Lilayi Road,Off Kafue Road,Lilayi,Lusaka,Zambia","phones":"+260211279045","fax":"+260211279045","email":"reservations@aninaslodge.com","url":"http://www.aninaslodge.com","countryIso2":"ZM","countryName":"Zambia","hotelRating":"3","latitude":"-15.4042","longitude":"28.3155","state_id":1988,"state_name":"Lusaka Province","country_id":246},{"active":false,"Giataid":"895653","cityId":131365,"cityName":"Lusaka","hotelId":20389122,"hotelName":"Dream Valley Park & Lodge","address":"2132/M Main Street,Ibex Hill,Lusaka 10101,Zambia","phones":"+260955861468","fax":"","email":"info@dreamvalleylodge.com","url":"http://www.dreamvalleylodge.com","countryIso2":"ZM","countryName":"Zambia","hotelRating":"0","latitude":"-15.4042","longitude":"28.3155","state_id":1988,"state_name":"Lusaka Province","country_id":246},{"active":false,"Giataid":"873011","cityId":131358,"cityName":"Kitwe","hotelId":20389126,"hotelName":"Cappuccinos Lodge","address":"13 Bath Crescent Parklands,Kitwe 23456,Zambia","phones":"","fax":"","email":"","url":"","countryIso2":"ZM","countryName":"Zambia","hotelRating":"0","latitude":"-12.8097","longitude":"28.2046","state_id":1984,"state_name":"Copperbelt Province","country_id":246},{"active":false,"Giataid":"865769","cityId":131360,"cityName":"Livingstone","hotelId":20389127,"hotelName":"Tabonina Guesthouse","address":"3 Maisoko Road,Nottie Broad,Livingstone,Zambia","phones":"+260213320274","fax":"","email":"tabonina@yahoo.com","url":"http://www.taboninaguesthouse.com","countryIso2":"ZM","countryName":"Zambia","hotelRating":"2","latitude":"-17.8429","longitude":"25.8679","state_id":1990,"state_name":"Southern Province","country_id":246},{"active":false,"Giataid":"887434","cityId":131360,"cityName":"Livingstone","hotelId":20389128,"hotelName":"Jasy Guest House","address":"Plot 02 Mambo Way,Off Airport Road,Mutelo Street,Falls View,Livingstone 10101,Zambia","phones":"","fax":"","email":"","url":"","countryIso2":"ZM","countryName":"Zambia","hotelRating":"2","latitude":"-17.8471","longitude":"25.8551","state_id":1990,"state_name":"Southern Province","country_id":246},{"active":false,"Giataid":"868828","cityId":131365,"cityName":"Lusaka","hotelId":20389129,"hotelName":"Munameho Backpackers Lusaka","address":"Plot 15 Chifumbule Road,Woodlands,Lusaka 10101,Zambia","phones":"","fax":"","email":"","url":"","countryIso2":"ZM","countryName":"Zambia","hotelRating":"0","latitude":"-15.4042","longitude":"28.3155","state_id":1988,"state_name":"Lusaka Province","country_id":246},{"active":false,"Giataid":"887459","cityId":131365,"cityName":"Lusaka","hotelId":20389130,"hotelName":"Jojomo Guest House","address":"Plot 12250 Bulue Road,Chalala Woodland Area,Lusaka,Zambia","phones":"","fax":"","email":"","url":"","countryIso2":"ZM","countryName":"Zambia","hotelRating":"2","latitude":"-15.4042","longitude":"28.3155","state_id":1988,"state_name":"Lusaka Province","country_id":246},{"active":false,"Giataid":"913363","cityId":131365,"cityName":"Lusaka","hotelId":20389131,"hotelName":"Amaris Apartments","address":"172/8464 Nationalist Road,Libala,Lusaka 10101,Zambia","phones":"","fax":"","email":"","url":"","countryIso2":"ZM","countryName":"Zambia","hotelRating":"0","latitude":"-15.4042","longitude":"28.3155","state_id":1988,"state_name":"Lusaka Province","country_id":246},{"active":false,"Giataid":"872984","cityId":131388,"cityName":"Ndola","hotelId":20389132,"hotelName":"Marine Lodge","address":"Mushili Commando Road,Ndola 10101,Copperbelt,Zambia","phones":"","fax":"","email":"","url":"","countryIso2":"ZM","countryName":"Zambia","hotelRating":"0","latitude":"-12.9682","longitude":"28.6374","state_id":1984,"state_name":"Copperbelt Province","country_id":246},{"active":false,"Giataid":"976331","cityId":131365,"cityName":"Lusaka","hotelId":20424900,"hotelName":"Neelkanth Sarovar Premiere","address":"Plot 6111 Opposite Manda Hill Mall,Lusaka 10101,Zambia","phones":"+260211427700","fax":"","email":"nspl@sarovarhotels.com","url":"http://www.sarovarhotels.com/neelkanth-sarovar-premiere-lusaka/","countryIso2":"ZM","countryName":"Zambia","hotelRating":"4","latitude":"-15.4042","longitude":"28.3155","state_id":1988,"state_name":"Lusaka Province","country_id":246},{"active":false,"Giataid":"976535","cityId":131365,"cityName":"Lusaka","hotelId":20424898,"hotelName":"Le Elementos","address":"14 Lukasu Road Rhodespark,Lusaka 10101,Zambia","phones":"+260966607797","fax":"","email":"","url":"https://www.accorhotels.com/de/hotel-B3Z4-le-elementos/index.shtml","countryIso2":"ZM","countryName":"Zambia","hotelRating":"5","latitude":"-15.4042","longitude":"28.3155","state_id":1988,"state_name":"Lusaka Province","country_id":246},{"active":false,"Giataid":"976345","cityId":131365,"cityName":"Lusaka","hotelId":20424901,"hotelName":"Troy Serviced Apartments","address":"Nanshila Road 10,Lusaka 10101,Zambia","phones":"","fax":"","email":"","url":"","countryIso2":"ZM","countryName":"Zambia","hotelRating":"1","latitude":"-15.4042","longitude":"28.3155","state_id":1988,"state_name":"Lusaka Province","country_id":246}]