[{"active":false,"Giataid":"47427","cityId":null,"cityName":"South Luangwa National Park","hotelId":47427,"hotelName":"Chamilandu Bushcamp","address":"","phones":"","fax":"","email":"","url":"","countryIso2":"ZM","countryName":"Zambia","hotelRating":"3","latitude":"-13.0718","longitude":"31.7559","state_id":null,"state_name":null,"country_id":null},{"active":false,"Giataid":"47428","cityId":null,"cityName":"South Luangwa National Park","hotelId":47428,"hotelName":"Kapani Lodge","address":"","phones":"","fax":"","email":"","url":"","countryIso2":"ZM","countryName":"Zambia","hotelRating":"4","latitude":"-13.0718","longitude":"31.7559","state_id":null,"state_name":null,"country_id":null},{"active":false,"Giataid":"47429","cityId":null,"cityName":"South Luangwa National Park","hotelId":47429,"hotelName":"Mfuwe Lodge","address":"","phones":"","fax":"","email":"","url":"","countryIso2":"ZM","countryName":"Zambia","hotelRating":"3","latitude":"-13.0718","longitude":"31.7559","state_id":null,"state_name":null,"country_id":null},{"active":false,"Giataid":"128914","cityId":null,"cityName":"South Luangwa National Park","hotelId":128914,"hotelName":"Mchenja Bush Camp","address":"","phones":"","fax":"","email":"","url":"","countryIso2":"ZM","countryName":"Zambia","hotelRating":"4","latitude":"-13.0718","longitude":"31.7559","state_id":null,"state_name":null,"country_id":null},{"active":false,"Giataid":"128915","cityId":null,"cityName":"South Luangwa National Park","hotelId":128915,"hotelName":"Kalamu Tented Camp","address":"","phones":"","fax":"","email":"","url":"","countryIso2":"ZM","countryName":"Zambia","hotelRating":"4","latitude":"-13.0718","longitude":"31.7559","state_id":null,"state_name":null,"country_id":null},{"active":false,"Giataid":"142365","cityId":null,"cityName":"South Luangwa National Park","hotelId":142365,"hotelName":"Kalamu Bush Camp / Kalamau Bush Camp","address":"South Luangwa National Park,Zambia","phones":"","fax":"","email":"","url":"","countryIso2":"ZM","countryName":"Zambia","hotelRating":"1","latitude":"-12.9736","longitude":"31.537","state_id":null,"state_name":null,"country_id":null},{"active":false,"Giataid":"142378","cityId":null,"cityName":"South Luangwa National Park","hotelId":142378,"hotelName":"Luwi Bush Camp","address":"","phones":"","fax":"","email":"","url":"","countryIso2":"ZM","countryName":"Zambia","hotelRating":"3","latitude":"-13.0718","longitude":"31.7559","state_id":null,"state_name":null,"country_id":null},{"active":false,"Giataid":"143033","cityId":null,"cityName":"South Luangwa National Park","hotelId":143033,"hotelName":"Bilimungwe Bushcamp","address":"","phones":"","fax":"","email":"","url":"","countryIso2":"ZM","countryName":"Zambia","hotelRating":"1","latitude":"-13.0718","longitude":"31.7559","state_id":null,"state_name":null,"country_id":null},{"active":false,"Giataid":"143034","cityId":null,"cityName":"South Luangwa National Park","hotelId":143034,"hotelName":"Chindeni Bushcamp","address":"","phones":"","fax":"","email":"","url":"","countryIso2":"ZM","countryName":"Zambia","hotelRating":"4","latitude":"-13.0718","longitude":"31.7559","state_id":null,"state_name":null,"country_id":null},{"active":false,"Giataid":"143043","cityId":null,"cityName":"South Luangwa National Park","hotelId":143043,"hotelName":"Tafika","address":"","phones":"","fax":"","email":"","url":"","countryIso2":"ZM","countryName":"Zambia","hotelRating":"3","latitude":"-13.0718","longitude":"31.7559","state_id":null,"state_name":null,"country_id":null},{"active":false,"Giataid":"203019","cityId":null,"cityName":"Chisamba","hotelId":203019,"hotelName":"Protea Hotel Lusaka Safari Lodge","address":"1887 Kamaila Road,Chisamba 10101,Zambia","phones":"+260211842843","fax":"","email":"","url":"","countryIso2":"ZM","countryName":"Zambia","hotelRating":"3","latitude":"-15.0747","longitude":"28.2693","state_id":null,"state_name":null,"country_id":null},{"active":false,"Giataid":"203019","cityId":null,"cityName":"Chisamba","hotelId":203019,"hotelName":"Protea Hotel Lusaka Safari Lodge","address":"1887 Kamaila Road,Chisamba 10101,Zambia","phones":"+260211842843","fax":"","email":"","url":"","countryIso2":"ZM","countryName":"Zambia","hotelRating":"3","latitude":"-15.0747","longitude":"28.2693","state_id":null,"state_name":null,"country_id":null},{"active":false,"Giataid":"203022","cityId":null,"cityName":"South Luangwa National Park","hotelId":203022,"hotelName":"Kaingo Camp","address":"","phones":"","fax":"","email":"","url":"","countryIso2":"ZM","countryName":"Zambia","hotelRating":"3","latitude":"-13.0718","longitude":"31.7559","state_id":null,"state_name":null,"country_id":null},{"active":false,"Giataid":"203023","cityId":null,"cityName":"South Luangwa National Park","hotelId":203023,"hotelName":"Kakuli Bush Camp","address":"","phones":"","fax":"","email":"","url":"","countryIso2":"ZM","countryName":"Zambia","hotelRating":"3","latitude":"-13.0718","longitude":"31.7559","state_id":null,"state_name":null,"country_id":null},{"active":false,"Giataid":"203024","cityId":null,"cityName":"South Luangwa National Park","hotelId":203024,"hotelName":"Kapamba Bushcamp","address":"","phones":"","fax":"","email":"","url":"","countryIso2":"ZM","countryName":"Zambia","hotelRating":"3","latitude":"-13.0718","longitude":"31.7559","state_id":null,"state_name":null,"country_id":null},{"active":false,"Giataid":"203025","cityId":null,"cityName":"South Luangwa National Park","hotelId":203025,"hotelName":"Mwamba Bushcamp","address":"","phones":"","fax":"","email":"","url":"","countryIso2":"ZM","countryName":"Zambia","hotelRating":"3","latitude":"-13.0718","longitude":"31.7559","state_id":null,"state_name":null,"country_id":null},{"active":false,"Giataid":"203026","cityId":null,"cityName":"South Luangwa National Park","hotelId":203026,"hotelName":"Nsolo Bush Camp","address":"","phones":"","fax":"","email":"","url":"","countryIso2":"ZM","countryName":"Zambia","hotelRating":"3","latitude":"-13.0718","longitude":"31.7559","state_id":null,"state_name":null,"country_id":null},{"active":false,"Giataid":"408946","cityId":null,"cityName":"South Luangwa National Park","hotelId":408946,"hotelName":"Zikomo Safari Camp","address":"Plot 24623 M Nsefu Sector,D104,South Luangwa National Park 00110,Zambia","phones":"+260216246202","fax":"","email":"","url":"http://zikomosafari.amalocal.co.zm","countryIso2":"ZM","countryName":"Zambia","hotelRating":"1","latitude":"-13.0237","longitude":"31.8912","state_id":null,"state_name":null,"country_id":null},{"active":false,"Giataid":"527536","cityId":null,"cityName":"Solwesi","hotelId":527536,"hotelName":"The Royal Solwezi","address":"447 Old Chingola Road,Solwezi,North-Western Province,Zambia","phones":"+260218821620","fax":"+260218821416","email":"reservations@solwezi.com","url":"http://www.solwezi.com/","countryIso2":"ZM","countryName":"Zambia","hotelRating":"1","latitude":"-12.1663","longitude":"26.3829","state_id":null,"state_name":null,"country_id":null},{"active":false,"Giataid":"551596","cityId":null,"cityName":"Liuwa-Plain-Nationalpark","hotelId":551596,"hotelName":"King Lewanika Lodge","address":"","phones":"","fax":"","email":"","url":"","countryIso2":"ZM","countryName":"Zambia","hotelRating":"5","latitude":"0","longitude":"0","state_id":null,"state_name":null,"country_id":null},{"active":false,"Giataid":"562014","cityId":null,"cityName":"South Luangwa National Park","hotelId":562014,"hotelName":"Norman Carr Safari Camps","address":"","phones":"+260216246025","fax":"","email":"bookings@normancarrsafaris.com","url":"http://www.normancarrsafaris.com","countryIso2":"ZM","countryName":"Zambia","hotelRating":"1","latitude":"-13.0718","longitude":"31.7559","state_id":null,"state_name":null,"country_id":null},{"active":false,"Giataid":"725823","cityId":null,"cityName":"Solwesi","hotelId":725823,"hotelName":"Floriana Lodge","address":"Plot 1181 Solwezi Chingola Road,Solwezi,Zambia","phones":"","fax":"","email":"","url":"","countryIso2":"ZM","countryName":"Zambia","hotelRating":"1","latitude":"-12.1775","longitude":"26.4057","state_id":null,"state_name":null,"country_id":null},{"active":false,"Giataid":"727879","cityId":null,"cityName":"South Luangwa National Park","hotelId":727879,"hotelName":"Track & Trail River Camp","address":"Po Box 72,South Luangwa National Park,Mfuwe,Zambia","phones":"","fax":"","email":"info@trackandtrailrivercamp.com","url":"http://www.trackandtrailrivercamp.com","countryIso2":"ZM","countryName":"Zambia","hotelRating":"1","latitude":"-13.0718","longitude":"31.7559","state_id":null,"state_name":null,"country_id":null},{"active":false,"Giataid":"804341","cityId":null,"cityName":"Solwesi","hotelId":804341,"hotelName":"Kansanshi Hotel","address":"Off Old Chingola Road,PO Box 110208,Solwezi 10101,Zambia","phones":"+260218821221","fax":"+260218821222","email":"info.kansanshihotel@gmail.com","url":"http://kansanshi-hotel.com","countryIso2":"ZM","countryName":"Zambia","hotelRating":"1","latitude":"-12.1775","longitude":"26.4057","state_id":null,"state_name":null,"country_id":null},{"active":false,"Giataid":"811595","cityId":null,"cityName":"Solwesi","hotelId":811595,"hotelName":"Aaso Hotel","address":"Kyankwakwa,Solwezi 10101,Zambia","phones":"","fax":"","email":"","url":"","countryIso2":"ZM","countryName":"Zambia","hotelRating":"1","latitude":"-12.1775","longitude":"26.4057","state_id":null,"state_name":null,"country_id":null},{"active":false,"Giataid":"532338","cityId":null,"cityName":"Kafue National Park","hotelId":10097707,"hotelName":"MU-Fungata Safari Lodge","address":"Kafue National Park (GMA),Mumbwa,10101 Kafue National Park,Zambia","phones":"+260967977356","fax":"NULL","email":"NULL","url":"NULL","countryIso2":"ZM","countryName":"Zambia","hotelRating":"3","latitude":"-15.2029","longitude":"26.0372","state_id":null,"state_name":null,"country_id":null},{"active":false,"Giataid":"47426","cityId":null,"cityName":"South Luangwa National Park","hotelId":10106760,"hotelName":"Sanctuary Chichele Presidential Lodge","address":"South Luangwa National Park,Zambia","phones":"+26027211253719","fax":"NULL","email":"NULL","url":"NULL","countryIso2":"ZM","countryName":"Zambia","hotelRating":"4","latitude":"-13.1668","longitude":"31.7104","state_id":null,"state_name":null,"country_id":null},{"active":false,"Giataid":"122897","cityId":null,"cityName":"South Luangwa National Park","hotelId":10106766,"hotelName":"Sanctuary Puku Ridge Camp","address":"South Luangwa National Park 10101,Zambia","phones":"NULL","fax":"NULL","email":"NULL","url":"NULL","countryIso2":"ZM","countryName":"Zambia","hotelRating":"4","latitude":"-13.1613","longitude":"31.7153","state_id":null,"state_name":null,"country_id":null},{"active":false,"Giataid":"47423","cityId":null,"cityName":"Mosi-oa-Tunya National Park","hotelId":10106770,"hotelName":"Sanctuary Sussi & Chuma","address":"Mosi-oa-Tunya National Park,Zambia","phones":"NULL","fax":"NULL","email":"NULL","url":"NULL","countryIso2":"ZM","countryName":"Zambia","hotelRating":"4","latitude":"-17.8408","longitude":"25.7715","state_id":null,"state_name":null,"country_id":null},{"active":false,"Giataid":"496121","cityId":null,"cityName":"Kafue National Park","hotelId":10113441,"hotelName":"Bongwe Kafue Camp","address":"Delai,Mushengashi Conservancy,10101 Kafue National Park,Zambia","phones":"NULL","fax":"NULL","email":"NULL","url":"NULL","countryIso2":"ZM","countryName":"Zambia","hotelRating":"3","latitude":"-14.4608","longitude":"26.5816","state_id":null,"state_name":null,"country_id":null},{"active":false,"Giataid":"203016","cityId":null,"cityName":"Mosi-oa-Tunya National Park","hotelId":20003133,"hotelName":"Toka Leya Camp","address":"Situated just 12 Km from the Victoria Falls,Mosi-oa-Tunya National Park,Zambia","phones":"+26027112575000","fax":"","email":"enquiry@wilderness.co.za","url":"http://www.wilderness-safaris.com/camps/toka-leya-camp","countryIso2":"ZM","countryName":"Zambia","hotelRating":"4","latitude":"-17.8709","longitude":"25.8108","state_id":null,"state_name":null,"country_id":null},{"active":false,"Giataid":"299581","cityId":null,"cityName":"North Luangwa National Park","hotelId":20003334,"hotelName":"Mwaleshi Camp","address":"Mwaleshi,North Luangwa National Park,Zambia","phones":"+260216246185","fax":"","email":"reservations@remoteafrica.com","url":"http://www.remoteafrica.com/mwaleshi-camp/","countryIso2":"ZM","countryName":"Zambia","hotelRating":"0","latitude":"-11.9897","longitude":"32.3166","state_id":null,"state_name":null,"country_id":null},{"active":false,"Giataid":"47431","cityId":null,"cityName":"Lochinvar National Park","hotelId":20003583,"hotelName":"Lechwe Plains Tented Camp","address":"Lochinvar National Park,Zambia","phones":"","fax":"","email":"","url":"","countryIso2":"ZM","countryName":"Zambia","hotelRating":"4","latitude":"-15.9165","longitude":"27.25","state_id":null,"state_name":null,"country_id":null},{"active":false,"Giataid":"122898","cityId":null,"cityName":"Lower Zambezi National Park","hotelId":20003718,"hotelName":"Zambezi Kulefo Camp","address":"Lower Zambezi area,southern Zambia,Zambia","phones":"","fax":"","email":"","url":"","countryIso2":"ZM","countryName":"Zambia","hotelRating":"4","latitude":"-15.3123","longitude":"29.6035","state_id":null,"state_name":null,"country_id":null},{"active":false,"Giataid":"128916","cityId":null,"cityName":"Lower Zambezi National Park","hotelId":20003968,"hotelName":"Chiawa Camp","address":"Lower Zambezi National Park,Zambia","phones":"+260211261588","fax":"+260211262683","email":"res@chiawa.com","url":"http://www.chiawa.com/chiawa-camp","countryIso2":"ZM","countryName":"Zambia","hotelRating":"4","latitude":"-15.3123","longitude":"29.6035","state_id":null,"state_name":null,"country_id":null},{"active":false,"Giataid":"87086","cityId":null,"cityName":"Lower Zambezi National Park","hotelId":20004159,"hotelName":"Chongwe River Camp","address":"P O Box CA 102,Castle Post Office,Lusaka,Zambia","phones":"+260211841051","fax":"","email":"info@chongwe.com","url":"http://www.chongwe.com/","countryIso2":"ZM","countryName":"Zambia","hotelRating":"3","latitude":"-15.7164","longitude":"29.3386","state_id":null,"state_name":null,"country_id":null},{"active":false,"Giataid":"128917","cityId":null,"cityName":"Lower Zambezi National Park","hotelId":20004319,"hotelName":"Kanyemba Lodge","address":"Lower Zambezi National Park,Zambia","phones":"+260977755720","fax":"","email":"info@kanyemba.com","url":"http://www.kanyemba.com","countryIso2":"ZM","countryName":"Zambia","hotelRating":"2","latitude":"-15.3123","longitude":"29.6035","state_id":null,"state_name":null,"country_id":null},{"active":false,"Giataid":"87088","cityId":null,"cityName":"Kafue National Park","hotelId":20004469,"hotelName":"Lunga River Lodge","address":"Kafue National Park,Zambia","phones":"","fax":"","email":"","url":"","countryIso2":"ZM","countryName":"Zambia","hotelRating":"3","latitude":"-14.9236","longitude":"26.2024","state_id":null,"state_name":null,"country_id":null},{"active":false,"Giataid":"143048","cityId":null,"cityName":"Kasanka National Park","hotelId":20004665,"hotelName":"Wasa Camp","address":"Kasanka-Nationalpark,Zambia","phones":"","fax":"","email":"","url":"","countryIso2":"ZM","countryName":"Zambia","hotelRating":"0","latitude":"-11.9705","longitude":"29.4928","state_id":null,"state_name":null,"country_id":null},{"active":false,"Giataid":"87087","cityId":null,"cityName":"Kafue National Park","hotelId":20004868,"hotelName":"Shumba Camp","address":"Kafue National Park,Zambia","phones":"","fax":"","email":"","url":"","countryIso2":"ZM","countryName":"Zambia","hotelRating":"4","latitude":"-14.4022","longitude":"26.0422","state_id":null,"state_name":null,"country_id":null},{"active":false,"Giataid":"203020","cityId":null,"cityName":"Lower Zambezi National Park","hotelId":20005215,"hotelName":"Sausage Tree Camp","address":"Lower Zambezi National Park,Zambia","phones":"+260976579155","fax":"","email":"reservations@sausagetreecamp.com","url":"http://www.sausagetreecamp.com/","countryIso2":"ZM","countryName":"Zambia","hotelRating":"4","latitude":"-15.312","longitude":"29.6036","state_id":null,"state_name":null,"country_id":null},{"active":false,"Giataid":"87090","cityId":null,"cityName":"Kafue National Park","hotelId":20005435,"hotelName":"Kapinga Camp","address":"Kafue National Park,Zambia","phones":"","fax":"","email":"","url":"","countryIso2":"ZM","countryName":"Zambia","hotelRating":"4","latitude":"-14.2101","longitude":"25.816","state_id":null,"state_name":null,"country_id":null},{"active":false,"Giataid":"143050","cityId":null,"cityName":"Kasanka National Park","hotelId":20005651,"hotelName":"Luwombwa Camp","address":"Kasanka-Nationalpark,Zambia","phones":"","fax":"","email":"","url":"","countryIso2":"ZM","countryName":"Zambia","hotelRating":"0","latitude":"-11.9705","longitude":"29.4928","state_id":null,"state_name":null,"country_id":null},{"active":false,"Giataid":"203021","cityId":null,"cityName":"Lower Zambezi National Park","hotelId":20005824,"hotelName":"Old Mondoro Camp","address":"Lower Zambezi National Park,Zambia","phones":"+260211261588","fax":"+260211262683","email":"res@chiawa.com","url":"http://www.chiawa.com/old-mondoro","countryIso2":"ZM","countryName":"Zambia","hotelRating":"3","latitude":"-15.5323","longitude":"29.481","state_id":null,"state_name":null,"country_id":null},{"active":false,"Giataid":"299569","cityId":null,"cityName":"Kafue National Park","hotelId":20005986,"hotelName":"Ntemwa Tented Lodge","address":"Kafue National Park,Zambia","phones":"","fax":"","email":"","url":"","countryIso2":"ZM","countryName":"Zambia","hotelRating":"0","latitude":"-14.5","longitude":"26.1667","state_id":null,"state_name":null,"country_id":null},{"active":false,"Giataid":"667396","cityId":null,"cityName":"Lower Zambezi National Park","hotelId":20006158,"hotelName":"Amanzi Camp","address":"On the Banks of Ngwenyia Channel,Lower Zambezi National Park,Zambia","phones":"","fax":"","email":"info@theluxurysafaricompany.com","url":"","countryIso2":"ZM","countryName":"Zambia","hotelRating":"0","latitude":"-15.5323","longitude":"29.481","state_id":null,"state_name":null,"country_id":null},{"active":false,"Giataid":"128918","cityId":null,"cityName":"Kafue National Park","hotelId":20006348,"hotelName":"Lufupa Tented Camp","address":"Kafue National Park,Zambia","phones":"","fax":"","email":"","url":"","countryIso2":"ZM","countryName":"Zambia","hotelRating":"2","latitude":"-14.5","longitude":"26.1667","state_id":null,"state_name":null,"country_id":null},{"active":false,"Giataid":"203017","cityId":null,"cityName":"Kafue National Park","hotelId":20007603,"hotelName":"Mukambi Safari Lodge","address":"Kafue National Park,Zambia","phones":"+260974424013","fax":"","email":"reservations@mukambi.com","url":"http://mukambisafaris.com/mukambi-safari-lodge/","countryIso2":"ZM","countryName":"Zambia","hotelRating":"3","latitude":"-14.5","longitude":"26.1667","state_id":null,"state_name":null,"country_id":null},{"active":false,"Giataid":"311018","cityId":null,"cityName":"Lower Zambezi National Park","hotelId":20007877,"hotelName":"Royal Zambezi Lodge","address":"Lower Zambezi National Park,Zambia","phones":"+260211840682","fax":"","email":"reservations1@royalzambesilodge.com","url":"http://www.royalzambezilodge.com/index2.php","countryIso2":"ZM","countryName":"Zambia","hotelRating":"4","latitude":"-15.728","longitude":"29.3149","state_id":null,"state_name":null,"country_id":null},{"active":false,"Giataid":"87089","cityId":null,"cityName":"Kafue National Park","hotelId":20008074,"hotelName":"Busanga Bush Camp","address":"Kafue National Park,Zambia","phones":"","fax":"","email":"","url":"","countryIso2":"ZM","countryName":"Zambia","hotelRating":"3","latitude":"-14.2059","longitude":"25.8351","state_id":null,"state_name":null,"country_id":null},{"active":false,"Giataid":"299570","cityId":null,"cityName":"Lower Zambezi National Park","hotelId":20008256,"hotelName":"Kasaka River Lodge","address":"Plot 48,Acacia Road,Eureka Park,Lusaka 10101,Zambia","phones":"+260211841051","fax":"","email":"reservations@chongweriver.net","url":"http://www.kasakariverlodge.com","countryIso2":"ZM","countryName":"Zambia","hotelRating":"0","latitude":"-15.7366","longitude":"29.2994","state_id":null,"state_name":null,"country_id":null},{"active":false,"Giataid":"297822","cityId":null,"cityName":"Lower Zambezi National Park","hotelId":20008368,"hotelName":"Baines' River Camp","address":"Lower Zambezi National Park,Zambia","phones":"","fax":"","email":"reservations@bainesrivercamp.com","url":"http://www.bainesrivercamp.com/","countryIso2":"ZM","countryName":"Zambia","hotelRating":"5","latitude":"-15.7623","longitude":"29.2323","state_id":null,"state_name":null,"country_id":null},{"active":false,"Giataid":"652770","cityId":null,"cityName":"Kafue National Park","hotelId":20008497,"hotelName":"KaingU Safari Lodge","address":"Namwala Game Management Area (GMA),opposite Kafue National Park,Zambia","phones":"","fax":"","email":"info@kaingu-lodge.com","url":"http://kaingu-lodge.com","countryIso2":"ZM","countryName":"Zambia","hotelRating":"0","latitude":"-15.2977","longitude":"25.9782","state_id":null,"state_name":null,"country_id":null},{"active":false,"Giataid":"530138","cityId":null,"cityName":"Kafue National Park","hotelId":20008644,"hotelName":"McBrides' Camp","address":"Mumbwa,Provincia Central,Zambia","phones":"+260977414871","fax":"","email":"McBrides.Camp@uuplus.net","url":"http://mcbridescamp.com/","countryIso2":"ZM","countryName":"Zambia","hotelRating":"0","latitude":"-14.5476","longitude":"26.0539","state_id":null,"state_name":null,"country_id":null},{"active":false,"Giataid":"667403","cityId":null,"cityName":"Lower Zambezi National Park","hotelId":20008788,"hotelName":"Potato Bush Camp","address":"Near Sausage Tree Camp,Banks of Sambesi,Lower Zambezi National Park,Zambia","phones":"+260976579155","fax":"","email":"reservations@sausagetreecamp.com","url":"http://www.potatobushcamp.com","countryIso2":"ZM","countryName":"Zambia","hotelRating":"0","latitude":"-15.5323","longitude":"29.481","state_id":null,"state_name":null,"country_id":null},{"active":false,"Giataid":"667381","cityId":null,"cityName":"South Luangwa National Park","hotelId":20008934,"hotelName":"Zungulila Bushcamp","address":"Kapamba River,South Luangwa National Park,Zambia","phones":"+260978770055","fax":"","email":"info@bushcampcompany.com","url":"http://www.bushcampcompany.com/bushcamps/zungulila.php","countryIso2":"ZM","countryName":"Zambia","hotelRating":"0","latitude":"-13.0718","longitude":"31.7559","state_id":null,"state_name":null,"country_id":null},{"active":false,"Giataid":"299572","cityId":null,"cityName":"Kafue National Park","hotelId":20009098,"hotelName":"Musanza Tented Camp","address":"Kafue National Park,Zambia","phones":"","fax":"","email":"","url":"","countryIso2":"ZM","countryName":"Zambia","hotelRating":"0","latitude":"-14.2285","longitude":"25.8897","state_id":null,"state_name":null,"country_id":null},{"active":false,"Giataid":"143035","cityId":null,"cityName":"South Luangwa National Park","hotelId":20009233,"hotelName":"Kuyenda Bushcamp","address":"Manzi River,South Luangwa Valley,South Luangwa National Park,Zambia","phones":"+260978770055","fax":"","email":"info@bushcampcompany.com","url":"","countryIso2":"ZM","countryName":"Zambia","hotelRating":"3","latitude":"-13.0718","longitude":"31.7559","state_id":null,"state_name":null,"country_id":null},{"active":false,"Giataid":"87083","cityId":null,"cityName":"South Luangwa National Park","hotelId":20009368,"hotelName":"Nkwali Camp","address":"Located on the banks of the Luangwa River,PO Box 80,Mfuwe,South Luangwa National Park,Mfuwe Region,Zambia","phones":"+2602651794491","fax":"","email":"info@robinpopesafaris.net","url":"http://www.robinpopesafaris.net/camps/nkwali.php","countryIso2":"ZM","countryName":"Zambia","hotelRating":"3","latitude":"-13.1168","longitude":"31.7414","state_id":null,"state_name":null,"country_id":null},{"active":false,"Giataid":"87084","cityId":null,"cityName":"South Luangwa National Park","hotelId":20009497,"hotelName":"Tena Tena","address":"Nsefu Sector,South Luangwa National Park,Zambia","phones":"+2602651794491","fax":"","email":"info@robinpopesafaris.net","url":"https://www.robinpopesafaris.net/de/camps/tena-tena.php","countryIso2":"ZM","countryName":"Zambia","hotelRating":"4","latitude":"-12.997","longitude":"31.9055","state_id":null,"state_name":null,"country_id":null},{"active":false,"Giataid":"128913","cityId":null,"cityName":"Mfuwe","hotelId":20010058,"hotelName":"Flatdogs Camp","address":"P.O. Box 125,Mfuwe Zambia,South Luangwa National Park,Central Africa,Zambia","phones":"+260216246038","fax":"","email":"info@flatdogscamp.com","url":"http://www.flatdogscamp.com/","countryIso2":"ZM","countryName":"Zambia","hotelRating":"2","latitude":"-13.102","longitude":"31.7792","state_id":null,"state_name":null,"country_id":null},{"active":false,"Giataid":"297819","cityId":null,"cityName":"Mfuwe","hotelId":20010214,"hotelName":"Kafunta River Lodge","address":"Mfue,South Luangwa National Park,Zambia","phones":"+260216246046","fax":"","email":"","url":"","countryIso2":"ZM","countryName":"Zambia","hotelRating":"3","latitude":"-13.1666","longitude":"31.5","state_id":null,"state_name":null,"country_id":null},{"active":false,"Giataid":"238329","cityId":null,"cityName":"Kazungula","hotelId":20016380,"hotelName":"Royal Chundu - Luxury Zambezi Lodges","address":"Plot 9006,Kazungula 10101,Zambia","phones":"+26027214389160","fax":"+26027414384389","email":"reservations@royalchundu.com","url":"http://www.royalchundu.com","countryIso2":"ZM","countryName":"Zambia","hotelRating":"5","latitude":"-17.8443","longitude":"25.3901","state_id":null,"state_name":null,"country_id":null},{"active":false,"Giataid":"47430","cityId":null,"cityName":"South Luangwa National Park","hotelId":20018763,"hotelName":"Nsefu Camp","address":"Northern Nsefu Concession,Luangwa River,South Luangwa National Park,Zambia","phones":"+2602651794491","fax":"","email":"info@robinpopesafaris.net","url":"https://www.robinpopesafaris.net/de/camps/nsefu.php","countryIso2":"ZM","countryName":"Zambia","hotelRating":"3","latitude":"-12.9385","longitude":"31.9225","state_id":null,"state_name":null,"country_id":null},{"active":false,"Giataid":"667386","cityId":null,"cityName":"South Luangwa National Park","hotelId":20018884,"hotelName":"Luangwa Safari House","address":"Luangwa Valley,South Luangwa National Park,Zambia","phones":"+2602651794491","fax":"","email":"info@robinpopesafaris.net","url":"http://www.robinpopesafaris.net/de/camps/luangwa-safari-house.php","countryIso2":"ZM","countryName":"Zambia","hotelRating":"0","latitude":"-13.0718","longitude":"31.7559","state_id":null,"state_name":null,"country_id":null},{"active":false,"Giataid":"652758","cityId":null,"cityName":"South Luangwa National Park","hotelId":20019028,"hotelName":"Thornicroft Lodge","address":"Luangwa River,South Luangwa National Park,North of Zambia,Zambia","phones":"","fax":"","email":"info@thornicroft-lodge.com","url":"http://www.thornicroft-lodge.com/","countryIso2":"ZM","countryName":"Zambia","hotelRating":"0","latitude":"-13.1024","longitude":"31.7991","state_id":null,"state_name":null,"country_id":null},{"active":false,"Giataid":"369443","cityId":null,"cityName":"South Luangwa National Park","hotelId":20019133,"hotelName":"Chichele Presidential Lodge All Inclus","address":"Chikomba,50100 South Luangwa National Park,Zambia","phones":"","fax":"","email":"","url":"","countryIso2":"ZM","countryName":"Zambia","hotelRating":"0","latitude":"-13.1706","longitude":"31.6946","state_id":null,"state_name":null,"country_id":null},{"active":false,"Giataid":"678920","cityId":null,"cityName":"South Luangwa National Park","hotelId":20019229,"hotelName":"Croc Valley Camp","address":"Mfuwe,Eastern,South Luangwa National Park,Zambia","phones":"+260216246074","fax":"+26027865708170","email":"reservations@crocvalley.com","url":"http://www.crocvalley.com","countryIso2":"ZM","countryName":"Zambia","hotelRating":"0","latitude":"-13.1008","longitude":"31.7947","state_id":null,"state_name":null,"country_id":null},{"active":false,"Giataid":"314331","cityId":null,"cityName":"South Luangwa National Park","hotelId":20019354,"hotelName":"Chinzombo Safari Camp","address":"Luangwa River,South Luangwa National Park,Zambia","phones":"+260216246025","fax":"","email":"bookings@normancarrsafaris.com","url":"http://www.normancarrsafaris.com/#!/camps/chinzombo","countryIso2":"ZM","countryName":"Zambia","hotelRating":"4","latitude":"-13.0704","longitude":"31.8112","state_id":null,"state_name":null,"country_id":null},{"active":false,"Giataid":"529909","cityId":null,"cityName":"Siatwinda","hotelId":20019781,"hotelName":"Kariba Bush Club","address":"Plot 6569/M,Sinazongwe District,Siatwinda,Southern Province,Zambia","phones":"+260979493980","fax":"","email":"info@karibabushclub.com","url":"http://www.karibabushclub.com/","countryIso2":"ZM","countryName":"Zambia","hotelRating":"0","latitude":"-16.8304","longitude":"26.997","state_id":null,"state_name":null,"country_id":null},{"active":false,"Giataid":"887468","cityId":null,"cityName":"Kafue National Park","hotelId":20389065,"hotelName":"Hippo Lodge","address":"Kafue National Park,Mumbwa 10101,Northern Zambia,Zambia","phones":"+260972080115","fax":"","email":"info@hippolodge.com","url":"http://www.hippolodge.com","countryIso2":"ZM","countryName":"Zambia","hotelRating":"0","latitude":"-14.5877","longitude":"26.1129","state_id":null,"state_name":null,"country_id":null},{"active":false,"Giataid":"901816","cityId":null,"cityName":"South Luangwa National Park","hotelId":20389085,"hotelName":"Lion Camp","address":"Box 95,South Luangwa National Park,Mfuwe,Zambia","phones":"+260965156181","fax":"","email":"info@lioncamp.com","url":"https://lioncamp.com","countryIso2":"ZM","countryName":"Zambia","hotelRating":"0","latitude":"-13.0718","longitude":"31.7559","state_id":null,"state_name":null,"country_id":null}]