[{"active":false,"Giataid":"142899","cityId":15737,"cityName":"Ghanzi","hotelId":142899,"hotelName":"Edo's Camp","address":"NULL","phones":"+26772120399","fax":"","email":"","url":"http://www.edoscamp.com","countryIso2":"BW","countryName":"Botswana","hotelRating":"1","latitude":"-21.4969","longitude":"21.8434","state_id":3061,"state_name":"Ghanzi District","country_id":29},{"active":false,"Giataid":"144185","cityId":15783,"cityName":"Palapye","hotelId":144185,"hotelName":"Cresta Botsalo","address":"Along Gaborone And Francistown Road,Palapye,Botswana","phones":"+2674920245","fax":"","email":"","url":"","countryIso2":"BW","countryName":"Botswana","hotelRating":"3","latitude":"-22.5506","longitude":"27.1141","state_id":3067,"state_name":"Central District","country_id":29},{"active":false,"Giataid":"144192","cityId":15764,"cityName":"Maun","hotelId":144192,"hotelName":"John Chase Safaris","address":"","phones":"","fax":"","email":"","url":"","countryIso2":"BW","countryName":"Botswana","hotelRating":"1","latitude":"-19.9765","longitude":"23.4468","state_id":3065,"state_name":"North-West District","country_id":29},{"active":false,"Giataid":"229815","cityId":15778,"cityName":"Nata","hotelId":229815,"hotelName":"Nata Lodge","address":"P.O. Box 10,Nata,Botswana","phones":"+2676200070","fax":"+2676200071","email":"reservations@natalodge.com","url":"http://underonebotswanasky.com/camps/nata-lodge.php","countryIso2":"BW","countryName":"Botswana","hotelRating":"3","latitude":"-20.224","longitude":"26.2677","state_id":3067,"state_name":"Central District","country_id":29},{"active":false,"Giataid":"292713","cityId":15744,"cityName":"Kanye","hotelId":292713,"hotelName":"Motse Lodge","address":"","phones":"","fax":"","email":"","url":"","countryIso2":"BW","countryName":"Botswana","hotelRating":"1","latitude":"-24.9589","longitude":"25.3436","state_id":3063,"state_name":"Southern District","country_id":29},{"active":false,"Giataid":"372255","cityId":15755,"cityName":"Mahalapye","hotelId":372255,"hotelName":"Cresta Mahalapye","address":"9250 Moko Ward,Mahalapye,Botswana","phones":"+2674719000","fax":"","email":"","url":"","countryIso2":"BW","countryName":"Botswana","hotelRating":"3","latitude":"-23.0943","longitude":"26.8458","state_id":3067,"state_name":"Central District","country_id":29},{"active":false,"Giataid":"432346","cityId":15778,"cityName":"Nata","hotelId":432346,"hotelName":"Pelican Lodge","address":"Main Road 5KM,South of Nata Village,Nata Sanctuary,Botswana","phones":"","fax":"","email":"book@comparesafaris.com","url":"http://www.pelicanlodgebotswana.com","countryIso2":"BW","countryName":"Botswana","hotelRating":"1","latitude":"-20.2187","longitude":"26.232","state_id":3067,"state_name":"Central District","country_id":29},{"active":false,"Giataid":"530075","cityId":15796,"cityName":"Shakawe","hotelId":530075,"hotelName":"Lawdons Lodge","address":"NULL","phones":"","fax":"","email":"lawdonslodge@comparesafaris.com","url":"http://www.lawdonslodge.com/","countryIso2":"BW","countryName":"Botswana","hotelRating":"1","latitude":"-18.3674","longitude":"21.8391","state_id":3065,"state_name":"North-West District","country_id":29},{"active":false,"Giataid":"530670","cityId":15778,"cityName":"Nata","hotelId":530670,"hotelName":"Elephant Sands","address":"53 kilometers north of Nata on the Nata - Kasane road,Nata Area,Botswana","phones":"+26773536473","fax":"","email":"bookings@elephantsandsbotswana.com","url":"http://www.elephantsands.com/","countryIso2":"BW","countryName":"Botswana","hotelRating":"1","latitude":"-20.2105","longitude":"26.1773","state_id":3067,"state_name":"Central District","country_id":29},{"active":false,"Giataid":"563052","cityId":15781,"cityName":"Orapa","hotelId":563052,"hotelName":"Seolo Hotel","address":"","phones":"","fax":"","email":"","url":"","countryIso2":"BW","countryName":"Botswana","hotelRating":"1","latitude":"-21.3201","longitude":"25.3151","state_id":3067,"state_name":"Central District","country_id":29},{"active":false,"Giataid":"584712","cityId":15771,"cityName":"Mogoditshane","hotelId":584712,"hotelName":"Mogo Self-Catering Apartments","address":"Plot 11782,Off Molepolole Road,Kgatleng Ward,00267 Mogoditshane,Botswana","phones":"","fax":"","email":"","url":"","countryIso2":"BW","countryName":"Botswana","hotelRating":"1","latitude":"-24.6287","longitude":"25.8728","state_id":3069,"state_name":"Kweneng District","country_id":29},{"active":false,"Giataid":"584799","cityId":15771,"cityName":"Mogoditshane","hotelId":584799,"hotelName":"Gae Apartments","address":"Lot 1481,Mogoditshane,Gaborone,Botswana","phones":"+26773863737","fax":"","email":"info@gaeapartments.com","url":"http://www.gaeapartments.com/","countryIso2":"BW","countryName":"Botswana","hotelRating":"1","latitude":"-24.6273","longitude":"25.8525","state_id":3069,"state_name":"Kweneng District","country_id":29},{"active":false,"Giataid":"678447","cityId":15778,"cityName":"Nata","hotelId":678447,"hotelName":"Northgate Lodge","address":"Nata CBD- A3 Road,Main Road,Nata,Botswana","phones":"","fax":"","email":"","url":"","countryIso2":"BW","countryName":"Botswana","hotelRating":"1","latitude":"-20.2145","longitude":"26.199","state_id":3067,"state_name":"Central District","country_id":29},{"active":false,"Giataid":"678555","cityId":15778,"cityName":"Nata","hotelId":678555,"hotelName":"Maya Guest Inn","address":"A3 Highway,Nata,Botswana","phones":"+2676211296","fax":"+2676211295","email":"reservations@mayaguestinn.net","url":"http://www.mayaguestinn.net","countryIso2":"BW","countryName":"Botswana","hotelRating":"1","latitude":"-20.2145","longitude":"26.199","state_id":3067,"state_name":"Central District","country_id":29},{"active":false,"Giataid":"692464","cityId":15778,"cityName":"Nata","hotelId":692464,"hotelName":"Bel Rea Guest House","address":"A3 Road,Nata,Botswana","phones":"","fax":"","email":"","url":"https://uk.hotels.com/ho582503","countryIso2":"BW","countryName":"Botswana","hotelRating":"1","latitude":"-20.2145","longitude":"26.199","state_id":3067,"state_name":"Central District","country_id":29},{"active":false,"Giataid":"694108","cityId":15771,"cityName":"Mogoditshane","hotelId":694108,"hotelName":"Camels Inn Lodge","address":"Maipei Ward,Mmopane,PO Box 1176,Mogoditshane,Botswana","phones":"+2673167005","fax":"+2673184274","email":"camelsinn@hotmail.comInn","url":"http://www.camelsinn.com/","countryIso2":"BW","countryName":"Botswana","hotelRating":"1","latitude":"-24.5788","longitude":"25.8622","state_id":3069,"state_name":"Kweneng District","country_id":29},{"active":false,"Giataid":"694316","cityId":15781,"cityName":"Orapa","hotelId":694316,"hotelName":"Makumutu Lodge & Campsite","address":"Along A114 Highway,Mopipi Juxion,Orapa,Botswana","phones":"","fax":"","email":"info@makumutulodge.com","url":"http://www.makumutulodge.com/","countryIso2":"BW","countryName":"Botswana","hotelRating":"1","latitude":"-21.3201","longitude":"25.3151","state_id":3067,"state_name":"Central District","country_id":29},{"active":false,"Giataid":"725980","cityId":15764,"cityName":"Maun","hotelId":725980,"hotelName":"Residence Inn Guest House","address":"Moeti Ward,Maun,Botswana","phones":"","fax":"","email":"","url":"","countryIso2":"BW","countryName":"Botswana","hotelRating":"1","latitude":"-19.9765","longitude":"23.4468","state_id":3065,"state_name":"North-West District","country_id":29},{"active":false,"Giataid":"726762","cityId":15764,"cityName":"Maun","hotelId":726762,"hotelName":"Cresta Maun","address":"Plot 16719 Thamalakane River,Maun,Botswana","phones":"","fax":"","email":"enquiry@crestahotels.com","url":"http://www.crestahotels.com/hotels/cresta-maun-2/","countryIso2":"BW","countryName":"Botswana","hotelRating":"1","latitude":"-19.9765","longitude":"23.4468","state_id":3065,"state_name":"North-West District","country_id":29},{"active":false,"Giataid":"729607","cityId":15783,"cityName":"Palapye","hotelId":729607,"hotelName":"Palapye Guest House","address":"Along A1 Road,Near Palapye Post Office,PO Box 34,Palapye,Botswana","phones":"+2674922274","fax":"+2674920415","email":"reservations@palapyeguesthouse.com","url":"http://palapyeguesthouse.com","countryIso2":"BW","countryName":"Botswana","hotelRating":"1","latitude":"-22.5456","longitude":"27.1082","state_id":3067,"state_name":"Central District","country_id":29},{"active":false,"Giataid":"729975","cityId":15737,"cityName":"Ghanzi","hotelId":729975,"hotelName":"Eagle Suites Guest House","address":"Plot 2791 Molapo Ward,Along A35 Highway,Ghanzi,Botswana","phones":"","fax":"","email":"","url":"","countryIso2":"BW","countryName":"Botswana","hotelRating":"1","latitude":"-21.6685","longitude":"21.7132","state_id":3061,"state_name":"Ghanzi District","country_id":29},{"active":false,"Giataid":"730381","cityId":15737,"cityName":"Ghanzi","hotelId":730381,"hotelName":"Nkwe Safari Lodge","address":"30km off Ghanzi,Ghanzi,Botswana","phones":"","fax":"","email":"","url":"","countryIso2":"BW","countryName":"Botswana","hotelRating":"1","latitude":"-21.6685","longitude":"21.7132","state_id":3061,"state_name":"Ghanzi District","country_id":29},{"active":false,"Giataid":"739997","cityId":15778,"cityName":"Nata","hotelId":739997,"hotelName":"Gomwe Guest Inn","address":"Sekao Ward,Nata,Botswana","phones":"","fax":"","email":"","url":"","countryIso2":"BW","countryName":"Botswana","hotelRating":"1","latitude":"-20.2145","longitude":"26.199","state_id":3067,"state_name":"Central District","country_id":29},{"active":false,"Giataid":"746691","cityId":15795,"cityName":"Serowe","hotelId":746691,"hotelName":"Masama Lodge and Camp Site","address":"Masama Along A14 High Way,PO Box 30628,Serowe,Botswana","phones":"+26772996286","fax":"","email":"masama@yahoo.com","url":"http://www.masamalodge.co.bw","countryIso2":"BW","countryName":"Botswana","hotelRating":"1","latitude":"-22.3658","longitude":"26.7322","state_id":3067,"state_name":"Central District","country_id":29},{"active":false,"Giataid":"747766","cityId":15764,"cityName":"Maun","hotelId":747766,"hotelName":"The New Mall Guest House","address":"37652 Koro Street,Newtown Ward,Maun,Botswana","phones":"","fax":"","email":"","url":"","countryIso2":"BW","countryName":"Botswana","hotelRating":"1","latitude":"-19.9765","longitude":"23.4468","state_id":3065,"state_name":"North-West District","country_id":29},{"active":false,"Giataid":"768309","cityId":15755,"cityName":"Mahalapye","hotelId":768309,"hotelName":"Keeme Nao Hotel","address":"1265 Madiba Ward Madiba,Mahalapye,Botswana","phones":"","fax":"","email":"","url":"","countryIso2":"BW","countryName":"Botswana","hotelRating":"1","latitude":"-23.1006","longitude":"26.8425","state_id":3067,"state_name":"Central District","country_id":29},{"active":false,"Giataid":"768339","cityId":15755,"cityName":"Mahalapye","hotelId":768339,"hotelName":"Premier Hotel","address":"Madiba Ward,Mahalapye,Botswana","phones":"","fax":"","email":"","url":"","countryIso2":"BW","countryName":"Botswana","hotelRating":"1","latitude":"-23.1006","longitude":"26.8425","state_id":3067,"state_name":"Central District","country_id":29},{"active":false,"Giataid":"769381","cityId":15771,"cityName":"Mogoditshane","hotelId":769381,"hotelName":"Regie's Hotel","address":"Plot 4860 Block 1,Mmopane,PO Box 682,Mogoditshane,Botswana","phones":"","fax":"","email":"","url":"","countryIso2":"BW","countryName":"Botswana","hotelRating":"1","latitude":"-24.6273","longitude":"25.87","state_id":3069,"state_name":"Kweneng District","country_id":29},{"active":false,"Giataid":"769528","cityId":15795,"cityName":"Serowe","hotelId":769528,"hotelName":"Hotel 23","address":"Plot 21029,Mere Ward,Along Main A14 Road,Serowe,Botswana","phones":"","fax":"","email":"","url":"","countryIso2":"BW","countryName":"Botswana","hotelRating":"1","latitude":"-22.3658","longitude":"26.7322","state_id":3067,"state_name":"Central District","country_id":29},{"active":false,"Giataid":"770340","cityId":15764,"cityName":"Maun","hotelId":770340,"hotelName":"Adansonia Hotel","address":"Plot 2592,Sedie Road,Moremi Game Reserve Highway,Maun,Botswana","phones":"","fax":"","email":"","url":"","countryIso2":"BW","countryName":"Botswana","hotelRating":"1","latitude":"-19.9898","longitude":"23.4194","state_id":3065,"state_name":"North-West District","country_id":29},{"active":false,"Giataid":"840833","cityId":15771,"cityName":"Mogoditshane","hotelId":840833,"hotelName":"Basanti Guest House","address":"Block 5,PO Box 40331,Mogoditshane,Botswana","phones":"+2673957189","fax":"+2673957189","email":"basantty@yahoo.com","url":"http://basantiguesthouse.wordpress.com","countryIso2":"BW","countryName":"Botswana","hotelRating":"1","latitude":"-24.6273","longitude":"25.87","state_id":3069,"state_name":"Kweneng District","country_id":29},{"active":false,"Giataid":"841113","cityId":15755,"cityName":"Mahalapye","hotelId":841113,"hotelName":"Madiba Inn","address":"Plot 13369 Madiba Road,Mahalapye,Botswana","phones":"","fax":"","email":"","url":"","countryIso2":"BW","countryName":"Botswana","hotelRating":"1","latitude":"-23.1006","longitude":"26.8425","state_id":3067,"state_name":"Central District","country_id":29},{"active":false,"Giataid":"841187","cityId":15783,"cityName":"Palapye","hotelId":841187,"hotelName":"Real Favour Suites","address":"Plot 7732 Serorome Ward,Palapye,Botswana","phones":"","fax":"","email":"","url":"","countryIso2":"BW","countryName":"Botswana","hotelRating":"1","latitude":"-22.5456","longitude":"27.1082","state_id":3067,"state_name":"Central District","country_id":29},{"active":false,"Giataid":"841286","cityId":15783,"cityName":"Palapye","hotelId":841286,"hotelName":"The Vineyard Cottages B&B","address":"Plot 24539,Palapye,Botswana","phones":"","fax":"","email":"","url":"","countryIso2":"BW","countryName":"Botswana","hotelRating":"1","latitude":"-22.5456","longitude":"27.1082","state_id":3067,"state_name":"Central District","country_id":29},{"active":false,"Giataid":"841400","cityId":15783,"cityName":"Palapye","hotelId":841400,"hotelName":"Belle Vue Bed & Breakfast","address":"House 27928 Unnamed Road,Extension 2,Palapye,Botswana","phones":"+2674900191","fax":"","email":"bellevueguesthouse01@gmail.com","url":"http://belle-vue-bed-and-breakfast4.webnode.com","countryIso2":"BW","countryName":"Botswana","hotelRating":"1","latitude":"-22.5456","longitude":"27.1082","state_id":3067,"state_name":"Central District","country_id":29},{"active":false,"Giataid":"476162","cityId":15771,"cityName":"Mogoditshane","hotelId":10073328,"hotelName":"Covenant Hotel","address":"Plot 910,Mogoditshane,Botswana","phones":"+2673121178","fax":"","email":"","url":"","countryIso2":"BW","countryName":"Botswana","hotelRating":"3","latitude":"-24.6169","longitude":"25.87","state_id":3069,"state_name":"Kweneng District","country_id":29},{"active":false,"Giataid":"429095","cityId":15783,"cityName":"Palapye","hotelId":10075863,"hotelName":"Majestic Five Hotel","address":"A1 Highway,Palapye,Botswana","phones":"267-492-1222","fax":"NULL","email":"reserve@majesticfive.co.bw","url":"http://www.majesticfive.co.bw","countryIso2":"BW","countryName":"Botswana","hotelRating":"4","latitude":"-22.5456","longitude":"27.1082","state_id":3067,"state_name":"Central District","country_id":29},{"active":false,"Giataid":"510854","cityId":15764,"cityName":"Maun","hotelId":10105903,"hotelName":"Rivernest Boutique Cottages","address":"Matlapana Road,Along Sedie,Maun 1910,Botswana","phones":"+2676840400","fax":"NULL","email":"NULL","url":"NULL","countryIso2":"BW","countryName":"Botswana","hotelRating":"2","latitude":"-19.9426","longitude":"23.483","state_id":3065,"state_name":"North-West District","country_id":29},{"active":false,"Giataid":"510901","cityId":15783,"cityName":"Palapye","hotelId":10126940,"hotelName":"Isabel Guest Suites & Tours","address":"Mokgosi Road,Palapye,Botswana","phones":"NULL","fax":"NULL","email":"NULL","url":"NULL","countryIso2":"BW","countryName":"Botswana","hotelRating":"2","latitude":"-22.5382","longitude":"27.1296","state_id":3067,"state_name":"Central District","country_id":29},{"active":false,"Giataid":"510881","cityId":15764,"cityName":"Maun","hotelId":10127364,"hotelName":"Jump Street Chalets","address":"Kwena Road,Boseja Ward,Maun,Botswana","phones":"+2676864688","fax":"NULL","email":"NULL","url":"NULL","countryIso2":"BW","countryName":"Botswana","hotelRating":"2","latitude":"-20.0111","longitude":"23.4178","state_id":3065,"state_name":"North-West District","country_id":29},{"active":false,"Giataid":"694338","cityId":15764,"cityName":"Maun","hotelId":20000781,"hotelName":"Queness Inn","address":"Plot 1485 Disaneng,Maun,Botswana","phones":"+2676841000","fax":"","email":"quenessinnmaun@gmail.com","url":"http://www.quenessinn.com/","countryIso2":"BW","countryName":"Botswana","hotelRating":"0","latitude":"-19.9765","longitude":"23.4468","state_id":3065,"state_name":"North-West District","country_id":29},{"active":false,"Giataid":"595103","cityId":15764,"cityName":"Maun","hotelId":20000810,"hotelName":"Enviro-Villa Luxury Inn","address":"Xabara,Maun,Botswana","phones":"","fax":"","email":"","url":"","countryIso2":"BW","countryName":"Botswana","hotelRating":"3","latitude":"-20.0228","longitude":"23.4272","state_id":3065,"state_name":"North-West District","country_id":29},{"active":false,"Giataid":"229814","cityId":15764,"cityName":"Maun","hotelId":20001019,"hotelName":"Maun Lodge","address":"Plot 459,Boseja,Maun,Botswana","phones":"+2676863939","fax":"+2676863969","email":"maun.lodge@info.bw","url":"http://www.maunlodge.com/","countryIso2":"BW","countryName":"Botswana","hotelRating":"1","latitude":"-20.0049","longitude":"23.4279","state_id":3065,"state_name":"North-West District","country_id":29},{"active":false,"Giataid":"529993","cityId":15764,"cityName":"Maun","hotelId":20001432,"hotelName":"Camp Dizhana","address":"Sunrise Motors Complex,Sedia Ward,Maun,Botswana","phones":"+26727153073377","fax":"+26727153075554","email":"info@dizhana.co.za","url":"http://www.dizhana.co.za/","countryIso2":"BW","countryName":"Botswana","hotelRating":"0","latitude":"-19.9765","longitude":"23.4468","state_id":3065,"state_name":"North-West District","country_id":29},{"active":false,"Giataid":"595083","cityId":15764,"cityName":"Maun","hotelId":20001985,"hotelName":"Pacific Conqueror Self Catering Units","address":"Disaneng Ward 2,Maun,Botswana","phones":"","fax":"","email":"","url":"","countryIso2":"BW","countryName":"Botswana","hotelRating":"3","latitude":"-19.9736","longitude":"23.4597","state_id":3065,"state_name":"North-West District","country_id":29},{"active":false,"Giataid":"678459","cityId":15764,"cityName":"Maun","hotelId":20002200,"hotelName":"StayBridge Apartments & Suites","address":"Plot 43 Boseja,P.O Box 21192,Maun,Botswana","phones":"+2676865383","fax":"+2676865398","email":"reservations@staybridgeapartments.com","url":"http://ww.staybridgeapartments.com/","countryIso2":"BW","countryName":"Botswana","hotelRating":"0","latitude":"-19.9765","longitude":"23.4468","state_id":3065,"state_name":"North-West District","country_id":29},{"active":false,"Giataid":"527701","cityId":15795,"cityName":"Serowe","hotelId":20002608,"hotelName":"Serowe Hotel","address":"P.O. Box 150,Main road,Serowe,Botswana","phones":"+2674630234","fax":"","email":"reservations@serowehotel.com","url":"http://serowehotel.com/","countryIso2":"BW","countryName":"Botswana","hotelRating":"0","latitude":"-22.3658","longitude":"26.7322","state_id":3067,"state_name":"Central District","country_id":29},{"active":false,"Giataid":"671234","cityId":15764,"cityName":"Maun","hotelId":20003047,"hotelName":"Dolar Lodge","address":"P.O. Box 21839,Plot 5070 Wenela Ward,Maun,Botswana","phones":"","fax":"","email":"","url":"","countryIso2":"BW","countryName":"Botswana","hotelRating":"3","latitude":"-19.9765","longitude":"23.4468","state_id":3065,"state_name":"North-West District","country_id":29},{"active":false,"Giataid":"580450","cityId":15764,"cityName":"Maun","hotelId":20004697,"hotelName":"Senthaga Guest House & Safaris","address":"PO Box 350015,Maun,Botswana","phones":"+2676863793","fax":"","email":"senthaga.reservations@gmail.com","url":"http://www.sentlhaga.com/","countryIso2":"BW","countryName":"Botswana","hotelRating":"0","latitude":"-19.995","longitude":"23.4181","state_id":3065,"state_name":"North-West District","country_id":29},{"active":false,"Giataid":"678334","cityId":15755,"cityName":"Mahalapye","hotelId":20004829,"hotelName":"Gaetsho Lodge","address":"Along A1 Highway,After Watershed Plaza,Mahalapye,Botswana","phones":"","fax":"","email":"","url":"","countryIso2":"BW","countryName":"Botswana","hotelRating":"0","latitude":"-23.1093","longitude":"26.8342","state_id":3067,"state_name":"Central District","country_id":29},{"active":false,"Giataid":"678347","cityId":15783,"cityName":"Palapye","hotelId":20004990,"hotelName":"Sahara Stones Hotel","address":"Along A1 Highway,Palapye,Botswana","phones":"","fax":"","email":"","url":"","countryIso2":"BW","countryName":"Botswana","hotelRating":"0","latitude":"-22.5871","longitude":"27.0814","state_id":3067,"state_name":"Central District","country_id":29},{"active":false,"Giataid":"298809","cityId":15737,"cityName":"Ghanzi","hotelId":20005316,"hotelName":"Tautona Lodge","address":"P.O. Box 888,Ghanzi,Botswana","phones":"+2676597499","fax":"+2676597500","email":"info@tautonalodge.com","url":"http://www.tautonalodge.com/","countryIso2":"BW","countryName":"Botswana","hotelRating":"0","latitude":"-21.7047","longitude":"21.7018","state_id":3061,"state_name":"Ghanzi District","country_id":29},{"active":false,"Giataid":"595092","cityId":15796,"cityName":"Shakawe","hotelId":20005466,"hotelName":"Ditlhapi Guest House","address":"Gaoxa Village,Shakawe,Botswana","phones":"","fax":"","email":"","url":"","countryIso2":"BW","countryName":"Botswana","hotelRating":"0","latitude":"-18.3953","longitude":"21.8539","state_id":3065,"state_name":"North-West District","country_id":29},{"active":false,"Giataid":"298785","cityId":15737,"cityName":"Ghanzi","hotelId":20006015,"hotelName":"Dqae Qare San Lodge","address":"PO Box 605,Ghanzi,Botswana","phones":"+26772527321","fax":"","email":"dqaeqare@gmail.com","url":"http://www.dqae.org/","countryIso2":"BW","countryName":"Botswana","hotelRating":"0","latitude":"-21.635","longitude":"21.8176","state_id":3061,"state_name":"Ghanzi District","country_id":29},{"active":false,"Giataid":"671898","cityId":15764,"cityName":"Maun","hotelId":20006194,"hotelName":"Peo Luxury Apartments","address":"P.O. Box 10008,Matlapana Ward,Maun,Botswana","phones":"","fax":"","email":"","url":"","countryIso2":"BW","countryName":"Botswana","hotelRating":"3","latitude":"-19.9393","longitude":"23.4948","state_id":3065,"state_name":"North-West District","country_id":29},{"active":false,"Giataid":"678332","cityId":15764,"cityName":"Maun","hotelId":20006334,"hotelName":"Motsebe Backpackers","address":"Plot 11159 Koro Road,Wenela,Maun,Botswana","phones":"","fax":"","email":"","url":"","countryIso2":"BW","countryName":"Botswana","hotelRating":"0","latitude":"-19.9765","longitude":"23.4468","state_id":3065,"state_name":"North-West District","country_id":29},{"active":false,"Giataid":"678583","cityId":15755,"cityName":"Mahalapye","hotelId":20006700,"hotelName":"Moko Motel","address":"3268 Along A1 Highway,Mahalapye,Botswana","phones":"","fax":"","email":"","url":"http://www.hotels.com/ho633334","countryIso2":"BW","countryName":"Botswana","hotelRating":"0","latitude":"-23.1006","longitude":"26.8425","state_id":3067,"state_name":"Central District","country_id":29},{"active":false,"Giataid":"668023","cityId":15764,"cityName":"Maun","hotelId":20006814,"hotelName":"Audi Camp","address":"Road to Moremi Game Reserve,P.O Box 21439,Maun,North-West District,Botswana","phones":"","fax":"","email":"","url":"http://www.audicamp.com/","countryIso2":"BW","countryName":"Botswana","hotelRating":"0","latitude":"-19.9765","longitude":"23.4468","state_id":3065,"state_name":"North-West District","country_id":29},{"active":false,"Giataid":"671214","cityId":15764,"cityName":"Maun","hotelId":20007111,"hotelName":"Airport Hotel Maun","address":"Plot 515,Light Industrial Area,Maun Airport Center,Maun,Botswana","phones":"","fax":"","email":"","url":"","countryIso2":"BW","countryName":"Botswana","hotelRating":"3","latitude":"-19.9762","longitude":"23.4282","state_id":3065,"state_name":"North-West District","country_id":29},{"active":false,"Giataid":"678336","cityId":15795,"cityName":"Serowe","hotelId":20007440,"hotelName":"White Palace Hotel","address":"Plot 2083 Along Main Road,Mere Ward,A14 Highway,Serowe,Botswana","phones":"","fax":"","email":"","url":"","countryIso2":"BW","countryName":"Botswana","hotelRating":"0","latitude":"-22.3658","longitude":"26.7322","state_id":3067,"state_name":"Central District","country_id":29},{"active":false,"Giataid":"678333","cityId":15795,"cityName":"Serowe","hotelId":20008058,"hotelName":"Ronberry Guest Lodge","address":"Plot 656 Mathiba Ward,Serowe,Botswana","phones":"","fax":"","email":"","url":"","countryIso2":"BW","countryName":"Botswana","hotelRating":"0","latitude":"-22.3658","longitude":"26.7322","state_id":3067,"state_name":"Central District","country_id":29},{"active":false,"Giataid":"671253","cityId":15764,"cityName":"Maun","hotelId":20008364,"hotelName":"Kessa's Chalets","address":"23 Boseja Ward,PO Box 38,Maun,Botswana","phones":"","fax":"","email":"","url":"","countryIso2":"BW","countryName":"Botswana","hotelRating":"3","latitude":"-19.9939","longitude":"23.4521","state_id":3065,"state_name":"North-West District","country_id":29},{"active":false,"Giataid":"694078","cityId":15764,"cityName":"Maun","hotelId":20008547,"hotelName":"D&K Guest House","address":"77721 Maun Boseja,Boseja-Kubung Ward,Behind Maun Senior,Maun,Botswana","phones":"","fax":"","email":"","url":"","countryIso2":"BW","countryName":"Botswana","hotelRating":"0","latitude":"-19.9765","longitude":"23.4468","state_id":3065,"state_name":"North-West District","country_id":29},{"active":false,"Giataid":"298783","cityId":15737,"cityName":"Ghanzi","hotelId":20008852,"hotelName":"Kanana Motswiri Lodge","address":"PO Box 962,Ghanzi,Botswana","phones":"+26772118811","fax":"","email":"claire@kanana.info","url":"http://www.kanana.info/mot.html","countryIso2":"BW","countryName":"Botswana","hotelRating":"0","latitude":"-21.6511","longitude":"21.411","state_id":3061,"state_name":"Ghanzi District","country_id":29},{"active":false,"Giataid":"298920","cityId":15737,"cityName":"Ghanzi","hotelId":20010013,"hotelName":"Kalahari Arms Hotel","address":"Corner  Vice and Jankie,PO Box 29,Ghanz,Botswana","phones":"+2676596298","fax":"+2676596311","email":"","url":"http://www.kalahariarmshotel.com/index.php?p=1","countryIso2":"BW","countryName":"Botswana","hotelRating":"0","latitude":"-21.5776","longitude":"21.8016","state_id":3061,"state_name":"Ghanzi District","country_id":29},{"active":false,"Giataid":"692478","cityId":15764,"cityName":"Maun","hotelId":20010165,"hotelName":"Larissa Hotel","address":"Plot 123 Maun,Sedie Road,Moremi Game Reserve Highway,Maun,Botswana","phones":"","fax":"","email":"info@larissahotelmaun.info","url":"http://larissahotelmaun.info","countryIso2":"BW","countryName":"Botswana","hotelRating":"3","latitude":"-19.9765","longitude":"23.4468","state_id":3065,"state_name":"North-West District","country_id":29},{"active":false,"Giataid":"584771","cityId":15764,"cityName":"Maun","hotelId":20010290,"hotelName":"Tshima Bush Camp","address":"Ngamiland,P.O. box HA 62 HAK,Maun,Botswana","phones":"+26774842079","fax":"","email":"info@tshimabushcamp.com","url":"http://www.tshimabushcamp.com/","countryIso2":"BW","countryName":"Botswana","hotelRating":"0","latitude":"-20.1906","longitude":"23.2399","state_id":3065,"state_name":"North-West District","country_id":29},{"active":false,"Giataid":"603086","cityId":15764,"cityName":"Maun","hotelId":20010715,"hotelName":"Mokoro Lodge","address":"Plot 1228,Boseja,Maun,Botswana","phones":"+2676800551","fax":"","email":"","url":"http://www.mokorolodge.com/","countryIso2":"BW","countryName":"Botswana","hotelRating":"2","latitude":"-20.0271","longitude":"23.4375","state_id":3065,"state_name":"North-West District","country_id":29},{"active":false,"Giataid":"671239","cityId":15764,"cityName":"Maun","hotelId":20011458,"hotelName":"Kesmo Lodge","address":"PO Box 250200,Plot 649,Chobe Ward,Maun,Botswana","phones":"+2676865611","fax":"+2676865612","email":"","url":"https://www.facebook.com/pg/kesmolodge.maubout/?ref=page_internal","countryIso2":"BW","countryName":"Botswana","hotelRating":"3","latitude":"-19.9783","longitude":"23.4401","state_id":3065,"state_name":"North-West District","country_id":29},{"active":false,"Giataid":"530673","cityId":15764,"cityName":"Maun","hotelId":20011593,"hotelName":"Island Safari Lodge","address":"Old Matlapaneng Bridge,Maun,Botswana","phones":"+2676860300","fax":"+2676862932","email":"enquire@africansecrets.net","url":"http://www.islmaun.com","countryIso2":"BW","countryName":"Botswana","hotelRating":"2","latitude":"-19.9245","longitude":"23.5087","state_id":3065,"state_name":"North-West District","country_id":29},{"active":false,"Giataid":"692539","cityId":15795,"cityName":"Serowe","hotelId":20011867,"hotelName":"Hill View Inn","address":"Plot 8404 Serowe,Behind Sekgoma Memorial Hospital,Serowe,Botswana","phones":"+2674630768","fax":"+2674630160","email":"info@hillviewguesthouse.com","url":"http://hillviewguesthouse.com","countryIso2":"BW","countryName":"Botswana","hotelRating":"0","latitude":"-22.3658","longitude":"26.7322","state_id":3067,"state_name":"Central District","country_id":29},{"active":false,"Giataid":"694193","cityId":15764,"cityName":"Maun","hotelId":20012370,"hotelName":"Laha Hotel","address":"Plot 5061 New Boseja Road,Plot 5061,Route 8,Maun,Botswana","phones":"+2676800352","fax":"+2676800355","email":"reservations@lahahotel.com","url":"http://www.lahahotel.com","countryIso2":"BW","countryName":"Botswana","hotelRating":"0","latitude":"-20.014","longitude":"23.4381","state_id":3065,"state_name":"North-West District","country_id":29},{"active":false,"Giataid":"527714","cityId":15764,"cityName":"Maun","hotelId":20012913,"hotelName":"Okavango River Lodge","address":"Maun,Ngamiland East,Botswana","phones":"+2676863707","fax":"","email":"info@okavango-river-lodge.com","url":"https://www.okavango-river-lodge.com/","countryIso2":"BW","countryName":"Botswana","hotelRating":"1","latitude":"-19.9953","longitude":"23.4181","state_id":3065,"state_name":"North-West District","country_id":29},{"active":false,"Giataid":"671256","cityId":15764,"cityName":"Maun","hotelId":20013155,"hotelName":"Okavango Roadside Guesthouse","address":"Disanang Ward,Between exits 2 and 3,Maun,Ngamiland District,Botswana","phones":"+2676840402","fax":"","email":"okavangoroadside@gmail.com","url":"http://www.okavangoroadside.co.bw","countryIso2":"BW","countryName":"Botswana","hotelRating":"3","latitude":"-19.997","longitude":"23.423","state_id":3065,"state_name":"North-West District","country_id":29},{"active":false,"Giataid":"671218","cityId":15764,"cityName":"Maun","hotelId":20013678,"hotelName":"Centre Lodge","address":"Maun CBD,Plot 699,A3 Highway,Tsheke Tsheko Road,Maun,North-West District,Botswana","phones":"","fax":"","email":"","url":"","countryIso2":"BW","countryName":"Botswana","hotelRating":"3","latitude":"-19.9879","longitude":"23.4243","state_id":3065,"state_name":"North-West District","country_id":29},{"active":false,"Giataid":"694147","cityId":15783,"cityName":"Palapye","hotelId":20013788,"hotelName":"Desert Sands Motel","address":"A1 Gaborone Francistown Highway,Along A1 Highway,Palapye CBD,Palapaye,Central District,Botswana","phones":"+2674924360","fax":"+2674924361","email":"reservations@desertsandsmotel.com","url":"http://desertsandsmotel.com/","countryIso2":"BW","countryName":"Botswana","hotelRating":"0","latitude":"-22.5386","longitude":"27.0892","state_id":3067,"state_name":"Central District","country_id":29},{"active":false,"Giataid":"668049","cityId":15796,"cityName":"Shakawe","hotelId":20013906,"hotelName":"Shakawe River Lodge","address":"Panhandle,Shakawe,Botswana","phones":"+2676840403","fax":"","email":"info@shakawelodge.com","url":"http://www.shakawelodge.com/","countryIso2":"BW","countryName":"Botswana","hotelRating":"0","latitude":"-18.3953","longitude":"21.8539","state_id":3065,"state_name":"North-West District","country_id":29},{"active":false,"Giataid":"724614","cityId":15764,"cityName":"Maun","hotelId":20014023,"hotelName":"Alfa Accommodation","address":"Sedie Road,Plot 504,Maun,Botswana","phones":"","fax":"","email":"","url":"","countryIso2":"BW","countryName":"Botswana","hotelRating":"0","latitude":"-19.9765","longitude":"23.4468","state_id":3065,"state_name":"North-West District","country_id":29},{"active":false,"Giataid":"694160","cityId":15737,"cityName":"Ghanzi","hotelId":20014150,"hotelName":"Calvary Guest House","address":"Plot 1754 Khurakhura Ward,Ghanzi,Botswana","phones":"","fax":"","email":"","url":"","countryIso2":"BW","countryName":"Botswana","hotelRating":"0","latitude":"-21.6685","longitude":"21.7132","state_id":3061,"state_name":"Ghanzi District","country_id":29},{"active":false,"Giataid":"694167","cityId":15755,"cityName":"Mahalapye","hotelId":20014541,"hotelName":"Maeto Lodge","address":"Plot 66525 Along A1 Highway Mahalapye,Mahalapye,Botswana","phones":"","fax":"","email":"","url":"","countryIso2":"BW","countryName":"Botswana","hotelRating":"0","latitude":"-23.1006","longitude":"26.8425","state_id":3067,"state_name":"Central District","country_id":29},{"active":false,"Giataid":"692509","cityId":15764,"cityName":"Maun","hotelId":20014650,"hotelName":"Qhwigaba Guest Lodge","address":"Matshwane,Maun,Botswana","phones":"+26771852854","fax":"","email":"qhwigabalodge22@gmail.com","url":"http://qhwigabaguestlodge.simplesite.com","countryIso2":"BW","countryName":"Botswana","hotelRating":"0","latitude":"-19.9765","longitude":"23.4468","state_id":3065,"state_name":"North-West District","country_id":29},{"active":false,"Giataid":"671226","cityId":15764,"cityName":"Maun","hotelId":20014771,"hotelName":"Discovery B&B","address":"P.o box HA 08 HAK,Shorobe Road,Maun,Okavango/Moremi,Botswana","phones":"+26772448298","fax":"","email":"discoverybookings@gmail.com","url":"http://www.discoverybedandbreakfast.com/","countryIso2":"BW","countryName":"Botswana","hotelRating":"1","latitude":"-19.9765","longitude":"23.4468","state_id":3065,"state_name":"North-West District","country_id":29},{"active":false,"Giataid":"694095","cityId":15764,"cityName":"Maun","hotelId":20014893,"hotelName":"Mochaba Crossing Lodge","address":"30 Km Outside Maun,PO Box 21190,Maun,Botswana","phones":"","fax":"","email":"reservations@mochabacrossing.com","url":"http://mochabacrossing.com","countryIso2":"BW","countryName":"Botswana","hotelRating":"0","latitude":"-19.9765","longitude":"23.4468","state_id":3065,"state_name":"North-West District","country_id":29},{"active":false,"Giataid":"298786","cityId":15795,"cityName":"Serowe","hotelId":20015826,"hotelName":"Khama Rhino Sanctuary","address":"PO Box 10,Serowe,Botswana","phones":"+2674630713","fax":"+2674635808","email":"krst@khamarhinosanctuary.org.bw","url":"http://www.khamarhinosanctuary.org.bw","countryIso2":"BW","countryName":"Botswana","hotelRating":"0","latitude":"-22.2344","longitude":"26.72","state_id":3067,"state_name":"Central District","country_id":29},{"active":false,"Giataid":"694307","cityId":15796,"cityName":"Shakawe","hotelId":20016457,"hotelName":"Shakawe Sands Lodge","address":"A14 Highway,Samuchima,Brigade Close,Shakawe,Botswana","phones":"","fax":"","email":"","url":"","countryIso2":"BW","countryName":"Botswana","hotelRating":"0","latitude":"-18.3953","longitude":"21.8539","state_id":3065,"state_name":"North-West District","country_id":29},{"active":false,"Giataid":"595066","cityId":15764,"cityName":"Maun","hotelId":20020785,"hotelName":"Maduo Lodge","address":"Plot 17516,Ngamiland East,Maun,Botswana","phones":"","fax":"","email":"","url":"","countryIso2":"BW","countryName":"Botswana","hotelRating":"1","latitude":"-19.9765","longitude":"23.4468","state_id":3065,"state_name":"North-West District","country_id":29},{"active":false,"Giataid":"27846","cityId":15764,"cityName":"Maun","hotelId":20023013,"hotelName":"Cresta Riley's","address":"Barolong Ward,Maun,Botswana","phones":"+2676860320","fax":"+2676860580","email":"resrileys@cresta.co.bw","url":"http://www.crestahotels.com/hotels/cresta-rileys/","countryIso2":"BW","countryName":"Botswana","hotelRating":"2","latitude":"-19.9885","longitude":"23.4268","state_id":3065,"state_name":"North-West District","country_id":29},{"active":false,"Giataid":"90782","cityId":15764,"cityName":"Maun","hotelId":20023112,"hotelName":"Crocodile Camp","address":"PO Box 46,Maun,Botswana","phones":"+2676800222","fax":"+2676801256","email":"sales@crocodilecamp.com","url":"http://www.crocodilecamp.com/","countryIso2":"BW","countryName":"Botswana","hotelRating":"3","latitude":"-19.9301","longitude":"23.5126","state_id":3065,"state_name":"North-West District","country_id":29},{"active":false,"Giataid":"298921","cityId":15764,"cityName":"Maun","hotelId":20023459,"hotelName":"Motsentsela Tree Lodge","address":"Tsanokona Ward,Maun,Botswana","phones":"","fax":"","email":"","url":"","countryIso2":"BW","countryName":"Botswana","hotelRating":"0","latitude":"-20.0108","longitude":"23.4173","state_id":3065,"state_name":"North-West District","country_id":29},{"active":false,"Giataid":"678571","cityId":15764,"cityName":"Maun","hotelId":20024109,"hotelName":"Chief's Guest House","address":"Main Bridge,Opposite Maun Senior Secondary School,Maun,Botswana","phones":"","fax":"","email":"","url":"","countryIso2":"BW","countryName":"Botswana","hotelRating":"3","latitude":"-19.9765","longitude":"23.4468","state_id":3065,"state_name":"North-West District","country_id":29},{"active":false,"Giataid":"201981","cityId":15739,"cityName":"Gweta","hotelId":20026019,"hotelName":"Planet Baobab","address":"Makgadikgadi Pans National Park,Gweta,Botswana","phones":"","fax":"","email":"","url":"http://www.planetbaobab.co/","countryIso2":"BW","countryName":"Botswana","hotelRating":"0","latitude":"-20.1893","longitude":"25.3056","state_id":3067,"state_name":"Central District","country_id":29},{"active":false,"Giataid":"238731","cityId":15764,"cityName":"Maun","hotelId":20026204,"hotelName":"Royal Tree Lodge","address":"PO Box 250088,Maun,Botswana","phones":"+2676800757","fax":"+2676800757","email":"treelodge@botsnet.bw","url":"http://www.royaltreelodge.com","countryIso2":"BW","countryName":"Botswana","hotelRating":"4","latitude":"-19.9985","longitude":"23.4152","state_id":3065,"state_name":"North-West District","country_id":29},{"active":false,"Giataid":"527386","cityId":15764,"cityName":"Maun","hotelId":20026428,"hotelName":"Xomae Group Campsites","address":"P.O. Box 20975,Boseja,Maun,Botswana","phones":"+2676862221","fax":"+2676862262","email":"xomaesites@btcmail.co.bw","url":"http://St.","countryIso2":"BW","countryName":"Botswana","hotelRating":"0","latitude":"-19.9953","longitude":"23.4181","state_id":3065,"state_name":"North-West District","country_id":29},{"active":false,"Giataid":"298770","cityId":15796,"cityName":"Shakawe","hotelId":20026686,"hotelName":"Nxamaseri Island Lodge","address":"A35 Maun - Shakawe,Ncamasere,Shakawe,Botswana","phones":"+26771326619","fax":"","email":"info@nxamaseri.com","url":"http://www.nxamaseri.com","countryIso2":"BW","countryName":"Botswana","hotelRating":"0","latitude":"-18.6075","longitude":"22.0877","state_id":3065,"state_name":"North-West District","country_id":29},{"active":false,"Giataid":"298773","cityId":15796,"cityName":"Shakawe","hotelId":20026784,"hotelName":"Drotsky's Cabins","address":"Shakawe,Okavango Delta,Botswana","phones":"+26727218550395","fax":"","email":"","url":"http://www.drotskycabins.com/","countryIso2":"BW","countryName":"Botswana","hotelRating":"0","latitude":"-18.4262","longitude":"21.8665","state_id":3065,"state_name":"North-West District","country_id":29},{"active":false,"Giataid":"652297","cityId":15784,"cityName":"Pandamatenga","hotelId":20027068,"hotelName":"Camp Kuzuma","address":"Kasane,Pandamatenga,Kuzuma Forest Reserve,Botswana","phones":"+26775861842","fax":"","email":"reservations@campkuzuma.com","url":"https://www.campkuzuma.com/","countryIso2":"BW","countryName":"Botswana","hotelRating":"0","latitude":"-18.2191","longitude":"24.7653","state_id":3065,"state_name":"North-West District","country_id":29},{"active":false,"Giataid":"238732","cityId":15764,"cityName":"Maun","hotelId":20027938,"hotelName":"Thamalakane River Lodge","address":"Sexaxa Ward,PO Box 888,Maun,Botswana","phones":"+2676800217","fax":"","email":"reservations@thamalakane.com","url":"http://thamalakane.com","countryIso2":"BW","countryName":"Botswana","hotelRating":"3","latitude":"-19.9966","longitude":"23.4187","state_id":3065,"state_name":"North-West District","country_id":29},{"active":false,"Giataid":"595091","cityId":15764,"cityName":"Maun","hotelId":20028183,"hotelName":"Luxury Wild Inn","address":"Disaneng,Maun,Botswana","phones":"","fax":"","email":"","url":"","countryIso2":"BW","countryName":"Botswana","hotelRating":"3","latitude":"-19.995","longitude":"23.4182","state_id":3065,"state_name":"North-West District","country_id":29},{"active":false,"Giataid":"298777","cityId":15764,"cityName":"Maun","hotelId":20028275,"hotelName":"Sedia Riverside","address":"PB 58,Maun,Botswana","phones":"+2676860177","fax":"+2676860177","email":"info@sediahotel.com","url":"http://www.sediahotel.com/sedhot/index.html","countryIso2":"BW","countryName":"Botswana","hotelRating":"0","latitude":"-19.9522","longitude":"23.4775","state_id":3065,"state_name":"North-West District","country_id":29},{"active":false,"Giataid":"853860","cityId":15744,"cityName":"Kanye","hotelId":20281769,"hotelName":"Warm Hands Hotel","address":"Along Lobatse Road,Kanye,Botswana","phones":"","fax":"","email":"","url":"","countryIso2":"BW","countryName":"Botswana","hotelRating":"0","latitude":"-24.984","longitude":"25.3517","state_id":3063,"state_name":"Southern District","country_id":29},{"active":false,"Giataid":"937039","cityId":15771,"cityName":"Mogoditshane","hotelId":20281770,"hotelName":"The Big Five Lodge","address":"Plot 801-807,Mogoditshane,Gaborone,Botswana","phones":"","fax":"","email":"","url":"","countryIso2":"BW","countryName":"Botswana","hotelRating":"0","latitude":"-24.6273","longitude":"25.87","state_id":3069,"state_name":"Kweneng District","country_id":29},{"active":false,"Giataid":"893517","cityId":15764,"cityName":"Maun","hotelId":20281774,"hotelName":"Laphroiag Luxury Chalets","address":"Plot 1225 Boseja,Maun,Botswana","phones":"","fax":"","email":"","url":"","countryIso2":"BW","countryName":"Botswana","hotelRating":"2","latitude":"-19.9857","longitude":"23.4381","state_id":3065,"state_name":"North-West District","country_id":29},{"active":false,"Giataid":"893533","cityId":15795,"cityName":"Serowe","hotelId":20281775,"hotelName":"Aloe Ridge Guest House","address":"PO Box 31875,Serowe,Botswana","phones":"","fax":"","email":"","url":"","countryIso2":"BW","countryName":"Botswana","hotelRating":"0","latitude":"-22.3658","longitude":"26.7322","state_id":3067,"state_name":"Central District","country_id":29},{"active":false,"Giataid":"873439","cityId":15755,"cityName":"Mahalapye","hotelId":20281779,"hotelName":"Thulamela Guest House","address":"Mahalapye Hospital Road,Mowana Ward,Mahalapye,Botswana","phones":"","fax":"","email":"","url":"","countryIso2":"BW","countryName":"Botswana","hotelRating":"0","latitude":"-23.1235","longitude":"26.8277","state_id":3067,"state_name":"Central District","country_id":29},{"active":false,"Giataid":"883913","cityId":15796,"cityName":"Shakawe","hotelId":20281781,"hotelName":"Xaro Lodge","address":"Okavanga Delta,Shakawe,Botswana","phones":"+26772807476","fax":"","email":"reservations@xaro-lodge.com","url":"https://xaro-lodge.com","countryIso2":"BW","countryName":"Botswana","hotelRating":"0","latitude":"-18.3953","longitude":"21.8539","state_id":3065,"state_name":"North-West District","country_id":29},{"active":false,"Giataid":"877470","cityId":15764,"cityName":"Maun","hotelId":20281787,"hotelName":"Thamalakane Guest House","address":"Plot 941 Exit 7,Disaneng Ward,Maun,North-West District,Botswana","phones":"","fax":"","email":"","url":"","countryIso2":"BW","countryName":"Botswana","hotelRating":"0","latitude":"-19.9857","longitude":"23.4381","state_id":3065,"state_name":"North-West District","country_id":29},{"active":false,"Giataid":"866453","cityId":15764,"cityName":"Maun","hotelId":20281795,"hotelName":"Staymorr Boutique Guest House","address":"Plot 16585,Disaneng,Maun,Botswana","phones":"","fax":"","email":"","url":"","countryIso2":"BW","countryName":"Botswana","hotelRating":"4","latitude":"-19.9857","longitude":"23.4381","state_id":3065,"state_name":"North-West District","country_id":29},{"active":false,"Giataid":"873463","cityId":15783,"cityName":"Palapye","hotelId":20281796,"hotelName":"Kings Palace Guest House","address":"Plot 24788 Palapye Road,Serurume,Opposite Majoka Hardware,Palapye,Botswana","phones":"","fax":"","email":"","url":"","countryIso2":"BW","countryName":"Botswana","hotelRating":"0","latitude":"-22.5456","longitude":"27.1082","state_id":3067,"state_name":"Central District","country_id":29},{"active":false,"Giataid":"873489","cityId":15764,"cityName":"Maun","hotelId":20281800,"hotelName":"Leopard Plains","address":"Makalamabedi C5,PO Box 22133,Maun,Botswana","phones":"","fax":"","email":"leopardplains@gmx.com","url":"http://www.leopardplains.com/","countryIso2":"BW","countryName":"Botswana","hotelRating":"0","latitude":"-19.9857","longitude":"23.4381","state_id":3065,"state_name":"North-West District","country_id":29},{"active":false,"Giataid":"904289","cityId":15783,"cityName":"Palapye","hotelId":20281801,"hotelName":"Styled Bed And Breakfast","address":"Plot 5651,Extension 8,Palapye,Botswana","phones":"","fax":"","email":"","url":"","countryIso2":"BW","countryName":"Botswana","hotelRating":"0","latitude":"-22.5456","longitude":"27.1082","state_id":3067,"state_name":"Central District","country_id":29},{"active":false,"Giataid":"519449","cityId":15784,"cityName":"Pandamatenga","hotelId":20281807,"hotelName":"Wildtrack Safaris Eco Lodge","address":"Farm Q-02,Hunters Road,P.O. Box 25,Pandamatenga,Botswana","phones":"+26774600842","fax":"","email":"info@wildtrack-safaris.com","url":"https://wildtrack-safaris.com","countryIso2":"BW","countryName":"Botswana","hotelRating":"4","latitude":"-18.5112","longitude":"25.6491","state_id":3065,"state_name":"North-West District","country_id":29},{"active":false,"Giataid":"892393","cityId":15764,"cityName":"Maun","hotelId":20281818,"hotelName":"Lediba Guest Lodge","address":"Plot 36 Disaneng,Maun,North-West District,Botswana","phones":"","fax":"","email":"","url":"","countryIso2":"BW","countryName":"Botswana","hotelRating":"0","latitude":"-19.9857","longitude":"23.4381","state_id":3065,"state_name":"North-West District","country_id":29},{"active":false,"Giataid":"874630","cityId":15764,"cityName":"Maun","hotelId":20281822,"hotelName":"Maun Executive Inn","address":"Sedia Road,By Matlapana Bridge,Maun,Botswana","phones":"","fax":"","email":"","url":"","countryIso2":"BW","countryName":"Botswana","hotelRating":"3","latitude":"-19.9857","longitude":"23.4381","state_id":3065,"state_name":"North-West District","country_id":29},{"active":false,"Giataid":"977365","cityId":15783,"cityName":"Palapye","hotelId":20390662,"hotelName":"Voyager Inn Hotel","address":"Plot 11343,Extention 2,Palapye,Botswana","phones":"","fax":"","email":"","url":"","countryIso2":"BW","countryName":"Botswana","hotelRating":"1","latitude":"-22.5456","longitude":"27.1082","state_id":3067,"state_name":"Central District","country_id":29},{"active":false,"Giataid":"977405","cityId":15783,"cityName":"Palapye","hotelId":20390663,"hotelName":"Best Inn Hotel","address":"Plot 27511 A1,Extension 2,Palapye,Botswana","phones":"","fax":"","email":"","url":"","countryIso2":"BW","countryName":"Botswana","hotelRating":"1","latitude":"-22.5456","longitude":"27.1082","state_id":3067,"state_name":"Central District","country_id":29},{"active":false,"Giataid":"977370","cityId":15783,"cityName":"Palapye","hotelId":20390664,"hotelName":"Cycad Palm Guest House","address":"Plot 13109,Extension 4,Palapye,Botswana","phones":"","fax":"","email":"","url":"","countryIso2":"BW","countryName":"Botswana","hotelRating":"1","latitude":"-22.5456","longitude":"27.1082","state_id":3067,"state_name":"Central District","country_id":29}]