[{"active":false,"Giataid":"244188","cityId":52014,"cityName":"Yate","hotelId":244188,"hotelName":"KANUA TERA Ecolodge","address":"Route Kaa Nua,Baie de Port Boise,BP 110,98834 Yate,New Caledonia","phones":"+687469000","fax":"+687469122","email":"","url":"http://www.tera-hotels-resorts.com/hotel,kanua","countryIso2":"NC","countryName":"New Caledonia","hotelRating":"3","latitude":"-22.3503","longitude":"166.973","state_id":2336,"state_name":"England","country_id":232},{"active":false,"Giataid":"298663","cityId":52014,"cityName":"Yate","hotelId":20000808,"hotelName":"Gite Saint Gabriel","address":"BP 120,98834 Yate,New Caledonia","phones":"+687464277","fax":"+687464277","email":"","url":"http://www.gitesnouvellecaledonie.nc/adherents/saint-gabriel","countryIso2":"NC","countryName":"New Caledonia","hotelRating":"0","latitude":"-22.1647","longitude":"166.958","state_id":2336,"state_name":"England","country_id":232}]