[{"active":false,"Giataid":"740771","cityId":52387,"cityName":"Malabo","hotelId":740771,"hotelName":"Hotel De Federaciones","address":"Ciudad Deportiva Stadium,Malabo,Isla de Bioko,Equatorial Guinea","phones":"","fax":"","email":"malabo@hoteldefederaciones.com","url":"http://www.hoteldefederaciones.com","countryIso2":"GQ","countryName":"Equatorial Guinea","hotelRating":"1","latitude":"3.7543","longitude":"8.73645","state_id":3446,"state_name":"Bioko Norte Province","country_id":67},{"active":false,"Giataid":"784466","cityId":52387,"cityName":"Malabo","hotelId":784466,"hotelName":"Hotel Anda","address":"Malabo II,Ciudad De Malabo,Equatorial Guinea","phones":"","fax":"+240666887777","email":"recepcion@hotelandamalabo.com","url":"http://www.hotelandamalabo.com","countryIso2":"GQ","countryName":"Equatorial Guinea","hotelRating":"1","latitude":"3.7543","longitude":"8.73645","state_id":3446,"state_name":"Bioko Norte Province","country_id":67},{"active":false,"Giataid":"617466","cityId":52387,"cityName":"Malabo","hotelId":20002090,"hotelName":"Magno Suites","address":"Carretera Del Aeropuerto,Barrio de Paraiso,Ciudad de Malabo,Equatorial Guinea","phones":"+240333096333","fax":"","email":"reservas@magnosuites.com","url":"http://www.magnosuites.com","countryIso2":"GQ","countryName":"Equatorial Guinea","hotelRating":"0","latitude":"3.75248","longitude":"8.76862","state_id":3446,"state_name":"Bioko Norte Province","country_id":67}]