[{"active":false,"Giataid":"33998","cityId":104700,"cityName":"San Marino","hotelId":33998,"hotelName":"San Giuseppe","address":"Via Delle Felci 3,47893 Valdragone,San Marino","phones":"+378549903121","fax":"+378549907595","email":"direzione@hotelsangiuseppe.sm","url":"http://www.hotelsangiuseppe.sm","countryIso2":"SM","countryName":"San Marino","hotelRating":"4","latitude":"43.9425","longitude":"12.4557","state_id":58,"state_name":"San Marino","country_id":192},{"active":false,"Giataid":"138255","cityId":104700,"cityName":"San Marino","hotelId":41660,"hotelName":"San Marino","address":"Viale Antonio Onofri 31,47890 San Marino,San Marino","phones":"","fax":"","email":"","url":"","countryIso2":"SM","countryName":"San Marino","hotelRating":"4","latitude":"43.9336","longitude":"12.4491","state_id":58,"state_name":"San Marino","country_id":192},{"active":false,"Giataid":"127201","cityId":104700,"cityName":"San Marino","hotelId":127201,"hotelName":"Hotel San Marino iDesign","address":"Via del Serrone 124,47890 San Marino,San Marino","phones":"+378549997298","fax":"","email":"","url":"","countryIso2":"SM","countryName":"San Marino","hotelRating":"4","latitude":"43.919","longitude":"12.4526","state_id":58,"state_name":"San Marino","country_id":192},{"active":false,"Giataid":"138255","cityId":104700,"cityName":"San Marino","hotelId":138255,"hotelName":"Grand Hotel San Marino","address":"Viale Antonio Onofri 31,47890 San Marino,San Marino","phones":"+378549992400","fax":"+378549992951","email":"info@grandhotel.sm","url":"http://www.grandhotel.sm","countryIso2":"SM","countryName":"San Marino","hotelRating":"4","latitude":"43.9336","longitude":"12.4492","state_id":58,"state_name":"San Marino","country_id":192},{"active":false,"Giataid":"142147","cityId":104700,"cityName":"San Marino","hotelId":142147,"hotelName":"Ixo Hotel","address":"Via Consiglio dei Sessanta 99,47891 San Marino,San Marino","phones":"+378549978211","fax":"+378549978208","email":"info@ixohotel.com","url":"","countryIso2":"SM","countryName":"San Marino","hotelRating":"4","latitude":"43.9835","longitude":"12.4935","state_id":58,"state_name":"San Marino","country_id":192},{"active":false,"Giataid":"143217","cityId":104700,"cityName":"San Marino","hotelId":143217,"hotelName":"Hotel Joli","address":"Viale Federico D'urbino,36B,47890,San Marino","phones":"","fax":"","email":"","url":"","countryIso2":"SM","countryName":"San Marino","hotelRating":"3","latitude":"43.9326","longitude":"12.4485","state_id":58,"state_name":"San Marino","country_id":192},{"active":false,"Giataid":"207871","cityId":104694,"cityName":"Borgo Maggiore","hotelId":207871,"hotelName":"Hotel Crocenzi","address":"Via 28 Luglio 175,47893 Borgo Maggiore,San Marino","phones":"+378549902507","fax":"","email":"","url":"","countryIso2":"SM","countryName":"San Marino","hotelRating":"3","latitude":"43.9453","longitude":"12.4522","state_id":61,"state_name":"Borgo Maggiore","country_id":192},{"active":false,"Giataid":"209984","cityId":104700,"cityName":"San Marino","hotelId":209984,"hotelName":"Grand Primavera","address":"Via Luigi Cibrario, 24,47893,San Marino","phones":"","fax":"","email":"","url":"","countryIso2":"SM","countryName":"San Marino","hotelRating":"4","latitude":"43.9459","longitude":"12.4552","state_id":58,"state_name":"San Marino","country_id":192},{"active":false,"Giataid":"220503","cityId":104700,"cityName":"San Marino","hotelId":220503,"hotelName":"Garden Village Hotel San Marino","address":"Strada San Michele 50,47893 San Marino,San Marino","phones":"+378390549903964","fax":"+378549907120","email":"info@residencehotelgarden.com","url":"http://www.residencehotelgarden.com","countryIso2":"SM","countryName":"San Marino","hotelRating":"3","latitude":"43.959","longitude":"12.4609","state_id":58,"state_name":"San Marino","country_id":192},{"active":false,"Giataid":"223212","cityId":104700,"cityName":"San Marino","hotelId":223212,"hotelName":"Residence San Marino","address":"Via Tritonalia 4,Dogana,Serravalle 47891,San Marino","phones":"","fax":"","email":"","url":"","countryIso2":"SM","countryName":"San Marino","hotelRating":"2","latitude":"43.9853","longitude":"12.4973","state_id":58,"state_name":"San Marino","country_id":192},{"active":false,"Giataid":"223430","cityId":104700,"cityName":"San Marino","hotelId":223430,"hotelName":"Silvana","address":"","phones":"","fax":"","email":"","url":"","countryIso2":"SM","countryName":"San Marino","hotelRating":"3","latitude":"43.9267","longitude":"12.4507","state_id":58,"state_name":"San Marino","country_id":192},{"active":false,"Giataid":"244323","cityId":60771,"cityName":"Serravalle","hotelId":244323,"hotelName":"Palace Hotel","address":"Via Cinque Febbraio,47899 Serravalle,San Marino","phones":"+378549900190","fax":"+378549960125","email":"palacehotel.rsm@bestwestern.it","url":"http://book.bestwestern.it/EN/hotel_in_Serravalle-San-Marino_98290.aspx","countryIso2":"SM","countryName":"San Marino","hotelRating":"4","latitude":"43.9615","longitude":"12.4708","state_id":1773,"state_name":"Emilia-Romagna","country_id":107},{"active":false,"Giataid":"453947","cityId":104700,"cityName":"San Marino","hotelId":453947,"hotelName":"Hotel Bellavista","address":"","phones":"","fax":"","email":"","url":"","countryIso2":"SM","countryName":"San Marino","hotelRating":"2","latitude":"43.9375","longitude":"12.4461","state_id":58,"state_name":"San Marino","country_id":192},{"active":false,"Giataid":"454824","cityId":104700,"cityName":"San Marino","hotelId":454824,"hotelName":"Hostaria da Lino","address":"","phones":"","fax":"","email":"","url":"","countryIso2":"SM","countryName":"San Marino","hotelRating":"3","latitude":"43.9394","longitude":"12.4464","state_id":58,"state_name":"San Marino","country_id":192},{"active":false,"Giataid":"687777","cityId":104694,"cityName":"Borgo Maggiore","hotelId":687777,"hotelName":"Chez Nous B&B","address":"Strada Quinta Gualdaria 176,47893 Borgo Maggiore,San Marino","phones":"","fax":"","email":"info@cheznousbb.it","url":"http://www.cheznousbb.it","countryIso2":"SM","countryName":"San Marino","hotelRating":"1","latitude":"43.9335","longitude":"12.4717","state_id":61,"state_name":"Borgo Maggiore","country_id":192},{"active":false,"Giataid":"747194","cityId":104700,"cityName":"San Marino","hotelId":747194,"hotelName":"Residence Riccardi","address":"Via peschiera 10,47890 San Marino,San Marino","phones":"","fax":"","email":"","url":"","countryIso2":"SM","countryName":"San Marino","hotelRating":"1","latitude":"43.9383","longitude":"12.4553","state_id":58,"state_name":"San Marino","country_id":192},{"active":false,"Giataid":"722436","cityId":60771,"cityName":"Serravalle","hotelId":10070710,"hotelName":"Gasperoni","address":"Via 5 Febbraio 121,Domagnano,47895 Serravalle,Commune San Marino,San Marino","phones":"+378549970120","fax":"","email":"","url":"","countryIso2":"SM","countryName":"San Marino","hotelRating":"1","latitude":"43.9674","longitude":"12.4757","state_id":1773,"state_name":"Emilia-Romagna","country_id":107},{"active":false,"Giataid":"474436","cityId":104700,"cityName":"San Marino","hotelId":10099760,"hotelName":"Titano Suites Hotel","address":"Contrada del Collegio 21,47890 San Marino,San Marino","phones":"+378549991007","fax":"NULL","email":"NULL","url":"NULL","countryIso2":"SM","countryName":"San Marino","hotelRating":"4","latitude":"43.9359","longitude":"12.4471","state_id":58,"state_name":"San Marino","country_id":192},{"active":false,"Giataid":"409418","cityId":104700,"cityName":"San Marino","hotelId":20002188,"hotelName":"Quercia Antica","address":"Via della Capannaccia 7a,47890 San Marino,San Marino","phones":"+378549991257","fax":"+378549990044","email":"quercia.antica@omniway.sm","url":"http://www.querciantica.com/","countryIso2":"SM","countryName":"San Marino","hotelRating":"3","latitude":"43.9323","longitude":"12.4481","state_id":58,"state_name":"San Marino","country_id":192},{"active":false,"Giataid":"292918","cityId":104700,"cityName":"San Marino","hotelId":20002578,"hotelName":"Hotel Rossi","address":"Via 25 Marzo 13,47895 Domagnano,San Marino","phones":"+378549902263","fax":"","email":"","url":"","countryIso2":"SM","countryName":"San Marino","hotelRating":"3","latitude":"43.9503","longitude":"12.4657","state_id":58,"state_name":"San Marino","country_id":192},{"active":false,"Giataid":"273972","cityId":104700,"cityName":"San Marino","hotelId":20002829,"hotelName":"Hotel La Grotta","address":"Contrada Santa Croce 17,47890 San Marino,San Marino","phones":"+378549991214","fax":"+378549991214","email":"lagrottahotel@gmail.com","url":"http://www.lagrottahotelsanmarino.net/","countryIso2":"SM","countryName":"San Marino","hotelRating":"3","latitude":"43.9355","longitude":"12.4482","state_id":58,"state_name":"San Marino","country_id":192},{"active":false,"Giataid":"55764","cityId":104700,"cityName":"San Marino","hotelId":20003458,"hotelName":"Centro Vacanze San Marino","address":"Strada San Michele 50,47893 San Marino,San Marino","phones":"+378390549903964","fax":"","email":"info@centrovacanzesanmarino.com","url":"http://www.centrovacanzesanmarino.com","countryIso2":"SM","countryName":"San Marino","hotelRating":"0","latitude":"43.9591","longitude":"12.4607","state_id":58,"state_name":"San Marino","country_id":192},{"active":false,"Giataid":"628651","cityId":104700,"cityName":"San Marino","hotelId":20003849,"hotelName":"Hotel La Rocca","address":"Via Salita Alla Rocca 35/37,Centro Storico,47890 San Marino,San Marino","phones":"+378549991166","fax":"","email":"info@laroccasanmarino.com","url":"http://laroccasanmarino.com/","countryIso2":"SM","countryName":"San Marino","hotelRating":"2","latitude":"43.9358","longitude":"12.4481","state_id":58,"state_name":"San Marino","country_id":192},{"active":false,"Giataid":"642926","cityId":60771,"cityName":"Serravalle","hotelId":20004201,"hotelName":"Hotel Dogana","address":"Via III Settembre 65,47891 Serravalle,San Marino","phones":"","fax":"","email":"","url":"","countryIso2":"SM","countryName":"San Marino","hotelRating":"0","latitude":"43.9815","longitude":"12.4899","state_id":1773,"state_name":"Emilia-Romagna","country_id":107},{"active":false,"Giataid":"870411","cityId":104700,"cityName":"San Marino","hotelId":20370615,"hotelName":"B&B Balsimelli12","address":"Contrada Dei Magazzeni 12,47890 San Marino,San Marino","phones":"+378549990102","fax":"","email":"balsimelli12@gmail.com","url":"http://www.balsimelli12.com","countryIso2":"SM","countryName":"San Marino","hotelRating":"0","latitude":"43.9364","longitude":"12.4474","state_id":58,"state_name":"San Marino","country_id":192},{"active":false,"Giataid":"870424","cityId":60771,"cityName":"Serravalle","hotelId":20370616,"hotelName":"Il Melograno B&B","address":"Via Ranco 29,47899 Serravalle,San Marino","phones":"+378393669837686","fax":"","email":"info@maisonilmelograno-bnb.com","url":"http://www.maisonilmelograno-bnb.com","countryIso2":"SM","countryName":"San Marino","hotelRating":"0","latitude":"43.9626","longitude":"12.4739","state_id":1773,"state_name":"Emilia-Romagna","country_id":107},{"active":false,"Giataid":"830622","cityId":104694,"cityName":"Borgo Maggiore","hotelId":20370617,"hotelName":"La Casa Dei Boschi","address":"Via Brandolina 70,Borgo Maggiore,San Marino","phones":"+378549907041","fax":"","email":"info@lacasadeiboschi.com","url":"http://www.lacasadeiboschi.com/","countryIso2":"SM","countryName":"San Marino","hotelRating":"0","latitude":"43.9452","longitude":"12.4481","state_id":61,"state_name":"Borgo Maggiore","country_id":192},{"active":false,"Giataid":"539064","cityId":104694,"cityName":"Borgo Maggiore","hotelId":20370618,"hotelName":"Hostel San Marino","address":"Via 28 Luglio 224,47893 Borgo Maggiore,San Marino,San Marino","phones":"+37839549922515","fax":"+37839549906026","email":"info@hostel-sanmarino.com","url":"http://www.hostel-sanmarino.com","countryIso2":"SM","countryName":"San Marino","hotelRating":"0","latitude":"43.9465","longitude":"12.4564","state_id":61,"state_name":"Borgo Maggiore","country_id":192}]