[{"active":false,"Giataid":"7228","cityId":null,"cityName":"Barka","hotelId":7228,"hotelName":"Al Sawadi Beach Resort","address":"PO Box 747,320 Barka,Oman","phones":"+96826795545","fax":"+96826795535","email":"reservations@alsawadibeach.com","url":"http://www.alsawadibeach.com","countryIso2":"OM","countryName":"Oman","hotelRating":"4","latitude":"23.7758","longitude":"57.7831","state_id":null,"state_name":null,"country_id":null},{"active":false,"Giataid":"22420","cityId":null,"cityName":"Sur (Oman)","hotelId":22420,"hotelName":"Sur Plaza Hotel","address":"P. O. Box: 908,411 Sur,Oman","phones":"+96825543777","fax":"+96825542626","email":"reservationsur@omanhotels.com","url":"http://www.omanhotels.com/surplaza/","countryIso2":"OM","countryName":"Oman","hotelRating":"3","latitude":"22.5664","longitude":"59.4962","state_id":null,"state_name":null,"country_id":null},{"active":false,"Giataid":"51413","cityId":null,"cityName":"Sur (Oman)","hotelId":51413,"hotelName":"Ras Al Hadd","address":"PO Box 400,Al Khuwair,Postal Code 411 Ras Al Hadd,Oman","phones":"+96825569111","fax":"","email":"","url":"","countryIso2":"OM","countryName":"Oman","hotelRating":"2","latitude":"22.5297","longitude":"59.7658","state_id":null,"state_name":null,"country_id":null},{"active":false,"Giataid":"223538","cityId":null,"cityName":"Masirah","hotelId":223538,"hotelName":"Masirah Island Resort","address":"PO Box 135,414 Masirah Island,Oman","phones":"+96825504274","fax":"+96825504275","email":"","url":"http://www.swiss-belhotel.com/Oman/Masirah/masirah#hotel+information","countryIso2":"OM","countryName":"Oman","hotelRating":"2","latitude":"20.5991","longitude":"58.9032","state_id":null,"state_name":null,"country_id":null},{"active":false,"Giataid":"227000","cityId":null,"cityName":"Mirbat","hotelId":227000,"hotelName":"Mirbat Marriott Resort","address":"AL Fatah,P. O. Box 225,Mirbat  220,Oman","phones":"+96823275500","fax":"+968 2 3268271","email":"","url":"https://www.marriott.com/hotels/travel/sllms-salalah-marriott-resort/","countryIso2":"OM","countryName":"Oman","hotelRating":"5","latitude":"16.9553","longitude":"54.7398","state_id":null,"state_name":null,"country_id":null},{"active":false,"Giataid":"238972","cityId":null,"cityName":"Jebel Sifah Beach","hotelId":238972,"hotelName":"Sifawy Boutique Hotel","address":"PO Box 1719,PC 130 Jebel Sifah Beach,Muscat,Sultanate of Oman,Oman","phones":"+96824749111","fax":"+96824693383","email":"sifawy@orascomhd.com","url":"http://sifawyhotel.com","countryIso2":"OM","countryName":"Oman","hotelRating":"4","latitude":"23.4137","longitude":"58.791","state_id":null,"state_name":null,"country_id":null},{"active":false,"Giataid":"365450","cityId":null,"cityName":"Haima","hotelId":365450,"hotelName":"Crowne Plaza Duqm","address":"P.O. Box 6,711 Haima,Oman","phones":"+96825214444","fax":"+96825214445","email":"info.cpduqm@ihg.com","url":"http://www.ihg.com/crowneplaza/hotels/de/de/haima/dqqom/hoteldetail","countryIso2":"OM","countryName":"Oman","hotelRating":"4","latitude":"19.5695","longitude":"57.7014","state_id":null,"state_name":null,"country_id":null},{"active":false,"Giataid":"372329","cityId":null,"cityName":"Al Buraimi","hotelId":372329,"hotelName":"Ewa Mahadha Hotel","address":"Sultanate of Oman,Wadiyayn,PO Box 922,512 Buraimi,Oman","phones":"","fax":"","email":"","url":"","countryIso2":"OM","countryName":"Oman","hotelRating":"4","latitude":"24.4006","longitude":"55.9798","state_id":null,"state_name":null,"country_id":null},{"active":false,"Giataid":"372656","cityId":null,"cityName":"Jebel Akhdar","hotelId":372656,"hotelName":"Alila Jabal Akhdar","address":"Al Roose,Al Jabal Al Akhdar,Oman","phones":"+96825344200","fax":"","email":"","url":"","countryIso2":"OM","countryName":"Oman","hotelRating":"5","latitude":"23.1427","longitude":"57.5321","state_id":null,"state_name":null,"country_id":null},{"active":false,"Giataid":"391885","cityId":null,"cityName":"Zighy Bay","hotelId":391885,"hotelName":"Tauchbasis - Extra Divers Zighy Bay","address":"NULL","phones":"","fax":"","email":"","url":"http://www.extradivers-worldwide.com/de/tauchbasen/land/oman/tauchbasis-extra-divers-at-zighy-bay_431.html","countryIso2":"OM","countryName":"Oman","hotelRating":"1","latitude":"25.7099","longitude":"56.2731","state_id":null,"state_name":null,"country_id":null},{"active":false,"Giataid":"391887","cityId":null,"cityName":"Mirbat","hotelId":391887,"hotelName":"Tauchbasis - Extra Divers Mirbat","address":"NULL","phones":"","fax":"","email":"","url":"http://www.extradivers-worldwide.com/de/tauchbasen/land/oman/tauchbasis-extra-divers-mirbat_360.html","countryIso2":"OM","countryName":"Oman","hotelRating":"1","latitude":"16.9562","longitude":"54.7366","state_id":null,"state_name":null,"country_id":null},{"active":false,"Giataid":"432482","cityId":null,"cityName":"Oman","hotelId":432482,"hotelName":"Roulette Hotel 4 Sterne","address":"","phones":"","fax":"","email":"","url":"","countryIso2":"OM","countryName":"Oman","hotelRating":"4","latitude":"20.5692","longitude":"56.0551","state_id":null,"state_name":null,"country_id":null},{"active":false,"Giataid":"372329","cityId":null,"cityName":"Al Buraimi","hotelId":502287,"hotelName":"Mahadha Hotel","address":"Sultanate of Oman,Wadiyayn,PO Box 922,512 Buraimi,Oman","phones":"+96825659126","fax":"","email":"","url":"","countryIso2":"OM","countryName":"Oman","hotelRating":"1","latitude":"24.2459","longitude":"55.9726","state_id":null,"state_name":null,"country_id":null},{"active":false,"Giataid":"526195","cityId":null,"cityName":"Al Ashkharah","hotelId":526195,"hotelName":"Alashkhara Beach Resort","address":"P.O. Box: 1344,111 Seeb,Oman","phones":"+96894082424","fax":"","email":"info@ashkhara.com","url":"http://www.ashkhara.com/","countryIso2":"OM","countryName":"Oman","hotelRating":"1","latitude":"21.7354","longitude":"59.4821","state_id":null,"state_name":null,"country_id":null},{"active":false,"Giataid":"526201","cityId":null,"cityName":"Bahla","hotelId":526201,"hotelName":"Bahla Hotel Apartment","address":"Al Maamoorah,PO Box 97,420 Bahla,Nizwa,Oman","phones":"","fax":"","email":"","url":"","countryIso2":"OM","countryName":"Oman","hotelRating":"1","latitude":"22.951","longitude":"57.2932","state_id":null,"state_name":null,"country_id":null},{"active":false,"Giataid":"617490","cityId":null,"cityName":"Al Buraimi","hotelId":617490,"hotelName":"Al Jawhara Hotel","address":"","phones":"","fax":"","email":"","url":"","countryIso2":"OM","countryName":"Oman","hotelRating":"2","latitude":"24.2557","longitude":"55.7961","state_id":null,"state_name":null,"country_id":null},{"active":false,"Giataid":"617497","cityId":null,"cityName":"Al Buraimi","hotelId":617497,"hotelName":"Hamasa Hotel","address":"Al Buraimi Oman,512 Al Buraimi,Oman","phones":"","fax":"","email":"","url":"","countryIso2":"OM","countryName":"Oman","hotelRating":"1","latitude":"24.2438","longitude":"55.774","state_id":null,"state_name":null,"country_id":null},{"active":false,"Giataid":"626280","cityId":null,"cityName":"Al Buraimi","hotelId":626280,"hotelName":"Al Salam Hotel","address":"Near Hili Border Crossing,Po Box 340,512 Al Buraymi,Oman","phones":"+96825655789","fax":"","email":"info@alsalamhoteloman.com","url":"http://alsalamhotelburaimi.com/","countryIso2":"OM","countryName":"Oman","hotelRating":"3","latitude":"24.2577","longitude":"55.7691","state_id":null,"state_name":null,"country_id":null},{"active":false,"Giataid":"627213","cityId":null,"cityName":"Rusayl","hotelId":627213,"hotelName":"Al Rusayl Hotel","address":"P.O.Box 109, Pc 124 Al Rusayl Indutrial Area,124 Rusayl,Oman","phones":"","fax":"","email":"","url":"","countryIso2":"OM","countryName":"Oman","hotelRating":"1","latitude":"23.5541","longitude":"58.1873","state_id":null,"state_name":null,"country_id":null},{"active":false,"Giataid":"643934","cityId":null,"cityName":"Ruwi","hotelId":643934,"hotelName":"Majestic Hotel","address":"Wadi Kabir 209,112 Ruwi,Oman","phones":"","fax":"","email":"","url":"","countryIso2":"OM","countryName":"Oman","hotelRating":"1","latitude":"23.5848","longitude":"58.5597","state_id":null,"state_name":null,"country_id":null},{"active":false,"Giataid":"643958","cityId":null,"cityName":"Ruwi","hotelId":643958,"hotelName":"Palms Hotel","address":"Wadi Al Kabeer,112 Ruwi,Oman","phones":"","fax":"","email":"","url":"","countryIso2":"OM","countryName":"Oman","hotelRating":"1","latitude":"23.5799","longitude":"58.5651","state_id":null,"state_name":null,"country_id":null},{"active":false,"Giataid":"643968","cityId":null,"cityName":"Al Wasil","hotelId":643968,"hotelName":"Al Areesh Desert Camp","address":"Wahiba Sands,Al Wasil,Oman","phones":"","fax":"","email":"","url":"","countryIso2":"OM","countryName":"Oman","hotelRating":"1","latitude":"22.5032","longitude":"58.7459","state_id":null,"state_name":null,"country_id":null},{"active":false,"Giataid":"643978","cityId":null,"cityName":"Ruwi","hotelId":643978,"hotelName":"Jasmine Hotel Apartments","address":"Wadi Kabir,112 Ruwi,Oman","phones":"","fax":"","email":"","url":"","countryIso2":"OM","countryName":"Oman","hotelRating":"3","latitude":"23.5848","longitude":"58.5597","state_id":null,"state_name":null,"country_id":null},{"active":false,"Giataid":"644000","cityId":null,"cityName":"Al Ashkharah","hotelId":644000,"hotelName":"Areen Youth Hostel Al Ashkhara","address":"Sea Street,P O Box 3087,111 Al Ashkharah,Oman","phones":"","fax":"","email":"","url":"","countryIso2":"OM","countryName":"Oman","hotelRating":"1","latitude":"21.8234","longitude":"59.5508","state_id":null,"state_name":null,"country_id":null},{"active":false,"Giataid":"909247","cityId":null,"cityName":"Mirbat","hotelId":646157,"hotelName":"Roshan Hotel Salalah","address":"Castle Road,Mirbat,Oman","phones":"","fax":"","email":"","url":"","countryIso2":"OM","countryName":"Oman","hotelRating":"3","latitude":"17.0151","longitude":"54.1135","state_id":null,"state_name":null,"country_id":null},{"active":false,"Giataid":"650042","cityId":null,"cityName":"Oman","hotelId":650042,"hotelName":"Roulette Hotel","address":"","phones":"","fax":"","email":"","url":"","countryIso2":"OM","countryName":"Oman","hotelRating":"5","latitude":"0","longitude":"0","state_id":null,"state_name":null,"country_id":null},{"active":false,"Giataid":"676779","cityId":null,"cityName":"Al Wasil","hotelId":676779,"hotelName":"Sand Delight Camp","address":"Asharqia,Wahiba Sands,421 Al Wasil,Oman","phones":"","fax":"","email":"","url":"","countryIso2":"OM","countryName":"Oman","hotelRating":"1","latitude":"22.4809","longitude":"58.7261","state_id":null,"state_name":null,"country_id":null},{"active":false,"Giataid":"678784","cityId":null,"cityName":"Sur (Oman)","hotelId":678784,"hotelName":"Al Sqlawi Hotel Apartments","address":"Souq Road,PO Box 600,411 Sur,Oman","phones":"","fax":"","email":"","url":"","countryIso2":"OM","countryName":"Oman","hotelRating":"1","latitude":"22.5774","longitude":"59.5118","state_id":null,"state_name":null,"country_id":null},{"active":false,"Giataid":"678941","cityId":null,"cityName":"Qumaylah","hotelId":678941,"hotelName":"Arabian Sea Motel","address":"Jaalan,Aseelah,Al Sharqiyah,999 Qumaylah,Oman","phones":"+96897794244","fax":"","email":"arabianseamotel@hotmail.com","url":"http://www.arabianseamotel.com","countryIso2":"OM","countryName":"Oman","hotelRating":"1","latitude":"0","longitude":"0","state_id":null,"state_name":null,"country_id":null},{"active":false,"Giataid":"730045","cityId":null,"cityName":"Sur (Oman)","hotelId":730045,"hotelName":"Sur Grand Hotel","address":"PO Box 111,411 Sur,Oman","phones":"+96825240000","fax":"","email":"reservations@surgrandhotel.com","url":"http://www.surgrandhotel.com","countryIso2":"OM","countryName":"Oman","hotelRating":"3","latitude":"22.6008","longitude":"59.4813","state_id":null,"state_name":null,"country_id":null},{"active":false,"Giataid":"741087","cityId":null,"cityName":"Ras al-Jinz","hotelId":741087,"hotelName":"Luxury Eco-Tents - Ras Al Jinz Turtle Reserve","address":"Post Box 296,411 Ras Al Jinz,Sur,Oman","phones":"","fax":"","email":"reservations@rasaljinz-turtlereserve.com","url":"http://rasaljinz-turtlereserve.com/pages/90/accommodation","countryIso2":"OM","countryName":"Oman","hotelRating":"1","latitude":"22.4257","longitude":"59.8275","state_id":null,"state_name":null,"country_id":null},{"active":false,"Giataid":"800523","cityId":null,"cityName":"Ibra","hotelId":800523,"hotelName":"Byruha Ibra","address":"Masroun Street,400 Ibra,Oman","phones":"","fax":"","email":"info@byruha.com","url":"http://byruha.com","countryIso2":"OM","countryName":"Oman","hotelRating":"1","latitude":"22.709","longitude":"58.5485","state_id":null,"state_name":null,"country_id":null},{"active":false,"Giataid":"802365","cityId":null,"cityName":"Masirah","hotelId":802365,"hotelName":"Serapis Hotel","address":"Ras Alhilf,PO Box 112,414 Masirah,Oman","phones":"","fax":"","email":"","url":"","countryIso2":"OM","countryName":"Oman","hotelRating":"1","latitude":"20.6455","longitude":"58.8683","state_id":null,"state_name":null,"country_id":null},{"active":false,"Giataid":"802394","cityId":null,"cityName":"Sur (Oman)","hotelId":802394,"hotelName":"Five Continents Hotel","address":"NULL","phones":"","fax":"","email":"","url":"","countryIso2":"OM","countryName":"Oman","hotelRating":"1","latitude":"22.574","longitude":"59.5142","state_id":null,"state_name":null,"country_id":null},{"active":false,"Giataid":"804823","cityId":null,"cityName":"Al Buraimi","hotelId":804823,"hotelName":"Alsafa Hotel","address":"New Saraa,PO Box 504,512 Al Buraymi,Oman","phones":"","fax":"","email":"","url":"","countryIso2":"OM","countryName":"Oman","hotelRating":"1","latitude":"24.2465","longitude":"55.9732","state_id":null,"state_name":null,"country_id":null},{"active":false,"Giataid":"815505","cityId":null,"cityName":"Ibra","hotelId":815505,"hotelName":"Ibra Motel","address":"Ibra�Alsharqiya-Main Street,Ibra,Oman","phones":"","fax":"","email":"","url":"","countryIso2":"OM","countryName":"Oman","hotelRating":"1","latitude":"22.7154","longitude":"58.5289","state_id":null,"state_name":null,"country_id":null},{"active":false,"Giataid":"822443","cityId":null,"cityName":"Wahiba Sands","hotelId":822443,"hotelName":"Al Salam Camp","address":"North West of Bidiya Desert,Al Shaqrqiya,Wahiba Desert,Oman","phones":"","fax":"","email":"","url":"http://alsalam.om/","countryIso2":"OM","countryName":"Oman","hotelRating":"1","latitude":"22.4214","longitude":"58.7064","state_id":null,"state_name":null,"country_id":null},{"active":false,"Giataid":"849249","cityId":null,"cityName":"Wahiba Sands","hotelId":849249,"hotelName":"Hud Hud Wahiba Camp","address":"Wahiba Sands,Oman","phones":"","fax":"","email":"info@africaodyssey.com","url":"","countryIso2":"OM","countryName":"Oman","hotelRating":"1","latitude":"22.3678","longitude":"58.7174","state_id":null,"state_name":null,"country_id":null},{"active":false,"Giataid":"39385","cityId":null,"cityName":"Jebel Akhdar","hotelId":10055122,"hotelName":"Jabal Akhdhar Hotel","address":"PO Box 26,621 Al Jabal Al Akhdhar,Oman","phones":"+96825429009","fax":"","email":"","url":"","countryIso2":"OM","countryName":"Oman","hotelRating":"2","latitude":"23.0888","longitude":"57.692","state_id":null,"state_name":null,"country_id":null},{"active":false,"Giataid":"391729","cityId":null,"cityName":"Duqm","hotelId":10056581,"hotelName":"Park Inn By Radisson Hotel & Residence Duqm","address":"P.O Box 161 PC 102,Wadi Say,Al Wusta,Duqm,Oman","phones":"+96824507777","fax":"","email":"","url":"","countryIso2":"OM","countryName":"Oman","hotelRating":"4","latitude":"19.5794","longitude":"57.6898","state_id":null,"state_name":null,"country_id":null},{"active":false,"Giataid":"183052","cityId":null,"cityName":"Ras al-Jinz","hotelId":20002658,"hotelName":"Carapace Hotel","address":"Ras Al Jinz,Oman","phones":"","fax":"","email":"","url":"","countryIso2":"OM","countryName":"Oman","hotelRating":"3","latitude":"22.4258","longitude":"59.8277","state_id":null,"state_name":null,"country_id":null},{"active":false,"Giataid":"626283","cityId":null,"cityName":"Al Buraimi","hotelId":20003104,"hotelName":"Golden star hotel","address":"Al Buraimi,Al Buraymi,Oman","phones":"","fax":"","email":"","url":"","countryIso2":"OM","countryName":"Oman","hotelRating":"0","latitude":"24.2465","longitude":"55.9732","state_id":null,"state_name":null,"country_id":null},{"active":false,"Giataid":"269298","cityId":null,"cityName":"Barka","hotelId":20003309,"hotelName":"Barka Farm House","address":"Al Uqda Sharqia Walayat,Oman","phones":"+96899418561","fax":"","email":"info@barkafarmhouse.com","url":"http://Al","countryIso2":"OM","countryName":"Oman","hotelRating":"0","latitude":"23.6839","longitude":"57.9049","state_id":null,"state_name":null,"country_id":null},{"active":false,"Giataid":"723801","cityId":null,"cityName":"Al Buraimi","hotelId":20003696,"hotelName":"Dar Al Khaleej Hotel Apartments","address":"512 Al Buraimi,Oman","phones":"","fax":"","email":"","url":"","countryIso2":"OM","countryName":"Oman","hotelRating":"0","latitude":"24.2465","longitude":"55.9732","state_id":null,"state_name":null,"country_id":null},{"active":false,"Giataid":"678819","cityId":null,"cityName":"Sur (Oman)","hotelId":20004028,"hotelName":"Marsa Al Masafar Hotel Apartments","address":"Al Aise Street,Next To Nissan Showroom,411 Sur,Oman","phones":"","fax":"","email":"","url":"","countryIso2":"OM","countryName":"Oman","hotelRating":"0","latitude":"22.5672","longitude":"59.4966","state_id":null,"state_name":null,"country_id":null},{"active":false,"Giataid":"274327","cityId":null,"cityName":"Wahiba Sands","hotelId":20004207,"hotelName":"Desert Retreat Camp","address":"Wahiba sands,Al Wasil,Oman","phones":"+96899332264","fax":"+96825583209","email":"desertretreat@yahoo.com","url":"","countryIso2":"OM","countryName":"Oman","hotelRating":"2","latitude":"22.3548","longitude":"58.6772","state_id":null,"state_name":null,"country_id":null},{"active":false,"Giataid":"239329","cityId":null,"cityName":"Wahiba Sands","hotelId":20004385,"hotelName":"Bedouin Camp","address":"Al Hawiyah,Wahiba Sands Desert,Oman","phones":"","fax":"","email":"","url":"","countryIso2":"OM","countryName":"Oman","hotelRating":"2","latitude":"22.4745","longitude":"58.7231","state_id":null,"state_name":null,"country_id":null},{"active":false,"Giataid":"526219","cityId":null,"cityName":"Al Hamra","hotelId":20004721,"hotelName":"Misfah Old House Family Guesthouse","address":"Misfat Al Abryeen,131 Al Hamra,Oman","phones":"","fax":"","email":"","url":"","countryIso2":"OM","countryName":"Oman","hotelRating":"0","latitude":"23.1399","longitude":"57.3124","state_id":null,"state_name":null,"country_id":null},{"active":false,"Giataid":"298129","cityId":null,"cityName":"Al Wasil","hotelId":20004906,"hotelName":"Arabian Oryx Camp","address":"Bidiya,Sharkiya,PO Box 333,421 Al Wasil,Oman","phones":"+96894239582","fax":"+96825586044","email":"info@oryx-camp.com","url":"http://www.oryx-camp.com/","countryIso2":"OM","countryName":"Oman","hotelRating":"3","latitude":"22.3914","longitude":"58.721","state_id":null,"state_name":null,"country_id":null},{"active":false,"Giataid":"465612","cityId":null,"cityName":"Masirah","hotelId":20006242,"hotelName":"Hotel Danat Al Khaleej","address":"Masirah Island - PO BOX 23, 414, Masirah Island, Oman,Om?n,Oman","phones":"+96825504533","fax":"+96825504878","email":"info@danat-hotel.com","url":"http://www.danat-hotel.com/","countryIso2":"OM","countryName":"Oman","hotelRating":"0","latitude":"20.6356","longitude":"58.8643","state_id":null,"state_name":null,"country_id":null},{"active":false,"Giataid":"51412","cityId":null,"cityName":"Ibra","hotelId":20006788,"hotelName":"Nahar Tourism Oasis","address":"PO Box 9,Postal Code 115,Ibra,Oman","phones":"+96899387654","fax":"+96825570112","email":"emptyqtr@omantel.net.om","url":"http://www.emptyquartertours.com","countryIso2":"OM","countryName":"Oman","hotelRating":"1","latitude":"22.7203","longitude":"58.5703","state_id":null,"state_name":null,"country_id":null},{"active":false,"Giataid":"299730","cityId":null,"cityName":"Al Hamra","hotelId":20006950,"hotelName":"Sunrise Resort Jabal Shams","address":"Jabal Shams Mountain,P.O. Box 57,318 Al Hamra,Nizwa,Oman","phones":"+968941009000","fax":"+96826875057","email":"reservation@sunriseresort-om.com","url":"http://www.sunriseresort-om.com","countryIso2":"OM","countryName":"Oman","hotelRating":"3","latitude":"23.2899","longitude":"57.1528","state_id":null,"state_name":null,"country_id":null},{"active":false,"Giataid":"299730","cityId":null,"cityName":"Al Hamra","hotelId":20006950,"hotelName":"Sunrise Resort Jabal Shams","address":"Jabal Shams Mountain,P.O. Box 57,318 Al Hamra,Nizwa,Oman","phones":"+968941009000","fax":"+96826875057","email":"reservation@sunriseresort-om.com","url":"http://www.sunriseresort-om.com","countryIso2":"OM","countryName":"Oman","hotelRating":"3","latitude":"23.2899","longitude":"57.1528","state_id":null,"state_name":null,"country_id":null},{"active":false,"Giataid":"553930","cityId":null,"cityName":"Jebel Sifah Beach","hotelId":20007103,"hotelName":"Le Sifah Resort Apartments","address":"AS Sifah,Muscat,Sultanate of Oman,Oman","phones":"+96824749149","fax":"+96824705544","email":"info@lesifah.com","url":"http://lesifah.com","countryIso2":"OM","countryName":"Oman","hotelRating":"0","latitude":"23.4151","longitude":"58.7896","state_id":null,"state_name":null,"country_id":null},{"active":false,"Giataid":"678641","cityId":null,"cityName":"Al Buraimi","hotelId":20007628,"hotelName":"Taj Al Arab Hotel","address":"Behind Dar Al Freej Market,520 Al Buraymi,Oman","phones":"","fax":"","email":"","url":"","countryIso2":"OM","countryName":"Oman","hotelRating":"0","latitude":"24.2465","longitude":"55.9732","state_id":null,"state_name":null,"country_id":null},{"active":false,"Giataid":"95586","cityId":null,"cityName":"Bidiya","hotelId":20007915,"hotelName":"Safari Desert Camp","address":"PO Box 117,421 Bediyah,Ghabbi,Oman","phones":"+96892000592","fax":"","email":"ali@safaridesert.com","url":"http://www.safaridesert.com/index.html","countryIso2":"OM","countryName":"Oman","hotelRating":"2","latitude":"22.2168","longitude":"58.8306","state_id":null,"state_name":null,"country_id":null},{"active":false,"Giataid":"39383","cityId":null,"cityName":"Wahiba Sands","hotelId":20008209,"hotelName":"Al Raha Camp","address":"Bidiya,Wahiba Sands,Oman","phones":"+96899343851","fax":"+96825583130","email":"office@alrahaoman.com","url":"http://www.alrahaoman.com","countryIso2":"OM","countryName":"Oman","hotelRating":"2","latitude":"22.6994","longitude":"58.535","state_id":null,"state_name":null,"country_id":null},{"active":false,"Giataid":"64679","cityId":null,"cityName":"Shahiq","hotelId":20008577,"hotelName":"1000 Nights Camp","address":"P.O. Box 9,Mandinat Al Sultan Qaboos,115 Shahiq,Wahiba Sands,Oman","phones":"+96899448158","fax":"+96824571167","email":"info@1000nightscamp.com","url":"http://www.1000nightscamp.com/","countryIso2":"OM","countryName":"Oman","hotelRating":"2","latitude":"22.1024","longitude":"58.7597","state_id":null,"state_name":null,"country_id":null},{"active":false,"Giataid":"64679","cityId":null,"cityName":"Wahiba Sands","hotelId":20008577,"hotelName":"1000 Nights Camp","address":"P.O. Box 9,Mandinat Al Sultan Qaboos,115 Shahiq,Wahiba Sands,Oman","phones":"+96899448158","fax":"+96824571167","email":"info@1000nightscamp.com","url":"http://www.1000nightscamp.com/","countryIso2":"OM","countryName":"Oman","hotelRating":"2","latitude":"22.1024","longitude":"58.7597","state_id":null,"state_name":null,"country_id":null},{"active":false,"Giataid":"359782","cityId":null,"cityName":"Ibri","hotelId":20008679,"hotelName":"Ibri Oasis","address":"Hafeat Street,516 Ibri,Oman","phones":"+96825696172","fax":"+96825696171","email":"ibrioasis@gmail.com","url":"","countryIso2":"OM","countryName":"Oman","hotelRating":"2","latitude":"23.2488","longitude":"56.414","state_id":null,"state_name":null,"country_id":null},{"active":false,"Giataid":"372628","cityId":null,"cityName":"Al Buraimi","hotelId":20009239,"hotelName":"Al Massa Hotel Albarami","address":"Main Street,Opposite Hamasa Hotel,Al Barami,Oman","phones":"+96825653007","fax":"","email":"sales@almasahotels.com","url":"http://almasahotels.com/","countryIso2":"OM","countryName":"Oman","hotelRating":"2","latitude":"24.2382","longitude":"55.7705","state_id":null,"state_name":null,"country_id":null},{"active":false,"Giataid":"261442","cityId":null,"cityName":"Ras al-Jinz","hotelId":20009681,"hotelName":"Ras Al Jinz Turtle Reserve","address":"Post Box 296,411 Ras Al Jinz,Sur,Oman","phones":"+96896550606","fax":"+96895300234","email":"reservations@rasaljinz-turtlereserve.com","url":"http://www.rasaljinz-turtlereserve.com/index.htm","countryIso2":"OM","countryName":"Oman","hotelRating":"3","latitude":"22.4256","longitude":"59.8273","state_id":null,"state_name":null,"country_id":null},{"active":false,"Giataid":"429801","cityId":null,"cityName":"Barka","hotelId":20009814,"hotelName":"Dunes by Al Nahda","address":"Wadi Al Abiyad Sands,Barka,Oman","phones":"+96897235700","fax":"+96897479640","email":"stay@dunesbyalnahda.com","url":"http://www.dunesbyalnahda.com","countryIso2":"OM","countryName":"Oman","hotelRating":"3","latitude":"23.4627","longitude":"57.6664","state_id":null,"state_name":null,"country_id":null},{"active":false,"Giataid":"645143","cityId":null,"cityName":"Sur (Oman)","hotelId":20009941,"hotelName":"Al Jumhour Hotel Apartments","address":"P.O.Box 991,411 Sur,Oman","phones":"","fax":"","email":"","url":"","countryIso2":"OM","countryName":"Oman","hotelRating":"0","latitude":"22.5677","longitude":"59.5254","state_id":null,"state_name":null,"country_id":null},{"active":false,"Giataid":"726299","cityId":null,"cityName":"Sur (Oman)","hotelId":20010376,"hotelName":"Zaki Hotel Apartment","address":"Al Sharqiyah Region,Po Box 316,411 Sur,Oman","phones":"+96825545924","fax":"","email":"mail@zakihotelapartment.com","url":"http://www.zakihotelapartment.com","countryIso2":"OM","countryName":"Oman","hotelRating":"3","latitude":"22.5762","longitude":"59.5214","state_id":null,"state_name":null,"country_id":null},{"active":false,"Giataid":"122619","cityId":null,"cityName":"Musandam","hotelId":20011624,"hotelName":"Tauchbasis - Extra Divers Musandam","address":"P.O. BOX 498,811 Khasab,Musandam,Oman","phones":"+96826730501","fax":"","email":"info@musandam-diving.com","url":"http://www.musandam-diving.com","countryIso2":"OM","countryName":"Oman","hotelRating":"0","latitude":"26.1833","longitude":"56.25","state_id":null,"state_name":null,"country_id":null},{"active":false,"Giataid":"465717","cityId":null,"cityName":"Al Buraimi","hotelId":20011974,"hotelName":"Buraimi Hotel","address":"Sohar Salalah Road,Post Office Box 330,512 Al Buraymi,Oman","phones":"+96825642010","fax":"+96825642011","email":"info@alburaimihotel.com","url":"","countryIso2":"OM","countryName":"Oman","hotelRating":"4","latitude":"24.2569","longitude":"55.797","state_id":null,"state_name":null,"country_id":null},{"active":false,"Giataid":"565824","cityId":null,"cityName":"Duqm","hotelId":20012203,"hotelName":"Duqm Floating Veronica","address":"Quay 1,Oman Dry Dok,Duqm Port,216 Duqm,Oman","phones":"","fax":"","email":"","url":"","countryIso2":"OM","countryName":"Oman","hotelRating":"4","latitude":"19.6206","longitude":"57.6973","state_id":null,"state_name":null,"country_id":null},{"active":false,"Giataid":"643989","cityId":null,"cityName":"Ras al-Jinz","hotelId":20012341,"hotelName":"Al Naseem Camp","address":"Ras Al Junaiz,Ras al Jinz,Oman","phones":"","fax":"","email":"","url":"","countryIso2":"OM","countryName":"Oman","hotelRating":"0","latitude":"22.4257","longitude":"59.8275","state_id":null,"state_name":null,"country_id":null},{"active":false,"Giataid":"535739","cityId":null,"cityName":"Barka","hotelId":20012477,"hotelName":"Gulf Sand Motel","address":"PO Box 99 Al Musanah-Al Muladha street,Barka 314,Oman","phones":"","fax":"","email":"","url":"","countryIso2":"OM","countryName":"Oman","hotelRating":"2","latitude":"23.7509","longitude":"57.5699","state_id":null,"state_name":null,"country_id":null},{"active":false,"Giataid":"678461","cityId":null,"cityName":"Al Buraimi","hotelId":20012596,"hotelName":"Sama Al Buraimi","address":"Al Buraimi,512 Al Buraymi,Oman","phones":"","fax":"","email":"","url":"","countryIso2":"OM","countryName":"Oman","hotelRating":"0","latitude":"24.2465","longitude":"55.9732","state_id":null,"state_name":null,"country_id":null},{"active":false,"Giataid":"535734","cityId":null,"cityName":"Barka","hotelId":20014351,"hotelName":"Al Musafir Hotel","address":"PO Box 99  Al Musanah-Al Muladha street,Barka 314,Oman","phones":"","fax":"","email":"","url":"","countryIso2":"OM","countryName":"Oman","hotelRating":"0","latitude":"23.7078","longitude":"57.7239","state_id":null,"state_name":null,"country_id":null},{"active":false,"Giataid":"495131","cityId":null,"cityName":"Sur (Oman)","hotelId":20014746,"hotelName":"Al Basateen Hotel Apartment","address":"Al Bar,411 Sur,Oman","phones":"","fax":"","email":"","url":"","countryIso2":"OM","countryName":"Oman","hotelRating":"3","latitude":"22.6054","longitude":"59.4774","state_id":null,"state_name":null,"country_id":null},{"active":false,"Giataid":"409521","cityId":null,"cityName":"Sur (Oman)","hotelId":20014836,"hotelName":"Youth Hostel Al Ashkhara","address":"P.O. Box 3087,Muscat Airport 111,Sur,Oman","phones":"+96825566266","fax":"+96825566179","email":"admin@ashkhara-youthhostel.com","url":"http://www.ashkhara-youthhostel.com/","countryIso2":"OM","countryName":"Oman","hotelRating":"0","latitude":"22.5669","longitude":"59.5293","state_id":null,"state_name":null,"country_id":null},{"active":false,"Giataid":"475653","cityId":null,"cityName":"Ibra","hotelId":20016536,"hotelName":"Ibra Hotel","address":"Wabi Naam 550,400 Ibra,Oman","phones":"","fax":"","email":"","url":"http://www.booking.com/hotel/om/ibra.html","countryIso2":"OM","countryName":"Oman","hotelRating":"0","latitude":"22.7172","longitude":"58.5448","state_id":null,"state_name":null,"country_id":null},{"active":false,"Giataid":"76957","cityId":null,"cityName":"Ibra","hotelId":20016903,"hotelName":"Al Sharqiya Sands","address":"P.O.Box: 585,Postal Code 413,Ibra,Oman","phones":"+96825587099","fax":"+96825587088","email":"","url":"http://www.sharqiyasands.com","countryIso2":"OM","countryName":"Oman","hotelRating":"3","latitude":"22.652","longitude":"58.6026","state_id":null,"state_name":null,"country_id":null},{"active":false,"Giataid":"269253","cityId":null,"cityName":"Sur (Oman)","hotelId":20017152,"hotelName":"Al Thabit Hotel","address":"Al Sharya,411 Sur,Oman","phones":"","fax":"","email":"","url":"","countryIso2":"OM","countryName":"Oman","hotelRating":"2","latitude":"22.5772","longitude":"59.5165","state_id":null,"state_name":null,"country_id":null},{"active":false,"Giataid":"464841","cityId":null,"cityName":"Sur (Oman)","hotelId":20017401,"hotelName":"Sur Hotel","address":"souq 411,alt.: Al Sharqyah, 411 Sur,Sur,Gulf of Oman,Oman","phones":"+96825540090","fax":"+96825543798","email":"booking@surhotel.net","url":"http://surhotel.net","countryIso2":"OM","countryName":"Oman","hotelRating":"1","latitude":"22.5684","longitude":"59.5267","state_id":null,"state_name":null,"country_id":null},{"active":false,"Giataid":"409069","cityId":null,"cityName":"Jebel Sifah Beach","hotelId":20018711,"hotelName":"Tauchbasis - Extra Divers Sifah/Boutique Hotel Sifawy","address":"P.O. Box 1719,Jebel Sifah Beach,130 Muscat,Oman","phones":"+96824749111","fax":"","email":"info@sifawyhotel.com","url":"http://www.sifawyhotel.com","countryIso2":"OM","countryName":"Oman","hotelRating":"4","latitude":"23.4151","longitude":"58.7897","state_id":null,"state_name":null,"country_id":null},{"active":false,"Giataid":"122578","cityId":null,"cityName":"Sur (Oman)","hotelId":20019026,"hotelName":"Turtle Beach Resort","address":"PO Box 303,Sur 411,Sultanate of Oman,Oman","phones":"+96825533000","fax":"+96825533311","email":"info@tbroman.com","url":"http://tbroman.com","countryIso2":"OM","countryName":"Oman","hotelRating":"3","latitude":"22.5667","longitude":"59.5289","state_id":null,"state_name":null,"country_id":null},{"active":false,"Giataid":"631951","cityId":null,"cityName":"Masirah","hotelId":20019226,"hotelName":"Masirah Hotel","address":"Ras Helf 414 Masirah,Sultanate Of Oman,414 Masirah Island,Oman","phones":"","fax":"","email":"","url":"","countryIso2":"OM","countryName":"Oman","hotelRating":"0","latitude":"20.6672","longitude":"58.8741","state_id":null,"state_name":null,"country_id":null},{"active":false,"Giataid":"91014","cityId":null,"cityName":"Wahiba Sands","hotelId":20019336,"hotelName":"Desert Palm Oman","address":"Al Wasil Village,Wahiba Sands,Oman","phones":"+96891126369","fax":"","email":"info@desertpalmoman.com","url":"http://www.desertpalmoman.com","countryIso2":"OM","countryName":"Oman","hotelRating":"1","latitude":"22.37","longitude":"58.7014","state_id":null,"state_name":null,"country_id":null},{"active":false,"Giataid":"465043","cityId":null,"cityName":"Sur (Oman)","hotelId":20020109,"hotelName":"Al Faisal Hotel Suites","address":"Rusaq,411 Sur,Oman","phones":"","fax":"","email":"","url":"","countryIso2":"OM","countryName":"Oman","hotelRating":"0","latitude":"22.5951","longitude":"59.4932","state_id":null,"state_name":null,"country_id":null},{"active":false,"Giataid":"298684","cityId":null,"cityName":"Ibra","hotelId":20021092,"hotelName":"Al Qabil Rest House","address":"Arab Oryx rest houses,PO Box 654, Muscat,Postal Code 113,Ibra,Oman","phones":"+968481243","fax":"+968481119","email":"","url":"","countryIso2":"OM","countryName":"Oman","hotelRating":"0","latitude":"22.7244","longitude":"58.5258","state_id":null,"state_name":null,"country_id":null},{"active":false,"Giataid":"643934","cityId":null,"cityName":"Ruwi","hotelId":20021274,"hotelName":"Majestic Hotel","address":"Wadi Kabir 209,112 Ruwi,Oman","phones":"","fax":"","email":"","url":"","countryIso2":"OM","countryName":"Oman","hotelRating":"0","latitude":"23.5839","longitude":"58.5601","state_id":null,"state_name":null,"country_id":null},{"active":false,"Giataid":"726570","cityId":null,"cityName":"Ruwi","hotelId":20357615,"hotelName":"Golden Tulip Headington Ruwi","address":"High Street,Souq Ruwi Street,PC 131,254 Ruwi,Oman","phones":"+96824732000","fax":"+96824732001","email":"info@goldentulipheadington.com","url":"http://www.goldentulipheadington.com","countryIso2":"OM","countryName":"Oman","hotelRating":"4","latitude":"23.5913","longitude":"58.5458","state_id":null,"state_name":null,"country_id":null},{"active":false,"Giataid":"529291","cityId":null,"cityName":"Bidiya","hotelId":20357618,"hotelName":"Oriental Nights Rest House","address":"Sur Street At the Junction of Wadi Bani Khalid,Bidiya,Oman","phones":"","fax":"","email":"","url":"","countryIso2":"OM","countryName":"Oman","hotelRating":"1","latitude":"22.4936","longitude":"58.9372","state_id":null,"state_name":null,"country_id":null},{"active":false,"Giataid":"122573","cityId":null,"cityName":"Jebel Akhdar","hotelId":20357619,"hotelName":"Jebel Shams Resort","address":"P.O Box 344,Al Hamra,Jebel Akdhar,Oman","phones":"","fax":"","email":"reservation@jabalshams(dot)com","url":"http://www.jabalshams.com/","countryIso2":"OM","countryName":"Oman","hotelRating":"3","latitude":"23.2501","longitude":"57.3334","state_id":null,"state_name":null,"country_id":null},{"active":false,"Giataid":"823613","cityId":null,"cityName":"Al Ashkharah","hotelId":20357621,"hotelName":"Saqla Resort","address":"lashkhra,Al saqla,416 Al Sharqiyah,Al Ashkharah,Oman","phones":"","fax":"","email":"","url":"","countryIso2":"OM","countryName":"Oman","hotelRating":"0","latitude":"21.7794","longitude":"59.5164","state_id":null,"state_name":null,"country_id":null},{"active":false,"Giataid":"740767","cityId":null,"cityName":"Bidiya","hotelId":20357622,"hotelName":"Sands Dream Tourism Camp","address":"Al Wasil,Bidiya,Oman","phones":"","fax":"","email":"","url":"","countryIso2":"OM","countryName":"Oman","hotelRating":"2","latitude":"22.3826","longitude":"58.7172","state_id":null,"state_name":null,"country_id":null},{"active":false,"Giataid":"238962","cityId":null,"cityName":"Jebel Akhdar","hotelId":20357623,"hotelName":"Time Reversal Spa","address":"Jabal Al Akhdar 621,Oman,Oman","phones":"+96825429288","fax":"+96825429366","email":"Sahab@Sahab-hotel.com","url":"http://timereversal.net/","countryIso2":"OM","countryName":"Oman","hotelRating":"3","latitude":"23.0727","longitude":"57.6684","state_id":null,"state_name":null,"country_id":null},{"active":false,"Giataid":"743334","cityId":null,"cityName":"Bidiya","hotelId":20357625,"hotelName":"Bidiyah Desert Camp","address":"Al Wasil,421 Bidiya,Ash Sharqiyah,Oman","phones":"","fax":"+96825583070","email":"hiybadiy@hotmail.com","url":"http://bidiyah-desert.com/","countryIso2":"OM","countryName":"Oman","hotelRating":"2","latitude":"22.4349","longitude":"58.708","state_id":null,"state_name":null,"country_id":null},{"active":false,"Giataid":"724524","cityId":null,"cityName":"Jebel Akhdar","hotelId":20357626,"hotelName":"Stone House","address":"Al Aqar,Sayq,Al Jebal,Oman","phones":"","fax":"","email":"","url":"","countryIso2":"OM","countryName":"Oman","hotelRating":"0","latitude":"23.0922","longitude":"57.6434","state_id":null,"state_name":null,"country_id":null},{"active":false,"Giataid":"826341","cityId":null,"cityName":"Jebel Akhdar","hotelId":20357628,"hotelName":"Sama Jabal Akhdar","address":"P.O. BOX: 20,621 Al Jabal Akhdhar,Oman","phones":"+96822507681","fax":"+96822507988","email":"reservations.sama@shanfarihotels.com","url":"http://www.shanfarihotels.com/hotel/sama-hotel.php","countryIso2":"OM","countryName":"Oman","hotelRating":"3","latitude":"23.0922","longitude":"57.6434","state_id":null,"state_name":null,"country_id":null},{"active":false,"Giataid":"921128","cityId":null,"cityName":"Ibri","hotelId":20357630,"hotelName":"Al Majd Hotel","address":"Wilayat,Post Box 497,Ibri,Oman","phones":"+96825688272","fax":"","email":"majdhtl@omantel.net.om","url":"http://almajdhoteloman.com","countryIso2":"OM","countryName":"Oman","hotelRating":"0","latitude":"23.2155","longitude":"56.4865","state_id":null,"state_name":null,"country_id":null},{"active":false,"Giataid":"939871","cityId":null,"cityName":"Sur (Oman)","hotelId":20357635,"hotelName":"Bait Al Afia Hotel Apartment","address":"PO Box 511,411 Sur,Oman","phones":"","fax":"","email":"","url":"","countryIso2":"OM","countryName":"Oman","hotelRating":"0","latitude":"22.5681","longitude":"59.5252","state_id":null,"state_name":null,"country_id":null},{"active":false,"Giataid":"939883","cityId":null,"cityName":"Sur (Oman)","hotelId":20357641,"hotelName":"Luluat Al Afia Hotel Apartments","address":"Near By Citycinema,411 Sur,Oman","phones":"","fax":"","email":"","url":"","countryIso2":"OM","countryName":"Oman","hotelRating":"0","latitude":"22.574","longitude":"59.5142","state_id":null,"state_name":null,"country_id":null},{"active":false,"Giataid":"936426","cityId":null,"cityName":"Jebel Akhdar","hotelId":20357642,"hotelName":"Green Mountain Hotel Apartments","address":"Wilayat Nizwa,Sih Katana,Next To Daairat Agriculture,Al Aqar,Post Office 468,611 Jebel Akhdar,Oman","phones":"","fax":"","email":"","url":"","countryIso2":"OM","countryName":"Oman","hotelRating":"0","latitude":"23.0922","longitude":"57.6434","state_id":null,"state_name":null,"country_id":null},{"active":false,"Giataid":"939890","cityId":null,"cityName":"Sur (Oman)","hotelId":20357647,"hotelName":"Alafiya Hotel Apartment","address":"Murthafa,411 Sur,Oman","phones":"","fax":"","email":"","url":"","countryIso2":"OM","countryName":"Oman","hotelRating":"0","latitude":"22.574","longitude":"59.5142","state_id":null,"state_name":null,"country_id":null},{"active":false,"Giataid":"888373","cityId":null,"cityName":"Bidiya","hotelId":20357648,"hotelName":"Al Sarmadi Desert Night Camp","address":"Ash Sharqiyah North Governorate,Bidiya,Oman","phones":"","fax":"","email":"","url":"","countryIso2":"OM","countryName":"Oman","hotelRating":"1","latitude":"22.3902","longitude":"58.7716","state_id":null,"state_name":null,"country_id":null},{"active":false,"Giataid":"905767","cityId":null,"cityName":"Al Ashkharah","hotelId":20357654,"hotelName":"Wadi Sal Vacation Home","address":"Jalan Bani Buali,Al Ashkharah,Ash Sharqiyah South Governorate,Oman","phones":"","fax":"","email":"","url":"","countryIso2":"OM","countryName":"Oman","hotelRating":"0","latitude":"21.7794","longitude":"59.5164","state_id":null,"state_name":null,"country_id":null},{"active":false,"Giataid":"899090","cityId":null,"cityName":"Bidiya","hotelId":20357655,"hotelName":"Oman Desert Camp  Starwatching Camp","address":"Bediyah 421,122 Bidiya,Oman","phones":"","fax":"","email":"","url":"","countryIso2":"OM","countryName":"Oman","hotelRating":"1","latitude":"22.3902","longitude":"58.7716","state_id":null,"state_name":null,"country_id":null},{"active":false,"Giataid":"896300","cityId":null,"cityName":"Mirbat","hotelId":20357656,"hotelName":"Gloria Villa","address":"Al Fath Street,220 Mirbat,Salalah,Dhofar,Oman","phones":"","fax":"","email":"","url":"","countryIso2":"OM","countryName":"Oman","hotelRating":"0","latitude":"16.9558","longitude":"54.7382","state_id":null,"state_name":null,"country_id":null},{"active":false,"Giataid":"936748","cityId":null,"cityName":"Barka","hotelId":20357661,"hotelName":"The Pearl Farmhouse","address":"An Naman,Barka,Oman","phones":"","fax":"","email":"","url":"","countryIso2":"OM","countryName":"Oman","hotelRating":"0","latitude":"23.7042","longitude":"57.7494","state_id":null,"state_name":null,"country_id":null},{"active":false,"Giataid":"921172","cityId":null,"cityName":"Masirah","hotelId":20357662,"hotelName":"Maan Hotel Apartment","address":"Hilf,Masirah Island,Oman","phones":"","fax":"","email":"","url":"","countryIso2":"OM","countryName":"Oman","hotelRating":"0","latitude":"20.6356","longitude":"58.8741","state_id":null,"state_name":null,"country_id":null},{"active":false,"Giataid":"921182","cityId":null,"cityName":"Sur (Oman)","hotelId":20357673,"hotelName":"Al Taraf Hotel Apartments","address":"Al Ghaleela,411 Sur,Oman","phones":"","fax":"","email":"","url":"","countryIso2":"OM","countryName":"Oman","hotelRating":"0","latitude":"22.574","longitude":"59.5142","state_id":null,"state_name":null,"country_id":null},{"active":false,"Giataid":"909247","cityId":null,"cityName":"Mirbat","hotelId":20357676,"hotelName":"Roshan Resort","address":"Castle Road,Mirbat,Oman","phones":"","fax":"","email":"","url":"","countryIso2":"OM","countryName":"Oman","hotelRating":"0","latitude":"16.9558","longitude":"54.7382","state_id":null,"state_name":null,"country_id":null},{"active":false,"Giataid":"945451","cityId":null,"cityName":"Al Buraimi","hotelId":20415288,"hotelName":"Pearl Island Hotel Apartment","address":"Near Buraimi Municipality,512 Al Buraymi,Oman","phones":"","fax":"","email":"","url":"","countryIso2":"OM","countryName":"Oman","hotelRating":"1","latitude":"24.2465","longitude":"55.9732","state_id":null,"state_name":null,"country_id":null},{"active":false,"Giataid":"945580","cityId":null,"cityName":"Ibra","hotelId":20415289,"hotelName":"Qawafel Almamoorh Hotel & Apartments","address":"Al Kamel Wa Al Wafi,412 Ibra,Ash Sharqiya Region,Oman","phones":"","fax":"","email":"","url":"","countryIso2":"OM","countryName":"Oman","hotelRating":"1","latitude":"22.6885","longitude":"58.5544","state_id":null,"state_name":null,"country_id":null},{"active":false,"Giataid":"949790","cityId":null,"cityName":"Al Buraimi","hotelId":20415293,"hotelName":"The Address Hotel & Apartments","address":"Opposite Yas Medicals,AL Buraimi Sultanate Oman,Al Buraymi,Oman","phones":"","fax":"","email":"","url":"","countryIso2":"OM","countryName":"Oman","hotelRating":"1","latitude":"24.2465","longitude":"55.9732","state_id":null,"state_name":null,"country_id":null},{"active":false,"Giataid":"949748","cityId":null,"cityName":"Ibra","hotelId":20415294,"hotelName":"Saj Farm Inn","address":"Ibra Masroon Mudhaibi Road,Abu Dhalma 13 Km From Ibra Center,400 Ibra,Oman","phones":"","fax":"","email":"","url":"","countryIso2":"OM","countryName":"Oman","hotelRating":"1","latitude":"22.6885","longitude":"58.5544","state_id":null,"state_name":null,"country_id":null},{"active":false,"Giataid":"949582","cityId":null,"cityName":"Sur (Oman)","hotelId":20415292,"hotelName":"Leading Wings Beach Apartments","address":"Almojamaa Alsehi Street,PO Box 1010,411 Sur,Oman","phones":"","fax":"","email":"","url":"","countryIso2":"OM","countryName":"Oman","hotelRating":"1","latitude":"22.574","longitude":"59.5142","state_id":null,"state_name":null,"country_id":null},{"active":false,"Giataid":"949704","cityId":null,"cityName":"Sur (Oman)","hotelId":20415297,"hotelName":"Sea Apartment Hotel","address":"Al Bar Sur,Sur,Oman","phones":"","fax":"","email":"","url":"","countryIso2":"OM","countryName":"Oman","hotelRating":"1","latitude":"22.574","longitude":"59.5142","state_id":null,"state_name":null,"country_id":null},{"active":false,"Giataid":"945434","cityId":null,"cityName":"Wahiba Sands","hotelId":20415302,"hotelName":"Desert Guest House","address":"Alrakha,Bidiyah,Al Mintirib,A'Sharqiyah Sands,Wahiba Sands,Oman","phones":"","fax":"","email":"","url":"","countryIso2":"OM","countryName":"Oman","hotelRating":"1","latitude":"22.3593","longitude":"58.7225","state_id":null,"state_name":null,"country_id":null},{"active":false,"Giataid":"949682","cityId":null,"cityName":"Bidiya","hotelId":20415303,"hotelName":"Bedyiah Green Homes","address":"23 Alwasil,421 Badiyah,Oman","phones":"","fax":"","email":"","url":"","countryIso2":"OM","countryName":"Oman","hotelRating":"1","latitude":"22.3902","longitude":"58.7716","state_id":null,"state_name":null,"country_id":null},{"active":false,"Giataid":"945746","cityId":null,"cityName":"Masirah","hotelId":20415308,"hotelName":"Kitecamp Masirah","address":"Next to The Village Sur Masirah,Masirah Island,Masirah,Oman","phones":"","fax":"","email":"","url":"","countryIso2":"OM","countryName":"Oman","hotelRating":"1","latitude":"20.6356","longitude":"58.8741","state_id":null,"state_name":null,"country_id":null},{"active":false,"Giataid":"945424","cityId":null,"cityName":"Wahiba Sands","hotelId":20415311,"hotelName":"Canvas Club Luxury Camping","address":"Wahiba Sands Desert,Bidiyah,A'Sharqiyah Sands,Wahiba Sands,Oman","phones":"","fax":"","email":"","url":"","countryIso2":"OM","countryName":"Oman","hotelRating":"1","latitude":"22.3593","longitude":"58.7225","state_id":null,"state_name":null,"country_id":null},{"active":false,"Giataid":"949804","cityId":null,"cityName":"Sur (Oman)","hotelId":20415315,"hotelName":"Alafeeh Corniche Hotel Apartments","address":"Neema Corniche,411 Sur,Oman","phones":"","fax":"","email":"","url":"","countryIso2":"OM","countryName":"Oman","hotelRating":"1","latitude":"22.5693","longitude":"59.5322","state_id":null,"state_name":null,"country_id":null},{"active":false,"Giataid":"945473","cityId":null,"cityName":"Barka","hotelId":20415316,"hotelName":"Creo Equestrian","address":"Unnamed Road,Barka,Oman","phones":"+96826893736","fax":"","email":"lynn@creoequestrian.com","url":"http://www.creoequestrian.com/creo/guest-houses.html","countryIso2":"OM","countryName":"Oman","hotelRating":"1","latitude":"23.7042","longitude":"57.7494","state_id":null,"state_name":null,"country_id":null}]