[{"active":false,"Giataid":"188121","cityId":null,"cityName":"Jos? Ignacio","hotelId":188121,"hotelName":"Estancia VIK Jose San Ignacio","address":"Camino Eugenio Saiz Martinez km 8,20402 Jos? Ignacio,Departamento Maldonado,Uruguay","phones":"+59894605212","fax":"","email":"info@estanciavik.com","url":"http://www.estanciavikjoseignacio.com/indexENG.php","countryIso2":"UY","countryName":"Uruguay","hotelRating":"5","latitude":"-34.8397","longitude":"-54.6427","state_id":null,"state_name":null,"country_id":null},{"active":false,"Giataid":"188121","cityId":null,"cityName":"Jos? Ignacio","hotelId":188121,"hotelName":"Estancia VIK Jose San Ignacio","address":"Camino Eugenio Saiz Martinez km 8,20402 Jos? Ignacio,Departamento Maldonado,Uruguay","phones":"+59894605212","fax":"","email":"info@estanciavik.com","url":"http://www.estanciavikjoseignacio.com/indexENG.php","countryIso2":"UY","countryName":"Uruguay","hotelRating":"5","latitude":"-34.8397","longitude":"-54.6427","state_id":null,"state_name":null,"country_id":null},{"active":false,"Giataid":"242894","cityId":null,"cityName":"Punta Ballena","hotelId":242894,"hotelName":"Club Hotel Casapueblo","address":"Camino a la Ballena (Ruta Panor?mica),20003 Punta Ballena - Punta del Este,Departamento de Maldonado (Sektor 1),Uruguay,Uruguay","phones":"+59842578611","fax":"","email":"","url":"","countryIso2":"UY","countryName":"Uruguay","hotelRating":"4","latitude":"-34.9088","longitude":"-55.045","state_id":null,"state_name":null,"country_id":null},{"active":false,"Giataid":"386235","cityId":null,"cityName":"Termas del Daym?n","hotelId":386235,"hotelName":"Los Naranjos Resort - Spa Termal","address":"Ruta Nacional 3 (General Jos? Gervasio Artigas) Kms 473.5 y 476.5,50018 Termas del Daym?n,Departmento Salto (Sektor 3),Uruguay,Uruguay","phones":"+59847369999","fax":"+59847369999","email":"reservas@losnaranjos.com.uy","url":"http://www.losnaranjos.com.uy","countryIso2":"UY","countryName":"Uruguay","hotelRating":"4","latitude":"-31.4657","longitude":"-57.91","state_id":null,"state_name":null,"country_id":null},{"active":false,"Giataid":"408742","cityId":null,"cityName":"Jos? Ignacio","hotelId":408742,"hotelName":"La Posada del Faro","address":"Calle de la Bahia esq. Timonel Faro,Jose Ignacio,Uruguay","phones":"+59844862110","fax":"+59844862111","email":"","url":"http://www.posadadelfaro.com/","countryIso2":"UY","countryName":"Uruguay","hotelRating":"3","latitude":"-34.8399","longitude":"-54.6418","state_id":null,"state_name":null,"country_id":null},{"active":false,"Giataid":"409045","cityId":null,"cityName":"Jos? Ignacio","hotelId":409045,"hotelName":"Bahia Vik","address":"Ruta 10 Kilometro 182,500,Jos? Ignacio,Maldonado,Uruguay","phones":"+59895444451","fax":"","email":"info@bahiavik.com","url":"http://vikretreats.com","countryIso2":"UY","countryName":"Uruguay","hotelRating":"4","latitude":"-34.8368","longitude":"-54.6481","state_id":null,"state_name":null,"country_id":null},{"active":false,"Giataid":"459617","cityId":null,"cityName":"Jos? Ignacio","hotelId":459617,"hotelName":"Posada Azul Marino","address":"Ruta 10 km 185,20402 Jose Ignacio,Uruguay","phones":"","fax":"","email":"","url":"","countryIso2":"UY","countryName":"Uruguay","hotelRating":"4","latitude":"-34.8248","longitude":"-54.6224","state_id":null,"state_name":null,"country_id":null},{"active":false,"Giataid":"477701","cityId":null,"cityName":"Termas del Daym?n","hotelId":477701,"hotelName":"Hotel Village Termas de Dayman","address":"Ruta 3 Km 478,50000 Termas del Daym?n,Paysandu,Uruguay","phones":"+59847369060","fax":"","email":"reservas@hotelvillage.com.uy","url":"http://www.hotelvillage.com.uy","countryIso2":"UY","countryName":"Uruguay","hotelRating":"3","latitude":"-31.4547","longitude":"-57.9083","state_id":null,"state_name":null,"country_id":null},{"active":false,"Giataid":"478011","cityId":null,"cityName":"Piri?polis","hotelId":478011,"hotelName":"Dunas Del Este","address":"11 y 12 Playa Punta Colorada, Piri?polis 20200,Uruguay","phones":"+59844326458","fax":"","email":"dunasdeleste@dunasdeleste.com","url":"http://www.dunasdeleste.com","countryIso2":"UY","countryName":"Uruguay","hotelRating":"3","latitude":"-34.9002","longitude":"-55.2534","state_id":null,"state_name":null,"country_id":null},{"active":false,"Giataid":"478737","cityId":null,"cityName":"Piri?polis","hotelId":478737,"hotelName":"Argentino Hotel Casino & Resort","address":"Rambla de los Argentinos,Piri?polis,Uruguay","phones":"+59844322791","fax":"","email":"reservas@argentinohotel.com","url":"http://www.argentinohotel.com/","countryIso2":"UY","countryName":"Uruguay","hotelRating":"3","latitude":"-34.8635","longitude":"-55.2793","state_id":null,"state_name":null,"country_id":null},{"active":false,"Giataid":"478988","cityId":null,"cityName":"Piri?polis","hotelId":478988,"hotelName":"Hotel La Cumbre","address":"Atanasio Sierra 893,20200 Piri?polis,Maldonado,Uruguay","phones":"+59899058269","fax":"","email":"","url":"http://www.lacumbrehotel.com/es-es/","countryIso2":"UY","countryName":"Uruguay","hotelRating":"2","latitude":"-34.8681","longitude":"-55.2741","state_id":null,"state_name":null,"country_id":null},{"active":false,"Giataid":"479005","cityId":null,"cityName":"Piri?polis","hotelId":479005,"hotelName":"Hotel Genoves","address":"Rambla de los Argentinos 1050,20200 Piri?polis,Maldonado,Uruguay","phones":"+59844322505","fax":"+59844325326","email":"info@hotelgenoves.com.uy","url":"http://www.hotelgenoves.com.uy/","countryIso2":"UY","countryName":"Uruguay","hotelRating":"3","latitude":"-34.8694","longitude":"-55.2746","state_id":null,"state_name":null,"country_id":null},{"active":false,"Giataid":"479141","cityId":null,"cityName":"Termas del Daym?n","hotelId":479141,"hotelName":"Hotel La Posta del Dayman","address":"Ruta 3 s/n,Avenida Paysand?,50000 Termas del Dayman,Salto,Uruguay","phones":"+59847369801","fax":"","email":"","url":"http://lapostadeldayman.com/","countryIso2":"UY","countryName":"Uruguay","hotelRating":"3","latitude":"-31.4585","longitude":"-57.9078","state_id":null,"state_name":null,"country_id":null},{"active":false,"Giataid":"479152","cityId":null,"cityName":"Piri?polis","hotelId":479152,"hotelName":"Hotel Rex","address":"Manuel Freire 968,entre Rambla y Tucum?n,20200 Piri?polis,Maldonado,Uruguay","phones":"+59844322543","fax":"+59844323604","email":"","url":"http://www.hotelrex.com.uy/","countryIso2":"UY","countryName":"Uruguay","hotelRating":"3","latitude":"-34.8655","longitude":"-55.2768","state_id":null,"state_name":null,"country_id":null},{"active":false,"Giataid":"479167","cityId":null,"cityName":"Termas del Daym?n","hotelId":479167,"hotelName":"Hotel Jardines De Dayman","address":"Avenida Acceso,50000 Termas del Daym?n,Uruguay","phones":"+59847369055","fax":"","email":"reservas@jardinesdedayman.com","url":"http://www.jardinesdedayman.com/","countryIso2":"UY","countryName":"Uruguay","hotelRating":"3","latitude":"-31.4574","longitude":"-57.9092","state_id":null,"state_name":null,"country_id":null},{"active":false,"Giataid":"479268","cityId":null,"cityName":"Piri?polis","hotelId":479268,"hotelName":"Hotel City Piriapolis","address":"Rambla de los Argentinos 1254,20200 Piri?polis,Maldonado,Uruguay","phones":"+59844322522","fax":"","email":"cityhotelpiriapolis@gmail.com","url":"http://www.cityhotelpiriapolis.com/","countryIso2":"UY","countryName":"Uruguay","hotelRating":"3","latitude":"-34.8654","longitude":"-55.2776","state_id":null,"state_name":null,"country_id":null},{"active":false,"Giataid":"479346","cityId":null,"cityName":"Atl?ntida","hotelId":479346,"hotelName":"Hotel Munday","address":"Calle 24 y 1,16000 Atlantida,Uruguay","phones":"+59843722300","fax":"","email":"info@hotelmunday.com.uy","url":"http://www.hotelmunday.com.uy/","countryIso2":"UY","countryName":"Uruguay","hotelRating":"3","latitude":"-34.7736","longitude":"-55.7641","state_id":null,"state_name":null,"country_id":null},{"active":false,"Giataid":"479397","cityId":null,"cityName":"Piri?polis","hotelId":479397,"hotelName":"Ocean Hotel","address":"Gregorio Sanabria 1009,20200 Piri?polis,Uruguay","phones":"+59844322554","fax":"+59844321384","email":"pirocean@adinet.com.uy","url":"http://www.oceanhotel-piriapolis.com/","countryIso2":"UY","countryName":"Uruguay","hotelRating":"3","latitude":"-34.8649","longitude":"-55.273","state_id":null,"state_name":null,"country_id":null},{"active":false,"Giataid":"479441","cityId":null,"cityName":"Santa Luc?a","hotelId":479441,"hotelName":"Hotel Oriental","address":"Battle y Ordo?ez 99,20700 Santa Lucia,Canelones,Uruguay","phones":"+59843346276","fax":"","email":"","url":"http://www.hotel-oriental.com/","countryIso2":"UY","countryName":"Uruguay","hotelRating":"2","latitude":"-34.4507","longitude":"-56.4005","state_id":null,"state_name":null,"country_id":null},{"active":false,"Giataid":"479497","cityId":null,"cityName":"Piri?polis","hotelId":479497,"hotelName":"Hotel Ricadi","address":"Pasaje Superior Piria entre Jun?n y Suipacha,20200 Piri?polis,Uruguay","phones":"+59844321832","fax":"","email":"reservas@hotelricadi.com","url":"http://www.hotelricadi.com/","countryIso2":"UY","countryName":"Uruguay","hotelRating":"3","latitude":"-34.8734","longitude":"-55.276","state_id":null,"state_name":null,"country_id":null},{"active":false,"Giataid":"480357","cityId":null,"cityName":"Atl?ntida","hotelId":480357,"hotelName":"Apartamentos Oyster","address":"Av. Circunvalaci?n y Calle 11,Atlantida 16000, Uruguay,Uruguay","phones":"+59843721576","fax":"+59843721576","email":"info@apartamentosoyster.com","url":"http://www.apartamentosoyster.com/","countryIso2":"UY","countryName":"Uruguay","hotelRating":"1","latitude":"-34.7712","longitude":"-55.765","state_id":null,"state_name":null,"country_id":null},{"active":false,"Giataid":"480439","cityId":null,"cityName":"Termas del Daym?n","hotelId":480439,"hotelName":"Hotel Termal Dayman","address":"Ruta 3 Gral Artigas, km 478, 50000 Termas del Daym?n,Uruguay","phones":"","fax":"","email":"","url":"","countryIso2":"UY","countryName":"Uruguay","hotelRating":"3","latitude":"-31.4525","longitude":"-57.9119","state_id":null,"state_name":null,"country_id":null},{"active":false,"Giataid":"480985","cityId":null,"cityName":"Piri?polis","hotelId":480985,"hotelName":"Hotel Lujan","address":"Sanabria 939,20200 Piriapolis,Uruguay","phones":"+59844322216","fax":"","email":"","url":"http://www.lujanhotel.com/","countryIso2":"UY","countryName":"Uruguay","hotelRating":"3","latitude":"-34.8672","longitude":"-55.2751","state_id":null,"state_name":null,"country_id":null},{"active":false,"Giataid":"481241","cityId":null,"cityName":"Punta del Diablo","hotelId":481241,"hotelName":"Nativos","address":"Av Santa Teresa s/n entre San Martin y Simon Bolivar.,27204 Punta del Diablo,Uruguay","phones":"+59899641394","fax":"","email":"","url":"http://www.nativos.com.uy/","countryIso2":"UY","countryName":"Uruguay","hotelRating":"1","latitude":"-34.0468","longitude":"-53.5435","state_id":null,"state_name":null,"country_id":null},{"active":false,"Giataid":"481364","cityId":null,"cityName":"Piri?polis","hotelId":481364,"hotelName":"Hosteria Miramar","address":"Rambla de los Argentinos 1082,20200 Piri?polis,Maldonado,Uruguay","phones":"+59844322544","fax":"","email":"info@hosteriamiramar.com","url":"http://www.hosteriamiramar.com/","countryIso2":"UY","countryName":"Uruguay","hotelRating":"3","latitude":"-34.869","longitude":"-55.2752","state_id":null,"state_name":null,"country_id":null},{"active":false,"Giataid":"481561","cityId":null,"cityName":"Piri?polis","hotelId":481561,"hotelName":"Hotel Marina Punta Colorada","address":"Rambla Costanera, ruta 10 y calle 1, Punta Colorada, Piri?polis,Uruguay","phones":"+59844322097","fax":"","email":"info@hotelmarinapuntacolorada.com","url":"http://www.hotelmarinapuntacolorada.com/","countryIso2":"UY","countryName":"Uruguay","hotelRating":"1","latitude":"-34.8928","longitude":"-55.2607","state_id":null,"state_name":null,"country_id":null},{"active":false,"Giataid":"482559","cityId":null,"cityName":"Jos? Pedro Varela","hotelId":482559,"hotelName":"Hotel Patron","address":"Podesta 674, Jose Pedro Varela, 33000,Uruguay","phones":"","fax":"","email":"","url":"","countryIso2":"UY","countryName":"Uruguay","hotelRating":"2","latitude":"-33.4547","longitude":"-54.536","state_id":null,"state_name":null,"country_id":null},{"active":false,"Giataid":"483060","cityId":null,"cityName":"Piri?polis","hotelId":483060,"hotelName":"Playa Grande","address":"Rambla de Los Argentinos s/n,20200 Piri?polis,Uruguay","phones":"","fax":"","email":"info@simplementeviajemos.com.ar","url":"http://www.hotelplayagrande.com.uy/","countryIso2":"UY","countryName":"Uruguay","hotelRating":"3","latitude":"-34.8531","longitude":"-55.2994","state_id":null,"state_name":null,"country_id":null},{"active":false,"Giataid":"483169","cityId":null,"cityName":"Piri?polis","hotelId":483169,"hotelName":"Hotel Timbo","address":"Sanabria 914,20200 Piriapolis,Maldonado,Uruguay","phones":"+59844329055","fax":"","email":"info@hoteltimbo.com.uy","url":"http://www.hoteltimbo.com.uy","countryIso2":"UY","countryName":"Uruguay","hotelRating":"3","latitude":"-34.8676","longitude":"-55.2755","state_id":null,"state_name":null,"country_id":null},{"active":false,"Giataid":"485428","cityId":null,"cityName":"Atl?ntida","hotelId":485428,"hotelName":"Hotel Rex de Atlantida","address":"Rambla Tomas Berreta esquina Calle1,16000 Atl?ntida,Uruguay","phones":"","fax":"","email":"","url":"","countryIso2":"UY","countryName":"Uruguay","hotelRating":"1","latitude":"-34.7803","longitude":"-55.7594","state_id":null,"state_name":null,"country_id":null},{"active":false,"Giataid":"485765","cityId":null,"cityName":"Piri?polis","hotelId":485765,"hotelName":"Gran Colonial Riviera","address":"Piria 790,20200 Piriapolis,Uruguay","phones":"","fax":"","email":"","url":"","countryIso2":"UY","countryName":"Uruguay","hotelRating":"3","latitude":"-34.8715","longitude":"-55.2749","state_id":null,"state_name":null,"country_id":null},{"active":false,"Giataid":"486104","cityId":null,"cityName":"Piri?polis","hotelId":486104,"hotelName":"Hotel Escorial","address":"Rambla de los Argentinos 1290,entre Freire y Armenia,20200 Piri?polis,Maldonado,Uruguay","phones":"+59844322537","fax":"","email":"","url":"http://hotelescorial.com.uy/piriapolis.php","countryIso2":"UY","countryName":"Uruguay","hotelRating":"3","latitude":"-34.865","longitude":"-55.278","state_id":null,"state_name":null,"country_id":null},{"active":false,"Giataid":"486212","cityId":null,"cityName":"Piri?polis","hotelId":486212,"hotelName":"Hotel Rivadavia","address":"Rambla de los Argentinos 1208,20200 Piri?polis,Uruguay","phones":"","fax":"","email":"","url":"","countryIso2":"UY","countryName":"Uruguay","hotelRating":"2","latitude":"-34.8665","longitude":"-55.2766","state_id":null,"state_name":null,"country_id":null},{"active":false,"Giataid":"486385","cityId":null,"cityName":"Piri?polis","hotelId":486385,"hotelName":"Hotel Palace Piriapolis","address":"Sanabria 990,Entre Tucum?n y Ayacucho,20200 Piri?polis,Uruguay","phones":"","fax":"","email":"","url":"","countryIso2":"UY","countryName":"Uruguay","hotelRating":"3","latitude":"-34.8666","longitude":"-55.2742","state_id":null,"state_name":null,"country_id":null},{"active":false,"Giataid":"486474","cityId":null,"cityName":"Atl?ntida","hotelId":486474,"hotelName":"Hotel Paraty","address":"Juan Caruso Esquina Diagonal Peru,Atl?ntida,San Luis,Uruguay","phones":"","fax":"","email":"","url":"","countryIso2":"UY","countryName":"Uruguay","hotelRating":"1","latitude":"-34.7719","longitude":"-55.5939","state_id":null,"state_name":null,"country_id":null},{"active":false,"Giataid":"486502","cityId":null,"cityName":"Playa Br?topolis","hotelId":486502,"hotelName":"Posada de Britopolis","address":"Playa Fomento,km 118 de la Ruta 1,Playa Br?topolis,near Nueva Helvecia,Uruguay","phones":"+59845872221","fax":"","email":"info@britopolis.com","url":"http://www.britopolis.com/","countryIso2":"UY","countryName":"Uruguay","hotelRating":"1","latitude":"-34.4341","longitude":"-57.2716","state_id":null,"state_name":null,"country_id":null},{"active":false,"Giataid":"486520","cityId":null,"cityName":"Piri?polis","hotelId":486520,"hotelName":"Hotel Mar y Arte","address":"Gregorio Sanabria 1051,esquina Defensa,20200 Piri?polis,Uruguay","phones":"+59844327455","fax":"","email":"contacto@maryarte.com.uy","url":"http://www.maryarte.com.uy/","countryIso2":"UY","countryName":"Uruguay","hotelRating":"3","latitude":"-34.8674","longitude":"-55.2753","state_id":null,"state_name":null,"country_id":null},{"active":false,"Giataid":"486527","cityId":null,"cityName":"Piri?polis","hotelId":486527,"hotelName":"American Hotel Piriapolis Uruguay","address":"Sanabria 1003,Piri?polis,Uruguay","phones":"+59844322578","fax":"","email":"","url":"http://americanhotelpiriapolis.amawebs.com/","countryIso2":"UY","countryName":"Uruguay","hotelRating":"2","latitude":"-34.8675","longitude":"-55.2753","state_id":null,"state_name":null,"country_id":null},{"active":false,"Giataid":"486532","cityId":null,"cityName":"Termas del Daym?n","hotelId":486532,"hotelName":"Casa de Piedra","address":"Ruta 3 km 479,50000 Termas Del Dayman,Uruguay","phones":"+59847369866","fax":"","email":"casadepiedra01@gmail.com","url":"http://www.casadepiedra.com.uy/","countryIso2":"UY","countryName":"Uruguay","hotelRating":"1","latitude":"-31.4545","longitude":"-57.9077","state_id":null,"state_name":null,"country_id":null},{"active":false,"Giataid":"486825","cityId":null,"cityName":"San Gregorio de Polanco","hotelId":486825,"hotelName":"Bali Hotel Boutique","address":"jose pedro varela 184, San Gregorio de Polanco,  45200, Tacuarembo,Uruguay","phones":"+59843694041","fax":"","email":"balihotelboutique@gmail.com","url":"http://www.balihotelboutique.com","countryIso2":"UY","countryName":"Uruguay","hotelRating":"1","latitude":"-32.6141","longitude":"-55.833","state_id":null,"state_name":null,"country_id":null},{"active":false,"Giataid":"486850","cityId":null,"cityName":"Aguas Dulces","hotelId":486850,"hotelName":"Hotel Brisas del Mar","address":"cachimba y faroles 738,27202 Aguas Dulces,Uruguay","phones":"","fax":"","email":"","url":"","countryIso2":"UY","countryName":"Uruguay","hotelRating":"1","latitude":"-34.2777","longitude":"-53.7802","state_id":null,"state_name":null,"country_id":null},{"active":false,"Giataid":"486866","cityId":null,"cityName":"Villa Serrana","hotelId":486866,"hotelName":"Meson de las Canas","address":"Avenida Bernasconi,Minas,Villa Serrana,Departamento Lavalleja,Uruguay","phones":"+59896602263","fax":"","email":"info@elmeson.com.uy","url":"http://www.elmeson.com.uy/","countryIso2":"UY","countryName":"Uruguay","hotelRating":"1","latitude":"-34.3232","longitude":"-54.9912","state_id":null,"state_name":null,"country_id":null},{"active":false,"Giataid":"486869","cityId":null,"cityName":"Tacuaremb?","hotelId":486869,"hotelName":"Hotel Boutique Del Fraile","address":"Luis Batlle Berres 243,esquina General Flores,Tacuaremb?,Uruguay","phones":"+59846344444","fax":"","email":"reservas@hoteldelfraile.com","url":"http://www.hoteldelfraile.com/","countryIso2":"UY","countryName":"Uruguay","hotelRating":"1","latitude":"-31.7113","longitude":"-55.9768","state_id":null,"state_name":null,"country_id":null},{"active":false,"Giataid":"497170","cityId":null,"cityName":"Punta del Diablo","hotelId":497170,"hotelName":"El Diablo Y El Mar","address":"San Francisco,Pdte. Roosvelt,27204 Punta Del Diablo,Rocha,Uruguay","phones":"+59844772558","fax":"","email":"","url":"http://www.posadaeldiabloyelmar.com.uy","countryIso2":"UY","countryName":"Uruguay","hotelRating":"2","latitude":"-34.0459","longitude":"-53.5514","state_id":null,"state_name":null,"country_id":null},{"active":false,"Giataid":"503221","cityId":null,"cityName":"Punta del Diablo","hotelId":503221,"hotelName":"Posada Lune De Miel","address":"Avenida Central,Entre Calles 20 y 22,27204 Punta Del Diablo,Rocha,Uruguay","phones":"+59899219177","fax":"","email":"info@posadalunedemiel.com","url":"http://www.posadalunedemiel.com","countryIso2":"UY","countryName":"Uruguay","hotelRating":"2","latitude":"-34.0376","longitude":"-53.5466","state_id":null,"state_name":null,"country_id":null},{"active":false,"Giataid":"503238","cityId":null,"cityName":"Jos? Ignacio","hotelId":503238,"hotelName":"Posada Paradiso","address":"Calle Picaflores esquina Biguas,Jose Ignacio,Maldonado,Uruguay","phones":"+59844862112","fax":"","email":"posadaparadiso@gmail.com","url":"http://posadaparadiso.com/joseignacio/contacto-2015/","countryIso2":"UY","countryName":"Uruguay","hotelRating":"2","latitude":"-34.8426","longitude":"-54.6391","state_id":null,"state_name":null,"country_id":null},{"active":false,"Giataid":"477658","cityId":null,"cityName":"Piri?polis","hotelId":503638,"hotelName":"San Remo Terrazas Hotel","address":"Pasaje Superior de la Avenida Francisco Piria,20200 Piriapolis,Maldonado,Uruguay","phones":"+59844320468","fax":"","email":"piriapolis@sanremohoteles.com","url":"http://www.sanremohoteles.com/piriapolis/es","countryIso2":"UY","countryName":"Uruguay","hotelRating":"2","latitude":"-34.8778","longitude":"-55.2786","state_id":null,"state_name":null,"country_id":null},{"active":false,"Giataid":"503875","cityId":null,"cityName":"Termas del Daym?n","hotelId":503875,"hotelName":"Hotel Del Pasaje","address":"Ruta 3 km 476.5,Pasaje Comercial,50000 Termas del Dayman,Uruguay","phones":"+59847369661","fax":"","email":"hoteldelpasaje@gmail.com","url":"http://www.hoteldelpasaje.com.uy/","countryIso2":"UY","countryName":"Uruguay","hotelRating":"1","latitude":"-31.455","longitude":"-57.9086","state_id":null,"state_name":null,"country_id":null},{"active":false,"Giataid":"508137","cityId":null,"cityName":"Termas del Daym?n","hotelId":508137,"hotelName":"Dayman Apart Hotel","address":"Ruta 3, Km 478.5,50000 Termas del Dayman,Uruguay","phones":"","fax":"","email":"","url":"","countryIso2":"UY","countryName":"Uruguay","hotelRating":"2","latitude":"-31.4495","longitude":"-57.9139","state_id":null,"state_name":null,"country_id":null},{"active":false,"Giataid":"514896","cityId":null,"cityName":"Atl?ntida","hotelId":514896,"hotelName":"Paradise Spa & Complejo Turistico","address":"Rambla De Playa Mansa Entre Brasil y Paraguay,16000 Atl?ntida,Uruguay","phones":"+59843721573","fax":"","email":"paradise@adinet.com.uy","url":"http://www.paradise.com.uy","countryIso2":"UY","countryName":"Uruguay","hotelRating":"3","latitude":"-34.7775","longitude":"-55.7612","state_id":null,"state_name":null,"country_id":null},{"active":false,"Giataid":"515099","cityId":null,"cityName":"Piri?polis","hotelId":515099,"hotelName":"Complejo Laderas Del Cerro","address":"Las Piedras,Zolezzi,20200 Piri?polis,Maldonado,Uruguay","phones":"+59844322531","fax":"","email":"complejoladerasdelcerro@hotmail.com","url":"http://www.complejoladerasdelcerro.com","countryIso2":"UY","countryName":"Uruguay","hotelRating":"1","latitude":"-34.8641","longitude":"-55.2664","state_id":null,"state_name":null,"country_id":null},{"active":false,"Giataid":"516848","cityId":null,"cityName":"Punta del Diablo","hotelId":516848,"hotelName":"Pueblo Rivero Punta del Diablo","address":"Calle N? 7 Zona del Rivero,27204 Punta del Diablo,Departamento Rocha,Uruguay,Uruguay","phones":"","fax":"","email":"info@pueblorivero.com","url":"http://www.pueblorivero.com","countryIso2":"UY","countryName":"Uruguay","hotelRating":"1","latitude":"-34.0404","longitude":"-53.5437","state_id":null,"state_name":null,"country_id":null},{"active":false,"Giataid":"516989","cityId":null,"cityName":"Punta del Diablo","hotelId":516989,"hotelName":"Hostel La Casa de las Boyas","address":"Calle 5 esq.,Playa del Rivero,27204 Punta del Diablo,Uruguay","phones":"+59844772074","fax":"","email":"","url":"http://lacasadelasboyas.com.uy/","countryIso2":"UY","countryName":"Uruguay","hotelRating":"2","latitude":"-34.0396","longitude":"-53.5407","state_id":null,"state_name":null,"country_id":null},{"active":false,"Giataid":"518673","cityId":null,"cityName":"Aguas Dulces","hotelId":518673,"hotelName":"Terrazas de Aguas Dulces","address":"Calle De Los Piratas s/n,27200 Aguas Dulces,Uruguay","phones":"+59899873252","fax":"","email":"","url":"http://www.terrazasdeaguasdulces.net/","countryIso2":"UY","countryName":"Uruguay","hotelRating":"1","latitude":"-34.2768","longitude":"-53.7811","state_id":null,"state_name":null,"country_id":null},{"active":false,"Giataid":"518892","cityId":null,"cityName":"Jos? Ignacio","hotelId":518892,"hotelName":"Lola Beach","address":"","phones":"","fax":"","email":"","url":"","countryIso2":"UY","countryName":"Uruguay","hotelRating":"1","latitude":"-34.8312","longitude":"-54.6352","state_id":null,"state_name":null,"country_id":null},{"active":false,"Giataid":"526827","cityId":null,"cityName":"Aguas Dulces","hotelId":526827,"hotelName":"Complejo Arinos","address":"Cachimba y Faroles A315,27202 Aguas Dulces,Rocha,Uruguay","phones":"+59844752161","fax":"","email":"","url":"http://www.complejoarinos.com/","countryIso2":"UY","countryName":"Uruguay","hotelRating":"2","latitude":"-34.2777","longitude":"-53.7802","state_id":null,"state_name":null,"country_id":null},{"active":false,"Giataid":"526984","cityId":null,"cityName":"Punta del Diablo","hotelId":526984,"hotelName":"Aquarella Hotel Resort","address":"Rambla Costanera 12,27204 Punta del Diablo,Uruguay","phones":"","fax":"","email":"aquarella.puntadeldiablo@gmail.com","url":"http://www.hotelaquarella.com","countryIso2":"UY","countryName":"Uruguay","hotelRating":"3","latitude":"-34.0398","longitude":"-53.5417","state_id":null,"state_name":null,"country_id":null},{"active":false,"Giataid":"537282","cityId":null,"cityName":"Termas del Daym?n","hotelId":537282,"hotelName":"Solanas Termas Del Dayman","address":"Avda. Los Molles s/n,Termas del Dayman,Salto,Uruguay","phones":"+59827113800","fax":"","email":"consultas@solanasvacation.com.ar","url":"http://www.solanasvacation.com.ar/solanas-vacation-termas-de-dayman.php","countryIso2":"UY","countryName":"Uruguay","hotelRating":"4","latitude":"-31.4465","longitude":"-57.9111","state_id":null,"state_name":null,"country_id":null},{"active":false,"Giataid":"537803","cityId":null,"cityName":"Piri?polis","hotelId":537803,"hotelName":"Bakari Hotel Boutique","address":"Rambla de los Argentinos 994,esquina Piria,11100 Piri?polis,Uruguay,Maldonado,Uruguay","phones":"+59844381112","fax":"","email":"reservas@hotelbakari.com","url":"http://www.hotelbakari.com","countryIso2":"UY","countryName":"Uruguay","hotelRating":"3","latitude":"-34.8702","longitude":"-55.2747","state_id":null,"state_name":null,"country_id":null},{"active":false,"Giataid":"537923","cityId":null,"cityName":"Jos? Ignacio","hotelId":537923,"hotelName":"Hotel Casa Chic - Jose Ignacio-Beach Houses","address":"Los Teros y Las Calandrias,Faro de Jos? Ignacio,Uruguay,Maldonado,Uruguay","phones":"+59844862068","fax":"","email":"Joseignacio@casa-chic.com","url":"http://casa-chic.com/","countryIso2":"UY","countryName":"Uruguay","hotelRating":"4","latitude":"-34.8456","longitude":"-54.6347","state_id":null,"state_name":null,"country_id":null},{"active":false,"Giataid":"537980","cityId":null,"cityName":"Jos? Ignacio","hotelId":537980,"hotelName":"Playa Vik Jose Ignacio","address":"Calle de Los Cisnes s/n,y Calle Los Horneros,Jos? Ignacio,Punta del Este,Uruguay,Uruguay","phones":"+5985491131898206","fax":"","email":"reservations@vikretreats.com","url":"http://playavik.com/","countryIso2":"UY","countryName":"Uruguay","hotelRating":"4","latitude":"-34.8419","longitude":"-54.6406","state_id":null,"state_name":null,"country_id":null},{"active":false,"Giataid":"537990","cityId":null,"cityName":"Jos? Ignacio","hotelId":537990,"hotelName":"Anastasio Playa Hotel & Beach Club","address":"Calle 3 s/n,Km 182, Ruta 10,Village del Faro,20402 Jos? Ignacio,Uruguay,Maldonado,Uruguay","phones":"+59844862277","fax":"","email":"reservas@anastasioplaya.com","url":"http://www.anastasioplaya.com","countryIso2":"UY","countryName":"Uruguay","hotelRating":"3","latitude":"-34.8362","longitude":"-54.634","state_id":null,"state_name":null,"country_id":null},{"active":false,"Giataid":"552873","cityId":null,"cityName":"Punta del Diablo","hotelId":552873,"hotelName":"Posada La Viuda del Diablo","address":"Playa de la Viuda,Punta del Este,Uruguay","phones":"+59899681138","fax":"","email":"info@hotelesdelaviuda.com","url":"http://www.hotelesdelaviuda.com/index.php/del-diablo","countryIso2":"UY","countryName":"Uruguay","hotelRating":"4","latitude":"-34.0507","longitude":"-53.5472","state_id":null,"state_name":null,"country_id":null},{"active":false,"Giataid":"611370","cityId":null,"cityName":"Termas del Daym?n","hotelId":611370,"hotelName":"Guarani Termal","address":"Rambla de Circunvalacion y Jacaranda,50000 Termas del Dayman,Uruguay","phones":"+59847369231","fax":"","email":"","url":"http://www.guaranitermal.com/","countryIso2":"UY","countryName":"Uruguay","hotelRating":"1","latitude":"-31.457","longitude":"-57.9056","state_id":null,"state_name":null,"country_id":null},{"active":false,"Giataid":"612382","cityId":null,"cityName":"Termas del Daym?n","hotelId":612382,"hotelName":"Brisas del Rio","address":"Avenida Paysandu,50000 Termas del Dayman,Uruguay","phones":"+59847369300","fax":"","email":"reservas@brisasdelrio.uy","url":"http://brisasdelrio.uy","countryIso2":"UY","countryName":"Uruguay","hotelRating":"1","latitude":"-31.4572","longitude":"-57.9085","state_id":null,"state_name":null,"country_id":null},{"active":false,"Giataid":"612552","cityId":null,"cityName":"Punta del Diablo","hotelId":612552,"hotelName":"Hostel de la Viuda","address":"San Luis Y Nueva Granada,27204 Punta Del Diablo,Uruguay","phones":"","fax":"","email":"","url":"","countryIso2":"UY","countryName":"Uruguay","hotelRating":"1","latitude":"-34.0467","longitude":"-53.5532","state_id":null,"state_name":null,"country_id":null},{"active":false,"Giataid":"612614","cityId":null,"cityName":"Punta del Diablo","hotelId":612614,"hotelName":"Los Pecados de la Viuda","address":"Calle Nelson y San Sebastian,27204 Punta del Diablo,Rocha,Uruguay","phones":"+59844772690","fax":"","email":"","url":"http://lospecadosdelaviuda.uy","countryIso2":"UY","countryName":"Uruguay","hotelRating":"1","latitude":"-34.0531","longitude":"-53.5553","state_id":null,"state_name":null,"country_id":null},{"active":false,"Giataid":"616756","cityId":null,"cityName":"Jos? Ignacio","hotelId":616756,"hotelName":"Posada Arenas de Jose Ignacio","address":"Calle La Farola,A 150m de Ruta 10 km 185,20402 Jose Ignacio,Maldonado,Uruguay","phones":"+59844862943","fax":"","email":"info@posadarenasdejoseignacio.com.uy","url":"http://www.posadarenasdejoseignacio.com.uy","countryIso2":"UY","countryName":"Uruguay","hotelRating":"4","latitude":"-34.8246","longitude":"-54.6248","state_id":null,"state_name":null,"country_id":null},{"active":false,"Giataid":"616764","cityId":null,"cityName":"La Coronilla","hotelId":616764,"hotelName":"Hotel Parque Oceanico","address":"Ruta 9 km 312.5,27201 La Coronilla,Uruguay","phones":"+59898045140","fax":"","email":"","url":"","countryIso2":"UY","countryName":"Uruguay","hotelRating":"4","latitude":"-33.9095","longitude":"-53.5268","state_id":null,"state_name":null,"country_id":null},{"active":false,"Giataid":"631650","cityId":null,"cityName":"Atl?ntida","hotelId":631650,"hotelName":"Hotel Centenario","address":"Calle 11 y 24,16000 Atl?ntida,Uruguay","phones":"+59843722451","fax":"","email":"","url":"","countryIso2":"UY","countryName":"Uruguay","hotelRating":"3","latitude":"-34.7725","longitude":"-55.7633","state_id":null,"state_name":null,"country_id":null},{"active":false,"Giataid":"632752","cityId":null,"cityName":"Punta del Diablo","hotelId":632752,"hotelName":"Ancora","address":"Calle 9,Between 8 And 10,27204 Punta Del Diablo,Rocha,Uruguay","phones":"+59898479636","fax":"","email":"ancorapdd@gmail.com","url":"http://www.apartahotelancora.com/","countryIso2":"UY","countryName":"Uruguay","hotelRating":"1","latitude":"-34.0427","longitude":"-53.5414","state_id":null,"state_name":null,"country_id":null},{"active":false,"Giataid":"632756","cityId":null,"cityName":"San Gregorio de Polanco","hotelId":632756,"hotelName":"Hotel Buena Vista","address":"De Las Pitangueras 12,45200 San Gregorio de Polanco,Uruguay","phones":"+59850624428595","fax":"","email":"info@hotelbuenavistacr.com","url":"http://hotelbuenavistacr.com","countryIso2":"UY","countryName":"Uruguay","hotelRating":"1","latitude":"-32.6172","longitude":"-55.8441","state_id":null,"state_name":null,"country_id":null},{"active":false,"Giataid":"632768","cityId":null,"cityName":"Termas del Daym?n","hotelId":632768,"hotelName":"Casablanca Xcaret Apart Hotel","address":"Timbo Sn,50000 Termas del Daym?n,Uruguay","phones":"+59847369325","fax":"","email":"casablancaxcaret@adinet.com.uy","url":"http://www.casablanca-xcaret.com.uy/","countryIso2":"UY","countryName":"Uruguay","hotelRating":"3","latitude":"-31.4578","longitude":"-57.9068","state_id":null,"state_name":null,"country_id":null},{"active":false,"Giataid":"632776","cityId":null,"cityName":"Termas del Daym?n","hotelId":632776,"hotelName":"Apart Hotel Geminis","address":"Timb? S/N,50000 Termas del Daym?n,Uruguay","phones":"+59847369108","fax":"+59847369816","email":"","url":"http://www.geminishotel.com/","countryIso2":"UY","countryName":"Uruguay","hotelRating":"1","latitude":"-31.4579","longitude":"-57.9069","state_id":null,"state_name":null,"country_id":null},{"active":false,"Giataid":"632787","cityId":null,"cityName":"Punta del Diablo","hotelId":632787,"hotelName":"Hotel Unique","address":"Belgrano esquina Punta del Diablo,27200 Punta Del Diablo,Uruguay","phones":"","fax":"","email":"","url":"","countryIso2":"UY","countryName":"Uruguay","hotelRating":"1","latitude":"-34.0413","longitude":"-53.5443","state_id":null,"state_name":null,"country_id":null},{"active":false,"Giataid":"632791","cityId":null,"cityName":"Cabo Polonio","hotelId":632791,"hotelName":"Olga Veigas y Otros","address":"Calle de Las Posadas S/N,11000 Cabo Polonio,Rocha,Uruguay","phones":"","fax":"","email":"","url":"","countryIso2":"UY","countryName":"Uruguay","hotelRating":"1","latitude":"-34.4027","longitude":"-53.7795","state_id":null,"state_name":null,"country_id":null},{"active":false,"Giataid":"632793","cityId":null,"cityName":"Cuchilla Alta","hotelId":632793,"hotelName":"Hotel Campo","address":"","phones":"","fax":"","email":"","url":"","countryIso2":"UY","countryName":"Uruguay","hotelRating":"1","latitude":"-34.7975","longitude":"-55.496","state_id":null,"state_name":null,"country_id":null},{"active":false,"Giataid":"632815","cityId":null,"cityName":"Sol?s","hotelId":632815,"hotelName":"Hotel Alcion","address":"Avenida Barreira y Rambla,Balneario Solis,Depto Maldonado,Uruguay","phones":"+59844380027","fax":"","email":"","url":"http://alcion.com.uy/","countryIso2":"UY","countryName":"Uruguay","hotelRating":"1","latitude":"-34.7938","longitude":"-55.3859","state_id":null,"state_name":null,"country_id":null},{"active":false,"Giataid":"639372","cityId":null,"cityName":"Termas del Daym?n","hotelId":639372,"hotelName":"Apart Hotel Aguasol","address":"Avenida Paysand? esquina Rambla de Circunvalaci?n,50000 Termas del Daym?n,Salto,Uruguay","phones":"+59847369155","fax":"+59847369145","email":"info@aguasol.com.uy","url":"http://www.aguasol.com.uy/","countryIso2":"UY","countryName":"Uruguay","hotelRating":"1","latitude":"-31.4584","longitude":"-57.9067","state_id":null,"state_name":null,"country_id":null},{"active":false,"Giataid":"653903","cityId":null,"cityName":"Chuy","hotelId":653903,"hotelName":"Etnico Hostel","address":"Laguna Negra 299,29100 Chuy,Uruguay","phones":"","fax":"","email":"","url":"","countryIso2":"UY","countryName":"Uruguay","hotelRating":"1","latitude":"-33.6949","longitude":"-53.4533","state_id":null,"state_name":null,"country_id":null},{"active":false,"Giataid":"653907","cityId":null,"cityName":"Atl?ntida","hotelId":653907,"hotelName":"Fortin de Santa Rosa","address":"Avenida Santa Rosa de Lima,Balneario Santa Rosa KM 41700,Atlantida 16000,Uruguay","phones":"+59843765012","fax":"","email":"hola@fortindesantarosa.com.uy","url":"http://www.fortindesantarosa.com.uy/","countryIso2":"UY","countryName":"Uruguay","hotelRating":"1","latitude":"-34.7729","longitude":"-55.8049","state_id":null,"state_name":null,"country_id":null},{"active":false,"Giataid":"653909","cityId":null,"cityName":"Piri?polis","hotelId":653909,"hotelName":"Hotel Puerto del Ingles","address":"Zabala,esquina C Rojas,20200 Piri?polis,Uruguay","phones":"","fax":"","email":"","url":"","countryIso2":"UY","countryName":"Uruguay","hotelRating":"1","latitude":"-34.8612","longitude":"-55.2805","state_id":null,"state_name":null,"country_id":null},{"active":false,"Giataid":"653904","cityId":null,"cityName":"Jos? Ignacio","hotelId":653904,"hotelName":"Jenous Hostel","address":"Jaime Acosta,Ruta 10 km 181,20040 Jos? Ignacio,Uruguay","phones":"+59844862275","fax":"","email":"jaicojuanitas@gmail.com","url":"http://www.jenoushostel.com/","countryIso2":"UY","countryName":"Uruguay","hotelRating":"1","latitude":"-34.8367","longitude":"-54.6654","state_id":null,"state_name":null,"country_id":null},{"active":false,"Giataid":"653905","cityId":null,"cityName":"Punta del Diablo","hotelId":653905,"hotelName":"Unplugged Hostel Punta Del Diablo","address":"Calle 9,Esq 10,27204 Punta Del Diablo,Uruguay","phones":"","fax":"","email":"","url":"","countryIso2":"UY","countryName":"Uruguay","hotelRating":"1","latitude":"-34.0413","longitude":"-53.5443","state_id":null,"state_name":null,"country_id":null},{"active":false,"Giataid":"653911","cityId":null,"cityName":"Atl?ntida","hotelId":653911,"hotelName":"Apart Tupungato","address":"Guayabo y Ciruelo de Japon,16000 Atl?ntida,Uruguay","phones":"","fax":"","email":"","url":"","countryIso2":"UY","countryName":"Uruguay","hotelRating":"1","latitude":"-34.771","longitude":"-55.7682","state_id":null,"state_name":null,"country_id":null},{"active":false,"Giataid":"656637","cityId":null,"cityName":"Termas del Daym?n","hotelId":656637,"hotelName":"Apart Hotel Los Azahares","address":"Calle 2 y Ruta 3 km 477.5,Termas del Dayman 12600,Uruguay","phones":"","fax":"","email":"","url":"","countryIso2":"UY","countryName":"Uruguay","hotelRating":"1","latitude":"-31.4546","longitude":"-57.9065","state_id":null,"state_name":null,"country_id":null},{"active":false,"Giataid":"656648","cityId":null,"cityName":"Punta del Diablo","hotelId":656648,"hotelName":"El Diablo Tranquilo","address":"Avenida Central s/n,Punta del Diablo 27204,Rocha,Uruguay","phones":"+59844772647","fax":"","email":"staff@eldiablotranquilo.com","url":"http://www.eldiablotranquilo.com","countryIso2":"UY","countryName":"Uruguay","hotelRating":"1","latitude":"-34.0402","longitude":"-53.5423","state_id":null,"state_name":null,"country_id":null},{"active":false,"Giataid":"656689","cityId":null,"cityName":"Punta del Diablo","hotelId":656689,"hotelName":"Posada Rocamar","address":"Calle 5 3302,Punta Del Diablo,Uruguay","phones":"","fax":"","email":"","url":"","countryIso2":"UY","countryName":"Uruguay","hotelRating":"1","latitude":"-34.038","longitude":"-53.5441","state_id":null,"state_name":null,"country_id":null},{"active":false,"Giataid":"656693","cityId":null,"cityName":"Jaureguiberry","hotelId":656693,"hotelName":"Casa Picaflor","address":"Ruta Interbalnearia km 77.5,Entrada Para?so Suizo,16404 Jaureguiberry,Uruguay","phones":"","fax":"","email":"","url":"http://www.casa-picaflor.com/index.php/en/casa-picaflor-for-sale","countryIso2":"UY","countryName":"Uruguay","hotelRating":"1","latitude":"-34.7888","longitude":"-55.4304","state_id":null,"state_name":null,"country_id":null},{"active":false,"Giataid":"656708","cityId":null,"cityName":"Punta del Diablo","hotelId":656708,"hotelName":"Pueblo Arriba Hostel","address":"Calle 9 y 20 Angostura,Punta Del Diablo 27204,Uruguay","phones":"+59844772279","fax":"","email":"info@puebloarriba.com","url":"http://www.puebloarribahostel.com","countryIso2":"UY","countryName":"Uruguay","hotelRating":"1","latitude":"-34.0392","longitude":"-53.5467","state_id":null,"state_name":null,"country_id":null},{"active":false,"Giataid":"657741","cityId":null,"cityName":"Santa Ana (Colonia)","hotelId":657741,"hotelName":"Hosteria Don Guillermo","address":"Rambla del medio ambiente y Albizias,Balneario Santa Ana,Departamento Colonia,Uruguay","phones":"+59845882029","fax":"","email":"reservas@hosteriadonguillermo.com","url":"http://www.hosteriadonguillermo.com/","countryIso2":"UY","countryName":"Uruguay","hotelRating":"1","latitude":"-34.4242","longitude":"-57.5937","state_id":null,"state_name":null,"country_id":null},{"active":false,"Giataid":"689137","cityId":null,"cityName":"Punta del Diablo","hotelId":689137,"hotelName":"Hosteria Del Pescador","address":"Boulevard Santa Teresa,Parada 5,Route 9,Km 298,27204 Punta Del Diablo,Rocha,Uruguay","phones":"","fax":"","email":"","url":"","countryIso2":"UY","countryName":"Uruguay","hotelRating":"1","latitude":"-34.0358","longitude":"-53.5649","state_id":null,"state_name":null,"country_id":null},{"active":false,"Giataid":"689486","cityId":null,"cityName":"Cabo Polonio","hotelId":689486,"hotelName":"Lobo Hostel Bar","address":"Calle principal,Camino Posadas,27202 Cabo Polonio,Departamento Rocha,Uruguay","phones":"+59891330142","fax":"","email":"lobo@lobohostelbar.com","url":"http://lobohostelbar.com/","countryIso2":"UY","countryName":"Uruguay","hotelRating":"1","latitude":"-34.4026","longitude":"-53.7823","state_id":null,"state_name":null,"country_id":null},{"active":false,"Giataid":"689490","cityId":null,"cityName":"Punta del Diablo","hotelId":689490,"hotelName":"Marisma Hotel Apart & Suites","address":"Calle General San Mart?n y Roosvelt,27204 Punta Del Diablo,Rocha,Uruguay","phones":"+59895644041","fax":"","email":"mercedes@puntadeldiablo.com","url":"http://www.hotelmarisma.com","countryIso2":"UY","countryName":"Uruguay","hotelRating":"1","latitude":"-34.049","longitude":"-53.5438","state_id":null,"state_name":null,"country_id":null},{"active":false,"Giataid":"693712","cityId":null,"cityName":"Jos? Ignacio","hotelId":693712,"hotelName":"Laguna Garzon Lodge","address":"Route 10,Km 190.5,Laguna Garzon,Rocha,Jos? Ignacio,Maldonado,Uruguay","phones":"+59844806016","fax":"","email":"info@lagunagarzon.com.uy","url":"http://lagunagarzon.com.uy/","countryIso2":"UY","countryName":"Uruguay","hotelRating":"1","latitude":"-34.8014","longitude":"-54.5687","state_id":null,"state_name":null,"country_id":null},{"active":false,"Giataid":"722761","cityId":null,"cityName":"Jos? Ignacio","hotelId":722761,"hotelName":"BDL - beach design loft","address":"Ruta 10,entre Avenue Argentina y Calle 11,Jos? Ignacio,Uruguay","phones":"","fax":"","email":"","url":"","countryIso2":"UY","countryName":"Uruguay","hotelRating":"1","latitude":"-34.8312","longitude":"-54.6352","state_id":null,"state_name":null,"country_id":null},{"active":false,"Giataid":"723301","cityId":null,"cityName":"Jos? Ignacio","hotelId":723301,"hotelName":"Palafitos","address":"Calle Jose Ignacio,entre Calle 11y,20402 Jose Ignacio,Uruguay","phones":"","fax":"","email":"","url":"http://www.booking.com/hotel/uy/palafitos.html","countryIso2":"UY","countryName":"Uruguay","hotelRating":"1","latitude":"-34.8369","longitude":"-54.6653","state_id":null,"state_name":null,"country_id":null},{"active":false,"Giataid":"724114","cityId":null,"cityName":"Piri?polis","hotelId":724114,"hotelName":"Complejo Cabanas Piriapolis","address":"Wilson Ferreira Aldunate,Ex-misiones,Entre Laguna,Blanco Y Finlandia,20200 Piri?polis,Uruguay","phones":"","fax":"","email":"contacto@cabaniaspiriapolis.com","url":"http://cabaniaspiriapolis.com","countryIso2":"UY","countryName":"Uruguay","hotelRating":"1","latitude":"-34.8557","longitude":"-55.2834","state_id":null,"state_name":null,"country_id":null},{"active":false,"Giataid":"724615","cityId":null,"cityName":"Cabo Polonio","hotelId":724615,"hotelName":"Viejo Lobo","address":"Plaza Central Cabo Polonio,27000 Cabo Polonio,Uruguay","phones":"","fax":"","email":"viejolobohostel@gmail.com","url":"http://www.viejolobohostel.com","countryIso2":"UY","countryName":"Uruguay","hotelRating":"1","latitude":"-34.4027","longitude":"-53.7807","state_id":null,"state_name":null,"country_id":null},{"active":false,"Giataid":"724845","cityId":null,"cityName":"Piri?polis","hotelId":724845,"hotelName":"Skyblue Park Apart Hotel","address":"Camino Vecinal Esquina Calle 56,20200 Piriapolis,Uruguay","phones":"+59844325574","fax":"","email":"reservas@skybluepark.com.uy","url":"http://www.skybluepark.com.uy","countryIso2":"UY","countryName":"Uruguay","hotelRating":"1","latitude":"-34.8681","longitude":"-55.2751","state_id":null,"state_name":null,"country_id":null},{"active":false,"Giataid":"725456","cityId":null,"cityName":"Jos? Ignacio","hotelId":725456,"hotelName":"Luna Brava","address":"Calle de Los Cisnes,20402 Jos? Ignacio,Departamento de Maldonado,Uruguay","phones":"+59844862757","fax":"","email":"info@luna-brava.com","url":"http://luna-brava.com","countryIso2":"UY","countryName":"Uruguay","hotelRating":"1","latitude":"-34.8312","longitude":"-54.6352","state_id":null,"state_name":null,"country_id":null},{"active":false,"Giataid":"725481","cityId":null,"cityName":"Jos? Ignacio","hotelId":725481,"hotelName":"Refugios de Jose Ignacio","address":"Camino Sainz Martinez y Ruta 9,20402 Jose Ignacio,Uruguay","phones":"","fax":"","email":"","url":"","countryIso2":"UY","countryName":"Uruguay","hotelRating":"1","latitude":"-34.8312","longitude":"-54.6352","state_id":null,"state_name":null,"country_id":null},{"active":false,"Giataid":"725585","cityId":null,"cityName":"Atl?ntida","hotelId":725585,"hotelName":"Hotel Niagara Inn","address":"Ruta Interbalnearia Km 47.4,Atlantida,Uruguay","phones":"","fax":"","email":"","url":"","countryIso2":"UY","countryName":"Uruguay","hotelRating":"1","latitude":"-34.7727","longitude":"-55.7628","state_id":null,"state_name":null,"country_id":null},{"active":false,"Giataid":"725846","cityId":null,"cityName":"Jos? Ignacio","hotelId":725846,"hotelName":"Tacheles","address":"Ruta 10 - Km 177.5,Jose Ignacio,20402 Maldonado,Uruguay","phones":"","fax":"","email":"","url":"","countryIso2":"UY","countryName":"Uruguay","hotelRating":"1","latitude":"-34.8312","longitude":"-54.6352","state_id":null,"state_name":null,"country_id":null},{"active":false,"Giataid":"726744","cityId":null,"cityName":"Termas del Daym?n","hotelId":726744,"hotelName":"Squania Suite Container","address":"Calle 2 Esquina Calle 10,50000 Termas Del Daym?n,Uruguay","phones":"","fax":"","email":"","url":"","countryIso2":"UY","countryName":"Uruguay","hotelRating":"1","latitude":"-31.4556","longitude":"-57.9104","state_id":null,"state_name":null,"country_id":null},{"active":false,"Giataid":"727701","cityId":null,"cityName":"Termas del Daym?n","hotelId":727701,"hotelName":"Termas y Hotel Posada del Siglo XIX","address":"Ruta 3 Km 479,Termas Del Dayman,50000 Salto,Uruguay","phones":"+59847369955","fax":"","email":"psxix01@adinet.com.uy","url":"http://www.posadasigloxix.com/","countryIso2":"UY","countryName":"Uruguay","hotelRating":"1","latitude":"-31.448","longitude":"-57.913","state_id":null,"state_name":null,"country_id":null},{"active":false,"Giataid":"727940","cityId":null,"cityName":"Piri?polis","hotelId":727940,"hotelName":"La Casa del Hornero","address":"O Higgins y Gabriel Pereira,20200 Piriapolis,Maldonado,Uruguay","phones":"","fax":"","email":"","url":"","countryIso2":"UY","countryName":"Uruguay","hotelRating":"1","latitude":"-34.8681","longitude":"-55.2751","state_id":null,"state_name":null,"country_id":null},{"active":false,"Giataid":"750975","cityId":null,"cityName":"Sol?s","hotelId":750975,"hotelName":"Las Moritas Green","address":"Fuente De La Salud,Esquina Aigua,20302 Balneario Solis,Maldonado,Uruguay","phones":"","fax":"","email":"","url":"","countryIso2":"UY","countryName":"Uruguay","hotelRating":"1","latitude":"-34.791","longitude":"-55.3863","state_id":null,"state_name":null,"country_id":null},{"active":false,"Giataid":"759876","cityId":null,"cityName":"Piri?polis","hotelId":759876,"hotelName":"Sugar Loaf Ocean Club & Spa","address":"Ruta 73 Entre Ruta 37 Y Camino Vecinal,Piriapolis,Uruguay","phones":"","fax":"","email":"","url":"","countryIso2":"UY","countryName":"Uruguay","hotelRating":"1","latitude":"-34.8681","longitude":"-55.2751","state_id":null,"state_name":null,"country_id":null},{"active":false,"Giataid":"804280","cityId":null,"cityName":"Piri?polis","hotelId":804280,"hotelName":"Hostel De Los Colores","address":"Sim?n Del Pino 1137,Piri?polis,Uruguay","phones":"+59844326188","fax":"","email":"","url":"http://www.hosteldeloscolores.com.uy","countryIso2":"UY","countryName":"Uruguay","hotelRating":"1","latitude":"-34.861","longitude":"-55.2784","state_id":null,"state_name":null,"country_id":null},{"active":false,"Giataid":"806732","cityId":null,"cityName":"Piri?polis","hotelId":806732,"hotelName":"Hotel Budapest","address":"Chacabuco 998,Esquina A. Sierra,20200 Piriapolis,Uruguay","phones":"+59844322520","fax":"","email":"hbudapest@adinet.com.uy","url":"http://www.hosteriabudapest.com","countryIso2":"UY","countryName":"Uruguay","hotelRating":"1","latitude":"-34.8677","longitude":"-55.2734","state_id":null,"state_name":null,"country_id":null},{"active":false,"Giataid":"807726","cityId":null,"cityName":"Piri?polis","hotelId":807726,"hotelName":"Hotel Esmeralda","address":"Atanasio Sierra 887,11200 Piri?polis,Uruguay","phones":"","fax":"","email":"","url":"","countryIso2":"UY","countryName":"Uruguay","hotelRating":"1","latitude":"-34.8681","longitude":"-55.2751","state_id":null,"state_name":null,"country_id":null},{"active":false,"Giataid":"809148","cityId":null,"cityName":"Piri?polis","hotelId":809148,"hotelName":"Hotel Centro","address":"Gregorio Sanabria 931,Piriapolis,Uruguay","phones":"+59844322516","fax":"","email":"","url":"http://www.hotelcentropiriapolis.amawebs.com","countryIso2":"UY","countryName":"Uruguay","hotelRating":"1","latitude":"-34.8681","longitude":"-55.2751","state_id":null,"state_name":null,"country_id":null},{"active":false,"Giataid":"811506","cityId":null,"cityName":"Piri?polis","hotelId":811506,"hotelName":"Hotel Select","address":"Talcahuano 894,Esquina Uruguay,20200 Piriapolis,Uruguay","phones":"+59844322504","fax":"","email":"reservas@selecthotelpiriapolis.com.uy","url":"http://www.selecthotelpiriapolis.com.uy/","countryIso2":"UY","countryName":"Uruguay","hotelRating":"3","latitude":"-34.8716","longitude":"-55.2735","state_id":null,"state_name":null,"country_id":null},{"active":false,"Giataid":"811516","cityId":null,"cityName":"Cabo Polonio","hotelId":811516,"hotelName":"Albatros","address":"Parada Dos Almac?n De Lujambio,27202 Cabo Polonio,Uruguay","phones":"","fax":"","email":"","url":"","countryIso2":"UY","countryName":"Uruguay","hotelRating":"1","latitude":"-34.4016","longitude":"-53.7827","state_id":null,"state_name":null,"country_id":null},{"active":false,"Giataid":"811560","cityId":null,"cityName":"Punta del Diablo","hotelId":811560,"hotelName":"Cabanas Surya","address":"Calle 11 Esquina,Calle 14,27200 Punta Del Diablo,Uruguay","phones":"","fax":"","email":"","url":"","countryIso2":"UY","countryName":"Uruguay","hotelRating":"1","latitude":"-34.0413","longitude":"-53.5443","state_id":null,"state_name":null,"country_id":null},{"active":false,"Giataid":"811570","cityId":null,"cityName":"San Gregorio de Polanco","hotelId":811570,"hotelName":"Hotel Los Medanos","address":"Mollo Sin Numero,45000 San Gregorio De Polanco,Uruguay","phones":"+59843694013","fax":"","email":"","url":"http://www.hotellosmedanos.website/","countryIso2":"UY","countryName":"Uruguay","hotelRating":"1","latitude":"-32.618","longitude":"-55.839","state_id":null,"state_name":null,"country_id":null},{"active":false,"Giataid":"811626","cityId":null,"cityName":"Tacuaremb?","hotelId":811626,"hotelName":"Tacuarembo Hotel","address":"18 De Julio 133,45000 Tacuaremb?,Uruguay","phones":"","fax":"","email":"","url":"","countryIso2":"UY","countryName":"Uruguay","hotelRating":"1","latitude":"-31.7113","longitude":"-55.9768","state_id":null,"state_name":null,"country_id":null},{"active":false,"Giataid":"811658","cityId":null,"cityName":"Cabo Polonio","hotelId":811658,"hotelName":"Lo De Alejo Hostel","address":"Cabo Polonio 1231,27004 Cabo Polonio,Uruguay","phones":"","fax":"","email":"","url":"","countryIso2":"UY","countryName":"Uruguay","hotelRating":"1","latitude":"-34.4026","longitude":"-53.7809","state_id":null,"state_name":null,"country_id":null},{"active":false,"Giataid":"811683","cityId":null,"cityName":"Punta del Diablo","hotelId":811683,"hotelName":"Wanderlust Mini Hostel","address":"Avenida Central 4717,27204 Punta Del Diablo,Uruguay","phones":"","fax":"","email":"","url":"","countryIso2":"UY","countryName":"Uruguay","hotelRating":"1","latitude":"-34.0413","longitude":"-53.5443","state_id":null,"state_name":null,"country_id":null},{"active":false,"Giataid":"811685","cityId":null,"cityName":"Punta del Diablo","hotelId":811685,"hotelName":"Camping De Julio","address":"Calle 32 110,27204 Punta Del Diablo,Uruguay","phones":"","fax":"","email":"","url":"","countryIso2":"UY","countryName":"Uruguay","hotelRating":"1","latitude":"-34.0413","longitude":"-53.5443","state_id":null,"state_name":null,"country_id":null},{"active":false,"Giataid":"811738","cityId":null,"cityName":"Piri?polis","hotelId":811738,"hotelName":"Hotel Atlantico","address":"Rambla De Los Argentinos 1198,20200 Piriapolis,Uruguay","phones":"","fax":"","email":"","url":"","countryIso2":"UY","countryName":"Uruguay","hotelRating":"1","latitude":"-34.8681","longitude":"-55.2751","state_id":null,"state_name":null,"country_id":null},{"active":false,"Giataid":"812470","cityId":null,"cityName":"Atl?ntida","hotelId":812470,"hotelName":"Hotel Playa Brava","address":"Calle Republica De Chile s/n,16000 Atlantida,Uruguay","phones":"","fax":"","email":"","url":"","countryIso2":"UY","countryName":"Uruguay","hotelRating":"1","latitude":"-34.7789","longitude":"-55.7586","state_id":null,"state_name":null,"country_id":null},{"active":false,"Giataid":"812489","cityId":null,"cityName":"Punta del Diablo","hotelId":812489,"hotelName":"Laguada Hostel","address":"Carrasco Y Laguna Negra,27201 Punta Del Diablo,Uruguay","phones":"","fax":"","email":"","url":"","countryIso2":"UY","countryName":"Uruguay","hotelRating":"1","latitude":"-34.0413","longitude":"-53.5443","state_id":null,"state_name":null,"country_id":null},{"active":false,"Giataid":"812554","cityId":null,"cityName":"Cabo Polonio","hotelId":812554,"hotelName":"Alojamiento Corazon De Ballena","address":"Playa La Calavera s/n,27200 Cabo Polonio,Uruguay","phones":"","fax":"","email":"","url":"","countryIso2":"UY","countryName":"Uruguay","hotelRating":"1","latitude":"-34.4026","longitude":"-53.7809","state_id":null,"state_name":null,"country_id":null},{"active":false,"Giataid":"812836","cityId":null,"cityName":"Aguas Dulces","hotelId":812836,"hotelName":"Balcon De Luna","address":"Jose Rondoni,27202 Aguas Dulces,Rocha,Uruguay","phones":"","fax":"","email":"","url":"","countryIso2":"UY","countryName":"Uruguay","hotelRating":"1","latitude":"-34.2777","longitude":"-53.7802","state_id":null,"state_name":null,"country_id":null},{"active":false,"Giataid":"814805","cityId":null,"cityName":"Punta del Diablo","hotelId":814805,"hotelName":"El Indio Hostel","address":"Calle 8,27204 Punta Del Diablo,Uruguay","phones":"","fax":"","email":"","url":"","countryIso2":"UY","countryName":"Uruguay","hotelRating":"1","latitude":"-34.0433","longitude":"-53.5398","state_id":null,"state_name":null,"country_id":null},{"active":false,"Giataid":"814821","cityId":null,"cityName":"Punta del Diablo","hotelId":814821,"hotelName":"Hostel El Nagual","address":"Bulevar Santa Teresa & La Coronilla,In Front Of Bus Stop 2,27204 Punta Del Diablo,Uruguay","phones":"+59844772009","fax":"","email":"hostelelnagual@gmail.com","url":"http://www.hostelelnagual.com","countryIso2":"UY","countryName":"Uruguay","hotelRating":"1","latitude":"-34.0424","longitude":"-53.5523","state_id":null,"state_name":null,"country_id":null},{"active":false,"Giataid":"814933","cityId":null,"cityName":"Paysand?","hotelId":814933,"hotelName":"Hotel Rafaela","address":"18 De Julio 1181,60000 Paysandu,Uruguay","phones":"","fax":"","email":"","url":"","countryIso2":"UY","countryName":"Uruguay","hotelRating":"1","latitude":"-32.2835","longitude":"-58.0367","state_id":null,"state_name":null,"country_id":null},{"active":false,"Giataid":"817054","cityId":null,"cityName":"Cabo Polonio","hotelId":817054,"hotelName":"Green House Hostel","address":"Camino De Los Corvinos Sin,11050 Cabo Polonio,Uruguay","phones":"","fax":"","email":"","url":"","countryIso2":"UY","countryName":"Uruguay","hotelRating":"1","latitude":"-34.4026","longitude":"-53.7809","state_id":null,"state_name":null,"country_id":null},{"active":false,"Giataid":"817080","cityId":null,"cityName":"Atl?ntida","hotelId":817080,"hotelName":"Estancia Renacimiento","address":"Camino Americo Briano Ruta 11 km 157,Canelones, s/n,15200 Atl?ntida,Uruguay","phones":"","fax":"","email":"contactos@estanciarenacimiento.com.uy","url":"http://www.estanciarenacimiento.com.uy/","countryIso2":"UY","countryName":"Uruguay","hotelRating":"1","latitude":"-34.7727","longitude":"-55.7628","state_id":null,"state_name":null,"country_id":null},{"active":false,"Giataid":"817996","cityId":null,"cityName":"Termas del Daym?n","hotelId":817996,"hotelName":"Vacacional Dayman","address":"Rambla Circunvalacion Dayman s/n,Termas Del Dayman,Salto,Uruguay","phones":"+59847369733","fax":"","email":"vacday@serviciomutuo.org.uy","url":"http://www.vacacionaldaymansm.com","countryIso2":"UY","countryName":"Uruguay","hotelRating":"1","latitude":"-31.4556","longitude":"-57.9104","state_id":null,"state_name":null,"country_id":null},{"active":false,"Giataid":"818064","cityId":null,"cityName":"Cabo Polonio","hotelId":818064,"hotelName":"Hostal Del Cabo","address":"La Calavera,27200 Cabo Polonio,Uruguay","phones":"","fax":"","email":"","url":"","countryIso2":"UY","countryName":"Uruguay","hotelRating":"1","latitude":"-34.4026","longitude":"-53.7809","state_id":null,"state_name":null,"country_id":null},{"active":false,"Giataid":"818824","cityId":null,"cityName":"Punta del Diablo","hotelId":818824,"hotelName":"Hostel Vente Al Diablo","address":"Queguay Y Simon Bolivar,27204 Punta Del Diablo,Uruguay","phones":"","fax":"","email":"","url":"","countryIso2":"UY","countryName":"Uruguay","hotelRating":"1","latitude":"-34.05","longitude":"-53.5498","state_id":null,"state_name":null,"country_id":null},{"active":false,"Giataid":"819115","cityId":null,"cityName":"Piri?polis","hotelId":819115,"hotelName":"Hotel Colon","address":"Rambla De Los Argentinos 950,Esquina Francisco Piria,20200 Piri?polis,Uruguay","phones":"","fax":"","email":"","url":"","countryIso2":"UY","countryName":"Uruguay","hotelRating":"1","latitude":"-34.8681","longitude":"-55.2751","state_id":null,"state_name":null,"country_id":null},{"active":false,"Giataid":"819964","cityId":null,"cityName":"Cabo Polonio","hotelId":819964,"hotelName":"Puertas al Cabo","address":"Calle Principal Camino,Posadas Frente  Aprovisionamiento El Templao,27000 Cabo Polonio,Uruguay","phones":"","fax":"","email":"","url":"","countryIso2":"UY","countryName":"Uruguay","hotelRating":"1","latitude":"-34.4026","longitude":"-53.7809","state_id":null,"state_name":null,"country_id":null},{"active":false,"Giataid":"821139","cityId":null,"cityName":"Atl?ntida","hotelId":821139,"hotelName":"Hotel El Nido Beach","address":"Calle 11 y Rambla Costanera,Parque del Plata,Canelones,Uruguay","phones":"+59843755213","fax":"","email":"info@elnidouruguay.com","url":"http://elnidouruguay.com","countryIso2":"UY","countryName":"Uruguay","hotelRating":"1","latitude":"-34.7727","longitude":"-55.7628","state_id":null,"state_name":null,"country_id":null},{"active":false,"Giataid":"821159","cityId":null,"cityName":"Piri?polis","hotelId":821159,"hotelName":"Hotel Danae","address":"Rambla De los Argentinos 1270,20200 Piri?polis,Uruguay","phones":"","fax":"","email":"","url":"","countryIso2":"UY","countryName":"Uruguay","hotelRating":"1","latitude":"-34.8681","longitude":"-55.2751","state_id":null,"state_name":null,"country_id":null},{"active":false,"Giataid":"821311","cityId":null,"cityName":"Punta del Diablo","hotelId":821311,"hotelName":"Hostel & Posada de Las Hadas","address":"Calle Roosvelt,Esquina San Sebastian,27204 Punta Del Diablo,Uruguay","phones":"+59844772315","fax":"","email":"hosteldelashadas@gmail.com","url":"http://www.suiteshosteldelashadas.com","countryIso2":"UY","countryName":"Uruguay","hotelRating":"1","latitude":"-34.05","longitude":"-53.5484","state_id":null,"state_name":null,"country_id":null},{"active":false,"Giataid":"824161","cityId":null,"cityName":"Punta del Diablo","hotelId":824161,"hotelName":"Compay Hostel Punta Del Diablo","address":"Calle 11,Entre 10 y 12,11400 Punta del Diablo,Uruguay","phones":"+59898710894","fax":"","email":"compayhostel@gmail.com","url":"http://compayhostel.com.uy/punta-del-diablo/","countryIso2":"UY","countryName":"Uruguay","hotelRating":"1","latitude":"-34.0422","longitude":"-53.5435","state_id":null,"state_name":null,"country_id":null},{"active":false,"Giataid":"837866","cityId":null,"cityName":"Jos? Ignacio","hotelId":837866,"hotelName":"Atrevida B&B","address":"Ruta 10 km 185.5,Calles Cruz del Sur,20000 Jos? Ignacio,Uruguay","phones":"","fax":"","email":"latrevidajoseignacio@yahoo.com","url":"http://www.atrevidajoseignacio.com/","countryIso2":"UY","countryName":"Uruguay","hotelRating":"1","latitude":"-34.8205","longitude":"-54.6196","state_id":null,"state_name":null,"country_id":null},{"active":false,"Giataid":"837925","cityId":null,"cityName":"Ciudad de la Costa","hotelId":837925,"hotelName":"Posada El Bambu","address":"Manuel Oribe Manzana 167,Solar 27,15008 Ciudad de la Costa,Uruguay","phones":"+59826986027","fax":"","email":"posadaelbambu@gmail.com","url":"http://www.posadaelbambu.com","countryIso2":"UY","countryName":"Uruguay","hotelRating":"1","latitude":"-34.8105","longitude":"-55.9172","state_id":null,"state_name":null,"country_id":null},{"active":false,"Giataid":"838197","cityId":null,"cityName":"Piri?polis","hotelId":838197,"hotelName":"Casa Frida","address":"Calle Caseros,Esquina Avenida Piria s/n,00207 Piri?polis,Uruguay","phones":"","fax":"","email":"","url":"","countryIso2":"UY","countryName":"Uruguay","hotelRating":"1","latitude":"-34.8681","longitude":"-55.2751","state_id":null,"state_name":null,"country_id":null},{"active":false,"Giataid":"838697","cityId":null,"cityName":"Cabo Polonio","hotelId":838697,"hotelName":"Posada Rosada de los Corvinos","address":"Playa la Calavera Casa Rosada,27202 Cabo Polonio,Uruguay","phones":"","fax":"","email":"","url":"","countryIso2":"UY","countryName":"Uruguay","hotelRating":"1","latitude":"-34.4026","longitude":"-53.7809","state_id":null,"state_name":null,"country_id":null},{"active":false,"Giataid":"838851","cityId":null,"cityName":"Jos? Ignacio","hotelId":838851,"hotelName":"Hale Lau","address":"Jos? Ignacio,Uruguay","phones":"+59894420704","fax":"","email":"info@halelau.com","url":"http://www.halelau.com/#!/pageHome","countryIso2":"UY","countryName":"Uruguay","hotelRating":"1","latitude":"-34.8376","longitude":"-54.6673","state_id":null,"state_name":null,"country_id":null},{"active":false,"Giataid":"508167","cityId":null,"cityName":"Termas del Arapey","hotelId":10067948,"hotelName":"Arapey Thermal Resort & Spa","address":"Termas de Arapey,50000 Salto,Uruguay","phones":"+59847682005","fax":"","email":"","url":"","countryIso2":"UY","countryName":"Uruguay","hotelRating":"1","latitude":"-30.9442","longitude":"-57.519","state_id":null,"state_name":null,"country_id":null},{"active":false,"Giataid":"418030","cityId":null,"cityName":"Termas del Arapey","hotelId":10070972,"hotelName":"Altos Del Arapey Club De Golf & Hotel Termal","address":"Ruta 3,km 550 + 19 kms por Cno Ra?l Gaud?n,Termas del Arapey,Uruguay","phones":"+59847682200","fax":"","email":"","url":"","countryIso2":"UY","countryName":"Uruguay","hotelRating":"4","latitude":"-30.9439","longitude":"-57.5192","state_id":null,"state_name":null,"country_id":null},{"active":false,"Giataid":"228554","cityId":null,"cityName":"Colonia Valdense","hotelId":20002256,"hotelName":"Estancia La Vigna","address":"Km 120 Ruta 51 a Playa Fomento,Colonia Valdense,Uruguay","phones":"+59845589234","fax":"","email":"infolavigna@gmail.com","url":"http://www.lavigna.com.uy","countryIso2":"UY","countryName":"Uruguay","hotelRating":"4","latitude":"-34.3546","longitude":"-57.2341","state_id":null,"state_name":null,"country_id":null},{"active":false,"Giataid":"478423","cityId":null,"cityName":"San Gregorio de Polanco","hotelId":20006547,"hotelName":"Hotel San Gregorio","address":"Artigas 177,45200 San Gregorio de Polanco,Uruguay","phones":"+59843694292","fax":"","email":"hostelsangregorio@gmail.com","url":"http://www.hostelsangregorio.com/","countryIso2":"UY","countryName":"Uruguay","hotelRating":"1","latitude":"-32.6156","longitude":"-55.8344","state_id":null,"state_name":null,"country_id":null},{"active":false,"Giataid":"293784","cityId":null,"cityName":"Paysand?","hotelId":20009040,"hotelName":"Gran Hotel Paysandu","address":"19 De Abril 958,60000 Paysandu,Uruguay","phones":"+59847232295","fax":"","email":"","url":"http://www.granhotelpaysandu.com.uy","countryIso2":"UY","countryName":"Uruguay","hotelRating":"3","latitude":"-32.3169","longitude":"-58.0838","state_id":null,"state_name":null,"country_id":null},{"active":false,"Giataid":"689020","cityId":null,"cityName":"Ciudad de la Costa","hotelId":20010011,"hotelName":"Hampton by Hilton Montevideo Carrasco","address":"Avenida de la Americas 4239,Canelones 15000,Ciudad de la Costa,Uruguay","phones":"+59826033333","fax":"","email":"","url":"http://hamptoninn3.hilton.com/en/hotels/uruguay/hampton-by-hilton-montevideo-carrasco-MVDHXHX/index.html","countryIso2":"UY","countryName":"Uruguay","hotelRating":"4","latitude":"-34.8509","longitude":"-56.0247","state_id":null,"state_name":null,"country_id":null},{"active":false,"Giataid":"484005","cityId":null,"cityName":"Punta del Diablo","hotelId":20011743,"hotelName":"Complejo Oceanico","address":"Calle 5,Manzana 33,22107 Punta Del Diablo,Uruguay","phones":"","fax":"","email":"","url":"","countryIso2":"UY","countryName":"Uruguay","hotelRating":"0","latitude":"-34.0381","longitude":"-53.5439","state_id":null,"state_name":null,"country_id":null},{"active":false,"Giataid":"479312","cityId":null,"cityName":"Punta del Diablo","hotelId":20014052,"hotelName":"Hotel Terrazas de la Viuda","address":"Calle del Indio,27204 Punta del Diablo,Uruguay","phones":"","fax":"","email":"","url":"","countryIso2":"UY","countryName":"Uruguay","hotelRating":"3","latitude":"-34.0501","longitude":"-53.5474","state_id":null,"state_name":null,"country_id":null},{"active":false,"Giataid":"486521","cityId":null,"cityName":"Tacuaremb?","hotelId":20014512,"hotelName":"Hotel Fordt City","address":"Avenida Rep?blica Argentina 916,Tacuaremb?,Uruguay","phones":"+59846340000","fax":"","email":"reservas@hotelfordtcity.com","url":"http://www.hotelfordtcity.com/","countryIso2":"UY","countryName":"Uruguay","hotelRating":"0","latitude":"-31.7113","longitude":"-55.9768","state_id":null,"state_name":null,"country_id":null},{"active":false,"Giataid":"482101","cityId":null,"cityName":"Termas del Daym?n","hotelId":20015749,"hotelName":"Hotel Tio Pepe","address":"Calle 17 y Ruta 3 km 477,50000 Termas del Daym?n,Paysandu,Uruguay","phones":"+59847369347","fax":"","email":"tiopepehoteltermal@outlook.es","url":"http://www.hoteltermaltiopepe.com/","countryIso2":"UY","countryName":"Uruguay","hotelRating":"3","latitude":"-31.454","longitude":"-57.9081","state_id":null,"state_name":null,"country_id":null},{"active":false,"Giataid":"604034","cityId":null,"cityName":"Colonia Valdense","hotelId":20016627,"hotelName":"El Galope Horse Farm & Hostel","address":"Camino Concordia  Km 114,Entre Montevideo & Col de Sacramento,near Nueva Helvecia,70202  Colonia Valdense,Colonia,Uruguay","phones":"+59899105985","fax":"","email":"m_zubieta@hotmail.com","url":"http://www.elgalope.com.uy","countryIso2":"UY","countryName":"Uruguay","hotelRating":"0","latitude":"-34.3248","longitude":"-57.185","state_id":null,"state_name":null,"country_id":null},{"active":false,"Giataid":"479075","cityId":null,"cityName":"Piri?polis","hotelId":20018492,"hotelName":"Hotel Tamariz","address":"Salta 933,Entre Piria y Uruguay,20200 Piri?polis,Uruguay","phones":"+59844322509","fax":"","email":"info@hoteltamariz.com","url":"http://www.hoteltamariz.com/","countryIso2":"UY","countryName":"Uruguay","hotelRating":"3","latitude":"-34.8707","longitude":"-55.273","state_id":null,"state_name":null,"country_id":null},{"active":false,"Giataid":"479075","cityId":null,"cityName":"Piri?polis","hotelId":20018492,"hotelName":"Hotel Tamariz","address":"Salta 933,Entre Piria y Uruguay,20200 Piri?polis,Uruguay","phones":"+59844322509","fax":"","email":"info@hoteltamariz.com","url":"http://www.hoteltamariz.com/","countryIso2":"UY","countryName":"Uruguay","hotelRating":"3","latitude":"-34.8707","longitude":"-55.273","state_id":null,"state_name":null,"country_id":null},{"active":false,"Giataid":"656654","cityId":null,"cityName":"Ciudad de la Costa","hotelId":20022316,"hotelName":"El Viejo Convento","address":"Santa Paula M:198 S:10,El Pinar,15008 Ciudad de la Costa,Uruguay","phones":"","fax":"","email":"","url":"","countryIso2":"UY","countryName":"Uruguay","hotelRating":"0","latitude":"-34.7991","longitude":"-55.9017","state_id":null,"state_name":null,"country_id":null},{"active":false,"Giataid":"479504","cityId":null,"cityName":"Chuy","hotelId":20023925,"hotelName":"Hotel Internacional","address":"Avenida Brasil 679,27100 Chuy,Rocha,Uruguay","phones":"+59844742055","fax":"","email":"hotel@adinet.com.uy","url":"http://www.hotelinternacionalchuy.com/","countryIso2":"UY","countryName":"Uruguay","hotelRating":"3","latitude":"-33.6927","longitude":"-53.4586","state_id":null,"state_name":null,"country_id":null},{"active":false,"Giataid":"459731","cityId":null,"cityName":"Paysand?","hotelId":20025385,"hotelName":"Hotel El Jardin","address":"Montevideo 1085,60000 Paysandu,Uruguay","phones":"+59847223745","fax":"","email":"reservas@hoteljardin.com","url":"http://www.hoteljardin.com","countryIso2":"UY","countryName":"Uruguay","hotelRating":"3","latitude":"-32.3144","longitude":"-58.0845","state_id":null,"state_name":null,"country_id":null},{"active":false,"Giataid":"510568","cityId":null,"cityName":"Paysand?","hotelId":20025808,"hotelName":"Hosteria Estancia La Paz","address":"Colonia La Paz,60000 Paysandu,Uruguay","phones":"+59847202272","fax":"","email":"contacto@estancialapaz.com.uy","url":"http://www.estancialapaz.com.uy","countryIso2":"UY","countryName":"Uruguay","hotelRating":"4","latitude":"-32.5294","longitude":"-57.9582","state_id":null,"state_name":null,"country_id":null},{"active":false,"Giataid":"656695","cityId":null,"cityName":"Paysand?","hotelId":20027064,"hotelName":"Termas Villaggio","address":"Ruta Nacional 3 km 432,In front of Termas de Guaviyu,60000 Paysandu,Uruguay","phones":"","fax":"","email":"","url":"","countryIso2":"UY","countryName":"Uruguay","hotelRating":"0","latitude":"-32.3102","longitude":"-58.0722","state_id":null,"state_name":null,"country_id":null},{"active":false,"Giataid":"459879","cityId":null,"cityName":"Paysand?","hotelId":20027128,"hotelName":"Hotel Lobato","address":"Leandro Gomez 1415,60000 Paysandu,Uruguay","phones":"+59847222241","fax":"","email":"hotellobato@adinet.com.uy","url":"http://www.hotellobato.com.uy/quienes.htm","countryIso2":"UY","countryName":"Uruguay","hotelRating":"2","latitude":"-32.3188","longitude":"-58.0768","state_id":null,"state_name":null,"country_id":null},{"active":false,"Giataid":"653906","cityId":null,"cityName":"Paysand?","hotelId":20028401,"hotelName":"Hotel Boutique Casagrande","address":"Florida 1221,60000 Paysand?,Uruguay","phones":"","fax":"","email":"","url":"http://www.hotelcasagrande.com.uy/","countryIso2":"UY","countryName":"Uruguay","hotelRating":"0","latitude":"-32.3166","longitude":"-58.0808","state_id":null,"state_name":null,"country_id":null},{"active":false,"Giataid":"459890","cityId":null,"cityName":"Paysand?","hotelId":20028889,"hotelName":"Hotel De Paris","address":"Leandro Gomez 1008,60000 Paysandu,Uruguay","phones":"","fax":"","email":"","url":"","countryIso2":"UY","countryName":"Uruguay","hotelRating":"2","latitude":"-32.3179","longitude":"-58.0862","state_id":null,"state_name":null,"country_id":null},{"active":false,"Giataid":"459725","cityId":null,"cityName":"Paysand?","hotelId":20029020,"hotelName":"Hotel La Castellana","address":"Ruta 90 km 6,60000 Paysandu,Uruguay","phones":"+59847238773","fax":"","email":"","url":"http://www.hotellacastellana.com","countryIso2":"UY","countryName":"Uruguay","hotelRating":"0","latitude":"-32.3246","longitude":"-58.0385","state_id":null,"state_name":null,"country_id":null},{"active":false,"Giataid":"685543","cityId":null,"cityName":"Tacuaremb?","hotelId":20029580,"hotelName":"Hotel Central","address":"General Flores 300,Tacuaremb?,Uruguay","phones":"+59846322841","fax":"","email":"hotelcentraltbo@hotmail.com","url":"https://www.hotelcentraltacuarembo.com.uy/","countryIso2":"UY","countryName":"Uruguay","hotelRating":"0","latitude":"-31.7113","longitude":"-55.9768","state_id":null,"state_name":null,"country_id":null},{"active":false,"Giataid":"459729","cityId":null,"cityName":"Paysand?","hotelId":20032722,"hotelName":"Hotel Bulevar","address":"Bulevar Artigas 960,60000 Paysandu,Uruguay","phones":"+59847228835","fax":"","email":"","url":"http://www.hotelbulevar.com.uy","countryIso2":"UY","countryName":"Uruguay","hotelRating":"2","latitude":"-32.3183","longitude":"-58.0706","state_id":null,"state_name":null,"country_id":null},{"active":false,"Giataid":"459887","cityId":null,"cityName":"Paysand?","hotelId":20032950,"hotelName":"Hotel Mykonos","address":"18 De Julio 768,60000 Paysandu,Uruguay","phones":"","fax":"","email":"","url":"","countryIso2":"UY","countryName":"Uruguay","hotelRating":"3","latitude":"-32.3163","longitude":"-58.0911","state_id":null,"state_name":null,"country_id":null},{"active":false,"Giataid":"725594","cityId":null,"cityName":"Paysand?","hotelId":20034329,"hotelName":"Estancia El Cangue","address":"Ruta 3 km 358.500,60000 Paysandu,Uruguay","phones":"","fax":"","email":"info@estanciaelcangue.com","url":"http://www.estanciaelcangue.com","countryIso2":"UY","countryName":"Uruguay","hotelRating":"0","latitude":"-32.2835","longitude":"-58.0367","state_id":null,"state_name":null,"country_id":null},{"active":false,"Giataid":"459985","cityId":null,"cityName":"Paysand?","hotelId":20038816,"hotelName":"Hotel Papiros","address":"Avda. Brasil 323,60000 Paysandu,Uruguay","phones":"+59847240100","fax":"","email":"info@hotelpapiros.com","url":"http://www.hotelpapiros.com","countryIso2":"UY","countryName":"Uruguay","hotelRating":"4","latitude":"-32.3146","longitude":"-58.1002","state_id":null,"state_name":null,"country_id":null},{"active":false,"Giataid":"477836","cityId":null,"cityName":"Atl?ntida","hotelId":20040191,"hotelName":"Hotel Argentina","address":"Calle 11 y 24,16000 Atl?ntida,Uruguay","phones":"+59843722414","fax":"","email":"info@hotelargentina.com.uy","url":"http://www.atlantida.com.uy/hotelargentina/","countryIso2":"UY","countryName":"Uruguay","hotelRating":"3","latitude":"-34.7728","longitude":"-55.7632","state_id":null,"state_name":null,"country_id":null},{"active":false,"Giataid":"477658","cityId":null,"cityName":"Piri?polis","hotelId":20042041,"hotelName":"San Remo Terrazas Hotel","address":"Pasaje Superior de la Avenida Francisco Piria,20200 Piriapolis,Maldonado,Uruguay","phones":"+59844320468","fax":"","email":"","url":"","countryIso2":"UY","countryName":"Uruguay","hotelRating":"3","latitude":"-34.8767","longitude":"-55.2792","state_id":null,"state_name":null,"country_id":null},{"active":false,"Giataid":"459728","cityId":null,"cityName":"Paysand?","hotelId":20042435,"hotelName":"Hotel Plaza","address":"Leandro Gomez 1211,60000 Paysandu,Uruguay","phones":"+59847222022","fax":"","email":"info@hotelplaza.com.uy","url":"http://www.hotelplaza.com.uy","countryIso2":"UY","countryName":"Uruguay","hotelRating":"3","latitude":"-32.3182","longitude":"-58.0814","state_id":null,"state_name":null,"country_id":null},{"active":false,"Giataid":"500564","cityId":null,"cityName":"Punta Ballena","hotelId":20385006,"hotelName":"Centuria Hotel Punta del Este - Adults Only","address":"Km 120, Ruta Interbalnearia,Portezuelo Alto,20100 Punta Ballena,Uruguay","phones":"","fax":"","email":"","url":"http://www.hotelcenturia.com/puntadeleste","countryIso2":"UY","countryName":"Uruguay","hotelRating":"4","latitude":"-34.89","longitude":"-55.0389","state_id":null,"state_name":null,"country_id":null},{"active":false,"Giataid":"521239","cityId":null,"cityName":"Punta Ballena","hotelId":20385008,"hotelName":"Green Park Punta 2","address":"Ruta Interbalnearia Km 118.50,Solanas,20100 Punta Ballena,Uruguay","phones":"","fax":"","email":"","url":"","countryIso2":"UY","countryName":"Uruguay","hotelRating":"4","latitude":"-34.8812","longitude":"-55.0489","state_id":null,"state_name":null,"country_id":null},{"active":false,"Giataid":"723620","cityId":null,"cityName":"Punta Ballena","hotelId":20385009,"hotelName":"Hostel Punta Ballena Bar","address":"San Francisco y Sierra de la Ballena,Punta Ballena 20003,Maldonado,Uruguay","phones":"","fax":"","email":"","url":"","countryIso2":"UY","countryName":"Uruguay","hotelRating":"0","latitude":"-34.8893","longitude":"-55.036","state_id":null,"state_name":null,"country_id":null},{"active":false,"Giataid":"315324","cityId":null,"cityName":"Punta Ballena","hotelId":20385010,"hotelName":"Hotel Terraza Del Mar","address":"Ruta Interbalnearia Km. 118,20003 Punta Ballena,Maldonado,Uruguay","phones":"+59842578888","fax":"+59842578045","email":"reservas@hotelterrazadelmar.com","url":"http://www.hotelterrazadelmar.com","countryIso2":"UY","countryName":"Uruguay","hotelRating":"4","latitude":"-34.8818","longitude":"-55.0535","state_id":null,"state_name":null,"country_id":null},{"active":false,"Giataid":"728672","cityId":null,"cityName":"Punta Ballena","hotelId":20385012,"hotelName":"Gulliver Youth Hostel","address":"Francisco Antonio Aime,Esquina Orfeo,Punta Ballena 23000,Maldonado,Uruguay","phones":"+59842577866","fax":"","email":"gulliveryouthhostel@gmail.com","url":"http://www.gulliverhostel.com","countryIso2":"UY","countryName":"Uruguay","hotelRating":"0","latitude":"-34.9053","longitude":"-55.0356","state_id":null,"state_name":null,"country_id":null},{"active":false,"Giataid":"733713","cityId":null,"cityName":"Punta Ballena","hotelId":20385013,"hotelName":"Soho Point Beach House","address":"Tio Tom 2300,Punta Ballena,Maldonado,Uruguay","phones":"","fax":"","email":"","url":"","countryIso2":"UY","countryName":"Uruguay","hotelRating":"0","latitude":"-34.8856","longitude":"-55.0439","state_id":null,"state_name":null,"country_id":null},{"active":false,"Giataid":"128820","cityId":null,"cityName":"Termas del Arapey","hotelId":20385015,"hotelName":"Hotel Arapey Oasis Termal","address":"Termas del Arapey,Salto,Uruguay","phones":"+59847682014","fax":"+59847682113","email":"reservas@arapeyoasis.com.uy","url":"http://www.arapeyoasis.com.uy","countryIso2":"UY","countryName":"Uruguay","hotelRating":"4","latitude":"-30.9468","longitude":"-57.5215","state_id":null,"state_name":null,"country_id":null},{"active":false,"Giataid":"918558","cityId":null,"cityName":"Cabo Polonio","hotelId":20385017,"hotelName":"Posada Mariemar","address":"Camino Posadas Al Final De Calle,27200 Cabo Polonio,Uruguay","phones":"","fax":"","email":"","url":"","countryIso2":"UY","countryName":"Uruguay","hotelRating":"0","latitude":"-34.4025","longitude":"-53.778","state_id":null,"state_name":null,"country_id":null},{"active":false,"Giataid":"878107","cityId":null,"cityName":"Ciudad de la Costa","hotelId":20385018,"hotelName":"Bidieen","address":"Avenida Uruguay Manzana 48,Solar 22,16000 Ciudad De La Costa,Uruguay","phones":"","fax":"","email":"","url":"","countryIso2":"UY","countryName":"Uruguay","hotelRating":"0","latitude":"-34.8185","longitude":"-55.9319","state_id":null,"state_name":null,"country_id":null},{"active":false,"Giataid":"918240","cityId":null,"cityName":"Piri?polis","hotelId":20385025,"hotelName":"Complejo Rocaymar","address":"Avenida Los Dorados,Calle 2,Punta Colorada,11000 Piri?polis,Uruguay","phones":"+59844325486","fax":"","email":"informes@rocaymar.com.uy","url":"http://www.rocaymar.com.uy","countryIso2":"UY","countryName":"Uruguay","hotelRating":"0","latitude":"-34.8956","longitude":"-55.246","state_id":null,"state_name":null,"country_id":null},{"active":false,"Giataid":"893563","cityId":null,"cityName":"Punta del Diablo","hotelId":20385026,"hotelName":"Cabanas Las Casquivanas","address":"Avenida Central Entre 20 y 22,Punta del Diablo,Uruguay","phones":"","fax":"","email":"virg.inia@hotmail.com","url":"http://www.lascasquivanas.com","countryIso2":"UY","countryName":"Uruguay","hotelRating":"0","latitude":"-34.0377","longitude":"-53.5468","state_id":null,"state_name":null,"country_id":null},{"active":false,"Giataid":"940619","cityId":null,"cityName":"Santa Ana (Colonia)","hotelId":20385030,"hotelName":"Lumminis Resort & Spa","address":"Rambla Del Medio Ambiente s/n,70000 Santa Ana,Uruguay","phones":"","fax":"","email":"","url":"","countryIso2":"UY","countryName":"Uruguay","hotelRating":"0","latitude":"0","longitude":"0","state_id":null,"state_name":null,"country_id":null},{"active":false,"Giataid":"888620","cityId":null,"cityName":"Cabo Polonio","hotelId":20385034,"hotelName":"Narakan","address":"Playa Calavera s/n,Cabo Polonio 27200,Uruguay","phones":"+59899285259","fax":"","email":"info@narakan.com","url":"http://www.narakan.com/","countryIso2":"UY","countryName":"Uruguay","hotelRating":"0","latitude":"-34.4026","longitude":"-53.7809","state_id":null,"state_name":null,"country_id":null},{"active":false,"Giataid":"919206","cityId":null,"cityName":"Chuy","hotelId":20385035,"hotelName":"Hotel Yiwu","address":"Leonardo Olivera 203,27100 Chuy,Uruguay","phones":"","fax":"","email":"","url":"","countryIso2":"UY","countryName":"Uruguay","hotelRating":"0","latitude":"-33.6938","longitude":"-53.456","state_id":null,"state_name":null,"country_id":null},{"active":false,"Giataid":"935461","cityId":null,"cityName":"Paysand?","hotelId":20385041,"hotelName":"Alojamiento Tipo Hostel En Paysandu","address":"Zorrilla De San Martin 1325,60000 Paysandu,Uruguay","phones":"","fax":"","email":"","url":"","countryIso2":"UY","countryName":"Uruguay","hotelRating":"0","latitude":"-32.331","longitude":"-58.0738","state_id":null,"state_name":null,"country_id":null},{"active":false,"Giataid":"919257","cityId":null,"cityName":"Punta del Diablo","hotelId":20385042,"hotelName":"Mar Abierto Punta Del Diablo","address":"Roosvelt y Carrasco,27204 Punta Del Diablo,Uruguay","phones":"","fax":"","email":"","url":"","countryIso2":"UY","countryName":"Uruguay","hotelRating":"0","latitude":"-34.0413","longitude":"-53.5443","state_id":null,"state_name":null,"country_id":null},{"active":false,"Giataid":"935394","cityId":null,"cityName":"Jos? Ignacio","hotelId":20385051,"hotelName":"Posada La Ariscona","address":"Ruta 9 km 159,Zona Rural De Jose Ignacio,20000 Jose Ignacio,Uruguay","phones":"","fax":"","email":"","url":"","countryIso2":"UY","countryName":"Uruguay","hotelRating":"0","latitude":"-34.8312","longitude":"-54.6352","state_id":null,"state_name":null,"country_id":null},{"active":false,"Giataid":"936876","cityId":null,"cityName":"Piri?polis","hotelId":20385057,"hotelName":"Apart Hotel Rivendel","address":"Cerrito Casi Artigas,20200 Piri?poli,Uruguay","phones":"","fax":"","email":"","url":"","countryIso2":"UY","countryName":"Uruguay","hotelRating":"0","latitude":"-34.8681","longitude":"-55.2751","state_id":null,"state_name":null,"country_id":null},{"active":false,"Giataid":"919065","cityId":null,"cityName":"Punta del Diablo","hotelId":20385058,"hotelName":"Bahia Pindo","address":"Calle 3,Entre Calle 20 y Calle 22,27204 Punta Del Diablo,Uruguay","phones":"","fax":"","email":"bahiapindo@gmail.com","url":"http://www.bahiapindo.com.uy/","countryIso2":"UY","countryName":"Uruguay","hotelRating":"0","latitude":"-34.0363","longitude":"-53.5455","state_id":null,"state_name":null,"country_id":null},{"active":false,"Giataid":"944563","cityId":null,"cityName":"Atl?ntida","hotelId":20385064,"hotelName":"Santoral","address":"Rambla Mansa,Esquina Republica Argentina,16000 Atlantida,Uruguay","phones":"+59843723200","fax":"","email":"contacto@santoral.com.uy","url":"http://www.santoral.com.uy","countryIso2":"UY","countryName":"Uruguay","hotelRating":"0","latitude":"-34.7727","longitude":"-55.7628","state_id":null,"state_name":null,"country_id":null},{"active":false,"Giataid":"919377","cityId":null,"cityName":"Jos? Ignacio","hotelId":20385067,"hotelName":"La Pasionaria","address":"Camino Eugenio Saiz Martinez,20402 Jose Ignacio,Uruguay","phones":"","fax":"","email":"","url":"","countryIso2":"UY","countryName":"Uruguay","hotelRating":"0","latitude":"-34.8312","longitude":"-54.6352","state_id":null,"state_name":null,"country_id":null},{"active":false,"Giataid":"935591","cityId":null,"cityName":"Piri?polis","hotelId":20385073,"hotelName":"Alojamiento El Paso","address":"Chacabuco 958,20200 Piriapolis,Uruguay","phones":"","fax":"","email":"","url":"","countryIso2":"UY","countryName":"Uruguay","hotelRating":"0","latitude":"-34.8681","longitude":"-55.2751","state_id":null,"state_name":null,"country_id":null},{"active":false,"Giataid":"919008","cityId":null,"cityName":"Punta del Diablo","hotelId":20385074,"hotelName":"Villa Lavanda","address":"Calle Central Y 12,11400 Punta del Diablo,Uruguay","phones":"","fax":"","email":"contacto@villalavanda.com.uy","url":"http://www.villalavanda.com.uy/","countryIso2":"UY","countryName":"Uruguay","hotelRating":"0","latitude":"-34.0397","longitude":"-53.5433","state_id":null,"state_name":null,"country_id":null},{"active":false,"Giataid":"918983","cityId":null,"cityName":"Termas del Daym?n","hotelId":20385077,"hotelName":"Mirador del Dayman","address":"Jacarand?,Esquina Circunvalaci?n,Termas del Daym?n,Salto,Uruguay","phones":"+59847369154","fax":"","email":"miradordeldayman@gmail.com","url":"http://www.miradordeldayman.com.uy/","countryIso2":"UY","countryName":"Uruguay","hotelRating":"0","latitude":"-31.457","longitude":"-57.9064","state_id":null,"state_name":null,"country_id":null},{"active":false,"Giataid":"935507","cityId":null,"cityName":"Colonia Valdense","hotelId":20385080,"hotelName":"Posada Ciudad Jardin","address":"Ana Armand Ugon De Tron,70202 Colonia Valdense,Uruguay","phones":"","fax":"","email":"","url":"","countryIso2":"UY","countryName":"Uruguay","hotelRating":"0","latitude":"-34.3397","longitude":"-57.2095","state_id":null,"state_name":null,"country_id":null},{"active":false,"Giataid":"918963","cityId":null,"cityName":"Piri?polis","hotelId":20385087,"hotelName":"Apart Hotel Terrazas De San Francisco","address":"Rambla De Los Ingleses Y Rawson,20200 Piri?polis,Uruguay","phones":"","fax":"","email":"","url":"","countryIso2":"UY","countryName":"Uruguay","hotelRating":"0","latitude":"-34.8883","longitude":"-55.2773","state_id":null,"state_name":null,"country_id":null},{"active":false,"Giataid":"918057","cityId":null,"cityName":"Punta del Diablo","hotelId":20385088,"hotelName":"Calas Del Diablo","address":"Calle 7,Los Tiburones,Entre 14 Y 16,Punta Del Diablo,Rocha,Uruguay","phones":"+59844772056","fax":"","email":"loftcalasdeldiablo@hotmail.com","url":"http://www.calasdeldiablo.com","countryIso2":"UY","countryName":"Uruguay","hotelRating":"0","latitude":"-34.0394","longitude":"-53.5453","state_id":null,"state_name":null,"country_id":null},{"active":false,"Giataid":"935554","cityId":null,"cityName":"Tacuaremb?","hotelId":20385092,"hotelName":"Nangapire Posada De Campo","address":"Ruta 31 km 211,Sauce De Zapara,Tacuarembo,Uruguay","phones":"","fax":"","email":"nangapire1@gmail.com","url":"http://www.nangapireposadadecampo.com","countryIso2":"UY","countryName":"Uruguay","hotelRating":"0","latitude":"-31.7113","longitude":"-55.9768","state_id":null,"state_name":null,"country_id":null},{"active":false,"Giataid":"823270","cityId":null,"cityName":"Termas del Arapey","hotelId":20385093,"hotelName":"Hotel Termas Del Arapey","address":"50003 Termas Del Arapey,Uruguay","phones":"","fax":"","email":"","url":"","countryIso2":"UY","countryName":"Uruguay","hotelRating":"0","latitude":"-30.946","longitude":"-57.5206","state_id":null,"state_name":null,"country_id":null},{"active":false,"Giataid":"919112","cityId":null,"cityName":"Piri?polis","hotelId":20385101,"hotelName":"Edificio Sagasti","address":"Gregorio Sanabria 918,20200 Piriapolis,Uruguay","phones":"","fax":"","email":"","url":"","countryIso2":"UY","countryName":"Uruguay","hotelRating":"0","latitude":"-34.8681","longitude":"-55.2751","state_id":null,"state_name":null,"country_id":null},{"active":false,"Giataid":"918402","cityId":null,"cityName":"Punta del Diablo","hotelId":20385102,"hotelName":"Balcones De Mar","address":"Calle 5,Entre Calles 18 Y 20,27201 Punta Del Diablo,Uruguay","phones":"","fax":"","email":"balconesdemar@hotmail.com","url":"http://www.balconesdemar.com","countryIso2":"UY","countryName":"Uruguay","hotelRating":"0","latitude":"-34.0379","longitude":"-53.5444","state_id":null,"state_name":null,"country_id":null},{"active":false,"Giataid":"915998","cityId":null,"cityName":"Termas del Daym?n","hotelId":20385106,"hotelName":"Hostal Canela","address":"Calle los Sauces s/n,50000 Termas Del Dayman,Uruguay","phones":"","fax":"","email":"","url":"http://www.hostalcanela.com.uy/","countryIso2":"UY","countryName":"Uruguay","hotelRating":"0","latitude":"-31.4458","longitude":"-57.9156","state_id":null,"state_name":null,"country_id":null},{"active":false,"Giataid":"727207","cityId":null,"cityName":"Punta Ballena","hotelId":20385107,"hotelName":"Azure Towers","address":"Ruta 10  Castells Capurro,Punta Ballena 99970,Maldonado,Uruguay","phones":"","fax":"","email":"","url":"","countryIso2":"UY","countryName":"Uruguay","hotelRating":"0","latitude":"-34.8856","longitude":"-55.0439","state_id":null,"state_name":null,"country_id":null},{"active":false,"Giataid":"919072","cityId":null,"cityName":"Cabo Polonio","hotelId":20385109,"hotelName":"Cabo Polonio Hostel","address":"San Jose 1406,Playa Norte,27202 Cabo Polonio,Uruguay","phones":"","fax":"","email":"cabopoloniohostel@hotmail.com","url":"http://cabopoloniohostel.com/index.php","countryIso2":"UY","countryName":"Uruguay","hotelRating":"0","latitude":"-34.4013","longitude":"-53.7818","state_id":null,"state_name":null,"country_id":null},{"active":false,"Giataid":"918617","cityId":null,"cityName":"Piri?polis","hotelId":20385116,"hotelName":"Alojamiento San Antonio","address":"Calle Uruguay,Subiendo El Cerro San Antonio,Frente Al Puerto,20200 Piri?polis,Uruguay","phones":"","fax":"","email":"","url":"","countryIso2":"UY","countryName":"Uruguay","hotelRating":"0","latitude":"-34.8768","longitude":"-55.2779","state_id":null,"state_name":null,"country_id":null},{"active":false,"Giataid":"903941","cityId":null,"cityName":"Punta del Diablo","hotelId":20385117,"hotelName":"Green Door Hostel","address":"Avenida Central 248,99970 Punta Del Diablo,Rocha,Uruguay","phones":"","fax":"","email":"","url":"","countryIso2":"UY","countryName":"Uruguay","hotelRating":"0","latitude":"-34.0413","longitude":"-53.5443","state_id":null,"state_name":null,"country_id":null},{"active":false,"Giataid":"919302","cityId":null,"cityName":"Tacuaremb?","hotelId":20385121,"hotelName":"Hotel Internacional","address":"Ituzaingo 211,45000 Tacuarembo,Uruguay","phones":"","fax":"","email":"","url":"","countryIso2":"UY","countryName":"Uruguay","hotelRating":"0","latitude":"-31.7113","longitude":"-55.9768","state_id":null,"state_name":null,"country_id":null},{"active":false,"Giataid":"919386","cityId":null,"cityName":"Atl?ntida","hotelId":20385123,"hotelName":"La Ponderosa","address":"Calle 7,Del Fortin,15105 Atlantida,Uruguay","phones":"","fax":"","email":"","url":"","countryIso2":"UY","countryName":"Uruguay","hotelRating":"0","latitude":"-34.7711","longitude":"-55.7966","state_id":null,"state_name":null,"country_id":null},{"active":false,"Giataid":"935480","cityId":null,"cityName":"Piri?polis","hotelId":20385132,"hotelName":"Baraka Posada","address":"Calle 12,Entre 5 Y El Arroyo,Playa Grande,20200 Piriapolis,Uruguay","phones":"","fax":"","email":"","url":"http://baraka-posada.business.site","countryIso2":"UY","countryName":"Uruguay","hotelRating":"0","latitude":"-34.8681","longitude":"-55.2751","state_id":null,"state_name":null,"country_id":null},{"active":false,"Giataid":"918493","cityId":null,"cityName":"Punta del Diablo","hotelId":20385133,"hotelName":"Giramundos","address":"Boulevard Santa Teresa,Esquina San Sebastian,27204 Punta Del Diablo,Uruguay","phones":"+59844772931","fax":"","email":"robfrati@gmail.com","url":"http://www.giramundospuntadeldiablo.com","countryIso2":"UY","countryName":"Uruguay","hotelRating":"0","latitude":"-34.0451","longitude":"-53.5477","state_id":null,"state_name":null,"country_id":null},{"active":false,"Giataid":"918600","cityId":null,"cityName":"Termas del Daym?n","hotelId":20385136,"hotelName":"Armonia Aparts","address":"Los Sauces,Los Molles,Termas Del Dayman,Salto,Uruguay","phones":"+59847369058","fax":"","email":"info@armoniaaparts.com.uy","url":"http://www.armoniaaparts.com.uy","countryIso2":"UY","countryName":"Uruguay","hotelRating":"0","latitude":"-31.4475","longitude":"-57.9137","state_id":null,"state_name":null,"country_id":null},{"active":false,"Giataid":"982545","cityId":null,"cityName":"Cuchilla Alta","hotelId":20422869,"hotelName":"Posada Escalones","address":"Rambla De Santa Ana Esquina Calle 5,16120 Cuchilla Alta,Uruguay","phones":"","fax":"","email":"","url":"","countryIso2":"UY","countryName":"Uruguay","hotelRating":"1","latitude":"-34.7958","longitude":"-55.4806","state_id":null,"state_name":null,"country_id":null},{"active":false,"Giataid":"949105","cityId":null,"cityName":"Cabo Polonio","hotelId":20422877,"hotelName":"Posada Carmela","address":"Camino Posadas,27202 Cabo Polonio,Uruguay","phones":"","fax":"","email":"","url":"","countryIso2":"UY","countryName":"Uruguay","hotelRating":"1","latitude":"-34.4026","longitude":"-53.7809","state_id":null,"state_name":null,"country_id":null},{"active":false,"Giataid":"982319","cityId":null,"cityName":"Villa Serrana","hotelId":20422894,"hotelName":"Octogono Om Shanti","address":"Ruta 8 Km 145,Villa Serrana,Uruguay","phones":"+59844403989","fax":"","email":"octogono.omshanti@gmail.com","url":"http://www.octogonoomshanti.com","countryIso2":"UY","countryName":"Uruguay","hotelRating":"1","latitude":"-34.3252","longitude":"-54.9861","state_id":null,"state_name":null,"country_id":null},{"active":false,"Giataid":"984726","cityId":null,"cityName":"Jos? Ignacio","hotelId":20422896,"hotelName":"La Balsa","address":"Ruta 10 km 191,Laguna Garzon,20402 Jos? Ignacio,Uruguay","phones":"","fax":"","email":"","url":"http://www.booking.com/hotel/uy/la-balsa.html?aid=356980","countryIso2":"UY","countryName":"Uruguay","hotelRating":"1","latitude":"-34.8312","longitude":"-54.6352","state_id":null,"state_name":null,"country_id":null},{"active":false,"Giataid":"984622","cityId":null,"cityName":"Paysand?","hotelId":20422907,"hotelName":"Lazy Gaucho","address":"Ciudad De Young 1025,60000 Paysandu,Uruguay","phones":"","fax":"","email":"","url":"","countryIso2":"UY","countryName":"Uruguay","hotelRating":"1","latitude":"-32.331","longitude":"-58.0738","state_id":null,"state_name":null,"country_id":null},{"active":false,"Giataid":"982475","cityId":null,"cityName":"Paysand?","hotelId":20422922,"hotelName":"Palmares De Guaviyu Apart Hotel","address":"Ruta 3 Km 431,500,Termas De Guaviy?,Paysand?,Uruguay","phones":"+59847552011","fax":"","email":"palmaresdeguaviyu@gmail.com","url":"http://palmaresdeguaviyu.com","countryIso2":"UY","countryName":"Uruguay","hotelRating":"1","latitude":"-32.331","longitude":"-58.0738","state_id":null,"state_name":null,"country_id":null}]