[{"active":false,"Giataid":"10957","cityId":null,"cityName":"Gosier","hotelId":10957,"hotelName":"La Creole Beach Hotel & Spa","address":"Pointe De La Verdure,Gosier,Guadeloupe","phones":"+590904646","fax":"+590904666","email":"reservation@creolebeach.com","url":"http://www.residence-yucca.com/index.php","countryIso2":"GP","countryName":"Guadeloupe","hotelRating":"4","latitude":"16.2072","longitude":"-61.5062","state_id":null,"state_name":null,"country_id":null},{"active":false,"Giataid":"16058","cityId":null,"cityName":"Bouillante","hotelId":16058,"hotelName":"Le Domaine de Malendure","address":"","phones":"","fax":"","email":"","url":"","countryIso2":"GP","countryName":"Guadeloupe","hotelRating":"2","latitude":"16.0161","longitude":"-61.729","state_id":null,"state_name":null,"country_id":null},{"active":false,"Giataid":"16058","cityId":null,"cityName":"Bouillante","hotelId":16058,"hotelName":"Le Domaine de Malendure","address":"","phones":"","fax":"","email":"","url":"","countryIso2":"GP","countryName":"Guadeloupe","hotelRating":"2","latitude":"16.0161","longitude":"-61.729","state_id":null,"state_name":null,"country_id":null},{"active":false,"Giataid":"16099","cityId":null,"cityName":"St. Francois","hotelId":16099,"hotelName":"La Cocoteraie","address":"Avenue de l'Europe,97118 Saint-Fran?ois,Guadeloupe,Guadeloupe","phones":"+590590887981","fax":"+590590887833","email":"cocoteraie@wanadoo.fr","url":"http://www.lacocoteraie.com/","countryIso2":"GP","countryName":"Guadeloupe","hotelRating":"4","latitude":"16.2524","longitude":"-61.2643","state_id":null,"state_name":null,"country_id":null},{"active":false,"Giataid":"19065","cityId":null,"cityName":"Sainte Anne de Guadeloupe","hotelId":19065,"hotelName":"Pierre & Vacances Sainte Anne Holiday Village","address":"Seo La Pointe de Helleux,97180 Sainte - Anne,Antilles,Guadeloupe","phones":"+59033590470000","fax":"","email":"","url":"http://www.pierreetvacances.com/resorts/fr-fr/appartement-guadeloupe-sainte-anne_SAL-H_fp","countryIso2":"GP","countryName":"Guadeloupe","hotelRating":"3","latitude":"16.243","longitude":"-61.3281","state_id":null,"state_name":null,"country_id":null},{"active":false,"Giataid":"21790","cityId":null,"cityName":"Gosier","hotelId":21790,"hotelName":"Auberge De La Vieille Tour","address":"Montauban,97190 Gosier,Guadeloupe","phones":"+590590842323","fax":"+590590843343","email":"H1345@accor.com","url":"http://www.sofitel.com/sofitel/fichehotel/gb/sof/1345/fiche_hotel.shtml","countryIso2":"GP","countryName":"Guadeloupe","hotelRating":"4","latitude":"16.2058","longitude":"-61.5001","state_id":null,"state_name":null,"country_id":null},{"active":false,"Giataid":"27350","cityId":null,"cityName":"Gosier","hotelId":27350,"hotelName":"Canella Beach Hotel","address":"Pointe de la Verdure,97190 Gosier,Guadeloupe","phones":"+590590904400","fax":"+590904444","email":"reservation@canellabeach.com","url":"http://canellabeachhotel.com/","countryIso2":"GP","countryName":"Guadeloupe","hotelRating":"3","latitude":"16.2091","longitude":"-61.5073","state_id":null,"state_name":null,"country_id":null},{"active":false,"Giataid":"38547","cityId":null,"cityName":"Trois Revi?res","hotelId":38547,"hotelName":"Le Jardin Malanga","address":"97114 Trois Rivi?res,French West Indies,Guadeloupe","phones":"+590590926757","fax":"+590926758","email":"info@deshotelsetdesiles.com","url":"","countryIso2":"GP","countryName":"Guadeloupe","hotelRating":"3","latitude":"15.9926","longitude":"-61.6393","state_id":null,"state_name":null,"country_id":null},{"active":false,"Giataid":"38549","cityId":null,"cityName":"Sainte Anne de Guadeloupe","hotelId":38549,"hotelName":"La Toubana Hotel & Spa","address":"97180 Saint-Anne,Guadeloupe","phones":"+590590882578","fax":"+590590883890","email":"info@toubana.com","url":"http://www.toubana.com/index-en.php","countryIso2":"GP","countryName":"Guadeloupe","hotelRating":"4","latitude":"16.2193","longitude":"-61.4032","state_id":null,"state_name":null,"country_id":null},{"active":false,"Giataid":"38550","cityId":null,"cityName":"Gosier","hotelId":38550,"hotelName":"Le Mahogany Hotel Residence & Spa","address":"BP 61,97190 Gosier,Guadeloupe,Guadeloupe","phones":"+590590904646","fax":"+590590904666","email":"reservation@creolebeach.com","url":"http://www.hotel-mahogany.com/index-en.php","countryIso2":"GP","countryName":"Guadeloupe","hotelRating":"4","latitude":"16.2074","longitude":"-61.5068","state_id":null,"state_name":null,"country_id":null},{"active":false,"Giataid":"38551","cityId":null,"cityName":"St. Francois","hotelId":38551,"hotelName":"Bwa Chik Hotel & Golf","address":"BP 204,Avenue de l'Europe,97118 Saint-Fran?ois,Guadeloupe","phones":"+590886060","fax":"+590855143","email":"info@bwachik.com","url":"http://www.guadeloupe-fr.com/repertHeberg/256=hotel-guadeloupe-saint-francois/","countryIso2":"GP","countryName":"Guadeloupe","hotelRating":"3","latitude":"16.2511","longitude":"-61.2849","state_id":null,"state_name":null,"country_id":null},{"active":false,"Giataid":"38552","cityId":null,"cityName":"St. Francois","hotelId":38552,"hotelName":"Le Residence Golf Village","address":"96 Les Hauts de Saint-Fran?ois,97118 Saint-Fran?ois,Guadeloupe","phones":"+590590887373","fax":"+590590886170","email":"gvillage@outremer.com","url":"http://www.primeahotels.com/westindischen-inseln-ferien/golf-village-hotel.html","countryIso2":"GP","countryName":"Guadeloupe","hotelRating":"3","latitude":"16.2517","longitude":"-61.2847","state_id":null,"state_name":null,"country_id":null},{"active":false,"Giataid":"38752","cityId":null,"cityName":"Grande Anse","hotelId":38752,"hotelName":"Habitation Grande Anse","address":"Localite Ziotte,Grande Anse,97126 Deshaies,Guadeloupe","phones":"+590590284536","fax":"+590590285117","email":"info@hotelhga.com","url":"http://www.hotelhga.com/","countryIso2":"GP","countryName":"Guadeloupe","hotelRating":"3","latitude":"16.3237","longitude":"-61.7843","state_id":null,"state_name":null,"country_id":null},{"active":false,"Giataid":"38750","cityId":null,"cityName":"Sainte Anne de Guadeloupe","hotelId":38750,"hotelName":"Le Relais du Moulin","address":"Le Helleux,97180 Sainte-Anne,Guadeloupe","phones":"+590590884848","fax":"","email":"","url":"","countryIso2":"GP","countryName":"Guadeloupe","hotelRating":"4","latitude":"16.2473","longitude":"-61.3445","state_id":null,"state_name":null,"country_id":null},{"active":false,"Giataid":"38751","cityId":null,"cityName":"Gosier","hotelId":38751,"hotelName":"Callinago Beach Resort","address":"Pointe de la Verdure,97190 Gosier,Guadeloupe","phones":"+590590842525","fax":"+590590842490","email":"","url":"","countryIso2":"GP","countryName":"Guadeloupe","hotelRating":"3","latitude":"16.2064","longitude":"-61.5022","state_id":null,"state_name":null,"country_id":null},{"active":false,"Giataid":"41750","cityId":null,"cityName":"St. Francois","hotelId":41750,"hotelName":"Kalenda Saint-Francois","address":"Avenue de l'Europe,97118 Saint-Fran?ois,Guadeloupe","phones":"+590590480500","fax":"+590590884071","email":"","url":"","countryIso2":"GP","countryName":"Guadeloupe","hotelRating":"4","latitude":"16.2531","longitude":"-61.2632","state_id":null,"state_name":null,"country_id":null},{"active":false,"Giataid":"41751","cityId":null,"cityName":"Gosier","hotelId":41751,"hotelName":"Fleur d'Epee","address":"Bas du Fort,97190 Gosier,Guadeloupe","phones":"+590590904000","fax":"+590590909907","email":"reservation@hotel-fleur-depee.com","url":"http://www.hotel-fleur-depee.com/","countryIso2":"GP","countryName":"Guadeloupe","hotelRating":"3","latitude":"16.2136","longitude":"-61.5223","state_id":null,"state_name":null,"country_id":null},{"active":false,"Giataid":"48041","cityId":null,"cityName":"St. Rose","hotelId":48041,"hotelName":"La Sucrerie du Comte","address":"Comte de Loheac,97115 Sainte-Rose,Guadeloupe - Caribbean - French West Indies,Guadeloupe","phones":"+590590286017","fax":"+590590286563","email":"lasucrerie.reservation@wanadoo.fr","url":"http://www.lasucrerieducomte.com/","countryIso2":"GP","countryName":"Guadeloupe","hotelRating":"3","latitude":"16.3411","longitude":"-61.7197","state_id":null,"state_name":null,"country_id":null},{"active":false,"Giataid":"48043","cityId":null,"cityName":"Deshaies","hotelId":48043,"hotelName":"Domaine De La Pointe Batterie","address":"1 Chemin De La Batterie,Deshaies,Guadeloupe","phones":"+590285703","fax":"+590285728","email":"","url":"http://www.hebergement-guadeloupe.net","countryIso2":"GP","countryName":"Guadeloupe","hotelRating":"3","latitude":"16.3019","longitude":"-61.7983","state_id":null,"state_name":null,"country_id":null},{"active":false,"Giataid":"48044","cityId":null,"cityName":"Sainte Anne de Guadeloupe","hotelId":48044,"hotelName":"Hotel Le Rotabas","address":"Pointe de la Caravelle,Durivage,97180 Sainte-Anne,Guadeloupe","phones":"+590882560","fax":"+590590882687","email":"contact@lerotabas.com","url":"http://www.lerotabas.com/index.php#rotabas01/img/defaut/XZ0W8582.jpg","countryIso2":"GP","countryName":"Guadeloupe","hotelRating":"2","latitude":"16.221","longitude":"-61.3946","state_id":null,"state_name":null,"country_id":null},{"active":false,"Giataid":"48048","cityId":null,"cityName":"Grande Anse","hotelId":48048,"hotelName":"Tainos Cottages","address":"Plage de Grande Anse,97126 Deshaies,Guadeloupe","phones":"+590284442","fax":"","email":"info@tainoscottages.com","url":"http://www.tainoscottages.com/","countryIso2":"GP","countryName":"Guadeloupe","hotelRating":"3","latitude":"16.3245","longitude":"-61.7868","state_id":null,"state_name":null,"country_id":null},{"active":false,"Giataid":"135974","cityId":null,"cityName":"Matouba","hotelId":135974,"hotelName":"Les Cycas Apartments","address":"Matouba,97120 Saint-Claude,Guadeloupe","phones":"+590325626","fax":"+590325629","email":"les.cycas@wanadoo.fr","url":"http://domainedeletang.free.fr/","countryIso2":"GP","countryName":"Guadeloupe","hotelRating":"3","latitude":"16.032","longitude":"-61.697","state_id":null,"state_name":null,"country_id":null},{"active":false,"Giataid":"151764","cityId":null,"cityName":"Pointe-a-Pitre","hotelId":151764,"hotelName":"Hotel Saint John Perse","address":"Centre de Saint John Perse,Quai des Croisi?res,97110 Pointe ? Pitre,Guadeloupe","phones":"+590825157","fax":"","email":"","url":"","countryIso2":"GP","countryName":"Guadeloupe","hotelRating":"2","latitude":"16.2351","longitude":"-61.5362","state_id":null,"state_name":null,"country_id":null},{"active":false,"Giataid":"187341","cityId":null,"cityName":"Deshaies","hotelId":187341,"hotelName":"Langley Resort Fort Royal","address":"Lieu dit Petit Bas Vent,97126 Deshaies,Guadeloupe","phones":"+590590687670","fax":"","email":"","url":"","countryIso2":"GP","countryName":"Guadeloupe","hotelRating":"3","latitude":"16.3494","longitude":"-61.776","state_id":null,"state_name":null,"country_id":null},{"active":false,"Giataid":"189412","cityId":null,"cityName":"St. Francois","hotelId":189412,"hotelName":"Hotel Amaudo","address":"Anse ? la Barque,97118  St Francois,Guadeloupe","phones":"+590590888700","fax":"","email":"","url":"","countryIso2":"GP","countryName":"Guadeloupe","hotelRating":"3","latitude":"16.2437","longitude":"-61.3218","state_id":null,"state_name":null,"country_id":null},{"active":false,"Giataid":"189414","cityId":null,"cityName":"St. Francois","hotelId":189414,"hotelName":"La Plantation Resort Golf & Spa","address":"Saint Martre Center,97118 Saint Francois,Guadeloupe","phones":"+59033590210210","fax":"+59033590489610","email":"contact@laplantationresort.fr","url":"http://www.laplantationresort.fr/","countryIso2":"GP","countryName":"Guadeloupe","hotelRating":"4","latitude":"16.2645","longitude":"-61.2677","state_id":null,"state_name":null,"country_id":null},{"active":false,"Giataid":"189416","cityId":null,"cityName":"Capesterre-Belle-Eau","hotelId":189416,"hotelName":"Cap Reva Resort Hotel","address":"Plage de la Feuill?re,97140 Capesterre,Guadeloupe","phones":"","fax":"","email":"","url":"","countryIso2":"GP","countryName":"Guadeloupe","hotelRating":"3","latitude":"15.8886","longitude":"-61.2234","state_id":null,"state_name":null,"country_id":null},{"active":false,"Giataid":"230275","cityId":null,"cityName":"Deshaies","hotelId":230275,"hotelName":"Fleurs des Iles","address":"Grande-Anse,97126 Deshaies,Guadeloupe","phones":"+590285444","fax":"+590285444","email":"","url":"http://www.fleursdesiles.com/","countryIso2":"GP","countryName":"Guadeloupe","hotelRating":"1","latitude":"16.3236","longitude":"-61.7858","state_id":null,"state_name":null,"country_id":null},{"active":false,"Giataid":"234307","cityId":null,"cityName":"St. Francois","hotelId":234307,"hotelName":"Residence Le Vallon","address":"Route du Moule,97118 Saint-Fran?ois,Guadeloupe","phones":"+590855252","fax":"+590855076","email":"levallon@wanadoo.fr","url":"http://www.primeahotels.com/sejour-guadeloupe/primea-hebergements.php?id_hotel=4","countryIso2":"GP","countryName":"Guadeloupe","hotelRating":"2","latitude":"16.2503","longitude":"-61.2831","state_id":null,"state_name":null,"country_id":null},{"active":false,"Giataid":"291695","cityId":17353,"cityName":"Pointe-Noire","hotelId":291695,"hotelName":"Kotesi","address":"Chemin de Belle-H?tesse,Gommier,97116 Pointe Noire,Guadeloupe","phones":"+590590380456","fax":"","email":"","url":"","countryIso2":"GP","countryName":"Guadeloupe","hotelRating":"1","latitude":"16.249","longitude":"-61.7814","state_id":2863,"state_name":"Pointe-Noire","country_id":50},{"active":false,"Giataid":"323431","cityId":null,"cityName":"Pointe-a-Pitre","hotelId":323431,"hotelName":"Le Bougainvillee","address":"","phones":"","fax":"","email":"","url":"","countryIso2":"GP","countryName":"Guadeloupe","hotelRating":"1","latitude":"16.239","longitude":"-61.5017","state_id":null,"state_name":null,"country_id":null},{"active":false,"Giataid":"368986","cityId":null,"cityName":"Pointe-a-Pitre","hotelId":368986,"hotelName":"Yucca Residence","address":"","phones":"","fax":"","email":"","url":"","countryIso2":"GP","countryName":"Guadeloupe","hotelRating":"1","latitude":"16.239","longitude":"-61.5017","state_id":null,"state_name":null,"country_id":null},{"active":false,"Giataid":"490236","cityId":null,"cityName":"Sainte Rose","hotelId":490236,"hotelName":"Gites Mosaiques","address":"","phones":"","fax":"","email":"","url":"","countryIso2":"GP","countryName":"Guadeloupe","hotelRating":"1","latitude":"16.3552","longitude":"-61.7373","state_id":null,"state_name":null,"country_id":null},{"active":false,"Giataid":"490257","cityId":null,"cityName":"Deshaies","hotelId":490257,"hotelName":"Residence Simona","address":"","phones":"","fax":"","email":"","url":"","countryIso2":"GP","countryName":"Guadeloupe","hotelRating":"1","latitude":"16.3122","longitude":"-61.7898","state_id":null,"state_name":null,"country_id":null},{"active":false,"Giataid":"508390","cityId":null,"cityName":"Capesterre-Belle-Eau","hotelId":508390,"hotelName":"Le M Hotel Marie Galante","address":"Section Brumant,97140 Capesterre-de-Marie-Galante,Guadeloupe","phones":"+590973295","fax":"","email":"","url":"http://www.lemhotel.fr/","countryIso2":"GP","countryName":"Guadeloupe","hotelRating":"1","latitude":"15.872","longitude":"-61.2576","state_id":null,"state_name":null,"country_id":null},{"active":false,"Giataid":"508390","cityId":null,"cityName":"Capesterre-de-Marie-Galante","hotelId":508390,"hotelName":"Le M Hotel Marie Galante","address":"Section Brumant,97140 Capesterre-de-Marie-Galante,Guadeloupe","phones":"+590973295","fax":"","email":"","url":"http://www.lemhotel.fr/","countryIso2":"GP","countryName":"Guadeloupe","hotelRating":"1","latitude":"15.872","longitude":"-61.2576","state_id":null,"state_name":null,"country_id":null},{"active":false,"Giataid":"511329","cityId":null,"cityName":"Terre-de-Haut","hotelId":511329,"hotelName":"Residence les Hauts de Grande Anse","address":"Route de l'Anse Rodrigue,97137 Terre De Haut,Guadeloupe","phones":"","fax":"","email":"","url":"","countryIso2":"GP","countryName":"Guadeloupe","hotelRating":"3","latitude":"15.8614","longitude":"-61.5802","state_id":null,"state_name":null,"country_id":null},{"active":false,"Giataid":"511330","cityId":null,"cityName":"Terre-de-Haut","hotelId":511330,"hotelName":"Grand Baie","address":"179 Route de l'Anse Figuier,97137 Terre de Haut,Guadeloupe","phones":"","fax":"","email":"","url":"","countryIso2":"GP","countryName":"Guadeloupe","hotelRating":"3","latitude":"15.8598","longitude":"-61.5886","state_id":null,"state_name":null,"country_id":null},{"active":false,"Giataid":"521730","cityId":null,"cityName":"Capesterre-Belle-Eau","hotelId":521730,"hotelName":"Hotel Le Soleil Levant","address":"42 Rue De La Marine,Marie-Galante,97140 Capesterre,Guadeloupe","phones":"","fax":"","email":"","url":"","countryIso2":"GP","countryName":"Guadeloupe","hotelRating":"3","latitude":"15.8942","longitude":"-61.2239","state_id":null,"state_name":null,"country_id":null},{"active":false,"Giataid":"522574","cityId":null,"cityName":"Deshaies","hotelId":522574,"hotelName":"Les Balisiers","address":"","phones":"","fax":"","email":"","url":"","countryIso2":"GP","countryName":"Guadeloupe","hotelRating":"1","latitude":"16.3211","longitude":"-61.7853","state_id":null,"state_name":null,"country_id":null},{"active":false,"Giataid":"541876","cityId":null,"cityName":"Le Moule","hotelId":541876,"hotelName":"Residence Tropicale","address":"Route De La Plage Des Aliz?s,L�Autre Bord,97160 Le Moule,Guadeloupe","phones":"+590590237838","fax":"+590590237839","email":"alizesvacances@Wanadoo.Fr","url":"","countryIso2":"GP","countryName":"Guadeloupe","hotelRating":"1","latitude":"16.3325","longitude":"-61.3358","state_id":null,"state_name":null,"country_id":null},{"active":false,"Giataid":"552735","cityId":null,"cityName":"Sainte Rose","hotelId":552735,"hotelName":"Habitation du Comte","address":"Comt? de Loheac (Ortsteil),97115 Sainte-Rose,Guadeloupe,Guadeloupe","phones":"+590590217881","fax":"","email":"contact@habitationducomte.com","url":"http://hotel-restaurant-guadeloupe.fr","countryIso2":"GP","countryName":"Guadeloupe","hotelRating":"3","latitude":"16.3321","longitude":"-61.6961","state_id":null,"state_name":null,"country_id":null},{"active":false,"Giataid":"38549","cityId":null,"cityName":"Sainte Anne de Guadeloupe","hotelId":557051,"hotelName":"La Toubana","address":"97180 Saint-Anne,Guadeloupe","phones":"+590590882578","fax":"","email":"","url":"http://toubana.com/hotel-guadeloupe/#home","countryIso2":"GP","countryName":"Guadeloupe","hotelRating":"3","latitude":"16.2347","longitude":"-61.3767","state_id":null,"state_name":null,"country_id":null},{"active":false,"Giataid":"604031","cityId":null,"cityName":"Deshaies","hotelId":604031,"hotelName":"TURTLE BAY Deshaies Guadeloupe","address":"","phones":"","fax":"","email":"","url":"","countryIso2":"GP","countryName":"Guadeloupe","hotelRating":"1","latitude":"16.3211","longitude":"-61.7853","state_id":null,"state_name":null,"country_id":null},{"active":false,"Giataid":"604061","cityId":17353,"cityName":"Pointe-Noire","hotelId":604061,"hotelName":"L'Ilot Palmiers","address":"","phones":"","fax":"","email":"","url":"","countryIso2":"GP","countryName":"Guadeloupe","hotelRating":"1","latitude":"16.2419","longitude":"-61.7866","state_id":2863,"state_name":"Pointe-Noire","country_id":50},{"active":false,"Giataid":"604431","cityId":null,"cityName":"Deshaies","hotelId":604431,"hotelName":"Au jardin des Colibris","address":"","phones":"+590590285268","fax":"","email":"","url":"","countryIso2":"GP","countryName":"Guadeloupe","hotelRating":"1","latitude":"16.2993","longitude":"-61.7965","state_id":null,"state_name":null,"country_id":null},{"active":false,"Giataid":"604433","cityId":null,"cityName":"Deshaies","hotelId":604433,"hotelName":"Habitation Pineau","address":"","phones":"+590830027","fax":"","email":"","url":"","countryIso2":"GP","countryName":"Guadeloupe","hotelRating":"1","latitude":"16.3381","longitude":"-61.7703","state_id":null,"state_name":null,"country_id":null},{"active":false,"Giataid":"617026","cityId":null,"cityName":"Le Moule","hotelId":617026,"hotelName":"Domaine de Portland","address":"Portland,Route de la Clinique,97160 Le Moule,Grande Terre,Guadeloupe","phones":"","fax":"","email":"","url":"","countryIso2":"GP","countryName":"Guadeloupe","hotelRating":"3","latitude":"16.327","longitude":"-61.3077","state_id":null,"state_name":null,"country_id":null},{"active":false,"Giataid":"617483","cityId":null,"cityName":"Les Abymes","hotelId":617483,"hotelName":"Les Gites De L'union","address":"ZA de Petit P?rou,97139 Les Abymes,Guadeloupe","phones":"+590218057","fax":"","email":"infos@les-gites-de-lunion.eu","url":"http://www.les-gites-de-lunion.eu","countryIso2":"GP","countryName":"Guadeloupe","hotelRating":"1","latitude":"16.2614","longitude":"-61.4946","state_id":null,"state_name":null,"country_id":null},{"active":false,"Giataid":"669305","cityId":null,"cityName":"St. Francois","hotelId":669305,"hotelName":"Bungalow Village Chez Honore","address":"Plage de L'Anse a la Gourde,Pointe des Chateaux,97118 Saint Francois,Guadeloupe","phones":"+590590850393","fax":"","email":"info@villagehonore.com","url":"http://www.chezhonore.com","countryIso2":"GP","countryName":"Guadeloupe","hotelRating":"1","latitude":"16.2581","longitude":"-61.2138","state_id":null,"state_name":null,"country_id":null},{"active":false,"Giataid":"669313","cityId":null,"cityName":"Le Moule","hotelId":669313,"hotelName":"Fleurs de Canne","address":"Route de Letaye,Le Moule 97160,Guadeloupe","phones":"+590690620911","fax":"","email":"contacts@fleursdecanne.info","url":"http://www.fleursdecanne.info","countryIso2":"GP","countryName":"Guadeloupe","hotelRating":"1","latitude":"16.3039","longitude":"-61.3159","state_id":null,"state_name":null,"country_id":null},{"active":false,"Giataid":"670073","cityId":null,"cityName":"Grand-Bourg","hotelId":670073,"hotelName":"Kazhamac","address":"30 L'Hermitage,Les Hauts De Murat,97112 Grand Bourg,Guadeloupe","phones":"","fax":"","email":"contact@kazhamac.com","url":"https://www.kazhamac.com/","countryIso2":"GP","countryName":"Guadeloupe","hotelRating":"1","latitude":"15.8913","longitude":"-61.2997","state_id":null,"state_name":null,"country_id":null},{"active":false,"Giataid":"670318","cityId":null,"cityName":"Petit-Bourg","hotelId":670318,"hotelName":"Aluna Ecolodge","address":"74 Domaine de Papin,Chemin de Comp?rou,97170 Petit Bourg,Guadeloupe","phones":"","fax":"","email":"","url":"http://aluna-ecolodge.com.es/","countryIso2":"GP","countryName":"Guadeloupe","hotelRating":"1","latitude":"16.2068","longitude":"-61.6419","state_id":null,"state_name":null,"country_id":null},{"active":false,"Giataid":"670406","cityId":null,"cityName":"Capesterre-Belle-Eau","hotelId":670406,"hotelName":"Habitation Cantamerle","address":"Route de Morne l�Habitu?e,near Capesterre-Belle-Eau,97130 Guadeloupe,Guadeloupe","phones":"+59033590988445","fax":"","email":"contact@habitationcantamerle.com","url":"http://habitationcantamerle.com/","countryIso2":"GP","countryName":"Guadeloupe","hotelRating":"1","latitude":"15.9887","longitude":"-61.466","state_id":null,"state_name":null,"country_id":null},{"active":false,"Giataid":"670471","cityId":null,"cityName":"Le Moule","hotelId":670471,"hotelName":"Shambala Lodge","address":"Route de la Clinique,Moule 97160,Guadeloupe","phones":"+590690557957","fax":"","email":"contact@shambalalodge.fr","url":"http://shambalalodge.fr","countryIso2":"GP","countryName":"Guadeloupe","hotelRating":"1","latitude":"16.3223","longitude":"-61.3015","state_id":null,"state_name":null,"country_id":null},{"active":false,"Giataid":"670486","cityId":null,"cityName":"Le Moule","hotelId":670486,"hotelName":"Zagadya","address":"Route de Sommabert,97160 Le Moule,Guadeloupe","phones":"","fax":"","email":"","url":"","countryIso2":"GP","countryName":"Guadeloupe","hotelRating":"1","latitude":"16.3535","longitude":"-61.4126","state_id":null,"state_name":null,"country_id":null},{"active":false,"Giataid":"670581","cityId":null,"cityName":"Capesterre-Belle-Eau","hotelId":670581,"hotelName":"Atlantic Gites","address":"Route de Cacador,97130 Capesterre-Belle-Eau,Guadeloupe","phones":"","fax":"","email":"","url":"","countryIso2":"GP","countryName":"Guadeloupe","hotelRating":"1","latitude":"16.05","longitude":"-61.5701","state_id":null,"state_name":null,"country_id":null},{"active":false,"Giataid":"670709","cityId":null,"cityName":"Capesterre-Belle-Eau","hotelId":670709,"hotelName":"Gites Vasseaux","address":"The Sarde Sainte-Marie,97130 Capesterre-Belle-Eau,Guadeloupe","phones":"","fax":"","email":"","url":"","countryIso2":"GP","countryName":"Guadeloupe","hotelRating":"1","latitude":"15.9887","longitude":"-61.466","state_id":null,"state_name":null,"country_id":null},{"active":false,"Giataid":"671017","cityId":null,"cityName":"Guadeloupe","hotelId":671017,"hotelName":"Village Le Pre","address":"Rue Du Pain De Sucre,Terre-de-Haut,97137 Guadeloupe,Guadeloupe","phones":"","fax":"","email":"","url":"","countryIso2":"GP","countryName":"Guadeloupe","hotelRating":"1","latitude":"15.8635","longitude":"-61.5892","state_id":null,"state_name":null,"country_id":null},{"active":false,"Giataid":"696206","cityId":null,"cityName":"St. Francois","hotelId":696206,"hotelName":"Domaine de May","address":"BP 216,Section May,97118 Saint-Fran?ois,Pointe-?-Pitre,Grande-Terre Island,Region Guadeloupe,Guadeloupe","phones":"+590590887951","fax":"","email":"domaine.de.may@wanadoo.fr","url":"http://www.domainedemay.fr","countryIso2":"GP","countryName":"Guadeloupe","hotelRating":"1","latitude":"16.2534","longitude":"-61.2792","state_id":null,"state_name":null,"country_id":null},{"active":false,"Giataid":"708968","cityId":null,"cityName":"Petit-Bourg","hotelId":708968,"hotelName":"Le Duc'ery hotel","address":"Hameau Ducquerry,97170 Petit Bourg,Guadeloupe","phones":"+590590957395","fax":"","email":"contact@hotel-ducery.com","url":"http://hotel-guadeloupe.biz/","countryIso2":"GP","countryName":"Guadeloupe","hotelRating":"1","latitude":"16.1786","longitude":"-61.6419","state_id":null,"state_name":null,"country_id":null},{"active":false,"Giataid":"737097","cityId":null,"cityName":"Sainte Anne de Guadeloupe","hotelId":737097,"hotelName":"Gwada Dream","address":"6 Lot Douville,97180 Sainte-anne,Guadeloupe","phones":"+590590831753","fax":"","email":"","url":"https://www.gwada-dream.fr/","countryIso2":"GP","countryName":"Guadeloupe","hotelRating":"1","latitude":"16.2347","longitude":"-61.3767","state_id":null,"state_name":null,"country_id":null},{"active":false,"Giataid":"741003","cityId":null,"cityName":"Terre-de-Haut","hotelId":741003,"hotelName":"Residence Hoteliere Hurlevent","address":"301 Route du Marigot,97137 Terre-de-Haut,Les Saintes,Guadeloupe","phones":"+590590995045","fax":"","email":"contact@residence-hoteliere-hurlevent.com","url":"http://www.residence-hoteliere-hurlevent.com/main/fr/index.php","countryIso2":"GP","countryName":"Guadeloupe","hotelRating":"1","latitude":"15.8613","longitude":"-61.5893","state_id":null,"state_name":null,"country_id":null},{"active":false,"Giataid":"746922","cityId":null,"cityName":"Deshaies","hotelId":746922,"hotelName":"Residence Deshroses","address":"17 Allee Des Crabes,Petit Bas Vent,97126 Deshaies,Guadeloupe","phones":"+590590284172","fax":"","email":"deshroses@orange.fr","url":"http://www.deshroses.fr","countryIso2":"GP","countryName":"Guadeloupe","hotelRating":"1","latitude":"16.3211","longitude":"-61.7853","state_id":null,"state_name":null,"country_id":null},{"active":false,"Giataid":"746963","cityId":null,"cityName":"Le Moule","hotelId":746963,"hotelName":"Le Domaine Turquoise","address":"Rue Wilfrid Loques,Cocoyer,97160 Le Moule,Guadeloupe","phones":"","fax":"","email":"contact@ledomaineturquoise.fr","url":"http://www.ledomaineturquoise.fr","countryIso2":"GP","countryName":"Guadeloupe","hotelRating":"1","latitude":"16.3214","longitude":"-61.3343","state_id":null,"state_name":null,"country_id":null},{"active":false,"Giataid":"747206","cityId":null,"cityName":"Gosier","hotelId":747206,"hotelName":"Studios Titine Et Citronnade","address":"Route Des Hotels,97190 Le Gosier,Guadeloupe,Guadeloupe","phones":"","fax":"","email":"","url":"","countryIso2":"GP","countryName":"Guadeloupe","hotelRating":"1","latitude":"16.2076","longitude":"-61.4998","state_id":null,"state_name":null,"country_id":null},{"active":false,"Giataid":"747488","cityId":null,"cityName":"St. Francois","hotelId":747488,"hotelName":"Gites Cannelle Et Azur","address":"Route Des Maraichers Labarthe,97118 Saint Francois,Dub?dou,Guadeloupe","phones":"","fax":"","email":"","url":"","countryIso2":"GP","countryName":"Guadeloupe","hotelRating":"1","latitude":"16.2534","longitude":"-61.2792","state_id":null,"state_name":null,"country_id":null},{"active":false,"Giataid":"748994","cityId":null,"cityName":"St. Francois","hotelId":748994,"hotelName":"Villas Et Chambres D'Hotes Chez Flo","address":"37 Les hauts de Saint Fran?ois,97118 Saint Fran?ois,Guadeloupe","phones":"","fax":"","email":"florence.chartier97@gmail.com","url":"https://www.guadeloupe-holidays.com","countryIso2":"GP","countryName":"Guadeloupe","hotelRating":"1","latitude":"16.2626","longitude":"-61.2696","state_id":null,"state_name":null,"country_id":null},{"active":false,"Giataid":"754241","cityId":null,"cityName":"St. Francois","hotelId":754241,"hotelName":"Les Jardins Des Alizes","address":"La Coulee,97118 Saint Francois,Guadeloupe","phones":"","fax":"","email":"reservation@lesjardinsdesalizes.fr","url":"http://www.lesjardinsdesalizes.fr/","countryIso2":"GP","countryName":"Guadeloupe","hotelRating":"1","latitude":"16.2534","longitude":"-61.2792","state_id":null,"state_name":null,"country_id":null},{"active":false,"Giataid":"755879","cityId":null,"cityName":"St. Francois","hotelId":755879,"hotelName":"Coco Cannelle","address":"Route De May,97118 Saint Francois,Guadeloupe","phones":"","fax":"","email":"","url":"","countryIso2":"GP","countryName":"Guadeloupe","hotelRating":"1","latitude":"16.2534","longitude":"-61.2792","state_id":null,"state_name":null,"country_id":null},{"active":false,"Giataid":"784456","cityId":null,"cityName":"Capesterre-Belle-Eau","hotelId":784456,"hotelName":"Sarl Le Touloulou","address":"Plage De Petite Anse,97140 Capesterre,Guadeloupe","phones":"","fax":"","email":"","url":"","countryIso2":"GP","countryName":"Guadeloupe","hotelRating":"1","latitude":"15.9887","longitude":"-61.466","state_id":null,"state_name":null,"country_id":null},{"active":false,"Giataid":"784521","cityId":null,"cityName":"St. Francois","hotelId":784521,"hotelName":"Butterfly Hostel","address":"Rue Schoelcher,97118 Saint Francois,Guadeloupe","phones":"","fax":"","email":"","url":"","countryIso2":"GP","countryName":"Guadeloupe","hotelRating":"1","latitude":"16.2534","longitude":"-61.2792","state_id":null,"state_name":null,"country_id":null},{"active":false,"Giataid":"786856","cityId":null,"cityName":"Grand-Bourg","hotelId":786856,"hotelName":"El Rancho","address":"1712 Grande Savane,97112 Grand-Bourg,Guadeloupe,Guadeloupe","phones":"","fax":"","email":"","url":"","countryIso2":"GP","countryName":"Guadeloupe","hotelRating":"1","latitude":"15.8913","longitude":"-61.2997","state_id":null,"state_name":null,"country_id":null},{"active":false,"Giataid":"788142","cityId":null,"cityName":"Petit-Bourg","hotelId":788142,"hotelName":"Le Palmaretum","address":"19 Route De l'Esp?rance,97170 Vernou,Guadeloupe","phones":"+590590387812","fax":"","email":"hotelpalmaretum@gmail.com","url":"http://www.palmaretum.com","countryIso2":"GP","countryName":"Guadeloupe","hotelRating":"1","latitude":"16.1786","longitude":"-61.6419","state_id":null,"state_name":null,"country_id":null},{"active":false,"Giataid":"789476","cityId":null,"cityName":"St. Francois","hotelId":789476,"hotelName":"Sunset Surf Camp","address":"Route Touristique,97116 Saint-Fran?ois,Guadeloupe","phones":"+590690416669","fax":"","email":"peyo@sunsetsurfcamp.com","url":"http://www.sunsetsurfcamp.com","countryIso2":"GP","countryName":"Guadeloupe","hotelRating":"1","latitude":"16.2534","longitude":"-61.2792","state_id":null,"state_name":null,"country_id":null},{"active":false,"Giataid":"811086","cityId":null,"cityName":"St. Francois","hotelId":811086,"hotelName":"Hostellerie des Chateaux","address":"Route de la Pointe des Ch?teaux,97118 Saint-Fran?ois,Guadeloupe,Guadeloupe","phones":"+590855408","fax":"","email":"hostellerie-des-chateaux@wanadoo.fr","url":"http://www.hostellerie-des-chateaux.com/","countryIso2":"GP","countryName":"Guadeloupe","hotelRating":"1","latitude":"16.2534","longitude":"-61.2792","state_id":null,"state_name":null,"country_id":null},{"active":false,"Giataid":"818282","cityId":null,"cityName":"Deshaies","hotelId":818282,"hotelName":"O Coeur De Deshaies","address":"La Haut Matouba,97126 Deshaies,Guadeloupe","phones":"","fax":"","email":"","url":"","countryIso2":"GP","countryName":"Guadeloupe","hotelRating":"1","latitude":"16.3211","longitude":"-61.7853","state_id":null,"state_name":null,"country_id":null},{"active":false,"Giataid":"819198","cityId":null,"cityName":"Sainte Anne de Guadeloupe","hotelId":819198,"hotelName":"Pierre & Vacances Village de Sainte Anne & Les Tamarins","address":"NULL","phones":"","fax":"","email":"","url":"","countryIso2":"GP","countryName":"Guadeloupe","hotelRating":"3","latitude":"16.2347","longitude":"-61.3767","state_id":null,"state_name":null,"country_id":null},{"active":false,"Giataid":"824083","cityId":null,"cityName":"Sainte Anne de Guadeloupe","hotelId":824083,"hotelName":"Habitation Les Manguiers","address":"Morne Burat,97180 Sainte-Anne,Guadeloupe","phones":"+590590883356","fax":"","email":"","url":"http://www.lesmanguiers.com","countryIso2":"GP","countryName":"Guadeloupe","hotelRating":"1","latitude":"16.2347","longitude":"-61.3767","state_id":null,"state_name":null,"country_id":null},{"active":false,"Giataid":"824538","cityId":null,"cityName":"Pointe-a-Pitre","hotelId":824538,"hotelName":"Les Terrasses De Boisvin","address":"246 Route De Boisvin,Les Abymes,97139 Pointe A Pitre,Guadeloupe","phones":"","fax":"","email":"","url":"","countryIso2":"GP","countryName":"Guadeloupe","hotelRating":"1","latitude":"16.239","longitude":"-61.5017","state_id":null,"state_name":null,"country_id":null},{"active":false,"Giataid":"838112","cityId":null,"cityName":"Capesterre-Belle-Eau","hotelId":838112,"hotelName":"Villa Mancina","address":"162 Rue Domineaux,Routhiers,97130 Capesterre-Belle-Eau,Guadeloupe","phones":"+590590388994","fax":"","email":"villamancina@live.fr","url":"http://www.villamancina-guadeloupe.com/","countryIso2":"GP","countryName":"Guadeloupe","hotelRating":"1","latitude":"16.0422","longitude":"-61.599","state_id":null,"state_name":null,"country_id":null},{"active":false,"Giataid":"849209","cityId":null,"cityName":"Capesterre-Belle-Eau","hotelId":849209,"hotelName":"Gite de Carangue Belle","address":"Carangaise,Capesterre-Belle-Eau,Guadeloupe","phones":"","fax":"","email":"","url":"","countryIso2":"GP","countryName":"Guadeloupe","hotelRating":"1","latitude":"16.0822","longitude":"-61.5795","state_id":null,"state_name":null,"country_id":null},{"active":false,"Giataid":"485908","cityId":null,"cityName":"Deshaies","hotelId":10061863,"hotelName":"Rose Des Vents","address":"Chemin de la Plage de La Perle,Voie du Sable d'Or,Riflet,97126 Deshaies,Guadeloupe","phones":"+590590222388","fax":"","email":"","url":"","countryIso2":"GP","countryName":"Guadeloupe","hotelRating":"1","latitude":"16.3402","longitude":"-61.7782","state_id":null,"state_name":null,"country_id":null},{"active":false,"Giataid":"671103","cityId":null,"cityName":"Bouillante","hotelId":10063487,"hotelName":"Harmonie Creole","address":"1 Impasse  Rue Camille Turlet,Desmarais,Bouillante,Basse-Terre,Guadeloupe","phones":"+590590460128","fax":"","email":"","url":"","countryIso2":"GP","countryName":"Guadeloupe","hotelRating":"1","latitude":"16.1404","longitude":"-61.7672","state_id":null,"state_name":null,"country_id":null},{"active":false,"Giataid":"409659","cityId":null,"cityName":"Gosier","hotelId":10070479,"hotelName":"E.gwada Hostel","address":"2 Plateau Marcimain,Saint Felix,97190 Le Gosier,Guadeloupe","phones":"+590590556786","fax":"","email":"","url":"","countryIso2":"GP","countryName":"Guadeloupe","hotelRating":"2","latitude":"16.2114","longitude":"-61.4565","state_id":null,"state_name":null,"country_id":null},{"active":false,"Giataid":"670314","cityId":null,"cityName":"Sainte Anne de Guadeloupe","hotelId":10072973,"hotelName":"Sicrier - Campground","address":"Res Sarkis Chateaubrun,Saint Anne 97180,Guadeloupe","phones":"","fax":"","email":"","url":"","countryIso2":"GP","countryName":"Guadeloupe","hotelRating":"1","latitude":"16.2465","longitude":"-61.3644","state_id":null,"state_name":null,"country_id":null},{"active":false,"Giataid":"489023","cityId":null,"cityName":"Deshaies","hotelId":10092201,"hotelName":"Les Merveilleux Flots De La Mer","address":"175 Impasse Les Bougainvillier,97126 Deshaies,Guadeloupe,Guadeloupe","phones":"+590590820045","fax":"NULL","email":"NULL","url":"NULL","countryIso2":"GP","countryName":"Guadeloupe","hotelRating":"2","latitude":"16.2715","longitude":"-61.8045","state_id":null,"state_name":null,"country_id":null},{"active":false,"Giataid":"513655","cityId":null,"cityName":"Deshaies","hotelId":10092225,"hotelName":"Les Reves D'or","address":"Wae Moune Rifflet,97126 Deshaies,Guadeloupe,Guadeloupe","phones":"+590590284675","fax":"NULL","email":"NULL","url":"NULL","countryIso2":"GP","countryName":"Guadeloupe","hotelRating":"2","latitude":"16.3315","longitude":"-61.7883","state_id":null,"state_name":null,"country_id":null},{"active":false,"Giataid":"524988","cityId":null,"cityName":"Sainte Anne de Guadeloupe","hotelId":10099095,"hotelName":"Nid Kreyol","address":"46 Route de Delair,Quiquince,97180 Sainte Anne,Guadeloupe","phones":"+590590887602","fax":"NULL","email":"NULL","url":"NULL","countryIso2":"GP","countryName":"Guadeloupe","hotelRating":"3","latitude":"16.2355","longitude":"-61.3787","state_id":null,"state_name":null,"country_id":null},{"active":false,"Giataid":"670171","cityId":null,"cityName":"Deshaies","hotelId":10099520,"hotelName":"Oasis De Grande Anse","address":"Chemin de Ziotte,97126 Deshaies,Guadeloupe","phones":"+590590285864","fax":"NULL","email":"NULL","url":"NULL","countryIso2":"GP","countryName":"Guadeloupe","hotelRating":"1","latitude":"16.3173","longitude":"-61.7839","state_id":null,"state_name":null,"country_id":null},{"active":false,"Giataid":"497976","cityId":null,"cityName":"Sainte Anne de Guadeloupe","hotelId":10099605,"hotelName":"Ti Village Creole","address":"Dupr?,97180 Sainte Anne,Guadeloupe,Guadeloupe","phones":"+590976029672","fax":"NULL","email":"NULL","url":"NULL","countryIso2":"GP","countryName":"Guadeloupe","hotelRating":"1","latitude":"16.2308","longitude":"-61.3888","state_id":null,"state_name":null,"country_id":null},{"active":false,"Giataid":"507032","cityId":17353,"cityName":"Pointe-Noire","hotelId":10103473,"hotelName":"West Indies Cottage","address":"62 Chemin Des Plaines,97116 Pointe Noire,Guadeloupe","phones":"+590590929617","fax":"NULL","email":"NULL","url":"NULL","countryIso2":"GP","countryName":"Guadeloupe","hotelRating":"1","latitude":"16.2245","longitude":"-61.7735","state_id":2863,"state_name":"Pointe-Noire","country_id":50},{"active":false,"Giataid":"497980","cityId":null,"cityName":"Deshaies","hotelId":10104541,"hotelName":"Residence Les Hauts de Deshaies","address":"La Haut Matouba,97126 Deshaies,Guadeloupe,Guadeloupe","phones":"NULL","fax":"NULL","email":"NULL","url":"NULL","countryIso2":"GP","countryName":"Guadeloupe","hotelRating":"1","latitude":"16.3088","longitude":"-61.7905","state_id":null,"state_name":null,"country_id":null},{"active":false,"Giataid":"497981","cityId":null,"cityName":"Deshaies","hotelId":10114929,"hotelName":"Chez Coco & Gregoire","address":"La Haut Matouba","phones":"NULL","fax":"NULL","email":"NULL","url":"NULL","countryIso2":"GP","countryName":"Guadeloupe","hotelRating":"1","latitude":"16.3211","longitude":"-61.7853","state_id":null,"state_name":null,"country_id":null},{"active":false,"Giataid":"448819","cityId":null,"cityName":"Grand-Bourg","hotelId":10115405,"hotelName":"Coco Beach Marie Galante","address":"Les Basses,97112 Grand Bourg,Guadeloupe","phones":"+590590971046","fax":"NULL","email":"NULL","url":"NULL","countryIso2":"GP","countryName":"Guadeloupe","hotelRating":"3","latitude":"15.8708","longitude":"-61.2853","state_id":null,"state_name":null,"country_id":null},{"active":false,"Giataid":"497982","cityId":null,"cityName":"Deshaies","hotelId":10115435,"hotelName":"Coeur Caraibes","address":"192 Heart Alley,Ziotte,97126 Deshaies,Guadeloupe,Guadeloupe","phones":"+590590284353","fax":"NULL","email":"NULL","url":"NULL","countryIso2":"GP","countryName":"Guadeloupe","hotelRating":"1","latitude":"16.32","longitude":"-61.7847","state_id":null,"state_name":null,"country_id":null},{"active":false,"Giataid":"509841","cityId":null,"cityName":"Deshaies","hotelId":10119388,"hotelName":"Gites Soleil Couchant","address":"Lieu dit Ziotte Grande Anse,97126 Deshaies,Guadeloupe","phones":"+590590284064","fax":"NULL","email":"NULL","url":"NULL","countryIso2":"GP","countryName":"Guadeloupe","hotelRating":"3","latitude":"16.3222","longitude":"-61.7842","state_id":null,"state_name":null,"country_id":null},{"active":false,"Giataid":"524320","cityId":null,"cityName":"Sainte Anne de Guadeloupe","hotelId":10128185,"hotelName":"La Berceuse Creole","address":"Route De Fouche, Section Delair Cz Maroudin J-j,97180 Ste Anne,Guadeloupe","phones":"+590590880485","fax":"NULL","email":"NULL","url":"NULL","countryIso2":"GP","countryName":"Guadeloupe","hotelRating":"1","latitude":"16.2403","longitude":"-61.3866","state_id":null,"state_name":null,"country_id":null},{"active":false,"Giataid":"448599","cityId":17353,"cityName":"Pointe-Noire","hotelId":10128319,"hotelName":"La Pointe D'argent","address":"Baillargent,97116 Pointe Noire,Guadeloupe,Guadeloupe","phones":"+590590284435","fax":"NULL","email":"NULL","url":"NULL","countryIso2":"GP","countryName":"Guadeloupe","hotelRating":"2","latitude":"16.2604","longitude":"-61.8049","state_id":2863,"state_name":"Pointe-Noire","country_id":50},{"active":false,"Giataid":"521749","cityId":null,"cityName":"Basse Terre","hotelId":10139628,"hotelName":"Hotel Saint Georges","address":"Rue Gratien Parize,Saint-Claude,97120 Basse-Terre,Guadeloupe","phones":"NULL","fax":"NULL","email":"NULL","url":"NULL","countryIso2":"GP","countryName":"Guadeloupe","hotelRating":"3","latitude":"16.0212","longitude":"-61.7035","state_id":null,"state_name":null,"country_id":null},{"active":false,"Giataid":"616984","cityId":null,"cityName":"Pointe-a-Pitre","hotelId":20002306,"hotelName":"Maison des Alizes","address":"Route de la Plage,l'Anse Maurice,97131 Gros Cap,Grande Terre,Guadeloupe","phones":"+590590858619","fax":"","email":"pelage.belise@gmail.com","url":"http://maison-des-alizes-gp.book.direct/fr-fr/","countryIso2":"GP","countryName":"Guadeloupe","hotelRating":"0","latitude":"16.4044","longitude":"-61.4225","state_id":null,"state_name":null,"country_id":null},{"active":false,"Giataid":"522534","cityId":null,"cityName":"Basse Terre","hotelId":20002535,"hotelName":"Paradis Tropical","address":"910 route de saint louis,Baillif,97123 Basse Terre,Guadeloupe","phones":"+590690333141","fax":"","email":"paradis-tropical@wanadoo.fr","url":"http://www.paradis-tropical.gp/","countryIso2":"GP","countryName":"Guadeloupe","hotelRating":"0","latitude":"16.0161","longitude":"-61.7314","state_id":null,"state_name":null,"country_id":null},{"active":false,"Giataid":"541504","cityId":null,"cityName":"Terre-de-Haut","hotelId":20002968,"hotelName":"Anse Caraibe","address":"Rue Emmanuel Laurent,97137 Terre-de-Haut,Guadeloupe","phones":"","fax":"","email":"","url":"","countryIso2":"GP","countryName":"Guadeloupe","hotelRating":"3","latitude":"15.8613","longitude":"-61.5893","state_id":null,"state_name":null,"country_id":null},{"active":false,"Giataid":"518946","cityId":null,"cityName":"Gosier","hotelId":20003199,"hotelName":"Residence la Manijeanne","address":"Route de Champagne,Cocoyer,97190 Le Gosier,Guadeloupe","phones":"","fax":"","email":"","url":"http://www.lamanijeanne.com/manijeanne.php","countryIso2":"GP","countryName":"Guadeloupe","hotelRating":"0","latitude":"16.2076","longitude":"-61.4998","state_id":null,"state_name":null,"country_id":null},{"active":false,"Giataid":"604429","cityId":null,"cityName":"St. Francois","hotelId":20003804,"hotelName":"Village de la Princesse","address":"Chemin de La Princesse Desvarieux,La route du Moule,97118 Saint Francois,Basse Terre,Guadeloupe","phones":"+590690583115","fax":"","email":"villagedelaprincesse@hotmail.fr","url":"http://location-villa-guadeloupe.biz/bungalow-bord-de-mer-guadeloupe-saint-francois-sainte-anne-village-de-la-princesse","countryIso2":"GP","countryName":"Guadeloupe","hotelRating":"0","latitude":"16.2957","longitude":"-61.2904","state_id":null,"state_name":null,"country_id":null},{"active":false,"Giataid":"696317","cityId":null,"cityName":"Deshaies","hotelId":20003983,"hotelName":"La Colline Verte","address":"741 All? Capado,Bas Vent,97126 Deshaies,Basse-Terre Island,Region Guadeloupe,Guadeloupe","phones":"","fax":"","email":"","url":"http://collineverte.net","countryIso2":"GP","countryName":"Guadeloupe","hotelRating":"0","latitude":"16.3427","longitude":"-61.7698","state_id":null,"state_name":null,"country_id":null},{"active":false,"Giataid":"670208","cityId":17353,"cityName":"Pointe-Noire","hotelId":20004335,"hotelName":"Gite Du Manial","address":"394 Chemin Communal Grande Plaine,97116 Pointe Noire,Guadeloupe","phones":"+590590813404","fax":"","email":"lilianemounigan@hotmail.fr","url":"","countryIso2":"GP","countryName":"Guadeloupe","hotelRating":"0","latitude":"16.209","longitude":"-61.7808","state_id":2863,"state_name":"Pointe-Noire","country_id":50},{"active":false,"Giataid":"552816","cityId":null,"cityName":"Sainte Anne de Guadeloupe","hotelId":20004511,"hotelName":"Pierre & Vacances Premium Residence Les Tamarins","address":"Seo La Pointe de Helleux,between Saint-Fran?ois und Pointe-?-Pitre,97180 Sainte-Anne,Guadaloupe-Antillen,Guadeloupe","phones":"+59049221973030700","fax":"","email":"info-pv@groupepvcp.com","url":"http://www.pierreetvacances.com/de-de/fp_SAP_ferienwohnung-residenz-les-tamarins","countryIso2":"GP","countryName":"Guadeloupe","hotelRating":"3","latitude":"16.2307","longitude":"-61.3723","state_id":null,"state_name":null,"country_id":null},{"active":false,"Giataid":"323432","cityId":null,"cityName":"Pointe-a-Pitre","hotelId":20004828,"hotelName":"Hotel Village Soleil","address":"La Marina Bas-du-fort,97190 Gosier,Guadeloupe","phones":"+590908576","fax":"+590908576","email":"hotel.village.soleil@wanadoo.fr","url":"http://www.hotel-village-soleil.com","countryIso2":"GP","countryName":"Guadeloupe","hotelRating":"2","latitude":"16.2203","longitude":"-61.5261","state_id":null,"state_name":null,"country_id":null},{"active":false,"Giataid":"696164","cityId":null,"cityName":"Gosier","hotelId":20005147,"hotelName":"La Residence NOU CINQ","address":"Route de Bernard,Mare Gaillard,97190 Le Gosier,Grande-Terre Island,Region Guadeloupe,Guadeloupe","phones":"+590590856656","fax":"","email":"contact@scinoucinq.com","url":"http://www.scinoucinq.com","countryIso2":"GP","countryName":"Guadeloupe","hotelRating":"0","latitude":"16.2185","longitude":"-61.4323","state_id":null,"state_name":null,"country_id":null},{"active":false,"Giataid":"694502","cityId":null,"cityName":"Deshaies","hotelId":20005937,"hotelName":"Hotel Maison De Vacances Sous Le Vent","address":"Pineau Ouest,97126 Deshaies,Guadeloupe","phones":"","fax":"","email":"","url":"","countryIso2":"GP","countryName":"Guadeloupe","hotelRating":"0","latitude":"16.339","longitude":"-61.7728","state_id":null,"state_name":null,"country_id":null},{"active":false,"Giataid":"696353","cityId":null,"cityName":"St. Francois","hotelId":20006126,"hotelName":"Residence L'Oasis du Levant","address":"Chemin du Vieux Moulin,Section May,97118 Saint Fran?ois,Grande-Terre Island,Region Guadeloupe,Guadeloupe","phones":"","fax":"","email":"contact@loasisdulevant.com","url":"https://loasisdulevant.com","countryIso2":"GP","countryName":"Guadeloupe","hotelRating":"0","latitude":"16.2534","longitude":"-61.2792","state_id":null,"state_name":null,"country_id":null},{"active":false,"Giataid":"72411","cityId":null,"cityName":"Gosier","hotelId":20006307,"hotelName":"Arawak","address":"41 Pointe de la Verdure,97190 Le Gosier,Guadeloupe,Guadeloupe","phones":"+590590842424","fax":"+590590843845","email":"reservation@blue-season-hotels.com","url":"","countryIso2":"GP","countryName":"Guadeloupe","hotelRating":"3","latitude":"16.2068","longitude":"-61.5035","state_id":null,"state_name":null,"country_id":null},{"active":false,"Giataid":"696100","cityId":null,"cityName":"Sainte Rose","hotelId":20006481,"hotelName":"Gite Cas'a Willy","address":"Chemin de Vinty,Section Vinty,97115 Sainte-Rose,Basse-Terre Island,Region Guadeloupe,Guadeloupe","phones":"+590590956218","fax":"","email":"casawilly@wanadoo.fr","url":"http://www.casawilly.fr","countryIso2":"GP","countryName":"Guadeloupe","hotelRating":"0","latitude":"16.3379","longitude":"-61.7166","state_id":null,"state_name":null,"country_id":null},{"active":false,"Giataid":"665875","cityId":null,"cityName":"Sainte Rose","hotelId":20006680,"hotelName":"Villa de Reves","address":"Route de Sofaia Ravine Cheval,97115 Sainte Rose,Guadeloupe","phones":"","fax":"","email":"","url":"","countryIso2":"GP","countryName":"Guadeloupe","hotelRating":"0","latitude":"16.3379","longitude":"-61.7166","state_id":null,"state_name":null,"country_id":null},{"active":false,"Giataid":"189415","cityId":null,"cityName":"Les Saintes","hotelId":20006831,"hotelName":"Les Petits-Saints","address":"Rue de la Savane,Terre de Haut,97137 Les Saintes,Guadeloupe","phones":"+590590995099","fax":"+590590995451","email":"infos@petitssaints.com","url":"http://www.petitssaints.com/","countryIso2":"GP","countryName":"Guadeloupe","hotelRating":"3","latitude":"15.8622","longitude":"-61.5828","state_id":null,"state_name":null,"country_id":null},{"active":false,"Giataid":"48040","cityId":62554,"cityName":"Ferry","hotelId":20007015,"hotelName":"Au'Ti Sucrier","address":"97126 Ferry,Deshaies,Guadeloupe","phones":"+590590289129","fax":"","email":"bruno.dutto@orange.fr","url":"http://www.autisucrier.com/","countryIso2":"GP","countryName":"Guadeloupe","hotelRating":"3","latitude":"16.2751","longitude":"-61.8031","state_id":3751,"state_name":"Saint Andrew","country_id":108},{"active":false,"Giataid":"669394","cityId":null,"cityName":"St. Francois","hotelId":20007153,"hotelName":"Villa Tarare","address":"11 Residence Iguana Bay Pointe Des Chateaux,97118 Saint Francois,Guadeloupe","phones":"","fax":"","email":"","url":"","countryIso2":"GP","countryName":"Guadeloupe","hotelRating":"0","latitude":"16.2556","longitude":"-61.209","state_id":null,"state_name":null,"country_id":null},{"active":false,"Giataid":"669421","cityId":null,"cityName":"Deshaies","hotelId":20007340,"hotelName":"Katalo Villa","address":"348 Boulevard Vwe Moun,Basse-Terre,97126 Deshaies,Guadeloupe","phones":"","fax":"","email":"","url":"","countryIso2":"GP","countryName":"Guadeloupe","hotelRating":"0","latitude":"16.3362","longitude":"-61.7864","state_id":null,"state_name":null,"country_id":null},{"active":false,"Giataid":"708983","cityId":null,"cityName":"St. Francois","hotelId":20007499,"hotelName":"La Lisiere Du Golf","address":"Residence Ever Green,Lotissement du Golf,97118 St Francois,Guadeloupe","phones":"+590690750593","fax":"","email":"lisieredugolf@gmx.com","url":"https://www.lisieredugolf.com/","countryIso2":"GP","countryName":"Guadeloupe","hotelRating":"0","latitude":"16.2534","longitude":"-61.2792","state_id":null,"state_name":null,"country_id":null},{"active":false,"Giataid":"431327","cityId":null,"cityName":"St. Francois","hotelId":20007648,"hotelName":"Les Residences du Manganao","address":"Lieu Dit Bellevue,97118 Saint Francois,Guadeloupe","phones":"+590590246548","fax":"+590590888001","email":"reservation@manganao.com","url":"http://www.manganao.com/","countryIso2":"GP","countryName":"Guadeloupe","hotelRating":"3","latitude":"16.2452","longitude":"-61.2942","state_id":null,"state_name":null,"country_id":null},{"active":false,"Giataid":"135977","cityId":null,"cityName":"Deshaies","hotelId":20007808,"hotelName":"Caraib Bay","address":"All?e du coeur,Ziotte,97 126 Deshaies,Guadeloupe","phones":"+590284171","fax":"+590285443","email":"reservation@caraib-bay-hotel.com","url":"http://www.caraib-bay-hotel.com","countryIso2":"GP","countryName":"Guadeloupe","hotelRating":"3","latitude":"16.32","longitude":"-61.7831","state_id":null,"state_name":null,"country_id":null},{"active":false,"Giataid":"38176","cityId":null,"cityName":"Terre-de-Haut","hotelId":20008116,"hotelName":"Bois Joli","address":"Lieu Bois Joli,97137 Terre-de-Haut,Les Saintes,Guadeloupe","phones":"+590995038","fax":"+590995505","email":"","url":"http://www.hotelboisjoli.fr/","countryIso2":"GP","countryName":"Guadeloupe","hotelRating":"3","latitude":"15.8599","longitude":"-61.6004","state_id":null,"state_name":null,"country_id":null},{"active":false,"Giataid":"669347","cityId":null,"cityName":"St. Francois","hotelId":20008752,"hotelName":"Villa Maelys","address":"Route de bragelogne,97118 Saint-Fran?ois,Guadeloupe","phones":"","fax":"","email":"","url":"","countryIso2":"GP","countryName":"Guadeloupe","hotelRating":"0","latitude":"16.2593","longitude":"-61.2912","state_id":null,"state_name":null,"country_id":null},{"active":false,"Giataid":"696418","cityId":17353,"cityName":"Pointe-Noire","hotelId":20008899,"hotelName":"Grande Plaine Paradis","address":"Route de Grande-Plaine,97116 Pointe-Noire,Basse-Terre Island,Guadeloupe","phones":"","fax":"","email":"contact@grandeplaineparadis.com","url":"","countryIso2":"GP","countryName":"Guadeloupe","hotelRating":"0","latitude":"16.2303","longitude":"-61.7869","state_id":2863,"state_name":"Pointe-Noire","country_id":50},{"active":false,"Giataid":"48046","cityId":null,"cityName":"Cousteau","hotelId":20009208,"hotelName":"Studios Rocher de Malandur","address":"Basse Terre,Cousteau,Guadeloupe,Guadeloupe","phones":"","fax":"","email":"","url":"","countryIso2":"GP","countryName":"Guadeloupe","hotelRating":"2","latitude":"15.9988","longitude":"-61.7256","state_id":null,"state_name":null,"country_id":null},{"active":false,"Giataid":"604437","cityId":null,"cityName":"Sainte Rose","hotelId":20009349,"hotelName":"La Sainterosienne","address":"Levince,Morne Rogue,97115 Sainte Rose,Guadeloupe","phones":"","fax":"","email":"","url":"","countryIso2":"GP","countryName":"Guadeloupe","hotelRating":"0","latitude":"16.3042","longitude":"-61.6525","state_id":null,"state_name":null,"country_id":null},{"active":false,"Giataid":"687487","cityId":null,"cityName":"Bouillante","hotelId":20009488,"hotelName":"Tauchbasis - Bleu Passion Guadeloupe","address":"ZAC Les Ilets de Piegon,97125 Bouillante,Guadeloupe,Guadeloupe","phones":"+590690169682","fax":"","email":"","url":"https://bleu-passion-guadeloupe.com/","countryIso2":"GP","countryName":"Guadeloupe","hotelRating":"0","latitude":"16.1186","longitude":"-61.7689","state_id":null,"state_name":null,"country_id":null},{"active":false,"Giataid":"519936","cityId":null,"cityName":"Terre-de-Haut","hotelId":20009659,"hotelName":"Le Paradis Saintois Residence","address":"211 Pres Cassin,97137 Terre-de-Haut,Guadeloupe","phones":"+590590995616","fax":"","email":"Paradis.Saintois@wanadoo.fr","url":"http://www.paradissaintois.com/","countryIso2":"GP","countryName":"Guadeloupe","hotelRating":"0","latitude":"15.8613","longitude":"-61.5893","state_id":null,"state_name":null,"country_id":null},{"active":false,"Giataid":"135978","cityId":null,"cityName":"Marie Galante Island","hotelId":20009796,"hotelName":"Kawann Beach","address":"Folle Anse,97112 Grand-Bourg,Marie Galante,Guadeloupe","phones":"+590975050","fax":"+590979796","email":"info@kawann-beach-hotel.com","url":"http://www.kawann-beach-hotel.com","countryIso2":"GP","countryName":"Guadeloupe","hotelRating":"3","latitude":"15.8914","longitude":"-61.3123","state_id":null,"state_name":null,"country_id":null},{"active":false,"Giataid":"516880","cityId":null,"cityName":"Bouillante","hotelId":20009940,"hotelName":"Harmonie Tropical","address":"1 Imp. Rue Camille Turlet, Desmarais,97125 Bouillante,Guadeloupe","phones":"+590690689783","fax":"","email":"info@harmonietropical.com","url":"http://www.harmonietropical.com/","countryIso2":"GP","countryName":"Guadeloupe","hotelRating":"0","latitude":"16.1408","longitude":"-61.7676","state_id":null,"state_name":null,"country_id":null},{"active":false,"Giataid":"669387","cityId":null,"cityName":"Deshaies","hotelId":20010251,"hotelName":"Ecolodges Bungalows Arsenault","address":"442 Allee Du Coeur,97126 Deshaies,Guadeloupe","phones":"+590590284774","fax":"","email":"ecolodges.arsenault@gmail.com","url":"http://www.ecolodges-arsenault.fr/","countryIso2":"GP","countryName":"Guadeloupe","hotelRating":"0","latitude":"16.3211","longitude":"-61.7853","state_id":null,"state_name":null,"country_id":null},{"active":false,"Giataid":"604055","cityId":null,"cityName":"St. Francois","hotelId":20010412,"hotelName":"Duplex Savannah 3 Chambres","address":"47 Residence Savannah,Grande Terre,97118 Saint Francois,Guadeloupe","phones":"","fax":"","email":"","url":"","countryIso2":"GP","countryName":"Guadeloupe","hotelRating":"0","latitude":"16.2512","longitude":"-61.2671","state_id":null,"state_name":null,"country_id":null},{"active":false,"Giataid":"413809","cityId":null,"cityName":"Deshaies","hotelId":20010484,"hotelName":"Piton","address":"7 Impasse Pomme Rose,Caf?i?re,97126 Deshaies,Guadeloupe","phones":"+590590284755","fax":"","email":"contact@pitonbungalows.com","url":"http://www.pitonbungalows.com","countryIso2":"GP","countryName":"Guadeloupe","hotelRating":"0","latitude":"16.3279","longitude":"-61.7642","state_id":null,"state_name":null,"country_id":null},{"active":false,"Giataid":"670358","cityId":17353,"cityName":"Pointe-Noire","hotelId":20010627,"hotelName":"Les Villas De Tisource","address":"1835 Chemin De Varin,97116 Pointe Noire,Guadeloupe","phones":"+590690539412","fax":"","email":"","url":"https://www.lesvillasdetisource.com","countryIso2":"GP","countryName":"Guadeloupe","hotelRating":"3","latitude":"16.2433","longitude":"-61.7877","state_id":2863,"state_name":"Pointe-Noire","country_id":50},{"active":false,"Giataid":"669402","cityId":null,"cityName":"St. Francois","hotelId":20010760,"hotelName":"Gites De Bois D'inde","address":"Desvarieux,97118 Saint-Francois,Guadeloupe","phones":"","fax":"","email":"","url":"http://gitesdeboisdinde-guadeloupe.com","countryIso2":"GP","countryName":"Guadeloupe","hotelRating":"0","latitude":"16.2674","longitude":"-61.2881","state_id":null,"state_name":null,"country_id":null},{"active":false,"Giataid":"38548","cityId":null,"cityName":"Sainte Rose","hotelId":20010902,"hotelName":"Villa Aquarelles","address":"Sainte Rose,Guadeloupe,Guadeloupe","phones":"","fax":"","email":"","url":"http://www.aquarelles-villas.com/uk/concept.html","countryIso2":"GP","countryName":"Guadeloupe","hotelRating":"4","latitude":"16.3552","longitude":"-61.7349","state_id":null,"state_name":null,"country_id":null},{"active":false,"Giataid":"48045","cityId":null,"cityName":"Cousteau","hotelId":20011041,"hotelName":"Studios Cousteau","address":"Basse Terre,Cousteau,Guadeloupe","phones":"","fax":"","email":"","url":"","countryIso2":"GP","countryName":"Guadeloupe","hotelRating":"2","latitude":"15.9988","longitude":"-61.7256","state_id":null,"state_name":null,"country_id":null},{"active":false,"Giataid":"48047","cityId":null,"cityName":"Cousteau","hotelId":20011169,"hotelName":"Tiki Tan","address":"Cousteau,Guadeloupe,Guadeloupe","phones":"","fax":"","email":"","url":"","countryIso2":"GP","countryName":"Guadeloupe","hotelRating":"2","latitude":"16.1474","longitude":"-61.687","state_id":null,"state_name":null,"country_id":null},{"active":false,"Giataid":"696519","cityId":null,"cityName":"Gosier","hotelId":20011304,"hotelName":"Residence Archipel & Savane by Oceanis Holidays","address":"Rue des Hotels,97190 Le Gosier,Grand-Terre Island,Region Guadeloupe,Guadeloupe","phones":"+590690725100","fax":"","email":"agence@oceanisholidays.com","url":"http://oceanisholidays.com/location-saisonniere-guadeloupe","countryIso2":"GP","countryName":"Guadeloupe","hotelRating":"0","latitude":"16.2076","longitude":"-61.4998","state_id":null,"state_name":null,"country_id":null},{"active":false,"Giataid":"521868","cityId":null,"cityName":"Marie Galante Island","hotelId":20011427,"hotelName":"Jericho Gites & Spa","address":"Section Tacy,97140 Capesterre (marie galante),Guadeloupe","phones":"","fax":"","email":"","url":"","countryIso2":"GP","countryName":"Guadeloupe","hotelRating":"0","latitude":"15.8925","longitude":"-61.2314","state_id":null,"state_name":null,"country_id":null},{"active":false,"Giataid":"48039","cityId":null,"cityName":"Grand-Bourg","hotelId":20011541,"hotelName":"Cohoba","address":"Grand-Bourg,Marie-Galante,Guadeloupe,Guadeloupe","phones":"","fax":"","email":"","url":"","countryIso2":"GP","countryName":"Guadeloupe","hotelRating":"3","latitude":"15.9442","longitude":"-61.3306","state_id":null,"state_name":null,"country_id":null},{"active":false,"Giataid":"529681","cityId":null,"cityName":"Gosier","hotelId":20011685,"hotelName":"Hotel Les Bananiers","address":"Rue des Phares,Rue des Balises,Perinet,97190 Gosier,Guadeloupe","phones":"+590841091","fax":"","email":"info@les-bananiers.com","url":"http://www.les-bananiers.com/","countryIso2":"GP","countryName":"Guadeloupe","hotelRating":"0","latitude":"16.208","longitude":"-61.4862","state_id":null,"state_name":null,"country_id":null},{"active":false,"Giataid":"38750","cityId":null,"cityName":"Sainte Anne de Guadeloupe","hotelId":20011841,"hotelName":"Le Relais du Moulin","address":"Le Helleux,97180 Sainte-Anne,Guadeloupe","phones":"+590590884848","fax":"","email":"reservation@relaisdumoulin.com","url":"http://www.relaisdumoulin.com/en/hotel-guadeloupe-2","countryIso2":"GP","countryName":"Guadeloupe","hotelRating":"4","latitude":"16.2352","longitude":"-61.3735","state_id":null,"state_name":null,"country_id":null},{"active":false,"Giataid":"669370","cityId":null,"cityName":"Sainte Anne de Guadeloupe","hotelId":20011933,"hotelName":"Villa Mapou","address":"3 Lot Le Mapou,97180 Sainte-Anne,Guadeloupe","phones":"","fax":"","email":"","url":"","countryIso2":"GP","countryName":"Guadeloupe","hotelRating":"0","latitude":"16.2347","longitude":"-61.3767","state_id":null,"state_name":null,"country_id":null},{"active":false,"Giataid":"669381","cityId":null,"cityName":"Sainte Anne de Guadeloupe","hotelId":20012060,"hotelName":"La Canne a Sucre","address":"36 Lotissement Gissac,97180 Sainte Anne,Guadeloupe","phones":"+590590839867","fax":"","email":"","url":"http://www.lacanneasucre.net","countryIso2":"GP","countryName":"Guadeloupe","hotelRating":"0","latitude":"16.243","longitude":"-61.354","state_id":null,"state_name":null,"country_id":null},{"active":false,"Giataid":"671142","cityId":null,"cityName":"St. Francois","hotelId":20012200,"hotelName":"Majesty Palm","address":"32 R?sidence Les Hauts De Saint-Fran?ois,97118 Saint-Fran?ois,Guadeloupe","phones":"+590907010","fax":"","email":"contact@majesty-palm.com","url":"https://www.majesty-palm.com/","countryIso2":"GP","countryName":"Guadeloupe","hotelRating":"0","latitude":"16.2613","longitude":"-61.268","state_id":null,"state_name":null,"country_id":null},{"active":false,"Giataid":"39063","cityId":null,"cityName":"Sainte Anne de Guadeloupe","hotelId":20012449,"hotelName":"Club Med La Caravelle","address":"97180 Ste. Anne,Guadeloupe","phones":"+590854950","fax":"+590854970","email":"","url":"http://www.clubmed.de/cm/urlaub-la-caravelle-guadeloupe_p-5-l-DE-v-CARC-pe-10E-ac-vh.html","countryIso2":"GP","countryName":"Guadeloupe","hotelRating":"4","latitude":"16.2193","longitude":"-61.3971","state_id":null,"state_name":null,"country_id":null},{"active":false,"Giataid":"519937","cityId":null,"cityName":"Basse Terre","hotelId":20012938,"hotelName":"Koulaya Tona Guest House","address":"Chemin Petit Carbet,Trois Rivieres,97114 Basse-Terre,Guadeloupe","phones":"+590590382272","fax":"","email":"","url":"","countryIso2":"GP","countryName":"Guadeloupe","hotelRating":"5","latitude":"15.9937","longitude":"-61.729","state_id":null,"state_name":null,"country_id":null},{"active":false,"Giataid":"237607","cityId":null,"cityName":"Gosier","hotelId":20013059,"hotelName":"Village Caraibes Carmelita","address":"200 Route de la Plage,Saint-Felix,97190 Le Gosier,Guadeloupe","phones":"+590842828","fax":"+590845812","email":"auberge.carmelita@wanadoo.fr","url":"http://www.villagecaraibes.com","countryIso2":"GP","countryName":"Guadeloupe","hotelRating":"2","latitude":"16.2028","longitude":"-61.456","state_id":null,"state_name":null,"country_id":null},{"active":false,"Giataid":"48042","cityId":null,"cityName":"Bouillante","hotelId":20013184,"hotelName":"Petit Anse","address":"Petite-Anse,Bouillante,Guadeloupe","phones":"","fax":"","email":"","url":"","countryIso2":"GP","countryName":"Guadeloupe","hotelRating":"3","latitude":"16.0963","longitude":"-61.7703","state_id":null,"state_name":null,"country_id":null},{"active":false,"Giataid":"694508","cityId":null,"cityName":"St. Francois","hotelId":20013521,"hotelName":"Residence Jochryste","address":"Belle All?e Route Touristique,97118 Saint-Fran?ois,Guadeloupe","phones":"","fax":"","email":"","url":"","countryIso2":"GP","countryName":"Guadeloupe","hotelRating":"0","latitude":"16.2534","longitude":"-61.2792","state_id":null,"state_name":null,"country_id":null},{"active":false,"Giataid":"38546","cityId":null,"cityName":"St. Francois","hotelId":20013648,"hotelName":"L'Anse de Rocher","address":"Saint-Fran?ois,Guadeloupe","phones":"+590590889459","fax":"","email":"service@anse-des-rochers.com","url":"http://www.anse-des-rochers.fr/","countryIso2":"GP","countryName":"Guadeloupe","hotelRating":"3","latitude":"16.2435","longitude":"-61.3044","state_id":null,"state_name":null,"country_id":null},{"active":false,"Giataid":"521728","cityId":null,"cityName":"Marie Galante Island","hotelId":20013995,"hotelName":"Au Jardin de Beausejour","address":"Section Beaus?jour,97140 Capesterre-de-Marie-Galante,Guadeloupe","phones":"+590590973422","fax":"+590590974566","email":"Section","url":"http://www.au-jardin-debeausejour.com/","countryIso2":"GP","countryName":"Guadeloupe","hotelRating":"0","latitude":"15.8936","longitude":"-61.2234","state_id":null,"state_name":null,"country_id":null},{"active":false,"Giataid":"544156","cityId":null,"cityName":"Marie Galante Island","hotelId":20014203,"hotelName":"La Rose du Bresil","address":"La Rigole Route du littoral,Capesterre de Marie-Galante 97140,Guadeloupe","phones":"+590972625","fax":"","email":"","url":"http://www.larosedubresil.com/","countryIso2":"GP","countryName":"Guadeloupe","hotelRating":"3","latitude":"15.8779","longitude":"-61.2394","state_id":null,"state_name":null,"country_id":null},{"active":false,"Giataid":"413813","cityId":null,"cityName":"Gosier","hotelId":20014378,"hotelName":"La Maison Creole","address":"Montauban,97190 Le Gosier,Pointe-a-Pitre,Guadeloupe","phones":"+590590843643","fax":"+590590845516","email":"info@lamaisoncreole.com","url":"http://www.lamaisoncreole.com","countryIso2":"GP","countryName":"Guadeloupe","hotelRating":"3","latitude":"16.2062","longitude":"-61.4923","state_id":null,"state_name":null,"country_id":null},{"active":false,"Giataid":"551049","cityId":null,"cityName":"Gosier","hotelId":20014495,"hotelName":"Hotel d'Aujourd'hui","address":"112/120 Lotissement Gisors,97190 Le Gosier,Guadeloupe","phones":"","fax":"","email":"","url":"","countryIso2":"GP","countryName":"Guadeloupe","hotelRating":"0","latitude":"16.2076","longitude":"-61.4998","state_id":null,"state_name":null,"country_id":null},{"active":false,"Giataid":"670149","cityId":17353,"cityName":"Pointe-Noire","hotelId":20014606,"hotelName":"Villa Madras","address":"Lotissement Cato,Rue Des Hibiscus,97116 Pointe Noire,Guadeloupe","phones":"+590590267109","fax":"","email":"info@villa-madras.com","url":"http://www.villa-madras.com","countryIso2":"GP","countryName":"Guadeloupe","hotelRating":"0","latitude":"16.2366","longitude":"-61.7949","state_id":2863,"state_name":"Pointe-Noire","country_id":50},{"active":false,"Giataid":"669365","cityId":null,"cityName":"St. Francois","hotelId":20014702,"hotelName":"Les Villas Baobab","address":"Saint Francois-Bellevue-Route De La Pointe Du Boeuf,97118 Saint Francois,Guadeloupe","phones":"","fax":"","email":"","url":"","countryIso2":"GP","countryName":"Guadeloupe","hotelRating":"0","latitude":"16.2407","longitude":"-61.3263","state_id":null,"state_name":null,"country_id":null},{"active":false,"Giataid":"604435","cityId":null,"cityName":"Deshaies","hotelId":20014834,"hotelName":"Fanelie Location","address":"71 Impasse Bougainvilliers,Ferry Leroux,97126 Deshaies,Guadeloupe","phones":"+590590285211","fax":"","email":"location.fanelie@gmail.com","url":"http://www.guadeloupe-deshaies.fr","countryIso2":"GP","countryName":"Guadeloupe","hotelRating":"0","latitude":"16.2715","longitude":"-61.8057","state_id":null,"state_name":null,"country_id":null},{"active":false,"Giataid":"871043","cityId":null,"cityName":"Deshaies","hotelId":20315500,"hotelName":"Ali Nais Location","address":"All?e Capado,Bas Vent,97126 Deshaies,Guadeloupe","phones":"+59059690420701","fax":"","email":"","url":"http://www.gite-cabane-ali-nais.com/","countryIso2":"GP","countryName":"Guadeloupe","hotelRating":"0","latitude":"16.3211","longitude":"-61.7853","state_id":null,"state_name":null,"country_id":null},{"active":false,"Giataid":"863600","cityId":null,"cityName":"Petit-Bourg","hotelId":20315501,"hotelName":"Gites Zen & Cars","address":"Chemin de Fonds Saint-Jean 404,97170 Petit-Bourg,Guadeloupe,Guadeloupe","phones":"","fax":"","email":"","url":"","countryIso2":"GP","countryName":"Guadeloupe","hotelRating":"0","latitude":"16.1843","longitude":"-61.639","state_id":null,"state_name":null,"country_id":null},{"active":false,"Giataid":"867374","cityId":null,"cityName":"Sainte Anne de Guadeloupe","hotelId":20315502,"hotelName":"Cotton Residence","address":"7 Lotissement Dor?,Durivage,97180 Sainte-Anne,Guadaloupe,Guadeloupe","phones":"","fax":"+590590206761","email":"cotton-residences@orange.fr","url":"http://cotton-residences.com/","countryIso2":"GP","countryName":"Guadeloupe","hotelRating":"0","latitude":"16.2347","longitude":"-61.3767","state_id":null,"state_name":null,"country_id":null},{"active":false,"Giataid":"888981","cityId":null,"cityName":"Bouillante","hotelId":20315505,"hotelName":"Couleur Caraibes","address":"Rue de l'Allemand Malendure,97125 Bouillante,Guadeloupe","phones":"","fax":"","email":"","url":"","countryIso2":"GP","countryName":"Guadeloupe","hotelRating":"0","latitude":"16.179","longitude":"-61.7793","state_id":null,"state_name":null,"country_id":null},{"active":false,"Giataid":"935204","cityId":null,"cityName":"Grand-Bourg","hotelId":20315506,"hotelName":"Residence Clementine","address":"Rue Du Fort,Section Passonne Sci Josue,97112 Grand Bourg,Guadeloupe","phones":"","fax":"","email":"","url":"","countryIso2":"GP","countryName":"Guadeloupe","hotelRating":"0","latitude":"15.8913","longitude":"-61.2997","state_id":null,"state_name":null,"country_id":null},{"active":false,"Giataid":"908772","cityId":17353,"cityName":"Pointe-Noire","hotelId":20315507,"hotelName":"Jacktavern Hostel","address":"297 Route Des Plaines,97116 Pointe-Noire,Guadeloupe","phones":"","fax":"","email":"","url":"","countryIso2":"GP","countryName":"Guadeloupe","hotelRating":"0","latitude":"16.2335","longitude":"-61.7847","state_id":2863,"state_name":"Pointe-Noire","country_id":50},{"active":false,"Giataid":"897137","cityId":null,"cityName":"Terre-de-Haut","hotelId":20315508,"hotelName":"La Petite Villa","address":"3 Allee De La Colline,Residence Pelican Bleu,97137 Terre-De-Haut,Guadeloupe","phones":"","fax":"","email":"","url":"https://www.lapetitevilladessaintes.fr","countryIso2":"GP","countryName":"Guadeloupe","hotelRating":"0","latitude":"15.8613","longitude":"-61.5893","state_id":null,"state_name":null,"country_id":null},{"active":false,"Giataid":"863609","cityId":null,"cityName":"Basse Terre","hotelId":20315509,"hotelName":"B&B Martin","address":"1 Allee du Mont Carmel,Porte 3,97100 Basse Terre,Guadeloupe","phones":"","fax":"","email":"","url":"","countryIso2":"GP","countryName":"Guadeloupe","hotelRating":"0","latitude":"16.0083","longitude":"-61.7133","state_id":null,"state_name":null,"country_id":null},{"active":false,"Giataid":"862124","cityId":62554,"cityName":"Ferry","hotelId":20315510,"hotelName":"La Muscade","address":"22 Chemin De Bornave,97126 Ferry,Guadeloupe","phones":"+590690825958","fax":"","email":"","url":"http://www.la-muscade.fr","countryIso2":"GP","countryName":"Guadeloupe","hotelRating":"0","latitude":"16.2746","longitude":"-61.8021","state_id":3751,"state_name":"Saint Andrew","country_id":108},{"active":false,"Giataid":"899972","cityId":null,"cityName":"Petit-Bourg","hotelId":20315511,"hotelName":"Villa Saint Alban","address":"Lieu Dit Grippiere,97170 Petit-Bourg,Guadeloupe","phones":"","fax":"","email":"","url":"","countryIso2":"GP","countryName":"Guadeloupe","hotelRating":"0","latitude":"16.1843","longitude":"-61.639","state_id":null,"state_name":null,"country_id":null},{"active":false,"Giataid":"904752","cityId":null,"cityName":"Sainte Anne de Guadeloupe","hotelId":20315512,"hotelName":"Smart-liday's Dorm","address":"50 Rue Lethi?re,97180 Sainte Anne,Grande-Terre,Guadeloupe","phones":"","fax":"","email":"","url":"","countryIso2":"GP","countryName":"Guadeloupe","hotelRating":"0","latitude":"16.2347","longitude":"-61.3767","state_id":null,"state_name":null,"country_id":null},{"active":false,"Giataid":"862113","cityId":null,"cityName":"Bouillante","hotelId":20315514,"hotelName":"Gites BB","address":"Rue De Poirier Pigeon,97125 Bouillante,Guadeloupe","phones":"+590590987123","fax":"+590590989009","email":"gitesbb@gmail.com","url":"http://www.gitebb.fr","countryIso2":"GP","countryName":"Guadeloupe","hotelRating":"0","latitude":"16.1186","longitude":"-61.7689","state_id":null,"state_name":null,"country_id":null},{"active":false,"Giataid":"863605","cityId":null,"cityName":"Gosier","hotelId":20315515,"hotelName":"Chambre d'hotes de Charme Chez Ade","address":"Chemin Palmiste Cocoyer,97190 Le Gosier,Pointe-?-Pitre,Grande-Terre,Guadeloupe","phones":"+590590833080","fax":"","email":"locationade@orange.fr","url":"","countryIso2":"GP","countryName":"Guadeloupe","hotelRating":"0","latitude":"16.2076","longitude":"-61.4998","state_id":null,"state_name":null,"country_id":null},{"active":false,"Giataid":"883908","cityId":17353,"cityName":"Pointe-Noire","hotelId":20315516,"hotelName":"Le Domaine du Rocher Noir","address":"Route De La Travers?e,97116 Pointe Noire,Guadeloupe","phones":"+590590950324","fax":"","email":"rservationrochernoir@gmail.com","url":"https://ledomainedurochernoir.fr/","countryIso2":"GP","countryName":"Guadeloupe","hotelRating":"4","latitude":"16.2335","longitude":"-61.7847","state_id":2863,"state_name":"Pointe-Noire","country_id":50},{"active":false,"Giataid":"935211","cityId":null,"cityName":"St. Francois","hotelId":20315517,"hotelName":"Domaine De Vishnou","address":"Raisins Clairs,97118 Saint Francois,Guadeloupe","phones":"","fax":"","email":"","url":"","countryIso2":"GP","countryName":"Guadeloupe","hotelRating":"0","latitude":"16.2534","longitude":"-61.2792","state_id":null,"state_name":null,"country_id":null},{"active":false,"Giataid":"862134","cityId":null,"cityName":"Basse Terre","hotelId":20315518,"hotelName":"Diva Chez Dora","address":"Chemin De La Regrettee,97114 Basse Terre,Guadeloupe","phones":"","fax":"","email":"","url":"","countryIso2":"GP","countryName":"Guadeloupe","hotelRating":"0","latitude":"16.0083","longitude":"-61.7133","state_id":null,"state_name":null,"country_id":null},{"active":false,"Giataid":"900441","cityId":null,"cityName":"Deshaies","hotelId":20315519,"hotelName":"East And West Wind","address":"10 All?e Du Coeur,Lotissement Du Bonheur,97126 Deshaies,Guadeloupe","phones":"","fax":"","email":"","url":"","countryIso2":"GP","countryName":"Guadeloupe","hotelRating":"0","latitude":"16.3211","longitude":"-61.7853","state_id":null,"state_name":null,"country_id":null},{"active":false,"Giataid":"883911","cityId":null,"cityName":"Petit-Bourg","hotelId":20315520,"hotelName":"Habitation Villa Les Cassias","address":"1474 Chemin De Vernou,97170 Petit Bourg,Guadeloupe","phones":"+590590861074","fax":"","email":"villa_lescassias@orange.fr","url":"http://www.villalescassias.com/","countryIso2":"GP","countryName":"Guadeloupe","hotelRating":"0","latitude":"16.1825","longitude":"-61.6562","state_id":null,"state_name":null,"country_id":null},{"active":false,"Giataid":"898382","cityId":null,"cityName":"Sainte Anne de Guadeloupe","hotelId":20315521,"hotelName":"Villa Des Bois","address":"58 Calvaire La Souche,97180 Sainte-Anne,Grande Terre,Guadeloupe","phones":"","fax":"","email":"","url":"","countryIso2":"GP","countryName":"Guadeloupe","hotelRating":"0","latitude":"16.2347","longitude":"-61.3767","state_id":null,"state_name":null,"country_id":null},{"active":false,"Giataid":"934314","cityId":null,"cityName":"Pointe-a-Pitre","hotelId":20315526,"hotelName":"Residence Pelikan","address":"1 Rue Champy,97110 Pointe-A-Pitre,Guadeloupe","phones":"","fax":"","email":"","url":"","countryIso2":"GP","countryName":"Guadeloupe","hotelRating":"0","latitude":"16.239","longitude":"-61.5017","state_id":null,"state_name":null,"country_id":null},{"active":false,"Giataid":"863602","cityId":null,"cityName":"Deshaies","hotelId":20315528,"hotelName":"Hotel Carre Royal","address":"4 All?e Capado Bas Vent,97126 Deshaies,Basse-Terre,Guadeloupe","phones":"","fax":"","email":"","url":"","countryIso2":"GP","countryName":"Guadeloupe","hotelRating":"0","latitude":"16.3211","longitude":"-61.7853","state_id":null,"state_name":null,"country_id":null},{"active":false,"Giataid":"877705","cityId":null,"cityName":"Le Moule","hotelId":20315529,"hotelName":"Les Villas Tamarin","address":"R?sidence Marguerite,97160 Le Moule,Guadeloupe","phones":"","fax":"","email":"","url":"","countryIso2":"GP","countryName":"Guadeloupe","hotelRating":"0","latitude":"16.3278","longitude":"-61.3485","state_id":null,"state_name":null,"country_id":null},{"active":false,"Giataid":"868497","cityId":null,"cityName":"Deshaies","hotelId":20315533,"hotelName":"La Baie Du Bonheur","address":"Villers,97126 Deshaies,Guadeloupe","phones":"","fax":"","email":"","url":"","countryIso2":"GP","countryName":"Guadeloupe","hotelRating":"0","latitude":"16.3211","longitude":"-61.7853","state_id":null,"state_name":null,"country_id":null},{"active":false,"Giataid":"867355","cityId":null,"cityName":"Sainte Anne de Guadeloupe","hotelId":20315535,"hotelName":"SGTMN Gites","address":"Lotissement Sarkis,Chateaubrun,97180 Sainte Anne,Guadeloupe,Guadeloupe","phones":"","fax":"","email":"","url":"","countryIso2":"GP","countryName":"Guadeloupe","hotelRating":"0","latitude":"16.2347","longitude":"-61.3767","state_id":null,"state_name":null,"country_id":null},{"active":false,"Giataid":"975043","cityId":null,"cityName":"Le Moule","hotelId":20399957,"hotelName":"Les Gites D'Arles","address":"Route De La Cour Des Braves,97160 Le Moule,Guadeloupe","phones":"+590690575625","fax":"","email":"","url":"https://lesgitesdarlesguadeloupe.fr.gd/","countryIso2":"GP","countryName":"Guadeloupe","hotelRating":"1","latitude":"16.3278","longitude":"-61.3485","state_id":null,"state_name":null,"country_id":null},{"active":false,"Giataid":"948582","cityId":null,"cityName":"St. Francois","hotelId":20399958,"hotelName":"Palm Paradise","address":"Route De Anse A La Barque Saint Francois,97118 Saint Francois,Guadeloupe","phones":"","fax":"","email":"","url":"","countryIso2":"GP","countryName":"Guadeloupe","hotelRating":"1","latitude":"16.2534","longitude":"-61.2792","state_id":null,"state_name":null,"country_id":null},{"active":false,"Giataid":"948611","cityId":null,"cityName":"Deshaies","hotelId":20399959,"hotelName":"Bikamado","address":"Impasse Bougainvilliers,97126 Deshaies,Guadeloupe","phones":"","fax":"","email":"","url":"","countryIso2":"GP","countryName":"Guadeloupe","hotelRating":"1","latitude":"16.3211","longitude":"-61.7853","state_id":null,"state_name":null,"country_id":null},{"active":false,"Giataid":"948650","cityId":null,"cityName":"Sainte Rose","hotelId":20399960,"hotelName":"Villa Rose Ines","address":"32 Lotissement Sompson,97115 Sainte Rose,Guadeloupe","phones":"","fax":"","email":"","url":"","countryIso2":"GP","countryName":"Guadeloupe","hotelRating":"1","latitude":"16.3379","longitude":"-61.7166","state_id":null,"state_name":null,"country_id":null},{"active":false,"Giataid":"978374","cityId":null,"cityName":"Gosier","hotelId":20399961,"hotelName":"Iguanina","address":"Rue Anse Dumont,Le Gosier,Grande-Terre,Guadeloupe","phones":"","fax":"","email":"","url":"","countryIso2":"GP","countryName":"Guadeloupe","hotelRating":"1","latitude":"16.2076","longitude":"-61.4998","state_id":null,"state_name":null,"country_id":null},{"active":false,"Giataid":"978356","cityId":null,"cityName":"Sainte Rose","hotelId":20399962,"hotelName":"Villa Tijimo","address":"84 Cap Emeraude,97115 Sainte-Rose,Guadeloupe","phones":"","fax":"","email":"","url":"","countryIso2":"GP","countryName":"Guadeloupe","hotelRating":"1","latitude":"16.3379","longitude":"-61.7166","state_id":null,"state_name":null,"country_id":null},{"active":false,"Giataid":"951648","cityId":null,"cityName":"St. Francois","hotelId":20399964,"hotelName":"Aparthotel Studio Des Iles","address":"Rue De La Fraternite,Dite Morne Pradel,97118 Saint-Francois,Guadeloupe","phones":"","fax":"","email":"","url":"","countryIso2":"GP","countryName":"Guadeloupe","hotelRating":"1","latitude":"16.2553","longitude":"-61.275","state_id":null,"state_name":null,"country_id":null},{"active":false,"Giataid":"948567","cityId":null,"cityName":"Trois Revi?res","hotelId":20399966,"hotelName":"L'Ilot Fruits","address":"72A Route De La Regrettee,97114 Trois Rivieres,Guadeloupe","phones":"","fax":"","email":"ilotfruitsguadeloupe@gmail.com","url":"http://www.ilot-fruits.com/","countryIso2":"GP","countryName":"Guadeloupe","hotelRating":"1","latitude":"15.9863","longitude":"-61.6462","state_id":null,"state_name":null,"country_id":null},{"active":false,"Giataid":"968863","cityId":null,"cityName":"Trois Revi?res","hotelId":20399968,"hotelName":"Gites An Ti Kaz La","address":"Quartier Faubourg,97114 Trois Revi?res,Guadeloupe","phones":"+590590037103","fax":"+590690394639","email":"gites.tikazla@gmail.com","url":"http://www.tikaz-la.com","countryIso2":"GP","countryName":"Guadeloupe","hotelRating":"1","latitude":"15.9863","longitude":"-61.6462","state_id":null,"state_name":null,"country_id":null},{"active":false,"Giataid":"968868","cityId":null,"cityName":"Bouillante","hotelId":20399969,"hotelName":"Chalets Sous Le Vent","address":"Route de Poirier,Pigeon,97125 Bouillante,Guadeloupe","phones":"+590590989161","fax":"","email":"","url":"https://www.souslevent.biz","countryIso2":"GP","countryName":"Guadeloupe","hotelRating":"1","latitude":"16.1186","longitude":"-61.7689","state_id":null,"state_name":null,"country_id":null},{"active":false,"Giataid":"967597","cityId":17353,"cityName":"Pointe-Noire","hotelId":20399972,"hotelName":"KazAnne","address":"535 Route De Monch?ri N2,97116 Pointe Noire,Guadeloupe","phones":"+590590955875","fax":"","email":"info@kazanne.com","url":"https://www.kazanne.net/","countryIso2":"GP","countryName":"Guadeloupe","hotelRating":"1","latitude":"16.2335","longitude":"-61.7847","state_id":2863,"state_name":"Pointe-Noire","country_id":50},{"active":false,"Giataid":"978381","cityId":null,"cityName":"St. Francois","hotelId":20399973,"hotelName":"Serinity","address":"509 Sainthe-Marthe Center,97118 Saint-Francois,Guadeloupe","phones":"","fax":"","email":"","url":"","countryIso2":"GP","countryName":"Guadeloupe","hotelRating":"1","latitude":"16.2534","longitude":"-61.2792","state_id":null,"state_name":null,"country_id":null},{"active":false,"Giataid":"982258","cityId":null,"cityName":"Deshaies","hotelId":20430394,"hotelName":"Villa Palma","address":"24 Chemin De La Batterie,R?sidence De La Pointe Batterie,97126 Deshaies,Guadeloupe","phones":"+590590231580","fax":"","email":"","url":"http://villapalma.fr","countryIso2":"GP","countryName":"Guadeloupe","hotelRating":"1","latitude":"16.3211","longitude":"-61.7853","state_id":null,"state_name":null,"country_id":null}]