[{"active":false,"Giataid":"8639","cityId":31008,"cityName":"Marigot","hotelId":8639,"hotelName":"Le Beach Hotel","address":"Baie de Marigot,97150 Marigot,Saint-Martin","phones":"+590590878700","fax":"+590871887","email":"reservation@hotelbeachplazasxm.com","url":"http://www.hotelbeachplazasxm.com/","countryIso2":"MF","countryName":"Saint-Martin","hotelRating":"4","latitude":"18.0636","longitude":"-63.0913","state_id":4082,"state_name":"Saint Andrew Parish","country_id":61},{"active":false,"Giataid":"151758","cityId":31008,"cityName":"Marigot","hotelId":151758,"hotelName":"Anse Des Sables Residence","address":"","phones":"","fax":"","email":"","url":"","countryIso2":"MF","countryName":"Saint-Martin","hotelRating":"1","latitude":"18.0649","longitude":"-63.0867","state_id":4082,"state_name":"Saint Andrew Parish","country_id":61},{"active":false,"Giataid":"151760","cityId":31008,"cityName":"Marigot","hotelId":151760,"hotelName":"Le Patio","address":"","phones":"","fax":"","email":"","url":"","countryIso2":"MF","countryName":"Saint-Martin","hotelRating":"1","latitude":"18.0649","longitude":"-63.0867","state_id":4082,"state_name":"Saint Andrew Parish","country_id":61},{"active":false,"Giataid":"151761","cityId":31008,"cityName":"Marigot","hotelId":151761,"hotelName":"Le Pirate Residence On The Beach","address":"","phones":"","fax":"","email":"","url":"","countryIso2":"MF","countryName":"Saint-Martin","hotelRating":"1","latitude":"18.0649","longitude":"-63.0867","state_id":4082,"state_name":"Saint Andrew Parish","country_id":61},{"active":false,"Giataid":"456181","cityId":31008,"cityName":"Marigot","hotelId":456181,"hotelName":"Golfe Hotel","address":"Rue St-Jean zac de Bellevue","phones":"","fax":"","email":"","url":"","countryIso2":"MF","countryName":"Saint-Martin","hotelRating":"2","latitude":"18.0602","longitude":"-63.0871","state_id":4082,"state_name":"Saint Andrew Parish","country_id":61},{"active":false,"Giataid":"502556","cityId":31008,"cityName":"Marigot","hotelId":502556,"hotelName":"Fantastic Guest House","address":"Low Town St James,97150 Marigot,Saint-Martin","phones":"+590690509594","fax":"","email":"","url":"","countryIso2":"MF","countryName":"Saint-Martin","hotelRating":"3","latitude":"18.0625","longitude":"-63.0872","state_id":4082,"state_name":"Saint Andrew Parish","country_id":61},{"active":false,"Giataid":"409939","cityId":31008,"cityName":"Marigot","hotelId":20002246,"hotelName":"Case A Ti Case","address":"27 R?s Pinel Est,97150 Saint Martin,Saint-Martin","phones":"+590690561455","fax":"","email":"casaticase@gmail.com","url":"http://www.casaticase.com/","countryIso2":"MF","countryName":"Saint-Martin","hotelRating":"0","latitude":"18.0876","longitude":"-63.0223","state_id":4082,"state_name":"Saint Andrew Parish","country_id":61},{"active":false,"Giataid":"454915","cityId":31008,"cityName":"Marigot","hotelId":20002453,"hotelName":"Centr'Hotel","address":"4 Rue Du General De Gaulle,97150 Marigot,Saint-Martin","phones":"","fax":"","email":"","url":"","countryIso2":"MF","countryName":"Saint-Martin","hotelRating":"2","latitude":"18.0656","longitude":"-63.0857","state_id":4082,"state_name":"Saint Andrew Parish","country_id":61},{"active":false,"Giataid":"467585","cityId":31008,"cityName":"Marigot","hotelId":20005431,"hotelName":"Domotel Residences","address":"17 Tah Bloody,Concordia,97150 Marigot,Saint-Martin","phones":"","fax":"","email":"","url":"","countryIso2":"MF","countryName":"Saint-Martin","hotelRating":"0","latitude":"18.0675","longitude":"-63.0774","state_id":4082,"state_name":"Saint Andrew Parish","country_id":61},{"active":false,"Giataid":"899529","cityId":31008,"cityName":"Marigot","hotelId":20350480,"hotelName":"Coconut Villa","address":"Terres Basses,Marigot,Saint-Martin","phones":"","fax":"","email":"","url":"","countryIso2":"MF","countryName":"Saint-Martin","hotelRating":"0","latitude":"18.0675","longitude":"-63.0826","state_id":4082,"state_name":"Saint Andrew Parish","country_id":61},{"active":false,"Giataid":"899901","cityId":31008,"cityName":"Marigot","hotelId":20350484,"hotelName":"Bonanza Villa","address":"Les Terres Basses,Marigot,Saint-Martin","phones":"","fax":"","email":"","url":"","countryIso2":"MF","countryName":"Saint-Martin","hotelRating":"0","latitude":"18.0675","longitude":"-63.0826","state_id":4082,"state_name":"Saint Andrew Parish","country_id":61},{"active":false,"Giataid":"856785","cityId":31008,"cityName":"Marigot","hotelId":20350491,"hotelName":"Fantastic Hotel","address":"11 Tah Bloudy,97150 Marigot,Saint-Martin","phones":"+590590773040","fax":"","email":"reservations@fantastichotelsxm.com","url":"https://www.fantastichotelsxm.com","countryIso2":"MF","countryName":"Saint-Martin","hotelRating":"0","latitude":"18.0675","longitude":"-63.0826","state_id":4082,"state_name":"Saint Andrew Parish","country_id":61},{"active":false,"Giataid":"899545","cityId":31008,"cityName":"Marigot","hotelId":20350496,"hotelName":"Obelisco","address":"Galisbay,Marigot,Saint-Martin","phones":"","fax":"","email":"","url":"","countryIso2":"MF","countryName":"Saint-Martin","hotelRating":"0","latitude":"18.0675","longitude":"-63.0826","state_id":4082,"state_name":"Saint Andrew Parish","country_id":61},{"active":false,"Giataid":"879108","cityId":31008,"cityName":"Marigot","hotelId":20350508,"hotelName":"Le Royale Louisiana","address":"Rue Du General De Gaulle,Box 476,Marigot 97055,St Martin,Saint-Martin","phones":"","fax":"","email":"","url":"","countryIso2":"MF","countryName":"Saint-Martin","hotelRating":"0","latitude":"18.0675","longitude":"-63.0826","state_id":4082,"state_name":"Saint Andrew Parish","country_id":61}]