[{"active":false,"Giataid":"8639","cityId":31008,"cityName":"Marigot","hotelId":8639,"hotelName":"Le Beach Hotel","address":"Baie de Marigot,97150 Marigot,Saint-Martin","phones":"+590590878700","fax":"+590871887","email":"reservation@hotelbeachplazasxm.com","url":"http://www.hotelbeachplazasxm.com/","countryIso2":"MF","countryName":"Saint-Martin","hotelRating":"4","latitude":"18.0636","longitude":"-63.0913","state_id":4082,"state_name":"Saint Andrew Parish","country_id":61},{"active":false,"Giataid":"15800","cityId":null,"cityName":"St. Martin/St. Maarten","hotelId":15800,"hotelName":"Belmond La Samanna Resort & Spa","address":"P.O. Box 4077,97064 St. Martin,Saint-Martin","phones":"+590590876400","fax":"+590590878786","email":"reservations@lasamanna.com","url":"http://www.lasamanna.com/","countryIso2":"MF","countryName":"Saint-Martin","hotelRating":"5","latitude":"18.0559","longitude":"-63.1391","state_id":null,"state_name":null,"country_id":null},{"active":false,"Giataid":"15800","cityId":null,"cityName":"St. Martin/St. Maarten","hotelId":15800,"hotelName":"Belmond La Samanna Resort & Spa","address":"P.O. Box 4077,97064 St. Martin,Saint-Martin","phones":"+590590876400","fax":"+590590878786","email":"reservations@lasamanna.com","url":"http://www.lasamanna.com/","countryIso2":"MF","countryName":"Saint-Martin","hotelRating":"5","latitude":"18.0559","longitude":"-63.1391","state_id":null,"state_name":null,"country_id":null},{"active":false,"Giataid":"16098","cityId":null,"cityName":"St. Martin/St. Maarten","hotelId":16098,"hotelName":"L'Habitation","address":"BP 581,Anse Marcel,97050 St. Martin,Saint-Martin","phones":"+590590876700","fax":"+590590873038","email":"stmartinreservations@radisson.com","url":"http://www.radissonblu.com/resort-stmartin","countryIso2":"MF","countryName":"Saint-Martin","hotelRating":"3","latitude":"18.1124","longitude":"-63.0384","state_id":null,"state_name":null,"country_id":null},{"active":false,"Giataid":"17907","cityId":null,"cityName":"Baie Nettl?","hotelId":17907,"hotelName":"Nettle Bay Beach Club","address":"2210  Baie Nettl?,97150 Saint Martin,Saint-Martin","phones":"","fax":"","email":"","url":"","countryIso2":"MF","countryName":"Saint-Martin","hotelRating":"2","latitude":"18.0616","longitude":"-63.1124","state_id":null,"state_name":null,"country_id":null},{"active":false,"Giataid":"31992","cityId":null,"cityName":"Baie Nettl?","hotelId":31992,"hotelName":"Flamboyant - Le Village","address":"Route Des Terres Basses,97150 Baie Nettl?,Saint-Martin","phones":"+590590876000","fax":"+590590876057","email":"resa.flamboyant@hmc-hotels.com","url":"http://le-flamboyant.com/","countryIso2":"MF","countryName":"Saint-Martin","hotelRating":"3","latitude":"18.0603","longitude":"-63.1106","state_id":null,"state_name":null,"country_id":null},{"active":false,"Giataid":"38041","cityId":null,"cityName":"Anse Marcel","hotelId":38041,"hotelName":"Le Domaine Beach Resort & Spa","address":"Anse Marcel,97150 Saint Martin,Saint-Martin","phones":"+590590523535","fax":"+590590291081","email":"resa@ledomainestmartin.com","url":"http://www.hotel-le-domaine.com","countryIso2":"MF","countryName":"Saint-Martin","hotelRating":"4","latitude":"18.1131","longitude":"-63.0401","state_id":null,"state_name":null,"country_id":null},{"active":false,"Giataid":"38742","cityId":null,"cityName":"St. Martin/St. Maarten","hotelId":38742,"hotelName":"Alamanda Resort","address":"Baie Orientale,PO Box 5166,Grand Case,97071 Saint Martin,Saint-Martin","phones":"+590590528740","fax":"+590590528741","email":"alamanda-rsort@wanadoo.fr","url":"http://www.alamanda-resort.com/","countryIso2":"MF","countryName":"Saint-Martin","hotelRating":"3","latitude":"18.0856","longitude":"-63.0193","state_id":null,"state_name":null,"country_id":null},{"active":false,"Giataid":"38744","cityId":null,"cityName":"St. Martin/St. Maarten","hotelId":38744,"hotelName":"La Plantation","address":"C5 Orient Bay,97150 Saint Martin,Saint-Martin","phones":"+590590295800","fax":"+590590295808","email":"info@la-plantation.com","url":"http://www.la-plantation.com/","countryIso2":"MF","countryName":"Saint-Martin","hotelRating":"4","latitude":"18.089","longitude":"-63.0252","state_id":null,"state_name":null,"country_id":null},{"active":false,"Giataid":"144428","cityId":null,"cityName":"Grand Case","hotelId":144428,"hotelName":"Bleu Emeraude Residence","address":"240 Boulevard De Grand Case,97150 Grand Case,Saint-Martin","phones":"+590590872771","fax":"","email":"","url":"","countryIso2":"MF","countryName":"Saint-Martin","hotelRating":"3","latitude":"18.1003","longitude":"-63.0585","state_id":null,"state_name":null,"country_id":null},{"active":false,"Giataid":"151759","cityId":null,"cityName":"St. Martin/St. Maarten","hotelId":151759,"hotelName":"Au Pavillion Beach","address":"","phones":"","fax":"","email":"","url":"","countryIso2":"MF","countryName":"Saint-Martin","hotelRating":"1","latitude":"18.0945","longitude":"-63.0279","state_id":null,"state_name":null,"country_id":null},{"active":false,"Giataid":"151758","cityId":31008,"cityName":"Marigot","hotelId":151758,"hotelName":"Anse Des Sables Residence","address":"","phones":"","fax":"","email":"","url":"","countryIso2":"MF","countryName":"Saint-Martin","hotelRating":"1","latitude":"18.0649","longitude":"-63.0867","state_id":4082,"state_name":"Saint Andrew Parish","country_id":61},{"active":false,"Giataid":"151760","cityId":31008,"cityName":"Marigot","hotelId":151760,"hotelName":"Le Patio","address":"","phones":"","fax":"","email":"","url":"","countryIso2":"MF","countryName":"Saint-Martin","hotelRating":"1","latitude":"18.0649","longitude":"-63.0867","state_id":4082,"state_name":"Saint Andrew Parish","country_id":61},{"active":false,"Giataid":"151761","cityId":31008,"cityName":"Marigot","hotelId":151761,"hotelName":"Le Pirate Residence On The Beach","address":"","phones":"","fax":"","email":"","url":"","countryIso2":"MF","countryName":"Saint-Martin","hotelRating":"1","latitude":"18.0649","longitude":"-63.0867","state_id":4082,"state_name":"Saint Andrew Parish","country_id":61},{"active":false,"Giataid":"151762","cityId":null,"cityName":"Grand Case","hotelId":151762,"hotelName":"Pavillon Beach","address":"","phones":"","fax":"","email":"","url":"","countryIso2":"MF","countryName":"Saint-Martin","hotelRating":"1","latitude":"18.1027","longitude":"-63.0548","state_id":null,"state_name":null,"country_id":null},{"active":false,"Giataid":"151763","cityId":null,"cityName":"Cul-de-Sac","hotelId":151763,"hotelName":"Pinel Beach","address":"","phones":"","fax":"","email":"","url":"","countryIso2":"MF","countryName":"Saint-Martin","hotelRating":"1","latitude":"18.0993","longitude":"-63.0266","state_id":null,"state_name":null,"country_id":null},{"active":false,"Giataid":"365511","cityId":null,"cityName":"St. Martin/St. Maarten","hotelId":365511,"hotelName":"Blue Bay Beach Hotel","address":"115 Parc de la Baie Orientale,97150 Saint Martin,Saint-Martin","phones":"+590590513130","fax":"+590590299231","email":"reservations@legrandbleusxm.com","url":"http://www.legrandbleusxm.com/","countryIso2":"MF","countryName":"Saint-Martin","hotelRating":"2","latitude":"18.0893","longitude":"-63.0225","state_id":null,"state_name":null,"country_id":null},{"active":false,"Giataid":"369576","cityId":null,"cityName":"Oyster Pond","hotelId":369576,"hotelName":"Clam Bay Resort","address":"","phones":"","fax":"","email":"","url":"","countryIso2":"MF","countryName":"Saint-Martin","hotelRating":"1","latitude":"18.0563","longitude":"-63.0197","state_id":null,"state_name":null,"country_id":null},{"active":false,"Giataid":"369775","cityId":null,"cityName":"Orient Bay","hotelId":369775,"hotelName":"Mt Vernon St Kitts","address":"","phones":"","fax":"","email":"","url":"","countryIso2":"MF","countryName":"Saint-Martin","hotelRating":"1","latitude":"18.0889","longitude":"-63.0227","state_id":null,"state_name":null,"country_id":null},{"active":false,"Giataid":"456181","cityId":31008,"cityName":"Marigot","hotelId":456181,"hotelName":"Golfe Hotel","address":"Rue St-Jean zac de Bellevue","phones":"","fax":"","email":"","url":"","countryIso2":"MF","countryName":"Saint-Martin","hotelRating":"2","latitude":"18.0602","longitude":"-63.0871","state_id":4082,"state_name":"Saint Andrew Parish","country_id":61},{"active":false,"Giataid":"456260","cityId":null,"cityName":"Grand Case","hotelId":456260,"hotelName":"Love Hotel","address":"","phones":"","fax":"","email":"","url":"","countryIso2":"MF","countryName":"Saint-Martin","hotelRating":"3","latitude":"18.1001","longitude":"-63.0587","state_id":null,"state_name":null,"country_id":null},{"active":false,"Giataid":"456332","cityId":null,"cityName":"Grand Case","hotelId":456332,"hotelName":"Les Alizes","address":"","phones":"","fax":"","email":"","url":"","countryIso2":"MF","countryName":"Saint-Martin","hotelRating":"1","latitude":"18.1025","longitude":"-63.056","state_id":null,"state_name":null,"country_id":null},{"active":false,"Giataid":"456830","cityId":null,"cityName":"Oyster Pond","hotelId":456830,"hotelName":"Sol Hotel","address":"","phones":"","fax":"","email":"","url":"","countryIso2":"MF","countryName":"Saint-Martin","hotelRating":"2","latitude":"18.0572","longitude":"-63.0142","state_id":null,"state_name":null,"country_id":null},{"active":false,"Giataid":"457351","cityId":null,"cityName":"Grand Case","hotelId":457351,"hotelName":"Le Shambala","address":"","phones":"","fax":"","email":"","url":"","countryIso2":"MF","countryName":"Saint-Martin","hotelRating":"1","latitude":"18.105","longitude":"-63.0537","state_id":null,"state_name":null,"country_id":null},{"active":false,"Giataid":"458717","cityId":null,"cityName":"Cul-de-Sac","hotelId":458717,"hotelName":"Karibuni Lodge","address":"","phones":"","fax":"","email":"","url":"","countryIso2":"MF","countryName":"Saint-Martin","hotelRating":"1","latitude":"18.1028","longitude":"-63.0251","state_id":null,"state_name":null,"country_id":null},{"active":false,"Giataid":"474262","cityId":null,"cityName":"Grand Case","hotelId":474262,"hotelName":"Sol e Luna Guest House","address":"","phones":"+1590290856","fax":"","email":"","url":"","countryIso2":"MF","countryName":"Saint-Martin","hotelRating":"1","latitude":"18.0967","longitude":"-63.0303","state_id":null,"state_name":null,"country_id":null},{"active":false,"Giataid":"502556","cityId":31008,"cityName":"Marigot","hotelId":502556,"hotelName":"Fantastic Guest House","address":"Low Town St James,97150 Marigot,Saint-Martin","phones":"+590690509594","fax":"","email":"","url":"","countryIso2":"MF","countryName":"Saint-Martin","hotelRating":"3","latitude":"18.0625","longitude":"-63.0872","state_id":4082,"state_name":"Saint Andrew Parish","country_id":61},{"active":false,"Giataid":"595485","cityId":null,"cityName":"Oyster Pond","hotelId":595485,"hotelName":"Villa Kismet by RedAwning","address":"","phones":"","fax":"","email":"","url":"","countryIso2":"MF","countryName":"Saint-Martin","hotelRating":"1","latitude":"18.0534","longitude":"-63.0213","state_id":null,"state_name":null,"country_id":null},{"active":false,"Giataid":"606542","cityId":null,"cityName":"Oyster Pond","hotelId":606542,"hotelName":"Villa Dawn Beach","address":"","phones":"","fax":"","email":"","url":"","countryIso2":"MF","countryName":"Saint-Martin","hotelRating":"1","latitude":"18.0458","longitude":"-63.019","state_id":null,"state_name":null,"country_id":null},{"active":false,"Giataid":"689917","cityId":null,"cityName":"Anse Marcel","hotelId":689917,"hotelName":"Residence Les Acacias","address":"","phones":"","fax":"","email":"","url":"","countryIso2":"MF","countryName":"Saint-Martin","hotelRating":"1","latitude":"18.1128","longitude":"-63.0401","state_id":null,"state_name":null,"country_id":null},{"active":false,"Giataid":"513890","cityId":null,"cityName":"Cul-de-Sac","hotelId":10093990,"hotelName":"Sol E Luna","address":"Mont Vernon 61,Orient Bay,Cul de Sac,Saint-Martin","phones":"+590590290856","fax":"NULL","email":"NULL","url":"NULL","countryIso2":"MF","countryName":"Saint-Martin","hotelRating":"1","latitude":"18.0968","longitude":"-63.0305","state_id":null,"state_name":null,"country_id":null},{"active":false,"Giataid":"507361","cityId":null,"cityName":"Oyster Pond","hotelId":10096088,"hotelName":"The Colombus Hotel","address":"29 Rue De L Escale,97150 Oyster Pond,Saint-Martin","phones":"NULL","fax":"NULL","email":"NULL","url":"NULL","countryIso2":"MF","countryName":"Saint-Martin","hotelRating":"1","latitude":"18.0571","longitude":"-63.0138","state_id":null,"state_name":null,"country_id":null},{"active":false,"Giataid":"507368","cityId":null,"cityName":"Anse Marcel","hotelId":10108843,"hotelName":"Anse Marcel Beach Resort","address":"26 Rue de Lonvilliers,97150  Anse Marcel Beach,Saint-Martin","phones":"+590590272414","fax":"NULL","email":"NULL","url":"NULL","countryIso2":"MF","countryName":"Saint-Martin","hotelRating":"1","latitude":"18.1128","longitude":"-63.0406","state_id":null,"state_name":null,"country_id":null},{"active":false,"Giataid":"507421","cityId":null,"cityName":"Anse Marcel","hotelId":10114573,"hotelName":"Caye Blanche Guest House","address":"Anse Marcel","phones":"NULL","fax":"NULL","email":"NULL","url":"NULL","countryIso2":"MF","countryName":"Saint-Martin","hotelRating":"1","latitude":"18.1128","longitude":"-63.0401","state_id":null,"state_name":null,"country_id":null},{"active":false,"Giataid":"22372","cityId":null,"cityName":"Cul-de-Sac","hotelId":20001505,"hotelName":"Sunrise","address":"Cul de Sac,B.P.5005 Cul de Sac,Saint-Martin","phones":"+590295700","fax":"+590873928","email":"sunrisesxm@wanadoo.fr","url":"","countryIso2":"MF","countryName":"Saint-Martin","hotelRating":"3","latitude":"18.1033","longitude":"-63.0257","state_id":null,"state_name":null,"country_id":null},{"active":false,"Giataid":"550467","cityId":null,"cityName":"Oyster Pond","hotelId":20001695,"hotelName":"Beachfront Villa FantaSea","address":"Oyster Pond Road 154,Oyster Pond,Sint Maarten,Saint-Martin","phones":"","fax":"","email":"","url":"","countryIso2":"MF","countryName":"Saint-Martin","hotelRating":"0","latitude":"18.0563","longitude":"-63.0197","state_id":null,"state_name":null,"country_id":null},{"active":false,"Giataid":"514396","cityId":null,"cityName":"Grand Case","hotelId":20001910,"hotelName":"Le Temps des Cerises Hotel Beach","address":"158 Boulevard de Grand Case,97150 Grand Case,Saint-Martin","phones":"","fax":"","email":"","url":"","countryIso2":"MF","countryName":"Saint-Martin","hotelRating":"0","latitude":"18.1007","longitude":"-63.0578","state_id":null,"state_name":null,"country_id":null},{"active":false,"Giataid":"63139","cityId":null,"cityName":"St. Martin/St. Maarten","hotelId":20002083,"hotelName":"Mount Vernon Beach Resort","address":"Baia Orientale,Saint Martin,Guadeloupe,Saint-Martin","phones":"","fax":"","email":"","url":"","countryIso2":"MF","countryName":"Saint-Martin","hotelRating":"4","latitude":"18.0959","longitude":"-63.0244","state_id":null,"state_name":null,"country_id":null},{"active":false,"Giataid":"409939","cityId":31008,"cityName":"Marigot","hotelId":20002246,"hotelName":"Case A Ti Case","address":"27 R?s Pinel Est,97150 Saint Martin,Saint-Martin","phones":"+590690561455","fax":"","email":"casaticase@gmail.com","url":"http://www.casaticase.com/","countryIso2":"MF","countryName":"Saint-Martin","hotelRating":"0","latitude":"18.0876","longitude":"-63.0223","state_id":4082,"state_name":"Saint Andrew Parish","country_id":61},{"active":false,"Giataid":"454915","cityId":31008,"cityName":"Marigot","hotelId":20002453,"hotelName":"Centr'Hotel","address":"4 Rue Du General De Gaulle,97150 Marigot,Saint-Martin","phones":"","fax":"","email":"","url":"","countryIso2":"MF","countryName":"Saint-Martin","hotelRating":"2","latitude":"18.0656","longitude":"-63.0857","state_id":4082,"state_name":"Saint Andrew Parish","country_id":61},{"active":false,"Giataid":"522493","cityId":null,"cityName":"St. Martin/St. Maarten","hotelId":20002668,"hotelName":"Villa Grand View","address":"112 Terres Basses 97150 Saint-Martin,Saint-Martin","phones":"+590690285942","fax":"","email":"reservation@grandview.fr","url":"http://www.grandview.fr/","countryIso2":"MF","countryName":"Saint-Martin","hotelRating":"0","latitude":"18.0604","longitude":"-63.1323","state_id":null,"state_name":null,"country_id":null},{"active":false,"Giataid":"102638","cityId":null,"cityName":"Orient Bay","hotelId":20002891,"hotelName":"Cap Caraibes","address":"Parc De La Baie Orientale,97150 Saint Martin,French West Indies,Saint-Martin","phones":"+590590529494","fax":"+590590529500","email":"capcaraibes@wanadoo.fr","url":"http://www.cap-caraibes.com/Indexus.html","countryIso2":"MF","countryName":"Saint-Martin","hotelRating":"3","latitude":"18.0885","longitude":"-63.0219","state_id":null,"state_name":null,"country_id":null},{"active":false,"Giataid":"299285","cityId":null,"cityName":"St. Martin/St. Maarten","hotelId":20003357,"hotelName":"Le Petit Hotel","address":"248 Boulevard de Grand Case,97150 St Martin,Saint-Martin","phones":"+590590290965","fax":"+590590870919","email":"info@lepetithotel.com","url":"http://www.lepetithotel.com/","countryIso2":"MF","countryName":"Saint-Martin","hotelRating":"4","latitude":"18.0993","longitude":"-63.0617","state_id":null,"state_name":null,"country_id":null},{"active":false,"Giataid":"525250","cityId":null,"cityName":"St. Martin/St. Maarten","hotelId":20003601,"hotelName":"Grand View Guest House","address":"112 Grand View Terres Basses,97150 Saint Martin,Saint-Martin","phones":"+590690285942","fax":"","email":"reservation@grandview.fr","url":"http://www.grandview.fr/","countryIso2":"MF","countryName":"Saint-Martin","hotelRating":"0","latitude":"18.0945","longitude":"-63.0279","state_id":null,"state_name":null,"country_id":null},{"active":false,"Giataid":"310853","cityId":null,"cityName":"Grand Case","hotelId":20003807,"hotelName":"L'Esplanade Hotel","address":"B.P. 5007,Grand Case 97150,Saint-Martin","phones":"+590590870655","fax":"+590590872915","email":"info@lesplanade.com","url":"http://www.lesplanade.com/","countryIso2":"MF","countryName":"Saint-Martin","hotelRating":"4","latitude":"18.1027","longitude":"-63.0548","state_id":null,"state_name":null,"country_id":null},{"active":false,"Giataid":"407815","cityId":null,"cityName":"Grand Case","hotelId":20003993,"hotelName":"Hevea","address":"163 Boulevard de grand Case,Grand Case 97150,Saint-Martin","phones":"","fax":"","email":"","url":"","countryIso2":"MF","countryName":"Saint-Martin","hotelRating":"3","latitude":"18.1023","longitude":"-63.0561","state_id":null,"state_name":null,"country_id":null},{"active":false,"Giataid":"504073","cityId":null,"cityName":"Oyster Pond","hotelId":20004169,"hotelName":"Villa Mystique","address":"2 Tamarind Hill,Dawn Beach,Oyster Pond,Saint-Martin","phones":"","fax":"","email":"","url":"","countryIso2":"MF","countryName":"Saint-Martin","hotelRating":"4","latitude":"18.0425","longitude":"-63.0251","state_id":null,"state_name":null,"country_id":null},{"active":false,"Giataid":"497074","cityId":null,"cityName":"Cul-de-Sac","hotelId":20004352,"hotelName":"Paula's Country Inn","address":"6 Peach Road,Cul de Sac,Saint-Martin,Saint-Martin","phones":"","fax":"","email":"","url":"","countryIso2":"MF","countryName":"Saint-Martin","hotelRating":"2","latitude":"18.0534","longitude":"-63.0626","state_id":null,"state_name":null,"country_id":null},{"active":false,"Giataid":"512499","cityId":null,"cityName":"Cul-de-Sac","hotelId":20004529,"hotelName":"Idolem Residence","address":"57 rue du Mont-Vernon,97150 Cul-de-Sac,Saint-Martin","phones":"+590277094","fax":"","email":"concierge@idolemresidence.com","url":"http://www.idolemresidence.com/","countryIso2":"MF","countryName":"Saint-Martin","hotelRating":"3","latitude":"18.0971","longitude":"-63.0286","state_id":null,"state_name":null,"country_id":null},{"active":false,"Giataid":"470864","cityId":null,"cityName":"Grand Case","hotelId":20004863,"hotelName":"Love Residence","address":"140 Boulevard de Grand Case,97150 Saint-Martin,Saint-Martin","phones":"+590690660765","fax":"","email":"contact@love-sxm.com","url":"http://www.love-sxm.com","countryIso2":"MF","countryName":"Saint-Martin","hotelRating":"0","latitude":"18.1008","longitude":"-63.058","state_id":null,"state_name":null,"country_id":null},{"active":false,"Giataid":"38745","cityId":null,"cityName":"St. Martin/St. Maarten","hotelId":20005026,"hotelName":"Orient Bay & Jardins de Chevrise","address":"Mont Vernon 1,97150 St. Martin,Saint-Martin","phones":"+590590873110","fax":"+590590873766","email":"reservation@orientbayhotel.com","url":"http://www.orientbayhotel.com/","countryIso2":"MF","countryName":"Saint-Martin","hotelRating":"2","latitude":"18.0979","longitude":"-63.0269","state_id":null,"state_name":null,"country_id":null},{"active":false,"Giataid":"598639","cityId":null,"cityName":"Oyster Pond","hotelId":20005239,"hotelName":"The Lighthouse Condos","address":"Emerald Merit Road 10,Oyster Pond,Saint-Martin","phones":"","fax":"","email":"","url":"","countryIso2":"MF","countryName":"Saint-Martin","hotelRating":"4","latitude":"18.0529","longitude":"-63.0156","state_id":null,"state_name":null,"country_id":null},{"active":false,"Giataid":"467585","cityId":31008,"cityName":"Marigot","hotelId":20005431,"hotelName":"Domotel Residences","address":"17 Tah Bloody,Concordia,97150 Marigot,Saint-Martin","phones":"","fax":"","email":"","url":"","countryIso2":"MF","countryName":"Saint-Martin","hotelRating":"0","latitude":"18.0675","longitude":"-63.0774","state_id":4082,"state_name":"Saint Andrew Parish","country_id":61},{"active":false,"Giataid":"110400","cityId":null,"cityName":"Orient Bay","hotelId":20005642,"hotelName":"Caribbean Princess","address":"P.O. Box 5100,Parc de la Baie Orientale,97150 St. Martin,Saint-Martin","phones":"","fax":"","email":"","url":"http://caribbeanprincesscondos.com/","countryIso2":"MF","countryName":"Saint-Martin","hotelRating":"3","latitude":"18.0892","longitude":"-63.0223","state_id":null,"state_name":null,"country_id":null},{"active":false,"Giataid":"899529","cityId":31008,"cityName":"Marigot","hotelId":20350480,"hotelName":"Coconut Villa","address":"Terres Basses,Marigot,Saint-Martin","phones":"","fax":"","email":"","url":"","countryIso2":"MF","countryName":"Saint-Martin","hotelRating":"0","latitude":"18.0675","longitude":"-63.0826","state_id":4082,"state_name":"Saint Andrew Parish","country_id":61},{"active":false,"Giataid":"913856","cityId":null,"cityName":"Oyster Pond","hotelId":20350481,"hotelName":"Casa Linda","address":"Limpet Road Unit 40,Upper Prince's Quarter,Oyster Pond,Saint-Martin","phones":"","fax":"","email":"","url":"","countryIso2":"MF","countryName":"Saint-Martin","hotelRating":"0","latitude":"18.0563","longitude":"-63.0197","state_id":null,"state_name":null,"country_id":null},{"active":false,"Giataid":"899901","cityId":31008,"cityName":"Marigot","hotelId":20350484,"hotelName":"Bonanza Villa","address":"Les Terres Basses,Marigot,Saint-Martin","phones":"","fax":"","email":"","url":"","countryIso2":"MF","countryName":"Saint-Martin","hotelRating":"0","latitude":"18.0675","longitude":"-63.0826","state_id":4082,"state_name":"Saint Andrew Parish","country_id":61},{"active":false,"Giataid":"913865","cityId":null,"cityName":"Oyster Pond","hotelId":20350485,"hotelName":"La Mirella","address":"Surf Clam Road,Upper Prince's Quarter,Oyster Pond,Saint-Martin","phones":"","fax":"","email":"","url":"","countryIso2":"MF","countryName":"Saint-Martin","hotelRating":"0","latitude":"18.0563","longitude":"-63.0197","state_id":null,"state_name":null,"country_id":null},{"active":false,"Giataid":"894005","cityId":null,"cityName":"Grand Case","hotelId":20350487,"hotelName":"Villa Dream in Blue","address":"9 Mont Choisy,Happy Bay,Secured Private Area of Mont Choisy,Between Marigot and Grand-Case,97150 Saint-Martin,Saint-Martin","phones":"","fax":"","email":"villadreaminblue@yahoo.fr","url":"https://www.villa-dreaminblue.com/","countryIso2":"MF","countryName":"Saint-Martin","hotelRating":"0","latitude":"18.1027","longitude":"-63.0548","state_id":null,"state_name":null,"country_id":null},{"active":false,"Giataid":"900568","cityId":null,"cityName":"Orient Bay","hotelId":20350488,"hotelName":"Lilly","address":"Orient Bay,St. Martin,Saint-Martin","phones":"","fax":"","email":"","url":"","countryIso2":"MF","countryName":"Saint-Martin","hotelRating":"0","latitude":"18.0889","longitude":"-63.0227","state_id":null,"state_name":null,"country_id":null},{"active":false,"Giataid":"856785","cityId":31008,"cityName":"Marigot","hotelId":20350491,"hotelName":"Fantastic Hotel","address":"11 Tah Bloudy,97150 Marigot,Saint-Martin","phones":"+590590773040","fax":"","email":"reservations@fantastichotelsxm.com","url":"https://www.fantastichotelsxm.com","countryIso2":"MF","countryName":"Saint-Martin","hotelRating":"0","latitude":"18.0675","longitude":"-63.0826","state_id":4082,"state_name":"Saint Andrew Parish","country_id":61},{"active":false,"Giataid":"866821","cityId":null,"cityName":"Oyster Pond","hotelId":20350492,"hotelName":"Villa Horizon","address":"4 Residence Marina,97150 Oyster Pond,Saint-Martin","phones":"","fax":"","email":"","url":"","countryIso2":"MF","countryName":"Saint-Martin","hotelRating":"0","latitude":"18.0563","longitude":"-63.0197","state_id":null,"state_name":null,"country_id":null},{"active":false,"Giataid":"41728","cityId":null,"cityName":"Anse Marcel","hotelId":20350495,"hotelName":"Le Privilege Resort & Spa","address":"Rue De L'Anse Marcel,97150 Anse Marcel,Saint-Martin","phones":"","fax":"","email":"","url":"","countryIso2":"MF","countryName":"Saint-Martin","hotelRating":"4","latitude":"18.1082","longitude":"-63.0398","state_id":null,"state_name":null,"country_id":null},{"active":false,"Giataid":"899545","cityId":31008,"cityName":"Marigot","hotelId":20350496,"hotelName":"Obelisco","address":"Galisbay,Marigot,Saint-Martin","phones":"","fax":"","email":"","url":"","countryIso2":"MF","countryName":"Saint-Martin","hotelRating":"0","latitude":"18.0675","longitude":"-63.0826","state_id":4082,"state_name":"Saint Andrew Parish","country_id":61},{"active":false,"Giataid":"913858","cityId":null,"cityName":"Oyster Pond","hotelId":20350497,"hotelName":"Villa Suzanne","address":"Tusk Shell Road, Unit 7,Dawn Beach,Oyster Pond,Saint-Martin","phones":"","fax":"","email":"","url":"","countryIso2":"MF","countryName":"Saint-Martin","hotelRating":"0","latitude":"18.0563","longitude":"-63.0197","state_id":null,"state_name":null,"country_id":null},{"active":false,"Giataid":"890380","cityId":null,"cityName":"Cul-de-Sac","hotelId":20350501,"hotelName":"Emvie","address":"Cul De Sac,Mont Vernon III,97150  Cul De Sac,Saint-Martin","phones":"","fax":"","email":"","url":"","countryIso2":"MF","countryName":"Saint-Martin","hotelRating":"0","latitude":"18.0993","longitude":"-63.0266","state_id":null,"state_name":null,"country_id":null},{"active":false,"Giataid":"878771","cityId":null,"cityName":"Orient Bay","hotelId":20350502,"hotelName":"Villa La Voile Blanche","address":"21 Le Must,R?sidence Hope Hill,97150 Orient Bay,Saint Martin,Saint-Martin","phones":"","fax":"","email":"","url":"","countryIso2":"MF","countryName":"Saint-Martin","hotelRating":"0","latitude":"18.0889","longitude":"-63.0227","state_id":null,"state_name":null,"country_id":null},{"active":false,"Giataid":"856810","cityId":null,"cityName":"Orient Bay","hotelId":20350505,"hotelName":"Matisse 1","address":"Avenue Des Plages,97150 Orient Bay,Saint-Martin","phones":"","fax":"","email":"","url":"","countryIso2":"MF","countryName":"Saint-Martin","hotelRating":"0","latitude":"18.0889","longitude":"-63.0222","state_id":null,"state_name":null,"country_id":null},{"active":false,"Giataid":"913868","cityId":null,"cityName":"Oyster Pond","hotelId":20350506,"hotelName":"Villa Bliss","address":"Tusk Shell Road, Unit 10,Dawn Beach,Oyster Pond,Saint-Martin","phones":"","fax":"","email":"","url":"","countryIso2":"MF","countryName":"Saint-Martin","hotelRating":"0","latitude":"18.0563","longitude":"-63.0197","state_id":null,"state_name":null,"country_id":null},{"active":false,"Giataid":"879108","cityId":31008,"cityName":"Marigot","hotelId":20350508,"hotelName":"Le Royale Louisiana","address":"Rue Du General De Gaulle,Box 476,Marigot 97055,St Martin,Saint-Martin","phones":"","fax":"","email":"","url":"","countryIso2":"MF","countryName":"Saint-Martin","hotelRating":"0","latitude":"18.0675","longitude":"-63.0826","state_id":4082,"state_name":"Saint Andrew Parish","country_id":61},{"active":false,"Giataid":"889703","cityId":null,"cityName":"Oyster Pond","hotelId":20350509,"hotelName":"Villa Le Point","address":"Sea Clam Drive 11,Dawn Beach,1744 Oyster Pond,Saint-Martin","phones":"","fax":"","email":"","url":"","countryIso2":"MF","countryName":"Saint-Martin","hotelRating":"0","latitude":"18.0563","longitude":"-63.0197","state_id":null,"state_name":null,"country_id":null},{"active":false,"Giataid":"736559","cityId":null,"cityName":"Orient Bay","hotelId":20350512,"hotelName":"Villa Monte Verde","address":"Rue Du Coconut Grove,Hope Hill Residences Unit 10,Orient Bay,Baie Orientale,Saint-Martin","phones":"","fax":"","email":"villamonteverde@yahoo.com","url":"http://monteverde-stmartin.com/","countryIso2":"MF","countryName":"Saint-Martin","hotelRating":"0","latitude":"18.0849","longitude":"-63.0282","state_id":null,"state_name":null,"country_id":null},{"active":false,"Giataid":"975254","cityId":null,"cityName":"Cul-de-Sac","hotelId":20412902,"hotelName":"Villa Eden View","address":"97150 Cul de Sac,Saint-Martin","phones":"","fax":"","email":"","url":"","countryIso2":"MF","countryName":"Saint-Martin","hotelRating":"1","latitude":"18.0993","longitude":"-63.0266","state_id":null,"state_name":null,"country_id":null},{"active":false,"Giataid":"976231","cityId":null,"cityName":"Baie Nettl?","hotelId":20412906,"hotelName":"Villa Le Mas des Sables","address":"Lot 199 Terress Basses,Nettle Bay,Saint-Martin","phones":"","fax":"","email":"","url":"","countryIso2":"MF","countryName":"Saint-Martin","hotelRating":"1","latitude":"18.0616","longitude":"-63.1124","state_id":null,"state_name":null,"country_id":null},{"active":false,"Giataid":"956709","cityId":null,"cityName":"Orient Bay","hotelId":20412910,"hotelName":"Sun Caraibes","address":"56 Parc De La Baie Orientale,97150 Orient Bay,Saint-Martin","phones":"","fax":"","email":"","url":"","countryIso2":"MF","countryName":"Saint-Martin","hotelRating":"1","latitude":"18.0889","longitude":"-63.0227","state_id":null,"state_name":null,"country_id":null},{"active":false,"Giataid":"977891","cityId":null,"cityName":"Orient Bay","hotelId":20412914,"hotelName":"Tintamarre","address":"Jardin De La Baie Orientale,97150 Orient Bay,Saint Martin,Saint-Martin","phones":"","fax":"","email":"","url":"","countryIso2":"MF","countryName":"Saint-Martin","hotelRating":"1","latitude":"18.0889","longitude":"-63.0227","state_id":null,"state_name":null,"country_id":null},{"active":false,"Giataid":"971407","cityId":null,"cityName":"Cul-de-Sac","hotelId":20412919,"hotelName":"Villa Jwi Lavi","address":"6B Rue Mano Wells,Cul De Sac,Saint-Martin","phones":"","fax":"","email":"","url":"","countryIso2":"MF","countryName":"Saint-Martin","hotelRating":"1","latitude":"18.0993","longitude":"-63.0266","state_id":null,"state_name":null,"country_id":null},{"active":false,"Giataid":"975332","cityId":null,"cityName":"Orient Bay","hotelId":20412923,"hotelName":"Villa Alexambre","address":"19 Jardin D'Orient,97150 Orient Bay,Saint-Martin","phones":"","fax":"","email":"","url":"","countryIso2":"MF","countryName":"Saint-Martin","hotelRating":"1","latitude":"18.0889","longitude":"-63.0227","state_id":null,"state_name":null,"country_id":null},{"active":false,"Giataid":"975365","cityId":null,"cityName":"Orient Bay","hotelId":20412927,"hotelName":"Adam & Eve Residence","address":"Rue Du Cabestan,East Bay Park,97150 Orient Bay,Saint-Martin","phones":"+59059087443","fax":"","email":"caroline@residence-adam-eve.com","url":"http://www.residence-adam-eve.com","countryIso2":"MF","countryName":"Saint-Martin","hotelRating":"1","latitude":"18.0889","longitude":"-63.0227","state_id":null,"state_name":null,"country_id":null},{"active":false,"Giataid":"991672","cityId":null,"cityName":"Oyster Pond","hotelId":20436701,"hotelName":"Bellmare By RedAwning","address":"Tusk Shell Road 33A,Oyster Pond,Saint-Martin","phones":"","fax":"","email":"","url":"","countryIso2":"MF","countryName":"Saint-Martin","hotelRating":"1","latitude":"18.0563","longitude":"-63.0197","state_id":null,"state_name":null,"country_id":null},{"active":false,"Giataid":"996071","cityId":null,"cityName":"Cul-de-Sac","hotelId":20436702,"hotelName":"Del Mar","address":"Rue De l'Anse Marcel,Cul De Sac,Saint-Martin","phones":"","fax":"","email":"","url":"","countryIso2":"MF","countryName":"Saint-Martin","hotelRating":"1","latitude":"18.0993","longitude":"-63.0266","state_id":null,"state_name":null,"country_id":null},{"active":false,"Giataid":"999303","cityId":null,"cityName":"Cul-de-Sac","hotelId":20436705,"hotelName":"Casa Branca","address":"13 Rue De l'Anse Marcel,97150 Cul De Sac,Saint-Martin","phones":"","fax":"","email":"","url":"","countryIso2":"MF","countryName":"Saint-Martin","hotelRating":"1","latitude":"18.0993","longitude":"-63.0266","state_id":null,"state_name":null,"country_id":null},{"active":false,"Giataid":"988994","cityId":null,"cityName":"Orient Bay","hotelId":20436706,"hotelName":"Topaze","address":"Jardin De La Baie Orientale,Orient Bay,Saint-Martin","phones":"","fax":"","email":"","url":"","countryIso2":"MF","countryName":"Saint-Martin","hotelRating":"1","latitude":"18.0889","longitude":"-63.0227","state_id":null,"state_name":null,"country_id":null}]