[{"active":false,"Giataid":"406330","cityId":null,"cityName":"Lom?","hotelId":406330,"hotelName":"Hotel Palm Beach","address":"NULL","phones":"+22822218511","fax":"+22822218711","email":"","url":"http://www.palmbeachtogo.com","countryIso2":"TG","countryName":"Togo","hotelRating":"5","latitude":"6.13194","longitude":"1.22278","state_id":null,"state_name":null,"country_id":null},{"active":false,"Giataid":"427711","cityId":147494,"cityName":"Kara","hotelId":427711,"hotelName":"Hotel Marie Antoinette Kara","address":"190 Road Ateda,Kara,Togo","phones":"","fax":"","email":"","url":"","countryIso2":"TG","countryName":"Togo","hotelRating":"2","latitude":"9.51132","longitude":"1.20874","state_id":4022,"state_name":"Uttar Pradesh","country_id":101},{"active":false,"Giataid":"458872","cityId":null,"cityName":"Lom?","hotelId":458872,"hotelName":"Hotel Le Sphinx","address":"","phones":"","fax":"","email":"","url":"","countryIso2":"TG","countryName":"Togo","hotelRating":"1","latitude":"6.1467","longitude":"1.2498","state_id":null,"state_name":null,"country_id":null},{"active":false,"Giataid":"459130","cityId":null,"cityName":"Lom?","hotelId":459130,"hotelName":"Residence Hoteliere Oceane","address":"42, 44 Rue De La Gare,Quartier Assivito,Lom?,Togo","phones":"","fax":"","email":"","url":"","countryIso2":"TG","countryName":"Togo","hotelRating":"1","latitude":"6.14594","longitude":"1.23875","state_id":null,"state_name":null,"country_id":null},{"active":false,"Giataid":"459285","cityId":null,"cityName":"Lom?","hotelId":459285,"hotelName":"Hotel Nord-Sud","address":"","phones":"","fax":"","email":"","url":"","countryIso2":"TG","countryName":"Togo","hotelRating":"1","latitude":"6.12427","longitude":"1.21198","state_id":null,"state_name":null,"country_id":null},{"active":false,"Giataid":"611047","cityId":null,"cityName":"Lom?","hotelId":611047,"hotelName":"Hotel Bella Vida","address":"3eme Rue Apres La Station d'Adakpame,Lome,Togo","phones":"+22890041958","fax":"","email":"info@bellavidahotel.com","url":"http://www.bellavidahotel.com","countryIso2":"TG","countryName":"Togo","hotelRating":"3","latitude":"6.1724","longitude":"1.29077","state_id":null,"state_name":null,"country_id":null},{"active":false,"Giataid":"628452","cityId":null,"cityName":"Lom?","hotelId":628452,"hotelName":"Hotel le Guide","address":"Rue Lom?gan En Face de l'ODEF,Lom?,Togo","phones":"","fax":"","email":"","url":"","countryIso2":"TG","countryName":"Togo","hotelRating":"1","latitude":"6.14024","longitude":"1.26066","state_id":null,"state_name":null,"country_id":null},{"active":false,"Giataid":"628653","cityId":null,"cityName":"Agbodrafo","hotelId":628653,"hotelName":"Hotel le Lac","address":"Quatier Agbodrafo Numero 15,Agbodrafo,Togo","phones":"+22890362858","fax":"","email":"contact@hotellelac-togo.com","url":"http://hotellelactogo.com/","countryIso2":"TG","countryName":"Togo","hotelRating":"1","latitude":"0","longitude":"0","state_id":null,"state_name":null,"country_id":null},{"active":false,"Giataid":"628661","cityId":null,"cityName":"Missahoe","hotelId":628661,"hotelName":"Hotel Parc Residence","address":"Route Missahoe,BP 333 Kpalim? Togo,Missahoe,Togo","phones":"","fax":"","email":"","url":"","countryIso2":"TG","countryName":"Togo","hotelRating":"1","latitude":"6.93683","longitude":"0.60321","state_id":null,"state_name":null,"country_id":null},{"active":false,"Giataid":"728944","cityId":null,"cityName":"Lom?","hotelId":728944,"hotelName":"Hotel M'Rode","address":"88 Rue Assoli  Rue de l'OCAM,Lome,Togo","phones":"+22822207000","fax":"","email":"","url":"http://www.hotelmrode.com","countryIso2":"TG","countryName":"Togo","hotelRating":"3","latitude":"6.14594","longitude":"1.23875","state_id":null,"state_name":null,"country_id":null},{"active":false,"Giataid":"738630","cityId":null,"cityName":"Lom?","hotelId":738630,"hotelName":"Hotel la Concorde","address":"Boulevard Faure Gnassingbe,Lome,Togo","phones":"+22822505050","fax":"","email":"","url":"https://hotellaconcordelome.com/","countryIso2":"TG","countryName":"Togo","hotelRating":"3","latitude":"6.14594","longitude":"1.23875","state_id":null,"state_name":null,"country_id":null},{"active":false,"Giataid":"740347","cityId":null,"cityName":"Lom?","hotelId":740347,"hotelName":"Jeane's Appart Hotel","address":"Zone Touristique Agod?k?,Togo","phones":"+22822710579","fax":"","email":"jeaneshotel@yahoo.fr","url":"http://www.jeanesapparthotel.com","countryIso2":"TG","countryName":"Togo","hotelRating":"3","latitude":"6.14594","longitude":"1.23875","state_id":null,"state_name":null,"country_id":null},{"active":false,"Giataid":"800795","cityId":null,"cityName":"Lom?","hotelId":800795,"hotelName":"Hotel Magnificat Baguida","address":"Beside the City BOAD,Baguida,Lom?,Maritime Region,Togo","phones":"","fax":"","email":"","url":"","countryIso2":"TG","countryName":"Togo","hotelRating":"1","latitude":"6.14594","longitude":"1.23875","state_id":null,"state_name":null,"country_id":null},{"active":false,"Giataid":"800972","cityId":null,"cityName":"Lom?","hotelId":800972,"hotelName":"Agla Hotel","address":"116 Rue Totsi Agbalepedo,Lome,Togo","phones":"","fax":"","email":"","url":"","countryIso2":"TG","countryName":"Togo","hotelRating":"1","latitude":"6.14594","longitude":"1.23875","state_id":null,"state_name":null,"country_id":null},{"active":false,"Giataid":"803004","cityId":null,"cityName":"Lom?","hotelId":803004,"hotelName":"Hotel Acropolis","address":"Avenue De Pya Quartier Totsi,Lom?,Togo","phones":"","fax":"","email":"","url":"","countryIso2":"TG","countryName":"Togo","hotelRating":"1","latitude":"6.14594","longitude":"1.23875","state_id":null,"state_name":null,"country_id":null},{"active":false,"Giataid":"803822","cityId":null,"cityName":"Lom?","hotelId":803822,"hotelName":"Stone Hotel","address":"Agodeke kpogan,25 minutes From Lome Airport,Lome,Togo","phones":"+22822279090","fax":"","email":"vip@stonehotel.tg","url":"http://stonehotel.africa","countryIso2":"TG","countryName":"Togo","hotelRating":"1","latitude":"6.14594","longitude":"1.23875","state_id":null,"state_name":null,"country_id":null},{"active":false,"Giataid":"803842","cityId":null,"cityName":"Lom?","hotelId":803842,"hotelName":"Hotel le Franco-Suisse","address":"Rue Nelson Mandela 8,Djidjole-Batome,BP 80434,Lome,Togo","phones":"","fax":"","email":"","url":"","countryIso2":"TG","countryName":"Togo","hotelRating":"1","latitude":"6.14594","longitude":"1.23875","state_id":null,"state_name":null,"country_id":null},{"active":false,"Giataid":"805240","cityId":null,"cityName":"Lom?","hotelId":805240,"hotelName":"Graal Hotel","address":"NULL","phones":"","fax":"","email":"","url":"","countryIso2":"TG","countryName":"Togo","hotelRating":"1","latitude":"6.14594","longitude":"1.23875","state_id":null,"state_name":null,"country_id":null},{"active":false,"Giataid":"805269","cityId":null,"cityName":"Lom?","hotelId":805269,"hotelName":"Hotel MG","address":"Boulevard Du Haho,Tokoin Aeroport,Lome,Togo","phones":"","fax":"","email":"","url":"","countryIso2":"TG","countryName":"Togo","hotelRating":"1","latitude":"6.14594","longitude":"1.23875","state_id":null,"state_name":null,"country_id":null},{"active":false,"Giataid":"805334","cityId":null,"cityName":"Lom?","hotelId":805334,"hotelName":"Hotel Ahoefa King Salomon Garden","address":"Rue Anamagne,Lome,Togo","phones":"+22822214343","fax":"","email":"info@hotelahoefa.com","url":"http://www.hotelahoefa.com/","countryIso2":"TG","countryName":"Togo","hotelRating":"1","latitude":"6.14594","longitude":"1.23875","state_id":null,"state_name":null,"country_id":null},{"active":false,"Giataid":"805487","cityId":null,"cityName":"Lom?","hotelId":805487,"hotelName":"Hotel Ambassadors","address":"45 Rue Des Gazelle,Akodessewa,Lome,Togo","phones":"","fax":"","email":"","url":"","countryIso2":"TG","countryName":"Togo","hotelRating":"1","latitude":"6.14594","longitude":"1.23875","state_id":null,"state_name":null,"country_id":null},{"active":false,"Giataid":"805572","cityId":null,"cityName":"Lom?","hotelId":805572,"hotelName":"Royal Hotel","address":"2 Boulevard Jean Paul,Quartier Nukafu,Lome,Togo","phones":"","fax":"","email":"","url":"","countryIso2":"TG","countryName":"Togo","hotelRating":"1","latitude":"6.14594","longitude":"1.23875","state_id":null,"state_name":null,"country_id":null},{"active":false,"Giataid":"806023","cityId":null,"cityName":"Lom?","hotelId":806023,"hotelName":"Hotel Bkbg","address":"Boulevard Du Mono,Quartier Baguida,Bateauvi,01 BP 247,Lome,Togo","phones":"+22822706110","fax":"+22822706113","email":"contact@bkbghotels.com","url":"http://bkbghotels.com","countryIso2":"TG","countryName":"Togo","hotelRating":"1","latitude":"6.14594","longitude":"1.23875","state_id":null,"state_name":null,"country_id":null},{"active":false,"Giataid":"806101","cityId":null,"cityName":"Lom?","hotelId":806101,"hotelName":"Hotel Ecole Avenida","address":"30 Rue L?opold D�Almeida,Cocoteraie Pa De Souza,Lome,Togo","phones":"","fax":"","email":"","url":"","countryIso2":"TG","countryName":"Togo","hotelRating":"1","latitude":"6.14594","longitude":"1.23875","state_id":null,"state_name":null,"country_id":null},{"active":false,"Giataid":"806125","cityId":null,"cityName":"Lom?","hotelId":806125,"hotelName":"Hotel Saint Manick","address":"Boulevard John Paul II,Hiheatro Street,Nukafu,3316 Lome,Togo","phones":"+22822215655","fax":"","email":"hotel_st_manick@yahoo.fr","url":"https://hotelmanicktogo.com","countryIso2":"TG","countryName":"Togo","hotelRating":"1","latitude":"6.14594","longitude":"1.23875","state_id":null,"state_name":null,"country_id":null},{"active":false,"Giataid":"806155","cityId":null,"cityName":"Lom?","hotelId":806155,"hotelName":"Hotel Krimas","address":"59 Boulevard Du Mono,Lome,Togo","phones":"","fax":"","email":"","url":"","countryIso2":"TG","countryName":"Togo","hotelRating":"1","latitude":"6.14594","longitude":"1.23875","state_id":null,"state_name":null,"country_id":null},{"active":false,"Giataid":"807223","cityId":147494,"cityName":"Kara","hotelId":807223,"hotelName":"Hotel Mira","address":"National 1,Avant Le Nouveau Pont,Kara,Togo","phones":"","fax":"","email":"","url":"","countryIso2":"TG","countryName":"Togo","hotelRating":"1","latitude":"0","longitude":"0","state_id":4022,"state_name":"Uttar Pradesh","country_id":101},{"active":false,"Giataid":"809986","cityId":null,"cityName":"Lom?","hotelId":809986,"hotelName":"Hotel Monument de Baguida","address":"Derriere Le Monument de Baguida,Lome,Togo","phones":"","fax":"","email":"","url":"","countryIso2":"TG","countryName":"Togo","hotelRating":"1","latitude":"6.14594","longitude":"1.23875","state_id":null,"state_name":null,"country_id":null},{"active":false,"Giataid":"810043","cityId":null,"cityName":"Lom?","hotelId":810043,"hotelName":"Hotel Enike","address":"341 Rue Agbalepedogan,Lome,Togo","phones":"","fax":"","email":"","url":"","countryIso2":"TG","countryName":"Togo","hotelRating":"1","latitude":"6.14594","longitude":"1.23875","state_id":null,"state_name":null,"country_id":null},{"active":false,"Giataid":"810118","cityId":null,"cityName":"Lom?","hotelId":810118,"hotelName":"Le Merlot","address":"157 Angle Avenue De La Victoire,Rue Buame Tokoin Cassablanca Lome-Togo,Lome,Togo","phones":"+22822211121","fax":"","email":"info@lemerlot.com","url":"http://www.lemerlot.com/","countryIso2":"TG","countryName":"Togo","hotelRating":"1","latitude":"6.14594","longitude":"1.23875","state_id":null,"state_name":null,"country_id":null},{"active":false,"Giataid":"810133","cityId":null,"cityName":"Lom?","hotelId":810133,"hotelName":"Bravia Eco Hotels","address":"125 Boulevard Felix Houphouet,Biogny Be-Kpehenou,BP 2978,Lome,Togo","phones":"+22822215989","fax":"","email":"info@braviaecohotels.com","url":"http://www.braviaecohotels.com","countryIso2":"TG","countryName":"Togo","hotelRating":"1","latitude":"6.14594","longitude":"1.23875","state_id":null,"state_name":null,"country_id":null},{"active":false,"Giataid":"811071","cityId":null,"cityName":"Lom?","hotelId":811071,"hotelName":"Hotel Saint Paulos","address":"2?me Rue,Derri?re Le Ceg D'adidogome,En Face Du Commissariat 9?me Arrondissement,Lome,Togo","phones":"","fax":"+22822500254","email":"saintpaulos2@yahoo.fr","url":"http://hotelsaintpaulos.com/","countryIso2":"TG","countryName":"Togo","hotelRating":"1","latitude":"6.14594","longitude":"1.23875","state_id":null,"state_name":null,"country_id":null},{"active":false,"Giataid":"811079","cityId":null,"cityName":"Lom?","hotelId":811079,"hotelName":"Hotel Alcor","address":"Avenue De Pya Rue 38,Batiment Face Togocelaire Gta,Lome,Togo","phones":"","fax":"","email":"","url":"","countryIso2":"TG","countryName":"Togo","hotelRating":"1","latitude":"6.14594","longitude":"1.23875","state_id":null,"state_name":null,"country_id":null},{"active":false,"Giataid":"813524","cityId":null,"cityName":"Lom?","hotelId":813524,"hotelName":"Hotel Bamudas","address":"Boulevard Malfakassa,Rond Point B?-kpota,Lome,Togo","phones":"","fax":"","email":"","url":"","countryIso2":"TG","countryName":"Togo","hotelRating":"1","latitude":"6.14594","longitude":"1.23875","state_id":null,"state_name":null,"country_id":null},{"active":false,"Giataid":"813678","cityId":null,"cityName":"Lom?","hotelId":813678,"hotelName":"Hotel Balkan","address":"4449 Boulevard Jean Paul II,Lome,Togo","phones":"","fax":"","email":"","url":"","countryIso2":"TG","countryName":"Togo","hotelRating":"1","latitude":"6.14594","longitude":"1.23875","state_id":null,"state_name":null,"country_id":null},{"active":false,"Giataid":"813681","cityId":null,"cityName":"Lom?","hotelId":813681,"hotelName":"Hotel Ariana","address":"197 Rue Djankass?,PO Box 13157,Lom?,Togo","phones":"+22822209495","fax":"","email":"contact@hotelarianatogo.com","url":"http://hotelarianatogo.com","countryIso2":"TG","countryName":"Togo","hotelRating":"1","latitude":"6.14594","longitude":"1.23875","state_id":null,"state_name":null,"country_id":null},{"active":false,"Giataid":"813727","cityId":null,"cityName":"Lom?","hotelId":813727,"hotelName":"Hotel Yabisso","address":"Avenue De La Liberation,Lome,Togo","phones":"","fax":"","email":"","url":"","countryIso2":"TG","countryName":"Togo","hotelRating":"1","latitude":"6.14594","longitude":"1.23875","state_id":null,"state_name":null,"country_id":null},{"active":false,"Giataid":"814518","cityId":147494,"cityName":"Kara","hotelId":814518,"hotelName":"Hotel Etoile De La Kozah","address":"Kara Tomde,Kara,Togo","phones":"","fax":"","email":"","url":"","countryIso2":"TG","countryName":"Togo","hotelRating":"1","latitude":"9.55927","longitude":"1.20112","state_id":4022,"state_name":"Uttar Pradesh","country_id":101},{"active":false,"Giataid":"740347","cityId":null,"cityName":"Lom?","hotelId":814910,"hotelName":"Jeane's Appart Hotel","address":"Zone Touristique Agod?k?,Togo","phones":"","fax":"","email":"","url":"","countryIso2":"TG","countryName":"Togo","hotelRating":"1","latitude":"6.14594","longitude":"1.23875","state_id":null,"state_name":null,"country_id":null},{"active":false,"Giataid":"815866","cityId":null,"cityName":"Lom?","hotelId":815866,"hotelName":"Hotel Et Plage Du Ramatou","address":"Port Autonome De Lome,Lom?,Togo","phones":"","fax":"","email":"","url":"","countryIso2":"TG","countryName":"Togo","hotelRating":"1","latitude":"6.14594","longitude":"1.23875","state_id":null,"state_name":null,"country_id":null},{"active":false,"Giataid":"815894","cityId":null,"cityName":"Lom?","hotelId":815894,"hotelName":"Hotel De L'Amitie","address":"Avenue Augustino Pa De Souza,Rue Preles,Lom?,Togo","phones":"","fax":"","email":"","url":"","countryIso2":"TG","countryName":"Togo","hotelRating":"1","latitude":"6.14594","longitude":"1.23875","state_id":null,"state_name":null,"country_id":null},{"active":false,"Giataid":"816703","cityId":null,"cityName":"Lom?","hotelId":816703,"hotelName":"Hotel Mirambeau","address":"Pres De La Station,Total D'Agbalepedo,Lome,Togo","phones":"+22822251164","fax":"","email":"mirambeauhotel@gmail.com","url":"http://www.mirambeauhotel.com","countryIso2":"TG","countryName":"Togo","hotelRating":"1","latitude":"6.14594","longitude":"1.23875","state_id":null,"state_name":null,"country_id":null},{"active":false,"Giataid":"818447","cityId":null,"cityName":"Lom?","hotelId":818447,"hotelName":"Hotel Restaurant Piscine Baie Des Anges","address":"RN 2,Baguida Avepozo,Lome,Togo","phones":"","fax":"","email":"","url":"","countryIso2":"TG","countryName":"Togo","hotelRating":"1","latitude":"6.14594","longitude":"1.23875","state_id":null,"state_name":null,"country_id":null},{"active":false,"Giataid":"818490","cityId":null,"cityName":"Lom?","hotelId":818490,"hotelName":"Hotel Pesco","address":"151 Rue Des Evala,Afl Ndegc75936,Lome,Togo","phones":"+22822528067","fax":"","email":"reservation@pescohotel.com","url":"http://www.pescohotel.com","countryIso2":"TG","countryName":"Togo","hotelRating":"1","latitude":"6.14594","longitude":"1.23875","state_id":null,"state_name":null,"country_id":null},{"active":false,"Giataid":"820173","cityId":null,"cityName":"Lom?","hotelId":820173,"hotelName":"Hotel Saint Thomas","address":"3 Boulevard De La Paix,Tout Pr?s De La Colombe De La Paix,Lom?,Togo","phones":"","fax":"","email":"","url":"","countryIso2":"TG","countryName":"Togo","hotelRating":"1","latitude":"6.14594","longitude":"1.23875","state_id":null,"state_name":null,"country_id":null},{"active":false,"Giataid":"821378","cityId":null,"cityName":"Lom?","hotelId":821378,"hotelName":"Residence Theresia","address":"7 Rue 136,TKW,Quartier Tokoin Wuti Nukafu,Lome,Togo","phones":"+22822264996","fax":"","email":"info@residencetheresia.com","url":"http://www.residencetheresia.com/","countryIso2":"TG","countryName":"Togo","hotelRating":"1","latitude":"6.14594","longitude":"1.23875","state_id":null,"state_name":null,"country_id":null},{"active":false,"Giataid":"821562","cityId":null,"cityName":"Lom?","hotelId":821562,"hotelName":"Hotel Royal Phenix","address":"320 199 Lome Street,Lome,Totsi District,Togo","phones":"+22822408607","fax":"","email":"royalphenix@royalphenix.com","url":"http://www.royalphenix.com","countryIso2":"TG","countryName":"Togo","hotelRating":"1","latitude":"6.14594","longitude":"1.23875","state_id":null,"state_name":null,"country_id":null},{"active":false,"Giataid":"822651","cityId":null,"cityName":"Lom?","hotelId":822651,"hotelName":"Hotel Nachtigal Annexxe","address":"Be Kpehenou,Lome,Togo","phones":"","fax":"","email":"","url":"","countryIso2":"TG","countryName":"Togo","hotelRating":"1","latitude":"6.14594","longitude":"1.23875","state_id":null,"state_name":null,"country_id":null},{"active":false,"Giataid":"824160","cityId":null,"cityName":"Lom?","hotelId":824160,"hotelName":"Astorya Hotel","address":"Rue La Pampa Quartier Avenou,1ere Rue A Gauche Apres Diamond Bank En Allant Vers Adidogome,Lome,Togo","phones":"","fax":"","email":"","url":"","countryIso2":"TG","countryName":"Togo","hotelRating":"1","latitude":"6.14594","longitude":"1.23875","state_id":null,"state_name":null,"country_id":null},{"active":false,"Giataid":"824165","cityId":null,"cityName":"Lom?","hotelId":824165,"hotelName":"A La Table Du Chef Jean","address":"2020 Route De Segbe En Face Du Bar Adonai,Lome,Togo","phones":"","fax":"","email":"","url":"","countryIso2":"TG","countryName":"Togo","hotelRating":"1","latitude":"6.14594","longitude":"1.23875","state_id":null,"state_name":null,"country_id":null},{"active":false,"Giataid":"824889","cityId":null,"cityName":"Lom?","hotelId":824889,"hotelName":"Marguo City Hotel","address":"254 Kpalime Road,16 BP,Soviepe,Adidogome,Lome,Togo","phones":"+22822255155","fax":"+22822255155","email":"hotelmarguocity@gmail.com","url":"http://www.hotelmarguocity.com","countryIso2":"TG","countryName":"Togo","hotelRating":"1","latitude":"6.14594","longitude":"1.23875","state_id":null,"state_name":null,"country_id":null},{"active":false,"Giataid":"427709","cityId":null,"cityName":"Lom?","hotelId":10052642,"hotelName":"Hotel Alize","address":"Rue Mrs Baguida bord de mer,Lome,Togo","phones":"+22823382717","fax":"","email":"","url":"","countryIso2":"TG","countryName":"Togo","hotelRating":"2","latitude":"6.16177","longitude":"1.32932","state_id":null,"state_name":null,"country_id":null},{"active":false,"Giataid":"470434","cityId":null,"cityName":"Lom?","hotelId":10052682,"hotelName":"Hotel Aurore Lome","address":"rue Dzidzedze,Lome,Togo,Togo","phones":"+22890434444","fax":"","email":"","url":"","countryIso2":"TG","countryName":"Togo","hotelRating":"3","latitude":"6.13328","longitude":"1.24958","state_id":null,"state_name":null,"country_id":null},{"active":false,"Giataid":"628420","cityId":null,"cityName":"Lom?","hotelId":20000003,"hotelName":"Hotel le Pelican","address":"2 Rue la Roche,Ablogame,Lom?,Togo","phones":"","fax":"","email":"","url":"","countryIso2":"TG","countryName":"Togo","hotelRating":"0","latitude":"6.13915","longitude":"1.27196","state_id":null,"state_name":null,"country_id":null},{"active":false,"Giataid":"628666","cityId":null,"cityName":"Lom?","hotelId":20000005,"hotelName":"Pure Plage","address":"Route de Baguida,Lom?,Togo","phones":"+22892965648","fax":"","email":"pureplage@gmail.com","url":"https://www.pureplage.com/","countryIso2":"TG","countryName":"Togo","hotelRating":"0","latitude":"6.14594","longitude":"1.23875","state_id":null,"state_name":null,"country_id":null},{"active":false,"Giataid":"492118","cityId":null,"cityName":"Lom?","hotelId":20000008,"hotelName":"Hotel Residence Madiba","address":"Route Lom?-An?ho,Avepozo,PO Box 2230,Lome,Togo","phones":"+22822709905","fax":"","email":"contact@hotelresidencemadiba.com","url":"http://www.facebook.com/HotelResidenceMadiba","countryIso2":"TG","countryName":"Togo","hotelRating":"4","latitude":"6.16562","longitude":"1.34302","state_id":null,"state_name":null,"country_id":null},{"active":false,"Giataid":"724631","cityId":null,"cityName":"Lom?","hotelId":20000009,"hotelName":"Maman Yovo","address":"Route Internationale Lome-Cotonou,Baguida,Lome,Togo","phones":"","fax":"","email":"","url":"","countryIso2":"TG","countryName":"Togo","hotelRating":"2","latitude":"6.1681","longitude":"1.33657","state_id":null,"state_name":null,"country_id":null},{"active":false,"Giataid":"283610","cityId":null,"cityName":"Lom?","hotelId":20000010,"hotelName":"Faso Inn","address":"Avenue Jean Paul II,Quartier Novissi,60178 Lom?,Togo","phones":"","fax":"","email":"","url":"","countryIso2":"TG","countryName":"Togo","hotelRating":"2","latitude":"6.13101","longitude":"1.22377","state_id":null,"state_name":null,"country_id":null},{"active":false,"Giataid":"724636","cityId":null,"cityName":"Lom?","hotelId":20000011,"hotelName":"Hotel Star Of David","address":"Assivito,Quartier Des Etoiles,Lome,Togo","phones":"","fax":"","email":"","url":"","countryIso2":"TG","countryName":"Togo","hotelRating":"3","latitude":"6.13395","longitude":"1.2209","state_id":null,"state_name":null,"country_id":null},{"active":false,"Giataid":"724477","cityId":null,"cityName":"Lom?","hotelId":20000012,"hotelName":"Hotel Eda-Oba","address":"Boulevard Eyadema,BP 3481,Lom?,Togo","phones":"+22822201818","fax":"","email":"hoteledaoba@yahoo.fr","url":"http://www.edaoba.com","countryIso2":"TG","countryName":"Togo","hotelRating":"4","latitude":"6.15428","longitude":"1.22879","state_id":null,"state_name":null,"country_id":null},{"active":false,"Giataid":"726220","cityId":null,"cityName":"Lom?","hotelId":20000013,"hotelName":"Hotel Novela Star","address":"Route Express Lome,Cotonou,Av?pozo Plage,Lome,Togo","phones":"+22822710008","fax":"","email":"reservation@hotelnovelastar.com","url":"http://www.hotelnovelastar.com/","countryIso2":"TG","countryName":"Togo","hotelRating":"3","latitude":"6.17126","longitude":"1.3577","state_id":null,"state_name":null,"country_id":null},{"active":false,"Giataid":"612917","cityId":null,"cityName":"Lom?","hotelId":20000014,"hotelName":"Mary's Guest House","address":"Rue 381 HDN,Lome,Togo","phones":"","fax":"","email":"","url":"","countryIso2":"TG","countryName":"Togo","hotelRating":"3","latitude":"6.19988","longitude":"1.25112","state_id":null,"state_name":null,"country_id":null},{"active":false,"Giataid":"475809","cityId":null,"cityName":"Lom?","hotelId":20000015,"hotelName":"Sympa Hotel","address":"Ago? Route CEDEAO / CAMP FIR,Agoueve,Lome,Togo","phones":"","fax":"","email":"","url":"","countryIso2":"TG","countryName":"Togo","hotelRating":"0","latitude":"6.23009","longitude":"1.21107","state_id":null,"state_name":null,"country_id":null},{"active":false,"Giataid":"477037","cityId":null,"cityName":"Lom?","hotelId":20000016,"hotelName":"Hotel Restaurant Cote Sud","address":"126 Rue de Nima,33000 Lome,Togo","phones":"+22823361270","fax":"","email":"hotelcotesud@yahoo.fr","url":"http://hotel-restaurant-cote-sud.lyl-resto.com/","countryIso2":"TG","countryName":"Togo","hotelRating":"3","latitude":"6.13222","longitude":"1.23283","state_id":null,"state_name":null,"country_id":null},{"active":false,"Giataid":"683515","cityId":null,"cityName":"Lom?","hotelId":20000017,"hotelName":"Hotel Sancta Maria","address":"Boulevard Du Mono 08,80 212 Lom?,Togo","phones":"+22822229292","fax":"","email":"reservations@hotelsanctamaria.com","url":"http://www.hotelsanctamaria.com","countryIso2":"TG","countryName":"Togo","hotelRating":"0","latitude":"6.12809","longitude":"1.23816","state_id":null,"state_name":null,"country_id":null},{"active":false,"Giataid":"544779","cityId":null,"cityName":"Lom?","hotelId":20000018,"hotelName":"Mint Hotel","address":"Rue de la Pierre Brute,Sur Les Pave de Djidjole,Non Loin du Commissariat de Djidjole,Lome,Togo","phones":"+22822514949","fax":"","email":"contact@minthoteltogo.com","url":"http://www.minthoteltogo.com","countryIso2":"TG","countryName":"Togo","hotelRating":"3","latitude":"6.18364","longitude":"1.19252","state_id":null,"state_name":null,"country_id":null},{"active":false,"Giataid":"329929","cityId":null,"cityName":"Lom?","hotelId":20000019,"hotelName":"Hotel Belle-Vue","address":"Quartier Kodjoviakope,Lome,Togo","phones":"+22822202240","fax":"+22822207628","email":"contact@hotel-togo-bellevue.com","url":"http://www.hotel-togo-bellevue.com/","countryIso2":"TG","countryName":"Togo","hotelRating":"0","latitude":"6.1177","longitude":"1.20893","state_id":null,"state_name":null,"country_id":null},{"active":false,"Giataid":"406331","cityId":null,"cityName":"Lom?","hotelId":20000020,"hotelName":"Hotel Paradise","address":"1581 Boulevard du 13 Janvier,P.O. Box 7701,Nyekonakpoe,Lom?,Togo","phones":"+22822223758","fax":"+22822223684","email":"contact@hotel-lome-paradise.com","url":"http://www.hotel-lome-paradise.com","countryIso2":"TG","countryName":"Togo","hotelRating":"3","latitude":"6.13194","longitude":"1.22278","state_id":null,"state_name":null,"country_id":null},{"active":false,"Giataid":"427713","cityId":null,"cityName":"Lom?","hotelId":20000021,"hotelName":"Hotel Marie Antoinette Lome","address":"Rue 259,Maison 59,Soviepe,Lome,Togo","phones":"+22822507301","fax":"","email":"","url":"http://kara-tg.com/lome.html","countryIso2":"TG","countryName":"Togo","hotelRating":"2","latitude":"6.17675","longitude":"1.17781","state_id":null,"state_name":null,"country_id":null},{"active":false,"Giataid":"725993","cityId":null,"cityName":"Lom?","hotelId":20000022,"hotelName":"Jess Hotel","address":"Avenue Pya Prolonge,Totsi Adidoadin,Lome,Togo","phones":"","fax":"","email":"","url":"","countryIso2":"TG","countryName":"Togo","hotelRating":"2","latitude":"6.1995","longitude":"1.18877","state_id":null,"state_name":null,"country_id":null},{"active":false,"Giataid":"406332","cityId":null,"cityName":"Lom?","hotelId":20000023,"hotelName":"Hotel Togo Cocobeach","address":"Rue 9,zone portuaire de Lom?,P.O. Box 12 502,Lom?,Togo","phones":"+22822714937","fax":"","email":"cocobeachtogo1@hotmail.fr","url":"http://www.hotel-togo-cocobeach.com","countryIso2":"TG","countryName":"Togo","hotelRating":"3","latitude":"6.17269","longitude":"1.23845","state_id":null,"state_name":null,"country_id":null},{"active":false,"Giataid":"628668","cityId":null,"cityName":"Lom?","hotelId":20000026,"hotelName":"Hotel du Golfe","address":"10 Avenue Sylvanus Olympio,Lom?,Togo","phones":"","fax":"","email":"","url":"","countryIso2":"TG","countryName":"Togo","hotelRating":"0","latitude":"6.12326","longitude":"1.22261","state_id":null,"state_name":null,"country_id":null},{"active":false,"Giataid":"628458","cityId":null,"cityName":"Lom?","hotelId":20000027,"hotelName":"Annexe Robinson Plage Ville","address":"900 BD du 13 Janvier,Lom?,Togo","phones":"","fax":"","email":"","url":"","countryIso2":"TG","countryName":"Togo","hotelRating":"0","latitude":"6.15088","longitude":"1.2996","state_id":null,"state_name":null,"country_id":null},{"active":false,"Giataid":"628431","cityId":null,"cityName":"Lom?","hotelId":20000028,"hotelName":"Park Hotel","address":"Route De Segb?,A 300m De La Douane d'Adidogom?,Lom?,Togo","phones":"","fax":"","email":"","url":"","countryIso2":"TG","countryName":"Togo","hotelRating":"0","latitude":"6.1323","longitude":"1.22251","state_id":null,"state_name":null,"country_id":null},{"active":false,"Giataid":"628469","cityId":null,"cityName":"Lom?","hotelId":20000029,"hotelName":"Le Patio","address":"Lot 9 Cit? OUA,B.P: 80941,Lom?,Togo","phones":"+22890376707","fax":"","email":"lepatio@lepatio-lome.com","url":"http://www.lepatio-lome.com/","countryIso2":"TG","countryName":"Togo","hotelRating":"0","latitude":"6.14594","longitude":"1.23875","state_id":null,"state_name":null,"country_id":null},{"active":false,"Giataid":"724302","cityId":null,"cityName":"Lom?","hotelId":20000030,"hotelName":"Hotel Residence Les Anges","address":"Rue Nassika,Lome,Togo","phones":"","fax":"","email":"","url":"","countryIso2":"TG","countryName":"Togo","hotelRating":"3","latitude":"6.14594","longitude":"1.23875","state_id":null,"state_name":null,"country_id":null},{"active":false,"Giataid":"628439","cityId":null,"cityName":"Lom?","hotelId":20000031,"hotelName":"Golden Beach Hotel","address":"Boulevard du Mono,A C?t? De l'Ambassade d'Allemagne,Lom?,Togo","phones":"","fax":"","email":"","url":"","countryIso2":"TG","countryName":"Togo","hotelRating":"0","latitude":"6.11745","longitude":"1.21022","state_id":null,"state_name":null,"country_id":null},{"active":false,"Giataid":"628442","cityId":null,"cityName":"Lom?","hotelId":20000033,"hotelName":"Hotel Equateur","address":"102 Rue Litim?,Lom?,Togo","phones":"+22822219992","fax":"","email":"","url":"http://www.hotelequateur.com/en","countryIso2":"TG","countryName":"Togo","hotelRating":"2","latitude":"6.13009","longitude":"1.24036","state_id":null,"state_name":null,"country_id":null},{"active":false,"Giataid":"628426","cityId":null,"cityName":"Lom?","hotelId":20000034,"hotelName":"Hotel Residence Flamani","address":"79 Rue Aledjo Koura,SITO-Aeroport,Lom?,Togo","phones":"+22822266618","fax":"","email":"","url":"http://www.residenceflamani.com/","countryIso2":"TG","countryName":"Togo","hotelRating":"3","latitude":"6.1666","longitude":"1.24574","state_id":null,"state_name":null,"country_id":null},{"active":false,"Giataid":"459329","cityId":null,"cityName":"Lom?","hotelId":20000036,"hotelName":"Hotel Onomo Lome","address":"Boulevard du Mono 01,BP 2135,Lom?,Togo","phones":"+22822536300","fax":"+22822536301","email":"onomo.dakar@onomohotel.com","url":"http://www.onomohotel.com/en/hotel/5/onomo-hotel-lome","countryIso2":"TG","countryName":"Togo","hotelRating":"3","latitude":"6.1306","longitude":"1.24472","state_id":null,"state_name":null,"country_id":null},{"active":false,"Giataid":"726634","cityId":null,"cityName":"Lom?","hotelId":20000038,"hotelName":"Rosalies Apparts","address":"4640 Boulevard Circulaire,Lome,Togo","phones":"","fax":"","email":"","url":"","countryIso2":"TG","countryName":"Togo","hotelRating":"3","latitude":"6.14594","longitude":"1.23875","state_id":null,"state_name":null,"country_id":null},{"active":false,"Giataid":"474277","cityId":null,"cityName":"Lom?","hotelId":20000040,"hotelName":"Hotel Magnificat","address":"Rue du Grand March? de lom?,face immeuble CCO et ? la pharmacie du Grand March?,Lom?,Togo","phones":"+22822209691","fax":"","email":"hotelmagnificat@gmail.com","url":"http://www.leshotelsmagnificat.com/","countryIso2":"TG","countryName":"Togo","hotelRating":"3","latitude":"6.12573","longitude":"1.22557","state_id":null,"state_name":null,"country_id":null},{"active":false,"Giataid":"628460","cityId":null,"cityName":"Lom?","hotelId":20000042,"hotelName":"Hotel Ghis Palace","address":"Route Internationale Lom?-Cotonou,Baguida,Lom?,Togo","phones":"+22822714971","fax":"","email":"","url":"http://www.hotelghispalace.com/en","countryIso2":"TG","countryName":"Togo","hotelRating":"3","latitude":"6.16106","longitude":"1.31688","state_id":null,"state_name":null,"country_id":null},{"active":false,"Giataid":"725526","cityId":null,"cityName":"Lom?","hotelId":20000044,"hotelName":"Hotel Residence Lobal","address":"Angle Rue Augustino De Souza,Derri?re La Station Total Be Lagune,303 Lome,Togo","phones":"+22822211815","fax":"","email":"","url":"http://www.hotelresidencelobal.com","countryIso2":"TG","countryName":"Togo","hotelRating":"3","latitude":"6.14594","longitude":"1.23875","state_id":null,"state_name":null,"country_id":null},{"active":false,"Giataid":"457848","cityId":null,"cityName":"Lom?","hotelId":20000046,"hotelName":"Hotel Robinson Plage","address":"Zone Portuaire,Lom?,Togo","phones":"","fax":"","email":"","url":"","countryIso2":"TG","countryName":"Togo","hotelRating":"2","latitude":"6.1507","longitude":"1.29968","state_id":null,"state_name":null,"country_id":null}]