[{"active":false,"Giataid":"8810","cityId":null,"cityName":"Bequia","hotelId":8810,"hotelName":"Bequia Beach Club","address":"Kingstown Park,Bequia,St. Vincent,Saint Vincent and the Grenadines","phones":"+17844581800","fax":"+17844581333","email":"info@grenadinehouse.com","url":"http://www.bequiabeach.com/Contact.html","countryIso2":"VC","countryName":"Saint Vincent and the Grenadines","hotelRating":"4","latitude":"12.9917","longitude":"-61.2394","state_id":null,"state_name":null,"country_id":null},{"active":false,"Giataid":"10912","cityId":null,"cityName":"Mustique","hotelId":10912,"hotelName":"Cotton House","address":"MustiqueSaint Vincent and the Grenadines","phones":"+17844564777","fax":"+17844565887","email":"reservations@cottonhouse.net","url":"http://www.cottonhouse.net","countryIso2":"VC","countryName":"Saint Vincent and the Grenadines","hotelRating":"5","latitude":"12.8907","longitude":"-61.1841","state_id":null,"state_name":null,"country_id":null},{"active":false,"Giataid":"22709","cityId":null,"cityName":"Canouan","hotelId":22709,"hotelName":"Pink Sands Club","address":"Carenage Bay,Canouan Island VC0450,Saint Vincent and the Grenadines","phones":"+17844314500","fax":"+17844588885","email":"reservations@canouan.com","url":"http://www.canouan.com/resort.asp","countryIso2":"VC","countryName":"Saint Vincent and the Grenadines","hotelRating":"5","latitude":"12.7134","longitude":"-61.3215","state_id":null,"state_name":null,"country_id":null},{"active":false,"Giataid":"48033","cityId":6768,"cityName":"Palm Island","hotelId":48033,"hotelName":"Palm Island Resort","address":"Palm Island,Saint Vincent and the Grenadines","phones":"+178419544818787","fax":"","email":"ann@eliteislands.com","url":"http://www.palmislandresortgrenadines.com","countryIso2":"VC","countryName":"Saint Vincent and the Grenadines","hotelRating":"4","latitude":"12.5863","longitude":"-61.3994","state_id":3905,"state_name":"Queensland","country_id":14},{"active":false,"Giataid":"187506","cityId":130034,"cityName":"Kingstown","hotelId":187506,"hotelName":"The New Montrose Hotel","address":"Halifax Street PO Box 215","phones":"","fax":"","email":"","url":"","countryIso2":"VC","countryName":"Saint Vincent and the Grenadines","hotelRating":"2","latitude":"13.1513","longitude":"-61.2194","state_id":3384,"state_name":"Saint George Parish","country_id":188},{"active":false,"Giataid":"292621","cityId":null,"cityName":"Friendship Bay","hotelId":292621,"hotelName":"Bequia Beachfront Villas","address":"La Pompe Friendship Bay Beach,00801 Friendship Bay,Bequia Island,Saint Vincent and the Grenadines","phones":"+178412845410955","fax":"","email":"","url":"","countryIso2":"VC","countryName":"Saint Vincent and the Grenadines","hotelRating":"3","latitude":"12.9914","longitude":"-61.2399","state_id":null,"state_name":null,"country_id":null},{"active":false,"Giataid":"483751","cityId":null,"cityName":"Clifton Harbour","hotelId":483751,"hotelName":"Clifton Beach Hotel","address":"Clifton Harbour,Union Island,Saint Vincent and the Grenadines","phones":"+17844588235","fax":"","email":"abigail.hazell@cliftonbeachhotelsvg.com","url":"http://cliftonbeachhotelsvg.com/","countryIso2":"VC","countryName":"Saint Vincent and the Grenadines","hotelRating":"2","latitude":"12.5969","longitude":"-61.4172","state_id":null,"state_name":null,"country_id":null},{"active":false,"Giataid":"485288","cityId":null,"cityName":"Clifton Harbour","hotelId":485288,"hotelName":"Kings Landing Hotel","address":"Clifton,Union Island,Clifton Harbour, VC0472,Saint Vincent and the Grenadines","phones":"+17844858823","fax":"","email":"mariusjames@hotmail.co.uk","url":"http://www.kingslandingunionisland.com/","countryIso2":"VC","countryName":"Saint Vincent and the Grenadines","hotelRating":"3","latitude":"12.5947","longitude":"-61.4184","state_id":null,"state_name":null,"country_id":null},{"active":false,"Giataid":"487065","cityId":null,"cityName":"Clifton Harbour","hotelId":487065,"hotelName":"David's Beach Hotel","address":"Belmont Bay,Clifton,Saint Vincent and the Grenadines","phones":"","fax":"","email":"","url":"","countryIso2":"VC","countryName":"Saint Vincent and the Grenadines","hotelRating":"1","latitude":"12.5947","longitude":"-61.4184","state_id":null,"state_name":null,"country_id":null},{"active":false,"Giataid":"503264","cityId":130034,"cityName":"Kingstown","hotelId":503264,"hotelName":"Heron at Bridgehouse","address":"","phones":"","fax":"","email":"","url":"","countryIso2":"VC","countryName":"Saint Vincent and the Grenadines","hotelRating":"3","latitude":"13.1513","longitude":"-61.2194","state_id":3384,"state_name":"Saint George Parish","country_id":188},{"active":false,"Giataid":"503377","cityId":null,"cityName":"Friendship Bay","hotelId":503377,"hotelName":"Sugarapple Inn","address":"Bequia,Friendship Bay,Saint Vincent And the Grenadines,Saint Vincent and the Grenadines","phones":"+17844573148","fax":"","email":"","url":"","countryIso2":"VC","countryName":"Saint Vincent and the Grenadines","hotelRating":"2","latitude":"12.9923","longitude":"-61.2409","state_id":null,"state_name":null,"country_id":null},{"active":false,"Giataid":"503420","cityId":null,"cityName":"Bequia","hotelId":503420,"hotelName":"Keegan's Beachside","address":"Lower Bay Road,Bequia Island,Saint Vincent and the Grenadines","phones":"","fax":"","email":"","url":"","countryIso2":"VC","countryName":"Saint Vincent and the Grenadines","hotelRating":"1","latitude":"12.997","longitude":"-61.2453","state_id":null,"state_name":null,"country_id":null},{"active":false,"Giataid":"506526","cityId":null,"cityName":"Union Island","hotelId":506526,"hotelName":"Davids Beach Hotel - All Inclusive","address":"","phones":"","fax":"","email":"","url":"","countryIso2":"VC","countryName":"Saint Vincent and the Grenadines","hotelRating":"1","latitude":"12.6036","longitude":"-61.4198","state_id":null,"state_name":null,"country_id":null},{"active":false,"Giataid":"509120","cityId":null,"cityName":"Bequia","hotelId":509120,"hotelName":"The Old Fort, Historic Estate","address":"The Old Fort,Historic Estate,Bequia Island,Saint Vincent and the Grenadines","phones":"","fax":"","email":"","url":"","countryIso2":"VC","countryName":"Saint Vincent and the Grenadines","hotelRating":"3","latitude":"13.005","longitude":"-61.2347","state_id":null,"state_name":null,"country_id":null},{"active":false,"Giataid":"509403","cityId":null,"cityName":"Bequia","hotelId":509403,"hotelName":"Sadewa Villa","address":"","phones":"","fax":"","email":"","url":"","countryIso2":"VC","countryName":"Saint Vincent and the Grenadines","hotelRating":"1","latitude":"13.005","longitude":"-61.2347","state_id":null,"state_name":null,"country_id":null},{"active":false,"Giataid":"509476","cityId":null,"cityName":"Bequia","hotelId":509476,"hotelName":"Frangipani Hotel","address":"","phones":"","fax":"","email":"","url":"","countryIso2":"VC","countryName":"Saint Vincent and the Grenadines","hotelRating":"1","latitude":"13.005","longitude":"-61.2347","state_id":null,"state_name":null,"country_id":null},{"active":false,"Giataid":"509614","cityId":null,"cityName":"Bequia","hotelId":509614,"hotelName":"Tropical Hideaway","address":"","phones":"","fax":"","email":"","url":"","countryIso2":"VC","countryName":"Saint Vincent and the Grenadines","hotelRating":"1","latitude":"13.005","longitude":"-61.2347","state_id":null,"state_name":null,"country_id":null},{"active":false,"Giataid":"509706","cityId":null,"cityName":"Bequia","hotelId":509706,"hotelName":"Gingerlily Villa","address":"","phones":"","fax":"","email":"","url":"","countryIso2":"VC","countryName":"Saint Vincent and the Grenadines","hotelRating":"1","latitude":"13.005","longitude":"-61.2347","state_id":null,"state_name":null,"country_id":null},{"active":false,"Giataid":"611866","cityId":null,"cityName":"Clifton Harbour","hotelId":611866,"hotelName":"Bougainvilla Hotel","address":"Clifton Bay,Clifton VC 0470,Union Island,Saint Vincent and the Grenadines","phones":"+17844588678","fax":"","email":"laquarium8678@gmail.com","url":"http://grenadines-bougainvilla.com","countryIso2":"VC","countryName":"Saint Vincent and the Grenadines","hotelRating":"1","latitude":"12.5973","longitude":"-61.4169","state_id":null,"state_name":null,"country_id":null},{"active":false,"Giataid":"496088","cityId":130034,"cityName":"Kingstown","hotelId":10056868,"hotelName":"Murray Heights Hotel","address":"McKies Hill","phones":"","fax":"","email":"","url":"","countryIso2":"VC","countryName":"Saint Vincent and the Grenadines","hotelRating":"3","latitude":"13.1565","longitude":"-61.2232","state_id":3384,"state_name":"Saint George Parish","country_id":188},{"active":false,"Giataid":"424866","cityId":null,"cityName":"Bequia","hotelId":10057973,"hotelName":"Bequia Beach Hotel","address":"Friendship Beach,Bequia,Saint Vincent and the Grenadines","phones":"+17844581600","fax":"","email":"","url":"","countryIso2":"VC","countryName":"Saint Vincent and the Grenadines","hotelRating":"4","latitude":"12.9921","longitude":"-61.2396","state_id":null,"state_name":null,"country_id":null},{"active":false,"Giataid":"461062","cityId":null,"cityName":"Bequia","hotelId":10065735,"hotelName":"Firefly Plantation Bequia","address":"Spring Estate,Bequia,St Vincent & The Grenadines,Saint Vincent and the Grenadines","phones":"+17844888414","fax":"","email":"","url":"","countryIso2":"VC","countryName":"Saint Vincent and the Grenadines","hotelRating":"4","latitude":"13.0196","longitude":"-61.2258","state_id":null,"state_name":null,"country_id":null},{"active":false,"Giataid":"496423","cityId":null,"cityName":"Union Island","hotelId":10066894,"hotelName":"Anchorage Yacht Club Hotel","address":"Clifton,Union Island,Saint Vincent and the Grenadines","phones":"+17844588221","fax":"","email":"","url":"","countryIso2":"VC","countryName":"Saint Vincent and the Grenadines","hotelRating":"3","latitude":"12.5983","longitude":"-61.4147","state_id":null,"state_name":null,"country_id":null},{"active":false,"Giataid":"514615","cityId":130034,"cityName":"Kingstown","hotelId":10066943,"hotelName":"Fairview Guest House","address":"Wilson Street,Kingstown,Saint Vincent and the Grenadines","phones":"+17845303260","fax":"","email":"","url":"","countryIso2":"VC","countryName":"Saint Vincent and the Grenadines","hotelRating":"3","latitude":"13.1616","longitude":"-61.2302","state_id":3384,"state_name":"Saint George Parish","country_id":188},{"active":false,"Giataid":"60106","cityId":130034,"cityName":"Kingstown","hotelId":10071410,"hotelName":"Paradise Beach Hotel","address":"P.O. BOX 639,Kingstown,Villa Beach,Saint Vincent and the Grenadines","phones":"+17844574795","fax":"","email":"","url":"","countryIso2":"VC","countryName":"Saint Vincent and the Grenadines","hotelRating":"3","latitude":"13.1349","longitude":"-61.2011","state_id":3384,"state_name":"Saint George Parish","country_id":188},{"active":false,"Giataid":"531321","cityId":130034,"cityName":"Kingstown","hotelId":10073255,"hotelName":"Blue Lagoon Hotel & Marina","address":"Blue Lagoon Bay,Ratho Mill,Kingstown 45500,Saint Vincent and the Grenadines","phones":"+17844584308","fax":"","email":"","url":"","countryIso2":"VC","countryName":"Saint Vincent and the Grenadines","hotelRating":"3","latitude":"13.1281","longitude":"-61.1905","state_id":3384,"state_name":"Saint George Parish","country_id":188},{"active":false,"Giataid":"68934","cityId":null,"cityName":"Young Island","hotelId":10073421,"hotelName":"Young Island","address":"1 Young Island Crossing,Saint Vincent,Saint Vincent and the Grenadines","phones":"+17844584826","fax":"","email":"","url":"","countryIso2":"VC","countryName":"Saint Vincent and the Grenadines","hotelRating":"3","latitude":"13.1311","longitude":"-61.2024","state_id":null,"state_name":null,"country_id":null},{"active":false,"Giataid":"388896","cityId":null,"cityName":"Union Island","hotelId":10097330,"hotelName":"The Islander's Inn","address":"Zion, near Clifton","phones":"NULL","fax":"NULL","email":"NULL","url":"NULL","countryIso2":"VC","countryName":"Saint Vincent and the Grenadines","hotelRating":"3","latitude":"12.6036","longitude":"-61.4197","state_id":null,"state_name":null,"country_id":null},{"active":false,"Giataid":"632905","cityId":null,"cityName":"Mustique","hotelId":20001427,"hotelName":"Firefly Hotel Mustique","address":"Firefly,Mustique,Mustique VC0410,Saint Vincent and the Grenadines","phones":"+17844888414","fax":"","email":"","url":"","countryIso2":"VC","countryName":"Saint Vincent and the Grenadines","hotelRating":"0","latitude":"12.885","longitude":"-61.1848","state_id":null,"state_name":null,"country_id":null},{"active":false,"Giataid":"48029","cityId":null,"cityName":"Lower Bay","hotelId":20001603,"hotelName":"Creole Garden","address":"P.O. Box 150,Lower Bay,Bequia Island,Grenadines,Saint Vincent and the Grenadines","phones":"+17844583154","fax":"+17844573696","email":"","url":"","countryIso2":"VC","countryName":"Saint Vincent and the Grenadines","hotelRating":"0","latitude":"12.9952","longitude":"-61.2473","state_id":null,"state_name":null,"country_id":null},{"active":false,"Giataid":"527110","cityId":null,"cityName":"Lower Bay","hotelId":20001754,"hotelName":"Sweet Retreat Hotel","address":"Lower Bay Beach,Bequia Island,Saint Vincent and the Grenadines","phones":"+17844573037","fax":"+17844983921","email":"info@bequiasweetretreathotel.com","url":"http://www.bequiasweetretreathotel.com","countryIso2":"VC","countryName":"Saint Vincent and the Grenadines","hotelRating":"0","latitude":"12.9958","longitude":"-61.2453","state_id":null,"state_name":null,"country_id":null},{"active":false,"Giataid":"610676","cityId":null,"cityName":"Bequia","hotelId":20001930,"hotelName":"Gingerbread Hotel","address":"Admiralty Bay,Belmont,Bequia Island,Saint Vincent and the Grenadines","phones":"","fax":"","email":"","url":"","countryIso2":"VC","countryName":"Saint Vincent and the Grenadines","hotelRating":"3","latitude":"13.0112","longitude":"-61.2359","state_id":null,"state_name":null,"country_id":null},{"active":false,"Giataid":"48028","cityId":null,"cityName":"Friendship Bay","hotelId":20002044,"hotelName":"Blue Tropic","address":"Friendship Bay,Bequia,St Vincent & the Grenadines,Saint Vincent and the Grenadines","phones":"+17847844583573","fax":"+17847844573074","email":"bluetropic@caribsurf.com","url":"","countryIso2":"VC","countryName":"Saint Vincent and the Grenadines","hotelRating":"2","latitude":"12.9904","longitude":"-61.2407","state_id":null,"state_name":null,"country_id":null},{"active":false,"Giataid":"696422","cityId":130034,"cityName":"Kingstown","hotelId":20002292,"hotelName":"Barefoot Suites","address":"Ratho Mill,Blue Lagoon,Kingstown,Saint Vincent and the Grenadines","phones":"","fax":"","email":"","url":"","countryIso2":"VC","countryName":"Saint Vincent and the Grenadines","hotelRating":"0","latitude":"13.1513","longitude":"-61.2194","state_id":3384,"state_name":"Saint George Parish","country_id":188},{"active":false,"Giataid":"107472","cityId":130034,"cityName":"Kingstown","hotelId":20002934,"hotelName":"Haddon","address":"McKies Hill,Kingstown,Saint Vincent and the Grenadines","phones":"+17849987844561897","fax":"","email":"info@haddonhotel.com","url":"http://www.haddonhotel.com/","countryIso2":"VC","countryName":"Saint Vincent and the Grenadines","hotelRating":"3","latitude":"13.157","longitude":"-61.2231","state_id":3384,"state_name":"Saint George Parish","country_id":188},{"active":false,"Giataid":"726711","cityId":null,"cityName":"Union Island","hotelId":20003599,"hotelName":"Tenuta Chatham Bay","address":"Chatham Bay,Union Island,Saint Vincent and the Grenadines","phones":"","fax":"","email":"info@chathambayresort.com","url":"http://www.tenutachathambay.com","countryIso2":"VC","countryName":"Saint Vincent and the Grenadines","hotelRating":"0","latitude":"12.5981","longitude":"-61.449","state_id":null,"state_name":null,"country_id":null},{"active":false,"Giataid":"726440","cityId":null,"cityName":"Union Island","hotelId":20003806,"hotelName":"Sunwings Union Island","address":"Clifton,Union Island VC0470,Saint Vincent and the Grenadines","phones":"","fax":"","email":"","url":"","countryIso2":"VC","countryName":"Saint Vincent and the Grenadines","hotelRating":"0","latitude":"12.6036","longitude":"-61.4198","state_id":null,"state_name":null,"country_id":null},{"active":false,"Giataid":"382938","cityId":130034,"cityName":"Kingstown","hotelId":20003996,"hotelName":"Harmony Apartments St. Vincent","address":"Harmony Hall,P.O.Box 1669,West Indies,Saint Vincent and the Grenadines","phones":"+17844568688","fax":"","email":"harmonyapartmentrentals@gmail.com","url":"http://harmonyapartments.webplus.net/","countryIso2":"VC","countryName":"Saint Vincent and the Grenadines","hotelRating":"0","latitude":"13.1513","longitude":"-61.2194","state_id":3384,"state_name":"Saint George Parish","country_id":188},{"active":false,"Giataid":"48034","cityId":null,"cityName":"Mayreau","hotelId":20004711,"hotelName":"Saltwhistle Bay Club","address":"Mayreau St. Vincent and the Grenadines ","phones":"","fax":"","email":"swbinfo@gmx.net","url":"http://www.saltwhistlebay.com","countryIso2":"VC","countryName":"Saint Vincent and the Grenadines","hotelRating":"0","latitude":"12.647","longitude":"-61.3895","state_id":null,"state_name":null,"country_id":null},{"active":false,"Giataid":"611637","cityId":null,"cityName":"Bequia","hotelId":20004854,"hotelName":"Sandrati Villa","address":"Belmont Road,Bequia Island VC001,Saint Vincent and the Grenadines","phones":"","fax":"","email":"","url":"","countryIso2":"VC","countryName":"Saint Vincent and the Grenadines","hotelRating":"0","latitude":"13.012","longitude":"-61.2277","state_id":null,"state_name":null,"country_id":null},{"active":false,"Giataid":"48030","cityId":null,"cityName":"Friendship Bay","hotelId":20005038,"hotelName":"Friendship Beach Resort","address":"PO Box 9 Bequia,St Vincent & Grenadines,West Indies,Saint Vincent and the Grenadines","phones":"+17844583222","fax":"+17844583840","email":"office@friendshipbay.vc","url":"http://www.friendshipbay.vc","countryIso2":"VC","countryName":"Saint Vincent and the Grenadines","hotelRating":"4","latitude":"13.2125","longitude":"-61.1959","state_id":null,"state_name":null,"country_id":null},{"active":false,"Giataid":"296746","cityId":130034,"cityName":"Kingstown","hotelId":20005246,"hotelName":"The Cobblestone Inn","address":"P.O.Box 867,Bay Street,Kingstown,Saint Vincent and the Grenadines","phones":"+17844561937","fax":"+17844561938","email":"info@thecobblestoneinn.com","url":"http://www.thecobblestoneinn.com/pagedisplay.aspx?i=268","countryIso2":"VC","countryName":"Saint Vincent and the Grenadines","hotelRating":"3","latitude":"13.1531","longitude":"-61.2243","state_id":3384,"state_name":"Saint George Parish","country_id":188},{"active":false,"Giataid":"607202","cityId":null,"cityName":"Bequia","hotelId":20005409,"hotelName":"Bequia Plantation Hotel","address":"Belmont Walkway,Belmont,Bequia,Saint Vincent and the Grenadines","phones":"+17845349444","fax":"","email":"info@bequiaplantationhotel.com","url":"http://www.bequiaplantationhotel.com/","countryIso2":"VC","countryName":"Saint Vincent and the Grenadines","hotelRating":"5","latitude":"13.0053","longitude":"-61.2382","state_id":null,"state_name":null,"country_id":null},{"active":false,"Giataid":"48027","cityId":null,"cityName":"Big Sand Bay","hotelId":20005575,"hotelName":"Big Sand","address":"Bigsand Beach,Clifton,Union Island,St. Vincent & The Grenadines,Saint Vincent and the Grenadines","phones":"+17844858447","fax":"+17844858448","email":"booking@amerindi.com","url":"http://www.amerindi.com/","countryIso2":"VC","countryName":"Saint Vincent and the Grenadines","hotelRating":"2","latitude":"12.6048","longitude":"-61.4254","state_id":null,"state_name":null,"country_id":null},{"active":false,"Giataid":"68927","cityId":null,"cityName":"Villa Beach","hotelId":20005742,"hotelName":"Beachcombers","address":"P.O. Box 126,Villa Beach,St. Vincent,St. Vincent and the Grenadines,Saint Vincent and the Grenadines","phones":"+17847844584283","fax":"+17847844584385","email":"beachcombers@vincysurf.com","url":"http://www.beachcombershotel.com/","countryIso2":"VC","countryName":"Saint Vincent and the Grenadines","hotelRating":"3","latitude":"13.135","longitude":"-61.2022","state_id":null,"state_name":null,"country_id":null},{"active":false,"Giataid":"61031","cityId":null,"cityName":"Tyrrel Bay","hotelId":20005911,"hotelName":"Scarpers Bayview Cottages","address":"Tyrrel Bay,Carriacou,St. Vincent and the Grenadines,Saint Vincent and the Grenadines","phones":"+178414734437403","fax":"","email":"scrapersbayview@hotmail.com","url":"","countryIso2":"VC","countryName":"Saint Vincent and the Grenadines","hotelRating":"1","latitude":"12.4566","longitude":"-61.4825","state_id":null,"state_name":null,"country_id":null},{"active":false,"Giataid":"503295","cityId":null,"cityName":"Bequia","hotelId":20006291,"hotelName":"Spring House Bequia","address":"Spring Estate,Port Elizabeth,Bequia 13BQ,Saint Vincent and the Grenadines","phones":"+17844573707","fax":"","email":"","url":"http://springhousebequia.com","countryIso2":"VC","countryName":"Saint Vincent and the Grenadines","hotelRating":"4","latitude":"13.0201","longitude":"-61.2295","state_id":null,"state_name":null,"country_id":null},{"active":false,"Giataid":"526648","cityId":null,"cityName":"Villa Point","hotelId":20006459,"hotelName":"Eco Bay Guesthouse","address":"Arnos Vale,Villa Point,Villa,St. Vincent and the Grenadines,Saint Vincent and the Grenadines","phones":"","fax":"","email":"","url":"","countryIso2":"VC","countryName":"Saint Vincent and the Grenadines","hotelRating":"3","latitude":"13.1388","longitude":"-61.2086","state_id":null,"state_name":null,"country_id":null},{"active":false,"Giataid":"61033","cityId":null,"cityName":"L�Esterre Bay","hotelId":20006588,"hotelName":"Villa Plantain Dove","address":"Paradise Beach,L' Esterre,Carriacou,St. Vincent and the Grenadines,Saint Vincent and the Grenadines","phones":"+178414734437457","fax":"","email":"","url":"","countryIso2":"VC","countryName":"Saint Vincent and the Grenadines","hotelRating":"3","latitude":"12.4708","longitude":"-61.4913","state_id":null,"state_name":null,"country_id":null},{"active":false,"Giataid":"282027","cityId":130034,"cityName":"Kingstown","hotelId":20006764,"hotelName":"Hotel Alexandrina","address":"Hotel Alexandrina Road,P.O. Box 104,Prospect,Kingstown,St. Vincent & the Grenadines,Saint Vincent and the Grenadines","phones":"+17844569788","fax":"","email":"info@hotelalexandrina.com","url":"http://www.hotelalexandrina.com","countryIso2":"VC","countryName":"Saint Vincent and the Grenadines","hotelRating":"3","latitude":"13.1348","longitude":"-61.1846","state_id":3384,"state_name":"Saint George Parish","country_id":188},{"active":false,"Giataid":"61032","cityId":null,"cityName":"L�Esterre Bay","hotelId":20006959,"hotelName":"Paradise Inn","address":"L'Esterre,Carriacou,St. Vincent and the Grenadines,Saint Vincent and the Grenadines","phones":"+178414734438406","fax":"+178414734438391","email":"paradise@caconnet.com","url":"","countryIso2":"VC","countryName":"Saint Vincent and the Grenadines","hotelRating":"2","latitude":"12.4714","longitude":"-61.4917","state_id":null,"state_name":null,"country_id":null},{"active":false,"Giataid":"61035","cityId":null,"cityName":"Lower Bay","hotelId":20007128,"hotelName":"Kingsville Apartments","address":"P.O. Box 41,Lower Bay,BQ Bequia,St. Vincent and Grenadines,Saint Vincent and the Grenadines","phones":"+17847844583404","fax":"+17847844583000","email":"kingsville@vincysurf.com","url":"http://www.kingsville-apartments.net/","countryIso2":"VC","countryName":"Saint Vincent and the Grenadines","hotelRating":"2","latitude":"12.9963","longitude":"-61.2455","state_id":null,"state_name":null,"country_id":null},{"active":false,"Giataid":"61034","cityId":null,"cityName":"Mayreau","hotelId":20007260,"hotelName":"Dennis Hideaway","address":"Mayreau,Mayreau Island,Saint Vincent and the Grenadines","phones":"+17844588594","fax":"","email":"denhide@vincysurf.com","url":"http://www.dennis-hideaway.com","countryIso2":"VC","countryName":"Saint Vincent and the Grenadines","hotelRating":"2","latitude":"12.6387","longitude":"-61.395","state_id":null,"state_name":null,"country_id":null},{"active":false,"Giataid":"900072","cityId":null,"cityName":"Bequia","hotelId":20385281,"hotelName":"Twilight Villa","address":"Lower Bay,0400 Bequia,Grenadines,Saint Vincent and the Grenadines","phones":"","fax":"","email":"","url":"","countryIso2":"VC","countryName":"Saint Vincent and the Grenadines","hotelRating":"0","latitude":"13.005","longitude":"-61.2347","state_id":null,"state_name":null,"country_id":null},{"active":false,"Giataid":"60107","cityId":null,"cityName":"Villa Beach","hotelId":20385282,"hotelName":"Mariners Hotel","address":"Villa Bay Beach,Saint Vincent and the Grenadines","phones":"+17844574000","fax":"+17844574333","email":"frontdesk@marinershotel.com","url":"http://www.marinershotel.com","countryIso2":"VC","countryName":"Saint Vincent and the Grenadines","hotelRating":"0","latitude":"13.1324","longitude":"-61.1994","state_id":null,"state_name":null,"country_id":null},{"active":false,"Giataid":"60107","cityId":130034,"cityName":"Kingstown","hotelId":20385282,"hotelName":"Mariners Hotel","address":"Villa Bay Beach,Saint Vincent and the Grenadines","phones":"+17844574000","fax":"+17844574333","email":"frontdesk@marinershotel.com","url":"http://www.marinershotel.com","countryIso2":"VC","countryName":"Saint Vincent and the Grenadines","hotelRating":"0","latitude":"13.1324","longitude":"-61.1994","state_id":3384,"state_name":"Saint George Parish","country_id":188},{"active":false,"Giataid":"759707","cityId":null,"cityName":"Canouan","hotelId":20385285,"hotelName":"Canouan Estate","address":"Carenage Bay,Canouan Island,Saint Vincent and the Grenadines","phones":"+17844588000","fax":"","email":"reservations@canouan.com","url":"http://www.canouan-estate.com/","countryIso2":"VC","countryName":"Saint Vincent and the Grenadines","hotelRating":"5","latitude":"12.7172","longitude":"-61.324","state_id":null,"state_name":null,"country_id":null},{"active":false,"Giataid":"879263","cityId":null,"cityName":"Bequia","hotelId":20385287,"hotelName":"The Liming Bequia","address":"Bequia Island,St. Vincent & the Grenadines,Saint Vincent and the Grenadines","phones":"","fax":"","email":"reservations@thelimingbequia.com","url":"http://www.thelimingbequia.com/","countryIso2":"VC","countryName":"Saint Vincent and the Grenadines","hotelRating":"5","latitude":"13.005","longitude":"-61.2347","state_id":null,"state_name":null,"country_id":null},{"active":false,"Giataid":"838781","cityId":null,"cityName":"Bequia","hotelId":20385288,"hotelName":"The Old Fort, Natural Hotel & Estate","address":"Mount Pleasant,Bequia,Saint Vincent and the Grenadines","phones":"+17844858888","fax":"","email":"reservations@theoldfort.com","url":"https://www.theoldfort.com/","countryIso2":"VC","countryName":"Saint Vincent and the Grenadines","hotelRating":"0","latitude":"13.005","longitude":"-61.2347","state_id":null,"state_name":null,"country_id":null},{"active":false,"Giataid":"727412","cityId":null,"cityName":"Mayreau","hotelId":20385289,"hotelName":"Saya Villas","address":"Mayreau VC0460,Saint Vincent and the Grenadines","phones":"+17844961767","fax":"","email":"gm@sayavillas.com","url":"http://sayavillas.com","countryIso2":"VC","countryName":"Saint Vincent and the Grenadines","hotelRating":"0","latitude":"12.6428","longitude":"-61.3922","state_id":null,"state_name":null,"country_id":null},{"active":false,"Giataid":"878086","cityId":63027,"cityName":"St. Vincent","hotelId":20385290,"hotelName":"Burcasa","address":"Off The Leeward Highway,Kingstown,St Andrew,St. Vincent,Saint Vincent and the Grenadines","phones":"","fax":"","email":"","url":"","countryIso2":"VC","countryName":"Saint Vincent and the Grenadines","hotelRating":"0","latitude":"13.1922","longitude":"-61.2585","state_id":3755,"state_name":"Trelawny Parish","country_id":108},{"active":false,"Giataid":"729453","cityId":null,"cityName":"Bequia","hotelId":20385291,"hotelName":"Friendship Garden Apartments","address":"Friendship Bay,Bequia 0400,Saint Vincent and the Grenadines","phones":"+17845304737","fax":"","email":"","url":"http://thefriendshipapartments.com/","countryIso2":"VC","countryName":"Saint Vincent and the Grenadines","hotelRating":"0","latitude":"13.005","longitude":"-61.2347","state_id":null,"state_name":null,"country_id":null},{"active":false,"Giataid":"978778","cityId":130034,"cityName":"Kingstown","hotelId":20422963,"hotelName":"Forst Villa","address":"Lodge Village-Green Hill,Liberty Lodge,Kingstown,St. George,Saint Vincent and the Grenadines","phones":"","fax":"","email":"","url":"","countryIso2":"VC","countryName":"Saint Vincent and the Grenadines","hotelRating":"1","latitude":"13.1513","longitude":"-61.2194","state_id":3384,"state_name":"Saint George Parish","country_id":188},{"active":false,"Giataid":"978829","cityId":130034,"cityName":"Kingstown","hotelId":20422964,"hotelName":"The Ballantyne Villas","address":"Indian Bay Road,Kingstown,Saint Vincent and the Grenadines","phones":"","fax":"","email":"","url":"","countryIso2":"VC","countryName":"Saint Vincent and the Grenadines","hotelRating":"1","latitude":"13.1513","longitude":"-61.2194","state_id":3384,"state_name":"Saint George Parish","country_id":188}]