[{"active":false,"Giataid":"229973","cityId":null,"cityName":"Ruhengeri","hotelId":229973,"hotelName":"Gorilla Mountain View Lodge","address":"Musanze,Ruhengri,Rwanda,Rwanda","phones":"+250788305708","fax":"","email":"info@3bhotels.com","url":"http://www.3bhotels.com/welcome/index.php?option=com_contact&amp;view=contact&amp;id=1&amp;Itemid=108","countryIso2":"RW","countryName":"Rwanda","hotelRating":"2","latitude":"-1.5","longitude":"29.6333","state_id":null,"state_name":null,"country_id":null},{"active":false,"Giataid":"229980","cityId":null,"cityName":"Kinigi (Musanze)","hotelId":229980,"hotelName":"Gorilla Nest Lodge","address":"Kinigi,Ruhengeri,Rwanda","phones":"","fax":"","email":"rwanda-direct@hotmail.com","url":"http://www.rwanda-direct.com/rwanda-mountain-gorillas-nest/More_pictures/more_pictures.html","countryIso2":"RW","countryName":"Rwanda","hotelRating":"1","latitude":"-1.44218","longitude":"29.5785","state_id":null,"state_name":null,"country_id":null},{"active":false,"Giataid":"473917","cityId":null,"cityName":"Ruhengeri","hotelId":473917,"hotelName":"Hotel La Palme","address":"Ruhengeri,Musanze District, Northern Province,Rwanda","phones":"+250252546428","fax":"+2502542546430","email":"frontdesk@lapalmehotel.net","url":"http://lapalmehotel.net/","countryIso2":"RW","countryName":"Rwanda","hotelRating":"3","latitude":"-1.49808","longitude":"29.6283","state_id":null,"state_name":null,"country_id":null},{"active":false,"Giataid":"628655","cityId":null,"cityName":"Kinigi (Musanze)","hotelId":628655,"hotelName":"The Garden Place Hotel","address":"P.O.Box 26,Musanze,Rwanda","phones":"+250781626504","fax":"","email":"info@thegardenplacehotel.com","url":"http://thegardenplacehotel.com/","countryIso2":"RW","countryName":"Rwanda","hotelRating":"1","latitude":"-1.44218","longitude":"29.5785","state_id":null,"state_name":null,"country_id":null},{"active":false,"Giataid":"628751","cityId":null,"cityName":"Ruhengeri","hotelId":628751,"hotelName":"Home Inn Hotel","address":"Northern Province,Musanze Distict,Ruhengeri,Rwanda","phones":"+250785546333","fax":"","email":"","url":"http://www.homeinnhotel.com/","countryIso2":"RW","countryName":"Rwanda","hotelRating":"1","latitude":"-1.50376","longitude":"29.6305","state_id":null,"state_name":null,"country_id":null},{"active":false,"Giataid":"628754","cityId":null,"cityName":"Ruhengeri","hotelId":628754,"hotelName":"Faraja Hotel","address":"Ruhengeri Gisenyi Road,Ruhengeri,Rwanda","phones":"","fax":"","email":"","url":"http://farajahotels.com/","countryIso2":"RW","countryName":"Rwanda","hotelRating":"1","latitude":"-1.50105","longitude":"29.6212","state_id":null,"state_name":null,"country_id":null},{"active":false,"Giataid":"628766","cityId":null,"cityName":"Kayonza","hotelId":628766,"hotelName":"Eastern Country Hotel","address":"Kayonza Mukarange,Kayonza,Rwanda","phones":"","fax":"","email":"","url":"","countryIso2":"RW","countryName":"Rwanda","hotelRating":"1","latitude":"-1.91039","longitude":"30.5012","state_id":null,"state_name":null,"country_id":null},{"active":false,"Giataid":"628770","cityId":null,"cityName":"Ruhengeri","hotelId":628770,"hotelName":"Sainte Anne Hotel","address":"Off RN4,Musanze,Ruhengeri,Rwanda","phones":"","fax":"","email":"","url":"","countryIso2":"RW","countryName":"Rwanda","hotelRating":"1","latitude":"-1.50833","longitude":"29.6444","state_id":null,"state_name":null,"country_id":null},{"active":false,"Giataid":"628773","cityId":null,"cityName":"Ruhengeri","hotelId":628773,"hotelName":"Virunga Hotel","address":"P.O. Box 121,Musanze,Ruhengeri,Rwanda","phones":"+250788301462","fax":"","email":"info@virungahotel.com","url":"http://www.virungahotel.com/","countryIso2":"RW","countryName":"Rwanda","hotelRating":"1","latitude":"-1.4995","longitude":"29.631","state_id":null,"state_name":null,"country_id":null},{"active":false,"Giataid":"628776","cityId":null,"cityName":"Ruhengeri","hotelId":628776,"hotelName":"Snow Hotel","address":"Musanze,Ruhengeri,Rwanda","phones":"+250789055903","fax":"","email":"snowhotel@yahoo.com","url":"http://snowhotelrwanda.com/","countryIso2":"RW","countryName":"Rwanda","hotelRating":"1","latitude":"-1.50907","longitude":"29.6445","state_id":null,"state_name":null,"country_id":null},{"active":false,"Giataid":"628795","cityId":null,"cityName":"Ruhengeri","hotelId":628795,"hotelName":"Ruhondo Beach Resort","address":"Kg 309 Street,Ruhengeri,Rwanda","phones":"","fax":"","email":"","url":"","countryIso2":"RW","countryName":"Rwanda","hotelRating":"1","latitude":"-1.4934","longitude":"29.7478","state_id":null,"state_name":null,"country_id":null},{"active":false,"Giataid":"628800","cityId":null,"cityName":"Ruhengeri","hotelId":628800,"hotelName":"Hotel Urumuli","address":"Rue De La Gare,Ruhengeri,Rwanda","phones":"","fax":"","email":"","url":"","countryIso2":"RW","countryName":"Rwanda","hotelRating":"1","latitude":"-1.51063","longitude":"29.6425","state_id":null,"state_name":null,"country_id":null},{"active":false,"Giataid":"628807","cityId":null,"cityName":"Ruhengeri","hotelId":628807,"hotelName":"Montana Vista Hotel","address":"Cyanika Road,P.O. Box 116,Musanze,Rwanda","phones":"+250781574685","fax":"","email":"info@montananavistahotel.com","url":"http://montanavistahotel.com/","countryIso2":"RW","countryName":"Rwanda","hotelRating":"1","latitude":"-1.37934","longitude":"29.7452","state_id":null,"state_name":null,"country_id":null},{"active":false,"Giataid":"725036","cityId":null,"cityName":"Ruhengeri","hotelId":725036,"hotelName":"Red Rocks Hostel Rwanda","address":"Musanze District,Ruhengeri,Rwanda","phones":"+250789254315","fax":"","email":"info@redrocksrwanda.com","url":"http://www.redrocksrwanda.com","countryIso2":"RW","countryName":"Rwanda","hotelRating":"1","latitude":"-1.56086","longitude":"29.6363","state_id":null,"state_name":null,"country_id":null},{"active":false,"Giataid":"726754","cityId":null,"cityName":"Kinigi (Musanze)","hotelId":726754,"hotelName":"Da Vinci Gorilla Lodge","address":"Musanze District,Kinigi,Northern,Rwanda","phones":"","fax":"","email":"","url":"","countryIso2":"RW","countryName":"Rwanda","hotelRating":"1","latitude":"-1.44218","longitude":"29.5785","state_id":null,"state_name":null,"country_id":null},{"active":false,"Giataid":"726805","cityId":null,"cityName":"Ruhengeri","hotelId":726805,"hotelName":"Fatima Hotel","address":"80 Ruhengeri Gisenyi Road,Ruhengeri,Rwanda","phones":"","fax":"","email":"","url":"","countryIso2":"RW","countryName":"Rwanda","hotelRating":"1","latitude":"-1.4995","longitude":"29.631","state_id":null,"state_name":null,"country_id":null},{"active":false,"Giataid":"752255","cityId":null,"cityName":"Lake Kivu","hotelId":752255,"hotelName":"Mbiza Hotel","address":"131 Avenue du Marche,Lake Kivu,Goma,Rwanda","phones":"","fax":"","email":"","url":"http://www.mbizahotel.com/index.php/en/","countryIso2":"RW","countryName":"Rwanda","hotelRating":"1","latitude":"-1.68072","longitude":"29.2358","state_id":null,"state_name":null,"country_id":null},{"active":false,"Giataid":"754975","cityId":null,"cityName":"Volcanoes National Park","hotelId":754975,"hotelName":"Bisate Lodge","address":"Volcanoes National Park,Ruhengeri,Rwanda","phones":"+25027118071800","fax":"","email":"","url":"","countryIso2":"RW","countryName":"Rwanda","hotelRating":"5","latitude":"-1.45004","longitude":"29.5494","state_id":null,"state_name":null,"country_id":null},{"active":false,"Giataid":"803048","cityId":null,"cityName":"Ruhengeri","hotelId":803048,"hotelName":"Lavoisina Hotel","address":"RN8,Kigali-Ruhengeri Road,Ruhengeri,Rwanda","phones":"","fax":"","email":"info@lavoisinahotel.com","url":"http://lavoisinahotel.com","countryIso2":"RW","countryName":"Rwanda","hotelRating":"1","latitude":"-1.4995","longitude":"29.631","state_id":null,"state_name":null,"country_id":null},{"active":false,"Giataid":"805241","cityId":null,"cityName":"Ruhengeri","hotelId":805241,"hotelName":"Best View Hotel","address":"NM208 Street 8,Ruhengeri,Rwanda","phones":"","fax":"","email":"","url":"","countryIso2":"RW","countryName":"Rwanda","hotelRating":"1","latitude":"-1.4995","longitude":"29.631","state_id":null,"state_name":null,"country_id":null},{"active":false,"Giataid":"805342","cityId":null,"cityName":"Kayonza","hotelId":805342,"hotelName":"Silent Hill Hotel","address":"RN3,Kayonza,Rwanda","phones":"","fax":"","email":"","url":"","countryIso2":"RW","countryName":"Rwanda","hotelRating":"1","latitude":"-1.91039","longitude":"30.5012","state_id":null,"state_name":null,"country_id":null},{"active":false,"Giataid":"805506","cityId":null,"cityName":"Ruhengeri","hotelId":805506,"hotelName":"The Bishop's House Rwanda","address":"NM 204 ST 4,Ruhengeri,Rwanda","phones":"+250785474851","fax":"","email":"steve.nzuki@the-bishops-house.com","url":"http://www.the-bishops-house.com","countryIso2":"RW","countryName":"Rwanda","hotelRating":"1","latitude":"-1.4995","longitude":"29.631","state_id":null,"state_name":null,"country_id":null},{"active":false,"Giataid":"808772","cityId":null,"cityName":"Kayonza","hotelId":808772,"hotelName":"Elengancia Hotel","address":"Kigali-Kayonza Road,Kayonza,Rwanda","phones":"+250781722392","fax":"","email":"elegancia@gmail.com","url":"http://elegancia.info","countryIso2":"RW","countryName":"Rwanda","hotelRating":"1","latitude":"-1.91039","longitude":"30.5012","state_id":null,"state_name":null,"country_id":null},{"active":false,"Giataid":"813529","cityId":null,"cityName":"Ruhengeri","hotelId":813529,"hotelName":"Musanze Caves","address":"RN4,Ruhengeri,Rwanda","phones":"","fax":"","email":"","url":"","countryIso2":"RW","countryName":"Rwanda","hotelRating":"1","latitude":"-1.4995","longitude":"29.631","state_id":null,"state_name":null,"country_id":null},{"active":false,"Giataid":"819118","cityId":null,"cityName":"Kayonza","hotelId":819118,"hotelName":"Seed Of Peace Center","address":"RN5,Kayonza,Rwanda","phones":"","fax":"","email":"","url":"","countryIso2":"RW","countryName":"Rwanda","hotelRating":"1","latitude":"-1.91039","longitude":"30.5012","state_id":null,"state_name":null,"country_id":null},{"active":false,"Giataid":"820595","cityId":null,"cityName":"Ruhengeri","hotelId":820595,"hotelName":"CPN De Fatima","address":"Ruhengeri-Gisenyi Road,Ruhengeri,Rwanda","phones":"","fax":"","email":"","url":"","countryIso2":"RW","countryName":"Rwanda","hotelRating":"1","latitude":"-1.4995","longitude":"29.631","state_id":null,"state_name":null,"country_id":null},{"active":false,"Giataid":"824207","cityId":null,"cityName":"Akagera National Park","hotelId":824207,"hotelName":"Akagera Resort And Country Club","address":"Route Nationale 3,Gatsibo District Head Quatters,Akagera National Park 5361,Rwanda","phones":"","fax":"","email":"reservations@akageraresort.com","url":"http://akageraresort.com","countryIso2":"RW","countryName":"Rwanda","hotelRating":"1","latitude":"-1.89003","longitude":"30.7158","state_id":null,"state_name":null,"country_id":null},{"active":false,"Giataid":"840381","cityId":null,"cityName":"Ruhengeri","hotelId":840381,"hotelName":"Amahoro Guest House","address":"NULL","phones":"","fax":"","email":"linfo@amahoro-tours.com","url":"http://www.amahoroguesthouse.com","countryIso2":"RW","countryName":"Rwanda","hotelRating":"1","latitude":"-1.4995","longitude":"29.631","state_id":null,"state_name":null,"country_id":null},{"active":false,"Giataid":"840436","cityId":null,"cityName":"Ruhengeri","hotelId":840436,"hotelName":"La Locanda","address":"Mn 205 14 14,Ruhengeri,Rwanda","phones":"","fax":"","email":"lalocandarwanda@gmail.com","url":"http://www.lalocandarwanda.com","countryIso2":"RW","countryName":"Rwanda","hotelRating":"1","latitude":"-1.4995","longitude":"29.631","state_id":null,"state_name":null,"country_id":null},{"active":false,"Giataid":"840551","cityId":null,"cityName":"Ruhengeri","hotelId":840551,"hotelName":"Crested Crane","address":"Ruhengeri-Gisenyi Road,Ruhengeri,Rwanda","phones":"","fax":"","email":"","url":"","countryIso2":"RW","countryName":"Rwanda","hotelRating":"1","latitude":"-1.4995","longitude":"29.631","state_id":null,"state_name":null,"country_id":null},{"active":false,"Giataid":"849014","cityId":null,"cityName":"Kinigi (Musanze)","hotelId":849014,"hotelName":"Le Bambou Gorilla Lodge","address":"Kinigi Sector,Kinigi,Musanze District,Northern Province,Rwanda","phones":"","fax":"","email":"info@lebambougorillalodge.com","url":"http://www.lebambougorillalodge.com/","countryIso2":"RW","countryName":"Rwanda","hotelRating":"1","latitude":"-1.44218","longitude":"29.5785","state_id":null,"state_name":null,"country_id":null},{"active":false,"Giataid":"594707","cityId":null,"cityName":"Kayonza","hotelId":10073153,"hotelName":"Discover Rwanda Kayonza Ecolodge","address":"Road RN3,Kayonza,Rwanda","phones":"","fax":"","email":"","url":"","countryIso2":"RW","countryName":"Rwanda","hotelRating":"2","latitude":"-1.92162","longitude":"30.4957","state_id":null,"state_name":null,"country_id":null},{"active":false,"Giataid":"302200","cityId":null,"cityName":"Gisakura","hotelId":10073725,"hotelName":"Nyungwe Forest Lodge","address":"Gisakura,Nyamasheke,Western Province,Rwanda","phones":"+250252589106","fax":"","email":"","url":"","countryIso2":"RW","countryName":"Rwanda","hotelRating":"4","latitude":"-2.45525","longitude":"29.086","state_id":null,"state_name":null,"country_id":null},{"active":false,"Giataid":"489376","cityId":null,"cityName":"Ruhengeri","hotelId":10139462,"hotelName":"Gorillas Volcanoes Hotel","address":"Ruhengeri-Gisenyi Road,Ruhengeri,Musanze,Rwanda","phones":"+250788174000","fax":"NULL","email":"NULL","url":"NULL","countryIso2":"RW","countryName":"Rwanda","hotelRating":"3","latitude":"-1.50894","longitude":"29.646","state_id":null,"state_name":null,"country_id":null},{"active":false,"Giataid":"122708","cityId":null,"cityName":"Volcanoes National Park","hotelId":20000816,"hotelName":"Virunga Safari Lodge","address":"Volcans National Park,Rwanda","phones":"","fax":"","email":"","url":"","countryIso2":"RW","countryName":"Rwanda","hotelRating":"4","latitude":"-1.50986","longitude":"29.4876","state_id":null,"state_name":null,"country_id":null},{"active":false,"Giataid":"229986","cityId":null,"cityName":"Lake Muhazi","hotelId":20000986,"hotelName":"Lake Muhazi Golf & Country Resort","address":"Muhazi,Kigali,Rwanda","phones":"","fax":"","email":"","url":"","countryIso2":"RW","countryName":"Rwanda","hotelRating":"0","latitude":"-1.90316","longitude":"30.4108","state_id":null,"state_name":null,"country_id":null},{"active":false,"Giataid":"670989","cityId":null,"cityName":"Lake Kivu","hotelId":20002171,"hotelName":"Cap Kivu Hotel","address":"119 Avenue la Fronti?re,en diagonal du Campus du Lac,Ville de Goma,Lake Kivu,Rwanda","phones":"+250243997765646","fax":"+250243813372299","email":"reservation@capkivuhotel.com","url":"http://www.capkivuhotel.com/","countryIso2":"RW","countryName":"Rwanda","hotelRating":"0","latitude":"-1.68072","longitude":"29.2358","state_id":null,"state_name":null,"country_id":null},{"active":false,"Giataid":"363777","cityId":null,"cityName":"Volcanoes National Park","hotelId":20006550,"hotelName":"Jack Hanna's Cottage","address":"Volcans National Park,Rwanda","phones":"","fax":"","email":"judith@dubaiworldafrica.com","url":"http://www.gorillanestlodge.com/","countryIso2":"RW","countryName":"Rwanda","hotelRating":"3","latitude":"-1.44354","longitude":"29.5763","state_id":null,"state_name":null,"country_id":null},{"active":false,"Giataid":"531168","cityId":null,"cityName":"Kinigi (Musanze)","hotelId":20009419,"hotelName":"Gorillas Nest Lodge","address":"P.O. Box 3341,Kinigi,Rwanda","phones":"+250252589106","fax":"+250252589085","email":"bonita.mutoni@dubaiworldafrica.com","url":"http://www.gorillasnestlodge.com","countryIso2":"RW","countryName":"Rwanda","hotelRating":"0","latitude":"-1.44237","longitude":"29.5786","state_id":null,"state_name":null,"country_id":null},{"active":false,"Giataid":"142284","cityId":null,"cityName":"Akagera National Park","hotelId":20010273,"hotelName":"Akagera Game Lodge","address":"Akagera National Park,Rwanda","phones":"+250785201206","fax":"+250782535717","email":"agl.reservation@akageralodge.com","url":"http://www.akageralodge.com","countryIso2":"RW","countryName":"Rwanda","hotelRating":"0","latitude":"-1.87438","longitude":"30.715","state_id":null,"state_name":null,"country_id":null},{"active":false,"Giataid":"182456","cityId":null,"cityName":"Volcanoes National Park","hotelId":20013257,"hotelName":"Sabyinyo Silverback Lodge","address":"Parc National des Volcans,North Western Rwanda,Rwanda","phones":"","fax":"","email":"","url":"","countryIso2":"RW","countryName":"Rwanda","hotelRating":"4","latitude":"-1.45004","longitude":"29.5494","state_id":null,"state_name":null,"country_id":null},{"active":false,"Giataid":"229969","cityId":null,"cityName":"Nyungwe Forest National Park","hotelId":20015572,"hotelName":"Gisakura Guesthouse","address":"Gisakura Tea Estate,Njungwe Nationalpark,Rwanda","phones":"","fax":"","email":"","url":"","countryIso2":"RW","countryName":"Rwanda","hotelRating":"0","latitude":"-2.52798","longitude":"29.2786","state_id":null,"state_name":null,"country_id":null},{"active":false,"Giataid":"917579","cityId":null,"cityName":"Ruhengeri","hotelId":20368215,"hotelName":"La Corniche Motel Nyabihu","address":"RN 4,Ruhengeri,Rwanda","phones":"","fax":"","email":"","url":"http://www.tripadvisor.com/Hotel_Review-g317075-d13362076","countryIso2":"RW","countryName":"Rwanda","hotelRating":"0","latitude":"-1.4995","longitude":"29.631","state_id":null,"state_name":null,"country_id":null},{"active":false,"Giataid":"880135","cityId":null,"cityName":"Volcanoes National Park","hotelId":20368226,"hotelName":"Mountain Gorilla View Lodge","address":"Kinigi Virunga Mountains,Nyarugina,Volcanoes National Park,Rwanda","phones":"","fax":"","email":"","url":"","countryIso2":"RW","countryName":"Rwanda","hotelRating":"0","latitude":"-1.46765","longitude":"29.5227","state_id":null,"state_name":null,"country_id":null},{"active":false,"Giataid":"865100","cityId":null,"cityName":"Kinigi (Musanze)","hotelId":20368255,"hotelName":"Buffalo Mountain Lodge","address":"Rdb Road,Kinigi,Musanze,Rwanda","phones":"","fax":"","email":"","url":"","countryIso2":"RW","countryName":"Rwanda","hotelRating":"0","latitude":"-1.44218","longitude":"29.5785","state_id":null,"state_name":null,"country_id":null},{"active":false,"Giataid":"956691","cityId":null,"cityName":"Ruhengeri","hotelId":20417973,"hotelName":"East Africa Amazon Apartments And Camping Sites","address":"33 NM6,Ruhengeri,Rwanda","phones":"","fax":"","email":"eastafricaamazonguesthouse@gmail.com","url":"http://www.eastafrica-amazon.com","countryIso2":"RW","countryName":"Rwanda","hotelRating":"1","latitude":"-1.4995","longitude":"29.631","state_id":null,"state_name":null,"country_id":null},{"active":false,"Giataid":"984362","cityId":null,"cityName":"Ruhengeri","hotelId":20438903,"hotelName":"Filon D'or Guesthouse And Campsite","address":"RN 8 RD Ruhengeri,Ruhengeri,Rwanda","phones":"","fax":"","email":"","url":"","countryIso2":"RW","countryName":"Rwanda","hotelRating":"1","latitude":"-1.4995","longitude":"29.631","state_id":null,"state_name":null,"country_id":null}]