[{"active":false,"Giataid":"492113","cityId":31883,"cityName":"Asmara","hotelId":492113,"hotelName":"Sunshine Hotel","address":"Bidho Street  76,Asmara,Eritrea","phones":"+2911127880","fax":"+2911127866","email":"contact@sunshineasmara.com","url":"http://www.sunshinehotelasmara.com","countryIso2":"ER","countryName":"Eritrea","hotelRating":"3","latitude":"15.3318","longitude":"38.9338","state_id":3426,"state_name":"Maekel Region","country_id":68},{"active":false,"Giataid":"615655","cityId":31883,"cityName":"Asmara","hotelId":615655,"hotelName":"Crystal Hotel","address":"Bihat Street No 17,Asmara,Eritrea","phones":"+2911120944","fax":"+2911200911","email":"","url":"http://www.crystalhoteleritrea.com/","countryIso2":"ER","countryName":"Eritrea","hotelRating":"3","latitude":"15.3337","longitude":"38.934","state_id":3426,"state_name":"Maekel Region","country_id":68}]