[{"active":false,"Giataid":"34191","cityId":106884,"cityName":"Ashgabat","hotelId":34191,"hotelName":"Ak Altyn Hotel","address":"Magtumguly Avenue 141/1,744000 Ashgabat,Turkmenistan,Turkmenistan","phones":"+99312363700","fax":"+99312363494","email":"info@akaltyn.com","url":"http://akaltyn.com/","countryIso2":"TM","countryName":"Turkmenistan","hotelRating":"4","latitude":"37.9524","longitude":"58.3645","state_id":3371,"state_name":"Ashgabat","country_id":226},{"active":false,"Giataid":"34193","cityId":106884,"cityName":"Ashgabat","hotelId":34193,"hotelName":"Nissa","address":"Ulitsa Galkynysh 70,Ashgabat 744000,Turkmenistan","phones":"","fax":"","email":"","url":"","countryIso2":"TM","countryName":"Turkmenistan","hotelRating":"4","latitude":"37.9401","longitude":"58.3719","state_id":3371,"state_name":"Ashgabat","country_id":226},{"active":false,"Giataid":"34194","cityId":106884,"cityName":"Ashgabat","hotelId":34194,"hotelName":"Grand Turkmen","address":"Gorogly Street 7,744000 Ashgabat,Turkmenistan","phones":"+99312510555","fax":"+99312511251","email":"grandhtl@online.tm","url":"","countryIso2":"TM","countryName":"Turkmenistan","hotelRating":"4","latitude":"37.9401","longitude":"58.3774","state_id":3371,"state_name":"Ashgabat","country_id":226},{"active":false,"Giataid":"424696","cityId":106884,"cityName":"Ashgabat","hotelId":424696,"hotelName":"Yyldyz Hotel","address":"","phones":"","fax":"","email":"","url":"","countryIso2":"TM","countryName":"Turkmenistan","hotelRating":"1","latitude":"37.9401","longitude":"58.3719","state_id":3371,"state_name":"Ashgabat","country_id":226},{"active":false,"Giataid":"34193","cityId":106884,"cityName":"Ashgabat","hotelId":804193,"hotelName":"Hotel Nusay","address":"Ulitsa Galkynysh 70,Ashgabat 744000,Turkmenistan","phones":"+99312221025","fax":"","email":"nusay-hotel@online.tm","url":"http://nusay-hotel.com","countryIso2":"TM","countryName":"Turkmenistan","hotelRating":"1","latitude":"37.9282","longitude":"58.3925","state_id":3371,"state_name":"Ashgabat","country_id":226},{"active":false,"Giataid":"807584","cityId":106884,"cityName":"Ashgabat","hotelId":807584,"hotelName":"Gypjak Hotel","address":"3 Bitarap Turkmenistan,Kipchak,744000 Ashgabat,Turkmenistan","phones":"","fax":"","email":"","url":"","countryIso2":"TM","countryName":"Turkmenistan","hotelRating":"1","latitude":"37.9401","longitude":"58.3719","state_id":3371,"state_name":"Ashgabat","country_id":226}]