[{"active":false,"Giataid":"29341","cityId":129909,"cityName":"Bukhara","hotelId":34182,"hotelName":"Orient Star Bukhara","address":"Navoi Street 8,Bukhara,Uzbekistan","phones":"+998652230024","fax":"+998652235119","email":"reservation@hotelbukharapalace.com","url":"http://www.hotelbukharapalace.com/","countryIso2":"UZ","countryName":"Uzbekistan","hotelRating":"4","latitude":"39.7646","longitude":"64.4213","state_id":2541,"state_name":"Bukhara Region","country_id":236},{"active":false,"Giataid":"34185","cityId":129909,"cityName":"Bukhara","hotelId":34185,"hotelName":"Lyabi House","address":"N.Husainov Street,Building 7,Bukhara 200118,Uzbekistan","phones":"","fax":"","email":"","url":"","countryIso2":"UZ","countryName":"Uzbekistan","hotelRating":"3","latitude":"39.7724","longitude":"64.4205","state_id":2541,"state_name":"Bukhara Region","country_id":236},{"active":false,"Giataid":"34190","cityId":129995,"cityName":"Samarkand","hotelId":34190,"hotelName":"Afrosiab","address":"","phones":"","fax":"","email":"","url":"","countryIso2":"UZ","countryName":"Uzbekistan","hotelRating":"4","latitude":"39.6551","longitude":"66.9595","state_id":2544,"state_name":"Samarqand Region","country_id":236},{"active":false,"Giataid":"34195","cityId":129995,"cityName":"Samarkand","hotelId":34195,"hotelName":"Malika Prime","address":"Universitetskiy Bulvar 1/4,Samarkand,Uzbekistan","phones":"+998662334349","fax":"","email":"","url":"http://www.malika-samarkand.com/prime.htm","countryIso2":"UZ","countryName":"Uzbekistan","hotelRating":"3","latitude":"39.6414","longitude":"66.9475","state_id":2544,"state_name":"Samarqand Region","country_id":236},{"active":false,"Giataid":"139990","cityId":129995,"cityName":"Samarkand","hotelId":139990,"hotelName":"Asia Samarkand","address":"50 Kosh-Khauz,Samarkand,Uzbekistan","phones":"+998662358230","fax":"+998662350655","email":"asiasamarkand@asiahotels.uz","url":"http://www.asiahotels.uz/index.php?option=com_content&amp;view=article&amp;id=25&amp;Itemid=46&amp;lang=en","countryIso2":"UZ","countryName":"Uzbekistan","hotelRating":"4","latitude":"39.6586","longitude":"66.9755","state_id":2544,"state_name":"Samarqand Region","country_id":236},{"active":false,"Giataid":"246339","cityId":129909,"cityName":"Bukhara","hotelId":246339,"hotelName":"Minor","address":"NULL","phones":"","fax":"","email":"","url":"","countryIso2":"UZ","countryName":"Uzbekistan","hotelRating":"4","latitude":"39.7763","longitude":"64.4167","state_id":2541,"state_name":"Bukhara Region","country_id":236},{"active":false,"Giataid":"381109","cityId":129995,"cityName":"Samarkand","hotelId":381109,"hotelName":"Orient Star","address":"Dagbitskaya Street33,Samarkand 140120,Uzbekistan","phones":"","fax":"","email":"","url":"","countryIso2":"UZ","countryName":"Uzbekistan","hotelRating":"3","latitude":"39.6718","longitude":"66.9697","state_id":2544,"state_name":"Samarqand Region","country_id":236},{"active":false,"Giataid":"381111","cityId":129995,"cityName":"Samarkand","hotelId":381111,"hotelName":"Central Samarkand Hotel","address":"","phones":"","fax":"","email":"","url":"","countryIso2":"UZ","countryName":"Uzbekistan","hotelRating":"1","latitude":"39.6551","longitude":"66.9595","state_id":2544,"state_name":"Samarqand Region","country_id":236},{"active":false,"Giataid":"460420","cityId":129961,"cityName":"Navoiy","hotelId":460420,"hotelName":"Grand M Hotel","address":"","phones":"","fax":"","email":"","url":"","countryIso2":"UZ","countryName":"Uzbekistan","hotelRating":"3","latitude":"40.0963","longitude":"65.376","state_id":2542,"state_name":"Navoiy Region","country_id":236},{"active":false,"Giataid":"471890","cityId":129995,"cityName":"Samarkand","hotelId":471890,"hotelName":"Royal Palace Hotel","address":"Amir Temur Street 33,140100 Samarkand,Uzbekistan","phones":"+998662319999","fax":"+9983662310078","email":"booking@royalpalace.uz","url":"http://royalpalace.uz/","countryIso2":"UZ","countryName":"Uzbekistan","hotelRating":"3","latitude":"39.6516","longitude":"66.9532","state_id":2544,"state_name":"Samarqand Region","country_id":236},{"active":false,"Giataid":"483682","cityId":129964,"cityName":"Nukus","hotelId":483682,"hotelName":"Hotel Jipek Joli","address":"Tatibaev Street 50,Nukus 230100,Uzbekistan","phones":"","fax":"","email":"","url":"","countryIso2":"UZ","countryName":"Uzbekistan","hotelRating":"3","latitude":"42.4658","longitude":"59.6099","state_id":2548,"state_name":"Karakalpakstan","country_id":236},{"active":false,"Giataid":"486072","cityId":129909,"cityName":"Bukhara","hotelId":486072,"hotelName":"Arabon Hotel","address":"","phones":"","fax":"","email":"","url":"","countryIso2":"UZ","countryName":"Uzbekistan","hotelRating":"1","latitude":"39.7703","longitude":"64.4196","state_id":2541,"state_name":"Bukhara Region","country_id":236},{"active":false,"Giataid":"486496","cityId":129964,"cityName":"Nukus","hotelId":486496,"hotelName":"Massaget Hotel","address":"st. J. Aymurzaev 47a,230100 Nukus,Uzbekistan","phones":"+998612228766","fax":"","email":"massagethotel@mail.ru","url":"http://massagethotel.simplesite.com","countryIso2":"UZ","countryName":"Uzbekistan","hotelRating":"1","latitude":"42.4675","longitude":"59.6102","state_id":2548,"state_name":"Karakalpakstan","country_id":236},{"active":false,"Giataid":"733444","cityId":129909,"cityName":"Bukhara","hotelId":733444,"hotelName":"Hotel Al Bukhari B&B And Suzani Boutique","address":"Xo'ja Bul'gor 40,Bukhara 200118,Uzbekistan","phones":"","fax":"","email":"","url":"","countryIso2":"UZ","countryName":"Uzbekistan","hotelRating":"1","latitude":"39.7748","longitude":"64.4194","state_id":2541,"state_name":"Bukhara Region","country_id":236},{"active":false,"Giataid":"737994","cityId":129909,"cityName":"Bukhara","hotelId":737994,"hotelName":"Khurjin Hotel","address":"Poyi Ostona Street 4,200121 Bukhara,Uzbekistan","phones":"","fax":"","email":"","url":"","countryIso2":"UZ","countryName":"Uzbekistan","hotelRating":"1","latitude":"39.7739","longitude":"64.4219","state_id":2541,"state_name":"Bukhara Region","country_id":236},{"active":false,"Giataid":"738261","cityId":129995,"cityName":"Samarkand","hotelId":738261,"hotelName":"Samarkand Travel Hotel","address":"Tursunova 127,Near Spartak Stadion,Samarkand 140 100,Uzbekistan","phones":"","fax":"","email":"","url":"","countryIso2":"UZ","countryName":"Uzbekistan","hotelRating":"1","latitude":"39.659","longitude":"66.9631","state_id":2544,"state_name":"Samarqand Region","country_id":236},{"active":false,"Giataid":"740628","cityId":129909,"cityName":"Bukhara","hotelId":740628,"hotelName":"Ali Baba","address":"Salloxxona 18,Bukhara 200100,Uzbekistan","phones":"","fax":"","email":"","url":"","countryIso2":"UZ","countryName":"Uzbekistan","hotelRating":"1","latitude":"39.7699","longitude":"64.4217","state_id":2541,"state_name":"Bukhara Region","country_id":236},{"active":false,"Giataid":"804304","cityId":129909,"cityName":"Bukhara","hotelId":804304,"hotelName":"Hotel Varakhsha","address":"ul. Samarkandskaya 13,Bukhara 200118,Uzbekistan","phones":"","fax":"","email":"","url":"http://www.booking.com/hotel/uz/varakhsha.html?aid=357026","countryIso2":"UZ","countryName":"Uzbekistan","hotelRating":"1","latitude":"39.7741","longitude":"64.4195","state_id":2541,"state_name":"Bukhara Region","country_id":236},{"active":false,"Giataid":"804320","cityId":129995,"cityName":"Samarkand","hotelId":804320,"hotelName":"Hostel & Guest House Sim-Sim","address":"Abdurahmon Jomiy 102,Samarkand 140105,Uzbekistan","phones":"","fax":"","email":"","url":"","countryIso2":"UZ","countryName":"Uzbekistan","hotelRating":"1","latitude":"39.6551","longitude":"66.9595","state_id":2544,"state_name":"Samarqand Region","country_id":236},{"active":false,"Giataid":"804323","cityId":129995,"cityName":"Samarkand","hotelId":804323,"hotelName":"Hotel Samarkand Seoul","address":"Street Olimlar 21,Samarkand 140100,Uzbekistan","phones":"","fax":"","email":"","url":"","countryIso2":"UZ","countryName":"Uzbekistan","hotelRating":"1","latitude":"39.6563","longitude":"66.9325","state_id":2544,"state_name":"Samarqand Region","country_id":236},{"active":false,"Giataid":"804326","cityId":129909,"cityName":"Bukhara","hotelId":804326,"hotelName":"Hotel Shams","address":"Ibn Sino Street 4A,Bukhara 200100,Uzbekistan","phones":"","fax":"","email":"","url":"","countryIso2":"UZ","countryName":"Uzbekistan","hotelRating":"1","latitude":"39.7748","longitude":"64.4194","state_id":2541,"state_name":"Bukhara Region","country_id":236},{"active":false,"Giataid":"804366","cityId":129909,"cityName":"Bukhara","hotelId":804366,"hotelName":"Mohinur Hostel","address":"Mekhtar Anbar Street 16,Bukhara 200103,Uzbekistan","phones":"","fax":"","email":"","url":"","countryIso2":"UZ","countryName":"Uzbekistan","hotelRating":"1","latitude":"39.7748","longitude":"64.4194","state_id":2541,"state_name":"Bukhara Region","country_id":236},{"active":false,"Giataid":"804390","cityId":129909,"cityName":"Bukhara","hotelId":804390,"hotelName":"Hotel Nasriddin Navruz","address":"Levi Babaxanova 37,Bukhara 200118,Uzbekistan","phones":"","fax":"","email":"","url":"","countryIso2":"UZ","countryName":"Uzbekistan","hotelRating":"1","latitude":"39.7748","longitude":"64.4194","state_id":2541,"state_name":"Bukhara Region","country_id":236},{"active":false,"Giataid":"804404","cityId":129909,"cityName":"Bukhara","hotelId":804404,"hotelName":"Hotel Breshim","address":"Xalvopazon 6,Bukhara 200100,Uzbekistan","phones":"","fax":"","email":"","url":"","countryIso2":"UZ","countryName":"Uzbekistan","hotelRating":"1","latitude":"39.7748","longitude":"64.4194","state_id":2541,"state_name":"Bukhara Region","country_id":236},{"active":false,"Giataid":"804438","cityId":129995,"cityName":"Samarkand","hotelId":804438,"hotelName":"Tumaris","address":"Gagaruina 149,Samarkand 140108,Uzbekistan","phones":"","fax":"","email":"","url":"","countryIso2":"UZ","countryName":"Uzbekistan","hotelRating":"1","latitude":"39.6551","longitude":"66.9595","state_id":2544,"state_name":"Samarqand Region","country_id":236},{"active":false,"Giataid":"806747","cityId":129995,"cityName":"Samarkand","hotelId":806747,"hotelName":"Yangi Sharq","address":"Shohruh Street 92,Samarkand 140100,Uzbekistan","phones":"+998662310603","fax":"+998662310603","email":"info@yangi-sharq.com","url":"http://www.yangi-sharq.com/en/","countryIso2":"UZ","countryName":"Uzbekistan","hotelRating":"1","latitude":"39.6551","longitude":"66.9595","state_id":2544,"state_name":"Samarqand Region","country_id":236},{"active":false,"Giataid":"807724","cityId":129909,"cityName":"Bukhara","hotelId":807724,"hotelName":"Rizo Boutique","address":"Eshoni Pir 30,Bukhara 200100,Uzbekistan","phones":"","fax":"","email":"","url":"","countryIso2":"UZ","countryName":"Uzbekistan","hotelRating":"1","latitude":"39.7748","longitude":"64.4194","state_id":2541,"state_name":"Bukhara Region","country_id":236},{"active":false,"Giataid":"807761","cityId":129909,"cityName":"Bukhara","hotelId":807761,"hotelName":"Hotel Mohitobon","address":"Zafarobod Street 1/4,Bukhara 200100,Uzbekistan","phones":"","fax":"","email":"","url":"","countryIso2":"UZ","countryName":"Uzbekistan","hotelRating":"1","latitude":"39.7748","longitude":"64.4194","state_id":2541,"state_name":"Bukhara Region","country_id":236},{"active":false,"Giataid":"809130","cityId":129909,"cityName":"Bukhara","hotelId":809130,"hotelName":"Avicenna Hotel","address":"Mirdustim Street 216/1,Bukhara 200100,Uzbekistan","phones":"","fax":"","email":"","url":"","countryIso2":"UZ","countryName":"Uzbekistan","hotelRating":"1","latitude":"39.7748","longitude":"64.4194","state_id":2541,"state_name":"Bukhara Region","country_id":236},{"active":false,"Giataid":"811496","cityId":129995,"cityName":"Samarkand","hotelId":811496,"hotelName":"Hotel Arba","address":"M. Koshgariy 92,Samarkand 140100,Uzbekistan","phones":"+998662336067","fax":"+998662334499","email":"info@hotel-arba.com","url":"http://hotel-arba.com/","countryIso2":"UZ","countryName":"Uzbekistan","hotelRating":"1","latitude":"39.6551","longitude":"66.9595","state_id":2544,"state_name":"Samarqand Region","country_id":236},{"active":false,"Giataid":"811536","cityId":129964,"cityName":"Nukus","hotelId":811536,"hotelName":"Ratmina Hotel","address":"ul. Paluaniyazova 4,230105 Nukus,Uzbekistan","phones":"+998612260507","fax":"","email":"hotel.ratmina@mail.ru","url":"http://www.hotel-ratmina.uz/","countryIso2":"UZ","countryName":"Uzbekistan","hotelRating":"1","latitude":"42.4675","longitude":"59.6102","state_id":2548,"state_name":"Karakalpakstan","country_id":236},{"active":false,"Giataid":"811545","cityId":129995,"cityName":"Samarkand","hotelId":811545,"hotelName":"Hotel Latif Samarkand","address":"Katta Kurgan Street 20,Samarkand 140108,Uzbekistan","phones":"+998662375034","fax":"","email":"info@latif.uz","url":"","countryIso2":"UZ","countryName":"Uzbekistan","hotelRating":"1","latitude":"39.6551","longitude":"66.9595","state_id":2544,"state_name":"Samarqand Region","country_id":236},{"active":false,"Giataid":"811636","cityId":129909,"cityName":"Bukhara","hotelId":811636,"hotelName":"Bonu Hotel","address":"Ulitsa Ibn Sina 109,Bukhara 200100,Uzbekistan","phones":"","fax":"","email":"","url":"","countryIso2":"UZ","countryName":"Uzbekistan","hotelRating":"1","latitude":"39.7748","longitude":"64.4194","state_id":2541,"state_name":"Bukhara Region","country_id":236},{"active":false,"Giataid":"811638","cityId":129995,"cityName":"Samarkand","hotelId":811638,"hotelName":"Hotel Legende","address":"Tolmasova 60,Samarkand 140100,Uzbekistan","phones":"","fax":"","email":"","url":"","countryIso2":"UZ","countryName":"Uzbekistan","hotelRating":"1","latitude":"39.6551","longitude":"66.9595","state_id":2544,"state_name":"Samarqand Region","country_id":236},{"active":false,"Giataid":"811645","cityId":129923,"cityName":"Fergana","hotelId":811645,"hotelName":"Hotel Ziyorat","address":"Dodhoh Street 2A,Fergana 712000,Uzbekistan","phones":"","fax":"","email":"","url":"","countryIso2":"UZ","countryName":"Uzbekistan","hotelRating":"1","latitude":"40.3729","longitude":"71.786","state_id":2538,"state_name":"Fergana Region","country_id":236},{"active":false,"Giataid":"811666","cityId":129909,"cityName":"Bukhara","hotelId":811666,"hotelName":"Golden Bukhara Boutique","address":"ul. Muhammad Iqbol,Bukhara 200100,Uzbekistan","phones":"","fax":"","email":"","url":"","countryIso2":"UZ","countryName":"Uzbekistan","hotelRating":"1","latitude":"39.7748","longitude":"64.4194","state_id":2541,"state_name":"Bukhara Region","country_id":236},{"active":false,"Giataid":"811671","cityId":129909,"cityName":"Bukhara","hotelId":811671,"hotelName":"Vardonze Hotel","address":"Khamza Street 7A,Bukhara 200100,Uzbekistan","phones":"+9983652215115","fax":"+9983652215576","email":"vardonzehotel@outlook.com","url":"http://vardonzehotel.com","countryIso2":"UZ","countryName":"Uzbekistan","hotelRating":"1","latitude":"39.7748","longitude":"64.4194","state_id":2541,"state_name":"Bukhara Region","country_id":236},{"active":false,"Giataid":"811681","cityId":129995,"cityName":"Samarkand","hotelId":811681,"hotelName":"Hotel Marvarid","address":"Street Pendjikent 10A,Koshbakaly,Samarkand 140100,Uzbekistan","phones":"","fax":"","email":"","url":"","countryIso2":"UZ","countryName":"Uzbekistan","hotelRating":"1","latitude":"39.6551","longitude":"66.9595","state_id":2544,"state_name":"Samarqand Region","country_id":236},{"active":false,"Giataid":"811732","cityId":129909,"cityName":"Bukhara","hotelId":811732,"hotelName":"Bukhara Prestige","address":"Nisomi Street,Bukhara 200111,Uzbekistan","phones":"","fax":"","email":"","url":"","countryIso2":"UZ","countryName":"Uzbekistan","hotelRating":"1","latitude":"39.7748","longitude":"64.4194","state_id":2541,"state_name":"Bukhara Region","country_id":236},{"active":false,"Giataid":"812444","cityId":129909,"cityName":"Bukhara","hotelId":812444,"hotelName":"As Salam","address":"Bahouddin Naqshband 116,Bukhara 200118,Uzbekistan","phones":"","fax":"","email":"","url":"","countryIso2":"UZ","countryName":"Uzbekistan","hotelRating":"1","latitude":"39.7748","longitude":"64.4194","state_id":2541,"state_name":"Bukhara Region","country_id":236},{"active":false,"Giataid":"812665","cityId":129909,"cityName":"Bukhara","hotelId":812665,"hotelName":"Boutique Safiya","address":"Bakhowuddin Nakshbandi Street 122,Bukhara 200118,Uzbekistan","phones":"","fax":"","email":"","url":"","countryIso2":"UZ","countryName":"Uzbekistan","hotelRating":"1","latitude":"39.7748","longitude":"64.4194","state_id":2541,"state_name":"Bukhara Region","country_id":236},{"active":false,"Giataid":"812722","cityId":129909,"cityName":"Bukhara","hotelId":812722,"hotelName":"Hostel Muxlisabegim","address":"Levi Babakhanov 59,Bukhara 200118,Uzbekistan","phones":"","fax":"","email":"","url":"","countryIso2":"UZ","countryName":"Uzbekistan","hotelRating":"1","latitude":"39.7748","longitude":"64.4194","state_id":2541,"state_name":"Bukhara Region","country_id":236},{"active":false,"Giataid":"814846","cityId":129995,"cityName":"Samarkand","hotelId":814846,"hotelName":"Hotel Ishonch","address":"Uzbekistan Street 1G,Samarkand 140100,Uzbekistan","phones":"","fax":"","email":"","url":"","countryIso2":"UZ","countryName":"Uzbekistan","hotelRating":"1","latitude":"39.6551","longitude":"66.9595","state_id":2544,"state_name":"Samarqand Region","country_id":236},{"active":false,"Giataid":"814947","cityId":129909,"cityName":"Bukhara","hotelId":814947,"hotelName":"Dargoh Hotel","address":"Eshoni Pir Street 20,Bukhara 200118,Uzbekistan","phones":"","fax":"","email":"","url":"","countryIso2":"UZ","countryName":"Uzbekistan","hotelRating":"1","latitude":"39.7748","longitude":"64.4194","state_id":2541,"state_name":"Bukhara Region","country_id":236},{"active":false,"Giataid":"815016","cityId":129909,"cityName":"Bukhara","hotelId":815016,"hotelName":"Gulnaraxan Travel Hostel","address":"Eshoni Pir Street,Bukhoro 705000,Uzbekistan","phones":"","fax":"","email":"","url":"","countryIso2":"UZ","countryName":"Uzbekistan","hotelRating":"1","latitude":"39.7748","longitude":"64.4194","state_id":2541,"state_name":"Bukhara Region","country_id":236},{"active":false,"Giataid":"817004","cityId":129995,"cityName":"Samarkand","hotelId":817004,"hotelName":"Shaxerezada","address":"Navoiy Shoh ko'chasi 2,Samarkand City Center,Samarkand 140117,Uzbekistan","phones":"","fax":"","email":"","url":"","countryIso2":"UZ","countryName":"Uzbekistan","hotelRating":"1","latitude":"39.6551","longitude":"66.9595","state_id":2544,"state_name":"Samarqand Region","country_id":236},{"active":false,"Giataid":"817031","cityId":129995,"cityName":"Samarkand","hotelId":817031,"hotelName":"Amir Hostel","address":"Abdurahmon Jomiy 45,Samarkand 140100,Uzbekistan","phones":"","fax":"","email":"","url":"","countryIso2":"UZ","countryName":"Uzbekistan","hotelRating":"1","latitude":"39.6551","longitude":"66.9595","state_id":2544,"state_name":"Samarqand Region","country_id":236},{"active":false,"Giataid":"817072","cityId":129909,"cityName":"Bukhara","hotelId":817072,"hotelName":"Shaxriyor Fayz","address":"Shifokorlar Kuchasi 67,Mohi Xossa Dahasi,Bukhara 200126,Uzbekistan","phones":"","fax":"","email":"","url":"","countryIso2":"UZ","countryName":"Uzbekistan","hotelRating":"1","latitude":"39.7748","longitude":"64.4194","state_id":2541,"state_name":"Bukhara Region","country_id":236},{"active":false,"Giataid":"817115","cityId":129961,"cityName":"Navoiy","hotelId":817115,"hotelName":"Hotel Gulmira","address":"Reshetnika Street 2,Navoi,Uzbekistan","phones":"+998792254999","fax":"","email":"info@hotel-gulmira.uz","url":"http://hotel-gulmira.uz","countryIso2":"UZ","countryName":"Uzbekistan","hotelRating":"1","latitude":"40.1119","longitude":"65.3161","state_id":2542,"state_name":"Navoiy Region","country_id":236},{"active":false,"Giataid":"818018","cityId":129995,"cityName":"Samarkand","hotelId":818018,"hotelName":"Vse Po Domashenmu","address":"Mahtumkuli 4,Samarkand 140103,Uzbekistan","phones":"","fax":"","email":"","url":"","countryIso2":"UZ","countryName":"Uzbekistan","hotelRating":"1","latitude":"39.6551","longitude":"66.9595","state_id":2544,"state_name":"Samarqand Region","country_id":236},{"active":false,"Giataid":"818842","cityId":129909,"cityName":"Bukhara","hotelId":818842,"hotelName":"Jeyran Hotel","address":"ul. Ibn Sina 101/1,Former Suleyman Muradov,Bukhara 200101,Uzbekistan","phones":"","fax":"","email":"","url":"","countryIso2":"UZ","countryName":"Uzbekistan","hotelRating":"1","latitude":"39.7748","longitude":"64.4194","state_id":2541,"state_name":"Bukhara Region","country_id":236},{"active":false,"Giataid":"818869","cityId":129909,"cityName":"Bukhara","hotelId":818869,"hotelName":"Hafsi Kabir","address":"Eshoni Pir Street 3,Bukhara 200118,Uzbekistan","phones":"","fax":"","email":"","url":"","countryIso2":"UZ","countryName":"Uzbekistan","hotelRating":"1","latitude":"39.7748","longitude":"64.4194","state_id":2541,"state_name":"Bukhara Region","country_id":236},{"active":false,"Giataid":"819845","cityId":129995,"cityName":"Samarkand","hotelId":819845,"hotelName":"Hotel Bek","address":"Ok Saroi 58/1,Shakhrisabz 181305,Uzbekistan","phones":"","fax":"","email":"","url":"","countryIso2":"UZ","countryName":"Uzbekistan","hotelRating":"1","latitude":"39.6551","longitude":"66.9595","state_id":2544,"state_name":"Samarqand Region","country_id":236},{"active":false,"Giataid":"820837","cityId":129909,"cityName":"Bukhara","hotelId":820837,"hotelName":"Caravan Hotel","address":"Khudzha Nurabad Street 6,Bukhara 200121,Uzbekistan","phones":"","fax":"","email":"","url":"","countryIso2":"UZ","countryName":"Uzbekistan","hotelRating":"1","latitude":"39.7762","longitude":"64.4119","state_id":2541,"state_name":"Bukhara Region","country_id":236},{"active":false,"Giataid":"820904","cityId":129909,"cityName":"Bukhara","hotelId":820904,"hotelName":"Bukhara House","address":"Eshoni Pir Street,Bukhara 200100,Uzbekistan","phones":"","fax":"","email":"","url":"","countryIso2":"UZ","countryName":"Uzbekistan","hotelRating":"1","latitude":"39.7748","longitude":"64.4194","state_id":2541,"state_name":"Bukhara Region","country_id":236},{"active":false,"Giataid":"821822","cityId":129961,"cityName":"Navoiy","hotelId":821822,"hotelName":"Turistichieskaia Zona Otdykha Sarmishsoy","address":"Navbakhorskii Raion SSG Olchin,Dom 1,Ushchiel'ie Sarmyshsai,Navoi 210100,Uzbekistan","phones":"+998792206037","fax":"","email":"darxon77@mail.ru","url":"http://sarmishsoy.com","countryIso2":"UZ","countryName":"Uzbekistan","hotelRating":"1","latitude":"40.1119","longitude":"65.3161","state_id":2542,"state_name":"Navoiy Region","country_id":236},{"active":false,"Giataid":"827010","cityId":129995,"cityName":"Samarkand","hotelId":827010,"hotelName":"Jahongir B&B","address":"Chirokchi 4,Samarkand,Uzbekistan","phones":"+998915550808","fax":"","email":"jahongir.hotel@gmail.com","url":"http://jahongirbandb.com/","countryIso2":"UZ","countryName":"Uzbekistan","hotelRating":"1","latitude":"39.65","longitude":"66.9783","state_id":2544,"state_name":"Samarqand Region","country_id":236},{"active":false,"Giataid":"832990","cityId":129995,"cityName":"Samarkand","hotelId":832990,"hotelName":"B&B Emir","address":"Oksaroi Street 142,Samarkand 140104,Uzbekistan","phones":"","fax":"","email":"","url":"","countryIso2":"UZ","countryName":"Uzbekistan","hotelRating":"1","latitude":"39.6551","longitude":"66.9595","state_id":2544,"state_name":"Samarqand Region","country_id":236},{"active":false,"Giataid":"484022","cityId":129961,"cityName":"Navoiy","hotelId":10057096,"hotelName":"Hanjin Navoi Complex","address":"Malikrabat Village  Karmaninskiy Area,210100 Navoi,Uzbekistan","phones":"","fax":"","email":"","url":"","countryIso2":"UZ","countryName":"Uzbekistan","hotelRating":"4","latitude":"40.1507","longitude":"65.1767","state_id":2542,"state_name":"Navoiy Region","country_id":236},{"active":false,"Giataid":"295367","cityId":129961,"cityName":"Navoiy","hotelId":10092613,"hotelName":"Silk Road Hotel","address":"Malik-Rabot,Karmana,Navoiy,Uzbekistan","phones":"NULL","fax":"NULL","email":"NULL","url":"NULL","countryIso2":"UZ","countryName":"Uzbekistan","hotelRating":"3","latitude":"40.1239","longitude":"65.176","state_id":2542,"state_name":"Navoiy Region","country_id":236},{"active":false,"Giataid":"424733","cityId":129923,"cityName":"Fergana","hotelId":20001702,"hotelName":"Hotel Asia Fergana","address":"Street Navoi 26,Fergana 150 100,Uzbekistan","phones":"+998732441326","fax":"+998732441330","email":"","url":"http://asiahotels.uz/esia-Fergana.html","countryIso2":"UZ","countryName":"Uzbekistan","hotelRating":"4","latitude":"40.3788","longitude":"71.7872","state_id":2538,"state_name":"Fergana Region","country_id":236},{"active":false,"Giataid":"460050","cityId":129909,"cityName":"Bukhara","hotelId":20002370,"hotelName":"Siyavush","address":"Darvozai Solloxxona 18,Bukhara 200100,Uzbekistan","phones":"+998652210203","fax":"+998652210626","email":"siyavush2002@yahoo.com","url":"http://www.siyavush.com","countryIso2":"UZ","countryName":"Uzbekistan","hotelRating":"0","latitude":"39.7698","longitude":"64.4216","state_id":2541,"state_name":"Bukhara Region","country_id":236},{"active":false,"Giataid":"484033","cityId":129909,"cityName":"Bukhara","hotelId":20003081,"hotelName":"Mekhtar Ambar Caravan Saray Hotel Buxara","address":"B.Nakshbandi Street 91,200118 Bukhara,Uzbekistan","phones":"","fax":"","email":"","url":"","countryIso2":"UZ","countryName":"Uzbekistan","hotelRating":"3","latitude":"39.7731","longitude":"64.4269","state_id":2541,"state_name":"Bukhara Region","country_id":236},{"active":false,"Giataid":"471854","cityId":129909,"cityName":"Bukhara","hotelId":20003262,"hotelName":"Sarbon Plaza","address":"Bakhowuddin Nakshbandi Street 16,Bukhara 200104,Uzbekistan","phones":"","fax":"","email":"","url":"","countryIso2":"UZ","countryName":"Uzbekistan","hotelRating":"3","latitude":"39.771","longitude":"64.4445","state_id":2541,"state_name":"Bukhara Region","country_id":236},{"active":false,"Giataid":"96982","cityId":129909,"cityName":"Bukhara","hotelId":20003634,"hotelName":"Asia Bukhara Hotel","address":"Mekhtar Ambar Street 55,Bukhara 200118,Uzbekistan","phones":"+998652246431","fax":"","email":"hotel_asia_tashkent@bk.ru","url":"http://www.asiahotels.uz/esia-Bukhara.html","countryIso2":"UZ","countryName":"Uzbekistan","hotelRating":"3","latitude":"39.7735","longitude":"64.4183","state_id":2541,"state_name":"Bukhara Region","country_id":236},{"active":false,"Giataid":"545960","cityId":129909,"cityName":"Bukhara","hotelId":20003826,"hotelName":"Hovli Poyon Hotel","address":"13 Khuja Gulrez  Street,Bukhara,Uzbekistan","phones":"+998652241865","fax":"+998652243239","email":"","url":"http://www.hovli-poyon.com/","countryIso2":"UZ","countryName":"Uzbekistan","hotelRating":"3","latitude":"39.7717","longitude":"64.4155","state_id":2541,"state_name":"Bukhara Region","country_id":236},{"active":false,"Giataid":"724397","cityId":129909,"cityName":"Bukhara","hotelId":20004006,"hotelName":"Grand Emir Residence","address":"Hofiz Tanish Bukhari 11,200104 Bukhara,Uzbekistan","phones":"","fax":"","email":"","url":"","countryIso2":"UZ","countryName":"Uzbekistan","hotelRating":"4","latitude":"39.7708","longitude":"64.4325","state_id":2541,"state_name":"Bukhara Region","country_id":236},{"active":false,"Giataid":"545927","cityId":129995,"cityName":"Samarkand","hotelId":20004350,"hotelName":"Guest House Marokand","address":"141 Chorraha,140158 Samarkand,Uzbekistan","phones":"+998662353324","fax":"+998662353324","email":"marokandhotelcom@mail.ru","url":"http://marokand-hotel.com/","countryIso2":"UZ","countryName":"Uzbekistan","hotelRating":"3","latitude":"39.6632","longitude":"66.9711","state_id":2544,"state_name":"Samarqand Region","country_id":236},{"active":false,"Giataid":"485394","cityId":129909,"cityName":"Bukhara","hotelId":20004522,"hotelName":"Hotel Nurefshan","address":"Havzi Nav Street 21,Bukhara 200 100,Uzbekistan","phones":"","fax":"","email":"","url":"","countryIso2":"UZ","countryName":"Uzbekistan","hotelRating":"0","latitude":"39.7681","longitude":"64.4041","state_id":2541,"state_name":"Bukhara Region","country_id":236},{"active":false,"Giataid":"547359","cityId":129909,"cityName":"Bukhara","hotelId":20004683,"hotelName":"Sasha & Son Hotel","address":"Eshoni Pir Street 3,Bukhara,Uzbekistan","phones":"+998652244966","fax":"+998652242906","email":"","url":"http://www.sashasonhotels.com/","countryIso2":"UZ","countryName":"Uzbekistan","hotelRating":"0","latitude":"39.773","longitude":"64.4225","state_id":2541,"state_name":"Bukhara Region","country_id":236},{"active":false,"Giataid":"547355","cityId":129995,"cityName":"Samarkand","hotelId":20004872,"hotelName":"Registan Hotel","address":"M.Ulugbek street 16,Samarkand 140100,Uzbekistan","phones":"+998662335590","fax":"","email":"info@hotel-Registon.uz","url":"http://www.hotel-registon.uz/","countryIso2":"UZ","countryName":"Uzbekistan","hotelRating":"4","latitude":"39.6561","longitude":"66.9555","state_id":2544,"state_name":"Samarqand Region","country_id":236},{"active":false,"Giataid":"471956","cityId":129995,"cityName":"Samarkand","hotelId":20005033,"hotelName":"Sultan Hotel Boutique","address":"University Boulvard 1,Samarkand 140129,Uzbekistan","phones":"","fax":"","email":"","url":"","countryIso2":"UZ","countryName":"Uzbekistan","hotelRating":"4","latitude":"39.6493","longitude":"66.967","state_id":2544,"state_name":"Samarqand Region","country_id":236},{"active":false,"Giataid":"485396","cityId":129909,"cityName":"Bukhara","hotelId":20005394,"hotelName":"Shoxtut Hotel","address":"B. Nakshbandi Street 128,200118 Bukhara,Uzbekistan","phones":"","fax":"","email":"","url":"","countryIso2":"UZ","countryName":"Uzbekistan","hotelRating":"0","latitude":"39.7733","longitude":"64.4236","state_id":2541,"state_name":"Bukhara Region","country_id":236},{"active":false,"Giataid":"424741","cityId":129909,"cityName":"Bukhara","hotelId":20005580,"hotelName":"Sultan Hotel","address":"Bakhouddin Nakshbandi Street 100,Bukhara 200118,Uzbekistan","phones":"","fax":"","email":"","url":"","countryIso2":"UZ","countryName":"Uzbekistan","hotelRating":"3","latitude":"39.7718","longitude":"64.4413","state_id":2541,"state_name":"Bukhara Region","country_id":236},{"active":false,"Giataid":"632794","cityId":129961,"cityName":"Navoiy","hotelId":20006571,"hotelName":"Yoshlik Hotel","address":"street Halklar Dustligi 138b,Navoi 210109,Uzbekistan","phones":"+9984362243701","fax":"","email":"info@hotel-yoshlik.uz","url":"http://hotel-yoshlik.uz/","countryIso2":"UZ","countryName":"Uzbekistan","hotelRating":"0","latitude":"40.1119","longitude":"65.3161","state_id":2542,"state_name":"Navoiy Region","country_id":236},{"active":false,"Giataid":"471968","cityId":129909,"cityName":"Bukhara","hotelId":20007017,"hotelName":"Kukaldosh Hotel","address":"M. Ambar 115,Bukhara 200118,Uzbekistan","phones":"","fax":"","email":"","url":"","countryIso2":"UZ","countryName":"Uzbekistan","hotelRating":"3","latitude":"39.7735","longitude":"64.4226","state_id":2541,"state_name":"Bukhara Region","country_id":236},{"active":false,"Giataid":"460442","cityId":129909,"cityName":"Bukhara","hotelId":20007172,"hotelName":"Hotel ASL","address":"B. Naqshband Street 100,Bukhara 200118,Uzbekistan","phones":"","fax":"","email":"","url":"","countryIso2":"UZ","countryName":"Uzbekistan","hotelRating":"3","latitude":"39.7727","longitude":"64.4213","state_id":2541,"state_name":"Bukhara Region","country_id":236},{"active":false,"Giataid":"680804","cityId":129909,"cityName":"Bukhara","hotelId":20007621,"hotelName":"Grand Bukhara Hotel","address":"Muminov Street 8,Bukhara Qashqadaryo Viloyati,Bukhara 200504,Uzbekistan","phones":"","fax":"","email":"","url":"","countryIso2":"UZ","countryName":"Uzbekistan","hotelRating":"0","latitude":"39.7748","longitude":"64.4194","state_id":2541,"state_name":"Bukhara Region","country_id":236},{"active":false,"Giataid":"517179","cityId":129909,"cityName":"Bukhara","hotelId":20007739,"hotelName":"Boutique Hotel Minzifa","address":"Eshoni Pir 63,Bukhara 200118,Uzbekistan","phones":"+998652210628","fax":"+998652210628","email":"minzifa_inn@mail.ru","url":"http://minzifa.com","countryIso2":"UZ","countryName":"Uzbekistan","hotelRating":"4","latitude":"39.7703","longitude":"64.4205","state_id":2541,"state_name":"Bukhara Region","country_id":236},{"active":false,"Giataid":"56841","cityId":129909,"cityName":"Bukhara","hotelId":20007935,"hotelName":"Emir Travel","address":"17 Husaenov Street,705018 Bukhara,Uzbekistan","phones":"+998652244965","fax":"+998652244117","email":"mila@emirtravel.com","url":"http://www.emirtravel.com","countryIso2":"UZ","countryName":"Uzbekistan","hotelRating":"3","latitude":"39.7736","longitude":"64.4178","state_id":2541,"state_name":"Bukhara Region","country_id":236},{"active":false,"Giataid":"472013","cityId":129909,"cityName":"Bukhara","hotelId":20008725,"hotelName":"Modarixon Hotel","address":"Mehktar Ambar Street,Bukhara 200111,Uzbekistan","phones":"","fax":"","email":"","url":"","countryIso2":"UZ","countryName":"Uzbekistan","hotelRating":"0","latitude":"39.7737","longitude":"64.4245","state_id":2541,"state_name":"Bukhara Region","country_id":236},{"active":false,"Giataid":"486400","cityId":129995,"cityName":"Samarkand","hotelId":20009115,"hotelName":"Hotel Diyora","address":"Imam Al Bukhary 106,Samarkand 140100,Uzbekistan","phones":"+998915202060","fax":"+998662357424","email":"info@hotel-diyora.com","url":"http://www.hotel-diyora.com/","countryIso2":"UZ","countryName":"Uzbekistan","hotelRating":"4","latitude":"39.6582","longitude":"66.9711","state_id":2544,"state_name":"Samarqand Region","country_id":236},{"active":false,"Giataid":"424740","cityId":129995,"cityName":"Samarkand","hotelId":20009253,"hotelName":"Samarkand Dream Hotel","address":"Mirsaid Baraka 34,Samarkand 140100,Uzbekistan","phones":"","fax":"","email":"","url":"","countryIso2":"UZ","countryName":"Uzbekistan","hotelRating":"0","latitude":"39.6513","longitude":"66.9448","state_id":2544,"state_name":"Samarqand Region","country_id":236},{"active":false,"Giataid":"139988","cityId":129909,"cityName":"Bukhara","hotelId":20010189,"hotelName":"Omar Khayam","address":"7 Khakikat Street,Bukhara 705000,Uzbekistan","phones":"+998652214707","fax":"+998652214654","email":"omar-bukhara@mail.ru","url":"http://www.hotelomarkhayam.com","countryIso2":"UZ","countryName":"Uzbekistan","hotelRating":"3","latitude":"39.778","longitude":"64.4167","state_id":2541,"state_name":"Bukhara Region","country_id":236},{"active":false,"Giataid":"323850","cityId":129909,"cityName":"Bukhara","hotelId":20010463,"hotelName":"Semurg Bukhara","address":"Mukhammad Ikbol Street 19,Bukhara 200126,Uzbekistan","phones":"","fax":"","email":"","url":"","countryIso2":"UZ","countryName":"Uzbekistan","hotelRating":"0","latitude":"39.7659","longitude":"64.4223","state_id":2541,"state_name":"Bukhara Region","country_id":236},{"active":false,"Giataid":"381110","cityId":129995,"cityName":"Samarkand","hotelId":20010754,"hotelName":"Ideal Hotel","address":"Otahodjaev Street 10,Samarkand 140143,Uzbekistan","phones":"+998662331107","fax":"","email":"info@samarkandideal.uz","url":"http://www.samarkandideal.uz","countryIso2":"UZ","countryName":"Uzbekistan","hotelRating":"3","latitude":"39.6429","longitude":"66.955","state_id":2544,"state_name":"Samarqand Region","country_id":236},{"active":false,"Giataid":"549710","cityId":129909,"cityName":"Bukhara","hotelId":20011023,"hotelName":"Chor Minor","address":"131, Mekhtar Ambar Street,200118 Bukhara,Uzbekistan","phones":"","fax":"","email":"","url":"","countryIso2":"UZ","countryName":"Uzbekistan","hotelRating":"0","latitude":"39.7738","longitude":"64.4258","state_id":2541,"state_name":"Bukhara Region","country_id":236},{"active":false,"Giataid":"246338","cityId":129995,"cityName":"Samarkand","hotelId":20011125,"hotelName":"City","address":"19 A University Boulevard stra?e,Samarkand 140129,Uzbekistan","phones":"+998662330078","fax":"+998662335763","email":"info@cityhotel.uz","url":"http://www.cityhotel.uz/samarkand.html","countryIso2":"UZ","countryName":"Uzbekistan","hotelRating":"3","latitude":"39.6448","longitude":"66.957","state_id":2544,"state_name":"Samarqand Region","country_id":236},{"active":false,"Giataid":"471785","cityId":129909,"cityName":"Bukhara","hotelId":20011263,"hotelName":"Grand Nodirbek","address":"Sarafon Street 10,Bukhara 200100,Uzbekistan","phones":"","fax":"","email":"","url":"","countryIso2":"UZ","countryName":"Uzbekistan","hotelRating":"3","latitude":"39.7728","longitude":"64.4213","state_id":2541,"state_name":"Bukhara Region","country_id":236},{"active":false,"Giataid":"472008","cityId":129909,"cityName":"Bukhara","hotelId":20011524,"hotelName":"Kavsar Boutique Hotel","address":"B. Nakshband Street 112,Bukhara 200118,Uzbekistan","phones":"","fax":"","email":"","url":"","countryIso2":"UZ","countryName":"Uzbekistan","hotelRating":"0","latitude":"39.7729","longitude":"64.4216","state_id":2541,"state_name":"Bukhara Region","country_id":236},{"active":false,"Giataid":"723660","cityId":129909,"cityName":"Bukhara","hotelId":20011713,"hotelName":"Ziyobaxsh Hotel","address":"Khoja Rushoniy Street 2,Bukhara 200118,Uzbekistan","phones":"+998652214054","fax":"","email":"ziyobaxsh@mail.ru","url":"http://www.ziyobaxsh.com","countryIso2":"UZ","countryName":"Uzbekistan","hotelRating":"0","latitude":"39.7723","longitude":"64.4176","state_id":2541,"state_name":"Bukhara Region","country_id":236},{"active":false,"Giataid":"460049","cityId":129909,"cityName":"Bukhara","hotelId":20011874,"hotelName":"Devon Begi","address":"M. Anbar Street 95,Bukhara 200118,Uzbekistan","phones":"","fax":"","email":"","url":"http://www.tripadvisor.com/Hotel_Review-g303936-d3596799","countryIso2":"UZ","countryName":"Uzbekistan","hotelRating":"3","latitude":"39.7734","longitude":"64.4204","state_id":2541,"state_name":"Bukhara Region","country_id":236},{"active":false,"Giataid":"725940","cityId":129909,"cityName":"Bukhara","hotelId":20012042,"hotelName":"Bukhara Baraka Hotel","address":"Bakhouddin Nikshband 118,Bukhara 200110,Uzbekistan","phones":"","fax":"","email":"","url":"","countryIso2":"UZ","countryName":"Uzbekistan","hotelRating":"0","latitude":"39.7732","longitude":"64.4228","state_id":2541,"state_name":"Bukhara Region","country_id":236},{"active":false,"Giataid":"480291","cityId":129995,"cityName":"Samarkand","hotelId":20012254,"hotelName":"Lux Hotel","address":"Atahodzhaeva Street 15 (ex Lva Tolstogo Street),140100 Samarkand,Uzbekistan","phones":"","fax":"","email":"","url":"","countryIso2":"UZ","countryName":"Uzbekistan","hotelRating":"0","latitude":"39.6432","longitude":"66.9552","state_id":2544,"state_name":"Samarqand Region","country_id":236},{"active":false,"Giataid":"471787","cityId":129909,"cityName":"Bukhara","hotelId":20012389,"hotelName":"New Moon Hotel","address":"Eshoni Pir Street 8,Bukhara 200100,Uzbekistan","phones":"","fax":"","email":"","url":"","countryIso2":"UZ","countryName":"Uzbekistan","hotelRating":"2","latitude":"39.7725","longitude":"64.422","state_id":2541,"state_name":"Bukhara Region","country_id":236},{"active":false,"Giataid":"547317","cityId":129995,"cityName":"Samarkand","hotelId":20012515,"hotelName":"Gala Osiyo Hotel","address":"Uzbek Tract Street 6,Samarkand,Uzbekistan","phones":"+998662393135","fax":"+998662397777","email":"info@gala-osiyo.com","url":"http://gala-osiyo.com/#!/pageSplash","countryIso2":"UZ","countryName":"Uzbekistan","hotelRating":"0","latitude":"39.6768","longitude":"67.0071","state_id":2544,"state_name":"Samarqand Region","country_id":236},{"active":false,"Giataid":"424737","cityId":129995,"cityName":"Samarkand","hotelId":20012623,"hotelName":"Konstantin Hotel","address":"Mirzo Ulughbek Street 152,Samarkand 140107,Uzbekistan","phones":"+998662340456","fax":"+998662343057","email":"hotel_konstantin@mail.ru","url":"http://www.konstantinhotel.ru","countryIso2":"UZ","countryName":"Uzbekistan","hotelRating":"4","latitude":"39.6667","longitude":"66.9269","state_id":2544,"state_name":"Samarqand Region","country_id":236},{"active":false,"Giataid":"472010","cityId":129909,"cityName":"Bukhara","hotelId":20012726,"hotelName":"Bibi Khanym Hotel","address":"L. Babahanova Street 27,Bukhara 200118,Uzbekistan","phones":"","fax":"","email":"","url":"","countryIso2":"UZ","countryName":"Uzbekistan","hotelRating":"0","latitude":"39.7717","longitude":"64.4205","state_id":2541,"state_name":"Bukhara Region","country_id":236},{"active":false,"Giataid":"471862","cityId":129909,"cityName":"Bukhara","hotelId":20012998,"hotelName":"Minorai Kalon Hotel","address":"H. Ibodova Street 11,Bukhara 100121,Uzbekistan","phones":"","fax":"","email":"","url":"","countryIso2":"UZ","countryName":"Uzbekistan","hotelRating":"3","latitude":"39.7751","longitude":"64.4155","state_id":2541,"state_name":"Bukhara Region","country_id":236},{"active":false,"Giataid":"547651","cityId":129995,"cityName":"Samarkand","hotelId":20013108,"hotelName":"Emir Hotel","address":"Ulitsa Oksaroi 142,Samarkand,Uzbekistan","phones":"+998662357461","fax":"+998662350735","email":"muhandis2005@mail.ru","url":"http://emir.ucoz.net/","countryIso2":"UZ","countryName":"Uzbekistan","hotelRating":"0","latitude":"39.6488","longitude":"66.9699","state_id":2544,"state_name":"Samarqand Region","country_id":236},{"active":false,"Giataid":"460335","cityId":129995,"cityName":"Samarkand","hotelId":20013617,"hotelName":"Astor Hotel","address":"Amir Temur 222,Samarkand 140100,Uzbekistan","phones":"+998662100077","fax":"+998662100088","email":"info@astorhotel.uz","url":"http://www.astorhotel.uz","countryIso2":"UZ","countryName":"Uzbekistan","hotelRating":"3","latitude":"39.647","longitude":"66.925","state_id":2544,"state_name":"Samarqand Region","country_id":236},{"active":false,"Giataid":"726856","cityId":129995,"cityName":"Samarkand","hotelId":20013764,"hotelName":"Bek Samarkand Hotel","address":"Corner of Shohi Zinda and Dagbed Street,140100 Samarkand,Uzbekistan","phones":"+998951421818","fax":"+998662321803","email":"info@bekhotel.uz","url":"http://bekhotel.uz/rooms/","countryIso2":"UZ","countryName":"Uzbekistan","hotelRating":"0","latitude":"39.6686","longitude":"66.9698","state_id":2544,"state_name":"Samarqand Region","country_id":236},{"active":false,"Giataid":"471888","cityId":129909,"cityName":"Bukhara","hotelId":20013880,"hotelName":"Shirin Plaza","address":"Bakhowuddin Nakshbandi Street 16,Bukhara 200100,Uzbekistan","phones":"","fax":"","email":"","url":"","countryIso2":"UZ","countryName":"Uzbekistan","hotelRating":"3","latitude":"39.7728","longitude":"64.436","state_id":2541,"state_name":"Bukhara Region","country_id":236},{"active":false,"Giataid":"428669","cityId":129995,"cityName":"Samarkand","hotelId":20014119,"hotelName":"Uzbegim Plaza Hotel","address":"Arifbaeva Street 32,Samarkand 140130,Uzbekistan","phones":"","fax":"","email":"","url":"","countryIso2":"UZ","countryName":"Uzbekistan","hotelRating":"0","latitude":"39.6732","longitude":"66.9657","state_id":2544,"state_name":"Samarqand Region","country_id":236},{"active":false,"Giataid":"459757","cityId":129995,"cityName":"Samarkand","hotelId":20014231,"hotelName":"Hotel Caravan Serail","address":"Chorrakha Street 96,Samarkand 140100,Uzbekistan","phones":"","fax":"","email":"","url":"","countryIso2":"UZ","countryName":"Uzbekistan","hotelRating":"3","latitude":"39.6623","longitude":"66.9736","state_id":2544,"state_name":"Samarqand Region","country_id":236},{"active":false,"Giataid":"726004","cityId":129909,"cityName":"Bukhara","hotelId":20014329,"hotelName":"Amelia Boutique Hotel","address":"1 Bozor Hoja Street,200118 Bukhara,Uzbekistan","phones":"","fax":"","email":"","url":"http://www.bukhara-hotels.com/amelia/index.htm","countryIso2":"UZ","countryName":"Uzbekistan","hotelRating":"0","latitude":"39.7748","longitude":"64.4194","state_id":2541,"state_name":"Bukhara Region","country_id":236},{"active":false,"Giataid":"545948","cityId":129995,"cityName":"Samarkand","hotelId":20014689,"hotelName":"L'Argamak Hotel","address":"Sulton Muhammad 4,140104 Samarkand,Uzbekistan","phones":"+998662391101","fax":"+998662391101","email":"contact@largamak.com","url":"http://www.largamak.com/de/","countryIso2":"UZ","countryName":"Uzbekistan","hotelRating":"3","latitude":"39.6483","longitude":"66.9671","state_id":2544,"state_name":"Samarqand Region","country_id":236},{"active":false,"Giataid":"424738","cityId":129995,"cityName":"Samarkand","hotelId":20014807,"hotelName":"Malika Classic Hotel","address":"Khamraev Street 37,Samarkand 140100,Uzbekistan","phones":"+998662370154","fax":"","email":"","url":"http://www.malika-samarkand.com/classic.htm","countryIso2":"UZ","countryName":"Uzbekistan","hotelRating":"3","latitude":"39.6396","longitude":"66.9469","state_id":2544,"state_name":"Samarqand Region","country_id":236},{"active":false,"Giataid":"724665","cityId":129995,"cityName":"Samarkand","hotelId":20015111,"hotelName":"Hotel Samarkand Safar","address":"Bahodir Yalangtush Street 47,140100 Samarkand,Uzbekistan,Uzbekistan","phones":"","fax":"","email":"","url":"","countryIso2":"UZ","countryName":"Uzbekistan","hotelRating":"3","latitude":"39.6551","longitude":"66.9524","state_id":2544,"state_name":"Samarqand Region","country_id":236},{"active":false,"Giataid":"503891","cityId":129961,"cityName":"Navoiy","hotelId":20015638,"hotelName":"Grand Hotel Zarafshan","address":"Free-Industrial Economic Zone,Navoi 210100,Uzbekistan","phones":"+9984362243302","fax":"","email":"info@hotel-zarafshan.com","url":"http://www.hotel-zarafshan.com","countryIso2":"UZ","countryName":"Uzbekistan","hotelRating":"3","latitude":"40.1138","longitude":"65.3437","state_id":2542,"state_name":"Navoiy Region","country_id":236},{"active":false,"Giataid":"391336","cityId":129909,"cityName":"Bukhara","hotelId":20016382,"hotelName":"Malika Bukhara","address":"25, Shaumyana Street,Bukhara,Uzbekistan","phones":"+998652246256","fax":"","email":"","url":"http://www.malika-bukhara.com/","countryIso2":"UZ","countryName":"Uzbekistan","hotelRating":"3","latitude":"39.7727","longitude":"64.4176","state_id":2541,"state_name":"Bukhara Region","country_id":236},{"active":false,"Giataid":"471712","cityId":129995,"cityName":"Samarkand","hotelId":20016720,"hotelName":"Hotel Samarkand Plaza","address":"Dagbitskaya - Rudaki street,Samarkand 140120,Republic of Uzbekistan,Uzbekistan","phones":"+998662324099","fax":"+998662321962","email":"info@hotelsamarkand-plaza.com","url":"http://www.hotelsamarkand-plaza.com","countryIso2":"UZ","countryName":"Uzbekistan","hotelRating":"4","latitude":"39.6699","longitude":"66.9697","state_id":2544,"state_name":"Samarqand Region","country_id":236},{"active":false,"Giataid":"424736","cityId":129995,"cityName":"Samarkand","hotelId":20016831,"hotelName":"Jahon Palace","address":"Gagarin street 107,Samarkand 140100,Uzbekistan","phones":"+998662345300","fax":"+998662340426","email":"info@jahon-palace.com","url":"http://www.jahon-palace.com","countryIso2":"UZ","countryName":"Uzbekistan","hotelRating":"4","latitude":"39.6583","longitude":"66.9365","state_id":2544,"state_name":"Samarqand Region","country_id":236},{"active":false,"Giataid":"273812","cityId":129995,"cityName":"Samarkand","hotelId":20016939,"hotelName":"Shaxzoda Hotel","address":"Uzbekistan Str. 32,Samarkand,Uzbekistan","phones":"+998662336030","fax":"+998662337051","email":"shaxzoda-luxe@mail.ru","url":"http://shaxzoda-lux.uz/","countryIso2":"UZ","countryName":"Uzbekistan","hotelRating":"3","latitude":"39.646","longitude":"66.9516","state_id":2544,"state_name":"Samarqand Region","country_id":236},{"active":false,"Giataid":"471897","cityId":129995,"cityName":"Samarkand","hotelId":20017057,"hotelName":"Nodir Samarkand","address":"Ibnsino Street 1,Samarkand 140103,Uzbekistan","phones":"","fax":"","email":"","url":"","countryIso2":"UZ","countryName":"Uzbekistan","hotelRating":"3","latitude":"39.6786","longitude":"66.9801","state_id":2544,"state_name":"Samarqand Region","country_id":236},{"active":false,"Giataid":"549709","cityId":129909,"cityName":"Bukhara","hotelId":20017167,"hotelName":"Kabir Hotel","address":"2 Levi Babakhanov Street,200118 Bukhara,Uzbekistan","phones":"","fax":"","email":"","url":"","countryIso2":"UZ","countryName":"Uzbekistan","hotelRating":"3","latitude":"39.7728","longitude":"64.4213","state_id":2541,"state_name":"Bukhara Region","country_id":236},{"active":false,"Giataid":"471855","cityId":129909,"cityName":"Bukhara","hotelId":20017250,"hotelName":"Hotel Fatima","address":"Baydukova Street 3,Bukhara 200118,Uzbekistan","phones":"","fax":"","email":"","url":"","countryIso2":"UZ","countryName":"Uzbekistan","hotelRating":"3","latitude":"39.7726","longitude":"64.4212","state_id":2541,"state_name":"Bukhara Region","country_id":236},{"active":false,"Giataid":"273807","cityId":129909,"cityName":"Bukhara","hotelId":20017406,"hotelName":"K.Komil Bukhara Boutique Hotel","address":"40 Barakiyon St. (ex. Specialistov),705018 Bukhara,Uzbekistan","phones":"+998652238780","fax":"+998652237812","email":"info@komiltravel.com","url":"http://www.travelbukhara.com","countryIso2":"UZ","countryName":"Uzbekistan","hotelRating":"3","latitude":"39.7702","longitude":"64.42","state_id":2541,"state_name":"Bukhara Region","country_id":236},{"active":false,"Giataid":"545964","cityId":129995,"cityName":"Samarkand","hotelId":20017631,"hotelName":"Bibikhanum Hotel","address":"Tashkent Street 10,140101 Samarkand,Uzbekistan","phones":"+998662100811","fax":"+998662100811","email":"info@hotel-bibikhanum.com","url":"http://www.hotel-bibikhanum.com/de","countryIso2":"UZ","countryName":"Uzbekistan","hotelRating":"3","latitude":"39.6599","longitude":"66.9804","state_id":2544,"state_name":"Samarqand Region","country_id":236},{"active":false,"Giataid":"486406","cityId":129995,"cityName":"Samarkand","hotelId":20017732,"hotelName":"Hotel Zarina","address":"Umarova Street 4,140100 Samarkand,Uzbekistan","phones":"+998662350761","fax":"+998662357529","email":"espritdutemps@rambler.ru","url":"http://www.hotel-zarina.com/","countryIso2":"UZ","countryName":"Uzbekistan","hotelRating":"2","latitude":"39.6521","longitude":"66.9723","state_id":2544,"state_name":"Samarqand Region","country_id":236},{"active":false,"Giataid":"547309","cityId":129995,"cityName":"Samarkand","hotelId":20017859,"hotelName":"Billuri Sitora Hotel","address":"Khavasi Street 5,Samarkand 140120,Uzbekistan","phones":"","fax":"","email":"","url":"","countryIso2":"UZ","countryName":"Uzbekistan","hotelRating":"3","latitude":"39.6683","longitude":"66.9732","state_id":2544,"state_name":"Samarqand Region","country_id":236},{"active":false,"Giataid":"486462","cityId":129995,"cityName":"Samarkand","hotelId":20017959,"hotelName":"Hotel Simxo","address":"Saadiy 17,140154 Samarkand,Uzbekistan","phones":"","fax":"","email":"","url":"","countryIso2":"UZ","countryName":"Uzbekistan","hotelRating":"0","latitude":"39.6642","longitude":"66.9487","state_id":2544,"state_name":"Samarqand Region","country_id":236},{"active":false,"Giataid":"471940","cityId":129995,"cityName":"Samarkand","hotelId":20017984,"hotelName":"Platan Hotel","address":"Mironshokh 13,Samarkand 140100,Uzbekistan","phones":"+998662311461","fax":"+998662334173","email":"info@hotel-platan.com","url":"http://www.hotel-platan.com","countryIso2":"UZ","countryName":"Uzbekistan","hotelRating":"3","latitude":"39.6578","longitude":"66.955","state_id":2544,"state_name":"Samarqand Region","country_id":236},{"active":false,"Giataid":"488891","cityId":129995,"cityName":"Samarkand","hotelId":20018204,"hotelName":"Majestic Palace Hotel","address":"Bobur Mirzo Street 32A,Samarkand 423422,Uzbekistan","phones":"","fax":"","email":"","url":"","countryIso2":"UZ","countryName":"Uzbekistan","hotelRating":"3","latitude":"39.6439","longitude":"66.9532","state_id":2544,"state_name":"Samarqand Region","country_id":236},{"active":false,"Giataid":"547313","cityId":129995,"cityName":"Samarkand","hotelId":20018312,"hotelName":"Dilshoda B&B Hotel","address":"Oqsaroy Street 150,Samarkand 140104,Uzbekistan","phones":"","fax":"","email":"","url":"","countryIso2":"UZ","countryName":"Uzbekistan","hotelRating":"0","latitude":"39.649","longitude":"66.9699","state_id":2544,"state_name":"Samarqand Region","country_id":236},{"active":false,"Giataid":"724395","cityId":129995,"cityName":"Samarkand","hotelId":20018341,"hotelName":"Hotel Zilol Baxt","address":"5 Usmon Yusupov Street,Samarkand 140100,Uzbekistan","phones":"+998662398514","fax":"+998662398575","email":"info@hotelzilolbaxt.uz","url":"http://hotelzilolbaxt.uz/","countryIso2":"UZ","countryName":"Uzbekistan","hotelRating":"3","latitude":"39.642","longitude":"66.9574","state_id":2544,"state_name":"Samarqand Region","country_id":236},{"active":false,"Giataid":"460816","cityId":129995,"cityName":"Samarkand","hotelId":20018651,"hotelName":"Emirkhan Hotel","address":"Dagbitskaya Street 49,Samarkand 140120,Uzbekistan","phones":"","fax":"","email":"","url":"","countryIso2":"UZ","countryName":"Uzbekistan","hotelRating":"3","latitude":"39.6642","longitude":"66.9706","state_id":2544,"state_name":"Samarqand Region","country_id":236},{"active":false,"Giataid":"863564","cityId":129909,"cityName":"Bukhara","hotelId":20385150,"hotelName":"Samani Bukhara","address":"N. Khusainov Kucha Building 6,200118 Bukhara,Uzbekistan","phones":"","fax":"","email":"","url":"","countryIso2":"UZ","countryName":"Uzbekistan","hotelRating":"0","latitude":"39.7722","longitude":"64.4205","state_id":2541,"state_name":"Bukhara Region","country_id":236},{"active":false,"Giataid":"863573","cityId":129909,"cityName":"Bukhara","hotelId":20385151,"hotelName":"Sarrafon B&B","address":"Sarrafon Street 4,200118 Bukhara,Uzbekistan","phones":"","fax":"","email":"","url":"","countryIso2":"UZ","countryName":"Uzbekistan","hotelRating":"0","latitude":"39.7721","longitude":"64.4185","state_id":2541,"state_name":"Bukhara Region","country_id":236},{"active":false,"Giataid":"863596","cityId":129909,"cityName":"Bukhara","hotelId":20385152,"hotelName":"Yasmin","address":"Degrezi Street 21,200110 Bukhara,Uzbekistan","phones":"","fax":"","email":"","url":"","countryIso2":"UZ","countryName":"Uzbekistan","hotelRating":"0","latitude":"39.7748","longitude":"64.4194","state_id":2541,"state_name":"Bukhara Region","country_id":236},{"active":false,"Giataid":"875678","cityId":129909,"cityName":"Bukhara","hotelId":20385153,"hotelName":"Miraziz Ambari","address":"Bakhowuddin Nakshbandi Street 93,Bukhara 200118,Uzbekistan","phones":"","fax":"","email":"","url":"http://http//www.qantas.com/hotels/properties/465114","countryIso2":"UZ","countryName":"Uzbekistan","hotelRating":"0","latitude":"39.7748","longitude":"64.4194","state_id":2541,"state_name":"Bukhara Region","country_id":236},{"active":false,"Giataid":"878117","cityId":129909,"cityName":"Bukhara","hotelId":20385154,"hotelName":"Hotel Barfina","address":"Havzi Nav House 21,3 Etazhnyi Dom,Bukhara 200100,Uzbekistan","phones":"","fax":"","email":"","url":"","countryIso2":"UZ","countryName":"Uzbekistan","hotelRating":"0","latitude":"39.7748","longitude":"64.4194","state_id":2541,"state_name":"Bukhara Region","country_id":236},{"active":false,"Giataid":"887287","cityId":129909,"cityName":"Bukhara","hotelId":20385155,"hotelName":"Nodir House","address":"Boboi poraduz Street 6,200100 Bukhara,Uzbekistan","phones":"","fax":"","email":"","url":"","countryIso2":"UZ","countryName":"Uzbekistan","hotelRating":"0","latitude":"39.7748","longitude":"64.4194","state_id":2541,"state_name":"Bukhara Region","country_id":236},{"active":false,"Giataid":"888601","cityId":129909,"cityName":"Bukhara","hotelId":20385156,"hotelName":"Hotel Mosque Baland","address":"Machiti Baland 18,Bukhara 200105,Uzbekistan","phones":"","fax":"","email":"","url":"","countryIso2":"UZ","countryName":"Uzbekistan","hotelRating":"0","latitude":"39.7748","longitude":"64.4194","state_id":2541,"state_name":"Bukhara Region","country_id":236},{"active":false,"Giataid":"892501","cityId":129909,"cityName":"Bukhara","hotelId":20385157,"hotelName":"Fernando Hotel","address":"Otaboy Eshonov Street 3,Bukhara 200100,Buxoro Viloyati,Uzbekistan","phones":"","fax":"","email":"","url":"","countryIso2":"UZ","countryName":"Uzbekistan","hotelRating":"0","latitude":"39.7748","longitude":"64.4194","state_id":2541,"state_name":"Bukhara Region","country_id":236},{"active":false,"Giataid":"892514","cityId":129909,"cityName":"Bukhara","hotelId":20385158,"hotelName":"Hotel Rangrez","address":"B Nakshband Street,Bukhara City,Uzbekistan","phones":"+9986522334","fax":"+998652232033","email":"info@hotelrangrez.com","url":"http://hotelrangrez.com","countryIso2":"UZ","countryName":"Uzbekistan","hotelRating":"0","latitude":"39.7748","longitude":"64.4194","state_id":2541,"state_name":"Bukhara Region","country_id":236},{"active":false,"Giataid":"892555","cityId":129909,"cityName":"Bukhara","hotelId":20385159,"hotelName":"Hotel Old Bukhara","address":"Choykhonai Kozi Kalon street,Bukhara 200118,Uzbekistan","phones":"","fax":"","email":"","url":"","countryIso2":"UZ","countryName":"Uzbekistan","hotelRating":"0","latitude":"39.7748","longitude":"64.4194","state_id":2541,"state_name":"Bukhara Region","country_id":236},{"active":false,"Giataid":"897802","cityId":129909,"cityName":"Bukhara","hotelId":20385160,"hotelName":"Umarxon Hostel","address":"Eshoni Pir Street 44,Bukhara 200118,Buxoro Viloyati,Uzbekistan","phones":"","fax":"","email":"","url":"","countryIso2":"UZ","countryName":"Uzbekistan","hotelRating":"0","latitude":"39.7712","longitude":"64.4215","state_id":2541,"state_name":"Bukhara Region","country_id":236},{"active":false,"Giataid":"908186","cityId":129909,"cityName":"Bukhara","hotelId":20385161,"hotelName":"Emir's Garden Hotel","address":"Ulitsa Khodzha Nurobod 104,Bukhara 200121,Uzbekistan","phones":"","fax":"","email":"","url":"","countryIso2":"UZ","countryName":"Uzbekistan","hotelRating":"0","latitude":"39.7756","longitude":"64.4287","state_id":2541,"state_name":"Bukhara Region","country_id":236},{"active":false,"Giataid":"914538","cityId":129909,"cityName":"Bukhara","hotelId":20385162,"hotelName":"Salom Inn","address":"Saraffon Street 3,Bukhara 200118,Uzbekistan","phones":"","fax":"","email":"","url":"","countryIso2":"UZ","countryName":"Uzbekistan","hotelRating":"0","latitude":"39.7722","longitude":"64.4204","state_id":2541,"state_name":"Bukhara Region","country_id":236},{"active":false,"Giataid":"914578","cityId":129909,"cityName":"Bukhara","hotelId":20385163,"hotelName":"Porso Boutique Hotel","address":"H. Porso Street 4,Bukhara 200104,Uzbekistan","phones":"","fax":"","email":"","url":"","countryIso2":"UZ","countryName":"Uzbekistan","hotelRating":"0","latitude":"39.7737","longitude":"64.4231","state_id":2541,"state_name":"Bukhara Region","country_id":236},{"active":false,"Giataid":"914594","cityId":129909,"cityName":"Bukhara","hotelId":20385164,"hotelName":"Hotel Old City","address":"Eshoni Pir Street 2/11,Bukhara 200104,Uzbekistan","phones":"+998652242737","fax":"","email":"admin@hotel-oldcity.com","url":"http://www.hotel-oldcity.com","countryIso2":"UZ","countryName":"Uzbekistan","hotelRating":"0","latitude":"39.7748","longitude":"64.4194","state_id":2541,"state_name":"Bukhara Region","country_id":236},{"active":false,"Giataid":"914757","cityId":129909,"cityName":"Bukhara","hotelId":20385165,"hotelName":"Hotel Volida Boutique","address":"Khuzha Porso Street 1,Bukhara 200118,Uzbekistan","phones":"","fax":"","email":"","url":"","countryIso2":"UZ","countryName":"Uzbekistan","hotelRating":"0","latitude":"39.7748","longitude":"64.4194","state_id":2541,"state_name":"Bukhara Region","country_id":236},{"active":false,"Giataid":"914786","cityId":129909,"cityName":"Bukhara","hotelId":20385166,"hotelName":"Hotel Parvina","address":"H. Porso Street,Bukhara 200104,Uzbekistan","phones":"","fax":"","email":"","url":"","countryIso2":"UZ","countryName":"Uzbekistan","hotelRating":"0","latitude":"39.7748","longitude":"64.4194","state_id":2541,"state_name":"Bukhara Region","country_id":236},{"active":false,"Giataid":"914858","cityId":129909,"cityName":"Bukhara","hotelId":20385167,"hotelName":"Hotel Xabibi","address":"Eshoni Pir 19,Bukhara 200101,Uzbekistan","phones":"","fax":"","email":"","url":"","countryIso2":"UZ","countryName":"Uzbekistan","hotelRating":"0","latitude":"39.7748","longitude":"64.4194","state_id":2541,"state_name":"Bukhara Region","country_id":236},{"active":false,"Giataid":"914910","cityId":129909,"cityName":"Bukhara","hotelId":20385168,"hotelName":"Daryo Hostel","address":"Mirdustim Street 202,Bukhara 200101,Uzbekistan","phones":"","fax":"","email":"","url":"","countryIso2":"UZ","countryName":"Uzbekistan","hotelRating":"0","latitude":"39.7748","longitude":"64.4194","state_id":2541,"state_name":"Bukhara Region","country_id":236},{"active":false,"Giataid":"914931","cityId":129909,"cityName":"Bukhara","hotelId":20385169,"hotelName":"Hotel Rayhon","address":"Street M. Ashrafi 5,Bukhara 200100,Uzbekistan","phones":"","fax":"","email":"","url":"","countryIso2":"UZ","countryName":"Uzbekistan","hotelRating":"0","latitude":"39.7748","longitude":"64.4194","state_id":2541,"state_name":"Bukhara Region","country_id":236},{"active":false,"Giataid":"914997","cityId":129909,"cityName":"Bukhara","hotelId":20385170,"hotelName":"Sayohat Hotel","address":"Khoja Bulgor Street 18,200118 Bukhara,Uzbekistan","phones":"","fax":"","email":"","url":"","countryIso2":"UZ","countryName":"Uzbekistan","hotelRating":"0","latitude":"39.7748","longitude":"64.4194","state_id":2541,"state_name":"Bukhara Region","country_id":236},{"active":false,"Giataid":"915013","cityId":129909,"cityName":"Bukhara","hotelId":20385171,"hotelName":"Begim Mini Hotel","address":"Maksim Karim 14A,Bukhara 200100,Uzbekistan","phones":"","fax":"","email":"","url":"","countryIso2":"UZ","countryName":"Uzbekistan","hotelRating":"0","latitude":"39.7748","longitude":"64.4194","state_id":2541,"state_name":"Bukhara Region","country_id":236},{"active":false,"Giataid":"915024","cityId":129909,"cityName":"Bukhara","hotelId":20385172,"hotelName":"Ziyo Fayz Hotel","address":"Ulitsa Mutal Burkhanov 4A,Bukhara 200101,Uzbekistan","phones":"","fax":"","email":"","url":"","countryIso2":"UZ","countryName":"Uzbekistan","hotelRating":"0","latitude":"39.7748","longitude":"64.4194","state_id":2541,"state_name":"Bukhara Region","country_id":236},{"active":false,"Giataid":"915563","cityId":129909,"cityName":"Bukhara","hotelId":20385173,"hotelName":"Green House Bukhara Hotel","address":"Street Obod House 5,Bukhara,Uzbekistan","phones":"+998652210011","fax":"","email":"green-house.hotel@mail.ru","url":"http://greenhouse.uz/bukhara.html","countryIso2":"UZ","countryName":"Uzbekistan","hotelRating":"0","latitude":"39.7748","longitude":"64.4194","state_id":2541,"state_name":"Bukhara Region","country_id":236},{"active":false,"Giataid":"915816","cityId":129909,"cityName":"Bukhara","hotelId":20385174,"hotelName":"Hotel Risqiro'z","address":"Siddiqiyon,Bukhara 200 100,Uzbekistan","phones":"","fax":"","email":"","url":"","countryIso2":"UZ","countryName":"Uzbekistan","hotelRating":"0","latitude":"39.7748","longitude":"64.4194","state_id":2541,"state_name":"Bukhara Region","country_id":236},{"active":false,"Giataid":"921751","cityId":129909,"cityName":"Bukhara","hotelId":20385175,"hotelName":"Hostel Navo","address":"Khodja Nurobobod Street,Bukhara 200118,Uzbekistan","phones":"","fax":"","email":"","url":"","countryIso2":"UZ","countryName":"Uzbekistan","hotelRating":"0","latitude":"39.7748","longitude":"64.4194","state_id":2541,"state_name":"Bukhara Region","country_id":236},{"active":false,"Giataid":"921778","cityId":129909,"cityName":"Bukhara","hotelId":20385176,"hotelName":"Amir-Yaxyo Hotel","address":"Xoja Porso Street 12,Bukhara 200118,Uzbekistan","phones":"","fax":"","email":"","url":"","countryIso2":"UZ","countryName":"Uzbekistan","hotelRating":"0","latitude":"39.7748","longitude":"64.4194","state_id":2541,"state_name":"Bukhara Region","country_id":236},{"active":false,"Giataid":"921801","cityId":129909,"cityName":"Bukhara","hotelId":20385177,"hotelName":"Akbarshox","address":"Poi Ostona 14,Bukhara 200118,Uzbekistan","phones":"","fax":"","email":"","url":"","countryIso2":"UZ","countryName":"Uzbekistan","hotelRating":"0","latitude":"39.7748","longitude":"64.4194","state_id":2541,"state_name":"Bukhara Region","country_id":236},{"active":false,"Giataid":"925753","cityId":129909,"cityName":"Bukhara","hotelId":20385178,"hotelName":"Olmos","address":"Ulitsa Mirdustim 2,Bukhara 200100,Uzbekistan","phones":"","fax":"","email":"","url":"","countryIso2":"UZ","countryName":"Uzbekistan","hotelRating":"0","latitude":"39.7748","longitude":"64.4194","state_id":2541,"state_name":"Bukhara Region","country_id":236},{"active":false,"Giataid":"925770","cityId":129909,"cityName":"Bukhara","hotelId":20385179,"hotelName":"Diyor","address":"Arabon Street,Bukhara 200100,Uzbekistan","phones":"","fax":"","email":"","url":"","countryIso2":"UZ","countryName":"Uzbekistan","hotelRating":"0","latitude":"39.7748","longitude":"64.4194","state_id":2541,"state_name":"Bukhara Region","country_id":236},{"active":false,"Giataid":"925969","cityId":129909,"cityName":"Bukhara","hotelId":20385180,"hotelName":"Shohrud","address":"Bukhara 200500,Uzbekistan","phones":"+998907449377","fax":"","email":"sales@shohrud.com","url":"http://shohrud.com","countryIso2":"UZ","countryName":"Uzbekistan","hotelRating":"0","latitude":"39.7748","longitude":"64.4194","state_id":2541,"state_name":"Bukhara Region","country_id":236},{"active":false,"Giataid":"926022","cityId":129909,"cityName":"Bukhara","hotelId":20385181,"hotelName":"Hotel Dili Orom","address":"Mirzo Gafur Street,Dom 15,Bukhara 200100,Uzbekistan","phones":"","fax":"","email":"","url":"","countryIso2":"UZ","countryName":"Uzbekistan","hotelRating":"0","latitude":"39.7748","longitude":"64.4194","state_id":2541,"state_name":"Bukhara Region","country_id":236},{"active":false,"Giataid":"926062","cityId":129909,"cityName":"Bukhara","hotelId":20385182,"hotelName":"Hotel Golden Minaret","address":"Utca Siddikiion,Dom 21-23,Bukhara 200100,Uzbekistan","phones":"","fax":"","email":"","url":"","countryIso2":"UZ","countryName":"Uzbekistan","hotelRating":"0","latitude":"39.7748","longitude":"64.4194","state_id":2541,"state_name":"Bukhara Region","country_id":236},{"active":false,"Giataid":"926110","cityId":129909,"cityName":"Bukhara","hotelId":20385183,"hotelName":"Hotel Zargaron","address":"Haqiqat Street 3-4,Bukhara 200121,Uzbekistan","phones":"","fax":"","email":"","url":"","countryIso2":"UZ","countryName":"Uzbekistan","hotelRating":"0","latitude":"39.7748","longitude":"64.4194","state_id":2541,"state_name":"Bukhara Region","country_id":236},{"active":false,"Giataid":"927759","cityId":129909,"cityName":"Bukhara","hotelId":20385184,"hotelName":"Xoja Ismat Buxoriy Hostel","address":"Xo'ja Ismat Buxoriy 20,200100 Bukhara,Uzbekistan","phones":"","fax":"","email":"","url":"","countryIso2":"UZ","countryName":"Uzbekistan","hotelRating":"0","latitude":"39.7748","longitude":"64.4194","state_id":2541,"state_name":"Bukhara Region","country_id":236},{"active":false,"Giataid":"942832","cityId":129909,"cityName":"Bukhara","hotelId":20385185,"hotelName":"Mekhtar Ambarin","address":"Bahouddin Naqshband 100,Bukhara 200118,Uzbekistan","phones":"","fax":"","email":"","url":"","countryIso2":"UZ","countryName":"Uzbekistan","hotelRating":"0","latitude":"39.7748","longitude":"64.4194","state_id":2541,"state_name":"Bukhara Region","country_id":236},{"active":false,"Giataid":"914660","cityId":129923,"cityName":"Fergana","hotelId":20385194,"hotelName":"Sakura Inn","address":"Yuksalish Street 89,Fergana 150100,Uzbekistan","phones":"","fax":"","email":"","url":"","countryIso2":"UZ","countryName":"Uzbekistan","hotelRating":"0","latitude":"40.3729","longitude":"71.786","state_id":2538,"state_name":"Fergana Region","country_id":236},{"active":false,"Giataid":"884106","cityId":129961,"cityName":"Navoiy","hotelId":20385203,"hotelName":"Yurt Camp Aidar","address":"R-57 Taldy,Koshkuduk,Navoiy 140100,Uzbekistan","phones":"","fax":"","email":"","url":"","countryIso2":"UZ","countryName":"Uzbekistan","hotelRating":"0","latitude":"40.1518","longitude":"65.379","state_id":2542,"state_name":"Navoiy Region","country_id":236},{"active":false,"Giataid":"914985","cityId":129961,"cityName":"Navoiy","hotelId":20385204,"hotelName":"Garden House Mini Hotel","address":"Tarobiy 122?,Navoi 210100,Uzbekistan","phones":"+998792206037","fax":"","email":"darxon77@mail.ru","url":"http://gardenhousenavoi.uz","countryIso2":"UZ","countryName":"Uzbekistan","hotelRating":"0","latitude":"40.1518","longitude":"65.379","state_id":2542,"state_name":"Navoiy Region","country_id":236},{"active":false,"Giataid":"903416","cityId":129964,"cityName":"Nukus","hotelId":20385205,"hotelName":"Karakalpak Palace Hotel","address":"Prospekt Islam Karimov 114,Nukus 230100,Karakalpakstan,Uzbekistan","phones":"","fax":"","email":"","url":"","countryIso2":"UZ","countryName":"Uzbekistan","hotelRating":"0","latitude":"42.4675","longitude":"59.6102","state_id":2548,"state_name":"Karakalpakstan","country_id":236},{"active":false,"Giataid":"914602","cityId":129964,"cityName":"Nukus","hotelId":20385206,"hotelName":"Asem Hotel","address":"M. Nurmuhammedov Street 8,Nukus 230100,Uzbekistan","phones":"+998612261059","fax":"","email":"asem-hotel@mail.ru","url":"http://asem-hotel.uz","countryIso2":"UZ","countryName":"Uzbekistan","hotelRating":"0","latitude":"42.4675","longitude":"59.6102","state_id":2548,"state_name":"Karakalpakstan","country_id":236},{"active":false,"Giataid":"925729","cityId":129964,"cityName":"Nukus","hotelId":20385207,"hotelName":"Jipek Joli Inn","address":"Jipek Joli 4,Nukus 230103,Uzbekistan","phones":"","fax":"","email":"","url":"","countryIso2":"UZ","countryName":"Uzbekistan","hotelRating":"0","latitude":"42.4675","longitude":"59.6102","state_id":2548,"state_name":"Karakalpakstan","country_id":236},{"active":false,"Giataid":"863562","cityId":129995,"cityName":"Samarkand","hotelId":20385210,"hotelName":"B&B Bahodir","address":"Mulokandova Ulitsa 132,140100 Samarkand,Uzbekistan","phones":"","fax":"","email":"","url":"","countryIso2":"UZ","countryName":"Uzbekistan","hotelRating":"0","latitude":"39.6561","longitude":"66.9796","state_id":2544,"state_name":"Samarqand Region","country_id":236},{"active":false,"Giataid":"863567","cityId":129995,"cityName":"Samarkand","hotelId":20385211,"hotelName":"Diyor Hotel","address":"Tashkentskaya Street 43,140100 Samarkand,Uzbekistan","phones":"","fax":"","email":"diyorhotel@gmail.com","url":"https://hotel-diyor.business.site/","countryIso2":"UZ","countryName":"Uzbekistan","hotelRating":"0","latitude":"39.6564","longitude":"66.9784","state_id":2544,"state_name":"Samarqand Region","country_id":236},{"active":false,"Giataid":"863579","cityId":129995,"cityName":"Samarkand","hotelId":20385212,"hotelName":"Mini Inn Shakhname","address":"Orzu Makhmudov 57,140129 Samarkand,Uzbekistan","phones":"","fax":"","email":"","url":"","countryIso2":"UZ","countryName":"Uzbekistan","hotelRating":"0","latitude":"39.6551","longitude":"66.9595","state_id":2544,"state_name":"Samarqand Region","country_id":236},{"active":false,"Giataid":"863583","cityId":129995,"cityName":"Samarkand","hotelId":20385213,"hotelName":"Hotel Sarbon Samarkand","address":"Komil Ashurov Street 1/12,City centre,140105 Samarkand,Uzbekistan","phones":"","fax":"","email":"","url":"","countryIso2":"UZ","countryName":"Uzbekistan","hotelRating":"0","latitude":"39.6551","longitude":"66.9595","state_id":2544,"state_name":"Samarqand Region","country_id":236},{"active":false,"Giataid":"863590","cityId":129995,"cityName":"Samarkand","hotelId":20385214,"hotelName":"Muzaffar Hotel Samarkand","address":"Bukharskaya Street 139,140111 Samarkand,Uzbekistan","phones":"","fax":"","email":"","url":"","countryIso2":"UZ","countryName":"Uzbekistan","hotelRating":"0","latitude":"39.6551","longitude":"66.9595","state_id":2544,"state_name":"Samarqand Region","country_id":236},{"active":false,"Giataid":"883112","cityId":129995,"cityName":"Samarkand","hotelId":20385215,"hotelName":"Registon Zargaron","address":"Gallaobod Street 20,Samarkand,Uzbekistan","phones":"","fax":"","email":"","url":"","countryIso2":"UZ","countryName":"Uzbekistan","hotelRating":"0","latitude":"39.6551","longitude":"66.9595","state_id":2544,"state_name":"Samarqand Region","country_id":236},{"active":false,"Giataid":"897757","cityId":129995,"cityName":"Samarkand","hotelId":20385216,"hotelName":"Karvon Samarkand","address":"Pendjikent Street 17,Samarkand 140100,Uzbekistan","phones":"+9988662350101","fax":"","email":"","url":"http://karvon-samarkand.business.site","countryIso2":"UZ","countryName":"Uzbekistan","hotelRating":"0","latitude":"39.6551","longitude":"66.9595","state_id":2544,"state_name":"Samarqand Region","country_id":236},{"active":false,"Giataid":"903426","cityId":129995,"cityName":"Samarkand","hotelId":20385217,"hotelName":"Dilimah Premium Luxury Hotel","address":"Mirzo Ulugbek Street 79A,Samarkand 140103,Samarqand viloyati,Uzbekistan","phones":"","fax":"","email":"","url":"","countryIso2":"UZ","countryName":"Uzbekistan","hotelRating":"0","latitude":"39.6551","longitude":"66.9595","state_id":2544,"state_name":"Samarqand Region","country_id":236},{"active":false,"Giataid":"903439","cityId":129995,"cityName":"Samarkand","hotelId":20385218,"hotelName":"Diamond Plaza","address":"Dagbitskaya,Kumsoy 1,Samarkand 140100,Samarqand Viloyati,Uzbekistan","phones":"","fax":"","email":"","url":"","countryIso2":"UZ","countryName":"Uzbekistan","hotelRating":"0","latitude":"39.6551","longitude":"66.9595","state_id":2544,"state_name":"Samarqand Region","country_id":236},{"active":false,"Giataid":"914734","cityId":129995,"cityName":"Samarkand","hotelId":20385219,"hotelName":"Shahlo Hotel","address":"O'zbekiston Ko'chasi,Samarkand 140100,Uzbekistan","phones":"","fax":"","email":"","url":"","countryIso2":"UZ","countryName":"Uzbekistan","hotelRating":"0","latitude":"39.6551","longitude":"66.9595","state_id":2544,"state_name":"Samarqand Region","country_id":236},{"active":false,"Giataid":"914737","cityId":129995,"cityName":"Samarkand","hotelId":20385220,"hotelName":"Grand Silk Road Hotel","address":"Gagarina Street 47A,Samarkand 140100,Uzbekistan","phones":"+998662340265","fax":"","email":"","url":"http://grand-silk-road-hotel.business.site","countryIso2":"UZ","countryName":"Uzbekistan","hotelRating":"0","latitude":"39.6551","longitude":"66.9595","state_id":2544,"state_name":"Samarqand Region","country_id":236},{"active":false,"Giataid":"914955","cityId":129995,"cityName":"Samarkand","hotelId":20385221,"hotelName":"Global Star Hotel","address":"Termez Street 6,Samarkand 140100,Uzbekistan","phones":"","fax":"","email":"","url":"http://www.booking.com/hotel/uz/global-star-samarkand123.en-gb.html?aid=357026","countryIso2":"UZ","countryName":"Uzbekistan","hotelRating":"0","latitude":"39.6551","longitude":"66.9595","state_id":2544,"state_name":"Samarqand Region","country_id":236},{"active":false,"Giataid":"914965","cityId":129995,"cityName":"Samarkand","hotelId":20385222,"hotelName":"Boulevard Palace Hotel","address":"Ulitsa Orzu Mahmudova 22,Samarkand 140100,Uzbekistan","phones":"","fax":"","email":"","url":"","countryIso2":"UZ","countryName":"Uzbekistan","hotelRating":"0","latitude":"39.6551","longitude":"66.9595","state_id":2544,"state_name":"Samarqand Region","country_id":236},{"active":false,"Giataid":"914991","cityId":129995,"cityName":"Samarkand","hotelId":20385223,"hotelName":"Hotel Shahram Plus Sh","address":"Mullokandova 62,Samarkand 140100,Uzbekistan","phones":"","fax":"","email":"","url":"","countryIso2":"UZ","countryName":"Uzbekistan","hotelRating":"0","latitude":"39.6551","longitude":"66.9595","state_id":2544,"state_name":"Samarqand Region","country_id":236},{"active":false,"Giataid":"915893","cityId":129995,"cityName":"Samarkand","hotelId":20385224,"hotelName":"Hostel Your Home","address":"Street Kushaus House 2,Samarkand 100 140,Uzbekistan","phones":"","fax":"","email":"","url":"","countryIso2":"UZ","countryName":"Uzbekistan","hotelRating":"0","latitude":"39.6551","longitude":"66.9595","state_id":2544,"state_name":"Samarqand Region","country_id":236},{"active":false,"Giataid":"921823","cityId":129995,"cityName":"Samarkand","hotelId":20385225,"hotelName":"Margiana","address":"Dagbitskaya 91,Samarkand 140100,Uzbekistan","phones":"","fax":"","email":"","url":"","countryIso2":"UZ","countryName":"Uzbekistan","hotelRating":"0","latitude":"39.6551","longitude":"66.9595","state_id":2544,"state_name":"Samarqand Region","country_id":236},{"active":false,"Giataid":"925821","cityId":129995,"cityName":"Samarkand","hotelId":20385226,"hotelName":"Family And Friends","address":"Lolazor Street 70,Samarkand 140147,Uzbekistan","phones":"","fax":"","email":"","url":"","countryIso2":"UZ","countryName":"Uzbekistan","hotelRating":"0","latitude":"39.6551","longitude":"66.9595","state_id":2544,"state_name":"Samarqand Region","country_id":236},{"active":false,"Giataid":"925832","cityId":129995,"cityName":"Samarkand","hotelId":20385227,"hotelName":"Art Samarqand","address":"Gagarin Kuchasi 54,Samarkand 140103,Uzbekistan","phones":"","fax":"","email":"","url":"","countryIso2":"UZ","countryName":"Uzbekistan","hotelRating":"0","latitude":"39.6551","longitude":"66.9595","state_id":2544,"state_name":"Samarqand Region","country_id":236},{"active":false,"Giataid":"942864","cityId":129995,"cityName":"Samarkand","hotelId":20385228,"hotelName":"Al-Bukhoriy Boutique Hotel","address":"Imom Al-Bukhoriy Street 50,Samarkand 140100,Uzbekistan","phones":"","fax":"","email":"","url":"","countryIso2":"UZ","countryName":"Uzbekistan","hotelRating":"0","latitude":"39.6551","longitude":"66.9595","state_id":2544,"state_name":"Samarqand Region","country_id":236},{"active":false,"Giataid":"942970","cityId":129995,"cityName":"Samarkand","hotelId":20385229,"hotelName":"Hotel Anor","address":"Xuseyn Boyqaro Ko'chasi 35,Samarkand 140100,Uzbekistan","phones":"","fax":"","email":"","url":"","countryIso2":"UZ","countryName":"Uzbekistan","hotelRating":"0","latitude":"39.6551","longitude":"66.9595","state_id":2544,"state_name":"Samarqand Region","country_id":236},{"active":false,"Giataid":"984812","cityId":129909,"cityName":"Bukhara","hotelId":20422936,"hotelName":"Hotel Temur","address":"Uiltsa Dilkusho 56A,Bukhara 200 100,Uzbekistan","phones":"+998907452111","fax":"+998652248681","email":"info@timurhotel.uz","url":"http://timurhotel.uz/","countryIso2":"UZ","countryName":"Uzbekistan","hotelRating":"1","latitude":"39.7748","longitude":"64.4194","state_id":2541,"state_name":"Bukhara Region","country_id":236},{"active":false,"Giataid":"952368","cityId":129909,"cityName":"Bukhara","hotelId":20422937,"hotelName":"Hotel Otkirbek","address":"Levi Babaxanov 39,Bukhara 705000,Uzbekistan","phones":"","fax":"","email":"","url":"","countryIso2":"UZ","countryName":"Uzbekistan","hotelRating":"1","latitude":"39.7748","longitude":"64.4194","state_id":2541,"state_name":"Bukhara Region","country_id":236},{"active":false,"Giataid":"948710","cityId":129909,"cityName":"Bukhara","hotelId":20422938,"hotelName":"Mumtoz","address":"B Nakshband Street,Bukhara 200100,Uzbekistan","phones":"","fax":"","email":"","url":"","countryIso2":"UZ","countryName":"Uzbekistan","hotelRating":"1","latitude":"39.7748","longitude":"64.4194","state_id":2541,"state_name":"Bukhara Region","country_id":236},{"active":false,"Giataid":"946755","cityId":129995,"cityName":"Samarkand","hotelId":20422939,"hotelName":"Hotel Grand Samarkand Superior A","address":"Bahodir Yalangtush Street 31,Samarkand 140 100,Uzbekistan","phones":"","fax":"","email":"","url":"http://www.grand-samarkand.com/en/superior","countryIso2":"UZ","countryName":"Uzbekistan","hotelRating":"4","latitude":"39.6572","longitude":"66.9525","state_id":2544,"state_name":"Samarqand Region","country_id":236},{"active":false,"Giataid":"984838","cityId":129909,"cityName":"Bukhara","hotelId":20422941,"hotelName":"Bahrain Guest House","address":"Proyezd Chorbaxossa 1,Bukhara 200 101,Uzbekistan","phones":"","fax":"","email":"","url":"","countryIso2":"UZ","countryName":"Uzbekistan","hotelRating":"1","latitude":"39.7748","longitude":"64.4194","state_id":2541,"state_name":"Bukhara Region","country_id":236},{"active":false,"Giataid":"952362","cityId":129995,"cityName":"Samarkand","hotelId":20422942,"hotelName":"Hotel Abdu-Bahodir 2","address":"1 Bukharskaya Street 7,Samarkand 140100,Uzbekistan","phones":"","fax":"","email":"","url":"","countryIso2":"UZ","countryName":"Uzbekistan","hotelRating":"1","latitude":"39.6561","longitude":"66.9819","state_id":2544,"state_name":"Samarqand Region","country_id":236},{"active":false,"Giataid":"976024","cityId":129909,"cityName":"Bukhara","hotelId":20422944,"hotelName":"Hotel Abu Shakheen","address":"Bakhowuddin Nakshband Street 48,Bukhara 705000,Uzbekistan","phones":"","fax":"","email":"","url":"","countryIso2":"UZ","countryName":"Uzbekistan","hotelRating":"1","latitude":"39.7748","longitude":"64.4194","state_id":2541,"state_name":"Bukhara Region","country_id":236},{"active":false,"Giataid":"948765","cityId":129964,"cityName":"Nukus","hotelId":20422945,"hotelName":"Hotel Nukus","address":"Ulitsa Karakalpakstan,Nukus 230100,Uzbekistan","phones":"","fax":"","email":"","url":"","countryIso2":"UZ","countryName":"Uzbekistan","hotelRating":"1","latitude":"42.4675","longitude":"59.6102","state_id":2548,"state_name":"Karakalpakstan","country_id":236},{"active":false,"Giataid":"984795","cityId":129995,"cityName":"Samarkand","hotelId":20422950,"hotelName":"Raykhan Hotel","address":"Gagarin Street 49,Samarkand 140 100,Uzbekistan","phones":"","fax":"","email":"","url":"","countryIso2":"UZ","countryName":"Uzbekistan","hotelRating":"1","latitude":"39.6551","longitude":"66.9595","state_id":2544,"state_name":"Samarqand Region","country_id":236},{"active":false,"Giataid":"966451","cityId":129909,"cityName":"Bukhara","hotelId":20422952,"hotelName":"Rumi Mini-Hotel & Hostel","address":"Darvozai Sallohhona 19,Buxoro 200100,Uzbekistan","phones":"+998652210621","fax":"","email":"","url":"https://hotel-rumi.business.site/","countryIso2":"UZ","countryName":"Uzbekistan","hotelRating":"1","latitude":"39.7702","longitude":"64.422","state_id":2541,"state_name":"Bukhara Region","country_id":236},{"active":false,"Giataid":"952367","cityId":129909,"cityName":"Bukhara","hotelId":20422955,"hotelName":"Hotel Nazira","address":"Namozgoh Street 93,Bukhara 200118,Uzbekistan","phones":"","fax":"","email":"","url":"","countryIso2":"UZ","countryName":"Uzbekistan","hotelRating":"1","latitude":"39.7748","longitude":"64.4194","state_id":2541,"state_name":"Bukhara Region","country_id":236},{"active":false,"Giataid":"948727","cityId":129909,"cityName":"Bukhara","hotelId":20422956,"hotelName":"Yulduz","address":"Ulitsa Eshoni Pir 3,Bukhara 200100,Uzbekistan","phones":"","fax":"","email":"","url":"","countryIso2":"UZ","countryName":"Uzbekistan","hotelRating":"1","latitude":"39.7748","longitude":"64.4194","state_id":2541,"state_name":"Bukhara Region","country_id":236},{"active":false,"Giataid":"984843","cityId":129995,"cityName":"Samarkand","hotelId":20422961,"hotelName":"Hostel Fenix House","address":"Olimlar Street 87,Samarkand 140 100,Uzbekistan","phones":"","fax":"","email":"","url":"","countryIso2":"UZ","countryName":"Uzbekistan","hotelRating":"1","latitude":"39.6551","longitude":"66.9595","state_id":2544,"state_name":"Samarqand Region","country_id":236}]