[{"active":false,"Giataid":"34184","cityId":null,"cityName":"Toshkent","hotelId":34184,"hotelName":"Hilton Tashkent","address":"Amir Temur Street 107A,Tashkent 100084,Uzbekistan","phones":"+998711207000","fax":"+998711206459","email":"Tasha.Hotel@ihg.com","url":"http://www.ichotelsgroup.com/intercontinental/en/gb/locations/tashkent","countryIso2":"UZ","countryName":"Uzbekistan","hotelRating":"5","latitude":"41.3376","longitude":"69.2835","state_id":null,"state_name":null,"country_id":null},{"active":false,"Giataid":"34186","cityId":null,"cityName":"Toshkent","hotelId":34186,"hotelName":"Orzu","address":"Makhmud Tarobi Street 27,Tashkent,Uzbekistan","phones":"+998711208877","fax":"+998711208876","email":"info@grandorzu.com","url":"http://www.orzu-hotels.com/grand-orzu/index.htm","countryIso2":"UZ","countryName":"Uzbekistan","hotelRating":"3","latitude":"41.2843","longitude":"69.2575","state_id":null,"state_name":null,"country_id":null},{"active":false,"Giataid":"34187","cityId":null,"cityName":"Toshkent","hotelId":34187,"hotelName":"City Palace Hotel","address":"Amir Temur Street 15,100000 Tashkent,Uzbekistan","phones":"+998712383000","fax":"+998711208904","email":"info@markaziyhotel.com","url":"http://en.markaziyhotel.com/","countryIso2":"UZ","countryName":"Uzbekistan","hotelRating":"4","latitude":"41.3163","longitude":"69.2798","state_id":null,"state_name":null,"country_id":null},{"active":false,"Giataid":"34188","cityId":null,"cityName":"Toshkent","hotelId":34188,"hotelName":"Shodlik Palace","address":"5 Pakhtakor street,Tashkent 100011,Uzbekistan","phones":"+998711207292","fax":"","email":"","url":"","countryIso2":"UZ","countryName":"Uzbekistan","hotelRating":"4","latitude":"41.3103","longitude":"69.3001","state_id":null,"state_name":null,"country_id":null},{"active":false,"Giataid":"34189","cityId":null,"cityName":"Toshkent","hotelId":34189,"hotelName":"Uzbekistan Hotel","address":"Musakhanov Street 45,700047 Tashkent,Uzbekistan","phones":"+998711131111","fax":"+998711131090","email":"marketing@uzbekistanhotel.uz","url":"http://www.hoteluzbekistan.uz/","countryIso2":"UZ","countryName":"Uzbekistan","hotelRating":"4","latitude":"41.3114","longitude":"69.2827","state_id":null,"state_name":null,"country_id":null},{"active":false,"Giataid":"34192","cityId":null,"cityName":"Chiwa/Khiva","hotelId":34192,"hotelName":"Lolita","address":"","phones":"","fax":"","email":"","url":"","countryIso2":"UZ","countryName":"Uzbekistan","hotelRating":"2","latitude":"41.378","longitude":"60.3574","state_id":null,"state_name":null,"country_id":null},{"active":false,"Giataid":"187885","cityId":null,"cityName":"Toshkent","hotelId":187885,"hotelName":"Asia Tashkent","address":"Usman Nasirov Street 111,Tashkent 100059,Uzbekistan","phones":"+998712509680","fax":"","email":"","url":"","countryIso2":"UZ","countryName":"Uzbekistan","hotelRating":"3","latitude":"41.2629","longitude":"69.2286","state_id":null,"state_name":null,"country_id":null},{"active":false,"Giataid":"187969","cityId":null,"cityName":"Toshkent","hotelId":187969,"hotelName":"Raddus Jss","address":"Suleymanova Street 39/41,Tashkent 100125,Uzbekistan","phones":"","fax":"","email":"","url":"","countryIso2":"UZ","countryName":"Uzbekistan","hotelRating":"3","latitude":"41.29","longitude":"69.2654","state_id":null,"state_name":null,"country_id":null},{"active":false,"Giataid":"232551","cityId":null,"cityName":"Toshkent","hotelId":232551,"hotelName":"Ramada Tashkent","address":"Abdulla Kodiriy Street 1,Tashkent 100128,Uzbekistan","phones":"+998711406000","fax":"+998901406030","email":"info@theparkturon.com","url":"http://www.theparkturon.com/index.php","countryIso2":"UZ","countryName":"Uzbekistan","hotelRating":"4","latitude":"41.3244","longitude":"69.264","state_id":null,"state_name":null,"country_id":null},{"active":false,"Giataid":"238603","cityId":null,"cityName":"Toshkent","hotelId":238603,"hotelName":"Le Grande Plaza","address":"2 Uzbekiston Ovozi Stra?e,100047 Taschkent,Uzbekistan","phones":"","fax":"","email":"","url":"http://www.tashkent-hotels.com/legrandeplaza/index.htm","countryIso2":"UZ","countryName":"Uzbekistan","hotelRating":"4","latitude":"41.3113","longitude":"69.286","state_id":null,"state_name":null,"country_id":null},{"active":false,"Giataid":"322768","cityId":null,"cityName":"Toshkent","hotelId":322768,"hotelName":"Malika","address":"Chupon-Ata Street 53A,Tashkent 700113,Uzbekistan","phones":"+998712730203","fax":"","email":"","url":"","countryIso2":"UZ","countryName":"Uzbekistan","hotelRating":"3","latitude":"41.2907","longitude":"69.2007","state_id":null,"state_name":null,"country_id":null},{"active":false,"Giataid":"368859","cityId":null,"cityName":"Toshkent","hotelId":368859,"hotelName":"Miran International Hotel","address":"Shakhrisabz Passage 4,Tashkent 100600,Mirabad district,Uzbekistan","phones":"+998712323000","fax":"","email":"","url":"","countryIso2":"UZ","countryName":"Uzbekistan","hotelRating":"5","latitude":"41.3038","longitude":"69.2838","state_id":null,"state_name":null,"country_id":null},{"active":false,"Giataid":"380552","cityId":null,"cityName":"Toshkent","hotelId":380552,"hotelName":"Best Eastern Bumi Hotel","address":"","phones":"","fax":"","email":"","url":"","countryIso2":"UZ","countryName":"Uzbekistan","hotelRating":"1","latitude":"41.3095","longitude":"69.275","state_id":null,"state_name":null,"country_id":null},{"active":false,"Giataid":"391334","cityId":null,"cityName":"Chiwa/Khiva","hotelId":391334,"hotelName":"Hayat Inn","address":"NULL","phones":"","fax":"","email":"","url":"","countryIso2":"UZ","countryName":"Uzbekistan","hotelRating":"3","latitude":"41.3784","longitude":"60.3589","state_id":null,"state_name":null,"country_id":null},{"active":false,"Giataid":"410854","cityId":null,"cityName":"Toshkent","hotelId":410854,"hotelName":"Samir Hotel","address":"Rakatboshi 73,100031 Tashkent,Uzbekistan","phones":"+998712156838","fax":"+998712156818","email":"info.samir@mail.ru","url":"http://samirhotel.uz/","countryIso2":"UZ","countryName":"Uzbekistan","hotelRating":"3","latitude":"41.3002","longitude":"69.2562","state_id":null,"state_name":null,"country_id":null},{"active":false,"Giataid":"410853","cityId":null,"cityName":"Toshkent","hotelId":410853,"hotelName":"Grand Tashkent Hotel","address":"Abdulla Kahhara-6 No. 57,Tashkent,Uzbekistan","phones":"+998712550599","fax":"+998712550599","email":"hotel_grand_tashkent@yahoo.com","url":"http://www.grand-tashkent.com/","countryIso2":"UZ","countryName":"Uzbekistan","hotelRating":"3","latitude":"41.2819","longitude":"69.2632","state_id":null,"state_name":null,"country_id":null},{"active":false,"Giataid":"423744","cityId":null,"cityName":"Toshkent","hotelId":423744,"hotelName":"Hotel Ichan Qala","address":"Tafakkur 68,Yusuf Khos Khojib,Tashkent 100070,Uzbekistan","phones":"+998712319898","fax":"+998712311551","email":"reservation@ichanqala.uz","url":"http://www.ichanqala.uz","countryIso2":"UZ","countryName":"Uzbekistan","hotelRating":"5","latitude":"41.2925","longitude":"69.2577","state_id":null,"state_name":null,"country_id":null},{"active":false,"Giataid":"423745","cityId":null,"cityName":"Toshkent","hotelId":423745,"hotelName":"Rovshan Tashkent Hotel","address":"Mirabad Street 118,Tashkent 100015,Uzbekistan","phones":"+998711503020","fax":"+998711207747","email":"","url":"http://www.rovshan-tashkent.com","countryIso2":"UZ","countryName":"Uzbekistan","hotelRating":"3","latitude":"41.2893","longitude":"69.2687","state_id":null,"state_name":null,"country_id":null},{"active":false,"Giataid":"424734","cityId":null,"cityName":"Toshkent","hotelId":424734,"hotelName":"Hotel Bek","address":"Yusuf Hos Hojib 64A,Tashkent 100071,Uzbekistan","phones":"+998712155888","fax":"+998712155888","email":"","url":"http://www.bek-hotel.uz","countryIso2":"UZ","countryName":"Uzbekistan","hotelRating":"4","latitude":"41.2953","longitude":"69.2551","state_id":null,"state_name":null,"country_id":null},{"active":false,"Giataid":"424735","cityId":null,"cityName":"Kokand","hotelId":424735,"hotelName":"Dangara Hotel","address":"Tashkent Street 70,Kokand 150500,Uzbekistan","phones":"","fax":"","email":"","url":"","countryIso2":"UZ","countryName":"Uzbekistan","hotelRating":"4","latitude":"40.5769","longitude":"70.9152","state_id":null,"state_name":null,"country_id":null},{"active":false,"Giataid":"430850","cityId":null,"cityName":"Toshkent","hotelId":430850,"hotelName":"Grand Nur","address":"Guruch Arik street 83,Taschkent 100069,Uzbekistan","phones":"+998712300072","fax":"+998712300075","email":"info@grandnur.uz","url":"http://grandnur.uz/","countryIso2":"UZ","countryName":"Uzbekistan","hotelRating":"3","latitude":"41.3485","longitude":"69.2378","state_id":null,"state_name":null,"country_id":null},{"active":false,"Giataid":"480930","cityId":null,"cityName":"Toshkent","hotelId":480930,"hotelName":"Mekhnat","address":"Chilanzar 2 15 B,Tashkent,Uzbekistan","phones":"+998712779652","fax":"+998712779762","email":"","url":"http://mekhnat.com","countryIso2":"UZ","countryName":"Uzbekistan","hotelRating":"2","latitude":"41.2801","longitude":"69.2242","state_id":null,"state_name":null,"country_id":null},{"active":false,"Giataid":"480935","cityId":null,"cityName":"Toshkent","hotelId":480935,"hotelName":"Hosilot","address":"","phones":"","fax":"","email":"","url":"","countryIso2":"UZ","countryName":"Uzbekistan","hotelRating":"1","latitude":"41.3095","longitude":"69.275","state_id":null,"state_name":null,"country_id":null},{"active":false,"Giataid":"481486","cityId":null,"cityName":"Toshkent","hotelId":481486,"hotelName":"Miracle","address":"Mirzo Ulugbek Street 1,Tashkent 100007,Uzbekistan","phones":"","fax":"","email":"","url":"","countryIso2":"UZ","countryName":"Uzbekistan","hotelRating":"2","latitude":"41.3128","longitude":"69.3134","state_id":null,"state_name":null,"country_id":null},{"active":false,"Giataid":"482617","cityId":null,"cityName":"Toshkent","hotelId":482617,"hotelName":"Boutique Hotel Green House","address":"Yunusobod,Block 19,Dehkanabad Street 23,Tashkent 100114,Uzbekistan","phones":"","fax":"","email":"","url":"","countryIso2":"UZ","countryName":"Uzbekistan","hotelRating":"1","latitude":"41.3767","longitude":"69.3137","state_id":null,"state_name":null,"country_id":null},{"active":false,"Giataid":"483181","cityId":null,"cityName":"Toshkent","hotelId":483181,"hotelName":"Hotel Boutique Tashkent","address":"Ivliev Street 110,100025 Tashkent,Uzbekistan","phones":"","fax":"","email":"","url":"","countryIso2":"UZ","countryName":"Uzbekistan","hotelRating":"3","latitude":"41.2859","longitude":"69.2662","state_id":null,"state_name":null,"country_id":null},{"active":false,"Giataid":"484259","cityId":null,"cityName":"Toshkent","hotelId":484259,"hotelName":"Park Hotel & Baht","address":"Ahangarskoe Shosse,100040 Tashkent,Uzbekistan","phones":"","fax":"","email":"","url":"","countryIso2":"UZ","countryName":"Uzbekistan","hotelRating":"1","latitude":"41.269","longitude":"69.3725","state_id":null,"state_name":null,"country_id":null},{"active":false,"Giataid":"484510","cityId":null,"cityName":"Yusufkhona","hotelId":484510,"hotelName":"Charos Deluxe Resort & Spa","address":"Charvak,Yusufkhona 110723,Uzbekistan","phones":"+998951953939","fax":"","email":"info@charos.uz","url":"http://www.charos.uz/","countryIso2":"UZ","countryName":"Uzbekistan","hotelRating":"1","latitude":"41.6223","longitude":"70.0454","state_id":null,"state_name":null,"country_id":null},{"active":false,"Giataid":"484619","cityId":null,"cityName":"Toshkent","hotelId":484619,"hotelName":"Tashkent Atlas Hotel","address":"","phones":"","fax":"","email":"","url":"","countryIso2":"UZ","countryName":"Uzbekistan","hotelRating":"1","latitude":"41.2868","longitude":"69.263","state_id":null,"state_name":null,"country_id":null},{"active":false,"Giataid":"485187","cityId":null,"cityName":"Toshkent","hotelId":485187,"hotelName":"Grand Atlas Hotel","address":"Domrobod Street 182,Tashkent 100081,Uzbekistan","phones":"+998712790660","fax":"","email":"grandatlas@inbox.ru","url":"http://grandatlas.uz/","countryIso2":"UZ","countryName":"Uzbekistan","hotelRating":"4","latitude":"41.2636","longitude":"69.207","state_id":null,"state_name":null,"country_id":null},{"active":false,"Giataid":"486404","cityId":null,"cityName":"Toshkent","hotelId":486404,"hotelName":"Hotel Ideal","address":"Street Kichik Beshyogoch 96,100025 Tashkent,Uzbekistan","phones":"+998712541729","fax":"+998712547077","email":"hotel-ideal@mail.ru","url":"http://hotel-ideal.uz/","countryIso2":"UZ","countryName":"Uzbekistan","hotelRating":"2","latitude":"41.2826","longitude":"69.267","state_id":null,"state_name":null,"country_id":null},{"active":false,"Giataid":"486469","cityId":null,"cityName":"Andijan","hotelId":486469,"hotelName":"Bogishamol Hotel","address":"Milliy Tiklanish street 38-A,170100 Andijan,Uzbekistan","phones":"","fax":"","email":"","url":"","countryIso2":"UZ","countryName":"Uzbekistan","hotelRating":"1","latitude":"40.7665","longitude":"72.358","state_id":null,"state_name":null,"country_id":null},{"active":false,"Giataid":"486472","cityId":null,"cityName":"Toshkent","hotelId":486472,"hotelName":"Gloria Hotel","address":"Mirabad Street 27/12,100015 Tashkent,Uzbekistan","phones":"+998712317080","fax":"+998712317676","email":"info@gloriahotel.uz","url":"http://www.gloriahotel.uz/","countryIso2":"UZ","countryName":"Uzbekistan","hotelRating":"4","latitude":"41.2962","longitude":"69.2698","state_id":null,"state_name":null,"country_id":null},{"active":false,"Giataid":"486475","cityId":null,"cityName":"Toshkent","hotelId":486475,"hotelName":"GT Hotel","address":"A Kahhar Street 6-53,100025 Tashkent,Uzbekistan","phones":"","fax":"","email":"","url":"","countryIso2":"UZ","countryName":"Uzbekistan","hotelRating":"1","latitude":"41.2821","longitude":"69.2635","state_id":null,"state_name":null,"country_id":null},{"active":false,"Giataid":"486705","cityId":null,"cityName":"Toshkent","hotelId":486705,"hotelName":"ComfortUz Hotel","address":"Moyqurgon Street 6,2nd Floor,Tashkent 100093,Uzbekistan","phones":"","fax":"","email":"","url":"","countryIso2":"UZ","countryName":"Uzbekistan","hotelRating":"1","latitude":"41.3677","longitude":"69.2701","state_id":null,"state_name":null,"country_id":null},{"active":false,"Giataid":"487434","cityId":null,"cityName":"Kokand","hotelId":487434,"hotelName":"Istiqlol Hotel","address":"Istiqlol Narrow Street 1,150 700 Kokand,Uzbekistan","phones":"","fax":"","email":"","url":"","countryIso2":"UZ","countryName":"Uzbekistan","hotelRating":"1","latitude":"40.5364","longitude":"70.9331","state_id":null,"state_name":null,"country_id":null},{"active":false,"Giataid":"545943","cityId":null,"cityName":"Toshkent","hotelId":545943,"hotelName":"Sharq Hotel","address":"Rakatboshi Street 3A,100031 Tashkent,Uzbekistan","phones":"+998711400820","fax":"+998712568985","email":"info@sharqhotel.uz","url":"http://hotelsharq.uz/","countryIso2":"UZ","countryName":"Uzbekistan","hotelRating":"3","latitude":"41.3046","longitude":"69.2614","state_id":null,"state_name":null,"country_id":null},{"active":false,"Giataid":"545953","cityId":null,"cityName":"Toshkent","hotelId":545953,"hotelName":"Pearl Tashkent Hotel","address":"Shivli 51,Tashkent 100 084,Uzbekistan","phones":"","fax":"","email":"","url":"","countryIso2":"UZ","countryName":"Uzbekistan","hotelRating":"3","latitude":"41.3356","longitude":"69.2922","state_id":null,"state_name":null,"country_id":null},{"active":false,"Giataid":"625266","cityId":null,"cityName":"Toshkent","hotelId":625266,"hotelName":"Hyatt Regency Tashkent","address":"Navoi Street 1A,Tashkent,Uzbekistan","phones":"+998712071234","fax":"","email":"","url":"https://tashkent.regency.hyatt.com/en/hotel/home.html","countryIso2":"UZ","countryName":"Uzbekistan","hotelRating":"5","latitude":"41.3169","longitude":"69.2777","state_id":null,"state_name":null,"country_id":null},{"active":false,"Giataid":"632801","cityId":null,"cityName":"Kokand","hotelId":632801,"hotelName":"Hotel Kokand","address":"Imam Buhari Street 1,Kokand,Uzbekistan","phones":"","fax":"","email":"","url":"","countryIso2":"UZ","countryName":"Uzbekistan","hotelRating":"1","latitude":"40.5362","longitude":"70.93","state_id":null,"state_name":null,"country_id":null},{"active":false,"Giataid":"632806","cityId":null,"cityName":"Toshkent","hotelId":632806,"hotelName":"Crown Hotel","address":"Kichik Beshyog'och 42,Tashkent 100070,Uzbekistan","phones":"+998712156622","fax":"+998712815588","email":"","url":"","countryIso2":"UZ","countryName":"Uzbekistan","hotelRating":"3","latitude":"41.2871","longitude":"69.2621","state_id":null,"state_name":null,"country_id":null},{"active":false,"Giataid":"646393","cityId":null,"cityName":"Toshkent","hotelId":646393,"hotelName":"Grand Ist Hotel","address":"Mirabadskaya 1/28,Yakasarayskiy d-ct.,Taschkent 100015,Usbekistan,Uzbekistan","phones":"","fax":"","email":"","url":"","countryIso2":"UZ","countryName":"Uzbekistan","hotelRating":"1","latitude":"41.282","longitude":"69.2632","state_id":null,"state_name":null,"country_id":null},{"active":false,"Giataid":"688891","cityId":null,"cityName":"Toshkent","hotelId":688891,"hotelName":"Star Hotel Tashkent","address":"Sultonali Mashxadiy 100,100007 Tashkent,Uzbekistan","phones":"","fax":"","email":"","url":"","countryIso2":"UZ","countryName":"Uzbekistan","hotelRating":"3","latitude":"41.3112","longitude":"69.3179","state_id":null,"state_name":null,"country_id":null},{"active":false,"Giataid":"688934","cityId":null,"cityName":"Toshkent","hotelId":688934,"hotelName":"Grand Art","address":"Kichik Mirabad Street 11,2nd Driveway,Tashkent 100015,Uzbekistan","phones":"","fax":"","email":"","url":"","countryIso2":"UZ","countryName":"Uzbekistan","hotelRating":"3","latitude":"41.2864","longitude":"69.2689","state_id":null,"state_name":null,"country_id":null},{"active":false,"Giataid":"723657","cityId":null,"cityName":"Toshkent","hotelId":723657,"hotelName":"Art Hostel","address":"Zanzhirbog Street 3,Tashkent 100031,Uzbekistan","phones":"+998712526134","fax":"","email":"info.arthostel@mail.ru","url":"https://arthosteltashkent.wordpress.com","countryIso2":"UZ","countryName":"Uzbekistan","hotelRating":"2","latitude":"41.2987","longitude":"69.2625","state_id":null,"state_name":null,"country_id":null},{"active":false,"Giataid":"723675","cityId":null,"cityName":"Toshkent","hotelId":723675,"hotelName":"Art Hotel","address":"Street Rakatboshi 86,Yakkasaroy district,Tashkent 100116,Uzbekistan","phones":"","fax":"","email":"","url":"","countryIso2":"UZ","countryName":"Uzbekistan","hotelRating":"2","latitude":"41.2966","longitude":"69.2565","state_id":null,"state_name":null,"country_id":null},{"active":false,"Giataid":"723988","cityId":null,"cityName":"Toshkent","hotelId":723988,"hotelName":"Anvars Guests","address":"Vosit Vakhidov Street 26/2,Tashkent 100031,Uzbekistan","phones":"","fax":"","email":"","url":"","countryIso2":"UZ","countryName":"Uzbekistan","hotelRating":"2","latitude":"41.3012","longitude":"69.2576","state_id":null,"state_name":null,"country_id":null},{"active":false,"Giataid":"724063","cityId":null,"cityName":"Toshkent","hotelId":724063,"hotelName":"Sayyoh Hotel","address":"4/1 Al Khorazmiy,Tashkent 100002,Uzbekistan","phones":"","fax":"","email":"","url":"","countryIso2":"UZ","countryName":"Uzbekistan","hotelRating":"3","latitude":"41.2756","longitude":"69.1954","state_id":null,"state_name":null,"country_id":null},{"active":false,"Giataid":"724227","cityId":null,"cityName":"Toshkent","hotelId":724227,"hotelName":"Royal Residence","address":"Abdulla Kodiriy C5 81A,Tashkent 100017,Uzbekistan","phones":"","fax":"","email":"","url":"","countryIso2":"UZ","countryName":"Uzbekistan","hotelRating":"5","latitude":"41.3095","longitude":"69.275","state_id":null,"state_name":null,"country_id":null},{"active":false,"Giataid":"724423","cityId":null,"cityName":"Toshkent","hotelId":724423,"hotelName":"Aster Hotel Group","address":"Minglar Street 35,Yakkasaray District,Tashkent 100015,Uzbekistan","phones":"+998712557898","fax":"+998712558997","email":"reservation@asterhotelgroup.com","url":"http://www.asterhotelgroup.com/","countryIso2":"UZ","countryName":"Uzbekistan","hotelRating":"3","latitude":"41.2913","longitude":"69.2661","state_id":null,"state_name":null,"country_id":null},{"active":false,"Giataid":"725937","cityId":null,"cityName":"Toshkent","hotelId":725937,"hotelName":"Provence Hotel Tashkent","address":"Mansur Tolibjonov Street 24,Tashkent 100100,Uzbekistan","phones":"","fax":"","email":"","url":"","countryIso2":"UZ","countryName":"Uzbekistan","hotelRating":"1","latitude":"41.283","longitude":"69.2428","state_id":null,"state_name":null,"country_id":null},{"active":false,"Giataid":"733541","cityId":null,"cityName":"Andijan","hotelId":733541,"hotelName":"Vella Elegant Hotel","address":"Boburshox Kochasi 40g,Andijon Viloyati,Andijon Shahar,Uzbekistan","phones":"+998952028558","fax":"","email":"vellaelegant@mail.ru","url":"http://vellaelegant.uz","countryIso2":"UZ","countryName":"Uzbekistan","hotelRating":"3","latitude":"40.7665","longitude":"72.3521","state_id":null,"state_name":null,"country_id":null},{"active":false,"Giataid":"737601","cityId":null,"cityName":"Toshkent","hotelId":737601,"hotelName":"Art Palace","address":"Nakoshlik House 1,Chilanzar,Tashkent 100000,Uzbekistan","phones":"+998712553119","fax":"","email":"khusan1@mail.ru","url":"http://www.grandarthotels.uz/art/index.php/en/19-english-en/hotels/38-hostel-art-palace","countryIso2":"UZ","countryName":"Uzbekistan","hotelRating":"5","latitude":"41.3095","longitude":"69.275","state_id":null,"state_name":null,"country_id":null},{"active":false,"Giataid":"748519","cityId":null,"cityName":"Toshkent","hotelId":748519,"hotelName":"Topchan Hostel","address":"104 8-Marta Street,Tashkent,Uzbekistan","phones":"+998903199998","fax":"","email":"knock-knock@topchan-hostel.com","url":"http://topchan-hostel.com/","countryIso2":"UZ","countryName":"Uzbekistan","hotelRating":"1","latitude":"41.281","longitude":"69.295","state_id":null,"state_name":null,"country_id":null},{"active":false,"Giataid":"804264","cityId":null,"cityName":"Toshkent","hotelId":804264,"hotelName":"Sofiya Tashkent Hotel","address":"Oltintepa Street 22,Tashkent 100007,Uzbekistan","phones":"","fax":"","email":"","url":"","countryIso2":"UZ","countryName":"Uzbekistan","hotelRating":"1","latitude":"41.3095","longitude":"69.275","state_id":null,"state_name":null,"country_id":null},{"active":false,"Giataid":"804281","cityId":null,"cityName":"Chiwa/Khiva","hotelId":804281,"hotelName":"B&B Zafarbek","address":"Tashpolatova Street 28,Khiva 220900,Uzbekistan","phones":"","fax":"","email":"","url":"","countryIso2":"UZ","countryName":"Uzbekistan","hotelRating":"1","latitude":"41.3803","longitude":"60.3625","state_id":null,"state_name":null,"country_id":null},{"active":false,"Giataid":"804294","cityId":null,"cityName":"Toshkent","hotelId":804294,"hotelName":"City Line Boutique Hotel","address":"Babur Street 77,Tashkent 100000,Uzbekistan","phones":"+998711471111","fax":"","email":"info@cityline.uz","url":"http://cityline.uz","countryIso2":"UZ","countryName":"Uzbekistan","hotelRating":"1","latitude":"41.271","longitude":"69.2609","state_id":null,"state_name":null,"country_id":null},{"active":false,"Giataid":"804321","cityId":null,"cityName":"Chiwa/Khiva","hotelId":804321,"hotelName":"Kuvonchoy Bonu","address":"Street Toshpolatov 50,Khiva 220800,Uzbekistan","phones":"","fax":"","email":"","url":"","countryIso2":"UZ","countryName":"Uzbekistan","hotelRating":"1","latitude":"41.378","longitude":"60.3574","state_id":null,"state_name":null,"country_id":null},{"active":false,"Giataid":"804337","cityId":null,"cityName":"Toshkent","hotelId":804337,"hotelName":"Safar Hotel","address":"ul. Konstitutsiya 51,Tashkent 100070,Uzbekistan","phones":"","fax":"","email":"","url":"","countryIso2":"UZ","countryName":"Uzbekistan","hotelRating":"1","latitude":"41.3095","longitude":"69.275","state_id":null,"state_name":null,"country_id":null},{"active":false,"Giataid":"804349","cityId":null,"cityName":"Toshkent","hotelId":804349,"hotelName":"Rakat Plaza","address":"Muqimiy 40,Tashkent 100 100,Uzbekistan","phones":"","fax":"","email":"","url":"","countryIso2":"UZ","countryName":"Uzbekistan","hotelRating":"1","latitude":"41.3095","longitude":"69.275","state_id":null,"state_name":null,"country_id":null},{"active":false,"Giataid":"804408","cityId":null,"cityName":"Toshkent","hotelId":804408,"hotelName":"Lake Park","address":"Baynalmilal Street 7,Tashkent 100043,Chilonzor District,Uzbekistan","phones":"+998712455927","fax":"","email":"","url":"http://lakeparkhotel.uz","countryIso2":"UZ","countryName":"Uzbekistan","hotelRating":"1","latitude":"41.3095","longitude":"69.275","state_id":null,"state_name":null,"country_id":null},{"active":false,"Giataid":"806738","cityId":null,"cityName":"Chiwa/Khiva","hotelId":806738,"hotelName":"Hostel Laliopa","address":"Obvodnaya,Khiva 220900,Uzbekistan","phones":"","fax":"","email":"","url":"","countryIso2":"UZ","countryName":"Uzbekistan","hotelRating":"1","latitude":"41.3948","longitude":"60.3562","state_id":null,"state_name":null,"country_id":null},{"active":false,"Giataid":"807689","cityId":null,"cityName":"Chiwa/Khiva","hotelId":807689,"hotelName":"Mirza Boshi Hostel","address":"Tashpulatov Street 121,Khiva 220900,Khorezm Region,Uzbekistan","phones":"","fax":"","email":"","url":"","countryIso2":"UZ","countryName":"Uzbekistan","hotelRating":"1","latitude":"41.378","longitude":"60.3588","state_id":null,"state_name":null,"country_id":null},{"active":false,"Giataid":"807741","cityId":null,"cityName":"Andijan","hotelId":807741,"hotelName":"Hamkor Hotel","address":"Babur Street 53,Andijan 170119,Uzbekistan","phones":"","fax":"","email":"","url":"","countryIso2":"UZ","countryName":"Uzbekistan","hotelRating":"1","latitude":"40.7665","longitude":"72.3521","state_id":null,"state_name":null,"country_id":null},{"active":false,"Giataid":"811520","cityId":null,"cityName":"Toshkent","hotelId":811520,"hotelName":"Hotel Hon Saroy","address":"Nowruz Street 3,Zangiota Area,Deadend 9,Uzgarish,Tashkent 111802,Uzbekistan","phones":"","fax":"","email":"","url":"","countryIso2":"UZ","countryName":"Uzbekistan","hotelRating":"1","latitude":"41.2422","longitude":"69.2129","state_id":null,"state_name":null,"country_id":null},{"active":false,"Giataid":"811715","cityId":null,"cityName":"Toshkent","hotelId":811715,"hotelName":"Eco Hotel","address":"Etti-Chinor 63,Unusabad District 6,Tashkent 100190,Uzbekistan","phones":"","fax":"","email":"atlas-invest@bk.ru","url":"http://ecohotel.uz/","countryIso2":"UZ","countryName":"Uzbekistan","hotelRating":"1","latitude":"41.3095","longitude":"69.275","state_id":null,"state_name":null,"country_id":null},{"active":false,"Giataid":"812540","cityId":null,"cityName":"Chiwa/Khiva","hotelId":812540,"hotelName":"Qibla Tozabog","address":"Tozabog Neighborhood,Hivinskii Rayon,Shamahulum,Khiva 220900,Uzbekistan","phones":"","fax":"","email":"","url":"","countryIso2":"UZ","countryName":"Uzbekistan","hotelRating":"1","latitude":"41.378","longitude":"60.3574","state_id":null,"state_name":null,"country_id":null},{"active":false,"Giataid":"812572","cityId":null,"cityName":"Toshkent","hotelId":812572,"hotelName":"Hotel Papillon","address":"Shoxdjaxon ulitsa 29,Yakkasaray District,Tashkent 100100,Uzbekistan","phones":"","fax":"","email":"","url":"","countryIso2":"UZ","countryName":"Uzbekistan","hotelRating":"1","latitude":"41.3095","longitude":"69.275","state_id":null,"state_name":null,"country_id":null},{"active":false,"Giataid":"812638","cityId":null,"cityName":"Toshkent","hotelId":812638,"hotelName":"Carat Hotel","address":"Street S Mashhadi 72,Tashkent 100007,Uzbekistan","phones":"+998712670025","fax":"","email":"info@carat-hotel.uz","url":"http://carat-hotel.uz/","countryIso2":"UZ","countryName":"Uzbekistan","hotelRating":"1","latitude":"41.3095","longitude":"69.275","state_id":null,"state_name":null,"country_id":null},{"active":false,"Giataid":"812702","cityId":null,"cityName":"Chiwa/Khiva","hotelId":812702,"hotelName":"Sobir Arkanchi Hotel","address":"Yangi Turmush street 1,North Gate,Khiva 220900,Uzbekistan","phones":"","fax":"","email":"","url":"","countryIso2":"UZ","countryName":"Uzbekistan","hotelRating":"1","latitude":"41.378","longitude":"60.3574","state_id":null,"state_name":null,"country_id":null},{"active":false,"Giataid":"812723","cityId":null,"cityName":"Chiwa/Khiva","hotelId":812723,"hotelName":"Hostel Farrukh","address":"Polvon Qori,Khiva 220900,Uzbekistan","phones":"","fax":"","email":"","url":"","countryIso2":"UZ","countryName":"Uzbekistan","hotelRating":"1","latitude":"41.378","longitude":"60.3574","state_id":null,"state_name":null,"country_id":null},{"active":false,"Giataid":"812753","cityId":null,"cityName":"Toshkent","hotelId":812753,"hotelName":"Elegant Hotel","address":"Street Qurgan 12,Yunus Obod,100052 Tashkent,Uzbekistan","phones":"+998946862030","fax":"","email":"reception@eleganthotel.uz","url":"http://www.eleganthotel.uz","countryIso2":"UZ","countryName":"Uzbekistan","hotelRating":"1","latitude":"41.3095","longitude":"69.275","state_id":null,"state_name":null,"country_id":null},{"active":false,"Giataid":"812770","cityId":null,"cityName":"Toshkent","hotelId":812770,"hotelName":"Khiva Hostel","address":"Street Geydar Aliev 243/245,Tashkent 100000,Mirobod Region,Uzbekistan","phones":"","fax":"","email":"","url":"","countryIso2":"UZ","countryName":"Uzbekistan","hotelRating":"1","latitude":"41.3095","longitude":"69.275","state_id":null,"state_name":null,"country_id":null},{"active":false,"Giataid":"812781","cityId":null,"cityName":"Toshkent","hotelId":812781,"hotelName":"Atlas Hostel","address":"Al-Xorazmiy ko'chasi 2,Tashkent 100117,Uzbekistan","phones":"","fax":"","email":"","url":"","countryIso2":"UZ","countryName":"Uzbekistan","hotelRating":"1","latitude":"41.3095","longitude":"69.275","state_id":null,"state_name":null,"country_id":null},{"active":false,"Giataid":"812898","cityId":null,"cityName":"Toshkent","hotelId":812898,"hotelName":"Gostinitsa Riverside","address":"Abdurauf Fitrat Ko'chasi 2,Mirabad District,Tashkent 100074,Uzbekistan","phones":"+998998118089","fax":"","email":"","url":"http://riversaid.ucoz.net","countryIso2":"UZ","countryName":"Uzbekistan","hotelRating":"1","latitude":"41.3095","longitude":"69.275","state_id":null,"state_name":null,"country_id":null},{"active":false,"Giataid":"814905","cityId":null,"cityName":"Kokand","hotelId":814905,"hotelName":"Oltin Vodiy Hotel","address":"Alisher Navoi Street 205-g,Qo�qon 150701,Uzbekistan","phones":"","fax":"","email":"","url":"","countryIso2":"UZ","countryName":"Uzbekistan","hotelRating":"1","latitude":"40.5362","longitude":"70.93","state_id":null,"state_name":null,"country_id":null},{"active":false,"Giataid":"816980","cityId":null,"cityName":"Toshkent","hotelId":816980,"hotelName":"Independence Hotel Mustakillik","address":"16 Sharof Rashidov Shoh kochasi,Tashkent 100019,Uzbekistan","phones":"+998711403344","fax":"","email":"hotelmustakillik@gmail.com","url":"http://mustakillikhotel.uz/","countryIso2":"UZ","countryName":"Uzbekistan","hotelRating":"1","latitude":"41.3095","longitude":"69.275","state_id":null,"state_name":null,"country_id":null},{"active":false,"Giataid":"816989","cityId":null,"cityName":"Toshkent","hotelId":816989,"hotelName":"Hayot Hostel","address":"Kuylyuk Street 1 22,Tashkent 100080,Uzbekistan","phones":"","fax":"","email":"","url":"","countryIso2":"UZ","countryName":"Uzbekistan","hotelRating":"1","latitude":"41.2456","longitude":"69.3167","state_id":null,"state_name":null,"country_id":null},{"active":false,"Giataid":"817057","cityId":null,"cityName":"Chiwa/Khiva","hotelId":817057,"hotelName":"Hotel Shams Khiva","address":"K Yakubov,Khiva 220900,Uzbekistan","phones":"","fax":"","email":"","url":"","countryIso2":"UZ","countryName":"Uzbekistan","hotelRating":"1","latitude":"41.378","longitude":"60.3574","state_id":null,"state_name":null,"country_id":null},{"active":false,"Giataid":"817939","cityId":null,"cityName":"Toshkent","hotelId":817939,"hotelName":"Pearl Tashkent Hotel","address":"Ulitsa Zieilar 6,Tashkent 100 170,Uzbekistan","phones":"","fax":"","email":"","url":"","countryIso2":"UZ","countryName":"Uzbekistan","hotelRating":"1","latitude":"41.3095","longitude":"69.275","state_id":null,"state_name":null,"country_id":null},{"active":false,"Giataid":"819857","cityId":null,"cityName":"Urgench","hotelId":819857,"hotelName":"Hotel Green Grand Garden","address":"Urgench Khiva,Urgench 220100,Uzbekistan","phones":"","fax":"","email":"","url":"","countryIso2":"UZ","countryName":"Uzbekistan","hotelRating":"1","latitude":"41.5532","longitude":"60.6308","state_id":null,"state_name":null,"country_id":null},{"active":false,"Giataid":"835540","cityId":null,"cityName":"Toshkent","hotelId":835540,"hotelName":"Arien Plaza hotel","address":"Bogi Buston 47,Tashkent,Uzbekistan","phones":"+998712535325","fax":"+998712530214","email":"info.arien-plaza@mail.ru","url":"http://arienplaza.uz/","countryIso2":"UZ","countryName":"Uzbekistan","hotelRating":"1","latitude":"41.2752","longitude":"69.2365","state_id":null,"state_name":null,"country_id":null},{"active":false,"Giataid":"835621","cityId":null,"cityName":"Toshkent","hotelId":835621,"hotelName":"Mirzo Bed and Breakfast","address":"Sagban 95,Tashkent 100002,Uzbekistan","phones":"+998712443794","fax":"","email":"turkturizm@mail.ru","url":"http://turkturizm.uz/","countryIso2":"UZ","countryName":"Uzbekistan","hotelRating":"1","latitude":"41.3347","longitude":"69.2339","state_id":null,"state_name":null,"country_id":null},{"active":false,"Giataid":"484897","cityId":null,"cityName":"Toshkent","hotelId":10061565,"hotelName":"Rohat Hotel","address":"Chilanzar Street 80,100115 Tashkent,Uzbekistan","phones":"+998711208080","fax":"","email":"","url":"","countryIso2":"UZ","countryName":"Uzbekistan","hotelRating":"3","latitude":"41.2811","longitude":"69.2199","state_id":null,"state_name":null,"country_id":null},{"active":false,"Giataid":"486464","cityId":null,"cityName":"Chiwa/Khiva","hotelId":20002034,"hotelName":"Qosha Darvoza","address":"Amir Temur 1,220900 Khiva,Uzbekistan","phones":"","fax":"","email":"","url":"","countryIso2":"UZ","countryName":"Uzbekistan","hotelRating":"0","latitude":"41.3852","longitude":"60.3632","state_id":null,"state_name":null,"country_id":null},{"active":false,"Giataid":"34183","cityId":null,"cityName":"Urgench","hotelId":20002207,"hotelName":"Khorezm Palace","address":"2 Al - Beruni,Urgench,Uzbekistan","phones":"+998622249999","fax":"+998622249308","email":"khorezmpalace@mail.ru","url":"http://khorezmpalace.uz","countryIso2":"UZ","countryName":"Uzbekistan","hotelRating":"4","latitude":"41.5512","longitude":"60.6341","state_id":null,"state_name":null,"country_id":null},{"active":false,"Giataid":"139989","cityId":null,"cityName":"Chiwa/Khiva","hotelId":20006237,"hotelName":"Malika Kheivak Hotel","address":"10 Islam Hoja Street,Khiva,Uzbekistan","phones":"+998623757787","fax":"","email":"","url":"http://www.malika-khiva.com/malika-kheivak.htm","countryIso2":"UZ","countryName":"Uzbekistan","hotelRating":"3","latitude":"41.3771","longitude":"60.3602","state_id":null,"state_name":null,"country_id":null},{"active":false,"Giataid":"424739","cityId":null,"cityName":"Chiwa/Khiva","hotelId":20006406,"hotelName":"Hotel Orient Star","address":"Pakhlavan Makhmud Street 1,Khiva 220900,Uzbekistan","phones":"","fax":"","email":"","url":"","countryIso2":"UZ","countryName":"Uzbekistan","hotelRating":"3","latitude":"41.3814","longitude":"60.3606","state_id":null,"state_name":null,"country_id":null},{"active":false,"Giataid":"724392","cityId":null,"cityName":"Chiwa/Khiva","hotelId":20006824,"hotelName":"Guest House Orzu","address":"Tashpulatov 74,Khiva 220 900,Uzbekistan","phones":"","fax":"","email":"","url":"","countryIso2":"UZ","countryName":"Uzbekistan","hotelRating":"0","latitude":"41.378","longitude":"60.3574","state_id":null,"state_name":null,"country_id":null},{"active":false,"Giataid":"724429","cityId":null,"cityName":"Chiwa/Khiva","hotelId":20008380,"hotelName":"Hotel Shokhjakhon","address":"Mustaqillik Street 5,Khiva 220900,Uzbekistan","phones":"","fax":"","email":"","url":"","countryIso2":"UZ","countryName":"Uzbekistan","hotelRating":"3","latitude":"41.382","longitude":"60.3594","state_id":null,"state_name":null,"country_id":null},{"active":false,"Giataid":"96983","cityId":null,"cityName":"Chiwa/Khiva","hotelId":20009907,"hotelName":"Shaherezada","address":"35 Islam Khodja,Khiva 220900,Uzbekistan","phones":"+998623759565","fax":"","email":"tionshaherezada@mail.ru","url":"http://www.khivashaherezada.uz/","countryIso2":"UZ","countryName":"Uzbekistan","hotelRating":"3","latitude":"41.3752","longitude":"60.3596","state_id":null,"state_name":null,"country_id":null},{"active":false,"Giataid":"547336","cityId":null,"cityName":"Chiwa/Khiva","hotelId":20010607,"hotelName":"Malika Khorezm Hotel","address":"5 Center,Khiva 741000,Uzbekistan","phones":"+998623755451","fax":"","email":"","url":"http://www.malika-khiva.com/malika-khorezm.htm","countryIso2":"UZ","countryName":"Uzbekistan","hotelRating":"0","latitude":"41.379","longitude":"60.3549","state_id":null,"state_name":null,"country_id":null},{"active":false,"Giataid":"724381","cityId":null,"cityName":"Chiwa/Khiva","hotelId":20010885,"hotelName":"Euro-Asia","address":"Pahlavon Mahmuda Street 35,220900 Khiva,Uzbekistan","phones":"","fax":"","email":"","url":"","countryIso2":"UZ","countryName":"Uzbekistan","hotelRating":"3","latitude":"41.3768","longitude":"60.3577","state_id":null,"state_name":null,"country_id":null},{"active":false,"Giataid":"246331","cityId":null,"cityName":"Chiwa/Khiva","hotelId":20011774,"hotelName":"Arkanchi Hotel","address":"10 Pakhlavon Makhmoud Street,Khiva,Uzbekistan","phones":"+9983623752974","fax":"","email":"","url":"","countryIso2":"UZ","countryName":"Uzbekistan","hotelRating":"4","latitude":"41.3774","longitude":"60.3579","state_id":null,"state_name":null,"country_id":null},{"active":false,"Giataid":"56431","cityId":null,"cityName":"Chiwa/Khiva","hotelId":20015492,"hotelName":"Malika Khiva","address":"19 A, P. Kori Street,741400 Khiva,Uzbekistan","phones":"+998623752665","fax":"","email":"info@malika-khiva.com","url":"http://www.malika-khiva.com/","countryIso2":"UZ","countryName":"Uzbekistan","hotelRating":"3","latitude":"41.3787","longitude":"60.3566","state_id":null,"state_name":null,"country_id":null},{"active":false,"Giataid":"632803","cityId":null,"cityName":"Urgench","hotelId":20015733,"hotelName":"Navro'z","address":"Sherozi street 13,Urganch 220100,Uzbekistan","phones":"","fax":"","email":"","url":"","countryIso2":"UZ","countryName":"Uzbekistan","hotelRating":"0","latitude":"41.5532","longitude":"60.6308","state_id":null,"state_name":null,"country_id":null},{"active":false,"Giataid":"484730","cityId":null,"cityName":"Chiwa/Khiva","hotelId":20015824,"hotelName":"Old Khiva","address":"A. Rakhmanov Street 16,220900 Khiva,Uzbekistan","phones":"+998907190870","fax":"+998569986237","email":"","url":"http://oldkhiva.gl.uz/","countryIso2":"UZ","countryName":"Uzbekistan","hotelRating":"3","latitude":"41.3798","longitude":"60.357","state_id":null,"state_name":null,"country_id":null},{"active":false,"Giataid":"724599","cityId":null,"cityName":"Chiwa/Khiva","hotelId":20015939,"hotelName":"Islambek Hotel","address":"Toshpulatov 60,Khiva 220900,Uzbekistan","phones":"","fax":"","email":"","url":"","countryIso2":"UZ","countryName":"Uzbekistan","hotelRating":"3","latitude":"41.3793","longitude":"60.3606","state_id":null,"state_name":null,"country_id":null},{"active":false,"Giataid":"726221","cityId":null,"cityName":"Chiwa/Khiva","hotelId":20016067,"hotelName":"Bek Khiva Hotel","address":"Nazmiddina Kubro Street 1,Khiva 220900,Khorezm,Uzbekistan","phones":"+998951945522","fax":"+998623752142","email":"","url":"http://bekhotel.uz","countryIso2":"UZ","countryName":"Uzbekistan","hotelRating":"0","latitude":"41.3837","longitude":"60.3601","state_id":null,"state_name":null,"country_id":null},{"active":false,"Giataid":"486483","cityId":null,"cityName":"Chiwa/Khiva","hotelId":20016108,"hotelName":"Madrasa Aminxon","address":"Yakubov Street 71,220900 Khiva,Uzbekistan","phones":"","fax":"","email":"","url":"","countryIso2":"UZ","countryName":"Uzbekistan","hotelRating":"0","latitude":"41.3752","longitude":"60.3547","state_id":null,"state_name":null,"country_id":null},{"active":false,"Giataid":"892544","cityId":null,"cityName":"Andijan","hotelId":20385149,"hotelName":"Elita","address":"Bobur Shokh Street 13-B,Andijan,Uzbekistan","phones":"","fax":"","email":"","url":"","countryIso2":"UZ","countryName":"Uzbekistan","hotelRating":"0","latitude":"40.7637","longitude":"72.3551","state_id":null,"state_name":null,"country_id":null},{"active":false,"Giataid":"863576","cityId":null,"cityName":"Chiwa/Khiva","hotelId":20385188,"hotelName":"Khiva Alibek B&B","address":"A Rakhmanov Street 17,220900 Khiva,Xorazm,Uzbekistan","phones":"","fax":"","email":"","url":"","countryIso2":"UZ","countryName":"Uzbekistan","hotelRating":"0","latitude":"41.3794","longitude":"60.3569","state_id":null,"state_name":null,"country_id":null},{"active":false,"Giataid":"863578","cityId":null,"cityName":"Chiwa/Khiva","hotelId":20385189,"hotelName":"Hotel Isak Hoja","address":"Ulitsa Rakhmanova 70,220900 Khiva,Khorezm,Uzbekistan","phones":"+998623759283","fax":"+998914304246","email":"isakhoja02@gmail.com","url":"http://www.isakhoja.uz","countryIso2":"UZ","countryName":"Uzbekistan","hotelRating":"0","latitude":"41.3779","longitude":"60.3541","state_id":null,"state_name":null,"country_id":null},{"active":false,"Giataid":"863588","cityId":null,"cityName":"Chiwa/Khiva","hotelId":20385190,"hotelName":"Meros B&B","address":"Abdulla Boltaev 57,220900 Khiva,?Xorazm,Uzbekistan","phones":"+998623757642","fax":"","email":"meroskkiva@gmail.com","url":"http://www.meroskhiva.com","countryIso2":"UZ","countryName":"Uzbekistan","hotelRating":"0","latitude":"41.378","longitude":"60.3574","state_id":null,"state_name":null,"country_id":null},{"active":false,"Giataid":"914555","cityId":null,"cityName":"Chiwa/Khiva","hotelId":20385191,"hotelName":"Hotel Kala","address":"P. Makhmud Street 49,Khiva 220900,Uzbekistan","phones":"+998956202586","fax":"","email":"hotelkala20@gmail.com","url":"http://www.hotelkala.uz","countryIso2":"UZ","countryName":"Uzbekistan","hotelRating":"0","latitude":"41.3762","longitude":"60.358","state_id":null,"state_name":null,"country_id":null},{"active":false,"Giataid":"914647","cityId":null,"cityName":"Chiwa/Khiva","hotelId":20385192,"hotelName":"Zukhro Boutique Hotel","address":"Boltaboyev Street 53A,Khiva 220900,Uzbekistan","phones":"+998937430010","fax":"","email":"zukhrohotel@mail.ru","url":"http://www.zukhrohotel.uz","countryIso2":"UZ","countryName":"Uzbekistan","hotelRating":"0","latitude":"41.378","longitude":"60.3574","state_id":null,"state_name":null,"country_id":null},{"active":false,"Giataid":"942819","cityId":null,"cityName":"Chiwa/Khiva","hotelId":20385193,"hotelName":"Khiva Atabek B&B","address":"Ulitsa Islam Khodja 68,Khiva 290900,Uzbekistan","phones":"","fax":"","email":"","url":"","countryIso2":"UZ","countryName":"Uzbekistan","hotelRating":"0","latitude":"41.378","longitude":"60.3574","state_id":null,"state_name":null,"country_id":null},{"active":false,"Giataid":"897790","cityId":null,"cityName":"Kokand","hotelId":20385198,"hotelName":"Silk Road Kokand Hotel","address":"Turkiston Street 57A,Kokand 150700,Uzbekistan","phones":"","fax":"","email":"","url":"","countryIso2":"UZ","countryName":"Uzbekistan","hotelRating":"0","latitude":"40.5362","longitude":"70.93","state_id":null,"state_name":null,"country_id":null},{"active":false,"Giataid":"921796","cityId":null,"cityName":"Kokand","hotelId":20385199,"hotelName":"Ahmadkhon Hotel","address":"Temur Malik Street 79,Kokand 152700,Uzbekistan","phones":"","fax":"","email":"","url":"","countryIso2":"UZ","countryName":"Uzbekistan","hotelRating":"0","latitude":"40.5362","longitude":"70.93","state_id":null,"state_name":null,"country_id":null},{"active":false,"Giataid":"863566","cityId":null,"cityName":"Toshkent","hotelId":20385233,"hotelName":"Jahongir B&B Tashkent","address":"Farobi Qurqontepa torkucha 94,Olmazor,100049 Tashkent,Uzbekistan","phones":"+998909663944","fax":"+998662357899","email":"jferuza@gmail.com","url":"http://jahongirbandb.com/Tashkent/index.html","countryIso2":"UZ","countryName":"Uzbekistan","hotelRating":"0","latitude":"41.3355","longitude":"69.2225","state_id":null,"state_name":null,"country_id":null},{"active":false,"Giataid":"863598","cityId":null,"cityName":"Toshkent","hotelId":20385234,"hotelName":"Grand Canyon Hotel","address":"Chapanata ko'chasi 26,100097 Tashkent,Uzbekistan","phones":"","fax":"","email":"","url":"","countryIso2":"UZ","countryName":"Uzbekistan","hotelRating":"0","latitude":"41.3095","longitude":"69.275","state_id":null,"state_name":null,"country_id":null},{"active":false,"Giataid":"875639","cityId":null,"cityName":"Toshkent","hotelId":20385235,"hotelName":"Botanic Boutique Hotel","address":"Nemat Berk Street 125,Mirzo Ulugbek District,Tashkent City,Uzbekistan","phones":"+998712690220","fax":"","email":"","url":"http://botanichotels.com","countryIso2":"UZ","countryName":"Uzbekistan","hotelRating":"0","latitude":"41.3095","longitude":"69.275","state_id":null,"state_name":null,"country_id":null},{"active":false,"Giataid":"877841","cityId":null,"cityName":"Toshkent","hotelId":20385236,"hotelName":"Hotel Seven Seasons","address":"Katta Xirmontepa,2nd Floor,Kochasi,Tashkent 100210,Uzbekistan","phones":"","fax":"","email":"hotelsevenseasons@yahoo.com","url":"http://hotelsevenseasons.uz/","countryIso2":"UZ","countryName":"Uzbekistan","hotelRating":"0","latitude":"41.3095","longitude":"69.275","state_id":null,"state_name":null,"country_id":null},{"active":false,"Giataid":"878121","cityId":null,"cityName":"Toshkent","hotelId":20385237,"hotelName":"Darkhan Boutique Hotel","address":"Independence Avenue 88a,Tashkent,Uzbekistan","phones":"+998711400008","fax":"+998711401966","email":"info@darhan.uz","url":"http://darhan.uz/en/boutique-hotel","countryIso2":"UZ","countryName":"Uzbekistan","hotelRating":"0","latitude":"41.32","longitude":"69.3007","state_id":null,"state_name":null,"country_id":null},{"active":false,"Giataid":"878130","cityId":null,"cityName":"Toshkent","hotelId":20385238,"hotelName":"Magistral","address":"Erkin CFI,Tarik Teshar,Solnechnyy,Tashkent 111818,Zangiata District,Tashkent Region,Uzbekistan","phones":"","fax":"","email":"","url":"","countryIso2":"UZ","countryName":"Uzbekistan","hotelRating":"0","latitude":"41.3095","longitude":"69.275","state_id":null,"state_name":null,"country_id":null},{"active":false,"Giataid":"883085","cityId":null,"cityName":"Toshkent","hotelId":20385239,"hotelName":"Al Amin","address":"Small Ring Road 80,Tashkent 100084,Uzbekistan","phones":"","fax":"","email":"","url":"","countryIso2":"UZ","countryName":"Uzbekistan","hotelRating":"0","latitude":"41.3095","longitude":"69.275","state_id":null,"state_name":null,"country_id":null},{"active":false,"Giataid":"888609","cityId":null,"cityName":"Toshkent","hotelId":20385240,"hotelName":"Navruz Hotel","address":"Shivli Street 1,Tashkent 100000,Uzbekistan","phones":"","fax":"","email":"","url":"","countryIso2":"UZ","countryName":"Uzbekistan","hotelRating":"0","latitude":"41.3095","longitude":"69.275","state_id":null,"state_name":null,"country_id":null},{"active":false,"Giataid":"897745","cityId":null,"cityName":"Toshkent","hotelId":20385241,"hotelName":"Oazis Hotel","address":"Ahmad Yungnakiy 33A,Tashkent 100041,Uzbekistan","phones":"","fax":"","email":"","url":"","countryIso2":"UZ","countryName":"Uzbekistan","hotelRating":"0","latitude":"41.3095","longitude":"69.275","state_id":null,"state_name":null,"country_id":null},{"active":false,"Giataid":"897811","cityId":null,"cityName":"Toshkent","hotelId":20385242,"hotelName":"Jules Verne Hostel","address":"Kattakurgan Street House 33,Tashkent 100128,Uzbekistan","phones":"","fax":"","email":"","url":"","countryIso2":"UZ","countryName":"Uzbekistan","hotelRating":"0","latitude":"41.3095","longitude":"69.275","state_id":null,"state_name":null,"country_id":null},{"active":false,"Giataid":"903397","cityId":null,"cityName":"Toshkent","hotelId":20385243,"hotelName":"Effo Hostel","address":"Mingurik Street,Tashkent 100005,Uzbekistan","phones":"","fax":"","email":"","url":"","countryIso2":"UZ","countryName":"Uzbekistan","hotelRating":"0","latitude":"41.3095","longitude":"69.275","state_id":null,"state_name":null,"country_id":null},{"active":false,"Giataid":"903407","cityId":null,"cityName":"Toshkent","hotelId":20385244,"hotelName":"Capsule Hostel","address":"Furqat Ko'chasi 169A,Tashkent 100027,Uzbekistan","phones":"","fax":"","email":"","url":"","countryIso2":"UZ","countryName":"Uzbekistan","hotelRating":"0","latitude":"41.3095","longitude":"69.275","state_id":null,"state_name":null,"country_id":null},{"active":false,"Giataid":"903433","cityId":null,"cityName":"Toshkent","hotelId":20385245,"hotelName":"Grand Capital Hotel","address":"Niyozbek Yo'li ko'chasi 24,Yunusobod District,Tashkent 100000,Uzbekistan","phones":"","fax":"","email":"","url":"","countryIso2":"UZ","countryName":"Uzbekistan","hotelRating":"0","latitude":"41.3095","longitude":"69.275","state_id":null,"state_name":null,"country_id":null},{"active":false,"Giataid":"914546","cityId":null,"cityName":"Toshkent","hotelId":20385246,"hotelName":"Silver Hotel","address":"Niyezbek Yuli Street 54,Tashkent 100000,Uzbekistan","phones":"","fax":"","email":"","url":"http://www.booking.com/hotel/uz/silver.en-gb.html?aid=357026","countryIso2":"UZ","countryName":"Uzbekistan","hotelRating":"0","latitude":"41.3223","longitude":"69.2933","state_id":null,"state_name":null,"country_id":null},{"active":false,"Giataid":"914568","cityId":null,"cityName":"Toshkent","hotelId":20385247,"hotelName":"Gulnara Guesthouse","address":"Ozod Street 40,Olmazor District,Tashkent 100020,Uzbekistan","phones":"","fax":"","email":"","url":"","countryIso2":"UZ","countryName":"Uzbekistan","hotelRating":"0","latitude":"41.3274","longitude":"69.2302","state_id":null,"state_name":null,"country_id":null},{"active":false,"Giataid":"914574","cityId":null,"cityName":"Toshkent","hotelId":20385248,"hotelName":"Bo'ston Hotel","address":"Shota Rustaveli Street 1,Passage 8,Tashkent 100022,Uzbekistan","phones":"","fax":"","email":"","url":"","countryIso2":"UZ","countryName":"Uzbekistan","hotelRating":"0","latitude":"41.2731","longitude":"69.242","state_id":null,"state_name":null,"country_id":null},{"active":false,"Giataid":"914630","cityId":null,"cityName":"Toshkent","hotelId":20385249,"hotelName":"Esperanza Hotel","address":"Ulitsa Sagban 5,Tashkent 100000,Uzbekistan","phones":"","fax":"","email":"","url":"","countryIso2":"UZ","countryName":"Uzbekistan","hotelRating":"0","latitude":"41.3095","longitude":"69.275","state_id":null,"state_name":null,"country_id":null},{"active":false,"Giataid":"914708","cityId":null,"cityName":"Toshkent","hotelId":20385250,"hotelName":"Yasmin Hotel","address":"Olmachi Street 34A,Tashkent 100007,Uzbekistan","phones":"","fax":"","email":"","url":"","countryIso2":"UZ","countryName":"Uzbekistan","hotelRating":"0","latitude":"41.3095","longitude":"69.275","state_id":null,"state_name":null,"country_id":null},{"active":false,"Giataid":"914763","cityId":null,"cityName":"Toshkent","hotelId":20385251,"hotelName":"Amir Khan Hostel","address":"Dashnobod Street 16,Near Aviagorodok And Tashkent Railway Institute,Tashkent 100167,Uzbekistan","phones":"+998974144010","fax":"","email":"","url":"http://amirkhanhostel.business.site","countryIso2":"UZ","countryName":"Uzbekistan","hotelRating":"0","latitude":"41.3095","longitude":"69.275","state_id":null,"state_name":null,"country_id":null},{"active":false,"Giataid":"914867","cityId":null,"cityName":"Toshkent","hotelId":20385252,"hotelName":"Khilal Hotel","address":"C-Kvartal 28,Tashkent 100097,Uzbekistan","phones":"","fax":"","email":"","url":"","countryIso2":"UZ","countryName":"Uzbekistan","hotelRating":"0","latitude":"41.3095","longitude":"69.275","state_id":null,"state_name":null,"country_id":null},{"active":false,"Giataid":"914888","cityId":null,"cityName":"Toshkent","hotelId":20385253,"hotelName":"Samo Hotel","address":"Farhod Ko'chasi 17A,Tashkent 100123,Uzbekistan","phones":"+998998449090","fax":"","email":"","url":"http://samohotel.business.site","countryIso2":"UZ","countryName":"Uzbekistan","hotelRating":"0","latitude":"41.3095","longitude":"69.275","state_id":null,"state_name":null,"country_id":null},{"active":false,"Giataid":"914923","cityId":null,"cityName":"Toshkent","hotelId":20385254,"hotelName":"Aziaway Apart Hotel","address":"Nukus Ko'chasi 28,Tashkent 100100,Uzbekistan","phones":"","fax":"","email":"","url":"","countryIso2":"UZ","countryName":"Uzbekistan","hotelRating":"0","latitude":"41.3095","longitude":"69.275","state_id":null,"state_name":null,"country_id":null},{"active":false,"Giataid":"915041","cityId":null,"cityName":"Toshkent","hotelId":20385255,"hotelName":"SV Hotel","address":"Kichik Mirabad Street,Building 1,Tashkent 100070,Uzbekistan","phones":"+998711206336","fax":"","email":"info@svhotel.uz","url":"http://www.svhotel.uz","countryIso2":"UZ","countryName":"Uzbekistan","hotelRating":"0","latitude":"41.3095","longitude":"69.275","state_id":null,"state_name":null,"country_id":null},{"active":false,"Giataid":"915636","cityId":null,"cityName":"Toshkent","hotelId":20385256,"hotelName":"Sunny Town","address":"E-123,78 Solnechniy,Zangiata,Tashkent 111 809,Uzbekistan","phones":"","fax":"","email":"","url":"","countryIso2":"UZ","countryName":"Uzbekistan","hotelRating":"0","latitude":"41.3095","longitude":"69.275","state_id":null,"state_name":null,"country_id":null},{"active":false,"Giataid":"915725","cityId":null,"cityName":"Toshkent","hotelId":20385257,"hotelName":"Eco Wellness","address":"Street Kibray 12,Landmark Hotel Sahohat,Tashkent 100 077,Uzbekistan","phones":"+998998358356","fax":"","email":"contact@ecospa.uz","url":"http://ecowellness.uz","countryIso2":"UZ","countryName":"Uzbekistan","hotelRating":"0","latitude":"41.3095","longitude":"69.275","state_id":null,"state_name":null,"country_id":null},{"active":false,"Giataid":"915757","cityId":null,"cityName":"Toshkent","hotelId":20385258,"hotelName":"Hotel Orzu","address":"Kichik Mirobod Street,Dom 14,Tashkent 700 022,Uzbekistan","phones":"","fax":"","email":"","url":"","countryIso2":"UZ","countryName":"Uzbekistan","hotelRating":"0","latitude":"41.3095","longitude":"69.275","state_id":null,"state_name":null,"country_id":null},{"active":false,"Giataid":"921736","cityId":null,"cityName":"Toshkent","hotelId":20385259,"hotelName":"Hotel Westa","address":"Sultonali Mashxadiy 98,Tashkent  100007,Uzbekistan","phones":"","fax":"","email":"","url":"","countryIso2":"UZ","countryName":"Uzbekistan","hotelRating":"0","latitude":"41.3095","longitude":"69.275","state_id":null,"state_name":null,"country_id":null},{"active":false,"Giataid":"921753","cityId":null,"cityName":"Toshkent","hotelId":20385260,"hotelName":"Friends Hostel","address":"Chinobod Street 61,Tashkent 100030,Uzbekistan","phones":"","fax":"","email":"","url":"","countryIso2":"UZ","countryName":"Uzbekistan","hotelRating":"0","latitude":"41.3095","longitude":"69.275","state_id":null,"state_name":null,"country_id":null},{"active":false,"Giataid":"921783","cityId":null,"cityName":"Toshkent","hotelId":20385261,"hotelName":"Orient Inn","address":"Rakatboshi ko'chasi 85,Tashkent 100015,Uzbekistan","phones":"","fax":"","email":"","url":"","countryIso2":"UZ","countryName":"Uzbekistan","hotelRating":"0","latitude":"41.3095","longitude":"69.275","state_id":null,"state_name":null,"country_id":null},{"active":false,"Giataid":"921803","cityId":null,"cityName":"Toshkent","hotelId":20385262,"hotelName":"Hotel Nice","address":"Vosit Vohidov ko'chasi 60,Tashkent 100031,Uzbekistan","phones":"","fax":"","email":"","url":"","countryIso2":"UZ","countryName":"Uzbekistan","hotelRating":"0","latitude":"41.3095","longitude":"69.275","state_id":null,"state_name":null,"country_id":null},{"active":false,"Giataid":"925739","cityId":null,"cityName":"Toshkent","hotelId":20385263,"hotelName":"Sayohat Sari Hotel","address":"Buyuk Ipak Yo'li 115,Tashkent 100077,Uzbekistan","phones":"","fax":"","email":"","url":"","countryIso2":"UZ","countryName":"Uzbekistan","hotelRating":"0","latitude":"41.3095","longitude":"69.275","state_id":null,"state_name":null,"country_id":null},{"active":false,"Giataid":"925743","cityId":null,"cityName":"Toshkent","hotelId":20385264,"hotelName":"Minor Hotel","address":"Tashkent 100052,Uzbekistan","phones":"","fax":"","email":"","url":"","countryIso2":"UZ","countryName":"Uzbekistan","hotelRating":"0","latitude":"41.3095","longitude":"69.275","state_id":null,"state_name":null,"country_id":null},{"active":false,"Giataid":"925749","cityId":null,"cityName":"Toshkent","hotelId":20385265,"hotelName":"Hotel Green","address":"Tashkent 100167,Uzbekistan","phones":"","fax":"","email":"","url":"","countryIso2":"UZ","countryName":"Uzbekistan","hotelRating":"0","latitude":"41.3095","longitude":"69.275","state_id":null,"state_name":null,"country_id":null},{"active":false,"Giataid":"925759","cityId":null,"cityName":"Toshkent","hotelId":20385266,"hotelName":"European Backpacker & Sakura Hostel","address":"Fargona Road 26/1,Tashkent 100005,Uzbekistan","phones":"","fax":"","email":"","url":"","countryIso2":"UZ","countryName":"Uzbekistan","hotelRating":"0","latitude":"41.3095","longitude":"69.275","state_id":null,"state_name":null,"country_id":null},{"active":false,"Giataid":"925784","cityId":null,"cityName":"Toshkent","hotelId":20385267,"hotelName":"Hostel Art Palace","address":"Nakkoshlik Street,Katartal,Tashkent 100185,Uzbekistan","phones":"","fax":"","email":"","url":"","countryIso2":"UZ","countryName":"Uzbekistan","hotelRating":"0","latitude":"41.3095","longitude":"69.275","state_id":null,"state_name":null,"country_id":null},{"active":false,"Giataid":"925980","cityId":null,"cityName":"Toshkent","hotelId":20385268,"hotelName":"Doppi Hostel","address":"Tashkent 100167,Uzbekistan","phones":"","fax":"","email":"","url":"","countryIso2":"UZ","countryName":"Uzbekistan","hotelRating":"0","latitude":"41.3095","longitude":"69.275","state_id":null,"state_name":null,"country_id":null},{"active":false,"Giataid":"925995","cityId":null,"cityName":"Toshkent","hotelId":20385269,"hotelName":"Muzaffar Tadjiyev","address":"Shayhontohur 286,Tum M.uygur,Tashkent 100042,Uzbekistan","phones":"","fax":"","email":"","url":"","countryIso2":"UZ","countryName":"Uzbekistan","hotelRating":"0","latitude":"41.3095","longitude":"69.275","state_id":null,"state_name":null,"country_id":null},{"active":false,"Giataid":"926044","cityId":null,"cityName":"Toshkent","hotelId":20385270,"hotelName":"Grand Way Hotel","address":"Kichik Xalqa Yoli 7,Tashkent 100174,Uzbekistan","phones":"","fax":"","email":"","url":"","countryIso2":"UZ","countryName":"Uzbekistan","hotelRating":"0","latitude":"41.3095","longitude":"69.275","state_id":null,"state_name":null,"country_id":null},{"active":false,"Giataid":"926075","cityId":null,"cityName":"Toshkent","hotelId":20385271,"hotelName":"Art Apart Hotel","address":"Ulitsa Rakatboshi 83,Tashkent 100041,Uzbekistan","phones":"","fax":"","email":"","url":"","countryIso2":"UZ","countryName":"Uzbekistan","hotelRating":"0","latitude":"41.3095","longitude":"69.275","state_id":null,"state_name":null,"country_id":null},{"active":false,"Giataid":"942795","cityId":null,"cityName":"Toshkent","hotelId":20385272,"hotelName":"Guest House Veagat","address":"Shota Rustaveli Kochasi Minglar Street 4,Tashkent 100013,Uzbekistan","phones":"+998909587447","fax":"","email":"uz@veagat.com","url":"http://veagat.com","countryIso2":"UZ","countryName":"Uzbekistan","hotelRating":"0","latitude":"41.3095","longitude":"69.275","state_id":null,"state_name":null,"country_id":null},{"active":false,"Giataid":"942840","cityId":null,"cityName":"Toshkent","hotelId":20385273,"hotelName":"Homestay B&B Hostel","address":"Shota Rustaveli Ko'chasi 43,Tashkent 100031,Uzbekistan","phones":"","fax":"","email":"","url":"","countryIso2":"UZ","countryName":"Uzbekistan","hotelRating":"0","latitude":"41.3095","longitude":"69.275","state_id":null,"state_name":null,"country_id":null},{"active":false,"Giataid":"942899","cityId":null,"cityName":"Toshkent","hotelId":20385274,"hotelName":"Obod Hostel","address":"Toshkent Xalqa Avtomobil Yo'li,Yunusobod Tumani,Bozsuv kochasi 11-13,100070 Tashkent,Uzbekistan","phones":"","fax":"","email":"","url":"","countryIso2":"UZ","countryName":"Uzbekistan","hotelRating":"0","latitude":"41.3095","longitude":"69.275","state_id":null,"state_name":null,"country_id":null},{"active":false,"Giataid":"942929","cityId":null,"cityName":"Toshkent","hotelId":20385275,"hotelName":"Pride Hostel","address":"Mirzo Ulugbek District,Lunacharskiy Turon,4-Tupik 2-Dom,Tashkent 100007,Uzbekistan","phones":"","fax":"","email":"","url":"","countryIso2":"UZ","countryName":"Uzbekistan","hotelRating":"0","latitude":"41.3095","longitude":"69.275","state_id":null,"state_name":null,"country_id":null},{"active":false,"Giataid":"863586","cityId":null,"cityName":"Urgench","hotelId":20385276,"hotelName":"Hotel Sadush va Asqar","address":"Mukumii dom 6,Qorowul,220500 Urgench,Khorezm,Uzbekistan","phones":"","fax":"","email":"","url":"","countryIso2":"UZ","countryName":"Uzbekistan","hotelRating":"0","latitude":"41.5532","longitude":"60.6308","state_id":null,"state_name":null,"country_id":null},{"active":false,"Giataid":"892407","cityId":null,"cityName":"Urgench","hotelId":20385277,"hotelName":"Karavan Hotel","address":"Khonqa Street,Urgench,Uzbekistan","phones":"+9985912777720","fax":"","email":"karavanhotel.uz@gmail.com","url":"http://www.karavanhotel.uz","countryIso2":"UZ","countryName":"Uzbekistan","hotelRating":"0","latitude":"41.5532","longitude":"60.6308","state_id":null,"state_name":null,"country_id":null},{"active":false,"Giataid":"914689","cityId":null,"cityName":"Urgench","hotelId":20385278,"hotelName":"Real Hotel","address":"Tinchlik Street 13,6-y Mikrorayon,Urgench 220100,Uzbekistan","phones":"","fax":"","email":"","url":"","countryIso2":"UZ","countryName":"Uzbekistan","hotelRating":"0","latitude":"41.5532","longitude":"60.6308","state_id":null,"state_name":null,"country_id":null},{"active":false,"Giataid":"915690","cityId":null,"cityName":"Yusufkhona","hotelId":20385279,"hotelName":"Avenue Park Hotel","address":"Mashkhadiy 50,Yusufkhona 100 007,Uzbekistan","phones":"","fax":"","email":"","url":"","countryIso2":"UZ","countryName":"Uzbekistan","hotelRating":"0","latitude":"0","longitude":"0","state_id":null,"state_name":null,"country_id":null},{"active":false,"Giataid":"925960","cityId":null,"cityName":"Yusufkhona","hotelId":20385280,"hotelName":"Green Canyon Uzbekistan","address":"Yangikurgan,Yusufkhona 110706,Uzbekistan","phones":"","fax":"","email":"","url":"","countryIso2":"UZ","countryName":"Uzbekistan","hotelRating":"0","latitude":"0","longitude":"0","state_id":null,"state_name":null,"country_id":null},{"active":false,"Giataid":"976143","cityId":null,"cityName":"Toshkent","hotelId":20422940,"hotelName":"Orient Palace","address":"At-Termiziy 12,Tashkent 100100,Uzbekistan","phones":"","fax":"","email":"","url":"http://orient-palace-uz.book.direct","countryIso2":"UZ","countryName":"Uzbekistan","hotelRating":"1","latitude":"41.3095","longitude":"69.275","state_id":null,"state_name":null,"country_id":null},{"active":false,"Giataid":"976283","cityId":null,"cityName":"Toshkent","hotelId":20422943,"hotelName":"Daniel Hill","address":"Yangi Qo'yliq ko'chasi,Tashkent 100080,Uzbekistan","phones":"","fax":"","email":"","url":"","countryIso2":"UZ","countryName":"Uzbekistan","hotelRating":"3","latitude":"41.3095","longitude":"69.275","state_id":null,"state_name":null,"country_id":null},{"active":false,"Giataid":"976114","cityId":null,"cityName":"Toshkent","hotelId":20422946,"hotelName":"Tourist INN Hotel","address":"Bogibaland Street 34,Tashkent 100090,Uzbekistan","phones":"","fax":"","email":"","url":"","countryIso2":"UZ","countryName":"Uzbekistan","hotelRating":"3","latitude":"41.3095","longitude":"69.275","state_id":null,"state_name":null,"country_id":null},{"active":false,"Giataid":"952391","cityId":null,"cityName":"Toshkent","hotelId":20422948,"hotelName":"Hotel Avesto","address":"Farobi ko'chasi Stoehne 261,Tashkent 100049,Uzbekistan","phones":"","fax":"","email":"","url":"","countryIso2":"UZ","countryName":"Uzbekistan","hotelRating":"1","latitude":"41.3095","longitude":"69.275","state_id":null,"state_name":null,"country_id":null},{"active":false,"Giataid":"984765","cityId":null,"cityName":"Chiwa/Khiva","hotelId":20422949,"hotelName":"Art House Hotel","address":"A. Boltayev 59 Street,Khiva 220 900,Uzbekistan","phones":"","fax":"","email":"","url":"","countryIso2":"UZ","countryName":"Uzbekistan","hotelRating":"1","latitude":"41.378","longitude":"60.3574","state_id":null,"state_name":null,"country_id":null},{"active":false,"Giataid":"976295","cityId":null,"cityName":"Toshkent","hotelId":20422951,"hotelName":"Residence Park Hotel","address":"Radjabi Ko'chasi 64,Tashkent 100100,Uzbekistan","phones":"","fax":"","email":"","url":"","countryIso2":"UZ","countryName":"Uzbekistan","hotelRating":"1","latitude":"41.3095","longitude":"69.275","state_id":null,"state_name":null,"country_id":null},{"active":false,"Giataid":"976097","cityId":null,"cityName":"Toshkent","hotelId":20422954,"hotelName":"Ibsa Hostel","address":"Usta Shirin Street 52,Tashkent 100057,Uzbekistan","phones":"","fax":"","email":"","url":"","countryIso2":"UZ","countryName":"Uzbekistan","hotelRating":"1","latitude":"41.3095","longitude":"69.275","state_id":null,"state_name":null,"country_id":null},{"active":false,"Giataid":"984821","cityId":null,"cityName":"Kokand","hotelId":20422957,"hotelName":"Khan hotel","address":"Istiqlol Street 31,Kokand 150 710,Uzbekistan","phones":"+998911521188","fax":"","email":"","url":"http://www.khan.uz/","countryIso2":"UZ","countryName":"Uzbekistan","hotelRating":"1","latitude":"40.5362","longitude":"70.93","state_id":null,"state_name":null,"country_id":null},{"active":false,"Giataid":"948739","cityId":null,"cityName":"Toshkent","hotelId":20422958,"hotelName":"Trip.LE","address":"Beshchinor Ko'Chasi 45,Tashkent 100000,Uzbekistan","phones":"","fax":"","email":"","url":"http://trip-le-uz.book.direct/en-gb","countryIso2":"UZ","countryName":"Uzbekistan","hotelRating":"2","latitude":"41.2938","longitude":"69.2618","state_id":null,"state_name":null,"country_id":null},{"active":false,"Giataid":"948779","cityId":null,"cityName":"Yusufkhona","hotelId":20422959,"hotelName":"B&B Lake House Hotel","address":"Yusufkhona 100086,Uzbekistan","phones":"","fax":"","email":"","url":"","countryIso2":"UZ","countryName":"Uzbekistan","hotelRating":"1","latitude":"41.6084","longitude":"70.0526","state_id":null,"state_name":null,"country_id":null},{"active":false,"Giataid":"984808","cityId":null,"cityName":"Urgench","hotelId":20422962,"hotelName":"Turon Hotel","address":"Xonqa 107,Urganch 220 100,Uzbekistan","phones":"","fax":"","email":"","url":"","countryIso2":"UZ","countryName":"Uzbekistan","hotelRating":"1","latitude":"41.5437","longitude":"60.6227","state_id":null,"state_name":null,"country_id":null}]