[{"active":false,"Giataid":"3821","cityId":null,"cityName":"Cape Estate","hotelId":3821,"hotelName":"Royalton Saint Lucia","address":"Cap Estate,Gros Islet,Saint Lucia","phones":"+17587311000","fax":"","email":"","url":"","countryIso2":"LC","countryName":"Saint Lucia","hotelRating":"4","latitude":"14.0976","longitude":"-60.9497","state_id":null,"state_name":null,"country_id":null},{"active":false,"Giataid":"6923","cityId":null,"cityName":"Cape Estate","hotelId":6923,"hotelName":"The Orange Grove","address":"","phones":"","fax":"","email":"","url":"","countryIso2":"LC","countryName":"Saint Lucia","hotelRating":"4","latitude":"14.0976","longitude":"-60.9478","state_id":null,"state_name":null,"country_id":null},{"active":false,"Giataid":"9697","cityId":null,"cityName":"Cape Estate","hotelId":9697,"hotelName":"Capri","address":"12 Cap Drive,Cap Estate,Gros Islet,Saint Lucia","phones":"","fax":"","email":"","url":"","countryIso2":"LC","countryName":"Saint Lucia","hotelRating":"3","latitude":"0","longitude":"0","state_id":null,"state_name":null,"country_id":null},{"active":false,"Giataid":"9697","cityId":null,"cityName":"Cape Estate","hotelId":9697,"hotelName":"Capri","address":"12 Cap Drive,Cap Estate,Gros Islet,Saint Lucia","phones":"","fax":"","email":"","url":"","countryIso2":"LC","countryName":"Saint Lucia","hotelRating":"3","latitude":"0","longitude":"0","state_id":null,"state_name":null,"country_id":null},{"active":false,"Giataid":"15003","cityId":null,"cityName":"St. Lucia","hotelId":15003,"hotelName":"Sugar Beach, A Viceroy Resort","address":"Val des Pitons,PO Box 251,La Baie de Silence,Soufriere,Saint Lucia","phones":"+17584568000","fax":"+17584597667","email":"nicholas@thejalousieplantation.com","url":"http://www.jalousieplantation.com/","countryIso2":"LC","countryName":"Saint Lucia","hotelRating":"5","latitude":"13.8282","longitude":"-61.0602","state_id":null,"state_name":null,"country_id":null},{"active":false,"Giataid":"16164","cityId":null,"cityName":"Cape Estate","hotelId":16164,"hotelName":"BodyHoliday","address":"Cariblue Beach,Cap Estate,Castries,Saint Lucia,West Indies,Saint Lucia","phones":"+17584577819","fax":"+17584500171","email":"reservations@thebodyholiday.com","url":"http://www.thebodyholiday.com","countryIso2":"LC","countryName":"Saint Lucia","hotelRating":"4","latitude":"14.1032","longitude":"-60.9472","state_id":null,"state_name":null,"country_id":null},{"active":false,"Giataid":"16900","cityId":null,"cityName":"St. Lucia","hotelId":16900,"hotelName":"Marigot Beach Club Hotel & Dive Resort","address":"Marigot Bay,Castries 123,St. Lucia,Saint Lucia","phones":"+17584514974","fax":"+17584514973","email":"reservations@marigotbeachclub.com","url":"http://www.marigotdiveresort.com","countryIso2":"LC","countryName":"Saint Lucia","hotelRating":"3","latitude":"13.9679","longitude":"-61.0257","state_id":null,"state_name":null,"country_id":null},{"active":false,"Giataid":"20162","cityId":null,"cityName":"Malabar Beach","hotelId":20162,"hotelName":"Rendezvous","address":"Malabar Beach,PO Box 190,Castries,Saint Lucia","phones":"+17584577900","fax":"+17584527419","email":"reservations@theromanticholiday.com","url":"http://www.theromanticholiday.com/60/The_Romantic_Holiday_Home.htm","countryIso2":"LC","countryName":"Saint Lucia","hotelRating":"4","latitude":"14.0233","longitude":"-60.9845","state_id":null,"state_name":null,"country_id":null},{"active":false,"Giataid":"24470","cityId":null,"cityName":"La Brelotte Bay","hotelId":24470,"hotelName":"Windjammer Landing Villa Beach Resort","address":"P.O.Box 1504,Labrelotte Bay,Castries,Saint Lucia","phones":"+175818775220722","fax":"+17584529454","email":"reservations@windjammer-landing.com","url":"http://www.windjammer-landing.com","countryIso2":"LC","countryName":"Saint Lucia","hotelRating":"4","latitude":"14.0588","longitude":"-60.9744","state_id":null,"state_name":null,"country_id":null},{"active":false,"Giataid":"373453","cityId":null,"cityName":"St. Lucia","hotelId":373453,"hotelName":"Still Beach Resort","address":"","phones":"","fax":"","email":"","url":"","countryIso2":"LC","countryName":"Saint Lucia","hotelRating":"1","latitude":"13.9853","longitude":"-60.9819","state_id":null,"state_name":null,"country_id":null},{"active":false,"Giataid":"456585","cityId":null,"cityName":"Marigot Bay","hotelId":456585,"hotelName":"JJ's Paradise Hotel","address":"Marigot Bay,Saint Lucia","phones":"+17584514761","fax":"","email":"info@jjsparadise.com","url":"http://www.jjsparadise.com","countryIso2":"LC","countryName":"Saint Lucia","hotelRating":"3","latitude":"13.9651","longitude":"-61.0212","state_id":null,"state_name":null,"country_id":null},{"active":false,"Giataid":"498514","cityId":null,"cityName":"St. Lucia","hotelId":498514,"hotelName":"Mango Beach Resort","address":"Saint Lucia,Marigot Bay,Saint Lucia","phones":"","fax":"","email":"","url":"","countryIso2":"LC","countryName":"Saint Lucia","hotelRating":"1","latitude":"13.9649","longitude":"-61.0265","state_id":null,"state_name":null,"country_id":null},{"active":false,"Giataid":"500599","cityId":null,"cityName":"Marigot Bay","hotelId":500599,"hotelName":"FSJ House","address":"","phones":"","fax":"","email":"","url":"","countryIso2":"LC","countryName":"Saint Lucia","hotelRating":"1","latitude":"13.9649","longitude":"-61.0265","state_id":null,"state_name":null,"country_id":null},{"active":false,"Giataid":"500800","cityId":null,"cityName":"Cape Estate","hotelId":500800,"hotelName":"Anantha Asmani Villa","address":"","phones":"","fax":"","email":"","url":"","countryIso2":"LC","countryName":"Saint Lucia","hotelRating":"1","latitude":"14.0976","longitude":"-60.9478","state_id":null,"state_name":null,"country_id":null},{"active":false,"Giataid":"500883","cityId":null,"cityName":"Marigot Bay","hotelId":500883,"hotelName":"Villa Ashiana","address":"","phones":"","fax":"","email":"","url":"","countryIso2":"LC","countryName":"Saint Lucia","hotelRating":"1","latitude":"13.9649","longitude":"-61.0265","state_id":null,"state_name":null,"country_id":null},{"active":false,"Giataid":"508979","cityId":null,"cityName":"Cape Estate","hotelId":508979,"hotelName":"South Sea House","address":"South Hills","phones":"","fax":"","email":"","url":"","countryIso2":"LC","countryName":"Saint Lucia","hotelRating":"3","latitude":"14.0898","longitude":"-60.9388","state_id":null,"state_name":null,"country_id":null},{"active":false,"Giataid":"529083","cityId":null,"cityName":"Marigot Bay","hotelId":529083,"hotelName":"Blue Heaven","address":"","phones":"","fax":"","email":"","url":"","countryIso2":"LC","countryName":"Saint Lucia","hotelRating":"1","latitude":"13.9649","longitude":"-61.0265","state_id":null,"state_name":null,"country_id":null},{"active":false,"Giataid":"529276","cityId":null,"cityName":"Marigot Bay","hotelId":529276,"hotelName":"Cliff House","address":"Marigot Bay,Saint Lucia","phones":"+17584527921","fax":"+17584527921","email":"info@cliff-house.com","url":"http://www.cliff-house.com/","countryIso2":"LC","countryName":"Saint Lucia","hotelRating":"1","latitude":"13.9649","longitude":"-61.0265","state_id":null,"state_name":null,"country_id":null},{"active":false,"Giataid":"555488","cityId":null,"cityName":"St. Lucia","hotelId":555488,"hotelName":"Balenbouche Estate","address":"","phones":"","fax":"","email":"","url":"","countryIso2":"LC","countryName":"Saint Lucia","hotelRating":"3","latitude":"13.9853","longitude":"-60.9819","state_id":null,"state_name":null,"country_id":null},{"active":false,"Giataid":"560313","cityId":null,"cityName":"Cape Estate","hotelId":560313,"hotelName":"Hideaway at Royalton Saint Lucia","address":"Cap Estate,Gros Islet,Saint Lucia","phones":"+175818887740040","fax":"","email":"reservations2@vacationstoremiami.com","url":"http://www.hideawayroyaltonsaintlucia.com","countryIso2":"LC","countryName":"Saint Lucia","hotelRating":"5","latitude":"14.0973","longitude":"-60.9505","state_id":null,"state_name":null,"country_id":null},{"active":false,"Giataid":"596969","cityId":null,"cityName":"Cape Estate","hotelId":596969,"hotelName":"Les Chaudieres","address":"","phones":"","fax":"","email":"","url":"","countryIso2":"LC","countryName":"Saint Lucia","hotelRating":"1","latitude":"14.0976","longitude":"-60.9478","state_id":null,"state_name":null,"country_id":null},{"active":false,"Giataid":"725732","cityId":null,"cityName":"Cape Estate","hotelId":725732,"hotelName":"Villa Hall","address":"Smuggler's Cove Drive,00124 Cap Estate,Saint Lucia","phones":"","fax":"","email":"","url":"","countryIso2":"LC","countryName":"Saint Lucia","hotelRating":"1","latitude":"14.0976","longitude":"-60.9478","state_id":null,"state_name":null,"country_id":null},{"active":false,"Giataid":"588787","cityId":null,"cityName":"Marigot Bay","hotelId":10056485,"hotelName":"Nature's Paradise","address":"1 Marigot Heights,Marigot Bay,St. Lucia,Saint Lucia","phones":"","fax":"","email":"","url":"","countryIso2":"LC","countryName":"Saint Lucia","hotelRating":"3","latitude":"13.962","longitude":"-61.031","state_id":null,"state_name":null,"country_id":null},{"active":false,"Giataid":"495688","cityId":null,"cityName":"Cape Estate","hotelId":10056760,"hotelName":"Zara Villas","address":"Belle Vue","phones":"","fax":"","email":"","url":"","countryIso2":"LC","countryName":"Saint Lucia","hotelRating":"4","latitude":"14.0976","longitude":"-60.9478","state_id":null,"state_name":null,"country_id":null},{"active":false,"Giataid":"423485","cityId":null,"cityName":"St. Lucia","hotelId":10057199,"hotelName":"C'est La Vie","address":"Trouya Pointe,Saint Lucia","phones":"+17584520933","fax":"","email":"","url":"","countryIso2":"LC","countryName":"Saint Lucia","hotelRating":"4","latitude":"14.0669","longitude":"-60.951","state_id":null,"state_name":null,"country_id":null},{"active":false,"Giataid":"496281","cityId":null,"cityName":"Cape Estate","hotelId":10062179,"hotelName":"Belle Kaye","address":"Castries-Gros Islet Hwy,Gros Islet,Cap Estate,Saint Lucia","phones":"+17585185865","fax":"","email":"","url":"","countryIso2":"LC","countryName":"Saint Lucia","hotelRating":"2","latitude":"14.091","longitude":"-60.9487","state_id":null,"state_name":null,"country_id":null},{"active":false,"Giataid":"8295","cityId":null,"cityName":"St. Lucia","hotelId":10067640,"hotelName":"Auberge Seraphine","address":"Vielle Bay,Pointe Seraphine,PO Box 390,Castries,Saint Lucia","phones":"+17584532073","fax":"","email":"","url":"","countryIso2":"LC","countryName":"Saint Lucia","hotelRating":"3","latitude":"14.0169","longitude":"-60.9944","state_id":null,"state_name":null,"country_id":null},{"active":false,"Giataid":"197223","cityId":null,"cityName":"Choc Bay","hotelId":10102014,"hotelName":"Villa Beach Cottages","address":"P.O. Box 129,Choc Bay,Castries,Windward Islands,Saint Lucia","phones":"+17584502884","fax":"NULL","email":"NULL","url":"NULL","countryIso2":"LC","countryName":"Saint Lucia","hotelRating":"3","latitude":"14.0341","longitude":"-60.9737","state_id":null,"state_name":null,"country_id":null},{"active":false,"Giataid":"509565","cityId":null,"cityName":"Marigot Bay","hotelId":10102466,"hotelName":"Villa Susanna","address":"Marigot Bay,St. Lucia,Castries,Saint Lucia","phones":"NULL","fax":"NULL","email":"NULL","url":"NULL","countryIso2":"LC","countryName":"Saint Lucia","hotelRating":"4","latitude":"13.9649","longitude":"-61.0265","state_id":null,"state_name":null,"country_id":null},{"active":false,"Giataid":"285894","cityId":null,"cityName":"Cape Estate","hotelId":20000893,"hotelName":"Tropical Breeze Guest House","address":"38 Marcie Street,Cap Estate L5R 3Z5,Saint Lucia","phones":"+17584500589","fax":"","email":"tropical_breeze_98@yahoo.com","url":"http://www.tropicalbreezeresorts.com","countryIso2":"LC","countryName":"Saint Lucia","hotelRating":"0","latitude":"14.0816","longitude":"-60.9484","state_id":null,"state_name":null,"country_id":null},{"active":false,"Giataid":"529072","cityId":null,"cityName":"Cape Estate","hotelId":20001063,"hotelName":"Villa Atlantis","address":"Golf Ridge,Cap Estate,Saint Lucia","phones":"","fax":"","email":"","url":"","countryIso2":"LC","countryName":"Saint Lucia","hotelRating":"0","latitude":"14.0933","longitude":"-60.9416","state_id":null,"state_name":null,"country_id":null},{"active":false,"Giataid":"725702","cityId":null,"cityName":"Marigot Bay","hotelId":20004325,"hotelName":"Treetops Apartments","address":"Paradise Lane,Marigot Bay,Saint Lucia","phones":"","fax":"","email":"","url":"","countryIso2":"LC","countryName":"Saint Lucia","hotelRating":"0","latitude":"13.9644","longitude":"-61.0205","state_id":null,"state_name":null,"country_id":null},{"active":false,"Giataid":"724445","cityId":null,"cityName":"St. Lucia","hotelId":20005142,"hotelName":"Heavenly Suites","address":"Mount Castagniere Gros Islet,La Feuillet,Saint Lucia,Saint Lucia","phones":"+17582851139","fax":"","email":"lawrence.nervais@gmail.com","url":"http://www.heavenlystlucia.com/","countryIso2":"LC","countryName":"Saint Lucia","hotelRating":"0","latitude":"13.9853","longitude":"-60.9819","state_id":null,"state_name":null,"country_id":null},{"active":false,"Giataid":"376272","cityId":null,"cityName":"St. Lucia","hotelId":20005646,"hotelName":"Beachcross Villa Apartments","address":"Reduit Beach Avenue,P.O.Box GM 508,Castries,St. Lucia,West Indies,Saint Lucia","phones":"+17584528553","fax":"+17584528553","email":"reservations@beachcrossvillaapartments.com","url":"http://www.beachcrossvillas.com","countryIso2":"LC","countryName":"Saint Lucia","hotelRating":"2","latitude":"14.0755","longitude":"-60.9538","state_id":null,"state_name":null,"country_id":null},{"active":false,"Giataid":"529060","cityId":null,"cityName":"Marigot Bay","hotelId":20005850,"hotelName":"Villa Pomme d'Amour","address":"Marigot,Marigot Bay,Saint Lucia","phones":"+17584515189","fax":"","email":"info@villapommedamour.com","url":"http://villapommedamour.com/","countryIso2":"LC","countryName":"Saint Lucia","hotelRating":"0","latitude":"13.9649","longitude":"-61.0265","state_id":null,"state_name":null,"country_id":null},{"active":false,"Giataid":"9697","cityId":null,"cityName":"Cape Estate","hotelId":20006753,"hotelName":"Villa Capri","address":"12 Cap Drive,Cap Estate,Gros Islet,Saint Lucia","phones":"","fax":"","email":"","url":"","countryIso2":"LC","countryName":"Saint Lucia","hotelRating":"0","latitude":"14.071","longitude":"-60.9506","state_id":null,"state_name":null,"country_id":null},{"active":false,"Giataid":"9697","cityId":null,"cityName":"Cape Estate","hotelId":20006753,"hotelName":"Villa Capri","address":"12 Cap Drive,Cap Estate,Gros Islet,Saint Lucia","phones":"","fax":"","email":"","url":"","countryIso2":"LC","countryName":"Saint Lucia","hotelRating":"0","latitude":"14.071","longitude":"-60.9506","state_id":null,"state_name":null,"country_id":null},{"active":false,"Giataid":"285893","cityId":null,"cityName":"Cape Estate","hotelId":20007116,"hotelName":"Hotel Chez Marie Alish","address":"Massade,P.O. Box RB 2540,Gros Islet,Saint Lucia","phones":"+17584500482","fax":"+17584508279","email":"chezmariealish@hotmail.com","url":"http://chezmariealish.tripod.com","countryIso2":"LC","countryName":"Saint Lucia","hotelRating":"3","latitude":"14.0812","longitude":"-60.9478","state_id":null,"state_name":null,"country_id":null},{"active":false,"Giataid":"724790","cityId":null,"cityName":"Marigot Bay","hotelId":20007447,"hotelName":"Tropical Paradise View","address":"Au Tabor,Anse La Raye,LC 08101 Marigot Bay,Saint Lucia","phones":"","fax":"","email":"","url":"","countryIso2":"LC","countryName":"Saint Lucia","hotelRating":"0","latitude":"13.9649","longitude":"-61.0265","state_id":null,"state_name":null,"country_id":null},{"active":false,"Giataid":"899087","cityId":null,"cityName":"Marigot Bay","hotelId":20349537,"hotelName":"Villa Isis","address":"Seaview Avenue 183-33,Marigot Bay,Saint Lucia","phones":"","fax":"","email":"","url":"","countryIso2":"LC","countryName":"Saint Lucia","hotelRating":"0","latitude":"13.9649","longitude":"-61.0265","state_id":null,"state_name":null,"country_id":null},{"active":false,"Giataid":"870702","cityId":null,"cityName":"St. Lucia","hotelId":20349538,"hotelName":"Island Mix Room","address":"Rodney Bay,Saint Lucia,Saint Lucia","phones":"","fax":"","email":"","url":"","countryIso2":"LC","countryName":"Saint Lucia","hotelRating":"0","latitude":"13.9853","longitude":"-60.9819","state_id":null,"state_name":null,"country_id":null},{"active":false,"Giataid":"905671","cityId":null,"cityName":"Cape Estate","hotelId":20349545,"hotelName":"Tranquil Sunset","address":"6 Golf Park Road,Cap Estate,Saint Lucia","phones":"","fax":"","email":"","url":"","countryIso2":"LC","countryName":"Saint Lucia","hotelRating":"0","latitude":"14.093","longitude":"-60.9446","state_id":null,"state_name":null,"country_id":null},{"active":false,"Giataid":"755662","cityId":null,"cityName":"Marigot Bay","hotelId":20349548,"hotelName":"The Villa On The Bay","address":"123 Seaview Avenue,Marigot Bay,St. Lucia,Saint Lucia","phones":"","fax":"","email":"","url":"","countryIso2":"LC","countryName":"Saint Lucia","hotelRating":"0","latitude":"13.9649","longitude":"-61.0265","state_id":null,"state_name":null,"country_id":null},{"active":false,"Giataid":"868799","cityId":null,"cityName":"St. Lucia","hotelId":20349551,"hotelName":"Bay Court Inn","address":"Rodney Bay,Baywalk Mall Avenue,St. Lucia,Saint Lucia","phones":"+17582854245","fax":"","email":"reservations@baycourtinn.com","url":"http://www.baycourtinn.com/","countryIso2":"LC","countryName":"Saint Lucia","hotelRating":"0","latitude":"13.9853","longitude":"-60.9819","state_id":null,"state_name":null,"country_id":null},{"active":false,"Giataid":"956912","cityId":null,"cityName":"Marigot Bay","hotelId":20412736,"hotelName":"Mango Mansion Marigot Bay","address":"Marigot Bay,Saint Lucia,Saint Lucia","phones":"","fax":"","email":"","url":"","countryIso2":"LC","countryName":"Saint Lucia","hotelRating":"1","latitude":"13.9649","longitude":"-61.0265","state_id":null,"state_name":null,"country_id":null},{"active":false,"Giataid":"956938","cityId":null,"cityName":"Choc Bay","hotelId":20412737,"hotelName":"Pastoral Retreat & Conference Centre Marisule","address":"Marisule Gros Islet,PO Box  GM 592,Choc,Saint Lucia","phones":"","fax":"","email":"","url":"","countryIso2":"LC","countryName":"Saint Lucia","hotelRating":"1","latitude":"14.0337","longitude":"-60.9702","state_id":null,"state_name":null,"country_id":null}]