[{"active":false,"Giataid":"427443","cityId":9763,"cityName":"Bujumbura","hotelId":427443,"hotelName":"Sun Safari Club Hotel","address":"Rohero I,Avenue Mao Tse Toung P 04,Bujumbura,Burundi","phones":"","fax":"","email":"","url":"","countryIso2":"BI","countryName":"Burundi","hotelRating":"4","latitude":"-3.38642","longitude":"29.3798","state_id":3198,"state_name":"Bujumbura Mairie Province","country_id":36},{"active":false,"Giataid":"446982","cityId":9763,"cityName":"Bujumbura","hotelId":446982,"hotelName":"Kiriri Residence","address":"","phones":"","fax":"","email":"","url":"","countryIso2":"BI","countryName":"Burundi","hotelRating":"1","latitude":"-3.38522","longitude":"29.3729","state_id":3198,"state_name":"Bujumbura Mairie Province","country_id":36},{"active":false,"Giataid":"485889","cityId":9763,"cityName":"Bujumbura","hotelId":485889,"hotelName":"Hotel de la Palmeraie","address":"Avenue Du Large,B.P. 2710,Bujumbura,Burundi","phones":"+25778600000","fax":"+25778600001","email":"reservation@lapalmeraie-hotel.com","url":"http://www.lapalmeraie-hotel.com","countryIso2":"BI","countryName":"Burundi","hotelRating":"1","latitude":"-3.39674","longitude":"29.3515","state_id":3198,"state_name":"Bujumbura Mairie Province","country_id":36},{"active":false,"Giataid":"545678","cityId":9763,"cityName":"Bujumbura","hotelId":545678,"hotelName":"Mountain's View Hotel Burundi","address":"Sororezo N? 06,Bujumbura,Burundi","phones":"+25722278150","fax":"","email":"info@mountainsviewhotel.bi","url":"http://www.mountainsviewhotel.bi","countryIso2":"BI","countryName":"Burundi","hotelRating":"3","latitude":"-3.39136","longitude":"29.3608","state_id":3198,"state_name":"Bujumbura Mairie Province","country_id":36},{"active":false,"Giataid":"581625","cityId":9763,"cityName":"Bujumbura","hotelId":581625,"hotelName":"Hotel Ubuntu Residence","address":"Avenue de la Plage,B.P. 377,Bujumbura,Burundi,Burundi","phones":"+25722244065","fax":"+25722244066","email":"contact@ubunturesidence.com","url":"http://www.ubunturesidence.com","countryIso2":"BI","countryName":"Burundi","hotelRating":"1","latitude":"-3.38341","longitude":"29.3504","state_id":3198,"state_name":"Bujumbura Mairie Province","country_id":36},{"active":false,"Giataid":"581971","cityId":9763,"cityName":"Bujumbura","hotelId":581971,"hotelName":"City Hill Hotel","address":"Boulevard du 28 Novembre,Chauss?e Prince Rwagasore,Rohero,Bujumbura,Burundi","phones":"+25722277784","fax":"","email":"info@cityhillhotel.com","url":"http://www.cityhillhotel.com/","countryIso2":"BI","countryName":"Burundi","hotelRating":"1","latitude":"-3.38724","longitude":"29.3827","state_id":3198,"state_name":"Bujumbura Mairie Province","country_id":36},{"active":false,"Giataid":"581976","cityId":9763,"cityName":"Bujumbura","hotelId":581976,"hotelName":"Hotel Belair Residence","address":"18 Avenue Bel Air,Kiriri,Post Box 6984,Bujumbura,Burundi","phones":"+25722254317","fax":"+25722258351","email":"info@hotelbelairbujumbura.com","url":"http://www.hotelbelair.bi/","countryIso2":"BI","countryName":"Burundi","hotelRating":"1","latitude":"-3.38541","longitude":"29.386","state_id":3198,"state_name":"Bujumbura Mairie Province","country_id":36},{"active":false,"Giataid":"581980","cityId":9763,"cityName":"Bujumbura","hotelId":581980,"hotelName":"Gahahe Hill's Hotel","address":"Commune Rohero,Quartier Sororezo,Bujumbura,Burundi","phones":"","fax":"","email":"","url":"","countryIso2":"BI","countryName":"Burundi","hotelRating":"1","latitude":"-3.38082","longitude":"29.3853","state_id":3198,"state_name":"Bujumbura Mairie Province","country_id":36},{"active":false,"Giataid":"584042","cityId":9763,"cityName":"Bujumbura","hotelId":584042,"hotelName":"Vaya Residence Apartments","address":"Chausse Prince Louis,Bujumbura,Burundi","phones":"+25722228231","fax":"","email":"vayaburundi@yahoo.fr","url":"http://vayahotel.onlc.fr/","countryIso2":"BI","countryName":"Burundi","hotelRating":"1","latitude":"-3.38522","longitude":"29.3729","state_id":3198,"state_name":"Bujumbura Mairie Province","country_id":36},{"active":false,"Giataid":"614662","cityId":9763,"cityName":"Bujumbura","hotelId":614662,"hotelName":"Vaya Apartments Services","address":"Kiriri,Chausse Prince Louis Rwagasore,Near of Unity Monument,Bujumbura,Burundi","phones":"","fax":"","email":"","url":"","countryIso2":"BI","countryName":"Burundi","hotelRating":"1","latitude":"-3.39353","longitude":"29.3894","state_id":3198,"state_name":"Bujumbura Mairie Province","country_id":36},{"active":false,"Giataid":"615171","cityId":9763,"cityName":"Bujumbura","hotelId":615171,"hotelName":"Le Panoramique Hotel by Celexon","address":"Avenue de Ja Jrr 7,B.P. 381,Bujumbura,Burundi","phones":"+25722278582","fax":"","email":"info@celexonhotel.com","url":"http://www.celexonhotel.com","countryIso2":"BI","countryName":"Burundi","hotelRating":"1","latitude":"-3.38781","longitude":"29.3697","state_id":3198,"state_name":"Bujumbura Mairie Province","country_id":36},{"active":false,"Giataid":"670988","cityId":9763,"cityName":"Bujumbura","hotelId":670988,"hotelName":"Yombe Palace Hotel","address":"Avenue Du Large,Kabondo Quarter,Lane Kanzigiri,Bujumbura,Burundi","phones":"+25722255852","fax":"","email":"","url":"http://www.hotelyombepalace.com/","countryIso2":"BI","countryName":"Burundi","hotelRating":"1","latitude":"-3.38522","longitude":"29.3729","state_id":3198,"state_name":"Bujumbura Mairie Province","country_id":36},{"active":false,"Giataid":"670987","cityId":9763,"cityName":"Bujumbura","hotelId":670987,"hotelName":"Havila Residence Hotel","address":"40 Avenue Ntwarante,Kinindo,Bujumbura,Burundi","phones":"+25722278395","fax":"","email":"info@havilaresidencehotel.co.bi","url":"http://www.havilaresidencehotel.co.bi/index.php/en/","countryIso2":"BI","countryName":"Burundi","hotelRating":"1","latitude":"-3.38522","longitude":"29.3729","state_id":3198,"state_name":"Bujumbura Mairie Province","country_id":36},{"active":false,"Giataid":"724379","cityId":9763,"cityName":"Bujumbura","hotelId":724379,"hotelName":"Martha Hotel","address":"Chaussee Prince Louis Rwagasore 84,Bujumbura,Burundi,Burundi","phones":"","fax":"","email":"","url":"","countryIso2":"BI","countryName":"Burundi","hotelRating":"1","latitude":"-3.38902","longitude":"29.3799","state_id":3198,"state_name":"Bujumbura Mairie Province","country_id":36},{"active":false,"Giataid":"732786","cityId":9763,"cityName":"Bujumbura","hotelId":732786,"hotelName":"Tiger's Apartment Hotel","address":"Avenue Saga,Near the  Fitness Pool,Kinanira III,Bujumbura,Burundi","phones":"+25722279500","fax":"","email":"info@tigerapartmenthotel.bi","url":"http://www.tigerapartmenthotel.bi","countryIso2":"BI","countryName":"Burundi","hotelRating":"1","latitude":"-3.38522","longitude":"29.3729","state_id":3198,"state_name":"Bujumbura Mairie Province","country_id":36},{"active":false,"Giataid":"733143","cityId":9763,"cityName":"Bujumbura","hotelId":733143,"hotelName":"Kiriri Garden Hotel","address":"12 Avenue Belv?d?re,Kiriri,Bujumbura 00960,Burundi","phones":"+25722251490","fax":"","email":"bookings@kiririgardenhotel.com","url":"http://kiririgardenhotel.com","countryIso2":"BI","countryName":"Burundi","hotelRating":"1","latitude":"-3.38522","longitude":"29.3729","state_id":3198,"state_name":"Bujumbura Mairie Province","country_id":36},{"active":false,"Giataid":"737600","cityId":9763,"cityName":"Bujumbura","hotelId":737600,"hotelName":"Star Hotel","address":"47 Avenue du Peuple Murundi,Bujumbura 7023,Burundi","phones":"","fax":"","email":"","url":"","countryIso2":"BI","countryName":"Burundi","hotelRating":"1","latitude":"-3.38522","longitude":"29.3729","state_id":3198,"state_name":"Bujumbura Mairie Province","country_id":36},{"active":false,"Giataid":"766672","cityId":9763,"cityName":"Bujumbura","hotelId":766672,"hotelName":"New Parador Residence","address":"Boulevard Du 28 Novembre 46,Bujumbura,Burundi","phones":"","fax":"","email":"","url":"","countryIso2":"BI","countryName":"Burundi","hotelRating":"1","latitude":"-3.38984","longitude":"29.3819","state_id":3198,"state_name":"Bujumbura Mairie Province","country_id":36},{"active":false,"Giataid":"766765","cityId":9763,"cityName":"Bujumbura","hotelId":766765,"hotelName":"Hotel Botanika","address":"Boulevard de l'Uprona 11,Bujumbura,Burundi","phones":"+25722226792","fax":"","email":"","url":"http://www.hotelbotanika.com","countryIso2":"BI","countryName":"Burundi","hotelRating":"1","latitude":"-3.38522","longitude":"29.3729","state_id":3198,"state_name":"Bujumbura Mairie Province","country_id":36},{"active":false,"Giataid":"766926","cityId":9763,"cityName":"Bujumbura","hotelId":766926,"hotelName":"Dorado Hotel","address":"Avenue de l'Industrie,Bujumbura,Burundi","phones":"","fax":"","email":"","url":"","countryIso2":"BI","countryName":"Burundi","hotelRating":"1","latitude":"-3.38522","longitude":"29.3729","state_id":3198,"state_name":"Bujumbura Mairie Province","country_id":36},{"active":false,"Giataid":"766984","cityId":9763,"cityName":"Bujumbura","hotelId":766984,"hotelName":"Agasago Hotel","address":"Avenue Mumirwa 67,Bujumbura,Burundi","phones":"","fax":"","email":"","url":"","countryIso2":"BI","countryName":"Burundi","hotelRating":"1","latitude":"-3.38522","longitude":"29.3729","state_id":3198,"state_name":"Bujumbura Mairie Province","country_id":36},{"active":false,"Giataid":"767245","cityId":9763,"cityName":"Bujumbura","hotelId":767245,"hotelName":"Hotel Safari Gate","address":"Avenue du Large,PO Box 6909,Bujumbura,Burundi","phones":"+25722214779","fax":"+25722214780","email":"","url":"http://www.hotelsafarigate.com/en","countryIso2":"BI","countryName":"Burundi","hotelRating":"1","latitude":"-3.38964","longitude":"29.3509","state_id":3198,"state_name":"Bujumbura Mairie Province","country_id":36},{"active":false,"Giataid":"767270","cityId":9763,"cityName":"Bujumbura","hotelId":767270,"hotelName":"Pearl Residence Hotel","address":"8 Avenue de la Plage,Bujumbura,Burundi","phones":"+25722277309","fax":"","email":"info@pearlresidencehotel.bi","url":"http://www.burundipearl.com","countryIso2":"BI","countryName":"Burundi","hotelRating":"1","latitude":"-3.38522","longitude":"29.3729","state_id":3198,"state_name":"Bujumbura Mairie Province","country_id":36},{"active":false,"Giataid":"767326","cityId":9763,"cityName":"Bujumbura","hotelId":767326,"hotelName":"Hotel Kangaroo","address":"Quartier Industriel 40,Bujumbura,Burundi","phones":"+25722279900","fax":"","email":"reservation@kangaroohotel.bi","url":"http://www.kangaroohotel.bi","countryIso2":"BI","countryName":"Burundi","hotelRating":"1","latitude":"-3.38522","longitude":"29.3729","state_id":3198,"state_name":"Bujumbura Mairie Province","country_id":36},{"active":false,"Giataid":"768263","cityId":9763,"cityName":"Bujumbura","hotelId":768263,"hotelName":"Clos Des Limbas Hotel","address":"KinaniraII Rue Des Limbas 4,Bujumbura,Burundi","phones":"+25722253000","fax":"","email":"info@limba-hotel.com","url":"http://www.limba-hotel.com","countryIso2":"BI","countryName":"Burundi","hotelRating":"1","latitude":"-3.38522","longitude":"29.3729","state_id":3198,"state_name":"Bujumbura Mairie Province","country_id":36},{"active":false,"Giataid":"467266","cityId":9763,"cityName":"Bujumbura","hotelId":10047545,"hotelName":"Hotel Dolce Vita Resort","address":"Avenue Mwungo, 43,Kigobe Sud,Bujumbura,Burundi","phones":"+25722258569","fax":"","email":"","url":"","countryIso2":"BI","countryName":"Burundi","hotelRating":"3","latitude":"-3.36411","longitude":"29.3788","state_id":3198,"state_name":"Bujumbura Mairie Province","country_id":36},{"active":false,"Giataid":"470656","cityId":9763,"cityName":"Bujumbura","hotelId":10048641,"hotelName":"King's Conference Centre","address":"B.P. 2260,Bujumbura,Burundi","phones":"+25722273636","fax":"","email":"","url":"","countryIso2":"BI","countryName":"Burundi","hotelRating":"3","latitude":"-3.40979","longitude":"29.3486","state_id":3198,"state_name":"Bujumbura Mairie Province","country_id":36},{"active":false,"Giataid":"427441","cityId":9763,"cityName":"Bujumbura","hotelId":10052174,"hotelName":"Jardin Tropical","address":"Avenue Buyongwe 12,Bujumbura,Burundi","phones":"+25775801017","fax":"","email":"","url":"","countryIso2":"BI","countryName":"Burundi","hotelRating":"3","latitude":"-3.37885","longitude":"29.3914","state_id":3198,"state_name":"Bujumbura Mairie Province","country_id":36},{"active":false,"Giataid":"485769","cityId":9763,"cityName":"Bujumbura","hotelId":10052469,"hotelName":"Best Outlook Hotel","address":"Chaussee du Prince Louis Rwagasore,PO Box 7377,Bujumbura,Burundi","phones":"","fax":"","email":"","url":"","countryIso2":"BI","countryName":"Burundi","hotelRating":"3","latitude":"-3.39145","longitude":"29.388","state_id":3198,"state_name":"Bujumbura Mairie Province","country_id":36},{"active":false,"Giataid":"476539","cityId":9763,"cityName":"Bujumbura","hotelId":10065041,"hotelName":"New Agena Hotel","address":"47 Sororezo,Bujumbura 6968,Bujumbura Mairie,Burundi","phones":"","fax":"","email":"","url":"","countryIso2":"BI","countryName":"Burundi","hotelRating":"3","latitude":"-3.38336","longitude":"29.3934","state_id":3198,"state_name":"Bujumbura Mairie Province","country_id":36},{"active":false,"Giataid":"485887","cityId":9763,"cityName":"Bujumbura","hotelId":10119872,"hotelName":"Goodlife Residence","address":"Rue Sororezo 32,Quartier Mutanga Sud,Bujumbura,Burundi","phones":"NULL","fax":"NULL","email":"NULL","url":"NULL","countryIso2":"BI","countryName":"Burundi","hotelRating":"3","latitude":"-3.38294","longitude":"29.3911","state_id":3198,"state_name":"Bujumbura Mairie Province","country_id":36},{"active":false,"Giataid":"510928","cityId":9763,"cityName":"Bujumbura","hotelId":10127917,"hotelName":"Kiriri Residence Hotel","address":"2191 Chaussee Du Prince Louis Rwagasore,Bujumbura 1466,Burundi","phones":"+25722242155","fax":"NULL","email":"NULL","url":"NULL","countryIso2":"BI","countryName":"Burundi","hotelRating":"3","latitude":"-3.38364","longitude":"29.3881","state_id":3198,"state_name":"Bujumbura Mairie Province","country_id":36}]