[{"active":false,"Giataid":"372276","cityId":null,"cityName":"New Abirem","hotelId":372276,"hotelName":"Beige Village Golf Resort And Spa","address":"Plot 72-89,50 metres from the District Police Station,New Abirem,Birim-North,Eastern Region,Ghana","phones":"+233202014371","fax":"","email":"","url":"","countryIso2":"GH","countryName":"Ghana","hotelRating":"3","latitude":"6.33839","longitude":"-0.997055","state_id":null,"state_name":null,"country_id":null},{"active":false,"Giataid":"461271","cityId":null,"cityName":"Bogoso","hotelId":461271,"hotelName":"Bogoso Golden Hotel","address":"Elcon Road,P.O BOX 18,Bogoso,Western Region,Ghana","phones":"+233312097995","fax":"","email":"info@bogosogoldenhotel.com","url":"http://bogosogoldenhotel.com","countryIso2":"GH","countryName":"Ghana","hotelRating":"3","latitude":"5.56435","longitude":"-2.0218","state_id":null,"state_name":null,"country_id":null},{"active":false,"Giataid":"464149","cityId":null,"cityName":"Amedzofe","hotelId":464149,"hotelName":"Abraerica Hospitalities","address":"P.O.Box MD 591,Madina,Accra,Amedzofe,Ghana","phones":"+233547752361","fax":"","email":"info@abraerica.com","url":"http://www.abraerica.com","countryIso2":"GH","countryName":"Ghana","hotelRating":"1","latitude":"6.86054","longitude":"0.432737","state_id":null,"state_name":null,"country_id":null},{"active":false,"Giataid":"464220","cityId":null,"cityName":"Denu","hotelId":464220,"hotelName":"Hotel Vilcabamba","address":"Denu,Volta Region,Ghana","phones":"+233208129877","fax":"","email":"vilcahot@yahoo.com","url":"http://www.hotelvilcabamba.com","countryIso2":"GH","countryName":"Ghana","hotelRating":"1","latitude":"6.09942","longitude":"1.15009","state_id":null,"state_name":null,"country_id":null},{"active":false,"Giataid":"464288","cityId":null,"cityName":"Afienya","hotelId":464288,"hotelName":"Alexis Hotel","address":"Tema - Akosombo Highway,Afienya,Ghana","phones":"+233548180170","fax":"","email":"info@alexishotelgh.com","url":"http://www.alexishotelgh.com","countryIso2":"GH","countryName":"Ghana","hotelRating":"2","latitude":"5.78553","longitude":"0.00208464","state_id":null,"state_name":null,"country_id":null},{"active":false,"Giataid":"556823","cityId":null,"cityName":"Ejisu","hotelId":556823,"hotelName":"Villa Sankofa Hotel","address":"Jamaica Road,Ejisu,Ghana","phones":"+233322195249","fax":"","email":"sales@villasankofa.com","url":"http://villasankofa.com/","countryIso2":"GH","countryName":"Ghana","hotelRating":"1","latitude":"6.72568","longitude":"-1.50142","state_id":null,"state_name":null,"country_id":null},{"active":false,"Giataid":"617247","cityId":null,"cityName":"Wiawso","hotelId":617247,"hotelName":"Minado Hotel","address":"Sefwi,PO Box 193,Wiawso,Ghana","phones":"","fax":"","email":"","url":"","countryIso2":"GH","countryName":"Ghana","hotelRating":"1","latitude":"0","longitude":"0","state_id":null,"state_name":null,"country_id":null},{"active":false,"Giataid":"617363","cityId":null,"cityName":"Abuakwa","hotelId":617363,"hotelName":"Best One Hotel Kumasi","address":"Daaban,Abuakwa,Kumasi,Ghana","phones":"","fax":"","email":"","url":"","countryIso2":"GH","countryName":"Ghana","hotelRating":"1","latitude":"6.70641","longitude":"-1.71709","state_id":null,"state_name":null,"country_id":null},{"active":false,"Giataid":"617421","cityId":null,"cityName":"Weija","hotelId":617421,"hotelName":"Brookvale Hotel","address":"Off Mallam Kasoa High Way,Sampa Valley,Near Old Barrier,Opposite Prudential Bank,Weija,Ghana","phones":"+233302853443","fax":"+233302853444","email":"info@brookvalehotel.com","url":"http://brookvalehotel.com","countryIso2":"GH","countryName":"Ghana","hotelRating":"1","latitude":"5.55407","longitude":"-0.316709","state_id":null,"state_name":null,"country_id":null},{"active":false,"Giataid":"617461","cityId":null,"cityName":"Kwabenya","hotelId":617461,"hotelName":"Grace Inn Hotel","address":"Awoshie Pokuase Road,Holy Hills,Kwabenya,Accra,Ghana","phones":"","fax":"","email":"","url":"","countryIso2":"GH","countryName":"Ghana","hotelRating":"1","latitude":"5.69048","longitude":"-0.249161","state_id":null,"state_name":null,"country_id":null},{"active":false,"Giataid":"617519","cityId":null,"cityName":"Essiama","hotelId":617519,"hotelName":"Yabah Hotel","address":"Ellembelle,Esiama,Ghana","phones":"","fax":"","email":"","url":"","countryIso2":"GH","countryName":"Ghana","hotelRating":"1","latitude":"4.9414","longitude":"-2.35871","state_id":null,"state_name":null,"country_id":null},{"active":false,"Giataid":"617521","cityId":null,"cityName":"Shama","hotelId":617521,"hotelName":"Veivaag Lodge","address":"Plot T8 Essipon Beach,Shama,Sekondi Takoradi,Ghana","phones":"","fax":"","email":"","url":"","countryIso2":"GH","countryName":"Ghana","hotelRating":"1","latitude":"4.9656","longitude":"-1.68059","state_id":null,"state_name":null,"country_id":null},{"active":false,"Giataid":"617539","cityId":null,"cityName":"Prampram","hotelId":617539,"hotelName":"City Escape Hotel Prampram","address":"Tema-Aflao Road,Miotso-Prampram,Prampram,Ghana","phones":"+233302999962","fax":"","email":"info@cityescapehotels.com","url":"http://www.cityescapehotels.com","countryIso2":"GH","countryName":"Ghana","hotelRating":"1","latitude":"5.72384","longitude":"0.122153","state_id":null,"state_name":null,"country_id":null},{"active":false,"Giataid":"617602","cityId":null,"cityName":"Pepease","hotelId":617602,"hotelName":"Modak Royal Hotel","address":"Modak,Pepiasi,Ghana","phones":"+233207377549","fax":"","email":"","url":"http://www.modakhotelghana.com/","countryIso2":"GH","countryName":"Ghana","hotelRating":"3","latitude":"6.6798","longitude":"-0.746422","state_id":null,"state_name":null,"country_id":null},{"active":false,"Giataid":"617610","cityId":null,"cityName":"Papao","hotelId":617610,"hotelName":"17 January Hotel","address":"Off Westlands Boulevard,West Legon,Papao,Ghana","phones":"","fax":"","email":"","url":"","countryIso2":"GH","countryName":"Ghana","hotelRating":"1","latitude":"5.65783","longitude":"-0.208103","state_id":null,"state_name":null,"country_id":null},{"active":false,"Giataid":"617710","cityId":null,"cityName":"Teshie","hotelId":617710,"hotelName":"Dikab hotel","address":"39 Teshie Tsui Bleoo,Near Lekma Hospital,Teshie,Ghana","phones":"","fax":"","email":"","url":"","countryIso2":"GH","countryName":"Ghana","hotelRating":"1","latitude":"5.59067","longitude":"-0.108506","state_id":null,"state_name":null,"country_id":null},{"active":false,"Giataid":"617461","cityId":null,"cityName":"Kwabenya","hotelId":659533,"hotelName":"Grace Inn Hotel","address":"Awoshie Pokuase Road,Holy Hills,Kwabenya,Accra,Ghana","phones":"","fax":"","email":"","url":"","countryIso2":"GH","countryName":"Ghana","hotelRating":"2","latitude":"5.69027","longitude":"-0.255258","state_id":null,"state_name":null,"country_id":null},{"active":false,"Giataid":"669769","cityId":null,"cityName":"Adenta","hotelId":669769,"hotelName":"Jayliz Lodge","address":"Atswei Street,Adenta West,Adenta,Ghana","phones":"+233289715028","fax":"","email":"jaylizlodge@gmail.com","url":"http://jaylizlodge.com/","countryIso2":"GH","countryName":"Ghana","hotelRating":"1","latitude":"5.70672","longitude":"-0.136161","state_id":null,"state_name":null,"country_id":null},{"active":false,"Giataid":"670170","cityId":null,"cityName":"Akwidaa","hotelId":670170,"hotelName":"The Akwidaa Inn","address":"Dixcove-Akwidaa Old Town Road,Akwidaa,Ghana","phones":"+233549158469","fax":"","email":"theakwidaainn@gmail.com","url":"http://akwidaainn.com","countryIso2":"GH","countryName":"Ghana","hotelRating":"1","latitude":"4.75871","longitude":"-2.02585","state_id":null,"state_name":null,"country_id":null},{"active":false,"Giataid":"670367","cityId":null,"cityName":"Dormaa Ahenkro","hotelId":670367,"hotelName":"William Guest House","address":"Box 95,Dormaa Ahenkro,Ghana","phones":"","fax":"","email":"","url":"","countryIso2":"GH","countryName":"Ghana","hotelRating":"1","latitude":"7.26214","longitude":"-2.86949","state_id":null,"state_name":null,"country_id":null},{"active":false,"Giataid":"677978","cityId":null,"cityName":"Mole National Park","hotelId":677978,"hotelName":"Zaina Lodge","address":"Tamale,Mole National Park,Northern Region,Ghana","phones":"+233303938736","fax":"","email":"info@zainalodge.com","url":"http://zainalodge.com","countryIso2":"GH","countryName":"Ghana","hotelRating":"3","latitude":"9.26947","longitude":"-1.83552","state_id":null,"state_name":null,"country_id":null},{"active":false,"Giataid":"685113","cityId":null,"cityName":"Ejisu","hotelId":685113,"hotelName":"Villa Sanfoka","address":"Jamaica Road,Kumasi,Ejisu,Ghana","phones":"+233322195249","fax":"","email":"sales@villasankofa.com","url":"http://www.villasankofa.info/","countryIso2":"GH","countryName":"Ghana","hotelRating":"3","latitude":"6.72567","longitude":"-1.50153","state_id":null,"state_name":null,"country_id":null},{"active":false,"Giataid":"699989","cityId":null,"cityName":"Kwabenya","hotelId":699989,"hotelName":"Ponderosa Travel Lodge","address":"3 Birim Street,Volta Avenue,Kwabenyan,Ghana","phones":"","fax":"","email":"","url":"","countryIso2":"GH","countryName":"Ghana","hotelRating":"3","latitude":"5.69036","longitude":"-0.252161","state_id":null,"state_name":null,"country_id":null},{"active":false,"Giataid":"726095","cityId":null,"cityName":"Adenta","hotelId":726095,"hotelName":"Rasta Tee's Place","address":"33 Plantain Road,Lakeside Estate,Ashaley Botwe,Adenta,Ghana","phones":"","fax":"","email":"","url":"","countryIso2":"GH","countryName":"Ghana","hotelRating":"2","latitude":"5.70672","longitude":"-0.136161","state_id":null,"state_name":null,"country_id":null},{"active":false,"Giataid":"726834","cityId":null,"cityName":"Adenta","hotelId":726834,"hotelName":"The Whitestone Inn","address":"Madina Redco Warehouse,North Legon Extension,Adentan,Ghana","phones":"","fax":"","email":"","url":"","countryIso2":"GH","countryName":"Ghana","hotelRating":"3","latitude":"5.70672","longitude":"-0.136161","state_id":null,"state_name":null,"country_id":null},{"active":false,"Giataid":"728690","cityId":null,"cityName":"Gomoa Fetteh","hotelId":728690,"hotelName":"Tills Beach Hotel","address":"Beachway,Gomoa Fetteh,Ghana","phones":"+233242855035","fax":"","email":"tillsbeachresort@outlook.com","url":"http://www.tillsbeachhotel.com","countryIso2":"GH","countryName":"Ghana","hotelRating":"3","latitude":"5.41625","longitude":"-0.467349","state_id":null,"state_name":null,"country_id":null},{"active":false,"Giataid":"734912","cityId":null,"cityName":"Adenta","hotelId":734912,"hotelName":"Godville Guesthouse","address":"Adjei Kofi Link,New Legon,Accra,Ghana","phones":"","fax":"","email":"","url":"http://www.godvilleguesthouse.com","countryIso2":"GH","countryName":"Ghana","hotelRating":"3","latitude":"5.70672","longitude":"-0.136161","state_id":null,"state_name":null,"country_id":null},{"active":false,"Giataid":"740613","cityId":null,"cityName":"Adenta","hotelId":740613,"hotelName":"Peemarys Hotel","address":"Fosters Junction,Frafraha,Accra,Adenta,Ghana","phones":"+233303970793","fax":"","email":"","url":"http://www.peemaryshotel.com/","countryIso2":"GH","countryName":"Ghana","hotelRating":"3","latitude":"5.70672","longitude":"-0.136161","state_id":null,"state_name":null,"country_id":null},{"active":false,"Giataid":"741640","cityId":null,"cityName":"Ejisu","hotelId":741640,"hotelName":"Franbec Hotel","address":"Ejisu Konongo Road,Kumasi Accra Highway,Besease,Ejisu,Ghana","phones":"","fax":"","email":"","url":"","countryIso2":"GH","countryName":"Ghana","hotelRating":"2","latitude":"6.72555","longitude":"-1.44413","state_id":null,"state_name":null,"country_id":null},{"active":false,"Giataid":"783476","cityId":null,"cityName":"Afienya","hotelId":783476,"hotelName":"Royal Bridge Hotel","address":"Royal Bridge Street,Boeshie,Afienya,Ghana","phones":"","fax":"","email":"","url":"","countryIso2":"GH","countryName":"Ghana","hotelRating":"1","latitude":"0","longitude":"0","state_id":null,"state_name":null,"country_id":null},{"active":false,"Giataid":"784534","cityId":null,"cityName":"Ejisu","hotelId":784534,"hotelName":"Josmay Guesthouse","address":"Serwaa Akuraa,Ejisu,Ghana","phones":"","fax":"","email":"","url":"","countryIso2":"GH","countryName":"Ghana","hotelRating":"1","latitude":"6.72567","longitude":"-1.50153","state_id":null,"state_name":null,"country_id":null},{"active":false,"Giataid":"784592","cityId":null,"cityName":"Kwabenya","hotelId":784592,"hotelName":"Richview Hotel","address":"Aboum Junction Kwabenya,North Kaneshie Accra,PO BOX KN519,Kwabenya,Ghana","phones":"","fax":"","email":"","url":"","countryIso2":"GH","countryName":"Ghana","hotelRating":"1","latitude":"5.69036","longitude":"-0.252161","state_id":null,"state_name":null,"country_id":null},{"active":false,"Giataid":"784598","cityId":null,"cityName":"Ada Foah","hotelId":784598,"hotelName":"Kumoji Hotel","address":"House AF1/078,Ada,Ghana","phones":"","fax":"","email":"","url":"","countryIso2":"GH","countryName":"Ghana","hotelRating":"1","latitude":"5.80146","longitude":"0.633915","state_id":null,"state_name":null,"country_id":null},{"active":false,"Giataid":"785621","cityId":null,"cityName":"Obuasi","hotelId":785621,"hotelName":"Mawuli Hotel","address":"Precious Junction,Off Obuasi Dunkwa Road,Obuasi,Ghana","phones":"+233204596714","fax":"","email":"info@mawulihotel.com","url":"https://www.mawulihotel.com/hotel","countryIso2":"GH","countryName":"Ghana","hotelRating":"1","latitude":"6.19387","longitude":"-1.67655","state_id":null,"state_name":null,"country_id":null},{"active":false,"Giataid":"785636","cityId":null,"cityName":"Adenta","hotelId":785636,"hotelName":"Thalys Spa Hotel","address":"Pmb Adenta,PO Box 491,Tema Ghana,Adentan,Ghana","phones":"","fax":"","email":"","url":"","countryIso2":"GH","countryName":"Ghana","hotelRating":"1","latitude":"5.70672","longitude":"-0.136161","state_id":null,"state_name":null,"country_id":null},{"active":false,"Giataid":"785648","cityId":null,"cityName":"Ejisu","hotelId":785648,"hotelName":"Excelsa Lodge","address":"Next To DBS Adako-jachie,Ejisu,Ghana","phones":"+233277712314","fax":"","email":"","url":"http://excelsalodge.com-ghana.com","countryIso2":"GH","countryName":"Ghana","hotelRating":"1","latitude":"6.72567","longitude":"-1.50153","state_id":null,"state_name":null,"country_id":null},{"active":false,"Giataid":"786851","cityId":null,"cityName":"Obuasi","hotelId":786851,"hotelName":"Prirayvon Hotel","address":"39 North Nyamebekyere,Obuasi Adansi,Apompe New Site,Behind Len Clay Stadium,PO Box 224,Obuasi,Ghana","phones":"","fax":"","email":"","url":"","countryIso2":"GH","countryName":"Ghana","hotelRating":"1","latitude":"6.19387","longitude":"-1.67655","state_id":null,"state_name":null,"country_id":null},{"active":false,"Giataid":"786860","cityId":null,"cityName":"Dormaa Ahenkro","hotelId":786860,"hotelName":"Dormaa Hotel","address":"Box 41,Dormaa Ahenkro,Ghana","phones":"","fax":"","email":"","url":"","countryIso2":"GH","countryName":"Ghana","hotelRating":"1","latitude":"0","longitude":"0","state_id":null,"state_name":null,"country_id":null},{"active":false,"Giataid":"786862","cityId":null,"cityName":"Dormaa Ahenkro","hotelId":786862,"hotelName":"Beckgeo Hotels","address":"Berekum-Dormaa Ahenkro Road,Dormaa Ahenkro,Ghana","phones":"","fax":"","email":"","url":"","countryIso2":"GH","countryName":"Ghana","hotelRating":"1","latitude":"0","longitude":"0","state_id":null,"state_name":null,"country_id":null},{"active":false,"Giataid":"789442","cityId":null,"cityName":"Prampram","hotelId":789442,"hotelName":"Ayiku Royal View Hotel","address":"Ayiku Hotel,Prampram,Ghana","phones":"","fax":"","email":"","url":"","countryIso2":"GH","countryName":"Ghana","hotelRating":"1","latitude":"5.72384","longitude":"0.122153","state_id":null,"state_name":null,"country_id":null},{"active":false,"Giataid":"789446","cityId":null,"cityName":"Prampram","hotelId":789446,"hotelName":"Coral Beach Hotel","address":"Old Ningo Road,Old Nigo,Prampram,Volta,Ghana","phones":"+233500150000","fax":"","email":"coralbeachresort@outlook.com","url":"http://coralbeachresort.net/","countryIso2":"GH","countryName":"Ghana","hotelRating":"1","latitude":"5.72384","longitude":"0.122153","state_id":null,"state_name":null,"country_id":null},{"active":false,"Giataid":"791146","cityId":null,"cityName":"Ada Foah","hotelId":791146,"hotelName":"Dreamland Beach Resort","address":"P.O. Box 130,Ada-Foah,Ghana","phones":"+233244766271","fax":"","email":"info@dreamlandghana.com","url":"http://www.dreamlandghana.com","countryIso2":"GH","countryName":"Ghana","hotelRating":"1","latitude":"5.80146","longitude":"0.633915","state_id":null,"state_name":null,"country_id":null},{"active":false,"Giataid":"791417","cityId":null,"cityName":"Kwabenya","hotelId":791417,"hotelName":"Serene View Hotel","address":"Kwabenya Abuom Juction,Kwabenya,Ghana","phones":"","fax":"","email":"","url":"","countryIso2":"GH","countryName":"Ghana","hotelRating":"1","latitude":"5.69036","longitude":"-0.252161","state_id":null,"state_name":null,"country_id":null},{"active":false,"Giataid":"796009","cityId":null,"cityName":"Prampram","hotelId":796009,"hotelName":"Coconut Pointe Villa & Beach Resort","address":"Coconut Pointe Beach,Off Prampram-Ningo Road,Near Oasis International Bible School,Prampram,Ghana","phones":"","fax":"","email":"reservations@coconutpointe.com","url":"http://coconutpointe.com","countryIso2":"GH","countryName":"Ghana","hotelRating":"1","latitude":"5.72384","longitude":"0.122153","state_id":null,"state_name":null,"country_id":null},{"active":false,"Giataid":"796228","cityId":null,"cityName":"Prampram","hotelId":796228,"hotelName":"La Tua Villas","address":"Pmb 1,Prampram,Ghana","phones":"","fax":"","email":"","url":"","countryIso2":"GH","countryName":"Ghana","hotelRating":"1","latitude":"5.72384","longitude":"0.122153","state_id":null,"state_name":null,"country_id":null},{"active":false,"Giataid":"833970","cityId":null,"cityName":"Shama","hotelId":833970,"hotelName":"Shama Beach Resort Limited","address":"Beach Road,Shama,Ghana","phones":"","fax":"","email":"","url":"","countryIso2":"GH","countryName":"Ghana","hotelRating":"1","latitude":"4.97963","longitude":"-1.65813","state_id":null,"state_name":null,"country_id":null},{"active":false,"Giataid":"834322","cityId":null,"cityName":"Ada Foah","hotelId":834322,"hotelName":"Grynville","address":"1 Ada Foah,Ada,Greater Accra,Ghana","phones":"","fax":"","email":"","url":"http://grynville-ada.booked.net","countryIso2":"GH","countryName":"Ghana","hotelRating":"1","latitude":"5.80146","longitude":"0.633915","state_id":null,"state_name":null,"country_id":null},{"active":false,"Giataid":"98116","cityId":null,"cityName":"Obuasi","hotelId":10045724,"hotelName":"Coconut Grove Minors Lodge","address":"Dunkwa Road,P.O. Box 933,Obuasi,Ghana","phones":"+23358240550","fax":"","email":"","url":"","countryIso2":"GH","countryName":"Ghana","hotelRating":"2","latitude":"6.19347","longitude":"-1.65822","state_id":null,"state_name":null,"country_id":null},{"active":false,"Giataid":"495210","cityId":null,"cityName":"Kaneshie","hotelId":10060676,"hotelName":"Lloyds Beach Resort","address":"Kokrobitey Road,Langma,PO Box KN 2702,Kaneshie,Accra,Ghana","phones":"+233204207000","fax":"","email":"","url":"","countryIso2":"GH","countryName":"Ghana","hotelRating":"3","latitude":"5.48189","longitude":"-0.392294","state_id":null,"state_name":null,"country_id":null},{"active":false,"Giataid":"529148","cityId":null,"cityName":"Akosombo","hotelId":10069488,"hotelName":"Afrikiko River Front Resort","address":"P.O. BOX AB 353,Mangoase,Akosombo,Ghana","phones":"+233503130733","fax":"","email":"","url":"","countryIso2":"GH","countryName":"Ghana","hotelRating":"2","latitude":"6.26676","longitude":"0.0562104","state_id":null,"state_name":null,"country_id":null},{"active":false,"Giataid":"514568","cityId":null,"cityName":"Akosombo","hotelId":10071026,"hotelName":"Akosombo Continental Hotel","address":"Akosombo - Accra Highway,Akosombo,Ghana","phones":"+233342192450","fax":"","email":"","url":"","countryIso2":"GH","countryName":"Ghana","hotelRating":"3","latitude":"6.26676","longitude":"0.0562104","state_id":null,"state_name":null,"country_id":null},{"active":false,"Giataid":"529300","cityId":null,"cityName":"Akosombo","hotelId":10072783,"hotelName":"The Royal Senchi","address":"Senchi Ferry Road,P.O.Box 27,Akosombo,Ghana","phones":"+233303409170","fax":"","email":"","url":"","countryIso2":"GH","countryName":"Ghana","hotelRating":"4","latitude":"6.26676","longitude":"0.0562104","state_id":null,"state_name":null,"country_id":null},{"active":false,"Giataid":"97109","cityId":null,"cityName":"Gomoa Fetteh","hotelId":20001678,"hotelName":"White Sands","address":"Gomoa Fetteh,Ghana,Ghana","phones":"","fax":"","email":"info@whitesands.com.gh","url":"http://www.whitesands.com.gh/","countryIso2":"GH","countryName":"Ghana","hotelRating":"5","latitude":"5.42119","longitude":"-0.464417","state_id":null,"state_name":null,"country_id":null},{"active":false,"Giataid":"670745","cityId":null,"cityName":"Lake Bosumtwi","hotelId":20003889,"hotelName":"The Green Ranch","address":"Lake Bosumtwi,Ashanti,Ghana","phones":"+233202917058","fax":"","email":"","url":"http://www.greenranchlakebosomtwe.com/","countryIso2":"GH","countryName":"Ghana","hotelRating":"0","latitude":"0","longitude":"0","state_id":null,"state_name":null,"country_id":null},{"active":false,"Giataid":"517776","cityId":null,"cityName":"Prampram","hotelId":20004252,"hotelName":"Meridian Drive Hotel","address":"Prampram-Ningo Highway,Prampram,New Ningo,Greater Accra Region,Ghana","phones":"+233307079340","fax":"","email":"reservations@meridiandrivehotel.com","url":"http://www.meridiandrivehotel.com","countryIso2":"GH","countryName":"Ghana","hotelRating":"3","latitude":"5.73514","longitude":"0.166553","state_id":null,"state_name":null,"country_id":null},{"active":false,"Giataid":"97108","cityId":null,"cityName":"Ada Foah","hotelId":20016193,"hotelName":"Manet Beach","address":"P.O. Box 66,Ada Foah,Ghana","phones":"+23396822398","fax":"+23396822397","email":"","url":"","countryIso2":"GH","countryName":"Ghana","hotelRating":"3","latitude":"5.77634","longitude":"0.648569","state_id":null,"state_name":null,"country_id":null},{"active":false,"Giataid":"518500","cityId":null,"cityName":"Prampram","hotelId":20020945,"hotelName":"Sealane Hotel","address":"30 minutes East of Accra Intl Airport,Prampram,Ghana","phones":"","fax":"","email":"","url":"","countryIso2":"GH","countryName":"Ghana","hotelRating":"3","latitude":"5.59938","longitude":"-0.184787","state_id":null,"state_name":null,"country_id":null},{"active":false,"Giataid":"97113","cityId":null,"cityName":"Mole National Park","hotelId":20022927,"hotelName":"Mole Nationalpark","address":"Mole Nationalpark,Mole,Ghana","phones":"","fax":"","email":"","url":"","countryIso2":"GH","countryName":"Ghana","hotelRating":"2","latitude":"9.26049","longitude":"-1.85566","state_id":null,"state_name":null,"country_id":null},{"active":false,"Giataid":"699952","cityId":null,"cityName":"Ada Foah","hotelId":20025538,"hotelName":"Korkoe","address":"10 Agorkpo Road,Ada,Ghana","phones":"","fax":"","email":"","url":"","countryIso2":"GH","countryName":"Ghana","hotelRating":"2","latitude":"5.80146","longitude":"0.633915","state_id":null,"state_name":null,"country_id":null},{"active":false,"Giataid":"97112","cityId":null,"cityName":"Lake Bosumtwi","hotelId":20026499,"hotelName":"Lake Bosomtwe","address":"Abono,P.O. Box KS 9995, Kumasi,Ashanti,Ghana","phones":"+23357220023","fax":"","email":"info@lakebosumtweparadiseresort.com","url":"","countryIso2":"GH","countryName":"Ghana","hotelRating":"2","latitude":"6.53185","longitude":"-1.43107","state_id":null,"state_name":null,"country_id":null},{"active":false,"Giataid":"699849","cityId":null,"cityName":"Obuasi","hotelId":20026908,"hotelName":"Cofkans Hotel","address":"Obuasi-Dunkwa On Ofin Road,Near Engen Service Station,Bidaem,Obuasi,Ghana","phones":"+233322541200","fax":"","email":"info@cofkanshotelgh.com","url":"http://cofkanshotelgh.com/","countryIso2":"GH","countryName":"Ghana","hotelRating":"2","latitude":"6.19427","longitude":"-1.69487","state_id":null,"state_name":null,"country_id":null},{"active":false,"Giataid":"788195","cityId":null,"cityName":"Akosombo","hotelId":20315154,"hotelName":"BB Tributary Hotel","address":"50m After The Atimpoku Roundabout On The Akosombo Road,Akosombo,Ghana","phones":"","fax":"","email":"","url":"","countryIso2":"GH","countryName":"Ghana","hotelRating":"0","latitude":"6.25888","longitude":"0.0670557","state_id":null,"state_name":null,"country_id":null},{"active":false,"Giataid":"604389","cityId":null,"cityName":"Akosombo","hotelId":20315165,"hotelName":"Volta Hotel Akosombo","address":"Akosombo Comm 1,Akosombo,Ghana","phones":"+233343020731","fax":"+233343020778","email":"info@voltahotel.net","url":"http://voltahotel.net/","countryIso2":"GH","countryName":"Ghana","hotelRating":"3","latitude":"6.2668","longitude":"0.0443041","state_id":null,"state_name":null,"country_id":null},{"active":false,"Giataid":"783599","cityId":null,"cityName":"Akosombo","hotelId":20315190,"hotelName":"Hi Haven Hotel","address":"Church Ridge Avenue,Akosombo,Ghana","phones":"","fax":"","email":"","url":"","countryIso2":"GH","countryName":"Ghana","hotelRating":"0","latitude":"6.25888","longitude":"0.0670557","state_id":null,"state_name":null,"country_id":null},{"active":false,"Giataid":"513470","cityId":null,"cityName":"Kaneshie","hotelId":20315205,"hotelName":"Kunta Kinte Hotel","address":"Manste Boi Road,Opposite Cocoa Clinic,Industrial Area,Kaneshie,Accra,Ghana","phones":"+233307030482","fax":"","email":"kuntakintehotel@gmail.com","url":"http://www.kuntakintehotel.com/","countryIso2":"GH","countryName":"Ghana","hotelRating":"2","latitude":"5.57157","longitude":"-0.236121","state_id":null,"state_name":null,"country_id":null},{"active":false,"Giataid":"875934","cityId":null,"cityName":"Busua","hotelId":20315308,"hotelName":"Busua Paradiso Beach Resort","address":"P T 1 39 Effia,East Fijai Takoradi,Busua 00233,Western,Ghana","phones":"","fax":"","email":"busuaparadiso@gmail.com","url":"https://busuaparadiso.com","countryIso2":"GH","countryName":"Ghana","hotelRating":"0","latitude":"4.80782","longitude":"-1.93738","state_id":null,"state_name":null,"country_id":null},{"active":false,"Giataid":"873437","cityId":null,"cityName":"Biriwa","hotelId":20315370,"hotelName":"Comfort Beach Ressort","address":"Biriwa New Market,Biriwa 00233,Ghana","phones":"","fax":"","email":"","url":"http://www.hotels.com/ho805354432","countryIso2":"GH","countryName":"Ghana","hotelRating":"0","latitude":"5.13444","longitude":"-1.19578","state_id":null,"state_name":null,"country_id":null},{"active":false,"Giataid":"907937","cityId":null,"cityName":"Adenta","hotelId":20315431,"hotelName":"Lilyval Hotel Limited","address":"Adenta Commandos,Adenta,Ghana","phones":"","fax":"","email":"","url":"","countryIso2":"GH","countryName":"Ghana","hotelRating":"0","latitude":"5.70672","longitude":"-0.136161","state_id":null,"state_name":null,"country_id":null},{"active":false,"Giataid":"917876","cityId":null,"cityName":"Busua","hotelId":20315434,"hotelName":"Laughing Goat Ghana","address":"Busua Beach,Ghana","phones":"","fax":"","email":"laughinggoatghana@gmail.com","url":"http://laughinggoatghana.com/","countryIso2":"GH","countryName":"Ghana","hotelRating":"0","latitude":"4.80782","longitude":"-1.93738","state_id":null,"state_name":null,"country_id":null},{"active":false,"Giataid":"864806","cityId":null,"cityName":"Gomoa Fetteh","hotelId":20315435,"hotelName":"Cliff  Haven Beach Resort","address":"Nana Dawa Road,Nyanyano,Gomoa East,Gomoa Fete,Central Region,Ghana","phones":"","fax":"","email":"","url":"http://www.cliffhavenbeachresort.com","countryIso2":"GH","countryName":"Ghana","hotelRating":"0","latitude":"5.41877","longitude":"-0.465766","state_id":null,"state_name":null,"country_id":null},{"active":false,"Giataid":"912610","cityId":null,"cityName":"Obuasi","hotelId":20315440,"hotelName":"Golden Ednona Hotel","address":"Obuasi Asokwa Road,Obuasi,Ghana","phones":"","fax":"","email":"","url":"","countryIso2":"GH","countryName":"Ghana","hotelRating":"0","latitude":"6.19387","longitude":"-1.67655","state_id":null,"state_name":null,"country_id":null},{"active":false,"Giataid":"917621","cityId":null,"cityName":"Wiawso","hotelId":20315442,"hotelName":"Beulah Land Hotel","address":"Sefwi Bekwai-Sefwi Asawinso Road,Wiawso,Ghana","phones":"","fax":"","email":"","url":"","countryIso2":"GH","countryName":"Ghana","hotelRating":"0","latitude":"6.21483","longitude":"-2.48028","state_id":null,"state_name":null,"country_id":null},{"active":false,"Giataid":"873420","cityId":null,"cityName":"Akosombo","hotelId":20315446,"hotelName":"Zito Guest Inn","address":"Stadium Road,Church Lane,Akosombo,Ghana","phones":"","fax":"","email":"","url":"","countryIso2":"GH","countryName":"Ghana","hotelRating":"0","latitude":"6.25888","longitude":"0.0670557","state_id":null,"state_name":null,"country_id":null},{"active":false,"Giataid":"892526","cityId":null,"cityName":"Prampram","hotelId":20315455,"hotelName":"The Palms","address":"Sealane Road,Prampram,Accra,Ghana","phones":"","fax":"","email":"info@thepalmsatprampram.com","url":"http://thepalmsatprampram.com","countryIso2":"GH","countryName":"Ghana","hotelRating":"0","latitude":"5.71118","longitude":"0.103908","state_id":null,"state_name":null,"country_id":null},{"active":false,"Giataid":"904244","cityId":null,"cityName":"Ada Foah","hotelId":20315462,"hotelName":"Aqua Safari Resort","address":"Big Ada,PO Box AF32,Ada Foah 00233,Ghana","phones":"","fax":"","email":"info@aquasafariresort.com","url":"http://aquasafariresort.com","countryIso2":"GH","countryName":"Ghana","hotelRating":"0","latitude":"5.82657","longitude":"0.61926","state_id":null,"state_name":null,"country_id":null},{"active":false,"Giataid":"917551","cityId":null,"cityName":"Busua","hotelId":20315465,"hotelName":"Busua Inn","address":"Via Dixcove,Po Box 19,Busua,Western Region,Ghana","phones":"","fax":"","email":"busuainn@yahoo.com","url":"http://www.busuainn.com/","countryIso2":"GH","countryName":"Ghana","hotelRating":"0","latitude":"4.80782","longitude":"-1.93738","state_id":null,"state_name":null,"country_id":null},{"active":false,"Giataid":"973602","cityId":null,"cityName":"Adenta","hotelId":20399927,"hotelName":"Yelsking Royal Lodge","address":"Adenta,Accra,Ghana","phones":"","fax":"","email":"","url":"","countryIso2":"GH","countryName":"Ghana","hotelRating":"1","latitude":"5.70672","longitude":"-0.136161","state_id":null,"state_name":null,"country_id":null},{"active":false,"Giataid":"946864","cityId":null,"cityName":"Gomoa Fetteh","hotelId":20399938,"hotelName":"Jibaku Stays","address":"Whitesands Road,Brofoyedru,Gomoa Fetteh,Ghana","phones":"","fax":"","email":"","url":"","countryIso2":"GH","countryName":"Ghana","hotelRating":"1","latitude":"5.41877","longitude":"-0.465766","state_id":null,"state_name":null,"country_id":null},{"active":false,"Giataid":"947071","cityId":null,"cityName":"Busua","hotelId":20399942,"hotelName":"Scorpion Lodge","address":"1 Celestine Street,Busua,Ghana","phones":"","fax":"","email":"","url":"","countryIso2":"GH","countryName":"Ghana","hotelRating":"1","latitude":"4.80782","longitude":"-1.93738","state_id":null,"state_name":null,"country_id":null},{"active":false,"Giataid":"981991","cityId":null,"cityName":"Teshie","hotelId":20430377,"hotelName":"Swiss Palm Lodge Annex","address":"Klala Street,Greda Estates,Teshie Nungua,Teshie,Accra,Ghana","phones":"","fax":"","email":"","url":"","countryIso2":"GH","countryName":"Ghana","hotelRating":"1","latitude":"5.59497","longitude":"-0.105733","state_id":null,"state_name":null,"country_id":null},{"active":false,"Giataid":"984574","cityId":null,"cityName":"Ada Foah","hotelId":20430381,"hotelName":"Maks Resort","address":"Naana Maade Road,Ada,Ghana","phones":"","fax":"","email":"","url":"","countryIso2":"GH","countryName":"Ghana","hotelRating":"1","latitude":"5.8039","longitude":"0.627505","state_id":null,"state_name":null,"country_id":null}]