[{"active":false,"Giataid":"34225","cityId":null,"cityName":"Cesis","hotelId":34225,"hotelName":"Kolonna Cesis","address":"Vienibas Laukums 1,Cesis LV-4101,Latvia","phones":"+37164120122","fax":"+37164120121","email":"reservationcesis@kolonna.com","url":"http://www.hotelkolonna.com/public/29193.html","countryIso2":"LV","countryName":"Latvia","hotelRating":"3","latitude":"57.3142","longitude":"25.2746","state_id":null,"state_name":null,"country_id":null},{"active":false,"Giataid":"34226","cityId":null,"cityName":"Rezekne","hotelId":34226,"hotelName":"Latgale","address":"Atbrivo?anas Aleja 98,Rezekne LV-4601,Latvia","phones":"","fax":"","email":"","url":"","countryIso2":"LV","countryName":"Latvia","hotelRating":"3","latitude":"56.5056","longitude":"27.3309","state_id":null,"state_name":null,"country_id":null},{"active":false,"Giataid":"127176","cityId":null,"cityName":"Cesis","hotelId":127176,"hotelName":"Tigra","address":"Veidenbauma Str 2 pn Priekuli","phones":"","fax":"","email":"","url":"","countryIso2":"LV","countryName":"Latvia","hotelRating":"3","latitude":"57.3122","longitude":"25.3592","state_id":null,"state_name":null,"country_id":null},{"active":false,"Giataid":"212026","cityId":null,"cityName":"Karli","hotelId":212026,"hotelName":"Karlamuiza Country Hotel","address":"Karli LV�4139,Drabesu Pagasts,Cesis,Latvia","phones":"","fax":"","email":"","url":"","countryIso2":"LV","countryName":"Latvia","hotelRating":"3","latitude":"57.241","longitude":"25.2134","state_id":null,"state_name":null,"country_id":null},{"active":false,"Giataid":"213766","cityId":null,"cityName":"Marciena","hotelId":213766,"hotelName":"Marcienas Muiza & SPA","address":"","phones":"","fax":"","email":"","url":"","countryIso2":"LV","countryName":"Latvia","hotelRating":"1","latitude":"56.7843","longitude":"26.0872","state_id":null,"state_name":null,"country_id":null},{"active":false,"Giataid":"216562","cityId":null,"cityName":"Cesis","hotelId":216562,"hotelName":"Raksi","address":"","phones":"","fax":"","email":"","url":"","countryIso2":"LV","countryName":"Latvia","hotelRating":"1","latitude":"57.312","longitude":"25.2622","state_id":null,"state_name":null,"country_id":null},{"active":false,"Giataid":"221875","cityId":null,"cityName":"Ergli","hotelId":221875,"hotelName":"Ergli","address":"Rigas Iela 31,Ergli LV-4840,Latvia","phones":"","fax":"","email":"","url":"","countryIso2":"LV","countryName":"Latvia","hotelRating":"3","latitude":"0","longitude":"0","state_id":null,"state_name":null,"country_id":null},{"active":false,"Giataid":"222528","cityId":null,"cityName":"Ranka","hotelId":222528,"hotelName":"Lacites","address":"","phones":"","fax":"","email":"","url":"","countryIso2":"LV","countryName":"Latvia","hotelRating":"1","latitude":"0","longitude":"0","state_id":null,"state_name":null,"country_id":null},{"active":false,"Giataid":"222767","cityId":null,"cityName":"Ik?kile","hotelId":222767,"hotelName":"Meidrops","address":"","phones":"","fax":"","email":"","url":"","countryIso2":"LV","countryName":"Latvia","hotelRating":"3","latitude":"56.8234","longitude":"24.4983","state_id":null,"state_name":null,"country_id":null},{"active":false,"Giataid":"222965","cityId":null,"cityName":"Embute","hotelId":222965,"hotelName":"Pastaiga Makonos","address":"","phones":"","fax":"","email":"","url":"","countryIso2":"LV","countryName":"Latvia","hotelRating":"1","latitude":"0","longitude":"0","state_id":null,"state_name":null,"country_id":null},{"active":false,"Giataid":"223695","cityId":null,"cityName":"Mersrags","hotelId":223695,"hotelName":"Vetrasputns","address":"","phones":"","fax":"","email":"","url":"","countryIso2":"LV","countryName":"Latvia","hotelRating":"1","latitude":"57.3397","longitude":"23.1183","state_id":null,"state_name":null,"country_id":null},{"active":false,"Giataid":"229678","cityId":null,"cityName":"Cesis","hotelId":229678,"hotelName":"Atputa","address":"Ciruli?u iela 49,Cesis LV-4101,Latvia","phones":"+37164127811","fax":"+37164127810","email":"info@hotelatputa.lv","url":"http://www.hotelatputa.lv","countryIso2":"LV","countryName":"Latvia","hotelRating":"3","latitude":"57.3037","longitude":"25.2419","state_id":null,"state_name":null,"country_id":null},{"active":false,"Giataid":"229702","cityId":null,"cityName":"Priekuli","hotelId":229702,"hotelName":"Laso","address":"Alksni,Priekuli 4126,Latvia","phones":"","fax":"","email":"","url":"","countryIso2":"LV","countryName":"Latvia","hotelRating":"1","latitude":"57.3141","longitude":"25.3594","state_id":null,"state_name":null,"country_id":null},{"active":false,"Giataid":"380138","cityId":null,"cityName":"Adazi","hotelId":380138,"hotelName":"Port Hotel","address":"Adazu Novads,Rigas Rajons,Adazi LV-2164,Kazenes,Latvia","phones":"+37127419999","fax":"","email":"","url":"","countryIso2":"LV","countryName":"Latvia","hotelRating":"4","latitude":"57.0621","longitude":"24.324","state_id":null,"state_name":null,"country_id":null},{"active":false,"Giataid":"405650","cityId":null,"cityName":"Medumi ","hotelId":405650,"hotelName":"Kurcums Eco Leisure Complex","address":"Kurcums 1,Kurcums,Medumu pagasts,Daugavpils 5460,Latvia","phones":"+37122334552","fax":"","email":"info@kurcums.eu","url":"http://www.kurcums.eu","countryIso2":"LV","countryName":"Latvia","hotelRating":"1","latitude":"55.733","longitude":"26.3738","state_id":null,"state_name":null,"country_id":null},{"active":false,"Giataid":"406495","cityId":null,"cityName":"Madona Municipality","hotelId":406495,"hotelName":"Smeceres Krogs","address":"Marcienas pagasts,Madonas Novads LV-4852,Latvia","phones":"+37164807500","fax":"+37164807503","email":"info@smecere.lv","url":"http://www.smecere.lv/","countryIso2":"LV","countryName":"Latvia","hotelRating":"3","latitude":"56.8204","longitude":"26.1489","state_id":null,"state_name":null,"country_id":null},{"active":false,"Giataid":"422727","cityId":null,"cityName":"Skundra","hotelId":422727,"hotelName":"Skrundas Muiza Boutique Hotel","address":"Pils iela 2,Skrunda LV-3326,Latvia","phones":"+37163370000","fax":"+37163331307","email":"office@skrundasmuiza.lv","url":"http://www.skrundasmuiza.lv","countryIso2":"LV","countryName":"Latvia","hotelRating":"4","latitude":"56.6705","longitude":"22.0236","state_id":null,"state_name":null,"country_id":null},{"active":false,"Giataid":"426939","cityId":null,"cityName":"Liepupe","hotelId":426939,"hotelName":"Liepupe Manor","address":"Liepupe Parish,Liepupe LV-4023,Salacgriva,Latvia","phones":"+37127802801","fax":"","email":"","url":"","countryIso2":"LV","countryName":"Latvia","hotelRating":"1","latitude":"57.4631","longitude":"24.4717","state_id":null,"state_name":null,"country_id":null},{"active":false,"Giataid":"426939","cityId":null,"cityName":"Liepupe","hotelId":426939,"hotelName":"Liepupe Manor","address":"Liepupe Parish,Liepupe LV-4023,Salacgriva,Latvia","phones":"+37127802801","fax":"","email":"","url":"","countryIso2":"LV","countryName":"Latvia","hotelRating":"1","latitude":"57.4631","longitude":"24.4717","state_id":null,"state_name":null,"country_id":null},{"active":false,"Giataid":"452500","cityId":null,"cityName":"Madona Municipality","hotelId":452500,"hotelName":"Cafe Hotel Rudzons","address":"Madona LV-4801,Latvia","phones":"","fax":"","email":"","url":"","countryIso2":"LV","countryName":"Latvia","hotelRating":"1","latitude":"56.852","longitude":"26.2207","state_id":null,"state_name":null,"country_id":null},{"active":false,"Giataid":"452516","cityId":null,"cityName":"Madona Municipality","hotelId":452516,"hotelName":"Hotel Madona","address":"","phones":"","fax":"","email":"","url":"","countryIso2":"LV","countryName":"Latvia","hotelRating":"3","latitude":"56.8537","longitude":"26.2198","state_id":null,"state_name":null,"country_id":null},{"active":false,"Giataid":"455403","cityId":null,"cityName":"Cape Kolka","hotelId":455403,"hotelName":"Zitari","address":"","phones":"","fax":"","email":"","url":"","countryIso2":"LV","countryName":"Latvia","hotelRating":"1","latitude":"57.738","longitude":"22.5817","state_id":null,"state_name":null,"country_id":null},{"active":false,"Giataid":"464442","cityId":null,"cityName":"Aina?i","hotelId":464442,"hotelName":"Helmi","address":"Valdemara iela 51,Aina?i,Latvia","phones":"","fax":"","email":"","url":"","countryIso2":"LV","countryName":"Latvia","hotelRating":"1","latitude":"57.8574","longitude":"24.358","state_id":null,"state_name":null,"country_id":null},{"active":false,"Giataid":"465204","cityId":null,"cityName":"Amata","hotelId":465204,"hotelName":"Bille","address":"Drabe?u pagasts,Amatas  LV-4139,Latvia","phones":"+37129221082","fax":"","email":"billesnams@inbox.lv","url":"http://www.billesnams.lv","countryIso2":"LV","countryName":"Latvia","hotelRating":"1","latitude":"57.2185","longitude":"25.2398","state_id":null,"state_name":null,"country_id":null},{"active":false,"Giataid":"465276","cityId":null,"cityName":"Jurkalne","hotelId":465276,"hotelName":"Zaku Krogs","address":"NULL","phones":"","fax":"","email":"","url":"","countryIso2":"LV","countryName":"Latvia","hotelRating":"1","latitude":"57.033","longitude":"21.4153","state_id":null,"state_name":null,"country_id":null},{"active":false,"Giataid":"465525","cityId":null,"cityName":"Melturi","hotelId":465525,"hotelName":"Hotel Melturi","address":"Drabe?u pagasts,Amatas novads,Melturi,Latvia","phones":"","fax":"","email":"","url":"http://hotel-melturi.latviahotel.net/","countryIso2":"LV","countryName":"Latvia","hotelRating":"1","latitude":"57.2178","longitude":"25.2312","state_id":null,"state_name":null,"country_id":null},{"active":false,"Giataid":"465710","cityId":null,"cityName":"B?rini","hotelId":465710,"hotelName":"Birinu Pils","address":"Birinu Pils,Vidri?u Pagasts,Limbazu Novada,Birini,Latvia","phones":"+37164024033","fax":"+37164024035","email":"hotel@birinupils.lv","url":"http://www.birinupils.lv/","countryIso2":"LV","countryName":"Latvia","hotelRating":"1","latitude":"57.2439","longitude":"24.6596","state_id":null,"state_name":null,"country_id":null},{"active":false,"Giataid":"465733","cityId":null,"cityName":"Kauguri parish","hotelId":465733,"hotelName":"Bai?i","address":"Beverinas novads,,Kauguru pagasts,,LV-4224,Latvia","phones":"+37129284119","fax":"","email":"baili@valm.lv","url":"http://baili.lv/","countryIso2":"LV","countryName":"Latvia","hotelRating":"1","latitude":"57.4935","longitude":"25.4489","state_id":null,"state_name":null,"country_id":null},{"active":false,"Giataid":"465747","cityId":null,"cityName":"Rundale","hotelId":465747,"hotelName":"Hotel Rundale","address":"Vinkalni,Rundales Pag,Rundales Nov,Rundale LV-3921,Latvia","phones":"+37125622730","fax":"","email":"vinkalni@mail.com","url":"http://www.hotelrundale.lv/","countryIso2":"LV","countryName":"Latvia","hotelRating":"1","latitude":"56.4175","longitude":"24.0283","state_id":null,"state_name":null,"country_id":null},{"active":false,"Giataid":"465836","cityId":null,"cityName":"Plavinas","hotelId":465836,"hotelName":"Gostini","address":"NULL","phones":"","fax":"","email":"","url":"","countryIso2":"LV","countryName":"Latvia","hotelRating":"1","latitude":"56.6092","longitude":"25.7831","state_id":null,"state_name":null,"country_id":null},{"active":false,"Giataid":"466108","cityId":null,"cityName":"Auciems","hotelId":466108,"hotelName":"Gutshof Ungurmui?a (Orellen Gut)","address":"Raiskuma pagasts,Pargaujas novads,LV-4146 Auciems,Lettland,Latvia","phones":"+37122007332","fax":"","email":"info@ungurmuiza.lv","url":"http://www.ungurmuiza.lv/","countryIso2":"LV","countryName":"Latvia","hotelRating":"1","latitude":"57.3624","longitude":"25.0887","state_id":null,"state_name":null,"country_id":null},{"active":false,"Giataid":"466449","cityId":null,"cityName":"Rundale","hotelId":466449,"hotelName":"Balta maja","address":"Pilsrundale (Rundale) LV-3921,Latvia","phones":"+37163962140","fax":"","email":"baltamaja@inbox.lv","url":"http://www.hotelbaltamaja.lv/","countryIso2":"LV","countryName":"Latvia","hotelRating":"1","latitude":"56.416","longitude":"24.0303","state_id":null,"state_name":null,"country_id":null},{"active":false,"Giataid":"468219","cityId":null,"cityName":"Jurkalne","hotelId":468219,"hotelName":"Atputas un Veselibas Centrs Imantas","address":"Imantas, Labrags,Jurkalnes pagasts,Jurkalne,Jurkalne LV-3626,Lettland,Latvia","phones":"+37129479335","fax":"","email":"rezervacija@imantas.lv","url":"http://www.imantas.lv","countryIso2":"LV","countryName":"Latvia","hotelRating":"1","latitude":"56.9758","longitude":"21.3441","state_id":null,"state_name":null,"country_id":null},{"active":false,"Giataid":"469539","cityId":null,"cityName":"Milzkalne","hotelId":469539,"hotelName":"?lokenbekas Mui?a","address":"Slokenbeka Manor Ensamble,Smarde parish,Milzkalne LV-3148,Engure county,Latvia","phones":"+37163182272","fax":"+37163182272","email":"info@slokenbeka.lv","url":"http://www.slokenbeka.lv/en","countryIso2":"LV","countryName":"Latvia","hotelRating":"1","latitude":"56.9754","longitude":"23.2274","state_id":null,"state_name":null,"country_id":null},{"active":false,"Giataid":"471173","cityId":null,"cityName":"Jumurda","hotelId":471173,"hotelName":"Jumurdas Mui?a","address":"Liepaine,Jumurdas pagasts,Erglu novads LV- 4844,Latvia","phones":"+37164871791","fax":"+37164871791","email":"info@jumurda.","url":"http://www.hoteljumurda.lv","countryIso2":"LV","countryName":"Latvia","hotelRating":"3","latitude":"56.9461","longitude":"25.741","state_id":null,"state_name":null,"country_id":null},{"active":false,"Giataid":"472767","cityId":null,"cityName":"Me?otne","hotelId":472767,"hotelName":"Mazme?otnes mui?a","address":"Mazme?otne,Rundale Parish,Rundale Region,Me?otne LV-3921,Latvia","phones":"+37125772269","fax":"","email":"info@mazmezotne.lv","url":"http://www.mazmezotne.lv/","countryIso2":"LV","countryName":"Latvia","hotelRating":"4","latitude":"56.431","longitude":"24.0485","state_id":null,"state_name":null,"country_id":null},{"active":false,"Giataid":"472975","cityId":null,"cityName":"Milzkalne","hotelId":472975,"hotelName":"Guest House - Milzkalne","address":"Damkalni 3,Smardes pag,Engures nov,Milzkalne LV-3148,Latvia","phones":"+37126545521","fax":"","email":"info@milzkalns.lv","url":"http://www.milzkalne.lv","countryIso2":"LV","countryName":"Latvia","hotelRating":"1","latitude":"56.9819","longitude":"23.2364","state_id":null,"state_name":null,"country_id":null},{"active":false,"Giataid":"474901","cityId":null,"cityName":"Varaklani","hotelId":474901,"hotelName":"Tirdzniecibas centra viesnica Varaklanos","address":"1 Maija Laukums 3,Varaklani LV-4838,Latvia","phones":"","fax":"","email":"","url":"","countryIso2":"LV","countryName":"Latvia","hotelRating":"1","latitude":"56.6105","longitude":"26.7517","state_id":null,"state_name":null,"country_id":null},{"active":false,"Giataid":"609881","cityId":null,"cityName":"Skundra","hotelId":609881,"hotelName":"Piena mui?a - Berghof","address":"","phones":"+37126518660","fax":"","email":"","url":"","countryIso2":"LV","countryName":"Latvia","hotelRating":"1","latitude":"56.6903","longitude":"21.8895","state_id":null,"state_name":null,"country_id":null},{"active":false,"Giataid":"622283","cityId":null,"cityName":"Ik?kile","hotelId":622283,"hotelName":"Spadrops","address":"Rigas Iela 18A,Ik?kile LV-5052,Latvia","phones":"+37126430430","fax":"","email":"hotel@spadrops.lv","url":"http://www.spadrops.lv","countryIso2":"LV","countryName":"Latvia","hotelRating":"3","latitude":"56.8237","longitude":"24.4981","state_id":null,"state_name":null,"country_id":null},{"active":false,"Giataid":"623266","cityId":null,"cityName":"Plavinas","hotelId":623266,"hotelName":"Route 68","address":"","phones":"","fax":"","email":"","url":"","countryIso2":"LV","countryName":"Latvia","hotelRating":"1","latitude":"56.6092","longitude":"25.783","state_id":null,"state_name":null,"country_id":null},{"active":false,"Giataid":"623271","cityId":null,"cityName":"Baltezers","hotelId":623271,"hotelName":"Vanaga Ligzda","address":"Ada?u novads,Baltezers LV-2164,Latvia","phones":"+37126955476","fax":"","email":"","url":"http://vanagaligzda.lv","countryIso2":"LV","countryName":"Latvia","hotelRating":"1","latitude":"57.0422","longitude":"24.3147","state_id":null,"state_name":null,"country_id":null},{"active":false,"Giataid":"623268","cityId":null,"cityName":"Medumi ","hotelId":623268,"hotelName":"Eco Park Hotel At The Lakes","address":"","phones":"","fax":"","email":"","url":"","countryIso2":"LV","countryName":"Latvia","hotelRating":"1","latitude":"55.733","longitude":"26.3737","state_id":null,"state_name":null,"country_id":null},{"active":false,"Giataid":"623282","cityId":null,"cityName":"Turkalne","hotelId":623282,"hotelName":"Guesthouse Cetri Veji","address":"Turbas,Tinu?u pag,Ik?kiles nov,Turkalne LV-3626,Latvia","phones":"","fax":"","email":"","url":"","countryIso2":"LV","countryName":"Latvia","hotelRating":"1","latitude":"56.8599","longitude":"24.7123","state_id":null,"state_name":null,"country_id":null},{"active":false,"Giataid":"623281","cityId":null,"cityName":"Piedruja","hotelId":623281,"hotelName":"Viesnica Piedruja","address":"","phones":"","fax":"","email":"","url":"","countryIso2":"LV","countryName":"Latvia","hotelRating":"1","latitude":"0","longitude":"0","state_id":null,"state_name":null,"country_id":null},{"active":false,"Giataid":"623293","cityId":null,"cityName":"Cesis","hotelId":623293,"hotelName":"Laso","address":"","phones":"+37129463284","fax":"","email":"","url":"","countryIso2":"LV","countryName":"Latvia","hotelRating":"1","latitude":"57.3266","longitude":"25.2821","state_id":null,"state_name":null,"country_id":null},{"active":false,"Giataid":"623318","cityId":null,"cityName":"Usma","hotelId":623318,"hotelName":"Spa Hotel Usma","address":"Priezkalni,Usmas Pagasts,Ventspils Novads,Usma LV-3619,Latvia","phones":"+37163630491","fax":"","email":"usma@usma.lv","url":"http://www.usma.lv/","countryIso2":"LV","countryName":"Latvia","hotelRating":"1","latitude":"57.24","longitude":"22.1686","state_id":null,"state_name":null,"country_id":null},{"active":false,"Giataid":"623320","cityId":null,"cityName":"Kalvene","hotelId":623320,"hotelName":"Hotel-Cafe Spares","address":"Skolas Street 8,Kalvene LV-3443,Aizpute District,Latvia","phones":"+371634497001","fax":"","email":"spares8@inbox.lv","url":"http://www.hotelspares.lv/eng/index.html","countryIso2":"LV","countryName":"Latvia","hotelRating":"1","latitude":"56.6046","longitude":"21.7379","state_id":null,"state_name":null,"country_id":null},{"active":false,"Giataid":"642796","cityId":null,"cityName":"Ragana","hotelId":642796,"hotelName":"Guest House Talleri","address":"Meistaru iela 18,Krimuldas novada,Ragana LV-2144,Latvia","phones":"","fax":"","email":"","url":"","countryIso2":"LV","countryName":"Latvia","hotelRating":"1","latitude":"57.1845","longitude":"24.6986","state_id":null,"state_name":null,"country_id":null},{"active":false,"Giataid":"642806","cityId":null,"cityName":"Liepupe","hotelId":642806,"hotelName":"Pernigele","address":"Jelgavkrasti,Liepupe,Latvia","phones":"","fax":"","email":"","url":"","countryIso2":"LV","countryName":"Latvia","hotelRating":"1","latitude":"57.4639","longitude":"24.4702","state_id":null,"state_name":null,"country_id":null},{"active":false,"Giataid":"642820","cityId":null,"cityName":"Vestiena","hotelId":642820,"hotelName":"Lido Kirsona Muiza Hotel Vestiena","address":"Kalna Dzi?li,Vestienas pag,Madona LV-4855,Latvia","phones":"","fax":"","email":"","url":"","countryIso2":"LV","countryName":"Latvia","hotelRating":"1","latitude":"56.89","longitude":"25.9658","state_id":null,"state_name":null,"country_id":null},{"active":false,"Giataid":"642823","cityId":null,"cityName":"Kegums","hotelId":642823,"hotelName":"O?krogs","address":"O?i,Tomes pag,Keguma nov,Kegums LV-5020,Latvia","phones":"+37165038159","fax":"+37165038159","email":"imants.smirnovs@inbox.lv","url":"http://www.oskrogs.lv","countryIso2":"LV","countryName":"Latvia","hotelRating":"1","latitude":"56.7447","longitude":"24.6855","state_id":null,"state_name":null,"country_id":null},{"active":false,"Giataid":"642825","cityId":null,"cityName":"Kadaga","hotelId":642825,"hotelName":"Guest House Zimmerfrei","address":"Berzu gatve 11,Ada?u pagasts,Kadaga,Latvia","phones":"+37129455225","fax":"","email":"ilze@labapirts.lv","url":"http://www.zimmerfrei.lv","countryIso2":"LV","countryName":"Latvia","hotelRating":"1","latitude":"57.1152","longitude":"24.341","state_id":null,"state_name":null,"country_id":null},{"active":false,"Giataid":"643296","cityId":null,"cityName":"Lade","hotelId":643296,"hotelName":"Meza Salas","address":"Limba?u pag,Limba?u nov,Lade LV-4020,Latvia","phones":"+37129122133","fax":"","email":"info@mezasalas.lv","url":"http://www.mezasalas.lv","countryIso2":"LV","countryName":"Latvia","hotelRating":"1","latitude":"57.4809","longitude":"24.5632","state_id":null,"state_name":null,"country_id":null},{"active":false,"Giataid":"643297","cityId":null,"cityName":"Uguni","hotelId":643297,"hotelName":"Guest House Menesnicas","address":"Upmali,Ugunuciems,Uguni LV-3284,Latvia","phones":"","fax":"","email":"","url":"","countryIso2":"LV","countryName":"Latvia","hotelRating":"1","latitude":"57.3844","longitude":"22.9628","state_id":null,"state_name":null,"country_id":null},{"active":false,"Giataid":"643304","cityId":null,"cityName":"Grenctale","hotelId":643304,"hotelName":"Rasa Spa","address":"Brunavas pagasts,Bauskas novads,Grenctale LV-3907,Latvia","phones":"+37129337405","fax":"","email":"info@RasaSPA.lv","url":"http://www.rasaspa.lv/","countryIso2":"LV","countryName":"Latvia","hotelRating":"1","latitude":"0","longitude":"0","state_id":null,"state_name":null,"country_id":null},{"active":false,"Giataid":"643309","cityId":null,"cityName":"Dumele","hotelId":643309,"hotelName":"Guest House Ziedkalni","address":"Dumeles ciems,Dundagas pag,Dumele LV-3264,Latvia","phones":"+37129417229","fax":"","email":"sia.ziedkalni@gmail.com","url":"http://www.ziedkalni.lv","countryIso2":"LV","countryName":"Latvia","hotelRating":"1","latitude":"57.6512","longitude":"22.4957","state_id":null,"state_name":null,"country_id":null},{"active":false,"Giataid":"643311","cityId":null,"cityName":"Kusneri","hotelId":643311,"hotelName":"Ezerzemes","address":"Nirzas pagasts,Ludzas novads,Ku?neri LV-5736,Latvia","phones":"+37129488376","fax":"","email":"ezerzemes@inbox.lv","url":"http://www.ezerzemes.lv","countryIso2":"LV","countryName":"Latvia","hotelRating":"1","latitude":"56.3771","longitude":"27.9019","state_id":null,"state_name":null,"country_id":null},{"active":false,"Giataid":"643710","cityId":null,"cityName":"Annas","hotelId":643710,"hotelName":"Annas Hotel","address":"Amata Region,Zaube Village,Annas LV-4113,Latvia","phones":"+37164180700","fax":"","email":"anna@annashotel.com","url":"http://www.annashotel.com","countryIso2":"LV","countryName":"Latvia","hotelRating":"1","latitude":"57.0378","longitude":"25.3672","state_id":null,"state_name":null,"country_id":null},{"active":false,"Giataid":"643712","cityId":null,"cityName":"Placis","hotelId":643712,"hotelName":"Guesthouse Berzi","address":"Straupes pag,Pargaujas nov,Placis LV-4152,Latvia","phones":"","fax":"","email":"","url":"","countryIso2":"LV","countryName":"Latvia","hotelRating":"1","latitude":"57.3626","longitude":"24.9775","state_id":null,"state_name":null,"country_id":null},{"active":false,"Giataid":"643719","cityId":null,"cityName":"Kosrags","hotelId":643719,"hotelName":"Guest House Pitagi","address":"Kolkas pag,Dundagas nov,Ko?rags LV-3270,Latvia","phones":"+37129372728","fax":"","email":"pitagi@pitagi.lv","url":"https://pitagien.wordpress.com","countryIso2":"LV","countryName":"Latvia","hotelRating":"1","latitude":"57.6948","longitude":"22.362","state_id":null,"state_name":null,"country_id":null},{"active":false,"Giataid":"643720","cityId":null,"cityName":"Lielie Unguri","hotelId":643720,"hotelName":"Diva Dorzi","address":"Kombulu pag,Kraslavas nov,Lielie Unguri LV-5656,Latvia","phones":"","fax":"","email":"","url":"","countryIso2":"LV","countryName":"Latvia","hotelRating":"1","latitude":"56.0045","longitude":"27.2492","state_id":null,"state_name":null,"country_id":null},{"active":false,"Giataid":"643721","cityId":null,"cityName":"Slampe","hotelId":643721,"hotelName":"Guest House Pilsetnieki","address":"Slampes pagasts,Tukuma novads,Slampe LV-3119,Latvia","phones":"+37129497272","fax":"","email":"sarmiteruduka@inbox.lv","url":"http://www.pilsetnieki.lv","countryIso2":"LV","countryName":"Latvia","hotelRating":"1","latitude":"56.8479","longitude":"23.3078","state_id":null,"state_name":null,"country_id":null},{"active":false,"Giataid":"643723","cityId":null,"cityName":"Madona Municipality","hotelId":643723,"hotelName":"Kucuru dzirnavas","address":"Kucuru dzirnavas,Aronas pagasts,Madonas LV-4847,Latvia","phones":"+37126138086","fax":"","email":"kucuri@kucuri.lv","url":"http://kucuri.lv","countryIso2":"LV","countryName":"Latvia","hotelRating":"1","latitude":"56.9245","longitude":"26.0163","state_id":null,"state_name":null,"country_id":null},{"active":false,"Giataid":"643738","cityId":null,"cityName":"Rumene","hotelId":643738,"hotelName":"Rumene Manor","address":"Rumenes Mui?a,Rumene LV-3120,Latvia","phones":"+37167770966","fax":"","email":"rumene@hotelbergs.lv","url":"http://rumene.lv","countryIso2":"LV","countryName":"Latvia","hotelRating":"1","latitude":"57.0597","longitude":"22.728","state_id":null,"state_name":null,"country_id":null},{"active":false,"Giataid":"643740","cityId":null,"cityName":"Tuja","hotelId":643740,"hotelName":"Vecmui?a","address":"Liepupes Pagasts,Tuja LV-4022,Salacgrivas,Latvia","phones":"+37129297338","fax":"","email":"vecmuiza@gmail.com","url":"http://vecmuiza.lv/","countryIso2":"LV","countryName":"Latvia","hotelRating":"1","latitude":"0","longitude":"0","state_id":null,"state_name":null,"country_id":null},{"active":false,"Giataid":"643743","cityId":null,"cityName":"Jaunmarupe","hotelId":643743,"hotelName":"Jaunmartini","address":"Marupes nov,Jaunmarupe LV-2166,Latvia","phones":"+37129142465","fax":"","email":"info@jaunmartini.lv","url":"http://jaunmartini.lv/","countryIso2":"LV","countryName":"Latvia","hotelRating":"1","latitude":"56.8955","longitude":"23.9392","state_id":null,"state_name":null,"country_id":null},{"active":false,"Giataid":"643748","cityId":null,"cityName":"Igums","hotelId":643748,"hotelName":"Guest House Lantus","address":"Berzaines pag,Kocenu nov,Igums LV-4208,Latvia","phones":"","fax":"","email":"","url":"","countryIso2":"LV","countryName":"Latvia","hotelRating":"1","latitude":"57.6324","longitude":"25.2426","state_id":null,"state_name":null,"country_id":null},{"active":false,"Giataid":"643752","cityId":null,"cityName":"Lamini","hotelId":643752,"hotelName":"Guest House Ru?ciems","address":"Pures pagasts,Tukuma novads,Lamini LV-3124,Latvia","phones":"+37126353032","fax":"","email":"ruzciems@inbox.lv","url":"http://www.ruzciems.lv","countryIso2":"LV","countryName":"Latvia","hotelRating":"1","latitude":"57.1022","longitude":"23.0041","state_id":null,"state_name":null,"country_id":null},{"active":false,"Giataid":"643759","cityId":null,"cityName":"Launkalne","hotelId":643759,"hotelName":"Ezerlejas","address":"Launkalnes pag,Smiltenes nov,Launkalne LV-4718,Latvia","phones":"+37126357959","fax":"","email":"ezerlejas@inbox.lv","url":"http://ezerlejas.lv","countryIso2":"LV","countryName":"Latvia","hotelRating":"1","latitude":"57.2992","longitude":"25.8431","state_id":null,"state_name":null,"country_id":null},{"active":false,"Giataid":"643767","cityId":null,"cityName":"Karli","hotelId":643767,"hotelName":"Eglaines","address":"Eglaines,Amatas Nov,Drabesu Pag,Karli LV-4139,Latvia","phones":"+37129172332","fax":"","email":"eginfo@inbox.lv","url":"http://hoteleglaines.lv","countryIso2":"LV","countryName":"Latvia","hotelRating":"1","latitude":"57.2384","longitude":"25.1918","state_id":null,"state_name":null,"country_id":null},{"active":false,"Giataid":"643771","cityId":null,"cityName":"Birzgale","hotelId":643771,"hotelName":"Hotel Vecupe","address":"Birzgales Pag,Keguma Nov,Birzgale LV-5033,Latvia","phones":"+37122025135","fax":"+37167500365","email":"info@hotelvecupe.lv","url":"http://www.hotelvecupe.lv/","countryIso2":"LV","countryName":"Latvia","hotelRating":"1","latitude":"0","longitude":"0","state_id":null,"state_name":null,"country_id":null},{"active":false,"Giataid":"643773","cityId":null,"cityName":"Valgalciems","hotelId":643773,"hotelName":"Guest House Leveri","address":"Leveri,Rojas nov,LV-3284 Valgalciems,Latvia","phones":"","fax":"","email":"","url":"","countryIso2":"LV","countryName":"Latvia","hotelRating":"1","latitude":"57.409","longitude":"22.9471","state_id":null,"state_name":null,"country_id":null},{"active":false,"Giataid":"643778","cityId":null,"cityName":"Janmuiza","hotelId":643778,"hotelName":"Guest House Jankrasti","address":"Krasta iela 3a,Priekulu nov,Janmui?a LV-4154,Latvia","phones":"","fax":"","email":"","url":"","countryIso2":"LV","countryName":"Latvia","hotelRating":"1","latitude":"57.3511","longitude":"25.3268","state_id":null,"state_name":null,"country_id":null},{"active":false,"Giataid":"643775","cityId":null,"cityName":"Saraiki","hotelId":643775,"hotelName":"Matizi","address":"Vergales pagasts,Saraiki LV-3463,Latvia","phones":"","fax":"","email":"","url":"","countryIso2":"LV","countryName":"Latvia","hotelRating":"1","latitude":"56.6632","longitude":"21.0741","state_id":null,"state_name":null,"country_id":null},{"active":false,"Giataid":"643794","cityId":null,"cityName":"Kusneri","hotelId":643794,"hotelName":"Guest House Zirga Smaids","address":"Ku?neri,Nirzas pag,Ludzas raj.,Ku?neri LV-5751,Latvia","phones":"","fax":"","email":"","url":"","countryIso2":"LV","countryName":"Latvia","hotelRating":"1","latitude":"56.3734","longitude":"27.899","state_id":null,"state_name":null,"country_id":null},{"active":false,"Giataid":"643799","cityId":null,"cityName":"Broceni","hotelId":643799,"hotelName":"Radi","address":"Cieceres Pagasts,Broceni LV-3851,Brocenu Region,Latvia","phones":"+37129538230","fax":"+37163846051","email":"radi@radi.lv","url":"http://www.radi.lv/en","countryIso2":"LV","countryName":"Latvia","hotelRating":"1","latitude":"56.6422","longitude":"22.5663","state_id":null,"state_name":null,"country_id":null},{"active":false,"Giataid":"643806","cityId":null,"cityName":"Jurkalne","hotelId":643806,"hotelName":"Liedags Guesthouse","address":"Enavinas,Jurkalnes pagasts,Ventspils nov.,Jurkalne LV-3626,Latvia","phones":"","fax":"","email":"","url":"","countryIso2":"LV","countryName":"Latvia","hotelRating":"1","latitude":"56.9776","longitude":"21.3627","state_id":null,"state_name":null,"country_id":null},{"active":false,"Giataid":"643812","cityId":null,"cityName":"Varzas","hotelId":643812,"hotelName":"Laucu Akmens","address":"Lauci,Skultes pagasts,Limba?u novads,Varzas LV-4025,Latvia","phones":"+37126350536","fax":"","email":"info@laucakmens.lv","url":"http://www.laucakmens.lv/main.php","countryIso2":"LV","countryName":"Latvia","hotelRating":"1","latitude":"57.3671","longitude":"24.4025","state_id":null,"state_name":null,"country_id":null},{"active":false,"Giataid":"643813","cityId":null,"cityName":"Zuteni","hotelId":643813,"hotelName":"Juku Dzirnavas","address":"?kedes pagasts,Saldus novads,Zuteni LV-3875,Latvia","phones":"+37128666600","fax":"","email":"juku_dzirnavas@inbox.lv","url":"http://jukudzirnavas.lv/","countryIso2":"LV","countryName":"Latvia","hotelRating":"1","latitude":"56.8636","longitude":"22.4969","state_id":null,"state_name":null,"country_id":null},{"active":false,"Giataid":"740419","cityId":null,"cityName":"Cesis","hotelId":740419,"hotelName":"Villa Santa Hotel","address":"Gaujas Street 88,Cesis LV-4101,Latvia","phones":"+37164177177","fax":"","email":"reservations@villasanta.lv","url":"http://www.villasanta.lv","countryIso2":"LV","countryName":"Latvia","hotelRating":"4","latitude":"57.312","longitude":"25.2622","state_id":null,"state_name":null,"country_id":null},{"active":false,"Giataid":"749981","cityId":null,"cityName":"Auciems","hotelId":749981,"hotelName":"Villa Ungurmalas","address":"Ezermalas,Pargaujas Novads,Auciems LV-4146,Latvia","phones":"","fax":"","email":"","url":"","countryIso2":"LV","countryName":"Latvia","hotelRating":"4","latitude":"57.354","longitude":"25.0926","state_id":null,"state_name":null,"country_id":null},{"active":false,"Giataid":"762576","cityId":null,"cityName":"Liepupe","hotelId":762576,"hotelName":"Liepupe Manor","address":"Salacgrivas Novads,Liepupes Pagasts,Liepupe LV-4023,Latvia","phones":"+37164202268","fax":"","email":"info@liepupesmuiza.lv","url":"http://www.liepupesmuiza.lv","countryIso2":"LV","countryName":"Latvia","hotelRating":"1","latitude":"57.4635","longitude":"24.471","state_id":null,"state_name":null,"country_id":null},{"active":false,"Giataid":"798038","cityId":null,"cityName":"Rezekne","hotelId":798038,"hotelName":"Restart","address":"Stacijas 30B,Rezekne,Latvia","phones":"+37166954111","fax":"","email":"restart@rezekne.lv","url":"http://restarthotel.lv/","countryIso2":"LV","countryName":"Latvia","hotelRating":"1","latitude":"56.5102","longitude":"27.3411","state_id":null,"state_name":null,"country_id":null},{"active":false,"Giataid":"798112","cityId":null,"cityName":"Ragana","hotelId":798112,"hotelName":"Raganu Ligzda","address":"Varpu Iela 1,Krimuldas Pag,Ragana LV-2144,Latvia","phones":"","fax":"","email":"varpu1@inbox.lv","url":"http://raganasligzda.lv/","countryIso2":"LV","countryName":"Latvia","hotelRating":"1","latitude":"57.1823","longitude":"24.7059","state_id":null,"state_name":null,"country_id":null},{"active":false,"Giataid":"801128","cityId":null,"cityName":"Rezekne","hotelId":801128,"hotelName":"Motel Golden Fox","address":"Cirmas Pag,Ludzas Nov,Zelcava,Rezekne LV-5735,Latvia","phones":"","fax":"","email":"goldenfox@inbox.lv","url":"http://dd3-4ndud-n-golden-fox-lv.book.direct/en-us","countryIso2":"LV","countryName":"Latvia","hotelRating":"1","latitude":"56.5204","longitude":"27.5076","state_id":null,"state_name":null,"country_id":null},{"active":false,"Giataid":"810754","cityId":null,"cityName":"Liepupe","hotelId":810754,"hotelName":"Mekes krogs Liepupe","address":"Me?gravas,Liepupes pagasts,Salacgrivas novads,Latvia","phones":"+37164020232","fax":"+37164020232","email":"meke@meke.lv","url":"http://www.meke.lv/","countryIso2":"LV","countryName":"Latvia","hotelRating":"1","latitude":"57.4635","longitude":"24.471","state_id":null,"state_name":null,"country_id":null},{"active":false,"Giataid":"814233","cityId":null,"cityName":"Rezekne","hotelId":814233,"hotelName":"Starosciki Lejaskalns","address":"Starosciki Lejaskalns,Griskanu Pagasts,Rezekne  LV-4601,Latvia","phones":"","fax":"","email":"","url":"","countryIso2":"LV","countryName":"Latvia","hotelRating":"1","latitude":"56.4755","longitude":"27.3684","state_id":null,"state_name":null,"country_id":null},{"active":false,"Giataid":"820370","cityId":null,"cityName":"Jekabpils","hotelId":820370,"hotelName":"Motel Sapnis","address":"Riga-Daugavpils-Soseja,Jekabpils Novada,Jekabpils LV-5201,Latvia","phones":"","fax":"","email":"","url":"","countryIso2":"LV","countryName":"Latvia","hotelRating":"1","latitude":"56.4998","longitude":"25.8792","state_id":null,"state_name":null,"country_id":null},{"active":false,"Giataid":"825710","cityId":null,"cityName":"Plavinas","hotelId":825710,"hotelName":"Motelis Bu-Bu","address":"Riga-Daugavpils Soseja 118 km Klintaines pag,Plavinas LV-5120,Latvia","phones":"","fax":"","email":"","url":"","countryIso2":"LV","countryName":"Latvia","hotelRating":"1","latitude":"56.6043","longitude":"25.6679","state_id":null,"state_name":null,"country_id":null},{"active":false,"Giataid":"230473","cityId":null,"cityName":"Igate","hotelId":20005284,"hotelName":"Igates Pils","address":"Vidri?u pagats,Limba?u LV-4013,Latvia","phones":"+37125746889","fax":"","email":"info@igatespils.lv","url":"http://www.igatespils.lv","countryIso2":"LV","countryName":"Latvia","hotelRating":"0","latitude":"57.3801","longitude":"24.6865","state_id":null,"state_name":null,"country_id":null},{"active":false,"Giataid":"608313","cityId":null,"cityName":"Skalupes","hotelId":20006068,"hotelName":"Kurortviesnica Ligatne","address":"Skalupes,Ligatnes pagasts,Skalupes  LV-4110,Ligatnes novads,Latvia","phones":"+37164161915","fax":"","email":"ligatne.info@gmail.com","url":"http://rehcentrsligatne.lv","countryIso2":"LV","countryName":"Latvia","hotelRating":"3","latitude":"57.2557","longitude":"25.068","state_id":null,"state_name":null,"country_id":null},{"active":false,"Giataid":"472928","cityId":null,"cityName":"Cesis","hotelId":20006223,"hotelName":"Hotel Gustavs","address":"Liela Katrinas iela 28,Cesis LV-4101,Latvia","phones":"","fax":"","email":"","url":"","countryIso2":"LV","countryName":"Latvia","hotelRating":"0","latitude":"57.3121","longitude":"25.2666","state_id":null,"state_name":null,"country_id":null},{"active":false,"Giataid":"464595","cityId":null,"cityName":"Jekabpils","hotelId":20006388,"hotelName":"Citrus SPA Hotel","address":"Kurzemes iela 8,Jekabpils,Latvia","phones":"+37165221737","fax":"+37165221979","email":"","url":"http://www.citrusspa.lv","countryIso2":"LV","countryName":"Latvia","hotelRating":"2","latitude":"56.5039","longitude":"25.8792","state_id":null,"state_name":null,"country_id":null},{"active":false,"Giataid":"229725","cityId":null,"cityName":"Ap?uciems","hotelId":20006565,"hotelName":"Spa Arkadia","address":"Engures Pagasts,Jaunskumpji,Apsuciems,Tukuma Rajons,LV-3116,Latvia","phones":"+37163143130","fax":"+37163143130","email":"mail@hotelarkadia.lv","url":"http://www.hotelarkadia.lv","countryIso2":"LV","countryName":"Latvia","hotelRating":"3","latitude":"57.0623","longitude":"23.3042","state_id":null,"state_name":null,"country_id":null},{"active":false,"Giataid":"70800","cityId":null,"cityName":"Limba?i","hotelId":20006719,"hotelName":"Schlosshotel Birni / Birnu Palace","address":"Birini 4013,Vidri?u pagasts,Limba?u Novads,Latvia","phones":"+37164024033","fax":"+37164024035","email":"hotel@birinupils.lv","url":"http://www.birinupils.lv","countryIso2":"LV","countryName":"Latvia","hotelRating":"3","latitude":"57.2494","longitude":"24.6703","state_id":null,"state_name":null,"country_id":null},{"active":false,"Giataid":"372292","cityId":null,"cityName":"Jekabpils","hotelId":20007256,"hotelName":"Daugavkrasti Hotel","address":"Me?rupnieku iela 2,Jekabpils,LV-5201,Latvia","phones":"","fax":"","email":"","url":"","countryIso2":"LV","countryName":"Latvia","hotelRating":"0","latitude":"56.4967","longitude":"25.8935","state_id":null,"state_name":null,"country_id":null},{"active":false,"Giataid":"85304","cityId":null,"cityName":"Gipka","hotelId":20010622,"hotelName":"Ferienwohnung Braltirumi II","address":"Gipka,Rojas pagasts,Talsu rajons,Latvia","phones":"+37163254970","fax":"","email":"vspc@dundaga.lv","url":"http://www.braltirumi.lv","countryIso2":"LV","countryName":"Latvia","hotelRating":"0","latitude":"57.5707","longitude":"22.6544","state_id":null,"state_name":null,"country_id":null},{"active":false,"Giataid":"85312","cityId":null,"cityName":"Rubene","hotelId":20011503,"hotelName":"Ferienhaus Pilskalni","address":"Kocenu pagasts,Kocenu novads,Ruben LV-4220,Latvia","phones":"+37129299268","fax":"+37164222707","email":"pilskalni@inbox.lv","url":"http://www.pilskalni.lv","countryIso2":"LV","countryName":"Latvia","hotelRating":"0","latitude":"57.4672","longitude":"25.2572","state_id":null,"state_name":null,"country_id":null},{"active":false,"Giataid":"85305","cityId":null,"cityName":"Gipka","hotelId":20012882,"hotelName":"Ferienhaus Braltirumi I","address":"Gipka,Rojas pagasts,Talsu rajons,Latvia","phones":"+37163254970","fax":"","email":"vspc@dundaga.lv","url":"http://www.braltirumi.lv","countryIso2":"LV","countryName":"Latvia","hotelRating":"0","latitude":"57.5707","longitude":"22.6543","state_id":null,"state_name":null,"country_id":null},{"active":false,"Giataid":"468872","cityId":null,"cityName":"Cesis","hotelId":20020660,"hotelName":"Hotel Buts","address":"Berzaines iela 15,Cesis,Latvia","phones":"","fax":"","email":"","url":"http://hotel-buts.latviahotel.net/#mobile-accordion","countryIso2":"LV","countryName":"Latvia","hotelRating":"2","latitude":"57.312","longitude":"25.2593","state_id":null,"state_name":null,"country_id":null},{"active":false,"Giataid":"372293","cityId":null,"cityName":"Jekabpils","hotelId":20020790,"hotelName":"Luiize Hotel Jekabpils","address":"Brivibas iela 190,Jekabpils,LV-5201,Latvia","phones":"","fax":"","email":"","url":"","countryIso2":"LV","countryName":"Latvia","hotelRating":"0","latitude":"56.4998","longitude":"25.8626","state_id":null,"state_name":null,"country_id":null},{"active":false,"Giataid":"642842","cityId":null,"cityName":"Cesis","hotelId":20021021,"hotelName":"Guest House Kalnini","address":"Jaunkalnini,Cesis LV-4101,Latvia","phones":"","fax":"","email":"","url":"","countryIso2":"LV","countryName":"Latvia","hotelRating":"0","latitude":"57.312","longitude":"25.2622","state_id":null,"state_name":null,"country_id":null},{"active":false,"Giataid":"229727","cityId":null,"cityName":"Plienciems","hotelId":20022150,"hotelName":"Villa Anna","address":"Tukuma rajons,Engures pagasts,Apsuciems,Airites,Latvia","phones":"+37126122679","fax":"+37126122679","email":"mail@villaanna.lv","url":"http://www.villaanna.lv","countryIso2":"LV","countryName":"Latvia","hotelRating":"3","latitude":"57.0623","longitude":"23.3044","state_id":null,"state_name":null,"country_id":null},{"active":false,"Giataid":"643746","cityId":null,"cityName":"Rubene","hotelId":20022648,"hotelName":"Guest House Mazais Ansis","address":"Ansi?i,Kocenu pag,Rubene LV-4227,Latvia","phones":"","fax":"","email":"","url":"","countryIso2":"LV","countryName":"Latvia","hotelRating":"0","latitude":"57.4647","longitude":"25.2571","state_id":null,"state_name":null,"country_id":null},{"active":false,"Giataid":"85307","cityId":null,"cityName":"Edole","hotelId":20022815,"hotelName":"Gastehaus Kazoki","address":"Kuldigas Rajons,Edoles Pagasts LV-3310,Latvia","phones":"+37163345124","fax":"","email":"kazoki@pcabc.lv","url":"http://kazoki.celotajs.lv/","countryIso2":"LV","countryName":"Latvia","hotelRating":"0","latitude":"57.0209","longitude":"21.6936","state_id":null,"state_name":null,"country_id":null},{"active":false,"Giataid":"216413","cityId":null,"cityName":"Cesis","hotelId":20023139,"hotelName":"Province","address":"Niniera iela 6,Cesis,Cesu pilseta,LV-4101,Latvia","phones":"","fax":"","email":"","url":"","countryIso2":"LV","countryName":"Latvia","hotelRating":"0","latitude":"57.3161","longitude":"25.275","state_id":null,"state_name":null,"country_id":null},{"active":false,"Giataid":"642804","cityId":null,"cityName":"Cesis","hotelId":20023322,"hotelName":"Guest House Laimes Ligzda","address":"Lejasastites,Amatas nov,Drabe?u pag,Cesis LV-4100,Latvia","phones":"","fax":"","email":"","url":"","countryIso2":"LV","countryName":"Latvia","hotelRating":"0","latitude":"57.2564","longitude":"25.2545","state_id":null,"state_name":null,"country_id":null},{"active":false,"Giataid":"79833","cityId":null,"cityName":"Tume","hotelId":20024013,"hotelName":"Jaunmoku","address":"Tumes pagasts,Tume LV-3139,Tukuma novads,Latvia","phones":"+37126187442","fax":"","email":"info@jaunmokupils.lv","url":"http://www.jaunmokupils.lv","countryIso2":"LV","countryName":"Latvia","hotelRating":"3","latitude":"56.9821","longitude":"23.0536","state_id":null,"state_name":null,"country_id":null},{"active":false,"Giataid":"643315","cityId":null,"cityName":"Edole","hotelId":20026822,"hotelName":"Smiltnieki","address":"Smiltnieki,LV-3310 Edole,Latvia","phones":"","fax":"","email":"","url":"","countryIso2":"LV","countryName":"Latvia","hotelRating":"0","latitude":"57.0299","longitude":"21.6673","state_id":null,"state_name":null,"country_id":null},{"active":false,"Giataid":"643820","cityId":null,"cityName":"Cape Kolka","hotelId":20030795,"hotelName":"Holiday House U?i","address":"Kolkas Pagasts,Dundagas Novads,Kolka LV-3275,Latvia","phones":"","fax":"","email":"","url":"","countryIso2":"LV","countryName":"Latvia","hotelRating":"0","latitude":"57.7486","longitude":"22.5948","state_id":null,"state_name":null,"country_id":null},{"active":false,"Giataid":"643305","cityId":null,"cityName":"Dzimtmisa","hotelId":20032075,"hotelName":"Kalnakriknas","address":"near Dzimtmisa,Latvia","phones":"+37166002953","fax":"","email":"info@krik.lv","url":"http://www.krik.lv","countryIso2":"LV","countryName":"Latvia","hotelRating":"0","latitude":"56.9507","longitude":"24.115","state_id":null,"state_name":null,"country_id":null},{"active":false,"Giataid":"634088","cityId":null,"cityName":"B?rini","hotelId":20032376,"hotelName":"Birini Castle","address":"Birinu Pils,Limbazu District,Birini LV-4014,Latvia","phones":"+37129244927","fax":"+37164024035","email":"hotel@birinupils.lv","url":"http://www.birinupils.lv/","countryIso2":"LV","countryName":"Latvia","hotelRating":"0","latitude":"56.9507","longitude":"24.115","state_id":null,"state_name":null,"country_id":null},{"active":false,"Giataid":"643764","cityId":null,"cityName":"Adazi","hotelId":20349453,"hotelName":"Leisure Complex Leiputrija","address":"Adazu nov,Rigas raj,LV-2164 Adazi,Latvia","phones":"+37129267705","fax":"","email":"info@leiputrija.com","url":"http://leiputrija.com","countryIso2":"LV","countryName":"Latvia","hotelRating":"3","latitude":"57.0873","longitude":"24.4433","state_id":null,"state_name":null,"country_id":null},{"active":false,"Giataid":"911514","cityId":null,"cityName":"Baltezers","hotelId":20349462,"hotelName":"Villa Sofia","address":"Annas Iela 5,Baltezers LV-2164,Latvia","phones":"","fax":"","email":"","url":"","countryIso2":"LV","countryName":"Latvia","hotelRating":"0","latitude":"57.0319","longitude":"24.3141","state_id":null,"state_name":null,"country_id":null},{"active":false,"Giataid":"911229","cityId":null,"cityName":"Aina?i","hotelId":20349463,"hotelName":"Hotel Plavas","address":"Valdemara Iela 121,Ainazi LV-4035,Salacgrivas Novads,Latvia","phones":"","fax":"","email":"plavas.hotel@gmail.com","url":"http://www.plavashotel.lv/eng.html","countryIso2":"LV","countryName":"Latvia","hotelRating":"0","latitude":"57.8501","longitude":"24.354","state_id":null,"state_name":null,"country_id":null},{"active":false,"Giataid":"910842","cityId":null,"cityName":"Jurkalne","hotelId":20349464,"hotelName":"Pilsbergu Krogs","address":"Pilsbergi,Jurkalnes Pagasts LV-3626,Ventspils Novads,Latvia","phones":"","fax":"","email":"info@pilsbergi.lv","url":"http://www.pilsbergi.lv","countryIso2":"LV","countryName":"Latvia","hotelRating":"0","latitude":"57.0076","longitude":"21.3855","state_id":null,"state_name":null,"country_id":null},{"active":false,"Giataid":"911113","cityId":null,"cityName":"Cesis","hotelId":20349471,"hotelName":"Gludas Grava","address":"Gludas Iela 6A,Cesis LV-4101,Latvia","phones":"","fax":"","email":"gludasgrava@gmail.com","url":"http://www.gludasgrava.lv/en/","countryIso2":"LV","countryName":"Latvia","hotelRating":"0","latitude":"57.3132","longitude":"25.2605","state_id":null,"state_name":null,"country_id":null},{"active":false,"Giataid":"911592","cityId":null,"cityName":"Cesis","hotelId":20349472,"hotelName":"Vanadzina Maja","address":"Rigas Iela 15,Cesis LV-4101,Latvia","phones":"","fax":"","email":"","url":"","countryIso2":"LV","countryName":"Latvia","hotelRating":"0","latitude":"57.312","longitude":"25.2622","state_id":null,"state_name":null,"country_id":null},{"active":false,"Giataid":"911221","cityId":null,"cityName":"Mersrags","hotelId":20349496,"hotelName":"Cafe Vizbuli","address":"Berzciems,Engures Novads LV-3113,Latvia","phones":"","fax":"","email":"","url":"","countryIso2":"LV","countryName":"Latvia","hotelRating":"0","latitude":"57.2887","longitude":"23.146","state_id":null,"state_name":null,"country_id":null},{"active":false,"Giataid":"910943","cityId":null,"cityName":"Madona Municipality","hotelId":20349497,"hotelName":"Gimenes Seta","address":"Cerinu Iela 6,Kalsnavas Pagasts,Jaunkalsnava,Madonas Novads LV-4860,Latvia","phones":"","fax":"","email":"","url":"","countryIso2":"LV","countryName":"Latvia","hotelRating":"0","latitude":"56.842","longitude":"26.1283","state_id":null,"state_name":null,"country_id":null},{"active":false,"Giataid":"911447","cityId":null,"cityName":"Plavinas","hotelId":20349498,"hotelName":"Arita","address":"Daugavas Iela 30,Plavinas LV-5120,Latvia","phones":"","fax":"","email":"","url":"http://www.likra.lv/motelis/","countryIso2":"LV","countryName":"Latvia","hotelRating":"0","latitude":"56.6092","longitude":"25.783","state_id":null,"state_name":null,"country_id":null},{"active":false,"Giataid":"911139","cityId":null,"cityName":"Priekuli","hotelId":20349499,"hotelName":"Hostel Priekuli","address":"Darza Iela 12,Priekuli LV-4126,Latvia","phones":"+37164130015","fax":"+37164130010","email":"hostelis.priekuli@stc.lv","url":"http://www.hostelispriekuli.lv/en/","countryIso2":"LV","countryName":"Latvia","hotelRating":"0","latitude":"57.3075","longitude":"25.3616","state_id":null,"state_name":null,"country_id":null},{"active":false,"Giataid":"911125","cityId":null,"cityName":"Raiskums","hotelId":20349500,"hotelName":"Hotel Zakisi","address":"Aroniju Iela 3,Pargaujas Novads,Raiskums LV-4146,Latvia","phones":"","fax":"","email":"hotel.zakisi@gmail.com","url":"http://www.hotelzakisi.lv","countryIso2":"LV","countryName":"Latvia","hotelRating":"0","latitude":"57.3145","longitude":"25.1546","state_id":null,"state_name":null,"country_id":null},{"active":false,"Giataid":"982312","cityId":null,"cityName":"Amata","hotelId":20412728,"hotelName":"Nitaures Dzirnavas","address":"Dzirnavas,Nitaures Pagasts,Amata Novads LV-4112,Latvia","phones":"","fax":"","email":"sales@nitauresdzirnavas.lv","url":"http://nitauresdzirnavas.lv/","countryIso2":"LV","countryName":"Latvia","hotelRating":"1","latitude":"57.1761","longitude":"25.2476","state_id":null,"state_name":null,"country_id":null},{"active":false,"Giataid":"954068","cityId":null,"cityName":"Limba?i","hotelId":20412730,"hotelName":"Province","address":"Bangas,Pale,Limbazu Novads LV-4052,Latvia","phones":"","fax":"","email":"klubsprovince@klubsprovince.lv","url":"http://www.klubsprovince.lv","countryIso2":"LV","countryName":"Latvia","hotelRating":"1","latitude":"0","longitude":"0","state_id":null,"state_name":null,"country_id":null}]