[{"active":false,"Giataid":"245476","cityId":130638,"cityName":"Luganville","hotelId":245476,"hotelName":"Deco Stop Lodge","address":"Hospital Road,P.O.Box 105,Luganville,Espiritu Santo Island,Sanma Province,Vanuatu","phones":"+67836175","fax":"+67836101","email":"info@decostop.com.vu","url":"http://www.decostop.com.vu/","countryIso2":"VU","countryName":"Vanuatu","hotelRating":"3","latitude":"-15.5107","longitude":"167.184","state_id":4776,"state_name":"Sanma","country_id":237},{"active":false,"Giataid":"729691","cityId":130638,"cityName":"Luganville","hotelId":729691,"hotelName":"Two Canoes","address":"Aimbeui Bay,P.O. Box 727,Luganville,Aore Island,Vanuatu","phones":"+6785934412","fax":"","email":"bookings@twocanoesvanuatu.com","url":"http://www.twocanoesvanuatu.com","countryIso2":"VU","countryName":"Vanuatu","hotelRating":"1","latitude":"-15.5427","longitude":"167.19","state_id":4776,"state_name":"Sanma","country_id":237},{"active":false,"Giataid":"138498","cityId":130638,"cityName":"Luganville","hotelId":10051595,"hotelName":"The Beachfront Resort","address":"Red Corner,PO Box 398,Luganville,Espiritu Santo,Vanuatu","phones":"","fax":"","email":"","url":"","countryIso2":"VU","countryName":"Vanuatu","hotelRating":"3","latitude":"-15.5209","longitude":"167.162","state_id":4776,"state_name":"Sanma","country_id":237},{"active":false,"Giataid":"245474","cityId":130638,"cityName":"Luganville","hotelId":20002940,"hotelName":"Santo","address":"P.O.Box 178,Luganville,Espiritu Santo,Vanuatu","phones":"+67836250","fax":"+67836749","email":"hotelsanto@vanuatu.com.vu","url":"http://www.hotelsanto.com.vu/","countryIso2":"VU","countryName":"Vanuatu","hotelRating":"3","latitude":"-15.5144","longitude":"167.175","state_id":4776,"state_name":"Sanma","country_id":237},{"active":false,"Giataid":"611073","cityId":130638,"cityName":"Luganville","hotelId":20003213,"hotelName":"Santo Vista Cottage","address":"48 Palm Estate,Luganville,Espiritu Santo,Vanuatu","phones":"","fax":"","email":"santovistacottage@gmail.com","url":"http://santovistacottage.com/","countryIso2":"VU","countryName":"Vanuatu","hotelRating":"3","latitude":"-15.5153","longitude":"167.212","state_id":4776,"state_name":"Sanma","country_id":237},{"active":false,"Giataid":"245475","cityId":130638,"cityName":"Luganville","hotelId":20003917,"hotelName":"Ratua Island","address":"BP 396,Ratua Island,Espiritu Santo,Vanuatu,Vanuatu","phones":"+67830020","fax":"+67830022","email":"management@ratua.com","url":"http://www.ratua.com/en/index.html","countryIso2":"VU","countryName":"Vanuatu","hotelRating":"5","latitude":"-15.6125","longitude":"167.181","state_id":4776,"state_name":"Sanma","country_id":237},{"active":false,"Giataid":"723956","cityId":130638,"cityName":"Luganville","hotelId":20005326,"hotelName":"Luganvilla Business Hotel","address":"Main Street,Luganville,Santo,Vanuatu","phones":"+67836498","fax":"","email":"bookings@luganvillasanto.com","url":"http://www.luganvillasanto.com/","countryIso2":"VU","countryName":"Vanuatu","hotelRating":"0","latitude":"-15.5125","longitude":"167.18","state_id":4776,"state_name":"Sanma","country_id":237},{"active":false,"Giataid":"724408","cityId":130638,"cityName":"Luganville","hotelId":20005801,"hotelName":"Pui Lodge","address":"Canal Road,Luganville Santo,Espiritu Santo,PO Box 994,Luganville,Vanuatu","phones":"","fax":"","email":"","url":"","countryIso2":"VU","countryName":"Vanuatu","hotelRating":"0","latitude":"-15.5144","longitude":"167.181","state_id":4776,"state_name":"Sanma","country_id":237},{"active":false,"Giataid":"923071","cityId":130638,"cityName":"Luganville","hotelId":20387708,"hotelName":"Santo Seaside Villas","address":"Corner Cook Street And Main Street,Luganville,Santo,Vanuatu","phones":"+6787755431","fax":"","email":"jet2000@vanuatu.com.vu","url":"http://www.santoseasidevillas.com","countryIso2":"VU","countryName":"Vanuatu","hotelRating":"0","latitude":"-15.5144","longitude":"167.181","state_id":4776,"state_name":"Sanma","country_id":237},{"active":false,"Giataid":"863757","cityId":130638,"cityName":"Luganville","hotelId":20387726,"hotelName":"Mambui Bungalows","address":"Loltong Village,Luganville,Penama Province,North Pentecost Island,Vanuatu","phones":"","fax":"","email":"","url":"","countryIso2":"VU","countryName":"Vanuatu","hotelRating":"0","latitude":"-15.5144","longitude":"167.181","state_id":4776,"state_name":"Sanma","country_id":237},{"active":false,"Giataid":"965894","cityId":130638,"cityName":"Luganville","hotelId":20424720,"hotelName":"Hidden Cove Eco Retreat","address":"Espiritu Santo,P.O. box 120,Luganville,Vanuatu,Vanuatu","phones":"+6787765187","fax":"","email":"contact@hiddencoveecoretreat.com","url":"http://www.hiddencoveecoretreat.com/contact.html","countryIso2":"VU","countryName":"Vanuatu","hotelRating":"1","latitude":"-15.5144","longitude":"167.181","state_id":4776,"state_name":"Sanma","country_id":237}]