[{"active":false,"Giataid":"137595","cityId":null,"cityName":"Bokissa Island","hotelId":137596,"hotelName":"Bokissa Private Island Resort Vanuatu","address":"PO Box 261,Bokissa Island,Espiritu Santo,Vanuatu","phones":"+67835660","fax":"","email":"","url":"","countryIso2":"VU","countryName":"Vanuatu","hotelRating":"3","latitude":"-15.5917","longitude":"167.242","state_id":null,"state_name":null,"country_id":null},{"active":false,"Giataid":"137682","cityId":null,"cityName":"Port Vila","hotelId":137682,"hotelName":"Benjor Beach Club","address":"Devils Point Road,Mele Bay,Port Vila,Vanuatu","phones":"+67826078","fax":"","email":"","url":"","countryIso2":"VU","countryName":"Vanuatu","hotelRating":"3","latitude":"-17.6848","longitude":"168.257","state_id":null,"state_name":null,"country_id":null},{"active":false,"Giataid":"137733","cityId":null,"cityName":"Port Vila","hotelId":137733,"hotelName":"Hideaway Island","address":"Hideaway Island,PO Box 1110,Port Vila,Efate Island,Vanuatu","phones":"+67822963","fax":"","email":"","url":"","countryIso2":"VU","countryName":"Vanuatu","hotelRating":"2","latitude":"-17.6971","longitude":"168.263","state_id":null,"state_name":null,"country_id":null},{"active":false,"Giataid":"137817","cityId":null,"cityName":"Tanna (island)","hotelId":137817,"hotelName":"White Grass Ocean Resort & Spa","address":"Saltwater Road,P.O.Box 5,Lenakel,Tanna Island,Tafea,Vanuatu,Vanuatu","phones":"+67830010","fax":"+67830011","email":"whitegrasstanna@vanuatu.com.vu","url":"http://www.whitegrassvanuatu.com.vu/","countryIso2":"VU","countryName":"Vanuatu","hotelRating":"4","latitude":"-19.4341","longitude":"169.227","state_id":null,"state_name":null,"country_id":null},{"active":false,"Giataid":"138290","cityId":null,"cityName":"Port Vila","hotelId":138290,"hotelName":"Poppys On The Lagoon Resort","address":"Captain Cook Boulevard,Erakor Lagoon,PO Box 920,Port Vila,Vanuatu,Vanuatu","phones":"+6782767823425","fax":"","email":"","url":"","countryIso2":"VU","countryName":"Vanuatu","hotelRating":"4","latitude":"-17.7456","longitude":"168.322","state_id":null,"state_name":null,"country_id":null},{"active":false,"Giataid":"138305","cityId":null,"cityName":"Port Vila","hotelId":138305,"hotelName":"Sunset Bungalows Resort","address":"Teouma Road,2nd Lagoon,PO Box 3236,Port Vila,Vanuatu","phones":"+67829968","fax":"","email":"","url":"","countryIso2":"VU","countryName":"Vanuatu","hotelRating":"4","latitude":"-17.7401","longitude":"168.348","state_id":null,"state_name":null,"country_id":null},{"active":false,"Giataid":"138314","cityId":null,"cityName":"Port Vila","hotelId":138314,"hotelName":"The Melanesian Port Vila","address":"P.O. Box 810,Port Vila,Vanuatu,Vanuatu","phones":"+67822150","fax":"+67822678","email":"reservations@melanesian.com.vu","url":"http://www.melanesianportvila.com/","countryIso2":"VU","countryName":"Vanuatu","hotelRating":"3","latitude":"-17.7474","longitude":"168.316","state_id":null,"state_name":null,"country_id":null},{"active":false,"Giataid":"138345","cityId":null,"cityName":"Port Vila","hotelId":138345,"hotelName":"Coconut Palms Resort","address":"Cornwall Street,PO Box 1515,Port Vila,Vanuatu","phones":"+67823696","fax":"","email":"","url":"","countryIso2":"VU","countryName":"Vanuatu","hotelRating":"3","latitude":"-17.7444","longitude":"168.319","state_id":null,"state_name":null,"country_id":null},{"active":false,"Giataid":"138398","cityId":null,"cityName":"Port Vila","hotelId":138398,"hotelName":"Chantilly's on the Bay","address":"Lini Highway,Fatumary Bay,Port Vila,Vanuatu","phones":"+67827079","fax":"+6782811","email":"chantillys@vanuatu.com.vu","url":"http://www.chantillysonthebay.com/","countryIso2":"VU","countryName":"Vanuatu","hotelRating":"4","latitude":"-17.7317","longitude":"168.311","state_id":null,"state_name":null,"country_id":null},{"active":false,"Giataid":"138405","cityId":null,"cityName":"Port Vila","hotelId":138405,"hotelName":"Erakor Island Resort & Spa","address":"Port Vila,Vanuatu,Vanuatu","phones":"+67823098","fax":"+67822983","email":"gm@erakorislandresort.com","url":"http://www.erakorislandresort.com/index.php/contact-us","countryIso2":"VU","countryName":"Vanuatu","hotelRating":"3","latitude":"-17.7726","longitude":"168.311","state_id":null,"state_name":null,"country_id":null},{"active":false,"Giataid":"138435","cityId":null,"cityName":"Port Vila","hotelId":138435,"hotelName":"Kaiviti Motel","address":"Lini Highway,Po Box 152,Port Vila,Vanuatu,Vanuatu","phones":"+67824684","fax":"+67824685","email":"kaiviti@vanuatu.com.vu","url":"http://www.kaivitimotel.com/","countryIso2":"VU","countryName":"Vanuatu","hotelRating":"3","latitude":"-17.7478","longitude":"168.315","state_id":null,"state_name":null,"country_id":null},{"active":false,"Giataid":"138446","cityId":null,"cityName":"Aore Island","hotelId":138446,"hotelName":"Aore Island Resort","address":"Aore Island,Santo,Vanuatu,Vanuatu","phones":"+67836705","fax":"+67836703","email":"aore@vanuatu.com.vu","url":"http://www.aoreresort.com/","countryIso2":"VU","countryName":"Vanuatu","hotelRating":"3","latitude":"-15.5386","longitude":"167.18","state_id":null,"state_name":null,"country_id":null},{"active":false,"Giataid":"138470","cityId":null,"cityName":"Port Vila","hotelId":138470,"hotelName":"Les Alizes","address":"Bellevue Route De Montmartre,Port Vila,Vanuatu","phones":"","fax":"","email":"","url":"","countryIso2":"VU","countryName":"Vanuatu","hotelRating":"2","latitude":"-17.7339","longitude":"168.348","state_id":null,"state_name":null,"country_id":null},{"active":false,"Giataid":"138480","cityId":null,"cityName":"Port Vila","hotelId":138480,"hotelName":"Tradewinds Villas","address":"Captain Cook Avenue,PO Box 1687,Port Vila,Vanuatu","phones":"+6787727018","fax":"","email":"","url":"","countryIso2":"VU","countryName":"Vanuatu","hotelRating":"3","latitude":"-17.7445","longitude":"168.323","state_id":null,"state_name":null,"country_id":null},{"active":false,"Giataid":"138486","cityId":null,"cityName":"Port Vila","hotelId":138486,"hotelName":"Fatumaru Lodge","address":"Kumul Highway,PO BOX 1359,Fatumaru Bay,Port Vila,Vanuatu","phones":"+67823456","fax":"","email":"","url":"","countryIso2":"VU","countryName":"Vanuatu","hotelRating":"3","latitude":"-17.7254","longitude":"168.311","state_id":null,"state_name":null,"country_id":null},{"active":false,"Giataid":"138493","cityId":null,"cityName":"Port Vila","hotelId":138493,"hotelName":"Traveller's Budget Motel","address":"Avenue du Stade,PO Box 409,Port Vila,Vanuatu","phones":"+67823940","fax":"","email":"reception@thetravellersmotel.com","url":"http://www.thetravellersmotel.com/","countryIso2":"VU","countryName":"Vanuatu","hotelRating":"2","latitude":"-17.7304","longitude":"168.314","state_id":null,"state_name":null,"country_id":null},{"active":false,"Giataid":"138494","cityId":null,"cityName":"Port Vila","hotelId":138494,"hotelName":"Vila Chaumieres Resort","address":"Route de Teouma,Port Vila,Vanuatu","phones":"+67822866","fax":"","email":"","url":"","countryIso2":"VU","countryName":"Vanuatu","hotelRating":"3","latitude":"-17.737","longitude":"168.339","state_id":null,"state_name":null,"country_id":null},{"active":false,"Giataid":"138497","cityId":null,"cityName":"Port Vila","hotelId":138497,"hotelName":"Pacific Lagoon Apartments","address":"Pango Road,Ellouk,Port Vila,Vanuatu","phones":"+67823860","fax":"","email":"","url":"","countryIso2":"VU","countryName":"Vanuatu","hotelRating":"3","latitude":"-17.7675","longitude":"168.305","state_id":null,"state_name":null,"country_id":null},{"active":false,"Giataid":"138506","cityId":null,"cityName":"Port Vila","hotelId":138506,"hotelName":"Vanuatu Holiday Hotel","address":"PO Box 1402,Less than 1 km from the town centre,Port Vila,Efate,Provinz Shefa,Vanuatu,Vanuatu","phones":"+67829930","fax":"+67829929","email":"res@vanuatuholidayhotel.com","url":"http://www.vanuatuholidayhotel.com/contact.html","countryIso2":"VU","countryName":"Vanuatu","hotelRating":"2","latitude":"-17.7481","longitude":"168.316","state_id":null,"state_name":null,"country_id":null},{"active":false,"Giataid":"138508","cityId":null,"cityName":"Port Vila","hotelId":138508,"hotelName":"Paradise Cove Resort","address":"Paradise Cove Road,Pango,PO Box 389,Port Vila,Vanuatu,Vanuatu","phones":"","fax":"","email":"","url":"","countryIso2":"VU","countryName":"Vanuatu","hotelRating":"3","latitude":"-17.7642","longitude":"168.278","state_id":null,"state_name":null,"country_id":null},{"active":false,"Giataid":"138515","cityId":null,"cityName":"Port Vila","hotelId":138515,"hotelName":"Grand Hotel & Casino","address":"Lini Highway,Port Vila,Vanuatu,Vanuatu","phones":"+67828882","fax":"+67828883","email":"reservations@grandvanuatu.com","url":"http://www.grandvanuatu.com","countryIso2":"VU","countryName":"Vanuatu","hotelRating":"4","latitude":"-17.7421","longitude":"168.314","state_id":null,"state_name":null,"country_id":null},{"active":false,"Giataid":"138524","cityId":null,"cityName":"Port Vila","hotelId":138524,"hotelName":"Mangoes Resort","address":"Rue De Wales,PO Box 862,Port Vila,Vanuatu","phones":"+67824923","fax":"","email":"","url":"","countryIso2":"VU","countryName":"Vanuatu","hotelRating":"4","latitude":"-17.7409","longitude":"168.323","state_id":null,"state_name":null,"country_id":null},{"active":false,"Giataid":"234641","cityId":null,"cityName":"Port Vila","hotelId":234641,"hotelName":"Starfish Cove","address":"Port Vila,Vanuatu,Vanuatu","phones":"+67828160","fax":"+67828163","email":"sales@starfishcove.vu","url":"http://www.starfishcove.vu/","countryIso2":"VU","countryName":"Vanuatu","hotelRating":"4","latitude":"-17.7432","longitude":"168.354","state_id":null,"state_name":null,"country_id":null},{"active":false,"Giataid":"244352","cityId":null,"cityName":"Espiritu Santo (island)","hotelId":244352,"hotelName":"Turtle Bay Lodge","address":"Turtle Bay,Espiritu Santo,Vanuatu,Vanuatu","phones":"+67837988","fax":"","email":"stay@turtlebaylodge.vu","url":"http://www.turtlebayresort.vu/","countryIso2":"VU","countryName":"Vanuatu","hotelRating":"2","latitude":"-15.3569","longitude":"167.192","state_id":null,"state_name":null,"country_id":null},{"active":false,"Giataid":"244353","cityId":null,"cityName":"Port Vila","hotelId":244353,"hotelName":"Breakas Beach Resort Vanuatu (Adults Only)","address":"Pango Road,P.O.Box 1101,Port Vila,Pango Peninsula,Vanuatu,Vanuatu","phones":"+67823670","fax":"+67824710","email":"res@breakas.com","url":"http://www.breakas.com/","countryIso2":"VU","countryName":"Vanuatu","hotelRating":"5","latitude":"-17.7757","longitude":"168.294","state_id":null,"state_name":null,"country_id":null},{"active":false,"Giataid":"245467","cityId":null,"cityName":"Port Vila","hotelId":245467,"hotelName":"The Havannah","address":"Samoa Point,Efale Island,Vanuatu,Vanuatu","phones":"+6785518060","fax":"+6785518062","email":"reservations@thehavannah.com","url":"http://www.thehavannah.com/","countryIso2":"VU","countryName":"Vanuatu","hotelRating":"5","latitude":"-17.5728","longitude":"168.249","state_id":null,"state_name":null,"country_id":null},{"active":false,"Giataid":"245468","cityId":null,"cityName":"Port Vila","hotelId":245468,"hotelName":"Villa 25","address":"25 Wharf Road,Dream Cove,P.O.Box 1277,Port Vila,Vanuatu,Vanuatu","phones":"+6787764439","fax":"","email":"","url":"http://www.vanuatuaccommodation.vu/","countryIso2":"VU","countryName":"Vanuatu","hotelRating":"4","latitude":"-17.7613","longitude":"168.283","state_id":null,"state_name":null,"country_id":null},{"active":false,"Giataid":"245469","cityId":null,"cityName":"Port Vila","hotelId":245469,"hotelName":"Eratap Beach Resort","address":"Eratap Point,PO Box 3037,Port Vila,Vanuatu","phones":"+6785545007","fax":"","email":"","url":"","countryIso2":"VU","countryName":"Vanuatu","hotelRating":"4","latitude":"-17.7989","longitude":"168.35","state_id":null,"state_name":null,"country_id":null},{"active":false,"Giataid":"245471","cityId":null,"cityName":"Espiritu Santo (island)","hotelId":245471,"hotelName":"Coral Quays Resort","address":"P.O.Box 116,Luganville,Espiritu Santo,Vanuatu,Vanuatu","phones":"+67836257","fax":"+67836647","email":"stay@coralquays.com","url":"http://www.coralquays.com/","countryIso2":"VU","countryName":"Vanuatu","hotelRating":"3","latitude":"-15.519","longitude":"167.162","state_id":null,"state_name":null,"country_id":null},{"active":false,"Giataid":"245473","cityId":null,"cityName":"Tanna (island)","hotelId":245473,"hotelName":"Friendly Bungalows","address":"Lowalcas Cove,Tanna Island,Vanuatu","phones":"+67826856","fax":"+67826856","email":"","url":"http://www.friendlybungalows.com.vu/","countryIso2":"VU","countryName":"Vanuatu","hotelRating":"2","latitude":"-19.4897","longitude":"169.442","state_id":null,"state_name":null,"country_id":null},{"active":false,"Giataid":"365501","cityId":null,"cityName":"Port Vila","hotelId":365501,"hotelName":"Tamanu On The Beach","address":"White Sands Road,Port Vila,Efate,Vanuatu","phones":"","fax":"","email":"","url":"http://www.tamanuonthebeach.com/","countryIso2":"VU","countryName":"Vanuatu","hotelRating":"4","latitude":"-17.8253","longitude":"168.395","state_id":null,"state_name":null,"country_id":null},{"active":false,"Giataid":"365502","cityId":null,"cityName":"Port Vila","hotelId":365502,"hotelName":"Surfside Vanuatu","address":"Pango Road,PO Box 3478,Port Vila,Vanuatu","phones":"+67822727","fax":"","email":"","url":"http://surfsidevanuatu.com/","countryIso2":"VU","countryName":"Vanuatu","hotelRating":"3","latitude":"-17.7762","longitude":"168.293","state_id":null,"state_name":null,"country_id":null},{"active":false,"Giataid":"365504","cityId":null,"cityName":"Port Vila","hotelId":365504,"hotelName":"Mariner Apartments","address":"Lini Highway,Port Vila,Vanuatu","phones":"","fax":"","email":"","url":"http://www.marinerapartmentsportvila.com/","countryIso2":"VU","countryName":"Vanuatu","hotelRating":"4","latitude":"-17.7313","longitude":"168.312","state_id":null,"state_name":null,"country_id":null},{"active":false,"Giataid":"365505","cityId":null,"cityName":"Port Vila","hotelId":365505,"hotelName":"Island Magic Resort","address":"Devils Point Road,Port Vila,Mele Bay,Vanuatu","phones":"+67829015","fax":"+67829015","email":"info@islandmagicresort.com","url":"http://www.islandmagicresort.com/","countryIso2":"VU","countryName":"Vanuatu","hotelRating":"4","latitude":"-17.6871","longitude":"168.247","state_id":null,"state_name":null,"country_id":null},{"active":false,"Giataid":"460696","cityId":null,"cityName":"Port Vila","hotelId":460696,"hotelName":"Business Class Hotel","address":"Rue De Bougainville,Port Vila,Vanuatu,Vanuatu","phones":"+6782767823841","fax":"","email":"info@businessclasshotelvanuatu.com","url":"http://www.businessclasshotelvanuatu.com/","countryIso2":"VU","countryName":"Vanuatu","hotelRating":"3","latitude":"-17.736","longitude":"168.312","state_id":null,"state_name":null,"country_id":null},{"active":false,"Giataid":"460757","cityId":null,"cityName":"Port Vila","hotelId":460757,"hotelName":"Airlines Business Hotel","address":"Lini Highway Tagabe Road,Port Vila,Vanuatu","phones":"+6787788887","fax":"","email":"","url":"http://airlinesbusinesshotel.com-vanuatu.com/","countryIso2":"VU","countryName":"Vanuatu","hotelRating":"1","latitude":"-17.7063","longitude":"168.309","state_id":null,"state_name":null,"country_id":null},{"active":false,"Giataid":"490486","cityId":null,"cityName":"Port Vila","hotelId":490486,"hotelName":"Paray Lodge","address":"Paray Area,Nambatu,PO Box 3121,Port Vila,Vanuatu","phones":"+67826289","fax":"","email":"reservation@paraylodge.com.vu","url":"http://www.paraylodge.com.vu/","countryIso2":"VU","countryName":"Vanuatu","hotelRating":"2","latitude":"-17.7566","longitude":"168.316","state_id":null,"state_name":null,"country_id":null},{"active":false,"Giataid":"496086","cityId":null,"cityName":"Port Vila","hotelId":496086,"hotelName":"Coco Beach Resort","address":"Paradise Cove,Pango,Efate,Port Vila,Vanuatu","phones":"+6785552227","fax":"+6785552220","email":"info@stay-cocobeach.com","url":"http://www.stay-cocobeach.com/","countryIso2":"VU","countryName":"Vanuatu","hotelRating":"3","latitude":"-17.7648","longitude":"168.276","state_id":null,"state_name":null,"country_id":null},{"active":false,"Giataid":"496424","cityId":null,"cityName":"Port Vila","hotelId":496424,"hotelName":"Vale Vale Beachfront Villas","address":"Pango Road,Vale Vale Beach,Port Vila,Vanuatu","phones":"","fax":"","email":"","url":"","countryIso2":"VU","countryName":"Vanuatu","hotelRating":"4","latitude":"-17.7755","longitude":"168.294","state_id":null,"state_name":null,"country_id":null},{"active":false,"Giataid":"505615","cityId":null,"cityName":"Port Vila","hotelId":505615,"hotelName":"Angelfish Cove Villas","address":"Angelfish Cove,Pango,Port Vila,Vanuatu","phones":"+6787750833","fax":"","email":"vlhhreservations@gmail.com","url":"http://www.angelfishcovevillas.com/","countryIso2":"VU","countryName":"Vanuatu","hotelRating":"4","latitude":"-17.7663","longitude":"168.274","state_id":null,"state_name":null,"country_id":null},{"active":false,"Giataid":"507837","cityId":null,"cityName":"Port Vila","hotelId":507837,"hotelName":"Cocomo Resort","address":"Teoma Road,Korman,Port Vila,Efate,Vanuatu","phones":"","fax":"","email":"book@cocomoresort.com","url":"http://www.lagoonbeachvanuatu.com/","countryIso2":"VU","countryName":"Vanuatu","hotelRating":"3","latitude":"-17.7353","longitude":"168.336","state_id":null,"state_name":null,"country_id":null},{"active":false,"Giataid":"507887","cityId":null,"cityName":"Port Vila","hotelId":507887,"hotelName":"Les Cottages de Bellevue Ecolodge","address":"Route de Bellevue,PO Box 1389,Port Vila,Vanuatu,Vanuatu","phones":"+678276787755550","fax":"","email":"sarianigs@gmail.com","url":"http://www.lescottagesdebellevue-vanuatu.com/","countryIso2":"VU","countryName":"Vanuatu","hotelRating":"3","latitude":"-17.7295","longitude":"168.34","state_id":null,"state_name":null,"country_id":null},{"active":false,"Giataid":"520403","cityId":null,"cityName":"Port Vila","hotelId":520403,"hotelName":"Coral Motel & Apartments Vanuatu","address":"Lini Highway,Tebakor,185 Port Vila,Vanuatu,Vanuatu","phones":"+67824755","fax":"","email":"coralmotel@vanuatu.com.vu","url":"http://coralmotel.com/","countryIso2":"VU","countryName":"Vanuatu","hotelRating":"3","latitude":"-17.7227","longitude":"168.311","state_id":null,"state_name":null,"country_id":null},{"active":false,"Giataid":"521585","cityId":null,"cityName":"Port Vila","hotelId":521585,"hotelName":"Ripples on the Bay","address":"Lot 19, Narpow Point, Teouma Bay,PO Box 2036,Port Vila,Vanuatu","phones":"+67823355","fax":"","email":"ripplesresortvanuatu@gmail.com","url":"http://ripplesresortvanuatu.com/","countryIso2":"VU","countryName":"Vanuatu","hotelRating":"3","latitude":"-17.8135","longitude":"168.377","state_id":null,"state_name":null,"country_id":null},{"active":false,"Giataid":"525125","cityId":null,"cityName":"Port Vila","hotelId":525125,"hotelName":"Koyu Apartments","address":"Eratap Point,Vanuatu","phones":"+6785912336","fax":"","email":"koyuapartments@gmail.com","url":"http://www.koyuapartments.com","countryIso2":"VU","countryName":"Vanuatu","hotelRating":"4","latitude":"-17.8037","longitude":"168.352","state_id":null,"state_name":null,"country_id":null},{"active":false,"Giataid":"531907","cityId":null,"cityName":"Port Vila","hotelId":531907,"hotelName":"Conquistadors Resort Vanuatu","address":"Pango Tops,Port Vila,Vanuatu","phones":"+6787755394","fax":"","email":"contact@conquistadorsvanuatu.com","url":"http://www.conquistadorsvanuatu.com/","countryIso2":"VU","countryName":"Vanuatu","hotelRating":"3","latitude":"-17.7724","longitude":"168.3","state_id":null,"state_name":null,"country_id":null},{"active":false,"Giataid":"532362","cityId":null,"cityName":"Port Vila","hotelId":532362,"hotelName":"Aquana Beach Resort","address":"Port Vila,PO Box 238,Vanuatu,Vanuatu","phones":"","fax":"","email":"info@aquana.com.au","url":"http://www.aquana.com.au/","countryIso2":"VU","countryName":"Vanuatu","hotelRating":"4","latitude":"-17.7822","longitude":"168.352","state_id":null,"state_name":null,"country_id":null},{"active":false,"Giataid":"535089","cityId":null,"cityName":"Port Vila","hotelId":535089,"hotelName":"City Lodge","address":"PO Box 3230,Kumul Highway,Opposite Port Vila Markets,Port Vila,Vanuatu","phones":"+67826826","fax":"","email":"citylodge@vanuatu.com.vu","url":"http://www.citylodge.com.vu","countryIso2":"VU","countryName":"Vanuatu","hotelRating":"1","latitude":"-17.7406","longitude":"168.315","state_id":null,"state_name":null,"country_id":null},{"active":false,"Giataid":"549748","cityId":null,"cityName":"Port Vila","hotelId":549748,"hotelName":"Quest Apartments","address":"Tassiriki Park Road,Port Vila,Vanuatu,Vanuatu","phones":"+6787723088","fax":"","email":"stay@quest.vu","url":"http://www.quest.vu/","countryIso2":"VU","countryName":"Vanuatu","hotelRating":"4","latitude":"-17.7372","longitude":"168.325","state_id":null,"state_name":null,"country_id":null},{"active":false,"Giataid":"550585","cityId":null,"cityName":"Port Vila","hotelId":550585,"hotelName":"Ocean View Apartments","address":"Rue Ren? Pujol,Po Box 3294,Port Vila,Vanuatu","phones":"+67822220","fax":"","email":"info@stay-oceanview.com","url":"http://www.stay-oceanview.com","countryIso2":"VU","countryName":"Vanuatu","hotelRating":"3","latitude":"-17.7298","longitude":"168.312","state_id":null,"state_name":null,"country_id":null},{"active":false,"Giataid":"611423","cityId":null,"cityName":"Port Vila","hotelId":611423,"hotelName":"Pacific Paradise Motel","address":"Lini Highway,Tebakor,Port Vila,Vanuatu","phones":"+67828989","fax":"+67829898","email":"info@pacificparadisemotel.com","url":"http://www.pacificparadisemotel.com/","countryIso2":"VU","countryName":"Vanuatu","hotelRating":"2","latitude":"-17.7344","longitude":"168.322","state_id":null,"state_name":null,"country_id":null},{"active":false,"Giataid":"613177","cityId":null,"cityName":"Port Vila","hotelId":613177,"hotelName":"Room With A View","address":"Rene Pujol 889,On Way to lycee,Port Vila,Vanuatu","phones":"","fax":"","email":"","url":"","countryIso2":"VU","countryName":"Vanuatu","hotelRating":"3","latitude":"-17.7311","longitude":"168.312","state_id":null,"state_name":null,"country_id":null},{"active":false,"Giataid":"639489","cityId":null,"cityName":"Port Vila","hotelId":639489,"hotelName":"Ramada Resort Port Vila","address":"1st Lagoon,Erakor Lagoon,Paray,Port Vila,Vanuatu","phones":"+67864212427004","fax":"","email":"reservations@ramadaresort.com.vu","url":"http://www.ramadaresort.com.vu","countryIso2":"VU","countryName":"Vanuatu","hotelRating":"4","latitude":"-17.7559","longitude":"168.317","state_id":null,"state_name":null,"country_id":null},{"active":false,"Giataid":"639554","cityId":null,"cityName":"Port Vila","hotelId":639554,"hotelName":"Palms Resort & Casino","address":"PO Box 1111,Port Vila,Vanuatu","phones":"+67824308","fax":"+67822394","email":"678","url":"http://www.palmsvanuatu.com/","countryIso2":"VU","countryName":"Vanuatu","hotelRating":"1","latitude":"-17.7434","longitude":"168.307","state_id":null,"state_name":null,"country_id":null},{"active":false,"Giataid":"660798","cityId":null,"cityName":"Port Vila","hotelId":660798,"hotelName":"Crystal Palace Hotel","address":"Kumul Highway,Crystal Palace Building,Port Vila,Shefa,Vanuatu","phones":"","fax":"","email":"","url":"","countryIso2":"VU","countryName":"Vanuatu","hotelRating":"3","latitude":"-17.7303","longitude":"168.312","state_id":null,"state_name":null,"country_id":null},{"active":false,"Giataid":"678713","cityId":null,"cityName":"Port Vila","hotelId":678713,"hotelName":"Wai Melmelo Guest House","address":"Fresh Water 1,P O Box 1622,Port Vila,Shefa Province,Vanuatu","phones":"","fax":"","email":"","url":"","countryIso2":"VU","countryName":"Vanuatu","hotelRating":"2","latitude":"-17.7306","longitude":"168.32","state_id":null,"state_name":null,"country_id":null},{"active":false,"Giataid":"723777","cityId":null,"cityName":"Port Vila","hotelId":723777,"hotelName":"Seachange Lodge","address":"Captain Cook Avenue,PO Box 5101,Port Vila,Vanuatu","phones":"+67826551","fax":"+67826551","email":"","url":"http://seachangelodge.com","countryIso2":"VU","countryName":"Vanuatu","hotelRating":"1","latitude":"-17.748","longitude":"168.321","state_id":null,"state_name":null,"country_id":null},{"active":false,"Giataid":"723890","cityId":null,"cityName":"Port Vila","hotelId":723890,"hotelName":"Vanuatu Beachfront Apartments","address":"Lot 6 Mele Beach,Mele Cove Estate,Port Vila,Vanuatu","phones":"+6785576546","fax":"","email":"info@vanuatubeach.com","url":"http://vanuatubeach.com/","countryIso2":"VU","countryName":"Vanuatu","hotelRating":"1","latitude":"-17.6919","longitude":"168.267","state_id":null,"state_name":null,"country_id":null},{"active":false,"Giataid":"724409","cityId":null,"cityName":"Port Vila","hotelId":724409,"hotelName":"Pasi Lodge","address":"2 Nambatu Wallis,PO Box 469,Port Vila,Vanuatu","phones":"","fax":"","email":"","url":"","countryIso2":"VU","countryName":"Vanuatu","hotelRating":"1","latitude":"-17.7531","longitude":"168.313","state_id":null,"state_name":null,"country_id":null},{"active":false,"Giataid":"724606","cityId":null,"cityName":"Port Vila","hotelId":724606,"hotelName":"Vanuatu Secret Garden Resort","address":"Melemaat Road,Mele Bay,Port Vila,Vanuatu","phones":"","fax":"","email":"","url":"","countryIso2":"VU","countryName":"Vanuatu","hotelRating":"1","latitude":"-17.6911","longitude":"168.269","state_id":null,"state_name":null,"country_id":null},{"active":false,"Giataid":"724621","cityId":null,"cityName":"Port Vila","hotelId":724621,"hotelName":"Paradise Point Escape","address":"5 Worowloa Point,Efate,Port Vila,Vanuatu,Vanuatu","phones":"","fax":"","email":"","url":"","countryIso2":"VU","countryName":"Vanuatu","hotelRating":"1","latitude":"-17.7434","longitude":"168.307","state_id":null,"state_name":null,"country_id":null},{"active":false,"Giataid":"724767","cityId":null,"cityName":"Port Vila","hotelId":724767,"hotelName":"Retreat Seaside","address":"Captain Cook Avenue,Port Vila,Vanuatu,Vanuatu","phones":"","fax":"","email":"","url":"","countryIso2":"VU","countryName":"Vanuatu","hotelRating":"1","latitude":"-17.746","longitude":"168.322","state_id":null,"state_name":null,"country_id":null},{"active":false,"Giataid":"725506","cityId":null,"cityName":"Port Vila","hotelId":725506,"hotelName":"Travellers Inn Apartments","address":"Nambatri 3 Area,PO Box 4022,Port Vila,Vanuatu","phones":"","fax":"","email":"","url":"","countryIso2":"VU","countryName":"Vanuatu","hotelRating":"1","latitude":"-17.7434","longitude":"168.307","state_id":null,"state_name":null,"country_id":null},{"active":false,"Giataid":"725700","cityId":null,"cityName":"Port Vila","hotelId":725700,"hotelName":"Maison la Plage","address":"14 Devils Point Road,Port Vila,Vanuatu","phones":"+678408817724","fax":"","email":"","url":"http://www.maisonlaplagevanuatu.com","countryIso2":"VU","countryName":"Vanuatu","hotelRating":"1","latitude":"-17.7112","longitude":"168.217","state_id":null,"state_name":null,"country_id":null},{"active":false,"Giataid":"726385","cityId":null,"cityName":"Aore Island","hotelId":726385,"hotelName":"Island View Cottages","address":"Lot 61 Aore Point,Aore Island,Sanma,Vanuatu","phones":"+678411855433","fax":"","email":"lrhvh@yahoo.co.uk","url":"https://www.islandviewcottagesaoreisland.com","countryIso2":"VU","countryName":"Vanuatu","hotelRating":"1","latitude":"-15.5383","longitude":"167.197","state_id":null,"state_name":null,"country_id":null},{"active":false,"Giataid":"727398","cityId":null,"cityName":"Tanna (island)","hotelId":727398,"hotelName":"Volcanic Village Vista","address":"Imayo Village,Tanna Island,PO Box 78,White Sands,Vanuatu","phones":"+6787101770","fax":"","email":"info@volcanicvillagevista.com","url":"http://volcanicvillagevista.com","countryIso2":"VU","countryName":"Vanuatu","hotelRating":"2","latitude":"-19.5391","longitude":"169.428","state_id":null,"state_name":null,"country_id":null},{"active":false,"Giataid":"729682","cityId":null,"cityName":"Port Vila","hotelId":729682,"hotelName":"Santina Apartments","address":"126 Santina Parade Elluk,Port Vila,Vanuatu","phones":"","fax":"","email":"","url":"","countryIso2":"VU","countryName":"Vanuatu","hotelRating":"1","latitude":"-17.7638","longitude":"168.305","state_id":null,"state_name":null,"country_id":null},{"active":false,"Giataid":"732240","cityId":null,"cityName":"Moso Island","hotelId":732240,"hotelName":"The Moso Vanuatu","address":"PO Box 7807,Savannah Area,Efate Bay,Vanuatu,Vanuatu","phones":"+6787711365","fax":"","email":"mikamlongmoso@themosovanuatu.com","url":"https://www.themosovanuatu.com","countryIso2":"VU","countryName":"Vanuatu","hotelRating":"1","latitude":"-17.5376","longitude":"168.27","state_id":null,"state_name":null,"country_id":null},{"active":false,"Giataid":"245473","cityId":null,"cityName":"Tanna (island)","hotelId":751999,"hotelName":"Friendly Beach","address":"Lowalcas Cove,Tanna Island,Vanuatu","phones":"+67826856","fax":"","email":"res@friendlybeachvanuatu.com","url":"http://www.friendlybeachvanuatu.com/","countryIso2":"VU","countryName":"Vanuatu","hotelRating":"1","latitude":"-19.5168","longitude":"169.33","state_id":null,"state_name":null,"country_id":null},{"active":false,"Giataid":"755941","cityId":null,"cityName":"Aore Island","hotelId":755941,"hotelName":"Aoredise Paradise on Aore Island","address":"Lot 36 Forest Subdivision,Aore Island,Vanuatu","phones":"+678450149766","fax":"","email":"aoredise@gmail.com","url":"http://www.aoredise.com","countryIso2":"VU","countryName":"Vanuatu","hotelRating":"1","latitude":"-15.5383","longitude":"167.197","state_id":null,"state_name":null,"country_id":null},{"active":false,"Giataid":"759784","cityId":null,"cityName":"Port Vila","hotelId":759784,"hotelName":"Anabru Pacific Lodge","address":"Anamburu Area,Po Box 488,Port Vila,Vanuatu","phones":"+67824852","fax":"","email":"contact@anabrupacificlodge.com","url":"http://www.anabrupacificlodge.com","countryIso2":"VU","countryName":"Vanuatu","hotelRating":"1","latitude":"-17.7203","longitude":"168.315","state_id":null,"state_name":null,"country_id":null},{"active":false,"Giataid":"760345","cityId":null,"cityName":"Tanna (island)","hotelId":760345,"hotelName":"Sunrise Bungalows","address":"Manuapen Village Port Resolution,Lenakel,PO Box 4,Tanna Island,Vanuatu","phones":"+67868022","fax":"","email":"s_bungalow@yahoo.com.au","url":"http://www.sunrisebungalows.netfast.org","countryIso2":"VU","countryName":"Vanuatu","hotelRating":"1","latitude":"-19.5168","longitude":"169.33","state_id":null,"state_name":null,"country_id":null},{"active":false,"Giataid":"804364","cityId":null,"cityName":"Port Vila","hotelId":804364,"hotelName":"Vila Rose Hotel","address":"Melcofe Hilltop,PO Box 3029,Port Vila,Vanuatu","phones":"","fax":"","email":"vilarosehotel@gmail.com","url":"http://www.vilarose.com.vu/","countryIso2":"VU","countryName":"Vanuatu","hotelRating":"1","latitude":"-17.7434","longitude":"168.307","state_id":null,"state_name":null,"country_id":null},{"active":false,"Giataid":"847471","cityId":null,"cityName":"Port Vila","hotelId":847471,"hotelName":"Blue Bay Resort & Restaurant","address":"Devil's Point Road,Port Vila,Shefa,Vanuatu","phones":"","fax":"","email":"book@bluebayvanuatu.com","url":"http://www.bluebayvanuatu.com/","countryIso2":"VU","countryName":"Vanuatu","hotelRating":"1","latitude":"-17.7434","longitude":"168.307","state_id":null,"state_name":null,"country_id":null},{"active":false,"Giataid":"550034","cityId":null,"cityName":"Tanna (island)","hotelId":10063578,"hotelName":"Alofa Beach Bungalows","address":"Lenakel,Tanna Island,Vanuatu","phones":"+6785351632","fax":"","email":"","url":"","countryIso2":"VU","countryName":"Vanuatu","hotelRating":"2","latitude":"-19.5308","longitude":"169.27","state_id":null,"state_name":null,"country_id":null},{"active":false,"Giataid":"532823","cityId":null,"cityName":"Espiritu Santo (island)","hotelId":10068769,"hotelName":"Lope Lope Lodge","address":"East Coast Road,Santo,Sanma Province,Vanuatu","phones":"+6787793065","fax":"","email":"","url":"","countryIso2":"VU","countryName":"Vanuatu","hotelRating":"4","latitude":"-15.2964","longitude":"166.919","state_id":null,"state_name":null,"country_id":null},{"active":false,"Giataid":"532367","cityId":null,"cityName":"Espiritu Santo (island)","hotelId":10072585,"hotelName":"Reef Resort","address":"Turtle Bay","phones":"","fax":"","email":"","url":"","countryIso2":"VU","countryName":"Vanuatu","hotelRating":"3","latitude":"-15.3563","longitude":"167.191","state_id":null,"state_name":null,"country_id":null},{"active":false,"Giataid":"517788","cityId":null,"cityName":"Espiritu Santo (island)","hotelId":20002753,"hotelName":"Malvanua Island Beach House","address":"Turtle Bay,Malvanua Island,East Coast of Santo,Vanuatu","phones":"+67837993","fax":"","email":"malvanua@gmail.com","url":"http://www.malvanuaisland.com/","countryIso2":"VU","countryName":"Vanuatu","hotelRating":"3","latitude":"-15.3308","longitude":"167.147","state_id":null,"state_name":null,"country_id":null},{"active":false,"Giataid":"391497","cityId":null,"cityName":"Espiritu Santo (island)","hotelId":20003372,"hotelName":"Oyster Island Resort","address":"P.O. Box 183 Luganville,Espiritu Santo,Vanuatu,Vanuatu","phones":"+67836283","fax":"+67836283","email":"paradise@oysterisland.com","url":"http://www.oysterisland.com","countryIso2":"VU","countryName":"Vanuatu","hotelRating":"3","latitude":"-15.3004","longitude":"166.918","state_id":null,"state_name":null,"country_id":null},{"active":false,"Giataid":"723821","cityId":null,"cityName":"Tanna (island)","hotelId":20003568,"hotelName":"Manmimar Nature Lodge","address":"Lenakel,Tanna Island,Vanuatu","phones":"","fax":"","email":"","url":"http://www.manmimar.com","countryIso2":"VU","countryName":"Vanuatu","hotelRating":"2","latitude":"-19.5314","longitude":"169.269","state_id":null,"state_name":null,"country_id":null},{"active":false,"Giataid":"726113","cityId":null,"cityName":"Tanna (island)","hotelId":20003745,"hotelName":"Tanna Horizon Bungalows","address":"Port Resolution,East Tanna,Tanna Island,Vanuatu","phones":"","fax":"","email":"","url":"","countryIso2":"VU","countryName":"Vanuatu","hotelRating":"2","latitude":"-19.521","longitude":"169.505","state_id":null,"state_name":null,"country_id":null},{"active":false,"Giataid":"245472","cityId":null,"cityName":"Tanna (island)","hotelId":20004621,"hotelName":"Tanna Resort","address":"Tanna Island,Vanuatu,Vanuatu","phones":"","fax":"","email":"","url":"","countryIso2":"VU","countryName":"Vanuatu","hotelRating":"3","latitude":"-19.5155","longitude":"169.358","state_id":null,"state_name":null,"country_id":null},{"active":false,"Giataid":"726501","cityId":null,"cityName":"Tanna (island)","hotelId":20004812,"hotelName":"Yasur View Bungalows","address":"Loanengao,Tanna Island,Tafea,Vanuatu","phones":"","fax":"","email":"","url":"http://www.yasurview.com","countryIso2":"VU","countryName":"Vanuatu","hotelRating":"0","latitude":"-19.5404","longitude":"169.42","state_id":null,"state_name":null,"country_id":null},{"active":false,"Giataid":"365503","cityId":null,"cityName":"Espiritu Santo (island)","hotelId":20005153,"hotelName":"Barrier Beach House","address":"Lot 11 Barrier Beach Saraotou,Espirito Santo,Vanuatu 0000,Vanuatu","phones":"+67836160","fax":"","email":"moyyan@moyyan.com","url":"http://www.moyyan.com/","countryIso2":"VU","countryName":"Vanuatu","hotelRating":"4","latitude":"-15.4361","longitude":"167.211","state_id":null,"state_name":null,"country_id":null},{"active":false,"Giataid":"724284","cityId":null,"cityName":"Espiritu Santo (island)","hotelId":20005504,"hotelName":"Turtle Bay Beach House","address":"Champagne Highway,Espiritu Santo Island,Turtle Bay,Vanuatu","phones":"+67836616","fax":"","email":"info@turtlebaybeachhouse.com","url":"http://www.turtlebaybeachhouse.com","countryIso2":"VU","countryName":"Vanuatu","hotelRating":"0","latitude":"-15.3308","longitude":"167.147","state_id":null,"state_name":null,"country_id":null},{"active":false,"Giataid":"724705","cityId":null,"cityName":"Espiritu Santo (island)","hotelId":20005683,"hotelName":"Freshwater Bungalows","address":"Lonnoc Beach,Hog Harbour,Espiritu Santo,Vanuatu","phones":"+6787743560","fax":"","email":"info@lonnocfreshwaterbungalows.com","url":"http://www.lonnocfreshwaterbungalows.com","countryIso2":"VU","countryName":"Vanuatu","hotelRating":"0","latitude":"-15.1472","longitude":"167.119","state_id":null,"state_name":null,"country_id":null},{"active":false,"Giataid":"137856","cityId":null,"cityName":"Moso Island","hotelId":20006121,"hotelName":"Tranquillity Island Resort","address":"Off Efate Island,PO Box 991,Moso Island,Vanuatu","phones":"","fax":"","email":"tranquility@vanuatu.com.vu","url":"http://tranquillitydive.com/","countryIso2":"VU","countryName":"Vanuatu","hotelRating":"1","latitude":"-17.5631","longitude":"168.228","state_id":null,"state_name":null,"country_id":null},{"active":false,"Giataid":"724703","cityId":null,"cityName":"Espiritu Santo (island)","hotelId":20006535,"hotelName":"Lonnoc Beach Bungalow","address":"East Coast Road,Lonnoc Beach,Hog Harbour,Espiritu Santo,Vanuatu","phones":"+6785906863","fax":"","email":"lonnocbungalows@gmail.com","url":"http://www.lonnocbeachbungalows.net","countryIso2":"VU","countryName":"Vanuatu","hotelRating":"0","latitude":"-15.149","longitude":"167.118","state_id":null,"state_name":null,"country_id":null},{"active":false,"Giataid":"612198","cityId":null,"cityName":"Espiritu Santo (island)","hotelId":20006734,"hotelName":"Sunrise Beach Cabanas Eco-Resort","address":"9 Barrier Beach,Champagne Coast,Espiritu Santo,Vanuatu","phones":"+67836060","fax":"","email":"SunriseBeachCabanas@gmail.com","url":"http://www.sunrisebeachcabanas.com/","countryIso2":"VU","countryName":"Vanuatu","hotelRating":"3","latitude":"-15.435","longitude":"167.21","state_id":null,"state_name":null,"country_id":null},{"active":false,"Giataid":"725944","cityId":null,"cityName":"Espiritu Santo (island)","hotelId":20007053,"hotelName":"Mahi Mahi Beach Villas","address":"Tides Reach,East Coast Road,5032 Espiritu Santo,Vanuatu","phones":"+6787733503","fax":"","email":"staymahimahi@gmail.com","url":"http://www.mahimahivillas.com","countryIso2":"VU","countryName":"Vanuatu","hotelRating":"0","latitude":"-15.4424","longitude":"167.214","state_id":null,"state_name":null,"country_id":null},{"active":false,"Giataid":"725543","cityId":null,"cityName":"Espiritu Santo (island)","hotelId":20007210,"hotelName":"Towok Restaurant & Bungalows","address":"East Coast Road,Champagne Bay Beach,Hog Harbour,Espiritu Santo Island,Vanuatu","phones":"","fax":"","email":"","url":"","countryIso2":"VU","countryName":"Vanuatu","hotelRating":"0","latitude":"-15.3308","longitude":"167.147","state_id":null,"state_name":null,"country_id":null},{"active":false,"Giataid":"724493","cityId":null,"cityName":"Tanna (island)","hotelId":20007389,"hotelName":"Volcano Island Paradise","address":"Imayo Village,PO Box 148,Tanna Island,Vanuatu","phones":"+6787717460","fax":"","email":"","url":"http://volcanoparadise.com","countryIso2":"VU","countryName":"Vanuatu","hotelRating":"2","latitude":"-19.5168","longitude":"169.33","state_id":null,"state_name":null,"country_id":null},{"active":false,"Giataid":"923072","cityId":null,"cityName":"Port Vila","hotelId":20387709,"hotelName":"Golden Port Restaurant & Hotel","address":"11-0B22-025 Lini Highway,PO Box 3361,Port Vila,Vanuatu","phones":"","fax":"","email":"","url":"","countryIso2":"VU","countryName":"Vanuatu","hotelRating":"0","latitude":"-17.7434","longitude":"168.307","state_id":null,"state_name":null,"country_id":null},{"active":false,"Giataid":"888573","cityId":null,"cityName":"Tanna (island)","hotelId":20387710,"hotelName":"Castle Tree House","address":"Galilee Village,South Tanna Island,Tanna Island,Vanuatu","phones":"","fax":"","email":"","url":"","countryIso2":"VU","countryName":"Vanuatu","hotelRating":"0","latitude":"-19.5152","longitude":"169.368","state_id":null,"state_name":null,"country_id":null},{"active":false,"Giataid":"882736","cityId":null,"cityName":"Espiritu Santo (island)","hotelId":20387712,"hotelName":"Lonnoc Beach Lodge","address":"Lonnoc Beach,located alongside the Lonnoc Beach Bungalows,Hog Harbour,Sanma Province,Espiritu Santo Island,Vanuatu","phones":"","fax":"","email":"bobvocorfb@gmail.com","url":"","countryIso2":"VU","countryName":"Vanuatu","hotelRating":"0","latitude":"-15.1504","longitude":"167.111","state_id":null,"state_name":null,"country_id":null},{"active":false,"Giataid":"867624","cityId":null,"cityName":"Port Vila","hotelId":20387713,"hotelName":"Waterfront Quays Apartments","address":"PO Box 1507,Port Vila,Vanuatu","phones":"+67825137","fax":"+67825137","email":"apartments@waterfront-quays.com","url":"http://www.waterfront-quays.com/","countryIso2":"VU","countryName":"Vanuatu","hotelRating":"0","latitude":"-17.7434","longitude":"168.307","state_id":null,"state_name":null,"country_id":null},{"active":false,"Giataid":"941534","cityId":null,"cityName":"Port Vila","hotelId":20387714,"hotelName":"Angels Beachouse","address":"Devils Point Road,Port Vila,Shefa,Vanuatu","phones":"","fax":"","email":"","url":"","countryIso2":"VU","countryName":"Vanuatu","hotelRating":"0","latitude":"-17.7434","longitude":"168.307","state_id":null,"state_name":null,"country_id":null},{"active":false,"Giataid":"907155","cityId":null,"cityName":"Port Vila","hotelId":20387716,"hotelName":"Sky Garden Hotel","address":"PO Box 5033,Port Vila,Vanuatu","phones":"","fax":"","email":"","url":"","countryIso2":"VU","countryName":"Vanuatu","hotelRating":"0","latitude":"-17.7384","longitude":"168.32","state_id":null,"state_name":null,"country_id":null},{"active":false,"Giataid":"863753","cityId":null,"cityName":"Port Vila","hotelId":20387719,"hotelName":"Waves on Bukura","address":"Lot 54 Devil's Point Road,Mele Bay,Port Vila,Efate Island,Vanuatu","phones":"+67822883","fax":"","email":"wavesonbukura@gmail.com","url":"","countryIso2":"VU","countryName":"Vanuatu","hotelRating":"0","latitude":"-17.7015","longitude":"168.227","state_id":null,"state_name":null,"country_id":null},{"active":false,"Giataid":"937393","cityId":null,"cityName":"Port Vila","hotelId":20387720,"hotelName":"Tukutuk Island Getaway","address":"Devil's Point Road,Port Vila,Vanuatu","phones":"","fax":"","email":"","url":"","countryIso2":"VU","countryName":"Vanuatu","hotelRating":"0","latitude":"-17.7434","longitude":"168.307","state_id":null,"state_name":null,"country_id":null},{"active":false,"Giataid":"867155","cityId":null,"cityName":"Port Vila","hotelId":20387721,"hotelName":"Nautilus","address":"Kumul Highway,Port Vila,Vanuatu","phones":"+6785563288","fax":"","email":"nautilus@vanuatu.com.vu","url":"http://www.nautilus.com.vu/","countryIso2":"VU","countryName":"Vanuatu","hotelRating":"0","latitude":"-17.7434","longitude":"168.307","state_id":null,"state_name":null,"country_id":null},{"active":false,"Giataid":"939626","cityId":null,"cityName":"Port Vila","hotelId":20387722,"hotelName":"Central Inn","address":"Lini Highway,Port Vila,Vanuatu","phones":"","fax":"","email":"","url":"","countryIso2":"VU","countryName":"Vanuatu","hotelRating":"0","latitude":"-17.739","longitude":"168.314","state_id":null,"state_name":null,"country_id":null},{"active":false,"Giataid":"923066","cityId":null,"cityName":"Port Vila","hotelId":20387727,"hotelName":"Kooyu Villas","address":"Paradise Cove,Pango,Efate,Port Vila,Vanuatu","phones":"","fax":"","email":"","url":"","countryIso2":"VU","countryName":"Vanuatu","hotelRating":"0","latitude":"-17.7653","longitude":"168.275","state_id":null,"state_name":null,"country_id":null},{"active":false,"Giataid":"875625","cityId":null,"cityName":"Tanna (island)","hotelId":20387728,"hotelName":"Rockwater Resort","address":"Ipak Bay,North Tanna Island,Tanna,Vanuatu","phones":"+6785651300","fax":"","email":"","url":"http://www.rockwaterresort.com","countryIso2":"VU","countryName":"Vanuatu","hotelRating":"0","latitude":"-19.5152","longitude":"169.368","state_id":null,"state_name":null,"country_id":null},{"active":false,"Giataid":"912575","cityId":null,"cityName":"Port Vila","hotelId":20387730,"hotelName":"Bethlehem Inn","address":"Rue Dartois,Port Vila,Vanuatu","phones":"","fax":"","email":"","url":"","countryIso2":"VU","countryName":"Vanuatu","hotelRating":"0","latitude":"-17.7434","longitude":"168.307","state_id":null,"state_name":null,"country_id":null},{"active":false,"Giataid":"945159","cityId":null,"cityName":"Port Vila","hotelId":20387731,"hotelName":"Waves At Surfside","address":"Pango Road,Port Vila,Vanuatu","phones":"","fax":"","email":"info@wavesatsurfside.com","url":"http://www.wavesatsurfside.com/","countryIso2":"VU","countryName":"Vanuatu","hotelRating":"0","latitude":"-17.7434","longitude":"168.307","state_id":null,"state_name":null,"country_id":null},{"active":false,"Giataid":"861759","cityId":null,"cityName":"Port Vila","hotelId":20387735,"hotelName":"Mele Kai Beach B&B","address":"Devils Point Road,Port Vila,Vanuatu","phones":"","fax":"","email":"","url":"http://www.melekai.vu/","countryIso2":"VU","countryName":"Vanuatu","hotelRating":"0","latitude":"-17.7434","longitude":"168.307","state_id":null,"state_name":null,"country_id":null},{"active":false,"Giataid":"937381","cityId":null,"cityName":"Port Vila","hotelId":20387736,"hotelName":"Reflections Retreat","address":"Havannah Harbour Efate,Port Vila,Vanuatu","phones":"+6787737694","fax":"","email":"info@reflections.com.vu","url":"http://www.reflections.com.vu","countryIso2":"VU","countryName":"Vanuatu","hotelRating":"0","latitude":"-17.7434","longitude":"168.307","state_id":null,"state_name":null,"country_id":null},{"active":false,"Giataid":"977444","cityId":null,"cityName":"Tanna (island)","hotelId":20424716,"hotelName":"Quarumanu Area","address":"Loanengo Village,Tanna Island,Vanuatu","phones":"","fax":"","email":"","url":"","countryIso2":"VU","countryName":"Vanuatu","hotelRating":"1","latitude":"-19.5152","longitude":"169.368","state_id":null,"state_name":null,"country_id":null},{"active":false,"Giataid":"984753","cityId":null,"cityName":"Port Vila","hotelId":20424717,"hotelName":"Bluebird Hotel","address":"Erakor Half Road,Port Vila,Vanuatu","phones":"","fax":"","email":"","url":"","countryIso2":"VU","countryName":"Vanuatu","hotelRating":"1","latitude":"-17.7434","longitude":"168.307","state_id":null,"state_name":null,"country_id":null},{"active":false,"Giataid":"984745","cityId":null,"cityName":"Port Vila","hotelId":20424718,"hotelName":"Port Vila Airport Hotel","address":"Airport Drive,Bladiniere Estate,Port Vila,Vanuatu","phones":"","fax":"","email":"","url":"","countryIso2":"VU","countryName":"Vanuatu","hotelRating":"1","latitude":"-17.7434","longitude":"168.307","state_id":null,"state_name":null,"country_id":null},{"active":false,"Giataid":"977456","cityId":null,"cityName":"Tanna (island)","hotelId":20424719,"hotelName":"Amutia Resort","address":"Ipul Bay,Lenakel,Tanna Island,Tafea,Vanuatu","phones":"+67835757","fax":"","email":"reservations@amutiaresort.com","url":"","countryIso2":"VU","countryName":"Vanuatu","hotelRating":"1","latitude":"-19.5152","longitude":"169.368","state_id":null,"state_name":null,"country_id":null}]