[{"active":false,"Giataid":"34106","cityId":null,"cityName":"Torshavn","hotelId":34106,"hotelName":"Hotel Foroyar","address":"Oyggjarvegur 45,100 T?rshavn,F?royar,Faeroe Islands,Faroe Islands","phones":"+298317500","fax":"+298317501","email":"hf@hotelforoyar.fo","url":"http://www.hotelforoyar.com","countryIso2":"FO","countryName":"Faroe Islands","hotelRating":"4","latitude":"62.0128","longitude":"-6.79953","state_id":null,"state_name":null,"country_id":null},{"active":false,"Giataid":"34107","cityId":null,"cityName":"Torshavn","hotelId":34107,"hotelName":"Hafnia","address":"?arvegur 4-10,P.O. Box 107,110 T?rshavn,Faroe Islands","phones":"+298313233","fax":"+298315250","email":"hafnia@hafnia.fo","url":"http://www.hafnia.fo/","countryIso2":"FO","countryName":"Faroe Islands","hotelRating":"3","latitude":"62.0098","longitude":"-6.77059","state_id":null,"state_name":null,"country_id":null},{"active":false,"Giataid":"151676","cityId":null,"cityName":"Torshavn","hotelId":151676,"hotelName":"Torshavn","address":"T?rsg?ta 4,100 T?rshavn,Faroe Islands,Faroe Islands","phones":"+298350000","fax":"","email":"ht@hoteltorshavn.fo","url":"http://hoteltorshavn.fo","countryIso2":"FO","countryName":"Faroe Islands","hotelRating":"3","latitude":"62.0099","longitude":"-6.773","state_id":null,"state_name":null,"country_id":null},{"active":false,"Giataid":"218474","cityId":null,"cityName":"Torshavn","hotelId":218474,"hotelName":"Streym","address":"Yviri vi?  Strond 19,110 T?rshavn,Faroe Islands,Faroe Islands","phones":"+298355500","fax":"","email":"booking@hotelstreym.com","url":"http://hotelstreym.com","countryIso2":"FO","countryName":"Faroe Islands","hotelRating":"3","latitude":"62.0094","longitude":"-6.76051","state_id":null,"state_name":null,"country_id":null},{"active":false,"Giataid":"461424","cityId":null,"cityName":"Torshavn","hotelId":461424,"hotelName":"Hotel Havn","address":"Dr. Jakobsensg?ta 16,T?rsg?ta 4,FO-100 T?rshavn,Faroe Islands","phones":"+298350000","fax":"","email":"ht@hoteltorshavn.fo","url":"http://hoteltorshavn.fo/default.asp?lang=en","countryIso2":"FO","countryName":"Faroe Islands","hotelRating":"1","latitude":"62.01","longitude":"-6.77599","state_id":null,"state_name":null,"country_id":null},{"active":false,"Giataid":"615766","cityId":null,"cityName":"Skalav?k","hotelId":615766,"hotelName":"Hotel Skalavik","address":"","phones":"+298345900","fax":"","email":"","url":"","countryIso2":"FO","countryName":"Faroe Islands","hotelRating":"1","latitude":"61.8277","longitude":"-6.67469","state_id":null,"state_name":null,"country_id":null},{"active":false,"Giataid":"662728","cityId":null,"cityName":"Mi?v?gur","hotelId":662728,"hotelName":"Lisa Guesthouse","address":"Hei?avegur 1,370 Mi?v?gur,Faroe Islands","phones":"","fax":"","email":"","url":"","countryIso2":"FO","countryName":"Faroe Islands","hotelRating":"1","latitude":"62.0483","longitude":"-7.20096","state_id":null,"state_name":null,"country_id":null},{"active":false,"Giataid":"668817","cityId":null,"cityName":"Gjogv","hotelId":668817,"hotelName":"Gjaargardur Guesthouse of Gjogv","address":"Dalavegur 20,FO-476 Gj?gv,Faroe Islands","phones":"+298423171","fax":"+298423505","email":"info@gjaargardur.fo","url":"http://gjaargardur.fo/","countryIso2":"FO","countryName":"Faroe Islands","hotelRating":"3","latitude":"62.3251","longitude":"-6.94963","state_id":null,"state_name":null,"country_id":null},{"active":false,"Giataid":"698715","cityId":null,"cityName":"Klaksv?k","hotelId":698715,"hotelName":"Hotel Klaksvik","address":"V?kavegur 38,FO-700 Klaksv?k,Faroe Islands","phones":"+298455333","fax":"+298457233","email":"hotelklaksvik@hotelklaksvik.fo","url":"http://www.hotelklaksvik.fo/","countryIso2":"FO","countryName":"Faroe Islands","hotelRating":"3","latitude":"0","longitude":"0","state_id":null,"state_name":null,"country_id":null},{"active":false,"Giataid":"730325","cityId":null,"cityName":"Torshavn","hotelId":730325,"hotelName":"Visithomes Torshavn Apart Hotel","address":"Egholmstr?? 22,100 Torshavn,Faroe Islands","phones":"","fax":"","email":"","url":"","countryIso2":"FO","countryName":"Faroe Islands","hotelRating":"1","latitude":"62.0096","longitude":"-6.77656","state_id":null,"state_name":null,"country_id":null},{"active":false,"Giataid":"845108","cityId":null,"cityName":"Torshavn","hotelId":845108,"hotelName":"Havgrim Seaside Hotel","address":"Yvir vi? Strond 14,FO-100 T?rshavn,Faroe Islands","phones":"+298201400","fax":"","email":"booking@hotelhavgrim.fo","url":"https://www.hotelhavgrim.fo/","countryIso2":"FO","countryName":"Faroe Islands","hotelRating":"1","latitude":"62.0096","longitude":"-6.77656","state_id":null,"state_name":null,"country_id":null},{"active":false,"Giataid":"240750","cityId":null,"cityName":"Torshavn","hotelId":20001004,"hotelName":"Bladypi Guesthouse","address":"Dr. Jakobsensg?ta 14- 16,100 T?rshavn,Faroe Islands","phones":"+298500600","fax":"+298319451","email":"hostel@HOSTEL.fo","url":"http://www.hostel.fo/Default.aspx?ID=83","countryIso2":"FO","countryName":"Faroe Islands","hotelRating":"0","latitude":"62.0096","longitude":"-6.77637","state_id":null,"state_name":null,"country_id":null},{"active":false,"Giataid":"438706","cityId":null,"cityName":"S?rv?gur","hotelId":20001087,"hotelName":"Vagar","address":"Dj?phei?ar 2,FO-380 S?rv?gur,Faroe Islands","phones":"+298309097","fax":"","email":"hv@hotelvagar.fo","url":"http://hotelvagar.fo","countryIso2":"FO","countryName":"Faroe Islands","hotelRating":"3","latitude":"62.0637","longitude":"-7.28548","state_id":null,"state_name":null,"country_id":null},{"active":false,"Giataid":"297071","cityId":null,"cityName":"S?rv?gur","hotelId":20001359,"hotelName":"62?N airport hotel","address":"Dj?phei?ar 4,FO-380 S?rv?gur,Faroe Islands","phones":"+298309090","fax":"+298309091","email":"reception@62n.fo","url":"http://www.62n.fo/en/","countryIso2":"FO","countryName":"Faroe Islands","hotelRating":"3","latitude":"62.0679","longitude":"-7.29974","state_id":null,"state_name":null,"country_id":null},{"active":false,"Giataid":"240754","cityId":null,"cityName":"Torshavn","hotelId":20001558,"hotelName":"Guesthouse Skansin","address":"Jekarag?ta 8,100 T?rshavn,Faroe Islands","phones":"+298500606","fax":"+298310657","email":"skansin@HOSTEL.fo","url":"http://www.hostel.fo/Default.aspx?ID=89","countryIso2":"FO","countryName":"Faroe Islands","hotelRating":"0","latitude":"62.0089","longitude":"-6.76287","state_id":null,"state_name":null,"country_id":null},{"active":false,"Giataid":"545007","cityId":null,"cityName":"Torshavn","hotelId":20001770,"hotelName":"The Atlantic Puffin","address":"Maritugota 18,Torshavn,Faroe Islands","phones":"","fax":"","email":"","url":"","countryIso2":"FO","countryName":"Faroe Islands","hotelRating":"0","latitude":"62.0306","longitude":"-6.77355","state_id":null,"state_name":null,"country_id":null},{"active":false,"Giataid":"665512","cityId":null,"cityName":"Torshavn","hotelId":20001973,"hotelName":"Hostel Kerjalon","address":"Oyggjavegur 49,Thorshavn 100,Faroe Islands","phones":"+298318900","fax":"","email":"kerjalon@hosteltorshavn.fo","url":"http://hotelforoyar.fo/en/hostel-kerjalon/","countryIso2":"FO","countryName":"Faroe Islands","hotelRating":"0","latitude":"62.0127","longitude":"-6.80169","state_id":null,"state_name":null,"country_id":null},{"active":false,"Giataid":"240753","cityId":null,"cityName":"Torshavn","hotelId":20002411,"hotelName":"Guesthouse Marknagil / Undir Fjalli","address":"Marknagilsvegur 75,100 T?rshavn,Faroe Islands","phones":"+298605010","fax":"+298605011","email":"info@undirfjalli.com","url":"http://www.undirfjalli.com","countryIso2":"FO","countryName":"Faroe Islands","hotelRating":"2","latitude":"62.0071","longitude":"-6.80003","state_id":null,"state_name":null,"country_id":null}]