[{"active":false,"Giataid":"119","cityId":126672,"cityName":"South Hill","hotelId":119,"hotelName":"Captains Quarters","address":"P.O.Box 1369,South Hill,Anguilla,BWI,Anguilla","phones":"+126418094974403","fax":"+126418094974402","email":"","url":"","countryIso2":"AI","countryName":"Anguilla","hotelRating":"1","latitude":"18.197","longitude":"-63.0922","state_id":1452,"state_name":"New York","country_id":233},{"active":false,"Giataid":"501283","cityId":7205,"cityName":"Shoal Bay","hotelId":501283,"hotelName":"Milly's Inn","address":"Shoal Bay","phones":"","fax":"","email":"","url":"","countryIso2":"AI","countryName":"Anguilla","hotelRating":"2","latitude":"18.2279","longitude":"-63.0644","state_id":3909,"state_name":"New South Wales","country_id":14},{"active":false,"Giataid":"567650","cityId":126672,"cityName":"South Hill","hotelId":567650,"hotelName":"Easy Corner Villas","address":"South Hill,AI-2640 Sandy Ground Village,Anguilla,Anguilla","phones":"+12644976433","fax":"","email":"","url":"http://www.easycornervilla.com","countryIso2":"AI","countryName":"Anguilla","hotelRating":"1","latitude":"18.2148","longitude":"-63.0576","state_id":1452,"state_name":"New York","country_id":233},{"active":false,"Giataid":"407151","cityId":7205,"cityName":"Shoal Bay","hotelId":10053551,"hotelName":"Tortue Villa","address":"Shoal Bay,Anguilla,Anguilla","phones":"","fax":"","email":"","url":"","countryIso2":"AI","countryName":"Anguilla","hotelRating":"3","latitude":"18.1649","longitude":"-63.1583","state_id":3909,"state_name":"New South Wales","country_id":14},{"active":false,"Giataid":"492477","cityId":7205,"cityName":"Shoal Bay","hotelId":10054970,"hotelName":"The Fountain Residences","address":"The Fountain Road,Shoal Bay,Anguilla","phones":"+12646152165600","fax":"","email":"","url":"","countryIso2":"AI","countryName":"Anguilla","hotelRating":"3","latitude":"18.2541","longitude":"-63.031","state_id":3909,"state_name":"New South Wales","country_id":14},{"active":false,"Giataid":"516815","cityId":126672,"cityName":"South Hill","hotelId":10071743,"hotelName":"La Vue Boutique Inn","address":"Backstreet,AI-2640 South Hill,Anguilla","phones":"+12645842300","fax":"","email":"","url":"","countryIso2":"AI","countryName":"Anguilla","hotelRating":"3","latitude":"18.1942","longitude":"-63.0949","state_id":1452,"state_name":"New York","country_id":233},{"active":false,"Giataid":"599240","cityId":7205,"cityName":"Shoal Bay","hotelId":10103327,"hotelName":"Waves On Shoal Bay Villa","address":"Fountain Road,AI-2640 Shoal Bay Village,Anguilla","phones":"NULL","fax":"NULL","email":"NULL","url":"NULL","countryIso2":"AI","countryName":"Anguilla","hotelRating":"4","latitude":"18.2502","longitude":"-63.0426","state_id":3909,"state_name":"New South Wales","country_id":14},{"active":false,"Giataid":"76326","cityId":7205,"cityName":"Shoal Bay","hotelId":20005875,"hotelName":"The Manoah Boutique Hotel","address":"Shoal Bay East,Shoal Bay Village,2640 Anguilla,Anguilla","phones":"+12644895900","fax":"+12644895959","email":"manoah@anguillanet.com","url":"http://www.the-manoah.com/","countryIso2":"AI","countryName":"Anguilla","hotelRating":"3","latitude":"18.2544","longitude":"-63.0307","state_id":3909,"state_name":"New South Wales","country_id":14},{"active":false,"Giataid":"550554","cityId":7205,"cityName":"Shoal Bay","hotelId":20006141,"hotelName":"Elodias Beach Resort","address":"P.O. BOX 192,Shoal Bay,East Anguilla,Anguilla","phones":"+12645843363","fax":"","email":"elodiasbeachresort@gmail.com","url":"http://elodiasbeachresort.com/beach/","countryIso2":"AI","countryName":"Anguilla","hotelRating":"0","latitude":"18.2279","longitude":"-63.0644","state_id":3909,"state_name":"New South Wales","country_id":14},{"active":false,"Giataid":"560253","cityId":7205,"cityName":"Shoal Bay","hotelId":20006312,"hotelName":"Zemi Beach House Resort and Spa","address":"Shoal Bay East,Shoal Bay Village,West Indies,Anguilla","phones":"+12645840001","fax":"","email":"info@zemibeach.com","url":"http://www.zemibeach.com/","countryIso2":"AI","countryName":"Anguilla","hotelRating":"5","latitude":"18.2516","longitude":"-63.0367","state_id":3909,"state_name":"New South Wales","country_id":14},{"active":false,"Giataid":"296835","cityId":7205,"cityName":"Shoal Bay","hotelId":20007660,"hotelName":"Serenity Cottages","address":"P.O. Box 309,Shoal Bay East,The Valley,Anguilla,Anguilla","phones":"+12644973328","fax":"+12644973867","email":"info@serenity.ai","url":"http://www.serenity.ai/","countryIso2":"AI","countryName":"Anguilla","hotelRating":"0","latitude":"18.2541","longitude":"-63.0244","state_id":3909,"state_name":"New South Wales","country_id":14},{"active":false,"Giataid":"21603","cityId":7205,"cityName":"Shoal Bay","hotelId":20008781,"hotelName":"Shoal Bay Villas","address":"PO Box 81,Shoal Bay East 2640,Anguilla","phones":"+12644972051","fax":"","email":"","url":"http://www.sbvillas.ai","countryIso2":"AI","countryName":"Anguilla","hotelRating":"0","latitude":"18.2553","longitude":"-63.0302","state_id":3909,"state_name":"New South Wales","country_id":14},{"active":false,"Giataid":"124","cityId":7205,"cityName":"Shoal Bay","hotelId":20009352,"hotelName":"Villa Romeo","address":"Shoal Bay East,South Hill,P.O.Box 1369,Anguilla,Anguilla","phones":"+126418094974403","fax":"+126418094974402","email":"","url":"","countryIso2":"AI","countryName":"Anguilla","hotelRating":"0","latitude":"18.2279","longitude":"-63.0644","state_id":3909,"state_name":"New South Wales","country_id":14},{"active":false,"Giataid":"528149","cityId":126672,"cityName":"South Hill","hotelId":20271955,"hotelName":"Royal Palms Hotel","address":"South Hill,Anguilla,British West Indies,Anguilla","phones":"+12644976448","fax":"","email":"royalpalms@anguillanet.com","url":"http://www.royalpalmsanguilla.com/","countryIso2":"AI","countryName":"Anguilla","hotelRating":"0","latitude":"18.1649","longitude":"-63.1417","state_id":1452,"state_name":"New York","country_id":233}]