[{"active":false,"Giataid":"9665","cityId":null,"cityName":"Maundays Bay","hotelId":9665,"hotelName":"Belmond Cap Juluca","address":"AI-2640 Maundays Bay,Anguilla,British West Indies,Anguilla","phones":"+12644976666","fax":"+12644976617","email":"","url":"http://www.capjuluca.com/","countryIso2":"AI","countryName":"Anguilla","hotelRating":"5","latitude":"18.1647","longitude":"-63.1417","state_id":null,"state_name":null,"country_id":null},{"active":false,"Giataid":"9749","cityId":null,"cityName":"Meads Bay","hotelId":9749,"hotelName":"Carimar Beach Club","address":"P.O. Box 327,Meads Bay,2640 Anguilla,Anguilla","phones":"+12644976881","fax":"+12644976071","email":"carimar@carimar.com","url":"http://www.carimar.com/","countryIso2":"AI","countryName":"Anguilla","hotelRating":"3","latitude":"18.1853","longitude":"-63.1347","state_id":null,"state_name":null,"country_id":null},{"active":false,"Giataid":"11025","cityId":null,"cityName":"Rendezvous Bay","hotelId":11025,"hotelName":"CuisinArt Resort & Spa","address":"P.O. Box 2000,Rendezvous Bay AI-2640,Anguilla","phones":"+12644982000","fax":"+12644982010","email":"concierge@cuisinart.ai","url":"http://www.cuisinartresort.com/index.php?catID=33","countryIso2":"AI","countryName":"Anguilla","hotelRating":"4","latitude":"18.1781","longitude":"-63.1167","state_id":null,"state_name":null,"country_id":null},{"active":false,"Giataid":"21919","cityId":null,"cityName":"Rendezvous Bay","hotelId":21919,"hotelName":"Sonesta Beach Resort / Villas","address":"","phones":"","fax":"","email":"","url":"","countryIso2":"AI","countryName":"Anguilla","hotelRating":"5","latitude":"18.1783","longitude":"-63.1122","state_id":null,"state_name":null,"country_id":null},{"active":false,"Giataid":"27344","cityId":null,"cityName":"Rendezvous Bay","hotelId":27344,"hotelName":"Rendezvous Bay","address":"P.O. Box 640,Rendezvous Bay,Anguilla,Anguilla","phones":"","fax":"","email":"","url":"","countryIso2":"AI","countryName":"Anguilla","hotelRating":"3","latitude":"18.1761","longitude":"-63.1058","state_id":null,"state_name":null,"country_id":null},{"active":false,"Giataid":"31991","cityId":null,"cityName":"Meads Bay","hotelId":31991,"hotelName":"Anacaona Boutique","address":"P.O. Box 200,Meads Bay,West End Village,Anguilla B.W.I,Anguilla","phones":"+12644976827","fax":"+12644976829","email":"info@anacaonahotel.com","url":"http://anacaonahotel.com/About_Anacaona_Boutique_Hotel/index.htm","countryIso2":"AI","countryName":"Anguilla","hotelRating":"3","latitude":"18.1773","longitude":"-63.1422","state_id":null,"state_name":null,"country_id":null},{"active":false,"Giataid":"202098","cityId":null,"cityName":"West End Village","hotelId":202098,"hotelName":"Four Seasons Resort and  Residences Anguilla","address":"Barnes Bay,P.O. Box 8028,AI-2640 West End,Anguilla","phones":"+12644977000","fax":"+12644977100","email":"diane.yost@viceroyanguilla.com","url":"http://www.viceroyhotelsandresorts.com/enguilla","countryIso2":"AI","countryName":"Anguilla","hotelRating":"5","latitude":"18.1784","longitude":"-63.1453","state_id":null,"state_name":null,"country_id":null},{"active":false,"Giataid":"238215","cityId":null,"cityName":"Meads Bay","hotelId":238215,"hotelName":"Frangipani Beach Resort","address":"West End Village,Meads Bay AI2640,Anguilla","phones":"+126412464976442","fax":"+126412464976440","email":"info@frangipaniresort.com","url":"http://www.frangipaniresort.com/","countryIso2":"AI","countryName":"Anguilla","hotelRating":"4","latitude":"18.1807","longitude":"-63.1395","state_id":null,"state_name":null,"country_id":null},{"active":false,"Giataid":"239479","cityId":null,"cityName":"The Valley West Ind","hotelId":239479,"hotelName":"Allamanda Beach Club","address":"P.O. Box 662,The Valley,Anguilla","phones":"+12644975217","fax":"+12644975216","email":"reserve@allamanda.ai","url":"http://www.allamanda.ai/","countryIso2":"AI","countryName":"Anguilla","hotelRating":"3","latitude":"18.2548","longitude":"-63.026","state_id":null,"state_name":null,"country_id":null},{"active":false,"Giataid":"291678","cityId":null,"cityName":"West End Village","hotelId":291678,"hotelName":"Sheriva Luxury Villas And Suites","address":"Maundays Bay Road,AI 2640 West End Village,Anguilla","phones":"+12644989898","fax":"","email":"","url":"","countryIso2":"AI","countryName":"Anguilla","hotelRating":"5","latitude":"18.17","longitude":"-63.1423","state_id":null,"state_name":null,"country_id":null},{"active":false,"Giataid":"384578","cityId":null,"cityName":"George Hill","hotelId":384578,"hotelName":"The Enclave at Cinnamon Reef","address":"Little Harbour,George Hill,Anguilla,Anguilla","phones":"+12644972727","fax":"+12644973727","email":"","url":"","countryIso2":"AI","countryName":"Anguilla","hotelRating":"1","latitude":"18.188","longitude":"-63.0703","state_id":null,"state_name":null,"country_id":null},{"active":false,"Giataid":"488746","cityId":null,"cityName":"The Valley West Ind","hotelId":488746,"hotelName":"Anguilla's Bird of Paradise","address":"","phones":"","fax":"","email":"","url":"","countryIso2":"AI","countryName":"Anguilla","hotelRating":"4","latitude":"18.2157","longitude":"-63.0421","state_id":null,"state_name":null,"country_id":null},{"active":false,"Giataid":"507922","cityId":null,"cityName":"Rendezvous Bay","hotelId":507922,"hotelName":"Kerwin Cottages","address":"Rendezvous Bay,Anguilla","phones":"","fax":"","email":"","url":"","countryIso2":"AI","countryName":"Anguilla","hotelRating":"3","latitude":"18.1785","longitude":"-63.112","state_id":null,"state_name":null,"country_id":null},{"active":false,"Giataid":"522704","cityId":null,"cityName":"Sandy Ground","hotelId":522704,"hotelName":"Spyglass Hill Anguilla","address":"Road Bay Beach / Sandy Ground,North Hill,Anguilla,Anguilla","phones":"+12644973666","fax":"","email":"info@spyglasshillanguilla.com","url":"http://spyglasshillanguilla.com/","countryIso2":"AI","countryName":"Anguilla","hotelRating":"1","latitude":"18.2041","longitude":"-63.0767","state_id":null,"state_name":null,"country_id":null},{"active":false,"Giataid":"9749","cityId":null,"cityName":"Meads Bay","hotelId":613587,"hotelName":"Carimar Beach Club","address":"P.O. Box 327,Meads Bay,2640 Anguilla,Anguilla","phones":"","fax":"","email":"","url":"","countryIso2":"AI","countryName":"Anguilla","hotelRating":"0","latitude":"18.1836","longitude":"-63.1363","state_id":null,"state_name":null,"country_id":null},{"active":false,"Giataid":"689225","cityId":null,"cityName":"Merrywing Bay","hotelId":689225,"hotelName":"The Reef By CuisinArt","address":"PO Box 2000,Merrywing Bay,Anguilla","phones":"+12644982300","fax":"","email":"reefreservations@cuisinart.ai","url":"http://www.thereefbycuisinart.com/","countryIso2":"AI","countryName":"Anguilla","hotelRating":"4","latitude":"18.172","longitude":"-63.1261","state_id":null,"state_name":null,"country_id":null},{"active":false,"Giataid":"509009","cityId":null,"cityName":"The Valley West Ind","hotelId":10140413,"hotelName":"Bella Constantina Apartments","address":"Elise Bay,The Valley,Anguilla","phones":"NULL","fax":"NULL","email":"NULL","url":"NULL","countryIso2":"AI","countryName":"Anguilla","hotelRating":"4","latitude":"18.2157","longitude":"-63.0421","state_id":null,"state_name":null,"country_id":null},{"active":false,"Giataid":"53005","cityId":null,"cityName":"Barnes Bay","hotelId":20005520,"hotelName":"Cerulean Villa","address":"P.O. Box 1333,Barnes Bay,Anguilla,Anguilla","phones":"+12642642358840","fax":"","email":"Bruce@propertiesinparadise.com","url":"http://www.ceruleanvilla.com/home","countryIso2":"AI","countryName":"Anguilla","hotelRating":"5","latitude":"18.1752","longitude":"-63.15","state_id":null,"state_name":null,"country_id":null},{"active":false,"Giataid":"300354","cityId":null,"cityName":"West End Village","hotelId":20005712,"hotelName":"Panarea Villa by Villas Caribe","address":"Fire Fly Lane,West End Village,Anguilla","phones":"+12642644976451","fax":"","email":"","url":"http://www.panarea-villa.com/villa.php","countryIso2":"AI","countryName":"Anguilla","hotelRating":"0","latitude":"18.1696","longitude":"-63.1498","state_id":null,"state_name":null,"country_id":null},{"active":false,"Giataid":"122","cityId":null,"cityName":"Island Harbour","hotelId":20006008,"hotelName":"Villa Mortons","address":"Rose Hill,Island Harbour/Shoal Bay Beach,The Valley,Anguilla,Anguilla","phones":"+12644974749","fax":"","email":"","url":"","countryIso2":"AI","countryName":"Anguilla","hotelRating":"0","latitude":"18.2601","longitude":"-63.0147","state_id":null,"state_name":null,"country_id":null},{"active":false,"Giataid":"120","cityId":null,"cityName":"Island Harbour","hotelId":20006639,"hotelName":"Harbor Lights","address":"Island Harbour,P.O. Box 181,Anguilla,British West Indies,Anguilla","phones":"+126418094974434","fax":"+126412076423109","email":"harborlights@anguillanet.com","url":"http://www.harborlightsanguilla.com/","countryIso2":"AI","countryName":"Anguilla","hotelRating":"0","latitude":"18.2596","longitude":"-63.0098","state_id":null,"state_name":null,"country_id":null},{"active":false,"Giataid":"16729","cityId":null,"cityName":"Meads Bay","hotelId":20006800,"hotelName":"Malliouhana Anguilla","address":"Malliouhana,Meads Bay AI-2640,British West Indies,Anguilla","phones":"+12644976111","fax":"","email":"ma.reservations@aubergeresorts.com","url":"http://malliouhana.aubergeresorts.com/","countryIso2":"AI","countryName":"Anguilla","hotelRating":"4","latitude":"18.1877","longitude":"-63.1344","state_id":null,"state_name":null,"country_id":null},{"active":false,"Giataid":"299854","cityId":null,"cityName":"Blowing Point Village","hotelId":20006977,"hotelName":"Banana Wind","address":"Round Rock Bay,Blowing Point,Anguilla","phones":"+12644976120","fax":"","email":"info@banana-wind.com","url":"http://www.banana-wind.com/home.asp","countryIso2":"AI","countryName":"Anguilla","hotelRating":"0","latitude":"18.1775","longitude":"-63.0941","state_id":null,"state_name":null,"country_id":null},{"active":false,"Giataid":"529652","cityId":null,"cityName":"Meads Bay","hotelId":20007142,"hotelName":"Sur La Plage Villas","address":"Meads Bay,West End Village,Anguilla","phones":"+12644976598","fax":"","email":"surlaplagevillas@aol.com","url":"http://www.anguillasurlaplage.com/","countryIso2":"AI","countryName":"Anguilla","hotelRating":"3","latitude":"18.1836","longitude":"-63.1363","state_id":null,"state_name":null,"country_id":null},{"active":false,"Giataid":"509453","cityId":null,"cityName":"The Valley West Ind","hotelId":20007309,"hotelName":"Ani Villas Anguilla","address":"Limestone Bay Road,P.O. Box RI 4248,Crocus Hill,The Valley,Anguilla","phones":"+126417185771188","fax":"","email":"","url":"http://www.anivillas.com/destinations/anguilla","countryIso2":"AI","countryName":"Anguilla","hotelRating":"4","latitude":"18.23","longitude":"-63.0685","state_id":null,"state_name":null,"country_id":null},{"active":false,"Giataid":"428809","cityId":null,"cityName":"The Valley West Ind","hotelId":20007404,"hotelName":"CeBlue Villas & Beach Resort","address":"Valley Road,Crocus Bay,1264 The Valley,Anguilla","phones":"+12642644621000","fax":"","email":"reservations@ceblueanguilla.com","url":"http://www.ceblueanguilla.com","countryIso2":"AI","countryName":"Anguilla","hotelRating":"4","latitude":"18.2211","longitude":"-63.0656","state_id":null,"state_name":null,"country_id":null},{"active":false,"Giataid":"567639","cityId":null,"cityName":"Meads Bay","hotelId":20007556,"hotelName":"Meads Bay Beach Villas","address":"Meads Bay AI2640,Anguilla,Anguilla","phones":"+12644970271","fax":"+12644970273","email":"reservations@meadsbaybeachvillas.com","url":"http://www.meadsbaybeachvillas.com","countryIso2":"AI","countryName":"Anguilla","hotelRating":"3","latitude":"18.1784","longitude":"-63.1424","state_id":null,"state_name":null,"country_id":null},{"active":false,"Giataid":"202098","cityId":null,"cityName":"West End Village","hotelId":20007826,"hotelName":"Four Seasons Resort Anguilla","address":"Barnes Bay,P.O. Box 8028,AI-2640 West End,Anguilla","phones":"","fax":"","email":"","url":"http://www.fourseasons.com/anguilla/","countryIso2":"AI","countryName":"Anguilla","hotelRating":"0","latitude":"18.1698","longitude":"-63.146","state_id":null,"state_name":null,"country_id":null},{"active":false,"Giataid":"38741","cityId":null,"cityName":"Barnes Bay","hotelId":20007976,"hotelName":"Cocoloba Beach Resort","address":"P.O. Box 318,Barnes Bay (between Meads Bay and Barnes Bay),Anguilla,Anguilla","phones":"+12644978800","fax":"+12644978126","email":"jbach8888@aol.com","url":"http://www.caribbeanhotellinks.com/coccoloba-resort.html","countryIso2":"AI","countryName":"Anguilla","hotelRating":"4","latitude":"0","longitude":"0","state_id":null,"state_name":null,"country_id":null},{"active":false,"Giataid":"121","cityId":null,"cityName":"Meads Bay","hotelId":20008126,"hotelName":"Hilltop Villa","address":"Meads Bay Beach,Anguilla,BWI,Meads Bay AI-2640,Anguilla","phones":"+12645841138","fax":"","email":"info@real-estate.ai","url":"http://www.real-estate.ai/properties/housing-dw/hill-top-villa/","countryIso2":"AI","countryName":"Anguilla","hotelRating":"0","latitude":"18.1836","longitude":"-63.1363","state_id":null,"state_name":null,"country_id":null},{"active":false,"Giataid":"505475","cityId":null,"cityName":"Blowing Point Village","hotelId":20008192,"hotelName":"The Ferryboat Inn","address":"Cul De Sac Road,Blowing Point,Anguilla","phones":"","fax":"","email":"","url":"http://ferryboatinn.ai","countryIso2":"AI","countryName":"Anguilla","hotelRating":"3","latitude":"18.1712","longitude":"-63.0948","state_id":null,"state_name":null,"country_id":null},{"active":false,"Giataid":"567644","cityId":null,"cityName":"The Valley West Ind","hotelId":20008638,"hotelName":"Solaire Anguilla","address":"Jeremiah Gumbs Highway,Lockrum,Blowing Point,AI-2640 The Valley,Anguilla","phones":"","fax":"","email":"","url":"","countryIso2":"AI","countryName":"Anguilla","hotelRating":"4","latitude":"18.1772","longitude":"-63.0778","state_id":null,"state_name":null,"country_id":null},{"active":false,"Giataid":"564085","cityId":null,"cityName":"The Valley West Ind","hotelId":20008924,"hotelName":"Ocean Gem Villa","address":"Long pond road,The Farrington,AI-2640 The Valley,Anguilla","phones":"","fax":"","email":"","url":"","countryIso2":"AI","countryName":"Anguilla","hotelRating":"0","latitude":"18.2073","longitude":"-63.029","state_id":null,"state_name":null,"country_id":null},{"active":false,"Giataid":"509566","cityId":null,"cityName":"Island Harbour","hotelId":20009481,"hotelName":"Anguilla Breeze","address":"Island Harbour,Island Harbour,Anguilla","phones":"","fax":"","email":"","url":"","countryIso2":"AI","countryName":"Anguilla","hotelRating":"4","latitude":"18.2637","longitude":"-62.9793","state_id":null,"state_name":null,"country_id":null},{"active":false,"Giataid":"256473","cityId":null,"cityName":"The Valley West Ind","hotelId":20009572,"hotelName":"Bliss Villa by Villas Caribe","address":"Seafeathers Bay,The Valley,Anguilla","phones":"","fax":"","email":"","url":"http://www.villascaribe.com/villa-listing/bliss","countryIso2":"AI","countryName":"Anguilla","hotelRating":"3","latitude":"18.2214","longitude":"-63","state_id":null,"state_name":null,"country_id":null},{"active":false,"Giataid":"567646","cityId":null,"cityName":"Sandy Ground","hotelId":20009672,"hotelName":"Sydans","address":"Sandy Ground,2640 Sandy Ground Village,Anguilla,Anguilla","phones":"","fax":"","email":"","url":"","countryIso2":"AI","countryName":"Anguilla","hotelRating":"2","latitude":"18.1997","longitude":"-63.0897","state_id":null,"state_name":null,"country_id":null},{"active":false,"Giataid":"529651","cityId":null,"cityName":"The Valley West Ind","hotelId":20009882,"hotelName":"Ambia","address":"South Hill,The Valley,Anguilla","phones":"","fax":"","email":"","url":"","countryIso2":"AI","countryName":"Anguilla","hotelRating":"3","latitude":"18.2223","longitude":"-63.0477","state_id":null,"state_name":null,"country_id":null},{"active":false,"Giataid":"567635","cityId":null,"cityName":"The Valley West Ind","hotelId":20010035,"hotelName":"Ocean Terrace Condominiums","address":"P.O. Box 306,The Valley AI-2640,Anguilla,Anguilla","phones":"+12644978043","fax":"+12644988043","email":"oceanterracecondos@anguillanet.com","url":"http://www.oceanterracecondos.net","countryIso2":"AI","countryName":"Anguilla","hotelRating":"3","latitude":"18.2082","longitude":"-63.0275","state_id":null,"state_name":null,"country_id":null},{"active":false,"Giataid":"752420","cityId":null,"cityName":"Blowing Point Village","hotelId":20271948,"hotelName":"Villa Alegria","address":"2640 Blowing Point Village,Anguilla,Anguilla","phones":"+12642358492","fax":"","email":"nfreeman@beachesedge.com","url":"http://alegriaanguilla.com","countryIso2":"AI","countryName":"Anguilla","hotelRating":"0","latitude":"18.1749","longitude":"-63.0945","state_id":null,"state_name":null,"country_id":null},{"active":false,"Giataid":"684601","cityId":null,"cityName":"Island Harbour","hotelId":20271949,"hotelName":"Villa Exclusivity at Captain's Bay","address":"1 Captain's Bay,Island Harbour,Anguilla,Anguilla","phones":"","fax":"","email":"","url":"http://www.anguilla-beaches.com/anguilla-real-estate-captains-bay.html","countryIso2":"AI","countryName":"Anguilla","hotelRating":"4","latitude":"18.2596","longitude":"-63.0098","state_id":null,"state_name":null,"country_id":null},{"active":false,"Giataid":"938923","cityId":null,"cityName":"West End Village","hotelId":20271950,"hotelName":"Turtle's Nest Beach Resort","address":"Meads Bay,West End Village AI-2640,Anguilla","phones":"+12644977979","fax":"","email":"turtlesnest30@outlook.com","url":"http://www.turtlesnestbeachresort.com/","countryIso2":"AI","countryName":"Anguilla","hotelRating":"0","latitude":"18.1698","longitude":"-63.146","state_id":null,"state_name":null,"country_id":null},{"active":false,"Giataid":"893461","cityId":null,"cityName":"West End Village","hotelId":20271951,"hotelName":"Mangrove Villas at Indigo Reef","address":"West End Bay,West End Village,Anguilla","phones":"+12644975161","fax":"","email":"sydney@mangrove-anguilla.com","url":"http://www.mangrove-anguilla.com","countryIso2":"AI","countryName":"Anguilla","hotelRating":"0","latitude":"18.1698","longitude":"-63.146","state_id":null,"state_name":null,"country_id":null},{"active":false,"Giataid":"873984","cityId":null,"cityName":"The Valley West Ind","hotelId":20271952,"hotelName":"Villa Tasha","address":"Black Garden Anguilla,AI2640 The Valley,Anguilla","phones":"","fax":"","email":"","url":"http://www.hotels.com/ho742741088","countryIso2":"AI","countryName":"Anguilla","hotelRating":"0","latitude":"18.2157","longitude":"-63.0421","state_id":null,"state_name":null,"country_id":null},{"active":false,"Giataid":"123","cityId":null,"cityName":"Sandy Ground","hotelId":20271953,"hotelName":"The Pelicans","address":"P.O.Box 1369,Sandy Ground,South Hill,Anguilla,Anguilla","phones":"+126418094974403","fax":"+126418094974402","email":"","url":"http://www.anguillarentvillas.com/anguilla/Pelicans.htm","countryIso2":"AI","countryName":"Anguilla","hotelRating":"5","latitude":"18.1975","longitude":"-63.0915","state_id":null,"state_name":null,"country_id":null},{"active":false,"Giataid":"873971","cityId":null,"cityName":"The Valley West Ind","hotelId":20271954,"hotelName":"Crystal Sunrise Villa","address":"217 Sandy Hill,2640 The Valley,Caribbean,Anguilla","phones":"","fax":"","email":"","url":"http://www.hotels.com/ho742734592/","countryIso2":"AI","countryName":"Anguilla","hotelRating":"0","latitude":"18.2157","longitude":"-63.0421","state_id":null,"state_name":null,"country_id":null},{"active":false,"Giataid":"971778","cityId":null,"cityName":"West End Village","hotelId":20389193,"hotelName":"Bella Blu","address":"Meads Bay Road,AI-2640 West End Village,Anguilla","phones":"","fax":"","email":"","url":"","countryIso2":"AI","countryName":"Anguilla","hotelRating":"0","latitude":"18.1698","longitude":"-63.146","state_id":null,"state_name":null,"country_id":null},{"active":false,"Giataid":"971796","cityId":null,"cityName":"The Valley West Ind","hotelId":20389192,"hotelName":"Sandcastle Villa & Beach House","address":"Limestone Bay,The Valley 2640,Anguilla","phones":"","fax":"","email":"","url":"http://www.anguillasandcastle.com","countryIso2":"AI","countryName":"Anguilla","hotelRating":"0","latitude":"18.2157","longitude":"-63.0421","state_id":null,"state_name":null,"country_id":null},{"active":false,"Giataid":"1013613","cityId":null,"cityName":"Blowing Point Village","hotelId":20440639,"hotelName":"Silver Ray Apartments","address":"2640 Blowing Point,Anguilla","phones":"","fax":"","email":"","url":"","countryIso2":"AI","countryName":"Anguilla","hotelRating":"0","latitude":"18.1749","longitude":"-63.0945","state_id":null,"state_name":null,"country_id":null}]