[{"active":false,"Giataid":"131772","cityId":131036,"cityName":"Bethlehem","hotelId":131772,"hotelName":"Bethlehem","address":"","phones":"","fax":"","email":"","url":"","countryIso2":"PS","countryName":"Palestine","hotelRating":"3","latitude":"31.7119","longitude":"35.2028","state_id":932,"state_name":"Free State","country_id":204},{"active":false,"Giataid":"131788","cityId":62672,"cityName":"Jericho","hotelId":131788,"hotelName":"Jericho Resort Village","address":"111 Bisan Street,Jericho,PO Box: 162,Palestine","phones":"","fax":"","email":"","url":"","countryIso2":"PS","countryName":"Palestine","hotelRating":"4","latitude":"31.8496","longitude":"35.431","state_id":3749,"state_name":"Hanover Parish","country_id":108},{"active":false,"Giataid":"413265","cityId":131036,"cityName":"Bethlehem","hotelId":413265,"hotelName":"Ararat","address":"153 Beit Sahour Road,Bethlehem,Palestine","phones":"+97097222749888","fax":"+97097222769887","email":"info@ararat-hotel.com","url":"http://www.ararat-hotel.com","countryIso2":"PS","countryName":"Palestine","hotelRating":"4","latitude":"31.7047","longitude":"35.2144","state_id":932,"state_name":"Free State","country_id":204},{"active":false,"Giataid":"426830","cityId":131036,"cityName":"Bethlehem","hotelId":426830,"hotelName":"Grand Park Betlehem","address":"Star Street,Bethlehem,Palestine","phones":"+97022756400","fax":"+97022763736","email":"","url":"http://www.grandpark.com/bethlehem","countryIso2":"PS","countryName":"Palestine","hotelRating":"5","latitude":"31.7098","longitude":"35.2046","state_id":932,"state_name":"Free State","country_id":204},{"active":false,"Giataid":"430183","cityId":131036,"cityName":"Bethlehem","hotelId":430183,"hotelName":"St. Michael Hotel","address":"291 Jerusalem-Hebron Road,Bethlehem,Palestine","phones":"","fax":"","email":"","url":"","countryIso2":"PS","countryName":"Palestine","hotelRating":"4","latitude":"31.7164","longitude":"35.2014","state_id":932,"state_name":"Free State","country_id":204},{"active":false,"Giataid":"451152","cityId":131036,"cityName":"Bethlehem","hotelId":451152,"hotelName":"Angel Hotel","address":"","phones":"","fax":"","email":"","url":"","countryIso2":"PS","countryName":"Palestine","hotelRating":"4","latitude":"31.7147","longitude":"35.1908","state_id":932,"state_name":"Free State","country_id":204},{"active":false,"Giataid":"453202","cityId":131036,"cityName":"Bethlehem","hotelId":453202,"hotelName":"Manger Square Hotel","address":"Manger Street,Bethlehem,Palestine,Palestine","phones":"+97097222778888","fax":"","email":"","url":"http://mangersquarehotel.business.site","countryIso2":"PS","countryName":"Palestine","hotelRating":"4","latitude":"31.7051","longitude":"35.206","state_id":932,"state_name":"Free State","country_id":204},{"active":false,"Giataid":"453922","cityId":131036,"cityName":"Bethlehem","hotelId":453922,"hotelName":"Al Salam Hotel","address":"","phones":"","fax":"","email":"","url":"","countryIso2":"PS","countryName":"Palestine","hotelRating":"1","latitude":"31.7053","longitude":"35.2051","state_id":932,"state_name":"Free State","country_id":204},{"active":false,"Giataid":"490293","cityId":62672,"cityName":"Jericho","hotelId":490293,"hotelName":"Auberg Inn - The House of Eggplants","address":"","phones":"","fax":"","email":"","url":"","countryIso2":"PS","countryName":"Palestine","hotelRating":"1","latitude":"31.8361","longitude":"35.4351","state_id":3749,"state_name":"Hanover Parish","country_id":108},{"active":false,"Giataid":"542294","cityId":131036,"cityName":"Bethlehem","hotelId":542294,"hotelName":"Talitha Kumi Guest House","address":"P.O Box 7,Beit Jala,Bethlehem,Pal?stina,Palestine","phones":"","fax":"","email":"","url":"https://www.tripadvisor.de/Hotel_Review-d6615598.html","countryIso2":"PS","countryName":"Palestine","hotelRating":"1","latitude":"31.7077","longitude":"35.1733","state_id":932,"state_name":"Free State","country_id":204},{"active":false,"Giataid":"542305","cityId":131036,"cityName":"Bethlehem","hotelId":542305,"hotelName":"Alexander Hotel","address":"Manger Street,Bethlehem,Pal?stina,Palestine","phones":"+97097222770780","fax":"+97097222770782","email":"info@alexanderhotel.ps","url":"","countryIso2":"PS","countryName":"Palestine","hotelRating":"3","latitude":"31.7051","longitude":"35.2059","state_id":932,"state_name":"Free State","country_id":204},{"active":false,"Giataid":"547017","cityId":131036,"cityName":"Bethlehem","hotelId":547017,"hotelName":"Dar Sitti Aziza","address":"Anatra Street,Bethlehem,Palestine","phones":"+97097222744848","fax":"+97097222744343","email":"","url":"http://darsittiaziza.com/en/","countryIso2":"PS","countryName":"Palestine","hotelRating":"1","latitude":"31.7034","longitude":"35.2066","state_id":932,"state_name":"Free State","country_id":204},{"active":false,"Giataid":"611431","cityId":131036,"cityName":"Bethlehem","hotelId":611431,"hotelName":"Saint Gabriel Hotel","address":"St. Gabriel Street,P.O.Box 85,Bethlehem,Palestine","phones":"+97097222759990","fax":"+97097222759991","email":"info@st-gabrielhotel.com","url":"http://www.st-gabrielhotel.com/","countryIso2":"PS","countryName":"Palestine","hotelRating":"1","latitude":"31.7089","longitude":"35.1988","state_id":932,"state_name":"Free State","country_id":204},{"active":false,"Giataid":"614859","cityId":131036,"cityName":"Bethlehem","hotelId":614859,"hotelName":"Paradise Hotel","address":"Manager Street,PO Box 96,21167 Bethlehem,Pal?stina,Palestine","phones":"","fax":"","email":"","url":"http://www.paradisebethlehem.com","countryIso2":"PS","countryName":"Palestine","hotelRating":"4","latitude":"31.7166","longitude":"35.2028","state_id":932,"state_name":"Free State","country_id":204},{"active":false,"Giataid":"618187","cityId":62672,"cityName":"Jericho","hotelId":618187,"hotelName":"Jericho Inn","address":"Moshav Vered Jericho,Vered Yeriho,Palestine","phones":"","fax":"","email":"","url":"","countryIso2":"PS","countryName":"Palestine","hotelRating":"1","latitude":"31.8361","longitude":"35.4351","state_id":3749,"state_name":"Hanover Parish","country_id":108},{"active":false,"Giataid":"623006","cityId":131036,"cityName":"Bethlehem","hotelId":623006,"hotelName":"Shepherd Plaza Hotel","address":"Mountain Road,Bethlehem,Palestinian Territory,Palestine","phones":"","fax":"","email":"","url":"http://www.booking.com/hotel/ps/shepherd-plaza.en-gb.html","countryIso2":"PS","countryName":"Palestine","hotelRating":"1","latitude":"31.7128","longitude":"35.2003","state_id":932,"state_name":"Free State","country_id":204},{"active":false,"Giataid":"628211","cityId":131036,"cityName":"Bethlehem","hotelId":628211,"hotelName":"Holy Land Hotel","address":"Karkafa Street,Bethlehem,Palestine","phones":"+97097222778962","fax":"+97097222778961","email":"holylandhotel@hotmail.com","url":"http://www.holylandhotel.net/","countryIso2":"PS","countryName":"Palestine","hotelRating":"1","latitude":"31.7105","longitude":"35.206","state_id":932,"state_name":"Free State","country_id":204},{"active":false,"Giataid":"628212","cityId":131036,"cityName":"Bethlehem","hotelId":628212,"hotelName":"Holy Family Hotel","address":"Beit Sahour Street,Opposite To The Bus Station,Bethlehem,Palestine","phones":"+97097222773432","fax":"+97097222748650","email":"info@holyfamilyhotel.com","url":"http://www.holyfamilyhotel.com/","countryIso2":"PS","countryName":"Palestine","hotelRating":"4","latitude":"31.7052","longitude":"35.2085","state_id":932,"state_name":"Free State","country_id":204},{"active":false,"Giataid":"628214","cityId":131036,"cityName":"Bethlehem","hotelId":628214,"hotelName":"Assaraya Hotel","address":"Caritas Hospital For Children Street,Bethlehem,Palestine","phones":"","fax":"","email":"","url":"","countryIso2":"PS","countryName":"Palestine","hotelRating":"1","latitude":"31.7054","longitude":"35.2024","state_id":932,"state_name":"Free State","country_id":204},{"active":false,"Giataid":"628215","cityId":131036,"cityName":"Bethlehem","hotelId":628215,"hotelName":"Hosh Al-Syrian Guesthouse","address":"Hosh Al Syrian,Bethlehem,Palestine","phones":"+97022747529","fax":"","email":"","url":"http://www.hoshalsyrian.com/","countryIso2":"PS","countryName":"Palestine","hotelRating":"1","latitude":"31.7053","longitude":"35.2042","state_id":932,"state_name":"Free State","country_id":204},{"active":false,"Giataid":"628216","cityId":118234,"cityName":"Hebron","hotelId":628216,"hotelName":"Queen Plaza Hotel","address":"Ein Sara,00712 Hebron,Gouvernement Hebron,West Bank,Palestine","phones":"+97097222223222","fax":"","email":"info@qphotel.ps","url":"http://www.qphotel.ps","countryIso2":"PS","countryName":"Palestine","hotelRating":"4","latitude":"31.5433","longitude":"35.0994","state_id":1435,"state_name":"Connecticut","country_id":233},{"active":false,"Giataid":"628254","cityId":131036,"cityName":"Bethlehem","hotelId":628254,"hotelName":"Al-Amir Hostel","address":"YMCA Street,Biet Sahour,Bethlehem,Palestine","phones":"","fax":"","email":"","url":"","countryIso2":"PS","countryName":"Palestine","hotelRating":"1","latitude":"31.7049","longitude":"35.2304","state_id":932,"state_name":"Free State","country_id":204},{"active":false,"Giataid":"628257","cityId":131036,"cityName":"Bethlehem","hotelId":628257,"hotelName":"Shepherd Hotel","address":"Jamal Abdel Nasser Street,Bethlehem,Palestine","phones":"+97097222740656","fax":"+97097222744888","email":"ShepherdHotelBethlehem@gmail.com","url":"http://www.shepherdbethlehem.com/","countryIso2":"PS","countryName":"Palestine","hotelRating":"4","latitude":"31.7077","longitude":"35.1994","state_id":932,"state_name":"Free State","country_id":204},{"active":false,"Giataid":"635365","cityId":131036,"cityName":"Bethlehem","hotelId":635365,"hotelName":"Mul Hayar","address":"3600700 Bet Lehem HaGelilit,Palestine","phones":"","fax":"","email":"","url":"","countryIso2":"PS","countryName":"Palestine","hotelRating":"1","latitude":"31.7054","longitude":"35.2024","state_id":932,"state_name":"Free State","country_id":204},{"active":false,"Giataid":"643068","cityId":131036,"cityName":"Bethlehem","hotelId":643068,"hotelName":"Beit Ummar Hostel","address":"Mousa Road,Bethlehem,Palestine","phones":"","fax":"","email":"","url":"","countryIso2":"PS","countryName":"Palestine","hotelRating":"1","latitude":"31.4099","longitude":"35.0793","state_id":932,"state_name":"Free State","country_id":204},{"active":false,"Giataid":"643082","cityId":131036,"cityName":"Bethlehem","hotelId":643082,"hotelName":"Murad Tourist Resort","address":"Beit Sahour Street,P.O. Box 933,Bethlehem,Palestine","phones":"","fax":"","email":"","url":"","countryIso2":"PS","countryName":"Palestine","hotelRating":"1","latitude":"31.708","longitude":"35.2025","state_id":932,"state_name":"Free State","country_id":204},{"active":false,"Giataid":"693640","cityId":131036,"cityName":"Bethlehem","hotelId":693640,"hotelName":"Dome Hotel Bethlehem","address":"Bethelehem-Hebron Street,Bethlehem,Palestine","phones":"","fax":"","email":"","url":"","countryIso2":"PS","countryName":"Palestine","hotelRating":"1","latitude":"31.708","longitude":"35.2025","state_id":932,"state_name":"Free State","country_id":204},{"active":false,"Giataid":"694699","cityId":118234,"cityName":"Hebron","hotelId":694699,"hotelName":"Abu Mazen Hotel & Restaurant","address":"Namera Street,Close to the City Center and Abraham Mosque,Nemra,00970 Hebron,Gouvernement Hebron,West Bank,Palestine","phones":"+97022211113","fax":"+97022211116","email":"info@abumazengroup.com","url":"http://www.abumazengroup.ps","countryIso2":"PS","countryName":"Palestine","hotelRating":"4","latitude":"31.5465","longitude":"35.1044","state_id":1435,"state_name":"Connecticut","country_id":233},{"active":false,"Giataid":"743302","cityId":62672,"cityName":"Jericho","hotelId":743302,"hotelName":"Nof Canaan","address":"25 Nahal Ashalim,90618 Kfar Adumim,West Bank,Palestine","phones":"","fax":"","email":"","url":"","countryIso2":"PS","countryName":"Palestine","hotelRating":"1","latitude":"31.8361","longitude":"35.4351","state_id":3749,"state_name":"Hanover Parish","country_id":108},{"active":false,"Giataid":"131788","cityId":62672,"cityName":"Jericho","hotelId":752507,"hotelName":"Jericho Resort Village","address":"111 Bisan Street,Jericho,PO Box: 162,Palestine","phones":"","fax":"","email":"","url":"","countryIso2":"PS","countryName":"Palestine","hotelRating":"1","latitude":"31.8361","longitude":"35.4351","state_id":3749,"state_name":"Hanover Parish","country_id":108},{"active":false,"Giataid":"800562","cityId":131036,"cityName":"Bethlehem","hotelId":800562,"hotelName":"Sancta Maria Hotel","address":"Dr. Geminer Street,PO Box 885-481,Bethlehem,Palestine","phones":"","fax":"","email":"info@sanctamariahotel.com","url":"http://sanctamariahotel.com","countryIso2":"PS","countryName":"Palestine","hotelRating":"1","latitude":"31.708","longitude":"35.2025","state_id":932,"state_name":"Free State","country_id":204},{"active":false,"Giataid":"801597","cityId":131036,"cityName":"Bethlehem","hotelId":801597,"hotelName":"Innova8ion Hotel","address":"21 Attan Street,Bethlehem,Palestine","phones":"+97022768868","fax":"+97022768867","email":"","url":"http://www.innova8ion.org","countryIso2":"PS","countryName":"Palestine","hotelRating":"1","latitude":"31.708","longitude":"35.2025","state_id":932,"state_name":"Free State","country_id":204},{"active":false,"Giataid":"801690","cityId":62672,"cityName":"Jericho","hotelId":801690,"hotelName":"Lazurde Resort","address":"New Hospital Street 92,67171 Jericho,Palestine","phones":"","fax":"","email":"","url":"","countryIso2":"PS","countryName":"Palestine","hotelRating":"1","latitude":"31.8361","longitude":"35.4351","state_id":3749,"state_name":"Hanover Parish","country_id":108},{"active":false,"Giataid":"805911","cityId":131036,"cityName":"Bethlehem","hotelId":805911,"hotelName":"Golden Park Resort","address":"Beit Sahour Alquds Street,Bethlehem,Palestine","phones":"+97097222774414","fax":"","email":"goldenparkresort@hotmail.com","url":"http://www.goldenparkresort.ps","countryIso2":"PS","countryName":"Palestine","hotelRating":"1","latitude":"31.6974","longitude":"35.2286","state_id":932,"state_name":"Free State","country_id":204},{"active":false,"Giataid":"808325","cityId":131036,"cityName":"Bethlehem","hotelId":808325,"hotelName":"House Of Peace","address":"10 Saff Street,Wad Ma'ali,Next To Malhamet Inyaz,Bethlehem 21078,Palestine","phones":"","fax":"","email":"","url":"","countryIso2":"PS","countryName":"Palestine","hotelRating":"1","latitude":"31.7055","longitude":"35.2002","state_id":932,"state_name":"Free State","country_id":204},{"active":false,"Giataid":"808391","cityId":131036,"cityName":"Bethlehem","hotelId":808391,"hotelName":"Habibi Hostel","address":"Palestine Street,Second Floor,Bethlehem,Palestine","phones":"","fax":"","email":"","url":"","countryIso2":"PS","countryName":"Palestine","hotelRating":"1","latitude":"31.708","longitude":"35.2025","state_id":932,"state_name":"Free State","country_id":204},{"active":false,"Giataid":"809469","cityId":131036,"cityName":"Bethlehem","hotelId":809469,"hotelName":"Residence Hotel","address":"Beitsahour,Bethlehem,Palestine","phones":"+97022771002","fax":"","email":"info@residencehotel.ps","url":"http://www.residencehotel.ps","countryIso2":"PS","countryName":"Palestine","hotelRating":"1","latitude":"31.708","longitude":"35.2025","state_id":932,"state_name":"Free State","country_id":204},{"active":false,"Giataid":"809520","cityId":131036,"cityName":"Bethlehem","hotelId":809520,"hotelName":"Abrahams Herberge","address":"Virgin Mary Street,Bethlehem,Palestine","phones":"","fax":"","email":"","url":"","countryIso2":"PS","countryName":"Palestine","hotelRating":"1","latitude":"31.708","longitude":"35.2025","state_id":932,"state_name":"Free State","country_id":204},{"active":false,"Giataid":"810805","cityId":131036,"cityName":"Bethlehem","hotelId":810805,"hotelName":"Bunksurfing Hostel","address":"Al Hurreya Street,Al Dawha,Bethlehem,Palestine","phones":"","fax":"","email":"bunksurfinghostel@gmail.com","url":"http://bunksurfinghostel.com","countryIso2":"PS","countryName":"Palestine","hotelRating":"1","latitude":"31.708","longitude":"35.2025","state_id":932,"state_name":"Free State","country_id":204}]