[{"active":false,"Giataid":"131775","cityId":null,"cityName":"Kalya","hotelId":131775,"hotelName":"Kalia Kibbutz Holiday Village","address":"","phones":"+97097235608118","fax":"","email":"","url":"http://www.kaliahotel.co.il/en/","countryIso2":"PS","countryName":"Palestine","hotelRating":"3","latitude":"31.7497","longitude":"35.4658","state_id":null,"state_name":null,"country_id":null},{"active":false,"Giataid":"137729","cityId":null,"cityName":"Ariel","hotelId":137729,"hotelName":"Eshel Hashomron","address":"44837 Ariel,Palestine","phones":"","fax":"","email":"","url":"","countryIso2":"PS","countryName":"Palestine","hotelRating":"3","latitude":"0","longitude":"0","state_id":null,"state_name":null,"country_id":null},{"active":false,"Giataid":"188042","cityId":null,"cityName":"Almog","hotelId":188042,"hotelName":"Almog Holiday Village","address":"Holiday Village mp Arvot Hayarden,Almog 90665,Dead Sea,Palestine","phones":"+97097229945201","fax":"+97229942447","email":"hv@almog.org.il","url":"http://www.almog.org.il/en/","countryIso2":"PS","countryName":"Palestine","hotelRating":"3","latitude":"31.8081","longitude":"35.4467","state_id":null,"state_name":null,"country_id":null},{"active":false,"Giataid":"243890","cityId":null,"cityName":"Ramallah","hotelId":243890,"hotelName":"Millennium Hotel Palestine Ramallah","address":"Emil Habibi Street,Al Masyoun,90624 Ramallah,Gouvernement Ramallah und al-Bira,West Bank,Palestine","phones":"+97022985888","fax":"+97297022985333","email":"hotel.ramallah@moevenpick.com","url":"http://www.moevenpick-hotels.com/de/pub/hotels_resorts/worldmap/ramallah/willkommen.cfm","countryIso2":"PS","countryName":"Palestine","hotelRating":"5","latitude":"31.9065","longitude":"35.2084","state_id":null,"state_name":null,"country_id":null},{"active":false,"Giataid":"426832","cityId":null,"cityName":"Ramallah","hotelId":426832,"hotelName":"Grand Park Hotel","address":"Rafat Street,Al-Masyoun Heights,1375 Ramallah,Palestine","phones":"+97022986194","fax":"+97022956950","email":"info@grandpark.com","url":"http://www.grandpark.com","countryIso2":"PS","countryName":"Palestine","hotelRating":"5","latitude":"31.8891","longitude":"35.1992","state_id":null,"state_name":null,"country_id":null},{"active":false,"Giataid":"454826","cityId":null,"cityName":"Ramallah","hotelId":454826,"hotelName":"Retno Hotel","address":"","phones":"","fax":"","email":"","url":"","countryIso2":"PS","countryName":"Palestine","hotelRating":"3","latitude":"31.9242","longitude":"35.2067","state_id":null,"state_name":null,"country_id":null},{"active":false,"Giataid":"489329","cityId":null,"cityName":"Ramallah","hotelId":489329,"hotelName":"Palestine Plaza Hotel","address":"Al Ersal Street,Ramallah,Palestine,Palestine","phones":"+97022946888","fax":"+97022946889","email":"info@palestinetradetower.com","url":"http://www.palestinehotels.com/aha/component/k2/hotels/palestine-plaza-hotel","countryIso2":"PS","countryName":"Palestine","hotelRating":"5","latitude":"31.917","longitude":"35.207","state_id":null,"state_name":null,"country_id":null},{"active":false,"Giataid":"509900","cityId":null,"cityName":"Ramallah","hotelId":509900,"hotelName":"City Inn Palace Hotel","address":"Jerusalem Street,Al Bireh,Ramallah,Palestine","phones":"+97022408080","fax":"+97022408091","email":"info@cityinnpalace.com","url":"http://www.cityinnpalace.com/","countryIso2":"PS","countryName":"Palestine","hotelRating":"3","latitude":"31.8983","longitude":"35.2106","state_id":null,"state_name":null,"country_id":null},{"active":false,"Giataid":"510305","cityId":null,"cityName":"Ramallah","hotelId":510305,"hotelName":"Royal Court Hotel","address":"24 Jaffa Street,Ramallah,PO Box 2474,Palestine","phones":"+97097222964040","fax":"+97097222964047","email":"info@rcshotel.com","url":"http://www.rcshotel.com","countryIso2":"PS","countryName":"Palestine","hotelRating":"3","latitude":"31.9015","longitude":"35.2004","state_id":null,"state_name":null,"country_id":null},{"active":false,"Giataid":"542312","cityId":null,"cityName":"Ramallah","hotelId":542312,"hotelName":"Casablanca Hotel","address":"Maahed Street,neben Alarzdquisa Verein,Masyoun,Ramallah,Palestine,Palestine","phones":"+97097222987658","fax":"","email":"casablanca-hotel@hotmail.com","url":"http://www.casablanca-hotel.ps","countryIso2":"PS","countryName":"Palestine","hotelRating":"3","latitude":"31.9002","longitude":"35.2036","state_id":null,"state_name":null,"country_id":null},{"active":false,"Giataid":"551178","cityId":null,"cityName":"Ramallah","hotelId":551178,"hotelName":"Taybeh Golden Hotel","address":"100 Main Street,Taybeh-Ramallah,West Bank,Palestine","phones":"+97097222899440","fax":"","email":"info@taybehgoldenhotel.com","url":"http://www.taybehgoldenhotel.com","countryIso2":"PS","countryName":"Palestine","hotelRating":"1","latitude":"31.9588","longitude":"35.2979","state_id":null,"state_name":null,"country_id":null},{"active":false,"Giataid":"604267","cityId":null,"cityName":"Ramallah","hotelId":604267,"hotelName":"Garden Suites & Restaurant","address":"Burda Street,Um Sharayet,97800 Ramallah,Palestinian Territories,Palestine","phones":"","fax":"","email":"","url":"","countryIso2":"PS","countryName":"Palestine","hotelRating":"1","latitude":"31.8854","longitude":"35.2086","state_id":null,"state_name":null,"country_id":null},{"active":false,"Giataid":"611375","cityId":null,"cityName":"Nablus","hotelId":611375,"hotelName":"Al Yasmeen Hotel","address":"Nablus City,Palestine","phones":"+97097292333555","fax":"","email":"Reservations@alyasmeen.com","url":"https://www.alyasmeen.com/","countryIso2":"PS","countryName":"Palestine","hotelRating":"3","latitude":"32.2196","longitude":"35.2599","state_id":null,"state_name":null,"country_id":null},{"active":false,"Giataid":"628154","cityId":null,"cityName":"Ramallah","hotelId":628154,"hotelName":"Crown Suites Hotel","address":"West Bank-Ramallah,Ramallah,Palestine","phones":"+97097222974003","fax":"","email":"info@crownsuiteshotel.ps","url":"http://crownsuiteshotel.ps/","countryIso2":"PS","countryName":"Palestine","hotelRating":"3","latitude":"31.9173","longitude":"35.1774","state_id":null,"state_name":null,"country_id":null},{"active":false,"Giataid":"628209","cityId":null,"cityName":"Ramallah","hotelId":628209,"hotelName":"Caesar Hotel Ramallah","address":"Almasyoon Heights,173,Ramallah,Palestine","phones":"+97022979400","fax":"+97022979401","email":"info@caesar-hotel.ps","url":"http://caesar-hotel.ps/","countryIso2":"PS","countryName":"Palestine","hotelRating":"4","latitude":"31.8929","longitude":"35.2005","state_id":null,"state_name":null,"country_id":null},{"active":false,"Giataid":"628210","cityId":null,"cityName":"Ramallah","hotelId":628210,"hotelName":"Aladdin Hotel","address":"Ras Al Tahouneh Street,Al Bireh,Ramallah,Palestine","phones":"","fax":"","email":"","url":"http://www.thealaddinhotel.com/","countryIso2":"PS","countryName":"Palestine","hotelRating":"3","latitude":"31.9077","longitude":"35.2116","state_id":null,"state_name":null,"country_id":null},{"active":false,"Giataid":"628213","cityId":null,"cityName":"Ramallah","hotelId":628213,"hotelName":"Alhambra Palace Hotel Suites and Resort","address":"Al Irsal Street,Ramallah,Palestine","phones":"+97097222956226","fax":"+97097222950032","email":"alhambrapalace1@gmail.com","url":"http://www.alhambra-palace-hotel.com/","countryIso2":"PS","countryName":"Palestine","hotelRating":"3","latitude":"31.9067","longitude":"35.206","state_id":null,"state_name":null,"country_id":null},{"active":false,"Giataid":"628263","cityId":null,"cityName":"Ramallah","hotelId":628263,"hotelName":"Signature Suites (Al Zahra Towers)","address":"Ramallah Al-Balou,Behind Ministry Of Internal Affairs,00972 Ramallah,Palestinian Territories,Palestine","phones":"","fax":"","email":"","url":"","countryIso2":"PS","countryName":"Palestine","hotelRating":"1","latitude":"31.9211","longitude":"35.2165","state_id":null,"state_name":null,"country_id":null},{"active":false,"Giataid":"641467","cityId":null,"cityName":"Kalya","hotelId":641467,"hotelName":"Biankini Dead Sea Resort","address":"Kalia,Dead Sea,Palestine","phones":"","fax":"","email":"","url":"http://www.biankini.com","countryIso2":"PS","countryName":"Palestine","hotelRating":"1","latitude":"31.7597","longitude":"35.5031","state_id":null,"state_name":null,"country_id":null},{"active":false,"Giataid":"641489","cityId":null,"cityName":"Vered Yeriho","hotelId":641489,"hotelName":"Pninat Vered","address":"","phones":"","fax":"","email":"","url":"","countryIso2":"PS","countryName":"Palestine","hotelRating":"1","latitude":"31.8263","longitude":"35.4321","state_id":null,"state_name":null,"country_id":null},{"active":false,"Giataid":"643074","cityId":null,"cityName":"Ramallah","hotelId":643074,"hotelName":"El Mirador Hotel","address":"Tereh Area,Ramallah,Palestine","phones":"+97097297022976474","fax":"+97097297022975691","email":"info@elmirador.ps","url":"http://elmirador.ps/en/","countryIso2":"PS","countryName":"Palestine","hotelRating":"1","latitude":"31.909","longitude":"35.1889","state_id":null,"state_name":null,"country_id":null},{"active":false,"Giataid":"683930","cityId":null,"cityName":"Ramallah","hotelId":683930,"hotelName":"Lavender Boutique Hotel","address":"24 Al-Nuzha Street,Ramallah,Palestine","phones":"+97022977073","fax":"+97022977073","email":"reservation@lavenderboutiquehotel.com","url":"http://www.lavenderboutiquehotel.com","countryIso2":"PS","countryName":"Palestine","hotelRating":"1","latitude":"31.9001","longitude":"35.2025","state_id":null,"state_name":null,"country_id":null},{"active":false,"Giataid":"694647","cityId":null,"cityName":"Ramallah","hotelId":694647,"hotelName":"St. Andrew's Guesthouse Ramallah","address":"5 Lorca Street,Al-Tireh,Ramallah,Ramallah and al-Bireh Governorate,West Bank,Palestine","phones":"+97022989172","fax":"","email":"optima@standrewsguesthouse.org","url":"http://www.standrewsguesthouse.org","countryIso2":"PS","countryName":"Palestine","hotelRating":"1","latitude":"31.9092","longitude":"35.1878","state_id":null,"state_name":null,"country_id":null},{"active":false,"Giataid":"694855","cityId":null,"cityName":"Bait Sahour","hotelId":694855,"hotelName":"Manoly Plaza Hotel","address":"Shepherd Field Street,Beit Sahour,Gouvernement Bethlehem,West Bank,Palestine","phones":"+97022771018","fax":"","email":"reservation@manolyplaza.com","url":"http://manolyplaza.com","countryIso2":"PS","countryName":"Palestine","hotelRating":"1","latitude":"0","longitude":"0","state_id":null,"state_name":null,"country_id":null},{"active":false,"Giataid":"728561","cityId":null,"cityName":"Ramallah","hotelId":728561,"hotelName":"Carmel Hotel Ramallah","address":"Al-Masyoun,Ramallah,Palestinian territories,Palestine","phones":"+97022972222","fax":"+97022966966","email":"info@carmelhotel.ps","url":"http://www.carmelhotel.ps/en","countryIso2":"PS","countryName":"Palestine","hotelRating":"5","latitude":"31.8975","longitude":"35.2003","state_id":null,"state_name":null,"country_id":null},{"active":false,"Giataid":"737800","cityId":null,"cityName":"Ramallah","hotelId":737800,"hotelName":"Ankars Suites & Hotel","address":"Al Masion Main Street,Sodqi Al Dajani,Ramallah 0097,Palestine","phones":"","fax":"","email":"","url":"","countryIso2":"PS","countryName":"Palestine","hotelRating":"1","latitude":"31.9068","longitude":"35.2047","state_id":null,"state_name":null,"country_id":null},{"active":false,"Giataid":"802389","cityId":null,"cityName":"Nablus","hotelId":802389,"hotelName":"Saleem Afandi Hotel","address":"City Center Commercial Complex,7 Floor,Al Husain City Centre,Nablus,Palestine","phones":"","fax":"","email":"","url":"http://www.saleemafandihotel.ps","countryIso2":"PS","countryName":"Palestine","hotelRating":"5","latitude":"32.2204","longitude":"35.261","state_id":null,"state_name":null,"country_id":null},{"active":false,"Giataid":"802421","cityId":null,"cityName":"Nablus","hotelId":802421,"hotelName":"Khan Alwakala Hotel","address":"Old City,Soq Al Hadaden,Nablus,West Bank,Palestine","phones":"","fax":"","email":"info@kawhotel.com","url":"https://www.kawhotel.com","countryIso2":"PS","countryName":"Palestine","hotelRating":"1","latitude":"32.2204","longitude":"35.261","state_id":null,"state_name":null,"country_id":null},{"active":false,"Giataid":"804872","cityId":null,"cityName":"Nablus","hotelId":804872,"hotelName":"Success Hostel","address":"Old City,Al-garb District,East Al-khader Mosque,Nablus,Palestine","phones":"","fax":"","email":"","url":"","countryIso2":"PS","countryName":"Palestine","hotelRating":"1","latitude":"32.2204","longitude":"35.261","state_id":null,"state_name":null,"country_id":null},{"active":false,"Giataid":"805929","cityId":null,"cityName":"Nablus","hotelId":805929,"hotelName":"Crystal Motel","address":"Faisal Street,Nablus,Palestine","phones":"","fax":"","email":"","url":"","countryIso2":"PS","countryName":"Palestine","hotelRating":"1","latitude":"32.2204","longitude":"35.261","state_id":null,"state_name":null,"country_id":null},{"active":false,"Giataid":"806991","cityId":null,"cityName":"Nablus","hotelId":806991,"hotelName":"Isra Hotel","address":"Sufian Street,Western Compound,Nablus,Palestine","phones":"","fax":"","email":"","url":"","countryIso2":"PS","countryName":"Palestine","hotelRating":"1","latitude":"32.2204","longitude":"35.261","state_id":null,"state_name":null,"country_id":null},{"active":false,"Giataid":"808349","cityId":null,"cityName":"Nablus","hotelId":808349,"hotelName":"Royal Suites","address":"Rafidya Main Road,Next to Alrawda Mosque,Nablus 99111,Palestine","phones":"","fax":"","email":"","url":"","countryIso2":"PS","countryName":"Palestine","hotelRating":"1","latitude":"32.2204","longitude":"35.261","state_id":null,"state_name":null,"country_id":null},{"active":false,"Giataid":"809487","cityId":null,"cityName":"Ramallah","hotelId":809487,"hotelName":"Area D Hostel","address":"Jamal Abdel Nasser Street,Top Floor,Maliki Building,1111 Ramallah,Palestine","phones":"+970972569349042","fax":"","email":"info@ramallahhostel.com","url":"http://ramallahhostel.com","countryIso2":"PS","countryName":"Palestine","hotelRating":"1","latitude":"31.9047","longitude":"35.207","state_id":null,"state_name":null,"country_id":null},{"active":false,"Giataid":"820451","cityId":null,"cityName":"Ramallah","hotelId":820451,"hotelName":"Habibi Hostel Ramallah","address":"5 Mario Hanna Alma'madani Amira Alya,building 18,apartment 101,Ramallah,Palestine","phones":"","fax":"","email":"","url":"","countryIso2":"PS","countryName":"Palestine","hotelRating":"1","latitude":"31.9068","longitude":"35.2047","state_id":null,"state_name":null,"country_id":null},{"active":false,"Giataid":"822245","cityId":null,"cityName":"Ramallah","hotelId":822245,"hotelName":"Hostel In Ramallah","address":"12 Al Nozha Street,near Ramallah library Al Maktaba,2119 Ramallah,Palestine","phones":"","fax":"","email":"","url":"","countryIso2":"PS","countryName":"Palestine","hotelRating":"1","latitude":"31.9022","longitude":"35.2028","state_id":null,"state_name":null,"country_id":null},{"active":false,"Giataid":"830539","cityId":null,"cityName":"Nablus","hotelId":830539,"hotelName":"Orient Motel","address":"NULL","phones":"+97092380097","fax":"","email":"info@orientmotel.ps","url":"http://www.orientmotel.ps/","countryIso2":"PS","countryName":"Palestine","hotelRating":"1","latitude":"32.2204","longitude":"35.261","state_id":null,"state_name":null,"country_id":null}]