[{"active":false,"Giataid":"727272","cityId":null,"cityName":"Phuentsholing","hotelId":727272,"hotelName":"Tashi Namgay Grand","address":"CST Road, Chhukha,Phuntsholing 73400,Bhutan","phones":"","fax":"","email":"","url":"","countryIso2":"BT","countryName":"Bhutan","hotelRating":"1","latitude":"26.8502","longitude":"89.3976","state_id":null,"state_name":null,"country_id":null},{"active":false,"Giataid":"365236","cityId":null,"cityName":"Gangtey","hotelId":20000845,"hotelName":"Gangtey Goenpa Lodge","address":"Just below the monastery,Phobjikha Valley,Bhutan","phones":"+97517160666","fax":"","email":"res@gglbhutan.com","url":"http://www.easternsafaris.com/gangteygoenpalodge_accommodation.html","countryIso2":"BT","countryName":"Bhutan","hotelRating":"5","latitude":"27.4921","longitude":"90.1659","state_id":null,"state_name":null,"country_id":null},{"active":false,"Giataid":"679935","cityId":null,"cityName":"Phuentsholing","hotelId":20002465,"hotelName":"Peling Resort","address":"Renchending Kharbandi,Phuntsholing 21101,Bhutan","phones":"+975777100865","fax":"+9755251167","email":"pelingresort@gmail.com","url":"http://pelingresort.com","countryIso2":"BT","countryName":"Bhutan","hotelRating":"0","latitude":"26.8599","longitude":"89.385","state_id":null,"state_name":null,"country_id":null},{"active":false,"Giataid":"530887","cityId":null,"cityName":"Gangtey","hotelId":20003744,"hotelName":"Amankora Gangtey","address":"Gangtey,Phobjikha Valley,Bhutan","phones":"+9752331333","fax":"+9752331999","email":"amankora@amanresorts.com","url":"https://www.aman.com/resorts/amankora/lodges/gangtey","countryIso2":"BT","countryName":"Bhutan","hotelRating":"5","latitude":"27.4176","longitude":"90.3933","state_id":null,"state_name":null,"country_id":null},{"active":false,"Giataid":"614549","cityId":null,"cityName":"Phuentsholing","hotelId":20004334,"hotelName":"Park Hotel Bhutan","address":"Tharpai Lam,Phuentsholing,Chukha,Bhutan-35,Phuentsholing,Bhutan","phones":"+97517795042","fax":"","email":"reservations@parkhotelbhutan.com","url":"http://parkhotelbhutan.com","countryIso2":"BT","countryName":"Bhutan","hotelRating":"0","latitude":"26.8619","longitude":"89.3832","state_id":null,"state_name":null,"country_id":null},{"active":false,"Giataid":"261641","cityId":null,"cityName":"Bumthang","hotelId":20007328,"hotelName":"Chumey Nature Resort","address":"Geytsa,Chumey,Bumthang,Bhutan","phones":"+97517111625","fax":"+97516342001","email":"chumeynatureresort@yahoo.com","url":"http://www.chumeynatureresort.com","countryIso2":"BT","countryName":"Bhutan","hotelRating":"0","latitude":"27.6501","longitude":"90.6767","state_id":null,"state_name":null,"country_id":null},{"active":false,"Giataid":"724798","cityId":null,"cityName":"Bumthang","hotelId":20007509,"hotelName":"Jakar Village Resort","address":"Jakar Village,Bumthang,Bhutan","phones":"","fax":"","email":"","url":"","countryIso2":"BT","countryName":"Bhutan","hotelRating":"0","latitude":"27.5555","longitude":"90.7445","state_id":null,"state_name":null,"country_id":null},{"active":false,"Giataid":"296954","cityId":null,"cityName":"Phuentsholing","hotelId":20007652,"hotelName":"Druk Phuentsholing","address":"Post Box Number: 148,Zhung Lam,Phuentsholing,Bhutan","phones":"+9755252426","fax":"+9755252929","email":"druk.phuentsholing@drukhotels.com","url":"http://drukhotels.com/phuntsholing/","countryIso2":"BT","countryName":"Bhutan","hotelRating":"0","latitude":"26.8609","longitude":"89.3825","state_id":null,"state_name":null,"country_id":null},{"active":false,"Giataid":"724796","cityId":null,"cityName":"Phuentsholing","hotelId":20007963,"hotelName":"Bhutan Residence","address":"Norgay Lam,Phuentsholing,Bhutan","phones":"+9755253688","fax":"+9755253690","email":"bhutanresidence@gmail.com","url":"http://www.bhutanresidence.com","countryIso2":"BT","countryName":"Bhutan","hotelRating":"0","latitude":"26.8646","longitude":"89.386","state_id":null,"state_name":null,"country_id":null},{"active":false,"Giataid":"334292","cityId":null,"cityName":"Phuentsholing","hotelId":20010108,"hotelName":"Hotel Lhaki","address":"Pelkhil Lam,Phuntsholing 21101,Bhutan,Bhutan","phones":"","fax":"","email":"","url":"","countryIso2":"BT","countryName":"Bhutan","hotelRating":"0","latitude":"26.86","longitude":"89.3846","state_id":null,"state_name":null,"country_id":null},{"active":false,"Giataid":"296958","cityId":null,"cityName":"Bumthang","hotelId":20010281,"hotelName":"Mountain Lodge","address":"Jakar,Bumthang,Bhutan","phones":"+9753631255","fax":"+9753631275","email":"","url":"","countryIso2":"BT","countryName":"Bhutan","hotelRating":"0","latitude":"27.5555","longitude":"90.7445","state_id":null,"state_name":null,"country_id":null}]