[{"active":false,"Giataid":"139673","cityId":67620,"cityName":"Mopti","hotelId":139673,"hotelName":"Hotel Kanaga","address":"Avenue De L'Independance,Promenade Du Fleuve Niger,Mopti,Mali","phones":"","fax":"","email":"","url":"","countryIso2":"ML","countryName":"Mali","hotelRating":"3","latitude":"14.4958","longitude":"-4.19861","state_id":255,"state_name":"Mopti Region","country_id":134},{"active":false,"Giataid":"139677","cityId":67628,"cityName":"Timbuktu","hotelId":139677,"hotelName":"La Maison","address":"NULL","phones":"","fax":"","email":"","url":"","countryIso2":"ML","countryName":"Mali","hotelRating":"2","latitude":"16.7666","longitude":"-3.00256","state_id":248,"state_name":"Tombouctou Region","country_id":134},{"active":false,"Giataid":"139678","cityId":67587,"cityName":"Bamako","hotelId":139678,"hotelName":"Azalai Hotel Salam","address":"P.O. Box 104BamakoMali","phones":"+22320705210","fax":"+22320223637","email":"azalaihotelsalam@azalaihotels.com","url":"http://www.azalaihotels.com/hotel-salam/hotel-bamako.html","countryIso2":"ML","countryName":"Mali","hotelRating":"5","latitude":"12.6297","longitude":"-8.00841","state_id":253,"state_name":"Bamako","country_id":134},{"active":false,"Giataid":"139679","cityId":67628,"cityName":"Timbuktu","hotelId":139679,"hotelName":"La Colombe","address":"Timbuktu,Mali,Mali","phones":"","fax":"","email":"","url":"","countryIso2":"ML","countryName":"Mali","hotelRating":"3","latitude":"16.7743","longitude":"-3.01007","state_id":248,"state_name":"Tombouctou Region","country_id":134},{"active":false,"Giataid":"139682","cityId":67587,"cityName":"Bamako","hotelId":139682,"hotelName":"Tamana","address":"P.O. Box 985,Bamako,Mali","phones":"+22320213715","fax":"+22320213715","email":"hoteltamana@orangemali.net","url":"http://www.hoteltamana.com/anglais/enter.htm","countryIso2":"ML","countryName":"Mali","hotelRating":"2","latitude":"12.6597","longitude":"-7.97116","state_id":253,"state_name":"Bamako","country_id":134},{"active":false,"Giataid":"139680","cityId":67587,"cityName":"Bamako","hotelId":139680,"hotelName":"Mande","address":"Cit? du Niger,P.O. Box 2639,Bamako,Mali","phones":"+22320211993","fax":"+22320211996","email":"mandehotel@afribone.net.ml","url":"http://www.mandehotel.com/index.htm","countryIso2":"ML","countryName":"Mali","hotelRating":"3","latitude":"12.6336","longitude":"-7.97429","state_id":253,"state_name":"Bamako","country_id":134},{"active":false,"Giataid":"229882","cityId":67587,"cityName":"Bamako","hotelId":229882,"hotelName":"Plaza","address":"Pr?s de l'ambassade de Russie,Niarela,3230 Bamako,Mali","phones":"+22320215030","fax":"+22320215034","email":"HotelPlaza@cefib.com","url":"http://www.hotelplazamali.com/engvisite.html","countryIso2":"ML","countryName":"Mali","hotelRating":"1","latitude":"12.6421","longitude":"-7.97959","state_id":253,"state_name":"Bamako","country_id":134},{"active":false,"Giataid":"249844","cityId":67587,"cityName":"Bamako","hotelId":249844,"hotelName":"Azalai NorD-Sud","address":"P.O. Box 1060,Avenue du Mali,ACI 2000,Hamdalaye,Bamako,Mali","phones":"+22320296900","fax":"+22320296969","email":"azalainordsud@azalaihotels.com","url":"http://www.azalaihotels.com/nord-sud/index-nord-sud.html","countryIso2":"ML","countryName":"Mali","hotelRating":"3","latitude":"12.6336","longitude":"-8.02118","state_id":253,"state_name":"Bamako","country_id":134},{"active":false,"Giataid":"406318","cityId":67587,"cityName":"Bamako","hotelId":406318,"hotelName":"La Venise Malienne","address":"NULL","phones":"+22373453066","fax":"","email":"lavenisemalienne@yahoo.fr","url":"http://www.lavenisemalienne.com","countryIso2":"ML","countryName":"Mali","hotelRating":"1","latitude":"12.65","longitude":"-8","state_id":253,"state_name":"Bamako","country_id":134},{"active":false,"Giataid":"453804","cityId":67620,"cityName":"Mopti","hotelId":453804,"hotelName":"Hotel Doux Reves - Koydol Seyo","address":"","phones":"","fax":"","email":"","url":"","countryIso2":"ML","countryName":"Mali","hotelRating":"1","latitude":"14.4846","longitude":"-4.18345","state_id":255,"state_name":"Mopti Region","country_id":134},{"active":false,"Giataid":"797065","cityId":67587,"cityName":"Bamako","hotelId":797065,"hotelName":"Hotel Wassulu","address":"Kalabancoura Place,Sogolon,Bamako,Mali","phones":"","fax":"","email":"","url":"","countryIso2":"ML","countryName":"Mali","hotelRating":"1","latitude":"12.637","longitude":"-7.99675","state_id":253,"state_name":"Bamako","country_id":134},{"active":false,"Giataid":"798245","cityId":67587,"cityName":"Bamako","hotelId":798245,"hotelName":"Hotel La Chaumiere","address":"Route De Sotuba,Bamako,Mali","phones":"","fax":"","email":"","url":"","countryIso2":"ML","countryName":"Mali","hotelRating":"1","latitude":"12.637","longitude":"-7.99675","state_id":253,"state_name":"Bamako","country_id":134},{"active":false,"Giataid":"798680","cityId":67587,"cityName":"Bamako","hotelId":798680,"hotelName":"Hotel Nana","address":"Torokorobougou BP E1797,Bamako,Mali","phones":"","fax":"","email":"","url":"","countryIso2":"ML","countryName":"Mali","hotelRating":"1","latitude":"12.637","longitude":"-7.99675","state_id":253,"state_name":"Bamako","country_id":134},{"active":false,"Giataid":"810713","cityId":67587,"cityName":"Bamako","hotelId":810713,"hotelName":"Hotel Residence Wawa","address":"Rue 46 Porte 65,Faso Kanu,Bamako,Mali","phones":"","fax":"","email":"","url":"","countryIso2":"ML","countryName":"Mali","hotelRating":"1","latitude":"12.637","longitude":"-7.99675","state_id":253,"state_name":"Bamako","country_id":134},{"active":false,"Giataid":"459368","cityId":67587,"cityName":"Bamako","hotelId":10100123,"hotelName":"Onomo Hotel Bamako","address":"Quartier du Fleuve,Entre Les Rues 305-308,Bamako,Mali","phones":"+22320706200","fax":"NULL","email":"NULL","url":"NULL","countryIso2":"ML","countryName":"Mali","hotelRating":"3","latitude":"12.6352","longitude":"-7.99652","state_id":253,"state_name":"Bamako","country_id":134},{"active":false,"Giataid":"510944","cityId":67587,"cityName":"Bamako","hotelId":10110471,"hotelName":"Azalai Hotel Dunia","address":"Avenue Van Vollenhoven,Bamako,Mali","phones":"+22320222492","fax":"NULL","email":"NULL","url":"NULL","countryIso2":"ML","countryName":"Mali","hotelRating":"2","latitude":"12.6496","longitude":"-7.9994","state_id":253,"state_name":"Bamako","country_id":134},{"active":false,"Giataid":"229879","cityId":67625,"cityName":"Sikasso","hotelId":20002014,"hotelName":"Maissa","address":"Village CAN,SIKASSO,Mali","phones":"+2232621560","fax":"","email":"","url":"","countryIso2":"ML","countryName":"Mali","hotelRating":"0","latitude":"11.3039","longitude":"-5.65771","state_id":254,"state_name":"Sikasso Region","country_id":134},{"active":false,"Giataid":"229880","cityId":67587,"cityName":"Bamako","hotelId":20002162,"hotelName":"Massaley","address":"ACI 2000,BPE 3245,Bamako,Mali","phones":"+2232295456","fax":"+2232295053","email":"massaleyhotel@yahoo.fr","url":"http://www.afribone.net.ml/massaley/index.html","countryIso2":"ML","countryName":"Mali","hotelRating":"0","latitude":"12.6312","longitude":"-8.01049","state_id":253,"state_name":"Bamako","country_id":134},{"active":false,"Giataid":"475780","cityId":67587,"cityName":"Bamako","hotelId":20002583,"hotelName":"Hotel le Relais","address":"Route De Koulikoro,Avenue Al Qoods,Bamako,Mali","phones":"+22320210229","fax":"+22320210019","email":"","url":"http://lerelaisbamako.com/","countryIso2":"ML","countryName":"Mali","hotelRating":"0","latitude":"12.6563","longitude":"-7.97144","state_id":253,"state_name":"Bamako","country_id":134},{"active":false,"Giataid":"624560","cityId":67625,"cityName":"Sikasso","hotelId":20002834,"hotelName":"L'Hotel Du Cinquantenaire","address":"Pr?s de la Salle Lamissa Bengaly,Route de Bamako,Sikasso,Mali","phones":"+22321622955","fax":"+22321622970","email":"contact@hotelcinquantenaire.com","url":"http://www.hotelcinquantenaire.com/","countryIso2":"ML","countryName":"Mali","hotelRating":"0","latitude":"11.3145","longitude":"-5.69092","state_id":254,"state_name":"Sikasso Region","country_id":134},{"active":false,"Giataid":"476387","cityId":67587,"cityName":"Bamako","hotelId":20003046,"hotelName":"Hotel la Coccinelle","address":"Hippodrome,Route de koulikoro,Rue 251, porte 82,Bamako,Mali","phones":"+22320211713","fax":"","email":"info@hotellacoccinelle.com","url":"http://hotellacoccinelle.com/","countryIso2":"ML","countryName":"Mali","hotelRating":"4","latitude":"12.637","longitude":"-7.99675","state_id":253,"state_name":"Bamako","country_id":134},{"active":false,"Giataid":"477125","cityId":67587,"cityName":"Bamako","hotelId":20003248,"hotelName":"Hotel Restaurant Le Rabelais","address":"Route De Sotuba Porte 2005,Bamako,2126,Mali,Mali","phones":"","fax":"","email":"","url":"","countryIso2":"ML","countryName":"Mali","hotelRating":"3","latitude":"12.6485","longitude":"-7.97632","state_id":253,"state_name":"Bamako","country_id":134},{"active":false,"Giataid":"139674","cityId":67620,"cityName":"Mopti","hotelId":20003462,"hotelName":"Y' A Pas de Probleme","address":"P.O. Box 16,Mopti,Mali","phones":"+22321431041","fax":"","email":"yapasdeproblemehotel@yahoo.fr","url":"http://www.yapasdeprobleme.com/","countryIso2":"ML","countryName":"Mali","hotelRating":"3","latitude":"14.4832","longitude":"-4.18303","state_id":255,"state_name":"Mopti Region","country_id":134},{"active":false,"Giataid":"139681","cityId":67587,"cityName":"Bamako","hotelId":20003648,"hotelName":"Villa Soudan","address":"Route du Palais de la Culture,Badalabougou ouest,Rue 50 Porte 1058,Bamako,Mali","phones":"+22366797431","fax":"","email":"resavillasoudan@yahoo.fr","url":"http://www.villasoudan.com","countryIso2":"ML","countryName":"Mali","hotelRating":"3","latitude":"12.6221","longitude":"-7.99814","state_id":253,"state_name":"Bamako","country_id":134},{"active":false,"Giataid":"623288","cityId":67620,"cityName":"Mopti","hotelId":20003878,"hotelName":"Motel Sevare","address":"Route Nationale,S?var?,Mopti,Mali","phones":"","fax":"","email":"","url":"","countryIso2":"ML","countryName":"Mali","hotelRating":"0","latitude":"14.4971","longitude":"-4.19875","state_id":255,"state_name":"Mopti Region","country_id":134},{"active":false,"Giataid":"624562","cityId":67587,"cityName":"Bamako","hotelId":20004110,"hotelName":"Hotel Le Baobab","address":"Fasso - Kanu,BP 18 38,Bamako,Mali","phones":"+22320205417","fax":"+22320206908","email":"","url":"http://www.lebaobabhotel.com/","countryIso2":"ML","countryName":"Mali","hotelRating":"0","latitude":"12.6151","longitude":"-7.96789","state_id":253,"state_name":"Bamako","country_id":134},{"active":false,"Giataid":"543292","cityId":67587,"cityName":"Bamako","hotelId":20004692,"hotelName":"Badalodge","address":"Kalabambougou,Route de S?b?nikoro - RN5,Bamako,Mali","phones":"","fax":"","email":"","url":"","countryIso2":"ML","countryName":"Mali","hotelRating":"4","latitude":"12.5745","longitude":"-8.04843","state_id":253,"state_name":"Bamako","country_id":134},{"active":false,"Giataid":"623292","cityId":67587,"cityName":"Bamako","hotelId":20004859,"hotelName":"Hotel le Campagnard","address":"Niar?la,Bamako,Mali","phones":"","fax":"","email":"","url":"","countryIso2":"ML","countryName":"Mali","hotelRating":"0","latitude":"12.637","longitude":"-7.99675","state_id":253,"state_name":"Bamako","country_id":134},{"active":false,"Giataid":"869199","cityId":67587,"cityName":"Bamako","hotelId":20350866,"hotelName":"Notre Toit","address":"Banankabougou Sema,Bamako,Mali","phones":"","fax":"","email":"","url":"","countryIso2":"ML","countryName":"Mali","hotelRating":"0","latitude":"12.637","longitude":"-7.99675","state_id":253,"state_name":"Bamako","country_id":134},{"active":false,"Giataid":"924072","cityId":67587,"cityName":"Bamako","hotelId":20350867,"hotelName":"Apparthotel Niuma Belleza","address":"Avenue De La Nation,Bamako,Mali","phones":"","fax":"","email":"","url":"","countryIso2":"ML","countryName":"Mali","hotelRating":"0","latitude":"12.637","longitude":"-7.99675","state_id":253,"state_name":"Bamako","country_id":134},{"active":false,"Giataid":"915124","cityId":67587,"cityName":"Bamako","hotelId":20350868,"hotelName":"Residence Sabah","address":"Street 378 ACI 2000,Bamako,Mali","phones":"+22320232828","fax":"+22320232727","email":"sabah@residencesabah.com","url":"http://www.residencesabah.com","countryIso2":"ML","countryName":"Mali","hotelRating":"0","latitude":"12.637","longitude":"-7.99675","state_id":253,"state_name":"Bamako","country_id":134},{"active":false,"Giataid":"915086","cityId":67587,"cityName":"Bamako","hotelId":20350869,"hotelName":"Appart'hotel Le Babemba","address":"Avenue De l'Ind?pendance Ouolofodougou,Bamako,Mali","phones":"","fax":"","email":"","url":"","countryIso2":"ML","countryName":"Mali","hotelRating":"0","latitude":"12.6425","longitude":"-7.99308","state_id":253,"state_name":"Bamako","country_id":134},{"active":false,"Giataid":"856996","cityId":67587,"cityName":"Bamako","hotelId":20350870,"hotelName":"Sheraton Bamako Hotel","address":"National Way,Hamdallaye ACI 2000,Bamako,Mali","phones":"+22320705252","fax":"","email":"","url":"http://www.sheratonbamako.com","countryIso2":"ML","countryName":"Mali","hotelRating":"0","latitude":"12.637","longitude":"-7.99675","state_id":253,"state_name":"Bamako","country_id":134},{"active":false,"Giataid":"915097","cityId":67587,"cityName":"Bamako","hotelId":20350871,"hotelName":"Residence Gesam","address":"Baco-djicoroni Golf 734,Bamako,Mali","phones":"","fax":"","email":"","url":"","countryIso2":"ML","countryName":"Mali","hotelRating":"0","latitude":"12.637","longitude":"-7.99675","state_id":253,"state_name":"Bamako","country_id":134},{"active":false,"Giataid":"915150","cityId":67587,"cityName":"Bamako","hotelId":20350872,"hotelName":"Residence La Casa Blanca","address":"Rue 43,Cite Du Niger 1,Derriere La Cooperation Suisse,Bamako,Mali","phones":"","fax":"","email":"","url":"","countryIso2":"ML","countryName":"Mali","hotelRating":"0","latitude":"12.637","longitude":"-7.99675","state_id":253,"state_name":"Bamako","country_id":134},{"active":false,"Giataid":"856981","cityId":67587,"cityName":"Bamako","hotelId":20350873,"hotelName":"Star Residence","address":"Rue 407,Boulkassoumbougou,Bamako,Mali","phones":"","fax":"","email":"","url":"https://starresidence.business.site","countryIso2":"ML","countryName":"Mali","hotelRating":"0","latitude":"12.637","longitude":"-7.99675","state_id":253,"state_name":"Bamako","country_id":134}]