[{"active":false,"Giataid":"139670","cityId":null,"cityName":"S?gou","hotelId":139670,"hotelName":"L' Auberge","address":"NULL","phones":"","fax":"","email":"","url":"","countryIso2":"ML","countryName":"Mali","hotelRating":"2","latitude":"13.45","longitude":"-6.26667","state_id":null,"state_name":null,"country_id":null},{"active":false,"Giataid":"139671","cityId":null,"cityName":"S?gou","hotelId":139671,"hotelName":"L' Independance","address":"NULL","phones":"","fax":"","email":"","url":"","countryIso2":"ML","countryName":"Mali","hotelRating":"2","latitude":"13.45","longitude":"-6.26667","state_id":null,"state_name":null,"country_id":null},{"active":false,"Giataid":"808313","cityId":null,"cityName":"S?gou","hotelId":808313,"hotelName":"Sarata Hotel","address":"Unnamed Road 76,S?gou,Mali","phones":"","fax":"","email":"","url":"","countryIso2":"ML","countryName":"Mali","hotelRating":"1","latitude":"13.45","longitude":"-6.26667","state_id":null,"state_name":null,"country_id":null},{"active":false,"Giataid":"623283","cityId":null,"cityName":"S?gou","hotelId":20002391,"hotelName":"Hambe Hotel","address":"Segou Coura,S?gou,Mali","phones":"+22375030202","fax":"","email":"resa@hambehotel.com","url":"http://www.hambehotel.com/","countryIso2":"ML","countryName":"Mali","hotelRating":"0","latitude":"13.437","longitude":"-6.29298","state_id":null,"state_name":null,"country_id":null},{"active":false,"Giataid":"623997","cityId":null,"cityName":"S?gou","hotelId":20004473,"hotelName":"Vue de l'Esplanade","address":"Route de la corniche,Quartier Commercial,BP: 27,Segou,Mali","phones":"+22321320127","fax":"","email":"hotelesplanande@orangemali.net","url":"http://www.hotel-auberge-independance.com/esplanade.html","countryIso2":"ML","countryName":"Mali","hotelRating":"0","latitude":"13.45","longitude":"-6.26667","state_id":null,"state_name":null,"country_id":null}]