[{"active":false,"Giataid":"134327","cityId":null,"cityName":"Don Daeng","hotelId":134327,"hotelName":"La Folie Lodge","address":"Pathoumphone district,BP 668,01000 Champasak,Done Daeng,Laos,Laos","phones":"+8562055532004","fax":"","email":"","url":"","countryIso2":"LA","countryName":"Laos","hotelRating":"4","latitude":"14.8781","longitude":"105.893","state_id":null,"state_name":null,"country_id":null},{"active":false,"Giataid":"232643","cityId":null,"cityName":"Vang Vieng","hotelId":232643,"hotelName":"The Elephant Crossing Hotel","address":"Ban Viengkeo,P.O. Box 5512,Vang Vieng,Vientiane Province,Laos","phones":"+85623511232","fax":"+85623511232","email":"info@theelephantcrossinghotel.com","url":"http://www.theelephantcrossinghotel.com","countryIso2":"LA","countryName":"Laos","hotelRating":"3","latitude":"18.9227","longitude":"102.445","state_id":null,"state_name":null,"country_id":null},{"active":false,"Giataid":"236810","cityId":null,"cityName":"Pakbeng","hotelId":236810,"hotelName":"Sanctuary Pakbeng Lodge","address":"Ban Done Khame,Pakbeng District,Oudomxay Province,Laos","phones":"+85681212304","fax":"+85681212304","email":"sofimek@etllao.com","url":"http://www.pakbenglodge.com/","countryIso2":"LA","countryName":"Laos","hotelRating":"3","latitude":"19.8922","longitude":"101.127","state_id":null,"state_name":null,"country_id":null},{"active":false,"Giataid":"321395","cityId":null,"cityName":"Xieng Khouang","hotelId":321395,"hotelName":"Auberge Phouphadeng","address":"Ban Phonsavang,Peak District,Xieng Khouang City Center,Xieng Khouang,Laos","phones":"","fax":"","email":"","url":"","countryIso2":"LA","countryName":"Laos","hotelRating":"1","latitude":"19.4427","longitude":"103.221","state_id":null,"state_name":null,"country_id":null},{"active":false,"Giataid":"365558","cityId":null,"cityName":"Ban Khiet Ngong","hotelId":365558,"hotelName":"Kingfisher Ecolodge","address":"Pathoumphone,16000 Ban Khiet Ngong,Champasak,Laos","phones":"+8562055726315","fax":"","email":"info@kingfisherecolodge.com","url":"http://www.kingfisherecolodge.com/","countryIso2":"LA","countryName":"Laos","hotelRating":"2","latitude":"14.7713","longitude":"106.041","state_id":null,"state_name":null,"country_id":null},{"active":false,"Giataid":"409072","cityId":null,"cityName":"Huay Xai","hotelId":409072,"hotelName":"Houay Xai Riverside Hotel","address":"R3A Road,Ban Khonekeo,Houay Xai,Bokeo Province,Laos,Laos","phones":"+85684211765","fax":"+85684211765","email":"houayxairiverside@hotmail.com","url":"http://houayxairiverside.com","countryIso2":"LA","countryName":"Laos","hotelRating":"1","latitude":"20.276","longitude":"100.412","state_id":null,"state_name":null,"country_id":null},{"active":false,"Giataid":"464654","cityId":null,"cityName":"Phonsavan","hotelId":464654,"hotelName":"The Hillside Residence","address":"Ban Phonesavanh Tai,Peak District,Xieng Khouang,Phonsavan,Laos","phones":"","fax":"","email":"","url":"","countryIso2":"LA","countryName":"Laos","hotelRating":"2","latitude":"19.455","longitude":"103.211","state_id":null,"state_name":null,"country_id":null},{"active":false,"Giataid":"465198","cityId":null,"cityName":"Vang Vieng","hotelId":465198,"hotelName":"Hotel Vilayvong","address":"Ban Viengkeo","phones":"","fax":"","email":"","url":"","countryIso2":"LA","countryName":"Laos","hotelRating":"3","latitude":"18.9214","longitude":"102.445","state_id":null,"state_name":null,"country_id":null},{"active":false,"Giataid":"467272","cityId":null,"cityName":"Vang Vieng","hotelId":467272,"hotelName":"Bountang Hotel","address":"","phones":"","fax":"","email":"","url":"","countryIso2":"LA","countryName":"Laos","hotelRating":"1","latitude":"18.9285","longitude":"102.448","state_id":null,"state_name":null,"country_id":null},{"active":false,"Giataid":"467288","cityId":null,"cityName":"Vang Vieng","hotelId":467288,"hotelName":"Pany Hotel","address":"Ban Viengkeo,01000 Vang Vieng,Laos","phones":"","fax":"","email":"","url":"","countryIso2":"LA","countryName":"Laos","hotelRating":"2","latitude":"18.9217","longitude":"102.449","state_id":null,"state_name":null,"country_id":null},{"active":false,"Giataid":"467292","cityId":null,"cityName":"Vang Vieng","hotelId":467292,"hotelName":"Khamphone Hotel","address":"Ban viengkeo,Vangvieng,District Lao,Laos","phones":"+8566685623511062","fax":"","email":"info@khamphonehotel.com","url":"http://khamphonehotel.com/","countryIso2":"LA","countryName":"Laos","hotelRating":"2","latitude":"18.921","longitude":"102.448","state_id":null,"state_name":null,"country_id":null},{"active":false,"Giataid":"467475","cityId":null,"cityName":"Phonsavan","hotelId":467475,"hotelName":"Chittavanh Hotel","address":"#7 Road,Phonsavan,Laos","phones":"","fax":"","email":"","url":"","countryIso2":"LA","countryName":"Laos","hotelRating":"2","latitude":"19.452","longitude":"103.216","state_id":null,"state_name":null,"country_id":null},{"active":false,"Giataid":"468329","cityId":null,"cityName":"Muang Pakxan","hotelId":468329,"hotelName":"Sang Hung Heuang Hotel","address":"13 South Road,4B Road,Anousonexay Village,Paksan District,01000 Muang Pakxan,Bolikhamxay,Laos","phones":"","fax":"","email":"","url":"","countryIso2":"LA","countryName":"Laos","hotelRating":"2","latitude":"18.4107","longitude":"103.643","state_id":null,"state_name":null,"country_id":null},{"active":false,"Giataid":"468332","cityId":null,"cityName":"Muang Pakxan","hotelId":468332,"hotelName":"Paksan Hotel","address":"Main Road,Highway 13 next to the bridge,Paksan district,Muang Pakxan,Bolikhamxay,Laos","phones":"","fax":"","email":"","url":"http://www.hotel.com.au/muang-pakxan/paksan-hotel.htm","countryIso2":"LA","countryName":"Laos","hotelRating":"2","latitude":"18.3961","longitude":"103.656","state_id":null,"state_name":null,"country_id":null},{"active":false,"Giataid":"468343","cityId":null,"cityName":"Muang Pakxan","hotelId":468343,"hotelName":"Vilaysack Hotel","address":"4B Road,Anousonexay Village,Paksan,Laos","phones":"","fax":"","email":"","url":"","countryIso2":"LA","countryName":"Laos","hotelRating":"2","latitude":"18.3987","longitude":"103.644","state_id":null,"state_name":null,"country_id":null},{"active":false,"Giataid":"468344","cityId":null,"cityName":"Muang Pakxan","hotelId":468344,"hotelName":"Sokbounma hotel","address":"Anousonexay Village,01000 Muang Pakxan,Bolikhamxay Province,Laos","phones":"","fax":"","email":"","url":"","countryIso2":"LA","countryName":"Laos","hotelRating":"2","latitude":"18.3929","longitude":"103.642","state_id":null,"state_name":null,"country_id":null},{"active":false,"Giataid":"469082","cityId":null,"cityName":"Paksong","hotelId":469082,"hotelName":"Phu Thevada Hotel","address":"Ban Bang Liang,Khum Nong Kieng Kham,01000 Muang Pakxong,Laos","phones":"","fax":"","email":"","url":"","countryIso2":"LA","countryName":"Laos","hotelRating":"2","latitude":"15.1778","longitude":"106.238","state_id":null,"state_name":null,"country_id":null},{"active":false,"Giataid":"470617","cityId":null,"cityName":"Ban Thangon","hotelId":470617,"hotelName":"Lien Kham Hotel","address":"","phones":"","fax":"","email":"","url":"","countryIso2":"LA","countryName":"Laos","hotelRating":"3","latitude":"18.1331","longitude":"102.619","state_id":null,"state_name":null,"country_id":null},{"active":false,"Giataid":"473042","cityId":null,"cityName":"Huay Xai","hotelId":473042,"hotelName":"Nakaraj Princess Hotel","address":"Nakaraj Nakhon, Ban Viengmai & Ban Don,01000 Huayxai,Bokeo,Laos","phones":"+85684216000","fax":"","email":"nakarajhotel@gmail.com","url":"http://www.nakarajprincess.com/","countryIso2":"LA","countryName":"Laos","hotelRating":"5","latitude":"20.2187","longitude":"100.465","state_id":null,"state_name":null,"country_id":null},{"active":false,"Giataid":"476898","cityId":null,"cityName":"Huay Xai","hotelId":476898,"hotelName":"B2 Monethong Hotel","address":"Baan Udom,Huay Xai,Bokeo,Laos","phones":"+856622549673","fax":"","email":"","url":"https://www.b2hotel.com","countryIso2":"LA","countryName":"Laos","hotelRating":"1","latitude":"20.2691","longitude":"100.419","state_id":null,"state_name":null,"country_id":null},{"active":false,"Giataid":"488851","cityId":null,"cityName":"Vang Vieng","hotelId":488851,"hotelName":"Vang Vieng Boutique Resort","address":"Ban Viengkeo,PO Box 360,Vang Vieng,Vientiane Province,Laos","phones":"","fax":"","email":"","url":"https://www.booking.com/hotel/la/phongsavanh-resort.html?aid=356985","countryIso2":"LA","countryName":"Laos","hotelRating":"3","latitude":"18.9241","longitude":"102.453","state_id":null,"state_name":null,"country_id":null},{"active":false,"Giataid":"515992","cityId":null,"cityName":"Vang Vieng","hotelId":515992,"hotelName":"Chillao Hostel","address":"100/1 Main Street,06000 Vang Vieng,Laos","phones":"","fax":"","email":"","url":"","countryIso2":"LA","countryName":"Laos","hotelRating":"2","latitude":"18.9278","longitude":"102.449","state_id":null,"state_name":null,"country_id":null},{"active":false,"Giataid":"530271","cityId":null,"cityName":"Huay Xai","hotelId":530271,"hotelName":"Thaveesinh Hotel","address":"Ban Houei Sai Neua,01000 Ban Houayxay,Laos","phones":"+8562055683333","fax":"","email":"thaveesinh.info@gmail.com","url":"http://www.thaveesinhhotel.com/","countryIso2":"LA","countryName":"Laos","hotelRating":"1","latitude":"20.2777","longitude":"100.411","state_id":null,"state_name":null,"country_id":null},{"active":false,"Giataid":"530290","cityId":null,"cityName":"Xieng Khouang","hotelId":530290,"hotelName":"Jing Chaleun Guesthouse","address":"","phones":"","fax":"","email":"","url":"","countryIso2":"LA","countryName":"Laos","hotelRating":"1","latitude":"19.4494","longitude":"103.205","state_id":null,"state_name":null,"country_id":null},{"active":false,"Giataid":"530480","cityId":null,"cityName":"Xieng Khouang","hotelId":530480,"hotelName":"Ber 5 Guesthouse","address":"Ban Phonngam Nua  Peak District,Xieng Khouang,Laos","phones":"","fax":"","email":"","url":"","countryIso2":"LA","countryName":"Laos","hotelRating":"1","latitude":"19.4558","longitude":"103.205","state_id":null,"state_name":null,"country_id":null},{"active":false,"Giataid":"530635","cityId":null,"cityName":"Huay Xai","hotelId":530635,"hotelName":"Pheuankeo 1 Guesthouse","address":"","phones":"","fax":"","email":"","url":"","countryIso2":"LA","countryName":"Laos","hotelRating":"1","latitude":"20.2691","longitude":"100.419","state_id":null,"state_name":null,"country_id":null},{"active":false,"Giataid":"532792","cityId":null,"cityName":"Xieng Khouang","hotelId":532792,"hotelName":"Banna Plain Of Jars House","address":"7 Road,Xieng Khouang,Laos","phones":"","fax":"","email":"","url":"","countryIso2":"LA","countryName":"Laos","hotelRating":"2","latitude":"19.4549","longitude":"103.183","state_id":null,"state_name":null,"country_id":null},{"active":false,"Giataid":"534372","cityId":null,"cityName":"Phonsavan","hotelId":534372,"hotelName":"Dokkhoune Guesthouse","address":"Ban Phonsavanh Kang,Peak District,Xieng Khouang,Laos","phones":"","fax":"","email":"","url":"","countryIso2":"LA","countryName":"Laos","hotelRating":"2","latitude":"19.45","longitude":"103.22","state_id":null,"state_name":null,"country_id":null},{"active":false,"Giataid":"534376","cityId":null,"cityName":"Xieng Khouang","hotelId":534376,"hotelName":"Phouchan Resort","address":"Ban Phonsavanh,Peak District,Xieng Khouang,Laos","phones":"","fax":"","email":"","url":"","countryIso2":"LA","countryName":"Laos","hotelRating":"3","latitude":"19.4494","longitude":"103.205","state_id":null,"state_name":null,"country_id":null},{"active":false,"Giataid":"534383","cityId":null,"cityName":"Xieng Khouang","hotelId":534383,"hotelName":"Vai Vai Vong Guesthouse","address":"","phones":"","fax":"","email":"","url":"","countryIso2":"LA","countryName":"Laos","hotelRating":"1","latitude":"19.4494","longitude":"103.205","state_id":null,"state_name":null,"country_id":null},{"active":false,"Giataid":"534394","cityId":null,"cityName":"Huay Xai","hotelId":534394,"hotelName":"Oudomphone 2 Guesthouse","address":"Ban Huaysay Neua,Houaixay,Laos","phones":"","fax":"","email":"","url":"http://www.hotelscombined.com/Hotel/Oudomphone_2_Guesthouse.htm","countryIso2":"LA","countryName":"Laos","hotelRating":"1","latitude":"20.2691","longitude":"100.419","state_id":null,"state_name":null,"country_id":null},{"active":false,"Giataid":"534396","cityId":null,"cityName":"Xieng Khouang","hotelId":534396,"hotelName":"Anoulack Khen Lao Hotel","address":"No. 059/4,Ban Phonsavanh xai,Peak District,Xieng Khouang,Laos","phones":"","fax":"","email":"","url":"http://www.hotelscombined.de/Hotel/Anoulak_Khen_Lao_Hotel.htm","countryIso2":"LA","countryName":"Laos","hotelRating":"3","latitude":"19.4508","longitude":"103.219","state_id":null,"state_name":null,"country_id":null},{"active":false,"Giataid":"534420","cityId":null,"cityName":"Vieng Xai","hotelId":534420,"hotelName":"Lattanaphone Guesthouse","address":"Ban Nakai,Vieng Xai,Laos","phones":"","fax":"","email":"","url":"","countryIso2":"LA","countryName":"Laos","hotelRating":"1","latitude":"20.4056","longitude":"104.227","state_id":null,"state_name":null,"country_id":null},{"active":false,"Giataid":"534425","cityId":null,"cityName":"Ban Khone","hotelId":534425,"hotelName":"Pan's Residence","address":"Mekong Road,Ban Don Khone,01000 Ban Khon,Muang Khong,Don Khong District,Laos","phones":"","fax":"","email":"","url":"","countryIso2":"LA","countryName":"Laos","hotelRating":"1","latitude":"13.965","longitude":"105.924","state_id":null,"state_name":null,"country_id":null},{"active":false,"Giataid":"534441","cityId":null,"cityName":"Thalat","hotelId":534441,"hotelName":"Leo Khampaseut Resort","address":"Phonmee Street,Thalat,Laos","phones":"","fax":"","email":"","url":"http://www.agoda.com/leo-khampaseut-resort/hotel/thalat-la.html","countryIso2":"LA","countryName":"Laos","hotelRating":"1","latitude":"18.5174","longitude":"102.506","state_id":null,"state_name":null,"country_id":null},{"active":false,"Giataid":"534476","cityId":null,"cityName":"Vieng Xai","hotelId":534476,"hotelName":"Naxai Guesthouse II","address":"Vieng Xay Village,Vieng Xai,Houaphan,Laos","phones":"","fax":"","email":"","url":"","countryIso2":"LA","countryName":"Laos","hotelRating":"1","latitude":"20.4056","longitude":"104.227","state_id":null,"state_name":null,"country_id":null},{"active":false,"Giataid":"534484","cityId":null,"cityName":"Huay Xai","hotelId":534484,"hotelName":"Khopchai Guesthhouse","address":"Ban Huaysay Neua,Houayxay,Laos","phones":"","fax":"","email":"","url":"","countryIso2":"LA","countryName":"Laos","hotelRating":"1","latitude":"20.2691","longitude":"100.419","state_id":null,"state_name":null,"country_id":null},{"active":false,"Giataid":"534650","cityId":null,"cityName":"Huay Xai","hotelId":534650,"hotelName":"Mittaphab Guesthouse","address":"Ban Huaysay Neua,Houayxay,Laos,Laos","phones":"","fax":"","email":"","url":"","countryIso2":"LA","countryName":"Laos","hotelRating":"1","latitude":"20.2691","longitude":"100.419","state_id":null,"state_name":null,"country_id":null},{"active":false,"Giataid":"468344","cityId":null,"cityName":"Muang Pakxan","hotelId":534662,"hotelName":"Sokbounma Hotel","address":"Anousonexay Village,01000 Muang Pakxan,Bolikhamxay Province,Laos","phones":"","fax":"","email":"","url":"","countryIso2":"LA","countryName":"Laos","hotelRating":"3","latitude":"18.3961","longitude":"103.643","state_id":null,"state_name":null,"country_id":null},{"active":false,"Giataid":"534670","cityId":null,"cityName":"Vang Vieng","hotelId":534670,"hotelName":"KL Guesthouse","address":"Ban Huaysangao,Vang Vieng,Laos","phones":"","fax":"","email":"","url":"http://www.trivago.de/vang-vieng-443839/hotel/kl-guesthouse-2206288","countryIso2":"LA","countryName":"Laos","hotelRating":"1","latitude":"18.923","longitude":"102.446","state_id":null,"state_name":null,"country_id":null},{"active":false,"Giataid":"534682","cityId":null,"cityName":"Xieng Khouang","hotelId":534682,"hotelName":"Phonsa Ath Guesthouse","address":"Ban Phonsa Ath,Paek District,Xieng Khouang,Laos","phones":"","fax":"","email":"","url":"https://www.tripadvisor.de/Hotel_Review-g612364-d3310526-Reviews-Phonsa_Ath_Guesthouse-Phonsavan_Xiangkhouang_Province.html","countryIso2":"LA","countryName":"Laos","hotelRating":"2","latitude":"19.4462","longitude":"103.201","state_id":null,"state_name":null,"country_id":null},{"active":false,"Giataid":"534686","cityId":null,"cityName":"Huay Xai","hotelId":534686,"hotelName":"Sabaidee Guesthouse","address":"Ban Huayxay Neua,01000 Houayxay,Laos,Laos","phones":"","fax":"","email":"","url":"http://www.agoda.com/sabaidee-guesthouse/hotel/houayxay-la.html","countryIso2":"LA","countryName":"Laos","hotelRating":"1","latitude":"20.2726","longitude":"100.413","state_id":null,"state_name":null,"country_id":null},{"active":false,"Giataid":"534701","cityId":null,"cityName":"Phonsavan","hotelId":534701,"hotelName":"Nice Guest House","address":"209 Ban Phonsavanh,01000 Muang Ph?nsavan,Laos,Laos","phones":"","fax":"","email":"","url":"","countryIso2":"LA","countryName":"Laos","hotelRating":"1","latitude":"19.4502","longitude":"103.219","state_id":null,"state_name":null,"country_id":null},{"active":false,"Giataid":"623732","cityId":null,"cityName":"Vieng Xai","hotelId":623732,"hotelName":"Chitchareune Hotel","address":"Viengxay,01000 Viangxai,Laos","phones":"","fax":"","email":"","url":"","countryIso2":"LA","countryName":"Laos","hotelRating":"1","latitude":"20.4056","longitude":"104.227","state_id":null,"state_name":null,"country_id":null},{"active":false,"Giataid":"623770","cityId":null,"cityName":"Huay Xai","hotelId":623770,"hotelName":"Riverside Huayxay","address":"Ban Houayxay Nua,Ban Houayxay 01000,Laos","phones":"","fax":"","email":"","url":"","countryIso2":"LA","countryName":"Laos","hotelRating":"1","latitude":"20.2766","longitude":"100.411","state_id":null,"state_name":null,"country_id":null},{"active":false,"Giataid":"623781","cityId":null,"cityName":"Sekong","hotelId":623781,"hotelName":"Phou Khankham","address":"Ban Mai Phuakhuang,Sekong,Laos","phones":"","fax":"","email":"","url":"","countryIso2":"LA","countryName":"Laos","hotelRating":"1","latitude":"15.3588","longitude":"106.734","state_id":null,"state_name":null,"country_id":null},{"active":false,"Giataid":"624153","cityId":null,"cityName":"Sekong","hotelId":624153,"hotelName":"Vangxang Savanh Resort","address":"Riverside Road,01500 Sekong,Laos","phones":"","fax":"","email":"","url":"","countryIso2":"LA","countryName":"Laos","hotelRating":"1","latitude":"0","longitude":"0","state_id":null,"state_name":null,"country_id":null},{"active":false,"Giataid":"624589","cityId":null,"cityName":"Ban Thana","hotelId":624589,"hotelName":"Outhoumphone Hotel","address":"Simoungkhoun village,01000 Ban Thana,Laos","phones":"","fax":"","email":"","url":"","countryIso2":"LA","countryName":"Laos","hotelRating":"1","latitude":"19.2713","longitude":"101.703","state_id":null,"state_name":null,"country_id":null},{"active":false,"Giataid":"624977","cityId":null,"cityName":"Paksong","hotelId":624977,"hotelName":"Theo Khame Hotel","address":"Khongtayoun,15040 Ban Tayun,Champasak Province,Laos","phones":"","fax":"","email":"","url":"","countryIso2":"LA","countryName":"Laos","hotelRating":"1","latitude":"15.2432","longitude":"106.243","state_id":null,"state_name":null,"country_id":null},{"active":false,"Giataid":"680134","cityId":null,"cityName":"Vieng Xai","hotelId":680134,"hotelName":"Naxai Guesthouse 1","address":"Viengxay Village,Houaphan,Laos","phones":"","fax":"","email":"","url":"","countryIso2":"LA","countryName":"Laos","hotelRating":"1","latitude":"20.4056","longitude":"104.227","state_id":null,"state_name":null,"country_id":null},{"active":false,"Giataid":"686976","cityId":null,"cityName":"Ban Keun","hotelId":686976,"hotelName":"Dansavanh Namngum Resort","address":"168 Luang Prabang Road,Ban Muang Watha,01000 Ban Keun,Laos","phones":"+8562058275555","fax":"","email":"info@dansavanh.net","url":"http://www.dansavanh.net","countryIso2":"LA","countryName":"Laos","hotelRating":"1","latitude":"18.4317","longitude":"102.65","state_id":null,"state_name":null,"country_id":null},{"active":false,"Giataid":"731853","cityId":null,"cityName":"Vang Vieng","hotelId":731853,"hotelName":"Vang Vieng Plaza Hotel","address":"067 Ban Vieng Keo,Vang Vieng,Laos","phones":"","fax":"","email":"","url":"","countryIso2":"LA","countryName":"Laos","hotelRating":"1","latitude":"18.9226","longitude":"102.447","state_id":null,"state_name":null,"country_id":null},{"active":false,"Giataid":"734126","cityId":null,"cityName":"Pakbeng","hotelId":734126,"hotelName":"Luangsay Lodge","address":"Mekong,10000 Pakbeng,Laos","phones":"+85681212296","fax":"","email":"","url":"","countryIso2":"LA","countryName":"Laos","hotelRating":"1","latitude":"19.8932","longitude":"101.127","state_id":null,"state_name":null,"country_id":null},{"active":false,"Giataid":"744254","cityId":null,"cityName":"Vang Vieng","hotelId":744254,"hotelName":"Amari Vang Vieng","address":"Song River Road,Sawang Village,Vang Vieng City,Laos","phones":"+856235118009","fax":"+85623511999","email":"","url":"https://www.amari.com/vang-vieng/photogallery.aspx","countryIso2":"LA","countryName":"Laos","hotelRating":"1","latitude":"18.9253","longitude":"102.447","state_id":null,"state_name":null,"country_id":null},{"active":false,"Giataid":"744431","cityId":null,"cityName":"Vang Vieng","hotelId":744431,"hotelName":"Vang Vieng Garden Bungalow","address":"Viengkeo Village,Behind Wat That Temple,10001 Vang Vieng,Laos","phones":"","fax":"","email":"","url":"","countryIso2":"LA","countryName":"Laos","hotelRating":"1","latitude":"18.923","longitude":"102.446","state_id":null,"state_name":null,"country_id":null},{"active":false,"Giataid":"746215","cityId":null,"cityName":"Vang Vieng","hotelId":746215,"hotelName":"Nok Et Mika Guesthouse","address":"Ban Savang,01000 Vang Vieng,Laos","phones":"","fax":"","email":"nokmika2015@gmail.com","url":"http://www.nokmikalaos.co.nf","countryIso2":"LA","countryName":"Laos","hotelRating":"1","latitude":"18.9271","longitude":"102.447","state_id":null,"state_name":null,"country_id":null},{"active":false,"Giataid":"748696","cityId":null,"cityName":"Pakbeng","hotelId":748696,"hotelName":"Le Grand Pakbeng Resort","address":"Ban Donkham,Pakbeng,Pakbeng District,Oudomxay Province,Laos","phones":"+856305739852","fax":"","email":"booking@legrandpakbeng.com","url":"http://www.legrandpakbeng.com","countryIso2":"LA","countryName":"Laos","hotelRating":"1","latitude":"19.8932","longitude":"101.127","state_id":null,"state_name":null,"country_id":null},{"active":false,"Giataid":"754765","cityId":null,"cityName":"Vang Vieng","hotelId":754765,"hotelName":"Kong Resort","address":"Tham Poukham Road,Huiy Yae Village,Vang Vieng,Laos","phones":"","fax":"","email":"","url":"","countryIso2":"LA","countryName":"Laos","hotelRating":"1","latitude":"18.923","longitude":"102.446","state_id":null,"state_name":null,"country_id":null},{"active":false,"Giataid":"795517","cityId":null,"cityName":"Vang Vieng","hotelId":795517,"hotelName":"Outland Hostel","address":"149 Ban Muang Son,01000 Vang Vieng,Laos","phones":"","fax":"","email":"","url":"","countryIso2":"LA","countryName":"Laos","hotelRating":"1","latitude":"18.923","longitude":"102.446","state_id":null,"state_name":null,"country_id":null},{"active":false,"Giataid":"796927","cityId":null,"cityName":"Vang Vieng","hotelId":796927,"hotelName":"Happy Resort","address":"Muang Song Road,Ban Muangsong,Vang Vieng,Laos","phones":"","fax":"","email":"","url":"","countryIso2":"LA","countryName":"Laos","hotelRating":"1","latitude":"18.923","longitude":"102.446","state_id":null,"state_name":null,"country_id":null},{"active":false,"Giataid":"798589","cityId":null,"cityName":"Vang Vieng","hotelId":798589,"hotelName":"Riverside Garden Bungalows","address":"Behind Wat Thad Temple,Ban Phoudindeng,01000 Vang Vieng,Laos","phones":"","fax":"","email":"","url":"","countryIso2":"LA","countryName":"Laos","hotelRating":"1","latitude":"18.923","longitude":"102.446","state_id":null,"state_name":null,"country_id":null},{"active":false,"Giataid":"798603","cityId":null,"cityName":"Vang Vieng","hotelId":798603,"hotelName":"Real Backpackers Hostel Vang Vieng 2","address":"Kangmuong Street,10001 Vang Vieng,Laos","phones":"","fax":"","email":"","url":"","countryIso2":"LA","countryName":"Laos","hotelRating":"1","latitude":"18.923","longitude":"102.446","state_id":null,"state_name":null,"country_id":null},{"active":false,"Giataid":"799914","cityId":null,"cityName":"Vang Vieng","hotelId":799914,"hotelName":"Sabaidee Hotel","address":"06000 Vang Vieng,Laos","phones":"","fax":"","email":"","url":"","countryIso2":"LA","countryName":"Laos","hotelRating":"1","latitude":"18.923","longitude":"102.446","state_id":null,"state_name":null,"country_id":null},{"active":false,"Giataid":"807990","cityId":null,"cityName":"Vang Vieng","hotelId":807990,"hotelName":"Vang Vieng Centralpark Hotel","address":"Ban Viengkeo,Vang Vieng,Laos","phones":"+85623511781","fax":"","email":"infovangviengcentralparkhotel@gmail.com","url":"http://vangviengcentralparkhotel.com","countryIso2":"LA","countryName":"Laos","hotelRating":"1","latitude":"18.923","longitude":"102.446","state_id":null,"state_name":null,"country_id":null},{"active":false,"Giataid":"810657","cityId":null,"cityName":"Vang Vieng","hotelId":810657,"hotelName":"Green View Resort","address":"13 Road,Ban Tha Heua,Vang Vieng,Laos","phones":"","fax":"","email":"green-view-resort@outlook.com","url":"http://www.greenviewresort-laos.com","countryIso2":"LA","countryName":"Laos","hotelRating":"1","latitude":"18.7679","longitude":"102.511","state_id":null,"state_name":null,"country_id":null},{"active":false,"Giataid":"817649","cityId":null,"cityName":"Vang Vieng","hotelId":817649,"hotelName":"Moradok 2 Resort","address":"Ban Houay Sangoua,Hatsala,01000 Vang Vieng,Laos","phones":"+85623511488","fax":"","email":"moradok2003@yahoo.com","url":"http://www.moradok2resort-vangvieng.com","countryIso2":"LA","countryName":"Laos","hotelRating":"1","latitude":"18.9375","longitude":"102.445","state_id":null,"state_name":null,"country_id":null},{"active":false,"Giataid":"818251","cityId":null,"cityName":"Pakbeng","hotelId":818251,"hotelName":"Luang Say Lodge","address":"Luang Say Lodge,10000 Pakbeng,Laos","phones":"","fax":"","email":"","url":"","countryIso2":"LA","countryName":"Laos","hotelRating":"1","latitude":"19.8932","longitude":"101.127","state_id":null,"state_name":null,"country_id":null},{"active":false,"Giataid":"820371","cityId":null,"cityName":"Vang Vieng","hotelId":820371,"hotelName":"Bearlinbungalow","address":"Houiyea Village,Vangvieng District,10001 Vang Vieng,Laos","phones":"","fax":"","email":"","url":"","countryIso2":"LA","countryName":"Laos","hotelRating":"1","latitude":"18.923","longitude":"102.446","state_id":null,"state_name":null,"country_id":null},{"active":false,"Giataid":"821450","cityId":null,"cityName":"Vang Vieng","hotelId":821450,"hotelName":"CliffView Riverside Bungalows","address":"Ban Savang,Vang Vieng Riverfront,Vang Vieng,Laos","phones":"","fax":"","email":"","url":"","countryIso2":"LA","countryName":"Laos","hotelRating":"1","latitude":"18.923","longitude":"102.446","state_id":null,"state_name":null,"country_id":null},{"active":false,"Giataid":"822954","cityId":null,"cityName":"Vang Vieng","hotelId":822954,"hotelName":"Mountain View Resort","address":"13,Vang Vieng,Laos","phones":"","fax":"","email":"","url":"","countryIso2":"LA","countryName":"Laos","hotelRating":"1","latitude":"18.923","longitude":"102.446","state_id":null,"state_name":null,"country_id":null},{"active":false,"Giataid":"824052","cityId":null,"cityName":"Vang Vieng","hotelId":824052,"hotelName":"Elephant Adventure Village","address":"Ban Savang,01000 Vang Vieng,Vientiane Province,Laos","phones":"","fax":"","email":"contact@elephantadventurevillage.com","url":"http://www.elephantadventurevillage.com/","countryIso2":"LA","countryName":"Laos","hotelRating":"1","latitude":"18.923","longitude":"102.446","state_id":null,"state_name":null,"country_id":null},{"active":false,"Giataid":"854920","cityId":null,"cityName":"Vang Vieng","hotelId":854920,"hotelName":"Eden De Vang Vieng Hotel","address":"Namsong Road,Viengkeo Village,Vang Vieng,Laos","phones":"","fax":"","email":"","url":"","countryIso2":"LA","countryName":"Laos","hotelRating":"1","latitude":"17.9655","longitude":"102.609","state_id":null,"state_name":null,"country_id":null},{"active":false,"Giataid":"519932","cityId":null,"cityName":"Vang Vieng","hotelId":10043556,"hotelName":"Villa Nam Song","address":"Ban Vieng Keo,Vang Vieng District,Vientiane Province,Laos","phones":"+85623511637","fax":"","email":"","url":"","countryIso2":"LA","countryName":"Laos","hotelRating":"3","latitude":"18.923","longitude":"102.446","state_id":null,"state_name":null,"country_id":null},{"active":false,"Giataid":"421112","cityId":null,"cityName":"Vang Vieng","hotelId":10047857,"hotelName":"Riverside Boutique Resort","address":"Ban Viengkeo,Vang Vieng,Vientiane Province,Laos","phones":"+856235117268","fax":"","email":"","url":"","countryIso2":"LA","countryName":"Laos","hotelRating":"4","latitude":"18.9206","longitude":"102.445","state_id":null,"state_name":null,"country_id":null},{"active":false,"Giataid":"421111","cityId":null,"cityName":"Vang Vieng","hotelId":10060599,"hotelName":"Vieng Tara Villa","address":"111 Vang Vieng,82995 Vientiane,Laos","phones":"","fax":"","email":"","url":"","countryIso2":"LA","countryName":"Laos","hotelRating":"3","latitude":"18.9212","longitude":"102.442","state_id":null,"state_name":null,"country_id":null},{"active":false,"Giataid":"549463","cityId":null,"cityName":"Ban Keun","hotelId":10072263,"hotelName":"Vansana Nam Ngum Resort","address":"Thoulakhom District,Kenue Kang,Ban Keun,Vientiane Province,Laos","phones":"+85623241162","fax":"","email":"","url":"","countryIso2":"LA","countryName":"Laos","hotelRating":"3","latitude":"18.3626","longitude":"102.572","state_id":null,"state_name":null,"country_id":null},{"active":false,"Giataid":"467001","cityId":null,"cityName":"Phonsavan","hotelId":10072486,"hotelName":"Vansana Plain Of Jars Hotel","address":"Ban Phonesavanh,Xieng Khuang Province,Laos","phones":"+85661213170","fax":"","email":"","url":"","countryIso2":"LA","countryName":"Laos","hotelRating":"3","latitude":"19.4576","longitude":"103.211","state_id":null,"state_name":null,"country_id":null},{"active":false,"Giataid":"467139","cityId":null,"cityName":"Vang Vieng","hotelId":10091580,"hotelName":"Malany Hotel","address":"Insan Road,Savang Village,Vang Vieng,Vang Vieng District,Laos","phones":"NULL","fax":"NULL","email":"NULL","url":"NULL","countryIso2":"LA","countryName":"Laos","hotelRating":"2","latitude":"18.9247","longitude":"102.449","state_id":null,"state_name":null,"country_id":null},{"active":false,"Giataid":"522741","cityId":null,"cityName":"Vang Vieng","hotelId":10091587,"hotelName":"Malany Villa 1","address":"Savang Village,Vientaine,01000 Vang Vieng,Laos","phones":"NULL","fax":"NULL","email":"NULL","url":"NULL","countryIso2":"LA","countryName":"Laos","hotelRating":"2","latitude":"18.925","longitude":"102.449","state_id":null,"state_name":null,"country_id":null},{"active":false,"Giataid":"467299","cityId":null,"cityName":"Vang Vieng","hotelId":10091592,"hotelName":"Malany Villa 2","address":"Savang Village,Vangvieng,Vientiane,Laos","phones":"NULL","fax":"NULL","email":"NULL","url":"NULL","countryIso2":"LA","countryName":"Laos","hotelRating":"2","latitude":"18.925","longitude":"102.449","state_id":null,"state_name":null,"country_id":null},{"active":false,"Giataid":"522414","cityId":null,"cityName":"Vang Vieng","hotelId":10092698,"hotelName":"Silver Naga Hotel","address":"Nam Song Riverside,Ban Savang,00023 Vang Vieng,Vientiane Province,Laos","phones":"+85623511822","fax":"NULL","email":"NULL","url":"NULL","countryIso2":"LA","countryName":"Laos","hotelRating":"3","latitude":"18.9228","longitude":"102.446","state_id":null,"state_name":null,"country_id":null},{"active":false,"Giataid":"476214","cityId":null,"cityName":"Vang Vieng","hotelId":10096715,"hotelName":"The Grand Riverside Hotel","address":"Ban Muangsong,85623 Vang Vieng,Laos","phones":"NULL","fax":"NULL","email":"NULL","url":"NULL","countryIso2":"LA","countryName":"Laos","hotelRating":"3","latitude":"18.918","longitude":"102.444","state_id":null,"state_name":null,"country_id":null},{"active":false,"Giataid":"637768","cityId":null,"cityName":"Vang Vieng","hotelId":10101543,"hotelName":"Vang Vieng Boutique Hotel","address":"Ban Viengkeo,Vang Vieng,Laos","phones":"+85623511108","fax":"NULL","email":"NULL","url":"NULL","countryIso2":"LA","countryName":"Laos","hotelRating":"3","latitude":"18.9223","longitude":"102.449","state_id":null,"state_name":null,"country_id":null},{"active":false,"Giataid":"420400","cityId":null,"cityName":"Vang Vieng","hotelId":10101548,"hotelName":"Vansana Vang Vieng Hotel","address":"Ban Sysavang,Vang Vieng District,Laos","phones":"+856235115989","fax":"NULL","email":"NULL","url":"NULL","countryIso2":"LA","countryName":"Laos","hotelRating":"3","latitude":"18.9248","longitude":"102.446","state_id":null,"state_name":null,"country_id":null},{"active":false,"Giataid":"510303","cityId":null,"cityName":"Vang Vieng","hotelId":10102529,"hotelName":"Phou Ang Kham 2 Hotel","address":"Soy-Kang road,Ban Savang,01000 Vang Vieng,Laos","phones":"NULL","fax":"NULL","email":"NULL","url":"NULL","countryIso2":"LA","countryName":"Laos","hotelRating":"3","latitude":"18.9252","longitude":"102.448","state_id":null,"state_name":null,"country_id":null},{"active":false,"Giataid":"467062","cityId":null,"cityName":"Vang Vieng","hotelId":10114742,"hotelName":"Champalao The Villa","address":"Namsong River Street,Ban Vangvieng,Vang Vieng,Laos","phones":"+8562055018501","fax":"NULL","email":"NULL","url":"NULL","countryIso2":"LA","countryName":"Laos","hotelRating":"2","latitude":"18.9291","longitude":"102.448","state_id":null,"state_name":null,"country_id":null},{"active":false,"Giataid":"454107","cityId":null,"cityName":"Vang Vieng","hotelId":10128611,"hotelName":"Laos Haven Hotel & Spa","address":"47 Main Road,Vieng Keo Village,01000 Van Vieng,Laos","phones":"+85623511900","fax":"NULL","email":"NULL","url":"NULL","countryIso2":"LA","countryName":"Laos","hotelRating":"3","latitude":"18.9215","longitude":"102.448","state_id":null,"state_name":null,"country_id":null},{"active":false,"Giataid":"642528","cityId":null,"cityName":"Pakbeng","hotelId":20000122,"hotelName":"Pakbeng Guesthouse","address":"Main Street From,Pakbeng,Oudomxai,Laos","phones":"","fax":"","email":"","url":"","countryIso2":"LA","countryName":"Laos","hotelRating":"0","latitude":"19.8932","longitude":"101.126","state_id":null,"state_name":null,"country_id":null},{"active":false,"Giataid":"668466","cityId":null,"cityName":"Vang Vieng","hotelId":20000160,"hotelName":"Backpacker Riverside Guesthouse","address":"Ban Savang,Vang Vieng 01000,Laos","phones":"","fax":"","email":"","url":"","countryIso2":"LA","countryName":"Laos","hotelRating":"0","latitude":"18.9275","longitude":"102.446","state_id":null,"state_name":null,"country_id":null},{"active":false,"Giataid":"515990","cityId":null,"cityName":"Vang Vieng","hotelId":20000166,"hotelName":"Villa Vang Vieng Riverside","address":"Ban Viengkeo,01160 Vang Vieng,Laos","phones":"","fax":"","email":"","url":"http://www.villavangvieng.com/","countryIso2":"LA","countryName":"Laos","hotelRating":"3","latitude":"18.92","longitude":"102.446","state_id":null,"state_name":null,"country_id":null},{"active":false,"Giataid":"669048","cityId":null,"cityName":"Vang Vieng","hotelId":20000224,"hotelName":"Otherside Bungalow","address":"Ban Savang,Riverfront,Vang Vieng,Laos","phones":"","fax":"","email":"","url":"","countryIso2":"LA","countryName":"Laos","hotelRating":"2","latitude":"18.926","longitude":"102.445","state_id":null,"state_name":null,"country_id":null},{"active":false,"Giataid":"515375","cityId":null,"cityName":"Vang Vieng","hotelId":20000233,"hotelName":"Jammee Guesthouse","address":"Ban Meung Song,01000 Vang Vieng,Laos","phones":"","fax":"","email":"jammeeguesthouse@hotmail.com","url":"http://www.jammeeguesthouse.com/","countryIso2":"LA","countryName":"Laos","hotelRating":"2","latitude":"18.9168","longitude":"102.446","state_id":null,"state_name":null,"country_id":null},{"active":false,"Giataid":"515325","cityId":null,"cityName":"Vang Vieng","hotelId":20000247,"hotelName":"Popular View Guesthouse","address":"93/7 Riverside road,Ban Savang,Vangvieng District,Laos","phones":"+85623511435","fax":"","email":"info@popularviewguesthouse.com","url":"http://www.popularviewguesthouse.com/","countryIso2":"LA","countryName":"Laos","hotelRating":"2","latitude":"18.9264","longitude":"102.446","state_id":null,"state_name":null,"country_id":null},{"active":false,"Giataid":"598719","cityId":null,"cityName":"Vang Vieng","hotelId":20000276,"hotelName":"Sanctuary Nam Ngum Beach Resor","address":"13 North Road,Ban Tha Heua,Vang Vieng BP 365,Laos","phones":"+856307776988","fax":"","email":"reservation.namngum@sanctuaryhotelsandresorts.com","url":"http://www.sanctuaryhotelsandresorts.com/english/main/vang-vieng-hotel/about","countryIso2":"LA","countryName":"Laos","hotelRating":"3","latitude":"18.7792","longitude":"102.513","state_id":null,"state_name":null,"country_id":null},{"active":false,"Giataid":"515367","cityId":null,"cityName":"Vang Vieng","hotelId":20000289,"hotelName":"Vangvieng Eco Lodge","address":"Viengsamai Village,01000 Vang Vieng,Laos","phones":"+856309370559","fax":"","email":"vangvieng_eco_lodge@hotmail.com","url":"http://www.vangvieng-eco-lodge.com","countryIso2":"LA","countryName":"Laos","hotelRating":"2","latitude":"18.923","longitude":"102.446","state_id":null,"state_name":null,"country_id":null},{"active":false,"Giataid":"649691","cityId":null,"cityName":"Vang Vieng","hotelId":20000302,"hotelName":"Grand View Guesthouse","address":"Ban Savang,Vang Vieng,Laos","phones":"+85623511474","fax":"","email":"grandviewguesthouses@gmail.com","url":"http://www.grandviewguesthouse.net","countryIso2":"LA","countryName":"Laos","hotelRating":"0","latitude":"18.9266","longitude":"102.447","state_id":null,"state_name":null,"country_id":null},{"active":false,"Giataid":"711888","cityId":null,"cityName":"Pakbeng","hotelId":20000401,"hotelName":"Duang Pasert Guest House","address":"on the Main Street,Pakbeng,Luang Prabang,Laos","phones":"+85681212624","fax":"","email":"info@duangpasert.com.com","url":"http://www.duangpasert.com","countryIso2":"LA","countryName":"Laos","hotelRating":"0","latitude":"19.8934","longitude":"101.13","state_id":null,"state_name":null,"country_id":null},{"active":false,"Giataid":"534497","cityId":null,"cityName":"Vang Vieng","hotelId":20000425,"hotelName":"Abby Boutique Guesthouse","address":"Sengsavang,Vang Vieng,Laos","phones":"","fax":"","email":"","url":"","countryIso2":"LA","countryName":"Laos","hotelRating":"0","latitude":"18.9277","longitude":"102.447","state_id":null,"state_name":null,"country_id":null},{"active":false,"Giataid":"623311","cityId":null,"cityName":"Vang Vieng","hotelId":20000450,"hotelName":"Phubarn Inn","address":"Ban Savang,Vangvieng District,7778 Vang Vieng,Laos","phones":"+85623511036","fax":"","email":"","url":"","countryIso2":"LA","countryName":"Laos","hotelRating":"0","latitude":"18.9252","longitude":"102.447","state_id":null,"state_name":null,"country_id":null},{"active":false,"Giataid":"491962","cityId":null,"cityName":"Vang Vieng","hotelId":20000517,"hotelName":"Savanh Villa View","address":"Vangvieng Village,Vang Vieng,Laos","phones":"","fax":"","email":"","url":"","countryIso2":"LA","countryName":"Laos","hotelRating":"2","latitude":"18.9235","longitude":"102.448","state_id":null,"state_name":null,"country_id":null},{"active":false,"Giataid":"623432","cityId":null,"cityName":"Vang Vieng","hotelId":20000611,"hotelName":"Khampaseuth Hotel","address":"13 North Road,Ban Huay Saghao,Huay Sa Ngao Village,Vang Vieng,Laos","phones":"","fax":"","email":"","url":"","countryIso2":"LA","countryName":"Laos","hotelRating":"3","latitude":"18.9362","longitude":"102.449","state_id":null,"state_name":null,"country_id":null},{"active":false,"Giataid":"491439","cityId":null,"cityName":"Vang Vieng","hotelId":20002596,"hotelName":"Thavisouk Riverside Hotel","address":"Ban MuengXong,Vang Vieng,Laos","phones":"","fax":"","email":"","url":"","countryIso2":"LA","countryName":"Laos","hotelRating":"3","latitude":"18.9189","longitude":"102.446","state_id":null,"state_name":null,"country_id":null},{"active":false,"Giataid":"712674","cityId":null,"cityName":"Vang Vieng","hotelId":20002833,"hotelName":"Vang Vieng Backpackers Hostel","address":"Ban Viengkeo,PO Box 360,Vang Vieng,Vientiane Province,Laos","phones":"","fax":"","email":"infovangviengbackpackershostel@gmail.com","url":"","countryIso2":"LA","countryName":"Laos","hotelRating":"0","latitude":"18.923","longitude":"102.446","state_id":null,"state_name":null,"country_id":null},{"active":false,"Giataid":"550869","cityId":null,"cityName":"Vang Vieng","hotelId":20004112,"hotelName":"Mountain View Riverside Boutique Hotel","address":"Old Market River Side Road,Viengkeo,01000 Vang Vieng,Laos","phones":"","fax":"","email":"","url":"","countryIso2":"LA","countryName":"Laos","hotelRating":"2","latitude":"18.9284","longitude":"102.448","state_id":null,"state_name":null,"country_id":null},{"active":false,"Giataid":"663224","cityId":null,"cityName":"Vang Vieng","hotelId":20004550,"hotelName":"Vang Vieng Rock Backpacker Hostel","address":"Main Road,Vang Vieng Center,85620 Vang Vieng,Laos","phones":"","fax":"","email":"","url":"","countryIso2":"LA","countryName":"Laos","hotelRating":"0","latitude":"18.9286","longitude":"102.449","state_id":null,"state_name":null,"country_id":null},{"active":false,"Giataid":"534684","cityId":null,"cityName":"Ban Khone","hotelId":20005180,"hotelName":"Sengahloune Villa","address":"Ban Don Khone,Don Khong District,01000 Ban Khon,Laos","phones":"+8562055831399","fax":"","email":"Sengahloune@hotmail.com","url":"http://www.sengahlounevilla.com/","countryIso2":"LA","countryName":"Laos","hotelRating":"2","latitude":"13.9652","longitude":"105.924","state_id":null,"state_name":null,"country_id":null},{"active":false,"Giataid":"467729","cityId":null,"cityName":"Vang Vieng","hotelId":20005703,"hotelName":"Savanh Vangvieng Hotel","address":"Ban Viengkeo,01000 Vangvieng,Laos","phones":"+85623511716","fax":"+85623511717","email":"savanhvangvienghotel@gmail.com","url":"http://www.savanhvangvienghotel.com/","countryIso2":"LA","countryName":"Laos","hotelRating":"3","latitude":"18.9213","longitude":"102.448","state_id":null,"state_name":null,"country_id":null},{"active":false,"Giataid":"665562","cityId":null,"cityName":"Vang Vieng","hotelId":20006082,"hotelName":"Vangvieng Resort","address":"Ban Muang Song,Tham Chang,Vang Vieng,Laos","phones":"","fax":"","email":"","url":"","countryIso2":"LA","countryName":"Laos","hotelRating":"0","latitude":"18.9126","longitude":"102.443","state_id":null,"state_name":null,"country_id":null},{"active":false,"Giataid":"298670","cityId":null,"cityName":"Pakbeng","hotelId":20007672,"hotelName":"Monsavanh Guesthouse","address":"Main Street,Pakbeng,Laos,Laos","phones":"+85681212619","fax":"","email":"","url":"","countryIso2":"LA","countryName":"Laos","hotelRating":"0","latitude":"19.8932","longitude":"101.127","state_id":null,"state_name":null,"country_id":null},{"active":false,"Giataid":"622362","cityId":null,"cityName":"Vang Vieng","hotelId":20013114,"hotelName":"RoungNakhon Hotel","address":"Ban Savang Village,01000 Vang Vieng,Laos","phones":"+856309649762","fax":"","email":"roung.nakhonevv@gmail.com","url":"http://roungnakhon-hotel-laos.com","countryIso2":"LA","countryName":"Laos","hotelRating":"3","latitude":"18.9266","longitude":"102.447","state_id":null,"state_name":null,"country_id":null},{"active":false,"Giataid":"709837","cityId":null,"cityName":"Vang Vieng","hotelId":20014954,"hotelName":"Army Barracks Hostel","address":"Main Road,00856 Vang Vieng,Laos","phones":"","fax":"","email":"","url":"","countryIso2":"LA","countryName":"Laos","hotelRating":"0","latitude":"18.923","longitude":"102.446","state_id":null,"state_name":null,"country_id":null},{"active":false,"Giataid":"660688","cityId":null,"cityName":"Vang Vieng","hotelId":20020158,"hotelName":"Salikanya Guesthouse","address":"Ban Huysahao,01000 Vang Vieng,Laos","phones":"","fax":"","email":"","url":"","countryIso2":"LA","countryName":"Laos","hotelRating":"0","latitude":"18.9435","longitude":"102.443","state_id":null,"state_name":null,"country_id":null},{"active":false,"Giataid":"672866","cityId":null,"cityName":"Vang Vieng","hotelId":20020360,"hotelName":"Real Vang Vieng Backpacker Hostel","address":"Kangmuong Street,Viengkeao,01000 Vang Vieng,Laos","phones":"+8562097708296","fax":"","email":"","url":"","countryIso2":"LA","countryName":"Laos","hotelRating":"2","latitude":"18.9253","longitude":"102.448","state_id":null,"state_name":null,"country_id":null},{"active":false,"Giataid":"623825","cityId":null,"cityName":"Pakbeng","hotelId":20022230,"hotelName":"Mekong Riverside Lodge","address":"Pakbeng 2,Muang Pakbeng 01000,Laos","phones":"","fax":"","email":"gm@mekongriversidelodge.com","url":"http://www.mekongriversidelodge.com","countryIso2":"LA","countryName":"Laos","hotelRating":"0","latitude":"19.8922","longitude":"101.129","state_id":null,"state_name":null,"country_id":null},{"active":false,"Giataid":"473557","cityId":null,"cityName":"Don Det","hotelId":20022411,"hotelName":"BABA Guesthouse","address":"Ban Dondet,01000 Don Det,Laos","phones":"","fax":"","email":"","url":"","countryIso2":"LA","countryName":"Laos","hotelRating":"2","latitude":"13.9857","longitude":"105.915","state_id":null,"state_name":null,"country_id":null},{"active":false,"Giataid":"669038","cityId":null,"cityName":"Vang Vieng","hotelId":20022606,"hotelName":"Vang Vieng Paradise Hotel","address":"Nam Song River Street,Viengkeo,Vang Vieng,Laos","phones":"","fax":"","email":"","url":"","countryIso2":"LA","countryName":"Laos","hotelRating":"1","latitude":"18.9257","longitude":"102.448","state_id":null,"state_name":null,"country_id":null},{"active":false,"Giataid":"566935","cityId":null,"cityName":"Vang Vieng","hotelId":20022994,"hotelName":"Vang Vieng Orchid Guesthouse","address":"Ban Savang,Vang Vieng,Laos","phones":"+85623511172","fax":"","email":"","url":"http://www.vangviengorchidguesthouse.com/","countryIso2":"LA","countryName":"Laos","hotelRating":"2","latitude":"18.923","longitude":"102.446","state_id":null,"state_name":null,"country_id":null},{"active":false,"Giataid":"536790","cityId":null,"cityName":"Vang Vieng","hotelId":20023054,"hotelName":"Keosimoon Guesthouse","address":"13 Vang Vieng Road,Baan Phudindeang,Vang Vieng,Laos","phones":"","fax":"","email":"","url":"","countryIso2":"LA","countryName":"Laos","hotelRating":"0","latitude":"18.9336","longitude":"102.448","state_id":null,"state_name":null,"country_id":null},{"active":false,"Giataid":"518846","cityId":null,"cityName":"Vang Vieng","hotelId":20023484,"hotelName":"Domon Guesthouse","address":"Savang Village,01000 Vang Vieng Riverfront,Laos","phones":"","fax":"","email":"","url":"http://www.domonguesthouse.com","countryIso2":"LA","countryName":"Laos","hotelRating":"2","latitude":"18.9271","longitude":"102.447","state_id":null,"state_name":null,"country_id":null},{"active":false,"Giataid":"711864","cityId":null,"cityName":"Vang Vieng","hotelId":20024831,"hotelName":"Savanh Sunset View Resort","address":"Muang Song Village,Vang Vieng District,Vientiane Province,Laos","phones":"+856305612888","fax":"","email":"info@savanhsunsetviewresort.net","url":"https://savanhsunsetviewresort.net","countryIso2":"LA","countryName":"Laos","hotelRating":"0","latitude":"18.9143","longitude":"102.448","state_id":null,"state_name":null,"country_id":null},{"active":false,"Giataid":"515372","cityId":null,"cityName":"Vang Vieng","hotelId":20026516,"hotelName":"Viengsavanh Guest House","address":"Kang Meuang Road,Viengkeo Village,01000 Vang Vieng,Laos","phones":"","fax":"","email":"","url":"","countryIso2":"LA","countryName":"Laos","hotelRating":"2","latitude":"18.9234","longitude":"102.448","state_id":null,"state_name":null,"country_id":null},{"active":false,"Giataid":"709202","cityId":null,"cityName":"Vang Vieng","hotelId":20027258,"hotelName":"Phoxay Ngam Resort","address":"13 North Highway,Baan Phoxay,10728 Vang Vieng,Laos","phones":"","fax":"","email":"","url":"","countryIso2":"LA","countryName":"Laos","hotelRating":"0","latitude":"19.0058","longitude":"102.448","state_id":null,"state_name":null,"country_id":null},{"active":false,"Giataid":"468448","cityId":null,"cityName":"Ban Hai","hotelId":20028201,"hotelName":"Bouavanh Hotel","address":"13 Southern Road,Ban Rai,Pak Ngum,01000 Ban Hai,Laos","phones":"","fax":"","email":"","url":"","countryIso2":"LA","countryName":"Laos","hotelRating":"1","latitude":"18.1752","longitude":"103.058","state_id":null,"state_name":null,"country_id":null},{"active":false,"Giataid":"468448","cityId":null,"cityName":"Ban Hai","hotelId":20028201,"hotelName":"Bouavanh Hotel","address":"13 Southern Road,Ban Rai,Pak Ngum,01000 Ban Hai,Laos","phones":"","fax":"","email":"","url":"","countryIso2":"LA","countryName":"Laos","hotelRating":"1","latitude":"18.1752","longitude":"103.058","state_id":null,"state_name":null,"country_id":null},{"active":false,"Giataid":"530175","cityId":null,"cityName":"Vang Vieng","hotelId":20031113,"hotelName":"Maylay Guesthouse","address":"Sengsavang,Vang Vieng,Laos","phones":"","fax":"","email":"","url":"","countryIso2":"LA","countryName":"Laos","hotelRating":"2","latitude":"18.9267","longitude":"102.447","state_id":null,"state_name":null,"country_id":null},{"active":false,"Giataid":"468072","cityId":null,"cityName":"Ban Khone","hotelId":20347073,"hotelName":"Sala Done Khone Hotel","address":"No. 09 Unit 01 Ban Khone Village,,Khong District, Champassak Province, Lao,Laos","phones":"+85631260940","fax":"","email":"saladonekhone@gmail.com","url":"http://www.salalaoboutique.com","countryIso2":"LA","countryName":"Laos","hotelRating":"2","latitude":"13.9668","longitude":"105.926","state_id":null,"state_name":null,"country_id":null},{"active":false,"Giataid":"795518","cityId":null,"cityName":"Ban Thana","hotelId":20347077,"hotelName":"Phonephailin Hotel","address":"Ban Thana,Sayaboury,Laos","phones":"","fax":"","email":"","url":"","countryIso2":"LA","countryName":"Laos","hotelRating":"0","latitude":"19.2794","longitude":"101.703","state_id":null,"state_name":null,"country_id":null},{"active":false,"Giataid":"534645","cityId":null,"cityName":"Huay Xai","hotelId":20347082,"hotelName":"Wangview Hotel","address":"Ban Huay Xai Tai,01000 Ban Houayxay,Laos,Bok?o,Laos","phones":"+85684211369","fax":"","email":"wangviewhotels@gmail.com","url":"http://www.wangviewhotel.com","countryIso2":"LA","countryName":"Laos","hotelRating":"3","latitude":"20.2599","longitude":"100.417","state_id":null,"state_name":null,"country_id":null},{"active":false,"Giataid":"796035","cityId":null,"cityName":"Huay Xai","hotelId":20347083,"hotelName":"Little Hostel","address":"Ban Houayxay Neau,01000 Ban Houayxay,Bokeo,Laos","phones":"","fax":"","email":"","url":"http://littlehostel.wordpress.com/","countryIso2":"LA","countryName":"Laos","hotelRating":"0","latitude":"20.2691","longitude":"100.419","state_id":null,"state_name":null,"country_id":null},{"active":false,"Giataid":"796592","cityId":null,"cityName":"Huay Xai","hotelId":20347084,"hotelName":"Slow Boat Guesthouse","address":"Khonkeo Village,Huay Xai,Bokeo Province,Laos","phones":"","fax":"","email":"","url":"","countryIso2":"LA","countryName":"Laos","hotelRating":"0","latitude":"20.2691","longitude":"100.419","state_id":null,"state_name":null,"country_id":null},{"active":false,"Giataid":"803295","cityId":null,"cityName":"Huay Xai","hotelId":20347085,"hotelName":"Senghom Resort","address":"Ban Oudom,01000 Ban Houayxay,Laos","phones":"","fax":"","email":"","url":"","countryIso2":"LA","countryName":"Laos","hotelRating":"0","latitude":"20.2593","longitude":"100.441","state_id":null,"state_name":null,"country_id":null},{"active":false,"Giataid":"819354","cityId":null,"cityName":"Huay Xai","hotelId":20347086,"hotelName":"Oudomsin Hotel","address":"01000 Huayxay,Bokeo,Laos","phones":"","fax":"","email":"","url":"","countryIso2":"LA","countryName":"Laos","hotelRating":"0","latitude":"20.2759","longitude":"100.414","state_id":null,"state_name":null,"country_id":null},{"active":false,"Giataid":"467408","cityId":null,"cityName":"Xieng Khouang","hotelId":20347090,"hotelName":"Duangkeomany Hotel","address":"Ban Phonsa ath tai, Paek district,Xieng Khouang,Laos","phones":"","fax":"","email":"","url":"","countryIso2":"LA","countryName":"Laos","hotelRating":"3","latitude":"19.45","longitude":"103.193","state_id":null,"state_name":null,"country_id":null},{"active":false,"Giataid":"709799","cityId":null,"cityName":"Muang Pakxan","hotelId":20347094,"hotelName":"Moukda Muen Luesha Resort","address":"Ban Thaphabath,01000 Paksan,Bolikhamxay,Laos","phones":"","fax":"","email":"","url":"","countryIso2":"LA","countryName":"Laos","hotelRating":"0","latitude":"18.4266","longitude":"103.273","state_id":null,"state_name":null,"country_id":null},{"active":false,"Giataid":"817388","cityId":null,"cityName":"Muang Pakxan","hotelId":20347095,"hotelName":"Saeng Houng Heuang Hotel 2","address":"13 Phosri village,Muang Pakxan,Bolikhamxay,01000 Muang Pakxan,Laos","phones":"","fax":"","email":"","url":"","countryIso2":"LA","countryName":"Laos","hotelRating":"0","latitude":"18.3961","longitude":"103.643","state_id":null,"state_name":null,"country_id":null},{"active":false,"Giataid":"817402","cityId":null,"cityName":"Muang Pakxan","hotelId":20347096,"hotelName":"Dokchampa Hotel","address":"Anousonexay,Paksan District,Bolikhamxay Province,01000 Ban Si Wi Lai,Laos","phones":"","fax":"","email":"","url":"","countryIso2":"LA","countryName":"Laos","hotelRating":"0","latitude":"18.3961","longitude":"103.643","state_id":null,"state_name":null,"country_id":null},{"active":false,"Giataid":"820356","cityId":null,"cityName":"Muang Pakxan","hotelId":20347097,"hotelName":"Vong Deuan Hotel","address":"Anousonexay Village,01000 Muang Pakxan,Pakxan District,Bolikhamxay Provicne,Laos","phones":"","fax":"","email":"","url":"","countryIso2":"LA","countryName":"Laos","hotelRating":"0","latitude":"18.3961","longitude":"103.643","state_id":null,"state_name":null,"country_id":null},{"active":false,"Giataid":"819351","cityId":null,"cityName":"Paksong","hotelId":20347110,"hotelName":"Falls View Resort Tad E-Tu","address":"Baan km 35,Ban E-Tu,Paksong,Champasak Province,Laos","phones":"+8562028347766","fax":"","email":"info@etuwaterfall.com","url":"http://www.etuwaterfall.com/","countryIso2":"LA","countryName":"Laos","hotelRating":"0","latitude":"15.1929","longitude":"106.102","state_id":null,"state_name":null,"country_id":null},{"active":false,"Giataid":"741690","cityId":null,"cityName":"Paksong","hotelId":20347109,"hotelName":"Sabaidee Valley","address":"16E Road,Km 33,Paksong,Champasak,Laos","phones":"+85631219333","fax":"+85620219777","email":"","url":"http://www.sabaideevalley.com","countryIso2":"LA","countryName":"Laos","hotelRating":"0","latitude":"15.1764","longitude":"106.075","state_id":null,"state_name":null,"country_id":null},{"active":false,"Giataid":"467599","cityId":null,"cityName":"Phonsavan","hotelId":20347112,"hotelName":"Xieng Khouang hotel","address":"Highway 7,06000 Ban Ph?nsavan,Phonsavan Town,Laos","phones":"","fax":"","email":"","url":"","countryIso2":"LA","countryName":"Laos","hotelRating":"3","latitude":"19.4511","longitude":"103.216","state_id":null,"state_name":null,"country_id":null},{"active":false,"Giataid":"797654","cityId":null,"cityName":"Phonsavan","hotelId":20347113,"hotelName":"Phouluang Hotel","address":"Street of Xiangkhoang,Phonsavan,Laos","phones":"+856305561464","fax":"+856305516465","email":"","url":"http://phouluanghotel.wixsite.com/phou-luang-hotel","countryIso2":"LA","countryName":"Laos","hotelRating":"0","latitude":"19.4512","longitude":"103.213","state_id":null,"state_name":null,"country_id":null},{"active":false,"Giataid":"817706","cityId":null,"cityName":"Phonsavan","hotelId":20347114,"hotelName":"Favanhmai Hotel","address":"Ban Phonsavan Thai,Ph?nsavan,Laos","phones":"","fax":"","email":"","url":"","countryIso2":"LA","countryName":"Laos","hotelRating":"0","latitude":"19.4512","longitude":"103.213","state_id":null,"state_name":null,"country_id":null},{"active":false,"Giataid":"534470","cityId":null,"cityName":"Thalat","hotelId":20347140,"hotelName":"Long Ngum View Resort","address":"Sengsawang Road,Thalat,Laos","phones":"","fax":"","email":"","url":"","countryIso2":"LA","countryName":"Laos","hotelRating":"0","latitude":"18.523","longitude":"102.555","state_id":null,"state_name":null,"country_id":null},{"active":false,"Giataid":"880710","cityId":null,"cityName":"Ban Khone","hotelId":20347146,"hotelName":"Somphamit Guesthouse","address":"Ban Don Khon,01000 Ban Khon,Muang Khong District,Champasak,Laos","phones":"","fax":"","email":"","url":"","countryIso2":"LA","countryName":"Laos","hotelRating":"0","latitude":"13.9659","longitude":"105.925","state_id":null,"state_name":null,"country_id":null},{"active":false,"Giataid":"935441","cityId":null,"cityName":"Huay Xai","hotelId":20347159,"hotelName":"Huaysay Riverside Hotel","address":"168 Centre Road,Ban Huaysay Neua,Houayxay,Laos","phones":"","fax":"","email":"","url":"","countryIso2":"LA","countryName":"Laos","hotelRating":"0","latitude":"20.2691","longitude":"100.419","state_id":null,"state_name":null,"country_id":null},{"active":false,"Giataid":"935454","cityId":null,"cityName":"Huay Xai","hotelId":20347160,"hotelName":"Hom Pho Guesthouses","address":"Khemkong Road,05000 Huay Xai,Laos","phones":"+856305448338","fax":"","email":"homphogh@gmail.com","url":"http://www.hompho.com","countryIso2":"LA","countryName":"Laos","hotelRating":"0","latitude":"20.2691","longitude":"100.419","state_id":null,"state_name":null,"country_id":null},{"active":false,"Giataid":"879244","cityId":null,"cityName":"Muang Pakxan","hotelId":20347217,"hotelName":"Kong Kham Pheng Guesthouse","address":"Mixay Village,Paksan District,Muang Pakxan,Bolikhamxay Province,Laos","phones":"","fax":"","email":"","url":"","countryIso2":"LA","countryName":"Laos","hotelRating":"0","latitude":"18.3961","longitude":"103.643","state_id":null,"state_name":null,"country_id":null},{"active":false,"Giataid":"880649","cityId":null,"cityName":"Muang Pakxan","hotelId":20347218,"hotelName":"Manolom Guesthouse","address":"Phonexay Village,01000 Muang Pakxan,Paksan District,Bolikhamxay Province,Laos","phones":"","fax":"","email":"","url":"","countryIso2":"LA","countryName":"Laos","hotelRating":"0","latitude":"18.3961","longitude":"103.643","state_id":null,"state_name":null,"country_id":null},{"active":false,"Giataid":"880657","cityId":null,"cityName":"Muang Pakxan","hotelId":20347219,"hotelName":"Panina Guesthouse","address":"Ban Sivilay,Muang Pakxan,Laos","phones":"","fax":"","email":"","url":"","countryIso2":"LA","countryName":"Laos","hotelRating":"0","latitude":"18.3961","longitude":"103.643","state_id":null,"state_name":null,"country_id":null},{"active":false,"Giataid":"935972","cityId":null,"cityName":"Muang Pakxan","hotelId":20347220,"hotelName":"Money Sokxay Hotel","address":"Road 13,Mixay Village,Paksan,Laos","phones":"","fax":"","email":"","url":"","countryIso2":"LA","countryName":"Laos","hotelRating":"0","latitude":"18.3974","longitude":"103.66","state_id":null,"state_name":null,"country_id":null},{"active":false,"Giataid":"935983","cityId":null,"cityName":"Muang Pakxan","hotelId":20347221,"hotelName":"Viengxay Sokmongkhoun Guesthouse","address":"Ban Thong,Paksan,Laos","phones":"","fax":"","email":"","url":"","countryIso2":"LA","countryName":"Laos","hotelRating":"0","latitude":"18.3961","longitude":"103.643","state_id":null,"state_name":null,"country_id":null},{"active":false,"Giataid":"935989","cityId":null,"cityName":"Muang Pakxan","hotelId":20347222,"hotelName":"Hongsaykham Hotel","address":"Ban Hongxay,Paksan,Laos","phones":"","fax":"","email":"","url":"","countryIso2":"LA","countryName":"Laos","hotelRating":"0","latitude":"18.3961","longitude":"103.643","state_id":null,"state_name":null,"country_id":null},{"active":false,"Giataid":"935995","cityId":null,"cityName":"Muang Pakxan","hotelId":20347223,"hotelName":"Saymongkhoun Guesthouse","address":"Ban Phonxay,Nam San Riverfront,Paksan,Laos","phones":"","fax":"","email":"","url":"","countryIso2":"LA","countryName":"Laos","hotelRating":"0","latitude":"18.3961","longitude":"103.643","state_id":null,"state_name":null,"country_id":null},{"active":false,"Giataid":"936000","cityId":null,"cityName":"Muang Pakxan","hotelId":20347224,"hotelName":"Suan Mai Ketsana Guesthouse","address":"Ban Vernthat,Paksan,Laos","phones":"","fax":"","email":"","url":"","countryIso2":"LA","countryName":"Laos","hotelRating":"0","latitude":"18.3961","longitude":"103.643","state_id":null,"state_name":null,"country_id":null},{"active":false,"Giataid":"936008","cityId":null,"cityName":"Muang Pakxan","hotelId":20347225,"hotelName":"Ea Leeheng Hotel","address":"Ban Viengkham,Paksan,Laos","phones":"","fax":"","email":"","url":"","countryIso2":"LA","countryName":"Laos","hotelRating":"0","latitude":"18.3961","longitude":"103.643","state_id":null,"state_name":null,"country_id":null},{"active":false,"Giataid":"936014","cityId":null,"cityName":"Muang Pakxan","hotelId":20347226,"hotelName":"Phetpathoum Guesthouse","address":"Ban Pakkaading,Muang Pakxan,Laos","phones":"","fax":"","email":"","url":"","countryIso2":"LA","countryName":"Laos","hotelRating":"0","latitude":"18.3961","longitude":"103.643","state_id":null,"state_name":null,"country_id":null},{"active":false,"Giataid":"936027","cityId":null,"cityName":"Muang Pakxan","hotelId":20347227,"hotelName":"Phetphosy Guesthouse","address":"Ban Viengkham,Nam San Riverfront,Paksan,Laos","phones":"","fax":"","email":"","url":"","countryIso2":"LA","countryName":"Laos","hotelRating":"0","latitude":"18.3961","longitude":"103.643","state_id":null,"state_name":null,"country_id":null},{"active":false,"Giataid":"936035","cityId":null,"cityName":"Muang Pakxan","hotelId":20347228,"hotelName":"Khamphone Keokhamphan Guesthouse","address":"Ban Thangbeng,Paksan,Laos","phones":"","fax":"","email":"","url":"","countryIso2":"LA","countryName":"Laos","hotelRating":"0","latitude":"18.3961","longitude":"103.643","state_id":null,"state_name":null,"country_id":null},{"active":false,"Giataid":"936045","cityId":null,"cityName":"Muang Pakxan","hotelId":20347229,"hotelName":"Wattana Phasouk Hotel","address":"13 South Road,Paksan,Laos","phones":"","fax":"","email":"","url":"","countryIso2":"LA","countryName":"Laos","hotelRating":"0","latitude":"18.3961","longitude":"103.643","state_id":null,"state_name":null,"country_id":null},{"active":false,"Giataid":"936055","cityId":null,"cityName":"Muang Pakxan","hotelId":20347230,"hotelName":"Bouaphan Guesthouse","address":"13 South Road,Paksan,Laos","phones":"","fax":"","email":"","url":"","countryIso2":"LA","countryName":"Laos","hotelRating":"0","latitude":"18.3961","longitude":"103.643","state_id":null,"state_name":null,"country_id":null},{"active":false,"Giataid":"878786","cityId":null,"cityName":"Pakbeng","hotelId":20347253,"hotelName":"BKC Villa","address":"Pakbeng 2,01000 Pakbeng,Laos","phones":"","fax":"","email":"","url":"","countryIso2":"LA","countryName":"Laos","hotelRating":"0","latitude":"19.8923","longitude":"101.128","state_id":null,"state_name":null,"country_id":null},{"active":false,"Giataid":"880859","cityId":null,"cityName":"Pakbeng","hotelId":20347254,"hotelName":"Donevilasack Guest House","address":"Pakbeng District,06000 Pakbeng,Oudomxay Province,Laos","phones":"","fax":"","email":"","url":"","countryIso2":"LA","countryName":"Laos","hotelRating":"0","latitude":"19.8932","longitude":"101.127","state_id":null,"state_name":null,"country_id":null},{"active":false,"Giataid":"881599","cityId":null,"cityName":"Pakbeng","hotelId":20347255,"hotelName":"Phonemany Guesthouse","address":"Pakbeng 2,Ban Pakbeng,01000 Pakbeng,Laos","phones":"","fax":"","email":"","url":"","countryIso2":"LA","countryName":"Laos","hotelRating":"0","latitude":"19.8932","longitude":"101.127","state_id":null,"state_name":null,"country_id":null},{"active":false,"Giataid":"881602","cityId":null,"cityName":"Pakbeng","hotelId":20347256,"hotelName":"Phonethip Guesthouse","address":"Ban Pakbeng,06000 Pakbeng,Laos","phones":"","fax":"","email":"","url":"","countryIso2":"LA","countryName":"Laos","hotelRating":"0","latitude":"19.8932","longitude":"101.127","state_id":null,"state_name":null,"country_id":null},{"active":false,"Giataid":"889797","cityId":null,"cityName":"Pakbeng","hotelId":20347257,"hotelName":"Luang Say Cruise And Lodge","address":"Khockphadeang Village,Muang Pakbeng,Pakbeng,Oudomxay Province,Laos","phones":"+8562056449018","fax":"","email":"info@mekong-cruises.com","url":"http://www.luangsay.com","countryIso2":"LA","countryName":"Laos","hotelRating":"0","latitude":"19.8932","longitude":"101.127","state_id":null,"state_name":null,"country_id":null},{"active":false,"Giataid":"935598","cityId":null,"cityName":"Pakbeng","hotelId":20347258,"hotelName":"Phonephithak Guesthouse","address":"Ban Pakbeng 2,Pakbeng,Laos","phones":"","fax":"","email":"","url":"","countryIso2":"LA","countryName":"Laos","hotelRating":"0","latitude":"19.8932","longitude":"101.127","state_id":null,"state_name":null,"country_id":null},{"active":false,"Giataid":"935773","cityId":null,"cityName":"Pakbeng","hotelId":20347259,"hotelName":"Vatsana Guesthouse","address":"2W Ban Pakbeng,Pakbeng,Laos","phones":"","fax":"","email":"","url":"","countryIso2":"LA","countryName":"Laos","hotelRating":"0","latitude":"19.8932","longitude":"101.127","state_id":null,"state_name":null,"country_id":null},{"active":false,"Giataid":"935780","cityId":null,"cityName":"Pakbeng","hotelId":20347260,"hotelName":"Syvongsack Guesthouse","address":"2 Pakbeng,Pakbeng,Laos","phones":"","fax":"","email":"","url":"","countryIso2":"LA","countryName":"Laos","hotelRating":"0","latitude":"19.8932","longitude":"101.127","state_id":null,"state_name":null,"country_id":null},{"active":false,"Giataid":"870128","cityId":null,"cityName":"Phonsavan","hotelId":20347274,"hotelName":"Pukyo","address":"56 Saylom Village,Ban Nangoy,09000 Phonsavan,Laos","phones":"","fax":"","email":"","url":"","countryIso2":"LA","countryName":"Laos","hotelRating":"0","latitude":"19.4512","longitude":"103.213","state_id":null,"state_name":null,"country_id":null},{"active":false,"Giataid":"881682","cityId":null,"cityName":"Phonsavan","hotelId":20347275,"hotelName":"Phouviengkham Boutique Resort","address":"Ban Phonsavang,Paek District,Laos","phones":"","fax":"","email":"","url":"","countryIso2":"LA","countryName":"Laos","hotelRating":"0","latitude":"19.4512","longitude":"103.213","state_id":null,"state_name":null,"country_id":null},{"active":false,"Giataid":"911105","cityId":null,"cityName":"Phonsavan","hotelId":20347276,"hotelName":"Kongkeo Guesthouse","address":"Ban Phonsavan Xay,Muang Ph?nsavan,01000 Ph?nsavan,Laos","phones":"","fax":"","email":"","url":"","countryIso2":"LA","countryName":"Laos","hotelRating":"0","latitude":"19.4512","longitude":"103.213","state_id":null,"state_name":null,"country_id":null},{"active":false,"Giataid":"927578","cityId":null,"cityName":"Phonsavan","hotelId":20347277,"hotelName":"Sengsavanh Hotel","address":"Ban Phonsavan Kang,Phonsavan,Laos","phones":"","fax":"","email":"","url":"","countryIso2":"LA","countryName":"Laos","hotelRating":"0","latitude":"19.4512","longitude":"103.213","state_id":null,"state_name":null,"country_id":null},{"active":false,"Giataid":"881621","cityId":null,"cityName":"Sekong","hotelId":20347291,"hotelName":"Kiam Guesthouse","address":"Tadlo Waterfall Vllages,Boloven,Sekong,Laos","phones":"","fax":"","email":"","url":"","countryIso2":"LA","countryName":"Laos","hotelRating":"0","latitude":"15.4394","longitude":"106.708","state_id":null,"state_name":null,"country_id":null},{"active":false,"Giataid":"889929","cityId":null,"cityName":"Sekong","hotelId":20347292,"hotelName":"Hongkham Sekong","address":"Ban Vat Luang,Lamam District,Sekong,Attapeu,Laos","phones":"","fax":"","email":"","url":"","countryIso2":"LA","countryName":"Laos","hotelRating":"0","latitude":"15.4394","longitude":"106.708","state_id":null,"state_name":null,"country_id":null},{"active":false,"Giataid":"889932","cityId":null,"cityName":"Sekong","hotelId":20347293,"hotelName":"Viphavanh Guesthouse","address":"Muang Thatang,01000 Sekong,Laos","phones":"","fax":"","email":"","url":"","countryIso2":"LA","countryName":"Laos","hotelRating":"0","latitude":"15.4394","longitude":"106.708","state_id":null,"state_name":null,"country_id":null},{"active":false,"Giataid":"936151","cityId":null,"cityName":"Sekong","hotelId":20347294,"hotelName":"Xayphonthong Guesthouse","address":"Piamai,Sekong,Laos","phones":"","fax":"","email":"","url":"","countryIso2":"LA","countryName":"Laos","hotelRating":"0","latitude":"15.4394","longitude":"106.708","state_id":null,"state_name":null,"country_id":null},{"active":false,"Giataid":"936156","cityId":null,"cityName":"Sekong","hotelId":20347295,"hotelName":"Phixaxay Guesthouse","address":"Non Mixay Village,Sekong,Laos","phones":"","fax":"","email":"","url":"","countryIso2":"LA","countryName":"Laos","hotelRating":"0","latitude":"15.4394","longitude":"106.708","state_id":null,"state_name":null,"country_id":null},{"active":false,"Giataid":"936170","cityId":null,"cityName":"Sekong","hotelId":20347296,"hotelName":"Keovilay Guesthouse","address":"13 km Road,Sekong Town,Sekong,Laos","phones":"","fax":"","email":"","url":"","countryIso2":"LA","countryName":"Laos","hotelRating":"0","latitude":"15.4394","longitude":"106.708","state_id":null,"state_name":null,"country_id":null},{"active":false,"Giataid":"936179","cityId":null,"cityName":"Sekong","hotelId":20347297,"hotelName":"Vanasith Guesthouse","address":"Ban Phonsavang,85620 Sekong,Laos","phones":"","fax":"","email":"","url":"","countryIso2":"LA","countryName":"Laos","hotelRating":"0","latitude":"15.4394","longitude":"106.708","state_id":null,"state_name":null,"country_id":null},{"active":false,"Giataid":"936183","cityId":null,"cityName":"Sekong","hotelId":20347298,"hotelName":"Soxxay Guesthouse","address":"Phiamai Road,Sekong,Laos","phones":"","fax":"","email":"","url":"","countryIso2":"LA","countryName":"Laos","hotelRating":"0","latitude":"15.4394","longitude":"106.708","state_id":null,"state_name":null,"country_id":null},{"active":false,"Giataid":"878909","cityId":null,"cityName":"Vang Vieng","hotelId":20347306,"hotelName":"Nana Guest House","address":"Vang Vieng Main Street,Ban Viengkeo,Vang Vieng City Center,Vang Vieng,Laos","phones":"","fax":"","email":"","url":"","countryIso2":"LA","countryName":"Laos","hotelRating":"0","latitude":"18.9221","longitude":"102.449","state_id":null,"state_name":null,"country_id":null},{"active":false,"Giataid":"878920","cityId":null,"cityName":"Vang Vieng","hotelId":20347307,"hotelName":"Vang Vieng Organic Farm","address":"PO Box 253,Vang Vieng,Vientiane Province,Laos","phones":"","fax":"","email":"organicmulberryfarm@gmail.com","url":"http://www.laofarm.org","countryIso2":"LA","countryName":"Laos","hotelRating":"0","latitude":"18.923","longitude":"102.446","state_id":null,"state_name":null,"country_id":null},{"active":false,"Giataid":"881624","cityId":null,"cityName":"Vang Vieng","hotelId":20347308,"hotelName":"Kianethong Guesthouse","address":"Ban Viengkeo,01000 Vang Vieng,Laos","phones":"","fax":"","email":"","url":"","countryIso2":"LA","countryName":"Laos","hotelRating":"0","latitude":"18.923","longitude":"102.446","state_id":null,"state_name":null,"country_id":null},{"active":false,"Giataid":"881625","cityId":null,"cityName":"Vang Vieng","hotelId":20347309,"hotelName":"Phoubane Guest House","address":"Ban Savang,Vang Vieng,Laos","phones":"","fax":"","email":"","url":"","countryIso2":"LA","countryName":"Laos","hotelRating":"0","latitude":"18.923","longitude":"102.446","state_id":null,"state_name":null,"country_id":null},{"active":false,"Giataid":"881626","cityId":null,"cityName":"Vang Vieng","hotelId":20347310,"hotelName":"Thavexok Resort","address":"Phoudindeng Village,Vang Vieng District,Vang Vieng,Vientiane Province,Laos","phones":"+85623511722","fax":"","email":"booking@thavexok.com","url":"http://www.thavexok.com","countryIso2":"LA","countryName":"Laos","hotelRating":"0","latitude":"18.9413","longitude":"102.446","state_id":null,"state_name":null,"country_id":null},{"active":false,"Giataid":"881630","cityId":null,"cityName":"Vang Vieng","hotelId":20347311,"hotelName":"Sivixay Guest House","address":"Ban Savang,Vang Vieng,Laos","phones":"","fax":"","email":"","url":"","countryIso2":"LA","countryName":"Laos","hotelRating":"0","latitude":"18.923","longitude":"102.446","state_id":null,"state_name":null,"country_id":null},{"active":false,"Giataid":"881727","cityId":null,"cityName":"Vang Vieng","hotelId":20347312,"hotelName":"Chan Thanom Guesthouse","address":"Ban Savang,Vang Vieng,Laos","phones":"","fax":"","email":"","url":"","countryIso2":"LA","countryName":"Laos","hotelRating":"0","latitude":"18.923","longitude":"102.446","state_id":null,"state_name":null,"country_id":null},{"active":false,"Giataid":"881739","cityId":null,"cityName":"Vang Vieng","hotelId":20347313,"hotelName":"Dok Khoune 2 Guesthouse","address":"City Center Road,Ban Viengmai,01000 Vang Vieng,Laos","phones":"","fax":"","email":"","url":"","countryIso2":"LA","countryName":"Laos","hotelRating":"0","latitude":"18.923","longitude":"102.446","state_id":null,"state_name":null,"country_id":null},{"active":false,"Giataid":"881742","cityId":null,"cityName":"Vang Vieng","hotelId":20347314,"hotelName":"Malany Hotel","address":"Savang Village,Vang Vieng City Center,Vang Vieng,Laos","phones":"","fax":"","email":"","url":"","countryIso2":"LA","countryName":"Laos","hotelRating":"0","latitude":"18.923","longitude":"102.446","state_id":null,"state_name":null,"country_id":null},{"active":false,"Giataid":"881743","cityId":null,"cityName":"Vang Vieng","hotelId":20347315,"hotelName":"Maylyn Guest House","address":"Kangmuong Street,01005 Vang Vieng,Laos","phones":"","fax":"","email":"","url":"","countryIso2":"LA","countryName":"Laos","hotelRating":"0","latitude":"18.923","longitude":"102.446","state_id":null,"state_name":null,"country_id":null},{"active":false,"Giataid":"881744","cityId":null,"cityName":"Vang Vieng","hotelId":20347316,"hotelName":"Otherside Guesthouse","address":"Ban Sawang,01000 Vang Vieng,Laos","phones":"","fax":"","email":"","url":"","countryIso2":"LA","countryName":"Laos","hotelRating":"0","latitude":"18.923","longitude":"102.446","state_id":null,"state_name":null,"country_id":null},{"active":false,"Giataid":"881745","cityId":null,"cityName":"Vang Vieng","hotelId":20347317,"hotelName":"Pan's Place","address":"Main Street,01000 Vang Vieng,Laos","phones":"","fax":"","email":"","url":"","countryIso2":"LA","countryName":"Laos","hotelRating":"0","latitude":"18.923","longitude":"102.446","state_id":null,"state_name":null,"country_id":null},{"active":false,"Giataid":"510303","cityId":null,"cityName":"Vang Vieng","hotelId":20347318,"hotelName":"Phou Ang Kham 2 Hotel","address":"Soy-Kang road,Ban Savang,01000 Vang Vieng,Laos","phones":"","fax":"","email":"","url":"","countryIso2":"LA","countryName":"Laos","hotelRating":"0","latitude":"18.923","longitude":"102.446","state_id":null,"state_name":null,"country_id":null},{"active":false,"Giataid":"899355","cityId":null,"cityName":"Vang Vieng","hotelId":20347321,"hotelName":"Namsong Garden Bungalows","address":"Old Market Street,Viengkeo,10030 Vang Vieng,Laos","phones":"","fax":"","email":"","url":"","countryIso2":"LA","countryName":"Laos","hotelRating":"0","latitude":"18.923","longitude":"102.446","state_id":null,"state_name":null,"country_id":null},{"active":false,"Giataid":"881748","cityId":null,"cityName":"Vang Vieng","hotelId":20347319,"hotelName":"Saphaothong guesthouse","address":"Ban Vang Vieng,Hom 2,North 13 road,Vang Vieng,Laos","phones":"","fax":"","email":"","url":"","countryIso2":"LA","countryName":"Laos","hotelRating":"0","latitude":"18.923","longitude":"102.446","state_id":null,"state_name":null,"country_id":null},{"active":false,"Giataid":"881749","cityId":null,"cityName":"Vang Vieng","hotelId":20347320,"hotelName":"Sisavang Guesthouse","address":"Sisavang Village,01000 Vang Vieng,Laos","phones":"+8562055339989","fax":"","email":"vanhlai2011@hotmail.com","url":"https://www.sisavangguesthouse.com/en-gb","countryIso2":"LA","countryName":"Laos","hotelRating":"0","latitude":"18.9255","longitude":"102.449","state_id":null,"state_name":null,"country_id":null},{"active":false,"Giataid":"927520","cityId":null,"cityName":"Vang Vieng","hotelId":20347324,"hotelName":"Jennin Backpackers Guesthouse","address":"Mian Street,Vang Vieng,Laos","phones":"","fax":"","email":"","url":"","countryIso2":"LA","countryName":"Laos","hotelRating":"0","latitude":"18.923","longitude":"102.446","state_id":null,"state_name":null,"country_id":null},{"active":false,"Giataid":"905555","cityId":null,"cityName":"Vang Vieng","hotelId":20347322,"hotelName":"Nirvana Arhipel Resort","address":"13 BanTha Heua,Vang Vieng,Laos","phones":"","fax":"","email":"","url":"","countryIso2":"LA","countryName":"Laos","hotelRating":"0","latitude":"18.923","longitude":"102.446","state_id":null,"state_name":null,"country_id":null},{"active":false,"Giataid":"927411","cityId":null,"cityName":"Vang Vieng","hotelId":20347323,"hotelName":"Sicily Hotel","address":"13 Highway,Vang Vieng,Laos","phones":"","fax":"","email":"","url":"","countryIso2":"LA","countryName":"Laos","hotelRating":"0","latitude":"18.923","longitude":"102.446","state_id":null,"state_name":null,"country_id":null},{"active":false,"Giataid":"927531","cityId":null,"cityName":"Vang Vieng","hotelId":20347325,"hotelName":"Napha Villa","address":"13 North Road,Ban Viengsamai,Mueang Vang Vieng,Vang Vieng,Laos","phones":"","fax":"","email":"","url":"","countryIso2":"LA","countryName":"Laos","hotelRating":"0","latitude":"18.923","longitude":"102.446","state_id":null,"state_name":null,"country_id":null},{"active":false,"Giataid":"934812","cityId":null,"cityName":"Vang Vieng","hotelId":20347326,"hotelName":"Vang Vieng Freedom Hostel","address":"Kangmuong Street,10001 Vang Vieng,Laos","phones":"","fax":"","email":"","url":"","countryIso2":"LA","countryName":"Laos","hotelRating":"0","latitude":"18.923","longitude":"102.446","state_id":null,"state_name":null,"country_id":null},{"active":false,"Giataid":"934876","cityId":null,"cityName":"Vang Vieng","hotelId":20347327,"hotelName":"Nanthy Mountain Hotel","address":"Vang Vieng,Vientiane Province,Laos","phones":"","fax":"","email":"","url":"","countryIso2":"LA","countryName":"Laos","hotelRating":"0","latitude":"18.923","longitude":"102.446","state_id":null,"state_name":null,"country_id":null},{"active":false,"Giataid":"934889","cityId":null,"cityName":"Vang Vieng","hotelId":20347328,"hotelName":"Tna Hotel","address":"01000 Vang Vieng,Laos","phones":"","fax":"","email":"","url":"","countryIso2":"LA","countryName":"Laos","hotelRating":"0","latitude":"18.923","longitude":"102.446","state_id":null,"state_name":null,"country_id":null},{"active":false,"Giataid":"934941","cityId":null,"cityName":"Vang Vieng","hotelId":20347329,"hotelName":"Simon Riverside Hotel","address":"Riverside Street,Vang Vieng,Laos","phones":"","fax":"","email":"","url":"","countryIso2":"LA","countryName":"Laos","hotelRating":"0","latitude":"18.923","longitude":"102.446","state_id":null,"state_name":null,"country_id":null},{"active":false,"Giataid":"934974","cityId":null,"cityName":"Vang Vieng","hotelId":20347330,"hotelName":"Saksiri Riverside Boutique Hotel","address":"Houy Yare Village,Vang Vieng,Vientiane Province,Laos","phones":"","fax":"","email":"","url":"","countryIso2":"LA","countryName":"Laos","hotelRating":"0","latitude":"18.923","longitude":"102.446","state_id":null,"state_name":null,"country_id":null},{"active":false,"Giataid":"935590","cityId":null,"cityName":"Vang Vieng","hotelId":20347331,"hotelName":"Padaeng Mountain View Resort","address":"Ban Savang,Vang Vieng,Laos","phones":"","fax":"","email":"","url":"","countryIso2":"LA","countryName":"Laos","hotelRating":"0","latitude":"18.923","longitude":"102.446","state_id":null,"state_name":null,"country_id":null},{"active":false,"Giataid":"935624","cityId":null,"cityName":"Vang Vieng","hotelId":20347332,"hotelName":"Khammee Guesthouse","address":"Ban Phonvieng,Vang Vieng,Laos","phones":"","fax":"","email":"","url":"","countryIso2":"LA","countryName":"Laos","hotelRating":"0","latitude":"18.923","longitude":"102.446","state_id":null,"state_name":null,"country_id":null},{"active":false,"Giataid":"935632","cityId":null,"cityName":"Vang Vieng","hotelId":20347333,"hotelName":"Puna Phaxok Resort","address":"Ban Phonvieng,Vang Vieng,Laos","phones":"","fax":"","email":"","url":"","countryIso2":"LA","countryName":"Laos","hotelRating":"0","latitude":"18.923","longitude":"102.446","state_id":null,"state_name":null,"country_id":null},{"active":false,"Giataid":"935638","cityId":null,"cityName":"Vang Vieng","hotelId":20347334,"hotelName":"Sengsouk Guesthouse","address":"Ban Tha Heua,Vang Vieng,Laos","phones":"","fax":"","email":"","url":"","countryIso2":"LA","countryName":"Laos","hotelRating":"0","latitude":"18.923","longitude":"102.446","state_id":null,"state_name":null,"country_id":null},{"active":false,"Giataid":"935649","cityId":null,"cityName":"Vang Vieng","hotelId":20347335,"hotelName":"Vang Vieng Chalern Guesthouse","address":"Kangmuong Street,Vang Vieng,Laos","phones":"","fax":"","email":"","url":"","countryIso2":"LA","countryName":"Laos","hotelRating":"0","latitude":"18.923","longitude":"102.446","state_id":null,"state_name":null,"country_id":null},{"active":false,"Giataid":"935659","cityId":null,"cityName":"Vang Vieng","hotelId":20347336,"hotelName":"Champathong Vangvieng Hotel","address":"13 Northern Road,Vang Vieng,Laos","phones":"","fax":"","email":"","url":"","countryIso2":"LA","countryName":"Laos","hotelRating":"0","latitude":"18.923","longitude":"102.446","state_id":null,"state_name":null,"country_id":null},{"active":false,"Giataid":"935672","cityId":null,"cityName":"Vang Vieng","hotelId":20347337,"hotelName":"Phatty Villa Vang Vieng","address":"13 Vang Vieng Riverfront,Vang Vieng,Laos","phones":"","fax":"","email":"","url":"","countryIso2":"LA","countryName":"Laos","hotelRating":"0","latitude":"18.923","longitude":"102.446","state_id":null,"state_name":null,"country_id":null},{"active":false,"Giataid":"935685","cityId":null,"cityName":"Vang Vieng","hotelId":20347338,"hotelName":"Molina Bungalow","address":"Ban Viengkeo,Vang Vieng City Center,Vang Vieng,Laos","phones":"","fax":"","email":"","url":"","countryIso2":"LA","countryName":"Laos","hotelRating":"0","latitude":"18.923","longitude":"102.446","state_id":null,"state_name":null,"country_id":null},{"active":false,"Giataid":"935748","cityId":null,"cityName":"Vang Vieng","hotelId":20347341,"hotelName":"Sanachai Guest House","address":"Muangxong Village,Vang Vieng Riverfront,Vang Vieng,Laos","phones":"","fax":"","email":"","url":"","countryIso2":"LA","countryName":"Laos","hotelRating":"0","latitude":"18.923","longitude":"102.446","state_id":null,"state_name":null,"country_id":null},{"active":false,"Giataid":"935695","cityId":null,"cityName":"Vang Vieng","hotelId":20347339,"hotelName":"Chaleun Garden Guesthouse","address":"Sisavang Village,Vang Vieng City Center,85623 Vang Vieng,Laos","phones":"","fax":"","email":"","url":"","countryIso2":"LA","countryName":"Laos","hotelRating":"0","latitude":"18.923","longitude":"102.446","state_id":null,"state_name":null,"country_id":null},{"active":false,"Giataid":"935735","cityId":null,"cityName":"Vang Vieng","hotelId":20347340,"hotelName":"Vinutda Guesthouse","address":"Ban Viengkeo,Vang Vieng,Laos","phones":"","fax":"","email":"","url":"","countryIso2":"LA","countryName":"Laos","hotelRating":"0","latitude":"18.923","longitude":"102.446","state_id":null,"state_name":null,"country_id":null},{"active":false,"Giataid":"935759","cityId":null,"cityName":"Vang Vieng","hotelId":20347342,"hotelName":"Saysong Guest House","address":"Old market Riverside Road,Vang Vieng,Laos","phones":"","fax":"","email":"","url":"","countryIso2":"LA","countryName":"Laos","hotelRating":"0","latitude":"18.9266","longitude":"102.446","state_id":null,"state_name":null,"country_id":null},{"active":false,"Giataid":"935767","cityId":null,"cityName":"Vang Vieng","hotelId":20347343,"hotelName":"Sechaleunkham Guest House","address":"Beside Vangvieng Market To Namsong River,Vang Vieng,Laos","phones":"","fax":"","email":"","url":"","countryIso2":"LA","countryName":"Laos","hotelRating":"0","latitude":"18.923","longitude":"102.446","state_id":null,"state_name":null,"country_id":null},{"active":false,"Giataid":"937515","cityId":null,"cityName":"Vang Vieng","hotelId":20347344,"hotelName":"Vangvieng Guest House","address":"Sisavang Village,Vang Vieng,Laos","phones":"","fax":"","email":"","url":"","countryIso2":"LA","countryName":"Laos","hotelRating":"0","latitude":"18.923","longitude":"102.446","state_id":null,"state_name":null,"country_id":null},{"active":false,"Giataid":"935882","cityId":null,"cityName":"Xieng Khouang","hotelId":20347389,"hotelName":"Namchai Guesthouse","address":"Navieng Road,Ban Phonesavanh,Xieng Khouang City Center,Xieng Khouang,Laos","phones":"","fax":"","email":"","url":"","countryIso2":"LA","countryName":"Laos","hotelRating":"0","latitude":"19.4494","longitude":"103.205","state_id":null,"state_name":null,"country_id":null},{"active":false,"Giataid":"890173","cityId":null,"cityName":"Xieng Khouang","hotelId":20347387,"hotelName":"White Orchid Guest House","address":"Ban Phonsavanh,Peak District,Xieng Khouang,Laos","phones":"","fax":"","email":"","url":"","countryIso2":"LA","countryName":"Laos","hotelRating":"0","latitude":"19.4494","longitude":"103.205","state_id":null,"state_name":null,"country_id":null},{"active":false,"Giataid":"935870","cityId":null,"cityName":"Xieng Khouang","hotelId":20347388,"hotelName":"Sengtawanh Guesthouse","address":"Ban Phonsavanh Nua,Peak District,Xieng Khouang,Laos","phones":"","fax":"","email":"","url":"","countryIso2":"LA","countryName":"Laos","hotelRating":"0","latitude":"19.4496","longitude":"103.224","state_id":null,"state_name":null,"country_id":null},{"active":false,"Giataid":"947488","cityId":null,"cityName":"Ban Thana","hotelId":20411697,"hotelName":"Three Sisters Resort","address":"Srimiungkhoun Village,01000 Ban Thana,Laos","phones":"","fax":"","email":"","url":"","countryIso2":"LA","countryName":"Laos","hotelRating":"1","latitude":"19.2794","longitude":"101.703","state_id":null,"state_name":null,"country_id":null},{"active":false,"Giataid":"982465","cityId":null,"cityName":"Huay Xai","hotelId":20411704,"hotelName":"Gate Way Hostel","address":"Unnamed Road,Houayxay,Bokeo,Laos","phones":"","fax":"","email":"","url":"","countryIso2":"LA","countryName":"Laos","hotelRating":"1","latitude":"20.2691","longitude":"100.419","state_id":null,"state_name":null,"country_id":null},{"active":false,"Giataid":"962775","cityId":null,"cityName":"Xieng Khouang","hotelId":20411762,"hotelName":"Dok Khoune Hotel","address":"7 Road,Phonesavanh,Xieng Khouang City Center,Xieng Khouang,Laos","phones":"","fax":"","email":"","url":"","countryIso2":"LA","countryName":"Laos","hotelRating":"1","latitude":"19.4496","longitude":"103.218","state_id":null,"state_name":null,"country_id":null},{"active":false,"Giataid":"962783","cityId":null,"cityName":"Xieng Khouang","hotelId":20411763,"hotelName":"Jennida Guesthouse","address":"Road 7,Muang Phonsavan,Xieng Khouang City Center,01000 Xieng Khouang,Laos","phones":"","fax":"","email":"","url":"","countryIso2":"LA","countryName":"Laos","hotelRating":"1","latitude":"19.4494","longitude":"103.205","state_id":null,"state_name":null,"country_id":null}]