[{"active":false,"Giataid":"11583","cityId":89864,"cityName":"Doha","hotelId":11583,"hotelName":"Intercontinental Doha","address":"Al Isteqlal Road,PO Box 6822,West Bay Lagon,Doha (arab: ?????? ad-Dauha; DMG: ad-Dau?a, ad-Doha),Qatar (dt: Katar; arab: ??? Qatar; DMG: Qa?ar),Persischen Golf,Qatar","phones":"+97444844444","fax":"+97444844033","email":"reservations.icdoha@ihg.com","url":"http://www.ichotelsgroup.com/h/d/6c/394/de/hd/dohha?crUrl=/h/d/6c/394/de/hotelsearchresults&amp;rpb=hotel&amp;_requestid=240745","countryIso2":"QA","countryName":"Qatar","hotelRating":"4","latitude":"25.3486","longitude":"51.5293","state_id":3181,"state_name":"Doha","country_id":179},{"active":false,"Giataid":"21519","cityId":89864,"cityName":"Doha","hotelId":21519,"hotelName":"Sheraton Grand Doha Resort & Convention Hotel","address":"Al Corniche Street,P.O. Box 6000,Doha,Qatar","phones":"+97444854444","fax":"+97444832323","email":"sheraton.doha@sheraton.com","url":"http://www.starwoodhotels.com/sheraton/property/overview/index.html?propertyID=409&amp;language=de_DE&amp;ES=LPS_409_DE_SI_LANGDD_DOH_ME_EAME","countryIso2":"QA","countryName":"Qatar","hotelRating":"5","latitude":"25.3184","longitude":"51.5358","state_id":3181,"state_name":"Doha","country_id":179},{"active":false,"Giataid":"27945","cityId":89864,"cityName":"Doha","hotelId":27945,"hotelName":"The Ritz-Carlton Doha","address":"PO Box 23400,Doha,Qatar","phones":"+97444848000","fax":"+97444848484","email":"dohrz.leads@ritzcarlton.com","url":"http://www.ritzcarlton.com/en/Properties/Doha/Default.htm","countryIso2":"QA","countryName":"Qatar","hotelRating":"5","latitude":"25.3794","longitude":"51.5318","state_id":3181,"state_name":"Doha","country_id":179},{"active":false,"Giataid":"27944","cityId":89864,"cityName":"Doha","hotelId":27944,"hotelName":"Doha Marriott Hotel","address":"Ras Abu Aboud Street,Building 2 Street 920 Zone 28,P.O. Box 1911,Doha,Qatar","phones":"+97444298888","fax":"+97444418784","email":"","url":"http://www.marriott.com/hotels/travel/dohmc-doha-marriott-hotel/","countryIso2":"QA","countryName":"Qatar","hotelRating":"5","latitude":"25.2865","longitude":"51.5626","state_id":3181,"state_name":"Doha","country_id":179},{"active":false,"Giataid":"39380","cityId":89864,"cityName":"Doha","hotelId":39380,"hotelName":"Movenpick Doha","address":"Corniche Road,Doha,Qatar","phones":"+97444291111","fax":"+97444291100","email":"hotel.doha@moevenpick.com","url":"http://www.moevenpick-hotels.com/en/pub/your_hotels/worldmap/doha/overview.cfm","countryIso2":"QA","countryName":"Qatar","hotelRating":"4","latitude":"25.2903","longitude":"51.5448","state_id":3181,"state_name":"Doha","country_id":179},{"active":false,"Giataid":"39381","cityId":89864,"cityName":"Doha","hotelId":39381,"hotelName":"Rydges Plaza Doha Hotel","address":"Abu Firas Street,Old Doha City & Corniche,Doha,Qatar","phones":"","fax":"","email":"","url":"","countryIso2":"QA","countryName":"Qatar","hotelRating":"4","latitude":"25.291","longitude":"51.522","state_id":3181,"state_name":"Doha","country_id":179},{"active":false,"Giataid":"129775","cityId":89864,"cityName":"Doha","hotelId":129775,"hotelName":"Millennium Hotel Doha","address":"Jawaan Street,Al Sadd,Doha,PO Box 24249,Qatar","phones":"+97444247777","fax":"+97444341767","email":"reservations@mill-doha.com","url":"http://www.millenniumhotels.com/qa/millenniumdoha/index.html","countryIso2":"QA","countryName":"Qatar","hotelRating":"5","latitude":"25.2834","longitude":"51.4954","state_id":3181,"state_name":"Doha","country_id":179},{"active":false,"Giataid":"133043","cityId":89864,"cityName":"Doha","hotelId":133043,"hotelName":"Plaza Inn Doha","address":"Al Meena Street,Old Salata Area,PO Box 22920,Doha,Qatar","phones":"+97444221111","fax":"+9744411445","email":"info@plazainn.com.qa","url":"http://plazainn.com.qa/en/","countryIso2":"QA","countryName":"Qatar","hotelRating":"4","latitude":"25.2873","longitude":"51.5437","state_id":3181,"state_name":"Doha","country_id":179},{"active":false,"Giataid":"133044","cityId":89864,"cityName":"Doha","hotelId":133044,"hotelName":"Le Park","address":"Jawaan Str,Al Sadd,P.O. Box 24835,Doha,Qatar","phones":"+97444255555","fax":"+9744255500","email":"","url":"http://www.dohayellowpages.com/biz/Qatar/Doha/Le_Park_Hotel_100143.html","countryIso2":"QA","countryName":"Qatar","hotelRating":"3","latitude":"25.2907","longitude":"51.4971","state_id":3181,"state_name":"Doha","country_id":179},{"active":false,"Giataid":"133045","cityId":89864,"cityName":"Doha","hotelId":133045,"hotelName":"Al Mourouj Inn","address":"Old Salatah,Museum Street,Beside Qatar National Museum,Doha,P.O Box 24451,Qatar","phones":"+9744422426","fax":"+9744422427","email":"reservations@almouroujinn.com","url":"http://www.almouroujinn.com/","countryIso2":"QA","countryName":"Qatar","hotelRating":"3","latitude":"25.2872","longitude":"51.5473","state_id":3181,"state_name":"Doha","country_id":179},{"active":false,"Giataid":"136806","cityId":89864,"cityName":"Doha","hotelId":136806,"hotelName":"Royal Qatar Hotel","address":"P.O. Box 9488,Doha,Qatar","phones":"+97444249444","fax":"+97444249400","email":"info@royalqatarhotel.com","url":"http://www.royalqatarhotel.com","countryIso2":"QA","countryName":"Qatar","hotelRating":"4","latitude":"25.2835","longitude":"51.5323","state_id":3181,"state_name":"Doha","country_id":179},{"active":false,"Giataid":"137313","cityId":89864,"cityName":"Doha","hotelId":137313,"hotelName":"Le Grand","address":"Aamir Bin Sinan Street,Alsadd Area Behin,Doha Souk,Qatar","phones":"","fax":"","email":"","url":"","countryIso2":"QA","countryName":"Qatar","hotelRating":"3","latitude":"25.2802","longitude":"51.5021","state_id":3181,"state_name":"Doha","country_id":179},{"active":false,"Giataid":"137498","cityId":89864,"cityName":"Doha","hotelId":137498,"hotelName":"La Villa Palace Hotel","address":"Ibn Abdul Muttalib Street,Near Dar Al Kutub Round About,Old Ghanim,Doha,Qatar","phones":"+97444367301","fax":"+97444367303","email":"info@lavillapalace.com","url":"http://www.lavillapalace.com/","countryIso2":"QA","countryName":"Qatar","hotelRating":"3","latitude":"25.2814","longitude":"51.5396","state_id":3181,"state_name":"Doha","country_id":179},{"active":false,"Giataid":"188111","cityId":89864,"cityName":"Doha","hotelId":188111,"hotelName":"Ayana Golden Coast Hotel","address":"Museum Street,30919 Doha,Qatar","phones":"+9744440707","fax":"+9744360395","email":"","url":"","countryIso2":"QA","countryName":"Qatar","hotelRating":"4","latitude":"25.2889","longitude":"51.5471","state_id":3181,"state_name":"Doha","country_id":179},{"active":false,"Giataid":"196029","cityId":89864,"cityName":"Doha","hotelId":196029,"hotelName":"Doha Gate Inn","address":"P.O. Box 31716,Doha,Qatar","phones":"+9744210020","fax":"","email":"","url":"","countryIso2":"QA","countryName":"Qatar","hotelRating":"3","latitude":"25.2809","longitude":"51.529","state_id":3181,"state_name":"Doha","country_id":179},{"active":false,"Giataid":"196030","cityId":89864,"cityName":"Doha","hotelId":196030,"hotelName":"La Villa Inn Hotel Apartments","address":"Opposite to Gate 2,Souq Al Harage,Najma,Doha,Qatar","phones":"+97444376603","fax":"+97444376267","email":"bdm@lavillahospitality.com","url":"http://www.lavillahospitality.com/Lavillainn/","countryIso2":"QA","countryName":"Qatar","hotelRating":"3","latitude":"25.2708","longitude":"51.5386","state_id":3181,"state_name":"Doha","country_id":179},{"active":false,"Giataid":"202120","cityId":89864,"cityName":"Doha","hotelId":202120,"hotelName":"SwisS-Belhotel Doha","address":"Jabr Bin Mohamed Street,Old Salata,Doha,Qatar","phones":"+97444078888","fax":"+97444078800","email":"","url":"http://www.swiss-belhotel.com/Qatar/Doha/doha#hotel+information","countryIso2":"QA","countryName":"Qatar","hotelRating":"4","latitude":"25.2875","longitude":"51.5398","state_id":3181,"state_name":"Doha","country_id":179},{"active":false,"Giataid":"210008","cityId":89864,"cityName":"Doha","hotelId":210008,"hotelName":"Grand Suite","address":"Old Al Ghanim Road,Doha,Qatar","phones":"","fax":"","email":"","url":"","countryIso2":"QA","countryName":"Qatar","hotelRating":"3","latitude":"25.2815","longitude":"51.5398","state_id":3181,"state_name":"Doha","country_id":179},{"active":false,"Giataid":"210588","cityId":89864,"cityName":"Doha","hotelId":210588,"hotelName":"Holiday Villa Hotel & Residence City Centre Doha","address":"Street 330 Ibn Abi Sulma,P.O. Box 47601,Building 115  Zone 25,Doha,Qatar","phones":"+97444084888","fax":"+97444084008","email":"info@holidayvilladoha.com","url":"http://www.holidayvilladoha.com/","countryIso2":"QA","countryName":"Qatar","hotelRating":"4","latitude":"25.2644","longitude":"51.526","state_id":3181,"state_name":"Doha","country_id":179},{"active":false,"Giataid":"212595","cityId":89864,"cityName":"Doha","hotelId":212595,"hotelName":"La Villa Hotel","address":"IbnAqeel Street,Behind Gold Souq,Doha,Qatar,Qatar","phones":"+97444351435","fax":"","email":"","url":"","countryIso2":"QA","countryName":"Qatar","hotelRating":"2","latitude":"25.2857","longitude":"51.5389","state_id":3181,"state_name":"Doha","country_id":179},{"active":false,"Giataid":"227435","cityId":89864,"cityName":"Doha","hotelId":227435,"hotelName":"Diamond Hotel","address":"Tariq Bin Zyad Street,PO Box 23228,Old Al Ghanim Street,Opposite Qatar National Library Round About,Old Doha City,Doha,Qatar","phones":"+9744355222","fax":"+9744413080","email":"diamondhotels@hotmail.com","url":"http://www.diamondhoteldoha.com","countryIso2":"QA","countryName":"Qatar","hotelRating":"3","latitude":"25.2873","longitude":"51.5474","state_id":3181,"state_name":"Doha","country_id":179},{"active":false,"Giataid":"229157","cityId":89864,"cityName":"Doha","hotelId":229157,"hotelName":"Oryx Rotana","address":"P.O. Box 29922,Doha,Qatar","phones":"+97444023333","fax":"+97444023300","email":"oryx.hotel@rotana.com","url":"http://www.rotana.com/property-42.htm","countryIso2":"QA","countryName":"Qatar","hotelRating":"5","latitude":"25.2681","longitude":"51.5541","state_id":3181,"state_name":"Doha","country_id":179},{"active":false,"Giataid":"230464","cityId":89864,"cityName":"Doha","hotelId":230464,"hotelName":"Al Ghazal Suites","address":"Ibn Firnas St, Najmah Area,00974 Doha,Qatar","phones":"","fax":"","email":"","url":"","countryIso2":"QA","countryName":"Qatar","hotelRating":"3","latitude":"25.2705","longitude":"51.5387","state_id":3181,"state_name":"Doha","country_id":179},{"active":false,"Giataid":"232919","cityId":89864,"cityName":"Doha","hotelId":232919,"hotelName":"Al Nakheel","address":"10th Al Asmakh street,5662 Doha,Katar,Qatar","phones":"+9744283221","fax":"+9744325232","email":"info@alnakheel-hotel.com","url":"http://www.alnakheel-hotel.com/main.html","countryIso2":"QA","countryName":"Qatar","hotelRating":"3","latitude":"25.2851","longitude":"51.5314","state_id":3181,"state_name":"Doha","country_id":179},{"active":false,"Giataid":"233748","cityId":89864,"cityName":"Doha","hotelId":233748,"hotelName":"Kempinski Residence & Suites Doha","address":"Al Qassar Street,West Bay,Doha,Qatar","phones":"+9744053333","fax":"+9744053334","email":"residences.doha@kempinski.com","url":"http://www.kempinski-residences.com/en/renting/locations/kres_doha/","countryIso2":"QA","countryName":"Qatar","hotelRating":"5","latitude":"25.3285","longitude":"51.5307","state_id":3181,"state_name":"Doha","country_id":179},{"active":false,"Giataid":"235388","cityId":89864,"cityName":"Doha","hotelId":235388,"hotelName":"Ramada Encore Doha","address":"Ahmad Bin Mohammed Bin Thani Street,A Ring Road,Musheirib,Doha,Al-Asmakh Area,Qatar","phones":"+97444443444","fax":"+97444363363","email":"info@ramadaencoredoha.com","url":"http://www.ramadaencoredoha.com/doha-qatar-hotel-reservations.aspx","countryIso2":"QA","countryName":"Qatar","hotelRating":"4","latitude":"25.2803","longitude":"51.5317","state_id":3181,"state_name":"Doha","country_id":179},{"active":false,"Giataid":"236707","cityId":89864,"cityName":"Doha","hotelId":236707,"hotelName":"Retaj Residence Al Sadd","address":"Bin Omran,Sports Roundabout,P.O.Box 25556,Doha,Qatar","phones":"+97444895555","fax":"","email":"","url":"","countryIso2":"QA","countryName":"Qatar","hotelRating":"4","latitude":"25.2895","longitude":"51.5316","state_id":3181,"state_name":"Doha","country_id":179},{"active":false,"Giataid":"237122","cityId":89864,"cityName":"Doha","hotelId":237122,"hotelName":"Hilton Doha","address":"Diplomatic District,West Bay Area,Doha,Qatar","phones":"+97444233333","fax":"","email":"","url":"http://www1.hilton.com/en_US/hi/hotel/DOHHDHI-Hilton-Doha/index.do;jsessionid=693942046F1753DBC7BCCFB0EED692FA.etc52?brand_id=HI&amp;brand_directory=/en/hi/&amp;xch=915709102,15GPGTDYJG01OCSGBJT3MQQ","countryIso2":"QA","countryName":"Qatar","hotelRating":"5","latitude":"25.3261","longitude":"51.5404","state_id":3181,"state_name":"Doha","country_id":179},{"active":false,"Giataid":"237171","cityId":89864,"cityName":"Doha","hotelId":237171,"hotelName":"Best Western Plus Doha","address":"Al Safilia Street,P.O. Box 20409,Old Salata,Doha,Qatar","phones":"+97444240000","fax":"+97444240001","email":"info@coralhoteldoha.com","url":"http://www.coral-international.com/doha/","countryIso2":"QA","countryName":"Qatar","hotelRating":"4","latitude":"25.2897","longitude":"51.5426","state_id":3181,"state_name":"Doha","country_id":179},{"active":false,"Giataid":"238230","cityId":89864,"cityName":"Doha","hotelId":238230,"hotelName":"Retaj Residence Al Corniche","address":"Al Salata,Al Qadima,P.O. Box 25556,Doha,Qatar","phones":"+97444528888","fax":"+97444528880","email":"reservations@retajsharq.com","url":"http://www.retajhotels.net/corniche/index.htm","countryIso2":"QA","countryName":"Qatar","hotelRating":"4","latitude":"25.2883","longitude":"51.547","state_id":3181,"state_name":"Doha","country_id":179},{"active":false,"Giataid":"238231","cityId":89864,"cityName":"Doha","hotelId":238231,"hotelName":"Retaj Inn Doha","address":"Musheirab Area,Al-Salimi Street,PO Box 25556,Doha,Qatar","phones":"+97444100300","fax":"+97444100311","email":"retajinn@retaj.com","url":"http://www.retajhotels.net/retajinn/index.htm","countryIso2":"QA","countryName":"Qatar","hotelRating":"3","latitude":"25.2895","longitude":"51.5316","state_id":3181,"state_name":"Doha","country_id":179},{"active":false,"Giataid":"240389","cityId":89864,"cityName":"Doha","hotelId":240389,"hotelName":"Al Aziziyah Boutique Hotel Doha","address":"Al Baaya Street,PO Box 23833,Aspire Zone,Doha,Qatar","phones":"+97444455555","fax":"+97444455500","email":"","url":"http://www.grandheritagedoha.com/","countryIso2":"QA","countryName":"Qatar","hotelRating":"5","latitude":"25.2691","longitude":"51.4384","state_id":3181,"state_name":"Doha","country_id":179},{"active":false,"Giataid":"240639","cityId":89864,"cityName":"Doha","hotelId":240639,"hotelName":"Safir Doha Hotel","address":"Al Najma & Al Arab Street Corner,PO Box 33003,Doha,Qatar","phones":"+97444455333","fax":"+97444455334","email":"reservations.doha@safirhotels.com","url":"http://www.safirhotels.com/overview.aspx?detail=overview&amp;hotelname=SafirDoha&amp;hotelid=32","countryIso2":"QA","countryName":"Qatar","hotelRating":"4","latitude":"25.2726","longitude":"51.5374","state_id":3181,"state_name":"Doha","country_id":179},{"active":false,"Giataid":"240640","cityId":89864,"cityName":"Doha","hotelId":240640,"hotelName":"Crystal Palace","address":"PO Box-17750,Doha,Qatar","phones":"+9744373331","fax":"+9744373332","email":"","url":"http://crystalpalacedoha.com/","countryIso2":"QA","countryName":"Qatar","hotelRating":"3","latitude":"25.2876","longitude":"51.5193","state_id":3181,"state_name":"Doha","country_id":179},{"active":false,"Giataid":"240641","cityId":89864,"cityName":"Doha","hotelId":240641,"hotelName":"Le Vendome","address":"Al Meena Street,Old Salata,Doha,Qatar","phones":"+97444221122","fax":"","email":"reservations@dohaseefhotel.com","url":"","countryIso2":"QA","countryName":"Qatar","hotelRating":"5","latitude":"25.2887","longitude":"51.5435","state_id":3181,"state_name":"Doha","country_id":179},{"active":false,"Giataid":"240642","cityId":89864,"cityName":"Doha","hotelId":240642,"hotelName":"Horizon Manor Hotel","address":"P.O. Box 5230,Doha,Qatar","phones":"+97444455444","fax":"","email":"","url":"http://www.horizonmanor.com/index.html","countryIso2":"QA","countryName":"Qatar","hotelRating":"4","latitude":"25.289","longitude":"51.5399","state_id":3181,"state_name":"Doha","country_id":179},{"active":false,"Giataid":"240643","cityId":89864,"cityName":"Doha","hotelId":240643,"hotelName":"Grand Qatar Palace Hotel","address":"PO Box 31377,Behind Woqod Petrol Station,located very near to Qatar Museum of Islamic Arts,Doha,Qatar","phones":"+97444414140","fax":"+97444319313","email":"info@grandqatarpalacehotel.com","url":"http://www.grandqatarpalacehotel.com/en/index.php","countryIso2":"QA","countryName":"Qatar","hotelRating":"4","latitude":"25.2803","longitude":"51.5302","state_id":3181,"state_name":"Doha","country_id":179},{"active":false,"Giataid":"245534","cityId":89864,"cityName":"Doha","hotelId":245534,"hotelName":"Fraser Suites Doha","address":"48675 Al Meena Street/Corniche Road,P.O.Box 29444,Doha,Qatar","phones":"+97444243444","fax":"","email":"sales.doha@frasershospitality.com","url":"http://doha.frasershospitality.com/","countryIso2":"QA","countryName":"Qatar","hotelRating":"5","latitude":"25.2903","longitude":"51.5438","state_id":3181,"state_name":"Doha","country_id":179},{"active":false,"Giataid":"245965","cityId":89864,"cityName":"Doha","hotelId":245965,"hotelName":"Intercontinental Doha - The City","address":"West Bay,P.O. Box 22178,Doha,Qatar","phones":"+97440158888","fax":"+97440158810","email":"icdohatc.info@ihg.com","url":"http://www.ichotelsgroup.com/intercontinental/en/gb/locations/overview/doha-westbay","countryIso2":"QA","countryName":"Qatar","hotelRating":"4","latitude":"25.3262","longitude":"51.5244","state_id":3181,"state_name":"Doha","country_id":179},{"active":false,"Giataid":"245997","cityId":89864,"cityName":"Doha","hotelId":245997,"hotelName":"Crowne Plaza Doha - The Business Park","address":"Airport Road,P.O. Box 22080,Doha,Qatar","phones":"+97444087777","fax":"+97444318234","email":"savino.leone@ihg.com","url":"http://www.ichotelsgroup.com/ihg/hotels/us/en/doha/dohcp/hoteldetail","countryIso2":"QA","countryName":"Qatar","hotelRating":"4","latitude":"25.2735","longitude":"51.5413","state_id":3181,"state_name":"Doha","country_id":179},{"active":false,"Giataid":"292529","cityId":89859,"cityName":"Al Wakrah","hotelId":292529,"hotelName":"Addar Hotel","address":"Doha Airport Road,P.O. Box 1139,Al Wakra,Doha,Qatar","phones":"","fax":"","email":"","url":"","countryIso2":"QA","countryName":"Qatar","hotelRating":"3","latitude":"25.1622","longitude":"51.6076","state_id":3179,"state_name":"Al Wakrah","country_id":179},{"active":false,"Giataid":"292530","cityId":89864,"cityName":"Doha","hotelId":292530,"hotelName":"Souq Waqif Boutique Hotel Musheireb","address":"Souq Waqif,Doha,Qatar","phones":"+97444336700","fax":"","email":"","url":"","countryIso2":"QA","countryName":"Qatar","hotelRating":"5","latitude":"25.2895","longitude":"51.5312","state_id":3181,"state_name":"Doha","country_id":179},{"active":false,"Giataid":"359685","cityId":89864,"cityName":"Doha","hotelId":359685,"hotelName":"Souq Waqif Boutique Hotel Al Jasra","address":"P.O. Box 3496,Souq Waqif,1274 Doha,Qatar,Qatar","phones":"+97444336666","fax":"","email":"reservations@swbh.com","url":"http://www.swbh.com/default-en.html","countryIso2":"QA","countryName":"Qatar","hotelRating":"5","latitude":"25.289","longitude":"51.5311","state_id":3181,"state_name":"Doha","country_id":179},{"active":false,"Giataid":"368232","cityId":89864,"cityName":"Doha","hotelId":368232,"hotelName":"Amari Doha","address":"Al Diwan Street,Musheireb,Doha,Qatar","phones":"+97444338888","fax":"","email":"","url":"","countryIso2":"QA","countryName":"Qatar","hotelRating":"4","latitude":"25.2829","longitude":"51.5238","state_id":3181,"state_name":"Doha","country_id":179},{"active":false,"Giataid":"368233","cityId":89864,"cityName":"Doha","hotelId":368233,"hotelName":"Hyatt Residences Doha West Bay","address":"Diplomatic Area,West Bay,Doha 24946,Qatar","phones":"","fax":"","email":"","url":"","countryIso2":"QA","countryName":"Qatar","hotelRating":"5","latitude":"25.3278","longitude":"51.5297","state_id":3181,"state_name":"Doha","country_id":179},{"active":false,"Giataid":"368234","cityId":89864,"cityName":"Doha","hotelId":368234,"hotelName":"Bavaria City Suites Doha","address":"","phones":"","fax":"","email":"","url":"","countryIso2":"QA","countryName":"Qatar","hotelRating":"1","latitude":"25.2895","longitude":"51.5316","state_id":3181,"state_name":"Doha","country_id":179},{"active":false,"Giataid":"368235","cityId":89864,"cityName":"Doha","hotelId":368235,"hotelName":"Gokulam Park Doha","address":"P.O. Box 21836,Doha,Qatar","phones":"+97444708822","fax":"","email":"","url":"","countryIso2":"QA","countryName":"Qatar","hotelRating":"4","latitude":"25.2879","longitude":"51.547","state_id":3181,"state_name":"Doha","country_id":179},{"active":false,"Giataid":"368236","cityId":89864,"cityName":"Doha","hotelId":368236,"hotelName":"Governor West Bay Suites & Residences","address":"Diplomatic Street,Doha,Qatar,Qatar","phones":"+97444451555","fax":"","email":"","url":"","countryIso2":"QA","countryName":"Qatar","hotelRating":"5","latitude":"25.3294","longitude":"51.5291","state_id":3181,"state_name":"Doha","country_id":179},{"active":false,"Giataid":"377062","cityId":89864,"cityName":"Doha","hotelId":377062,"hotelName":"K108 Hotel","address":"80 Ibn Abdul Muttalib Street,P.O. Box 24207,Al Ghanim,Doha,Qatar","phones":"+97444333000","fax":"","email":"","url":"","countryIso2":"QA","countryName":"Qatar","hotelRating":"4","latitude":"25.2813","longitude":"51.5405","state_id":3181,"state_name":"Doha","country_id":179},{"active":false,"Giataid":"391608","cityId":89864,"cityName":"Doha","hotelId":391608,"hotelName":"Banana Island Resort Doha By Anantara","address":"P.O. Box 23919,Doha,Qatar","phones":"+97440405050","fax":"","email":"","url":"http://www.anantara.com/doha/","countryIso2":"QA","countryName":"Qatar","hotelRating":"5","latitude":"25.3769","longitude":"51.5359","state_id":3181,"state_name":"Doha","country_id":179},{"active":false,"Giataid":"400985","cityId":89864,"cityName":"Doha","hotelId":400985,"hotelName":"Souq Waqif Boutique Hotel Al Bidda","address":"Souq Waqif, P.O. Box 3496,Doha,,Qatar,Qatar","phones":"+97444336666","fax":"+97444336666","email":"reservations@swbh.com","url":"http://www.swbh.com/albiddaboutique/","countryIso2":"QA","countryName":"Qatar","hotelRating":"5","latitude":"25.2894","longitude":"51.5325","state_id":3181,"state_name":"Doha","country_id":179},{"active":false,"Giataid":"411801","cityId":89864,"cityName":"Doha","hotelId":411801,"hotelName":"Sedra Residences by Rotana","address":"","phones":"","fax":"","email":"","url":"","countryIso2":"QA","countryName":"Qatar","hotelRating":"1","latitude":"25.2895","longitude":"51.5316","state_id":3181,"state_name":"Doha","country_id":179},{"active":false,"Giataid":"413053","cityId":89864,"cityName":"Doha","hotelId":413053,"hotelName":"Marriott Marquis City Center Doha Hotel","address":"Omar Al Mukhtar Street,PO Box 25500,Area 61,Al Dafna,Street 850,Doha,Qatar","phones":"+97444195000","fax":"+97444195100","email":"","url":"http://www.marriott.com/hotels/travel/dohmq-marriott-marquis-city-center-doha-hotel/","countryIso2":"QA","countryName":"Qatar","hotelRating":"5","latitude":"25.3254","longitude":"51.5279","state_id":3181,"state_name":"Doha","country_id":179},{"active":false,"Giataid":"422375","cityId":89864,"cityName":"Doha","hotelId":422375,"hotelName":"Al Jomrok Boutique Hotel","address":"P.O. Box 1274,Souq Waqif,Doha,Qatar","phones":"+97444336666","fax":"+97444336660","email":"reservations@swbh.com","url":"http://www.swbh.com/aljomrokboutique/","countryIso2":"QA","countryName":"Qatar","hotelRating":"5","latitude":"25.2894","longitude":"51.5331","state_id":3181,"state_name":"Doha","country_id":179},{"active":false,"Giataid":"424402","cityId":89864,"cityName":"Doha","hotelId":424402,"hotelName":"Najd Boutique Hotel","address":"P.O. Box 1274,Souq Waqif,Doha,Qatar","phones":"+97444336666","fax":"+97444336660","email":"reservations@swbh.com","url":"http://www.swbh.com/najdboutique/","countryIso2":"QA","countryName":"Qatar","hotelRating":"4","latitude":"25.2863","longitude":"51.5334","state_id":3181,"state_name":"Doha","country_id":179},{"active":false,"Giataid":"455862","cityId":89864,"cityName":"Doha","hotelId":455862,"hotelName":"Guest Palace Hotel","address":"B Ring Road,Uhmu Ghalina area,Doha near Sana signal,Doha,Qatar","phones":"","fax":"","email":"","url":"","countryIso2":"QA","countryName":"Qatar","hotelRating":"2","latitude":"25.2809","longitude":"51.5443","state_id":3181,"state_name":"Doha","country_id":179},{"active":false,"Giataid":"469390","cityId":89864,"cityName":"Doha","hotelId":469390,"hotelName":"Souq Waqif Boutique Hotel Bismillah","address":"P.O. Box 1274,Souq Waqif,Doha,Qatar","phones":"+97444336666","fax":"+97444336660","email":"reservations@swbh.com","url":"http://www.swbh.com/bismillahboutique/","countryIso2":"QA","countryName":"Qatar","hotelRating":"5","latitude":"25.2869","longitude":"51.534","state_id":3181,"state_name":"Doha","country_id":179},{"active":false,"Giataid":"475897","cityId":89864,"cityName":"Doha","hotelId":475897,"hotelName":"Golden Ocean Hotel","address":"Al Meena Street,Doha,Qatar","phones":"+97444433005","fax":"","email":"info@goldenoceanhotel.com","url":"http://goldenoceanhotel.com","countryIso2":"QA","countryName":"Qatar","hotelRating":"4","latitude":"25.2859","longitude":"51.5444","state_id":3181,"state_name":"Doha","country_id":179},{"active":false,"Giataid":"488613","cityId":89864,"cityName":"Doha","hotelId":488613,"hotelName":"City Centre Rotana Doha","address":"P.O. Box: 25522, Doha, Qatar","phones":"+97444458888","fax":"","email":"","url":"","countryIso2":"QA","countryName":"Qatar","hotelRating":"5","latitude":"25.3242","longitude":"51.5333","state_id":3181,"state_name":"Doha","country_id":179},{"active":false,"Giataid":"553642","cityId":89864,"cityName":"Doha","hotelId":553642,"hotelName":"Souq Waqif Boutique Hotels Doha","address":"Souq Waqif,PO Box 3496,Doha,Qatar","phones":"+97444336666","fax":"+97444336660","email":"souqwaqif@minor.com","url":"http://www.souqwaqifresort.com","countryIso2":"QA","countryName":"Qatar","hotelRating":"5","latitude":"25.2878","longitude":"51.5323","state_id":3181,"state_name":"Doha","country_id":179},{"active":false,"Giataid":"555138","cityId":89864,"cityName":"Doha","hotelId":555138,"hotelName":"Centro Capital Doha","address":"Al Jazeera Street,P.O. Box 23935,Doha,Qatar","phones":"+97444555000","fax":"+97444555111","email":"centro.capitaldoha@rotana.com","url":"http://www.rotana.com/centrohotels/qatar/doha/centrocapitaldoha/overview/ataglance","countryIso2":"QA","countryName":"Qatar","hotelRating":"3","latitude":"25.2847","longitude":"51.5119","state_id":3181,"state_name":"Doha","country_id":179},{"active":false,"Giataid":"573493","cityId":89864,"cityName":"Doha","hotelId":573493,"hotelName":"Shangri-La Apartments Doha","address":"Conference Center Street,West Bay,P.O. Box 9282,Doha,Qatar","phones":"+97444295000","fax":"+97444295001","email":"","url":"http://www.shangri-la.com/doha/shangrila/apartments-residences/","countryIso2":"QA","countryName":"Qatar","hotelRating":"4","latitude":"25.3251","longitude":"51.5334","state_id":3181,"state_name":"Doha","country_id":179},{"active":false,"Giataid":"605868","cityId":89864,"cityName":"Doha","hotelId":605868,"hotelName":"Intercontinental Doha Residences","address":"West Bay Beach,P.O. Box 24253,Doha,Qatar","phones":"+97440312222","fax":"","email":"","url":"https://www.ihg.com/intercontinental/hotels/de/de/doha/dohrs/hoteldetail","countryIso2":"QA","countryName":"Qatar","hotelRating":"4","latitude":"25.3473","longitude":"51.5296","state_id":3181,"state_name":"Doha","country_id":179},{"active":false,"Giataid":"625875","cityId":89864,"cityName":"Doha","hotelId":625875,"hotelName":"Fraser Suites West Bay Doha","address":"Al Intisar Street,PO Box 5863,Doha,Qatar","phones":"+97444955000","fax":"+97444955001","email":"sales.westbay-doha@frasershospitality.com","url":"http://westbay-doha.frasershospitality.com/en","countryIso2":"QA","countryName":"Qatar","hotelRating":"4","latitude":"25.3253","longitude":"51.5225","state_id":3181,"state_name":"Doha","country_id":179},{"active":false,"Giataid":"643050","cityId":89859,"cityName":"Al Wakrah","hotelId":643050,"hotelName":"Al Siraaj Wakra Inn Apartment","address":"Main Road,Messied,P.O. BOX 21132,Al Wakrah,Qatar","phones":"+97444633737","fax":"","email":"","url":"http://www.wakrainn.com/","countryIso2":"QA","countryName":"Qatar","hotelRating":"1","latitude":"25.157","longitude":"51.6059","state_id":3179,"state_name":"Al Wakrah","country_id":179},{"active":false,"Giataid":"645619","cityId":89864,"cityName":"Doha","hotelId":645619,"hotelName":"The Curve Hotel","address":"P.O.Box 30503,Diplomatic Street,West Bay,Doha,Qatar","phones":"+97440078888","fax":"+97440078889","email":"enquiry@ezdancurve.qa","url":"http://www.ezdancurve.qa/","countryIso2":"QA","countryName":"Qatar","hotelRating":"3","latitude":"25.326","longitude":"51.5388","state_id":3181,"state_name":"Doha","country_id":179},{"active":false,"Giataid":"652855","cityId":89864,"cityName":"Doha","hotelId":652855,"hotelName":"Asas Twin Tower","address":"P.O.Box 19380,Building 271,Ambassadors Road - Zone 61,801 West Bay,Doha,Qatar","phones":"+97444126222","fax":"+97444126220","email":"info@asastowers.com","url":"http://www.asastowers.com","countryIso2":"QA","countryName":"Qatar","hotelRating":"1","latitude":"25.2895","longitude":"51.5316","state_id":3181,"state_name":"Doha","country_id":179},{"active":false,"Giataid":"655207","cityId":89864,"cityName":"Doha","hotelId":655207,"hotelName":"Centara Grand Hotel Doha","address":"Diplomatic Area,West Bay,PO Box 583,Doha,Qatar","phones":"","fax":"","email":"","url":"","countryIso2":"QA","countryName":"Qatar","hotelRating":"5","latitude":"25.2895","longitude":"51.5316","state_id":3181,"state_name":"Doha","country_id":179},{"active":false,"Giataid":"702225","cityId":89864,"cityName":"Doha","hotelId":702225,"hotelName":"Mondrian Doha","address":"West Bay Lagoon,Doha,Qatar","phones":"+97440455555","fax":"","email":"","url":"http://www.morganshotelgroup.com/mondrian/mondrian-doha","countryIso2":"QA","countryName":"Qatar","hotelRating":"5","latitude":"25.3762","longitude":"51.5235","state_id":3181,"state_name":"Doha","country_id":179},{"active":false,"Giataid":"731222","cityId":89859,"cityName":"Al Wakrah","hotelId":731222,"hotelName":"Time Rako Hotel","address":"Mesaieed Road,PO Box 80175,Al Wakrah,Qatar","phones":"","fax":"","email":"","url":"","countryIso2":"QA","countryName":"Qatar","hotelRating":"1","latitude":"25.1594","longitude":"51.6067","state_id":3179,"state_name":"Al Wakrah","country_id":179},{"active":false,"Giataid":"740000","cityId":89864,"cityName":"Doha","hotelId":740000,"hotelName":"Qatar Youth Hostel","address":"17 Al Rayhan Street,Luqta,Doha,Qatar","phones":"","fax":"","email":"","url":"","countryIso2":"QA","countryName":"Qatar","hotelRating":"1","latitude":"25.2895","longitude":"51.5316","state_id":3181,"state_name":"Doha","country_id":179},{"active":false,"Giataid":"749791","cityId":89864,"cityName":"Doha","hotelId":749791,"hotelName":"Victoria Hotel","address":"30 Qatari Bin Al Fujaah Street,Bin Mahmoud,Doha,Qatar","phones":"+97444765666","fax":"+97444765677","email":"reservation@victoriahoteldoha.com","url":"http://www.victoriahoteldoha.com","countryIso2":"QA","countryName":"Qatar","hotelRating":"1","latitude":"25.2895","longitude":"51.5316","state_id":3181,"state_name":"Doha","country_id":179},{"active":false,"Giataid":"761990","cityId":89864,"cityName":"Doha","hotelId":761990,"hotelName":"Premier Inn Doha Education City","address":"Al Luqta Street,Education City Doha,Doha,Katar,Qatar","phones":"","fax":"","email":"","url":"","countryIso2":"QA","countryName":"Qatar","hotelRating":"1","latitude":"25.314","longitude":"51.4416","state_id":3181,"state_name":"Doha","country_id":179},{"active":false,"Giataid":"801929","cityId":89864,"cityName":"Doha","hotelId":801929,"hotelName":"Green Garden Hotel","address":"Bahr AL Arab Street 14,Old Salata Near Islamic Museum,Doha,Qatar","phones":"+97444260100","fax":"","email":"greengarden@greengardendoha.com","url":"http://greengardendoha.com","countryIso2":"QA","countryName":"Qatar","hotelRating":"3","latitude":"25.2895","longitude":"51.5316","state_id":3181,"state_name":"Doha","country_id":179},{"active":false,"Giataid":"401454","cityId":89864,"cityName":"Doha","hotelId":10049475,"hotelName":"The Royal Riviera Hotel","address":"Al � Saflya Street,Old Salateh,Corniche,P.O. Box 29444,Qatar","phones":"+97440209777","fax":"","email":"","url":"","countryIso2":"QA","countryName":"Qatar","hotelRating":"4","latitude":"25.2888","longitude":"51.5423","state_id":3181,"state_name":"Doha","country_id":179},{"active":false,"Giataid":"431993","cityId":89864,"cityName":"Doha","hotelId":10050208,"hotelName":"Doha Downtown Hotel Apartments","address":"Al Kinana Street,PO Box 32080,Doha,Qatar","phones":"+97444380444","fax":"","email":"","url":"","countryIso2":"QA","countryName":"Qatar","hotelRating":"4","latitude":"25.2774","longitude":"51.5026","state_id":3181,"state_name":"Doha","country_id":179},{"active":false,"Giataid":"411079","cityId":89864,"cityName":"Doha","hotelId":10055491,"hotelName":"Zubarah Hotels & Resorts","address":"Al Muntazah Area,Al Rawabi Street,P.O. Box 23278,Doha,Qatar","phones":"+97444470000","fax":"","email":"","url":"","countryIso2":"QA","countryName":"Qatar","hotelRating":"3","latitude":"25.2701","longitude":"51.5178","state_id":3181,"state_name":"Doha","country_id":179},{"active":false,"Giataid":"411995","cityId":89864,"cityName":"Doha","hotelId":10061145,"hotelName":"Doubletree By Hilton Hotel Doha Old Town","address":"Al Meena Street,Doha,Qatar","phones":"+97440343333","fax":"","email":"","url":"","countryIso2":"QA","countryName":"Qatar","hotelRating":"5","latitude":"25.2879","longitude":"51.5444","state_id":3181,"state_name":"Doha","country_id":179},{"active":false,"Giataid":"406736","cityId":89864,"cityName":"Doha","hotelId":10065948,"hotelName":"Aparthotel Adagio Premium West Bay Doha","address":"Building 71 Al Tawoun Street 63,Onaiza Diplomatic Zone,Westbay,5823 Doha,Qatar","phones":"+97444038888","fax":"","email":"","url":"","countryIso2":"QA","countryName":"Qatar","hotelRating":"4","latitude":"25.3247","longitude":"51.5244","state_id":3181,"state_name":"Doha","country_id":179},{"active":false,"Giataid":"419673","cityId":89864,"cityName":"Doha","hotelId":10066189,"hotelName":"M Hotel Doha","address":"61 District Zone,Diplomatic Area,21336 Doha,Qatar","phones":"","fax":"","email":"","url":"","countryIso2":"QA","countryName":"Qatar","hotelRating":"5","latitude":"25.3283","longitude":"51.5328","state_id":3181,"state_name":"Doha","country_id":179},{"active":false,"Giataid":"423919","cityId":89864,"cityName":"Doha","hotelId":10077146,"hotelName":"Warwick Doha Hotel","address":"PO Box 24483,Sports Roundabout,Al Rayyan Road,Al Sadd Area,Doha,Qatar","phones":"974-44-5603333","fax":"974-44-563444","email":"reservations.doha@warwickhotels.com","url":"http://www.warwickdohahotel.com","countryIso2":"QA","countryName":"Qatar","hotelRating":"5","latitude":"25.2916","longitude":"51.4982","state_id":3181,"state_name":"Doha","country_id":179},{"active":false,"Giataid":"432254","cityId":89864,"cityName":"Doha","hotelId":10091477,"hotelName":"Shangri La Hotel Doha","address":"Conference Centre Street,P.O.Box 9282,West Bay,Doha,Qatar","phones":"+97444295000","fax":"NULL","email":"NULL","url":"NULL","countryIso2":"QA","countryName":"Qatar","hotelRating":"5","latitude":"25.3251","longitude":"51.5326","state_id":3181,"state_name":"Doha","country_id":179},{"active":false,"Giataid":"520720","cityId":89864,"cityName":"Doha","hotelId":10106889,"hotelName":"Sapphire Plaza Hotel","address":"19 Al Reem Street,Al Rayyan Road,Doha,Qatar","phones":"+97440337000","fax":"NULL","email":"NULL","url":"NULL","countryIso2":"QA","countryName":"Qatar","hotelRating":"4","latitude":"25.2893","longitude":"51.5109","state_id":3181,"state_name":"Doha","country_id":179},{"active":false,"Giataid":"477021","cityId":89864,"cityName":"Doha","hotelId":20000528,"hotelName":"Strato Hotel By Warwick","address":"C Ring Road,Old Airport,Near Toyota Signal,Doha,Qatar","phones":"+97440414444","fax":"+97440414555","email":"info.stratohotel","url":"https://warwickhotels.com/strato-hotel/","countryIso2":"QA","countryName":"Qatar","hotelRating":"4","latitude":"25.2688","longitude":"51.5524","state_id":3181,"state_name":"Doha","country_id":179},{"active":false,"Giataid":"488490","cityId":89864,"cityName":"Doha","hotelId":20000560,"hotelName":"The Westin Doha Hotel & Spa","address":"Salwa Road,PO Box 39474,Fereej Bin Mahmoud,Zone 23,Doha,Qatar","phones":"+97444921555","fax":"","email":"","url":"http://www.westindoha.com/","countryIso2":"QA","countryName":"Qatar","hotelRating":"5","latitude":"25.2761","longitude":"51.5129","state_id":3181,"state_name":"Doha","country_id":179},{"active":false,"Giataid":"626624","cityId":89864,"cityName":"Doha","hotelId":20000589,"hotelName":"Dana Hotel","address":"Muthaf Street,Doha,P.B. No. 15207,Qatar","phones":"+97444411776","fax":"+97444410687","email":"info.hoteldana@googlemail.com","url":"","countryIso2":"QA","countryName":"Qatar","hotelRating":"2","latitude":"25.287","longitude":"51.5437","state_id":3181,"state_name":"Doha","country_id":179},{"active":false,"Giataid":"418078","cityId":89864,"cityName":"Doha","hotelId":20000629,"hotelName":"Marsa Malaz Kempinski The Pearl Doha","address":"The Pearl,Costa Malaz Bay,Doha,Qatar","phones":"+97440355555","fax":"+97444053334","email":"reservations.marsamalaz@kempinski.com","url":"http://www.kempinski.com/en/doha/marsa-malaz-kempinski-the-pearl-doha/welcome/","countryIso2":"QA","countryName":"Qatar","hotelRating":"5","latitude":"25.3764","longitude":"51.5495","state_id":3181,"state_name":"Doha","country_id":179},{"active":false,"Giataid":"545017","cityId":89864,"cityName":"Doha","hotelId":20000672,"hotelName":"Qatar Palace Hotel","address":"44 Al-Asmakh Street,Doha,Qatar","phones":"+9744421515","fax":"+9744321515","email":"qatarpal@hotmail.com","url":"","countryIso2":"QA","countryName":"Qatar","hotelRating":"3","latitude":"25.2852","longitude":"51.5315","state_id":3181,"state_name":"Doha","country_id":179},{"active":false,"Giataid":"643803","cityId":89864,"cityName":"Doha","hotelId":20000729,"hotelName":"Holiday Inn Doha - The Business Park","address":"Airport Road,Business Park,Doha,Qatar","phones":"+97444087777","fax":"","email":"","url":"https://www.ihg.com/holidayinn/hotels/us/en/doha/dohbp/hoteldetail","countryIso2":"QA","countryName":"Qatar","hotelRating":"4","latitude":"25.2732","longitude":"51.5424","state_id":3181,"state_name":"Doha","country_id":179},{"active":false,"Giataid":"643036","cityId":89864,"cityName":"Doha","hotelId":20000771,"hotelName":"Qatar International Hotel","address":"Musherib Street,Doha,Qatar","phones":"","fax":"","email":"","url":"","countryIso2":"QA","countryName":"Qatar","hotelRating":"0","latitude":"25.2895","longitude":"51.5316","state_id":3181,"state_name":"Doha","country_id":179},{"active":false,"Giataid":"543533","cityId":89864,"cityName":"Doha","hotelId":20000812,"hotelName":"The Avenue A Murwab Hotel","address":"Jawaan Street,Al Sadd District,Doha,Qatar","phones":"+97440428222","fax":"","email":"info@avenuedoha.com","url":"http://avenuedoha.com","countryIso2":"QA","countryName":"Qatar","hotelRating":"5","latitude":"25.289","longitude":"51.4962","state_id":3181,"state_name":"Doha","country_id":179},{"active":false,"Giataid":"662053","cityId":89864,"cityName":"Doha","hotelId":20000930,"hotelName":"Retaj Inn Marina Residence","address":"Tower 26,Parcel 15A,Porto Arabia,The Pearl,Doha,Qatar","phones":"+97440028193","fax":"","email":"retajinnmarina@retaj.com","url":"http://www.retajinnmarina.com/index.php","countryIso2":"QA","countryName":"Qatar","hotelRating":"4","latitude":"25.3659","longitude":"51.5477","state_id":3181,"state_name":"Doha","country_id":179},{"active":false,"Giataid":"544945","cityId":89864,"cityName":"Doha","hotelId":20001128,"hotelName":"Qairawan Suites Hotel Apartments","address":"Al Nada Street,Al Jadeeda,Doha,Qatar","phones":"","fax":"","email":"","url":"","countryIso2":"QA","countryName":"Qatar","hotelRating":"3","latitude":"25.2778","longitude":"51.534","state_id":3181,"state_name":"Doha","country_id":179},{"active":false,"Giataid":"626619","cityId":89864,"cityName":"Doha","hotelId":20001392,"hotelName":"Al Jazeera Service Apartments","address":"Near Crazy Signal Airport road,Doha,Qatar","phones":"+97444317986","fax":"+97444313901","email":"jazeeraapartment@yahoo.com","url":"http://www.thevasantabhavan.com/","countryIso2":"QA","countryName":"Qatar","hotelRating":"0","latitude":"25.2767","longitude":"51.5388","state_id":3181,"state_name":"Doha","country_id":179},{"active":false,"Giataid":"512612","cityId":89864,"cityName":"Doha","hotelId":20001565,"hotelName":"Rawdat Al Khail Hotel","address":"Abu al Qasim Al shabi Street,P.O Box 1109,Near Al Muntazah Garden,Doha,Qatar","phones":"+97444215424","fax":"+97444215424","email":"info@rawdatalkhailhotel.com","url":"http://rawdatalkhailhotel.com/index.php/en","countryIso2":"QA","countryName":"Qatar","hotelRating":"3","latitude":"25.2676","longitude":"51.5221","state_id":3181,"state_name":"Doha","country_id":179},{"active":false,"Giataid":"643039","cityId":89864,"cityName":"Doha","hotelId":20001798,"hotelName":"The Merzam Residence Doha","address":"931 Al Kindi Street,23 Bin Mahmoud South,P.O. Box 24207,Doha,Qatar","phones":"+97444314168","fax":"+97444437635","email":"residence@merzamhotels.com","url":"http://www.merzamhotels.com/","countryIso2":"QA","countryName":"Qatar","hotelRating":"0","latitude":"25.2773","longitude":"51.5152","state_id":3181,"state_name":"Doha","country_id":179},{"active":false,"Giataid":"551110","cityId":89864,"cityName":"Doha","hotelId":20001960,"hotelName":"La Villa Suites Hotel","address":"Tariq Bin Zayed Street,Old Doha City,Doha,Qatar","phones":"","fax":"","email":"","url":"","countryIso2":"QA","countryName":"Qatar","hotelRating":"2","latitude":"25.2705","longitude":"51.5376","state_id":3181,"state_name":"Doha","country_id":179},{"active":false,"Giataid":"654990","cityId":89864,"cityName":"Doha","hotelId":20002126,"hotelName":"Millennium Plaza Doha","address":"Suhaim bin Hamad Street,Doha,Qatar","phones":"+97440416999","fax":"","email":"reservations.mphdo@millenniumhotels.com","url":"https://www.millenniumhotels.com/en/doha/millennium-plaza-doha/","countryIso2":"QA","countryName":"Qatar","hotelRating":"5","latitude":"25.2855","longitude":"51.5053","state_id":3181,"state_name":"Doha","country_id":179},{"active":false,"Giataid":"431994","cityId":89864,"cityName":"Doha","hotelId":20002508,"hotelName":"Doha Dynasty Hotel","address":"P.O Box 23238,Al Mahar Street,Behind Gold Souque,Doha,Qatar","phones":"+97444499222","fax":"+97440179763","email":"dohadynastyhotel@hotmail.com","url":"http://dohadynastyhotel.com/home.html","countryIso2":"QA","countryName":"Qatar","hotelRating":"3","latitude":"25.2833","longitude":"51.5372","state_id":3181,"state_name":"Doha","country_id":179},{"active":false,"Giataid":"271612","cityId":89864,"cityName":"Doha","hotelId":20002721,"hotelName":"Adam Plaza Hotel","address":"PO Box 4689,Doha,Qatar","phones":"+97444361100","fax":"+97444984832","email":"info@adamplazahotel.com","url":"http://www.adamplazahotel.com","countryIso2":"QA","countryName":"Qatar","hotelRating":"3","latitude":"25.2658","longitude":"51.5465","state_id":3181,"state_name":"Doha","country_id":179},{"active":false,"Giataid":"678855","cityId":89864,"cityName":"Doha","hotelId":20002986,"hotelName":"Sapphire Park Inn Hotel & Apartment","address":"Street 890 Al Sahib Bin Abbad Street,Najma,Doha,Qatar","phones":"+97440312000","fax":"","email":"info@sapphire-hotels.com","url":"http://www.sapphire-hotels.com/sapphire-park-inn","countryIso2":"QA","countryName":"Qatar","hotelRating":"0","latitude":"25.2644","longitude":"51.5429","state_id":3181,"state_name":"Doha","country_id":179},{"active":false,"Giataid":"679124","cityId":89864,"cityName":"Doha","hotelId":20003172,"hotelName":"Grand Hotel Doha","address":"PO Box 91772,Fereej Bin Mahmoud,Doha 91772,Qatar","phones":"","fax":"","email":"","url":"","countryIso2":"QA","countryName":"Qatar","hotelRating":"0","latitude":"25.2895","longitude":"51.5316","state_id":3181,"state_name":"Doha","country_id":179},{"active":false,"Giataid":"593625","cityId":89864,"cityName":"Doha","hotelId":20003392,"hotelName":"AlRayyan Hotel Doha, Curio Collection by Hilton","address":"Mall of Qatar,P.O. Box 23325,Al Rayyan,Doha,Qatar","phones":"+97444899000","fax":"+97444899599","email":"","url":"http://curiocollection3.hilton.com/en/hotels/qatar/alrayyan-hotel-doha-curio-a-collection-by-hilton-DOHMOQQ/index.html","countryIso2":"QA","countryName":"Qatar","hotelRating":"4","latitude":"25.325","longitude":"51.3512","state_id":3181,"state_name":"Doha","country_id":179},{"active":false,"Giataid":"436137","cityId":89864,"cityName":"Doha","hotelId":20003723,"hotelName":"Saraya Corniche Hotel","address":"Al Safliya Street,Old Salata,Doha,Qatar","phones":"+97444973777","fax":"+97444973797","email":"info@sarayacorniche.com","url":"http://sarayacorniche.com","countryIso2":"QA","countryName":"Qatar","hotelRating":"5","latitude":"25.2899","longitude":"51.5426","state_id":3181,"state_name":"Doha","country_id":179},{"active":false,"Giataid":"626530","cityId":89864,"cityName":"Doha","hotelId":20003904,"hotelName":"City Suites Hotel Apartments","address":"Ras Abu Abboud Road,PO Box 9786,Doha,Qatar","phones":"","fax":"","email":"","url":"","countryIso2":"QA","countryName":"Qatar","hotelRating":"0","latitude":"25.2845","longitude":"51.5473","state_id":3181,"state_name":"Doha","country_id":179},{"active":false,"Giataid":"477510","cityId":89864,"cityName":"Doha","hotelId":20004253,"hotelName":"Rawda Hotel","address":"Al Muntazah Area,near The Muntaza Park,Doha,Qatar","phones":"","fax":"","email":"","url":"","countryIso2":"QA","countryName":"Qatar","hotelRating":"3","latitude":"25.2684","longitude":"51.5241","state_id":3181,"state_name":"Doha","country_id":179},{"active":false,"Giataid":"495197","cityId":89864,"cityName":"Doha","hotelId":20004438,"hotelName":"Saray Mshereb Hotel","address":"930 Al Meyyah Street,Zone 13,Doha,Qatar","phones":"","fax":"","email":"","url":"http://www.saraymsherebhotel.online/","countryIso2":"QA","countryName":"Qatar","hotelRating":"4","latitude":"25.2825","longitude":"51.5219","state_id":3181,"state_name":"Doha","country_id":179},{"active":false,"Giataid":"417536","cityId":89864,"cityName":"Doha","hotelId":20004626,"hotelName":"Oryx Airport Hotel","address":"Hamad International Airport,Doha,Qatar","phones":"+97440108100","fax":"","email":"reservation@hiahotel.com","url":"http://hiahotel.com","countryIso2":"QA","countryName":"Qatar","hotelRating":"4","latitude":"25.2611","longitude":"51.6136","state_id":3181,"state_name":"Doha","country_id":179},{"active":false,"Giataid":"212968","cityId":89864,"cityName":"Doha","hotelId":20004799,"hotelName":"Le Mirage Sharq","address":"Anass Ben Malek,Al Hitmi,Doha,Qatar","phones":"","fax":"","email":"","url":"","countryIso2":"QA","countryName":"Qatar","hotelRating":"3","latitude":"25.2857","longitude":"51.5447","state_id":3181,"state_name":"Doha","country_id":179},{"active":false,"Giataid":"678502","cityId":89864,"cityName":"Doha","hotelId":20004932,"hotelName":"Sovereign Hotel","address":"Ras Abou Aboud Street,Old Salata,San'a Signal,Doha 18141,Qatar","phones":"","fax":"","email":"","url":"","countryIso2":"QA","countryName":"Qatar","hotelRating":"0","latitude":"25.2846","longitude":"51.5463","state_id":3181,"state_name":"Doha","country_id":179},{"active":false,"Giataid":"689598","cityId":89864,"cityName":"Doha","hotelId":20005275,"hotelName":"Al Mansour Suites Hotel","address":"Ibn Katheer Street,P.O. Box 1391,Al Mansourah,Doha,Qatar","phones":"","fax":"","email":"","url":"","countryIso2":"QA","countryName":"Qatar","hotelRating":"4","latitude":"25.2667","longitude":"51.5262","state_id":3181,"state_name":"Doha","country_id":179},{"active":false,"Giataid":"476358","cityId":89864,"cityName":"Doha","hotelId":20005457,"hotelName":"Asherij Hotel","address":"PO Box 1003,Al Sadd Area,Doha,Qatar","phones":"+97444082828","fax":"+9744436937","email":"info@asherijhotel.com","url":"http://www.asherijhotel.com","countryIso2":"QA","countryName":"Qatar","hotelRating":"3","latitude":"25.2821","longitude":"51.5079","state_id":3181,"state_name":"Doha","country_id":179},{"active":false,"Giataid":"162130","cityId":89864,"cityName":"Doha","hotelId":20005652,"hotelName":"Al Sadd Suites","address":"38 Al Qawafel Street,Al Sadd Area,Doha,Qatar","phones":"","fax":"","email":"","url":"","countryIso2":"QA","countryName":"Qatar","hotelRating":"3","latitude":"25.285","longitude":"51.4969","state_id":3181,"state_name":"Doha","country_id":179},{"active":false,"Giataid":"702085","cityId":89864,"cityName":"Doha","hotelId":20005802,"hotelName":"Al Mansour Plaza Hotel","address":"B Ring Road,1391 Doha,Ad Dawhah,Qatar","phones":"+97440208400","fax":"","email":"mohamed.elsayed@almansourplaza.com","url":"http://www.almansourplaza.com","countryIso2":"QA","countryName":"Qatar","hotelRating":"4","latitude":"25.2751","longitude":"51.5356","state_id":3181,"state_name":"Doha","country_id":179},{"active":false,"Giataid":"679141","cityId":89864,"cityName":"Doha","hotelId":20005994,"hotelName":"Grand Murwab City Center","address":"Al Sadd St Westbay Doha,Doha,Qatar","phones":"","fax":"","email":"","url":"https://www.hugedomains.com/domain_profile.cfm?d=grandmurwabdoha&e=com","countryIso2":"QA","countryName":"Qatar","hotelRating":"0","latitude":"25.2895","longitude":"51.5316","state_id":3181,"state_name":"Doha","country_id":179},{"active":false,"Giataid":"473534","cityId":89864,"cityName":"Doha","hotelId":20006168,"hotelName":"Tourist Hotel","address":"Old Salatah,Doha,Qatar","phones":"+97444321321","fax":"","email":"","url":"","countryIso2":"QA","countryName":"Qatar","hotelRating":"3","latitude":"25.2881","longitude":"51.5468","state_id":3181,"state_name":"Doha","country_id":179},{"active":false,"Giataid":"408603","cityId":89864,"cityName":"Doha","hotelId":20006521,"hotelName":"Elegance Castle Hotel","address":"Post Box 201570,830 Al Maarif Street,Al Rufa'a,Doha,Qatar","phones":"+97444097000","fax":"+97444097001","email":"info@elegancecastlehotel.com","url":"http://www.elegancecastlehotel.com","countryIso2":"QA","countryName":"Qatar","hotelRating":"3","latitude":"25.2847","longitude":"51.5446","state_id":3181,"state_name":"Doha","country_id":179},{"active":false,"Giataid":"626540","cityId":89864,"cityName":"Doha","hotelId":20006699,"hotelName":"Al Khariss Hotel","address":"PO Box 23618,Souq Waqif,Al Jasra,Doha,Qatar","phones":"","fax":"","email":"","url":"","countryIso2":"QA","countryName":"Qatar","hotelRating":"0","latitude":"25.2895","longitude":"51.5316","state_id":3181,"state_name":"Doha","country_id":179},{"active":false,"Giataid":"543984","cityId":89864,"cityName":"Doha","hotelId":20007159,"hotelName":"Diamond 2 Hotel","address":"Al Mathaf Street,Old Salata,Doha,Qatar","phones":"","fax":"","email":"","url":"","countryIso2":"QA","countryName":"Qatar","hotelRating":"3","latitude":"25.2872","longitude":"51.5476","state_id":3181,"state_name":"Doha","country_id":179},{"active":false,"Giataid":"668490","cityId":89864,"cityName":"Doha","hotelId":20007347,"hotelName":"Mandarin Oriental Doha","address":"Barahat Msheireb Street,Msheireb Downtown Doha,Doha,Qatar","phones":"+97444592678","fax":"","email":"","url":"http://www.mandarinoriental.com/doha","countryIso2":"QA","countryName":"Qatar","hotelRating":"0","latitude":"25.2895","longitude":"51.5316","state_id":3181,"state_name":"Doha","country_id":179},{"active":false,"Giataid":"678783","cityId":89864,"cityName":"Doha","hotelId":20007500,"hotelName":"Town Hotel Doha","address":"Musheireb 4,Najm Street,Doha,Qatar","phones":"+97444908200","fax":"","email":"info@thetownhotelqatar.com","url":"http://www.thetownhotelqatar.com","countryIso2":"QA","countryName":"Qatar","hotelRating":"0","latitude":"25.2803","longitude":"51.5303","state_id":3181,"state_name":"Doha","country_id":179},{"active":false,"Giataid":"702033","cityId":89864,"cityName":"Doha","hotelId":20007657,"hotelName":"Alwadi Hotel Doha MGallery By Accorhotels","address":"Corner Of Msheireb Street and,Jassim Bin Mohammed Street,Msheireb Downtown Doha,24910 Doha,Qatar","phones":"+97474725256","fax":"+97474725256","email":"","url":"http://www.accorhotels.com/gb/hotel-8395-alwadi-hotel-doha-mgallery-by-accorhotels-opening-soon/index.shtml","countryIso2":"QA","countryName":"Qatar","hotelRating":"5","latitude":"25.2856","longitude":"51.5308","state_id":3181,"state_name":"Doha","country_id":179},{"active":false,"Giataid":"699211","cityId":89864,"cityName":"Doha","hotelId":20007802,"hotelName":"Universal Suites Hotel Apartment","address":"Al Jazeera Street,Bin Mahmoud,Doha,Qatar","phones":"+97444441731","fax":"+97444441735","email":"","url":"http://www.universalsuitehotel.com","countryIso2":"QA","countryName":"Qatar","hotelRating":"0","latitude":"25.2895","longitude":"51.5316","state_id":3181,"state_name":"Doha","country_id":179},{"active":false,"Giataid":"264598","cityId":89864,"cityName":"Doha","hotelId":20007974,"hotelName":"Gulf","address":"P.o Box 7544,Doha,Qatar","phones":"","fax":"","email":"","url":"","countryIso2":"QA","countryName":"Qatar","hotelRating":"3","latitude":"25.2795","longitude":"51.5214","state_id":3181,"state_name":"Doha","country_id":179},{"active":false,"Giataid":"611540","cityId":89864,"cityName":"Doha","hotelId":20008195,"hotelName":"Golden Tulip Doha","address":"Al Meena Street,490 Doha,Qatar","phones":"+97444562266","fax":"+97444667443","email":"info@goldentulipdoha.com","url":"http://www.goldentulip.com/en/hotels/golden-tulip-doha","countryIso2":"QA","countryName":"Qatar","hotelRating":"4","latitude":"25.2855","longitude":"51.531","state_id":3181,"state_name":"Doha","country_id":179},{"active":false,"Giataid":"626539","cityId":89864,"cityName":"Doha","hotelId":20008344,"hotelName":"Al Siraaj Doha Inn","address":"Ras abou Aboud,Doha,Qatar","phones":"","fax":"","email":"","url":"","countryIso2":"QA","countryName":"Qatar","hotelRating":"0","latitude":"25.2864","longitude":"51.5311","state_id":3181,"state_name":"Doha","country_id":179},{"active":false,"Giataid":"879150","cityId":89864,"cityName":"Doha","hotelId":20363661,"hotelName":"Vichy Celestins Spa Resort � Retaj Salwa","address":"Salwa Road,Abu Nakhlah,Exit 29,Doha,Qatar","phones":"+97444286000","fax":"","email":"reservations.salwa@retaj.com","url":"http://vichy-celestins-spa-resort-retaj-salwa.com","countryIso2":"QA","countryName":"Qatar","hotelRating":"0","latitude":"25.2895","longitude":"51.5316","state_id":3181,"state_name":"Doha","country_id":179},{"active":false,"Giataid":"899685","cityId":89864,"cityName":"Doha","hotelId":20363663,"hotelName":"Al Najada Doha Hotel by Tivoli","address":"Barahat Al Jufairi Street,Al Najada,Doha,Qatar","phones":"+97444704444","fax":"+97444704445","email":"alnajada@tivolihotels.com","url":"https://www.tivolihotels.com/el-najada-tivoli","countryIso2":"QA","countryName":"Qatar","hotelRating":"5","latitude":"25.2849","longitude":"51.5336","state_id":3181,"state_name":"Doha","country_id":179},{"active":false,"Giataid":"901185","cityId":89864,"cityName":"Doha","hotelId":20363665,"hotelName":"Al Najada Doha Hotel Apartments by Oaks","address":"Barahat Al Jufairi Street,Al Najada,Doha,Qatar","phones":"+97444704445","fax":"","email":"alnajada.doha@oakshotels.com","url":"http://www.oakshotels.com/al-najada-doha-hotel-apartments-by-oaks","countryIso2":"QA","countryName":"Qatar","hotelRating":"0","latitude":"25.2849","longitude":"51.5328","state_id":3181,"state_name":"Doha","country_id":179},{"active":false,"Giataid":"878203","cityId":89864,"cityName":"Doha","hotelId":20363666,"hotelName":"Ezdan Palace Hotel","address":"Al Shamal Road,PO Box 30503,Doha,Qatar,Qatar","phones":"+97440071111","fax":"","email":"info@ezdanpalace.qa","url":"https://www.ezdanpalace.qa/","countryIso2":"QA","countryName":"Qatar","hotelRating":"4","latitude":"25.3377","longitude":"51.4621","state_id":3181,"state_name":"Doha","country_id":179},{"active":false,"Giataid":"942900","cityId":89864,"cityName":"Doha","hotelId":20363667,"hotelName":"White Moon Residence","address":"19 Amir Bin Rabiah Street 908,Zone 38,North East 3,Al Sadd Near Kia & Lulu Market,Doha,Qatar","phones":"","fax":"","email":"","url":"","countryIso2":"QA","countryName":"Qatar","hotelRating":"0","latitude":"25.2895","longitude":"51.5316","state_id":3181,"state_name":"Doha","country_id":179},{"active":false,"Giataid":"860984","cityId":89864,"cityName":"Doha","hotelId":20363668,"hotelName":"Wyndham Doha West Bay","address":"Maysaloun Street,West Bay,PO Box 5649,Doha,Qatar","phones":"+97440087000","fax":"","email":"","url":"http://www.wyndhamhotels.com/wyndham/doha-qatar/wyndham-doha-west_bay/overview","countryIso2":"QA","countryName":"Qatar","hotelRating":"5","latitude":"25.3222","longitude":"51.5251","state_id":3181,"state_name":"Doha","country_id":179},{"active":false,"Giataid":"942880","cityId":89864,"cityName":"Doha","hotelId":20363669,"hotelName":"Saravana Bhavan Furnished Apartments","address":"13 Street 860,Al Mahar Street,Zone 6,Behind Gold Souq,Near Doha Sports Club,Old Ghanem,Doha,Qatar","phones":"+9744437776","fax":"+9744439137","email":"hsbqatar@saravanabhavan.com","url":"http://www.saravanabhavan.com/pop_qatar_apartments.html","countryIso2":"QA","countryName":"Qatar","hotelRating":"0","latitude":"25.284","longitude":"51.5384","state_id":3181,"state_name":"Doha","country_id":179},{"active":false,"Giataid":"899032","cityId":89859,"cityName":"Al Wakrah","hotelId":20363670,"hotelName":"Souq Al Wakra Hotel Qatar By Tivoli","address":"Street 891 Loulou,Al Wakrah,Qatar,Qatar","phones":"","fax":"","email":"","url":"http://www.tivolihotels.com/en/souq-al-wakra-tivoli","countryIso2":"QA","countryName":"Qatar","hotelRating":"0","latitude":"25.1594","longitude":"51.6067","state_id":3179,"state_name":"Al Wakrah","country_id":179},{"active":false,"Giataid":"905579","cityId":89864,"cityName":"Doha","hotelId":20363671,"hotelName":"Le Mirage Executive Apartment","address":"Ben Mahmoud,Doha,Qatar","phones":"","fax":"","email":"","url":"http://lemirage.qa/property-management/executive/","countryIso2":"QA","countryName":"Qatar","hotelRating":"0","latitude":"25.2785","longitude":"51.5161","state_id":3181,"state_name":"Doha","country_id":179},{"active":false,"Giataid":"890176","cityId":89864,"cityName":"Doha","hotelId":20363672,"hotelName":"Casa De Doha","address":"Al Hadara Street,Al Thumama,Villa 30,Doha,Qatar","phones":"+97440375217","fax":"","email":"booking@casadedoha.com","url":"http://www.casadedoha.com/","countryIso2":"QA","countryName":"Qatar","hotelRating":"0","latitude":"25.2895","longitude":"51.5316","state_id":3181,"state_name":"Doha","country_id":179},{"active":false,"Giataid":"878790","cityId":89864,"cityName":"Doha","hotelId":20363673,"hotelName":"Staybridge Suites Doha Lusail","address":"Marina Promenade Road,Lusail,Doha,Qatar","phones":"+97444565000","fax":"","email":"staybridge.doha@ihg.com","url":"http://www.ihg.com/staybridge/hotels/us/en/doha/dohls/hoteldetail","countryIso2":"QA","countryName":"Qatar","hotelRating":"3","latitude":"25.3867","longitude":"51.5263","state_id":3181,"state_name":"Doha","country_id":179},{"active":false,"Giataid":"956071","cityId":89864,"cityName":"Doha","hotelId":20416699,"hotelName":"Park Lane Hotel Apartments","address":"811 Shahdad Street,Building 1,Zone 38,Doha,Qatar","phones":"","fax":"","email":"","url":"","countryIso2":"QA","countryName":"Qatar","hotelRating":"1","latitude":"25.2895","longitude":"51.5316","state_id":3181,"state_name":"Doha","country_id":179},{"active":false,"Giataid":"1002915","cityId":89864,"cityName":"Doha","hotelId":20438174,"hotelName":"Q Hostel","address":"Musaimeer Street,Al Ferdous Gardens Complex,Villa 5,Doha,Qatar","phones":"","fax":"","email":"","url":"","countryIso2":"QA","countryName":"Qatar","hotelRating":"1","latitude":"25.2895","longitude":"51.5316","state_id":3181,"state_name":"Doha","country_id":179},{"active":false,"Giataid":"992149","cityId":89864,"cityName":"Doha","hotelId":20438175,"hotelName":"La Castle Hotel","address":"Street 825,P. O. Box 20420,Building 6,Zone 13,Doha,Qatar","phones":"+97444733111","fax":"+97444733115","email":"reservation@lacastlehotel.qa","url":"http://www.lacastlehotel.qa","countryIso2":"QA","countryName":"Qatar","hotelRating":"1","latitude":"25.2895","longitude":"51.5316","state_id":3181,"state_name":"Doha","country_id":179},{"active":false,"Giataid":"1002898","cityId":89864,"cityName":"Doha","hotelId":20438176,"hotelName":"Casper Hostel","address":"Musaimeer Street,Al Ferdous Gardens Compound,Villa 3,Doha,Qatar","phones":"","fax":"","email":"","url":"http://casper-hostel.business.site/","countryIso2":"QA","countryName":"Qatar","hotelRating":"1","latitude":"25.2895","longitude":"51.5316","state_id":3181,"state_name":"Doha","country_id":179}]