[{"active":false,"Giataid":"469022","cityId":null,"cityName":"Majuro","hotelId":469022,"hotelName":"Marshall Islands Resort","address":"Amata Kabua Boulevard,Mieco Beach Front,PO Box 3279,Majuro,Marshall Islands,Micronesia","phones":"","fax":"","email":"","url":"","countryIso2":"FM","countryName":"Micronesia","hotelRating":"4","latitude":"7.08633","longitude":"171.373","state_id":null,"state_name":null,"country_id":null},{"active":false,"Giataid":"547942","cityId":null,"cityName":"Truk","hotelId":547942,"hotelName":"Truk Stop Hotel","address":"","phones":"","fax":"","email":"","url":"","countryIso2":"FM","countryName":"Micronesia","hotelRating":"1","latitude":"0","longitude":"0","state_id":null,"state_name":null,"country_id":null},{"active":false,"Giataid":"825908","cityId":null,"cityName":"Kosrae","hotelId":825908,"hotelName":"Pacific Treelodge Resort","address":"PO Box 637,Kosrae 96944,Micronesia","phones":"+6913707856","fax":"+6913708828","email":"info@kosraetreelodge.com","url":"http://www.kosraetreelodge.com/","countryIso2":"FM","countryName":"Micronesia","hotelRating":"1","latitude":"5.34707","longitude":"163.021","state_id":null,"state_name":null,"country_id":null},{"active":false,"Giataid":"111352","cityId":39153,"cityName":"Colonia","hotelId":10049459,"hotelName":"Traders Ridge Resort","address":"1 Yap Pacific Drive,Colonia 96943,Micronesia","phones":"+6913506000","fax":"","email":"","url":"","countryIso2":"FM","countryName":"Micronesia","hotelRating":"4","latitude":"9.5171","longitude":"138.121","state_id":2582,"state_name":"Yap State","country_id":143},{"active":false,"Giataid":"529860","cityId":null,"cityName":"Kosrae","hotelId":10049814,"hotelName":"Kosrae Village Ecolodge","address":"Teya  Lelu,96944 Kosrae,Micronesia","phones":"","fax":"","email":"","url":"","countryIso2":"FM","countryName":"Micronesia","hotelRating":"3","latitude":"5.30133","longitude":"163.03","state_id":null,"state_name":null,"country_id":null},{"active":false,"Giataid":"141586","cityId":null,"cityName":"Pohnpei","hotelId":20000949,"hotelName":"The Village","address":"P.o. Box 339,Pohnpei 96941,Micronesia","phones":"+6913202797","fax":"","email":"theVillage@mail.fm","url":"http://www.thevillagehotel.com","countryIso2":"FM","countryName":"Micronesia","hotelRating":"4","latitude":"6.89006","longitude":"158.218","state_id":null,"state_name":null,"country_id":null},{"active":false,"Giataid":"91436","cityId":null,"cityName":"Yap","hotelId":20001040,"hotelName":"Manta Ray Bay","address":"PO Box MR,Yap FSM 96943,Micronesia","phones":"+6913502300","fax":"+6913504567","email":"yapdivers@mantaray.com","url":"http://www.mantaray.com","countryIso2":"FM","countryName":"Micronesia","hotelRating":"4","latitude":"9.51794","longitude":"138.122","state_id":null,"state_name":null,"country_id":null},{"active":false,"Giataid":"141129","cityId":39230,"cityName":"Weno","hotelId":20001158,"hotelName":"Truk Blue Lagoon Resort Dive Resort","address":"Weno 96942,Chuuk,Micronesia","phones":"+6913302727","fax":"+6913302439","email":"BLResort@mail.fm","url":"http://www.bluelagoondiveresort.com","countryIso2":"FM","countryName":"Micronesia","hotelRating":"3","latitude":"7.41305","longitude":"151.843","state_id":2580,"state_name":"Chuuk State","country_id":143},{"active":false,"Giataid":"724210","cityId":null,"cityName":"Pohnpei","hotelId":20001289,"hotelName":"South Park Hotel Micronesia","address":"PO Box 829,Pohnpei 96941,Micronesia","phones":"","fax":"","email":"","url":"","countryIso2":"FM","countryName":"Micronesia","hotelRating":"0","latitude":"6.92868","longitude":"158.211","state_id":null,"state_name":null,"country_id":null}]