[{"active":false,"Giataid":"677689","cityId":16956,"cityName":"Saint-Joseph","hotelId":677689,"hotelName":"Chambre Jasmine","address":"441 Voie Communale De Bois Neuf,97212 Saint Joseph,Martinique","phones":"","fax":"","email":"","url":"","countryIso2":"MQ","countryName":"Martinique","hotelRating":"1","latitude":"14.6512","longitude":"-61.0376","state_id":873,"state_name":"Quebec","country_id":39},{"active":false,"Giataid":"38736","cityId":31008,"cityName":"Marigot","hotelId":20007262,"hotelName":"Habitation Lagrange","address":"Maison de Planteur,97225 Le Marigot,Martinique,Martinique","phones":"+596596536060","fax":"+596596535058","email":"","url":"","countryIso2":"MQ","countryName":"Martinique","hotelRating":"5","latitude":"14.8173","longitude":"-61.0466","state_id":4082,"state_name":"Saint Andrew Parish","country_id":61},{"active":false,"Giataid":"76810","cityId":17006,"cityName":"Sainte-Marie","hotelId":20011539,"hotelName":"Le Domaine de Sainte Marie","address":"Anse Azerot,97230 Sainte Marie,Martinique","phones":"+596596694040","fax":"+596596690937","email":"","url":"","countryIso2":"MQ","countryName":"Martinique","hotelRating":"4","latitude":"14.7703","longitude":"-60.9818","state_id":873,"state_name":"Quebec","country_id":39},{"active":false,"Giataid":"866024","cityId":16956,"cityName":"Saint-Joseph","hotelId":20351219,"hotelName":"L'Oliveraie","address":"Morne Des Olives - 90 Chemin Christine,97212 Sainte-Joseph,Martinique","phones":"","fax":"","email":"","url":"","countryIso2":"MQ","countryName":"Martinique","hotelRating":"0","latitude":"14.6696","longitude":"-61.0401","state_id":873,"state_name":"Quebec","country_id":39}]