[{"active":false,"Giataid":"627027","cityId":null,"cityName":"La Tapoa","hotelId":627027,"hotelName":"Hotel de la Tapoa","address":"Parc National W du Niger,La Tapoa,Niger","phones":"+22796288183","fax":"","email":"hoteltapoa@hotmail.com","url":"http://hotel-tapoa.com/?page=presentation","countryIso2":"NE","countryName":"Niger","hotelRating":"1","latitude":"12.4745","longitude":"2.42764","state_id":null,"state_name":null,"country_id":null},{"active":false,"Giataid":"433207","cityId":null,"cityName":"Niamey","hotelId":10052669,"hotelName":"Nikki Hotel","address":"Yantala Plateau Nord Face CEG 6,12244 Niamey,Niger","phones":"","fax":"","email":"","url":"","countryIso2":"NE","countryName":"Niger","hotelRating":"2","latitude":"13.5294","longitude":"2.0937","state_id":null,"state_name":null,"country_id":null},{"active":false,"Giataid":"438170","cityId":null,"cityName":"Niamey","hotelId":10052716,"hotelName":"Oasis Hotel","address":"Boulevard Mali Bero,Niamey,Niger","phones":"","fax":"","email":"","url":"","countryIso2":"NE","countryName":"Niger","hotelRating":"3","latitude":"13.5345","longitude":"2.10728","state_id":null,"state_name":null,"country_id":null},{"active":false,"Giataid":"438019","cityId":null,"cityName":"Niamey","hotelId":20000916,"hotelName":"Les Collines","address":"Route Torodi,12720 Niamey,Niger","phones":"","fax":"","email":"","url":"","countryIso2":"NE","countryName":"Niger","hotelRating":"2","latitude":"13.4989","longitude":"2.05731","state_id":null,"state_name":null,"country_id":null},{"active":false,"Giataid":"627028","cityId":null,"cityName":"Niamey","hotelId":20001010,"hotelName":"Hotel Venise","address":"B.P. 11 444 Niamey,Quartier Koubya,Route Tillab?ry,Niamey,Niger","phones":"","fax":"","email":"","url":"","countryIso2":"NE","countryName":"Niger","hotelRating":"0","latitude":"13.5308","longitude":"2.08989","state_id":null,"state_name":null,"country_id":null},{"active":false,"Giataid":"122701","cityId":null,"cityName":"Niamey","hotelId":20001096,"hotelName":"Terminus","address":"Quartier Terminus,BP 882,Gaweye,Niamey,Niger","phones":"+22720732692","fax":"+22720733974","email":"hotermi@intnet.ne","url":"http://www.hotel-terminus-niger.com","countryIso2":"NE","countryName":"Niger","hotelRating":"3","latitude":"13.4751","longitude":"2.11807","state_id":null,"state_name":null,"country_id":null},{"active":false,"Giataid":"725686","cityId":null,"cityName":"Niamey","hotelId":20001561,"hotelName":"Soluxe Hotel Niamey","address":"1100 Avenue of Africa,Niamey,Niger","phones":"","fax":"","email":"","url":"","countryIso2":"NE","countryName":"Niger","hotelRating":"5","latitude":"13.4985","longitude":"2.12056","state_id":null,"state_name":null,"country_id":null},{"active":false,"Giataid":"889535","cityId":null,"cityName":"Niamey","hotelId":20354636,"hotelName":"Adervil","address":"Village de Francophonie,Niamey,Niger","phones":"","fax":"","email":"","url":"","countryIso2":"NE","countryName":"Niger","hotelRating":"0","latitude":"13.5133","longitude":"2.10523","state_id":null,"state_name":null,"country_id":null},{"active":false,"Giataid":"956259","cityId":null,"cityName":"Niamey","hotelId":20414600,"hotelName":"Residence Plateau","address":"Rue Ib 51 Plateau,Niamey,Niger","phones":"","fax":"","email":"","url":"","countryIso2":"NE","countryName":"Niger","hotelRating":"1","latitude":"13.5163","longitude":"2.10494","state_id":null,"state_name":null,"country_id":null},{"active":false,"Giataid":"982276","cityId":null,"cityName":"Niamey","hotelId":20414601,"hotelName":"Residence Mafaya","address":"Kouara Kano,Niamey,Niger","phones":"","fax":"","email":"","url":"","countryIso2":"NE","countryName":"Niger","hotelRating":"1","latitude":"13.5163","longitude":"2.10494","state_id":null,"state_name":null,"country_id":null}]