[{"active":false,"Giataid":"249870","cityId":106840,"cityName":"Dili","hotelId":249870,"hotelName":"Esplanada","address":"Avenida da Portugal,Dili,East Timor","phones":"+6703313088","fax":"+6703313087","email":"admin@hotelesplanada.com","url":"http://www.hotelesplanada.com","countryIso2":"TL","countryName":"East Timor","hotelRating":"3","latitude":"-8.54664","longitude":"125.554","state_id":4524,"state_name":"Dili municipality","country_id":63},{"active":false,"Giataid":"453553","cityId":106840,"cityName":"Dili","hotelId":453553,"hotelName":"Beach Garden Hotel","address":"Marconi,Fatuhada,Dom Aleixo,Dili,East Timor","phones":"","fax":"","email":"","url":"","countryIso2":"TL","countryName":"East Timor","hotelRating":"1","latitude":"-8.54708","longitude":"125.555","state_id":4524,"state_name":"Dili municipality","country_id":63},{"active":false,"Giataid":"453885","cityId":106840,"cityName":"Dili","hotelId":453885,"hotelName":"Hotel The Ramelau","address":"","phones":"","fax":"","email":"","url":"","countryIso2":"TL","countryName":"East Timor","hotelRating":"4","latitude":"-8.55505","longitude":"125.548","state_id":4524,"state_name":"Dili municipality","country_id":63},{"active":false,"Giataid":"453897","cityId":106840,"cityName":"Dili","hotelId":453897,"hotelName":"Hotel Timor","address":"Rua Martires da P?tria,Dili,East Timor","phones":"","fax":"","email":"","url":"","countryIso2":"TL","countryName":"East Timor","hotelRating":"1","latitude":"-8.55417","longitude":"125.574","state_id":4524,"state_name":"Dili municipality","country_id":63},{"active":false,"Giataid":"455807","cityId":106840,"cityName":"Dili","hotelId":455807,"hotelName":"Katua's Hotel","address":"Avenida Nicolau Lobato,Dili,East Timor","phones":"","fax":"","email":"","url":"","countryIso2":"TL","countryName":"East Timor","hotelRating":"3","latitude":"-8.55242","longitude":"125.584","state_id":4524,"state_name":"Dili municipality","country_id":63},{"active":false,"Giataid":"458412","cityId":106840,"cityName":"Dili","hotelId":458412,"hotelName":"Hotel Lecidere","address":"","phones":"","fax":"","email":"","url":"","countryIso2":"TL","countryName":"East Timor","hotelRating":"3","latitude":"-8.55213","longitude":"125.585","state_id":4524,"state_name":"Dili municipality","country_id":63},{"active":false,"Giataid":"458436","cityId":106840,"cityName":"Dili","hotelId":458436,"hotelName":"Palm Beach Hotel Dili","address":"","phones":"","fax":"","email":"","url":"","countryIso2":"TL","countryName":"East Timor","hotelRating":"1","latitude":"-8.54563","longitude":"125.547","state_id":4524,"state_name":"Dili municipality","country_id":63},{"active":false,"Giataid":"458626","cityId":106840,"cityName":"Dili","hotelId":458626,"hotelName":"Novo Turismo Resort & Spa","address":"","phones":"","fax":"","email":"","url":"","countryIso2":"TL","countryName":"East Timor","hotelRating":"1","latitude":"-8.54918","longitude":"125.587","state_id":4524,"state_name":"Dili municipality","country_id":63},{"active":false,"Giataid":"469363","cityId":106840,"cityName":"Dili","hotelId":469363,"hotelName":"Plaza Hotel","address":"Ave. Presidente Nicolau,Lobato  Dili  Timor Leste,East Timor","phones":"+6703313288","fax":"+6703315151","email":"reservations@timorplazahotel.com","url":"http://www.timorplazahotel.com/","countryIso2":"TL","countryName":"East Timor","hotelRating":"3","latitude":"-8.55274","longitude":"125.583","state_id":4524,"state_name":"Dili municipality","country_id":63},{"active":false,"Giataid":"471074","cityId":106840,"cityName":"Dili","hotelId":471074,"hotelName":"Timor Plaza Hotel & Apartments","address":"Rua Presidente Nicolau Lobato,Level 5,Timor PLaza,Comoro,Dili,East Timor","phones":"+6703313288","fax":"+6703315151","email":"reservations@timorplazahotel.com","url":"http://www.timorplazahotel.com","countryIso2":"TL","countryName":"East Timor","hotelRating":"1","latitude":"-8.55079","longitude":"125.568","state_id":4524,"state_name":"Dili municipality","country_id":63},{"active":false,"Giataid":"473350","cityId":106840,"cityName":"Dili","hotelId":473350,"hotelName":"Discovery Inn","address":"Avenida Presidente Nicolau Lobato,Dili,East Timor","phones":"","fax":"","email":"","url":"http://www.agoda.com/discovery-inn/hotel/dili-tl.html","countryIso2":"TL","countryName":"East Timor","hotelRating":"1","latitude":"-8.55239","longitude":"125.585","state_id":4524,"state_name":"Dili municipality","country_id":63},{"active":false,"Giataid":"630837","cityId":106840,"cityName":"Dili","hotelId":630837,"hotelName":"D'City Hotel","address":"Rua Dos Martires Da Patria,Bebora,Dili,East Timor","phones":"","fax":"","email":"","url":"","countryIso2":"TL","countryName":"East Timor","hotelRating":"1","latitude":"-8.55725","longitude":"125.568","state_id":4524,"state_name":"Dili municipality","country_id":63},{"active":false,"Giataid":"630838","cityId":106840,"cityName":"Dili","hotelId":630838,"hotelName":"Gino's Hotel Lda","address":"56 Rua Dos Direitos Largo de Lecidere,Dili,East Timor","phones":"","fax":"","email":"","url":"","countryIso2":"TL","countryName":"East Timor","hotelRating":"1","latitude":"-8.55178","longitude":"125.583","state_id":4524,"state_name":"Dili municipality","country_id":63},{"active":false,"Giataid":"803947","cityId":106840,"cityName":"Dili","hotelId":803947,"hotelName":"Atauro Dive Resort","address":"Atauro Street,Beloi,Dili,East Timor","phones":"+6703232455","fax":"","email":"info@ataurodiveresort.com","url":"http://ataurodiveresort.com","countryIso2":"TL","countryName":"East Timor","hotelRating":"1","latitude":"-8.55079","longitude":"125.568","state_id":4524,"state_name":"Dili municipality","country_id":63},{"active":false,"Giataid":"804081","cityId":106840,"cityName":"Dili","hotelId":804081,"hotelName":"Golgota Hotel & Resort","address":"Avenida da Restauracao Comoro,Dili,East Timor","phones":"","fax":"","email":"","url":"","countryIso2":"TL","countryName":"East Timor","hotelRating":"1","latitude":"-8.55079","longitude":"125.568","state_id":4524,"state_name":"Dili municipality","country_id":63},{"active":false,"Giataid":"804128","cityId":106840,"cityName":"Dili","hotelId":804128,"hotelName":"Aquatica Dive Resort","address":"Aldeia Metin 1,Bebonuk,Comoro,Dili,East Timor","phones":"","fax":"","email":"","url":"","countryIso2":"TL","countryName":"East Timor","hotelRating":"1","latitude":"-8.55079","longitude":"125.568","state_id":4524,"state_name":"Dili municipality","country_id":63},{"active":false,"Giataid":"805665","cityId":106840,"cityName":"Dili","hotelId":805665,"hotelName":"Terra Santa Residence","address":"Avenida Presidente Nicolao Lobato,Dili,East Timor","phones":"","fax":"","email":"","url":"","countryIso2":"TL","countryName":"East Timor","hotelRating":"1","latitude":"-8.55079","longitude":"125.568","state_id":4524,"state_name":"Dili municipality","country_id":63},{"active":false,"Giataid":"806188","cityId":106840,"cityName":"Dili","hotelId":806188,"hotelName":"Malinamoc Paradise","address":"Kampung Baru,Aldeia 30 Agost,Comoro,Dili,East Timor","phones":"","fax":"","email":"","url":"","countryIso2":"TL","countryName":"East Timor","hotelRating":"1","latitude":"-8.56118","longitude":"125.528","state_id":4524,"state_name":"Dili municipality","country_id":63},{"active":false,"Giataid":"806251","cityId":106840,"cityName":"Dili","hotelId":806251,"hotelName":"Casa Minha Backpackers","address":"Rua Farol,Motael,Dili,East Timor","phones":"","fax":"","email":"ohmgroupbd@gmail.com","url":"http://casa-minha-backpackers-tl.book.direct/","countryIso2":"TL","countryName":"East Timor","hotelRating":"1","latitude":"-8.55285","longitude":"125.569","state_id":4524,"state_name":"Dili municipality","country_id":63},{"active":false,"Giataid":"807562","cityId":106840,"cityName":"Dili","hotelId":807562,"hotelName":"Vila Bemori","address":"Rua De Bemori,Dili,East Timor","phones":"","fax":"","email":"","url":"","countryIso2":"TL","countryName":"East Timor","hotelRating":"1","latitude":"-8.55079","longitude":"125.568","state_id":4524,"state_name":"Dili municipality","country_id":63},{"active":false,"Giataid":"814703","cityId":106840,"cityName":"Dili","hotelId":814703,"hotelName":"Hostel Daterra","address":"Rua De Lautem 5,Aldeia Lirio,Fuco Motael,Tos Ad Fzera,Dili,East Timor","phones":"","fax":"","email":"","url":"","countryIso2":"TL","countryName":"East Timor","hotelRating":"1","latitude":"-8.55079","longitude":"125.568","state_id":4524,"state_name":"Dili municipality","country_id":63},{"active":false,"Giataid":"815966","cityId":106840,"cityName":"Dili","hotelId":815966,"hotelName":"Sakura Tower Hotel","address":"Avenida Liberdade De Imprensa,Rua 15 De Outubro,Audian,Dili,East Timor","phones":"","fax":"","email":"","url":"","countryIso2":"TL","countryName":"East Timor","hotelRating":"1","latitude":"-8.55079","longitude":"125.568","state_id":4524,"state_name":"Dili municipality","country_id":63},{"active":false,"Giataid":"817858","cityId":106840,"cityName":"Dili","hotelId":817858,"hotelName":"Dili Central Backpackers","address":"Rua De Nu Laran 28,Bairo Dos Grilhos,Dili,East Timor","phones":"","fax":"","email":"","url":"","countryIso2":"TL","countryName":"East Timor","hotelRating":"1","latitude":"-8.55079","longitude":"125.568","state_id":4524,"state_name":"Dili municipality","country_id":63}]