[{"active":false,"Giataid":"470410","cityId":null,"cityName":"Ijero Ekiti","hotelId":470410,"hotelName":"House 9 Hotel By EcoSignature","address":"Plot M8, 9, 10; GRA, off Ijero-Aromoko Road,372101 Ijero Ekiti,Nigeria","phones":"","fax":"","email":"","url":"","countryIso2":"NG","countryName":"Nigeria","hotelRating":"3","latitude":"7.82863","longitude":"5.08808","state_id":null,"state_name":null,"country_id":null},{"active":false,"Giataid":"472822","cityId":null,"cityName":"Odogbolu","hotelId":472822,"hotelName":"Garden Rose Hotel","address":"29 Adebola Ojomo Street,Odogbolu,Aguda Surulere,Lagos,Nigeria","phones":"","fax":"","email":"","url":"","countryIso2":"NG","countryName":"Nigeria","hotelRating":"1","latitude":"6.85615","longitude":"3.78551","state_id":null,"state_name":null,"country_id":null},{"active":false,"Giataid":"473389","cityId":null,"cityName":"Iseyin","hotelId":473389,"hotelName":"Momak Hotels and Suites","address":"1 Ibadan Road,Alakuko Area,Iseyin Oyo,Nigeria","phones":"+2348134329678","fax":"","email":"email@momakhotels.com","url":"http://www.momakhotels.com/","countryIso2":"NG","countryName":"Nigeria","hotelRating":"1","latitude":"7.97649","longitude":"3.59139","state_id":null,"state_name":null,"country_id":null},{"active":false,"Giataid":"474362","cityId":null,"cityName":"Obedu","hotelId":474362,"hotelName":"Obeidu Comfort Hotel","address":"Plot 224, Irrua/Uromi Road,Obedu 100005,Nigeria","phones":"","fax":"","email":"","url":"","countryIso2":"NG","countryName":"Nigeria","hotelRating":"1","latitude":"6.73494","longitude":"6.24735","state_id":null,"state_name":null,"country_id":null},{"active":false,"Giataid":"474763","cityId":null,"cityName":"Lekki","hotelId":474763,"hotelName":"Zasarii Hotel Lekki","address":"11 Cornelius Odinjor street,off Hameed Kasumu street, Chevyview Estate, Chevron Drive,Lekki,Lagos,Nigeria","phones":"+23412954495","fax":"","email":"zdilusso@yahoo.com","url":"http://www.zasariihotels.com/","countryIso2":"NG","countryName":"Nigeria","hotelRating":"3","latitude":"6.45928","longitude":"3.60126","state_id":null,"state_name":null,"country_id":null},{"active":false,"Giataid":"474962","cityId":null,"cityName":"Lekki","hotelId":474962,"hotelName":"Maple Hotel","address":"Plot 8 Fatai Idown Arobieke Street,Off Admiralty Road,Phase 1,Lekki,Lagos,Nigeria","phones":"","fax":"","email":"info@maple-cottage.com","url":"http://www.maple-hotel.com/","countryIso2":"NG","countryName":"Nigeria","hotelRating":"3","latitude":"6.43693","longitude":"3.45631","state_id":null,"state_name":null,"country_id":null},{"active":false,"Giataid":"603173","cityId":null,"cityName":"Lekki","hotelId":603173,"hotelName":"Manyxville Hotel & Suites","address":"Plot 24 Otunba Adeleke Adesina Street, By Jeremiah Ugwu Street,Lekki 105102,Lagos,Nigeria","phones":"+23412790390","fax":"","email":"","url":"http://www.manyxvillehotel.com/","countryIso2":"NG","countryName":"Nigeria","hotelRating":"3","latitude":"6.45037","longitude":"3.47946","state_id":null,"state_name":null,"country_id":null},{"active":false,"Giataid":"606088","cityId":null,"cityName":"Lekki","hotelId":606088,"hotelName":"Crystal Court Lekki","address":"3 Shakiru Anjorin Street,Road 39 off Admirality Way,PO Box 74924,Lekki 105102,Nigeria","phones":"","fax":"","email":"","url":"","countryIso2":"NG","countryName":"Nigeria","hotelRating":"3","latitude":"6.45181","longitude":"3.47183","state_id":null,"state_name":null,"country_id":null},{"active":false,"Giataid":"625989","cityId":null,"cityName":"Sagamu","hotelId":625989,"hotelName":"Citizens Suites","address":"63 Paddy Arikawe Street,GRA Quarters, Ogun State,105102 Sagamu,Nigeria","phones":"","fax":"","email":"","url":"","countryIso2":"NG","countryName":"Nigeria","hotelRating":"1","latitude":"6.83915","longitude":"3.624","state_id":null,"state_name":null,"country_id":null},{"active":false,"Giataid":"625988","cityId":null,"cityName":"Ikorodu","hotelId":625988,"hotelName":"EcoSignature Suite","address":"9c Animashaun Street,Itasin Estate,Ikorodu 100007,Nigeria","phones":"","fax":"","email":"","url":"","countryIso2":"NG","countryName":"Nigeria","hotelRating":"2","latitude":"6.60599","longitude":"3.50497","state_id":null,"state_name":null,"country_id":null},{"active":false,"Giataid":"626014","cityId":null,"cityName":"Ile Oluji/Okeigbo","hotelId":626014,"hotelName":"J-A Luxury Suites","address":"97 Ajiferere Street,Ondo Road, Ile-Oluji, Ondo State,100007 Ile Oluji,Nigeria","phones":"","fax":"","email":"","url":"","countryIso2":"NG","countryName":"Nigeria","hotelRating":"1","latitude":"7.18623","longitude":"4.87599","state_id":null,"state_name":null,"country_id":null},{"active":false,"Giataid":"626049","cityId":null,"cityName":"Sagamu","hotelId":626049,"hotelName":"Conference Hotel and Suites","address":"11/13 Kolawole Oye-Igbimo Street,Off Obafemi Awolowo, Gra,Sagamu,Ogun State,Nigeria","phones":"+2348145004448","fax":"","email":"ENQUIRIES@","url":"http://conferencehotelnigeria.com/sagamu/","countryIso2":"NG","countryName":"Nigeria","hotelRating":"4","latitude":"6.83635","longitude":"3.6221","state_id":null,"state_name":null,"country_id":null},{"active":false,"Giataid":"626066","cityId":null,"cityName":"Surulere","hotelId":626066,"hotelName":"Kelin Height Hotel","address":"2 Bola Shadipe Street,off Adelabu street by Alhaji Masha,Surulere,Lagos State,Nigeria","phones":"+2347069142552","fax":"","email":"info@kelinheighthotel.com","url":"http://kelinheighthotel.com/","countryIso2":"NG","countryName":"Nigeria","hotelRating":"1","latitude":"6.50059","longitude":"3.34906","state_id":null,"state_name":null,"country_id":null},{"active":false,"Giataid":"626072","cityId":null,"cityName":"Ikorodu","hotelId":626072,"hotelName":"Giant Stars Hotel","address":"4 Ipara Street,off Akintola street Aruna B/Stop, Lagos,Ikorodu,Nigeria","phones":"","fax":"","email":"","url":"","countryIso2":"NG","countryName":"Nigeria","hotelRating":"1","latitude":"6.62473","longitude":"3.51361","state_id":null,"state_name":null,"country_id":null},{"active":false,"Giataid":"626097","cityId":null,"cityName":"Lekki","hotelId":626097,"hotelName":"Towne Place Hotel","address":"112 Adeba Road,Off Lakowe Phase II, Lekki Epe-Expressway Ibeju,Lekki,Nigeria","phones":"","fax":"","email":"","url":"","countryIso2":"NG","countryName":"Nigeria","hotelRating":"3","latitude":"6.45947","longitude":"3.68529","state_id":null,"state_name":null,"country_id":null},{"active":false,"Giataid":"627245","cityId":null,"cityName":"Ojo","hotelId":627245,"hotelName":"Tarez Synergy Hotels","address":"","phones":"","fax":"","email":"","url":"","countryIso2":"NG","countryName":"Nigeria","hotelRating":"1","latitude":"6.45472","longitude":"3.24042","state_id":null,"state_name":null,"country_id":null},{"active":false,"Giataid":"627299","cityId":null,"cityName":"Lekki","hotelId":627299,"hotelName":"Eagles Lekki Hotels","address":"Plot 19 Block 69A,Admiralty Way,Lagos,Nigeria","phones":"+2349056873540","fax":"","email":"info@eagleshotelsng.com","url":"","countryIso2":"NG","countryName":"Nigeria","hotelRating":"3","latitude":"6.45504","longitude":"3.60298","state_id":null,"state_name":null,"country_id":null},{"active":false,"Giataid":"627320","cityId":null,"cityName":"Lekki","hotelId":627320,"hotelName":"De Lankaster Hotel","address":"Plot 9 Africa Lane,Off Admiralty Way,Lekki Phase 1,Lekki 105102,Nigeria","phones":"","fax":"","email":"","url":"","countryIso2":"NG","countryName":"Nigeria","hotelRating":"3","latitude":"6.45113","longitude":"3.47565","state_id":null,"state_name":null,"country_id":null},{"active":false,"Giataid":"651904","cityId":null,"cityName":"Surulere","hotelId":651904,"hotelName":"Bimerks Hotels & Suites","address":"34 Oduduwa Street,Off Kilo Bus Stop,Surulere,Lagos,Nigeria","phones":"+2348068915626","fax":"","email":"info@bimerkshotel.com","url":"http://www.bimerkshotel.com/","countryIso2":"NG","countryName":"Nigeria","hotelRating":"4","latitude":"6.50163","longitude":"3.34271","state_id":null,"state_name":null,"country_id":null},{"active":false,"Giataid":"653822","cityId":null,"cityName":"Lekki","hotelId":653822,"hotelName":"Orchid Hotels","address":"Plot 3 Dreamworld Africana way,After Chevron Toll gate Plaza Before VGC Roundabout,Ikota- Lekki Expressway Lekki- Epe Road,Lagos,Nigeria","phones":"+23412915037","fax":"","email":"reservations@orchidhotelsgroup-ng.com","url":"http://www.orchidhotelsgroup-ng.com/","countryIso2":"NG","countryName":"Nigeria","hotelRating":"1","latitude":"6.45113","longitude":"3.47565","state_id":null,"state_name":null,"country_id":null},{"active":false,"Giataid":"663561","cityId":null,"cityName":"Lekki","hotelId":663561,"hotelName":"Sweet Life Home","address":"2 Ivory Street,Off First Avenue,Behind AA Rescue,Jakande Roundabout,Lekki,Nigeria","phones":"+2348146551211","fax":"","email":"info@sweetlifehome","url":"http://sweetlifehome.com","countryIso2":"NG","countryName":"Nigeria","hotelRating":"2","latitude":"6.43534","longitude":"3.50815","state_id":null,"state_name":null,"country_id":null},{"active":false,"Giataid":"663588","cityId":null,"cityName":"Lekki","hotelId":663588,"hotelName":"Viacasa Boutique Hotel","address":"Plot 12 Lai Yusuf Crescent,Next to Cable Point,Lekki,Nigeria","phones":"","fax":"","email":"","url":"","countryIso2":"NG","countryName":"Nigeria","hotelRating":"3","latitude":"6.43805","longitude":"3.45435","state_id":null,"state_name":null,"country_id":null},{"active":false,"Giataid":"663924","cityId":null,"cityName":"Lekki","hotelId":663924,"hotelName":"Preserve Apartments and Suites","address":"14 Babatunde Dabiri Street,Lekki Phase 1,Lekki 105102,Lagos,Nigeria","phones":"","fax":"","email":"","url":"","countryIso2":"NG","countryName":"Nigeria","hotelRating":"3","latitude":"6.43477","longitude":"3.4638","state_id":null,"state_name":null,"country_id":null},{"active":false,"Giataid":"664018","cityId":null,"cityName":"Lekki","hotelId":664018,"hotelName":"Atlantic Palms Suites","address":"1 Abolakale Arikawe Drive,Off Alpha Beach Road,Lekki-Epe Expressway,Right-Turn Before Chevron Roundabout,Lekki,Lagos,Nigeria","phones":"+23412931064","fax":"","email":"reservations@atlanticpalmssuites.com","url":"http://www.atlanticpalmssuites.com","countryIso2":"NG","countryName":"Nigeria","hotelRating":"3","latitude":"6.42759","longitude":"3.52761","state_id":null,"state_name":null,"country_id":null},{"active":false,"Giataid":"664028","cityId":null,"cityName":"Lekki","hotelId":664028,"hotelName":"Golden Palm Resort & Hotel","address":"23 Platinum Way,Off Jakande First Gate Bus Stop,Lekki,Nigeria","phones":"","fax":"","email":"goldenpalmsocial@gmail.com","url":"http://goldenpalmresortandhotel.com","countryIso2":"NG","countryName":"Nigeria","hotelRating":"3","latitude":"6.43968","longitude":"3.50212","state_id":null,"state_name":null,"country_id":null},{"active":false,"Giataid":"664034","cityId":null,"cityName":"Lekki","hotelId":664034,"hotelName":"Lekki Suites","address":"1A Kayode Otitoju Street,Off Admiralty,Lekki Phase 1,Lekki,Lagos,Nigeria","phones":"","fax":"","email":"","url":"http://www.lekkisuitesng.com","countryIso2":"NG","countryName":"Nigeria","hotelRating":"3","latitude":"6.45113","longitude":"3.47565","state_id":null,"state_name":null,"country_id":null},{"active":false,"Giataid":"664035","cityId":null,"cityName":"Lekki","hotelId":664035,"hotelName":"Limeridge Hotels","address":"Plot 10 Chevron Drive,Lekki,Lagos,Nigeria","phones":"+2347039260956","fax":"","email":"sales@limeridgehotels.com","url":"http://www.limeridgehotels.com","countryIso2":"NG","countryName":"Nigeria","hotelRating":"3","latitude":"6.45492","longitude":"3.53005","state_id":null,"state_name":null,"country_id":null},{"active":false,"Giataid":"664045","cityId":null,"cityName":"Lekki","hotelId":664045,"hotelName":"Pelican Hotel and Resorts","address":"1 Chevyview Estate,Off Lekki-Epe Express Way,Bellisimo Drive By Chevron Roundabout,Lekki,Lagos,Nigeria","phones":"","fax":"","email":"info@pelicaninterhotel.com","url":"http://pelicaninterhotel.com","countryIso2":"NG","countryName":"Nigeria","hotelRating":"3","latitude":"6.44138","longitude":"3.52601","state_id":null,"state_name":null,"country_id":null},{"active":false,"Giataid":"664070","cityId":null,"cityName":"Lekki","hotelId":664070,"hotelName":"The Home Lagos","address":"18 Fatai Arobieke Street,Lekki,Lagos,Nigeria","phones":"","fax":"","email":"","url":"","countryIso2":"NG","countryName":"Nigeria","hotelRating":"3","latitude":"6.59132","longitude":"3.40168","state_id":null,"state_name":null,"country_id":null},{"active":false,"Giataid":"664182","cityId":null,"cityName":"Lekki","hotelId":664182,"hotelName":"Royal Stop-Over Suites","address":"45 Udeco Medical Road,Chevy View Estate,Chevron Drive,Lekki Epe Expressway,Lekki,Nigeria","phones":"","fax":"","email":"","url":"","countryIso2":"NG","countryName":"Nigeria","hotelRating":"2","latitude":"6.44349","longitude":"3.52665","state_id":null,"state_name":null,"country_id":null},{"active":false,"Giataid":"664302","cityId":null,"cityName":"Surulere","hotelId":664302,"hotelName":"Benestar Suites","address":"34 Tafawa Balewa Crescent,off Adeniran Ogunsanya Street,Close to Teslim balogun Stadium,Surulere,Lagos,Nigeria","phones":"+23412121855","fax":"","email":"info@benestarsuites.com.ng","url":"http://www.benestarsuites.com.ng","countryIso2":"NG","countryName":"Nigeria","hotelRating":"3","latitude":"6.49706","longitude":"3.35543","state_id":null,"state_name":null,"country_id":null},{"active":false,"Giataid":"664319","cityId":null,"cityName":"Surulere","hotelId":664319,"hotelName":"Avital Suites and Resort","address":"15 Sam Shonibare Street,off Ogunlana Drive,Surulere,Lagos,Nigeria","phones":"","fax":"","email":"","url":"","countryIso2":"NG","countryName":"Nigeria","hotelRating":"3","latitude":"6.51112","longitude":"3.34941","state_id":null,"state_name":null,"country_id":null},{"active":false,"Giataid":"664318","cityId":null,"cityName":"Surulere","hotelId":664318,"hotelName":"Millicent Hotel and Suites","address":"45B Ijesha Road,Adedeji Busstop,Surulere,Lagos,Nigeria","phones":"","fax":"","email":"","url":"","countryIso2":"NG","countryName":"Nigeria","hotelRating":"3","latitude":"6.50844","longitude":"3.33586","state_id":null,"state_name":null,"country_id":null},{"active":false,"Giataid":"664325","cityId":null,"cityName":"Surulere","hotelId":664325,"hotelName":"Selino Suites","address":"50 Babs Animashaun Street Extension,Opposite Fountain Heights School,Beside UBA Bank,NYSC Secretariat,Surulere 550104,Lagos,Nigeria","phones":"+23417747049","fax":"+23412710159","email":"info@selinosuites.com","url":"http://www.selinosuites.com","countryIso2":"NG","countryName":"Nigeria","hotelRating":"3","latitude":"6.50004","longitude":"3.3501","state_id":null,"state_name":null,"country_id":null},{"active":false,"Giataid":"664328","cityId":null,"cityName":"Surulere","hotelId":664328,"hotelName":"Precinct Comfort Services Surulere","address":"70A Masha Road,Surulere,Lagos,Nigeria","phones":"","fax":"","email":"","url":"http://precinctcomfort.com","countryIso2":"NG","countryName":"Nigeria","hotelRating":"2","latitude":"6.50104","longitude":"3.35214","state_id":null,"state_name":null,"country_id":null},{"active":false,"Giataid":"664335","cityId":null,"cityName":"Lekki","hotelId":664335,"hotelName":"Amador Suites","address":"7/8 Young Arabamen Street,Farm 47 Stop,Ogidan,Off Lekki-Epe Expressway,Lekki 105102,Nigeria","phones":"","fax":"","email":"","url":"","countryIso2":"NG","countryName":"Nigeria","hotelRating":"3","latitude":"6.47461","longitude":"3.62188","state_id":null,"state_name":null,"country_id":null},{"active":false,"Giataid":"664336","cityId":null,"cityName":"Lekki","hotelId":664336,"hotelName":"Lekki Miami Beach Resort Ltd","address":"Alpha Beach Road,Owonikoko,Okun-Ajah Lekki Eleganza,Bus-Stop,Lekki,Lagos,Nigeria","phones":"","fax":"","email":"reservation@lekkimiamibeachresort.com","url":"http://www.lekkimiamibeachresort.com","countryIso2":"NG","countryName":"Nigeria","hotelRating":"2","latitude":"6.42556","longitude":"3.57217","state_id":null,"state_name":null,"country_id":null},{"active":false,"Giataid":"664364","cityId":null,"cityName":"Ojo","hotelId":664364,"hotelName":"Eagleston Plaza Hotel","address":"100 Imo Close,Opposite Bank PHB,Near Trade Fair,Badagry Expressway,Ojo 550104,Lagos,Nigeria","phones":"","fax":"","email":"","url":"","countryIso2":"NG","countryName":"Nigeria","hotelRating":"2","latitude":"6.45867","longitude":"3.23411","state_id":null,"state_name":null,"country_id":null},{"active":false,"Giataid":"664365","cityId":null,"cityName":"Lekki","hotelId":664365,"hotelName":"Peninsula Resort Ltd","address":"km 25 Epe Express Way,Ajah,Lekki,Lagos,Nigeria","phones":"","fax":"","email":"","url":"","countryIso2":"NG","countryName":"Nigeria","hotelRating":"2","latitude":"6.47285","longitude":"3.58107","state_id":null,"state_name":null,"country_id":null},{"active":false,"Giataid":"678388","cityId":null,"cityName":"Ikorodu","hotelId":678388,"hotelName":"Brilliant Hotel and Suites","address":"20 Olugbenga Salami Close,Off Ijede Road,Ikorodu 104101,Nigeria","phones":"","fax":"","email":"","url":"","countryIso2":"NG","countryName":"Nigeria","hotelRating":"3","latitude":"6.62473","longitude":"3.51361","state_id":null,"state_name":null,"country_id":null},{"active":false,"Giataid":"678420","cityId":null,"cityName":"Ikorodu","hotelId":678420,"hotelName":"Jaftel Hotels & Suites","address":"35/37 Tinubu Estate Road,Odogunyan,Off Sagamu Road,Odonla,Ikorodu 104101,Lagos,Nigeria","phones":"","fax":"","email":"","url":"","countryIso2":"NG","countryName":"Nigeria","hotelRating":"3","latitude":"6.62473","longitude":"3.51361","state_id":null,"state_name":null,"country_id":null},{"active":false,"Giataid":"678681","cityId":null,"cityName":"Ikorodu","hotelId":678681,"hotelName":"Sheriffyt Royale Hotel & Suites","address":"95/97 Shagamu Road,Odogunyan,Beside Lagos State Polytechnic Laspotech,Ikorodu,Lagos,Nigeria","phones":"+23490095674460","fax":"","email":"info@sheriffyt-royale.com","url":"http://www.sheriffyt-royale.com","countryIso2":"NG","countryName":"Nigeria","hotelRating":"3","latitude":"6.62473","longitude":"3.51361","state_id":null,"state_name":null,"country_id":null},{"active":false,"Giataid":"701542","cityId":null,"cityName":"Ikorodu","hotelId":701542,"hotelName":"Labi Oasis Hotel","address":"6 Ewuala Street,By Odo Eran,Off Beach Road,Off TOS Benson Road,Ikorodu 104101,Lagos,Nigeria","phones":"","fax":"","email":"","url":"","countryIso2":"NG","countryName":"Nigeria","hotelRating":"2","latitude":"6.60647","longitude":"3.49538","state_id":null,"state_name":null,"country_id":null},{"active":false,"Giataid":"711835","cityId":null,"cityName":"Ikorodu","hotelId":711835,"hotelName":"Prestige Events Centre","address":"No 1 Prestige Avenue,off Owede-Ibeshe New Road,Ikorodu,Lagos,Nigeria","phones":"","fax":"","email":"","url":"","countryIso2":"NG","countryName":"Nigeria","hotelRating":"3","latitude":"6.56159","longitude":"3.47729","state_id":null,"state_name":null,"country_id":null},{"active":false,"Giataid":"711947","cityId":null,"cityName":"Lekki","hotelId":711947,"hotelName":"Jata Event & Resort Centre","address":"KM 39 Lekki Epe Express Way,Opposite Saphire Estate Beside Choscheris Motor,Lekki,Nigeria","phones":"+2349038187137","fax":"","email":"info@jataeventsresort.com","url":"http://jataeventsresort.com","countryIso2":"NG","countryName":"Nigeria","hotelRating":"3","latitude":"6.47139","longitude":"3.71183","state_id":null,"state_name":null,"country_id":null},{"active":false,"Giataid":"711965","cityId":null,"cityName":"Lekki","hotelId":711965,"hotelName":"Sabitex Hotel","address":"Km 14 Lekki/Epe Expressway,Ikate-Elegushi, Sabitex Hotel Drive,Lekki 550104,Lagos,Nigeria","phones":"","fax":"","email":"","url":"","countryIso2":"NG","countryName":"Nigeria","hotelRating":"3","latitude":"6.45113","longitude":"3.47565","state_id":null,"state_name":null,"country_id":null},{"active":false,"Giataid":"711982","cityId":null,"cityName":"Ikorodu","hotelId":711982,"hotelName":"Destiny Castle","address":"Plot 2,4, 6 & 8, Ogunshe Estate, Off Laspotech Road,Ikorodu,Lagos,Nigeria","phones":"+2348023054811","fax":"","email":"booking@d-destinycastle.com","url":"http://www.d-destinycastle.com","countryIso2":"NG","countryName":"Nigeria","hotelRating":"2","latitude":"6.64209","longitude":"3.5168","state_id":null,"state_name":null,"country_id":null},{"active":false,"Giataid":"711999","cityId":null,"cityName":"Ikorodu","hotelId":711999,"hotelName":"International New Life Hotel & Suites","address":"11 Paulson Odu Avenue,Estate off Ebere Road, Ogolonto,Ikorodu,Nigeria","phones":"","fax":"","email":"","url":"","countryIso2":"NG","countryName":"Nigeria","hotelRating":"2","latitude":"6.62473","longitude":"3.51361","state_id":null,"state_name":null,"country_id":null},{"active":false,"Giataid":"712295","cityId":null,"cityName":"Lekki","hotelId":712295,"hotelName":"Atican Beach Resort Hotel","address":"Off Abraham Adesanya Estate Road,Okun Ajah Town,Lekki-Ajah,Lagos,Nigeria","phones":"+2348186034521","fax":"","email":"aticanbeach@gmail.com","url":"https://www.aticanbeachng.com","countryIso2":"NG","countryName":"Nigeria","hotelRating":"3","latitude":"6.42632","longitude":"3.59697","state_id":null,"state_name":null,"country_id":null},{"active":false,"Giataid":"737014","cityId":null,"cityName":"Lekki","hotelId":737014,"hotelName":"The Dover Hotel Lekki","address":"Plot 10, Road 16,Olubunmi Owa Street,Lekki Phase 1,Lekki,Lagos,Nigeria","phones":"+234127043603","fax":"","email":"info@thedoverhotel.com","url":"http://www.thedoverhotel.com/en/rooms-suites/lekki-rooms-suites","countryIso2":"NG","countryName":"Nigeria","hotelRating":"1","latitude":"6.44697","longitude":"3.47119","state_id":null,"state_name":null,"country_id":null},{"active":false,"Giataid":"797232","cityId":null,"cityName":"Lekki","hotelId":797232,"hotelName":"Floben Royal Hotel","address":"1 Floben Drive,Off Lekki Ajah Expressway,Lekki,Nigeria","phones":"","fax":"","email":"","url":"","countryIso2":"NG","countryName":"Nigeria","hotelRating":"1","latitude":"6.45113","longitude":"3.47565","state_id":null,"state_name":null,"country_id":null},{"active":false,"Giataid":"797245","cityId":null,"cityName":"Lekki","hotelId":797245,"hotelName":"Swiss Villa Suites","address":"Cornlius Odinjor Street,Lekki Penninsula II,Lekki 105102,Nigeria","phones":"","fax":"","email":"","url":"","countryIso2":"NG","countryName":"Nigeria","hotelRating":"1","latitude":"6.45113","longitude":"3.47565","state_id":null,"state_name":null,"country_id":null},{"active":false,"Giataid":"798058","cityId":null,"cityName":"Lekki","hotelId":798058,"hotelName":"Waterlilies Suites","address":"30 Jide Agbalaya Street,Chevy View Estate,Lekki Penninsula II,Lekki 105102,Nigeria","phones":"","fax":"","email":"","url":"","countryIso2":"NG","countryName":"Nigeria","hotelRating":"1","latitude":"6.45113","longitude":"3.47565","state_id":null,"state_name":null,"country_id":null},{"active":false,"Giataid":"798089","cityId":null,"cityName":"Ikorodu","hotelId":798089,"hotelName":"Shibbess Luxury Bar","address":"18 Ebun Ogunjimi Street,Ikorodu,Nigeria","phones":"","fax":"","email":"","url":"","countryIso2":"NG","countryName":"Nigeria","hotelRating":"1","latitude":"6.62473","longitude":"3.51361","state_id":null,"state_name":null,"country_id":null},{"active":false,"Giataid":"798208","cityId":null,"cityName":"Ikorodu","hotelId":798208,"hotelName":"Morano Hotel","address":"5-7 Afolabi Balogun Crescent,Ikorodu,Nigeria","phones":"","fax":"","email":"","url":"","countryIso2":"NG","countryName":"Nigeria","hotelRating":"1","latitude":"6.62473","longitude":"3.51361","state_id":null,"state_name":null,"country_id":null},{"active":false,"Giataid":"798350","cityId":null,"cityName":"Ikorodu","hotelId":798350,"hotelName":"Yais Hotel and Suites","address":"14 Yaya Abubakar Street,Awobo Estate,Ikorodu,Nigeria","phones":"","fax":"","email":"","url":"","countryIso2":"NG","countryName":"Nigeria","hotelRating":"1","latitude":"6.62473","longitude":"3.51361","state_id":null,"state_name":null,"country_id":null},{"active":false,"Giataid":"798358","cityId":null,"cityName":"Surulere","hotelId":798358,"hotelName":"Maple Inn","address":"21 Memudu Aremu Street,Off Cole Street,Ikate Surulere 21,Surulere,Lagos,Nigeria","phones":"+2348189999910","fax":"","email":"info@mapleinnlagos.com","url":"http://www.mapleinnlagos.com","countryIso2":"NG","countryName":"Nigeria","hotelRating":"1","latitude":"6.50154","longitude":"3.34655","state_id":null,"state_name":null,"country_id":null},{"active":false,"Giataid":"798716","cityId":null,"cityName":"Lekki","hotelId":798716,"hotelName":"Warike Hotel and Suites","address":"3-8 Alhaji Tolani Bakare Street,Warike Close,Abijo Bus Stop,Lekki 105102,Nigeria","phones":"","fax":"","email":"","url":"","countryIso2":"NG","countryName":"Nigeria","hotelRating":"1","latitude":"6.45113","longitude":"3.47565","state_id":null,"state_name":null,"country_id":null},{"active":false,"Giataid":"798813","cityId":null,"cityName":"Surulere","hotelId":798813,"hotelName":"Cherrybay Hotel","address":"1 Rosamond Street,Off Ramos Street,Surulere,Lagos,Nigeria","phones":"","fax":"","email":"","url":"","countryIso2":"NG","countryName":"Nigeria","hotelRating":"1","latitude":"6.50154","longitude":"3.34655","state_id":null,"state_name":null,"country_id":null},{"active":false,"Giataid":"798818","cityId":null,"cityName":"Ikorodu","hotelId":798818,"hotelName":"Mambillah Hotel","address":"6/10 Omodisu Street,Off Isawo Road,Beside 2nd Mobil Filling Station,Agric Bus Stop,Ikorodu,Lagos,Nigeria","phones":"","fax":"","email":"mambillahhotels@yahoo.com","url":"http://www.mambillahhotels.com/","countryIso2":"NG","countryName":"Nigeria","hotelRating":"1","latitude":"6.62473","longitude":"3.51361","state_id":null,"state_name":null,"country_id":null},{"active":false,"Giataid":"798885","cityId":null,"cityName":"Lekki","hotelId":798885,"hotelName":"Global Inn & Resort","address":"Ado/Badore Road,Papa Bustop,Ajah Lekki,Lekki,Nigeria","phones":"","fax":"","email":"","url":"","countryIso2":"NG","countryName":"Nigeria","hotelRating":"1","latitude":"6.45113","longitude":"3.47565","state_id":null,"state_name":null,"country_id":null},{"active":false,"Giataid":"798924","cityId":null,"cityName":"Lekki","hotelId":798924,"hotelName":"Villa Thirty Three","address":"33 jayjay oladimeji close,off freedom way lekki phase 1,Lekki,Nigeria","phones":"","fax":"","email":"","url":"","countryIso2":"NG","countryName":"Nigeria","hotelRating":"1","latitude":"6.45113","longitude":"3.47565","state_id":null,"state_name":null,"country_id":null},{"active":false,"Giataid":"798978","cityId":null,"cityName":"Sagamu","hotelId":798978,"hotelName":"Redgate Restolounge","address":"Obafemi Awolowo Avenue,Gra Quarters,Sagamu 121001,Nigeria","phones":"","fax":"","email":"","url":"","countryIso2":"NG","countryName":"Nigeria","hotelRating":"1","latitude":"6.83775","longitude":"3.62305","state_id":null,"state_name":null,"country_id":null},{"active":false,"Giataid":"800197","cityId":null,"cityName":"Lekki","hotelId":800197,"hotelName":"Amiras Paley Hotel","address":"29 Lagasa Road,Oribanwa,Ibeju Lekki,Lekki,Nigeria","phones":"","fax":"","email":"","url":"","countryIso2":"NG","countryName":"Nigeria","hotelRating":"1","latitude":"6.45113","longitude":"3.47565","state_id":null,"state_name":null,"country_id":null},{"active":false,"Giataid":"801762","cityId":null,"cityName":"Lekki","hotelId":801762,"hotelName":"Ohonba Royal Hotel","address":"Lekki-Epe Express Way,km 55,Lekki,Lagos,Nigeria","phones":"","fax":"","email":"","url":"","countryIso2":"NG","countryName":"Nigeria","hotelRating":"1","latitude":"6.45113","longitude":"3.47565","state_id":null,"state_name":null,"country_id":null},{"active":false,"Giataid":"804953","cityId":null,"cityName":"Lekki","hotelId":804953,"hotelName":"RTT Guest House","address":"3 Sule Close,Near Ona-Ara Petrol Station,Lakowe,Lekki,Nigeria","phones":"","fax":"","email":"","url":"","countryIso2":"NG","countryName":"Nigeria","hotelRating":"1","latitude":"6.45113","longitude":"3.47565","state_id":null,"state_name":null,"country_id":null},{"active":false,"Giataid":"806963","cityId":null,"cityName":"Sagamu","hotelId":806963,"hotelName":"Lekgreens Hotel & Suite","address":"36 Paddy Arikawe,G.R.A Quarter Sagamu,Sagamu,Nigeria","phones":"","fax":"","email":"","url":"","countryIso2":"NG","countryName":"Nigeria","hotelRating":"1","latitude":"6.83775","longitude":"3.62305","state_id":null,"state_name":null,"country_id":null},{"active":false,"Giataid":"808200","cityId":null,"cityName":"Lekki","hotelId":808200,"hotelName":"Steflo Royal Hotel","address":"63 Aresco Road,Ogombo Road,Off Lekki-Epe Express Way,Through Abaraham Adesanya Roundabout,Ajah,Lekki,Nigeria","phones":"","fax":"","email":"","url":"","countryIso2":"NG","countryName":"Nigeria","hotelRating":"1","latitude":"6.45113","longitude":"3.47565","state_id":null,"state_name":null,"country_id":null},{"active":false,"Giataid":"808213","cityId":null,"cityName":"Lekki","hotelId":808213,"hotelName":"Carleton Hotel And Suite","address":"9 Langbasa,Pastor Olayemi Close,Off Ado-Badore Round-About,By Langbasa Primary School,Lekki 550104,Lagos,Nigeria","phones":"+2348143235633","fax":"","email":"info@carletonhotels.com","url":"http://www.carletonhotels.com","countryIso2":"NG","countryName":"Nigeria","hotelRating":"1","latitude":"6.45113","longitude":"3.47565","state_id":null,"state_name":null,"country_id":null},{"active":false,"Giataid":"809319","cityId":null,"cityName":"Surulere","hotelId":809319,"hotelName":"Quality Lodging and Suite","address":"10 Babatunde Street,Off Ogunlana Drive,Suru Lere,Nigeria","phones":"","fax":"","email":"","url":"","countryIso2":"NG","countryName":"Nigeria","hotelRating":"1","latitude":"6.50154","longitude":"3.34655","state_id":null,"state_name":null,"country_id":null},{"active":false,"Giataid":"809330","cityId":null,"cityName":"Lekki","hotelId":809330,"hotelName":"Beachland Hotel","address":"1 Ogombo Street,Opposite Abraham Adesanya Estate Lekki-Epe Expressway Ajah,Lekki,Nigeria","phones":"","fax":"","email":"","url":"","countryIso2":"NG","countryName":"Nigeria","hotelRating":"1","latitude":"6.45113","longitude":"3.47565","state_id":null,"state_name":null,"country_id":null},{"active":false,"Giataid":"809331","cityId":null,"cityName":"Lekki","hotelId":809331,"hotelName":"Lancaster Hotels & Suites","address":"3 Bethel Close,Off Modupe Young Street,Thomas  Estate,Ajah Lekki,Lekki,Nigeria","phones":"","fax":"","email":"","url":"","countryIso2":"NG","countryName":"Nigeria","hotelRating":"1","latitude":"6.45113","longitude":"3.47565","state_id":null,"state_name":null,"country_id":null},{"active":false,"Giataid":"809348","cityId":null,"cityName":"Surulere","hotelId":809348,"hotelName":"Adig Suites","address":"17/40 Adetola Street,Aguda,Surulere 101283,Lagos,Nigeria","phones":"+2347019044469","fax":"","email":"info@adigsuites.com","url":"http://adigsuites.com/","countryIso2":"NG","countryName":"Nigeria","hotelRating":"1","latitude":"6.50154","longitude":"3.34655","state_id":null,"state_name":null,"country_id":null},{"active":false,"Giataid":"812123","cityId":null,"cityName":"Sagamu","hotelId":812123,"hotelName":"Sunrise Hotel & Conference","address":"Plot 15 Bolanle Avenue,Off Oba Erinwole Awolesi Road,GRA,Sagamu 121101,Nigeria","phones":"","fax":"","email":"","url":"","countryIso2":"NG","countryName":"Nigeria","hotelRating":"1","latitude":"6.83775","longitude":"3.62305","state_id":null,"state_name":null,"country_id":null},{"active":false,"Giataid":"813099","cityId":null,"cityName":"Lekki","hotelId":813099,"hotelName":"Jonaith Hotel and Suites","address":"Lekki Epe Expressway km 47,By Lagos Business School,Okoh Odo,Ajah,Lekki 100001,Nigeria","phones":"","fax":"","email":"","url":"","countryIso2":"NG","countryName":"Nigeria","hotelRating":"1","latitude":"6.45113","longitude":"3.47565","state_id":null,"state_name":null,"country_id":null},{"active":false,"Giataid":"813123","cityId":null,"cityName":"Lekki","hotelId":813123,"hotelName":"Hymax Grace Hotel And Suites Lekki","address":"Emeka Nweze Street,Lekki Phase 1,Ibeju,Lagos,Nigeria","phones":"","fax":"","email":"","url":"","countryIso2":"NG","countryName":"Nigeria","hotelRating":"1","latitude":"6.50182","longitude":"3.39252","state_id":null,"state_name":null,"country_id":null},{"active":false,"Giataid":"813124","cityId":null,"cityName":"Ojo","hotelId":813124,"hotelName":"Blueivy Suites","address":"4 Oladukun Ishola Street,By Yellow Corner Igbo Elerin,Off Gbadagry Express Way,Ojo,Lagos,Nigeria","phones":"","fax":"","email":"","url":"","countryIso2":"NG","countryName":"Nigeria","hotelRating":"1","latitude":"6.45679","longitude":"3.23703","state_id":null,"state_name":null,"country_id":null},{"active":false,"Giataid":"813165","cityId":null,"cityName":"Lekki","hotelId":813165,"hotelName":"Emmy Hotel And Suites","address":"km 33 St Charles Close,Lekki-Epe Express Way,By Lakowe Lake Golf Course Bus-Stop,Lekki 105102,Nigeria","phones":"","fax":"","email":"","url":"","countryIso2":"NG","countryName":"Nigeria","hotelRating":"1","latitude":"6.45113","longitude":"3.47565","state_id":null,"state_name":null,"country_id":null},{"active":false,"Giataid":"813206","cityId":null,"cityName":"Lekki","hotelId":813206,"hotelName":"Royalty Beach Resort","address":"Okun Ajah Road,Lekki 105101,Nigeria","phones":"","fax":"","email":"","url":"","countryIso2":"NG","countryName":"Nigeria","hotelRating":"1","latitude":"6.45113","longitude":"3.47565","state_id":null,"state_name":null,"country_id":null},{"active":false,"Giataid":"815563","cityId":null,"cityName":"Lekki","hotelId":815563,"hotelName":"D Sky Holiday Inn","address":"14/15 Olusesi Street,Ibeju Lekki,Lekki,Lagos,Nigeria","phones":"","fax":"","email":"","url":"http://www.a-hotel.com/nigeria/lekki/1089713-d-sky-holiday-inn/","countryIso2":"NG","countryName":"Nigeria","hotelRating":"1","latitude":"6.45113","longitude":"3.47565","state_id":null,"state_name":null,"country_id":null},{"active":false,"Giataid":"816477","cityId":null,"cityName":"Ojo","hotelId":816477,"hotelName":"Jonore Business Hotel and Suites","address":"77 Ojo Igbede Road,Iyana Iba,Ojo,Lagos,Nigeria","phones":"","fax":"","email":"","url":"","countryIso2":"NG","countryName":"Nigeria","hotelRating":"1","latitude":"6.45679","longitude":"3.23703","state_id":null,"state_name":null,"country_id":null},{"active":false,"Giataid":"817511","cityId":null,"cityName":"Lekki","hotelId":817511,"hotelName":"Axor Hotels & Suites","address":"16/17 Sule Olusesi Road,Beside Nigeria Conservation Centre,Opposite Chevron Head Office,Second Toll Gate,Off Lekki Express Way,Lekki 105102,Lagos,Nigeria","phones":"+23412913056","fax":"","email":"info@axorhotelsandsuites.com","url":"http://axorhotelsandsuites.com","countryIso2":"NG","countryName":"Nigeria","hotelRating":"1","latitude":"6.45113","longitude":"3.47565","state_id":null,"state_name":null,"country_id":null},{"active":false,"Giataid":"817519","cityId":null,"cityName":"Lekki","hotelId":817519,"hotelName":"Texas Overseas Catering Limited","address":"6 Dele Adedeji Street,off durosimi etti,105102 Lekki,Nigeria","phones":"","fax":"","email":"","url":"","countryIso2":"NG","countryName":"Nigeria","hotelRating":"1","latitude":"6.45113","longitude":"3.47565","state_id":null,"state_name":null,"country_id":null},{"active":false,"Giataid":"819438","cityId":null,"cityName":"Lekki","hotelId":819438,"hotelName":"Sun Heaven Hotel & Resort Lekki","address":"Plot 9 Admiralty Road,Block 8,Lekki Phase 1,Lekki,Lagos,Nigeria","phones":"","fax":"","email":"","url":"","countryIso2":"NG","countryName":"Nigeria","hotelRating":"1","latitude":"6.45113","longitude":"3.47565","state_id":null,"state_name":null,"country_id":null},{"active":false,"Giataid":"820006","cityId":null,"cityName":"Sagamu","hotelId":820006,"hotelName":"Greenland Events Centre And Suites","address":"1-3 Dr Yinka Ilori Avenue,Off Oyedele Road,GRA Quarters Via Obafemi Awolowo Road,Sagamu 121101,Nigeria","phones":"","fax":"","email":"","url":"","countryIso2":"NG","countryName":"Nigeria","hotelRating":"1","latitude":"6.83775","longitude":"3.62305","state_id":null,"state_name":null,"country_id":null},{"active":false,"Giataid":"822272","cityId":null,"cityName":"Lekki","hotelId":822272,"hotelName":"House One Hotel","address":"Abijo km 42,Lekki-Epe Expressway,Beside First Option School,Destiny Homes Estate,234001 Lekki,Lagos,Nigeria","phones":"+23412934569","fax":"","email":"info@houseonehotel.com","url":"http://www.houseonehotel.com/","countryIso2":"NG","countryName":"Nigeria","hotelRating":"1","latitude":"6.45113","longitude":"3.47565","state_id":null,"state_name":null,"country_id":null},{"active":false,"Giataid":"851657","cityId":null,"cityName":"Ikorodu","hotelId":851657,"hotelName":"Duckland Hotel And Suites Ltd","address":"1/3 Bashiru Oshikoya Street,Off Ijede Road,Ikorodu 100001,Lagos,Nigeria","phones":"","fax":"","email":"","url":"","countryIso2":"NG","countryName":"Nigeria","hotelRating":"1","latitude":"6.62473","longitude":"3.51361","state_id":null,"state_name":null,"country_id":null},{"active":false,"Giataid":"851675","cityId":null,"cityName":"Lekki","hotelId":851675,"hotelName":"Bellband Apartments Lagos","address":"5A Chief Collins Street,Lekki 101001,Lagos,Nigeria","phones":"","fax":"","email":"","url":"","countryIso2":"NG","countryName":"Nigeria","hotelRating":"1","latitude":"6.45113","longitude":"3.47565","state_id":null,"state_name":null,"country_id":null},{"active":false,"Giataid":"851688","cityId":null,"cityName":"Lekki","hotelId":851688,"hotelName":"Chaka Resort & Extension","address":"1 Chaka Road,Off Lekki Free Trade Zone Way,Mosayo Beach,Lekki 101001,Lagos,Nigeria","phones":"","fax":"","email":"","url":"","countryIso2":"NG","countryName":"Nigeria","hotelRating":"1","latitude":"6.45113","longitude":"3.47565","state_id":null,"state_name":null,"country_id":null},{"active":false,"Giataid":"851749","cityId":null,"cityName":"Lekki","hotelId":851749,"hotelName":"Castle City Resort & Suites Annex","address":"3 Balogun Disu Street,Ibeju-Lekki,Baba Adisa,Lekki 101001,Lagos,Nigeria","phones":"","fax":"","email":"","url":"http://www.hotels.com/ho746479968","countryIso2":"NG","countryName":"Nigeria","hotelRating":"1","latitude":"6.45113","longitude":"3.47565","state_id":null,"state_name":null,"country_id":null},{"active":false,"Giataid":"851864","cityId":null,"cityName":"Ikorodu","hotelId":851864,"hotelName":"Kaft Hotels And Lounge","address":"3 Hassan Oduga Street,Off Shagamu Road,Ikorodu Liberation Bus Stop,Ikorodu,Nigeria","phones":"","fax":"","email":"","url":"","countryIso2":"NG","countryName":"Nigeria","hotelRating":"1","latitude":"6.62473","longitude":"3.51361","state_id":null,"state_name":null,"country_id":null},{"active":false,"Giataid":"851947","cityId":null,"cityName":"Lekki","hotelId":851947,"hotelName":"The Stonehouse Hotel","address":"22 Admirality Road,Off Admirality Way,Phase 1,Victoria Island,Lekki,Lagos,Nigeria","phones":"+23412708343","fax":"+23412708342","email":"info@thestonehouseboutiquehotel.com","url":"http://www.thestonehouseboutiquehotel.com/","countryIso2":"NG","countryName":"Nigeria","hotelRating":"1","latitude":"6.45113","longitude":"3.47565","state_id":null,"state_name":null,"country_id":null},{"active":false,"Giataid":"851955","cityId":null,"cityName":"Ikorodu","hotelId":851955,"hotelName":"Big Soul Hotel & Garden","address":"Sarah Olakunbi Street,Ikorodu,Lagos,Nigeria","phones":"","fax":"","email":"","url":"","countryIso2":"NG","countryName":"Nigeria","hotelRating":"1","latitude":"6.62473","longitude":"3.51361","state_id":null,"state_name":null,"country_id":null},{"active":false,"Giataid":"852053","cityId":null,"cityName":"Lekki","hotelId":852053,"hotelName":"Lekki Hotel And Suites","address":"Elexkan Road,Off John Source Avenue,Off Lekki-Epe Express Way,Lekki,Lagos,Nigeria","phones":"","fax":"","email":"","url":"","countryIso2":"NG","countryName":"Nigeria","hotelRating":"1","latitude":"6.45113","longitude":"3.47565","state_id":null,"state_name":null,"country_id":null},{"active":false,"Giataid":"852064","cityId":null,"cityName":"Ikorodu","hotelId":852064,"hotelName":"Lukham Crown Hotel","address":"14/18 Olumide Shobote Street,Ijede Road,Oke Eletu Bus Stop,Ikorodu,Lagos,Nigeria","phones":"","fax":"","email":"","url":"","countryIso2":"NG","countryName":"Nigeria","hotelRating":"1","latitude":"6.62473","longitude":"3.51361","state_id":null,"state_name":null,"country_id":null},{"active":false,"Giataid":"852145","cityId":null,"cityName":"Ikorodu","hotelId":852145,"hotelName":"Summer Vista Ensuit Hotel","address":"Summer Vista 1,Owoniboys Bus Stop,Agbede Oluola,Ikorodu,Lagos,Nigeria","phones":"","fax":"","email":"","url":"","countryIso2":"NG","countryName":"Nigeria","hotelRating":"1","latitude":"6.62473","longitude":"3.51361","state_id":null,"state_name":null,"country_id":null},{"active":false,"Giataid":"852156","cityId":null,"cityName":"Surulere","hotelId":852156,"hotelName":"Osajamen Hotel","address":"30 Oremerin Street,Off Oduselu Street,Itire,Surulere,Lagos,Nigeria","phones":"","fax":"","email":"","url":"","countryIso2":"NG","countryName":"Nigeria","hotelRating":"1","latitude":"6.50154","longitude":"3.34655","state_id":null,"state_name":null,"country_id":null},{"active":false,"Giataid":"160106","cityId":null,"cityName":"Obudu","hotelId":10099563,"hotelName":"Obudu Mountain Resort","address":"Obanliku Local Government Area,Po Box 1037,Obudu,Nigeria","phones":"NULL","fax":"NULL","email":"NULL","url":"NULL","countryIso2":"NG","countryName":"Nigeria","hotelRating":"3","latitude":"6.62251","longitude":"9.34052","state_id":null,"state_name":null,"country_id":null},{"active":false,"Giataid":"470792","cityId":null,"cityName":"Ikoyi","hotelId":10128481,"hotelName":"Lakeem Suites Ikoyi","address":"16 Sunbo Jibowu Street,Off Ribadu Road, Awolowo Raod,(Behind Mobil Filling Station),Ikoyi, Lagos,Nigeria","phones":"+2348111955289","fax":"NULL","email":"NULL","url":"NULL","countryIso2":"NG","countryName":"Nigeria","hotelRating":"3","latitude":"6.44343","longitude":"3.41918","state_id":null,"state_name":null,"country_id":null},{"active":false,"Giataid":"626002","cityId":null,"cityName":"Surulere","hotelId":20026219,"hotelName":"Lakeemsuites Surulere","address":"23 Adebola Street,Off Adeniran Ogunsanya,Surulere,Lagos,Nigeria","phones":"+2348065548612","fax":"","email":"lakeem2@yahoo.com","url":"http://www.lakeemsuitesng.com/","countryIso2":"NG","countryName":"Nigeria","hotelRating":"0","latitude":"6.57103","longitude":"3.39187","state_id":null,"state_name":null,"country_id":null},{"active":false,"Giataid":"707200","cityId":null,"cityName":"Ikorodu","hotelId":20052484,"hotelName":"Billiard Hotel","address":"16 Rasak Banjoko Street,Off Odofin Road,Festac,Igbogbo,Ikorodu 550104,Lagos,Nigeria","phones":"","fax":"","email":"","url":"","countryIso2":"NG","countryName":"Nigeria","hotelRating":"2","latitude":"6.62473","longitude":"3.51361","state_id":null,"state_name":null,"country_id":null},{"active":false,"Giataid":"653856","cityId":null,"cityName":"Ikoyi","hotelId":20354689,"hotelName":"Springpark Yaad Hotel","address":"8b Ondo Street,Osborne Foreshore,Ikoyi,Lagos,Nigeria","phones":"+23412933256","fax":"","email":"info@springparkyaad.com","url":"http://www.springparkyaad.com/","countryIso2":"NG","countryName":"Nigeria","hotelRating":"4","latitude":"6.464","longitude":"3.42671","state_id":null,"state_name":null,"country_id":null},{"active":false,"Giataid":"678888","cityId":null,"cityName":"Ikoyi","hotelId":20354703,"hotelName":"Jade Court","address":"Kwara Street,Osborne Foreshore 1,Ikoyi,Lagos,Nigeria","phones":"+23414536818","fax":"","email":"reservations@jadecourt.com","url":"http://www.jadecourt.com","countryIso2":"NG","countryName":"Nigeria","hotelRating":"0","latitude":"6.44859","longitude":"3.41001","state_id":null,"state_name":null,"country_id":null},{"active":false,"Giataid":"664009","cityId":null,"cityName":"Ikoyi","hotelId":20354720,"hotelName":"Pilgrims Brook Hotels Ltd","address":"7B Obadeyi Close,Off Street Gregory,Off Awolowo Road,Ikoyi,Lagos,Nigeria","phones":"","fax":"","email":"","url":"","countryIso2":"NG","countryName":"Nigeria","hotelRating":"3","latitude":"6.44523","longitude":"3.40867","state_id":null,"state_name":null,"country_id":null},{"active":false,"Giataid":"664014","cityId":null,"cityName":"Ikoyi","hotelId":20354741,"hotelName":"Upper Class Suites","address":"6A Olufemi Pedro Street,Parkview Estate Ikoyi,Ikoyi,Lagos,Nigeria","phones":"","fax":"","email":"","url":"","countryIso2":"NG","countryName":"Nigeria","hotelRating":"3","latitude":"6.45771","longitude":"3.4406","state_id":null,"state_name":null,"country_id":null},{"active":false,"Giataid":"894079","cityId":null,"cityName":"Ikorodu","hotelId":20354772,"hotelName":"D Jos Hotel","address":"11 D Jos Close,Off Yusuf Street,Agric Bus-Stop,Ijede,Ikorodu 550104,Lagos,Nigeria","phones":"","fax":"","email":"","url":"","countryIso2":"NG","countryName":"Nigeria","hotelRating":"0","latitude":"6.62387","longitude":"3.5135","state_id":null,"state_name":null,"country_id":null},{"active":false,"Giataid":"882627","cityId":null,"cityName":"Ikorodu","hotelId":20354869,"hotelName":"Jinsaab Inn","address":"2B Alhaja Olaribigbe Street,Ishawo Road,Ikorodu,Lagos,Nigeria","phones":"","fax":"","email":"","url":"","countryIso2":"NG","countryName":"Nigeria","hotelRating":"2","latitude":"6.63254","longitude":"3.48211","state_id":null,"state_name":null,"country_id":null},{"active":false,"Giataid":"882637","cityId":null,"cityName":"Ikorodu","hotelId":20354892,"hotelName":"Moye Hotel","address":"117 Sagamu Road,Opposite Graceland,Ikorodu,Lagos,Nigeria","phones":"","fax":"","email":"","url":"","countryIso2":"NG","countryName":"Nigeria","hotelRating":"2","latitude":"6.62387","longitude":"3.5135","state_id":null,"state_name":null,"country_id":null},{"active":false,"Giataid":"921750","cityId":null,"cityName":"Ikoyi","hotelId":20354894,"hotelName":"Temple Private","address":"12 Temple Road,Ikoyi,lagos,Nigeria","phones":"","fax":"","email":"","url":"","countryIso2":"NG","countryName":"Nigeria","hotelRating":"0","latitude":"6.45379","longitude":"3.42282","state_id":null,"state_name":null,"country_id":null},{"active":false,"Giataid":"885847","cityId":null,"cityName":"Ikorodu","hotelId":20354964,"hotelName":"Exclusive Relaxation Place & Bar","address":"Ijede Road km 4,Opposite Promise Land,Iyarakan,Ikorodu,Lagos,Nigeria","phones":"","fax":"","email":"","url":"","countryIso2":"NG","countryName":"Nigeria","hotelRating":"2","latitude":"6.62387","longitude":"3.5135","state_id":null,"state_name":null,"country_id":null},{"active":false,"Giataid":"893855","cityId":null,"cityName":"Ikorodu","hotelId":20354993,"hotelName":"1st Delightsome House","address":"Delightsome Street,Off Ijede Road,Surulere Bus Stop,Itamaga,Ikorodu,Lagos State,Nigeria","phones":"+2347059880000","fax":"","email":"info@1stdelightsomehouse.com.ng","url":"http://1stdelightsomehouse.com.ng","countryIso2":"NG","countryName":"Nigeria","hotelRating":"2","latitude":"6.62387","longitude":"3.5135","state_id":null,"state_name":null,"country_id":null},{"active":false,"Giataid":"872758","cityId":null,"cityName":"Ikorodu","hotelId":20355025,"hotelName":"Masbat De Kings Hotel","address":"Sabo Itokin Road,km 2 Kasholori,Ikorodu,Lagos,Nigeria","phones":"","fax":"","email":"","url":"","countryIso2":"NG","countryName":"Nigeria","hotelRating":"3","latitude":"6.62387","longitude":"3.5135","state_id":null,"state_name":null,"country_id":null},{"active":false,"Giataid":"915891","cityId":null,"cityName":"Ikorodu","hotelId":20355026,"hotelName":"Royal Dof Hotel","address":"Abadat Banjoko Street,Ikorodu,Nigeria","phones":"","fax":"","email":"","url":"","countryIso2":"NG","countryName":"Nigeria","hotelRating":"0","latitude":"6.62387","longitude":"3.5135","state_id":null,"state_name":null,"country_id":null},{"active":false,"Giataid":"882677","cityId":null,"cityName":"Ikorodu","hotelId":20355039,"hotelName":"Janny Paul Hotel & Suites","address":"192 Ijede Road,Elemu Bus Stop,Oke Eletu,Ijede,Ikorodu,Lagos,Nigeria","phones":"","fax":"","email":"","url":"","countryIso2":"NG","countryName":"Nigeria","hotelRating":"0","latitude":"6.62387","longitude":"3.5135","state_id":null,"state_name":null,"country_id":null},{"active":false,"Giataid":"890534","cityId":null,"cityName":"Lekki","hotelId":20355058,"hotelName":"Fun City Hotel 2","address":"Along Lekki Free Trade Zone Road,Beside Total filling Station,Ibeju-Lekki,Lekki,Lagos,Nigeria","phones":"","fax":"","email":"","url":"","countryIso2":"NG","countryName":"Nigeria","hotelRating":"2","latitude":"6.45113","longitude":"3.47565","state_id":null,"state_name":null,"country_id":null},{"active":false,"Giataid":"903902","cityId":null,"cityName":"Lekki","hotelId":20355059,"hotelName":"Villa Savoye Hotels And Resorts","address":"5 Tony Egbokhian Street,Lekki-Epe Express Way,Lekki,Lagos,Nigeria","phones":"","fax":"","email":"","url":"","countryIso2":"NG","countryName":"Nigeria","hotelRating":"0","latitude":"6.45113","longitude":"3.47565","state_id":null,"state_name":null,"country_id":null},{"active":false,"Giataid":"921867","cityId":null,"cityName":"Ikorodu","hotelId":20355066,"hotelName":"Aplus Hotel And Suites","address":"Unnamed Road,Ilepete,Ikorodu,Nigeria","phones":"","fax":"","email":"","url":"","countryIso2":"NG","countryName":"Nigeria","hotelRating":"0","latitude":"6.62387","longitude":"3.5135","state_id":null,"state_name":null,"country_id":null},{"active":false,"Giataid":"886002","cityId":null,"cityName":"Lekki","hotelId":20355084,"hotelName":"Fun City Hotel 1","address":"2 Odunlami Street,Elekon Off Lekki Free Trade Zone Road,Lekki 105102,Nigeria","phones":"","fax":"","email":"","url":"","countryIso2":"NG","countryName":"Nigeria","hotelRating":"2","latitude":"6.45113","longitude":"3.47565","state_id":null,"state_name":null,"country_id":null},{"active":false,"Giataid":"902910","cityId":null,"cityName":"Lekki","hotelId":20355085,"hotelName":"BC Place","address":"34 Adegbenle Street,Chevy View Estate,Lekki,Lagos,Nigeria","phones":"","fax":"","email":"","url":"","countryIso2":"NG","countryName":"Nigeria","hotelRating":"0","latitude":"6.45113","longitude":"3.47565","state_id":null,"state_name":null,"country_id":null},{"active":false,"Giataid":"922141","cityId":null,"cityName":"Lekki","hotelId":20355086,"hotelName":"Double M Exquisite Lounge And Suites","address":"9 Kazeem Abogun Street,New Road,Alpha Beach Road,Chevron,Lekki,Lagos,Nigeria","phones":"","fax":"","email":"reservation@doublemhotels.com","url":"http://doublemhotels.com/","countryIso2":"NG","countryName":"Nigeria","hotelRating":"0","latitude":"6.45113","longitude":"3.47565","state_id":null,"state_name":null,"country_id":null},{"active":false,"Giataid":"894677","cityId":null,"cityName":"Ikorodu","hotelId":20355094,"hotelName":"House Of Blues Hotel & Entertainment Center","address":"50 Igbo Olomu Road,Off Ishawo,Ikorodu,Nigeria","phones":"","fax":"","email":"","url":"","countryIso2":"NG","countryName":"Nigeria","hotelRating":"2","latitude":"6.62387","longitude":"3.5135","state_id":null,"state_name":null,"country_id":null},{"active":false,"Giataid":"872919","cityId":null,"cityName":"Lekki","hotelId":20355112,"hotelName":"Ocean Pavillion Hotel & Suites","address":"16 Ologolo Drive,Off Lekki Beach Entrance,Lekki,Nigeria","phones":"","fax":"","email":"","url":"http://www.hotels.com/ho871016352","countryIso2":"NG","countryName":"Nigeria","hotelRating":"3","latitude":"6.45113","longitude":"3.47565","state_id":null,"state_name":null,"country_id":null},{"active":false,"Giataid":"895162","cityId":null,"cityName":"Lekki","hotelId":20355113,"hotelName":"Rooken Villas Hotel & Spa","address":"Plot B2 Fatai Arobieke Street,Block 21,Phase 1,Lekki,Nigeria","phones":"+2347010010950","fax":"","email":"info@rookenvillas.com","url":"http://www.rookenvillas.com","countryIso2":"NG","countryName":"Nigeria","hotelRating":"0","latitude":"6.45113","longitude":"3.47565","state_id":null,"state_name":null,"country_id":null},{"active":false,"Giataid":"922105","cityId":null,"cityName":"Lekki","hotelId":20355114,"hotelName":"Highgarden Hostel","address":"Folabi Oyeyemi Close,IKota Villa Estate,Lekki Peninsula,Lekki 105101,Nigeria","phones":"","fax":"","email":"","url":"","countryIso2":"NG","countryName":"Nigeria","hotelRating":"0","latitude":"6.45113","longitude":"3.47565","state_id":null,"state_name":null,"country_id":null},{"active":false,"Giataid":"894733","cityId":null,"cityName":"Lekki","hotelId":20355135,"hotelName":"H3 Luxury Cottage","address":"3A Shakiru Ajorin Street,Off Admiralty Way,Phase 1,Lekki,Lagos,Nigeria","phones":"","fax":"","email":"","url":"","countryIso2":"NG","countryName":"Nigeria","hotelRating":"3","latitude":"6.45113","longitude":"3.47565","state_id":null,"state_name":null,"country_id":null},{"active":false,"Giataid":"922021","cityId":null,"cityName":"Lekki","hotelId":20355136,"hotelName":"Hillsbay Hotels","address":"km23 Lekki-Epe Express Way,Abraham Adesanya Round,Lekki,Lagos,Nigeria","phones":"+23414536376","fax":"","email":"reservations@hillsbayhotels.com","url":"http://www.hillsbayhotels.com/","countryIso2":"NG","countryName":"Nigeria","hotelRating":"0","latitude":"6.45113","longitude":"3.47565","state_id":null,"state_name":null,"country_id":null},{"active":false,"Giataid":"882669","cityId":null,"cityName":"Lekki","hotelId":20355148,"hotelName":"Sylva Link Suites","address":"2A Prince Adelowo Adedeji Street,Off Admiralty Way,Lekki Phase 1,Lekki,Lagos,Nigeria","phones":"","fax":"","email":"","url":"","countryIso2":"NG","countryName":"Nigeria","hotelRating":"2","latitude":"6.45113","longitude":"3.47565","state_id":null,"state_name":null,"country_id":null},{"active":false,"Giataid":"902803","cityId":null,"cityName":"Lekki","hotelId":20355149,"hotelName":"Parktonian Hotel Lekki","address":"Plot 2 Kayode Animashaun Street,Lekki,Nigeria","phones":"","fax":"","email":"","url":"","countryIso2":"NG","countryName":"Nigeria","hotelRating":"0","latitude":"6.45113","longitude":"3.47565","state_id":null,"state_name":null,"country_id":null},{"active":false,"Giataid":"922116","cityId":null,"cityName":"Lekki","hotelId":20355150,"hotelName":"De Mood Guest House","address":"6 Olayinka Atiku Street,Ajah,Lekki 101245,Nigeria","phones":"","fax":"","email":"","url":"","countryIso2":"NG","countryName":"Nigeria","hotelRating":"0","latitude":"6.45113","longitude":"3.47565","state_id":null,"state_name":null,"country_id":null},{"active":false,"Giataid":"893272","cityId":null,"cityName":"Lekki","hotelId":20355163,"hotelName":"Cynergy Suites Royale","address":"20 Lekki-Epe Expressway,Lekki,Lagos,Nigeria","phones":"","fax":"","email":"","url":"","countryIso2":"NG","countryName":"Nigeria","hotelRating":"3","latitude":"6.45113","longitude":"3.47565","state_id":null,"state_name":null,"country_id":null},{"active":false,"Giataid":"915967","cityId":null,"cityName":"Lekki","hotelId":20355164,"hotelName":"Backbone Hotel","address":"18 Bola Balogun Street,Losoro Estate,Lagasa Town,Ibeju,Lekki,Nigeria","phones":"","fax":"","email":"","url":"","countryIso2":"NG","countryName":"Nigeria","hotelRating":"0","latitude":"6.45113","longitude":"3.47565","state_id":null,"state_name":null,"country_id":null},{"active":false,"Giataid":"894295","cityId":null,"cityName":"Lekki","hotelId":20355176,"hotelName":"Prestige Villa","address":"4 Westend Road,Ikota,Lekki 100001,Nigeria","phones":"","fax":"","email":"","url":"","countryIso2":"NG","countryName":"Nigeria","hotelRating":"4","latitude":"6.45113","longitude":"3.47565","state_id":null,"state_name":null,"country_id":null},{"active":false,"Giataid":"921675","cityId":null,"cityName":"Lekki","hotelId":20355177,"hotelName":"The Mayhill","address":"12 Muritalu Street,Lekki-Epe Expressway,Osapa London,Lekki Phase 2,Lekki,Nigeria","phones":"","fax":"","email":"","url":"","countryIso2":"NG","countryName":"Nigeria","hotelRating":"0","latitude":"6.45113","longitude":"3.47565","state_id":null,"state_name":null,"country_id":null},{"active":false,"Giataid":"886021","cityId":null,"cityName":"Lekki","hotelId":20355185,"hotelName":"Fun City Hotel 3","address":"Lekki Free Trade Zone Road,Lekki,Nigeria","phones":"","fax":"","email":"","url":"","countryIso2":"NG","countryName":"Nigeria","hotelRating":"2","latitude":"6.45113","longitude":"3.47565","state_id":null,"state_name":null,"country_id":null},{"active":false,"Giataid":"903781","cityId":null,"cityName":"Lekki","hotelId":20355186,"hotelName":"Modex Hotel Lekki","address":"8A Hunponu Wusu Street,Off Hakeem Dickson,Lekki,Nigeria","phones":"","fax":"","email":"","url":"","countryIso2":"NG","countryName":"Nigeria","hotelRating":"0","latitude":"6.45113","longitude":"3.47565","state_id":null,"state_name":null,"country_id":null},{"active":false,"Giataid":"798804","cityId":null,"cityName":"Surulere","hotelId":20355274,"hotelName":"Platinum Inn Gee Hotel","address":"27 Ekololu Street,Surulere 101283,Nigeria","phones":"","fax":"","email":"","url":"","countryIso2":"NG","countryName":"Nigeria","hotelRating":"3","latitude":"6.51077","longitude":"3.35517","state_id":null,"state_name":null,"country_id":null},{"active":false,"Giataid":"915078","cityId":null,"cityName":"Sagamu","hotelId":20355302,"hotelName":"Nandas Hotel","address":"77/79 Ajegunle Street,Off Akarigbo Road,Shagamu,Ogun,Nigeria","phones":"+2348180160813","fax":"","email":"nandas.reservation@gmail.com","url":"http://nandashotels.com/","countryIso2":"NG","countryName":"Nigeria","hotelRating":"0","latitude":"6.83775","longitude":"3.62305","state_id":null,"state_name":null,"country_id":null},{"active":false,"Giataid":"912018","cityId":null,"cityName":"Sagamu","hotelId":20355306,"hotelName":"Moye Hotel Sagamu","address":"Oba Awolesi Road,Sagamu,Nigeria","phones":"","fax":"","email":"","url":"","countryIso2":"NG","countryName":"Nigeria","hotelRating":"0","latitude":"6.83775","longitude":"3.62305","state_id":null,"state_name":null,"country_id":null}]