[{"active":false,"Giataid":"25955","cityId":null,"cityName":"Malbun (Liechtenstein)","hotelId":25955,"hotelName":"Familienhotel Gorfion","address":"Stubistrasse 8,FL-9497 Malbun-Triesenberg,Liechtenstein","phones":"+4232659000","fax":"+4232659900","email":"gorfion@s-hotels.com","url":"http://www.gorfion.li","countryIso2":"LI","countryName":"Liechtenstein","hotelRating":"4","latitude":"47.101","longitude":"9.60875","state_id":null,"state_name":null,"country_id":null},{"active":false,"Giataid":"28834","cityId":null,"cityName":"Malbun (Liechtenstein)","hotelId":28834,"hotelName":"Malbunerhof","address":"","phones":"","fax":"","email":"","url":"","countryIso2":"LI","countryName":"Liechtenstein","hotelRating":"4","latitude":"47.1009","longitude":"9.60996","state_id":null,"state_name":null,"country_id":null},{"active":false,"Giataid":"356052","cityId":null,"cityName":"Malbun (Liechtenstein)","hotelId":356052,"hotelName":"Apartment Musbuhl","address":"","phones":"","fax":"","email":"","url":"","countryIso2":"LI","countryName":"Liechtenstein","hotelRating":"1","latitude":"47.1009","longitude":"9.60996","state_id":null,"state_name":null,"country_id":null},{"active":false,"Giataid":"430714","cityId":null,"cityName":"Liechtenstein","hotelId":430714,"hotelName":"Roulette Hotel 3 Sterne","address":"","phones":"","fax":"","email":"","url":"","countryIso2":"LI","countryName":"Liechtenstein","hotelRating":"3","latitude":"47.2183","longitude":"9.51143","state_id":null,"state_name":null,"country_id":null},{"active":false,"Giataid":"467547","cityId":null,"cityName":"Malbun (Liechtenstein)","hotelId":467547,"hotelName":"JUFA Hotel Malbun - Alpin-Resort","address":"","phones":"+4233992000","fax":"","email":"","url":"","countryIso2":"LI","countryName":"Liechtenstein","hotelRating":"3","latitude":"47.1056","longitude":"9.6044","state_id":null,"state_name":null,"country_id":null},{"active":false,"Giataid":"552226","cityId":null,"cityName":"Liechtenstein","hotelId":552226,"hotelName":"b_smart Hotel","address":"Selemad 12,9487 Gamprin-Bendern,Liechtenstein","phones":"+4232304747","fax":"","email":"welcome@b-smarts.net","url":"http://www.b-smarthotel.net","countryIso2":"LI","countryName":"Liechtenstein","hotelRating":"4","latitude":"47.2052","longitude":"9.50264","state_id":null,"state_name":null,"country_id":null},{"active":false,"Giataid":"622440","cityId":null,"cityName":"Malbun (Liechtenstein)","hotelId":20001240,"hotelName":"Vogeli Alpenhotel Malbun","address":"Im Malbun 11,9497 Malbun,Liechtenstein","phones":"+4232653100","fax":"","email":"info@alpenhotel.li","url":"http://www.alpenhotel.li/","countryIso2":"LI","countryName":"Liechtenstein","hotelRating":"2","latitude":"47.0976","longitude":"9.61497","state_id":null,"state_name":null,"country_id":null}]