[{"active":false,"Giataid":"48033","cityId":6768,"cityName":"Palm Island","hotelId":48033,"hotelName":"Palm Island Resort","address":"Palm Island,Saint Vincent and the Grenadines","phones":"+178419544818787","fax":"","email":"ann@eliteislands.com","url":"http://www.palmislandresortgrenadines.com","countryIso2":"VC","countryName":"Saint Vincent and the Grenadines","hotelRating":"4","latitude":"12.5863","longitude":"-61.3994","state_id":3905,"state_name":"Queensland","country_id":14},{"active":false,"Giataid":"187506","cityId":130034,"cityName":"Kingstown","hotelId":187506,"hotelName":"The New Montrose Hotel","address":"Halifax Street PO Box 215","phones":"","fax":"","email":"","url":"","countryIso2":"VC","countryName":"Saint Vincent and the Grenadines","hotelRating":"2","latitude":"13.1513","longitude":"-61.2194","state_id":3384,"state_name":"Saint George Parish","country_id":188},{"active":false,"Giataid":"503264","cityId":130034,"cityName":"Kingstown","hotelId":503264,"hotelName":"Heron at Bridgehouse","address":"","phones":"","fax":"","email":"","url":"","countryIso2":"VC","countryName":"Saint Vincent and the Grenadines","hotelRating":"3","latitude":"13.1513","longitude":"-61.2194","state_id":3384,"state_name":"Saint George Parish","country_id":188},{"active":false,"Giataid":"496088","cityId":130034,"cityName":"Kingstown","hotelId":10056868,"hotelName":"Murray Heights Hotel","address":"McKies Hill","phones":"","fax":"","email":"","url":"","countryIso2":"VC","countryName":"Saint Vincent and the Grenadines","hotelRating":"3","latitude":"13.1565","longitude":"-61.2232","state_id":3384,"state_name":"Saint George Parish","country_id":188},{"active":false,"Giataid":"514615","cityId":130034,"cityName":"Kingstown","hotelId":10066943,"hotelName":"Fairview Guest House","address":"Wilson Street,Kingstown,Saint Vincent and the Grenadines","phones":"+17845303260","fax":"","email":"","url":"","countryIso2":"VC","countryName":"Saint Vincent and the Grenadines","hotelRating":"3","latitude":"13.1616","longitude":"-61.2302","state_id":3384,"state_name":"Saint George Parish","country_id":188},{"active":false,"Giataid":"60106","cityId":130034,"cityName":"Kingstown","hotelId":10071410,"hotelName":"Paradise Beach Hotel","address":"P.O. BOX 639,Kingstown,Villa Beach,Saint Vincent and the Grenadines","phones":"+17844574795","fax":"","email":"","url":"","countryIso2":"VC","countryName":"Saint Vincent and the Grenadines","hotelRating":"3","latitude":"13.1349","longitude":"-61.2011","state_id":3384,"state_name":"Saint George Parish","country_id":188},{"active":false,"Giataid":"531321","cityId":130034,"cityName":"Kingstown","hotelId":10073255,"hotelName":"Blue Lagoon Hotel & Marina","address":"Blue Lagoon Bay,Ratho Mill,Kingstown 45500,Saint Vincent and the Grenadines","phones":"+17844584308","fax":"","email":"","url":"","countryIso2":"VC","countryName":"Saint Vincent and the Grenadines","hotelRating":"3","latitude":"13.1281","longitude":"-61.1905","state_id":3384,"state_name":"Saint George Parish","country_id":188},{"active":false,"Giataid":"696422","cityId":130034,"cityName":"Kingstown","hotelId":20002292,"hotelName":"Barefoot Suites","address":"Ratho Mill,Blue Lagoon,Kingstown,Saint Vincent and the Grenadines","phones":"","fax":"","email":"","url":"","countryIso2":"VC","countryName":"Saint Vincent and the Grenadines","hotelRating":"0","latitude":"13.1513","longitude":"-61.2194","state_id":3384,"state_name":"Saint George Parish","country_id":188},{"active":false,"Giataid":"107472","cityId":130034,"cityName":"Kingstown","hotelId":20002934,"hotelName":"Haddon","address":"McKies Hill,Kingstown,Saint Vincent and the Grenadines","phones":"+17849987844561897","fax":"","email":"info@haddonhotel.com","url":"http://www.haddonhotel.com/","countryIso2":"VC","countryName":"Saint Vincent and the Grenadines","hotelRating":"3","latitude":"13.157","longitude":"-61.2231","state_id":3384,"state_name":"Saint George Parish","country_id":188},{"active":false,"Giataid":"382938","cityId":130034,"cityName":"Kingstown","hotelId":20003996,"hotelName":"Harmony Apartments St. Vincent","address":"Harmony Hall,P.O.Box 1669,West Indies,Saint Vincent and the Grenadines","phones":"+17844568688","fax":"","email":"harmonyapartmentrentals@gmail.com","url":"http://harmonyapartments.webplus.net/","countryIso2":"VC","countryName":"Saint Vincent and the Grenadines","hotelRating":"0","latitude":"13.1513","longitude":"-61.2194","state_id":3384,"state_name":"Saint George Parish","country_id":188},{"active":false,"Giataid":"296746","cityId":130034,"cityName":"Kingstown","hotelId":20005246,"hotelName":"The Cobblestone Inn","address":"P.O.Box 867,Bay Street,Kingstown,Saint Vincent and the Grenadines","phones":"+17844561937","fax":"+17844561938","email":"info@thecobblestoneinn.com","url":"http://www.thecobblestoneinn.com/pagedisplay.aspx?i=268","countryIso2":"VC","countryName":"Saint Vincent and the Grenadines","hotelRating":"3","latitude":"13.1531","longitude":"-61.2243","state_id":3384,"state_name":"Saint George Parish","country_id":188},{"active":false,"Giataid":"282027","cityId":130034,"cityName":"Kingstown","hotelId":20006764,"hotelName":"Hotel Alexandrina","address":"Hotel Alexandrina Road,P.O. Box 104,Prospect,Kingstown,St. Vincent & the Grenadines,Saint Vincent and the Grenadines","phones":"+17844569788","fax":"","email":"info@hotelalexandrina.com","url":"http://www.hotelalexandrina.com","countryIso2":"VC","countryName":"Saint Vincent and the Grenadines","hotelRating":"3","latitude":"13.1348","longitude":"-61.1846","state_id":3384,"state_name":"Saint George Parish","country_id":188},{"active":false,"Giataid":"60107","cityId":130034,"cityName":"Kingstown","hotelId":20385282,"hotelName":"Mariners Hotel","address":"Villa Bay Beach,Saint Vincent and the Grenadines","phones":"+17844574000","fax":"+17844574333","email":"frontdesk@marinershotel.com","url":"http://www.marinershotel.com","countryIso2":"VC","countryName":"Saint Vincent and the Grenadines","hotelRating":"0","latitude":"13.1324","longitude":"-61.1994","state_id":3384,"state_name":"Saint George Parish","country_id":188},{"active":false,"Giataid":"878086","cityId":63027,"cityName":"St. Vincent","hotelId":20385290,"hotelName":"Burcasa","address":"Off The Leeward Highway,Kingstown,St Andrew,St. Vincent,Saint Vincent and the Grenadines","phones":"","fax":"","email":"","url":"","countryIso2":"VC","countryName":"Saint Vincent and the Grenadines","hotelRating":"0","latitude":"13.1922","longitude":"-61.2585","state_id":3755,"state_name":"Trelawny Parish","country_id":108},{"active":false,"Giataid":"978778","cityId":130034,"cityName":"Kingstown","hotelId":20422963,"hotelName":"Forst Villa","address":"Lodge Village-Green Hill,Liberty Lodge,Kingstown,St. George,Saint Vincent and the Grenadines","phones":"","fax":"","email":"","url":"","countryIso2":"VC","countryName":"Saint Vincent and the Grenadines","hotelRating":"1","latitude":"13.1513","longitude":"-61.2194","state_id":3384,"state_name":"Saint George Parish","country_id":188},{"active":false,"Giataid":"978829","cityId":130034,"cityName":"Kingstown","hotelId":20422964,"hotelName":"The Ballantyne Villas","address":"Indian Bay Road,Kingstown,Saint Vincent and the Grenadines","phones":"","fax":"","email":"","url":"","countryIso2":"VC","countryName":"Saint Vincent and the Grenadines","hotelRating":"1","latitude":"13.1513","longitude":"-61.2194","state_id":3384,"state_name":"Saint George Parish","country_id":188}]