[{"active":false,"Giataid":"541790","cityId":null,"cityName":"Hargeisa","hotelId":541790,"hotelName":"Hadhwanaag Hotel","address":"","phones":"","fax":"","email":"","url":"","countryIso2":"SO","countryName":"Somalia","hotelRating":"1","latitude":"0","longitude":"0","state_id":null,"state_name":null,"country_id":null},{"active":false,"Giataid":"541803","cityId":null,"cityName":"Hargeisa","hotelId":541803,"hotelName":"Maan-Soor Hotel","address":"","phones":"","fax":"","email":"","url":"","countryIso2":"SO","countryName":"Somalia","hotelRating":"1","latitude":"0","longitude":"0","state_id":null,"state_name":null,"country_id":null},{"active":false,"Giataid":"541813","cityId":null,"cityName":"Hargeisa","hotelId":541813,"hotelName":"Damal Hotel Hargeisa","address":"","phones":"","fax":"","email":"","url":"","countryIso2":"SO","countryName":"Somalia","hotelRating":"1","latitude":"0","longitude":"0","state_id":null,"state_name":null,"country_id":null}]