[{"active":false,"Giataid":"473744","cityId":98206,"cityName":"Chkalovsk","hotelId":473744,"hotelName":"Conference Hotel Sipehr","address":"Academic B.Gafurov Street 17,735730 Chkalovsk,Tajikistan","phones":"","fax":"","email":"","url":"","countryIso2":"TJ","countryName":"Tajikistan","hotelRating":"1","latitude":"40.2291","longitude":"69.6903","state_id":1857,"state_name":"Nizhny Novgorod Oblast","country_id":182},{"active":false,"Giataid":"630266","cityId":98206,"cityName":"Chkalovsk","hotelId":630266,"hotelName":"Hotel Shokhkand","address":"Ulitsa Pushkina 25/1,735730 Chkalovsk,Tajikistan","phones":"","fax":"","email":"","url":"","countryIso2":"TJ","countryName":"Tajikistan","hotelRating":"1","latitude":"40.235","longitude":"69.7008","state_id":1857,"state_name":"Nizhny Novgorod Oblast","country_id":182},{"active":false,"Giataid":"820714","cityId":98206,"cityName":"Chkalovsk","hotelId":820714,"hotelName":"Hotel Matin On Moskovskay","address":"Moskovskaya 13/2,Sogdiiskaya Oblast,735730 Chkalovsk,Tajikistan","phones":"","fax":"","email":"","url":"","countryIso2":"TJ","countryName":"Tajikistan","hotelRating":"1","latitude":"40.2321","longitude":"69.6956","state_id":1857,"state_name":"Nizhny Novgorod Oblast","country_id":182}]