[{"active":false,"Giataid":"27541","cityId":65936,"cityName":"Beirut","hotelId":27541,"hotelName":"Albergo","address":"137, Abdel Wahab El Inglizi Street,Beirut,Lebanon","phones":"+9611339997","fax":"+9611339999","email":"reservation@albergobeirut.com","url":"http://www.albergobeirut.com","countryIso2":"LB","countryName":"Lebanon","hotelRating":"5","latitude":"33.8881","longitude":"35.5087","state_id":2286,"state_name":"Beirut Governorate","country_id":121},{"active":false,"Giataid":"27542","cityId":65936,"cityName":"Beirut","hotelId":27542,"hotelName":"Hotel Cavalier","address":"Abdul Baki Street,PO Box 11-9452,Hamra,Beirut,Lebanon","phones":"+9611353001","fax":"+9611347681","email":"contact@hotelcavalier.com","url":"http://www.hotelcavalier.com/","countryIso2":"LB","countryName":"Lebanon","hotelRating":"4","latitude":"33.8958","longitude":"35.4866","state_id":2286,"state_name":"Beirut Governorate","country_id":121},{"active":false,"Giataid":"27544","cityId":65936,"cityName":"Beirut","hotelId":27544,"hotelName":"The Charles Hotel","address":"Rustom Bacha Street,Ain El Mreisseh,Beirut,Lebanon","phones":"+9611362270","fax":"+9611363244","email":"info@charleshotel.org","url":"http://charleshotel.org","countryIso2":"LB","countryName":"Lebanon","hotelRating":"3","latitude":"33.9","longitude":"35.4916","state_id":2286,"state_name":"Beirut Governorate","country_id":121},{"active":false,"Giataid":"30508","cityId":65936,"cityName":"Beirut","hotelId":30508,"hotelName":"Plaza Hotel","address":"Hamra Street,Main Road,Hamra,Beirut,Lebanon","phones":"+9611755777","fax":"","email":"","url":"","countryIso2":"LB","countryName":"Lebanon","hotelRating":"4","latitude":"33.8957","longitude":"35.4815","state_id":2286,"state_name":"Beirut Governorate","country_id":121},{"active":false,"Giataid":"36273","cityId":65936,"cityName":"Beirut","hotelId":36273,"hotelName":"Movenpick Hotel Beirut","address":"G?n?ral de Gaulle Avenue,Beirut,Lebanon","phones":"+9611869666","fax":"+9611809326","email":"hotel.beirut@moevenpick.com","url":"http://www.moevenpick-hotels.com/de/pub/ihre_hotels/worldmap/beirut/uebersicht.cfm","countryIso2":"LB","countryName":"Lebanon","hotelRating":"5","latitude":"33.8857","longitude":"35.4743","state_id":2286,"state_name":"Beirut Governorate","country_id":121},{"active":false,"Giataid":"39072","cityId":65948,"cityName":"Jounieh","hotelId":39072,"hotelName":"Bel Azur Hotel","address":"Jounieh Port,Old Souk,Jounieh,Lebanon","phones":"+9619930621","fax":"+9613288894","email":"hotelbelazur@hotmail.com","url":"","countryIso2":"LB","countryName":"Lebanon","hotelRating":"4","latitude":"33.9826","longitude":"35.6267","state_id":2282,"state_name":"Mount Lebanon Governorate","country_id":121},{"active":false,"Giataid":"129700","cityId":65936,"cityName":"Beirut","hotelId":129700,"hotelName":"Grand Hotel Beirut","address":"Hamra Street,Beirut,Lebanon","phones":"+9611739860","fax":"+9611739866","email":"plaza@hojo-lb.com","url":"http://www.grandhotelbeirut.com/","countryIso2":"LB","countryName":"Lebanon","hotelRating":"4","latitude":"33.8962","longitude":"35.4771","state_id":2286,"state_name":"Beirut Governorate","country_id":121},{"active":false,"Giataid":"129697","cityId":65936,"cityName":"Beirut","hotelId":129697,"hotelName":"Four Points By Sheraton Le Verdun","address":"Boulevard Saeb Salam,Verdun,Beirut,Lebanon","phones":"+9611803804","fax":"+9611803802","email":"verdun.reservations@fourpoints.com","url":"http://www.starwoodhotels.com/fourpoints/property/overview/index.html?propertyID=1478","countryIso2":"LB","countryName":"Lebanon","hotelRating":"4","latitude":"33.8821","longitude":"35.4855","state_id":2286,"state_name":"Beirut Governorate","country_id":121},{"active":false,"Giataid":"129699","cityId":65936,"cityName":"Beirut","hotelId":129699,"hotelName":"Napoli","address":"","phones":"","fax":"","email":"","url":"","countryIso2":"LB","countryName":"Lebanon","hotelRating":"3","latitude":"33.8964","longitude":"35.4778","state_id":2286,"state_name":"Beirut Governorate","country_id":121},{"active":false,"Giataid":"129701","cityId":65936,"cityName":"Beirut","hotelId":129701,"hotelName":"Hilton Beirut Metropolitan Palace Hotel","address":"Dimitri Hayek Street,P.O. Box 55555,Horsh Tabet,Beirut,Lebanon","phones":"+9611496666","fax":"+9611502502","email":"palacebeirut@habtoorhotels.com","url":"http://palacebeirut.habtoorhotels.com/site/general/Default.aspx","countryIso2":"LB","countryName":"Lebanon","hotelRating":"5","latitude":"33.8709","longitude":"35.5358","state_id":2286,"state_name":"Beirut Governorate","country_id":121},{"active":false,"Giataid":"129702","cityId":65936,"cityName":"Beirut","hotelId":129702,"hotelName":"Beverly Hotel","address":"Mina El Hoson-Ibn Sinaa Street,Beirut,Lebanon","phones":"+9611365170","fax":"","email":"","url":"","countryIso2":"LB","countryName":"Lebanon","hotelRating":"2","latitude":"33.9012","longitude":"35.4938","state_id":2286,"state_name":"Beirut Governorate","country_id":121},{"active":false,"Giataid":"129703","cityId":65936,"cityName":"Beirut","hotelId":129703,"hotelName":"Hotel Mediterranee","address":"Chouran Street,Al Manara,Beirut 1103,Lebanon","phones":"","fax":"","email":"","url":"","countryIso2":"LB","countryName":"Lebanon","hotelRating":"4","latitude":"33.8953","longitude":"35.4707","state_id":2286,"state_name":"Beirut Governorate","country_id":121},{"active":false,"Giataid":"271631","cityId":65936,"cityName":"Beirut","hotelId":129704,"hotelName":"Suite Hotel Merlot","address":"Facing St. Georges Square,Jal El Dib,Beirut,Lebanon","phones":"+9614725555","fax":"","email":"","url":"","countryIso2":"LB","countryName":"Lebanon","hotelRating":"3","latitude":"33.9075","longitude":"35.5894","state_id":2286,"state_name":"Beirut Governorate","country_id":121},{"active":false,"Giataid":"132670","cityId":65936,"cityName":"Beirut","hotelId":132670,"hotelName":"Le Marly","address":"Hamra street,Beirut,Lebanon","phones":"+9611743437","fax":"+9611743442","email":"lemarlyh@hotmail.com","url":"","countryIso2":"LB","countryName":"Lebanon","hotelRating":"3","latitude":"33.8952","longitude":"35.4857","state_id":2286,"state_name":"Beirut Governorate","country_id":121},{"active":false,"Giataid":"132671","cityId":65936,"cityName":"Beirut","hotelId":132671,"hotelName":"Alexandre","address":"Ashrafieh,Adib Ishak Street,P.O. Box: 11-6861,Beirut,Lebanon","phones":"+9611325736","fax":"+9611328322","email":"alexandre@hotelalexandre.com","url":"http://www.hotelalexandre.com/home.html","countryIso2":"LB","countryName":"Lebanon","hotelRating":"4","latitude":"33.8837","longitude":"35.5191","state_id":2286,"state_name":"Beirut Governorate","country_id":121},{"active":false,"Giataid":"132672","cityId":65936,"cityName":"Beirut","hotelId":132672,"hotelName":"Hilton Beirut Habtoor Grand","address":"Charles De Gaulle Street,PO Box 55555,Sin El Fil,Horsh Tabet,Beirut,Lebanon","phones":"+9611500666","fax":"+9611502505","email":"BeirutHabtoorGrand.Information@hilton.com","url":"http://www.hiltonhotelsmea.com/hotel/Hilton-Beirut-Habtoor-Grand","countryIso2":"LB","countryName":"Lebanon","hotelRating":"5","latitude":"33.8694","longitude":"35.5372","state_id":2286,"state_name":"Beirut Governorate","country_id":121},{"active":false,"Giataid":"132673","cityId":65936,"cityName":"Beirut","hotelId":132673,"hotelName":"Beau Rivage","address":"RAMLET AL-BAIDA P.O.BOX 114-5013","phones":"","fax":"","email":"","url":"","countryIso2":"LB","countryName":"Lebanon","hotelRating":"3","latitude":"33.8792","longitude":"35.4815","state_id":2286,"state_name":"Beirut Governorate","country_id":121},{"active":false,"Giataid":"132675","cityId":65936,"cityName":"Beirut","hotelId":132675,"hotelName":"Hotel Napoleon","address":"Nehme Yafet Street,Hamra Area,Beirut,Lebanon","phones":"+9611340013","fax":"+9611354658","email":"napoleon@napoleon.com.lb","url":"http://www.napoleon.com.lb/","countryIso2":"LB","countryName":"Lebanon","hotelRating":"4","latitude":"33.8971","longitude":"35.48","state_id":2286,"state_name":"Beirut Governorate","country_id":121},{"active":false,"Giataid":"132676","cityId":65936,"cityName":"Beirut","hotelId":132676,"hotelName":"Royal Garden Hotel","address":"Emile Edde Street,Hamra,Beirut 5873-1103,Lebanon","phones":"","fax":"","email":"","url":"","countryIso2":"LB","countryName":"Lebanon","hotelRating":"4","latitude":"33.8938","longitude":"35.4831","state_id":2286,"state_name":"Beirut Governorate","country_id":121},{"active":false,"Giataid":"260097","cityId":65936,"cityName":"Beirut","hotelId":138135,"hotelName":"Golden Tulip Galleria Hotel","address":"Adnan Al Hakeem Street,PO Box 333-25,Jnah District,Beirut,Lebanon","phones":"+9611840540","fax":"+9611840345","email":"","url":"","countryIso2":"LB","countryName":"Lebanon","hotelRating":"4","latitude":"33.8665","longitude":"35.4855","state_id":2286,"state_name":"Beirut Governorate","country_id":121},{"active":false,"Giataid":"145021","cityId":65936,"cityName":"Beirut","hotelId":145021,"hotelName":"Golden Tulip Hotel De Ville","address":"75 Sodeco Street,Ras El Nabeh,Beirut 0116 5049,Lebanon","phones":"+9611637777","fax":"+9611637700","email":"reservations@goldentuliphoteldeville.com","url":"http://www.goldentuliphoteldeville.com","countryIso2":"LB","countryName":"Lebanon","hotelRating":"4","latitude":"33.881","longitude":"35.5111","state_id":2286,"state_name":"Beirut Governorate","country_id":121},{"active":false,"Giataid":"182582","cityId":65948,"cityName":"Jounieh","hotelId":182582,"hotelName":"Regency Boutique","address":"Adma District,P.O.Box 2045,Jounieh,Lebanon","phones":"+9619854000","fax":"+9613434329","email":"info@regencypalace.com","url":"http://http//www.regencypalace.com","countryIso2":"LB","countryName":"Lebanon","hotelRating":"5","latitude":"34.0185","longitude":"35.6486","state_id":2282,"state_name":"Mount Lebanon Governorate","country_id":121},{"active":false,"Giataid":"182583","cityId":65948,"cityName":"Jounieh","hotelId":182583,"hotelName":"Sun Hills Suites Hotel","address":"Sun Hills Street,Adma District,Jounieh,Lebanon","phones":"+9619850021","fax":"+9619850041","email":"info@sunhillshotel.com","url":"http://sunhillshotel.com","countryIso2":"LB","countryName":"Lebanon","hotelRating":"5","latitude":"34.017","longitude":"35.6398","state_id":2282,"state_name":"Mount Lebanon Governorate","country_id":121},{"active":false,"Giataid":"183208","cityId":65936,"cityName":"Beirut","hotelId":183208,"hotelName":"Mozart Hotel","address":"Tannoukhiyen Street,Hamra District,Ras,Beirut 1103,Lebanon","phones":"+9611345757","fax":"+9611345758","email":"info@mozarthotelleb.com","url":"http://mozarthotelleb.com/index-1.html","countryIso2":"LB","countryName":"Lebanon","hotelRating":"3","latitude":"33.8962","longitude":"35.4775","state_id":2286,"state_name":"Beirut Governorate","country_id":121},{"active":false,"Giataid":"202988","cityId":65936,"cityName":"Beirut","hotelId":202988,"hotelName":"Le Gray","address":"Martyrs' Square,Central Beirut District,Beirut 2011 3312,Lebanon","phones":"+9611971111","fax":"+9611971112","email":"info@legray.com","url":"http://www.campbellgrayhotels.com/le-gray-beirut?lang=EN#/le-gray-beirut","countryIso2":"LB","countryName":"Lebanon","hotelRating":"5","latitude":"33.8598","longitude":"35.5338","state_id":2286,"state_name":"Beirut Governorate","country_id":121},{"active":false,"Giataid":"207454","cityId":65936,"cityName":"Beirut","hotelId":207454,"hotelName":"City Suite Raouche","address":"Chatila Street,Raouche,Beirut 1100,Lebanon","phones":"+9611862111","fax":"","email":"","url":"","countryIso2":"LB","countryName":"Lebanon","hotelRating":"4","latitude":"33.8926","longitude":"35.4722","state_id":2286,"state_name":"Beirut Governorate","country_id":121},{"active":false,"Giataid":"207708","cityId":65936,"cityName":"Beirut","hotelId":207708,"hotelName":"Coral Beirut Al Hamra Hotel","address":"Baalbek Street,P.O. Box 113-5966,Hamra,Beirut,Lebanon","phones":"+9611343411","fax":"+9611345609","email":"sales@coral-hamra.com","url":"http://www.coral-international.com/alhamra/","countryIso2":"LB","countryName":"Lebanon","hotelRating":"4","latitude":"33.8949","longitude":"35.4797","state_id":2286,"state_name":"Beirut Governorate","country_id":121},{"active":false,"Giataid":"208846","cityId":65936,"cityName":"Beirut","hotelId":208846,"hotelName":"Embassy","address":"Makdessi Street,Facing Liban Post,Hamra,Beirut 1103,Lebanon","phones":"","fax":"","email":"","url":"","countryIso2":"LB","countryName":"Lebanon","hotelRating":"3","latitude":"33.8965","longitude":"35.4819","state_id":2286,"state_name":"Beirut Governorate","country_id":121},{"active":false,"Giataid":"209874","cityId":65936,"cityName":"Beirut","hotelId":209874,"hotelName":"Golden Tulip Serenada","address":"Abdel Aziz Street,Hamra,113 5516 Beirut,Lebanon","phones":"+9611755550","fax":"+9611755551","email":"info@goldentulipserenada.com","url":"http://www.goldentulipserenada.com/","countryIso2":"LB","countryName":"Lebanon","hotelRating":"4","latitude":"33.8974","longitude":"35.4841","state_id":2286,"state_name":"Beirut Governorate","country_id":121},{"active":false,"Giataid":"212129","cityId":65936,"cityName":"Beirut","hotelId":212129,"hotelName":"King's Suites","address":"Australia Street,Raoucheh,Beirut,Lebanon","phones":"+9611804222","fax":"","email":"","url":"","countryIso2":"LB","countryName":"Lebanon","hotelRating":"4","latitude":"33.8914","longitude":"35.4732","state_id":2286,"state_name":"Beirut Governorate","country_id":121},{"active":false,"Giataid":"212620","cityId":65936,"cityName":"Beirut","hotelId":212620,"hotelName":"Lahoya Garden","address":"Ain El Mreisseh,Beirut,Lebanon","phones":"+9611364936","fax":"","email":"","url":"","countryIso2":"LB","countryName":"Lebanon","hotelRating":"4","latitude":"33.9019","longitude":"35.477","state_id":2286,"state_name":"Beirut Governorate","country_id":121},{"active":false,"Giataid":"212621","cityId":65936,"cityName":"Beirut","hotelId":212621,"hotelName":"Lahoya Homes","address":"Ain El Mreisseh,Beirut,Lebanon","phones":"+9611374442","fax":"","email":"","url":"","countryIso2":"LB","countryName":"Lebanon","hotelRating":"5","latitude":"33.9002","longitude":"35.4733","state_id":2286,"state_name":"Beirut Governorate","country_id":121},{"active":false,"Giataid":"212622","cityId":65936,"cityName":"Beirut","hotelId":212622,"hotelName":"Lahoya Suites","address":"Ain El Mreisseh,Beirut,Lebanon","phones":"+9611371786","fax":"","email":"","url":"","countryIso2":"LB","countryName":"Lebanon","hotelRating":"5","latitude":"33.9007","longitude":"35.4734","state_id":2286,"state_name":"Beirut Governorate","country_id":121},{"active":false,"Giataid":"214862","cityId":65936,"cityName":"Beirut","hotelId":214862,"hotelName":"Padova","address":"Horch Tabet,Sin el Fil,Beirut,Lebanon","phones":"+9611501333","fax":"","email":"","url":"","countryIso2":"LB","countryName":"Lebanon","hotelRating":"4","latitude":"33.8706","longitude":"35.5344","state_id":2286,"state_name":"Beirut Governorate","country_id":121},{"active":false,"Giataid":"216598","cityId":65936,"cityName":"Beirut","hotelId":216598,"hotelName":"Raouche Arjaan by Rotana","address":"Chouran Street,P.O. Box: 13-5325,Beirut,Lebanon","phones":"+9611781111","fax":"+9611782222","email":"raouche.arjaan@rotana.com","url":"http://www.rotana.com/arjaanhotelapartments/lebanon/beirut/raoucharjaanbyrotana","countryIso2":"LB","countryName":"Lebanon","hotelRating":"4","latitude":"33.892","longitude":"35.4714","state_id":2286,"state_name":"Beirut Governorate","country_id":121},{"active":false,"Giataid":"221825","cityId":65952,"cityName":"Sidon","hotelId":221825,"hotelName":"Eid","address":"","phones":"","fax":"","email":"","url":"","countryIso2":"LB","countryName":"Lebanon","hotelRating":"1","latitude":"33.6121","longitude":"35.5376","state_id":2281,"state_name":"South Governorate","country_id":121},{"active":false,"Giataid":"222604","cityId":65936,"cityName":"Beirut","hotelId":222604,"hotelName":"Le Crillon","address":"","phones":"","fax":"","email":"","url":"","countryIso2":"LB","countryName":"Lebanon","hotelRating":"3","latitude":"33.8821","longitude":"35.6291","state_id":2286,"state_name":"Beirut Governorate","country_id":121},{"active":false,"Giataid":"227647","cityId":65936,"cityName":"Beirut","hotelId":227647,"hotelName":"Caesar's Park Hotel","address":"Madame Curie Street,Beirut 7510,Lebanon","phones":"+9611747711","fax":"","email":"info@ceasersparkhotel.com","url":"http://www.ceasarsparkhotel.com/","countryIso2":"LB","countryName":"Lebanon","hotelRating":"3","latitude":"33.892","longitude":"35.4844","state_id":2286,"state_name":"Beirut Governorate","country_id":121},{"active":false,"Giataid":"227717","cityId":65936,"cityName":"Beirut","hotelId":227717,"hotelName":"Duroy","address":"Australia Street,Raouch?,Beirut,Lebanon","phones":"+9611798800","fax":"+9611798600","email":"info@duroyhotel.com","url":"http://www.booking.com/hotel/lb/duroy.de.html","countryIso2":"LB","countryName":"Lebanon","hotelRating":"4","latitude":"33.8915","longitude":"35.4732","state_id":2286,"state_name":"Beirut Governorate","country_id":121},{"active":false,"Giataid":"227732","cityId":65936,"cityName":"Beirut","hotelId":227732,"hotelName":"Four Seasons Hotel Beirut","address":"1418 Professor Wafic Sinno Avenue,Minet El Hosn,Beirut 2020 4107,Lebanon","phones":"+9611761000","fax":"+9611761100","email":"","url":"http://www.fourseasons.com/beirut","countryIso2":"LB","countryName":"Lebanon","hotelRating":"5","latitude":"33.9017","longitude":"35.4998","state_id":2286,"state_name":"Beirut Governorate","country_id":121},{"active":false,"Giataid":"229182","cityId":65936,"cityName":"Beirut","hotelId":229182,"hotelName":"Bayview","address":"Ibn Sina Street,Beirut,Lebanon","phones":"+9611373090","fax":"+9611373091","email":"bayview@dm.net.lb","url":"http://www.bayviewhotellebanon.com/","countryIso2":"LB","countryName":"Lebanon","hotelRating":"4","latitude":"33.9004","longitude":"35.4894","state_id":2286,"state_name":"Beirut Governorate","country_id":121},{"active":false,"Giataid":"232452","cityId":65936,"cityName":"Beirut","hotelId":232452,"hotelName":"Monte Alberto","address":"Wadi AlArayesh,Zahle,Bekaa 1777,Lebanon","phones":"+9618810912","fax":"+9618801451","email":"info@montealberto.com","url":"http://www.lebanon-hotels.com/hotel/monte-alberto/","countryIso2":"LB","countryName":"Lebanon","hotelRating":"3","latitude":"33.8552","longitude":"35.8941","state_id":2286,"state_name":"Beirut Governorate","country_id":121},{"active":false,"Giataid":"232463","cityId":65954,"cityName":"Tyre","hotelId":232463,"hotelName":"The Rest House Hotel & Resort","address":"Istiraha Street,Tyr 1601,Lebanon","phones":"+9617742000","fax":"+9617345163","email":"info@resthouse-tyr.com.lb","url":"http://www.resthouse-tyr.com.lb/","countryIso2":"LB","countryName":"Lebanon","hotelRating":"4","latitude":"33.263","longitude":"35.2066","state_id":2281,"state_name":"South Governorate","country_id":121},{"active":false,"Giataid":"232877","cityId":65936,"cityName":"Beirut","hotelId":232877,"hotelName":"The Parisian Hotel","address":"Rustom Basha Street,P.O. Box 16-6402,Ain El Mreisseh,Beirut,Lebanon","phones":"+9611361999","fax":"+9611362464","email":"info@theparisianhotel.com","url":"http://www.theparisianhotel.com/index.htm","countryIso2":"LB","countryName":"Lebanon","hotelRating":"4","latitude":"33.9001","longitude":"35.4922","state_id":2286,"state_name":"Beirut Governorate","country_id":121},{"active":false,"Giataid":"232878","cityId":65948,"cityName":"Jounieh","hotelId":232878,"hotelName":"Aquarium Hotel & Resort","address":"Old Coast Road,PO Box 453,Jounieh,Lebanon","phones":"+9619936858","fax":"+9619935098","email":"info@hotelaquarium.info","url":"http://www.hotelaquarium.info/Index.asp","countryIso2":"LB","countryName":"Lebanon","hotelRating":"3","latitude":"33.9925","longitude":"35.6392","state_id":2282,"state_name":"Mount Lebanon Governorate","country_id":121},{"active":false,"Giataid":"234413","cityId":65936,"cityName":"Beirut","hotelId":234413,"hotelName":"35 Rooms","address":"Hamra,Baalbeck Street,Beirut 2030 0035,Lebanon","phones":"+9611345676","fax":"+9611345674","email":"stay@35rooms.com","url":"http://www.35rooms.com/index1.php","countryIso2":"LB","countryName":"Lebanon","hotelRating":"4","latitude":"33.8946","longitude":"35.4843","state_id":2286,"state_name":"Beirut Governorate","country_id":121},{"active":false,"Giataid":"234952","cityId":65948,"cityName":"Jounieh","hotelId":234952,"hotelName":"Portaluna Hotel & Resort","address":"200 Meter North telepherique,Coastal Road,Jounieh,Lebanon","phones":"+9619901777","fax":"+9619645533","email":"info@portalunahotel.com","url":"http://www.portalunahotel.com/index.php","countryIso2":"LB","countryName":"Lebanon","hotelRating":"5","latitude":"33.9949","longitude":"35.6415","state_id":2282,"state_name":"Mount Lebanon Governorate","country_id":121},{"active":false,"Giataid":"234955","cityId":65936,"cityName":"Beirut","hotelId":234955,"hotelName":"Golden Tulip MidTown Hotel and Suites","address":"Souraty Street,Hamra,P.O. BOX 113-5310,Beirut,Lebanon","phones":"+9611347555","fax":"+9611347555","email":"info@midtownhotelsuites.com","url":"http://www.midtownhotelsuites.com/","countryIso2":"LB","countryName":"Lebanon","hotelRating":"4","latitude":"33.8973","longitude":"35.4834","state_id":2286,"state_name":"Beirut Governorate","country_id":121},{"active":false,"Giataid":"235558","cityId":65936,"cityName":"Beirut","hotelId":235558,"hotelName":"Port View Hotel","address":"Rue Gouraud,Gemmayzeh,Beirut 1100,Lebanon","phones":"+9611567500","fax":"","email":"","url":"http://www.lebhotels.com/hotel/port-view/","countryIso2":"LB","countryName":"Lebanon","hotelRating":"3","latitude":"33.8957","longitude":"35.5215","state_id":2286,"state_name":"Beirut Governorate","country_id":121},{"active":false,"Giataid":"235559","cityId":65948,"cityName":"Jounieh","hotelId":235559,"hotelName":"Sunrise","address":"Jounieh,Sahel Alma,Lebanon","phones":"+9619900200","fax":"","email":"reservations@sunrisehotellb.com","url":"http://www.sunrisehotellb.com/","countryIso2":"LB","countryName":"Lebanon","hotelRating":"4","latitude":"33.9921","longitude":"35.6515","state_id":2282,"state_name":"Mount Lebanon Governorate","country_id":121},{"active":false,"Giataid":"239922","cityId":65936,"cityName":"Beirut","hotelId":239922,"hotelName":"Elysee Residence","address":"Abeb Al Aziz Str. 191,P.O.Box 135595,Hamra,Beirut,Lebanon","phones":"+9611744850","fax":"+9611344502","email":"info@elyseeresidence.com","url":"http://www.elyseeresidence.com","countryIso2":"LB","countryName":"Lebanon","hotelRating":"3","latitude":"33.8957","longitude":"35.4851","state_id":2286,"state_name":"Beirut Governorate","country_id":121},{"active":false,"Giataid":"244152","cityId":65936,"cityName":"Beirut","hotelId":244152,"hotelName":"Orient Queen Homes","address":"John Kenedy Str.,P.O. Box 11-6240,Beirut,Lebanon","phones":"+9611361140","fax":"+9611361141","email":"info@orientqueenhomes.com","url":"http://orientqueenhomes.com/about.htm","countryIso2":"LB","countryName":"Lebanon","hotelRating":"4","latitude":"33.8995","longitude":"35.4894","state_id":2286,"state_name":"Beirut Governorate","country_id":121},{"active":false,"Giataid":"244153","cityId":65936,"cityName":"Beirut","hotelId":244153,"hotelName":"Hollywood Inn Hotel","address":"Near Casino du Liban,Jounieh,Lebanon,Lebanon","phones":"+9619853860","fax":"+9619854103","email":"info@hollywoodinnhotel.com","url":"http://www.hollywoodinnhotel.com/","countryIso2":"LB","countryName":"Lebanon","hotelRating":"4","latitude":"34.0081","longitude":"35.6482","state_id":2286,"state_name":"Beirut Governorate","country_id":121},{"active":false,"Giataid":"363752","cityId":65936,"cityName":"Beirut","hotelId":363752,"hotelName":"Q- Hotel","address":"Hamra,Wardieh,Roma Street,Beirut,Lebanon","phones":"+9611345500","fax":"+9611754120","email":"info@qhotelbeirut.com","url":"http://www.qhotelbeirut.com/","countryIso2":"LB","countryName":"Lebanon","hotelRating":"4","latitude":"33.8956","longitude":"35.488","state_id":2286,"state_name":"Beirut Governorate","country_id":121},{"active":false,"Giataid":"368238","cityId":65936,"cityName":"Beirut","hotelId":368238,"hotelName":"Diana Tower Hotel","address":"","phones":"","fax":"","email":"","url":"","countryIso2":"LB","countryName":"Lebanon","hotelRating":"3","latitude":"33.8977","longitude":"35.4762","state_id":2286,"state_name":"Beirut Governorate","country_id":121},{"active":false,"Giataid":"132674","cityId":65936,"cityName":"Beirut","hotelId":368239,"hotelName":"Lancaster Plaza","address":"General de Gaulle Avenue,Raouche,Beirut,Lebanon","phones":"+9611791000","fax":"","email":"","url":"","countryIso2":"LB","countryName":"Lebanon","hotelRating":"5","latitude":"33.8863","longitude":"35.4748","state_id":2286,"state_name":"Beirut Governorate","country_id":121},{"active":false,"Giataid":"368240","cityId":65936,"cityName":"Beirut","hotelId":368240,"hotelName":"O Monot","address":"Monot Street,Saifi,PO Box 11-6182,Beirut 6182,Lebanon","phones":"+9611338777","fax":"","email":"","url":"","countryIso2":"LB","countryName":"Lebanon","hotelRating":"5","latitude":"33.8919","longitude":"35.5075","state_id":2286,"state_name":"Beirut Governorate","country_id":121},{"active":false,"Giataid":"377064","cityId":65936,"cityName":"Beirut","hotelId":377064,"hotelName":"Le Dix","address":"","phones":"","fax":"","email":"","url":"","countryIso2":"LB","countryName":"Lebanon","hotelRating":"5","latitude":"33.8867","longitude":"35.4744","state_id":2286,"state_name":"Beirut Governorate","country_id":121},{"active":false,"Giataid":"426917","cityId":65948,"cityName":"Jounieh","hotelId":426917,"hotelName":"Vanda Hotel & Spa","address":"","phones":"","fax":"","email":"","url":"","countryIso2":"LB","countryName":"Lebanon","hotelRating":"3","latitude":"34.0037","longitude":"35.6453","state_id":2282,"state_name":"Mount Lebanon Governorate","country_id":121},{"active":false,"Giataid":"451209","cityId":65948,"cityName":"Jounieh","hotelId":451209,"hotelName":"Marbella Hotel","address":"Sahel Alma,New Jounieh,PO Box 2543,Jounieh,Lebanon","phones":"","fax":"","email":"","url":"","countryIso2":"LB","countryName":"Lebanon","hotelRating":"3","latitude":"34.0022","longitude":"35.6526","state_id":2282,"state_name":"Mount Lebanon Governorate","country_id":121},{"active":false,"Giataid":"453955","cityId":65948,"cityName":"Jounieh","hotelId":453955,"hotelName":"Luxor Hotel","address":"Maameltein,Ghazir,Jounieh 0000,Lebanon","phones":"+9619852002","fax":"","email":"info@luxorhotellb.com","url":"http://luxorhotellb.com","countryIso2":"LB","countryName":"Lebanon","hotelRating":"4","latitude":"34.0061","longitude":"35.6467","state_id":2282,"state_name":"Mount Lebanon Governorate","country_id":121},{"active":false,"Giataid":"464446","cityId":65954,"cityName":"Tyre","hotelId":464446,"hotelName":"Platinum Hotel","address":"Al Hosh Street,Sour,Tyre,Lebanon","phones":"+9617344666","fax":"","email":"info@platinumhotellb.com","url":"http://www.platinumhotellb.com","countryIso2":"LB","countryName":"Lebanon","hotelRating":"4","latitude":"33.2678","longitude":"35.217","state_id":2281,"state_name":"South Governorate","country_id":121},{"active":false,"Giataid":"464544","cityId":104994,"cityName":"Douma","hotelId":464544,"hotelName":"Douma Hotel","address":"Main Street,Douma 1400,Batroun District,Lebanon","phones":"+9616520202","fax":"+9616520206","email":"info@hoteldouma.com","url":"http://hoteldouma.com","countryIso2":"LB","countryName":"Lebanon","hotelRating":"3","latitude":"34.2032","longitude":"35.8474","state_id":2935,"state_name":"Rif Dimashq Governorate","country_id":215},{"active":false,"Giataid":"466458","cityId":31874,"cityName":"Zefta","hotelId":466458,"hotelName":"Reef Zefta Hotel","address":"Mafrak Zefta,Pine Vally,Zefta 1103,Lebanon","phones":"","fax":"","email":"","url":"","countryIso2":"LB","countryName":"Lebanon","hotelRating":"1","latitude":"33.4445","longitude":"35.4038","state_id":3234,"state_name":"Gharbia","country_id":65},{"active":false,"Giataid":"466522","cityId":65954,"cityName":"Tyre","hotelId":466522,"hotelName":"Murex Hotel","address":"Nabih Berri Street,Tyre 1601,South Lebanon,Lebanon","phones":"+9617347111","fax":"+9617347222","email":"info@murex-hotel.com","url":"http://www.murex-hotel.com/","countryIso2":"LB","countryName":"Lebanon","hotelRating":"1","latitude":"33.2669","longitude":"35.2013","state_id":2281,"state_name":"South Governorate","country_id":121},{"active":false,"Giataid":"466657","cityId":65952,"cityName":"Sidon","hotelId":466657,"hotelName":"Al Qualaa Boutique Hotel","address":"Sea Side Road Main Str. Saida,1600,Lebanon","phones":"+9617734777","fax":"+9617734777","email":"info@alqualaa.com","url":"http://www.alqualaa.com/","countryIso2":"LB","countryName":"Lebanon","hotelRating":"4","latitude":"33.5655","longitude":"35.3715","state_id":2281,"state_name":"South Governorate","country_id":121},{"active":false,"Giataid":"473340","cityId":65931,"cityName":"Ain Ebel","hotelId":473340,"hotelName":"Oak Hills Hotel","address":"A?n Ebel 1601,Lebanon","phones":"+9617471126","fax":"+9617471127","email":"INFO@OAKHILLSHOTEL.COM","url":"http://oakhillshotel.com/","countryIso2":"LB","countryName":"Lebanon","hotelRating":"1","latitude":"33.1119","longitude":"35.4017","state_id":2288,"state_name":"Nabatieh Governorate","country_id":121},{"active":false,"Giataid":"474239","cityId":65936,"cityName":"Beirut","hotelId":474239,"hotelName":"Three O Nine Urban House","address":"Jeanne D'arc Street,Hamra-Bliss Area,Beirut 2038,Lebanon","phones":"+9611755309","fax":"","email":"info@threeonine.com","url":"http://www.threeonine.com/","countryIso2":"LB","countryName":"Lebanon","hotelRating":"4","latitude":"33.8988","longitude":"35.4816","state_id":2286,"state_name":"Beirut Governorate","country_id":121},{"active":false,"Giataid":"509906","cityId":65948,"cityName":"Jounieh","hotelId":509906,"hotelName":"Vista Del Mar Hotel","address":"Maameltein,Seaside Road,Jounieh 1369,Lebanon","phones":"+9619639799","fax":"","email":"","url":"http://www.vistadelmarlb.com","countryIso2":"LB","countryName":"Lebanon","hotelRating":"3","latitude":"33.9947","longitude":"35.6424","state_id":2282,"state_name":"Mount Lebanon Governorate","country_id":121},{"active":false,"Giataid":"512125","cityId":65936,"cityName":"Beirut","hotelId":512125,"hotelName":"Santona Residence","address":"","phones":"","fax":"","email":"","url":"","countryIso2":"LB","countryName":"Lebanon","hotelRating":"3","latitude":"33.8932","longitude":"35.4818","state_id":2286,"state_name":"Beirut Governorate","country_id":121},{"active":false,"Giataid":"529595","cityId":65936,"cityName":"Beirut","hotelId":529595,"hotelName":"The J Hotel & Spa","address":"Jeanne d'Arc Street,Beirut,Lebanon","phones":"","fax":"","email":"","url":"http://the-j-hotel-and-spa.beirut-hotel.net/pl/","countryIso2":"LB","countryName":"Lebanon","hotelRating":"4","latitude":"33.8955","longitude":"35.4812","state_id":2286,"state_name":"Beirut Governorate","country_id":121},{"active":false,"Giataid":"552291","cityId":65936,"cityName":"Beirut","hotelId":552291,"hotelName":"Paradise Residence","address":"Cairo Street P.O. Box 113,Hamra,Beirut 5181,Lebanon","phones":"+9611350017","fax":"+9611351559","email":"info@paradisehotellb.com","url":"http://www.paradisehotellb.com","countryIso2":"LB","countryName":"Lebanon","hotelRating":"3","latitude":"33.8945","longitude":"35.4848","state_id":2286,"state_name":"Beirut Governorate","country_id":121},{"active":false,"Giataid":"552348","cityId":65936,"cityName":"Beirut","hotelId":552348,"hotelName":"Sky Suites","address":"Hamra,Makhoul Street,Beirut,Lebanon","phones":"+9611348500","fax":"","email":"info@skysuites.net","url":"http://www.skysuites.net/","countryIso2":"LB","countryName":"Lebanon","hotelRating":"4","latitude":"33.8986","longitude":"35.4835","state_id":2286,"state_name":"Beirut Governorate","country_id":121},{"active":false,"Giataid":"589945","cityId":65936,"cityName":"Beirut","hotelId":589945,"hotelName":"Citea Apart Hotel","address":"Alfred Naccache Avenue,Ashrafieh,Beirut 24600,Lebanon","phones":"+9611332050","fax":"","email":"","url":"","countryIso2":"LB","countryName":"Lebanon","hotelRating":"4","latitude":"33.884","longitude":"35.5226","state_id":2286,"state_name":"Beirut Governorate","country_id":121},{"active":false,"Giataid":"613557","cityId":65948,"cityName":"Jounieh","hotelId":613557,"hotelName":"Monte Mare Hotel","address":"Maameltein Street,Old Ghazir Road,Jounieh 1234,Ghazir,Lebanon","phones":"+9619851624","fax":"","email":"","url":"","countryIso2":"LB","countryName":"Lebanon","hotelRating":"4","latitude":"34.0074","longitude":"35.6458","state_id":2282,"state_name":"Mount Lebanon Governorate","country_id":121},{"active":false,"Giataid":"614329","cityId":65936,"cityName":"Beirut","hotelId":614329,"hotelName":"Caramel Boutique Hotel","address":"Hamra Street,Hamra,Beirut,Lebanon","phones":"+96181636555","fax":"","email":"info@caramelboutiquehotel.com","url":"http://caramelboutiquehotel.com/","countryIso2":"LB","countryName":"Lebanon","hotelRating":"4","latitude":"33.8958","longitude":"35.4826","state_id":2286,"state_name":"Beirut Governorate","country_id":121},{"active":false,"Giataid":"618105","cityId":65936,"cityName":"Beirut","hotelId":618105,"hotelName":"Elite Hotel & Spa","address":"Australia Street,Raousche,Beirut,Lebanon","phones":"+9611798800","fax":"+9611798600","email":"info@eliteduroyhotel.com","url":"http://www.eliteduroyhotel.com/en","countryIso2":"LB","countryName":"Lebanon","hotelRating":"4","latitude":"33.888","longitude":"35.4748","state_id":2286,"state_name":"Beirut Governorate","country_id":121},{"active":false,"Giataid":"623380","cityId":65954,"cityName":"Tyre","hotelId":623380,"hotelName":"Victory Village","address":"Tyre Al Housh,So?r 1601,Lebanon","phones":"","fax":"","email":"","url":"","countryIso2":"LB","countryName":"Lebanon","hotelRating":"1","latitude":"33.2675","longitude":"35.209","state_id":2281,"state_name":"South Governorate","country_id":121},{"active":false,"Giataid":"645511","cityId":65954,"cityName":"Tyre","hotelId":645511,"hotelName":"Al-Yasmine Guest House","address":"Maaliyeh Main Road,Tyre,Lebanon","phones":"+9613372888","fax":"","email":"info@alyasmineguesthouse.com","url":"http://www.alyasmineguesthouse.com/","countryIso2":"LB","countryName":"Lebanon","hotelRating":"1","latitude":"33.2027","longitude":"35.2421","state_id":2281,"state_name":"South Governorate","country_id":121},{"active":false,"Giataid":"674444","cityId":65954,"cityName":"Tyre","hotelId":674444,"hotelName":"Turquoise Beach Resort","address":"Al Qulaleh,Nakoura Street,Sour,Tyre,Lebanon","phones":"+9613100859","fax":"","email":"info@turquoise-lb.com","url":"http://www.turquoise-lb.com/","countryIso2":"LB","countryName":"Lebanon","hotelRating":"1","latitude":"33.2675","longitude":"35.209","state_id":2281,"state_name":"South Governorate","country_id":121},{"active":false,"Giataid":"675083","cityId":65936,"cityName":"Beirut","hotelId":675083,"hotelName":"Orient Palace","address":"Australia Street,Raouche,Beirut,Lebanon","phones":"","fax":"","email":"","url":"","countryIso2":"LB","countryName":"Lebanon","hotelRating":"1","latitude":"33.8911","longitude":"35.5007","state_id":2286,"state_name":"Beirut Governorate","country_id":121},{"active":false,"Giataid":"675105","cityId":65936,"cityName":"Beirut","hotelId":675105,"hotelName":"Berkley Hotel","address":"Jeanne D'arc Street,Hamra,Beirut,Lebanon","phones":"","fax":"","email":"","url":"","countryIso2":"LB","countryName":"Lebanon","hotelRating":"1","latitude":"33.8911","longitude":"35.5007","state_id":2286,"state_name":"Beirut Governorate","country_id":121},{"active":false,"Giataid":"677627","cityId":65936,"cityName":"Beirut","hotelId":677627,"hotelName":"Astra Hotel","address":"","phones":"","fax":"","email":"","url":"","countryIso2":"LB","countryName":"Lebanon","hotelRating":"1","latitude":"33.8952","longitude":"35.4801","state_id":2286,"state_name":"Beirut Governorate","country_id":121},{"active":false,"Giataid":"677645","cityId":65948,"cityName":"Jounieh","hotelId":677645,"hotelName":"High Season Hotel","address":"","phones":"","fax":"","email":"","url":"","countryIso2":"LB","countryName":"Lebanon","hotelRating":"1","latitude":"33.9979","longitude":"35.6423","state_id":2282,"state_name":"Mount Lebanon Governorate","country_id":121},{"active":false,"Giataid":"677655","cityId":65936,"cityName":"Beirut","hotelId":677655,"hotelName":"Kanjotel - Jal El Dib","address":"","phones":"","fax":"","email":"","url":"","countryIso2":"LB","countryName":"Lebanon","hotelRating":"1","latitude":"33.8911","longitude":"35.5007","state_id":2286,"state_name":"Beirut Governorate","country_id":121},{"active":false,"Giataid":"724362","cityId":65948,"cityName":"Jounieh","hotelId":724362,"hotelName":"HOtello Guest Suites","address":"Chwaya Street,Ghadir,Jounieh,Mount Lebanon,Lebanon","phones":"+9619938588","fax":"","email":"info@hotellolebanon.com","url":"http://www.hotellolebanon.com/index.php","countryIso2":"LB","countryName":"Lebanon","hotelRating":"1","latitude":"33.9829","longitude":"35.6374","state_id":2282,"state_name":"Mount Lebanon Governorate","country_id":121},{"active":false,"Giataid":"726781","cityId":65936,"cityName":"Beirut","hotelId":726781,"hotelName":"Unit For Living","address":"Ain Waraqa Street,Charles Helou Avenue,Port of Beirut,A minute distance from Downtown,Beirut 2075 7406,Lebanon","phones":"+9611580380","fax":"+9611580380","email":"info@unitforliving.com","url":"http://unitforliving.com","countryIso2":"LB","countryName":"Lebanon","hotelRating":"3","latitude":"33.8969","longitude":"35.5414","state_id":2286,"state_name":"Beirut Governorate","country_id":121},{"active":false,"Giataid":"727064","cityId":65948,"cityName":"Jounieh","hotelId":727064,"hotelName":"Remhala Guest House","address":"Remhala,Jounieh,Lebanon","phones":"","fax":"","email":"","url":"","countryIso2":"LB","countryName":"Lebanon","hotelRating":"1","latitude":"33.9979","longitude":"35.6423","state_id":2282,"state_name":"Mount Lebanon Governorate","country_id":121},{"active":false,"Giataid":"727178","cityId":65936,"cityName":"Beirut","hotelId":727178,"hotelName":"Beyt Mar Mikhael","address":"Armenia Street,Mar Mikhael,Beirut 1104,Lebanon","phones":"","fax":"","email":"","url":"","countryIso2":"LB","countryName":"Lebanon","hotelRating":"1","latitude":"33.8911","longitude":"35.5007","state_id":2286,"state_name":"Beirut Governorate","country_id":121},{"active":false,"Giataid":"727959","cityId":65936,"cityName":"Beirut","hotelId":727959,"hotelName":"Seaside Apartments","address":"George Post Street,Ain El Mreisseh,Beirut,Lebanon","phones":"","fax":"","email":"","url":"","countryIso2":"LB","countryName":"Lebanon","hotelRating":"1","latitude":"33.8911","longitude":"35.5007","state_id":2286,"state_name":"Beirut Governorate","country_id":121},{"active":false,"Giataid":"728705","cityId":65948,"cityName":"Jounieh","hotelId":728705,"hotelName":"The Rooms Boutique Hotel","address":"Haret Sakhr,Sea Side Road,Jounieh,Lebanon","phones":"+9619914514","fax":"","email":"info@theroomslb.com","url":"http://www.theroomslb.com","countryIso2":"LB","countryName":"Lebanon","hotelRating":"1","latitude":"33.9911","longitude":"35.6395","state_id":2282,"state_name":"Mount Lebanon Governorate","country_id":121},{"active":false,"Giataid":"735952","cityId":65936,"cityName":"Beirut","hotelId":735952,"hotelName":"Bahri Garden 1","address":"General De Gaulle,Beirut,Lebanon","phones":"","fax":"","email":"","url":"","countryIso2":"LB","countryName":"Lebanon","hotelRating":"1","latitude":"33.8911","longitude":"35.5007","state_id":2286,"state_name":"Beirut Governorate","country_id":121},{"active":false,"Giataid":"740812","cityId":65936,"cityName":"Beirut","hotelId":740812,"hotelName":"41 Twelve","address":"Wadi Sabra Street,Hamra Area,Beirut,Lebanon","phones":"+96181201858","fax":"","email":"booking@41twelve.net","url":"http://www.41twelve.net/","countryIso2":"LB","countryName":"Lebanon","hotelRating":"1","latitude":"33.8911","longitude":"35.5007","state_id":2286,"state_name":"Beirut Governorate","country_id":121},{"active":false,"Giataid":"750596","cityId":65936,"cityName":"Beirut","hotelId":750596,"hotelName":"Hamra Urban Gardens","address":"Abdel Baki Street,Right Turn Before Kababji,Hamra,Beirut,Lebanon","phones":"+9611742390","fax":"","email":"hello@hamragardens.com","url":"https://www.hamragardens.com","countryIso2":"LB","countryName":"Lebanon","hotelRating":"1","latitude":"33.8911","longitude":"35.5007","state_id":2286,"state_name":"Beirut Governorate","country_id":121},{"active":false,"Giataid":"796870","cityId":65936,"cityName":"Beirut","hotelId":796870,"hotelName":"West House Residence","address":"Souraty,Beirut 1103,Lebanon","phones":"","fax":"","email":"info@westhousehotel.net","url":"http://www.westhousehotel.net","countryIso2":"LB","countryName":"Lebanon","hotelRating":"4","latitude":"33.8911","longitude":"35.5007","state_id":2286,"state_name":"Beirut Governorate","country_id":121},{"active":false,"Giataid":"797645","cityId":53294,"cityName":"Tripoli","hotelId":797645,"hotelName":"Diamond Bay Lebanon","address":"Al-Hraiche Balamand Exit,2038 3054 Tr?blous,Tripoli,Lebanon","phones":"","fax":"","email":"","url":"","countryIso2":"LB","countryName":"Lebanon","hotelRating":"1","latitude":"34.4253","longitude":"35.8274","state_id":2119,"state_name":"Peloponnese Region","country_id":85},{"active":false,"Giataid":"798597","cityId":65952,"cityName":"Sidon","hotelId":798597,"hotelName":"Rmeileh Resort","address":"Rmeileh Sea Road,Facing Municipality,Saida 1600,South Lebanon,Lebanon","phones":"+9617990796","fax":"+9617990795","email":"","url":"http://www.rmeilehresortlb.com","countryIso2":"LB","countryName":"Lebanon","hotelRating":"1","latitude":"33.6121","longitude":"35.3998","state_id":2281,"state_name":"South Governorate","country_id":121},{"active":false,"Giataid":"811960","cityId":65936,"cityName":"Beirut","hotelId":811960,"hotelName":"Al Jawhara Suites","address":"Hamra,Beirut,Lebanon","phones":"+9611345334","fax":"","email":"reservation@aljawharasuites.com","url":"http://aljawharasuites.com","countryIso2":"LB","countryName":"Lebanon","hotelRating":"1","latitude":"33.8911","longitude":"35.5007","state_id":2286,"state_name":"Beirut Governorate","country_id":121},{"active":false,"Giataid":"816437","cityId":53294,"cityName":"Tripoli","hotelId":816437,"hotelName":"Haddad Hotel","address":"Tell Square,Near Fahim Coffee,Trablous 9616,Lebanon","phones":"","fax":"","email":"","url":"","countryIso2":"LB","countryName":"Lebanon","hotelRating":"1","latitude":"34.4253","longitude":"35.8274","state_id":2119,"state_name":"Peloponnese Region","country_id":85},{"active":false,"Giataid":"816484","cityId":65936,"cityName":"Beirut","hotelId":816484,"hotelName":"Lancaster Eden Bay","address":"Ramlet El Bayda,Beirut,Lebanon","phones":"+9611820870","fax":"","email":"info@lancasteredenbay.com","url":"http://www.lancasteredenbay.com/","countryIso2":"LB","countryName":"Lebanon","hotelRating":"1","latitude":"33.8911","longitude":"35.5007","state_id":2286,"state_name":"Beirut Governorate","country_id":121},{"active":false,"Giataid":"823960","cityId":65948,"cityName":"Jounieh","hotelId":823960,"hotelName":"Zora Residence","address":"Telefrique Street,Next To The German University,Jounieh,Lebanon","phones":"+9619642035","fax":"+9619642037","email":"omar@zora.im","url":"http://www.zora-lb.com","countryIso2":"LB","countryName":"Lebanon","hotelRating":"1","latitude":"33.9979","longitude":"35.6423","state_id":2282,"state_name":"Mount Lebanon Governorate","country_id":121},{"active":false,"Giataid":"849620","cityId":65948,"cityName":"Jounieh","hotelId":849620,"hotelName":"Bay 183","address":"Jounieh,Beirut,Lebanon","phones":"","fax":"","email":"","url":"","countryIso2":"LB","countryName":"Lebanon","hotelRating":"1","latitude":"33.9979","longitude":"35.6423","state_id":2282,"state_name":"Mount Lebanon Governorate","country_id":121},{"active":false,"Giataid":"849676","cityId":65936,"cityName":"Beirut","hotelId":849676,"hotelName":"Bkerzay","address":"Deir Dourite,Beirut,Mount Lebanon Governorate,Lebanon","phones":"+9613512020","fax":"","email":"info@bkerzay.com","url":"http://www.bkerzay.com","countryIso2":"LB","countryName":"Lebanon","hotelRating":"1","latitude":"33.8911","longitude":"35.5007","state_id":2286,"state_name":"Beirut Governorate","country_id":121},{"active":false,"Giataid":"849693","cityId":65948,"cityName":"Jounieh","hotelId":849693,"hotelName":"Kandiel Furnished Apartments","address":"Pasteur Street,Jounieh,Lebanon","phones":"","fax":"","email":"","url":"","countryIso2":"LB","countryName":"Lebanon","hotelRating":"1","latitude":"33.9979","longitude":"35.6423","state_id":2282,"state_name":"Mount Lebanon Governorate","country_id":121},{"active":false,"Giataid":"412348","cityId":65936,"cityName":"Beirut","hotelId":10051810,"hotelName":"The Smallville Hotel","address":"Damascus Road,Museum District Badaro,P.O. Box 1165214,Beirut,Lebanon","phones":"+9611619999","fax":"","email":"","url":"","countryIso2":"LB","countryName":"Lebanon","hotelRating":"5","latitude":"33.8775","longitude":"35.5166","state_id":2286,"state_name":"Beirut Governorate","country_id":121},{"active":false,"Giataid":"455808","cityId":65936,"cityName":"Beirut","hotelId":10053613,"hotelName":"Vie Boutique Hotel","address":"Abdullah el Mashnouk Street,Verdun Area,Beirut 2033 2901,Lebanon","phones":"+9611863444","fax":"","email":"","url":"","countryIso2":"LB","countryName":"Lebanon","hotelRating":"4","latitude":"33.8889","longitude":"35.4823","state_id":2286,"state_name":"Beirut Governorate","country_id":121},{"active":false,"Giataid":"424691","cityId":65948,"cityName":"Jounieh","hotelId":10060083,"hotelName":"Al Murjan Palace Hotel","address":"Haret Sakhr,Near Pasteur Hospital,Jounieh,Lebanon","phones":"+9619832199","fax":"","email":"","url":"","countryIso2":"LB","countryName":"Lebanon","hotelRating":"4","latitude":"33.9911","longitude":"35.6413","state_id":2282,"state_name":"Mount Lebanon Governorate","country_id":121},{"active":false,"Giataid":"417811","cityId":65936,"cityName":"Beirut","hotelId":10076456,"hotelName":"Saifi Suites","address":"Maroun Naccache Avenue,Saifi,Beirut,Lebanon","phones":"961-1-566567","fax":"961-1-566569","email":"rolana.habchy@saifisuites.com","url":"NULL","countryIso2":"LB","countryName":"Lebanon","hotelRating":"4","latitude":"33.8946","longitude":"35.5099","state_id":2286,"state_name":"Beirut Governorate","country_id":121},{"active":false,"Giataid":"472199","cityId":65936,"cityName":"Beirut","hotelId":10103256,"hotelName":"Warwick Stone 55 Hotel Beirut","address":"Zalka,Beirut,Lebanon","phones":"+9614723271","fax":"NULL","email":"NULL","url":"NULL","countryIso2":"LB","countryName":"Lebanon","hotelRating":"4","latitude":"33.9037","longitude":"35.574","state_id":2286,"state_name":"Beirut Governorate","country_id":121},{"active":false,"Giataid":"459066","cityId":65936,"cityName":"Beirut","hotelId":10107294,"hotelName":"1866 Court & Suites Hotel","address":"Bliss Street,Hamra,8375 Beirut,Lebanon","phones":"+9611371866","fax":"NULL","email":"NULL","url":"NULL","countryIso2":"LB","countryName":"Lebanon","hotelRating":"5","latitude":"33.8991","longitude":"35.4839","state_id":2286,"state_name":"Beirut Governorate","country_id":121},{"active":false,"Giataid":"206994","cityId":65936,"cityName":"Beirut","hotelId":10114436,"hotelName":"Casa Verde Suites","address":"Dohat Al-Hoss,Beirut,Lebanon","phones":"+9613368082","fax":"NULL","email":"NULL","url":"NULL","countryIso2":"LB","countryName":"Lebanon","hotelRating":"3","latitude":"33.7586","longitude":"35.4614","state_id":2286,"state_name":"Beirut Governorate","country_id":121},{"active":false,"Giataid":"526373","cityId":65937,"cityName":"Bhamdoun","hotelId":20000607,"hotelName":"Le Telegraphe de Belle Vue","address":"Main road,Bhamdoun,Lebanon","phones":"","fax":"","email":"s.haddad@letelegraphedebelle-vue.com","url":"http://www.chateaubelle-vue.com","countryIso2":"LB","countryName":"Lebanon","hotelRating":"0","latitude":"33.798","longitude":"35.6613","state_id":2282,"state_name":"Mount Lebanon Governorate","country_id":121},{"active":false,"Giataid":"466807","cityId":65937,"cityName":"Bhamdoun","hotelId":20000643,"hotelName":"Carlton Bhamdoun Hotel","address":"Carlton Bhamdoun Al Mahatta,1501 Bhamdoun,Lebanon","phones":"","fax":"","email":"","url":"","countryIso2":"LB","countryName":"Lebanon","hotelRating":"3","latitude":"33.8259","longitude":"35.649","state_id":2282,"state_name":"Mount Lebanon Governorate","country_id":121},{"active":false,"Giataid":"221415","cityId":65948,"cityName":"Jounieh","hotelId":20002639,"hotelName":"Bzommar Palace Hotel","address":"Bzommar Main Road,Harisa,Jounieh,Lebanon","phones":"+9619261800","fax":"+9619261805","email":"info@bzommar.com","url":"http://www.bzommar.com/","countryIso2":"LB","countryName":"Lebanon","hotelRating":"4","latitude":"33.988","longitude":"35.6803","state_id":2282,"state_name":"Mount Lebanon Governorate","country_id":121},{"active":false,"Giataid":"27483","cityId":65948,"cityName":"Jounieh","hotelId":20002843,"hotelName":"Mercure Beverly Beach","address":"Maameltein,Coastal Road,Jounieh,Lebanon","phones":"","fax":"","email":"","url":"","countryIso2":"LB","countryName":"Lebanon","hotelRating":"4","latitude":"33.9979","longitude":"35.6423","state_id":2282,"state_name":"Mount Lebanon Governorate","country_id":121},{"active":false,"Giataid":"541334","cityId":65936,"cityName":"Beirut","hotelId":20003073,"hotelName":"Urban Central Suites Beirut","address":"Nefaa Street,Dekwaneh,Beirut  0961,Lebanon","phones":"+9611488927","fax":"","email":"","url":"http://urbancentralsuites.com/","countryIso2":"LB","countryName":"Lebanon","hotelRating":"4","latitude":"33.88","longitude":"35.5442","state_id":2286,"state_name":"Beirut Governorate","country_id":121},{"active":false,"Giataid":"645516","cityId":65948,"cityName":"Jounieh","hotelId":20003492,"hotelName":"Chateau Raphael Boutique Hotel","address":"Sea Road,Near Casino Du Liban,P.O.Box: 2954,Maameltain-Jounieh,Jounieh,Lebanon","phones":"+9619642222","fax":"","email":"online@hotelchateauraphael.com","url":"http://www.raphael.llobe.com/","countryIso2":"LB","countryName":"Lebanon","hotelRating":"0","latitude":"33.9979","longitude":"35.6423","state_id":2282,"state_name":"Mount Lebanon Governorate","country_id":121},{"active":false,"Giataid":"527657","cityId":65936,"cityName":"Beirut","hotelId":20003670,"hotelName":"The Standard I by Beirut Homes","address":"Mahatma Ghandi Street,Hamra,Beirut,Lebanon","phones":"+9611735832","fax":"","email":"info@beiruthome.com","url":"http://www.beiruthome.com/Hotel/thestandard1","countryIso2":"LB","countryName":"Lebanon","hotelRating":"4","latitude":"33.8961","longitude":"35.4783","state_id":2286,"state_name":"Beirut Governorate","country_id":121},{"active":false,"Giataid":"645607","cityId":65936,"cityName":"Beirut","hotelId":20003859,"hotelName":"Studio 44","address":"Commodore Street,Hamra,Beirut,Lebanon","phones":"+96176554411","fax":"","email":"stay@studio44beirut.com","url":"http://studio44beirut.com","countryIso2":"LB","countryName":"Lebanon","hotelRating":"0","latitude":"33.8946","longitude":"35.4809","state_id":2286,"state_name":"Beirut Governorate","country_id":121},{"active":false,"Giataid":"552297","cityId":65936,"cityName":"Beirut","hotelId":20004026,"hotelName":"Al Jamila Suites","address":"Facing Coral Beach,Ramlet Al Bayda,P.O. Box: 114,Beirut 5003,Lebanon","phones":"+9611826790","fax":"","email":"info@al-jamila.com","url":"http://www.al-jamila.com","countryIso2":"LB","countryName":"Lebanon","hotelRating":"2","latitude":"33.8604","longitude":"35.4855","state_id":2286,"state_name":"Beirut Governorate","country_id":121},{"active":false,"Giataid":"674689","cityId":65948,"cityName":"Jounieh","hotelId":20004220,"hotelName":"Burj On Bay Hotel","address":"Tabarja,Kfaryassine,Mount Lebanon,Jounieh,Lebanon","phones":"+9619857555","fax":"","email":"info@burjonbay.com","url":"http://burjonbay.com/","countryIso2":"LB","countryName":"Lebanon","hotelRating":"0","latitude":"34.0225","longitude":"35.6336","state_id":2282,"state_name":"Mount Lebanon Governorate","country_id":121},{"active":false,"Giataid":"431116","cityId":65936,"cityName":"Beirut","hotelId":20004399,"hotelName":"Bliss 3000","address":"Bliss Street,behind Byblos Bank,Bliss 3000,Lebanon","phones":"+96113710145","fax":"+9611371018","email":"info@bliss3000.com","url":"http://bliss3000.com/hotel-beirut/","countryIso2":"LB","countryName":"Lebanon","hotelRating":"3","latitude":"33.8985","longitude":"35.4773","state_id":2286,"state_name":"Beirut Governorate","country_id":121},{"active":false,"Giataid":"645512","cityId":65936,"cityName":"Beirut","hotelId":20004588,"hotelName":"Talal Hostel","address":"Charles Helou Avenue,Beside Kartell Furniture Shop,Beirut,Lebanon","phones":"+9611562567","fax":"","email":"info@talalhotel.com","url":"https://www.talalhotel.com","countryIso2":"LB","countryName":"Lebanon","hotelRating":"0","latitude":"33.8977","longitude":"35.5114","state_id":2286,"state_name":"Beirut Governorate","country_id":121},{"active":false,"Giataid":"465313","cityId":65936,"cityName":"Beirut","hotelId":20005124,"hotelName":"Rami Hotel","address":"Baabda Falougha main road,Lebanon","phones":"","fax":"","email":"info@ramihotel.com","url":"http://www.ramihotel.com","countryIso2":"LB","countryName":"Lebanon","hotelRating":"0","latitude":"33.8333","longitude":"35.7391","state_id":2286,"state_name":"Beirut Governorate","country_id":121},{"active":false,"Giataid":"426915","cityId":65948,"cityName":"Jounieh","hotelId":20005361,"hotelName":"Jounieh Suites Hotel","address":"Kaslik main Road,Near Burger King,Kaslik,Jounieh,Lebanon","phones":"+9619931277","fax":"","email":"reservation@jouniehsuites.com","url":"http://www.jouniehsuites.com/","countryIso2":"LB","countryName":"Lebanon","hotelRating":"5","latitude":"33.9802","longitude":"35.6154","state_id":2282,"state_name":"Mount Lebanon Governorate","country_id":121},{"active":false,"Giataid":"623273","cityId":65948,"cityName":"Jounieh","hotelId":20005522,"hotelName":"La Tourelle","address":"Maameltein,Jounieh 1575,Lebanon","phones":"","fax":"","email":"","url":"","countryIso2":"LB","countryName":"Lebanon","hotelRating":"0","latitude":"34.0016","longitude":"35.6448","state_id":2282,"state_name":"Mount Lebanon Governorate","country_id":121},{"active":false,"Giataid":"227647","cityId":65936,"cityName":"Beirut","hotelId":20005687,"hotelName":"Ceasar's Park Hotel","address":"Madame Curie Street,Beirut 7510,Lebanon","phones":"+9611747711","fax":"+9611747535","email":"info@ceasarsparkhotel.com","url":"http://ceasarsparkhotel.com/","countryIso2":"LB","countryName":"Lebanon","hotelRating":"0","latitude":"33.8911","longitude":"35.5007","state_id":2286,"state_name":"Beirut Governorate","country_id":121},{"active":false,"Giataid":"622830","cityId":65948,"cityName":"Jounieh","hotelId":20005772,"hotelName":"Manuella Hotel","address":"Maameltein Sea Road,1200 Jounieh,Lebanon","phones":"","fax":"","email":"","url":"","countryIso2":"LB","countryName":"Lebanon","hotelRating":"0","latitude":"34.0041","longitude":"35.6451","state_id":2282,"state_name":"Mount Lebanon Governorate","country_id":121},{"active":false,"Giataid":"457117","cityId":65936,"cityName":"Beirut","hotelId":20005958,"hotelName":"Assaha Convention Hotel","address":"Airport Street,Ghobeiry,Beirut,Lebanon","phones":"+9611456101","fax":"+9611456103","email":"assaha@assahavillage.com","url":"http://www.assahavillage.com/Rooms/2/2/Rooms","countryIso2":"LB","countryName":"Lebanon","hotelRating":"5","latitude":"33.8438","longitude":"35.4974","state_id":2286,"state_name":"Beirut Governorate","country_id":121},{"active":false,"Giataid":"451954","cityId":65936,"cityName":"Beirut","hotelId":20006110,"hotelName":"Verdun Suites Hotel","address":"Verdun Rachid Karami Street,Beirut,Lebanon","phones":"","fax":"","email":"","url":"","countryIso2":"LB","countryName":"Lebanon","hotelRating":"4","latitude":"33.8828","longitude":"35.4833","state_id":2286,"state_name":"Beirut Governorate","country_id":121},{"active":false,"Giataid":"645506","cityId":65948,"cityName":"Jounieh","hotelId":20006266,"hotelName":"Leone Residence","address":"Sahel Alma,Jounieh 1200,Lebanon","phones":"","fax":"","email":"","url":"","countryIso2":"LB","countryName":"Lebanon","hotelRating":"0","latitude":"33.9877","longitude":"35.639","state_id":2282,"state_name":"Mount Lebanon Governorate","country_id":121},{"active":false,"Giataid":"407778","cityId":65936,"cityName":"Beirut","hotelId":20006442,"hotelName":"Eden","address":"Jdeidet El Maten,P.O. Box 90-1625,Beirut,Lebanon","phones":"+9611900762","fax":"","email":"","url":"http://www.hoteledenlebanon.com","countryIso2":"LB","countryName":"Lebanon","hotelRating":"4","latitude":"33.8932","longitude":"35.5667","state_id":2286,"state_name":"Beirut Governorate","country_id":121},{"active":false,"Giataid":"543502","cityId":65936,"cityName":"Beirut","hotelId":20006603,"hotelName":"Dolphin Royal Suites","address":"2666 Cleopatra Street,Raouche,Lebanon","phones":"+9611811031","fax":"","email":"reservation@dolphinroyalsuites.com","url":"http://dolphinroyalsuites.com","countryIso2":"LB","countryName":"Lebanon","hotelRating":"4","latitude":"33.8862","longitude":"35.477","state_id":2286,"state_name":"Beirut Governorate","country_id":121},{"active":false,"Giataid":"232460","cityId":65933,"cityName":"Baalbek","hotelId":20007417,"hotelName":"Palmyra","address":"Khalil Mutran Street,Baalbek,Lebanon","phones":"+9613371127","fax":"","email":"palmyra@baalbeckpalmyrahotel.com","url":"http://www.baalbeckpalmyrahotel.com/","countryIso2":"LB","countryName":"Lebanon","hotelRating":"3","latitude":"34.0056","longitude":"36.2091","state_id":2283,"state_name":"Baalbek-Hermel Governorate","country_id":121},{"active":false,"Giataid":"454354","cityId":65933,"cityName":"Baalbek","hotelId":20011476,"hotelName":"Kanaan Group Hotel","address":"Ras El Ein Lake,Baalbek 1800,Lebanon","phones":"+9618376282","fax":"+9618377235","email":"","url":"http://www.kanaanhotel.com","countryIso2":"LB","countryName":"Lebanon","hotelRating":"4","latitude":"33.9981","longitude":"36.218","state_id":2283,"state_name":"Baalbek-Hermel Governorate","country_id":121},{"active":false,"Giataid":"543973","cityId":65937,"cityName":"Bhamdoun","hotelId":20013194,"hotelName":"El Sheikh Hotel - Bhamdoun","address":"Al Mahatta,Bhamdoun,Lebanon","phones":"+9615262900","fax":"+9615260936","email":"sales@elsheikh-hotels.com","url":"http://elsheikh-hotels.com/bhamdoun","countryIso2":"LB","countryName":"Lebanon","hotelRating":"4","latitude":"33.8083","longitude":"35.6603","state_id":2282,"state_name":"Mount Lebanon Governorate","country_id":121},{"active":false,"Giataid":"528557","cityId":65937,"cityName":"Bhamdoun","hotelId":20013946,"hotelName":"Cherry Blossom Boutique Hotel","address":"El Qrayeh,Mount - Lebanon,Bhamdoun,Lebanon","phones":"+9615262030","fax":"","email":"info@cherryblossom-resort.com","url":"http://www.cherryblossom-resort.com/","countryIso2":"LB","countryName":"Lebanon","hotelRating":"4","latitude":"33.8084","longitude":"35.6768","state_id":2282,"state_name":"Mount Lebanon Governorate","country_id":121},{"active":false,"Giataid":"634011","cityId":65936,"cityName":"Beirut","hotelId":20014435,"hotelName":"Blue Tower Hotel","address":"Verdun,Alfred Nobel,Bejrut,Liban,Lebanon","phones":"","fax":"","email":"","url":"","countryIso2":"LB","countryName":"Lebanon","hotelRating":"4","latitude":"33.8923","longitude":"35.4836","state_id":2286,"state_name":"Beirut Governorate","country_id":121},{"active":false,"Giataid":"725812","cityId":65936,"cityName":"Beirut","hotelId":20014596,"hotelName":"Hostel Beirut","address":"Rue 56 11,Building Akram Al-Eid,2078 Beirut,Geitawi,Lebanon","phones":"+9611568966","fax":"","email":"hostelbeirut@gmail.com","url":"http://hostelbeirut.com","countryIso2":"LB","countryName":"Lebanon","hotelRating":"0","latitude":"33.8911","longitude":"35.5007","state_id":2286,"state_name":"Beirut Governorate","country_id":121},{"active":false,"Giataid":"466522","cityId":65954,"cityName":"Tyre","hotelId":20014740,"hotelName":"Murex Hotel","address":"Nabih Berri Street,Tyre 1601,South Lebanon,Lebanon","phones":"","fax":"","email":"","url":"","countryIso2":"LB","countryName":"Lebanon","hotelRating":"3","latitude":"33.8911","longitude":"35.5007","state_id":2281,"state_name":"South Governorate","country_id":121},{"active":false,"Giataid":"424100","cityId":65936,"cityName":"Beirut","hotelId":20014844,"hotelName":"Universel Residence","address":"Prince Khaled Shehabe,Raouche,Beirut,Lebanon","phones":"+9611801416","fax":"","email":"","url":"http://www.universalresidence.com","countryIso2":"LB","countryName":"Lebanon","hotelRating":"3","latitude":"33.8916","longitude":"35.4732","state_id":2286,"state_name":"Beirut Governorate","country_id":121},{"active":false,"Giataid":"472353","cityId":65948,"cityName":"Jounieh","hotelId":20014977,"hotelName":"N D Mont Hotel Jounieh","address":"Main Road,Fatqa,Jounieh 1451,Libanon,Lebanon","phones":"","fax":"","email":"","url":"","countryIso2":"LB","countryName":"Lebanon","hotelRating":"0","latitude":"34.0352","longitude":"35.6694","state_id":2282,"state_name":"Mount Lebanon Governorate","country_id":121},{"active":false,"Giataid":"552289","cityId":65936,"cityName":"Beirut","hotelId":20015146,"hotelName":"El Sheikh Suites Hotel - Beirut","address":"Hamra Sidani Street,Beirut,Lebanon","phones":"+9611756756","fax":"+9611751805","email":"sales@elsheikh-hotels.com","url":"http://www.elsheikh-hotels.com/beirut/index.html","countryIso2":"LB","countryName":"Lebanon","hotelRating":"4","latitude":"33.8981","longitude":"35.4797","state_id":2286,"state_name":"Beirut Governorate","country_id":121},{"active":false,"Giataid":"159361","cityId":65936,"cityName":"Beirut","hotelId":20015222,"hotelName":"The Private","address":"Achrafieh,Beirut,Lebanon","phones":"+9611567890","fax":"+9611561100","email":"private@theprivatehotel.com","url":"http://www.theprivatehotel.com/","countryIso2":"LB","countryName":"Lebanon","hotelRating":"3","latitude":"33.8911","longitude":"35.5007","state_id":2286,"state_name":"Beirut Governorate","country_id":121},{"active":false,"Giataid":"404689","cityId":65936,"cityName":"Beirut","hotelId":20015643,"hotelName":"Villa Queen's","address":"Kouraytim,Hamra,Beirut 1103,Lebanon","phones":"+9611795195","fax":"+9611786612","email":"sales@villaqueens.com","url":"http://www.villaqueens.com/home.html","countryIso2":"LB","countryName":"Lebanon","hotelRating":"3","latitude":"33.8936","longitude":"35.4779","state_id":2286,"state_name":"Beirut Governorate","country_id":121},{"active":false,"Giataid":"645502","cityId":65948,"cityName":"Jounieh","hotelId":20015692,"hotelName":"Saint Jean Hotel","address":"Maameltein Sea Road,Jounieh,Lebanon","phones":"","fax":"","email":"","url":"","countryIso2":"LB","countryName":"Lebanon","hotelRating":"0","latitude":"34.0041","longitude":"35.6452","state_id":2282,"state_name":"Mount Lebanon Governorate","country_id":121},{"active":false,"Giataid":"271613","cityId":65936,"cityName":"Beirut","hotelId":20016112,"hotelName":"Park Lane Furnished Suites","address":"Ain Mreiseh,Nsouli Street,Beirut,Lebanon","phones":"+9611377142","fax":"+9611377143","email":"","url":"http://www.parklanelebanon.com/","countryIso2":"LB","countryName":"Lebanon","hotelRating":"3","latitude":"33.9009","longitude":"35.4891","state_id":2286,"state_name":"Beirut Governorate","country_id":121},{"active":false,"Giataid":"623280","cityId":65936,"cityName":"Beirut","hotelId":20016250,"hotelName":"The Grand Meshmosh Hotel","address":"Gemmayze Saint Nicolas Stairway,Beirut,Lebanon","phones":"","fax":"","email":"","url":"","countryIso2":"LB","countryName":"Lebanon","hotelRating":"0","latitude":"33.8943","longitude":"35.5156","state_id":2286,"state_name":"Beirut Governorate","country_id":121},{"active":false,"Giataid":"232461","cityId":65936,"cityName":"Beirut","hotelId":20016342,"hotelName":"Royal Park","address":"Ain Saadeh,Beirut,Lebanon","phones":"+9614873100","fax":"+9614872700","email":"info@royalparkhotel-lb.com","url":"http://www.royalparkhotellb.com/","countryIso2":"LB","countryName":"Lebanon","hotelRating":"5","latitude":"33.8654","longitude":"35.5999","state_id":2286,"state_name":"Beirut Governorate","country_id":121},{"active":false,"Giataid":"528191","cityId":65936,"cityName":"Beirut","hotelId":20016471,"hotelName":"The Standard II by Beirut Homes","address":"Abdel Aziz Street,Hamra,Beirut,Lebanon","phones":"+9611735832","fax":"","email":"info@beiruthome.com","url":"http://www.beiruthome.com/Hotel/thestandard2","countryIso2":"LB","countryName":"Lebanon","hotelRating":"3","latitude":"33.8963","longitude":"35.4787","state_id":2286,"state_name":"Beirut Governorate","country_id":121},{"active":false,"Giataid":"275390","cityId":65948,"cityName":"Jounieh","hotelId":20016552,"hotelName":"Adma Blue Screen","address":"Adma Yellow Zone Street 4,Jounieh,Kesrouan,Lebanon","phones":"+9619856500","fax":"+9619856400","email":"frboueri@hotmail.com","url":"http://www.admabluescreen.com.lb/","countryIso2":"LB","countryName":"Lebanon","hotelRating":"4","latitude":"34.0179","longitude":"35.6518","state_id":2282,"state_name":"Mount Lebanon Governorate","country_id":121},{"active":false,"Giataid":"645505","cityId":65936,"cityName":"Beirut","hotelId":20016658,"hotelName":"Elegant Suites","address":"Sorati Street,Hamra,Beirut 1103 2140,Lebanon","phones":"","fax":"","email":"","url":"","countryIso2":"LB","countryName":"Lebanon","hotelRating":"3","latitude":"33.8972","longitude":"35.4834","state_id":2286,"state_name":"Beirut Governorate","country_id":121},{"active":false,"Giataid":"471244","cityId":65948,"cityName":"Jounieh","hotelId":20016716,"hotelName":"BayInn Hotel","address":"Coastal Road,Near Casino Du Liban,Jounieh,Lebanon","phones":"+9619854212","fax":"+9619853819","email":"info@bayinnhotel.com","url":"http://www.bayinnhotel.com/","countryIso2":"LB","countryName":"Lebanon","hotelRating":"4","latitude":"34.007","longitude":"35.6466","state_id":2282,"state_name":"Mount Lebanon Governorate","country_id":121},{"active":false,"Giataid":"264613","cityId":65936,"cityName":"Beirut","hotelId":20016833,"hotelName":"Carlton","address":"P.O. Box: 113420,Chouran,Beirut,Lebanon","phones":"","fax":"","email":"","url":"","countryIso2":"LB","countryName":"Lebanon","hotelRating":"0","latitude":"33.8941","longitude":"35.5017","state_id":2286,"state_name":"Beirut Governorate","country_id":121},{"active":false,"Giataid":"665388","cityId":65936,"cityName":"Beirut","hotelId":20016943,"hotelName":"Kantari Suites","address":"Minutes away from Sanayeh Garden,Hamra,Clemenceau,Lebanon","phones":"+9611746936","fax":"+9611755888","email":"reservations@dalfa.com","url":"https://www.kantarisuites.com/","countryIso2":"LB","countryName":"Lebanon","hotelRating":"3","latitude":"33.8954","longitude":"35.4928","state_id":2286,"state_name":"Beirut Governorate","country_id":121},{"active":false,"Giataid":"580577","cityId":65936,"cityName":"Beirut","hotelId":20017061,"hotelName":"Royal Tulip Achrafieh","address":"Alfred Naccache Street,Beirut 5516,Lebanon","phones":"+96170844222","fax":"+9613396953","email":"info@goldentulipachrafieh.com","url":"http://www.goldentulipachrafieh.com","countryIso2":"LB","countryName":"Lebanon","hotelRating":"5","latitude":"33.8854","longitude":"35.5231","state_id":2286,"state_name":"Beirut Governorate","country_id":121},{"active":false,"Giataid":"645586","cityId":65936,"cityName":"Beirut","hotelId":20017174,"hotelName":"Hawaii Tower","address":"Carcas Street 86,Raouche,P.O.Box: 136378,Beirut,Lebanon","phones":"+9611808618","fax":"+9611860196","email":"info@hawaitower.com","url":"http://www.hawaitower.com/","countryIso2":"LB","countryName":"Lebanon","hotelRating":"0","latitude":"33.8911","longitude":"35.5007","state_id":2286,"state_name":"Beirut Governorate","country_id":121},{"active":false,"Giataid":"451050","cityId":65948,"cityName":"Jounieh","hotelId":20017287,"hotelName":"Arcada Marina Hotel","address":"Maameltein,Main Road,Jounieh 1200,Lebanon","phones":"+9619640613","fax":"+9619900810","email":"reservations@arcadamarina.com","url":"http://www.arcadamarina.com","countryIso2":"LB","countryName":"Lebanon","hotelRating":"4","latitude":"33.9894","longitude":"35.6381","state_id":2282,"state_name":"Mount Lebanon Governorate","country_id":121},{"active":false,"Giataid":"264620","cityId":65936,"cityName":"Beirut","hotelId":20017395,"hotelName":"Pavillon","address":"Hamra Street,PO Box 8242,Beirut,Lebanon","phones":"+9611350160","fax":"+9611352301","email":"pavillon.hotel@yahoo.com","url":"","countryIso2":"LB","countryName":"Lebanon","hotelRating":"2","latitude":"33.8947","longitude":"35.4827","state_id":2286,"state_name":"Beirut Governorate","country_id":121},{"active":false,"Giataid":"555164","cityId":65936,"cityName":"Beirut","hotelId":20017634,"hotelName":"New Home Residence","address":"Saroulla Street,Hamra,Near Safir Building,Beirut,Lebanon","phones":"+9611755770","fax":"","email":"","url":"http://nhresidence.com/","countryIso2":"LB","countryName":"Lebanon","hotelRating":"3","latitude":"33.8935","longitude":"35.4849","state_id":2286,"state_name":"Beirut Governorate","country_id":121},{"active":false,"Giataid":"451220","cityId":65948,"cityName":"Jounieh","hotelId":20017736,"hotelName":"Voodoo Hotel","address":"Haret Sakhr,Near Pastor Hospital,Jounieh 1200,Lebanon","phones":"+9619642851","fax":"","email":"info@voodoo-hotel.com","url":"http://www.hotel-voodoo.com/","countryIso2":"LB","countryName":"Lebanon","hotelRating":"4","latitude":"33.9923","longitude":"35.6415","state_id":2282,"state_name":"Mount Lebanon Governorate","country_id":121},{"active":false,"Giataid":"58006","cityId":65936,"cityName":"Beirut","hotelId":20017846,"hotelName":"Rabiya Marine","address":"p.o. box : 23 Jbeil,Beirut,Lebanon","phones":"+9619854777","fax":"+9619852806","email":"contact@rabiyamarine.com","url":"http://www.rabiyamarine.com/","countryIso2":"LB","countryName":"Lebanon","hotelRating":"3","latitude":"33.8886","longitude":"35.4955","state_id":2286,"state_name":"Beirut Governorate","country_id":121},{"active":false,"Giataid":"610085","cityId":65936,"cityName":"Beirut","hotelId":20017963,"hotelName":"Park Tower Suites","address":"Ashrafieh,Beirut,Lebanon","phones":"+9611333314","fax":"+9611324783","email":"info@parktowersuites.com","url":"http://www.parktowersuites.com","countryIso2":"LB","countryName":"Lebanon","hotelRating":"4","latitude":"33.8861","longitude":"35.5146","state_id":2286,"state_name":"Beirut Governorate","country_id":121},{"active":false,"Giataid":"724506","cityId":65936,"cityName":"Beirut","hotelId":20017982,"hotelName":"Hayete Guesthouse","address":"Furn El Hayek,Beirut 1234,Lebanon","phones":"","fax":"","email":"info@hayete-guesthouse.com","url":"http://www.hayete-guesthouse.com/","countryIso2":"LB","countryName":"Lebanon","hotelRating":"2","latitude":"33.89","longitude":"35.5153","state_id":2286,"state_name":"Beirut Governorate","country_id":121},{"active":false,"Giataid":"264615","cityId":65936,"cityName":"Beirut","hotelId":20018090,"hotelName":"Hildon","address":"Australia Street,Rawcheh,Beirut,Lebanon","phones":"+9611864124","fax":"+9611603547","email":"hildon@bookinn.com","url":"","countryIso2":"LB","countryName":"Lebanon","hotelRating":"3","latitude":"33.8881","longitude":"35.4746","state_id":2286,"state_name":"Beirut Governorate","country_id":121},{"active":false,"Giataid":"545437","cityId":65948,"cityName":"Jounieh","hotelId":20018201,"hotelName":"Madisson Hotel","address":"Haret Sakhir Athenee Street,Jounieh,Lebanon","phones":"+9619832066","fax":"","email":"info@madissonhotel.com","url":"http://www.madissonhotel.com/","countryIso2":"LB","countryName":"Lebanon","hotelRating":"4","latitude":"33.9879","longitude":"35.6394","state_id":2282,"state_name":"Mount Lebanon Governorate","country_id":121},{"active":false,"Giataid":"468205","cityId":65936,"cityName":"Beirut","hotelId":20018319,"hotelName":"Hotel Le Noble","address":"PO Box 70-798,Dbayeh,Beirut,Lebanon","phones":"+9614542750","fax":"+9614542751","email":"info@hotellenoble.com","url":"http://www.hotellenoble.com/","countryIso2":"LB","countryName":"Lebanon","hotelRating":"4","latitude":"33.9468","longitude":"35.5975","state_id":2286,"state_name":"Beirut Governorate","country_id":121},{"active":false,"Giataid":"674684","cityId":65948,"cityName":"Jounieh","hotelId":20018434,"hotelName":"El Rancho Resort","address":"Ghodras,Ftouh Kesrwan,Adma Highway,Jounieh 1200,Lebanon","phones":"","fax":"","email":"","url":"","countryIso2":"LB","countryName":"Lebanon","hotelRating":"0","latitude":"33.9979","longitude":"35.6423","state_id":2282,"state_name":"Mount Lebanon Governorate","country_id":121},{"active":false,"Giataid":"541342","cityId":65936,"cityName":"Beirut","hotelId":20018544,"hotelName":"Gems Hotel Aparthotel","address":"Maqdissi Street,Hamra District,Beirut,Lebanon","phones":"+961746067","fax":"","email":"info@gemshotel.com.lb","url":"http://gemshotel.com.lb/","countryIso2":"LB","countryName":"Lebanon","hotelRating":"3","latitude":"33.8968","longitude":"35.4788","state_id":2286,"state_name":"Beirut Governorate","country_id":121},{"active":false,"Giataid":"426914","cityId":65936,"cityName":"Beirut","hotelId":20018771,"hotelName":"Hotel NY Suites","address":"Mina El Hoson,Ibn Sinaa Street,Beirut 1103,Lebanon","phones":"+9611367543","fax":"","email":"","url":"http://www.ny-suites.com/profile.shtm","countryIso2":"LB","countryName":"Lebanon","hotelRating":"4","latitude":"33.9012","longitude":"35.4928","state_id":2286,"state_name":"Beirut Governorate","country_id":121},{"active":false,"Giataid":"451218","cityId":65948,"cityName":"Jounieh","hotelId":20018815,"hotelName":"Lamedina Hotel & Resorts","address":"Sea side road,facing T?l?ph?rique Du Liban,Keserwan District,Jounieh,Mount Lebanon Governorate,Lebanon","phones":"+9619918484","fax":"","email":"info@lamedinahotel.com","url":"","countryIso2":"LB","countryName":"Lebanon","hotelRating":"3","latitude":"33.994","longitude":"35.6404","state_id":2282,"state_name":"Mount Lebanon Governorate","country_id":121},{"active":false,"Giataid":"677652","cityId":65936,"cityName":"Beirut","hotelId":20018923,"hotelName":"Silver Apartments","address":"Al Chayah,Galarie Semaan Intersection,Facing Max Shopping Center,Beirut,Lebanon","phones":"","fax":"","email":"","url":"","countryIso2":"LB","countryName":"Lebanon","hotelRating":"0","latitude":"33.8911","longitude":"35.5007","state_id":2286,"state_name":"Beirut Governorate","country_id":121},{"active":false,"Giataid":"592769","cityId":65936,"cityName":"Beirut","hotelId":20019036,"hotelName":"La Cigale Hotel - Zalka","address":"Zalka Highway,Beirut,Lebanon","phones":"+9611893441","fax":"+9611898773","email":"info@lacigalelebanon.com","url":"http://www.lacigale.com.lb/ourdivisions/hotel","countryIso2":"LB","countryName":"Lebanon","hotelRating":"4","latitude":"33.9011","longitude":"35.5712","state_id":2286,"state_name":"Beirut Governorate","country_id":121},{"active":false,"Giataid":"675089","cityId":65936,"cityName":"Beirut","hotelId":20019360,"hotelName":"Beyti Residence","address":"Ibrahim Abdul Aal Street,Makedsi Street,Hamra,Beirut,Lebanon","phones":"+96170097770","fax":"","email":"info@beytiresidence.com","url":"http://www.beytiresidence.com/","countryIso2":"LB","countryName":"Lebanon","hotelRating":"0","latitude":"33.8911","longitude":"35.5007","state_id":2286,"state_name":"Beirut Governorate","country_id":121},{"active":false,"Giataid":"582371","cityId":65948,"cityName":"Jounieh","hotelId":20019441,"hotelName":"Camelot Hotel","address":"Highway Jounieh,Facing Metro Superstore,Maameltein,Jounieh,Lebanon","phones":"","fax":"","email":"","url":"","countryIso2":"LB","countryName":"Lebanon","hotelRating":"3","latitude":"33.9959","longitude":"35.6452","state_id":2282,"state_name":"Mount Lebanon Governorate","country_id":121},{"active":false,"Giataid":"593961","cityId":65936,"cityName":"Beirut","hotelId":20019595,"hotelName":"Key Apart Hotel","address":"Palais de Justice District,Corniche du Fleuve,P.O Box 167058,Beirut,Lebanon","phones":"+9611424247","fax":"","email":"","url":"http://www.thekeybeirut.com/","countryIso2":"LB","countryName":"Lebanon","hotelRating":"4","latitude":"33.8791","longitude":"35.5228","state_id":2286,"state_name":"Beirut Governorate","country_id":121},{"active":false,"Giataid":"426913","cityId":65936,"cityName":"Beirut","hotelId":20019810,"hotelName":"Ewa Beirut Raouche Hotel","address":"Australia Street,P.O. Box 113-5966,Raouche,Beirut,Lebanon","phones":"+9611786640","fax":"+9611787314","email":"reservations.raouche@ewa.hmh.email","url":"https://www.hmhhotelgroup.com/ewa/lebanon/beirut/ewabeirutraouche","countryIso2":"LB","countryName":"Lebanon","hotelRating":"3","latitude":"33.892","longitude":"35.4728","state_id":2286,"state_name":"Beirut Governorate","country_id":121},{"active":false,"Giataid":"723952","cityId":65936,"cityName":"Beirut","hotelId":20019902,"hotelName":"Achrafieh Apartments","address":"Evangelical Brothers Church,Beirut 1100,Lebanon","phones":"","fax":"","email":"","url":"","countryIso2":"LB","countryName":"Lebanon","hotelRating":"0","latitude":"33.8911","longitude":"35.5007","state_id":2286,"state_name":"Beirut Governorate","country_id":121},{"active":false,"Giataid":"469129","cityId":65948,"cityName":"Jounieh","hotelId":20020004,"hotelName":"Lagace Hotel","address":"Old NDU Road,Zouk Mosbeh,Kesrouan,Lebanon","phones":"+9619212975","fax":"+9611240638","email":"reservations@lagacehotel.com","url":"http://www.lagacehotel.com","countryIso2":"LB","countryName":"Lebanon","hotelRating":"3","latitude":"33.9523","longitude":"35.6215","state_id":2282,"state_name":"Mount Lebanon Governorate","country_id":121},{"active":false,"Giataid":"613246","cityId":65936,"cityName":"Beirut","hotelId":20020120,"hotelName":"Garden City Residence","address":"Boulvard Antoine Shakhtoura,P.O.Box 165489,Dekwaneh,Beirut,Lebanon","phones":"+9611513460","fax":"+9611513464","email":"info@gardencity-leb.com","url":"http://www.gardencity-leb.com/","countryIso2":"LB","countryName":"Lebanon","hotelRating":"3","latitude":"33.8811","longitude":"35.5438","state_id":2286,"state_name":"Beirut Governorate","country_id":121},{"active":false,"Giataid":"674728","cityId":65948,"cityName":"Jounieh","hotelId":20020237,"hotelName":"President Hotel","address":"Sahel Alma,Before Casino Du Liban,Maamelteine,Jounieh,Lebanon","phones":"+9619935235","fax":"","email":"Info@presidenthotel.co","url":"http://presidenthotel.co/","countryIso2":"LB","countryName":"Lebanon","hotelRating":"0","latitude":"34.0006","longitude":"35.6459","state_id":2282,"state_name":"Mount Lebanon Governorate","country_id":121},{"active":false,"Giataid":"645536","cityId":65936,"cityName":"Beirut","hotelId":20020344,"hotelName":"Dreams Suites","address":"Karakas Rouche,Beirut,Lebanon","phones":"","fax":"","email":"","url":"","countryIso2":"LB","countryName":"Lebanon","hotelRating":"0","latitude":"33.8948","longitude":"35.475","state_id":2286,"state_name":"Beirut Governorate","country_id":121},{"active":false,"Giataid":"159368","cityId":65937,"cityName":"Bhamdoun","hotelId":20022180,"hotelName":"Four Points by Sheraton Bhamdoun","address":"Main Square,P.O. Box 244,Aley,1501 Bhamdoun,Al Mahatta,Lebanon","phones":"","fax":"","email":"","url":"","countryIso2":"LB","countryName":"Lebanon","hotelRating":"4","latitude":"33.8087","longitude":"35.6598","state_id":2282,"state_name":"Mount Lebanon Governorate","country_id":121},{"active":false,"Giataid":"504203","cityId":65936,"cityName":"Beirut","hotelId":20023215,"hotelName":"Viccini Suites Hotel","address":"Sadat Street,Hamra,Beirut,Lebanon","phones":"+9611751745","fax":"+9611752744","email":"viccinisuites@hotmail.com","url":"http://viccinisuiteshotel.com/about.php","countryIso2":"LB","countryName":"Lebanon","hotelRating":"3","latitude":"33.8962","longitude":"35.478","state_id":2286,"state_name":"Beirut Governorate","country_id":121},{"active":false,"Giataid":"726305","cityId":65936,"cityName":"Beirut","hotelId":20023298,"hotelName":"Bella Rosa Hotel","address":"Hamra Street,Beirut 1103,Lebanon","phones":"+9611750206","fax":"","email":"reservation@bellarosahotel.com","url":"http://www.bellarosahotel.com/","countryIso2":"LB","countryName":"Lebanon","hotelRating":"0","latitude":"33.8911","longitude":"35.5007","state_id":2286,"state_name":"Beirut Governorate","country_id":121},{"active":false,"Giataid":"622812","cityId":65936,"cityName":"Beirut","hotelId":20023433,"hotelName":"Bliss Suite Hotel","address":"Bliss Street,Hamra,1103 Beirut,Lebanon","phones":"","fax":"","email":"","url":"","countryIso2":"LB","countryName":"Lebanon","hotelRating":"4","latitude":"33.8987","longitude":"35.4787","state_id":2286,"state_name":"Beirut Governorate","country_id":121},{"active":false,"Giataid":"645572","cityId":65936,"cityName":"Beirut","hotelId":20023717,"hotelName":"Nouveau Hotel Du liban","address":"Damascus Road - Monot Street,Ashrafieh,Beirut,Lebanon","phones":"+9611320332","fax":"+9611320332","email":"","url":"http://www.nouveauhotelduliban.com/","countryIso2":"LB","countryName":"Lebanon","hotelRating":"2","latitude":"33.8912","longitude":"35.5069","state_id":2286,"state_name":"Beirut Governorate","country_id":121},{"active":false,"Giataid":"202989","cityId":65936,"cityName":"Beirut","hotelId":20023993,"hotelName":"Marble Tower","address":"Hamra Makdisi Street,P.O. Box: 113-6452,Beirut,Lebanon","phones":"+9611354586","fax":"+9611346262","email":"hassan@marbletowerhotel.com","url":"http://www.marbletowerhotel.com/","countryIso2":"LB","countryName":"Lebanon","hotelRating":"3","latitude":"33.8966","longitude":"35.4802","state_id":2286,"state_name":"Beirut Governorate","country_id":121},{"active":false,"Giataid":"674683","cityId":65948,"cityName":"Jounieh","hotelId":20024054,"hotelName":"Bouery Hotel Tabarja","address":"Coastal Road,Tabarja,Near Casino Du Liban,Jounieh,Lebanon","phones":"+96176040404","fax":"","email":"info@boueryhotel.com","url":"http://www.boueryhotel.com","countryIso2":"LB","countryName":"Lebanon","hotelRating":"0","latitude":"33.9979","longitude":"35.6423","state_id":2282,"state_name":"Mount Lebanon Governorate","country_id":121},{"active":false,"Giataid":"457754","cityId":65936,"cityName":"Beirut","hotelId":20024164,"hotelName":"Honey House Hotel","address":"Kuwait Street,between Hamra district and Rauche distric,Beirut,Lebanon","phones":"+9611741020","fax":"","email":"","url":"http://www.honeyhousehotel.net/","countryIso2":"LB","countryName":"Lebanon","hotelRating":"3","latitude":"33.8956","longitude":"35.4748","state_id":2286,"state_name":"Beirut Governorate","country_id":121},{"active":false,"Giataid":"431117","cityId":65948,"cityName":"Jounieh","hotelId":20024237,"hotelName":"Monte Cassino Boutique Hotel","address":"Casino Du Liban Street,Tabarjah,Mount Lebanon,Jounieh 1200,Lebanon","phones":"+9619852600","fax":"+9619853810","email":"info@hotelmontecassino.com","url":"http://www.hotelmontecassino.com/","countryIso2":"LB","countryName":"Lebanon","hotelRating":"5","latitude":"34.014","longitude":"35.6389","state_id":2282,"state_name":"Mount Lebanon Governorate","country_id":121},{"active":false,"Giataid":"645499","cityId":65948,"cityName":"Jounieh","hotelId":20024402,"hotelName":"Laforge Residence","address":"Sarba - Kaslik - Jounieh,Jounieh,Lebanon","phones":"","fax":"","email":"","url":"","countryIso2":"LB","countryName":"Lebanon","hotelRating":"0","latitude":"33.9814","longitude":"35.6258","state_id":2282,"state_name":"Mount Lebanon Governorate","country_id":121},{"active":false,"Giataid":"451246","cityId":65936,"cityName":"Beirut","hotelId":20024505,"hotelName":"Lahoya Verdun","address":"Verdun Street,Beirut,Lebanon","phones":"+9611786735","fax":"","email":"","url":"","countryIso2":"LB","countryName":"Lebanon","hotelRating":"4","latitude":"33.8826","longitude":"35.4843","state_id":2286,"state_name":"Beirut Governorate","country_id":121},{"active":false,"Giataid":"724516","cityId":65936,"cityName":"Beirut","hotelId":20024601,"hotelName":"Loft 29 Residence","address":"Hamra Main Street,Beirut,Lebanon","phones":"+9611744544","fax":"","email":"info@loft29residence.com","url":"https://www.loft29residence.com","countryIso2":"LB","countryName":"Lebanon","hotelRating":"3","latitude":"33.8956","longitude":"35.4835","state_id":2286,"state_name":"Beirut Governorate","country_id":121},{"active":false,"Giataid":"466016","cityId":65936,"cityName":"Beirut","hotelId":20024691,"hotelName":"Residence De France","address":"Beirut, High Way Road - Dbayeh,Lebanon","phones":"+96170101188","fax":"","email":"info@residencedefrancehotel.com","url":"http://residencedefrancehotel.com/","countryIso2":"LB","countryName":"Lebanon","hotelRating":"3","latitude":"33.9492","longitude":"35.594","state_id":2286,"state_name":"Beirut Governorate","country_id":121},{"active":false,"Giataid":"466919","cityId":65936,"cityName":"Beirut","hotelId":20024996,"hotelName":"Villa Clara Boutique Hotel","address":"Ashrafieh,Mar Mkhayel,Beirut,Lebanon","phones":"+96170995739","fax":"","email":"olivier@villaclara.fr","url":"http://www.villaclara.fr/villa_clara/Hotel.html","countryIso2":"LB","countryName":"Lebanon","hotelRating":"0","latitude":"33.8964","longitude":"35.5302","state_id":2286,"state_name":"Beirut Governorate","country_id":121},{"active":false,"Giataid":"611785","cityId":65948,"cityName":"Jounieh","hotelId":20025090,"hotelName":"Siena Hotel","address":"Ghazir,Jounieh 1200,Lebanon","phones":"+9619854472","fax":"","email":"reservation@sienahotellb.com","url":"http://www.sienahotellb.com/","countryIso2":"LB","countryName":"Lebanon","hotelRating":"4","latitude":"34.0078","longitude":"35.647","state_id":2282,"state_name":"Mount Lebanon Governorate","country_id":121},{"active":false,"Giataid":"674462","cityId":65936,"cityName":"Beirut","hotelId":20025188,"hotelName":"La Maison De Hamra","address":"Hamra Street,Intersection Omar Bin Abdel Aziz Street,Beirut,Lebanon","phones":"","fax":"","email":"","url":"","countryIso2":"LB","countryName":"Lebanon","hotelRating":"0","latitude":"33.8911","longitude":"35.5007","state_id":2286,"state_name":"Beirut Governorate","country_id":121},{"active":false,"Giataid":"675088","cityId":65948,"cityName":"Jounieh","hotelId":20025288,"hotelName":"Bil Residence","address":"Highway jounieh-Jbeil,Jounieh 1234,Lebanon","phones":"","fax":"","email":"","url":"","countryIso2":"LB","countryName":"Lebanon","hotelRating":"0","latitude":"33.9807","longitude":"35.6348","state_id":2282,"state_name":"Mount Lebanon Governorate","country_id":121},{"active":false,"Giataid":"674699","cityId":65936,"cityName":"Beirut","hotelId":20025366,"hotelName":"Quality Rooms","address":"Lebanese University Street,Bouchrieh Mar-Takla,Beirut,Lebanon","phones":"+9611695295","fax":"","email":"info@beirutroomforrent.com","url":"http://www.beirutroomforrent.com","countryIso2":"LB","countryName":"Lebanon","hotelRating":"0","latitude":"33.8835","longitude":"35.5628","state_id":2286,"state_name":"Beirut Governorate","country_id":121},{"active":false,"Giataid":"878300","cityId":65936,"cityName":"Beirut","hotelId":20347403,"hotelName":"Concorde Hotel","address":"Bliss Street,Hamra,Beirut,Lebanon","phones":"","fax":"","email":"","url":"","countryIso2":"LB","countryName":"Lebanon","hotelRating":"0","latitude":"33.8911","longitude":"35.5007","state_id":2286,"state_name":"Beirut Governorate","country_id":121},{"active":false,"Giataid":"887761","cityId":53294,"cityName":"Tripoli","hotelId":20347406,"hotelName":"Seed Guest House","address":"Al Ajam Street,3rd Floor,Bayad Building,Al Nejmeh Square,Tripoli 1301,Lebanon","phones":"","fax":"","email":"","url":"","countryIso2":"LB","countryName":"Lebanon","hotelRating":"0","latitude":"34.4253","longitude":"35.8274","state_id":2119,"state_name":"Peloponnese Region","country_id":85},{"active":false,"Giataid":"940722","cityId":65954,"cityName":"Tyre","hotelId":20347412,"hotelName":"Asamina Boutique Hotel","address":"Saydet El Bihar Street,1601 Sour,Lebanon","phones":"","fax":"","email":"","url":"","countryIso2":"LB","countryName":"Lebanon","hotelRating":"0","latitude":"33.2675","longitude":"35.209","state_id":2281,"state_name":"South Governorate","country_id":121},{"active":false,"Giataid":"873712","cityId":65933,"cityName":"Baalbek","hotelId":20347409,"hotelName":"Jammal Hotel","address":"Hajjar Street,Baalbeck 1800,Lebanon","phones":"","fax":"","email":"","url":"","countryIso2":"LB","countryName":"Lebanon","hotelRating":"0","latitude":"34.0018","longitude":"36.2136","state_id":2283,"state_name":"Baalbek-Hermel Governorate","country_id":121},{"active":false,"Giataid":"904937","cityId":65936,"cityName":"Beirut","hotelId":20347410,"hotelName":"Hilton Beirut Downtown","address":"Mir Majid Arslan Street,Minet El Hosn,Beirut 9660,Lebanon","phones":"+9611951111","fax":"","email":"","url":"http://www3.hilton.com/en/hotels/lebanon/hilton-beirut-downtown-BEYHIHI/index.html","countryIso2":"LB","countryName":"Lebanon","hotelRating":"0","latitude":"33.9013","longitude":"35.503","state_id":2286,"state_name":"Beirut Governorate","country_id":121},{"active":false,"Giataid":"942504","cityId":65936,"cityName":"Beirut","hotelId":20347417,"hotelName":"Villa Queens","address":"Koraytem,Beirut,Lebanon","phones":"+9611866850","fax":"+9611786612","email":"","url":"http://www.villaqueens.com/","countryIso2":"LB","countryName":"Lebanon","hotelRating":"0","latitude":"33.8911","longitude":"35.5007","state_id":2286,"state_name":"Beirut Governorate","country_id":121},{"active":false,"Giataid":"859850","cityId":65936,"cityName":"Beirut","hotelId":20347423,"hotelName":"Beyt Amir","address":"Clemeanceau America Street,Beirut,Lebanon","phones":"","fax":"","email":"","url":"","countryIso2":"LB","countryName":"Lebanon","hotelRating":"3","latitude":"33.8911","longitude":"35.5007","state_id":2286,"state_name":"Beirut Governorate","country_id":121},{"active":false,"Giataid":"873733","cityId":65948,"cityName":"Jounieh","hotelId":20347425,"hotelName":"Grey Pearls Suites","address":"Fouad Chehab Bridge,PO Box 1767,Jounieh,Lebanon","phones":"+96171550001","fax":"","email":"info@greypearlsuites.com","url":"http://www.greypearlsuites.com","countryIso2":"LB","countryName":"Lebanon","hotelRating":"0","latitude":"33.9979","longitude":"35.6423","state_id":2282,"state_name":"Mount Lebanon Governorate","country_id":121},{"active":false,"Giataid":"940768","cityId":65952,"cityName":"Sidon","hotelId":20347449,"hotelName":"Yacoub Hotel","address":"Moutran Street,Chakrieh,Saida,Lebanon","phones":"","fax":"","email":"booking@lebhotels.com","url":"https://www.yacoubhotel.com/","countryIso2":"LB","countryName":"Lebanon","hotelRating":"0","latitude":"33.5642","longitude":"35.3722","state_id":2281,"state_name":"South Governorate","country_id":121},{"active":false,"Giataid":"892321","cityId":65936,"cityName":"Beirut","hotelId":20347453,"hotelName":"The Ray Hotel & Studios","address":"Mar Roukoz Street,Next To Samir Naddaf Construction Projects,Ain Saadeh,Beirut,Lebanon","phones":"","fax":"","email":"","url":"","countryIso2":"LB","countryName":"Lebanon","hotelRating":"0","latitude":"33.8911","longitude":"35.5007","state_id":2286,"state_name":"Beirut Governorate","country_id":121},{"active":false,"Giataid":"932078","cityId":65954,"cityName":"Tyre","hotelId":20347456,"hotelName":"Dar Alma Boutique Hotel","address":"Rue Saydet Al Behar Vieille Ville,Sour 1601,Lebanon","phones":"+9617740082","fax":"","email":"info@daralmatyre.com","url":"http://www.daralmatyre.com","countryIso2":"LB","countryName":"Lebanon","hotelRating":"0","latitude":"33.2675","longitude":"35.209","state_id":2281,"state_name":"South Governorate","country_id":121},{"active":false,"Giataid":"873719","cityId":65936,"cityName":"Beirut","hotelId":20347461,"hotelName":"Louis V Hotel","address":"Dbayeh Highway,PO Box 170-21,Beirut,Lebanon","phones":"+9614444690","fax":"","email":"info@louisvhotel.com","url":"http://www.louisvhotel.com","countryIso2":"LB","countryName":"Lebanon","hotelRating":"0","latitude":"33.9285","longitude":"35.5888","state_id":2286,"state_name":"Beirut Governorate","country_id":121},{"active":false,"Giataid":"896017","cityId":65948,"cityName":"Jounieh","hotelId":20347463,"hotelName":"AAA Comfort Apartments","address":"Ghadir Road,Facing Bank of Beirut,Jounieh 1200,Lebanon","phones":"","fax":"","email":"","url":"","countryIso2":"LB","countryName":"Lebanon","hotelRating":"0","latitude":"33.9804","longitude":"35.6314","state_id":2282,"state_name":"Mount Lebanon Governorate","country_id":121},{"active":false,"Giataid":"979573","cityId":65954,"cityName":"Tyre","hotelId":20411766,"hotelName":"El Boutique Hotel","address":"Kharab Street,Old City Seaside,Tyre,Lebanon","phones":"","fax":"","email":"","url":"","countryIso2":"LB","countryName":"Lebanon","hotelRating":"1","latitude":"33.2675","longitude":"35.209","state_id":2281,"state_name":"South Governorate","country_id":121},{"active":false,"Giataid":"973793","cityId":65954,"cityName":"Tyre","hotelId":20411768,"hotelName":"Crown Royal Hotel","address":"Jal Al Baher,Tyre 1601,Lebanon","phones":"","fax":"","email":"","url":"","countryIso2":"LB","countryName":"Lebanon","hotelRating":"1","latitude":"33.2675","longitude":"35.209","state_id":2281,"state_name":"South Governorate","country_id":121}]