[{"active":false,"Giataid":"27484","cityId":null,"cityName":"Kaslik","hotelId":27484,"hotelName":"Portemilio Hotel & Resort","address":"Sea Side Road,P.O. Box 766,Kaslik,Jounieh,Lebanon","phones":"+9619933300","fax":"+9619931866","email":"reservation@portemilio.com","url":"http://www.portemilio.com","countryIso2":"LB","countryName":"Lebanon","hotelRating":"4","latitude":"33.9802","longitude":"35.6141","state_id":null,"state_name":null,"country_id":null},{"active":false,"Giataid":"27546","cityId":null,"cityName":"Byblos","hotelId":27546,"hotelName":"Byblos Sur Mer","address":"Byblos Port,Byblos,Lebanon","phones":"+9619548000","fax":"+9619737380","email":"info@byblossurmer.com","url":"http://www.byblossurmer.com/","countryIso2":"LB","countryName":"Lebanon","hotelRating":"5","latitude":"34.1146","longitude":"35.6616","state_id":null,"state_name":null,"country_id":null},{"active":false,"Giataid":"27547","cityId":null,"cityName":"Beiteddine","hotelId":27547,"hotelName":"Emir Amin Palace","address":"","phones":"","fax":"","email":"","url":"","countryIso2":"LB","countryName":"Lebanon","hotelRating":"4","latitude":"33.6924","longitude":"35.5816","state_id":null,"state_name":null,"country_id":null},{"active":false,"Giataid":"27549","cityId":null,"cityName":"Zahl?","hotelId":27549,"hotelName":"Cristal Grand Kadri Hotel","address":"Brazil Street,P.O. Box: 167/Zahle,Bekaa Valley,Lebanon","phones":"+9618800038","fax":"+9618803314","email":"info@grandhotelkadri.com","url":"http://www.grandhotelkadri.com/aboutus.php","countryIso2":"LB","countryName":"Lebanon","hotelRating":"5","latitude":"33.8515","longitude":"35.8954","state_id":null,"state_name":null,"country_id":null},{"active":false,"Giataid":"202990","cityId":null,"cityName":"Byblos","hotelId":202990,"hotelName":"Victory Byblos & Spa","address":"Seaside Road,Byblos,Lebanon","phones":"+9619796697","fax":"+9619795597","email":"info@victorybybloshotel.com","url":"http://victorybybloshotel.com","countryIso2":"LB","countryName":"Lebanon","hotelRating":"4","latitude":"34.1068","longitude":"35.6523","state_id":null,"state_name":null,"country_id":null},{"active":false,"Giataid":"206806","cityId":null,"cityName":"Byblos","hotelId":206806,"hotelName":"Canari De Byblos","address":"Voie 13, Highway Exit,Byblos,Lebanon","phones":"+9619550550","fax":"","email":"info@canaridebyblos.com","url":"http://www.canaridebyblos.com","countryIso2":"LB","countryName":"Lebanon","hotelRating":"3","latitude":"34.1242","longitude":"35.6534","state_id":null,"state_name":null,"country_id":null},{"active":false,"Giataid":"221911","cityId":null,"cityName":"Kfardebiane","hotelId":221911,"hotelName":"Faraya Village Club","address":"Faraya-Faqra Road,1h 15 min from Beirut Airport,500 m after the Faraya round about, direction Faqra and Faraya Mazaar,Kfardebiane,Lebanon","phones":"+9619320666","fax":"","email":"","url":"","countryIso2":"LB","countryName":"Lebanon","hotelRating":"4","latitude":"34.0125","longitude":"35.8236","state_id":null,"state_name":null,"country_id":null},{"active":false,"Giataid":"223793","cityId":null,"cityName":"Brummana","hotelId":223793,"hotelName":"Wakim","address":"","phones":"","fax":"","email":"","url":"","countryIso2":"LB","countryName":"Lebanon","hotelRating":"3","latitude":"33.8699","longitude":"35.6081","state_id":null,"state_name":null,"country_id":null},{"active":false,"Giataid":"227535","cityId":null,"cityName":"Byblos","hotelId":227535,"hotelName":"Eddesands Hotel & WellneSS Resort","address":"Jbeil,Byblos,Lebanon","phones":"+9619546666","fax":"+9619545955","email":"hotelreception@eddesands.com","url":"http://www.eddesandsresort.com/","countryIso2":"LB","countryName":"Lebanon","hotelRating":"5","latitude":"34.1153","longitude":"35.6489","state_id":null,"state_name":null,"country_id":null},{"active":false,"Giataid":"229181","cityId":null,"cityName":"Brummana","hotelId":229181,"hotelName":"Printania Palace","address":"Chahine Achkar Street,Brummana,Lebanon","phones":"+9614862000","fax":"+9614862000","email":"printania@printania.com","url":"http://www.printania.com/","countryIso2":"LB","countryName":"Lebanon","hotelRating":"5","latitude":"33.8846","longitude":"35.6361","state_id":null,"state_name":null,"country_id":null},{"active":false,"Giataid":"232441","cityId":null,"cityName":"Byblos","hotelId":232441,"hotelName":"Ahiram Hotel","address":"Jbeil District,Byblos 0096,Lebanon","phones":"+9619540440","fax":"+9619944726","email":"info@ahiramhotel.com","url":"http://www.activehotels.com/1/de/1/3831441-ahiram-hotel-byblos-jbeil.html","countryIso2":"LB","countryName":"Lebanon","hotelRating":"3","latitude":"34.1245","longitude":"35.6444","state_id":null,"state_name":null,"country_id":null},{"active":false,"Giataid":"232444","cityId":null,"cityName":"Byblos","hotelId":232444,"hotelName":"Byblos Palace","address":"Byblos Highway,Byblos,Lebanon","phones":"+9619796569","fax":"+9619796569","email":"info@byblospalace.com","url":"http://www.byblospalace.com/","countryIso2":"LB","countryName":"Lebanon","hotelRating":"3","latitude":"34.1076","longitude":"35.6523","state_id":null,"state_name":null,"country_id":null},{"active":false,"Giataid":"232448","cityId":null,"cityName":"Chtaura","hotelId":232448,"hotelName":"Chtaura Park","address":"Jdita Main Road,Said Freiha Street,Jdita,Chtaura,B?qaa,Lebanon","phones":"+9618540011","fax":"","email":"info@chtauraparkhotel.com","url":"http://www.chtauraparkhotel.com/new/default.asp","countryIso2":"LB","countryName":"Lebanon","hotelRating":"5","latitude":"33.8181","longitude":"35.8475","state_id":null,"state_name":null,"country_id":null},{"active":false,"Giataid":"232448","cityId":null,"cityName":"Chtaura","hotelId":232448,"hotelName":"Chtaura Park","address":"Jdita Main Road,Said Freiha Street,Jdita,Chtaura,B?qaa,Lebanon","phones":"+9618540011","fax":"","email":"info@chtauraparkhotel.com","url":"http://www.chtauraparkhotel.com/new/default.asp","countryIso2":"LB","countryName":"Lebanon","hotelRating":"5","latitude":"33.8181","longitude":"35.8475","state_id":null,"state_name":null,"country_id":null},{"active":false,"Giataid":"234954","cityId":null,"cityName":"Byblos","hotelId":234954,"hotelName":"Monoberge","address":"Byblos Main Road,Jbeil,Byblos,Lebanon","phones":"+9619550999","fax":"+9619550333","email":"","url":"http://www.monoberge.com/","countryIso2":"LB","countryName":"Lebanon","hotelRating":"3","latitude":"34.1223","longitude":"35.6505","state_id":null,"state_name":null,"country_id":null},{"active":false,"Giataid":"235557","cityId":null,"cityName":"Bsharri","hotelId":235557,"hotelName":"Le Cedrus Boutique Hotel","address":"The Cedars,Bischarri,Al Arz 1377,Lebanon","phones":"+9616678777","fax":"","email":"info@cedrushotel.com","url":"http://www.cedrushotel.com/main.html","countryIso2":"LB","countryName":"Lebanon","hotelRating":"4","latitude":"34.2468","longitude":"36.0283","state_id":null,"state_name":null,"country_id":null},{"active":false,"Giataid":"237334","cityId":null,"cityName":"Byblos","hotelId":237334,"hotelName":"Castel Mare Beach Hotel & Resort","address":"Al-Monsif,Byblos,Lebanon","phones":"+9619791111","fax":"+9619791333","email":"admin@castelmare.net","url":"http://www.castelmare.net/","countryIso2":"LB","countryName":"Lebanon","hotelRating":"4","latitude":"34.1786","longitude":"35.6327","state_id":null,"state_name":null,"country_id":null},{"active":false,"Giataid":"368237","cityId":null,"cityName":"Aley","hotelId":368237,"hotelName":"City Suite Aley","address":"Piscine Street,Aley,Lebanon","phones":"+9615556550","fax":"","email":"","url":"","countryIso2":"LB","countryName":"Lebanon","hotelRating":"4","latitude":"33.8114","longitude":"35.6054","state_id":null,"state_name":null,"country_id":null},{"active":false,"Giataid":"368241","cityId":null,"cityName":"Jieh","hotelId":368241,"hotelName":"Pangea Beach Resort","address":"Younis Prophet Street,Beach Side,Jiyeh 1600,Beirut,Lebanon","phones":"+9617995580","fax":"","email":"","url":"","countryIso2":"LB","countryName":"Lebanon","hotelRating":"4","latitude":"33.6592","longitude":"35.4183","state_id":null,"state_name":null,"country_id":null},{"active":false,"Giataid":"380381","cityId":null,"cityName":"Byblos","hotelId":380381,"hotelName":"King George","address":"","phones":"","fax":"","email":"","url":"","countryIso2":"LB","countryName":"Lebanon","hotelRating":"3","latitude":"34.1151","longitude":"35.6594","state_id":null,"state_name":null,"country_id":null},{"active":false,"Giataid":"383867","cityId":null,"cityName":"Brummana","hotelId":383867,"hotelName":"Bellevue Palace Hotel","address":"Main Street,Broumana,Libanon,Lebanon","phones":"","fax":"","email":"","url":"","countryIso2":"LB","countryName":"Lebanon","hotelRating":"4","latitude":"33.8853","longitude":"35.6387","state_id":null,"state_name":null,"country_id":null},{"active":false,"Giataid":"426916","cityId":null,"cityName":"Faqra Kfardebian","hotelId":426916,"hotelName":"L'Auberge De Faqra","address":"Faqra,RoundAbout President Emile Lahoud,Faraya-Mzaar,Kfardebian,Lebanon","phones":"+9619300600","fax":"+9619300610","email":"Info@faqraclub.com","url":"https://www.faqraclub.com","countryIso2":"LB","countryName":"Lebanon","hotelRating":"3","latitude":"33.9839","longitude":"35.8102","state_id":null,"state_name":null,"country_id":null},{"active":false,"Giataid":"450734","cityId":null,"cityName":"Faraya","hotelId":450734,"hotelName":"Coin Vert","address":"","phones":"","fax":"","email":"","url":"","countryIso2":"LB","countryName":"Lebanon","hotelRating":"2","latitude":"34.016","longitude":"35.8234","state_id":null,"state_name":null,"country_id":null},{"active":false,"Giataid":"454621","cityId":null,"cityName":"Al Arz","hotelId":454621,"hotelName":"White Cedar Hotel &Resort","address":"Cedars, North Lebanon","phones":"","fax":"","email":"","url":"","countryIso2":"LB","countryName":"Lebanon","hotelRating":"1","latitude":"34.2407","longitude":"36.0351","state_id":null,"state_name":null,"country_id":null},{"active":false,"Giataid":"454664","cityId":null,"cityName":"Faraya","hotelId":454664,"hotelName":"Auberge le Valais","address":"","phones":"","fax":"","email":"","url":"","countryIso2":"LB","countryName":"Lebanon","hotelRating":"1","latitude":"34.0181","longitude":"35.8292","state_id":null,"state_name":null,"country_id":null},{"active":false,"Giataid":"465568","cityId":null,"cityName":"Bsharri","hotelId":465568,"hotelName":"Hotel L'Aiglon","address":"Old Cedars Road,Facing Kadisha Grotto,1377 Bcharreh,North of Lebanon,Lebanon","phones":"+9616671529","fax":"","email":"info@hotelaiglonlb.com","url":"http://www.hotelaiglonlb.com/","countryIso2":"LB","countryName":"Lebanon","hotelRating":"1","latitude":"34.2469","longitude":"36.0354","state_id":null,"state_name":null,"country_id":null},{"active":false,"Giataid":"465823","cityId":null,"cityName":"Beit Mery","hotelId":465823,"hotelName":"Monteverde Hotel","address":"YUCCA Street 11 B,Beit Meri,Mont-Liban,Lebanon","phones":"+9614401806","fax":"+9614409170","email":"info@hotel-monteverde.com","url":"http://www.monteverde-hotel-lebanon.com","countryIso2":"LB","countryName":"Lebanon","hotelRating":"3","latitude":"33.8452","longitude":"35.5858","state_id":null,"state_name":null,"country_id":null},{"active":false,"Giataid":"466267","cityId":null,"cityName":"Bsharri","hotelId":466267,"hotelName":"St. Bernard Hotel","address":"Cedars,North Lebanon,Bechari,Lebanon","phones":"+9616678100","fax":"+9616678102","email":"","url":"http://www.hstbernard.com/","countryIso2":"LB","countryName":"Lebanon","hotelRating":"1","latitude":"34.2437","longitude":"36.042","state_id":null,"state_name":null,"country_id":null},{"active":false,"Giataid":"466466","cityId":null,"cityName":"Bekaa","hotelId":466466,"hotelName":"West Bekaa country Club","address":"Kherbet Kanafar Main Road,1801 West Bekaa,Lebanon","phones":"","fax":"","email":"","url":"","countryIso2":"LB","countryName":"Lebanon","hotelRating":"3","latitude":"33.6339","longitude":"35.7428","state_id":null,"state_name":null,"country_id":null},{"active":false,"Giataid":"466479","cityId":null,"cityName":"Ehden","hotelId":466479,"hotelName":"Hotel Ehden","address":"Ehden Main street,Ehden 1304,Lebanon","phones":"","fax":"","email":"","url":"","countryIso2":"LB","countryName":"Lebanon","hotelRating":"4","latitude":"34.2914","longitude":"35.9522","state_id":null,"state_name":null,"country_id":null},{"active":false,"Giataid":"466482","cityId":null,"cityName":"Bsharri","hotelId":466482,"hotelName":"Alpine Hotel","address":"Cedars - Main Road,1377 Bcharr?,Lebanon","phones":"","fax":"","email":"","url":"","countryIso2":"LB","countryName":"Lebanon","hotelRating":"1","latitude":"34.2444","longitude":"36.0393","state_id":null,"state_name":null,"country_id":null},{"active":false,"Giataid":"466552","cityId":null,"cityName":"Bsharri","hotelId":466552,"hotelName":"Mon Refuge","address":"","phones":"","fax":"","email":"","url":"","countryIso2":"LB","countryName":"Lebanon","hotelRating":"3","latitude":"34.2445","longitude":"36.0405","state_id":null,"state_name":null,"country_id":null},{"active":false,"Giataid":"466788","cityId":null,"cityName":"Mzaar Kfardebian","hotelId":466788,"hotelName":"Eleven Hotel","address":"Ouyoun Al Siman,1200 Mzaar Kfardebian,Lebanon","phones":"+9619341741","fax":"+9619341841","email":"info@hotel-eleven.com","url":"http://www.hotel-eleven.com/","countryIso2":"LB","countryName":"Lebanon","hotelRating":"3","latitude":"33.9942","longitude":"35.8337","state_id":null,"state_name":null,"country_id":null},{"active":false,"Giataid":"466905","cityId":null,"cityName":"Hamat","hotelId":466905,"hotelName":"Theodos Hotel","address":"Deir El-Nourieh Road,1400 ?amat,Lebanon","phones":"+9616730030","fax":"+9616730030","email":"theo@theodoshotel.com","url":"http://www.theodoshotel.com/","countryIso2":"LB","countryName":"Lebanon","hotelRating":"2","latitude":"34.3106","longitude":"35.6924","state_id":null,"state_name":null,"country_id":null},{"active":false,"Giataid":"466955","cityId":null,"cityName":"Enfeh","hotelId":466955,"hotelName":"Las Salinas Resort / Motel","address":"Enfeh El Koura,North Lebanon,Lebanon","phones":"+9616540970","fax":"+9616540980","email":"info@lassalinas-lb.com","url":"http://www.lassalinas.com/","countryIso2":"LB","countryName":"Lebanon","hotelRating":"1","latitude":"34.3637","longitude":"35.735","state_id":null,"state_name":null,"country_id":null},{"active":false,"Giataid":"467353","cityId":null,"cityName":"Faraya","hotelId":467353,"hotelName":"The Lodge Inn","address":"Main Road,Faraya,Lebanon","phones":"+9619320020","fax":"","email":"info@thelodgeinn.com","url":"http://www.thelodgeinn.com","countryIso2":"LB","countryName":"Lebanon","hotelRating":"1","latitude":"34.0102","longitude":"35.8247","state_id":null,"state_name":null,"country_id":null},{"active":false,"Giataid":"467456","cityId":null,"cityName":"Rayfun","hotelId":467456,"hotelName":"Oakland Hotel","address":"568 Al Moutraniah Street,Rayfun,Lebanon","phones":"","fax":"","email":"","url":"","countryIso2":"LB","countryName":"Lebanon","hotelRating":"3","latitude":"33.9801","longitude":"35.7066","state_id":null,"state_name":null,"country_id":null},{"active":false,"Giataid":"467489","cityId":null,"cityName":"Tabarja","hotelId":467489,"hotelName":"Senator Hotel","address":"Tabarja Main Road,Near Tabarja Round About,1200 Tabarja,Jounieh,Lebanon","phones":"","fax":"","email":"","url":"","countryIso2":"LB","countryName":"Lebanon","hotelRating":"2","latitude":"34.0218","longitude":"35.6294","state_id":null,"state_name":null,"country_id":null},{"active":false,"Giataid":"467546","cityId":null,"cityName":"Ehden","hotelId":467546,"hotelName":"La Mairie Hotel","address":"Ehden Main Road,1304 Ehden,Lebanon","phones":"","fax":"","email":"","url":"","countryIso2":"LB","countryName":"Lebanon","hotelRating":"1","latitude":"34.2889","longitude":"35.9781","state_id":null,"state_name":null,"country_id":null},{"active":false,"Giataid":"468144","cityId":null,"cityName":"Ehden","hotelId":468144,"hotelName":"Serail Hotel","address":"Main Street,1369 Ehden,North Lebanon,Lebanon","phones":"+9616560999","fax":"","email":"info@serailhotel.com","url":"http://serailhotel.com/","countryIso2":"LB","countryName":"Lebanon","hotelRating":"1","latitude":"34.2914","longitude":"35.9577","state_id":null,"state_name":null,"country_id":null},{"active":false,"Giataid":"468328","cityId":null,"cityName":"Ajaltun","hotelId":468328,"hotelName":"Monte Bello Hotel","address":"","phones":"","fax":"","email":"","url":"","countryIso2":"LB","countryName":"Lebanon","hotelRating":"1","latitude":"33.9609","longitude":"35.6818","state_id":null,"state_name":null,"country_id":null},{"active":false,"Giataid":"468979","cityId":null,"cityName":"Baabdat","hotelId":468979,"hotelName":"Colibri Hotel","address":"Baabdath,Broumana 1204,Lebanon","phones":"+9614820402","fax":"","email":"reservations@colibrihotellb.com","url":"http://www.colibrihotellb.com/","countryIso2":"LB","countryName":"Lebanon","hotelRating":"1","latitude":"33.889","longitude":"35.6546","state_id":null,"state_name":null,"country_id":null},{"active":false,"Giataid":"469575","cityId":null,"cityName":"Tabarja","hotelId":469575,"hotelName":"Heaven Hotel","address":"Jounieh,Tabarja,Lebanon","phones":"","fax":"","email":"info@heavenhotel.com","url":"http://www.heavenhotel.net","countryIso2":"LB","countryName":"Lebanon","hotelRating":"4","latitude":"34.0303","longitude":"35.6289","state_id":null,"state_name":null,"country_id":null},{"active":false,"Giataid":"471133","cityId":null,"cityName":"Bikfaya","hotelId":471133,"hotelName":"Grand Hotel Naas","address":"Naas,1205 0037 Bekfaya,Mount Lebanon,Lebanon","phones":"+9614982629","fax":"+9614982628","email":"info@grandhotelnaaslebanon.com","url":"http://www.grandhotelnaaslebanon.com","countryIso2":"LB","countryName":"Lebanon","hotelRating":"3","latitude":"33.9141","longitude":"35.6801","state_id":null,"state_name":null,"country_id":null},{"active":false,"Giataid":"472729","cityId":null,"cityName":"Jbaa","hotelId":472729,"hotelName":"Taj al Janoub Hotel","address":"Jezzine Road,Jebaa,Lebanon","phones":"+9617211214","fax":"","email":"info@tajaljanoubhotel.com","url":"http://www.tajaljanoubhotel.com","countryIso2":"LB","countryName":"Lebanon","hotelRating":"3","latitude":"33.4807","longitude":"35.5211","state_id":null,"state_name":null,"country_id":null},{"active":false,"Giataid":"473223","cityId":null,"cityName":"Miziara","hotelId":473223,"hotelName":"Hotel Miziara","address":"Sayde Street 19th Street,Miziara,Lebanon","phones":"+9616570521","fax":"","email":"info@hotelmiziara.com","url":"http://www.hotelmiziara.com/","countryIso2":"LB","countryName":"Lebanon","hotelRating":"1","latitude":"34.337","longitude":"35.9274","state_id":null,"state_name":null,"country_id":null},{"active":false,"Giataid":"473588","cityId":null,"cityName":"Bsharri","hotelId":473588,"hotelName":"Hotel Cortina","address":"Cedar Main Road,1080 Bcharr?,Lebanon","phones":"","fax":"","email":"","url":"","countryIso2":"LB","countryName":"Lebanon","hotelRating":"1","latitude":"34.2442","longitude":"36.0409","state_id":null,"state_name":null,"country_id":null},{"active":false,"Giataid":"474162","cityId":null,"cityName":"Jezzine","hotelId":474162,"hotelName":"Pine View Hotel","address":"","phones":"","fax":"","email":"","url":"","countryIso2":"LB","countryName":"Lebanon","hotelRating":"1","latitude":"33.5586","longitude":"35.5342","state_id":null,"state_name":null,"country_id":null},{"active":false,"Giataid":"477192","cityId":null,"cityName":"Mechref","hotelId":477192,"hotelName":"Escape Villa","address":"Mechref, Mont-Liban, Lebanon,Lebanon","phones":"+96170712900","fax":"","email":"Escape.villa@hotmail.com","url":"http://escapevillamechref.com/","countryIso2":"LB","countryName":"Lebanon","hotelRating":"1","latitude":"33.7096","longitude":"35.4557","state_id":null,"state_name":null,"country_id":null},{"active":false,"Giataid":"515116","cityId":null,"cityName":"Byblos","hotelId":515116,"hotelName":"Bourj Al Fidar","address":"","phones":"+9619478990","fax":"","email":"","url":"","countryIso2":"LB","countryName":"Lebanon","hotelRating":"1","latitude":"34.1009","longitude":"35.6509","state_id":null,"state_name":null,"country_id":null},{"active":false,"Giataid":"518921","cityId":null,"cityName":"Damour","hotelId":518921,"hotelName":"Janna Sur Mer","address":"Damour Seashore,Damour 5256 1111,Lebanon","phones":"","fax":"","email":"info@jannaresorts.com","url":"http://www.jannaresorts.com","countryIso2":"LB","countryName":"Lebanon","hotelRating":"1","latitude":"33.7283","longitude":"35.446","state_id":null,"state_name":null,"country_id":null},{"active":false,"Giataid":"546724","cityId":null,"cityName":"Batroun","hotelId":546724,"hotelName":"Florida Beach Hotel & Resort","address":"","phones":"","fax":"","email":"","url":"","countryIso2":"LB","countryName":"Lebanon","hotelRating":"1","latitude":"34.2523","longitude":"35.6593","state_id":null,"state_name":null,"country_id":null},{"active":false,"Giataid":"546748","cityId":null,"cityName":"Mzaar Kfardebian","hotelId":546748,"hotelName":"San Antonio Hotel","address":"","phones":"","fax":"","email":"","url":"","countryIso2":"LB","countryName":"Lebanon","hotelRating":"1","latitude":"33.9937","longitude":"35.8378","state_id":null,"state_name":null,"country_id":null},{"active":false,"Giataid":"592767","cityId":null,"cityName":"Ehden","hotelId":592767,"hotelName":"Mist Hotel & Spa By Warwick","address":"Nabeh Mar Sarkis Road,Ehden,Lebanon","phones":"+96171100222","fax":"","email":"info.misthotel@warwickhotels.com","url":"http://warwickhotels.com/mist-hotel/","countryIso2":"LB","countryName":"Lebanon","hotelRating":"5","latitude":"34.2872","longitude":"35.9839","state_id":null,"state_name":null,"country_id":null},{"active":false,"Giataid":"593980","cityId":null,"cityName":"Faraya","hotelId":593980,"hotelName":"San Georgio Hotel Faraya","address":"Faraya Main Road,Faraya,Lebanon","phones":"","fax":"","email":"","url":"","countryIso2":"LB","countryName":"Lebanon","hotelRating":"4","latitude":"34.0153","longitude":"35.8035","state_id":null,"state_name":null,"country_id":null},{"active":false,"Giataid":"612843","cityId":null,"cityName":"Bsharri","hotelId":612843,"hotelName":"Tiger House Guesthouse","address":"Cedar's Road,Bsharri 1377,Lebanon","phones":"","fax":"","email":"","url":"","countryIso2":"LB","countryName":"Lebanon","hotelRating":"1","latitude":"34.2521","longitude":"36.0104","state_id":null,"state_name":null,"country_id":null},{"active":false,"Giataid":"614353","cityId":null,"cityName":"Al Arz","hotelId":614353,"hotelName":"La Grande Ourse","address":"","phones":"","fax":"","email":"","url":"","countryIso2":"LB","countryName":"Lebanon","hotelRating":"1","latitude":"34.2439","longitude":"36.0399","state_id":null,"state_name":null,"country_id":null},{"active":false,"Giataid":"615955","cityId":null,"cityName":"Kfardebiane","hotelId":615955,"hotelName":"Urban Faqra Hotel","address":"President Emile Lahoud Roundbout,1206 Kfardebiane,Lebanon","phones":"+96176070605","fax":"","email":"","url":"http://www.urbanfaqra.com/","countryIso2":"LB","countryName":"Lebanon","hotelRating":"4","latitude":"33.9973","longitude":"35.8209","state_id":null,"state_name":null,"country_id":null},{"active":false,"Giataid":"622802","cityId":null,"cityName":"Ehden","hotelId":622802,"hotelName":"Ehden Country Club Hotel","address":"Al Matal Street,PO Box 5,1304 Ehden,Lebanon","phones":"+9616560651","fax":"","email":"info@ehdencountryclubhotel.com","url":"http://www.ehdencountryclubhotel.com","countryIso2":"LB","countryName":"Lebanon","hotelRating":"4","latitude":"34.291","longitude":"35.9475","state_id":null,"state_name":null,"country_id":null},{"active":false,"Giataid":"622835","cityId":null,"cityName":"Kfardebiane","hotelId":622835,"hotelName":"Tamer Land Hotel","address":"Faraya Village,1206 Kfardebian,Lebanon","phones":"","fax":"","email":"","url":"","countryIso2":"LB","countryName":"Lebanon","hotelRating":"3","latitude":"34.0115","longitude":"35.8266","state_id":null,"state_name":null,"country_id":null},{"active":false,"Giataid":"622843","cityId":null,"cityName":"Kfardebiane","hotelId":622843,"hotelName":"Merab Hotel","address":"Mzaar,Kfardebian,Mzaar Kfardebian,Lebanon","phones":"+9619341341","fax":"","email":"info@merabhotel.com","url":"http://www.merabhotel.com/","countryIso2":"LB","countryName":"Lebanon","hotelRating":"3","latitude":"33.9919","longitude":"35.8348","state_id":null,"state_name":null,"country_id":null},{"active":false,"Giataid":"622851","cityId":null,"cityName":"Faraya","hotelId":622851,"hotelName":"Old Bridge","address":"Faraya,1200 Farayya,Lebanon","phones":"","fax":"","email":"","url":"","countryIso2":"LB","countryName":"Lebanon","hotelRating":"3","latitude":"34.0124","longitude":"35.8229","state_id":null,"state_name":null,"country_id":null},{"active":false,"Giataid":"622857","cityId":null,"cityName":"Ehden","hotelId":622857,"hotelName":"Master's Hotel","address":"Nabaa Jouit Road,1304 Ehden,North Lebanon,Lebanon","phones":"+9616561052","fax":"+9616561052","email":"info@mastershotel-ehden.com","url":"http://mastershotel-ehden.com/","countryIso2":"LB","countryName":"Lebanon","hotelRating":"1","latitude":"34.2986","longitude":"35.9664","state_id":null,"state_name":null,"country_id":null},{"active":false,"Giataid":"622880","cityId":null,"cityName":"Bikfaya","hotelId":622880,"hotelName":"Zenotel Wellness Retreat Hotel","address":"Bharsaf,PO Box 54,4821 Bekfaya,Lebanon","phones":"+9614984824","fax":"+9614984283","email":"info@zenotel.me","url":"https://zenotel.me","countryIso2":"LB","countryName":"Lebanon","hotelRating":"1","latitude":"33.9174","longitude":"35.6703","state_id":null,"state_name":null,"country_id":null},{"active":false,"Giataid":"622890","cityId":null,"cityName":"Tabarja","hotelId":622890,"hotelName":"Al Bihar Hotel","address":"Tabarja,Jounieh,Lebanon","phones":"+9619855858","fax":"+9619855858","email":"info@albiharhotel.com","url":"http://albiharhotel.com","countryIso2":"LB","countryName":"Lebanon","hotelRating":"1","latitude":"34.0294","longitude":"35.6246","state_id":null,"state_name":null,"country_id":null},{"active":false,"Giataid":"622888","cityId":null,"cityName":"Mkalles","hotelId":622888,"hotelName":"Auberge St Antoine","address":"Mar Roukos,Dayr Mar Rawqus,Mkalles,Lebanon","phones":"","fax":"","email":"","url":"","countryIso2":"LB","countryName":"Lebanon","hotelRating":"1","latitude":"33.8633","longitude":"35.5619","state_id":null,"state_name":null,"country_id":null},{"active":false,"Giataid":"622892","cityId":null,"cityName":"Tabarja","hotelId":622892,"hotelName":"Aphrodite Hotel","address":"Main Road,Tabarja,Lebanon","phones":"+9619850400","fax":"","email":"info@aphroditehotel.net","url":"http://www.aphroditehotel.net/","countryIso2":"LB","countryName":"Lebanon","hotelRating":"1","latitude":"34.0303","longitude":"35.629","state_id":null,"state_name":null,"country_id":null},{"active":false,"Giataid":"623275","cityId":null,"cityName":"Bekaa","hotelId":623275,"hotelName":"Layali Al Shams Hotel","address":"Anjar Main Road,Bekaa,Lebanon","phones":"+9618622600","fax":"","email":"","url":"http://www.shamsrestaurant.com","countryIso2":"LB","countryName":"Lebanon","hotelRating":"1","latitude":"33.6339","longitude":"35.7428","state_id":null,"state_name":null,"country_id":null},{"active":false,"Giataid":"623277","cityId":null,"cityName":"Bekaa","hotelId":623277,"hotelName":"Blue Lake Hotel","address":"Saghbine Main Road,Saghbine,Bekaa 3054,West Bekaa,Lebanon","phones":"+9618670146","fax":"","email":"info@bluelake-hotel.com","url":"http://www.bluelake-hotel.com/","countryIso2":"LB","countryName":"Lebanon","hotelRating":"1","latitude":"33.6022","longitude":"35.6944","state_id":null,"state_name":null,"country_id":null},{"active":false,"Giataid":"623381","cityId":null,"cityName":"Zgharta","hotelId":623381,"hotelName":"Residences Le Lac","address":"Bnachii Lake,Zgharta,North Lebanon,Lebanon","phones":"+9616550950","fax":"","email":"info@residencelelac.com","url":"http://www.residencelelac.com/","countryIso2":"LB","countryName":"Lebanon","hotelRating":"1","latitude":"34.3359","longitude":"35.8842","state_id":null,"state_name":null,"country_id":null},{"active":false,"Giataid":"623379","cityId":null,"cityName":"Enfeh","hotelId":623379,"hotelName":"Olive Gardens Resort","address":"Affesdiq Main Road,Affesdiq 1306,Enfeh,Koura District,Lebanon","phones":"+9613003026","fax":"+9616951111","email":"info@oliveresort.com","url":"https://oliveresort.com","countryIso2":"LB","countryName":"Lebanon","hotelRating":"1","latitude":"34.3336","longitude":"35.7971","state_id":null,"state_name":null,"country_id":null},{"active":false,"Giataid":"645523","cityId":null,"cityName":"Akkar","hotelId":645523,"hotelName":"Flor Do Campo","address":"Gebrayel Akkar,Akkar,Lebanon","phones":"","fax":"","email":"","url":"","countryIso2":"LB","countryName":"Lebanon","hotelRating":"1","latitude":"34.5267","longitude":"36.1426","state_id":null,"state_name":null,"country_id":null},{"active":false,"Giataid":"645527","cityId":null,"cityName":"Bsharri","hotelId":645527,"hotelName":"Bauhaus","address":"Jebran Khalil Jebran Avenue,Bsharri,Lebanon","phones":"+9616672220","fax":"","email":"info@bauhauslb.com","url":"http://www.bauhauslb.com/","countryIso2":"LB","countryName":"Lebanon","hotelRating":"1","latitude":"34.2517","longitude":"36.012","state_id":null,"state_name":null,"country_id":null},{"active":false,"Giataid":"645547","cityId":null,"cityName":"Al Judaydah","hotelId":645547,"hotelName":"Domaine Al Rachid","address":"Street Nasr,Manzel Rachid,Jedeideh El Fakeh,Al Judaydah,Lebanon","phones":"+9613218048","fax":"","email":"peterlimited@gmail.com","url":"https://domainealrachid.wordpress.com/","countryIso2":"LB","countryName":"Lebanon","hotelRating":"1","latitude":"0","longitude":"0","state_id":null,"state_name":null,"country_id":null},{"active":false,"Giataid":"645556","cityId":null,"cityName":"Chiyam","hotelId":645556,"hotelName":"La Villa Hotel","address":"South Lebanon,Khiam,Lebanon","phones":"","fax":"","email":"","url":"","countryIso2":"LB","countryName":"Lebanon","hotelRating":"1","latitude":"0","longitude":"0","state_id":null,"state_name":null,"country_id":null},{"active":false,"Giataid":"645564","cityId":null,"cityName":"Hasro?n","hotelId":645564,"hotelName":"Saint-Philippe Hotel","address":"Cedar Road,Hasro?n 1304,Lebanon","phones":"","fax":"","email":"","url":"http://hotelst-philippe.com/","countryIso2":"LB","countryName":"Lebanon","hotelRating":"1","latitude":"34.2393","longitude":"35.9718","state_id":null,"state_name":null,"country_id":null},{"active":false,"Giataid":"645568","cityId":null,"cityName":"Sannine","hotelId":645568,"hotelName":"Monte Sannine Hotel Restaurant","address":"Baskinta - Sannine - Zahleh Road,Sannine 1205,Lebanon","phones":"+9614251122","fax":"+9614251120","email":"info@montesannine.com","url":"http://www.montesannine.com/","countryIso2":"LB","countryName":"Lebanon","hotelRating":"1","latitude":"33.9354","longitude":"35.8412","state_id":null,"state_name":null,"country_id":null},{"active":false,"Giataid":"645577","cityId":null,"cityName":"Damour","hotelId":645577,"hotelName":"Kingdom Suite Hotel","address":"5.5 miles from the Airport south of Beirut,Damour 1001,Lebanon","phones":"","fax":"","email":"","url":"","countryIso2":"LB","countryName":"Lebanon","hotelRating":"1","latitude":"33.7291","longitude":"35.4544","state_id":null,"state_name":null,"country_id":null},{"active":false,"Giataid":"674448","cityId":null,"cityName":"Ehden","hotelId":674448,"hotelName":"Cedars Palace","address":"Cedars Main Road,Opposite Nadi Al Dabut,Al Arz,Ehden,Bsharri,Lebanon","phones":"+9616678190","fax":"","email":"info@cedarspalace.com","url":"http://www.cedars-palace.com/","countryIso2":"LB","countryName":"Lebanon","hotelRating":"1","latitude":"34.2489","longitude":"36.05","state_id":null,"state_name":null,"country_id":null},{"active":false,"Giataid":"674451","cityId":null,"cityName":"Aley","hotelId":674451,"hotelName":"Raj Hotel Apartment","address":"Piscine Street,Aley,Lebanon","phones":"","fax":"","email":"","url":"","countryIso2":"LB","countryName":"Lebanon","hotelRating":"1","latitude":"33.8093","longitude":"35.6062","state_id":null,"state_name":null,"country_id":null},{"active":false,"Giataid":"674682","cityId":null,"cityName":"Mzaar Kfardebian","hotelId":674682,"hotelName":"L'escale Du Mzaar","address":"Junction of Mzaar Ski Station,Ouyoun El Siman,Faraya,Lebanon","phones":"+96170552113","fax":"","email":"info@lescaledumzaar.com","url":"http://www.lescaledumzaar.com","countryIso2":"LB","countryName":"Lebanon","hotelRating":"1","latitude":"33.9937","longitude":"35.8378","state_id":null,"state_name":null,"country_id":null},{"active":false,"Giataid":"674687","cityId":null,"cityName":"Mayrouba","hotelId":674687,"hotelName":"Wood Hills Resort & Hotel","address":"Mayrouba,Mount Lebanon,Lebanon","phones":"+9619330202","fax":"","email":"info@wood-hills.com","url":"http://wood-hills.com/","countryIso2":"LB","countryName":"Lebanon","hotelRating":"1","latitude":"0","longitude":"0","state_id":null,"state_name":null,"country_id":null},{"active":false,"Giataid":"675110","cityId":null,"cityName":"Faraya","hotelId":675110,"hotelName":"San Giorgio Hotel","address":"Faraya Main Road,Kfardebian,Mount Lebanon,Faraya,Lebanon","phones":"","fax":"","email":"","url":"https://www.hotelscombined.com/Hotel/San_Giorgio_Hotel.htm","countryIso2":"LB","countryName":"Lebanon","hotelRating":"1","latitude":"34.0139","longitude":"35.8132","state_id":null,"state_name":null,"country_id":null},{"active":false,"Giataid":"675152","cityId":null,"cityName":"Bsharri","hotelId":675152,"hotelName":"Samar Resort","address":"New Cedars Road,Bsharri,Lebanon","phones":"+9616672072","fax":"","email":"resortsamar@gmail.com","url":"http://www.samarresort.com/home.html","countryIso2":"LB","countryName":"Lebanon","hotelRating":"1","latitude":"34.2593","longitude":"36.0032","state_id":null,"state_name":null,"country_id":null},{"active":false,"Giataid":"677413","cityId":null,"cityName":"Kfardebiane","hotelId":677413,"hotelName":"Ruine Royale","address":"Mayrouba Main Road,Faraya,Mayrouba,Kfardebian,Lebanon","phones":"+96179199925","fax":"","email":"","url":"http://www.ruineroyale.com","countryIso2":"LB","countryName":"Lebanon","hotelRating":"1","latitude":"34.0022","longitude":"35.8306","state_id":null,"state_name":null,"country_id":null},{"active":false,"Giataid":"677634","cityId":null,"cityName":"Faraya","hotelId":677634,"hotelName":"Chateau D'eau Hotel","address":"Kfardebian-Aayoun El Siman Road,Near Chabrouh Dam,Faraya,Lebanon","phones":"+9613875595","fax":"","email":"","url":"http://www.chateaudeauhotel.com/","countryIso2":"LB","countryName":"Lebanon","hotelRating":"1","latitude":"33.9939","longitude":"35.833","state_id":null,"state_name":null,"country_id":null},{"active":false,"Giataid":"685730","cityId":null,"cityName":"Byblos","hotelId":685730,"hotelName":"eBoutique Hotel","address":"Jbeil,Byblos,Lebanon","phones":"+9619546666","fax":"+9619545955","email":"info@eddesands.com","url":"http://eddesands.com/accomodations/eBoutiqueHotel/","countryIso2":"LB","countryName":"Lebanon","hotelRating":"1","latitude":"34.1159","longitude":"35.6497","state_id":null,"state_name":null,"country_id":null},{"active":false,"Giataid":"695583","cityId":null,"cityName":"Tabarja","hotelId":695583,"hotelName":"Ibiza Hotel","address":"Sea Side Road,Ibiza Building,Jounieh,Tabarja 9614,Lebanon","phones":"","fax":"","email":"","url":"","countryIso2":"LB","countryName":"Lebanon","hotelRating":"1","latitude":"34.0261","longitude":"35.6292","state_id":null,"state_name":null,"country_id":null},{"active":false,"Giataid":"725515","cityId":null,"cityName":"Mzaar Kfardebian","hotelId":725515,"hotelName":"Hostel Auberge Beity","address":"Keserwan Highway,Close to St. Efrem Church,Mzaar Kfardebian,Lebanon","phones":"","fax":"","email":"","url":"","countryIso2":"LB","countryName":"Lebanon","hotelRating":"1","latitude":"34.0111","longitude":"35.8247","state_id":null,"state_name":null,"country_id":null},{"active":false,"Giataid":"466535","cityId":null,"cityName":"Ghazir","hotelId":725710,"hotelName":"Hotel Xperience","address":"3303 Ghazir-Maameltain Road,Kesserwan,P.O. Box: 2165,Ghazir,Lebanon","phones":"+9619854954","fax":"","email":"info@hotelxperience.com","url":"http://www.hotelxperience.com","countryIso2":"LB","countryName":"Lebanon","hotelRating":"1","latitude":"33.9979","longitude":"35.6423","state_id":null,"state_name":null,"country_id":null},{"active":false,"Giataid":"726264","cityId":null,"cityName":"Faraya","hotelId":726264,"hotelName":"Austria Luxury Apartments","address":"1 km from Faraya's Roundabout,9619 Faraya,Lebanon","phones":"","fax":"","email":"","url":"","countryIso2":"LB","countryName":"Lebanon","hotelRating":"1","latitude":"34.0139","longitude":"35.8132","state_id":null,"state_name":null,"country_id":null},{"active":false,"Giataid":"733389","cityId":null,"cityName":"Faraya","hotelId":733389,"hotelName":"Villetta Di Faraya","address":"Highway,Fakra,Der Ali,Faraya 4764,Lebanon","phones":"+9619322552","fax":"","email":"info@villettadifaraya.com","url":"http://www.villettadifaraya.com","countryIso2":"LB","countryName":"Lebanon","hotelRating":"1","latitude":"34.0099","longitude":"35.8164","state_id":null,"state_name":null,"country_id":null},{"active":false,"Giataid":"734693","cityId":null,"cityName":"Faraya","hotelId":734693,"hotelName":"Chalets De Faraya","address":"Faraya,1206 Farayya,Lebanon","phones":"","fax":"","email":"","url":"","countryIso2":"LB","countryName":"Lebanon","hotelRating":"1","latitude":"34.0107","longitude":"35.8222","state_id":null,"state_name":null,"country_id":null},{"active":false,"Giataid":"740463","cityId":null,"cityName":"Brummana","hotelId":740463,"hotelName":"Hotel Quartier Suisse","address":"Broumana Main Road,Near Kasr Fakhr El Din,Broumana 2761,Lebanon","phones":"+9614860606","fax":"","email":"info@quartiersuisse.com","url":"http://quartiersuisse.com","countryIso2":"LB","countryName":"Lebanon","hotelRating":"1","latitude":"33.8819","longitude":"35.6311","state_id":null,"state_name":null,"country_id":null},{"active":false,"Giataid":"750042","cityId":null,"cityName":"Batroun","hotelId":750042,"hotelName":"Le Six Resort Hotel","address":"Thoum,0012 Batro?n,Lebanon","phones":"+9616743591","fax":"","email":"info@lesixresorthotel.com","url":"http://www.lesixresorthotel.com/","countryIso2":"LB","countryName":"Lebanon","hotelRating":"1","latitude":"34.2523","longitude":"35.6593","state_id":null,"state_name":null,"country_id":null},{"active":false,"Giataid":"752811","cityId":null,"cityName":"Batroun","hotelId":752811,"hotelName":"Batroun Village Club","address":"North Lebanon,Batroun 1400,Lebanon","phones":"+9616744333","fax":"","email":"info@batrounvclub.com","url":"http://www.batrounvclub.com","countryIso2":"LB","countryName":"Lebanon","hotelRating":"1","latitude":"34.2617","longitude":"35.6782","state_id":null,"state_name":null,"country_id":null},{"active":false,"Giataid":"758222","cityId":null,"cityName":"Zahl?","hotelId":758222,"hotelName":"La Place Hotel","address":"Zahle Boulevard,Lido Square,Zahl?,Beqaa,Lebanon","phones":"+9618824777","fax":"","email":"","url":"","countryIso2":"LB","countryName":"Lebanon","hotelRating":"1","latitude":"33.8409","longitude":"35.8954","state_id":null,"state_name":null,"country_id":null},{"active":false,"Giataid":"762371","cityId":null,"cityName":"Brummana","hotelId":762371,"hotelName":"Belvedere Hotel","address":"Brummana Main Road,Mrah Ghanem Zone,Brummana,Lebanon","phones":"","fax":"","email":"","url":"","countryIso2":"LB","countryName":"Lebanon","hotelRating":"1","latitude":"33.8819","longitude":"35.6311","state_id":null,"state_name":null,"country_id":null},{"active":false,"Giataid":"796799","cityId":null,"cityName":"Byblos","hotelId":796799,"hotelName":"C Flow Beach Resort","address":"Section 7,Plot 4 Seaside Main Road,Mastita,Byblos 9610,Lebanon","phones":"","fax":"","email":"","url":"","countryIso2":"LB","countryName":"Lebanon","hotelRating":"1","latitude":"34.1146","longitude":"35.6616","state_id":null,"state_name":null,"country_id":null},{"active":false,"Giataid":"796864","cityId":null,"cityName":"Zgharta","hotelId":796864,"hotelName":"Waterland Hotel And Resort","address":"Ardeh Street,Zgharta 1304,Lebanon","phones":"","fax":"","email":"waterland.ardeh@gmail.com","url":"http://www.waterland-lb.com/","countryIso2":"LB","countryName":"Lebanon","hotelRating":"1","latitude":"0","longitude":"0","state_id":null,"state_name":null,"country_id":null},{"active":false,"Giataid":"798617","cityId":null,"cityName":"Byblos","hotelId":798617,"hotelName":"Mawal Annaya","address":"Annaya Main Road,Mawal,Jbeil,Byblos 4423,Lebanon","phones":"","fax":"","email":"contact@mawalannaya.com","url":"http://www.booking.com/hotel/lb/mawal-annaya.en-gb.html?aid=357026","countryIso2":"LB","countryName":"Lebanon","hotelRating":"1","latitude":"34.1146","longitude":"35.6616","state_id":null,"state_name":null,"country_id":null},{"active":false,"Giataid":"811969","cityId":null,"cityName":"Barouk","hotelId":811969,"hotelName":"Palais Des Cedres","address":"Arz El Barouk Road,Barouk,Lebanon","phones":"+9615241100","fax":"","email":"reservations@palaisdescedres.com","url":"http://www.palaisdescedres.com/","countryIso2":"LB","countryName":"Lebanon","hotelRating":"1","latitude":"33.7074","longitude":"35.6912","state_id":null,"state_name":null,"country_id":null},{"active":false,"Giataid":"816391","cityId":null,"cityName":"Byblos","hotelId":816391,"hotelName":"St Nohra Dorms","address":"Street Mosfeye,Lau Highway,Jbeil Next To St Nohra Church,Alayn,Byblos 1401,Lebanon","phones":"","fax":"","email":"","url":"","countryIso2":"LB","countryName":"Lebanon","hotelRating":"1","latitude":"34.1146","longitude":"35.6616","state_id":null,"state_name":null,"country_id":null},{"active":false,"Giataid":"817323","cityId":null,"cityName":"Barouk","hotelId":817323,"hotelName":"Tourist Motel","address":"Barouk Road,Barouk Cider Reserve,Al Baruk,Lebanon","phones":"","fax":"","email":"","url":"","countryIso2":"LB","countryName":"Lebanon","hotelRating":"1","latitude":"33.7562","longitude":"35.7197","state_id":null,"state_name":null,"country_id":null},{"active":false,"Giataid":"828593","cityId":null,"cityName":"Jezzine","hotelId":828593,"hotelName":"Bluejay Valley","address":"Azour,Jezz?ne 1234,Lebanon","phones":"","fax":"","email":"","url":"","countryIso2":"LB","countryName":"Lebanon","hotelRating":"1","latitude":"33.5486","longitude":"35.5591","state_id":null,"state_name":null,"country_id":null},{"active":false,"Giataid":"828822","cityId":null,"cityName":"Byblos","hotelId":828822,"hotelName":"Byout Ghalboun","address":"Ghalboun Main Street Beit El Dayaa,Jbail,Lebanon","phones":"+9613532756","fax":"","email":"gag@dsgabriel.com","url":"http://www.byoutghalboun.com/","countryIso2":"LB","countryName":"Lebanon","hotelRating":"1","latitude":"34.1146","longitude":"35.6616","state_id":null,"state_name":null,"country_id":null},{"active":false,"Giataid":"828887","cityId":null,"cityName":"Barouk","hotelId":828887,"hotelName":"Barouk Chouf The View","address":"Joub Jannine Road Main Road,Halabi bldg,Barouk 5871,Lebanon","phones":"","fax":"","email":"","url":"https://www.a-hotel.com/lebanol-baruk/1765369-barouk-chouf-the-view/","countryIso2":"LB","countryName":"Lebanon","hotelRating":"1","latitude":"33.7074","longitude":"35.6912","state_id":null,"state_name":null,"country_id":null},{"active":false,"Giataid":"849712","cityId":null,"cityName":"Byblos","hotelId":849712,"hotelName":"Maximus Hotel","address":"Blat,Byblos,Lebanon","phones":"","fax":"","email":"","url":"","countryIso2":"LB","countryName":"Lebanon","hotelRating":"1","latitude":"34.1146","longitude":"35.6616","state_id":null,"state_name":null,"country_id":null},{"active":false,"Giataid":"405206","cityId":null,"cityName":"Aley","hotelId":10055089,"hotelName":"Golden Tulip Lili's Resort And Spa","address":"Zahhar Street,Abadiyeh,135595 Aley,Lebanon","phones":"+9615564015","fax":"","email":"","url":"","countryIso2":"LB","countryName":"Lebanon","hotelRating":"4","latitude":"33.8101","longitude":"35.5974","state_id":null,"state_name":null,"country_id":null},{"active":false,"Giataid":"424218","cityId":null,"cityName":"Kaslik","hotelId":10065244,"hotelName":"Veer Boutique Hotel & Resort","address":"PO Box 90-1185,Kaslik,Zouk Mikael,Lebanon","phones":"+9619222623","fax":"","email":"","url":"","countryIso2":"LB","countryName":"Lebanon","hotelRating":"4","latitude":"33.9756","longitude":"35.6107","state_id":null,"state_name":null,"country_id":null},{"active":false,"Giataid":"496550","cityId":null,"cityName":"Ehden","hotelId":10073554,"hotelName":"Le Tournant Hotel & Resort","address":"Serhel,El Koura Highway,Ehden,Lebanon","phones":"+9616995400","fax":"","email":"","url":"","countryIso2":"LB","countryName":"Lebanon","hotelRating":"4","latitude":"34.2931","longitude":"35.9197","state_id":null,"state_name":null,"country_id":null},{"active":false,"Giataid":"452439","cityId":null,"cityName":"Byblos","hotelId":10073928,"hotelName":"Aleph Boutique Hotel","address":"Kordahi Center,Jbeil,Byblos 1200,Lebanon","phones":"961-9-945333","fax":"961-9-543973","email":"info@alephboutiquehotel.com","url":"http://www.alephboutiquehotel.com","countryIso2":"LB","countryName":"Lebanon","hotelRating":"3","latitude":"34.1192","longitude":"35.6491","state_id":null,"state_name":null,"country_id":null},{"active":false,"Giataid":"473734","cityId":null,"cityName":"Zahl?","hotelId":20000339,"hotelName":"Hotel St Jean","address":"Down Town - Boulevard,Zahle,Lebanon","phones":"+9618815777","fax":"","email":"info@hotelsaintjean-lb.com","url":"http://www.hotelsaintjean-lb.com/","countryIso2":"LB","countryName":"Lebanon","hotelRating":"0","latitude":"33.8493","longitude":"35.8977","state_id":null,"state_name":null,"country_id":null},{"active":false,"Giataid":"466642","cityId":null,"cityName":"Byblos","hotelId":20000478,"hotelName":"L'Hotel De Mon Pere","address":"Kartaboun,Byblos,Lebanon","phones":"","fax":"","email":"","url":"http://www.lhoteldemonpere.com/","countryIso2":"LB","countryName":"Lebanon","hotelRating":"3","latitude":"34.1095","longitude":"35.658","state_id":null,"state_name":null,"country_id":null},{"active":false,"Giataid":"645552","cityId":null,"cityName":"Batroun","hotelId":20000534,"hotelName":"Aqualand Hotel & Resort","address":"Sea Side Road,Batro?n 1400,Lebanon","phones":"","fax":"","email":"","url":"http://www.aqualandlb.com/","countryIso2":"LB","countryName":"Lebanon","hotelRating":"0","latitude":"34.2523","longitude":"35.6593","state_id":null,"state_name":null,"country_id":null},{"active":false,"Giataid":"298683","cityId":null,"cityName":"Barouk","hotelId":20000577,"hotelName":"Barouk Palace","address":"Main Road,Barouk,Lebanon","phones":"+9615240251","fax":"+9615240253","email":"info@baroukpalace.com","url":"http://www.baroukpalace.com/","countryIso2":"LB","countryName":"Lebanon","hotelRating":"3","latitude":"33.7122","longitude":"35.6901","state_id":null,"state_name":null,"country_id":null},{"active":false,"Giataid":"295396","cityId":null,"cityName":"Batroun","hotelId":20000764,"hotelName":"Sawary Resort & Hotel","address":"Coastal Road,Batroun Town,Batroun,Lebanon","phones":"+9616642100","fax":"+9616642100","email":"info@sawaryresort.com","url":"http://www.sawaryresort.com/","countryIso2":"LB","countryName":"Lebanon","hotelRating":"0","latitude":"34.2523","longitude":"35.6593","state_id":null,"state_name":null,"country_id":null},{"active":false,"Giataid":"466838","cityId":null,"cityName":"Byblos","hotelId":20000823,"hotelName":"Al Mayadine Hotel","address":"Jbeil-Innaya,Annaya,Byblos,Lebanon","phones":"+9619760333","fax":"","email":"info@mayadinehotel.com","url":"http://www.mayadinehotel.com","countryIso2":"LB","countryName":"Lebanon","hotelRating":"3","latitude":"34.1182","longitude":"35.7569","state_id":null,"state_name":null,"country_id":null},{"active":false,"Giataid":"645518","cityId":null,"cityName":"Byblos","hotelId":20001243,"hotelName":"La Bonita Hotel","address":"Byblos,Jbeil 1401,Lebanon","phones":"","fax":"","email":"","url":"","countryIso2":"LB","countryName":"Lebanon","hotelRating":"0","latitude":"34.1146","longitude":"35.6616","state_id":null,"state_name":null,"country_id":null},{"active":false,"Giataid":"675086","cityId":null,"cityName":"Byblos","hotelId":20001398,"hotelName":"Ocean Blue Beach Resort","address":"Mastit Jbeil,Mont Liban,Byblos,Lebanon","phones":"+9619796046","fax":"+9619796046","email":"info@oceanbluebyblos.com","url":"http://www.oceanbluebyblos.com/","countryIso2":"LB","countryName":"Lebanon","hotelRating":"0","latitude":"34.1057","longitude":"35.6512","state_id":null,"state_name":null,"country_id":null},{"active":false,"Giataid":"675463","cityId":null,"cityName":"Al Arz","hotelId":20001567,"hotelName":"Chez Alain","address":"Arez Bcharre,Al Arz 1377,Lebanon","phones":"","fax":"","email":"","url":"","countryIso2":"LB","countryName":"Lebanon","hotelRating":"0","latitude":"34.2488","longitude":"36.0485","state_id":null,"state_name":null,"country_id":null},{"active":false,"Giataid":"724715","cityId":null,"cityName":"Byblos","hotelId":20001771,"hotelName":"Whitelace Hotel Resort & Spa","address":"Halat Seaside,Byblos 1401,Halat,Lebanon","phones":"+9619478444","fax":"+9619478444","email":"info@whitelaceresort.com","url":"http://www.whitelaceresort.com","countryIso2":"LB","countryName":"Lebanon","hotelRating":"0","latitude":"34.0908","longitude":"35.6496","state_id":null,"state_name":null,"country_id":null},{"active":false,"Giataid":"674734","cityId":null,"cityName":"Al Arz","hotelId":20007884,"hotelName":"Chalets Saint Michel","address":"Facing lebanese army officers club,Cedars,Al Arz,Lebanon","phones":"+96170889881","fax":"","email":"stmichelcedars@gmail.com","url":"http://www.stmichel-cedars.com","countryIso2":"LB","countryName":"Lebanon","hotelRating":"0","latitude":"34.2405","longitude":"36.0379","state_id":null,"state_name":null,"country_id":null},{"active":false,"Giataid":"474025","cityId":null,"cityName":"Byblos","hotelId":20008068,"hotelName":"VU'Z Hotel","address":"Blat Lebanese American University roundabout,1401 Jbeil,Lebanon","phones":"+9613039573","fax":"","email":"","url":"","countryIso2":"LB","countryName":"Lebanon","hotelRating":"0","latitude":"34.1146","longitude":"35.6616","state_id":null,"state_name":null,"country_id":null},{"active":false,"Giataid":"466830","cityId":null,"cityName":"Byblos","hotelId":20008207,"hotelName":"Olive Garden","address":"LAU Street, Byblos,Lebanon","phones":"","fax":"","email":"","url":"","countryIso2":"LB","countryName":"Lebanon","hotelRating":"0","latitude":"34.1168","longitude":"35.669","state_id":null,"state_name":null,"country_id":null},{"active":false,"Giataid":"612950","cityId":null,"cityName":"Byblos","hotelId":20008496,"hotelName":"VU'Z Hotel Apt","address":"Roundabout Lebanese American University,Blat,Jbeil,Byblos 1401,Lebanon","phones":"+9619542308","fax":"","email":"booking@vuzresidence.com","url":"http://www.vuzresidence.com","countryIso2":"LB","countryName":"Lebanon","hotelRating":"0","latitude":"34.1146","longitude":"35.6616","state_id":null,"state_name":null,"country_id":null},{"active":false,"Giataid":"675462","cityId":null,"cityName":"Byblos","hotelId":20008645,"hotelName":"Byblos Guest House","address":"Mastita,Jbeil,Byblos,Lebanon","phones":"","fax":"","email":"","url":"","countryIso2":"LB","countryName":"Lebanon","hotelRating":"0","latitude":"34.1146","longitude":"35.6616","state_id":null,"state_name":null,"country_id":null},{"active":false,"Giataid":"685729","cityId":null,"cityName":"Byblos","hotelId":20008796,"hotelName":"eL�Hotel","address":"Jbeil,Byblos,Lebanon","phones":"+9619545888","fax":"+9619547993","email":"hotelreception@eddesands.com","url":"http://eddesands.com/accomodations/elHotel/","countryIso2":"LB","countryName":"Lebanon","hotelRating":"3","latitude":"34.1154","longitude":"35.6504","state_id":null,"state_name":null,"country_id":null},{"active":false,"Giataid":"623383","cityId":null,"cityName":"Byblos","hotelId":20008930,"hotelName":"Byblostar Hotel","address":"3 Rue Saint Georges,Main Road,Byblos 3214,Lebanon","phones":"","fax":"","email":"","url":"","countryIso2":"LB","countryName":"Lebanon","hotelRating":"0","latitude":"34.1242","longitude":"35.6576","state_id":null,"state_name":null,"country_id":null},{"active":false,"Giataid":"674424","cityId":null,"cityName":"Aley","hotelId":20009095,"hotelName":"Regent Palace Hariz Hotel","address":"Festival Street,Next to Rayess Mall Building,Aley,Lebanon","phones":"+9615553210","fax":"","email":"info@regentpalacehariz.com","url":"http://www.aleyregentpalacehariz.com","countryIso2":"LB","countryName":"Lebanon","hotelRating":"0","latitude":"33.8093","longitude":"35.6062","state_id":null,"state_name":null,"country_id":null},{"active":false,"Giataid":"645508","cityId":null,"cityName":"Aley","hotelId":20009372,"hotelName":"Dynasty Suite","address":"Al Balaken-Aley,Aley,Lebanon","phones":"+9615556150","fax":"","email":"Info@DynastySuite.online","url":"http://www.dynastysuite.online/","countryIso2":"LB","countryName":"Lebanon","hotelRating":"0","latitude":"33.8082","longitude":"35.6047","state_id":null,"state_name":null,"country_id":null},{"active":false,"Giataid":"472194","cityId":null,"cityName":"Dhour El Choueir","hotelId":20010191,"hotelName":"Grand hotel Bois de Boulogne","address":"Bois de Boulogne,1204 Dhour El Choueir,Lebanon","phones":"+9614295100","fax":"+9614295143","email":"info@hotelboisdeboulogne.com","url":"http://www.hotelboisdeboulogne.com/","countryIso2":"LB","countryName":"Lebanon","hotelRating":"0","latitude":"33.9189","longitude":"35.7355","state_id":null,"state_name":null,"country_id":null},{"active":false,"Giataid":"455320","cityId":null,"cityName":"Zahl?","hotelId":20010919,"hotelName":"Beit El Kroum Boutique Hotel","address":"Dhour,Notre Dame Road,Bekka Lebnan,Zahl?,Lebanon","phones":"","fax":"","email":"","url":"","countryIso2":"LB","countryName":"Lebanon","hotelRating":"4","latitude":"33.8409","longitude":"35.8982","state_id":null,"state_name":null,"country_id":null},{"active":false,"Giataid":"234953","cityId":null,"cityName":"Byblos","hotelId":20011070,"hotelName":"Byblos Comfort Hotel","address":"Byblos main Street,Jbeil,Byblos,Lebanon","phones":"+9619942200","fax":"+9619540367","email":"info@bybloscomforthotel.com","url":"http://www.bybloscomforthotel.com/","countryIso2":"LB","countryName":"Lebanon","hotelRating":"3","latitude":"34.1213","longitude":"35.6515","state_id":null,"state_name":null,"country_id":null},{"active":false,"Giataid":"474896","cityId":null,"cityName":"Batroun","hotelId":20011937,"hotelName":"L'Auberge de la Mer","address":"Mina,1400 0001 Batro?n,Lebanon","phones":"","fax":"","email":"","url":"","countryIso2":"LB","countryName":"Lebanon","hotelRating":"0","latitude":"34.2571","longitude":"35.6581","state_id":null,"state_name":null,"country_id":null},{"active":false,"Giataid":"229603","cityId":null,"cityName":"Al Arz","hotelId":20012106,"hotelName":"L'Auberge des Cedres","address":"The Cedars,Al Arz,Lebanon","phones":"","fax":"","email":"","url":"http://www.smresorts.net/winter/aubergecedres/aubergecedres.asp","countryIso2":"LB","countryName":"Lebanon","hotelRating":"4","latitude":"34.2404","longitude":"36.0406","state_id":null,"state_name":null,"country_id":null},{"active":false,"Giataid":"675087","cityId":null,"cityName":"Al Arz","hotelId":20012885,"hotelName":"Le Notre Hotel & Ski Resort","address":"The Cedars,Bsharri,Al Arz 1377,Lebanon","phones":"","fax":"","email":"","url":"https://www.agoda.com/de-de/le-notre-hotel-ski-resort/hotel/cedars-lb.html","countryIso2":"LB","countryName":"Lebanon","hotelRating":"0","latitude":"34.2439","longitude":"36.0481","state_id":null,"state_name":null,"country_id":null},{"active":false,"Giataid":"645530","cityId":null,"cityName":"Batroun","hotelId":20012996,"hotelName":"San Stephano Resort","address":"Sea Road,Batroun,Lebanon","phones":"+9616740366","fax":"","email":"info@sanstephano.com","url":"http://www.sanstephano.com","countryIso2":"LB","countryName":"Lebanon","hotelRating":"0","latitude":"34.249","longitude":"35.6598","state_id":null,"state_name":null,"country_id":null},{"active":false,"Giataid":"464768","cityId":null,"cityName":"Brummana","hotelId":20013101,"hotelName":"Pax","address":"Broummana Main Road,1204 Broummana,Lebanon","phones":"","fax":"","email":"","url":"","countryIso2":"LB","countryName":"Lebanon","hotelRating":"3","latitude":"33.8847","longitude":"35.634","state_id":null,"state_name":null,"country_id":null},{"active":false,"Giataid":"552344","cityId":null,"cityName":"Brummana","hotelId":20013675,"hotelName":"Garden Hotel","address":"Broumana,Lebanon,Lebanon","phones":"+9614860444","fax":"+9614960259","email":"info@gardenhotellb.com","url":"http://www.gardenhotellb.com","countryIso2":"LB","countryName":"Lebanon","hotelRating":"0","latitude":"33.8819","longitude":"35.6311","state_id":null,"state_name":null,"country_id":null},{"active":false,"Giataid":"623382","cityId":null,"cityName":"Brummana","hotelId":20014059,"hotelName":"Broumana Boutique Hotel & Spa","address":"Broumana Main Road,Facing Bank Audi,Broumana 1204,Lebanon","phones":"+9614861999","fax":"+9614862858","email":"broumanahotel@hotmail.com","url":"http://www.broumanahotel.com","countryIso2":"LB","countryName":"Lebanon","hotelRating":"0","latitude":"33.8848","longitude":"35.6371","state_id":null,"state_name":null,"country_id":null},{"active":false,"Giataid":"622875","cityId":null,"cityName":"Byblos","hotelId":20015862,"hotelName":"Panoramic Hotel","address":"Braij,1401 Byblos,Lebanon","phones":"","fax":"","email":"","url":"","countryIso2":"LB","countryName":"Lebanon","hotelRating":"3","latitude":"34.1196","longitude":"35.7016","state_id":null,"state_name":null,"country_id":null},{"active":false,"Giataid":"466535","cityId":null,"cityName":"Ghazir","hotelId":20019145,"hotelName":"Hotel Xperience","address":"3303 Ghazir-Maameltain Road,Kesserwan,P.O. Box: 2165,Ghazir,Lebanon","phones":"","fax":"","email":"","url":"","countryIso2":"LB","countryName":"Lebanon","hotelRating":"4","latitude":"34.0063","longitude":"35.6476","state_id":null,"state_name":null,"country_id":null},{"active":false,"Giataid":"471055","cityId":null,"cityName":"Chtaura","hotelId":20021566,"hotelName":"Delora Hotel and Suites","address":"Chtaura, Damascus Highway,8000 Chtaura,Lebanon","phones":"+9613387594","fax":"","email":"info@delorahotel.com","url":"http://www.delorahotel.com","countryIso2":"LB","countryName":"Lebanon","hotelRating":"4","latitude":"33.8174","longitude":"35.841","state_id":null,"state_name":null,"country_id":null},{"active":false,"Giataid":"646756","cityId":null,"cityName":"Byblos","hotelId":20021835,"hotelName":"Al Mayadeen","address":"Annaya,Aannaya - Laqlouq Road,Byblos,Lebanon","phones":"+9619760333","fax":"","email":"info@mayadinehotel.com","url":"http://mayadinehotel.com","countryIso2":"LB","countryName":"Lebanon","hotelRating":"0","latitude":"34.1105","longitude":"35.7478","state_id":null,"state_name":null,"country_id":null},{"active":false,"Giataid":"612802","cityId":null,"cityName":"Byblos","hotelId":20021911,"hotelName":"Hotel Amada","address":"1568 Halat Highway,Fidar,Byblos,Lebanon","phones":"","fax":"","email":"","url":"","countryIso2":"LB","countryName":"Lebanon","hotelRating":"2","latitude":"34.0985","longitude":"35.6529","state_id":null,"state_name":null,"country_id":null},{"active":false,"Giataid":"725961","cityId":null,"cityName":"Aley","hotelId":20022283,"hotelName":"Aley Suites","address":"Aley Main Street,Aley 1501,Lebanon,Lebanon","phones":"+9615557733","fax":"","email":"anwarchehayeb@hotmail.com","url":"http://aleysuites.com","countryIso2":"LB","countryName":"Lebanon","hotelRating":"0","latitude":"33.8093","longitude":"35.6062","state_id":null,"state_name":null,"country_id":null},{"active":false,"Giataid":"622868","cityId":null,"cityName":"Byblos","hotelId":20022480,"hotelName":"Guias Boutique Hotel & Spa","address":"Jbeil Highway,Byblos,Lebanon","phones":"+9619795017","fax":"","email":"reception@guias-hotel.com","url":"http://guias-hotel.com/","countryIso2":"LB","countryName":"Lebanon","hotelRating":"0","latitude":"34.1094","longitude":"35.6538","state_id":null,"state_name":null,"country_id":null},{"active":false,"Giataid":"467114","cityId":null,"cityName":"Aley","hotelId":20022624,"hotelName":"AlSakhra Hotel","address":"Next To Stadium De Bhomdoun,Aley 1501,Lebanon","phones":"","fax":"","email":"","url":"","countryIso2":"LB","countryName":"Lebanon","hotelRating":"3","latitude":"33.8042","longitude":"35.6557","state_id":null,"state_name":null,"country_id":null},{"active":false,"Giataid":"469053","cityId":null,"cityName":"Byblos","hotelId":20022955,"hotelName":"Salameh Hotel","address":"Jbeil-Innaya,Byblos,1401,Lebanon","phones":"+9619760205","fax":"+9619760267","email":"","url":"","countryIso2":"LB","countryName":"Lebanon","hotelRating":"0","latitude":"34.1146","longitude":"35.6616","state_id":null,"state_name":null,"country_id":null},{"active":false,"Giataid":"237332","cityId":null,"cityName":"Bsalim","hotelId":20024494,"hotelName":"Country Lodge Bsalim","address":"Beirut Northern Suburb,Bsalim,Jal el Dib,Lebanon","phones":"+9614710502","fax":"","email":"info@countrylodgeclub.com","url":"http://www.countrylodgeclub.com/","countryIso2":"LB","countryName":"Lebanon","hotelRating":"4","latitude":"33.8972","longitude":"35.5986","state_id":null,"state_name":null,"country_id":null},{"active":false,"Giataid":"940744","cityId":null,"cityName":"Aley","hotelId":20347402,"hotelName":"Al Safat Suites Hotel","address":"Bhamdoun Main Street,Aley 9611,Lebanon","phones":"","fax":"","email":"","url":"","countryIso2":"LB","countryName":"Lebanon","hotelRating":"0","latitude":"33.8093","longitude":"35.6062","state_id":null,"state_name":null,"country_id":null},{"active":false,"Giataid":"895963","cityId":null,"cityName":"Ehden","hotelId":20347404,"hotelName":"Ehden Village Residences","address":"Ehden-Koura Road,Ehden,Lebanon","phones":"+9613844338","fax":"","email":"rony_bounehme@hotmail.com","url":"http://ehdenvillage.com","countryIso2":"LB","countryName":"Lebanon","hotelRating":"0","latitude":"34.2914","longitude":"35.9522","state_id":null,"state_name":null,"country_id":null},{"active":false,"Giataid":"909413","cityId":null,"cityName":"Mayrouba","hotelId":20347405,"hotelName":"Villars","address":"Faraya,Mayrouba Faraya Highway,Mayrouba 1206,Lebanon","phones":"","fax":"","email":"","url":"","countryIso2":"LB","countryName":"Lebanon","hotelRating":"0","latitude":"34.0104","longitude":"35.7656","state_id":null,"state_name":null,"country_id":null},{"active":false,"Giataid":"873707","cityId":null,"cityName":"Barouk","hotelId":20347416,"hotelName":"Calmera Hotel","address":"Joub Jannine Road,Barouk,Lebanon","phones":"","fax":"","email":"","url":"","countryIso2":"LB","countryName":"Lebanon","hotelRating":"0","latitude":"33.7074","longitude":"35.6912","state_id":null,"state_name":null,"country_id":null},{"active":false,"Giataid":"866865","cityId":null,"cityName":"Brummana","hotelId":20347424,"hotelName":"Grant","address":"Mrah Ghanem,Brummana,Lebanon","phones":"+9614873611","fax":"+9614873599","email":"info@grant-apts.com","url":"http://www.grant-apts.com/default.htm","countryIso2":"LB","countryName":"Lebanon","hotelRating":"0","latitude":"33.8819","longitude":"35.6311","state_id":null,"state_name":null,"country_id":null},{"active":false,"Giataid":"940735","cityId":null,"cityName":"Tabarja","hotelId":20347426,"hotelName":"Romance Hotel","address":"Towards Casino du Liban,Tabarja,Lebanon","phones":"","fax":"","email":"","url":"","countryIso2":"LB","countryName":"Lebanon","hotelRating":"0","latitude":"34.0261","longitude":"35.6292","state_id":null,"state_name":null,"country_id":null},{"active":false,"Giataid":"723739","cityId":null,"cityName":"Kaslik","hotelId":20347430,"hotelName":"Senses Beach Resort And Hotel","address":"Kaslik Sea Road,Zouq Mkayel,Al Kaslik,Lebanon","phones":"+9619213212","fax":"","email":"m.info@clubsenses.com","url":"http://www.clubsenses.com/","countryIso2":"LB","countryName":"Lebanon","hotelRating":"0","latitude":"33.9744","longitude":"35.6093","state_id":null,"state_name":null,"country_id":null},{"active":false,"Giataid":"874588","cityId":null,"cityName":"Batroun","hotelId":20347432,"hotelName":"Sea View Hotel","address":"905 Seaside Road,Batroun,Lebanon","phones":"+9616642942","fax":"","email":"reservations@seaviewbatroun.com","url":"http://www.seaviewbatroun.com","countryIso2":"LB","countryName":"Lebanon","hotelRating":"0","latitude":"34.2523","longitude":"35.6593","state_id":null,"state_name":null,"country_id":null},{"active":false,"Giataid":"892311","cityId":null,"cityName":"Bikfaya","hotelId":20347433,"hotelName":"Merry Land Hotel","address":"Naas,Bickfaya,Lebanon","phones":"+9614980390","fax":"+9614980390","email":"info@merrylandhotel.com","url":"http://www.merrylandhotel.com","countryIso2":"LB","countryName":"Lebanon","hotelRating":"0","latitude":"33.9158","longitude":"35.6752","state_id":null,"state_name":null,"country_id":null},{"active":false,"Giataid":"903529","cityId":null,"cityName":"Jezzine","hotelId":20347434,"hotelName":"Honey Guesthouse","address":"Dhour Bkassine Main Road,Jezzine,Lebanon","phones":"","fax":"","email":"","url":"","countryIso2":"LB","countryName":"Lebanon","hotelRating":"0","latitude":"33.5486","longitude":"35.5591","state_id":null,"state_name":null,"country_id":null},{"active":false,"Giataid":"904188","cityId":null,"cityName":"Tabarja","hotelId":20347435,"hotelName":"Beit El Bahr","address":"Seaside Road,Facing The Municipality,Tabarja,Lebanon","phones":"","fax":"","email":"","url":"http://www.beitelbahr.com","countryIso2":"LB","countryName":"Lebanon","hotelRating":"0","latitude":"34.0261","longitude":"35.6292","state_id":null,"state_name":null,"country_id":null},{"active":false,"Giataid":"645650","cityId":null,"cityName":"Kaslik","hotelId":20347436,"hotelName":"Hayali Suites Hotel","address":"Samir Slim Building,Sarba,Kaslik,Jounieh,Lebanon","phones":"+9619835666","fax":"","email":"reservation@hayalisuites.com","url":"https://sites.google.com/a/hayalisuites.com/www/home/contact-us","countryIso2":"LB","countryName":"Lebanon","hotelRating":"0","latitude":"33.9813","longitude":"35.622","state_id":null,"state_name":null,"country_id":null},{"active":false,"Giataid":"893792","cityId":null,"cityName":"Barouk","hotelId":20347446,"hotelName":"Boustany Guest House","address":"Al Midane Street,Barouk,Lebanon","phones":"+9613420495","fax":"","email":"boustanywassim@gmail.com","url":"http://www.boustanyguesthouse.com/","countryIso2":"LB","countryName":"Lebanon","hotelRating":"0","latitude":"33.7074","longitude":"35.6912","state_id":null,"state_name":null,"country_id":null},{"active":false,"Giataid":"905141","cityId":null,"cityName":"Beiteddine","hotelId":20347447,"hotelName":"Beit Lebbos","address":"Beiteddine Main Street,Facing Beiteddine Palace,Beiteddine,Lebanon","phones":"+9615500155","fax":"","email":"info@beitlebbos.com","url":"http://www.beitlebbos.com/","countryIso2":"LB","countryName":"Lebanon","hotelRating":"0","latitude":"33.6935","longitude":"35.5812","state_id":null,"state_name":null,"country_id":null},{"active":false,"Giataid":"873713","cityId":null,"cityName":"Jezzine","hotelId":20347448,"hotelName":"Green Lake Hotel","address":"Main Highway,Al Janub Facing,Jezzine,Lebanon","phones":"","fax":"+9617781536","email":"info@greenlakelb.com","url":"http://greenlakelb.com","countryIso2":"LB","countryName":"Lebanon","hotelRating":"0","latitude":"33.5486","longitude":"35.5591","state_id":null,"state_name":null,"country_id":null},{"active":false,"Giataid":"940756","cityId":null,"cityName":"Aley","hotelId":20347452,"hotelName":"L'Heritage Resort","address":"Main Street,Ain El Remaneh,Aley,Lebanon","phones":"+9615271371","fax":"","email":"info@lheritageresort.com","url":"http://www.lheritageresort.com/","countryIso2":"LB","countryName":"Lebanon","hotelRating":"0","latitude":"33.8093","longitude":"35.6062","state_id":null,"state_name":null,"country_id":null},{"active":false,"Giataid":"874658","cityId":null,"cityName":"Faraya","hotelId":20347454,"hotelName":"Soiree De Faraya","address":"Kfardebian Aayoun El Siman Road,Mount Lebanon,Faraya,Lebanon","phones":"","fax":"","email":"info@hotelsoireedefaraya.com","url":"http://www.hotelsoireedefaraya.com","countryIso2":"LB","countryName":"Lebanon","hotelRating":"0","latitude":"34.0139","longitude":"35.8132","state_id":null,"state_name":null,"country_id":null},{"active":false,"Giataid":"896003","cityId":null,"cityName":"Aley","hotelId":20347460,"hotelName":"Lemir Faisal Arslan Stay","address":"Ring Road,Aley,Lebanon","phones":"","fax":"","email":"","url":"","countryIso2":"LB","countryName":"Lebanon","hotelRating":"0","latitude":"33.8093","longitude":"35.6062","state_id":null,"state_name":null,"country_id":null},{"active":false,"Giataid":"895975","cityId":null,"cityName":"Damour","hotelId":20347462,"hotelName":"Damour Country Club","address":"Saida Higwaw,800M After Deir Al Kamar Exit,Damour,Lebanon","phones":"","fax":"","email":"","url":"","countryIso2":"LB","countryName":"Lebanon","hotelRating":"0","latitude":"33.7291","longitude":"35.4544","state_id":null,"state_name":null,"country_id":null},{"active":false,"Giataid":"979536","cityId":null,"cityName":"Batroun","hotelId":20411769,"hotelName":"Zen Lifestyle Villa","address":"Zan,Batroun,North Governorate,Lebanon","phones":"","fax":"","email":"","url":"","countryIso2":"LB","countryName":"Lebanon","hotelRating":"1","latitude":"34.2523","longitude":"35.6593","state_id":null,"state_name":null,"country_id":null}]