[{"active":false,"Giataid":"129588","cityId":null,"cityName":"Teheran","hotelId":129588,"hotelName":"Parsian Enghelab Hotel","address":"341 Taleghani Avenue,between hafez & valiasr Avenue,Tehran,Iran","phones":"+982188937251","fax":"","email":"","url":"","countryIso2":"IR","countryName":"Iran","hotelRating":"4","latitude":"35.7069","longitude":"51.4091","state_id":null,"state_name":null,"country_id":null},{"active":false,"Giataid":"129589","cityId":null,"cityName":"Teheran","hotelId":129589,"hotelName":"Parsian Azadi Hotel","address":"Yadegare-Imam Cross Road,Chamran Highway,Tehran,Iran","phones":"+982129112","fax":"+98212073039","email":"hotel@azadigrandhotel.com","url":"http://www.azadigrandhotel.20m.com/","countryIso2":"IR","countryName":"Iran","hotelRating":"5","latitude":"35.7898","longitude":"51.3899","state_id":null,"state_name":null,"country_id":null},{"active":false,"Giataid":"129590","cityId":null,"cityName":"Teheran","hotelId":129590,"hotelName":"Parsian Kowsar Hotel","address":"8 Shahid Malaee Avenue,Vali E Asr Street,Teheran 11369,Iran","phones":"+982188908371","fax":"+982188891615","email":"prtehrankowsarhotel@yahoo.com","url":"http://parsianhotels.com/index.aspx?fkeyid=&siteid=31&pageid=3092","countryIso2":"IR","countryName":"Iran","hotelRating":"4","latitude":"35.7131","longitude":"51.4084","state_id":null,"state_name":null,"country_id":null},{"active":false,"Giataid":"129591","cityId":null,"cityName":"Teheran","hotelId":129591,"hotelName":"Tehran Homa Hotel","address":"Tehran 19946,Vali-e-Asr Avenue,Shahid Khodami Street 51,Iran","phones":"+982188773021","fax":"+982188797179","email":"Tehran@homahotels.com","url":"http://www.homahotels.com/Summary.aspx","countryIso2":"IR","countryName":"Iran","hotelRating":"5","latitude":"35.7617","longitude":"51.4053","state_id":null,"state_name":null,"country_id":null},{"active":false,"Giataid":"131866","cityId":null,"cityName":"Teheran","hotelId":131866,"hotelName":"Parsian Esteghlal East Wing","address":"Crossroads of Dr. Chamran Experessway & Valie-Asr Avenue,P.O.Box: 19395-4673,Tehran 19998-13565,Iran","phones":"+982122660011","fax":"","email":"","url":"","countryIso2":"IR","countryName":"Iran","hotelRating":"5","latitude":"35.7903","longitude":"51.4136","state_id":null,"state_name":null,"country_id":null},{"active":false,"Giataid":"131867","cityId":null,"cityName":"Teheran","hotelId":131867,"hotelName":"Teheran Grand Hotels","address":"Teheran,Motahari Avenue,Valiasr Street 391,1595744613,Iran","phones":"+982189191000","fax":"","email":"","url":"","countryIso2":"IR","countryName":"Iran","hotelRating":"4","latitude":"35.7238","longitude":"51.4108","state_id":null,"state_name":null,"country_id":null},{"active":false,"Giataid":"131868","cityId":null,"cityName":"Teheran","hotelId":131868,"hotelName":"Hotel Howeyzeh","address":"Tehran,Cross Taleghani Avenue & Nejatollahi Avenue 115,Iran","phones":"+982188804344","fax":"","email":"","url":"","countryIso2":"IR","countryName":"Iran","hotelRating":"4","latitude":"35.7071","longitude":"51.4156","state_id":null,"state_name":null,"country_id":null},{"active":false,"Giataid":"131869","cityId":null,"cityName":"Teheran","hotelId":131869,"hotelName":"Mashad","address":"Tehran,Taleghani Cross Road, Dr Moftah Ave, Block 190,Iran","phones":"","fax":"","email":"","url":"","countryIso2":"IR","countryName":"Iran","hotelRating":"3","latitude":"35.7069","longitude":"51.4127","state_id":null,"state_name":null,"country_id":null},{"active":false,"Giataid":"137678","cityId":null,"cityName":"Kish Island","hotelId":137678,"hotelName":"Dariush","address":"Kish Island,Iran","phones":"+987644444900","fax":"","email":"reservation@dariushgrandhotel.com","url":"http://dariushgrandhotel.com/en/","countryIso2":"IR","countryName":"Iran","hotelRating":"5","latitude":"26.5569","longitude":"53.9834","state_id":null,"state_name":null,"country_id":null},{"active":false,"Giataid":"137679","cityId":null,"cityName":"Kish Island","hotelId":137679,"hotelName":"GRAND","address":"Darya Building Across Venus,Kish Island,Iran","phones":"","fax":"","email":"info@kishbcs.com","url":"","countryIso2":"IR","countryName":"Iran","hotelRating":"4","latitude":"26.5494","longitude":"54.0162","state_id":null,"state_name":null,"country_id":null},{"active":false,"Giataid":"234684","cityId":null,"cityName":"Teheran","hotelId":234684,"hotelName":"Simorgh Hotel","address":"Teheran,Near to Saee Park,Valiasr Avenue,Corner of Delbasteh Alley 2141,Tehran Province 1511733911,Iran","phones":"+982188719911","fax":"","email":"","url":"","countryIso2":"IR","countryName":"Iran","hotelRating":"4","latitude":"35.7311","longitude":"51.4121","state_id":null,"state_name":null,"country_id":null},{"active":false,"Giataid":"323250","cityId":null,"cityName":"Teheran","hotelId":323250,"hotelName":"Iranshahr Hotel","address":"","phones":"","fax":"","email":"","url":"","countryIso2":"IR","countryName":"Iran","hotelRating":"1","latitude":"35.7042","longitude":"51.4202","state_id":null,"state_name":null,"country_id":null},{"active":false,"Giataid":"323248","cityId":null,"cityName":"Teheran","hotelId":323248,"hotelName":"Hotel Sepehr Apartment","address":"","phones":"","fax":"","email":"","url":"","countryIso2":"IR","countryName":"Iran","hotelRating":"4","latitude":"35.8003","longitude":"51.4257","state_id":null,"state_name":null,"country_id":null},{"active":false,"Giataid":"323249","cityId":null,"cityName":"Teheran","hotelId":323249,"hotelName":"Aasa Suites","address":"","phones":"","fax":"","email":"","url":"","countryIso2":"IR","countryName":"Iran","hotelRating":"4","latitude":"35.7999","longitude":"51.4085","state_id":null,"state_name":null,"country_id":null},{"active":false,"Giataid":"364008","cityId":null,"cityName":"Teheran","hotelId":364008,"hotelName":"Parsian Evin Hotel","address":"","phones":"","fax":"","email":"","url":"","countryIso2":"IR","countryName":"Iran","hotelRating":"4","latitude":"35.7891","longitude":"51.3906","state_id":null,"state_name":null,"country_id":null},{"active":false,"Giataid":"380719","cityId":null,"cityName":"Teheran","hotelId":380719,"hotelName":"Parsian Azadi Gachsar","address":"","phones":"","fax":"","email":"","url":"","countryIso2":"IR","countryName":"Iran","hotelRating":"1","latitude":"35.7329","longitude":"51.4067","state_id":null,"state_name":null,"country_id":null},{"active":false,"Giataid":"380720","cityId":null,"cityName":"Ramsar","hotelId":380720,"hotelName":"Parsian Azadi Ramsar Hotel","address":"Ramsar,Shahid Rajai Street,Mazandaran,Iran","phones":"+981155223593","fax":"","email":"","url":"http://www.parsianhotels.com/index.aspx?fkeyid=&siteid=31&pageid=3093","countryIso2":"IR","countryName":"Iran","hotelRating":"1","latitude":"36.9028","longitude":"50.6587","state_id":null,"state_name":null,"country_id":null},{"active":false,"Giataid":"380722","cityId":null,"cityName":"Teheran","hotelId":380722,"hotelName":"Khayam","address":"","phones":"","fax":"","email":"","url":"","countryIso2":"IR","countryName":"Iran","hotelRating":"1","latitude":"35.7329","longitude":"51.4067","state_id":null,"state_name":null,"country_id":null},{"active":false,"Giataid":"386379","cityId":null,"cityName":"Ramsar","hotelId":386379,"hotelName":"Parsian Azadi Hotel","address":"After 12 Km In Ramsar Roa,Namak Abrood,Ramsar 46614,Iran","phones":"","fax":"","email":"","url":"","countryIso2":"IR","countryName":"Iran","hotelRating":"1","latitude":"0","longitude":"0","state_id":null,"state_name":null,"country_id":null},{"active":false,"Giataid":"405318","cityId":null,"cityName":"Teheran","hotelId":405318,"hotelName":"Parsian Esteghlal International Hotel","address":"Crossroads of Dr. Chamran Experessway & Valie-Asr Avenue,Tehran,Iran","phones":"+982122660011","fax":"+982122660031","email":"reservation@esteghlalhotel.com","url":"http://www.esteghlalhotel.ir","countryIso2":"IR","countryName":"Iran","hotelRating":"5","latitude":"35.7907","longitude":"51.4131","state_id":null,"state_name":null,"country_id":null},{"active":false,"Giataid":"405320","cityId":null,"cityName":"Teheran","hotelId":405320,"hotelName":"Melal Apartment Hotel","address":"24 Naseri Street,Valiasr Avenue,Tehran 19686,Iran","phones":"+982188790543","fax":"+982188790740","email":"info@melal.com","url":"http://www.melal.com/site/444/default.aspx","countryIso2":"IR","countryName":"Iran","hotelRating":"4","latitude":"35.7689","longitude":"51.4179","state_id":null,"state_name":null,"country_id":null},{"active":false,"Giataid":"417892","cityId":null,"cityName":"Teheran","hotelId":417892,"hotelName":"Parsian Esteghlal West Wing","address":"Crossroads of Dr. Chamran Experessway & Valie-Asr Avenue,Tehran,Iran","phones":"+98212266001125","fax":"+982122660031","email":"reservation@esteghlalhotel.com","url":"http://www.esteghlalhotel.com/","countryIso2":"IR","countryName":"Iran","hotelRating":"5","latitude":"35.7905","longitude":"51.4132","state_id":null,"state_name":null,"country_id":null},{"active":false,"Giataid":"426799","cityId":null,"cityName":"Teheran","hotelId":426799,"hotelName":"Tooba Boutique Hotel","address":"","phones":"","fax":"","email":"","url":"","countryIso2":"IR","countryName":"Iran","hotelRating":"1","latitude":"35.7688","longitude":"51.4195","state_id":null,"state_name":null,"country_id":null},{"active":false,"Giataid":"556261","cityId":null,"cityName":"Teheran","hotelId":556261,"hotelName":"ibis Tehran Imam Khomeini International Airport","address":"Persian Gulf Highway,Opposite Terminal 1,South Of Main Boulevard,Teheran,Iran","phones":"+982155677900","fax":"+982155677900","email":"HA0H0-GM@accor.com","url":"https://www.accorhotels.com/gb/hotel-A0H0-ibis-tehran-imam-khomeini-international-airport/index.shtml","countryIso2":"IR","countryName":"Iran","hotelRating":"4","latitude":"35.4057","longitude":"51.1557","state_id":null,"state_name":null,"country_id":null},{"active":false,"Giataid":"562036","cityId":null,"cityName":"Teheran","hotelId":562036,"hotelName":"Iran Central Tahran","address":"Tehran,near to manuchehri cross roads,Lalezarno street 419,Iran","phones":"+982133914798","fax":"+982133962813","email":"info@hotelmarkazi.com","url":"http://en.hotelmarkazi.com/","countryIso2":"IR","countryName":"Iran","hotelRating":"2","latitude":"35.6955","longitude":"51.4235","state_id":null,"state_name":null,"country_id":null},{"active":false,"Giataid":"562108","cityId":null,"cityName":"Teheran","hotelId":562108,"hotelName":"Hafez Hotel Tehran","address":"18 Bank Alley,South Ferdosi,Emam Khomeini Square,Tehran,Iran","phones":"+982166709063","fax":"","email":"hotelhafez1@gmail.com","url":"http://www.hafezhotel.net","countryIso2":"IR","countryName":"Iran","hotelRating":"2","latitude":"35.7329","longitude":"51.4067","state_id":null,"state_name":null,"country_id":null},{"active":false,"Giataid":"573542","cityId":null,"cityName":"Teheran","hotelId":573542,"hotelName":"Novotel Teheran Imam Khomeini International Airport","address":"Persian Gulf Highway,Opposite Terminal 1,South Of Main Boulevard,Teheran 13445,Iran","phones":"+982155677900","fax":"+982155677948","email":"HA0H0-GM@accor.com","url":"http://www.novotel.com/gb/hotel-A0H1-novotel-tehran-imam-khomeini-international-airport/index.shtml","countryIso2":"IR","countryName":"Iran","hotelRating":"5","latitude":"35.4059","longitude":"51.1552","state_id":null,"state_name":null,"country_id":null},{"active":false,"Giataid":"584918","cityId":null,"cityName":"Teheran","hotelId":584918,"hotelName":"Tehran Grand Hotel 1","address":"Teheran,Motahari Avenue,Valiasr Street 391,1595744613,Iran","phones":"+982181000","fax":"+982188713857","email":"info@grandhotels.ir","url":"http://tehrangrandhotel.com/midpoint.aspx?id=1","countryIso2":"IR","countryName":"Iran","hotelRating":"4","latitude":"35.7239","longitude":"51.4108","state_id":null,"state_name":null,"country_id":null},{"active":false,"Giataid":"584933","cityId":null,"cityName":"Teheran","hotelId":584933,"hotelName":"Tehran Grand Hotel 2","address":"Teheran,Karimkhan Street,Nejatollahi (vila) Street,Sepand Avenue 28,1598994313,Iran","phones":"+982189191000","fax":"","email":"info2@grandhotels.ir","url":"http://tehrangrandhotel.com/midpoint.aspx?id=2","countryIso2":"IR","countryName":"Iran","hotelRating":"1","latitude":"35.7114","longitude":"51.4147","state_id":null,"state_name":null,"country_id":null},{"active":false,"Giataid":"625005","cityId":null,"cityName":"Teheran","hotelId":625005,"hotelName":"Aramis Hotel","address":"Valiasr Street  1752,Vali Asr Square,Tehran,Iran","phones":"+982188933402","fax":"","email":"info@aramis-hotel.com","url":"http://www.aramis-hotel.com/en/","countryIso2":"IR","countryName":"Iran","hotelRating":"4","latitude":"35.7144","longitude":"51.4073","state_id":null,"state_name":null,"country_id":null},{"active":false,"Giataid":"625008","cityId":null,"cityName":"Teheran","hotelId":625008,"hotelName":"Espinas Palace Hotel","address":"Tehran,Behroud Square,Saadat Abad,33 Alley Abedi Street,Iran","phones":"+982175675000","fax":"+982175675365","email":"reservation.p@espinashotels.com","url":"http://espinashotels.com/hotels/palace/index.php","countryIso2":"IR","countryName":"Iran","hotelRating":"5","latitude":"35.7931","longitude":"51.3565","state_id":null,"state_name":null,"country_id":null},{"active":false,"Giataid":"647050","cityId":null,"cityName":"Teheran","hotelId":645245,"hotelName":"Ramtin Hotel","address":"2153 Valiasr Avenue,500 meters south of Saai Park,Teheran,Iran","phones":"+982188722786","fax":"+982188718593","email":"info@raamtinhotel.com","url":"http://raamtinhotel.com/en/","countryIso2":"IR","countryName":"Iran","hotelRating":"1","latitude":"35.7322","longitude":"51.4115","state_id":null,"state_name":null,"country_id":null},{"active":false,"Giataid":"646453","cityId":null,"cityName":"Teheran","hotelId":646453,"hotelName":"Golestan Hotel","address":"No 14 Hafez Street,Hassan Abad Square,Tehran,Iran","phones":"+982166711417","fax":"+982166725660","email":"info@gollestanhotel.com","url":"http://www.gollestanhotel.com/Site/Home.aspx","countryIso2":"IR","countryName":"Iran","hotelRating":"1","latitude":"35.6873","longitude":"51.41","state_id":null,"state_name":null,"country_id":null},{"active":false,"Giataid":"647050","cityId":null,"cityName":"Teheran","hotelId":647050,"hotelName":"Raamtin Residence Hotel","address":"Tehran,500 Meters South Of Saai Park,Valiasr Avenue 2153,Iran","phones":"+982188722786","fax":"+982188718593","email":"info@raamtinhotel.com","url":"http://raamtinhotel.com","countryIso2":"IR","countryName":"Iran","hotelRating":"1","latitude":"35.7307","longitude":"51.4121","state_id":null,"state_name":null,"country_id":null},{"active":false,"Giataid":"671423","cityId":null,"cityName":"Teheran","hotelId":671423,"hotelName":"Theran Sasan Hotel","address":"Niroo Alley,near Cinama Iran,between Malek and Taleghani,Shariati Street,Teheran,Iran","phones":"","fax":"","email":"","url":"","countryIso2":"IR","countryName":"Iran","hotelRating":"2","latitude":"35.7124","longitude":"51.4378","state_id":null,"state_name":null,"country_id":null},{"active":false,"Giataid":"678422","cityId":null,"cityName":"Teheran","hotelId":678422,"hotelName":"Hally Hotel","address":"Bimeh Alley,Betweem Somayeh & Taleghani Streets,Ostad Nejatollahi Street,Teheran,Iran","phones":"+9888808196","fax":"+9888807037","email":"info@hallyhotel.com","url":"http://hallyhotel.com/en/","countryIso2":"IR","countryName":"Iran","hotelRating":"1","latitude":"35.706","longitude":"51.4174","state_id":null,"state_name":null,"country_id":null},{"active":false,"Giataid":"685546","cityId":null,"cityName":"Teheran","hotelId":685546,"hotelName":"Farvardin Hostel","address":"654 Ferdousi Street,Imam Khomeini Square,Tehran 11369,Iran","phones":"","fax":"","email":"","url":"","countryIso2":"IR","countryName":"Iran","hotelRating":"1","latitude":"35.6881","longitude":"51.4211","state_id":null,"state_name":null,"country_id":null},{"active":false,"Giataid":"686100","cityId":null,"cityName":"Teheran","hotelId":686100,"hotelName":"Asareh Hotel","address":"Tehran,Azadi Avenue,Zare Street 1,Tehran 13136-33114,Iran","phones":"","fax":"","email":"","url":"http://www.asarehhotel.com","countryIso2":"IR","countryName":"Iran","hotelRating":"1","latitude":"35.7329","longitude":"51.4067","state_id":null,"state_name":null,"country_id":null},{"active":false,"Giataid":"806722","cityId":null,"cityName":"Teheran","hotelId":806722,"hotelName":"Bahar Hotel","address":"Enghelab Street,Ferdowsi Square,Tehran,Iran","phones":"+9877688717","fax":"+9877688435","email":"info@tehranbaharhotel.com","url":"http://www.hotelbahartehran.com","countryIso2":"IR","countryName":"Iran","hotelRating":"1","latitude":"35.7019","longitude":"51.4284","state_id":null,"state_name":null,"country_id":null},{"active":false,"Giataid":"806760","cityId":null,"cityName":"Teheran","hotelId":806760,"hotelName":"Niloo Hotel","address":"Tehran,Valiasr Ave.,before Vanak Sq,Fouzi Street,Shams-e-Lahijani 3,Iran","phones":"+982188202018","fax":"","email":"mail@hotelniloo.com","url":"http://www.hotelniloo.com/","countryIso2":"IR","countryName":"Iran","hotelRating":"1","latitude":"35.7523","longitude":"51.4098","state_id":null,"state_name":null,"country_id":null},{"active":false,"Giataid":"824267","cityId":null,"cityName":"Teheran","hotelId":824267,"hotelName":"Mina Hotel Tehran","address":"82 South Mofatteh Somayye Junction,Tehran,Iran","phones":"","fax":"","email":"","url":"","countryIso2":"IR","countryName":"Iran","hotelRating":"1","latitude":"35.7329","longitude":"51.4067","state_id":null,"state_name":null,"country_id":null},{"active":false,"Giataid":"824796","cityId":null,"cityName":"Teheran","hotelId":824796,"hotelName":"Shahryar Hotel","address":"8th West Block,New Saeedi Street 24,Tehran 11369,Iran","phones":"","fax":"","email":"","url":"","countryIso2":"IR","countryName":"Iran","hotelRating":"1","latitude":"35.7329","longitude":"51.4067","state_id":null,"state_name":null,"country_id":null},{"active":false,"Giataid":"407777","cityId":null,"cityName":"Teheran","hotelId":10084806,"hotelName":"Ferdowsi Grand Hotel","address":"20 Kooshk e Mesri street,Ferdowsi Avenue,North of Imam Khomeini square,Tehran,Iran","phones":"+982166727026","fax":"NULL","email":"NULL","url":"NULL","countryIso2":"IR","countryName":"Iran","hotelRating":"4","latitude":"35.6883","longitude":"51.4194","state_id":null,"state_name":null,"country_id":null},{"active":false,"Giataid":"424688","cityId":null,"cityName":"Teheran","hotelId":10084811,"hotelName":"Hotel Shahr","address":"NULL","phones":"NULL","fax":"NULL","email":"NULL","url":"NULL","countryIso2":"IR","countryName":"Iran","hotelRating":"3","latitude":"35.7243","longitude":"51.5229","state_id":null,"state_name":null,"country_id":null},{"active":false,"Giataid":"680824","cityId":null,"cityName":"Teheran","hotelId":10084812,"hotelName":"Taj Mahal Hotel","address":"29 South Sheikh Bahaei Avenue,Vanak Sq,Tehran,Iran","phones":"+982188035444","fax":"NULL","email":"NULL","url":"NULL","countryIso2":"IR","countryName":"Iran","hotelRating":"1","latitude":"35.7525","longitude":"51.3963","state_id":null,"state_name":null,"country_id":null},{"active":false,"Giataid":"439154","cityId":null,"cityName":"Teheran","hotelId":10141013,"hotelName":"Diamond Hotel","address":"No.6 Razz Street,,West Maryam Street,,Bidar Street,,Fereshteh Avenue (Fayaz bakhsh),,Valiasr Avenue,,Tehran,Iran","phones":"","fax":"","email":"","url":"","countryIso2":"IR","countryName":"Iran","hotelRating":"3","latitude":"35.6899","longitude":"51.3886","state_id":null,"state_name":null,"country_id":null},{"active":false,"Giataid":"380723","cityId":null,"cityName":"Teheran","hotelId":10141014,"hotelName":"Espinas Persian Gulf","address":"Tehran,Square Valiasr,Boulevard Keshavarz 126,Iran","phones":"+982183844","fax":"","email":"","url":"","countryIso2":"IR","countryName":"Iran","hotelRating":"5","latitude":"35.7097","longitude":"51.4014","state_id":null,"state_name":null,"country_id":null},{"active":false,"Giataid":"872396","cityId":null,"cityName":"Teheran","hotelId":20328613,"hotelName":"Eram Grand Hotel","address":"Haghani Expressway,Vanak Square,Opposite Keshvari Stadium,Tehran 11369,Iran","phones":"+989212480164","fax":"+982189314308","email":"","url":"","countryIso2":"IR","countryName":"Iran","hotelRating":"0","latitude":"35.7329","longitude":"51.4067","state_id":null,"state_name":null,"country_id":null},{"active":false,"Giataid":"872395","cityId":null,"cityName":"Teheran","hotelId":20328617,"hotelName":"Abtin Suites","address":"Teheran,4 Parian Pardis Street,Molla Sadra Avenue,Vanak Square,Tehran Ray Shemiranat 19919,Iran","phones":"+9821886793759","fax":"+982188679374","email":"melalhotel@gmail.com","url":"","countryIso2":"IR","countryName":"Iran","hotelRating":"0","latitude":"35.759","longitude":"51.4057","state_id":null,"state_name":null,"country_id":null},{"active":false,"Giataid":"869252","cityId":null,"cityName":"Teheran","hotelId":20328621,"hotelName":"Saina Hotel","address":"Teheran,Vali e Asr Avenue,Fathi Shaghaghi Street,Iran","phones":"+9821881000423","fax":"","email":"sainahotel@gmail.com","url":"http://www.sainahotel.com","countryIso2":"IR","countryName":"Iran","hotelRating":"3","latitude":"35.7329","longitude":"51.4067","state_id":null,"state_name":null,"country_id":null},{"active":false,"Giataid":"869262","cityId":null,"cityName":"Teheran","hotelId":20328629,"hotelName":"Marlik Hotel","address":"Teheran,Intersection South Mofatteh Street,Somayeh Street 61,Iran","phones":"+982188328001","fax":"+982188313103","email":"info@marlikhotel.ir","url":"https://en.marlikhotel.ir/","countryIso2":"IR","countryName":"Iran","hotelRating":"3","latitude":"35.7056","longitude":"51.4262","state_id":null,"state_name":null,"country_id":null},{"active":false,"Giataid":"924619","cityId":null,"cityName":"Teheran","hotelId":20328636,"hotelName":"Olympic Hotel","address":"Tehran,Azadi Stadium�s West Boulevard,Iran","phones":"+982144739300","fax":"+982144739191","email":"info@olympichotel.ir","url":"http://en.olympichotel.ir/","countryIso2":"IR","countryName":"Iran","hotelRating":"0","latitude":"35.7329","longitude":"51.4067","state_id":null,"state_name":null,"country_id":null}]