[{"active":false,"Giataid":"16285","cityId":null,"cityName":"Lethe","hotelId":16285,"hotelName":"Lethe Estate","address":"Reading Road,Lethe,Montego Bay,Jamaica","phones":"","fax":"","email":"","url":"","countryIso2":"JM","countryName":"Jamaica","hotelRating":"1","latitude":"0","longitude":"0","state_id":null,"state_name":null,"country_id":null},{"active":false,"Giataid":"20479","cityId":null,"cityName":"Robin''s Bay","hotelId":20479,"hotelName":"River Lodge","address":"Robin's Bay,St. Mary,Jamaica","phones":"","fax":"","email":"","url":"","countryIso2":"JM","countryName":"Jamaica","hotelRating":"1","latitude":"18.3201","longitude":"-76.8083","state_id":null,"state_name":null,"country_id":null},{"active":false,"Giataid":"21021","cityId":null,"cityName":"Mammee Bay","hotelId":21021,"hotelName":"Jewel Dunn's River Beach Resort & Spa, Ocho Rios,Curio Collection by Hilton","address":"P.O. Box 858,Mammee Bay,Ocho Rios,Jamaica","phones":"+18769727400","fax":"+18769721611","email":"info@sandals.com","url":"http://www.sandals.com/main/dunns/dr-home.cfm","countryIso2":"JM","countryName":"Jamaica","hotelRating":"4","latitude":"18.4301","longitude":"-77.1643","state_id":null,"state_name":null,"country_id":null},{"active":false,"Giataid":"21021","cityId":null,"cityName":"Mammee Bay","hotelId":21021,"hotelName":"Jewel Dunn's River Beach Resort & Spa, Ocho Rios,Curio Collection by Hilton","address":"P.O. Box 858,Mammee Bay,Ocho Rios,Jamaica","phones":"+18769727400","fax":"+18769721611","email":"info@sandals.com","url":"http://www.sandals.com/main/dunns/dr-home.cfm","countryIso2":"JM","countryName":"Jamaica","hotelRating":"4","latitude":"18.4301","longitude":"-77.1643","state_id":null,"state_name":null,"country_id":null},{"active":false,"Giataid":"618819","cityId":null,"cityName":"Saint Elizabeth","hotelId":618819,"hotelName":"Katamah Guest House","address":"","phones":"+18763477317337","fax":"","email":"","url":"","countryIso2":"JM","countryName":"Jamaica","hotelRating":"3","latitude":"17.8848","longitude":"-77.7658","state_id":null,"state_name":null,"country_id":null},{"active":false,"Giataid":"495467","cityId":null,"cityName":"Rose Garden, Long Bay","hotelId":10070523,"hotelName":"Hotel Jamaican Colors","address":"Ross Craig,Manchioneal Post Office,Long Bay,Portland,Jamaica","phones":"+18768935185","fax":"","email":"","url":"","countryIso2":"JM","countryName":"Jamaica","hotelRating":"3","latitude":"18.0757","longitude":"-76.2915","state_id":null,"state_name":null,"country_id":null},{"active":false,"Giataid":"466822","cityId":null,"cityName":"Blue Mountains","hotelId":10070528,"hotelName":"Star Light Chalet And Health Spa","address":"Silver Hill Gap, Blue Mountain, St. Andrew,Jamaica","phones":"+18769693070","fax":"","email":"","url":"","countryIso2":"JM","countryName":"Jamaica","hotelRating":"4","latitude":"18.0837","longitude":"-76.6835","state_id":null,"state_name":null,"country_id":null},{"active":false,"Giataid":"466519","cityId":null,"cityName":"Rose Garden, Long Bay","hotelId":10070853,"hotelName":"Pimento Lodge Resort","address":"Rose Garden,Long Bay,Portland,Jamaica","phones":"+18768825068","fax":"","email":"","url":"","countryIso2":"JM","countryName":"Jamaica","hotelRating":"3","latitude":"18.1012","longitude":"-76.3127","state_id":null,"state_name":null,"country_id":null},{"active":false,"Giataid":"548317","cityId":null,"cityName":"Tower Isle","hotelId":10073233,"hotelName":"Whispering Seas Jamaica","address":"Tower Isle,St Mary Parish,Ocho Rios,Jamaica","phones":"","fax":"","email":"","url":"","countryIso2":"JM","countryName":"Jamaica","hotelRating":"3","latitude":"18.4228","longitude":"-77.045","state_id":null,"state_name":null,"country_id":null},{"active":false,"Giataid":"292606","cityId":null,"cityName":"Robin''s Bay","hotelId":20009047,"hotelName":"Robins Bay Village And Beach Resort","address":"Saint Mary,Robins Bay,Jamaica","phones":"","fax":"","email":"","url":"","countryIso2":"JM","countryName":"Jamaica","hotelRating":"0","latitude":"18.3163","longitude":"-76.8091","state_id":null,"state_name":null,"country_id":null},{"active":false,"Giataid":"370817","cityId":null,"cityName":"Saint Elizabeth","hotelId":20023786,"hotelName":"The Cove Jamaica","address":"Treasure Beach,St Elizabeth,Jamaica","phones":"","fax":"","email":"reception@thecovejamaica.com","url":"http://www.thecovejamaica.com/contact-us.html","countryIso2":"JM","countryName":"Jamaica","hotelRating":"0","latitude":"17.9086","longitude":"-77.7986","state_id":null,"state_name":null,"country_id":null},{"active":false,"Giataid":"292339","cityId":null,"cityName":"Robin''s Bay","hotelId":20024463,"hotelName":"Strawberry Fields Together","address":"Robins Bay District,Robins Bay,Saint Mary,Jamaica","phones":"+18766550136","fax":"","email":"kim@strawberryfieldstogether.com","url":"http://www.strawberryfieldstogether.com","countryIso2":"JM","countryName":"Jamaica","hotelRating":"0","latitude":"18.3239","longitude":"-76.8074","state_id":null,"state_name":null,"country_id":null},{"active":false,"Giataid":"684577","cityId":null,"cityName":"Tower Isle","hotelId":20341136,"hotelName":"Afiba View Villa","address":"Lot 28,Tower Isle,St. Mary,Ocho Rios,Jamaica","phones":"","fax":"","email":"","url":"","countryIso2":"JM","countryName":"Jamaica","hotelRating":"0","latitude":"18.4225","longitude":"-77.0455","state_id":null,"state_name":null,"country_id":null},{"active":false,"Giataid":"692170","cityId":null,"cityName":"Tower Isle","hotelId":20341149,"hotelName":"Hunters Rest Villa","address":"Lot 5 Spring Valley,Tower Isle,Jamaica","phones":"","fax":"","email":"","url":"","countryIso2":"JM","countryName":"Jamaica","hotelRating":"0","latitude":"18.4108","longitude":"-77.0205","state_id":null,"state_name":null,"country_id":null},{"active":false,"Giataid":"736193","cityId":null,"cityName":"Tower Isle","hotelId":20341165,"hotelName":"Villa Viento","address":"Saint Mary A3,Tower Isle,Jamaica","phones":"","fax":"","email":"","url":"","countryIso2":"JM","countryName":"Jamaica","hotelRating":"3","latitude":"18.4232","longitude":"-77.0468","state_id":null,"state_name":null,"country_id":null},{"active":false,"Giataid":"877840","cityId":null,"cityName":"Tower Isle","hotelId":20341177,"hotelName":"Jamaica Ocean View Villa","address":"21 Battle Site,Tower Isle,St. Mary Parish,Jamaica","phones":"+18766266942","fax":"","email":"cavel_capalbo@jamaicaoceanviewvilla.com","url":"http://jamaicaoceanviewvilla.com","countryIso2":"JM","countryName":"Jamaica","hotelRating":"0","latitude":"18.4225","longitude":"-77.0455","state_id":null,"state_name":null,"country_id":null},{"active":false,"Giataid":"875012","cityId":null,"cityName":"Tower Isle","hotelId":20341181,"hotelName":"Seaesta Villa","address":"Yassi Avenue 18,Rio Nuevo,Tower Isle,Jamaica","phones":"","fax":"","email":"","url":"","countryIso2":"JM","countryName":"Jamaica","hotelRating":"0","latitude":"18.4225","longitude":"-77.0455","state_id":null,"state_name":null,"country_id":null},{"active":false,"Giataid":"897922","cityId":null,"cityName":"Rose Garden, Long Bay","hotelId":20341185,"hotelName":"Villa Rasta","address":"A4 Fair Prospect,Long Bay,Jamaica","phones":"","fax":"","email":"","url":"","countryIso2":"JM","countryName":"Jamaica","hotelRating":"0","latitude":"18.1012","longitude":"-76.3127","state_id":null,"state_name":null,"country_id":null},{"active":false,"Giataid":"602996","cityId":null,"cityName":"Tower Isle","hotelId":20341203,"hotelName":"Edgewater Villa","address":"Ocho Rios,Tower Isle,Jamaica","phones":"","fax":"","email":"info@edgewatervillarentals.com","url":"http://edgewatervillarentals.com/","countryIso2":"JM","countryName":"Jamaica","hotelRating":"3","latitude":"18.4223","longitude":"-77.044","state_id":null,"state_name":null,"country_id":null},{"active":false,"Giataid":"10361","cityId":null,"cityName":"Tower Isle","hotelId":20341217,"hotelName":"Chrisanns Beach Resort","address":"Tower Isle,Ocho Rios,Jamaica","phones":"","fax":"","email":"","url":"","countryIso2":"JM","countryName":"Jamaica","hotelRating":"2","latitude":"18.4223","longitude":"-77.0439","state_id":null,"state_name":null,"country_id":null},{"active":false,"Giataid":"745843","cityId":null,"cityName":"Tower Isle","hotelId":20341218,"hotelName":"Sunrise Villas Jamaica","address":"342 Spring Valley,Tower Isle,St Mary,Jamaica","phones":"","fax":"","email":"","url":"http://www.sunrisevillajamaica.com","countryIso2":"JM","countryName":"Jamaica","hotelRating":"0","latitude":"18.4225","longitude":"-77.0455","state_id":null,"state_name":null,"country_id":null},{"active":false,"Giataid":"898579","cityId":null,"cityName":"Rose Garden, Long Bay","hotelId":20341234,"hotelName":"Go Natural","address":"P.O. Portland,Long Bay,Jamaica","phones":"+18764056968","fax":"","email":"gonaturalbook@gmail.com","url":"","countryIso2":"JM","countryName":"Jamaica","hotelRating":"0","latitude":"18.1012","longitude":"-76.3127","state_id":null,"state_name":null,"country_id":null},{"active":false,"Giataid":"854927","cityId":null,"cityName":"Saint Elizabeth","hotelId":20341247,"hotelName":"Nuestra Casa Guesthouse","address":"Billys Bay District,Treasure Beach,Saint Elizabeth,Jamaica","phones":"","fax":"","email":"","url":"","countryIso2":"JM","countryName":"Jamaica","hotelRating":"0","latitude":"17.8899","longitude":"-77.7777","state_id":null,"state_name":null,"country_id":null},{"active":false,"Giataid":"707933","cityId":null,"cityName":"Tower Isle","hotelId":20341249,"hotelName":"Prospect Plantation Villas","address":"Prospect Plantation Estate,Ocho Rios,Tower Isle,Jamaica","phones":"+18769941468","fax":"","email":"rory@prospect-villas.com","url":"http://www.prospect-villas.com","countryIso2":"JM","countryName":"Jamaica","hotelRating":"0","latitude":"18.4225","longitude":"-77.0455","state_id":null,"state_name":null,"country_id":null},{"active":false,"Giataid":"823518","cityId":null,"cityName":"Trelawny Bay","hotelId":20341263,"hotelName":"Luminescence Inn at Fisherman's Dive Bar & Restaurant On the World Famous Glowing Luminous Lagoon","address":"Rock,Falmouth,Jamaica","phones":"","fax":"","email":"","url":"","countryIso2":"JM","countryName":"Jamaica","hotelRating":"0","latitude":"18.4841","longitude":"-77.543","state_id":null,"state_name":null,"country_id":null},{"active":false,"Giataid":"491242","cityId":null,"cityName":"Tower Isle","hotelId":20341283,"hotelName":"Sea Palms Resort","address":"Ocho Rios,Saint Ann,Tower Isle,Jamaica","phones":"+18769754400","fax":"","email":"","url":"http://www.seapalms-jamaica.com","countryIso2":"JM","countryName":"Jamaica","hotelRating":"0","latitude":"18.4224","longitude":"-77.0458","state_id":null,"state_name":null,"country_id":null},{"active":false,"Giataid":"909035","cityId":null,"cityName":"Saint Elizabeth","hotelId":20341296,"hotelName":"Lashings Boutique Hotel & Villas","address":"Sandy Bank District,Calabash Bay PA,Treasure Beach,Saint Elizabeth,Jamaica","phones":"","fax":"","email":"","url":"http://www.lashings.co.uk/villas.html","countryIso2":"JM","countryName":"Jamaica","hotelRating":"0","latitude":"17.9086","longitude":"-77.7659","state_id":null,"state_name":null,"country_id":null},{"active":false,"Giataid":"971926","cityId":null,"cityName":"Tower Isle","hotelId":20409669,"hotelName":"Avalon Bird Land","address":"Tower Isle Street,Tower Isle,Saint Mary,Jamaica","phones":"","fax":"","email":"","url":"","countryIso2":"JM","countryName":"Jamaica","hotelRating":"1","latitude":"18.4225","longitude":"-77.0455","state_id":null,"state_name":null,"country_id":null}]