[{"active":false,"Giataid":"9347","cityId":null,"cityName":"Kralendijk","hotelId":9347,"hotelName":"Buddy Dive Resort","address":"Kaya Gob N Debrot 85,PO Box 231,Kralendijk,Bonaire,Bonaire, Sint Eustatius und Saba","phones":"+5997175080","fax":"","email":"info@buddydive.com","url":"http://www.trivago.de/kralendijk-33798/hotel/buddy-dive-resort-30589","countryIso2":"BQ","countryName":"Bonaire, Sint Eustatius und Saba","hotelRating":"3","latitude":"12.1709","longitude":"-68.2884","state_id":null,"state_name":null,"country_id":null},{"active":false,"Giataid":"9706","cityId":null,"cityName":"Kralendijk","hotelId":9706,"hotelName":"Captain Don's Habitat","address":"Kaya Gobernador N. Debrot 103,Kralendijk,Bonaire,Dutch Caribbean,Bonaire, Sint Eustatius und Saba","phones":"+5997178290","fax":"","email":"info@habitatbonaire.com","url":"http://www.habitatbonaire.com","countryIso2":"BQ","countryName":"Bonaire, Sint Eustatius und Saba","hotelRating":"3","latitude":"12.1723","longitude":"-68.2887","state_id":null,"state_name":null,"country_id":null},{"active":false,"Giataid":"13796","cityId":null,"cityName":"Kralendijk","hotelId":13796,"hotelName":"Harbour Village Beach Club","address":"Kaya Gobernador N. Debrot No. 71,Kralendijk,Bonaire, Sint Eustatius und Saba,Dutch Caribbean,Bonaire, Sint Eustatius und Saba","phones":"+5997177500","fax":"+5997177507","email":"reservations@harbourvillage.com","url":"http://www.harbourvillage.com","countryIso2":"BQ","countryName":"Bonaire, Sint Eustatius und Saba","hotelRating":"4","latitude":"12.1648","longitude":"-68.2858","state_id":null,"state_name":null,"country_id":null},{"active":false,"Giataid":"9347","cityId":null,"cityName":"Kralendijk","hotelId":16385,"hotelName":"Lions Dive Bonaire","address":"Kaya Gob N Debrot 85,PO Box 231,Kralendijk,Bonaire,Bonaire, Sint Eustatius und Saba","phones":"","fax":"","email":"","url":"","countryIso2":"BQ","countryName":"Bonaire, Sint Eustatius und Saba","hotelRating":"4","latitude":"12.1561","longitude":"-68.2826","state_id":null,"state_name":null,"country_id":null},{"active":false,"Giataid":"19204","cityId":null,"cityName":"Kralendijk","hotelId":19204,"hotelName":"Plaza Resort Bonaire","address":"J.A. Abrahamboulevard 80,Kralendijk,Bonaire, Sint Eustatius und Saba","phones":"+5997172500","fax":"+5997177133","email":"reservations@plazaresortbonaire.com","url":"http://www.plazaresortbonaire.com","countryIso2":"BQ","countryName":"Bonaire, Sint Eustatius und Saba","hotelRating":"4","latitude":"12.1382","longitude":"-68.2755","state_id":null,"state_name":null,"country_id":null},{"active":false,"Giataid":"22784","cityId":null,"cityName":"Belnem","hotelId":22784,"hotelName":"The Great Escape","address":"E.E.G. Boulevard 97,Belnem,Bonaire,Bonaire, Sint Eustatius und Saba","phones":"","fax":"","email":"","url":"","countryIso2":"BQ","countryName":"Bonaire, Sint Eustatius und Saba","hotelRating":"3","latitude":"12.1205","longitude":"-68.2897","state_id":null,"state_name":null,"country_id":null},{"active":false,"Giataid":"32009","cityId":null,"cityName":"Bonaire","hotelId":32009,"hotelName":"Hamlet Oasis Resort - Studios & Apartments","address":"Kaya Gob. N. Debrot 123,P.O. Box 219,Bonaire,Dutch Caribbean,Bonaire, Sint Eustatius und Saba","phones":"+5997173988","fax":"+5997174544","email":"info@hamletoasisbonaire.com","url":"http://www.hamletbonaire.com","countryIso2":"BQ","countryName":"Bonaire, Sint Eustatius und Saba","hotelRating":"3","latitude":"12.1739","longitude":"-68.2889","state_id":null,"state_name":null,"country_id":null},{"active":false,"Giataid":"38740","cityId":null,"cityName":"Windwardside","hotelId":38740,"hotelName":"Scout's Place","address":"Fort Street 9,Saba Island,Windwardside,Bonaire,St. Eustatius und Saba,Bonaire, Sint Eustatius und Saba","phones":"+5994162740","fax":"+17214162741","email":"info@scoutsplace.com","url":"http://www.sabadivers.com","countryIso2":"BQ","countryName":"Bonaire, Sint Eustatius und Saba","hotelRating":"2","latitude":"17.6278","longitude":"-63.2311","state_id":null,"state_name":null,"country_id":null},{"active":false,"Giataid":"139935","cityId":52296,"cityName":"Saba","hotelId":139935,"hotelName":"Tauchbasis - Saba Divers","address":"","phones":"","fax":"","email":"","url":"","countryIso2":"BQ","countryName":"Bonaire, Sint Eustatius und Saba","hotelRating":"1","latitude":"0","longitude":"0","state_id":2671,"state_name":"North Bank Division","country_id":80},{"active":false,"Giataid":"141626","cityId":null,"cityName":"Kralendijk","hotelId":141626,"hotelName":"Eden Beach Resort","address":"Bulevar Gobernador Nicolaas Debrot 73,Bonaire,Kralendijk,Dutch Caribbean,Bonaire, Sint Eustatius und Saba","phones":"+5997176720","fax":"+5997176710","email":"","url":"http://www.edenbeach.com/","countryIso2":"BQ","countryName":"Bonaire, Sint Eustatius und Saba","hotelRating":"3","latitude":"12.1647","longitude":"-68.2865","state_id":null,"state_name":null,"country_id":null},{"active":false,"Giataid":"141627","cityId":null,"cityName":"Kralendijk","hotelId":141627,"hotelName":"Den Laman","address":"Kaya Gobernador N. Debrot 77,Bonaire,Bonaire, Sint Eustatius und Saba","phones":"+5997171700","fax":"","email":"info@denlaman.com","url":"http://www.denlaman.com/","countryIso2":"BQ","countryName":"Bonaire, Sint Eustatius und Saba","hotelRating":"4","latitude":"12.1677","longitude":"-68.287","state_id":null,"state_name":null,"country_id":null},{"active":false,"Giataid":"141629","cityId":null,"cityName":"Kralendijk","hotelId":141629,"hotelName":"Sand Dollar Condominiums Bonaire","address":"P. O. Box 262,Kaya Gobernador N. Debrot 79,Kralendijk,Bonaire Island,Dutch Caribbean,Bonaire, Sint Eustatius und Saba","phones":"+5997178738","fax":"+5997178760","email":"info@sanddollarbonaire.com","url":"http://www.divesanddollar.com/","countryIso2":"BQ","countryName":"Bonaire, Sint Eustatius und Saba","hotelRating":"2","latitude":"12.1688","longitude":"-68.2871","state_id":null,"state_name":null,"country_id":null},{"active":false,"Giataid":"141635","cityId":null,"cityName":"Windwardside","hotelId":141635,"hotelName":"El Momo Cottages","address":"PO Box 542,Booby Hill,Windward Side,Saba Island,Dutch Caribbean,Bonaire, Sint Eustatius und Saba","phones":"+5994162265","fax":"+5994162265","email":"elmomo.cottages@gmail.com","url":"http://www.elmomocottages.com","countryIso2":"BQ","countryName":"Bonaire, Sint Eustatius und Saba","hotelRating":"2","latitude":"17.6255","longitude":"-63.2271","state_id":null,"state_name":null,"country_id":null},{"active":false,"Giataid":"141636","cityId":null,"cityName":"Windwardside","hotelId":141636,"hotelName":"Flamboyant Cottage","address":"Winwardside,Saba,Bonaire, Sint Eustatius und Saba","phones":"","fax":"","email":"flamboyantcottage@gmail.com","url":"http://flamboyantcottage.com","countryIso2":"BQ","countryName":"Bonaire, Sint Eustatius und Saba","hotelRating":"1","latitude":"17.6281","longitude":"-63.2318","state_id":null,"state_name":null,"country_id":null},{"active":false,"Giataid":"141637","cityId":null,"cityName":"The Bottom","hotelId":141637,"hotelName":"Queen�s Gardens Resort & Spa","address":"Troy Hill Drive 1,The Bottom,Saba Island,Dutch Caribbean,Bonaire, Sint Eustatius und Saba","phones":"+315994163494","fax":"","email":"","url":"","countryIso2":"BQ","countryName":"Bonaire, Sint Eustatius und Saba","hotelRating":"5","latitude":"17.6303","longitude":"-63.2468","state_id":null,"state_name":null,"country_id":null},{"active":false,"Giataid":"141638","cityId":null,"cityName":"Windwardside","hotelId":141638,"hotelName":"Iris House","address":"Winwardside,Saba,Bonaire, Sint Eustatius und Saba","phones":"","fax":"","email":"info@irishousesaba.com","url":"http://www.irishousesaba.com","countryIso2":"BQ","countryName":"Bonaire, Sint Eustatius und Saba","hotelRating":"1","latitude":"17.6279","longitude":"-63.2312","state_id":null,"state_name":null,"country_id":null},{"active":false,"Giataid":"144990","cityId":null,"cityName":"Bonaire","hotelId":144990,"hotelName":"Happy Holiday Homes","address":"Punt Vierkant 9,Belnem,Bonaire,Bonaire, Sint Eustatius und Saba","phones":"+5997178405","fax":"+5997178605","email":"info@happyholidayshomes.com","url":"http://www.happyholidayhomes.com","countryIso2":"BQ","countryName":"Bonaire, Sint Eustatius und Saba","hotelRating":"3","latitude":"12.1184","longitude":"-68.2923","state_id":null,"state_name":null,"country_id":null},{"active":false,"Giataid":"212527","cityId":null,"cityName":"Bonaire","hotelId":212527,"hotelName":"La Pura Vista","address":"Kaya Turkesa 7,Bonaire,Bonaire, Sint Eustatius und Saba","phones":"+5997018500","fax":"","email":"","url":"","countryIso2":"BQ","countryName":"Bonaire, Sint Eustatius und Saba","hotelRating":"4","latitude":"12.1912","longitude":"-68.2804","state_id":null,"state_name":null,"country_id":null},{"active":false,"Giataid":"232825","cityId":null,"cityName":"Bonaire","hotelId":232825,"hotelName":"Sorobon Beach Resort","address":"Sorobon 10,Postbus 14,Kralendijk,Bonaire,Bonaire, Sint Eustatius und Saba","phones":"+5997178080","fax":"+5997176080","email":"info@sorobonbeachresort.com","url":"http://www.sorobonbeachresort.com","countryIso2":"BQ","countryName":"Bonaire, Sint Eustatius und Saba","hotelRating":"3","latitude":"12.0918","longitude":"-68.2364","state_id":null,"state_name":null,"country_id":null},{"active":false,"Giataid":"239319","cityId":null,"cityName":"Kralendijk","hotelId":239319,"hotelName":"Central Bonaire","address":"Kaya L.D. Gerharts 20,Kralendijk,Bonaire,Bonaire, Sint Eustatius und Saba","phones":"+315997171200","fax":"+315997171201","email":"info@centralhotelbonaire.com","url":"http://www.centralhotelbonaire.com","countryIso2":"BQ","countryName":"Bonaire, Sint Eustatius und Saba","hotelRating":"3","latitude":"12.1523","longitude":"-68.2758","state_id":null,"state_name":null,"country_id":null},{"active":false,"Giataid":"243758","cityId":null,"cityName":"Kralendijk","hotelId":243758,"hotelName":"Bonaire Seaside Apartments","address":"Boulevard Gobernador Nicolaas Debrot 41,Kralendijk,Bonaire,Bonaire, Sint Eustatius und Saba","phones":"+5997178500","fax":"","email":"info@bonaireseaside.com","url":"http://www.bonaireseasideapartments.com","countryIso2":"BQ","countryName":"Bonaire, Sint Eustatius und Saba","hotelRating":"4","latitude":"12.16","longitude":"-68.2811","state_id":null,"state_name":null,"country_id":null},{"active":false,"Giataid":"292462","cityId":null,"cityName":"Kralendijk","hotelId":292462,"hotelName":"Yachtclub Apartments","address":"Kaya Gob. N. Debrot# 54,Kralendijk,Bonaire,Bonaire, Sint Eustatius und Saba","phones":"+5997011441","fax":"","email":"","url":"","countryIso2":"BQ","countryName":"Bonaire, Sint Eustatius und Saba","hotelRating":"3","latitude":"12.1629","longitude":"-68.2833","state_id":null,"state_name":null,"country_id":null},{"active":false,"Giataid":"368003","cityId":null,"cityName":"Kralendijk","hotelId":368003,"hotelName":"The Lodge Bonaire","address":"Kaya Inglantera 12,Kralendijk,Bonaire,Bonaire, Sint Eustatius und Saba","phones":"","fax":"","email":"","url":"","countryIso2":"BQ","countryName":"Bonaire, Sint Eustatius und Saba","hotelRating":"3","latitude":"12.1433","longitude":"-68.2745","state_id":null,"state_name":null,"country_id":null},{"active":false,"Giataid":"412290","cityId":null,"cityName":"Kralendijk","hotelId":412290,"hotelName":"Coral Paradise Resort","address":"Kaya Gobernador N. Debrot 107","phones":"+5997801234","fax":"","email":"","url":"","countryIso2":"BQ","countryName":"Bonaire, Sint Eustatius und Saba","hotelRating":"3","latitude":"12.1733","longitude":"-68.2883","state_id":null,"state_name":null,"country_id":null},{"active":false,"Giataid":"412291","cityId":null,"cityName":"Bonaire","hotelId":412291,"hotelName":"Surf Hostel Bonaire","address":"","phones":"","fax":"","email":"","url":"","countryIso2":"BQ","countryName":"Bonaire, Sint Eustatius und Saba","hotelRating":"1","latitude":"12.1294","longitude":"-68.2313","state_id":null,"state_name":null,"country_id":null},{"active":false,"Giataid":"412292","cityId":null,"cityName":"Kralendijk","hotelId":412292,"hotelName":"Waterlands Village","address":"","phones":"","fax":"","email":"","url":"","countryIso2":"BQ","countryName":"Bonaire, Sint Eustatius und Saba","hotelRating":"3","latitude":"12.1354","longitude":"-68.2733","state_id":null,"state_name":null,"country_id":null},{"active":false,"Giataid":"412294","cityId":null,"cityName":"Kralendijk","hotelId":412294,"hotelName":"Blachi Koko Apartments Bonaire","address":"","phones":"","fax":"","email":"","url":"","countryIso2":"BQ","countryName":"Bonaire, Sint Eustatius und Saba","hotelRating":"1","latitude":"12.1413","longitude":"-68.2753","state_id":null,"state_name":null,"country_id":null},{"active":false,"Giataid":"412296","cityId":null,"cityName":"Bonaire","hotelId":412296,"hotelName":"Crown Villa","address":"","phones":"","fax":"","email":"","url":"","countryIso2":"BQ","countryName":"Bonaire, Sint Eustatius und Saba","hotelRating":"1","latitude":"12.1544","longitude":"-68.2736","state_id":null,"state_name":null,"country_id":null},{"active":false,"Giataid":"412297","cityId":null,"cityName":"Bonaire","hotelId":412297,"hotelName":"Crown Terrace Villa","address":"","phones":"","fax":"","email":"","url":"","countryIso2":"BQ","countryName":"Bonaire, Sint Eustatius und Saba","hotelRating":"4","latitude":"12.1974","longitude":"-68.2944","state_id":null,"state_name":null,"country_id":null},{"active":false,"Giataid":"412298","cityId":null,"cityName":"Bonaire","hotelId":412298,"hotelName":"Casa di Bon Bientu","address":"","phones":"","fax":"","email":"","url":"","countryIso2":"BQ","countryName":"Bonaire, Sint Eustatius und Saba","hotelRating":"1","latitude":"12.1914","longitude":"-68.2796","state_id":null,"state_name":null,"country_id":null},{"active":false,"Giataid":"412299","cityId":null,"cityName":"Bonaire","hotelId":412299,"hotelName":"Villa Makoshi Lower Level","address":"","phones":"","fax":"","email":"","url":"","countryIso2":"BQ","countryName":"Bonaire, Sint Eustatius und Saba","hotelRating":"1","latitude":"12.1695","longitude":"-68.2854","state_id":null,"state_name":null,"country_id":null},{"active":false,"Giataid":"412300","cityId":null,"cityName":"Kralendijk","hotelId":412300,"hotelName":"La Vita e Bella","address":"","phones":"","fax":"","email":"","url":"","countryIso2":"BQ","countryName":"Bonaire, Sint Eustatius und Saba","hotelRating":"1","latitude":"12.1561","longitude":"-68.2826","state_id":null,"state_name":null,"country_id":null},{"active":false,"Giataid":"412302","cityId":null,"cityName":"Kralendijk","hotelId":412302,"hotelName":"Villa Alcyone","address":"","phones":"","fax":"","email":"","url":"","countryIso2":"BQ","countryName":"Bonaire, Sint Eustatius und Saba","hotelRating":"1","latitude":"12.1561","longitude":"-68.2826","state_id":null,"state_name":null,"country_id":null},{"active":false,"Giataid":"412931","cityId":null,"cityName":"Belnem","hotelId":412931,"hotelName":"Belair Bonaire","address":"","phones":"","fax":"","email":"","url":"","countryIso2":"BQ","countryName":"Bonaire, Sint Eustatius und Saba","hotelRating":"1","latitude":"12.1205","longitude":"-68.2897","state_id":null,"state_name":null,"country_id":null},{"active":false,"Giataid":"412934","cityId":null,"cityName":"Kralendijk","hotelId":412934,"hotelName":"Bonaire Exclusive Bungalows","address":"Kaya Carlos C. Nicolaas,Bungalowpark Bonaire Exclusief,Kralendijk,Bonaire,Bonaire, Sint Eustatius und Saba","phones":"","fax":"","email":"","url":"","countryIso2":"BQ","countryName":"Bonaire, Sint Eustatius und Saba","hotelRating":"1","latitude":"12.1561","longitude":"-68.2826","state_id":null,"state_name":null,"country_id":null},{"active":false,"Giataid":"412937","cityId":null,"cityName":"Kralendijk","hotelId":412937,"hotelName":"Sunset Villa Bonaire","address":"","phones":"","fax":"","email":"","url":"","countryIso2":"BQ","countryName":"Bonaire, Sint Eustatius und Saba","hotelRating":"1","latitude":"12.1561","longitude":"-68.2826","state_id":null,"state_name":null,"country_id":null},{"active":false,"Giataid":"412938","cityId":null,"cityName":"Kralendijk","hotelId":412938,"hotelName":"Bonaire Village Villas","address":"","phones":"","fax":"","email":"","url":"","countryIso2":"BQ","countryName":"Bonaire, Sint Eustatius und Saba","hotelRating":"1","latitude":"12.1561","longitude":"-68.2826","state_id":null,"state_name":null,"country_id":null},{"active":false,"Giataid":"412939","cityId":null,"cityName":"Kralendijk","hotelId":412939,"hotelName":"Bridanda Apartments Bonaire","address":"","phones":"","fax":"","email":"","url":"","countryIso2":"BQ","countryName":"Bonaire, Sint Eustatius und Saba","hotelRating":"1","latitude":"12.1561","longitude":"-68.2826","state_id":null,"state_name":null,"country_id":null},{"active":false,"Giataid":"417717","cityId":null,"cityName":"Belnem","hotelId":417717,"hotelName":"Kas Blau","address":"","phones":"","fax":"","email":"","url":"","countryIso2":"BQ","countryName":"Bonaire, Sint Eustatius und Saba","hotelRating":"1","latitude":"12.1205","longitude":"-68.2897","state_id":null,"state_name":null,"country_id":null},{"active":false,"Giataid":"417718","cityId":null,"cityName":"Belnem","hotelId":417718,"hotelName":"Sabal Palm Villas","address":"NULL","phones":"+31611317595","fax":"+31847168634","email":"info@sabalpalm.nl","url":"http://www.sabalpalm.nl/","countryIso2":"BQ","countryName":"Bonaire, Sint Eustatius und Saba","hotelRating":"1","latitude":"12.1144","longitude":"-68.2931","state_id":null,"state_name":null,"country_id":null},{"active":false,"Giataid":"417719","cityId":null,"cityName":"Kralendijk","hotelId":417719,"hotelName":"Casa Calexico","address":"","phones":"","fax":"","email":"","url":"","countryIso2":"BQ","countryName":"Bonaire, Sint Eustatius und Saba","hotelRating":"1","latitude":"12.1414","longitude":"-68.2736","state_id":null,"state_name":null,"country_id":null},{"active":false,"Giataid":"417720","cityId":null,"cityName":"Kralendijk","hotelId":417720,"hotelName":"Goood Resort Bonaire","address":"","phones":"","fax":"","email":"","url":"","countryIso2":"BQ","countryName":"Bonaire, Sint Eustatius und Saba","hotelRating":"1","latitude":"12.1561","longitude":"-68.2826","state_id":null,"state_name":null,"country_id":null},{"active":false,"Giataid":"417722","cityId":null,"cityName":"Windwardside","hotelId":417722,"hotelName":"Rainforest Ecolodge Rendez-Vous Saba","address":"Windwardside,Saba,Bonaire, Sint Eustatius und Saba","phones":"+5994167428","fax":"","email":"info@ecolodge-saba.com","url":"http://www.ecolodge-saba.com/","countryIso2":"BQ","countryName":"Bonaire, Sint Eustatius und Saba","hotelRating":"1","latitude":"17.6296","longitude":"-63.2315","state_id":null,"state_name":null,"country_id":null},{"active":false,"Giataid":"417723","cityId":null,"cityName":"Kralendijk","hotelId":417723,"hotelName":"Auriga Econolodge Bonaire","address":"","phones":"","fax":"","email":"","url":"","countryIso2":"BQ","countryName":"Bonaire, Sint Eustatius und Saba","hotelRating":"1","latitude":"12.1548","longitude":"-68.2236","state_id":null,"state_name":null,"country_id":null},{"active":false,"Giataid":"417724","cityId":null,"cityName":"Kralendijk","hotelId":417724,"hotelName":"Villa Carina Bonaire","address":"","phones":"","fax":"","email":"","url":"","countryIso2":"BQ","countryName":"Bonaire, Sint Eustatius und Saba","hotelRating":"1","latitude":"12.1561","longitude":"-68.2826","state_id":null,"state_name":null,"country_id":null},{"active":false,"Giataid":"417728","cityId":null,"cityName":"Kralendijk","hotelId":417728,"hotelName":"Perla Boneriano","address":"","phones":"","fax":"","email":"","url":"","countryIso2":"BQ","countryName":"Bonaire, Sint Eustatius und Saba","hotelRating":"1","latitude":"12.1699","longitude":"-68.2861","state_id":null,"state_name":null,"country_id":null},{"active":false,"Giataid":"417728","cityId":null,"cityName":"Kralendijk","hotelId":417730,"hotelName":"Perla Boneriano - Villa Kokolishi","address":"","phones":"","fax":"","email":"","url":"","countryIso2":"BQ","countryName":"Bonaire, Sint Eustatius und Saba","hotelRating":"1","latitude":"12.1561","longitude":"-68.2826","state_id":null,"state_name":null,"country_id":null},{"active":false,"Giataid":"417728","cityId":null,"cityName":"Kralendijk","hotelId":417731,"hotelName":"Perla Boneriano - Villa Bartol","address":"","phones":"","fax":"","email":"","url":"","countryIso2":"BQ","countryName":"Bonaire, Sint Eustatius und Saba","hotelRating":"1","latitude":"12.1561","longitude":"-68.2826","state_id":null,"state_name":null,"country_id":null},{"active":false,"Giataid":"417732","cityId":null,"cityName":"Windwardside","hotelId":417732,"hotelName":"Villa Fairview","address":"Winwardside,Saba,Bonaire, Sint Eustatius und Saba","phones":"","fax":"","email":"hans@kooihuis.nl","url":"http://www.villasaba.nl","countryIso2":"BQ","countryName":"Bonaire, Sint Eustatius und Saba","hotelRating":"1","latitude":"17.6316","longitude":"-63.229","state_id":null,"state_name":null,"country_id":null},{"active":false,"Giataid":"417736","cityId":null,"cityName":"Kralendijk","hotelId":417736,"hotelName":"Villa Kas Mous Bonaire","address":"","phones":"","fax":"","email":"","url":"","countryIso2":"BQ","countryName":"Bonaire, Sint Eustatius und Saba","hotelRating":"1","latitude":"12.1561","longitude":"-68.2826","state_id":null,"state_name":null,"country_id":null},{"active":false,"Giataid":"417748","cityId":null,"cityName":"Windwardside","hotelId":417748,"hotelName":"The Cottage Club Hotel","address":"","phones":"","fax":"","email":"","url":"","countryIso2":"BQ","countryName":"Bonaire, Sint Eustatius und Saba","hotelRating":"1","latitude":"17.6296","longitude":"-63.2311","state_id":null,"state_name":null,"country_id":null},{"active":false,"Giataid":"417745","cityId":null,"cityName":"Kralendijk","hotelId":417745,"hotelName":"Renaissance at the Sea","address":"","phones":"","fax":"","email":"","url":"","countryIso2":"BQ","countryName":"Bonaire, Sint Eustatius und Saba","hotelRating":"1","latitude":"12.1561","longitude":"-68.2826","state_id":null,"state_name":null,"country_id":null},{"active":false,"Giataid":"443730","cityId":null,"cityName":"Kralendijk","hotelId":443730,"hotelName":"Divers Paradise Bonaire","address":"","phones":"","fax":"","email":"","url":"","countryIso2":"BQ","countryName":"Bonaire, Sint Eustatius und Saba","hotelRating":"1","latitude":"12.1789","longitude":"-68.2923","state_id":null,"state_name":null,"country_id":null},{"active":false,"Giataid":"499721","cityId":null,"cityName":"Kralendijk","hotelId":499721,"hotelName":"Lagoon Villas","address":"","phones":"","fax":"","email":"","url":"","countryIso2":"BQ","countryName":"Bonaire, Sint Eustatius und Saba","hotelRating":"1","latitude":"12.1561","longitude":"-68.2826","state_id":null,"state_name":null,"country_id":null},{"active":false,"Giataid":"504993","cityId":null,"cityName":"Kralendijk","hotelId":504993,"hotelName":"Villa Finlandia","address":"","phones":"","fax":"","email":"","url":"","countryIso2":"BQ","countryName":"Bonaire, Sint Eustatius und Saba","hotelRating":"1","latitude":"12.1414","longitude":"-68.2736","state_id":null,"state_name":null,"country_id":null},{"active":false,"Giataid":"505290","cityId":null,"cityName":"Kralendijk","hotelId":505290,"hotelName":"Bellevue Apartments","address":"","phones":"","fax":"","email":"","url":"","countryIso2":"BQ","countryName":"Bonaire, Sint Eustatius und Saba","hotelRating":"1","latitude":"12.1561","longitude":"-68.2826","state_id":null,"state_name":null,"country_id":null},{"active":false,"Giataid":"505381","cityId":null,"cityName":"Kralendijk","hotelId":505381,"hotelName":"Punt Vierkant","address":"","phones":"","fax":"","email":"","url":"","countryIso2":"BQ","countryName":"Bonaire, Sint Eustatius und Saba","hotelRating":"1","latitude":"12.1561","longitude":"-68.2826","state_id":null,"state_name":null,"country_id":null},{"active":false,"Giataid":"505683","cityId":null,"cityName":"Kralendijk","hotelId":505683,"hotelName":"Belnem Villas","address":"","phones":"","fax":"","email":"","url":"","countryIso2":"BQ","countryName":"Bonaire, Sint Eustatius und Saba","hotelRating":"1","latitude":"12.1561","longitude":"-68.2826","state_id":null,"state_name":null,"country_id":null},{"active":false,"Giataid":"514302","cityId":null,"cityName":"Kralendijk","hotelId":514302,"hotelName":"Boulevard Apartments","address":"","phones":"","fax":"","email":"","url":"","countryIso2":"BQ","countryName":"Bonaire, Sint Eustatius und Saba","hotelRating":"3","latitude":"12.1561","longitude":"-68.2826","state_id":null,"state_name":null,"country_id":null},{"active":false,"Giataid":"528248","cityId":null,"cityName":"Kralendijk","hotelId":528248,"hotelName":"Sabadeco","address":"Kralendijk,Bonaire,Bonaire, Sint Eustatius und Saba","phones":"","fax":"","email":"","url":"","countryIso2":"BQ","countryName":"Bonaire, Sint Eustatius und Saba","hotelRating":"1","latitude":"12.1561","longitude":"-68.2826","state_id":null,"state_name":null,"country_id":null},{"active":false,"Giataid":"529846","cityId":null,"cityName":"Windwardside","hotelId":529846,"hotelName":"Selera Dunia Boutique Hotel","address":"Mount Scenery,Windward Side,Saba Island,Netherlands Antilles,Bonaire, Sint Eustatius und Saba","phones":"+5994165443","fax":"","email":"seleradunia@live.com","url":"http://www.seleradunia-saba.com","countryIso2":"BQ","countryName":"Bonaire, Sint Eustatius und Saba","hotelRating":"3","latitude":"17.6285","longitude":"-63.2311","state_id":null,"state_name":null,"country_id":null},{"active":false,"Giataid":"550634","cityId":null,"cityName":"Kralendijk","hotelId":550634,"hotelName":"All Seasons Apartments","address":"Kaya Inglaterra 5,Kralendijk,Bonaire, Sint Eustatius und Saba","phones":"+5997171100","fax":"","email":"info@allseasonsbonaire.com","url":"http://www.allseasonsapartments.nl/?lang=en","countryIso2":"BQ","countryName":"Bonaire, Sint Eustatius und Saba","hotelRating":"3","latitude":"12.1436","longitude":"-68.2743","state_id":null,"state_name":null,"country_id":null},{"active":false,"Giataid":"580465","cityId":null,"cityName":"Kralendijk","hotelId":580465,"hotelName":"Piet Boon Bonaire Villas","address":"NULL","phones":"+5997016424","fax":"","email":"","url":"http://www.pietboonbonaire.com/","countryIso2":"BQ","countryName":"Bonaire, Sint Eustatius und Saba","hotelRating":"1","latitude":"12.1382","longitude":"-68.2752","state_id":null,"state_name":null,"country_id":null},{"active":false,"Giataid":"654749","cityId":null,"cityName":"Kralendijk","hotelId":654749,"hotelName":"Delfins Beach Resort","address":"44 Punt Vierkant,Belnem,Kralendijk 123454,Bonaire, Sint Eustatius und Saba","phones":"+5997155000","fax":"","email":"","url":"","countryIso2":"BQ","countryName":"Bonaire, Sint Eustatius und Saba","hotelRating":"4","latitude":"12.1561","longitude":"-68.2826","state_id":null,"state_name":null,"country_id":null},{"active":false,"Giataid":"726464","cityId":null,"cityName":"Kralendijk","hotelId":726464,"hotelName":"Holidayhouse Bonaire","address":"Sur Salinja 18,Kralendijk,Bonaire, Sint Eustatius und Saba","phones":"","fax":"","email":"info@holidayhousebonaire.com","url":"http://www.holidayhousebonaire.com/en","countryIso2":"BQ","countryName":"Bonaire, Sint Eustatius und Saba","hotelRating":"1","latitude":"12.1561","longitude":"-68.2826","state_id":null,"state_name":null,"country_id":null},{"active":false,"Giataid":"726497","cityId":null,"cityName":"Kralendijk","hotelId":726497,"hotelName":"El Encanto Boutique Hotel","address":"97 EEG Boulevard,Belnem,Kralendijk,Bonaire,Bonaire, Sint Eustatius und Saba","phones":"+5997825600","fax":"","email":"info@elencantobonaire.com","url":"http://www.elencantobonaire.com","countryIso2":"BQ","countryName":"Bonaire, Sint Eustatius und Saba","hotelRating":"1","latitude":"12.1561","longitude":"-68.2826","state_id":null,"state_name":null,"country_id":null},{"active":false,"Giataid":"726853","cityId":null,"cityName":"Kralendijk","hotelId":726853,"hotelName":"Resort Bonaire","address":"Kaya Saturnus,Kralendijk,Bonaire, Sint Eustatius und Saba","phones":"+5997171776","fax":"","email":"info@resortbonaire.nu","url":"http://www.resortbonaire.nu","countryIso2":"BQ","countryName":"Bonaire, Sint Eustatius und Saba","hotelRating":"3","latitude":"12.1226","longitude":"-68.2881","state_id":null,"state_name":null,"country_id":null},{"active":false,"Giataid":"727153","cityId":null,"cityName":"Kralendijk","hotelId":727153,"hotelName":"Starship Villas","address":"Kaya Rotterdam,Kralendijk,Bonaire, Sint Eustatius und Saba","phones":"","fax":"","email":"","url":"","countryIso2":"BQ","countryName":"Bonaire, Sint Eustatius und Saba","hotelRating":"1","latitude":"12.1561","longitude":"-68.2826","state_id":null,"state_name":null,"country_id":null},{"active":false,"Giataid":"729237","cityId":null,"cityName":"Kralendijk","hotelId":729237,"hotelName":"Balot's Place","address":"Kaminda Gurubu 18,Finca Verde 9,Kralendijk,Bonaire,Bonaire, Sint Eustatius und Saba","phones":"","fax":"","email":"","url":"http://www.balotsplace.com","countryIso2":"BQ","countryName":"Bonaire, Sint Eustatius und Saba","hotelRating":"1","latitude":"12.1561","longitude":"-68.2826","state_id":null,"state_name":null,"country_id":null},{"active":false,"Giataid":"735162","cityId":null,"cityName":"Kralendijk","hotelId":735162,"hotelName":"One Ocean Boutique Apartments Bonaire","address":"159 Kaya Gob. N. Debrot,Kralendijk,Bonaire, Sint Eustatius und Saba","phones":"+5997776113","fax":"","email":"contactus@oneoceanbonaire.com","url":"https://oneoceanbonaire.com/","countryIso2":"BQ","countryName":"Bonaire, Sint Eustatius und Saba","hotelRating":"1","latitude":"12.1561","longitude":"-68.2826","state_id":null,"state_name":null,"country_id":null},{"active":false,"Giataid":"739787","cityId":null,"cityName":"Kralendijk","hotelId":739787,"hotelName":"Water Villas Bonaire","address":"Kaya International,Kralendijk,Bonaire, Sint Eustatius und Saba","phones":"+5997176560","fax":"","email":"info@sunbeltbonaire.com","url":"http://www.watervillasbonaire.com","countryIso2":"BQ","countryName":"Bonaire, Sint Eustatius und Saba","hotelRating":"3","latitude":"12.1561","longitude":"-68.2826","state_id":null,"state_name":null,"country_id":null},{"active":false,"Giataid":"741851","cityId":null,"cityName":"Kralendijk","hotelId":741851,"hotelName":"Dormio Bonaire Village","address":"Kaya Sirena A3,Kralendijk,Bonaire,Bonaire, Sint Eustatius und Saba","phones":"+5997801608","fax":"","email":"booking@dormioholidays.nl","url":"http://www.dormio.uk/holidays/resorts/dormio-resort-bonaire-village/resort","countryIso2":"BQ","countryName":"Bonaire, Sint Eustatius und Saba","hotelRating":"1","latitude":"12.1561","longitude":"-68.2826","state_id":null,"state_name":null,"country_id":null},{"active":false,"Giataid":"747156","cityId":null,"cityName":"Kralendijk","hotelId":747156,"hotelName":"Ocean View Villas","address":"Kaya IR Randolph Statius Van Eps 6,Belnem,Kralendijk,Bonaire, Sint Eustatius und Saba","phones":"","fax":"","email":"","url":"http://www.oceanviewvillas.com","countryIso2":"BQ","countryName":"Bonaire, Sint Eustatius und Saba","hotelRating":"1","latitude":"12.1332","longitude":"-68.2765","state_id":null,"state_name":null,"country_id":null},{"active":false,"Giataid":"756462","cityId":null,"cityName":"Kralendijk","hotelId":756462,"hotelName":"You & Sea Bonaire Apartments","address":"Kaya International 120,Kralendijk,Bonaire, Sint Eustatius und Saba","phones":"","fax":"","email":"youandseabonaire@gmail.com","url":"https://www.youandseabonaire.com/","countryIso2":"BQ","countryName":"Bonaire, Sint Eustatius und Saba","hotelRating":"1","latitude":"12.1561","longitude":"-68.2826","state_id":null,"state_name":null,"country_id":null},{"active":false,"Giataid":"759456","cityId":null,"cityName":"Kralendijk","hotelId":759456,"hotelName":"The Bonairian Hotel Restaurant Lounge","address":"2 EEG Boulevard,Kralendijk,Bonaire,Caribisch Nederland,Bonaire, Sint Eustatius und Saba","phones":"+5997177333","fax":"","email":"info@thebonairian.com","url":"http://www.thebonairian.com","countryIso2":"BQ","countryName":"Bonaire, Sint Eustatius und Saba","hotelRating":"1","latitude":"12.1561","longitude":"-68.2826","state_id":null,"state_name":null,"country_id":null},{"active":false,"Giataid":"768274","cityId":null,"cityName":"Kralendijk","hotelId":768274,"hotelName":"Courtyard Village Bonaire","address":"Kaya Sirena,Kralendijk,Bonaire, Sint Eustatius und Saba","phones":"","fax":"","email":"","url":"","countryIso2":"BQ","countryName":"Bonaire, Sint Eustatius und Saba","hotelRating":"1","latitude":"12.1561","longitude":"-68.2826","state_id":null,"state_name":null,"country_id":null},{"active":false,"Giataid":"839532","cityId":null,"cityName":"Kralendijk","hotelId":839532,"hotelName":"Landhuis Belnem Bonaire","address":"kaya mars 3,Bonaire Saint Eustatius and Saba,Kralendijk,Bonaire, Sint Eustatius und Saba","phones":"","fax":"","email":"","url":"","countryIso2":"BQ","countryName":"Bonaire, Sint Eustatius und Saba","hotelRating":"1","latitude":"12.1561","longitude":"-68.2826","state_id":null,"state_name":null,"country_id":null},{"active":false,"Giataid":"840260","cityId":null,"cityName":"Kralendijk","hotelId":840260,"hotelName":"Lizard Inn","address":"Kaya America 14,Bonaire,Kralendijk,Bonaire, Sint Eustatius und Saba","phones":"","fax":"","email":"info@lizardinnbonaire.com","url":"http://www.lizardinnbonaire.com","countryIso2":"BQ","countryName":"Bonaire, Sint Eustatius und Saba","hotelRating":"1","latitude":"12.1561","longitude":"-68.2826","state_id":null,"state_name":null,"country_id":null},{"active":false,"Giataid":"840934","cityId":null,"cityName":"Kralendijk","hotelId":840934,"hotelName":"Coconut Groove","address":"Kaya Nikiboko Zuid street 50,Kralendijk,Bonaire, Sint Eustatius und Saba","phones":"","fax":"","email":"","url":"","countryIso2":"BQ","countryName":"Bonaire, Sint Eustatius und Saba","hotelRating":"1","latitude":"12.1561","longitude":"-68.2826","state_id":null,"state_name":null,"country_id":null},{"active":false,"Giataid":"417725","cityId":null,"cityName":"Kralendijk","hotelId":10054367,"hotelName":"Oasis Guesthouse Bonaire","address":"Kaya Scorpio 17,Bonaire,Kralendijk,Dutch Caribbean,Bonaire, Sint Eustatius und Saba","phones":"","fax":"","email":"","url":"","countryIso2":"BQ","countryName":"Bonaire, Sint Eustatius und Saba","hotelRating":"3","latitude":"12.1209","longitude":"-68.2859","state_id":null,"state_name":null,"country_id":null},{"active":false,"Giataid":"417738","cityId":null,"cityName":"Bonaire","hotelId":10055357,"hotelName":"Wanapa Lodge","address":"Kaminda Sorobon z/n,P.O. Box 107,Bonaire,Bonaire, Sint Eustatius und Saba","phones":"+5997010700","fax":"","email":"","url":"","countryIso2":"BQ","countryName":"Bonaire, Sint Eustatius und Saba","hotelRating":"3","latitude":"12.1272","longitude":"-68.2444","state_id":null,"state_name":null,"country_id":null},{"active":false,"Giataid":"412940","cityId":null,"cityName":"Kralendijk","hotelId":10055405,"hotelName":"Caribbean Chillout Apartments","address":"Kaya Mgr. Niewindt 47,Kralendijk,Bonaire,Bonaire, Sint Eustatius und Saba","phones":"+5997174191","fax":"","email":"","url":"","countryIso2":"BQ","countryName":"Bonaire, Sint Eustatius und Saba","hotelRating":"3","latitude":"12.1367","longitude":"-68.2649","state_id":null,"state_name":null,"country_id":null},{"active":false,"Giataid":"687941","cityId":null,"cityName":"Kralendijk","hotelId":10057148,"hotelName":"Treasure By The Sea","address":"Kaya Gobernador Nicolaas Debrot 7ABC,Kralendijk,Bonaire,Bonaire, Sint Eustatius und Saba","phones":"+5997823144","fax":"","email":"","url":"","countryIso2":"BQ","countryName":"Bonaire, Sint Eustatius und Saba","hotelRating":"3","latitude":"12.1584","longitude":"-68.2795","state_id":null,"state_name":null,"country_id":null},{"active":false,"Giataid":"478626","cityId":null,"cityName":"Kralendijk","hotelId":10064167,"hotelName":"Summer Dreams Ocean Club","address":"2 EEG Boulevard,Kralendijk,Bonaire, Sint Eustatius und Saba","phones":"+5997822048","fax":"","email":"","url":"","countryIso2":"BQ","countryName":"Bonaire, Sint Eustatius und Saba","hotelRating":"3","latitude":"12.1298","longitude":"-68.2848","state_id":null,"state_name":null,"country_id":null},{"active":false,"Giataid":"135988","cityId":null,"cityName":"Oranjestad","hotelId":10097994,"hotelName":"The Old Gin House","address":"Oranjebaai 1,Oranjestad,St. Eustatius,Bonaire, Sint Eustatius und Saba","phones":"+5993182319","fax":"NULL","email":"NULL","url":"NULL","countryIso2":"BQ","countryName":"Bonaire, Sint Eustatius und Saba","hotelRating":"3","latitude":"17.4824","longitude":"-62.9872","state_id":null,"state_name":null,"country_id":null},{"active":false,"Giataid":"417726","cityId":null,"cityName":"Kralendijk","hotelId":10099592,"hotelName":"Ocean Breeze","address":"Kaya International 90,Bonaire,Kralendijk,Bonaire, Sint Eustatius und Saba","phones":"+5997863006","fax":"NULL","email":"NULL","url":"NULL","countryIso2":"BQ","countryName":"Bonaire, Sint Eustatius und Saba","hotelRating":"4","latitude":"12.1347","longitude":"-68.2723","state_id":null,"state_name":null,"country_id":null},{"active":false,"Giataid":"90678","cityId":null,"cityName":"Bonaire","hotelId":10100466,"hotelName":"Tropicana Appartments Bonaire","address":"Kaya Proud 9,Bonaire,Bonaire, Sint Eustatius und Saba","phones":"+5997010404","fax":"NULL","email":"NULL","url":"NULL","countryIso2":"BQ","countryName":"Bonaire, Sint Eustatius und Saba","hotelRating":"2","latitude":"12.1629","longitude":"-68.2821","state_id":null,"state_name":null,"country_id":null},{"active":false,"Giataid":"549656","cityId":null,"cityName":"Kralendijk","hotelId":10121196,"hotelName":"Hillside Apartments","address":"Kaya Linda 19,Kralendijk,Bonaire, Sint Eustatius und Saba","phones":"NULL","fax":"NULL","email":"NULL","url":"NULL","countryIso2":"BQ","countryName":"Bonaire, Sint Eustatius und Saba","hotelRating":"3","latitude":"12.1671","longitude":"-68.2694","state_id":null,"state_name":null,"country_id":null},{"active":false,"Giataid":"141630","cityId":20936,"cityName":"Hato","hotelId":20001404,"hotelName":"Golden Reef","address":"Kaya Den Haag 7,Bonaire,Bonaire, Sint Eustatius und Saba","phones":"","fax":"","email":"","url":"","countryIso2":"BQ","countryName":"Bonaire, Sint Eustatius und Saba","hotelRating":"0","latitude":"12.1784","longitude":"-68.2904","state_id":2901,"state_name":"Santander","country_id":48},{"active":false,"Giataid":"141628","cityId":null,"cityName":"Kralendijk","hotelId":20001626,"hotelName":"Port Bonaire","address":"Kaya International 1,Kralendijk,Bonaire,Bonaire, Sint Eustatius und Saba","phones":"","fax":"","email":"","url":"","countryIso2":"BQ","countryName":"Bonaire, Sint Eustatius und Saba","hotelRating":"3","latitude":"12.1344","longitude":"-68.2782","state_id":null,"state_name":null,"country_id":null},{"active":false,"Giataid":"695564","cityId":null,"cityName":"Kralendijk","hotelId":20001807,"hotelName":"Coco Palm Garden","address":"Kaya Statius van Eps 9,Belnam,Kralendijk,Bonaire, Sint Eustatius und Saba","phones":"","fax":"","email":"","url":"","countryIso2":"BQ","countryName":"Bonaire, Sint Eustatius und Saba","hotelRating":"0","latitude":"12.125","longitude":"-68.2854","state_id":null,"state_name":null,"country_id":null},{"active":false,"Giataid":"41737","cityId":52296,"cityName":"Saba","hotelId":20002192,"hotelName":"Juliana's Hotel","address":"Windwardside,Saba,Dutch Caribbean,Bonaire, Sint Eustatius und Saba","phones":"+5994162269","fax":"","email":"info@julianas-hotel.com","url":"http://www.julianas-hotel.com/","countryIso2":"BQ","countryName":"Bonaire, Sint Eustatius und Saba","hotelRating":"3","latitude":"17.6274","longitude":"-63.2317","state_id":2671,"state_name":"North Bank Division","country_id":80},{"active":false,"Giataid":"91359","cityId":null,"cityName":"Oranjestad","hotelId":20002396,"hotelName":"Golden Era Hotel","address":"Oranje Bay z/n,Oranjestad,St. Eustatius Island,Netherlands Antilles,Bonaire, Sint Eustatius und Saba","phones":"+5993182345","fax":"+5993182455","email":"info@goldenerahotel.com","url":"http://goldenerahotel.com","countryIso2":"BQ","countryName":"Bonaire, Sint Eustatius und Saba","hotelRating":"2","latitude":"17.4818","longitude":"-62.9874","state_id":null,"state_name":null,"country_id":null},{"active":false,"Giataid":"203620","cityId":null,"cityName":"Kralendijk","hotelId":20002589,"hotelName":"Tauchbasis - Bonaire Dive & Adventure","address":"P.O. Box 389,Kaya Gobernador N. Debrot 77A,Kralendijk,Bonaire,Netherlands Antilles,Bonaire, Sint Eustatius und Saba","phones":"+5997172229","fax":"","email":"info@bonairediveandadventure.com","url":"http://www.bonairediveandadventure.com/","countryIso2":"BQ","countryName":"Bonaire, Sint Eustatius und Saba","hotelRating":"0","latitude":"12.1656","longitude":"-68.2848","state_id":null,"state_name":null,"country_id":null},{"active":false,"Giataid":"725090","cityId":null,"cityName":"Kralendijk","hotelId":20002827,"hotelName":"Bonaire Seaside Suites","address":"Bulevard G. N. Debrot 41c,Kralendijk,Bonaire,Bonaire, Sint Eustatius und Saba","phones":"+5997960523","fax":"","email":"info@seasidesuitesbonaire.com","url":"http://seasidesuitesbonaire.com","countryIso2":"BQ","countryName":"Bonaire, Sint Eustatius und Saba","hotelRating":"3","latitude":"12.1756","longitude":"-68.2895","state_id":null,"state_name":null,"country_id":null},{"active":false,"Giataid":"723328","cityId":null,"cityName":"Kralendijk","hotelId":20003056,"hotelName":"Djambo Apartments","address":"Kaya Finlandia 11,Kralendijk,Bonaire, Sint Eustatius und Saba","phones":"+5997809793","fax":"","email":"info@djambobonaire.com","url":"https://www.djambobonaire.com/en/","countryIso2":"BQ","countryName":"Bonaire, Sint Eustatius und Saba","hotelRating":"3","latitude":"12.1426","longitude":"-68.2734","state_id":null,"state_name":null,"country_id":null},{"active":false,"Giataid":"610503","cityId":null,"cityName":"Kralendijk","hotelId":20003296,"hotelName":"Villa Buttonwood","address":"Kaya India 8,Kralendijk,Bonaire, Sint Eustatius und Saba","phones":"","fax":"","email":"","url":"http://www.eurobookings.com/kralendijk-hotels-bq/villa-buttonwood.html","countryIso2":"BQ","countryName":"Bonaire, Sint Eustatius und Saba","hotelRating":"0","latitude":"12.1561","longitude":"-68.2826","state_id":null,"state_name":null,"country_id":null},{"active":false,"Giataid":"81955","cityId":null,"cityName":"Lac Bay","hotelId":20003522,"hotelName":"Sorobon Apartments Bonaire","address":"Kaminda Sorobon 64,PO Box 261,Kralendijk,Bonaire, Sint Eustatius und Saba","phones":"+5997175369","fax":"+5997175368","email":"info@kontikibonaire.com","url":"http://www.kontikibonaire.com/","countryIso2":"BQ","countryName":"Bonaire, Sint Eustatius und Saba","hotelRating":"3","latitude":"12.0956","longitude":"-68.2442","state_id":null,"state_name":null,"country_id":null},{"active":false,"Giataid":"723881","cityId":null,"cityName":"Kralendijk","hotelId":20003710,"hotelName":"Villa Kromboom","address":"Kaya Dorado 15,Kralendijk,Bonaire, Sint Eustatius und Saba","phones":"","fax":"","email":"","url":"","countryIso2":"BQ","countryName":"Bonaire, Sint Eustatius und Saba","hotelRating":"0","latitude":"12.1561","longitude":"-68.2826","state_id":null,"state_name":null,"country_id":null},{"active":false,"Giataid":"417721","cityId":null,"cityName":"Kralendijk","hotelId":20003899,"hotelName":"Dive Hut Bonaire","address":"Kaya Dialma 11,Kralendijk,Bonaire,Bonaire, Sint Eustatius und Saba","phones":"+5997010404","fax":"","email":"info@divehutbonaire.com","url":"http://www.divehutbonaire.com","countryIso2":"BQ","countryName":"Bonaire, Sint Eustatius und Saba","hotelRating":"3","latitude":"12.1609","longitude":"-68.2808","state_id":null,"state_name":null,"country_id":null},{"active":false,"Giataid":"520807","cityId":null,"cityName":"Kralendijk","hotelId":20004105,"hotelName":"CoralSea Apartments Bonaire","address":"Kaya Uranus 8,Belnem,Kralendijk,Bonaire Island,Caribbean Netherlands,Bonaire, Sint Eustatius und Saba","phones":"","fax":"","email":"","url":"","countryIso2":"BQ","countryName":"Bonaire, Sint Eustatius und Saba","hotelRating":"3","latitude":"12.1227","longitude":"-68.285","state_id":null,"state_name":null,"country_id":null},{"active":false,"Giataid":"91375","cityId":null,"cityName":"St. Eustatius","hotelId":20004611,"hotelName":"Statia Lodge","address":"White Hall,Saint Eustatius,Bonaire, Sint Eustatius und Saba","phones":"+5993181900","fax":"+5993182873","email":"info@statialodge.com","url":"http://www.statialodge.com/","countryIso2":"BQ","countryName":"Bonaire, Sint Eustatius und Saba","hotelRating":"3","latitude":"17.4666","longitude":"-62.9728","state_id":null,"state_name":null,"country_id":null},{"active":false,"Giataid":"405267","cityId":null,"cityName":"Kralendijk","hotelId":20004786,"hotelName":"Bamboo Bali Bonaire","address":"kaya Gob. N. Debrot 86,Kralendijk,Bonaire, Sint Eustatius und Saba","phones":"+5997006933","fax":"","email":"","url":"http://www.bamboobalibonaire.com","countryIso2":"BQ","countryName":"Bonaire, Sint Eustatius und Saba","hotelRating":"3","latitude":"12.1737","longitude":"-68.2883","state_id":null,"state_name":null,"country_id":null},{"active":false,"Giataid":"610351","cityId":null,"cityName":"Kralendijk","hotelId":20004919,"hotelName":"City INN Bonaire","address":"Kaya Grandi 84,Kralendijk,Bonaire,Bonaire, Sint Eustatius und Saba","phones":"+5997011441","fax":"","email":"","url":"http://www.cityinnbonaire.com/","countryIso2":"BQ","countryName":"Bonaire, Sint Eustatius und Saba","hotelRating":"2","latitude":"12.1603","longitude":"-68.2812","state_id":null,"state_name":null,"country_id":null},{"active":false,"Giataid":"611663","cityId":null,"cityName":"Kralendijk","hotelId":20005108,"hotelName":"BnBBonaire","address":"Kaya Zepher 2,Kralendijk,Bonaire, Sint Eustatius und Saba","phones":"+5997825734","fax":"","email":"info@bnbbonaire.com","url":"http://www.bnbbonaire.com/","countryIso2":"BQ","countryName":"Bonaire, Sint Eustatius und Saba","hotelRating":"3","latitude":"12.163","longitude":"-68.2833","state_id":null,"state_name":null,"country_id":null},{"active":false,"Giataid":"39936","cityId":null,"cityName":"Bonaire","hotelId":20005287,"hotelName":"Portofino Yacht Club","address":"Kaya Gob. N. Debrot 54,Kralendijk,Bonaire, Sint Eustatius und Saba","phones":"+5997011441","fax":"","email":"","url":"http://www.yachtclubbonaire.com/","countryIso2":"BQ","countryName":"Bonaire, Sint Eustatius und Saba","hotelRating":"3","latitude":"12.1443","longitude":"-68.2655","state_id":null,"state_name":null,"country_id":null},{"active":false,"Giataid":"22784","cityId":null,"cityName":"Belnem","hotelId":20005444,"hotelName":"Hotel Roomer","address":"E.E.G. Boulevard 97,Belnem,Bonaire,Bonaire, Sint Eustatius und Saba","phones":"+5997177488","fax":"","email":"info@roomerbonaire.com","url":"https://www.roomerbonaire.com/","countryIso2":"BQ","countryName":"Bonaire, Sint Eustatius und Saba","hotelRating":"0","latitude":"12.1205","longitude":"-68.2897","state_id":null,"state_name":null,"country_id":null},{"active":false,"Giataid":"523264","cityId":null,"cityName":"Kralendijk","hotelId":20005587,"hotelName":"Sabadeco 2","address":"Sabadeco,Kralendijk,Bonaire,Bonaire, Sint Eustatius und Saba","phones":"","fax":"","email":"","url":"","countryIso2":"BQ","countryName":"Bonaire, Sint Eustatius und Saba","hotelRating":"0","latitude":"12.1561","longitude":"-68.2826","state_id":null,"state_name":null,"country_id":null},{"active":false,"Giataid":"412932","cityId":null,"cityName":"Kralendijk","hotelId":20005756,"hotelName":"Stay and Dive Bonaire","address":"Kaya Norwega 1,Corner of Kaya Norwega and Kaya Inglatera,Kralendijk,Bonaire,Bonaire, Sint Eustatius und Saba","phones":"+5997176860","fax":"","email":"info@stayanddivebonaire.com","url":"http://www.stayanddivebonaire.com","countryIso2":"BQ","countryName":"Bonaire, Sint Eustatius und Saba","hotelRating":"2","latitude":"12.1431","longitude":"-68.2746","state_id":null,"state_name":null,"country_id":null},{"active":false,"Giataid":"724834","cityId":null,"cityName":"Kralendijk","hotelId":20005906,"hotelName":"Terramar Bonaire","address":"Kaya J. N. E. Craane 4,Kralendijk,Bonaire, Sint Eustatius und Saba","phones":"","fax":"","email":"info@terramarbonaire.com","url":"http://www.terramarbonaire.com","countryIso2":"BQ","countryName":"Bonaire, Sint Eustatius und Saba","hotelRating":"4","latitude":"12.1561","longitude":"-68.2826","state_id":null,"state_name":null,"country_id":null},{"active":false,"Giataid":"724667","cityId":null,"cityName":"Oranjestad","hotelId":20006446,"hotelName":"Palm Spring Inn","address":"2 Erick R Gibbs Road,Cherry Tree,Sint Eustatius,Oranjestad,Bonaire, Sint Eustatius und Saba","phones":"+17215861054","fax":"+5993180091","email":"info@palmspringinn.com","url":"http://www.palmspringinn.com","countryIso2":"BQ","countryName":"Bonaire, Sint Eustatius und Saba","hotelRating":"0","latitude":"17.4821","longitude":"-62.9873","state_id":null,"state_name":null,"country_id":null},{"active":false,"Giataid":"298459","cityId":null,"cityName":"Kralendijk","hotelId":20006633,"hotelName":"Bellafonte Chateau de la Mer","address":"10 EEG Boulevard,Kralendijk,Bonaire, Sint Eustatius und Saba","phones":"+5997173333","fax":"","email":"info@bellafontebonaire.com","url":"http://www.bellafontebonaire.com/","countryIso2":"BQ","countryName":"Bonaire, Sint Eustatius und Saba","hotelRating":"4","latitude":"12.1288","longitude":"-68.2857","state_id":null,"state_name":null,"country_id":null},{"active":false,"Giataid":"639243","cityId":null,"cityName":"Kralendijk","hotelId":20006789,"hotelName":"Windhoek Resort Bonaire","address":"EEG Boulevard 81,Kralendijk,Bonaire, Sint Eustatius und Saba","phones":"+5997775483","fax":"","email":"info@windhoekbonaire.com","url":"http://www.windhoekbonaire.com/","countryIso2":"BQ","countryName":"Bonaire, Sint Eustatius und Saba","hotelRating":"2","latitude":"12.1561","longitude":"-68.2826","state_id":null,"state_name":null,"country_id":null},{"active":false,"Giataid":"638191","cityId":null,"cityName":"Kralendijk","hotelId":20006942,"hotelName":"Oceanpark Bonaire Apartment","address":"Kaya International,Plaza Beach Resort Bonaire,Kralendijk,Bonaire Island,Dutch Caribbean,Bonaire, Sint Eustatius und Saba","phones":"+5997827100","fax":"","email":"ron@sunwisebonaire.com","url":"http://www.sunwisebonaire.com/bonaire-apartment-oceanpark-bonaire.html","countryIso2":"BQ","countryName":"Bonaire, Sint Eustatius und Saba","hotelRating":"0","latitude":"12.1359","longitude":"-68.2722","state_id":null,"state_name":null,"country_id":null},{"active":false,"Giataid":"626641","cityId":null,"cityName":"Kralendijk","hotelId":20007092,"hotelName":"Red Palm Village","address":"Kaminda Sorobon 20,Kralendijk,Bonaire C.N.,Bonaire, Sint Eustatius und Saba","phones":"+5997003978","fax":"","email":"","url":"http://redpalmvillage.com/","countryIso2":"BQ","countryName":"Bonaire, Sint Eustatius und Saba","hotelRating":"3","latitude":"12.1279","longitude":"-68.2441","state_id":null,"state_name":null,"country_id":null},{"active":false,"Giataid":"590197","cityId":null,"cityName":"Kralendijk","hotelId":20007275,"hotelName":"Villa Eco Bonaire Deluxe","address":"Punt Vierkant 17,Kralendijk 0000aa,Bonaire, Sint Eustatius und Saba","phones":"","fax":"","email":"","url":"","countryIso2":"BQ","countryName":"Bonaire, Sint Eustatius und Saba","hotelRating":"0","latitude":"12.1561","longitude":"-68.2826","state_id":null,"state_name":null,"country_id":null},{"active":false,"Giataid":"719995","cityId":null,"cityName":"Kralendijk","hotelId":20007458,"hotelName":"Caribbean Bliss Bungalows","address":"30,Kaya Kuarts,Santa Barbara,Kralendijk,Bonaire, Sint Eustatius und Saba","phones":"","fax":"","email":"","url":"","countryIso2":"BQ","countryName":"Bonaire, Sint Eustatius und Saba","hotelRating":"0","latitude":"12.1866","longitude":"-68.2824","state_id":null,"state_name":null,"country_id":null},{"active":false,"Giataid":"625580","cityId":null,"cityName":"Kralendijk","hotelId":20007778,"hotelName":"Courtyard Bonaire Dive Resort","address":"Kaya International 2,Kralendijk,Bonaire,Bonaire, Sint Eustatius und Saba","phones":"+5997152222","fax":"","email":"","url":"http://www.marriott.com/hotels/travel/boncy-courtyard-bonaire/","countryIso2":"BQ","countryName":"Bonaire, Sint Eustatius und Saba","hotelRating":"3","latitude":"12.1378","longitude":"-68.2697","state_id":null,"state_name":null,"country_id":null},{"active":false,"Giataid":"234580","cityId":null,"cityName":"St. Eustatius","hotelId":20008227,"hotelName":"Tauchbasis - Golden Rock Dive Center","address":"Gallows Bay,St. Eustatius,Netherlands Antilles,Bonaire, Sint Eustatius und Saba","phones":"+5993182964","fax":"","email":"grdivers@gmail.com","url":"http://www.goldenrockdive.com","countryIso2":"BQ","countryName":"Bonaire, Sint Eustatius und Saba","hotelRating":"0","latitude":"17.4879","longitude":"-62.9735","state_id":null,"state_name":null,"country_id":null},{"active":false,"Giataid":"412936","cityId":null,"cityName":"Kralendijk","hotelId":20008422,"hotelName":"Casa Topana & Casa Macabi","address":"Kaya Playa Lechi 30,Kralendijk,Bonaire, Sint Eustatius und Saba","phones":"","fax":"","email":"","url":"","countryIso2":"BQ","countryName":"Bonaire, Sint Eustatius und Saba","hotelRating":"3","latitude":"12.1609","longitude":"-68.2823","state_id":null,"state_name":null,"country_id":null},{"active":false,"Giataid":"610299","cityId":null,"cityName":"Kralendijk","hotelId":20008510,"hotelName":"Irene's Apartments","address":"Kaya Roma 3,Kralendijk,Bonaire, Sint Eustatius und Saba","phones":"","fax":"","email":"","url":"","countryIso2":"BQ","countryName":"Bonaire, Sint Eustatius und Saba","hotelRating":"0","latitude":"12.1492","longitude":"-68.2699","state_id":null,"state_name":null,"country_id":null},{"active":false,"Giataid":"511673","cityId":null,"cityName":"Kralendijk","hotelId":20008660,"hotelName":"GOOOD Resort","address":"Kaya Turkesa 3,Santa Barbara,Kralendijk,Bonaire, Sint Eustatius und Saba","phones":"+5997828247","fax":"","email":"ankie@gooodresort.com","url":"http://www.gooodresort.com/","countryIso2":"BQ","countryName":"Bonaire, Sint Eustatius und Saba","hotelRating":"3","latitude":"12.1905","longitude":"-68.2797","state_id":null,"state_name":null,"country_id":null},{"active":false,"Giataid":"638174","cityId":null,"cityName":"Kralendijk","hotelId":20008805,"hotelName":"Appartement Ocean Blue Bonaire","address":"Kaya International 90,Ocean Breeze Resort Appartement,Appartement number 36,Kralendijk,Bonaire Island,Caribbean Netherlands,Bonaire, Sint Eustatius und Saba","phones":"+5997827100","fax":"","email":"info@sunwisebonaire.com","url":"http://www.oceanbluebonaire.com","countryIso2":"BQ","countryName":"Bonaire, Sint Eustatius und Saba","hotelRating":"0","latitude":"12.1361","longitude":"-68.2721","state_id":null,"state_name":null,"country_id":null},{"active":false,"Giataid":"692243","cityId":null,"cityName":"Kralendijk","hotelId":20008957,"hotelName":"Bon Bida","address":"Boulevard Gobernador Nicolaas Debrot,Kralendijk,Bonaire,Bonaire, Sint Eustatius und Saba","phones":"","fax":"","email":"","url":"http://www.bonairecomfortrentals.com/property/bonaire-bon-bida-b-apartment-for-rent/","countryIso2":"BQ","countryName":"Bonaire, Sint Eustatius und Saba","hotelRating":"0","latitude":"12.1695","longitude":"-68.2857","state_id":null,"state_name":null,"country_id":null},{"active":false,"Giataid":"877495","cityId":null,"cityName":"Oranjestad","hotelId":20278444,"hotelName":"Orange Bay Hotel","address":"Oranjebaaiweg 21,Oranjestad,Sint Eustatius,Bonaire, Sint Eustatius und Saba","phones":"+5993182010","fax":"","email":"contact@orangebayhotel.com","url":"http://www.orangebayhotel.com","countryIso2":"BQ","countryName":"Bonaire, Sint Eustatius und Saba","hotelRating":"0","latitude":"17.4821","longitude":"-62.9873","state_id":null,"state_name":null,"country_id":null},{"active":false,"Giataid":"879773","cityId":null,"cityName":"Kralendijk","hotelId":20278445,"hotelName":"Bonaire  Boutique Resort","address":"Kaminda Lac 32,Kralendijk,Bonaire, Sint Eustatius und Saba","phones":"","fax":"","email":"info@bonaireboutiqueresort.com","url":"","countryIso2":"BQ","countryName":"Bonaire, Sint Eustatius und Saba","hotelRating":"0","latitude":"12.1561","longitude":"-68.2826","state_id":null,"state_name":null,"country_id":null},{"active":false,"Giataid":"868118","cityId":null,"cityName":"Kralendijk","hotelId":20278446,"hotelName":"Kas Di Oro 23","address":"Kaya Carlos A. Nicolaas 23,Kralendijk 3109,Sint Eustatius And Saba,Bonaire, Sint Eustatius und Saba","phones":"","fax":"","email":"","url":"","countryIso2":"BQ","countryName":"Bonaire, Sint Eustatius und Saba","hotelRating":"3","latitude":"12.1561","longitude":"-68.2826","state_id":null,"state_name":null,"country_id":null},{"active":false,"Giataid":"894081","cityId":null,"cityName":"Kralendijk","hotelId":20278447,"hotelName":"Kas Kibrahacha","address":"Kaya Gobernador Nicolaas Debrot 7ABC,Kralendijk,Bonaire,Bonaire, Sint Eustatius und Saba","phones":"","fax":"","email":"","url":"","countryIso2":"BQ","countryName":"Bonaire, Sint Eustatius und Saba","hotelRating":"3","latitude":"12.1751","longitude":"-68.2891","state_id":null,"state_name":null,"country_id":null},{"active":false,"Giataid":"904329","cityId":null,"cityName":"Kralendijk","hotelId":20278448,"hotelName":"Exito Apartments","address":"Kaya Princes Marie 1,Kralendijk,Bonaire Sint Eustatius And Saba,Bonaire, Sint Eustatius und Saba","phones":"","fax":"","email":"","url":"","countryIso2":"BQ","countryName":"Bonaire, Sint Eustatius und Saba","hotelRating":"0","latitude":"12.1561","longitude":"-68.2826","state_id":null,"state_name":null,"country_id":null},{"active":false,"Giataid":"936404","cityId":null,"cityName":"Kralendijk","hotelId":20278449,"hotelName":"Hotel Islander Bonaire","address":"Kaya Grandi 7,Kralendijk,Bonaire, Sint Eustatius und Saba","phones":"","fax":"","email":"hotel@islanderbonaire.com","url":"http://hotelislanderbonaire.com/","countryIso2":"BQ","countryName":"Bonaire, Sint Eustatius und Saba","hotelRating":"0","latitude":"12.1561","longitude":"-68.2826","state_id":null,"state_name":null,"country_id":null},{"active":false,"Giataid":"936431","cityId":null,"cityName":"Kralendijk","hotelId":20278450,"hotelName":"Tala Lodge Bonaire","address":"Kaya Inglatera 7b,Kralendijk,Bonaire, Sint Eustatius und Saba","phones":"+5997870143","fax":"","email":"","url":"http://www.talalodge-bonaire.com","countryIso2":"BQ","countryName":"Bonaire, Sint Eustatius und Saba","hotelRating":"0","latitude":"12.1561","longitude":"-68.2826","state_id":null,"state_name":null,"country_id":null},{"active":false,"Giataid":"887451","cityId":null,"cityName":"Kralendijk","hotelId":20278451,"hotelName":"Bella Breeze Bonaire","address":"Kaya International,Kralendijk,Bonaire,Saint Eustatius,Bonaire, Sint Eustatius und Saba","phones":"","fax":"","email":"","url":"","countryIso2":"BQ","countryName":"Bonaire, Sint Eustatius und Saba","hotelRating":"0","latitude":"12.1561","longitude":"-68.2826","state_id":null,"state_name":null,"country_id":null}]