[{"active":false,"Giataid":"137874","cityId":null,"cityName":"Burnt Pine","hotelId":137874,"hotelName":"Cascade Garden Apartments","address":"New Cascade Road,P.O. Box 924,Norfolk Island,New South Wales 2899,Norfolk Island","phones":"+6721672324020","fax":"","email":"","url":"","countryIso2":"NF","countryName":"Norfolk Island","hotelRating":"3","latitude":"-29.0288","longitude":"167.963","state_id":null,"state_name":null,"country_id":null},{"active":false,"Giataid":"138171","cityId":null,"cityName":"Burnt Pine","hotelId":138171,"hotelName":"Cumberland Resort & Spa","address":"100 Taylors Road,P.O. Box 46,Norfolk Island 2899,South Pacific,Norfolk Island","phones":"+672322721","fax":"+61672323264","email":"bookings@cumberlandholiday.com","url":"http://www.cumberlandholiday.com","countryIso2":"NF","countryName":"Norfolk Island","hotelRating":"4","latitude":"-29.0372","longitude":"167.955","state_id":null,"state_name":null,"country_id":null},{"active":false,"Giataid":"138322","cityId":null,"cityName":"Norfolk Island","hotelId":138322,"hotelName":"Paradise Hotel & Resort","address":"Queen Elizabeth Avenue,P.O. Box 70,Norfolk Island 2899,South Pacific,Norfolk Island","phones":"+672322177","fax":"+61672322831","email":"reservations@paradisehotelnorfolk.com","url":"http://paradisehotelnorfolk.com/contact-us/","countryIso2":"NF","countryName":"Norfolk Island","hotelRating":"3","latitude":"-29.0395","longitude":"167.96","state_id":null,"state_name":null,"country_id":null},{"active":false,"Giataid":"138456","cityId":null,"cityName":"Burnt Pine","hotelId":138456,"hotelName":"South Pacific Resort","address":"Taylors Road,Burnt Pine,Norfolk Island 2899,South Pacific,Norfolk Island","phones":"+672322166","fax":"","email":"reservations@southpac.nlk.nf","url":"http://www.southpacresort.com.au/","countryIso2":"NF","countryName":"Norfolk Island","hotelRating":"3","latitude":"-29.0378","longitude":"167.954","state_id":null,"state_name":null,"country_id":null},{"active":false,"Giataid":"243750","cityId":null,"cityName":"Norfolk Island","hotelId":243750,"hotelName":"Kentia Holiday Apartments","address":"P.O. Box 782,Collins Head Road,Norfolk Island 2899,Norfolk Island","phones":"+672323522","fax":"+61672323522","email":"kentiaholiday@norfolk.nf","url":"http://www.kentiaholiday.com","countryIso2":"NF","countryName":"Norfolk Island","hotelRating":"4","latitude":"-29.0461","longitude":"167.973","state_id":null,"state_name":null,"country_id":null},{"active":false,"Giataid":"243751","cityId":null,"cityName":"Norfolk Island","hotelId":243751,"hotelName":"Poinciana Cottages","address":"10 Douglas Drive,Norfolk Island 2899,Norfolk Island","phones":"+672322547","fax":"+61672322911","email":"poinciana@ni.net.nf","url":"http://www.poinciana.nlk.nf/","countryIso2":"NF","countryName":"Norfolk Island","hotelRating":"4","latitude":"-29.0335","longitude":"167.945","state_id":null,"state_name":null,"country_id":null},{"active":false,"Giataid":"243752","cityId":null,"cityName":"Norfolk Island","hotelId":243752,"hotelName":"Coast Norfolk Island","address":"Longridge Road,P.O. Box 76,Norfolk Island,New South Wales,Norfolk Island","phones":"+672322466","fax":"","email":"ponderosa@ni.net.nf","url":"http://www.ponderosanorfolk.com/","countryIso2":"NF","countryName":"Norfolk Island","hotelRating":"4","latitude":"-29.0511","longitude":"167.947","state_id":null,"state_name":null,"country_id":null},{"active":false,"Giataid":"245197","cityId":null,"cityName":"Norfolk Island","hotelId":245197,"hotelName":"Governors Lodge","address":"P.O. Box 898,Queen Elizabeth Avenue,Norfolk Island,South Pacific 2899,Norfolk Island","phones":"+672324400","fax":"+61672324300","email":"res@governorslodge.nf","url":"http://governorslodgeresort.com/","countryIso2":"NF","countryName":"Norfolk Island","hotelRating":"3","latitude":"-29.0412","longitude":"167.96","state_id":null,"state_name":null,"country_id":null},{"active":false,"Giataid":"245198","cityId":null,"cityName":"Burnt Pine","hotelId":245198,"hotelName":"Shiralee Executive Cottages","address":"P.O. Box 448,Taylors Road,Norfolk Island,South Pacific 2899,Norfolk Island","phones":"+672322118","fax":"","email":"","url":"http://shiralee.nf/","countryIso2":"NF","countryName":"Norfolk Island","hotelRating":"4","latitude":"-29.0386","longitude":"167.955","state_id":null,"state_name":null,"country_id":null},{"active":false,"Giataid":"245199","cityId":null,"cityName":"Burnt Pine","hotelId":245199,"hotelName":"Aloha Apartments","address":"P.O. Box 801,Taylor's Road,Norfolk Island 2899,Norfolk Island","phones":"+67261672322325","fax":"","email":"res@hibiscus-resort.com","url":"http://hibiscus-resort.com/aloha/","countryIso2":"NF","countryName":"Norfolk Island","hotelRating":"3","latitude":"-29.0328","longitude":"167.952","state_id":null,"state_name":null,"country_id":null},{"active":false,"Giataid":"245200","cityId":null,"cityName":"Burnt Pine","hotelId":245200,"hotelName":"Hibiscus Crown","address":"New Cascade Road,P.O. Box 34,Burnt Pine,Norfolk Island 2899,Norfolk Island","phones":"+672357100","fax":"","email":"res@hibiscus-resort.com","url":"http://hibiscus-resort.com/crown/","countryIso2":"NF","countryName":"Norfolk Island","hotelRating":"3","latitude":"-29.0297","longitude":"167.959","state_id":null,"state_name":null,"country_id":null},{"active":false,"Giataid":"245201","cityId":null,"cityName":"Burnt Pine","hotelId":245201,"hotelName":"Hibiscus Regal","address":"New Cascade Road,P.O. Box 34,Burnt Pine,Norfolk Island 2899,Norfolk Island","phones":"+672357100","fax":"","email":"res@hibiscus-resort.com","url":"http://hibiscus-resort.com/regal/","countryIso2":"NF","countryName":"Norfolk Island","hotelRating":"3","latitude":"-29.0295","longitude":"167.961","state_id":null,"state_name":null,"country_id":null},{"active":false,"Giataid":"245202","cityId":null,"cityName":"Burnt Pine","hotelId":245202,"hotelName":"Hibiscus Tudor","address":"P.O. Box 34,Taylor's Road,Burnt Pine,Norfolk Island 2899,Norfolk Island","phones":"+672322325","fax":"","email":"res@hibiscus-resort.com","url":"http://hibiscus-resort.com/tudor/","countryIso2":"NF","countryName":"Norfolk Island","hotelRating":"3","latitude":"-29.0379","longitude":"167.955","state_id":null,"state_name":null,"country_id":null},{"active":false,"Giataid":"245203","cityId":null,"cityName":"Burnt Pine","hotelId":245203,"hotelName":"Lavendula Garden Cottages","address":"Tevarua Lane,Burnt Pine,Norfolk Island,Norfolk Island","phones":"+672323587","fax":"","email":"lavendula@norfolk.net.nf","url":"http://www.lavendulagardencottage.com/","countryIso2":"NF","countryName":"Norfolk Island","hotelRating":"1","latitude":"-29.0324","longitude":"167.956","state_id":null,"state_name":null,"country_id":null},{"active":false,"Giataid":"245204","cityId":null,"cityName":"Burnt Pine","hotelId":245204,"hotelName":"The Polynesian Apartments","address":"23 New Cascade Road,2899 Burnt Pine,Norfolk Island,Norfolk Island","phones":"","fax":"","email":"","url":"","countryIso2":"NF","countryName":"Norfolk Island","hotelRating":"3","latitude":"-29.0314","longitude":"167.957","state_id":null,"state_name":null,"country_id":null},{"active":false,"Giataid":"245205","cityId":null,"cityName":"Norfolk Island","hotelId":245205,"hotelName":"The Crest Apartments","address":"P.O. Box 88,Driver-Christian Road,Norfolk Island,Norfolk Island","phones":"+672322280","fax":"+61672322977","email":"info@thecrest.nf","url":"http://www.thecrest.nf/","countryIso2":"NF","countryName":"Norfolk Island","hotelRating":"3","latitude":"-29.0521","longitude":"167.975","state_id":null,"state_name":null,"country_id":null},{"active":false,"Giataid":"245206","cityId":null,"cityName":"Norfolk Island","hotelId":245206,"hotelName":"Haydanblair House","address":"P.O. Box 15,Selwyn Pine Road,Norfolk Island 2899,Norfolk Island","phones":"+672322625","fax":"+672322785","email":"bmartin@ni.net.nf","url":"http://www.norfolkislandaccom.com/site/haydanblair/","countryIso2":"NF","countryName":"Norfolk Island","hotelRating":"1","latitude":"-29.0257","longitude":"167.95","state_id":null,"state_name":null,"country_id":null},{"active":false,"Giataid":"245207","cityId":null,"cityName":"Norfolk Island","hotelId":245207,"hotelName":"Panorama Seaside Apartments","address":"Middlegate Road,Kingston,Norfolk Island 2899,Norfolk Island","phones":"+672322625","fax":"+61672322785","email":"bmartin@ni.net.nf","url":"http://bookings.norfolkisland.com.au/accom_result1/panorama-seaside-apartments/","countryIso2":"NF","countryName":"Norfolk Island","hotelRating":"3","latitude":"-29.0528","longitude":"167.956","state_id":null,"state_name":null,"country_id":null},{"active":false,"Giataid":"245208","cityId":null,"cityName":"Norfolk Island","hotelId":245208,"hotelName":"Anson Bay Lodge","address":"Bullocks Hut Road,Norfolk Island 2899,Norfolk Island","phones":"","fax":"","email":"","url":"","countryIso2":"NF","countryName":"Norfolk Island","hotelRating":"3","latitude":"-29.0076","longitude":"167.93","state_id":null,"state_name":null,"country_id":null},{"active":false,"Giataid":"245209","cityId":null,"cityName":"Burnt Pine","hotelId":245209,"hotelName":"Broad Leaf Villas","address":"P.O. Box 552,Taylors Road,Burnt Pine,Norfolk Island,South Pacific 2899,Norfolk Island","phones":"","fax":"","email":"info@broadleafvillas.com","url":"http://www.broadleafvillas.com/","countryIso2":"NF","countryName":"Norfolk Island","hotelRating":"4","latitude":"-29.0402","longitude":"167.956","state_id":null,"state_name":null,"country_id":null},{"active":false,"Giataid":"245210","cityId":null,"cityName":"Norfolk Island","hotelId":245210,"hotelName":"Christian's of Bucks Point","address":"22 Martins Road,Norfolk Island 2899,Norfolk Island","phones":"+672323833","fax":"+672323833","email":"info@christiansofbuckspoint.com","url":"http://www.christiansofbuckspoint.com/","countryIso2":"NF","countryName":"Norfolk Island","hotelRating":"3","latitude":"-29.0449","longitude":"167.989","state_id":null,"state_name":null,"country_id":null},{"active":false,"Giataid":"245211","cityId":null,"cityName":"Norfolk Island","hotelId":245211,"hotelName":"Cobbys of Crystal Pool","address":"Rocky Point Road,Crystal Pool,Norfolk Island,New South Wales 2899,Norfolk Island","phones":"+672322693","fax":"+672323124","email":"jltavener@ninet.nf","url":"","countryIso2":"NF","countryName":"Norfolk Island","hotelRating":"1","latitude":"-29.0562","longitude":"167.938","state_id":null,"state_name":null,"country_id":null},{"active":false,"Giataid":"245212","cityId":null,"cityName":"Norfolk Island","hotelId":245212,"hotelName":"Dii Elduu","address":"P.O. Box 777,Mission Road,Norfolk Island 2899,Norfolk Island","phones":"+672322897","fax":"","email":"ansonbaylodge@ninet.nf","url":"http://www.ansonbaylodge.com/diielduu.html","countryIso2":"NF","countryName":"Norfolk Island","hotelRating":"3","latitude":"-29.0301","longitude":"167.928","state_id":null,"state_name":null,"country_id":null},{"active":false,"Giataid":"245213","cityId":null,"cityName":"Norfolk Island","hotelId":245213,"hotelName":"Hideaway Retreat","address":"George Hunn Nobbs Road,Norfolk Island,2899,Norfolk Island","phones":"+672324355","fax":"","email":"hideaway@norfolk.net.nf","url":"http://www.retreatnorfolkisland.com/","countryIso2":"NF","countryName":"Norfolk Island","hotelRating":"3","latitude":"-29.0282","longitude":"167.942","state_id":null,"state_name":null,"country_id":null},{"active":false,"Giataid":"245214","cityId":null,"cityName":"Norfolk Island","hotelId":245214,"hotelName":"Islander Lodge Apartments","address":"Middlegate Road,Slaughter Bay,Norfolk Island,Norfolk Island","phones":"+672322114","fax":"+61672323014","email":"borrys@norfolk.nf","url":"http://bookings.norfolkisland.com.au/accom_result1/islander-lodge-holiday-apartments/","countryIso2":"NF","countryName":"Norfolk Island","hotelRating":"3","latitude":"-29.0536","longitude":"167.958","state_id":null,"state_name":null,"country_id":null},{"active":false,"Giataid":"245216","cityId":null,"cityName":"Norfolk Island","hotelId":245216,"hotelName":"Shearwater Scenic Villas","address":"PO Box 479,Norfolk Island 2899,South Pacific,Norfolk Island","phones":"+672322539","fax":"","email":"manager@shearwater.nf","url":"http://shearwater.nf/","countryIso2":"NF","countryName":"Norfolk Island","hotelRating":"4","latitude":"-29.0583","longitude":"167.94","state_id":null,"state_name":null,"country_id":null},{"active":false,"Giataid":"245217","cityId":null,"cityName":"Norfolk Island","hotelId":245217,"hotelName":"Tintoela","address":"Harpers Road,PO Box 510,Norfolk Island 2899,South Pacific,Norfolk Island","phones":"+672322946","fax":"+672322946","email":"manager@tintoela.nf","url":"http://www.norfolkislaccommodation.com/","countryIso2":"NF","countryName":"Norfolk Island","hotelRating":"4","latitude":"-29.0247","longitude":"167.966","state_id":null,"state_name":null,"country_id":null},{"active":false,"Giataid":"245218","cityId":null,"cityName":"Norfolk Island","hotelId":245218,"hotelName":"Trade Winds Country Cottages","address":"P.O. Box 6,Stockyard Road,Steeles Point,Norfolk Island 2899,Norfolk Island","phones":"+672322295","fax":"+672322865","email":"tradewinds@norfolk.net.nf","url":"http://www.tradewindsnorfolkisland.com/","countryIso2":"NF","countryName":"Norfolk Island","hotelRating":"1","latitude":"-29.0311","longitude":"167.983","state_id":null,"state_name":null,"country_id":null},{"active":false,"Giataid":"245219","cityId":null,"cityName":"Burnt Pine","hotelId":245219,"hotelName":"Hillcrest Garden Hotel","address":"P.O. Box 64,Taylors Road,Norfolk Island,New South Wales 2899,Norfolk Island","phones":"+672322255","fax":"+672322909","email":"res@hillcrestnorfolkisland.com","url":"http://hillcrestnorfolkisland.com/","countryIso2":"NF","countryName":"Norfolk Island","hotelRating":"1","latitude":"-29.0421","longitude":"167.956","state_id":null,"state_name":null,"country_id":null},{"active":false,"Giataid":"245220","cityId":null,"cityName":"Burnt Pine","hotelId":245220,"hotelName":"Norfolk Holiday Apartments","address":"Taylors Road,Burnt Pine,Norfolk Island 2899,Norfolk Island","phones":"+672322183","fax":"+61672323804","email":"norfolkholidayapartments@norfolk.nf","url":"","countryIso2":"NF","countryName":"Norfolk Island","hotelRating":"3","latitude":"-29.0406","longitude":"167.953","state_id":null,"state_name":null,"country_id":null},{"active":false,"Giataid":"245221","cityId":null,"cityName":"Burnt Pine","hotelId":245221,"hotelName":"Bligh Court Holiday Cottages","address":"Grassy Road,Burnt Pine,Norfolk Island,Norfolk Island","phones":"","fax":"","email":"","url":"","countryIso2":"NF","countryName":"Norfolk Island","hotelRating":"1","latitude":"-29.0285","longitude":"167.945","state_id":null,"state_name":null,"country_id":null},{"active":false,"Giataid":"245222","cityId":null,"cityName":"Norfolk Island","hotelId":245222,"hotelName":"Bounty Lodge Apartments","address":"Ferny Lane,Norfolk Island,New South Wales 2899,Norfolk Island","phones":"+672323094","fax":"+672380279","email":"bountylodge@norfolk.nf","url":"","countryIso2":"NF","countryName":"Norfolk Island","hotelRating":"3","latitude":"-29.0321","longitude":"167.945","state_id":null,"state_name":null,"country_id":null},{"active":false,"Giataid":"245223","cityId":null,"cityName":"Burnt Pine","hotelId":245223,"hotelName":"Callam Court Ocean View","address":"New Cascade Road,Burnt Pine,Norfolk Island 2899,Norfolk Island","phones":"+672322850","fax":"+672322770","email":"res@callamcourt.com","url":"http://www.callamcourt.com/","countryIso2":"NF","countryName":"Norfolk Island","hotelRating":"3","latitude":"-29.0275","longitude":"167.966","state_id":null,"state_name":null,"country_id":null},{"active":false,"Giataid":"245224","cityId":null,"cityName":"Burnt Pine","hotelId":245224,"hotelName":"Castaway Hotel & Apartments","address":"Taylors Road,Burnt Pine,Norfolk Island 2899,Norfolk Island","phones":"+672322625","fax":"+672322785","email":"castawayhotel@ninet.nf","url":"http://www.norfolkislandaccom.com/site/castaway","countryIso2":"NF","countryName":"Norfolk Island","hotelRating":"3","latitude":"-29.0377","longitude":"167.953","state_id":null,"state_name":null,"country_id":null},{"active":false,"Giataid":"245226","cityId":null,"cityName":"Burnt Pine","hotelId":245226,"hotelName":"Daydreamer Apartments","address":"30 GRASSY ROAD,Burnt Pine,NORFOLK ISLAND 2899,Norfolk Island","phones":"+672322100","fax":"+61672323014","email":"npg@norfolk.nf","url":"","countryIso2":"NF","countryName":"Norfolk Island","hotelRating":"3","latitude":"-29.0293","longitude":"167.945","state_id":null,"state_name":null,"country_id":null},{"active":false,"Giataid":"245227","cityId":null,"cityName":"Burnt Pine","hotelId":245227,"hotelName":"Fantasy Island Resort","address":"P.O. Box 441,Taylors Road,Burnt Pine,Norfolk Island 2899,South Pacific,Norfolk Island","phones":"+672323778","fax":"+61672323779","email":"info@fantasynorfolk.com","url":"http://www.fantasynorfolk.com/","countryIso2":"NF","countryName":"Norfolk Island","hotelRating":"3","latitude":"-29.0342","longitude":"167.949","state_id":null,"state_name":null,"country_id":null},{"active":false,"Giataid":"245228","cityId":null,"cityName":"Norfolk Island","hotelId":245228,"hotelName":"Fletcher Christian Holiday Apartments","address":"Taylors Road,PO Box 144,Norfolk Island,New South Wales 2899,Norfolk Island","phones":"+672350169","fax":"+61672323178","email":"motels@fletcherchristian.nf","url":"http://www.fletcherchristian.nf/","countryIso2":"NF","countryName":"Norfolk Island","hotelRating":"3","latitude":"-29.0369","longitude":"167.956","state_id":null,"state_name":null,"country_id":null},{"active":false,"Giataid":"245229","cityId":null,"cityName":"Norfolk Island","hotelId":245229,"hotelName":"Highlands Eco Lodge & Cottages","address":"P.O. Box 15,Selwyn Pine Road,Norfolk Island,New South Wales 2899,Norfolk Island","phones":"+672322625","fax":"+672322785","email":"hmartinres@ni.net.nf","url":"http://www.norfolkislandaccom.com/site/highlands","countryIso2":"NF","countryName":"Norfolk Island","hotelRating":"1","latitude":"-29.0234","longitude":"167.95","state_id":null,"state_name":null,"country_id":null},{"active":false,"Giataid":"245230","cityId":null,"cityName":"Norfolk Island","hotelId":245230,"hotelName":"Ocean Breeze Cottages","address":"72 Queen Elizabeth Avenue,Norfolk Island,2899,Norfolk Island","phones":"+672322114","fax":"+61672323014","email":"reservations@norfolk-pines-group.nf","url":"http://norfolk-pines-group.nf/ocean.htm","countryIso2":"NF","countryName":"Norfolk Island","hotelRating":"3","latitude":"-29.0415","longitude":"167.965","state_id":null,"state_name":null,"country_id":null},{"active":false,"Giataid":"245231","cityId":null,"cityName":"Burnt Pine","hotelId":245231,"hotelName":"Pine Valley Apartments","address":"New Cascade Road,PO Box 597,Burnt Pine,Norfolk Island,New South Wales 2899,Norfolk Island","phones":"+672322202","fax":"+61672323207","email":"pinevalley@ni.net.nf","url":"","countryIso2":"NF","countryName":"Norfolk Island","hotelRating":"3","latitude":"-29.0314","longitude":"167.957","state_id":null,"state_name":null,"country_id":null},{"active":false,"Giataid":"245232","cityId":null,"cityName":"Norfolk Island","hotelId":245232,"hotelName":"Tau Gardens","address":"32 Captain Quintal Drive,Norfolk Island 2899,Norfolk Island","phones":"+672322897","fax":"","email":"ansonbaylodge@ninet.nf","url":"http://www.ansonbaylodge.com/taugardens.html","countryIso2":"NF","countryName":"Norfolk Island","hotelRating":"3","latitude":"-29.042","longitude":"167.933","state_id":null,"state_name":null,"country_id":null},{"active":false,"Giataid":"245233","cityId":null,"cityName":"Burnt Pine","hotelId":245233,"hotelName":"Whispering Pines Cottages","address":"80 Grassy Road,PO Box 478,Burnt Pine,Norfolk Island National Park,Norfolk Island 2899,Norfolk Island","phones":"+672322100","fax":"+61672323014","email":"reservations@norfolk-pines-group.nf","url":"http://www.nswholidays.com.au/accommodation/Norfolk-Island/Whispering-Pines-Luxury-Cottages-2WPLNLK.html","countryIso2":"NF","countryName":"Norfolk Island","hotelRating":"4","latitude":"-29.0257","longitude":"167.942","state_id":null,"state_name":null,"country_id":null},{"active":false,"Giataid":"245234","cityId":null,"cityName":"Norfolk Island","hotelId":245234,"hotelName":"Mokutu Hotel Apartments","address":"51 Stockyard Road,Norfolk Island,New South Wales 2899,Norfolk Island","phones":"+672322269","fax":"+672322376","email":"info@mokutu.com","url":"http://inngroup.nf","countryIso2":"NF","countryName":"Norfolk Island","hotelRating":"1","latitude":"-29.0375","longitude":"167.983","state_id":null,"state_name":null,"country_id":null},{"active":false,"Giataid":"245235","cityId":null,"cityName":"Burnt Pine","hotelId":245235,"hotelName":"Channers On Norfolk","address":"144 Taylors Road,Norfolk Island 2899,Norfolk Island","phones":"+672350532","fax":"+61672323329","email":"channers@norfolk.nf","url":"http://www.channerscorner.com/","countryIso2":"NF","countryName":"Norfolk Island","hotelRating":"3","latitude":"-29.0402","longitude":"167.955","state_id":null,"state_name":null,"country_id":null},{"active":false,"Giataid":"364859","cityId":null,"cityName":"Norfolk Island","hotelId":364859,"hotelName":"A-Frame Chalets @ Mokutu","address":"165 Stockyard Road,Burnt Pine,Norfolk Island 2899,Norfolk Island","phones":"+672322269","fax":"","email":"info@mokutu.com","url":"http://mokutu.com/","countryIso2":"NF","countryName":"Norfolk Island","hotelRating":"3","latitude":"-29.0377","longitude":"167.983","state_id":null,"state_name":null,"country_id":null},{"active":false,"Giataid":"364860","cityId":null,"cityName":"Norfolk Island","hotelId":364860,"hotelName":"Ball Bay House","address":"","phones":"","fax":"","email":"","url":"","countryIso2":"NF","countryName":"Norfolk Island","hotelRating":"1","latitude":"-29.0513","longitude":"167.977","state_id":null,"state_name":null,"country_id":null},{"active":false,"Giataid":"364861","cityId":null,"cityName":"Norfolk Island","hotelId":364861,"hotelName":"Bucks Point House","address":"","phones":"","fax":"","email":"","url":"","countryIso2":"NF","countryName":"Norfolk Island","hotelRating":"1","latitude":"-29.0384","longitude":"167.955","state_id":null,"state_name":null,"country_id":null},{"active":false,"Giataid":"364862","cityId":null,"cityName":"Norfolk Island","hotelId":364862,"hotelName":"Endeavour Lodge","address":"158A Collins Head Road,PO Box 478,Norfolk Island,Norfolk Island 2899,Norfolk Island","phones":"+672322100","fax":"","email":"","url":"","countryIso2":"NF","countryName":"Norfolk Island","hotelRating":"4","latitude":"-29.0549","longitude":"167.977","state_id":null,"state_name":null,"country_id":null},{"active":false,"Giataid":"364863","cityId":null,"cityName":"Norfolk Island","hotelId":364863,"hotelName":"Sea View Hotel & Cottages","address":"Taylors Road,Norfolk Island 2899,Norfolk Island","phones":"+672322255","fax":"","email":"","url":"https://www.seaviewnorfolkisland.com.au","countryIso2":"NF","countryName":"Norfolk Island","hotelRating":"3","latitude":"-29.0411","longitude":"167.956","state_id":null,"state_name":null,"country_id":null},{"active":false,"Giataid":"507700","cityId":null,"cityName":"Norfolk Island","hotelId":507700,"hotelName":"Aataren Norfolk Island Villas","address":"42 Queen Elizabeth Avenue,Norfolk Island 2899,Norfolk Island","phones":"+672322162","fax":"+672322156","email":"colonylodge@norfolk.nf","url":"http://www.aatarennorfolkislandvillas.com","countryIso2":"NF","countryName":"Norfolk Island","hotelRating":"4","latitude":"-29.0411","longitude":"167.962","state_id":null,"state_name":null,"country_id":null},{"active":false,"Giataid":"551611","cityId":null,"cityName":"Norfolk Island","hotelId":551611,"hotelName":"Nuffka Deluxe Studio Apartments","address":"20 Ferny Lane,Burnt Pine 2899,Norfolk Island,Norfolk Island","phones":"+67261672322577","fax":"","email":"res@nuffkaapartments.com","url":"http://www.nuffkaapartments.com/","countryIso2":"NF","countryName":"Norfolk Island","hotelRating":"2","latitude":"-29.0328","longitude":"167.945","state_id":null,"state_name":null,"country_id":null},{"active":false,"Giataid":"726597","cityId":null,"cityName":"Norfolk Island","hotelId":726597,"hotelName":"Forrester Court Clifftop Cottages","address":"Mill Road,PO Box 496,Norfolk Island 2899,Norfolk Island","phones":"+672322838","fax":"","email":"res@forrestercourt.com","url":"http://www.forrestercourt.com","countryIso2":"NF","countryName":"Norfolk Island","hotelRating":"5","latitude":"-29.0384","longitude":"167.955","state_id":null,"state_name":null,"country_id":null},{"active":false,"Giataid":"677500","cityId":null,"cityName":"Norfolk Island","hotelId":10070397,"hotelName":"The White House","address":"65 Martins Road,Kingston,Norfolk Island 2899,Norfolk Island","phones":"+672322721","fax":"","email":"","url":"","countryIso2":"NF","countryName":"Norfolk Island","hotelRating":"4","latitude":"-29.0432","longitude":"167.986","state_id":null,"state_name":null,"country_id":null},{"active":false,"Giataid":"532903","cityId":null,"cityName":"Burnt Pine","hotelId":10071558,"hotelName":"The Tin Sheds","address":"17 The Village Place,PO Box 481,Burnt Pine,Norfolk Island 2899,Norfolk Island","phones":"+672350","fax":"","email":"","url":"","countryIso2":"NF","countryName":"Norfolk Island","hotelRating":"5","latitude":"-29.0344","longitude":"167.956","state_id":null,"state_name":null,"country_id":null},{"active":false,"Giataid":"245215","cityId":null,"cityName":"Norfolk Island","hotelId":10072929,"hotelName":"Jacaranda Park Holiday Cottage","address":"P.O. Box 421,Cutters Corn Road,Norfolk Island 2899,Norfolk Island","phones":"+672323883","fax":"","email":"","url":"","countryIso2":"NF","countryName":"Norfolk Island","hotelRating":"3","latitude":"-29.0396","longitude":"167.974","state_id":null,"state_name":null,"country_id":null},{"active":false,"Giataid":"869646","cityId":null,"cityName":"Burnt Pine","hotelId":20354634,"hotelName":"Wattle Cottage","address":"28 New Cascade Road,PO Box 558,Burnt Pine 2899,Norfolk Island","phones":"","fax":"","email":"","url":"","countryIso2":"NF","countryName":"Norfolk Island","hotelRating":"0","latitude":"-29.035","longitude":"167.956","state_id":null,"state_name":null,"country_id":null}]