[{"active":false,"Giataid":"142918","cityId":36680,"cityName":"Rota","hotelId":142918,"hotelName":"Coconut Village","address":"","phones":"","fax":"","email":"","url":"","countryIso2":"MP","countryName":"Northern Mariana Islands","hotelRating":"3","latitude":"14.1781","longitude":"145.205","state_id":1193,"state_name":"Andalusia","country_id":207},{"active":false,"Giataid":"142922","cityId":36680,"cityName":"Rota","hotelId":142922,"hotelName":"Rota","address":"","phones":"","fax":"","email":"","url":"","countryIso2":"MP","countryName":"Northern Mariana Islands","hotelRating":"3","latitude":"14.1781","longitude":"145.205","state_id":1193,"state_name":"Andalusia","country_id":207},{"active":false,"Giataid":"142923","cityId":36680,"cityName":"Rota","hotelId":142923,"hotelName":"Rota Resort & Country Club","address":"Rota Island,Northern Mariana Islands","phones":"+16705321155","fax":"+16705321156","email":"","url":"http://www.rotaresortgolf.com/","countryIso2":"MP","countryName":"Northern Mariana Islands","hotelRating":"4","latitude":"14.1873","longitude":"145.23","state_id":1193,"state_name":"Andalusia","country_id":207}]