[{"active":false,"Giataid":"128897","cityId":null,"cityName":"Saipan","hotelId":128897,"hotelName":"Hyatt Regency Saipan","address":"Micro Beach Road,Royal Palm Avenue,Garapan,Saipan 96950,Mariana Islands,Micronesia,Northern Mariana Islands","phones":"+16702341234","fax":"+16702347745","email":"saipan.regency@hyatt.com","url":"https://saipan.regency.hyatt.com/en/hotel/home.html","countryIso2":"MP","countryName":"Northern Mariana Islands","hotelRating":"5","latitude":"15.2158","longitude":"145.717","state_id":null,"state_name":null,"country_id":null},{"active":false,"Giataid":"495162","cityId":null,"cityName":"Garapan","hotelId":129715,"hotelName":"Grandvrio Resort Saipan","address":"Northern Marianas,Garapan 96950,Saipan,Northern Mariana Islands","phones":"+16702346495","fax":"+16702372529","email":"","url":"http://www.hafadaisaipan.com","countryIso2":"MP","countryName":"Northern Mariana Islands","hotelRating":"3","latitude":"15.2091","longitude":"145.717","state_id":null,"state_name":null,"country_id":null},{"active":false,"Giataid":"129716","cityId":null,"cityName":"Saipan","hotelId":129716,"hotelName":"World Resort","address":"PO Box 500066,Saipan 96950,Northern Mariana Islands","phones":"+16702345900","fax":"+16702345909","email":"swrkor@hanwha.co.kr","url":"http://www.saipanworldresort.com/english/","countryIso2":"MP","countryName":"Northern Mariana Islands","hotelRating":"4","latitude":"15.1583","longitude":"145.703","state_id":null,"state_name":null,"country_id":null},{"active":false,"Giataid":"129719","cityId":null,"cityName":"Saipan","hotelId":129719,"hotelName":"Mariana Resort & Spa","address":"P.O. Box 500527,96950 Saipan,Northern Mariana Islands","phones":"+16703220770","fax":"+16703220776","email":"","url":"http://www.marianaresort.com/en/","countryIso2":"MP","countryName":"Northern Mariana Islands","hotelRating":"4","latitude":"15.2647","longitude":"145.786","state_id":null,"state_name":null,"country_id":null},{"active":false,"Giataid":"129717","cityId":null,"cityName":"Saipan","hotelId":129717,"hotelName":"Aqua Resort Club","address":"P.O. Box 500009,Achugao,Saipan 96950,Northern Mariana Islands","phones":"+16703221234","fax":"+16703221220","email":"info@aquaresortsaipan.com","url":"http://www.aquaresortsaipan.com/","countryIso2":"MP","countryName":"Northern Mariana Islands","hotelRating":"4","latitude":"15.2459","longitude":"145.767","state_id":null,"state_name":null,"country_id":null},{"active":false,"Giataid":"419947","cityId":null,"cityName":"Saipan","hotelId":129718,"hotelName":"Kanoa Resort Saipan","address":"Beach Road,Susupe,PO Box 500369,Saipan,Northern Mariana Islands 96950,Northern Mariana Islands","phones":"+16702346601","fax":"+16702348007","email":"reservations@saipan-grandhotel.com","url":"http://www.saipan-grandhotel.com/index.php","countryIso2":"MP","countryName":"Northern Mariana Islands","hotelRating":"3","latitude":"15.1563","longitude":"145.702","state_id":null,"state_name":null,"country_id":null},{"active":false,"Giataid":"129720","cityId":null,"cityName":"Saipan","hotelId":129720,"hotelName":"Fiesta Resort & Spa","address":"PO Box 501029,Saipan 96950,Northern Mariana Islands","phones":"+16702346412","fax":"","email":"info@fiestasaipan.com","url":"http://www.fiestasaipan.com","countryIso2":"MP","countryName":"Northern Mariana Islands","hotelRating":"3","latitude":"15.2145","longitude":"145.717","state_id":null,"state_name":null,"country_id":null},{"active":false,"Giataid":"132730","cityId":null,"cityName":"Saipan","hotelId":132730,"hotelName":"Pacific Islands Club","address":"P.O.Box 502370,Saipan,Mariana Islands 96950,Northern Mariana Islands","phones":"+16702347976","fax":"+16702357981","email":"sales@picsaipan.com","url":"http://www.picresorts.com/saipan/","countryIso2":"MP","countryName":"Northern Mariana Islands","hotelRating":"4","latitude":"15.1283","longitude":"145.694","state_id":null,"state_name":null,"country_id":null},{"active":false,"Giataid":"132731","cityId":null,"cityName":"Saipan","hotelId":132731,"hotelName":"Plumeria Resort","address":"","phones":"","fax":"","email":"","url":"","countryIso2":"MP","countryName":"Northern Mariana Islands","hotelRating":"3","latitude":"15.1924","longitude":"145.724","state_id":null,"state_name":null,"country_id":null},{"active":false,"Giataid":"142919","cityId":null,"cityName":"Saipan","hotelId":142919,"hotelName":"Coral Ocean Golf Resort Saipan","address":"As Gonno Road,Koblerville Road,PO Box 501160,Koblerville,96950 Saipan,Saipan Island,Northern Mariana Islands","phones":"+16702377000","fax":"+16702347005","email":"reservation@copspn.com","url":"http://www.copspn.com/","countryIso2":"MP","countryName":"Northern Mariana Islands","hotelRating":"3","latitude":"15.1151","longitude":"145.706","state_id":null,"state_name":null,"country_id":null},{"active":false,"Giataid":"142920","cityId":null,"cityName":"Tinian","hotelId":142920,"hotelName":"Dynasty  And Casino","address":"","phones":"","fax":"","email":"","url":"","countryIso2":"MP","countryName":"Northern Mariana Islands","hotelRating":"5","latitude":"14.9846","longitude":"145.634","state_id":null,"state_name":null,"country_id":null},{"active":false,"Giataid":"244165","cityId":null,"cityName":"Saipan","hotelId":244165,"hotelName":"Riviera","address":"Saipan,Northern Mariana Islands,Northern Mariana Islands","phones":"","fax":"","email":"","url":"http://www.hotelrivierasaipan.com/","countryIso2":"MP","countryName":"Northern Mariana Islands","hotelRating":"3","latitude":"15.1778","longitude":"145.751","state_id":null,"state_name":null,"country_id":null},{"active":false,"Giataid":"695071","cityId":null,"cityName":"Saipan","hotelId":695071,"hotelName":"Mango Resort Saipan","address":"Figan Lane,As Lito Route 301 Road,As Perdido Village,96950 Saipan,Saipan Island,Northern Mariana Islands","phones":"+16702886903","fax":"","email":"book@mangoresort.com","url":"https://www.mangoresort.com","countryIso2":"MP","countryName":"Northern Mariana Islands","hotelRating":"3","latitude":"15.1311","longitude":"145.711","state_id":null,"state_name":null,"country_id":null},{"active":false,"Giataid":"728658","cityId":null,"cityName":"Saipan","hotelId":728658,"hotelName":"TF Seaside Hotel","address":"53189 Saipan Beach Road,PMB 1111,P.O. Box 10003,Saipan 96950,Northern Mariana Islands","phones":"","fax":"","email":"","url":"","countryIso2":"MP","countryName":"Northern Mariana Islands","hotelRating":"1","latitude":"15.1914","longitude":"145.717","state_id":null,"state_name":null,"country_id":null},{"active":false,"Giataid":"728771","cityId":null,"cityName":"Saipan","hotelId":728771,"hotelName":"Summit Condominium And Hotel","address":"Fitme PIace,Saipan 96950,Northern Mariana Islands","phones":"","fax":"","email":"","url":"","countryIso2":"MP","countryName":"Northern Mariana Islands","hotelRating":"1","latitude":"15.1924","longitude":"145.724","state_id":null,"state_name":null,"country_id":null},{"active":false,"Giataid":"729014","cityId":null,"cityName":"Saipan","hotelId":729014,"hotelName":"G.T. Guest House","address":"Palm Street,Garapan,Saipan 96950,Northern Mariana Islands","phones":"","fax":"","email":"","url":"","countryIso2":"MP","countryName":"Northern Mariana Islands","hotelRating":"1","latitude":"15.215","longitude":"145.719","state_id":null,"state_name":null,"country_id":null},{"active":false,"Giataid":"729788","cityId":null,"cityName":"Tinian","hotelId":729788,"hotelName":"Tinian Ocean View Hotel","address":"Tinian MP,Tinian 96952,Northern Mariana Islands","phones":"","fax":"","email":"","url":"","countryIso2":"MP","countryName":"Northern Mariana Islands","hotelRating":"1","latitude":"14.9553","longitude":"145.631","state_id":null,"state_name":null,"country_id":null},{"active":false,"Giataid":"734495","cityId":null,"cityName":"Saipan","hotelId":734495,"hotelName":"Saipan Glamping Village","address":"Isa Drive,Saipan 96950,Northern Mariana Islands","phones":"","fax":"","email":"","url":"","countryIso2":"MP","countryName":"Northern Mariana Islands","hotelRating":"1","latitude":"15.158","longitude":"145.742","state_id":null,"state_name":null,"country_id":null},{"active":false,"Giataid":"735211","cityId":null,"cityName":"Saipan","hotelId":735211,"hotelName":"Pacific Palm Resort","address":"Chalan Kiya Drive,Saipan 96950,Northern Mariana Islands","phones":"","fax":"","email":"","url":"","countryIso2":"MP","countryName":"Northern Mariana Islands","hotelRating":"1","latitude":"15.1924","longitude":"145.724","state_id":null,"state_name":null,"country_id":null},{"active":false,"Giataid":"738495","cityId":null,"cityName":"Saipan","hotelId":738495,"hotelName":"Star Sands Hotel","address":"Beach Road PMB 1148,PO Box 10003,Garapan,96950 Saipan,Northern Mariana Islands","phones":"","fax":"","email":"","url":"","countryIso2":"MP","countryName":"Northern Mariana Islands","hotelRating":"1","latitude":"15.1924","longitude":"145.724","state_id":null,"state_name":null,"country_id":null},{"active":false,"Giataid":"740229","cityId":null,"cityName":"Saipan","hotelId":740229,"hotelName":"Daora Guest House","address":"Palm Street,Garapan,POBox 502899,Saipan 96950,Northern Mariana Islands","phones":"+167016668267","fax":"","email":"","url":"http://www.daoraguest.com","countryIso2":"MP","countryName":"Northern Mariana Islands","hotelRating":"1","latitude":"15.1924","longitude":"145.724","state_id":null,"state_name":null,"country_id":null},{"active":false,"Giataid":"740369","cityId":null,"cityName":"Saipan","hotelId":740369,"hotelName":"Saipan Beach Hotel","address":"Alupyang Place,Afetna,Saipan 96950,Northern Mariana Islands","phones":"+16702356243","fax":"","email":"info@saipanbeachhotel.com","url":"http://www.saipanbeachhotel.com","countryIso2":"MP","countryName":"Northern Mariana Islands","hotelRating":"1","latitude":"15.1924","longitude":"145.724","state_id":null,"state_name":null,"country_id":null},{"active":false,"Giataid":"743850","cityId":null,"cityName":"Saipan","hotelId":743850,"hotelName":"Pacific Island Inn","address":"PMB 686 Box 10000 Garapan,Saipan 96950,Northern Mariana Islands","phones":"","fax":"","email":"","url":"","countryIso2":"MP","countryName":"Northern Mariana Islands","hotelRating":"1","latitude":"15.214","longitude":"145.72","state_id":null,"state_name":null,"country_id":null},{"active":false,"Giataid":"802228","cityId":null,"cityName":"Saipan","hotelId":802228,"hotelName":"Fantastic Garden Saipan","address":"Middle Road,Gualo Rai,PO Box 502605,Saipan 96950,Northern Mariana Islands","phones":"","fax":"","email":"","url":"http://www.tripadvisor.com/Hotel_Review-g609174-d12883944","countryIso2":"MP","countryName":"Northern Mariana Islands","hotelRating":"1","latitude":"15.1924","longitude":"145.724","state_id":null,"state_name":null,"country_id":null},{"active":false,"Giataid":"813081","cityId":null,"cityName":"Saipan","hotelId":813081,"hotelName":"Kensington Hotel Saipan","address":"CHRB,PO Box 5152,Saipan 96950,Northern Mariana Islands","phones":"+16703223311","fax":"","email":"info@kensingtonsaipan.com","url":"http://www.kensingtonsaipan.com","countryIso2":"MP","countryName":"Northern Mariana Islands","hotelRating":"1","latitude":"15.1924","longitude":"145.724","state_id":null,"state_name":null,"country_id":null},{"active":false,"Giataid":"474950","cityId":null,"cityName":"Garapan","hotelId":10047656,"hotelName":"Hotel Galleria Saipan","address":"Alaihai Avenue,96950 Garapan,Saipan,Northern Mariana Islands","phones":"+16702332122","fax":"","email":"","url":"","countryIso2":"MP","countryName":"Northern Mariana Islands","hotelRating":"3","latitude":"15.2101","longitude":"145.719","state_id":null,"state_name":null,"country_id":null},{"active":false,"Giataid":"550424","cityId":null,"cityName":"Saipan","hotelId":10049805,"hotelName":"Gold Beach Hotel","address":"Beach Road,Palm Palm Villa,96950 Saipan,Northern Mariana Islands","phones":"","fax":"","email":"","url":"","countryIso2":"MP","countryName":"Northern Mariana Islands","hotelRating":"3","latitude":"15.1929","longitude":"145.716","state_id":null,"state_name":null,"country_id":null},{"active":false,"Giataid":"494294","cityId":null,"cityName":"Saipan","hotelId":10055617,"hotelName":"Capital Hotel","address":"Flooris Avenue,Garapan,Saipan 96950,Northern Mariana Islands","phones":"","fax":"","email":"","url":"","countryIso2":"MP","countryName":"Northern Mariana Islands","hotelRating":"2","latitude":"15.2107","longitude":"145.72","state_id":null,"state_name":null,"country_id":null},{"active":false,"Giataid":"520520","cityId":null,"cityName":"Garapan","hotelId":10110335,"hotelName":"Beach Garden Hotel & Apartment","address":"Chichirica Street,Garapan 96950,Saipan,Northern Mariana Islands","phones":"NULL","fax":"NULL","email":"NULL","url":"NULL","countryIso2":"MP","countryName":"Northern Mariana Islands","hotelRating":"3","latitude":"15.1972","longitude":"145.718","state_id":null,"state_name":null,"country_id":null},{"active":false,"Giataid":"701336","cityId":null,"cityName":"Saipan","hotelId":20002661,"hotelName":"Stayhill Resort","address":"Isa Drive Route 31,Saipan 96950,Northern Mariana Islands","phones":"","fax":"","email":"","url":"","countryIso2":"MP","countryName":"Northern Mariana Islands","hotelRating":"0","latitude":"15.1771","longitude":"145.751","state_id":null,"state_name":null,"country_id":null},{"active":false,"Giataid":"533686","cityId":null,"cityName":"Saipan","hotelId":20002899,"hotelName":"Lao Lao Bay Golf and Resort","address":"Kagman,Saipan,Northern Mariana Islands","phones":"","fax":"","email":"","url":"","countryIso2":"MP","countryName":"Northern Mariana Islands","hotelRating":"4","latitude":"15.1745","longitude":"145.775","state_id":null,"state_name":null,"country_id":null},{"active":false,"Giataid":"142921","cityId":null,"cityName":"Saipan","hotelId":20003298,"hotelName":"Palms","address":"PO Box 55152,Saipan,96950,Northern Mariana Islands","phones":"+16703223311","fax":"+16703223311","email":"","url":"","countryIso2":"MP","countryName":"Northern Mariana Islands","hotelRating":"5","latitude":"15.2526","longitude":"145.778","state_id":null,"state_name":null,"country_id":null},{"active":false,"Giataid":"709575","cityId":null,"cityName":"Saipan","hotelId":20003669,"hotelName":"Surfrider Resort Hotel","address":"Brigada St. Beach Road,CK P.O. Box 500487,Saipan  96950,Northern Mariana Islands","phones":"+16702357873","fax":"+16702347347","email":"reservation@saipansurfriderhotel.com","url":"http://www.saipansurfriderhotel.com/","countryIso2":"MP","countryName":"Northern Mariana Islands","hotelRating":"3","latitude":"15.1468","longitude":"145.701","state_id":null,"state_name":null,"country_id":null},{"active":false,"Giataid":"613383","cityId":null,"cityName":"Saipan","hotelId":20004033,"hotelName":"Serenti Hotel","address":"Beach Road,Route 30 Garapan,96950 Saipan,Northern Mariana Islands","phones":"+16702335201","fax":"+16702335203","email":"serentihotel@pticom.com","url":"http://www.serentisaipan.com/","countryIso2":"MP","countryName":"Northern Mariana Islands","hotelRating":"3","latitude":"15.2112","longitude":"145.718","state_id":null,"state_name":null,"country_id":null},{"active":false,"Giataid":"709610","cityId":null,"cityName":"Saipan","hotelId":20004372,"hotelName":"Saipan Vegas Resort","address":"Chalan Kiya,Saipan 96950,Northern Mariana Islands","phones":"+16702342017","fax":"","email":"info@saipanvegas.com","url":"http://www.saipanvegas.com/hotel.html","countryIso2":"MP","countryName":"Northern Mariana Islands","hotelRating":"0","latitude":"15.1924","longitude":"145.724","state_id":null,"state_name":null,"country_id":null}]