[{"active":false,"Giataid":"463513","cityId":null,"cityName":"P?tionville","hotelId":463513,"hotelName":"Paradis Hotel Haiti","address":"Rue Roger Colas 79,Route de Freres,6141 P?tionville,Port-au-Prince,Haiti","phones":"","fax":"","email":"","url":"","countryIso2":"HT","countryName":"Haiti","hotelRating":"1","latitude":"18.5291","longitude":"-72.2638","state_id":null,"state_name":null,"country_id":null},{"active":false,"Giataid":"594898","cityId":null,"cityName":"P?tionville","hotelId":594898,"hotelName":"Tropical Bed & Breakfast","address":"Rue Faubert 179,6140 Petionville,Haiti","phones":"","fax":"","email":"","url":"","countryIso2":"HT","countryName":"Haiti","hotelRating":"3","latitude":"18.5097","longitude":"-72.289","state_id":null,"state_name":null,"country_id":null},{"active":false,"Giataid":"594914","cityId":null,"cityName":"Gonaives","hotelId":594914,"hotelName":"L'Eternel est mon secours","address":"Route National 1,Carrefours Gros-Morne 24,Gonaives,Haiti","phones":"+50931116244","fax":"","email":"contact@leternelestmonsecourshotel.com","url":"http://www.leternelestmonsecourshotel.com/","countryIso2":"HT","countryName":"Haiti","hotelRating":"3","latitude":"19.4605","longitude":"-72.6756","state_id":null,"state_name":null,"country_id":null},{"active":false,"Giataid":"618146","cityId":null,"cityName":"Fermathe","hotelId":618146,"hotelName":"Auberge Sur La Montagne","address":"Fort Jacques 9,1111 Fermathe,Haiti","phones":"","fax":"","email":"","url":"","countryIso2":"HT","countryName":"Haiti","hotelRating":"3","latitude":"18.4846","longitude":"-72.3049","state_id":null,"state_name":null,"country_id":null},{"active":false,"Giataid":"618147","cityId":null,"cityName":"Grande Caille","hotelId":618147,"hotelName":"Hotel Villa Ban-yen","address":"Route Nationale 2,6220 Grande Caille,Haiti","phones":"","fax":"","email":"","url":"","countryIso2":"HT","countryName":"Haiti","hotelRating":"1","latitude":"18.4011","longitude":"-72.8076","state_id":null,"state_name":null,"country_id":null},{"active":false,"Giataid":"664528","cityId":null,"cityName":"P?tionville","hotelId":664528,"hotelName":"Gala Tower Condo & Hotel","address":"15 Rue Mangones,P?tion-Ville,Port-au-Prince,Haiti","phones":"+50937828302","fax":"","email":"info@galatower.com","url":"http://www.galatower.com","countryIso2":"HT","countryName":"Haiti","hotelRating":"3","latitude":"18.5095","longitude":"-72.2813","state_id":null,"state_name":null,"country_id":null},{"active":false,"Giataid":"665876","cityId":null,"cityName":"Gonaives","hotelId":665876,"hotelName":"L'Elysee Guest House","address":"164 Avenue Des Dattes,4110 Gona?ves,Haiti","phones":"","fax":"","email":"","url":"","countryIso2":"HT","countryName":"Haiti","hotelRating":"3","latitude":"19.4564","longitude":"-72.6778","state_id":null,"state_name":null,"country_id":null},{"active":false,"Giataid":"688922","cityId":null,"cityName":"Gonaives","hotelId":688922,"hotelName":"Auberge Pont-Gaudin","address":"Route Nationale 1,Pont-Gaudin,Gona?ves 4110,Haiti","phones":"","fax":"","email":"","url":"","countryIso2":"HT","countryName":"Haiti","hotelRating":"2","latitude":"19.4504","longitude":"-72.6723","state_id":null,"state_name":null,"country_id":null},{"active":false,"Giataid":"724193","cityId":null,"cityName":"P?tionville","hotelId":724193,"hotelName":"Residences Talou","address":"37 Rue Amiral Killick,Morne Calvaire,6140 P?tion-Ville,Haiti","phones":"+50937014455","fax":"","email":"","url":"http://residencestalou.com/","countryIso2":"HT","countryName":"Haiti","hotelRating":"3","latitude":"18.5081","longitude":"-72.2896","state_id":null,"state_name":null,"country_id":null},{"active":false,"Giataid":"724201","cityId":null,"cityName":"P?tionville","hotelId":724201,"hotelName":"Palm Residence","address":"21 Rue Borno,Petionville,Haiti","phones":"","fax":"","email":"","url":"","countryIso2":"HT","countryName":"Haiti","hotelRating":"3","latitude":"18.5143","longitude":"-72.2814","state_id":null,"state_name":null,"country_id":null},{"active":false,"Giataid":"726518","cityId":null,"cityName":"Gonaives","hotelId":726518,"hotelName":"Odivin Hotel Luxury Suite","address":"Avenue Lumane Casimir 70,6112 Gonaives,Haiti","phones":"","fax":"","email":"","url":"","countryIso2":"HT","countryName":"Haiti","hotelRating":"3","latitude":"19.4504","longitude":"-72.6723","state_id":null,"state_name":null,"country_id":null},{"active":false,"Giataid":"727887","cityId":null,"cityName":"Cap-Ha?tien","hotelId":727887,"hotelName":"Les Jardins de L'Ocean","address":"Boulevard de Mer 90,1110 Cap-Ha?tien,Haiti","phones":"","fax":"","email":"","url":"","countryIso2":"HT","countryName":"Haiti","hotelRating":"2","latitude":"19.7567","longitude":"-72.2118","state_id":null,"state_name":null,"country_id":null},{"active":false,"Giataid":"741710","cityId":null,"cityName":"P?tionville","hotelId":741710,"hotelName":"The Trianon Bed & Breakfast","address":"Thomassin 25 60,Route De Soisson,Petionville,Haiti","phones":"","fax":"","email":"","url":"","countryIso2":"HT","countryName":"Haiti","hotelRating":"2","latitude":"18.5143","longitude":"-72.2814","state_id":null,"state_name":null,"country_id":null},{"active":false,"Giataid":"745475","cityId":null,"cityName":"Cap-Ha?tien","hotelId":745475,"hotelName":"Satama Hotel","address":"Habitation Jouissant 250,Rue 29 B Prolong?e,Carrenage,Cap-Haitien,Haiti","phones":"","fax":"","email":"","url":"","countryIso2":"HT","countryName":"Haiti","hotelRating":"3","latitude":"19.7567","longitude":"-72.2118","state_id":null,"state_name":null,"country_id":null},{"active":false,"Giataid":"750156","cityId":null,"cityName":"Cap-Ha?tien","hotelId":750156,"hotelName":"Ecole Les Poupons","address":"Rue 15-16 P 30,Cap-Haitien,Nord,Haiti","phones":"","fax":"","email":"","url":"","countryIso2":"HT","countryName":"Haiti","hotelRating":"2","latitude":"19.7567","longitude":"-72.2118","state_id":null,"state_name":null,"country_id":null},{"active":false,"Giataid":"784895","cityId":null,"cityName":"P?tionville","hotelId":784895,"hotelName":"Le Cupidon Hotel","address":"Rue Du Dr Jn Price Mars 3,Route De Freres,Entree Puits Blain,P?tionville,Haiti","phones":"","fax":"","email":"","url":"","countryIso2":"HT","countryName":"Haiti","hotelRating":"1","latitude":"18.5143","longitude":"-72.2814","state_id":null,"state_name":null,"country_id":null},{"active":false,"Giataid":"785922","cityId":null,"cityName":"Cap-Ha?tien","hotelId":785922,"hotelName":"Habitation Des Lauriers","address":"Rue 13 Q,2001 Cap-Ha?tien,Haiti","phones":"","fax":"","email":"","url":"http://www.habitationdeslauriers.com","countryIso2":"HT","countryName":"Haiti","hotelRating":"1","latitude":"19.7606","longitude":"-72.2062","state_id":null,"state_name":null,"country_id":null},{"active":false,"Giataid":"789583","cityId":null,"cityName":"P?tionville","hotelId":789583,"hotelName":"Basilic Bed & Breakfast","address":"Route De Freres 3,0001 Petion-Ville,Haiti","phones":"+50940318063","fax":"","email":"basilicbedandbreakfast@yahoo.com","url":"http://www.basilicbandb.com","countryIso2":"HT","countryName":"Haiti","hotelRating":"1","latitude":"18.5143","longitude":"-72.2814","state_id":null,"state_name":null,"country_id":null},{"active":false,"Giataid":"791455","cityId":null,"cityName":"Cap-Ha?tien","hotelId":791455,"hotelName":"Bungalow Hotel Lakou Breda","address":"Ruelle Gerard,1110 Cap-Ha?tien,Haiti","phones":"","fax":"","email":"","url":"","countryIso2":"HT","countryName":"Haiti","hotelRating":"1","latitude":"19.7567","longitude":"-72.2118","state_id":null,"state_name":null,"country_id":null},{"active":false,"Giataid":"464693","cityId":null,"cityName":"Montrouis","hotelId":10067820,"hotelName":"Moulin Sur Mer","address":"KM 77 Route Nationale No. 1,Montrouis,Artibonite,Haiti","phones":"+50937011918","fax":"","email":"","url":"","countryIso2":"HT","countryName":"Haiti","hotelRating":"3","latitude":"18.9524","longitude":"-72.7181","state_id":null,"state_name":null,"country_id":null},{"active":false,"Giataid":"370403","cityId":null,"cityName":"P?tionville","hotelId":10069899,"hotelName":"Allamanda Hotel","address":"30 Corner Rue Metellus and Og?,39 Rue Metellus,HT-6166  P?tion-Ville,Haiti","phones":"+50934355603","fax":"","email":"","url":"","countryIso2":"HT","countryName":"Haiti","hotelRating":"3","latitude":"18.5109","longitude":"-72.283","state_id":null,"state_name":null,"country_id":null},{"active":false,"Giataid":"517556","cityId":null,"cityName":"Carri?s","hotelId":10071725,"hotelName":"Kaliko Beach Club","address":"Route Nationale 1 km 61,Carries,Haiti","phones":"+50929404609","fax":"","email":"","url":"","countryIso2":"HT","countryName":"Haiti","hotelRating":"3","latitude":"18.8711","longitude":"-72.6154","state_id":null,"state_name":null,"country_id":null},{"active":false,"Giataid":"670949","cityId":null,"cityName":"P?tionville","hotelId":10071841,"hotelName":"Le Perroquet","address":"29 rue Lamarre,Petionville,Haiti","phones":"","fax":"","email":"","url":"","countryIso2":"HT","countryName":"Haiti","hotelRating":"1","latitude":"18.5142","longitude":"-72.2874","state_id":null,"state_name":null,"country_id":null},{"active":false,"Giataid":"463113","cityId":null,"cityName":"Cap-Ha?tien","hotelId":10072073,"hotelName":"Habitation Jouissant","address":"Habitation Jouissant 202,Cap-Ha?tien,Haiti","phones":"+50931242400","fax":"","email":"","url":"","countryIso2":"HT","countryName":"Haiti","hotelRating":"3","latitude":"19.7687","longitude":"-72.196","state_id":null,"state_name":null,"country_id":null},{"active":false,"Giataid":"489006","cityId":null,"cityName":"Montrouis","hotelId":10072130,"hotelName":"Royal Decameron Indigo Beach Resort & Spa","address":"Route Nationale 1 Km 78,C?te des Arcadins,4311 Montrouis,Haiti","phones":"+50918553080375","fax":"","email":"","url":"","countryIso2":"HT","countryName":"Haiti","hotelRating":"4","latitude":"18.9566","longitude":"-72.7268","state_id":null,"state_name":null,"country_id":null},{"active":false,"Giataid":"463108","cityId":null,"cityName":"Cap-Ha?tien","hotelId":10072226,"hotelName":"Cormier Plage Resort","address":"Route de Labadie,Cap-Haitien,Haiti","phones":"+50937020210","fax":"","email":"","url":"","countryIso2":"HT","countryName":"Haiti","hotelRating":"3","latitude":"19.7814","longitude":"-72.2286","state_id":null,"state_name":null,"country_id":null},{"active":false,"Giataid":"452921","cityId":null,"cityName":"P?tionville","hotelId":10072276,"hotelName":"La Pepiniere Hotel","address":"Entr?e La P?pini?re 8,Route de Freres,Petion-Ville,Haiti","phones":"+50928131190","fax":"","email":"","url":"","countryIso2":"HT","countryName":"Haiti","hotelRating":"3","latitude":"18.5247","longitude":"-72.263","state_id":null,"state_name":null,"country_id":null},{"active":false,"Giataid":"493623","cityId":null,"cityName":"Tabarre","hotelId":10072277,"hotelName":"Kemael Hotel","address":"Boulevard 15 Octobre 58,Rue C. Sylvain 4,En face de Sun Auto,Tabarre,Haiti","phones":"+50934431694","fax":"","email":"","url":"","countryIso2":"HT","countryName":"Haiti","hotelRating":"3","latitude":"18.5501","longitude":"-72.2445","state_id":null,"state_name":null,"country_id":null},{"active":false,"Giataid":"486045","cityId":null,"cityName":"Port-Salut","hotelId":10072421,"hotelName":"Dan's Creek Hotel","address":"Route de Port-Salut,Port-Salut,Haiti","phones":"","fax":"","email":"","url":"","countryIso2":"HT","countryName":"Haiti","hotelRating":"3","latitude":"18.0881","longitude":"-73.9257","state_id":null,"state_name":null,"country_id":null},{"active":false,"Giataid":"664543","cityId":null,"cityName":"Port-Salut","hotelId":10072422,"hotelName":"Auberge Du Rayon Vert","address":"Pointe Sable,Port-Salut,Haiti","phones":"","fax":"","email":"","url":"","countryIso2":"HT","countryName":"Haiti","hotelRating":"3","latitude":"18.0886","longitude":"-73.9261","state_id":null,"state_name":null,"country_id":null},{"active":false,"Giataid":"529877","cityId":null,"cityName":"Port-Salut","hotelId":10072423,"hotelName":"Hotel du Village","address":"Pointe Sable,Port-Salut,Haiti","phones":"","fax":"","email":"","url":"","countryIso2":"HT","countryName":"Haiti","hotelRating":"2","latitude":"18.0954","longitude":"-73.9317","state_id":null,"state_name":null,"country_id":null},{"active":false,"Giataid":"463105","cityId":null,"cityName":"Cap-Ha?tien","hotelId":10072447,"hotelName":"Hotel Du Roi Christophe","address":"Rue 24 B,Cap Haitien,Haiti","phones":"+50936878915","fax":"","email":"","url":"","countryIso2":"HT","countryName":"Haiti","hotelRating":"3","latitude":"19.763","longitude":"-72.1978","state_id":null,"state_name":null,"country_id":null},{"active":false,"Giataid":"448830","cityId":null,"cityName":"Cap-Ha?tien","hotelId":10072582,"hotelName":"Metro Residences","address":"9 Ruelle Casimir,Charrier,Cap-Haitien,Haiti","phones":"","fax":"","email":"","url":"","countryIso2":"HT","countryName":"Haiti","hotelRating":"3","latitude":"19.7312","longitude":"-72.2262","state_id":null,"state_name":null,"country_id":null},{"active":false,"Giataid":"463256","cityId":null,"cityName":"Cap-Ha?tien","hotelId":10072963,"hotelName":"Le Paradis S. Hotel","address":"28 Rue 19 K,Cap-Haitien,Haiti","phones":"+50934930513","fax":"","email":"","url":"","countryIso2":"HT","countryName":"Haiti","hotelRating":"3","latitude":"19.7627","longitude":"-72.2037","state_id":null,"state_name":null,"country_id":null},{"active":false,"Giataid":"476659","cityId":null,"cityName":"P?tionville","hotelId":10073165,"hotelName":"Corail Suites","address":"Impasse Hudicourt and Route des Freres,Petionville,Haiti","phones":"+50928119744","fax":"","email":"","url":"","countryIso2":"HT","countryName":"Haiti","hotelRating":"3","latitude":"18.5276","longitude":"-72.2719","state_id":null,"state_name":null,"country_id":null},{"active":false,"Giataid":"476389","cityId":null,"cityName":"Carri?s","hotelId":10073261,"hotelName":"Wahoo Bay Beach Club & Resort","address":"Route Nationale 1 km 62,Carri?s,Haiti","phones":"+50928122499","fax":"","email":"","url":"","countryIso2":"HT","countryName":"Haiti","hotelRating":"2","latitude":"18.8768","longitude":"-72.6149","state_id":null,"state_name":null,"country_id":null},{"active":false,"Giataid":"580884","cityId":null,"cityName":"P?tionville","hotelId":10073262,"hotelName":"B & B Comfy Inn","address":"73 Angle Rue Clerveaux et Og?,Petionville,Haiti","phones":"","fax":"","email":"","url":"","countryIso2":"HT","countryName":"Haiti","hotelRating":"2","latitude":"18.5154","longitude":"-72.2896","state_id":null,"state_name":null,"country_id":null},{"active":false,"Giataid":"475260","cityId":null,"cityName":"P?tionville","hotelId":10073365,"hotelName":"La Reserve Hotel","address":"Rue Marcel Toureau 2,Berth?,P?tion-Ville,Haiti","phones":"+50929461111","fax":"","email":"","url":"","countryIso2":"HT","countryName":"Haiti","hotelRating":"3","latitude":"18.508","longitude":"-72.2831","state_id":null,"state_name":null,"country_id":null},{"active":false,"Giataid":"664557","cityId":null,"cityName":"Montrouis","hotelId":10090950,"hotelName":"Le Dubourg Guesthouse","address":"Route Nationale 1 km 81,Montrouis,Artibonite,Saint-Marc,Haiti","phones":"+50938707225","fax":"NULL","email":"NULL","url":"NULL","countryIso2":"HT","countryName":"Haiti","hotelRating":"2","latitude":"18.9492","longitude":"-72.703","state_id":null,"state_name":null,"country_id":null},{"active":false,"Giataid":"372278","cityId":null,"cityName":"Cap-Ha?tien","hotelId":10095334,"hotelName":"Mont Joli Hotel","address":"Rue 29 B,Cap-Haitien,Haiti","phones":"NULL","fax":"NULL","email":"NULL","url":"NULL","countryIso2":"HT","countryName":"Haiti","hotelRating":"3","latitude":"19.7671","longitude":"-72.1962","state_id":null,"state_name":null,"country_id":null},{"active":false,"Giataid":"580883","cityId":null,"cityName":"Carri?s","hotelId":10100442,"hotelName":"Ouanga Bay Beach Hotel","address":"km 63,Carries,HT6411 Arcahaie,Haiti","phones":"+50934342020","fax":"NULL","email":"NULL","url":"NULL","countryIso2":"HT","countryName":"Haiti","hotelRating":"2","latitude":"18.8881","longitude":"-72.6201","state_id":null,"state_name":null,"country_id":null},{"active":false,"Giataid":"463102","cityId":null,"cityName":"Cap-Ha?tien","hotelId":10102547,"hotelName":"Villa Prosper Guest House","address":"1A, Rue Belle-Vue,Pipo-Ville,Vaudreuil,Cap-Haitien,Haiti","phones":"+50937809555","fax":"NULL","email":"NULL","url":"NULL","countryIso2":"HT","countryName":"Haiti","hotelRating":"3","latitude":"19.7126","longitude":"-72.2611","state_id":null,"state_name":null,"country_id":null},{"active":false,"Giataid":"463252","cityId":null,"cityName":"Cap-Ha?tien","hotelId":10105878,"hotelName":"Rival Hotel","address":"90 Boulevard Carenage,Chemin en terre battue jusqu'? la plage,Route de Rival,Cap Ha?tien,Haiti","phones":"+50931964010","fax":"NULL","email":"NULL","url":"NULL","countryIso2":"HT","countryName":"Haiti","hotelRating":"2","latitude":"19.7791","longitude":"-72.1919","state_id":null,"state_name":null,"country_id":null},{"active":false,"Giataid":"463112","cityId":null,"cityName":"Cap-Ha?tien","hotelId":10110194,"hotelName":"Auberge Villa Cana","address":"Route Nationale 1,1113 Cap Haitien,Haiti,Haiti","phones":"+50932212552","fax":"NULL","email":"NULL","url":"NULL","countryIso2":"HT","countryName":"Haiti","hotelRating":"3","latitude":"19.7192","longitude":"-72.2559","state_id":null,"state_name":null,"country_id":null},{"active":false,"Giataid":"463264","cityId":null,"cityName":"Cap-Ha?tien","hotelId":10110472,"hotelName":"Beau Rivage Hotel","address":"24 - 25 Blvd Carenage,Cap Ha?tien,Haiti","phones":"+50938825583","fax":"NULL","email":"NULL","url":"NULL","countryIso2":"HT","countryName":"Haiti","hotelRating":"3","latitude":"19.7725","longitude":"-72.1928","state_id":null,"state_name":null,"country_id":null},{"active":false,"Giataid":"523141","cityId":null,"cityName":"Tabarre","hotelId":10118329,"hotelName":"Executive Villas","address":"Angle Rue Tapage et Blvd. 15 Octobre,Tabarre 43 (Local Belmart Super-Market),Tabarre,Haiti","phones":"+50928161777","fax":"NULL","email":"NULL","url":"NULL","countryIso2":"HT","countryName":"Haiti","hotelRating":"3","latitude":"18.554","longitude":"-72.244","state_id":null,"state_name":null,"country_id":null},{"active":false,"Giataid":"529870","cityId":null,"cityName":"Port-Salut","hotelId":10128372,"hotelName":"La Source Hotel & Resort","address":"Route Nationale 2 177,1030 Port Salut,Haiti","phones":"+50943244300","fax":"NULL","email":"NULL","url":"NULL","countryIso2":"HT","countryName":"Haiti","hotelRating":"2","latitude":"18.1618","longitude":"-73.9796","state_id":null,"state_name":null,"country_id":null},{"active":false,"Giataid":"618152","cityId":null,"cityName":"Cap-Ha?tien","hotelId":20004083,"hotelName":"Auberge de Breda","address":"54, Route National #1,,Ruelle Maxima,1120 Haut du Cap,Haiti","phones":"","fax":"","email":"","url":"","countryIso2":"HT","countryName":"Haiti","hotelRating":"3","latitude":"19.7214","longitude":"-72.2313","state_id":null,"state_name":null,"country_id":null},{"active":false,"Giataid":"580885","cityId":null,"cityName":"Cap-Ha?tien","hotelId":20004453,"hotelName":"Auberge Du Picolet","address":"90 Boulevard du carenage,Nord,Cap Haitien,Haiti","phones":"","fax":"","email":"","url":"","countryIso2":"HT","countryName":"Haiti","hotelRating":"0","latitude":"19.7684","longitude":"-72.1941","state_id":null,"state_name":null,"country_id":null},{"active":false,"Giataid":"671115","cityId":null,"cityName":"Cap-Ha?tien","hotelId":20004610,"hotelName":"Auberge Leconte","address":"Rue Toussain Louverture 112,Babiole,1113 Cap-Haitien,Haiti","phones":"+50936564862","fax":"","email":"","url":"http://aubergeleconte.com","countryIso2":"HT","countryName":"Haiti","hotelRating":"0","latitude":"19.7228","longitude":"-72.2304","state_id":null,"state_name":null,"country_id":null},{"active":false,"Giataid":"463115","cityId":null,"cityName":"Cap-Ha?tien","hotelId":20007821,"hotelName":"Imperial","address":"Route Nationale 1,1110 Cap-Ha?tien,Haiti","phones":"+50922606673","fax":"+50919547567320","email":"info@hotelimperialcap.com","url":"http://hotelimperialcap.com/","countryIso2":"HT","countryName":"Haiti","hotelRating":"3","latitude":"19.7458","longitude":"-72.2089","state_id":null,"state_name":null,"country_id":null},{"active":false,"Giataid":"696396","cityId":null,"cityName":"Cap-Ha?tien","hotelId":20008105,"hotelName":"The Vue Apartment Hotel","address":"Rue 11 439,Habitation Rival,Rival Beach,1110 Cap-Haitien,Nord,Haiti","phones":"","fax":"","email":"reservations@vueapartmenthotel.com","url":"http://vueapartmenthotel.com/","countryIso2":"HT","countryName":"Haiti","hotelRating":"3","latitude":"19.7796","longitude":"-72.192","state_id":null,"state_name":null,"country_id":null},{"active":false,"Giataid":"618084","cityId":null,"cityName":"Cap-Ha?tien","hotelId":20010889,"hotelName":"Mady's Villa Hotel","address":"10 Mombin Lataille Haut Du Cap,1113 Cap-Ha?tien,Haiti","phones":"","fax":"","email":"","url":"","countryIso2":"HT","countryName":"Haiti","hotelRating":"0","latitude":"19.7215","longitude":"-72.2317","state_id":null,"state_name":null,"country_id":null},{"active":false,"Giataid":"696420","cityId":null,"cityName":"Cap-Ha?tien","hotelId":20011035,"hotelName":"Marquis Paradise","address":"Labadie,Nord Department,Cap-Haitien,Haiti","phones":"","fax":"","email":"gexantus@marquisparadise.com","url":"http://marquisparadise.com","countryIso2":"HT","countryName":"Haiti","hotelRating":"3","latitude":"19.7567","longitude":"-72.2118","state_id":null,"state_name":null,"country_id":null},{"active":false,"Giataid":"696374","cityId":null,"cityName":"Montrouis","hotelId":20318710,"hotelName":"Villa Lamarre VII","address":"Route Nationale 1,Villa Lamar 7,4433 Montrouis,Haiti","phones":"+50922811722","fax":"","email":"villalamarre7@gmail.com","url":"http://www.villalamarre7.com/","countryIso2":"HT","countryName":"Haiti","hotelRating":"3","latitude":"18.9546","longitude":"-72.716","state_id":null,"state_name":null,"country_id":null},{"active":false,"Giataid":"905174","cityId":null,"cityName":"Cap-Ha?tien","hotelId":20318714,"hotelName":"FRF Hotel","address":"Rue 20I,Cap-Haitien,Haiti","phones":"","fax":"","email":"","url":"","countryIso2":"HT","countryName":"Haiti","hotelRating":"0","latitude":"19.7567","longitude":"-72.2118","state_id":null,"state_name":null,"country_id":null},{"active":false,"Giataid":"741999","cityId":null,"cityName":"Tabarre","hotelId":20318719,"hotelName":"Hibiscus Guest House","address":"Rue 2 6,Village Theodat,Clercine,HT6125 Tabarre,Haiti","phones":"","fax":"","email":"","url":"","countryIso2":"HT","countryName":"Haiti","hotelRating":"3","latitude":"18.5622","longitude":"-72.2594","state_id":null,"state_name":null,"country_id":null},{"active":false,"Giataid":"894695","cityId":null,"cityName":"P?tionville","hotelId":20318716,"hotelName":"Ibo Resort","address":"Route Ibo Lele 19,Montagne Noire,Petionville,Port-au-Prince,Haiti","phones":"","fax":"","email":"","url":"","countryIso2":"HT","countryName":"Haiti","hotelRating":"0","latitude":"18.5143","longitude":"-72.2814","state_id":null,"state_name":null,"country_id":null},{"active":false,"Giataid":"874315","cityId":null,"cityName":"Tabarre","hotelId":20318742,"hotelName":"Best Time Hotel","address":"Tabarre 52,Entre Vyvy Mitchel 1,Tabarre,Haiti","phones":"","fax":"","email":"besttimehotel@gmail.com","url":"http://www.hotelbesttime.com","countryIso2":"HT","countryName":"Haiti","hotelRating":"0","latitude":"18.5622","longitude":"-72.2594","state_id":null,"state_name":null,"country_id":null},{"active":false,"Giataid":"730238","cityId":null,"cityName":"Tabarre","hotelId":20318745,"hotelName":"Marcie Guesthouse hotel and restaurant","address":"Route de Tabarre,Clercine 12 Prolonge 44,Tabarre,Haiti","phones":"","fax":"","email":"","url":"","countryIso2":"HT","countryName":"Haiti","hotelRating":"2","latitude":"18.5622","longitude":"-72.2594","state_id":null,"state_name":null,"country_id":null},{"active":false,"Giataid":"888790","cityId":null,"cityName":"Cap-Ha?tien","hotelId":20318754,"hotelName":"Le Grand Hotel Beck","address":"Bel-Air,Cap-Haitien,Haiti","phones":"","fax":"","email":"reservation@legrandhotelbeck.com","url":"http://www.legrandhotelbeck.com","countryIso2":"HT","countryName":"Haiti","hotelRating":"0","latitude":"19.7567","longitude":"-72.2118","state_id":null,"state_name":null,"country_id":null}]