[{"active":false,"Giataid":"127922","cityId":66557,"cityName":"Monrovia","hotelId":127922,"hotelName":"Mys Monrovia","address":"","phones":"","fax":"","email":"","url":"","countryIso2":"LR","countryName":"Liberia","hotelRating":"1","latitude":"6.27729","longitude":"-10.7543","state_id":3032,"state_name":"Montserrado County","country_id":123},{"active":false,"Giataid":"595051","cityId":66557,"cityName":"Monrovia","hotelId":595051,"hotelName":"Bella Casa Hotel","address":"2nd Street Sinkor,Monrovia,Liberia","phones":"+231777692272","fax":"","email":"reservations@bellacasaliberia.com","url":"http://www.bellacasalberia.com","countryIso2":"LR","countryName":"Liberia","hotelRating":"3","latitude":"6.29519","longitude":"-10.7919","state_id":3032,"state_name":"Montserrado County","country_id":123},{"active":false,"Giataid":"595054","cityId":66557,"cityName":"Monrovia","hotelId":595054,"hotelName":"Embassy Suites Hotels & Restaurant","address":"Gibson Avenue,Mamba Point,Monrovia,Liberia","phones":"+231776155555","fax":"","email":"info@embassysuiteslib.com","url":"http://embassysuiteslib.com","countryIso2":"LR","countryName":"Liberia","hotelRating":"4","latitude":"6.31554","longitude":"-10.8144","state_id":3032,"state_name":"Montserrado County","country_id":123},{"active":false,"Giataid":"671267","cityId":66557,"cityName":"Monrovia","hotelId":671267,"hotelName":"Mokos Bed & Breakfast","address":"19th Street,Sinkor,Payne Avenue,Monrovia,Liberia","phones":"","fax":"","email":"mokosbedandbreakfast@gmail.com","url":"http://mokosbedandbreakfast.com/","countryIso2":"LR","countryName":"Liberia","hotelRating":"2","latitude":"6.28765","longitude":"-10.7762","state_id":3032,"state_name":"Montserrado County","country_id":123},{"active":false,"Giataid":"671931","cityId":66557,"cityName":"Monrovia","hotelId":671931,"hotelName":"Palm Spring Resort","address":"Congotown,1000 Monrovia,Liberia","phones":"+231880606060","fax":"","email":"info@psrliberia.com","url":"https://psrliberia.com/","countryIso2":"LR","countryName":"Liberia","hotelRating":"4","latitude":"6.26569","longitude":"-10.7209","state_id":3032,"state_name":"Montserrado County","country_id":123},{"active":false,"Giataid":"689364","cityId":null,"cityName":"Harbel","hotelId":689364,"hotelName":"The Farmington Hotel","address":"Roberts International Airport,Robertsfield,Harbel,Liberia","phones":"+231888998888","fax":"","email":"reservations@thefarmingtonhotel.com","url":"https://www.campbellgrayhotels.com/farmington-liberia/","countryIso2":"LR","countryName":"Liberia","hotelRating":"1","latitude":"6.24166","longitude":"-10.3517","state_id":null,"state_name":null,"country_id":null},{"active":false,"Giataid":"725706","cityId":66557,"cityName":"Monrovia","hotelId":725706,"hotelName":"Atlantis Beach Hotel","address":"UN Drive,Mamba Point,Monrovia,Liberia","phones":"+231886788888","fax":"","email":"wael@atlantishotelmonrovia.com","url":"http://www.atlantishotelmonrovia.com","countryIso2":"LR","countryName":"Liberia","hotelRating":"1","latitude":"6.31017","longitude":"-10.8123","state_id":3032,"state_name":"Montserrado County","country_id":123},{"active":false,"Giataid":"726162","cityId":66557,"cityName":"Monrovia","hotelId":726162,"hotelName":"Corina Hotel","address":"26 Street Tubman Boulevard,Monrovia,Liberia","phones":"+231886538588","fax":"","email":"Reservations@corinahotelliberia.info","url":"http://www.corinahotelliberia.info/","countryIso2":"LR","countryName":"Liberia","hotelRating":"1","latitude":"6.28584","longitude":"-10.7688","state_id":3032,"state_name":"Montserrado County","country_id":123},{"active":false,"Giataid":"726547","cityId":66557,"cityName":"Monrovia","hotelId":726547,"hotelName":"Tropicana Beach & Resort","address":"Thinker's Village,Montserrado,Elwa,Monrovia,Liberia","phones":"","fax":"","email":"","url":"","countryIso2":"LR","countryName":"Liberia","hotelRating":"1","latitude":"6.27729","longitude":"-10.7543","state_id":3032,"state_name":"Montserrado County","country_id":123},{"active":false,"Giataid":"726607","cityId":66557,"cityName":"Monrovia","hotelId":726607,"hotelName":"Executive Inn","address":"RIA Highway,Thinker's Village,Paynesville,Wamba Town,1000 Monrovia,Liberia","phones":"+231770775650","fax":"","email":"info@executiveinnlib.com","url":"http://www.executiveinnlib.com","countryIso2":"LR","countryName":"Liberia","hotelRating":"1","latitude":"6.27729","longitude":"-10.7543","state_id":3032,"state_name":"Montserrado County","country_id":123},{"active":false,"Giataid":"726752","cityId":66557,"cityName":"Monrovia","hotelId":726752,"hotelName":"Murex Plaza Hotel & Suites","address":"Tubman Bouleverd,10th & 11th Street,Sinkor,Monrovia,Liberia","phones":"+23188609888","fax":"","email":"level1@murexplaza.com","url":"http://www.murexplaza.com","countryIso2":"LR","countryName":"Liberia","hotelRating":"1","latitude":"6.27729","longitude":"-10.7543","state_id":3032,"state_name":"Montserrado County","country_id":123},{"active":false,"Giataid":"759979","cityId":66557,"cityName":"Monrovia","hotelId":759979,"hotelName":"Afrikland Hotel","address":"Carey Street,1000 Monrovia,Liberia","phones":"+23188277777","fax":"","email":"info@afriklandhotels.com","url":"http://afriklandhotels.com/#","countryIso2":"LR","countryName":"Liberia","hotelRating":"1","latitude":"6.27729","longitude":"-10.7543","state_id":3032,"state_name":"Montserrado County","country_id":123},{"active":false,"Giataid":"796644","cityId":66557,"cityName":"Monrovia","hotelId":796644,"hotelName":"Sunset Inn","address":"Fish Market Tubman Boulvard,Liberia,1000 Monrovia,Liberia","phones":"","fax":"","email":"","url":"","countryIso2":"LR","countryName":"Liberia","hotelRating":"1","latitude":"6.27729","longitude":"-10.7543","state_id":3032,"state_name":"Montserrado County","country_id":123},{"active":false,"Giataid":"803347","cityId":66557,"cityName":"Monrovia","hotelId":803347,"hotelName":"The Cape Hotel","address":"United Nations Drive,Mamba Point,2004 Monrovia,Liberia","phones":"","fax":"","email":"","url":"","countryIso2":"LR","countryName":"Liberia","hotelRating":"1","latitude":"6.27729","longitude":"-10.7543","state_id":3032,"state_name":"Montserrado County","country_id":123},{"active":false,"Giataid":"809957","cityId":66557,"cityName":"Monrovia","hotelId":809957,"hotelName":"B First Hotel 71","address":"Highlights info row image,Tubman Blvd by 20 Street (5.617,62 km),1000 Monrovia,Liberia","phones":"","fax":"","email":"","url":"","countryIso2":"LR","countryName":"Liberia","hotelRating":"1","latitude":"6.27729","longitude":"-10.7543","state_id":3032,"state_name":"Montserrado County","country_id":123},{"active":false,"Giataid":"810670","cityId":66557,"cityName":"Monrovia","hotelId":810670,"hotelName":"Mamba Point Hotel","address":"United Nations Drive Mamba Point Monrovia,1000 Monrovia,Liberia","phones":"+231555939393","fax":"","email":"reservations@mambapointhotel.biz","url":"https://mambapointhotel.biz/","countryIso2":"LR","countryName":"Liberia","hotelRating":"1","latitude":"6.27729","longitude":"-10.7543","state_id":3032,"state_name":"Montserrado County","country_id":123}]