[{"active":false,"Giataid":"151784","cityId":5326,"cityName":"Georgetown","hotelId":151784,"hotelName":"Cara Suites","address":"","phones":"","fax":"","email":"","url":"","countryIso2":"GY","countryName":"Guyana","hotelRating":"3","latitude":"6.81197","longitude":"-58.1553","state_id":3909,"state_name":"New South Wales","country_id":14},{"active":false,"Giataid":"151785","cityId":5326,"cityName":"Georgetown","hotelId":151785,"hotelName":"Regency Suites","address":"","phones":"","fax":"","email":"","url":"","countryIso2":"GY","countryName":"Guyana","hotelRating":"1","latitude":"6.8","longitude":"-58.1666","state_id":3909,"state_name":"New South Wales","country_id":14},{"active":false,"Giataid":"369626","cityId":5326,"cityName":"Georgetown","hotelId":369626,"hotelName":"The Opus","address":"","phones":"","fax":"","email":"","url":"","countryIso2":"GY","countryName":"Guyana","hotelRating":"3","latitude":"6.80765","longitude":"-58.1586","state_id":3909,"state_name":"New South Wales","country_id":14},{"active":false,"Giataid":"447752","cityId":5326,"cityName":"Georgetown","hotelId":447752,"hotelName":"Hotel Princess Raven","address":"","phones":"","fax":"","email":"","url":"","countryIso2":"GY","countryName":"Guyana","hotelRating":"3","latitude":"6.8032","longitude":"-58.1646","state_id":3909,"state_name":"New South Wales","country_id":14},{"active":false,"Giataid":"448509","cityId":5326,"cityName":"Georgetown","hotelId":448509,"hotelName":"Halito Hotel & Residence","address":"","phones":"","fax":"","email":"","url":"","countryIso2":"GY","countryName":"Guyana","hotelRating":"1","latitude":"6.81564","longitude":"-58.1607","state_id":3909,"state_name":"New South Wales","country_id":14},{"active":false,"Giataid":"449734","cityId":5326,"cityName":"Georgetown","hotelId":449734,"hotelName":"Atlantic Inn","address":"","phones":"","fax":"","email":"","url":"","countryIso2":"GY","countryName":"Guyana","hotelRating":"3","latitude":"6.82488","longitude":"-58.1351","state_id":3909,"state_name":"New South Wales","country_id":14},{"active":false,"Giataid":"463216","cityId":5326,"cityName":"Georgetown","hotelId":463216,"hotelName":"Marinho Hotel","address":"","phones":"","fax":"","email":"","url":"","countryIso2":"GY","countryName":"Guyana","hotelRating":"1","latitude":"6.80938","longitude":"-58.1542","state_id":3909,"state_name":"New South Wales","country_id":14},{"active":false,"Giataid":"726842","cityId":5326,"cityName":"Georgetown","hotelId":726842,"hotelName":"Armoury Villa-Hostel & Guest House","address":"62-63 Newhaven Belaire,Georgetown,Guyana","phones":"","fax":"","email":"","url":"","countryIso2":"GY","countryName":"Guyana","hotelRating":"1","latitude":"6.81197","longitude":"-58.1553","state_id":3909,"state_name":"New South Wales","country_id":14},{"active":false,"Giataid":"727802","cityId":null,"cityName":"Essequibo River","hotelId":727802,"hotelName":"Lake Mainstay Resort","address":"Mainstay Lake,Whyaka Village,Essequibo Coast,Guyana,Guyana","phones":"+5927714957","fax":"","email":"info@lakemainstayonline.com","url":"http://lakemainstayonline.com","countryIso2":"GY","countryName":"Guyana","hotelRating":"3","latitude":"7.23585","longitude":"-58.5401","state_id":null,"state_name":null,"country_id":null},{"active":false,"Giataid":"783653","cityId":5326,"cityName":"Georgetown","hotelId":783653,"hotelName":"Signature Inn","address":"81-83 Laluni Street,Georgetown,Guyana","phones":"+5922262145","fax":"","email":"signatureinngy@gmail.com","url":"http://www.signatureinngy.com/","countryIso2":"GY","countryName":"Guyana","hotelRating":"1","latitude":"6.81197","longitude":"-58.1553","state_id":3909,"state_name":"New South Wales","country_id":14},{"active":false,"Giataid":"784733","cityId":5326,"cityName":"Georgetown","hotelId":784733,"hotelName":"El Dorado Inn","address":"295 Thomas & Quamina Streets,Georgetown,Guyana","phones":"+5922253966","fax":"+5922253943","email":"frontdesk@eldorado-inn.com","url":"http://www.eldorado-inn.com","countryIso2":"GY","countryName":"Guyana","hotelRating":"1","latitude":"6.81197","longitude":"-58.1553","state_id":3909,"state_name":"New South Wales","country_id":14},{"active":false,"Giataid":"784743","cityId":5326,"cityName":"Georgetown","hotelId":784743,"hotelName":"Windjammer International Cuisine & Comfort Inn","address":"27 Queen Street,Kitty,Georgetown,Guyana","phones":"+5922277478","fax":"","email":"info@windjammer-gy.com","url":"http://www.windjammer-gy.com/","countryIso2":"GY","countryName":"Guyana","hotelRating":"1","latitude":"6.81197","longitude":"-58.1553","state_id":3909,"state_name":"New South Wales","country_id":14},{"active":false,"Giataid":"784763","cityId":5326,"cityName":"Georgetown","hotelId":784763,"hotelName":"Pressville Hotel & Banquet Hall","address":"93 Regent Street,Lacytown,Georgetown,Guyana","phones":"+5922310051","fax":"","email":"pressvillehotel@yahoo.com","url":"http://pressvillehotel.com","countryIso2":"GY","countryName":"Guyana","hotelRating":"1","latitude":"6.81197","longitude":"-58.1553","state_id":3909,"state_name":"New South Wales","country_id":14},{"active":false,"Giataid":"784786","cityId":5326,"cityName":"Georgetown","hotelId":784786,"hotelName":"Leon Dorado Hotel","address":"341 Cummings And Fourth Street,Albertown,Georgetown,Guyana","phones":"","fax":"","email":"","url":"","countryIso2":"GY","countryName":"Guyana","hotelRating":"1","latitude":"6.81197","longitude":"-58.1553","state_id":3909,"state_name":"New South Wales","country_id":14},{"active":false,"Giataid":"784784","cityId":5326,"cityName":"Georgetown","hotelId":784784,"hotelName":"Oriental Suites","address":"5 Garnett Street,Campbllville,Georgetown,Guyana","phones":"+5922271361","fax":"","email":"","url":"http://www.orientalsuitesguyana.com","countryIso2":"GY","countryName":"Guyana","hotelRating":"1","latitude":"6.81197","longitude":"-58.1553","state_id":3909,"state_name":"New South Wales","country_id":14},{"active":false,"Giataid":"784799","cityId":5326,"cityName":"Georgetown","hotelId":784799,"hotelName":"Sleepin Hotel & Casino","address":"288-289 Church Street,Georgetown,Guyana","phones":"+5922234612","fax":"","email":"reservations@sleepinhotelandcasino.com","url":"http://www.sleepinhotelandcasino.com/","countryIso2":"GY","countryName":"Guyana","hotelRating":"1","latitude":"6.81197","longitude":"-58.1553","state_id":3909,"state_name":"New South Wales","country_id":14},{"active":false,"Giataid":"784802","cityId":5326,"cityName":"Georgetown","hotelId":784802,"hotelName":"Brittany's Hotel","address":"38 William Street,Campbellville,Georgetown,Guyana","phones":"","fax":"","email":"","url":"","countryIso2":"GY","countryName":"Guyana","hotelRating":"1","latitude":"6.81197","longitude":"-58.1553","state_id":3909,"state_name":"New South Wales","country_id":14},{"active":false,"Giataid":"784804","cityId":5326,"cityName":"Georgetown","hotelId":784804,"hotelName":"Sleepin International Hotel","address":"24 Brickdam,Georgetown,Guyana","phones":"+5922273446","fax":"","email":"reservations@sleepinhotelandcasino.com","url":"http://sleepinhotelandcasino.com/index.php/our-hotels/sleepin-international-hotel","countryIso2":"GY","countryName":"Guyana","hotelRating":"1","latitude":"6.81197","longitude":"-58.1553","state_id":3909,"state_name":"New South Wales","country_id":14},{"active":false,"Giataid":"788277","cityId":5326,"cityName":"Georgetown","hotelId":788277,"hotelName":"Status International Hotel","address":"Croal Street & Sandyman Place,Stabroek,Georgetown,Guyana","phones":"+5922277632","fax":"","email":"info@statushotelgy.com","url":"http://statushotelgy.com","countryIso2":"GY","countryName":"Guyana","hotelRating":"1","latitude":"6.81197","longitude":"-58.1553","state_id":3909,"state_name":"New South Wales","country_id":14},{"active":false,"Giataid":"791948","cityId":5326,"cityName":"Georgetown","hotelId":791948,"hotelName":"Tropical View International Hotel","address":"33 Delph Street And Campbell Avenue,Georgtown,Guayana,Guyana","phones":"+5922272216","fax":"","email":"","url":"http://tropicalviewhotel.wowcity.com","countryIso2":"GY","countryName":"Guyana","hotelRating":"1","latitude":"6.81197","longitude":"-58.1553","state_id":3909,"state_name":"New South Wales","country_id":14},{"active":false,"Giataid":"61248","cityId":null,"cityName":"Santa Mission","hotelId":20015309,"hotelName":"Timberhead Lodge","address":"Santa Mission,Guyana","phones":"+5922335108","fax":"+5922336608","email":"chandra@timberheadguyana.com","url":"http://www.timberheadguyana.com/","countryIso2":"GY","countryName":"Guyana","hotelRating":"2","latitude":"6.55863","longitude":"-58.3335","state_id":null,"state_name":null,"country_id":null},{"active":false,"Giataid":"61244","cityId":53824,"cityName":"Lethem","hotelId":20015442,"hotelName":"Karanambu Lodge","address":"Annai,Rupununi,Guyana","phones":"","fax":"","email":"lodge@karanambu.com","url":"http://www.karanambu.com/","countryIso2":"GY","countryName":"Guyana","hotelRating":"2","latitude":"3.75277","longitude":"-59.31","state_id":2769,"state_name":"Upper Takutu-Upper Essequibo","country_id":94},{"active":false,"Giataid":"617701","cityId":5326,"cityName":"Georgetown","hotelId":20015560,"hotelName":"The Durban Hotel","address":"7 Durban Street,Georgetown,Guyana","phones":"+5922275890","fax":"","email":"durbanh@gmail.com","url":"http://www.thedurbanhotel.com/","countryIso2":"GY","countryName":"Guyana","hotelRating":"0","latitude":"6.80208","longitude":"-58.1493","state_id":3909,"state_name":"New South Wales","country_id":14},{"active":false,"Giataid":"669505","cityId":5326,"cityName":"Georgetown","hotelId":20015678,"hotelName":"Hampton Apartments Guyana","address":"Lot 1 Oleander Gardens,East Coast Demerara,Georgetown,Guyana","phones":"+5922220433","fax":"","email":"stay@hamptonapartmentsgy.com","url":"http://hamptonapartmentsgy.com","countryIso2":"GY","countryName":"Guyana","hotelRating":"3","latitude":"6.8226","longitude":"-58.1035","state_id":3909,"state_name":"New South Wales","country_id":14},{"active":false,"Giataid":"690366","cityId":5326,"cityName":"Georgetown","hotelId":20015756,"hotelName":"Brandsville","address":"Section M Campbellville,88-90 Pike Street,Georgetown,Guyana","phones":"+5922270989","fax":"+5922317001","email":"joanb@brandsvillegy.com","url":"http://www.brandsvillegy.com/","countryIso2":"GY","countryName":"Guyana","hotelRating":"3","latitude":"6.81838","longitude":"-58.1324","state_id":3909,"state_name":"New South Wales","country_id":14},{"active":false,"Giataid":"670716","cityId":5326,"cityName":"Georgetown","hotelId":20015845,"hotelName":"Serenity Inn","address":"11 Lamaha,Georgetown,Guyana","phones":"+5922310349","fax":"","email":"serenityinn11@gmail.com","url":"http://www.serenityinngeorgetown.com","countryIso2":"GY","countryName":"Guyana","hotelRating":"0","latitude":"6.81688","longitude":"-58.1526","state_id":3909,"state_name":"New South Wales","country_id":14},{"active":false,"Giataid":"61240","cityId":null,"cityName":"Santa Mission","hotelId":20016000,"hotelName":"Arrowpoint Nature Resort","address":"Santa Mission,Guyana","phones":"","fax":"","email":"","url":"","countryIso2":"GY","countryName":"Guyana","hotelRating":"3","latitude":"6.49041","longitude":"-58.3019","state_id":null,"state_name":null,"country_id":null},{"active":false,"Giataid":"61241","cityId":null,"cityName":"Essequibo River","hotelId":20016105,"hotelName":"Baganara Island","address":"Eugene F. Correia Int�l Airport,Ogle,E.C.D,Guyana","phones":"+5922254483","fax":"","email":"bookbaganara@baganara.net","url":"http://baganara.net/index.html","countryIso2":"GY","countryName":"Guyana","hotelRating":"3","latitude":"6.34474","longitude":"-58.594","state_id":null,"state_name":null,"country_id":null},{"active":false,"Giataid":"440693","cityId":5326,"cityName":"Georgetown","hotelId":20016256,"hotelName":"Aracari Resort","address":"Lot 160 Plantation Versailles,West Bank Demerara,Georgetown,Guyana,Guyana","phones":"+59226429468","fax":"+5922642949","email":"info@aracarihotel.com","url":"http://www.aracariresort.com/","countryIso2":"GY","countryName":"Guyana","hotelRating":"3","latitude":"6.79248","longitude":"-58.1878","state_id":3909,"state_name":"New South Wales","country_id":14},{"active":false,"Giataid":"61245","cityId":5326,"cityName":"Georgetown","hotelId":20016355,"hotelName":"Pegasus Guyana","address":"Seawall Road,Kingston,Georgetown 101147,Guyana","phones":"+5922252856","fax":"+5922237251","email":"reservations@pegasushotelguyana.com","url":"http://www.pegasushotelguyana.com/","countryIso2":"GY","countryName":"Guyana","hotelRating":"3","latitude":"6.82512","longitude":"-58.1619","state_id":3909,"state_name":"New South Wales","country_id":14},{"active":false,"Giataid":"61247","cityId":5326,"cityName":"Georgetown","hotelId":20016455,"hotelName":"Shanklands Resort","address":"Georgetown,Guyana,Guyana","phones":"","fax":"","email":"","url":"","countryIso2":"GY","countryName":"Guyana","hotelRating":"3","latitude":"6.80269","longitude":"-58.1534","state_id":3909,"state_name":"New South Wales","country_id":14},{"active":false,"Giataid":"61246","cityId":null,"cityName":"Annai","hotelId":20016550,"hotelName":"Rock View","address":"Annai,North Rupununi,Guyana","phones":"","fax":"","email":"","url":"http://www.rockviewlodge.com","countryIso2":"GY","countryName":"Guyana","hotelRating":"2","latitude":"3.96227","longitude":"-59.1273","state_id":null,"state_name":null,"country_id":null},{"active":false,"Giataid":"669611","cityId":5326,"cityName":"Georgetown","hotelId":20016649,"hotelName":"Kanhai's Center of Excellence","address":"210 Charlotte Street,Lacytown,Georgetown,Guyana","phones":"+5922256042","fax":"","email":"reservations@kanhais.com","url":"http://www.kanhais.com","countryIso2":"GY","countryName":"Guyana","hotelRating":"2","latitude":"6.80882","longitude":"-58.159","state_id":3909,"state_name":"New South Wales","country_id":14},{"active":false,"Giataid":"61415","cityId":5326,"cityName":"Georgetown","hotelId":20016744,"hotelName":"Residence Inn","address":"Belair Park,Georgetown,Guyana","phones":"+5922259648","fax":"+5922259646","email":"","url":"http://roraimaairways.com/index.php?option=com_content&amp;view=article&amp;id=50:classic-style-and-google-fonts&amp;catid=34:demo-category&amp;Itemid=72","countryIso2":"GY","countryName":"Guyana","hotelRating":"3","latitude":"6.80932","longitude":"-58.1434","state_id":3909,"state_name":"New South Wales","country_id":14},{"active":false,"Giataid":"62167","cityId":53824,"cityName":"Lethem","hotelId":20016906,"hotelName":"Dadanawa Ranch","address":"Dadanawa,Lethem,Rupununi,Guyana","phones":"","fax":"","email":"defreitasduane@yahoo.com","url":"http://www.rupununitrail.com/index.php","countryIso2":"GY","countryName":"Guyana","hotelRating":"1","latitude":"2.82234","longitude":"-59.5143","state_id":2769,"state_name":"Upper Takutu-Upper Essequibo","country_id":94},{"active":false,"Giataid":"92414","cityId":5326,"cityName":"Georgetown","hotelId":20016980,"hotelName":"Hotel Tower","address":"74-75 Main Street,P.O. Box 101010,Georgetown,Guyana,Guyana","phones":"+5922720114","fax":"+592265691","email":"HotelTower@Solutions2000.net","url":"","countryIso2":"GY","countryName":"Guyana","hotelRating":"3","latitude":"6.81419","longitude":"-58.1648","state_id":3909,"state_name":"New South Wales","country_id":14},{"active":false,"Giataid":"139378","cityId":5326,"cityName":"Georgetown","hotelId":20017103,"hotelName":"Ariantze","address":"176 Middle Street,South Cummingsburg,Georgetown,Guyana","phones":"+5922265363","fax":"+5922270210","email":"reservations@ariantzesidewalk.com","url":"http://www.ariantzesidewalk.com/","countryIso2":"GY","countryName":"Guyana","hotelRating":"2","latitude":"6.81572","longitude":"-58.1602","state_id":3909,"state_name":"New South Wales","country_id":14},{"active":false,"Giataid":"690377","cityId":5326,"cityName":"Georgetown","hotelId":20017236,"hotelName":"King's Hotel and Residences","address":"176 Middle Street,Waterloo Streets,Georgetown,Guyana","phones":"","fax":"","email":"","url":"","countryIso2":"GY","countryName":"Guyana","hotelRating":"3","latitude":"6.81569","longitude":"-58.1608","state_id":3909,"state_name":"New South Wales","country_id":14},{"active":false,"Giataid":"61243","cityId":null,"cityName":"Annai","hotelId":20017308,"hotelName":"Iwokrama Lodge","address":"Annai,Guyana,Guyana","phones":"+5922251504","fax":"+5922259199","email":"iwokrama@iwokrama.org","url":"http://www.iwokrama.org/wp/?page_id=195","countryIso2":"GY","countryName":"Guyana","hotelRating":"3","latitude":"3.96187","longitude":"-59.1276","state_id":null,"state_name":null,"country_id":null},{"active":false,"Giataid":"670656","cityId":null,"cityName":"Annai","hotelId":20017429,"hotelName":"Iwokrama River Lodge","address":"Kurupukari Crossing,Potaro-Siparuni,Annai,Guyana","phones":"","fax":"","email":"","url":"https://iwokramariverlodge.com/","countryIso2":"GY","countryName":"Guyana","hotelRating":"0","latitude":"4.67258","longitude":"-58.6847","state_id":null,"state_name":null,"country_id":null},{"active":false,"Giataid":"724778","cityId":5326,"cityName":"Georgetown","hotelId":20017542,"hotelName":"Julian Guest House","address":"331 Cummings Street,Georgetown,Guyana","phones":"","fax":"","email":"","url":"","countryIso2":"GY","countryName":"Guyana","hotelRating":"0","latitude":"6.81197","longitude":"-58.1553","state_id":3909,"state_name":"New South Wales","country_id":14},{"active":false,"Giataid":"413007","cityId":5326,"cityName":"Georgetown","hotelId":20017703,"hotelName":"Guyana Marriott  Georgetown","address":"Block Alpha,Battery Road,Kingston,Georgetown,Guyana","phones":"+5922312480","fax":"+5922312481","email":"","url":"http://www.marriott.com/hotels/travel/geomc-guyana-marriott-hotel-georgetown/","countryIso2":"GY","countryName":"Guyana","hotelRating":"4","latitude":"6.82542","longitude":"-58.1641","state_id":3909,"state_name":"New South Wales","country_id":14},{"active":false,"Giataid":"461664","cityId":5326,"cityName":"Georgetown","hotelId":20017809,"hotelName":"Grand Coastal Hotel","address":"Lot 1 & 2 Area M Plantation,Le Ressouvenir,East Coast Demerara,Georgetown,Guyana","phones":"+5922201091","fax":"+5922201498","email":"reservations@grandcoastal.com","url":"http://www.grandcoastal.com","countryIso2":"GY","countryName":"Guyana","hotelRating":"0","latitude":"6.81656","longitude":"-58.0759","state_id":3909,"state_name":"New South Wales","country_id":14},{"active":false,"Giataid":"937061","cityId":5326,"cityName":"Georgetown","hotelId":20317948,"hotelName":"Demico Hotel","address":"Croal Street,Georgetown,Guyana","phones":"","fax":"","email":"","url":"","countryIso2":"GY","countryName":"Guyana","hotelRating":"0","latitude":"6.81197","longitude":"-58.1553","state_id":3909,"state_name":"New South Wales","country_id":14},{"active":false,"Giataid":"893505","cityId":5326,"cityName":"Georgetown","hotelId":20317953,"hotelName":"Le Grand Penthouse Hotel","address":"6 Commerce Street,Georgetown,Guyana","phones":"+5922271801","fax":"","email":"booking@skytelinc.com","url":"http://www.legrandpenthouse.com","countryIso2":"GY","countryName":"Guyana","hotelRating":"0","latitude":"6.81197","longitude":"-58.1553","state_id":3909,"state_name":"New South Wales","country_id":14},{"active":false,"Giataid":"904685","cityId":5326,"cityName":"Georgetown","hotelId":20317954,"hotelName":"Hostal Los Primos","address":"238 Forshaw Street,Queenstown,Georgetown,Guyana","phones":"+5926874796","fax":"","email":"ennys.admin@losprimoshostal.com","url":"http://www.losprimoshostal.com/","countryIso2":"GY","countryName":"Guyana","hotelRating":"0","latitude":"6.81197","longitude":"-58.1553","state_id":3909,"state_name":"New South Wales","country_id":14},{"active":false,"Giataid":"856503","cityId":5326,"cityName":"Georgetown","hotelId":20317956,"hotelName":"Haynes Apartments","address":"88 Garnett Street,Campbellville,Georgetown,Guyana","phones":"+5922278866","fax":"","email":"haynesapartments@yahoo.com","url":"http://www.haynesapartments.com","countryIso2":"GY","countryName":"Guyana","hotelRating":"0","latitude":"6.81197","longitude":"-58.1553","state_id":3909,"state_name":"New South Wales","country_id":14},{"active":false,"Giataid":"978260","cityId":5326,"cityName":"Georgetown","hotelId":20400518,"hotelName":"Harmony Inn & Secret Villa","address":"Aubrey Barker Road,Festival City,Georgetown,Guyana","phones":"","fax":"","email":"","url":"","countryIso2":"GY","countryName":"Guyana","hotelRating":"1","latitude":"6.81197","longitude":"-58.1553","state_id":3909,"state_name":"New South Wales","country_id":14},{"active":false,"Giataid":"977864","cityId":5326,"cityName":"Georgetown","hotelId":20400519,"hotelName":"K&VC International Hotel","address":"233 South Road,Lacytown,Georgetown,Guyana","phones":"+5922252304","fax":"","email":"kvchotel@gmail.com","url":"http://kvchotelgy.com/","countryIso2":"GY","countryName":"Guyana","hotelRating":"1","latitude":"6.81197","longitude":"-58.1553","state_id":3909,"state_name":"New South Wales","country_id":14},{"active":false,"Giataid":"977855","cityId":5326,"cityName":"Georgetown","hotelId":20400520,"hotelName":"Millenium Manor","address":"43 Hadfield Street,Georgetown,Guyana","phones":"+59222305413","fax":"","email":"info@milleniummanor.com","url":"http://milleniummanor.com/","countryIso2":"GY","countryName":"Guyana","hotelRating":"1","latitude":"6.81197","longitude":"-58.1553","state_id":3909,"state_name":"New South Wales","country_id":14}]