[{"active":false,"Giataid":"727802","cityId":null,"cityName":"Essequibo River","hotelId":727802,"hotelName":"Lake Mainstay Resort","address":"Mainstay Lake,Whyaka Village,Essequibo Coast,Guyana,Guyana","phones":"+5927714957","fax":"","email":"info@lakemainstayonline.com","url":"http://lakemainstayonline.com","countryIso2":"GY","countryName":"Guyana","hotelRating":"3","latitude":"7.23585","longitude":"-58.5401","state_id":null,"state_name":null,"country_id":null},{"active":false,"Giataid":"61248","cityId":null,"cityName":"Santa Mission","hotelId":20015309,"hotelName":"Timberhead Lodge","address":"Santa Mission,Guyana","phones":"+5922335108","fax":"+5922336608","email":"chandra@timberheadguyana.com","url":"http://www.timberheadguyana.com/","countryIso2":"GY","countryName":"Guyana","hotelRating":"2","latitude":"6.55863","longitude":"-58.3335","state_id":null,"state_name":null,"country_id":null},{"active":false,"Giataid":"61240","cityId":null,"cityName":"Santa Mission","hotelId":20016000,"hotelName":"Arrowpoint Nature Resort","address":"Santa Mission,Guyana","phones":"","fax":"","email":"","url":"","countryIso2":"GY","countryName":"Guyana","hotelRating":"3","latitude":"6.49041","longitude":"-58.3019","state_id":null,"state_name":null,"country_id":null},{"active":false,"Giataid":"61241","cityId":null,"cityName":"Essequibo River","hotelId":20016105,"hotelName":"Baganara Island","address":"Eugene F. Correia Int�l Airport,Ogle,E.C.D,Guyana","phones":"+5922254483","fax":"","email":"bookbaganara@baganara.net","url":"http://baganara.net/index.html","countryIso2":"GY","countryName":"Guyana","hotelRating":"3","latitude":"6.34474","longitude":"-58.594","state_id":null,"state_name":null,"country_id":null},{"active":false,"Giataid":"61246","cityId":null,"cityName":"Annai","hotelId":20016550,"hotelName":"Rock View","address":"Annai,North Rupununi,Guyana","phones":"","fax":"","email":"","url":"http://www.rockviewlodge.com","countryIso2":"GY","countryName":"Guyana","hotelRating":"2","latitude":"3.96227","longitude":"-59.1273","state_id":null,"state_name":null,"country_id":null},{"active":false,"Giataid":"61243","cityId":null,"cityName":"Annai","hotelId":20017308,"hotelName":"Iwokrama Lodge","address":"Annai,Guyana,Guyana","phones":"+5922251504","fax":"+5922259199","email":"iwokrama@iwokrama.org","url":"http://www.iwokrama.org/wp/?page_id=195","countryIso2":"GY","countryName":"Guyana","hotelRating":"3","latitude":"3.96187","longitude":"-59.1276","state_id":null,"state_name":null,"country_id":null},{"active":false,"Giataid":"670656","cityId":null,"cityName":"Annai","hotelId":20017429,"hotelName":"Iwokrama River Lodge","address":"Kurupukari Crossing,Potaro-Siparuni,Annai,Guyana","phones":"","fax":"","email":"","url":"https://iwokramariverlodge.com/","countryIso2":"GY","countryName":"Guyana","hotelRating":"0","latitude":"4.67258","longitude":"-58.6847","state_id":null,"state_name":null,"country_id":null}]