[{"active":false,"Giataid":"139935","cityId":52296,"cityName":"Saba","hotelId":139935,"hotelName":"Tauchbasis - Saba Divers","address":"","phones":"","fax":"","email":"","url":"","countryIso2":"BQ","countryName":"Bonaire, Sint Eustatius und Saba","hotelRating":"1","latitude":"0","longitude":"0","state_id":2671,"state_name":"North Bank Division","country_id":80},{"active":false,"Giataid":"141630","cityId":20936,"cityName":"Hato","hotelId":20001404,"hotelName":"Golden Reef","address":"Kaya Den Haag 7,Bonaire,Bonaire, Sint Eustatius und Saba","phones":"","fax":"","email":"","url":"","countryIso2":"BQ","countryName":"Bonaire, Sint Eustatius und Saba","hotelRating":"0","latitude":"12.1784","longitude":"-68.2904","state_id":2901,"state_name":"Santander","country_id":48},{"active":false,"Giataid":"41737","cityId":52296,"cityName":"Saba","hotelId":20002192,"hotelName":"Juliana's Hotel","address":"Windwardside,Saba,Dutch Caribbean,Bonaire, Sint Eustatius und Saba","phones":"+5994162269","fax":"","email":"info@julianas-hotel.com","url":"http://www.julianas-hotel.com/","countryIso2":"BQ","countryName":"Bonaire, Sint Eustatius und Saba","hotelRating":"3","latitude":"17.6274","longitude":"-63.2317","state_id":2671,"state_name":"North Bank Division","country_id":80}]