[{"active":false,"Giataid":"34233","cityId":null,"cityName":"K?ina","hotelId":34233,"hotelName":"Lookese","address":"","phones":"","fax":"","email":"","url":"","countryIso2":"EE","countryName":"Estland","hotelRating":"3","latitude":"58.8316","longitude":"22.7655","state_id":null,"state_name":null,"country_id":null},{"active":false,"Giataid":"34234","cityId":null,"cityName":"P?rnu","hotelId":34234,"hotelName":"Villa Ammende","address":"Mere puiestee 7,80010 P?rnu,Estland","phones":"+3724473888","fax":"+3724473887","email":"sale@ammende.ee","url":"http://ammende.ee/?lang=en","countryIso2":"EE","countryName":"Estland","hotelRating":"4","latitude":"58.3804","longitude":"24.492","state_id":null,"state_name":null,"country_id":null},{"active":false,"Giataid":"34235","cityId":null,"cityName":"P?rnu","hotelId":34235,"hotelName":"Rannahotel Parnu","address":"Ranna pst. 5,80012 P?rnu,Estland","phones":"+372444444","fax":"+3724432918","email":"rannahotell@scandichotels.com","url":"http://www.scandichotels.com/Hotels/Countries/Estonia/Parnu/Hotels/Scandic-Rannahotell/","countryIso2":"EE","countryName":"Estland","hotelRating":"3","latitude":"58.3737","longitude":"24.5025","state_id":null,"state_name":null,"country_id":null},{"active":false,"Giataid":"135027","cityId":null,"cityName":"Vihula","hotelId":135027,"hotelName":"Vihula Manor Country Club & Spa","address":"Vihula 45402,L??ne-Virumaa,Estland","phones":"+3723264100","fax":"+3723264103","email":"info@vihulamanor.com","url":"http://www.vihulamanor.com/","countryIso2":"EE","countryName":"Estland","hotelRating":"4","latitude":"59.5467","longitude":"26.1829","state_id":null,"state_name":null,"country_id":null},{"active":false,"Giataid":"151717","cityId":null,"cityName":"P?rnu","hotelId":151717,"hotelName":"St Peterburg Hotel","address":"Hospidali 6,P?rnu 80011,Estland","phones":"+3724430555","fax":"","email":"","url":"","countryIso2":"EE","countryName":"Estland","hotelRating":"3","latitude":"58.3856","longitude":"24.5025","state_id":null,"state_name":null,"country_id":null},{"active":false,"Giataid":"202299","cityId":null,"cityName":"P?rnu","hotelId":202299,"hotelName":"Villa Wesset","address":"Supeluse 26,P?rnu 80010,Estland","phones":"+3726972500","fax":"+3726972501","email":"info@wesset.ee","url":"http://www.wesset.ee","countryIso2":"EE","countryName":"Estland","hotelRating":"3","latitude":"58.3783","longitude":"24.4991","state_id":null,"state_name":null,"country_id":null},{"active":false,"Giataid":"202298","cityId":null,"cityName":"Sagadi","hotelId":202298,"hotelName":"Sagadi Manor","address":"Sagadi k?la,Vihula vald,45403 L??ne-Virumaa,Estland","phones":"+3726767888","fax":"+3726767880","email":"sagadi@rmk.ee","url":"http://www.sagadi.ee","countryIso2":"EE","countryName":"Estland","hotelRating":"3","latitude":"59.538","longitude":"26.0848","state_id":null,"state_name":null,"country_id":null},{"active":false,"Giataid":"202299","cityId":null,"cityName":"P?rnu","hotelId":202299,"hotelName":"Villa Wesset","address":"Supeluse 26,P?rnu 80010,Estland","phones":"+3726972500","fax":"+3726972501","email":"info@wesset.ee","url":"http://www.wesset.ee","countryIso2":"EE","countryName":"Estland","hotelRating":"3","latitude":"58.3783","longitude":"24.4991","state_id":null,"state_name":null,"country_id":null},{"active":false,"Giataid":"202298","cityId":null,"cityName":"Sagadi","hotelId":202298,"hotelName":"Sagadi Manor","address":"Sagadi k?la,Vihula vald,45403 L??ne-Virumaa,Estland","phones":"+3726767888","fax":"+3726767880","email":"sagadi@rmk.ee","url":"http://www.sagadi.ee","countryIso2":"EE","countryName":"Estland","hotelRating":"3","latitude":"59.538","longitude":"26.0848","state_id":null,"state_name":null,"country_id":null},{"active":false,"Giataid":"204267","cityId":null,"cityName":"P?rnu","hotelId":204267,"hotelName":"Alex Maja","address":"Kuninga 20,80010 P?rnu,Estland","phones":"+3724461866","fax":"","email":"","url":"","countryIso2":"EE","countryName":"Estland","hotelRating":"3","latitude":"58.3839","longitude":"24.499","state_id":null,"state_name":null,"country_id":null},{"active":false,"Giataid":"206125","cityId":null,"cityName":"Otep??","hotelId":206125,"hotelName":"Bernhard Spa","address":"","phones":"","fax":"","email":"","url":"","countryIso2":"EE","countryName":"Estland","hotelRating":"3","latitude":"58.0442","longitude":"26.4791","state_id":null,"state_name":null,"country_id":null},{"active":false,"Giataid":"206884","cityId":null,"cityName":"P?rnu","hotelId":206884,"hotelName":"Carolina Hotel","address":"Ringi 54b,P?rnu 80012,Estland","phones":"+3724420440","fax":"","email":"","url":"","countryIso2":"EE","countryName":"Estland","hotelRating":"3","latitude":"58.3842","longitude":"24.4883","state_id":null,"state_name":null,"country_id":null},{"active":false,"Giataid":"212187","cityId":null,"cityName":"P?rnu","hotelId":212187,"hotelName":"Koidulapark","address":"Kuninga Street 38,80010 P?rnu,Estland","phones":"+3724477030","fax":"+3724477030","email":"reception@koidulaparkhotell.ee","url":"http://koidulaparkhotell.ee/","countryIso2":"EE","countryName":"Estland","hotelRating":"3","latitude":"58.3841","longitude":"24.5037","state_id":null,"state_name":null,"country_id":null},{"active":false,"Giataid":"212198","cityId":null,"cityName":"P?rnu","hotelId":212198,"hotelName":"Konse Motel","address":"","phones":"","fax":"","email":"","url":"","countryIso2":"EE","countryName":"Estland","hotelRating":"3","latitude":"58.3847","longitude":"24.5261","state_id":null,"state_name":null,"country_id":null},{"active":false,"Giataid":"216597","cityId":null,"cityName":"P?rnu","hotelId":216597,"hotelName":"Ranna Villa","address":"","phones":"","fax":"","email":"","url":"","countryIso2":"EE","countryName":"Estland","hotelRating":"1","latitude":"58.3839","longitude":"24.4886","state_id":null,"state_name":null,"country_id":null},{"active":false,"Giataid":"217386","cityId":null,"cityName":"V?ru","hotelId":217386,"hotelName":"Rogosi Manor","address":"","phones":"","fax":"","email":"","url":"","countryIso2":"EE","countryName":"Estland","hotelRating":"1","latitude":"57.6357","longitude":"27.0882","state_id":null,"state_name":null,"country_id":null},{"active":false,"Giataid":"217923","cityId":null,"cityName":"P?rnu","hotelId":217923,"hotelName":"Seedri Apartments","address":"Seedri 4,80010 P?rnu,Estland","phones":"+3724478911","fax":"","email":"","url":"","countryIso2":"EE","countryName":"Estland","hotelRating":"3","latitude":"58.382","longitude":"24.4891","state_id":null,"state_name":null,"country_id":null},{"active":false,"Giataid":"220170","cityId":null,"cityName":"P?rnu","hotelId":220170,"hotelName":"Villa Artis","address":"A. Adamsoni 1,80014 P?rnu,Estland","phones":"+3724471480","fax":"","email":"artis@reiser.ee","url":"http://www.reiser.ee/en","countryIso2":"EE","countryName":"Estland","hotelRating":"2","latitude":"58.3811","longitude":"24.504","state_id":null,"state_name":null,"country_id":null},{"active":false,"Giataid":"221082","cityId":null,"cityName":"Rannak?la","hotelId":221082,"hotelName":"Algallika Guesthouse","address":"Algallika Center,M?e talu,90115 Rannak?la k?la,Hanila vald,L??nemaa,Estland","phones":"+37255566088","fax":"","email":"","url":"","countryIso2":"EE","countryName":"Estland","hotelRating":"1","latitude":"58.685","longitude":"23.4997","state_id":null,"state_name":null,"country_id":null},{"active":false,"Giataid":"222593","cityId":null,"cityName":"Laulasmaa","hotelId":222593,"hotelName":"Hestia Hotel Laulasmaa Spa","address":"Puhkekodu 4,76702 Laulasmaa,L??ne-Harju parish,Estland","phones":"+3726870800","fax":"","email":"","url":"","countryIso2":"EE","countryName":"Estland","hotelRating":"4","latitude":"59.3748","longitude":"24.2374","state_id":null,"state_name":null,"country_id":null},{"active":false,"Giataid":"222641","cityId":null,"cityName":"Kabli","hotelId":222641,"hotelName":"Lepanina","address":"","phones":"","fax":"","email":"","url":"","countryIso2":"EE","countryName":"Estland","hotelRating":"1","latitude":"57.9924","longitude":"24.4182","state_id":null,"state_name":null,"country_id":null},{"active":false,"Giataid":"222721","cityId":null,"cityName":"Rannak?la","hotelId":222721,"hotelName":"Madise Guesthouse","address":"","phones":"","fax":"","email":"","url":"","countryIso2":"EE","countryName":"Estland","hotelRating":"2","latitude":"59.2376","longitude":"23.6611","state_id":null,"state_name":null,"country_id":null},{"active":false,"Giataid":"223309","cityId":null,"cityName":"Elbiku","hotelId":223309,"hotelName":"Roosta Holiday Village","address":"","phones":"","fax":"","email":"","url":"","countryIso2":"EE","countryName":"Estland","hotelRating":"1","latitude":"59.1585","longitude":"23.5189","state_id":null,"state_name":null,"country_id":null},{"active":false,"Giataid":"223620","cityId":null,"cityName":"T?rve","hotelId":223620,"hotelName":"Trofee","address":"","phones":"","fax":"","email":"","url":"","countryIso2":"EE","countryName":"Estland","hotelRating":"1","latitude":"58.6788","longitude":"26.5354","state_id":null,"state_name":null,"country_id":null},{"active":false,"Giataid":"381153","cityId":null,"cityName":"Mooste","hotelId":381153,"hotelName":"Vodka Brevery Guesthouse","address":"","phones":"","fax":"","email":"","url":"","countryIso2":"EE","countryName":"Estland","hotelRating":"3","latitude":"58.1617","longitude":"27.1898","state_id":null,"state_name":null,"country_id":null},{"active":false,"Giataid":"382649","cityId":null,"cityName":"Otep??","hotelId":382649,"hotelName":"Villa Nuustaku","address":"","phones":"","fax":"","email":"","url":"","countryIso2":"EE","countryName":"Estland","hotelRating":"1","latitude":"58.0554","longitude":"26.4876","state_id":null,"state_name":null,"country_id":null},{"active":false,"Giataid":"386387","cityId":null,"cityName":"Sillam?e","hotelId":386387,"hotelName":"Krunk","address":"","phones":"","fax":"","email":"","url":"","countryIso2":"EE","countryName":"Estland","hotelRating":"1","latitude":"59.3964","longitude":"27.7606","state_id":null,"state_name":null,"country_id":null},{"active":false,"Giataid":"428758","cityId":null,"cityName":"Aegviidu","hotelId":428758,"hotelName":"Nelijarve Holiday Centre","address":"","phones":"","fax":"","email":"","url":"","countryIso2":"EE","countryName":"Estland","hotelRating":"1","latitude":"59.2661","longitude":"25.65","state_id":null,"state_name":null,"country_id":null},{"active":false,"Giataid":"428761","cityId":null,"cityName":"Kihelkonna","hotelId":428761,"hotelName":"Pidula Manor","address":"Pidula,93469 Kihelkonna,Saaremaa,Estland","phones":"+3725233283","fax":"","email":"pidula@pidula.eu","url":"http://www.pidula.eu","countryIso2":"EE","countryName":"Estland","hotelRating":"1","latitude":"58.373","longitude":"22.0742","state_id":null,"state_name":null,"country_id":null},{"active":false,"Giataid":"429057","cityId":null,"cityName":"V?ru","hotelId":429057,"hotelName":"Hotel Pesa Green Key","address":"","phones":"","fax":"","email":"","url":"","countryIso2":"EE","countryName":"Estland","hotelRating":"3","latitude":"58.0535","longitude":"27.0473","state_id":null,"state_name":null,"country_id":null},{"active":false,"Giataid":"433111","cityId":null,"cityName":"P?rnu","hotelId":433111,"hotelName":"Estonia Resort &  Spa","address":"A.H. Tammsaare pst. 4a/6","phones":"","fax":"","email":"","url":"","countryIso2":"EE","countryName":"Estland","hotelRating":"4","latitude":"58.3778","longitude":"24.5008","state_id":null,"state_name":null,"country_id":null},{"active":false,"Giataid":"442631","cityId":null,"cityName":"P?rnu","hotelId":442631,"hotelName":"Villa Tennis","address":"","phones":"","fax":"","email":"","url":"","countryIso2":"EE","countryName":"Estland","hotelRating":"1","latitude":"58.374","longitude":"24.5251","state_id":null,"state_name":null,"country_id":null},{"active":false,"Giataid":"442665","cityId":null,"cityName":"P?rnu","hotelId":442665,"hotelName":"Hotel Vesiroos","address":"Esplanaadi Street 4A,80012 P?rnu,Estland","phones":"","fax":"","email":"","url":"","countryIso2":"EE","countryName":"Estland","hotelRating":"1","latitude":"58.3824","longitude":"24.4913","state_id":null,"state_name":null,"country_id":null},{"active":false,"Giataid":"442769","cityId":null,"cityName":"K?ina","hotelId":442769,"hotelName":"Hotel Liilia","address":"","phones":"","fax":"","email":"","url":"","countryIso2":"EE","countryName":"Estland","hotelRating":"1","latitude":"58.8281","longitude":"22.7766","state_id":null,"state_name":null,"country_id":null},{"active":false,"Giataid":"442833","cityId":null,"cityName":"V?ru","hotelId":442833,"hotelName":"Randuri Guesthouse","address":"","phones":"","fax":"","email":"","url":"","countryIso2":"EE","countryName":"Estland","hotelRating":"1","latitude":"57.8445","longitude":"27.0014","state_id":null,"state_name":null,"country_id":null},{"active":false,"Giataid":"442834","cityId":null,"cityName":"P?rnu","hotelId":442834,"hotelName":"Terve Hostel","address":"","phones":"","fax":"","email":"","url":"","countryIso2":"EE","countryName":"Estland","hotelRating":"1","latitude":"58.3837","longitude":"24.4887","state_id":null,"state_name":null,"country_id":null},{"active":false,"Giataid":"442849","cityId":null,"cityName":"K?rdla","hotelId":442849,"hotelName":"Padu Hotell","address":"","phones":"","fax":"","email":"","url":"","countryIso2":"EE","countryName":"Estland","hotelRating":"1","latitude":"58.9902","longitude":"22.7572","state_id":null,"state_name":null,"country_id":null},{"active":false,"Giataid":"442967","cityId":null,"cityName":"Otep??","hotelId":442967,"hotelName":"Hotel Villa Mullerbeck","address":"","phones":"","fax":"","email":"","url":"","countryIso2":"EE","countryName":"Estland","hotelRating":"1","latitude":"58.0616","longitude":"26.5197","state_id":null,"state_name":null,"country_id":null},{"active":false,"Giataid":"443424","cityId":null,"cityName":"P?rnu","hotelId":443424,"hotelName":"Kanali Villa","address":"","phones":"","fax":"","email":"","url":"","countryIso2":"EE","countryName":"Estland","hotelRating":"2","latitude":"58.3777","longitude":"24.5218","state_id":null,"state_name":null,"country_id":null},{"active":false,"Giataid":"446438","cityId":null,"cityName":"Otep??","hotelId":446438,"hotelName":"Tehvandi Hotell","address":"","phones":"","fax":"","email":"","url":"","countryIso2":"EE","countryName":"Estland","hotelRating":"3","latitude":"58.0528","longitude":"26.5007","state_id":null,"state_name":null,"country_id":null},{"active":false,"Giataid":"469626","cityId":null,"cityName":"P?rnu","hotelId":469626,"hotelName":"Hotel Villa Katariina","address":"Mere Puiestee 14,80012 Parnu,Estland","phones":"","fax":"","email":"","url":"","countryIso2":"EE","countryName":"Estland","hotelRating":"1","latitude":"58.3786","longitude":"24.493","state_id":null,"state_name":null,"country_id":null},{"active":false,"Giataid":"469679","cityId":null,"cityName":"K?ina","hotelId":469679,"hotelName":"Kassari Puhkekeskus","address":"","phones":"","fax":"","email":"","url":"","countryIso2":"EE","countryName":"Estland","hotelRating":"1","latitude":"58.788","longitude":"22.8314","state_id":null,"state_name":null,"country_id":null},{"active":false,"Giataid":"469926","cityId":null,"cityName":"Heltermaa","hotelId":469926,"hotelName":"Heltermaa Hotel","address":"","phones":"","fax":"","email":"","url":"","countryIso2":"EE","countryName":"Estland","hotelRating":"1","latitude":"58.8656","longitude":"23.0473","state_id":null,"state_name":null,"country_id":null},{"active":false,"Giataid":"472220","cityId":null,"cityName":"M?etaguse","hotelId":472220,"hotelName":"Maetaguse Manor Hotell & Spa","address":"Pargi 1; M?etaguse,41301 Ida- Virumaa,Estland","phones":"+3723331150","fax":"+3723331177","email":"info@moisahotell.ee","url":"http://www.moisahotell.ee","countryIso2":"EE","countryName":"Estland","hotelRating":"1","latitude":"59.2248","longitude":"27.2924","state_id":null,"state_name":null,"country_id":null},{"active":false,"Giataid":"472300","cityId":null,"cityName":"Kambja","hotelId":472300,"hotelName":"Kambja Hotell","address":"V?ru mnt. 2,62034 Tartumaa, Kambja,Estland","phones":"+3727310415","fax":"","email":"info@kambjahotell.ee","url":"http://www.kambjahotell.ee/","countryIso2":"EE","countryName":"Estland","hotelRating":"1","latitude":"58.2393","longitude":"26.6897","state_id":null,"state_name":null,"country_id":null},{"active":false,"Giataid":"474484","cityId":null,"cityName":"R?pina Parish","hotelId":474484,"hotelName":"Hotell Rapina","address":"Tartu mnt 2,64505 R?pina,P?lvamaa,Estland","phones":"+3727300460","fax":"","email":"info@rapinahotell.ee","url":"http://rapinahotell.ee/","countryIso2":"EE","countryName":"Estland","hotelRating":"3","latitude":"58.1039","longitude":"27.4529","state_id":null,"state_name":null,"country_id":null},{"active":false,"Giataid":"477512","cityId":null,"cityName":"V?ike-R?sna","hotelId":477512,"hotelName":"Varska Sanatorium","address":"V?ike-R?sna k?la,64034 V?rska vald,P?lva maakond,Estland","phones":"+3727993900","fax":"+3727964686","email":"","url":"http://www.spavarska.ee/","countryIso2":"EE","countryName":"Estland","hotelRating":"1","latitude":"57.9859","longitude":"27.6225","state_id":null,"state_name":null,"country_id":null},{"active":false,"Giataid":"477581","cityId":null,"cityName":"Pedase","hotelId":477581,"hotelName":"Pedase Hotel & Guesthouse","address":"Pedase kula,Padise vald,76014 Pedase,Harju,Estland","phones":"+3726716332","fax":"+3726601953","email":"pedase@pedase.ee","url":"http://www.pedase.ee/","countryIso2":"EE","countryName":"Estland","hotelRating":"1","latitude":"59.2718","longitude":"23.8993","state_id":null,"state_name":null,"country_id":null},{"active":false,"Giataid":"477609","cityId":null,"cityName":"P?lva","hotelId":477609,"hotelName":"Varska Spa Aqua Center","address":"V?ike-R?sna,64034 P?lva,Estland","phones":"+3727993901","fax":"","email":"info@spavarska.ee","url":"http://www.spavarska.ee/","countryIso2":"EE","countryName":"Estland","hotelRating":"1","latitude":"57.9861","longitude":"27.6224","state_id":null,"state_name":null,"country_id":null},{"active":false,"Giataid":"477708","cityId":null,"cityName":"T?ri","hotelId":477708,"hotelName":"Veski-Silla","address":"T?ri-Alliku,72231 T?ri,T?ri Parish,Estland","phones":"+3725105913","fax":"","email":"","url":"","countryIso2":"EE","countryName":"Estland","hotelRating":"1","latitude":"58.8215","longitude":"25.445","state_id":null,"state_name":null,"country_id":null},{"active":false,"Giataid":"477727","cityId":null,"cityName":"Sangaste","hotelId":477727,"hotelName":"Sangaste Castle","address":"Lossik?la k?la, Sangaste vald,67005 Valgamaa,Estland","phones":"+3725295911","fax":"","email":"info@sangasteloss.com","url":"http://www.sangasteloss.com/","countryIso2":"EE","countryName":"Estland","hotelRating":"1","latitude":"57.902","longitude":"26.2805","state_id":null,"state_name":null,"country_id":null},{"active":false,"Giataid":"477991","cityId":null,"cityName":"Riisa","hotelId":477991,"hotelName":"Riisa Rantso","address":"Riisa k?la, Tori vald,P?rnumaa, Soomaa Rahvuspark,86815 Riisa,Estland","phones":"+37256694270","fax":"","email":"riisarantso@riisarantso.ee","url":"http://www.riisarantso.ee/","countryIso2":"EE","countryName":"Estland","hotelRating":"1","latitude":"58.467","longitude":"24.9863","state_id":null,"state_name":null,"country_id":null},{"active":false,"Giataid":"478045","cityId":null,"cityName":"Johvi","hotelId":478045,"hotelName":"Hotel Wironia","address":"Rakvere tn. 7,41531 Johvi,Ida-Virumaa,Estland","phones":"+3723364200","fax":"+3723364210","email":"info@wironia.ee","url":"http://wironia.ee/","countryIso2":"EE","countryName":"Estland","hotelRating":"1","latitude":"59.3588","longitude":"27.4104","state_id":null,"state_name":null,"country_id":null},{"active":false,"Giataid":"478059","cityId":null,"cityName":"Vao","hotelId":478059,"hotelName":"Vao Guesthouse","address":"Soo tee 4,73003 Vao,Koeru Parish,J?rvamaa,Estland","phones":"","fax":"","email":"","url":"","countryIso2":"EE","countryName":"Estland","hotelRating":"1","latitude":"58.936","longitude":"25.9754","state_id":null,"state_name":null,"country_id":null},{"active":false,"Giataid":"478212","cityId":null,"cityName":"Marjamaa","hotelId":478212,"hotelName":"Ruunawere Hotel","address":"Pajaka,78203 Marjamaa,Raplamaa,Estland","phones":"+3726709395","fax":"","email":"info@ruunawere.ee","url":"http://Cabuya","countryIso2":"EE","countryName":"Estland","hotelRating":"1","latitude":"59.0768","longitude":"24.4495","state_id":null,"state_name":null,"country_id":null},{"active":false,"Giataid":"478255","cityId":null,"cityName":"Vaibla","hotelId":478255,"hotelName":"Vaibla Holiday Center","address":"Vaibla k?la,74314 Vaibla,Kolga-Jaani vald,Estland","phones":"","fax":"","email":"","url":"","countryIso2":"EE","countryName":"Estland","hotelRating":"1","latitude":"58.4086","longitude":"26.0519","state_id":null,"state_name":null,"country_id":null},{"active":false,"Giataid":"478796","cityId":null,"cityName":"Pikaj?rve","hotelId":478796,"hotelName":"Cantervilla Castle","address":"Pikaj?rve,Valgj?rve vald,P?lvamaa,Estland","phones":"+37253403523","fax":"","email":"info@cantervilla.ee","url":"http://cantervilla.ee/en","countryIso2":"EE","countryName":"Estland","hotelRating":"1","latitude":"58.07","longitude":"26.5924","state_id":null,"state_name":null,"country_id":null},{"active":false,"Giataid":"479294","cityId":null,"cityName":"Pihtla","hotelId":479294,"hotelName":"Kaali Kulastuskeskuse Hotell","address":"Pihtla,94102 Pihtla,Saaremaa,Estland","phones":"+3724591184","fax":"+3724591210","email":"kaali@kylastuskeskus.ee","url":"http://www.kaali.kylastuskeskus.ee/","countryIso2":"EE","countryName":"Estland","hotelRating":"1","latitude":"58.3029","longitude":"22.6899","state_id":null,"state_name":null,"country_id":null},{"active":false,"Giataid":"480312","cityId":null,"cityName":"Kohtla-J?rve","hotelId":480312,"hotelName":"Hotell Alex","address":"Kalevi t?nav 3, Kohtla-J?rve,Estland","phones":"+3723396230","fax":"+3723396241","email":"alex@alex.ee","url":"http://www.alex.ee/","countryIso2":"EE","countryName":"Estland","hotelRating":"1","latitude":"59.4008","longitude":"27.2885","state_id":null,"state_name":null,"country_id":null},{"active":false,"Giataid":"481174","cityId":null,"cityName":"Kurem?e","hotelId":481174,"hotelName":"Alutaguse Recreation and Sports Center","address":"Vasavere k?la,41215 Kurem?e,Estland","phones":"","fax":"","email":"","url":"","countryIso2":"EE","countryName":"Estland","hotelRating":"1","latitude":"59.1969","longitude":"27.5401","state_id":null,"state_name":null,"country_id":null},{"active":false,"Giataid":"482384","cityId":null,"cityName":"Viinistu","hotelId":482384,"hotelName":"Viinistu Art Hotel","address":"Viinistu k?la,Kuusalu vald,74701 Viinistu,Harju,Estland","phones":"+37253736446","fax":"","email":"e-mail","url":"http://www.viinistu.ee/","countryIso2":"EE","countryName":"Estland","hotelRating":"1","latitude":"59.6465","longitude":"25.7531","state_id":null,"state_name":null,"country_id":null},{"active":false,"Giataid":"512352","cityId":null,"cityName":"P?rnu","hotelId":512352,"hotelName":"Green Villa","address":"","phones":"","fax":"","email":"","url":"","countryIso2":"EE","countryName":"Estland","hotelRating":"3","latitude":"58.3817","longitude":"24.4979","state_id":null,"state_name":null,"country_id":null},{"active":false,"Giataid":"512583","cityId":null,"cityName":"P?rnu","hotelId":512583,"hotelName":"Hostel Aare","address":"Tallinna Mnt 11,80036 Parnu,Estland","phones":"","fax":"","email":"","url":"","countryIso2":"EE","countryName":"Estland","hotelRating":"2","latitude":"58.3919","longitude":"24.4954","state_id":null,"state_name":null,"country_id":null},{"active":false,"Giataid":"615425","cityId":null,"cityName":"Kihelkonna","hotelId":615425,"hotelName":"Loona Manor Hotel","address":"Loona village,Kihelkonna,93401 Saaremaa,Estland","phones":"+3724546510","fax":"","email":"info@loonamanor.ee","url":"http://www.loonamanor.ee/","countryIso2":"EE","countryName":"Estland","hotelRating":"1","latitude":"58.3328","longitude":"22.0215","state_id":null,"state_name":null,"country_id":null},{"active":false,"Giataid":"615445","cityId":null,"cityName":"Paistu","hotelId":615445,"hotelName":"Holstre-Polli Hostel","address":"Viisuk?la K?la,69607 Paistu,Estland","phones":"+3724367829","fax":"+3724367829","email":"info@holstrepolli.ee","url":"http://www.holstrepolli.ee","countryIso2":"EE","countryName":"Estland","hotelRating":"1","latitude":"58.2832","longitude":"25.6648","state_id":null,"state_name":null,"country_id":null},{"active":false,"Giataid":"615506","cityId":null,"cityName":"Johvi","hotelId":615506,"hotelName":"Hotell Paasuke","address":"P?llu 10,J?hvi,Estland","phones":"","fax":"","email":"","url":"","countryIso2":"EE","countryName":"Estland","hotelRating":"1","latitude":"59.36","longitude":"27.4181","state_id":null,"state_name":null,"country_id":null},{"active":false,"Giataid":"619118","cityId":null,"cityName":"Mustjala","hotelId":619118,"hotelName":"Panga Diving Resort","address":"Ranna,Panga K?la,Mustjala Vald,93634 Panga,Saaremaa,Estland","phones":"+37256692009","fax":"","email":"info@panga.ee","url":"http://www.panga.ee","countryIso2":"EE","countryName":"Estland","hotelRating":"1","latitude":"58.8303","longitude":"23.5807","state_id":null,"state_name":null,"country_id":null},{"active":false,"Giataid":"619546","cityId":null,"cityName":"P?rnu","hotelId":619546,"hotelName":"Guesthouse Linnamehe","address":"","phones":"","fax":"","email":"","url":"","countryIso2":"EE","countryName":"Estland","hotelRating":"1","latitude":"58.4753","longitude":"24.7161","state_id":null,"state_name":null,"country_id":null},{"active":false,"Giataid":"619827","cityId":null,"cityName":"P?rnu","hotelId":619827,"hotelName":"Apartment Sundaymorning","address":"","phones":"+37256359559","fax":"","email":"","url":"","countryIso2":"EE","countryName":"Estland","hotelRating":"1","latitude":"58.3805","longitude":"24.5054","state_id":null,"state_name":null,"country_id":null},{"active":false,"Giataid":"619842","cityId":null,"cityName":"Haeska","hotelId":619842,"hotelName":"Haeska Manor","address":"haeska 5 hapsali viro","phones":"+37253471688","fax":"","email":"","url":"","countryIso2":"EE","countryName":"Estland","hotelRating":"3","latitude":"58.7878","longitude":"23.663","state_id":null,"state_name":null,"country_id":null},{"active":false,"Giataid":"619845","cityId":null,"cityName":"P?rnu","hotelId":619845,"hotelName":"Muuli Hostel 1","address":"","phones":"","fax":"","email":"","url":"","countryIso2":"EE","countryName":"Estland","hotelRating":"1","latitude":"58.3837","longitude":"24.4887","state_id":null,"state_name":null,"country_id":null},{"active":false,"Giataid":"619850","cityId":null,"cityName":"Otep??","hotelId":619850,"hotelName":"Aasa Puhkemaja","address":"","phones":"+37256488741","fax":"","email":"","url":"","countryIso2":"EE","countryName":"Estland","hotelRating":"1","latitude":"58.0675","longitude":"26.4309","state_id":null,"state_name":null,"country_id":null},{"active":false,"Giataid":"628471","cityId":null,"cityName":"T?ri","hotelId":628471,"hotelName":"MaaRitza","address":"Hariduse 15,72210 T?ri,Estland","phones":"+3725142066","fax":"","email":"maaritza@maaritza.ee","url":"http://www.maaritza.ee","countryIso2":"EE","countryName":"Estland","hotelRating":"1","latitude":"58.8068","longitude":"25.439","state_id":null,"state_name":null,"country_id":null},{"active":false,"Giataid":"628530","cityId":null,"cityName":"Kihelkonna","hotelId":628530,"hotelName":"Pidula Forell","address":"Kallaste Village,93462 Pidula,Estland","phones":"","fax":"","email":"","url":"http://www.booking.com/hotel/ee/pidula-forell-accommodation.html","countryIso2":"EE","countryName":"Estland","hotelRating":"1","latitude":"58.4134","longitude":"22.1264","state_id":null,"state_name":null,"country_id":null},{"active":false,"Giataid":"628533","cityId":null,"cityName":"Vihterpalu","hotelId":628533,"hotelName":"Puuna Oomaja B&B","address":"Puuna tee,76022 Vihterpalu,Estland","phones":"+3725050163","fax":"","email":"","url":"http://www.booking.com/hotel/ee/puuna-oomaja.html","countryIso2":"EE","countryName":"Estland","hotelRating":"1","latitude":"59.2479","longitude":"23.863","state_id":null,"state_name":null,"country_id":null},{"active":false,"Giataid":"628558","cityId":null,"cityName":"Riisa","hotelId":628558,"hotelName":"Villa River Rose","address":"Orava 26a,J?esuu k?la, Tori vald,86802 J?esuu,Estland","phones":"+37256509716","fax":"","email":"info@riverrose.eu","url":"http://www.riverrose.eu/page.php?pgID=757b505cfd34c64c85ca5b5690ee5293&lang=eng","countryIso2":"EE","countryName":"Estland","hotelRating":"1","latitude":"58.489","longitude":"24.9055","state_id":null,"state_name":null,"country_id":null},{"active":false,"Giataid":"628877","cityId":null,"cityName":"T?stamaa","hotelId":628877,"hotelName":"Maria Talu","address":"K?pu k?la,T?stamaa vald,P?rnumaa,Estland","phones":"+3725236066","fax":"","email":"info@maria.ee","url":"http://www.maria.ee","countryIso2":"EE","countryName":"Estland","hotelRating":"1","latitude":"58.2973","longitude":"24.1596","state_id":null,"state_name":null,"country_id":null},{"active":false,"Giataid":"629196","cityId":null,"cityName":"V?ru","hotelId":629196,"hotelName":"Villa Margit","address":"Kaare 31,65605 V?ru,Estland","phones":"+3725226396","fax":"","email":"info@villamargit.eu","url":"http://www.villamargit.eu","countryIso2":"EE","countryName":"Estland","hotelRating":"1","latitude":"57.8523","longitude":"26.9939","state_id":null,"state_name":null,"country_id":null},{"active":false,"Giataid":"629206","cityId":null,"cityName":"Sangaste","hotelId":629206,"hotelName":"Guest House Rukki Maja","address":"Sangaste 13,67013 Sangaste,Valgemaa,Estland","phones":"+3727669323","fax":"","email":"pubi@silvaagro.ee","url":"http://www.rukkimaja.ee","countryIso2":"EE","countryName":"Estland","hotelRating":"1","latitude":"57.9255","longitude":"26.329","state_id":null,"state_name":null,"country_id":null},{"active":false,"Giataid":"629229","cityId":null,"cityName":"Laugu","hotelId":629229,"hotelName":"Laugu Holiday Resort","address":"94233 Laugu,Leisi Vald,Saaremaa,Estland","phones":"+37255947957","fax":"","email":"laugu@pikse.ee","url":"http://en.pikse.ee/","countryIso2":"EE","countryName":"Estland","hotelRating":"1","latitude":"58.5805","longitude":"22.6185","state_id":null,"state_name":null,"country_id":null},{"active":false,"Giataid":"644954","cityId":null,"cityName":"Otep??","hotelId":644954,"hotelName":"Veerpalu Villa","address":"","phones":"","fax":"","email":"","url":"","countryIso2":"EE","countryName":"Estland","hotelRating":"1","latitude":"58.0528","longitude":"26.5007","state_id":null,"state_name":null,"country_id":null},{"active":false,"Giataid":"771646","cityId":null,"cityName":"Kohtla-J?rve","hotelId":771646,"hotelName":"Saka Cliff Manor & SPA Hotel","address":"Saka Manor,Kohtla vald,30103 Kohtla-J?rve,Ida-Virumaa county,Estland","phones":"+3723364900","fax":"","email":"saka@saka.ee","url":"https://www.saka.ee/en/","countryIso2":"EE","countryName":"Estland","hotelRating":"1","latitude":"59.4378","longitude":"27.179","state_id":null,"state_name":null,"country_id":null},{"active":false,"Giataid":"771683","cityId":null,"cityName":"Kohtla-J?rve","hotelId":771683,"hotelName":"The Saka Manor Mansion","address":"Saka Manor,Kohtla vald,30103 Kohtla-J?rve,Ida-Virumaa county,Estland","phones":"+3723364906","fax":"+3723364901","email":"salle@saka.ee","url":"https://www.saka.ee/eccomodation/saka-manor-mansion/","countryIso2":"EE","countryName":"Estland","hotelRating":"1","latitude":"59.4378","longitude":"27.179","state_id":null,"state_name":null,"country_id":null},{"active":false,"Giataid":"782606","cityId":null,"cityName":"P?rnu","hotelId":782606,"hotelName":"Saare Automatic Hostel","address":"Riia Maantee 233A,80010 P?rnu,Estland","phones":"","fax":"","email":"","url":"","countryIso2":"EE","countryName":"Estland","hotelRating":"1","latitude":"58.3617","longitude":"24.5588","state_id":null,"state_name":null,"country_id":null},{"active":false,"Giataid":"782614","cityId":null,"cityName":"P?rnu","hotelId":782614,"hotelName":"Reldor Motell","address":"Lao 8,80010 Parnu,Estland","phones":"+3724478400","fax":"","email":"reldor@reldor.ee","url":"http://www.reldor.ee/majutus/","countryIso2":"EE","countryName":"Estland","hotelRating":"1","latitude":"58.3732","longitude":"24.5461","state_id":null,"state_name":null,"country_id":null},{"active":false,"Giataid":"782617","cityId":null,"cityName":"P?rnu","hotelId":782617,"hotelName":"H Hostel Parnu","address":"Ruutli 51a,80010 Parnu,Estland","phones":"","fax":"","email":"","url":"","countryIso2":"EE","countryName":"Estland","hotelRating":"1","latitude":"58.3847","longitude":"24.5059","state_id":null,"state_name":null,"country_id":null},{"active":false,"Giataid":"782628","cityId":null,"cityName":"Johvi","hotelId":782628,"hotelName":"Hostel Nele","address":"Kaare 11,41534 Johvi,Estland","phones":"","fax":"","email":"","url":"","countryIso2":"EE","countryName":"Estland","hotelRating":"1","latitude":"59.3514","longitude":"27.4141","state_id":null,"state_name":null,"country_id":null},{"active":false,"Giataid":"784064","cityId":null,"cityName":"J?geva County","hotelId":784064,"hotelName":"Route House 39 Motel","address":"Tallinna Maantee 15B,48305 J?geva,Estland","phones":"","fax":"","email":"","url":"","countryIso2":"EE","countryName":"Estland","hotelRating":"1","latitude":"58.7417","longitude":"26.3652","state_id":null,"state_name":null,"country_id":null},{"active":false,"Giataid":"784080","cityId":null,"cityName":"J?ri","hotelId":784080,"hotelName":"Hostel Caravan","address":"Aleviku Tee 3,Juri,75301 Harjumaa,Estland","phones":"+3726096146","fax":"","email":"caravan@caravan.ee","url":"http://caravan.ee/","countryIso2":"EE","countryName":"Estland","hotelRating":"1","latitude":"59.3563","longitude":"24.895","state_id":null,"state_name":null,"country_id":null},{"active":false,"Giataid":"784079","cityId":null,"cityName":"P?rnu","hotelId":784079,"hotelName":"Strangers In The Night","address":"Uus 3,80013 Parnu,Estland","phones":"+37258874447","fax":"","email":"info@strangersinthenight.ee","url":"http://16eur.ee/strangers","countryIso2":"EE","countryName":"Estland","hotelRating":"1","latitude":"58.38","longitude":"24.5016","state_id":null,"state_name":null,"country_id":null},{"active":false,"Giataid":"785329","cityId":null,"cityName":"P?rnu","hotelId":785329,"hotelName":"Vintsi Hostel","address":"Riia Maantee 63,80019 P?rnu,Estland","phones":"","fax":"","email":"","url":"","countryIso2":"EE","countryName":"Estland","hotelRating":"1","latitude":"58.3812","longitude":"24.5207","state_id":null,"state_name":null,"country_id":null},{"active":false,"Giataid":"785340","cityId":null,"cityName":"Koljaku","hotelId":785340,"hotelName":"Sae Hostel","address":"45419 Koljaku,Vihula Vald,Laane-Virumaa,Estland","phones":"+37256560901","fax":"","email":"info@greenwald.ee","url":"http://saehostel.weebly.com","countryIso2":"EE","countryName":"Estland","hotelRating":"1","latitude":"59.5636","longitude":"25.9801","state_id":null,"state_name":null,"country_id":null},{"active":false,"Giataid":"785347","cityId":null,"cityName":"Marjamaa","hotelId":785347,"hotelName":"Parnu Mnt 27 Hostel","address":"27 Parnu Maantee,78305 Marjamaa,Estland","phones":"","fax":"","email":"","url":"","countryIso2":"EE","countryName":"Estland","hotelRating":"1","latitude":"0","longitude":"0","state_id":null,"state_name":null,"country_id":null},{"active":false,"Giataid":"785372","cityId":null,"cityName":"Kohtla-J?rve","hotelId":785372,"hotelName":"Virumaa Hostel","address":"Kalevi 4,Kohtla J?rve,Ida-Viru,Maakond,Estland","phones":"+3723344103","fax":"","email":"info@virumaahostel.com","url":"https://www.virumaahostel.com","countryIso2":"EE","countryName":"Estland","hotelRating":"1","latitude":"59.4378","longitude":"27.179","state_id":null,"state_name":null,"country_id":null},{"active":false,"Giataid":"785377","cityId":null,"cityName":"Aegviidu","hotelId":785377,"hotelName":"Sports Center Valgehobusemagi","address":"Magede,73412  Aegviidu,Ahula,Estland","phones":"","fax":"","email":"","url":"","countryIso2":"EE","countryName":"Estland","hotelRating":"1","latitude":"59.2215","longitude":"25.5631","state_id":null,"state_name":null,"country_id":null},{"active":false,"Giataid":"786557","cityId":null,"cityName":"P?rnu","hotelId":786557,"hotelName":"Parnu Rannastaadioni Hostel","address":"Ranna Puiestee 2,80012 P?rnu,Estland","phones":"","fax":"","email":"","url":"","countryIso2":"EE","countryName":"Estland","hotelRating":"1","latitude":"58.38","longitude":"24.5016","state_id":null,"state_name":null,"country_id":null},{"active":false,"Giataid":"787932","cityId":null,"cityName":"Voldi","hotelId":787932,"hotelName":"Aksi Motell","address":"49124 Voldi,Tabivere Rural Municipality,Jogevamaa,Estland","phones":"+3727764988","fax":"","email":"aksi@aksimotell.ee","url":"http://www.aksimotell.ee","countryIso2":"EE","countryName":"Estland","hotelRating":"1","latitude":"58.5299","longitude":"26.6386","state_id":null,"state_name":null,"country_id":null},{"active":false,"Giataid":"787938","cityId":null,"cityName":"Taagepera","hotelId":787938,"hotelName":"Kivimae Turismitalu","address":"Tumba Talu Taagepera Kula,68502 Taagepera,Estland","phones":"+37253304252","fax":"","email":"info@siseturism.ee","url":"http://www.siseturism.ee/","countryIso2":"EE","countryName":"Estland","hotelRating":"1","latitude":"0","longitude":"0","state_id":null,"state_name":null,"country_id":null},{"active":false,"Giataid":"789267","cityId":null,"cityName":"Kurem?e","hotelId":789267,"hotelName":"Kuremae Hostel","address":"Kurem?e K?la,Illuka Vald,41201 Kurem?e,Estland","phones":"","fax":"","email":"","url":"","countryIso2":"EE","countryName":"Estland","hotelRating":"1","latitude":"59.2022","longitude":"27.5347","state_id":null,"state_name":null,"country_id":null},{"active":false,"Giataid":"790668","cityId":null,"cityName":"P?rnu","hotelId":790668,"hotelName":"Reiumaa Motell","address":"Reiu Kula,Haademeeste Vald,86508 Parnumaa,Estland","phones":"","fax":"","email":"reiumaa@gmail.com","url":"http://reiumaamotell.ee","countryIso2":"EE","countryName":"Estland","hotelRating":"1","latitude":"58.3128","longitude":"24.6081","state_id":null,"state_name":null,"country_id":null},{"active":false,"Giataid":"795583","cityId":null,"cityName":"M?edaka","hotelId":795583,"hotelName":"Samblamae Hostel","address":"Moedaka Kula,46708 Moedaka Kula,Laane-Virumaa,Estland","phones":"+3725018663","fax":"","email":"sambla@hot.ee","url":"https://samblamae.weebly.com/","countryIso2":"EE","countryName":"Estland","hotelRating":"1","latitude":"59.3276","longitude":"26.5736","state_id":null,"state_name":null,"country_id":null},{"active":false,"Giataid":"836866","cityId":null,"cityName":"K?rdla","hotelId":836866,"hotelName":"Hotell Sonajala","address":"Leigri V?ljak 3,92412 K?rdla,Hiiumaa,Estland","phones":"+3724631220","fax":"","email":"info@sonajala.ee","url":"http://www.sonajala.ee/mida_eng.html","countryIso2":"EE","countryName":"Estland","hotelRating":"1","latitude":"58.9917","longitude":"22.725","state_id":null,"state_name":null,"country_id":null},{"active":false,"Giataid":"836959","cityId":null,"cityName":"Pihtla","hotelId":836959,"hotelName":"Pulga Holiday Complex","address":"Pihtla Vald,N?ssuma K?la,Pulga talu,Estland","phones":"","fax":"","email":"eve@cavere.ee","url":"http://www.pulga.ee/index2.html","countryIso2":"EE","countryName":"Estland","hotelRating":"1","latitude":"58.2889","longitude":"22.8078","state_id":null,"state_name":null,"country_id":null},{"active":false,"Giataid":"837045","cityId":null,"cityName":"M?tja","hotelId":837045,"hotelName":"Adu- Jaani Kodumajutus","address":"M?tja,Leisi vald,Saaremaa,Estland","phones":"+3724573653","fax":"","email":"adujaan@hot.ee","url":"http://www.adujaani.ee","countryIso2":"EE","countryName":"Estland","hotelRating":"1","latitude":"58.5534","longitude":"22.6835","state_id":null,"state_name":null,"country_id":null},{"active":false,"Giataid":"428760","cityId":null,"cityName":"Padise","hotelId":10071137,"hotelName":"Padise Manor","address":"Padise m?is,Padise Vald,76001 Padise,Harjumaa,Estland","phones":"+3726087877","fax":"","email":"","url":"","countryIso2":"EE","countryName":"Estland","hotelRating":"4","latitude":"59.2282","longitude":"24.1419","state_id":null,"state_name":null,"country_id":null},{"active":false,"Giataid":"628879","cityId":null,"cityName":"Otep??","hotelId":20000328,"hotelName":"Villa Saskia","address":"Kastolatsi 9,67404 Otep??,Estland","phones":"+3725092259","fax":"","email":"ressaksas@hot.ee","url":"http://www.otepaa.net","countryIso2":"EE","countryName":"Estland","hotelRating":"4","latitude":"58.0668","longitude":"26.4845","state_id":null,"state_name":null,"country_id":null},{"active":false,"Giataid":"628892","cityId":null,"cityName":"Otep??","hotelId":20000358,"hotelName":"ReeDe Villa","address":"P?haj?rve tee 3,67405 Otep??,Estland","phones":"+3725087332","fax":"","email":"info@reedevilla.ee","url":"http://www.reedevilla.ee/","countryIso2":"EE","countryName":"Estland","hotelRating":"0","latitude":"58.0558","longitude":"26.4926","state_id":null,"state_name":null,"country_id":null},{"active":false,"Giataid":"405544","cityId":null,"cityName":"P?rnu","hotelId":20000550,"hotelName":"Frost Hotel","address":"Kuninga 11,P?rnu 80011,Estland","phones":"+37253030424","fax":"","email":"info@frosthotel.ee","url":"http://frosthotel.ee","countryIso2":"EE","countryName":"Estland","hotelRating":"0","latitude":"58.3837","longitude":"24.4985","state_id":null,"state_name":null,"country_id":null},{"active":false,"Giataid":"504755","cityId":null,"cityName":"P?rnu","hotelId":20000637,"hotelName":"Estonia Medical Spa & Hotel","address":"P?rna 12,S??se 7,80012 Parnu,Estland","phones":"","fax":"","email":"","url":"","countryIso2":"EE","countryName":"Estland","hotelRating":"3","latitude":"58.3793","longitude":"24.4963","state_id":null,"state_name":null,"country_id":null},{"active":false,"Giataid":"628457","cityId":null,"cityName":"P?rnu","hotelId":20000695,"hotelName":"Kaevu Residence","address":"Kaevu 42,Parnu,Estland","phones":"","fax":"","email":"","url":"","countryIso2":"EE","countryName":"Estland","hotelRating":"0","latitude":"58.3858","longitude":"24.4966","state_id":null,"state_name":null,"country_id":null},{"active":false,"Giataid":"323861","cityId":null,"cityName":"P?rnu","hotelId":20000727,"hotelName":"Villa Freven","address":"Kooli 31,80019 P?rnu,Estland","phones":"+3724441540","fax":"","email":"fred.jyrisoo@mail.ee","url":"http://www.freven.ee","countryIso2":"EE","countryName":"Estland","hotelRating":"0","latitude":"58.3794","longitude":"24.5223","state_id":null,"state_name":null,"country_id":null},{"active":false,"Giataid":"483892","cityId":null,"cityName":"V?ru","hotelId":20000833,"hotelName":"Georgi Hotell","address":"Juri 38a,65610 Voru,Estland","phones":"+3723322221","fax":"","email":"info@georgihotell.ee","url":"http://www.georgihotell.ee","countryIso2":"EE","countryName":"Estland","hotelRating":"0","latitude":"57.8439","longitude":"27.0023","state_id":null,"state_name":null,"country_id":null},{"active":false,"Giataid":"85283","cityId":null,"cityName":"Ennu","hotelId":20000988,"hotelName":"Ristikivi Ferienhaus","address":"Ennu k?la,Pihtla vald,Saaremaa,Estland","phones":"+37256650575","fax":"+3726013755","email":"info@ristikivi.ee","url":"http://www.ristikivi.ee/","countryIso2":"EE","countryName":"Estland","hotelRating":"0","latitude":"58.2288","longitude":"22.6686","state_id":null,"state_name":null,"country_id":null},{"active":false,"Giataid":"619191","cityId":null,"cityName":"P?rnu","hotelId":20002600,"hotelName":"Hommiku Guesthouse","address":"Hommiku 17,80011 Parnu,Estland","phones":"+3724451122","fax":"","email":"admin@hommikuhostel.ee","url":"http://www.hommikuhostel.ee/","countryIso2":"EE","countryName":"Estland","hotelRating":"0","latitude":"58.3844","longitude":"24.5031","state_id":null,"state_name":null,"country_id":null},{"active":false,"Giataid":"323860","cityId":null,"cityName":"P?rnu","hotelId":20002818,"hotelName":"Aisa Hotel","address":"Aisa 39,80017 P?rnu,Estland","phones":"","fax":"","email":"","url":"","countryIso2":"EE","countryName":"Estland","hotelRating":"0","latitude":"58.3766","longitude":"24.5159","state_id":null,"state_name":null,"country_id":null},{"active":false,"Giataid":"229751","cityId":null,"cityName":"P?rnu","hotelId":20003839,"hotelName":"Delfine","address":"Supeluse 22,80042 P?rnu Eesti,Estland","phones":"+3724426900","fax":"+3724426901","email":"delfine@delfine.ee","url":"http://www.delfine.ee/delfine/eng/","countryIso2":"EE","countryName":"Estland","hotelRating":"3","latitude":"58.3786","longitude":"24.4994","state_id":null,"state_name":null,"country_id":null},{"active":false,"Giataid":"629246","cityId":null,"cityName":"P?rnu","hotelId":20004549,"hotelName":"Karjamaa Campingmajad","address":"Karjamaa 20 a,80016 Parnu,Estland","phones":"+37256488717","fax":"","email":"info@karjamaacamping.ee","url":"http://www.karjamaacamping.ee/","countryIso2":"EE","countryName":"Estland","hotelRating":"2","latitude":"58.3751","longitude":"24.5241","state_id":null,"state_name":null,"country_id":null},{"active":false,"Giataid":"628380","cityId":null,"cityName":"P?rnu","hotelId":20004730,"hotelName":"Villa Marleen","address":"Seedri 15,80012 Parnu,Estland","phones":"","fax":"","email":"","url":"","countryIso2":"EE","countryName":"Estland","hotelRating":"0","latitude":"58.383","longitude":"24.4877","state_id":null,"state_name":null,"country_id":null},{"active":false,"Giataid":"85272","cityId":null,"cityName":"Orjaku","hotelId":20004894,"hotelName":"Orjaku Moisakoha Ferienhaus","address":"Orjaku,K?ina vald,Kassari,Hiiumaa,Estland","phones":"+3725182555","fax":"","email":"info@dagen.ee","url":"http://www.dagen.ee/maja_en.php?maja=1","countryIso2":"EE","countryName":"Estland","hotelRating":"0","latitude":"58.7949","longitude":"22.7672","state_id":null,"state_name":null,"country_id":null},{"active":false,"Giataid":"85250","cityId":null,"cityName":"V?ru","hotelId":20005213,"hotelName":"Tabina Ferienhaus","address":"Vastseliina vald,65202 V?rumaa,Estland","phones":"+3727829100","fax":"","email":"info@tabina.ee","url":"http://www.tabina.ee/","countryIso2":"EE","countryName":"Estland","hotelRating":"0","latitude":"57.8207","longitude":"26.9396","state_id":null,"state_name":null,"country_id":null},{"active":false,"Giataid":"70801","cityId":null,"cityName":"Kohtla-J?rve","hotelId":20005425,"hotelName":"Saka Cliff Hotel & SPA","address":"Saka Manor,Kohtla vald,30103 Kohtla-J?rve,Ida-Virumaa county,Estland","phones":"+3723364900","fax":"+3723364901","email":"saka@saka.ee","url":"http://www.saka.ee/","countryIso2":"EE","countryName":"Estland","hotelRating":"3","latitude":"59.4378","longitude":"27.1789","state_id":null,"state_name":null,"country_id":null},{"active":false,"Giataid":"85251","cityId":null,"cityName":"V?ru","hotelId":20005620,"hotelName":"Vallamae Ferienhaus","address":"V?llam?e talu,65141 Simula k?la,Haanja vald,V?ru maakond,Estland","phones":"+3725226778","fax":"","email":"vallamaetalu@gmail.com","url":"","countryIso2":"EE","countryName":"Estland","hotelRating":"0","latitude":"57.7417","longitude":"27.0589","state_id":null,"state_name":null,"country_id":null},{"active":false,"Giataid":"70802","cityId":null,"cityName":"Taagepera","hotelId":20006146,"hotelName":"Taagepera Loss","address":"Taagepera k?la,Helme vald,68501 Valgamaa Eesti,Estland","phones":"+3727666390","fax":"+3727635590","email":"hotell@taageperaloss.ee","url":"http://www.taageperaloss.ee","countryIso2":"EE","countryName":"Estland","hotelRating":"3","latitude":"57.993","longitude":"25.6661","state_id":null,"state_name":null,"country_id":null},{"active":false,"Giataid":"210252","cityId":null,"cityName":"P?rnu","hotelId":20006527,"hotelName":"Hotel Hansalinn","address":"Malm? 15,P?rnu 80011,Estland","phones":"+3724447400","fax":"+3724447401","email":"info@hansalinn.ee","url":"http://www.hansalinn.ee/en/","countryIso2":"EE","countryName":"Estland","hotelRating":"3","latitude":"58.3855","longitude":"24.498","state_id":null,"state_name":null,"country_id":null},{"active":false,"Giataid":"218250","cityId":null,"cityName":"P?rnu","hotelId":20007023,"hotelName":"Tervise Paradiis Spa Hotel & Water park","address":"Side 14,80010 P?rnu,Estland","phones":"+3724451600","fax":"","email":"sales@spa.ee","url":"http://www.terviseparadiis.ee/en","countryIso2":"EE","countryName":"Estland","hotelRating":"4","latitude":"58.3733","longitude":"24.5113","state_id":null,"state_name":null,"country_id":null},{"active":false,"Giataid":"211759","cityId":null,"cityName":"P?rnu","hotelId":20007206,"hotelName":"Inge Villa","address":"Kaarli 20,P?rnu 80010,Estland","phones":"+3724438510","fax":"+3724438556","email":"info@ingevilla.ee","url":"http://www.ingevilla.ee/","countryIso2":"EE","countryName":"Estland","hotelRating":"0","latitude":"58.3745","longitude":"24.5065","state_id":null,"state_name":null,"country_id":null},{"active":false,"Giataid":"405289","cityId":null,"cityName":"P?rnu","hotelId":20007373,"hotelName":"Hedon Spa & Hotel","address":"Ranna puiestee 1,80010 P?rnu,Estland","phones":"+3724499000","fax":"","email":"info@hedonspa.com","url":"http://www.hedonspa.com","countryIso2":"EE","countryName":"Estland","hotelRating":"4","latitude":"58.3759","longitude":"24.4962","state_id":null,"state_name":null,"country_id":null},{"active":false,"Giataid":"229752","cityId":null,"cityName":"P?rnu","hotelId":20007697,"hotelName":"Bristol","address":"R??tli 45,80011 P?rnu,Estland","phones":"+3724431450","fax":"+3724443415","email":"info@bristolhotel.ee","url":"http://www.bristolhotel.ee","countryIso2":"EE","countryName":"Estland","hotelRating":"3","latitude":"58.3847","longitude":"24.504","state_id":null,"state_name":null,"country_id":null},{"active":false,"Giataid":"615439","cityId":null,"cityName":"Otep??","hotelId":20009454,"hotelName":"Villa Estohouse","address":"Kadaka 5,67405 Otep??,Estland","phones":"+37258083598","fax":"","email":"info@estohouse.ee","url":"http://estohouse.ee/","countryIso2":"EE","countryName":"Estland","hotelRating":"0","latitude":"58.0435","longitude":"26.4749","state_id":null,"state_name":null,"country_id":null},{"active":false,"Giataid":"229760","cityId":null,"cityName":"V?ru","hotelId":20009949,"hotelName":"Tamula","address":"Vee 4,V?ru 65609,Estland","phones":"+3727830430","fax":"+3727830431","email":"hotell@tamula.ee","url":"http://www.tamula.ee","countryIso2":"EE","countryName":"Estland","hotelRating":"0","latitude":"57.8435","longitude":"26.995","state_id":null,"state_name":null,"country_id":null},{"active":false,"Giataid":"472550","cityId":null,"cityName":"Kursi","hotelId":20010331,"hotelName":"Kursi Jahiloss","address":"Kursi,Puurmani vald,49008 J?gevamaa,Estland","phones":"+37256473995","fax":"","email":"info@kursijahiloss.ee","url":"http://www.kursijahiloss.ee/?keel=eng","countryIso2":"EE","countryName":"Estland","hotelRating":"0","latitude":"58.5978","longitude":"26.326","state_id":null,"state_name":null,"country_id":null},{"active":false,"Giataid":"537841","cityId":null,"cityName":"P?rnu","hotelId":20010892,"hotelName":"Milton Hotels","address":"Tallinna Mnt. 93B,80011 P?rnu,Estland","phones":"+3726990910","fax":"","email":"","url":"","countryIso2":"EE","countryName":"Estland","hotelRating":"0","latitude":"58.38","longitude":"24.5016","state_id":null,"state_name":null,"country_id":null},{"active":false,"Giataid":"628578","cityId":null,"cityName":"P?rnu","hotelId":20011027,"hotelName":"Sadama Villa Guesthouse","address":"Sadama 13,80012 Parnu,Estland","phones":"+3724470008","fax":"","email":"info@sadamavilla.ee","url":"http://sadamavilla.ee/11.htm","countryIso2":"EE","countryName":"Estland","hotelRating":"0","latitude":"58.385","longitude":"24.4904","state_id":null,"state_name":null,"country_id":null},{"active":false,"Giataid":"80056","cityId":null,"cityName":"Mokko","hotelId":20012179,"hotelName":"Mokko Country Hotel","address":"?nkkula,Palamuse,49202 J?gevamaa,Estland","phones":"+3725052573","fax":"","email":"mokko@mokko.ee","url":"http://www.mokko.ee/blog/?lang=de","countryIso2":"EE","countryName":"Estland","hotelRating":"2","latitude":"58.7002","longitude":"26.5383","state_id":null,"state_name":null,"country_id":null},{"active":false,"Giataid":"652308","cityId":null,"cityName":"P?rnu","hotelId":20013216,"hotelName":"Nurmeveski Guesthouse","address":"Nurme,Sauga vald,P?rnumaa 85004,Estland","phones":"+3725154118","fax":"","email":"peeterprojekt@hot.ee","url":"http://www.nurmeveski.ee/","countryIso2":"EE","countryName":"Estland","hotelRating":"0","latitude":"58.4465","longitude":"24.5004","state_id":null,"state_name":null,"country_id":null},{"active":false,"Giataid":"628529","cityId":null,"cityName":"Kalana","hotelId":20013768,"hotelName":"Kalana Holiday Resort","address":"Kalana village, K?rgessaare,92230 Kalana,Estland","phones":"","fax":"","email":"","url":"","countryIso2":"EE","countryName":"Estland","hotelRating":"0","latitude":"58.9241","longitude":"22.075","state_id":null,"state_name":null,"country_id":null},{"active":false,"Giataid":"478274","cityId":null,"cityName":"K??riku","hotelId":20014242,"hotelName":"Kaariku Hotel","address":"67301 K??riku,Otep?? vald,Valgamaa,Estland","phones":"","fax":"","email":"","url":"","countryIso2":"EE","countryName":"Estland","hotelRating":"3","latitude":"58.0032","longitude":"26.3887","state_id":null,"state_name":null,"country_id":null},{"active":false,"Giataid":"85275","cityId":null,"cityName":"Orjaku","hotelId":20014448,"hotelName":"Roose Ferienhaus","address":"Ly Kaups,K?ina vald,Orjaku k?la,Estland","phones":"+37256480998","fax":"","email":"info@roose.ee","url":"http://www.roose.ee/index.php?id=4&amp;L=3","countryIso2":"EE","countryName":"Estland","hotelRating":"0","latitude":"58.7858","longitude":"22.7785","state_id":null,"state_name":null,"country_id":null},{"active":false,"Giataid":"628448","cityId":null,"cityName":"P?rnu","hotelId":20015280,"hotelName":"Hostel Louna","address":"L?una 2,80010 Parnu,Estland","phones":"+3724430943","fax":"","email":"hostel@eliisabet.ee","url":"http://hostellouna.eu","countryIso2":"EE","countryName":"Estland","hotelRating":"0","latitude":"58.3832","longitude":"24.4963","state_id":null,"state_name":null,"country_id":null},{"active":false,"Giataid":"218247","cityId":null,"cityName":"P?rnu","hotelId":20015387,"hotelName":"Health Centre & Hotel Wasa","address":"Eha 2,80010 P?rnu,Estland","phones":"+3724450750","fax":"+3724450770","email":"info@wasa.ee","url":"http://wasa.ee/en/hotel/","countryIso2":"EE","countryName":"Estland","hotelRating":"3","latitude":"58.3777","longitude":"24.4951","state_id":null,"state_name":null,"country_id":null},{"active":false,"Giataid":"208856","cityId":null,"cityName":"P?rnu","hotelId":20015763,"hotelName":"Hotel Emmi","address":"Laine 2,80010 P?rnu,Estland","phones":"+3724476444","fax":"+3724476445","email":"emmi@emmi.ee","url":"http://www.emmi.ee/special-offers/","countryIso2":"EE","countryName":"Estland","hotelRating":"3","latitude":"58.3748","longitude":"24.5343","state_id":null,"state_name":null,"country_id":null},{"active":false,"Giataid":"548762","cityId":null,"cityName":"Otep??","hotelId":20016010,"hotelName":"Kivi Talu Country Hotel","address":"Vidrike K?la,Otep?? Vald, 67301 Valgamaa,Estland","phones":"+37281828384","fax":"+3726414800","email":"info@kivitalu.com","url":"http://www.kivitalu.com/","countryIso2":"EE","countryName":"Estland","hotelRating":"3","latitude":"58.0032","longitude":"26.4899","state_id":null,"state_name":null,"country_id":null},{"active":false,"Giataid":"628889","cityId":null,"cityName":"Kalana","hotelId":20016388,"hotelName":"Kaluri Guesthouse","address":"92230 Kalana Kula,Hiiiumaa,Estland","phones":"","fax":"","email":"","url":"http://www.booking.com/hotel/ee/haubekala-guesthouse.html","countryIso2":"EE","countryName":"Estland","hotelRating":"0","latitude":"58.9216","longitude":"22.0554","state_id":null,"state_name":null,"country_id":null},{"active":false,"Giataid":"628467","cityId":null,"cityName":"V?ru","hotelId":20016828,"hotelName":"Seedri Holiday House","address":"Horsa village, R?uge parish,V?ru,Estland","phones":"+3725226396","fax":"","email":"info@seedripuhketalu.ee","url":"http://www.seedripuhketalu.ee","countryIso2":"EE","countryName":"Estland","hotelRating":"0","latitude":"57.7836","longitude":"26.9108","state_id":null,"state_name":null,"country_id":null},{"active":false,"Giataid":"212625","cityId":null,"cityName":"P?rnu","hotelId":20017824,"hotelName":"Laine Guesthouse","address":"Laine 6a,P?rnu 80024,Estland","phones":"+3724439111","fax":"","email":"laine@gh-laine.ee","url":"http://gh-laine.ee/","countryIso2":"EE","countryName":"Estland","hotelRating":"0","latitude":"58.3738","longitude":"24.534","state_id":null,"state_name":null,"country_id":null},{"active":false,"Giataid":"607602","cityId":null,"cityName":"P?rnu","hotelId":20017933,"hotelName":"Viiking Spa Hotel","address":"Sadama 15,80012 P?rnu,Estland","phones":"+3724490500","fax":"","email":"info@viiking.ee","url":"http://viiking.ee","countryIso2":"EE","countryName":"Estland","hotelRating":"3","latitude":"58.3842","longitude":"24.4902","state_id":null,"state_name":null,"country_id":null},{"active":false,"Giataid":"628899","cityId":null,"cityName":"P?rnu","hotelId":20018117,"hotelName":"Uueda Guesthouse","address":"Nurme, Sauga vald, P?rnu maakond,80044 Parnu,Estland","phones":"","fax":"","email":"","url":"http://uueda.ee/en/","countryIso2":"EE","countryName":"Estland","hotelRating":"0","latitude":"58.38","longitude":"24.5016","state_id":null,"state_name":null,"country_id":null},{"active":false,"Giataid":"529481","cityId":null,"cityName":"Muhu","hotelId":20018234,"hotelName":"Loo Guesthouse","address":"Vahtraste Village,Muhu,Estland","phones":"","fax":"","email":"","url":"","countryIso2":"EE","countryName":"Estland","hotelRating":"4","latitude":"58.6491","longitude":"23.2992","state_id":null,"state_name":null,"country_id":null},{"active":false,"Giataid":"653089","cityId":null,"cityName":"V?ru","hotelId":20018451,"hotelName":"Kagu Hostel","address":"R?pina maantee 7,65606 V?ru,Estland","phones":"","fax":"","email":"","url":"","countryIso2":"EE","countryName":"Estland","hotelRating":"0","latitude":"57.8436","longitude":"27.0156","state_id":null,"state_name":null,"country_id":null},{"active":false,"Giataid":"619334","cityId":null,"cityName":"V?ru","hotelId":20018574,"hotelName":"Guesthouse Moisa Ait","address":"J?ri 20c,65609 V?ru,V?ru County,Estland","phones":"+3727825587","fax":"","email":"info@moisaait.ee","url":"http://www.moisaait.ee/","countryIso2":"EE","countryName":"Estland","hotelRating":"0","latitude":"57.8466","longitude":"26.9971","state_id":null,"state_name":null,"country_id":null},{"active":false,"Giataid":"627790","cityId":null,"cityName":"Otep??","hotelId":20018680,"hotelName":"Guesthouse Valentini","address":"Palupera tee 33,67405 Otep??,Estland","phones":"","fax":"","email":"","url":"","countryIso2":"EE","countryName":"Estland","hotelRating":"0","latitude":"58.0626","longitude":"26.4893","state_id":null,"state_name":null,"country_id":null},{"active":false,"Giataid":"481476","cityId":null,"cityName":"Muhu","hotelId":20018786,"hotelName":"Luscher & Matiesen Muhu Winehouse","address":"Vahtraste k?la,94765 Muhu,Estland","phones":"","fax":"","email":"","url":"","countryIso2":"EE","countryName":"Estland","hotelRating":"0","latitude":"58.6491","longitude":"23.2992","state_id":null,"state_name":null,"country_id":null},{"active":false,"Giataid":"629250","cityId":null,"cityName":"R?tsepa","hotelId":20019326,"hotelName":"Ponka Puhketalu","address":"R?tsepa k?la,86816 R?tsepa,Tori vald,P?rnumaa,Estland","phones":"","fax":"","email":"info@ponkaland.com","url":"http://ponkaland.com","countryIso2":"EE","countryName":"Estland","hotelRating":"0","latitude":"58.38","longitude":"24.5016","state_id":null,"state_name":null,"country_id":null},{"active":false,"Giataid":"606941","cityId":null,"cityName":"P?rnu","hotelId":20019608,"hotelName":"Villa Eeden","address":"Riia mnt 57,80019 P?rnu,Estland","phones":"+3724436222","fax":"","email":"eeden@inglipuudutus.ee","url":"http://www.inglipuudutus.ee","countryIso2":"EE","countryName":"Estland","hotelRating":"0","latitude":"58.3818","longitude":"24.5201","state_id":null,"state_name":null,"country_id":null},{"active":false,"Giataid":"628481","cityId":null,"cityName":"Otep??","hotelId":20020092,"hotelName":"Energiasamba Holiday House","address":"Mae 15,60534 Otep??,Estland","phones":"","fax":"","email":"","url":"","countryIso2":"EE","countryName":"Estland","hotelRating":"0","latitude":"58.0523","longitude":"26.4961","state_id":null,"state_name":null,"country_id":null},{"active":false,"Giataid":"607006","cityId":null,"cityName":"Laagna","hotelId":20020295,"hotelName":"Hotel Laagna Spa & Resort","address":"Laagna,40110 Ida-Virumaa,Estland","phones":"+3723925900","fax":"+3723925918","email":"info@laagna.ee","url":"http://laagna.ee/eng/holiday-inn.html","countryIso2":"EE","countryName":"Estland","hotelRating":"3","latitude":"59.3957","longitude":"27.9684","state_id":null,"state_name":null,"country_id":null},{"active":false,"Giataid":"202294","cityId":null,"cityName":"Palmse m?is","hotelId":20021014,"hotelName":"Park Palmse","address":"Palmse Moisa Endine Viinavabrik,Palmse 45435,Laane-Virumaa,Estland","phones":"+3723223626","fax":"+3723234167","email":"info@phpalmse.ee","url":"http://www.phpalmse.ee","countryIso2":"EE","countryName":"Estland","hotelRating":"2","latitude":"59.5142","longitude":"25.9556","state_id":null,"state_name":null,"country_id":null},{"active":false,"Giataid":"629242","cityId":null,"cityName":"P?rnu","hotelId":20021631,"hotelName":"Oasis Apartments","address":"Metsa 18 b 4,80024 Parnu,Estland","phones":"+3724429354","fax":"","email":"milenahouse@milenahouse.com","url":"http://www.milenahouse.com/","countryIso2":"EE","countryName":"Estland","hotelRating":"0","latitude":"58.3703","longitude":"24.5441","state_id":null,"state_name":null,"country_id":null},{"active":false,"Giataid":"548764","cityId":null,"cityName":"P?rnu","hotelId":20022259,"hotelName":"Kurgo Villa Hotel & Restaurant","address":"Papli 13,80012 Parnu,Estland","phones":"+3724425736","fax":"","email":"kurgovilla@kurgovilla.ee","url":"http://www.kurgovilla.ee/","countryIso2":"EE","countryName":"Estland","hotelRating":"3","latitude":"58.3756","longitude":"24.5041","state_id":null,"state_name":null,"country_id":null},{"active":false,"Giataid":"85285","cityId":null,"cityName":"P?ide","hotelId":20022336,"hotelName":"Oti Manor House","address":"Oti k?la,Estland","phones":"","fax":"","email":"","url":"","countryIso2":"EE","countryName":"Estland","hotelRating":"0","latitude":"58.5029","longitude":"23.06","state_id":null,"state_name":null,"country_id":null},{"active":false,"Giataid":"629209","cityId":null,"cityName":"Kullamaa","hotelId":20022558,"hotelName":"Paepealse Guesthouse","address":"Kullamaa k?la,Kullamaa vald,90701 L??nemaa,Estland","phones":"","fax":"","email":"","url":"http://www.paepealse.ee","countryIso2":"EE","countryName":"Estland","hotelRating":"0","latitude":"58.878","longitude":"24.0807","state_id":null,"state_name":null,"country_id":null},{"active":false,"Giataid":"428766","cityId":null,"cityName":"Otep??","hotelId":20022691,"hotelName":"Villa Valge Kroon","address":"Kolga tee 33,67405 Otep??,Estland","phones":"+37253006533","fax":"","email":"","url":"http://www.villavalgekroon.ee","countryIso2":"EE","countryName":"Estland","hotelRating":"0","latitude":"58.0444","longitude":"26.4774","state_id":null,"state_name":null,"country_id":null},{"active":false,"Giataid":"85273","cityId":null,"cityName":"Suurem?isa","hotelId":20022834,"hotelName":"Allika","address":"Suurem?isa k?la,92302 Suurem?isa,Estland","phones":"+3724629026","fax":"","email":"info@allika.com","url":"http://www.allika.com/","countryIso2":"EE","countryName":"Estland","hotelRating":"0","latitude":"58.8673","longitude":"22.9478","state_id":null,"state_name":null,"country_id":null},{"active":false,"Giataid":"382648","cityId":null,"cityName":"Otep??","hotelId":20022917,"hotelName":"Hotel Murakas","address":"Valga Maantee 23a,67403 Otep??,Estland","phones":"+3727311410","fax":"","email":"info@murakas.ee","url":"http://www.murakas.ee/en/","countryIso2":"EE","countryName":"Estland","hotelRating":"3","latitude":"58.0532","longitude":"26.5003","state_id":null,"state_name":null,"country_id":null},{"active":false,"Giataid":"202321","cityId":null,"cityName":"Orjaku","hotelId":20022975,"hotelName":"Dagen Haus","address":"92111 Orjaku,Hiiumaa,Estland","phones":"+3725182555","fax":"+3725165600","email":"info@dagen.ee","url":"http://www.dagen.ee","countryIso2":"EE","countryName":"Estland","hotelRating":"3","latitude":"58.7975","longitude":"22.7633","state_id":null,"state_name":null,"country_id":null},{"active":false,"Giataid":"85280","cityId":null,"cityName":"M?ndjala","hotelId":20023339,"hotelName":"Leppaneni","address":"M?ndjala Beach,Saare,93871 M?ndjala,Saaremaa,Estland","phones":"","fax":"","email":"","url":"","countryIso2":"EE","countryName":"Estland","hotelRating":"0","latitude":"58.5953","longitude":"25.0136","state_id":null,"state_name":null,"country_id":null},{"active":false,"Giataid":"629234","cityId":null,"cityName":"P?rnu","hotelId":20023975,"hotelName":"Guesthouse Manniku","address":"M?nniku 8,80025 Parnu,Estland","phones":"+37256488020","fax":"","email":"","url":"http://www.manniku.com/index.html","countryIso2":"EE","countryName":"Estland","hotelRating":"0","latitude":"58.3654","longitude":"24.5537","state_id":null,"state_name":null,"country_id":null},{"active":false,"Giataid":"70803","cityId":null,"cityName":"V?ru","hotelId":20024608,"hotelName":"Kubija Hotel & Nature Spa","address":"M?nniku 43a,65603 V?ru,Estland","phones":"+3725045745","fax":"+3727866001","email":"info@kubija.ee","url":"http://www.kubija.ee/en/","countryIso2":"EE","countryName":"Estland","hotelRating":"3","latitude":"57.8147","longitude":"27.0082","state_id":null,"state_name":null,"country_id":null},{"active":false,"Giataid":"628511","cityId":null,"cityName":"P?rnu","hotelId":20025309,"hotelName":"Parnu Yacht Club Guesthouse","address":"Lootsi 6,80010 Parnu,Estland","phones":"+3724471750","fax":"","email":"info@jahtklubi.ee","url":"http://jahtklubi.ee/eng/parnu-yacht-club-marina/","countryIso2":"EE","countryName":"Estland","hotelRating":"0","latitude":"58.38","longitude":"24.5016","state_id":null,"state_name":null,"country_id":null},{"active":false,"Giataid":"85284","cityId":null,"cityName":"Suure-Rootsi","hotelId":20025409,"hotelName":"Aadu Ferienhof","address":"Suure Rootsi k?la,Pihtla vald,94129 Saaremaa,Estland","phones":"+3725093981","fax":"","email":"info@aadutalu.ee","url":"http://www.aadutalu.ee","countryIso2":"EE","countryName":"Estland","hotelRating":"0","latitude":"58.2317","longitude":"22.7316","state_id":null,"state_name":null,"country_id":null},{"active":false,"Giataid":"619490","cityId":null,"cityName":"P?rnu","hotelId":20025651,"hotelName":"Reiu Holiday Centre","address":"J?ekalda tee 13,Silla K?la,Paikuse Vald,80042 P?rnumaa,Estland","phones":"+3724455206","fax":"","email":"info@reiupuhkekeskus.ee","url":"http://www.reiupuhkekeskus.ee","countryIso2":"EE","countryName":"Estland","hotelRating":"0","latitude":"58.3602","longitude":"24.6057","state_id":null,"state_name":null,"country_id":null},{"active":false,"Giataid":"442760","cityId":null,"cityName":"P?rnu","hotelId":20025760,"hotelName":"Villa Johanna Guesthouse","address":"Suvituse 6,80012 Parnu,Estland","phones":"+3724438370","fax":"","email":"villa-johanna@villa-johanna.ee","url":"http://www.villa-johanna.ee/","countryIso2":"EE","countryName":"Estland","hotelRating":"0","latitude":"58.3783","longitude":"24.4938","state_id":null,"state_name":null,"country_id":null},{"active":false,"Giataid":"85242","cityId":null,"cityName":"Tuuru","hotelId":20025862,"hotelName":"Gastehaus Altmoisa","address":"Tuuru K?la,90426 Tuuru,Ridala Vald,L??nemaa,Estland","phones":"+3724724680","fax":"+3724724681","email":"info@altmoisa.ee","url":"http://www.altmoisa.ee","countryIso2":"EE","countryName":"Estland","hotelRating":"0","latitude":"58.8105","longitude":"23.548","state_id":null,"state_name":null,"country_id":null},{"active":false,"Giataid":"85254","cityId":null,"cityName":"Kauksi","hotelId":20026046,"hotelName":"Kauksi","address":"Pk 138,Kauksi,Ida Virumaa 41008,Estland","phones":"+3723393835","fax":"","email":"kauksirand@kauksirand.ee","url":"http://www.kauksirand.ee","countryIso2":"EE","countryName":"Estland","hotelRating":"0","latitude":"58.9897","longitude":"27.232","state_id":null,"state_name":null,"country_id":null},{"active":false,"Giataid":"628524","cityId":null,"cityName":"Otep??","hotelId":20026162,"hotelName":"Piiri Holiday House","address":"Piiri 22,67405 Otep??,Estland","phones":"","fax":"","email":"","url":"http://www.booking.com/hotel/ee/piiri-puhkemaja.html","countryIso2":"EE","countryName":"Estland","hotelRating":"0","latitude":"58.0609","longitude":"26.4897","state_id":null,"state_name":null,"country_id":null},{"active":false,"Giataid":"223309","cityId":null,"cityName":"Elbiku","hotelId":20026551,"hotelName":"Feriendorf Roosta","address":"Elbiku k?la Noarootsi vald 91202 L??nemaa ","phones":"+3724725190","fax":"+3724725191","email":"roosta@roosta.ee","url":"http://www.roosta.ee/","countryIso2":"EE","countryName":"Estland","hotelRating":"0","latitude":"59.1567","longitude":"23.5313","state_id":null,"state_name":null,"country_id":null},{"active":false,"Giataid":"85253","cityId":null,"cityName":"Voore","hotelId":20026638,"hotelName":"Voore Puhkekeskus","address":"Voore,Saare vald,49302 J?gevamaa,Estland","phones":"+3725126036","fax":"","email":"info@voorepuhkekeskus.ee","url":"http://www.voorepuhkekeskus.ee","countryIso2":"EE","countryName":"Estland","hotelRating":"0","latitude":"58.7226","longitude":"26.7553","state_id":null,"state_name":null,"country_id":null},{"active":false,"Giataid":"628565","cityId":null,"cityName":"M?ndjala","hotelId":20026733,"hotelName":"Mandjala Puhketalu Cottages","address":"Kaarma vald, Mandjala,M?ndjala,Estland","phones":"+3725653883","fax":"","email":"info@puhkussaaremaal.ee","url":"http://www.puhkussaaremaal.ee/accommodation/main-house","countryIso2":"EE","countryName":"Estland","hotelRating":"0","latitude":"58.2151","longitude":"22.32","state_id":null,"state_name":null,"country_id":null},{"active":false,"Giataid":"628581","cityId":null,"cityName":"P?rnu","hotelId":20027060,"hotelName":"Tulbi Guesthouse","address":"Tulbi 14,80015 Parnu,Estland","phones":"+37253452427","fax":"","email":"motel@tulbi.ee","url":"http://www.tulbi.ee","countryIso2":"EE","countryName":"Estland","hotelRating":"0","latitude":"58.3768","longitude":"24.5058","state_id":null,"state_name":null,"country_id":null},{"active":false,"Giataid":"213112","cityId":null,"cityName":"P?rnu","hotelId":20027108,"hotelName":"Hotell Legend","address":"Lehe 3,P?rnu 80012,Estland","phones":"+3724425606","fax":"+3724425770","email":"info@legend.ee","url":"http://www.legend.ee/","countryIso2":"EE","countryName":"Estland","hotelRating":"0","latitude":"58.376","longitude":"24.5012","state_id":null,"state_name":null,"country_id":null},{"active":false,"Giataid":"628549","cityId":null,"cityName":"P?rnu","hotelId":20027203,"hotelName":"Hostel Asiris Nuna","address":"Nurme Tee 15,Parnu,Estland","phones":"+3725640031","fax":"","email":"asiris.nuna@mail.ru","url":"http://asiris.ee/hostel/","countryIso2":"EE","countryName":"Estland","hotelRating":"0","latitude":"58.3983","longitude":"24.4605","state_id":null,"state_name":null,"country_id":null},{"active":false,"Giataid":"85176","cityId":null,"cityName":"P?rnu","hotelId":20027279,"hotelName":"Sanatorium Tervis","address":"Seedri 6,80010 P?rnu,Estland","phones":"+3724450111","fax":"+3724450307","email":"tervis@spatervis.ee","url":"http://www.sanatooriumtervis.com/?q=/en","countryIso2":"EE","countryName":"Estland","hotelRating":"3","latitude":"58.3833","longitude":"24.4868","state_id":null,"state_name":null,"country_id":null},{"active":false,"Giataid":"323864","cityId":null,"cityName":"P?rnu","hotelId":20027483,"hotelName":"Ene Villa","address":"Auli 10,80015 P?rnu,Estland","phones":"+3724425532","fax":"","email":"enemajutus@gmail.com","url":"http://villaene.ee/","countryIso2":"EE","countryName":"Estland","hotelRating":"0","latitude":"58.3787","longitude":"24.5046","state_id":null,"state_name":null,"country_id":null},{"active":false,"Giataid":"85252","cityId":null,"cityName":"Otep??","hotelId":20028564,"hotelName":"Marguse Ferienhaus","address":"N?pli k?la,67406 Otep?? vald,Valgamaa,Estland,Estland","phones":"+3727679650","fax":"+3727679651","email":"info@marguse.ee","url":"http://www.marguse.ee","countryIso2":"EE","countryName":"Estland","hotelRating":"0","latitude":"58.0525","longitude":"26.5013","state_id":null,"state_name":null,"country_id":null},{"active":false,"Giataid":"912680","cityId":null,"cityName":"Leisi","hotelId":20295101,"hotelName":"Willa Inga","address":"Kuressare Mnt. 4,94202 Leisi,Estland","phones":"","fax":"","email":"","url":"","countryIso2":"EE","countryName":"Estland","hotelRating":"0","latitude":"58.5706","longitude":"22.6833","state_id":null,"state_name":null,"country_id":null},{"active":false,"Giataid":"937257","cityId":null,"cityName":"P?rnu","hotelId":20295102,"hotelName":"Fortuna Apartments","address":"Metsa 18 B-3,80024 P?rnu,Estland","phones":"","fax":"","email":"","url":"","countryIso2":"EE","countryName":"Estland","hotelRating":"0","latitude":"58.3706","longitude":"24.5433","state_id":null,"state_name":null,"country_id":null},{"active":false,"Giataid":"791382","cityId":null,"cityName":"Vihula","hotelId":20295108,"hotelName":"Vergi Sadam","address":"Vergi Village,Vergi Post Office,45404  Vihula,L??ne Viru County,Estland","phones":"+37255567349","fax":"","email":"vergi@helter.ee","url":"http://www.vergiport.eu","countryIso2":"EE","countryName":"Estland","hotelRating":"0","latitude":"59.5732","longitude":"26.142","state_id":null,"state_name":null,"country_id":null},{"active":false,"Giataid":"786558","cityId":null,"cityName":"T?ri","hotelId":20295113,"hotelName":"Turi Swimming Hall Hostel","address":"Tallinna 60,72213 Turi,Estland","phones":"","fax":"","email":"","url":"","countryIso2":"EE","countryName":"Estland","hotelRating":"1","latitude":"58.813","longitude":"25.439","state_id":null,"state_name":null,"country_id":null},{"active":false,"Giataid":"912668","cityId":null,"cityName":"P?rnu","hotelId":20295133,"hotelName":"Embrace Guestrooms & Apartments","address":"Pardi 30,80016 P?rnu,Estland","phones":"+3724435000","fax":"","email":"info@embrace.ee","url":"http://www.embrace.ee","countryIso2":"EE","countryName":"Estland","hotelRating":"0","latitude":"58.3752","longitude":"24.5181","state_id":null,"state_name":null,"country_id":null},{"active":false,"Giataid":"789274","cityId":null,"cityName":"P?lva","hotelId":20295143,"hotelName":"Mammaste Tervisespordikeskus","address":"Orajoe Tee 11a,Orajoe Kula,63216 Polvamaa,Estland","phones":"+3727992067","fax":"","email":"info@tervisespordikeskus.ee","url":"http://tervisespordikeskus.ee","countryIso2":"EE","countryName":"Estland","hotelRating":"0","latitude":"58.0774","longitude":"27.0655","state_id":null,"state_name":null,"country_id":null},{"active":false,"Giataid":"912695","cityId":null,"cityName":"P?rnu","hotelId":20295148,"hotelName":"Donhoff Residence","address":"Kuninga 23,80011 P?rnu,Estland","phones":"","fax":"","email":"","url":"","countryIso2":"EE","countryName":"Estland","hotelRating":"0","latitude":"58.38","longitude":"24.5016","state_id":null,"state_name":null,"country_id":null},{"active":false,"Giataid":"912649","cityId":null,"cityName":"P?rnu","hotelId":20295152,"hotelName":"Aleksandri Pub","address":"Vana-R??ma 8,80036 P?rnu,Estland","phones":"+3724432160","fax":"","email":"info@aleksandripub.ee","url":"http://aleksandripub.ee/","countryIso2":"EE","countryName":"Estland","hotelRating":"0","latitude":"58.3925","longitude":"24.498","state_id":null,"state_name":null,"country_id":null},{"active":false,"Giataid":"935840","cityId":null,"cityName":"Kohtla-J?rve","hotelId":20295157,"hotelName":"Valaste Guest House And Camping","address":"Valaste Kula,Kohtla Vald,Ida-Virumaa,41557 Kohtla-Jarve,Estland","phones":"","fax":"","email":"","url":"","countryIso2":"EE","countryName":"Estland","hotelRating":"0","latitude":"59.4434","longitude":"27.3358","state_id":null,"state_name":null,"country_id":null},{"active":false,"Giataid":"912675","cityId":null,"cityName":"P?rnu","hotelId":20295159,"hotelName":"Rosmarie Apartments","address":"Suur-Posti 3,80019 P?rnu,Estland","phones":"","fax":"","email":"awe@herakos.ee","url":"http://www.rosmarieapartments.ee","countryIso2":"EE","countryName":"Estland","hotelRating":"0","latitude":"58.3835","longitude":"24.5145","state_id":null,"state_name":null,"country_id":null},{"active":false,"Giataid":"984793","cityId":null,"cityName":"P?rnu","hotelId":20429436,"hotelName":"Sunrise Majutus","address":"Suur-Posti 22-2,80017 P?rnu,Estland","phones":"","fax":"","email":"","url":"","countryIso2":"EE","countryName":"Estland","hotelRating":"1","latitude":"58.38","longitude":"24.5016","state_id":null,"state_name":null,"country_id":null},{"active":false,"Giataid":"995266","cityId":null,"cityName":"Otep??","hotelId":20429439,"hotelName":"William Willa","address":"N?pli K?la,67408 Otep?? Vald,Valgamaa,Estland","phones":"","fax":"","email":"info@willa.ee","url":"http://willa.ee","countryIso2":"EE","countryName":"Estland","hotelRating":"1","latitude":"58.0528","longitude":"26.5007","state_id":null,"state_name":null,"country_id":null},{"active":false,"Giataid":"984818","cityId":null,"cityName":"P?rnu","hotelId":20429440,"hotelName":"Austri Villa","address":"Roosi 3,80014 Parnu,Estland","phones":"","fax":"","email":"","url":"","countryIso2":"EE","countryName":"Estland","hotelRating":"1","latitude":"58.38","longitude":"24.5016","state_id":null,"state_name":null,"country_id":null},{"active":false,"Giataid":"995278","cityId":null,"cityName":"J?geva County","hotelId":20429448,"hotelName":"Huntfood Majutus","address":"Suur 20,48306 J?geva,Estland","phones":"","fax":"","email":"","url":"","countryIso2":"EE","countryName":"Estland","hotelRating":"1","latitude":"58.7438","longitude":"26.3796","state_id":null,"state_name":null,"country_id":null},{"active":false,"Giataid":"995328","cityId":null,"cityName":"P?rnu","hotelId":20429450,"hotelName":"Boutique Hotel Rosenplanter","address":"Kuninga 30,80014 P?rnu,Estland","phones":"","fax":"","email":"info@rosenplanter.ee","url":"http://rosenplanter.ee","countryIso2":"EE","countryName":"Estland","hotelRating":"1","latitude":"58.38","longitude":"24.5016","state_id":null,"state_name":null,"country_id":null},{"active":false,"Giataid":"995249","cityId":null,"cityName":"P?rnu","hotelId":20429451,"hotelName":"Studio28 Boutique Rooms","address":"R??tli 28,80011 P?rnu,Estland","phones":"","fax":"","email":"info@studio28.ee","url":"http://studio28.ee","countryIso2":"EE","countryName":"Estland","hotelRating":"1","latitude":"58.3847","longitude":"24.5014","state_id":null,"state_name":null,"country_id":null}]