[{"active":false,"Giataid":"7195","cityId":null,"cityName":"Aitutaki","hotelId":7195,"hotelName":"Aitutaki Lagoon Resort & Spa","address":"Motu Akitua,Aitutaki Lagoon,Cook Islands","phones":"+68231203","fax":"+68231202","email":"info@aitutakilagoonresort.co.ck","url":"http://www.aitutakilagoonresort.com/","countryIso2":"CK","countryName":"Cook Islands","hotelRating":"4","latitude":"-18.8502","longitude":"-159.757","state_id":null,"state_name":null,"country_id":null},{"active":false,"Giataid":"11894","cityId":null,"cityName":"Rarotonga","hotelId":11894,"hotelName":"Edgewater Resort","address":"PO Box 121,Avarua,Rarotonga,Cook Islands","phones":"+68225435","fax":"+68225475","email":"","url":"http://www.edgewater.co.ck/","countryIso2":"CK","countryName":"Cook Islands","hotelRating":"4","latitude":"-21.2162","longitude":"-159.83","state_id":null,"state_name":null,"country_id":null},{"active":false,"Giataid":"16402","cityId":null,"cityName":"Titikaveka","hotelId":16402,"hotelName":"Little Polynesian Resort","address":"Main Road,Titikaveka District,Rarotonga,Cook Islands","phones":"+68224280","fax":"+68221585","email":"reservations@beach.co.ck","url":"http://www.littlepolynesian.com","countryIso2":"CK","countryName":"Cook Islands","hotelRating":"4","latitude":"-21.2724","longitude":"-159.752","state_id":null,"state_name":null,"country_id":null},{"active":false,"Giataid":"16678","cityId":null,"cityName":"Aitutaki","hotelId":16678,"hotelName":"Maina Sunset","address":"","phones":"","fax":"","email":"","url":"","countryIso2":"CK","countryName":"Cook Islands","hotelRating":"2","latitude":"-18.8895","longitude":"-159.792","state_id":null,"state_name":null,"country_id":null},{"active":false,"Giataid":"16782","cityId":null,"cityName":"Rarotonga","hotelId":16782,"hotelName":"Manuia Beach Resort","address":"Ara Tapu,P.O. Box 700,Arorangi District,Rarotonga,Cook Islands,South Pacific,Cook Islands","phones":"+68222461","fax":"+68222464","email":"","url":"http://www.manuia.co.ck/","countryIso2":"CK","countryName":"Cook Islands","hotelRating":"4","latitude":"-21.2247","longitude":"-159.829","state_id":null,"state_name":null,"country_id":null},{"active":false,"Giataid":"17574","cityId":null,"cityName":"Rarotonga","hotelId":17574,"hotelName":"Moana Sands Beachfront Villas","address":"Box 1007,Rarotonga,Cook Islands,Cook Islands","phones":"+68226189","fax":"+68222189","email":"beach@moanasands.co.ck","url":"http://www.moanasands.co.ck/","countryIso2":"CK","countryName":"Cook Islands","hotelRating":"3","latitude":"-21.2641","longitude":"-159.791","state_id":null,"state_name":null,"country_id":null},{"active":false,"Giataid":"17774","cityId":null,"cityName":"Rarotonga","hotelId":17774,"hotelName":"Muri Beachcomber","address":"P.O. Box 379,Rarotonga,Cook Islands","phones":"+68221022","fax":"+68221323","email":"","url":"http://www.beachcomber.co.ck","countryIso2":"CK","countryName":"Cook Islands","hotelRating":"3","latitude":"-21.2578","longitude":"-159.733","state_id":null,"state_name":null,"country_id":null},{"active":false,"Giataid":"18444","cityId":null,"cityName":"Muri Beach","hotelId":18444,"hotelName":"Pacific Resort Rarotonga","address":"Muri Beach,Rarotonga,Cook Islands","phones":"+68220427","fax":"+68221427","email":"","url":"http://www.pacificrarotonga.com/","countryIso2":"CK","countryName":"Cook Islands","hotelRating":"4","latitude":"-21.2564","longitude":"-159.73","state_id":null,"state_name":null,"country_id":null},{"active":false,"Giataid":"18531","cityId":null,"cityName":"Rarotonga","hotelId":18531,"hotelName":"Palm Grove","address":"P.O. Box 23,Vaima Area,Avaavaroa Tapere,Rarotonga,Cook Islands,South Pacific,Cook Islands","phones":"+68220002","fax":"+68221998","email":"beach@palmgrove.co.ck","url":"http://www.palmgrove.net/","countryIso2":"CK","countryName":"Cook Islands","hotelRating":"3","latitude":"-21.2643","longitude":"-159.787","state_id":null,"state_name":null,"country_id":null},{"active":false,"Giataid":"19934","cityId":null,"cityName":"Avarua","hotelId":19934,"hotelName":"Sunset Resort","address":"Ara Tapu,P.O. Box 377,Avarua,Pokoinu-I-Raro Tapere,Arorangi District,Rarotonga,Cookinseln,Cook Islands","phones":"+68228028","fax":"+68228026","email":"welcome@thesunsetresort.com","url":"http://www.thesunsetresort.com/","countryIso2":"CK","countryName":"Cook Islands","hotelRating":"4","latitude":"-21.2128","longitude":"-159.827","state_id":null,"state_name":null,"country_id":null},{"active":false,"Giataid":"22501","cityId":null,"cityName":"Titikaveka","hotelId":22501,"hotelName":"Royale Takitumu","address":"Ara Tapu,PO Box 1031,Titikaveka Lagoon,Titikaveka,Rarotonga-Cook Islands,Cook Islands","phones":"+68224682","fax":"+68224683","email":"","url":"http://www.royaletakitumu.com/","countryIso2":"CK","countryName":"Cook Islands","hotelRating":"4","latitude":"-21.2718","longitude":"-159.759","state_id":null,"state_name":null,"country_id":null},{"active":false,"Giataid":"22943","cityId":null,"cityName":"Rarotonga","hotelId":22943,"hotelName":"The Rarotongan Beach Resort","address":"P.O. Box 103,Aroa Beach,Rarotonga,Cook Islands","phones":"+68225800","fax":"+68225799","email":"info@rarotongan.co.ck","url":"http://www.therarotongan.com/","countryIso2":"CK","countryName":"Cook Islands","hotelRating":"4","latitude":"-21.2568","longitude":"-159.815","state_id":null,"state_name":null,"country_id":null},{"active":false,"Giataid":"30757","cityId":null,"cityName":"Aitutaki","hotelId":30757,"hotelName":"Tamanu Beach","address":"Tamanu Beach,PO. Box 59,Aitutaki,Cook Islands","phones":"+68231810","fax":"+68231816","email":"info@tamanubeach.com","url":"http://tamanubeach.com/","countryIso2":"CK","countryName":"Cook Islands","hotelRating":"3","latitude":"-18.8421","longitude":"-159.788","state_id":null,"state_name":null,"country_id":null},{"active":false,"Giataid":"31752","cityId":null,"cityName":"Aitutaki","hotelId":31752,"hotelName":"Pacific Resort Aitutaki","address":"Aitutaki,Cook Islands,Cook Islands","phones":"+68231720","fax":"+68231719","email":"","url":"http://www.pacificresort.com/Aitutaki/Welcome_IDL=8_IDT=103_ID=442_.html","countryIso2":"CK","countryName":"Cook Islands","hotelRating":"5","latitude":"-18.8472","longitude":"-159.795","state_id":null,"state_name":null,"country_id":null},{"active":false,"Giataid":"36781","cityId":null,"cityName":"Rarotonga","hotelId":36781,"hotelName":"Crown Beach Resort & Spa","address":"Beach Road,Sunset Coast,Arorangi 682,PO Box 47,Rarotonga,Cook Islands","phones":"+68223953","fax":"+68223951","email":"info@crownbeach.com","url":"http://crownbeach.com/","countryIso2":"CK","countryName":"Cook Islands","hotelRating":"4","latitude":"-21.2207","longitude":"-159.829","state_id":null,"state_name":null,"country_id":null},{"active":false,"Giataid":"41011","cityId":null,"cityName":"Rarotonga","hotelId":41011,"hotelName":"Lagoon Breeze Villas","address":"PO. Box 45,Rarotonga,Cook Islands","phones":"+68222020","fax":"+68222021","email":"reservations@lagoon.co.ck","url":"http://www.lagoonlodges.com","countryIso2":"CK","countryName":"Cook Islands","hotelRating":"3","latitude":"-21.2542","longitude":"-159.819","state_id":null,"state_name":null,"country_id":null},{"active":false,"Giataid":"129272","cityId":null,"cityName":"Rarotonga","hotelId":129272,"hotelName":"Aroa Beachside Inn","address":"P.O. Box 2160,Arorangi,Rarotonga,Cook Islands","phones":"+68222166","fax":"+68222169","email":"aroa@cookislands.co.ck","url":"http://www.aroabeach.com","countryIso2":"CK","countryName":"Cook Islands","hotelRating":"3","latitude":"-21.2463","longitude":"-159.824","state_id":null,"state_name":null,"country_id":null},{"active":false,"Giataid":"129273","cityId":null,"cityName":"Rarotonga","hotelId":129273,"hotelName":"Raina Lagoon Villas","address":"P.O. Box 72,Rarotonga,Cook Islands","phones":"+68223601","fax":"+68223602","email":"info@raina.com","url":"http://www.raina.com/lagoon_villas.php","countryIso2":"CK","countryName":"Cook Islands","hotelRating":"3","latitude":"-21.2547","longitude":"-159.819","state_id":null,"state_name":null,"country_id":null},{"active":false,"Giataid":"129274","cityId":null,"cityName":"Rarotonga","hotelId":129274,"hotelName":"Club Raro Resort","address":"P.O. Box 483,Avarua,Rarotonga,Cook Islands","phones":"+68222415","fax":"+68224415","email":"holiday@clubraro.co.ck","url":"http://www.clubraro.co.ck","countryIso2":"CK","countryName":"Cook Islands","hotelRating":"3","latitude":"-21.2039","longitude":"-159.755","state_id":null,"state_name":null,"country_id":null},{"active":false,"Giataid":"133843","cityId":null,"cityName":"Rarotonga","hotelId":133843,"hotelName":"The Islander Hotel","address":"Main Road,Panama Beachfront,Rarotonga,Cook Islands,Cook Islands","phones":"+68221003","fax":"+68221005","email":"reservations@aquariusrarotonga.co.ck","url":"http://www.aquariusrarotonga.com/","countryIso2":"CK","countryName":"Cook Islands","hotelRating":"3","latitude":"-21.1991","longitude":"-159.796","state_id":null,"state_name":null,"country_id":null},{"active":false,"Giataid":"133844","cityId":null,"cityName":"Titikaveka","hotelId":133844,"hotelName":"Raina Beach Apartments","address":"Ara Tapu,P.O.Box 72,Titikaveka,Rarotonga-Coock Island,Cook Islands","phones":"+68223601","fax":"+68223602","email":"info@raina.com","url":"http://www.raina.com/beach_apartments.htm","countryIso2":"CK","countryName":"Cook Islands","hotelRating":"3","latitude":"-21.2715","longitude":"-159.747","state_id":null,"state_name":null,"country_id":null},{"active":false,"Giataid":"138406","cityId":null,"cityName":"Mangaia Island","hotelId":138406,"hotelName":"Ara Moana Bungalows","address":"Ara Moana Road,Mangaia,Cook Islands","phones":"+68234278","fax":"","email":"","url":"","countryIso2":"CK","countryName":"Cook Islands","hotelRating":"1","latitude":"-21.9207","longitude":"-157.89","state_id":null,"state_name":null,"country_id":null},{"active":false,"Giataid":"142154","cityId":null,"cityName":"Rarotonga","hotelId":142154,"hotelName":"Magic Reef Resort","address":"","phones":"","fax":"","email":"","url":"","countryIso2":"CK","countryName":"Cook Islands","hotelRating":"4","latitude":"-21.2449","longitude":"-159.775","state_id":null,"state_name":null,"country_id":null},{"active":false,"Giataid":"142156","cityId":null,"cityName":"Rarotonga","hotelId":142156,"hotelName":"Nikao Beach Bungalows","address":"Main Road,Nikao,Avarua,Rarotonga,Cook Islands","phones":"","fax":"","email":"","url":"","countryIso2":"CK","countryName":"Cook Islands","hotelRating":"1","latitude":"-21.2449","longitude":"-159.775","state_id":null,"state_name":null,"country_id":null},{"active":false,"Giataid":"202354","cityId":null,"cityName":"Aitutaki","hotelId":202354,"hotelName":"Aretai Beach Villas","address":"Anaunga,Amuri,Aitutaki,Cook Islands","phones":"+68231645","fax":"","email":"accommodation@aretaibeachvillas.com","url":"http://www.aretaibeachvillas.com/","countryIso2":"CK","countryName":"Cook Islands","hotelRating":"2","latitude":"-18.8433","longitude":"-159.791","state_id":null,"state_name":null,"country_id":null},{"active":false,"Giataid":"202354","cityId":null,"cityName":"Aitutaki","hotelId":202354,"hotelName":"Aretai Beach Villas","address":"Anaunga,Amuri,Aitutaki,Cook Islands","phones":"+68231645","fax":"","email":"accommodation@aretaibeachvillas.com","url":"http://www.aretaibeachvillas.com/","countryIso2":"CK","countryName":"Cook Islands","hotelRating":"2","latitude":"-18.8433","longitude":"-159.791","state_id":null,"state_name":null,"country_id":null},{"active":false,"Giataid":"213661","cityId":null,"cityName":"Rarotonga","hotelId":213661,"hotelName":"Magic Reef Bungalows","address":"Arorangi District,Rarotonga,Cook Islands","phones":"+68227404","fax":"+68227404","email":"info@magicreef.co.nz","url":"http://www.magicreef.co.nz","countryIso2":"CK","countryName":"Cook Islands","hotelRating":"3","latitude":"-21.2294","longitude":"-159.828","state_id":null,"state_name":null,"country_id":null},{"active":false,"Giataid":"233937","cityId":null,"cityName":"Rarotonga","hotelId":233937,"hotelName":"Sanctuary Rarotonga","address":"Aroa Beach,Rarotonga,Cook Islands","phones":"+68264800727686","fax":"+68225988","email":"info@sanctuaryrarotonga.com","url":"http://www.sanctuaryrarotonga.com/","countryIso2":"CK","countryName":"Cook Islands","hotelRating":"4","latitude":"-21.2574","longitude":"-159.814","state_id":null,"state_name":null,"country_id":null},{"active":false,"Giataid":"233938","cityId":null,"cityName":"Rarotonga","hotelId":233938,"hotelName":"Villa Onemaru","address":"Aroa Beach,PO Box 103,Rarotonga,Cook Islands","phones":"+68225800","fax":"+68225799","email":"relax@villas.co.ck","url":"http://www.villasofthesouthseas.com/onemaru_contactus.cfm","countryIso2":"CK","countryName":"Cook Islands","hotelRating":"4","latitude":"-21.255","longitude":"-159.819","state_id":null,"state_name":null,"country_id":null},{"active":false,"Giataid":"233939","cityId":null,"cityName":"Aitutaki","hotelId":233939,"hotelName":"Villa Te Arau","address":"Akitua Island,Aitutaki,Cook Islands","phones":"+68231203","fax":"+68231202","email":"relax@villas.co.ck","url":"http://www.villasofthesouthseas.com/te_arau_home.cfm","countryIso2":"CK","countryName":"Cook Islands","hotelRating":"4","latitude":"-18.851","longitude":"-159.757","state_id":null,"state_name":null,"country_id":null},{"active":false,"Giataid":"234102","cityId":null,"cityName":"Rarotonga","hotelId":234102,"hotelName":"Main Islander On The Beach Holiday Properties","address":"Ara Tapu,Vaimaanga,Titikaveka,Rarotonga,Cook Islands","phones":"","fax":"","email":"","url":"","countryIso2":"CK","countryName":"Cook Islands","hotelRating":"4","latitude":"-21.2653","longitude":"-159.785","state_id":null,"state_name":null,"country_id":null},{"active":false,"Giataid":"236746","cityId":null,"cityName":"Rarotonga","hotelId":236746,"hotelName":"Rarotonga Beach Bungalows","address":"P.O. Box 3045,Titikaveka,Rarotonga,Cookinseln,Cook Islands","phones":"+68268227031","fax":"","email":"","url":"","countryIso2":"CK","countryName":"Cook Islands","hotelRating":"4","latitude":"-21.2721","longitude":"-159.754","state_id":null,"state_name":null,"country_id":null},{"active":false,"Giataid":"239485","cityId":null,"cityName":"Rarotonga","hotelId":239485,"hotelName":"Paradise Inn","address":"Main Road,Avarua,Rarotonga,Cook Islands,Cook Islands","phones":"+68220544","fax":"","email":"","url":"http://www.rarotongamotelaccommodation.com/","countryIso2":"CK","countryName":"Cook Islands","hotelRating":"3","latitude":"-21.2055","longitude":"-159.77","state_id":null,"state_name":null,"country_id":null},{"active":false,"Giataid":"239487","cityId":null,"cityName":"Rarotonga","hotelId":239487,"hotelName":"The Black Pearl at Puaikura","address":"Main Road,Kavera,Arorangi Ck,Rarotonga,Cook Islands","phones":"+68223537","fax":"+68221537","email":"accommodation@puaikura.co.ck","url":"http://www.puaikura.co.ck/","countryIso2":"CK","countryName":"Cook Islands","hotelRating":"3","latitude":"-21.2493","longitude":"-159.822","state_id":null,"state_name":null,"country_id":null},{"active":false,"Giataid":"245128","cityId":null,"cityName":"Aitutaki","hotelId":245128,"hotelName":"Popoara Ocean Breeze Villas","address":"Ootu Beach,Aitutaki,Cook Islands","phones":"+68231739","fax":"","email":"fishing@aitutaki.net.ck","url":"http://www.ck/aitutaki/popoara/index.htm","countryIso2":"CK","countryName":"Cook Islands","hotelRating":"2","latitude":"-18.8477","longitude":"-159.757","state_id":null,"state_name":null,"country_id":null},{"active":false,"Giataid":"245131","cityId":null,"cityName":"Muri Beach","hotelId":245131,"hotelName":"Te Manava Luxury Villas & Spa","address":"Ara Tapu,Muri Beach,Ngatangiia District,Cookinseln,Cook Islands","phones":"+68220427","fax":"+6821427","email":"","url":"http://www.temanava.com/Te-Manava/location-map_IDL=99_IDT=246_ID=1217_.html","countryIso2":"CK","countryName":"Cook Islands","hotelRating":"5","latitude":"-21.2556","longitude":"-159.731","state_id":null,"state_name":null,"country_id":null},{"active":false,"Giataid":"245133","cityId":null,"cityName":"Rarotonga","hotelId":245133,"hotelName":"Avana Waterfront Apts","address":"P.O. Box 869,Muri beach,Rarotonga,Cook Islands","phones":"+68220836","fax":"","email":"","url":"http://www.avanawaterfront.co.ck/","countryIso2":"CK","countryName":"Cook Islands","hotelRating":"3","latitude":"-21.2438","longitude":"-159.727","state_id":null,"state_name":null,"country_id":null},{"active":false,"Giataid":"245135","cityId":null,"cityName":"Rarotonga","hotelId":245135,"hotelName":"Muri Beach Resort","address":"Main Road,P.O. Box 146,Muri Beach,Rarotonga,Cook Islands","phones":"+68222779","fax":"","email":"","url":"http://www.muribeachresort.com/","countryIso2":"CK","countryName":"Cook Islands","hotelRating":"3","latitude":"-21.2587","longitude":"-159.732","state_id":null,"state_name":null,"country_id":null},{"active":false,"Giataid":"245138","cityId":null,"cityName":"Rarotonga","hotelId":245138,"hotelName":"Sunhaven Beach Bungalows","address":"P.O. Box 100,Rarotonga,Cook Islands","phones":"+68228465","fax":"+68228464","email":"sunhaven@beachbungalows.co.ck","url":"http://www.ck/sunhaven/","countryIso2":"CK","countryName":"Cook Islands","hotelRating":"3","latitude":"-21.2332","longitude":"-159.826","state_id":null,"state_name":null,"country_id":null},{"active":false,"Giataid":"245139","cityId":null,"cityName":"Aitutaki","hotelId":245139,"hotelName":"Aitutaki Escape","address":"P.O. Box 103,Amuri,Aitutaki,Cook Islands","phones":"+68231906","fax":"+68231907","email":"info@aitutakiescape.com","url":"http://www.aitutakiescape.com/","countryIso2":"CK","countryName":"Cook Islands","hotelRating":"5","latitude":"-18.8718","longitude":"-159.782","state_id":null,"state_name":null,"country_id":null},{"active":false,"Giataid":"365440","cityId":null,"cityName":"Mangaia Island","hotelId":365440,"hotelName":"Mangaia Villas","address":"PO Box 18,Rarotonga,Cook Islands,Cook Islands","phones":"+68229882","fax":"+68229884","email":"villas@mangaia.net.ck","url":"http://www.mangaiavillas.com/","countryIso2":"CK","countryName":"Cook Islands","hotelRating":"2","latitude":"-21.2084","longitude":"-159.82","state_id":null,"state_name":null,"country_id":null},{"active":false,"Giataid":"580153","cityId":null,"cityName":"Rarotonga","hotelId":580153,"hotelName":"Moana Sands Beachfront Hotel & Villas","address":"P.O. Box 1007,Rarotonga,Cook Islands","phones":"+68226189","fax":"+68222189","email":"beach@moanasands.co.ck","url":"http://moanasands.co.ck/","countryIso2":"CK","countryName":"Cook Islands","hotelRating":"3","latitude":"-21.2642","longitude":"-159.791","state_id":null,"state_name":null,"country_id":null},{"active":false,"Giataid":"580156","cityId":null,"cityName":"Rarotonga","hotelId":580156,"hotelName":"Moana Sands Beachfront Hotel","address":"Ara Tapu (Main Road)","phones":"","fax":"","email":"","url":"","countryIso2":"CK","countryName":"Cook Islands","hotelRating":"3","latitude":"-21.2722","longitude":"-159.754","state_id":null,"state_name":null,"country_id":null},{"active":false,"Giataid":"583198","cityId":null,"cityName":"Rarotonga","hotelId":583198,"hotelName":"White House Apartments","address":"Aro'a Beach Arorangi,PO Box 3033,Avarua,Rarotonga,Cook Islands","phones":"+68221959","fax":"","email":"info@whitehouserarotonga.com","url":"http://whitehouserarotonga.com/","countryIso2":"CK","countryName":"Cook Islands","hotelRating":"4","latitude":"-21.256","longitude":"-159.816","state_id":null,"state_name":null,"country_id":null},{"active":false,"Giataid":"583231","cityId":null,"cityName":"Aitutaki","hotelId":583231,"hotelName":"Aitutaki Seaside Lodges","address":"P.O. Box 79,Aitutaki,Cook Islands","phones":"+68270458","fax":"","email":"seaside@oyster.net.ck","url":"http://www.seaside-aitutaki.com/","countryIso2":"CK","countryName":"Cook Islands","hotelRating":"1","latitude":"-18.8312","longitude":"-159.778","state_id":null,"state_name":null,"country_id":null},{"active":false,"Giataid":"686634","cityId":null,"cityName":"Rarotonga","hotelId":686634,"hotelName":"Moana Sands Lagoon Resort","address":"Muri Beach","phones":"","fax":"","email":"","url":"","countryIso2":"CK","countryName":"Cook Islands","hotelRating":"3","latitude":"-21.2449","longitude":"-159.775","state_id":null,"state_name":null,"country_id":null},{"active":false,"Giataid":"467273","cityId":null,"cityName":"Rarotonga","hotelId":10047566,"hotelName":"Tropical Sands","address":"Ngatiangii,PO Box 117,Avarua,Rarotonga,Cook Islands","phones":"+68223564","fax":"","email":"","url":"","countryIso2":"CK","countryName":"Cook Islands","hotelRating":"3","latitude":"-21.2336","longitude":"-159.731","state_id":null,"state_name":null,"country_id":null},{"active":false,"Giataid":"581703","cityId":null,"cityName":"Rarotonga","hotelId":10048049,"hotelName":"Manea Beach Villas","address":"Ara Tapu,Muri Beach,Ngatangiia District,Rarotonga,Cook Islands","phones":"+68225336","fax":"","email":"","url":"","countryIso2":"CK","countryName":"Cook Islands","hotelRating":"3","latitude":"-21.2521","longitude":"-159.73","state_id":null,"state_name":null,"country_id":null},{"active":false,"Giataid":"539446","cityId":null,"cityName":"Rarotonga","hotelId":10054389,"hotelName":"The Reef Motel","address":"Arorangi,Rarotonga,Cook Islands","phones":"","fax":"","email":"","url":"","countryIso2":"CK","countryName":"Cook Islands","hotelRating":"2","latitude":"-21.2106","longitude":"-159.825","state_id":null,"state_name":null,"country_id":null},{"active":false,"Giataid":"583252","cityId":null,"cityName":"Aitutaki","hotelId":10054391,"hotelName":"The Reef Motel Aitutaki","address":"Arutanga,Aitutaki,Cook Islands","phones":"+68224280","fax":"","email":"","url":"","countryIso2":"CK","countryName":"Cook Islands","hotelRating":"2","latitude":"-18.8767","longitude":"-159.798","state_id":null,"state_name":null,"country_id":null},{"active":false,"Giataid":"685342","cityId":null,"cityName":"Nikao","hotelId":10055375,"hotelName":"Rarotonga Villas","address":"Nikao","phones":"+682640274440963","fax":"","email":"","url":"","countryIso2":"CK","countryName":"Cook Islands","hotelRating":"3","latitude":"-21.2044","longitude":"-159.819","state_id":null,"state_name":null,"country_id":null},{"active":false,"Giataid":"504162","cityId":null,"cityName":"Rarotonga","hotelId":10057873,"hotelName":"Rarotonga Daydreamer Resort","address":"P.O. Box 1048,Rarotonga,Cook Islands,Cook Islands","phones":"+68225965","fax":"","email":"","url":"","countryIso2":"CK","countryName":"Cook Islands","hotelRating":"3","latitude":"-21.2607","longitude":"-159.801","state_id":null,"state_name":null,"country_id":null},{"active":false,"Giataid":"432461","cityId":null,"cityName":"Rarotonga","hotelId":10064050,"hotelName":"Nautilus Resort","address":"Main Road,PO Box 50,Rarotonga,Muri,Cook Islands","phones":"+68225125","fax":"","email":"","url":"","countryIso2":"CK","countryName":"Cook Islands","hotelRating":"4","latitude":"-21.2607","longitude":"-159.733","state_id":null,"state_name":null,"country_id":null},{"active":false,"Giataid":"658646","cityId":null,"cityName":"Rarotonga","hotelId":10097780,"hotelName":"Muri Lagoon View Bungalows","address":"Aroko Drive,Muri,Rarotonga,Cook Islands","phones":"NULL","fax":"NULL","email":"NULL","url":"NULL","countryIso2":"CK","countryName":"Cook Islands","hotelRating":"3","latitude":"-21.2493","longitude":"-159.731","state_id":null,"state_name":null,"country_id":null},{"active":false,"Giataid":"505286","cityId":null,"cityName":"Rarotonga","hotelId":10100710,"hotelName":"Pacific Palms Luxury Villa","address":"Vaimaanga Road,Titikaveka,Rarotonga,Cook Islands","phones":"+68274767","fax":"NULL","email":"NULL","url":"NULL","countryIso2":"CK","countryName":"Cook Islands","hotelRating":"3","latitude":"-21.2645","longitude":"-159.788","state_id":null,"state_name":null,"country_id":null},{"active":false,"Giataid":"20362","cityId":null,"cityName":"Aitutaki","hotelId":10105832,"hotelName":"Rino's Motel","address":"P.O.Box 140,Ureia,Aitutaki,Cook Islands,Cook Islands","phones":"NULL","fax":"NULL","email":"NULL","url":"NULL","countryIso2":"CK","countryName":"Cook Islands","hotelRating":"3","latitude":"-18.8573","longitude":"-159.795","state_id":null,"state_name":null,"country_id":null},{"active":false,"Giataid":"359690","cityId":null,"cityName":"Ngatangiia","hotelId":10109469,"hotelName":"Aroko Bungalows","address":"P.O. Box 850,Avarua,Rarotonga,Cook Islands","phones":"+68223625","fax":"NULL","email":"NULL","url":"NULL","countryIso2":"CK","countryName":"Cook Islands","hotelRating":"3","latitude":"-21.25","longitude":"-159.73","state_id":null,"state_name":null,"country_id":null},{"active":false,"Giataid":"365434","cityId":null,"cityName":"Rarotonga","hotelId":10115853,"hotelName":"Coral Sands Apartments","address":"PO Box 3033,Main road,Avarua,Rarotonga,Cook Islands,Cook Islands","phones":"+68221959","fax":"NULL","email":"NULL","url":"NULL","countryIso2":"CK","countryName":"Cook Islands","hotelRating":"3","latitude":"-21.2302","longitude":"-159.828","state_id":null,"state_name":null,"country_id":null},{"active":false,"Giataid":"505961","cityId":null,"cityName":"Rarotonga","hotelId":10116472,"hotelName":"Crystal Blue Lagoon Villas","address":"Muri,P.O.  Box 86,Rarotonga,Cook Islands,Cook Islands","phones":"+68255720","fax":"NULL","email":"NULL","url":"NULL","countryIso2":"CK","countryName":"Cook Islands","hotelRating":"5","latitude":"-21.2585","longitude":"-159.733","state_id":null,"state_name":null,"country_id":null},{"active":false,"Giataid":"511654","cityId":null,"cityName":"Rarotonga","hotelId":10120875,"hotelName":"Heliconia Hideaway","address":"Titikavaka Village,Rarotonga,Cook Islands,Cook Islands","phones":"+68255795","fax":"NULL","email":"NULL","url":"NULL","countryIso2":"CK","countryName":"Cook Islands","hotelRating":"4","latitude":"-21.2724","longitude":"-159.75","state_id":null,"state_name":null,"country_id":null},{"active":false,"Giataid":"63620","cityId":null,"cityName":"Aitutaki","hotelId":10126731,"hotelName":"Inano Beach Bungalows","address":"Ootu Point,PO Box 48,Aitutaki,Cook Islands","phones":"+68231758","fax":"NULL","email":"NULL","url":"NULL","countryIso2":"CK","countryName":"Cook Islands","hotelRating":"3","latitude":"-18.8311","longitude":"-159.777","state_id":null,"state_name":null,"country_id":null},{"active":false,"Giataid":"555086","cityId":null,"cityName":"Rarotonga","hotelId":10127450,"hotelName":"Kakera Villa Apartments","address":"Ocean side Turangi,Raratonga,Cook Islands,Cook Islands","phones":"+68257525","fax":"NULL","email":"NULL","url":"NULL","countryIso2":"CK","countryName":"Cook Islands","hotelRating":"4","latitude":"-21.24","longitude":"-159.729","state_id":null,"state_name":null,"country_id":null},{"active":false,"Giataid":"583213","cityId":null,"cityName":"Rarotonga","hotelId":20001195,"hotelName":"Flame Cottage","address":"Muri Beach,Ngatangiia,Rarotonga,Cook Islands","phones":"+68250137","fax":"","email":"flamecottage@hotmail.com","url":"http://www.rarotongaflamecottage.com/","countryIso2":"CK","countryName":"Cook Islands","hotelRating":"0","latitude":"-21.2526","longitude":"-159.731","state_id":null,"state_name":null,"country_id":null},{"active":false,"Giataid":"694388","cityId":null,"cityName":"Rarotonga","hotelId":20001340,"hotelName":"Tianas Beach Villas","address":"Muri Beach,Rarotonga,Cook Islands","phones":"","fax":"","email":"","url":"http://www.tianas.com/","countryIso2":"CK","countryName":"Cook Islands","hotelRating":"2","latitude":"-21.2449","longitude":"-159.775","state_id":null,"state_name":null,"country_id":null},{"active":false,"Giataid":"673914","cityId":null,"cityName":"Muri Beach","hotelId":20001534,"hotelName":"Muri Beach Villa","address":"PO Box 3159,Cook Islands,Muri Beach,Rarotonga,Cook Islands","phones":"+68256599","fax":"","email":"retreat@oyster.net.ck","url":"http://www.muribeachvilla.com/","countryIso2":"CK","countryName":"Cook Islands","hotelRating":"0","latitude":"-21.2531","longitude":"-159.729","state_id":null,"state_name":null,"country_id":null},{"active":false,"Giataid":"694471","cityId":null,"cityName":"Aitutaki","hotelId":20001744,"hotelName":"Kuru Club Aitutaki","address":"Main Airport Road,Aitutaki,Cook Islands","phones":"+68256213","fax":"","email":"paul@kuru.co.nz","url":"https://www.kuruclub.co.ck/","countryIso2":"CK","countryName":"Cook Islands","hotelRating":"4","latitude":"-18.8346","longitude":"-159.763","state_id":null,"state_name":null,"country_id":null},{"active":false,"Giataid":"694424","cityId":null,"cityName":"Rarotonga","hotelId":20001946,"hotelName":"JJ's Retreat","address":"Vaiganaua Road,Rutaki,Rarotonga,Cook Islands","phones":"+68226868","fax":"","email":"jjsretreat2016@yahoo.com","url":"https://www.jjs-retreat.com","countryIso2":"CK","countryName":"Cook Islands","hotelRating":"3","latitude":"-21.2598","longitude":"-159.781","state_id":null,"state_name":null,"country_id":null},{"active":false,"Giataid":"694398","cityId":null,"cityName":"Rarotonga","hotelId":20002127,"hotelName":"Wellesley Hotel Rarotonga","address":"Puoromea Road 49A 2B,Rarotonga,Cook Islands","phones":"+6826444712424","fax":"","email":"corinne@thewellesley.co.nz","url":"http://www.wellesleyraro.co.nz/","countryIso2":"CK","countryName":"Cook Islands","hotelRating":"3","latitude":"-21.2086","longitude":"-159.78","state_id":null,"state_name":null,"country_id":null},{"active":false,"Giataid":"583204","cityId":null,"cityName":"Rarotonga","hotelId":20002313,"hotelName":"Sunny Bay Beach Bach","address":"Nikao Beach,Avarua,Rarotonga,Cook Islands","phones":"","fax":"","email":"","url":"","countryIso2":"CK","countryName":"Cook Islands","hotelRating":"3","latitude":"-21.2002","longitude":"-159.802","state_id":null,"state_name":null,"country_id":null},{"active":false,"Giataid":"245141","cityId":null,"cityName":"Rarotonga","hotelId":20002519,"hotelName":"Cooks Bay Villas","address":"Vaimaanga,Rarotonga,Cook Islands","phones":"+68270525","fax":"","email":"","url":"http://www.cooksbayvillas.com/","countryIso2":"CK","countryName":"Cook Islands","hotelRating":"4","latitude":"-21.2625","longitude":"-159.781","state_id":null,"state_name":null,"country_id":null},{"active":false,"Giataid":"694862","cityId":null,"cityName":"Ngatangiia","hotelId":20002720,"hotelName":"Muri Vista Villas","address":"Avana Dr,Ngatangiia District,Rarotonga,Cook Islands","phones":"+68250021","fax":"","email":"bookings@murivistavillas.com","url":"http://murivistavillas.com","countryIso2":"CK","countryName":"Cook Islands","hotelRating":"3","latitude":"-21.2489","longitude":"-159.73","state_id":null,"state_name":null,"country_id":null},{"active":false,"Giataid":"682936","cityId":null,"cityName":"Titikaveka","hotelId":20002987,"hotelName":"Paradise Holiday Homes","address":"Ara Metua,Kauare Titikaveka,Titikaveka,Rarotonga,Cook Islands,Cook Islands","phones":"","fax":"","email":"","url":"","countryIso2":"CK","countryName":"Cook Islands","hotelRating":"4","latitude":"-21.2676","longitude":"-159.758","state_id":null,"state_name":null,"country_id":null},{"active":false,"Giataid":"583237","cityId":null,"cityName":"Rarotonga","hotelId":20003162,"hotelName":"Ocean Blue Villas","address":"Ara Tapu,Takitumu District,Kauare Tapere,Rarotonga,Cook Islands","phones":"","fax":"","email":"","url":"","countryIso2":"CK","countryName":"Cook Islands","hotelRating":"0","latitude":"-21.2711","longitude":"-159.762","state_id":null,"state_name":null,"country_id":null},{"active":false,"Giataid":"583271","cityId":null,"cityName":"Aitutaki","hotelId":20003375,"hotelName":"Amuri Sands","address":"PO box 119,Aitutaki,Cook Islands","phones":"+68231130","fax":"+68231130","email":"amurisands@gmail.com","url":"http://www.aitutaki-vacation.com/","countryIso2":"CK","countryName":"Cook Islands","hotelRating":"0","latitude":"-18.8395","longitude":"-159.786","state_id":null,"state_name":null,"country_id":null},{"active":false,"Giataid":"318720","cityId":null,"cityName":"Rarotonga","hotelId":20003591,"hotelName":"Aroa Kainga","address":"Onemaru Road,P. O. Box 2039,Arorangi,Rarotonga,Cook Islands","phones":"+68222246","fax":"","email":"tricia_tom@yahoo.co.nz","url":"http://aroakainga.co.ck","countryIso2":"CK","countryName":"Cook Islands","hotelRating":"0","latitude":"-21.2449","longitude":"-159.775","state_id":null,"state_name":null,"country_id":null},{"active":false,"Giataid":"611921","cityId":null,"cityName":"Rarotonga","hotelId":20003758,"hotelName":"Nikao Cottages","address":"Nikao Beach,Avarua,Rarotonga,Cook Islands","phones":"","fax":"","email":"bookings@nikaocottages.com","url":"http://www.nikaocottages.com/","countryIso2":"CK","countryName":"Cook Islands","hotelRating":"0","latitude":"-21.2283","longitude":"-159.776","state_id":null,"state_name":null,"country_id":null},{"active":false,"Giataid":"318722","cityId":null,"cityName":"Rarotonga","hotelId":20003931,"hotelName":"Kiikii Inn & Suites","address":"Ara Tapu,Kiikii West,Avarua,Rarotonga,Cook Islands","phones":"+68221937","fax":"","email":"relax@kiikiimotel.co.ck","url":"http://thekiikiimotel.weebly.com","countryIso2":"CK","countryName":"Cook Islands","hotelRating":"2","latitude":"-21.2048","longitude":"-159.752","state_id":null,"state_name":null,"country_id":null},{"active":false,"Giataid":"245142","cityId":null,"cityName":"Rarotonga","hotelId":20004162,"hotelName":"Makayla Palms","address":"Ara Tapu,Takitumu District,5100 Rarotonga,Cook Islands","phones":"+68227738","fax":"","email":"info@makaylapalms.com","url":"https://www.makaylapalms.com/","countryIso2":"CK","countryName":"Cook Islands","hotelRating":"4","latitude":"-21.2684","longitude":"-159.767","state_id":null,"state_name":null,"country_id":null},{"active":false,"Giataid":"583202","cityId":null,"cityName":"Rarotonga","hotelId":20004360,"hotelName":"Black Rock Villas","address":"Black Rock,P.O. Box 3067,Rarotonga,Cook Islands","phones":"+68221233","fax":"","email":"info@blackrockvillas.com","url":"http://www.blackrockvillas.com/","countryIso2":"CK","countryName":"Cook Islands","hotelRating":"0","latitude":"-21.2288","longitude":"-159.775","state_id":null,"state_name":null,"country_id":null},{"active":false,"Giataid":"583218","cityId":null,"cityName":"Rarotonga","hotelId":20004540,"hotelName":"Betela Beach House","address":"PO Box 2137,Arorangi,Rarotonga,Cook Islands","phones":"","fax":"","email":"","url":"","countryIso2":"CK","countryName":"Cook Islands","hotelRating":"0","latitude":"-21.2435","longitude":"-159.826","state_id":null,"state_name":null,"country_id":null},{"active":false,"Giataid":"21826","cityId":null,"cityName":"Rarotonga","hotelId":20004729,"hotelName":"Sokala Villas","address":"Muri Lagoon,Rarotonga,Cook Islands","phones":"+68229200","fax":"","email":"villas@sokala.co.ck","url":"http://www.sokalavillas.com/","countryIso2":"CK","countryName":"Cook Islands","hotelRating":"3","latitude":"-21.2532","longitude":"-159.729","state_id":null,"state_name":null,"country_id":null},{"active":false,"Giataid":"694894","cityId":null,"cityName":"Avarua","hotelId":20005072,"hotelName":"Kia Orana Villas","address":"Ariki Road,Atupa,Avatiu,Rarotonga,Cook Islands","phones":"","fax":"","email":"rossholmes@kiaoranavillas.com","url":"http://www.kiaoranavillas.com","countryIso2":"CK","countryName":"Cook Islands","hotelRating":"3","latitude":"-21.2074","longitude":"-159.791","state_id":null,"state_name":null,"country_id":null},{"active":false,"Giataid":"245132","cityId":null,"cityName":"Muri Beach","hotelId":20005206,"hotelName":"Rendezvous Villas","address":"Muri Beach,Rarotonga,Cook Islands","phones":"+68222130","fax":"+68222136","email":"rendezvous@villavacations.co.ck","url":"http://www.rendezvousvillas.com/","countryIso2":"CK","countryName":"Cook Islands","hotelRating":"4","latitude":"-21.2567","longitude":"-159.732","state_id":null,"state_name":null,"country_id":null},{"active":false,"Giataid":"488435","cityId":null,"cityName":"Rarotonga","hotelId":20005417,"hotelName":"Ikurangi Eco Retreat","address":"P.O. Box 3159,Rarotonga,Cook Islands,Cook Islands","phones":"+68225288","fax":"","email":"stay@ikurangi.com","url":"http://www.ikurangi.com","countryIso2":"CK","countryName":"Cook Islands","hotelRating":"3","latitude":"-21.2195","longitude":"-159.738","state_id":null,"state_name":null,"country_id":null},{"active":false,"Giataid":"682912","cityId":null,"cityName":"Rarotonga","hotelId":20005554,"hotelName":"Anchor's Rest","address":"Betela Beach,Rarotonga,Cook Islands","phones":"","fax":"","email":"","url":"","countryIso2":"CK","countryName":"Cook Islands","hotelRating":"0","latitude":"-21.2449","longitude":"-159.775","state_id":null,"state_name":null,"country_id":null},{"active":false,"Giataid":"435959","cityId":null,"cityName":"Rarotonga","hotelId":20005717,"hotelName":"Raro Beach Bach","address":"P.O. Box 827,Vaimaanga,Rarotonga,Cook Islands","phones":"+68222199","fax":"","email":"info@rarobeachbach.com","url":"http://www.rarobeachbach.com","countryIso2":"CK","countryName":"Cook Islands","hotelRating":"3","latitude":"-21.2606","longitude":"-159.8","state_id":null,"state_name":null,"country_id":null},{"active":false,"Giataid":"583227","cityId":null,"cityName":"Rarotonga","hotelId":20005880,"hotelName":"Rarotonga's Fishing Lodge - GT's Lodge","address":"Rarotonga,Tupapa,Cook Islands","phones":"+68254471","fax":"","email":"","url":"http://www.rarotongafishinglodge.com/","countryIso2":"CK","countryName":"Cook Islands","hotelRating":"4","latitude":"-21.2074","longitude":"-159.753","state_id":null,"state_name":null,"country_id":null},{"active":false,"Giataid":"245137","cityId":null,"cityName":"Rarotonga","hotelId":20006050,"hotelName":"Sands Villas","address":"P.O. Box 3159,Rarotonga,Cook Islands","phones":"+68221530","fax":"","email":"civillas@cookislandsholidays.co.ck","url":"http://www.sandsvillasrarotonga.com/","countryIso2":"CK","countryName":"Cook Islands","hotelRating":"4","latitude":"-21.2719","longitude":"-159.756","state_id":null,"state_name":null,"country_id":null},{"active":false,"Giataid":"583269","cityId":null,"cityName":"Aitutaki","hotelId":20006371,"hotelName":"Vaiorea Beach House","address":"Aratea,Arutanga,Aitutaki,Cook Islands","phones":"","fax":"","email":"","url":"","countryIso2":"CK","countryName":"Cook Islands","hotelRating":"0","latitude":"-18.8375","longitude":"-159.784","state_id":null,"state_name":null,"country_id":null},{"active":false,"Giataid":"583228","cityId":null,"cityName":"Rarotonga","hotelId":20006496,"hotelName":"Vaiakura Holiday Homes","address":"Betela,Arorangi District,PO Box 2152,Rarotonga,Cook Islands","phones":"+68270289","fax":"","email":"info@vaiakura.com","url":"http://www.vaiakura.com/","countryIso2":"CK","countryName":"Cook Islands","hotelRating":"0","latitude":"-21.243","longitude":"-159.826","state_id":null,"state_name":null,"country_id":null},{"active":false,"Giataid":"583256","cityId":null,"cityName":"Titikaveka","hotelId":20006679,"hotelName":"Te Akapuao Holiday Home and Studio Villas","address":"Tikioki,Titikaveka,Cook Islands","phones":"","fax":"","email":"","url":"","countryIso2":"CK","countryName":"Cook Islands","hotelRating":"0","latitude":"-21.2677","longitude":"-159.749","state_id":null,"state_name":null,"country_id":null},{"active":false,"Giataid":"583225","cityId":null,"cityName":"Rarotonga","hotelId":20006847,"hotelName":"Coast House","address":"Te Avaavaroa,Turangi,Rarotonga,Matavera,Cook Islands","phones":"","fax":"","email":"","url":"","countryIso2":"CK","countryName":"Cook Islands","hotelRating":"0","latitude":"-21.2344","longitude":"-159.729","state_id":null,"state_name":null,"country_id":null},{"active":false,"Giataid":"694365","cityId":null,"cityName":"Rarotonga","hotelId":20006990,"hotelName":"Atupa Orchid Units","address":"P.O. Box 64,Rarotonga,Cook Islands","phones":"+68228543","fax":"+68268628546","email":"ingrid@atupaorchids.co.ck","url":"http://www.atupaorchids.co.ck/","countryIso2":"CK","countryName":"Cook Islands","hotelRating":"2","latitude":"-21.2084","longitude":"-159.79","state_id":null,"state_name":null,"country_id":null},{"active":false,"Giataid":"583208","cityId":null,"cityName":"Rarotonga","hotelId":20007185,"hotelName":"Moana's Tropical Hideaway","address":"Back road,Rarotonga,Cook Islands","phones":"+68226984","fax":"","email":"more@oyster.net.ck","url":"http://www.moanastropicalhideaway.com/","countryIso2":"CK","countryName":"Cook Islands","hotelRating":"0","latitude":"-21.2323","longitude":"-159.732","state_id":null,"state_name":null,"country_id":null},{"active":false,"Giataid":"296214","cityId":null,"cityName":"Rarotonga","hotelId":20007306,"hotelName":"Central Motel","address":"PO Box 183,Avarua,Rarotonga,Cook Islands","phones":"+68225736","fax":"+68225740","email":"","url":"http://www.central-motel.com/","countryIso2":"CK","countryName":"Cook Islands","hotelRating":"0","latitude":"-21.2085","longitude":"-159.775","state_id":null,"state_name":null,"country_id":null},{"active":false,"Giataid":"30758","cityId":null,"cityName":"Aitutaki","hotelId":20007448,"hotelName":"Sunny Beach","address":"Amuri,Aitutaki,Cook Islands","phones":"+68231446","fax":"","email":"sunnybeach@aitutaki.net.ck","url":"http://www.sunnybeachlodge.com/","countryIso2":"CK","countryName":"Cook Islands","hotelRating":"2","latitude":"-18.8517","longitude":"-159.778","state_id":null,"state_name":null,"country_id":null},{"active":false,"Giataid":"435960","cityId":null,"cityName":"Aitutaki","hotelId":20007619,"hotelName":"Ranginui's Retreat","address":"PO Box 8,Ootu Beach,Aitutaki-Cook Islands,Cook Islands","phones":"+68231657","fax":"+68231658","email":"ranginui@aitutaki.net.ck","url":"http://www.ranginuisretreat.com","countryIso2":"CK","countryName":"Cook Islands","hotelRating":"0","latitude":"-18.849","longitude":"-159.759","state_id":null,"state_name":null,"country_id":null},{"active":false,"Giataid":"583199","cityId":null,"cityName":"Rarotonga","hotelId":20007760,"hotelName":"Muri Shores","address":"Ara Tapu,PO Box 3118,Rarotonga,Cook Islands","phones":"+68252325","fax":"+68252644","email":"murishrs@oyster.net.ck","url":"http://www.murishores.com/","countryIso2":"CK","countryName":"Cook Islands","hotelRating":"0","latitude":"-21.2583","longitude":"-159.732","state_id":null,"state_name":null,"country_id":null},{"active":false,"Giataid":"583210","cityId":null,"cityName":"Rarotonga","hotelId":20007872,"hotelName":"Matangi Moana Beachside Villa","address":"Beachside,Matavera,Rarotonga,Cook Islands","phones":"","fax":"","email":"","url":"","countryIso2":"CK","countryName":"Cook Islands","hotelRating":"0","latitude":"-21.2253","longitude":"-159.733","state_id":null,"state_name":null,"country_id":null},{"active":false,"Giataid":"142155","cityId":null,"cityName":"Atiu","hotelId":20008044,"hotelName":"Atiu Villas","address":"Atiu Island,Cook Islands","phones":"","fax":"","email":"roger@atiuvillas.com","url":"http://www.atiuvillas.com/","countryIso2":"CK","countryName":"Cook Islands","hotelRating":"3","latitude":"-20.0073","longitude":"-158.109","state_id":null,"state_name":null,"country_id":null},{"active":false,"Giataid":"673921","cityId":null,"cityName":"Muri Beach","hotelId":20008263,"hotelName":"Muri Beach Hideaway","address":"PO Box 3092,Muri Beach,Rarotonga,Cook Islands","phones":"+68229005","fax":"","email":"mbhaway@oyster.net.ck","url":"http://www.muribeachhideaway.com/","countryIso2":"CK","countryName":"Cook Islands","hotelRating":"0","latitude":"-21.2592","longitude":"-159.733","state_id":null,"state_name":null,"country_id":null},{"active":false,"Giataid":"866901","cityId":null,"cityName":"Rarotonga","hotelId":20283848,"hotelName":"Arcadia Retreat","address":"Avarua,PO Box 3159,Rarotonga,Cook Islands","phones":"","fax":"","email":"info@arcadiararotonga.com","url":"http://www.arcadiararotonga.com/","countryIso2":"CK","countryName":"Cook Islands","hotelRating":"3","latitude":"-21.2411","longitude":"-159.825","state_id":null,"state_name":null,"country_id":null},{"active":false,"Giataid":"877759","cityId":null,"cityName":"Aitutaki","hotelId":20283849,"hotelName":"Patia Holiday Home","address":"Road Aitutaki,Aitutaki,Cook Islands","phones":"","fax":"","email":"","url":"","countryIso2":"CK","countryName":"Cook Islands","hotelRating":"0","latitude":"-18.8517","longitude":"-159.778","state_id":null,"state_name":null,"country_id":null},{"active":false,"Giataid":"922777","cityId":null,"cityName":"Rarotonga","hotelId":20283850,"hotelName":"Whitesands Beach Villas","address":"PO Box 1022,Titikaveka,Rarotonga,Cook Islands","phones":"+68222919","fax":"","email":"whitesands@whitesands.co.ck","url":"http://www.whitesands.co.ck","countryIso2":"CK","countryName":"Cook Islands","hotelRating":"0","latitude":"-21.271","longitude":"-159.761","state_id":null,"state_name":null,"country_id":null},{"active":false,"Giataid":"896880","cityId":null,"cityName":"Rarotonga","hotelId":20283851,"hotelName":"Muriavai Bungalows","address":"Muriavai Road,Aroa's Beach,Rarotonga,Cook Islands","phones":"","fax":"","email":"","url":"","countryIso2":"CK","countryName":"Cook Islands","hotelRating":"3","latitude":"-21.2468","longitude":"-159.824","state_id":null,"state_name":null,"country_id":null},{"active":false,"Giataid":"734995","cityId":null,"cityName":"Avarua","hotelId":20283852,"hotelName":"Seaside Beachfront Villas","address":"PO Box 158,Avarua,Rarotonga,Cook Islands","phones":"","fax":"","email":"raroseasidevillas@gmail.com","url":"https://www.seasidevillasrarotonga.com","countryIso2":"CK","countryName":"Cook Islands","hotelRating":"3","latitude":"-21.2311","longitude":"-159.731","state_id":null,"state_name":null,"country_id":null},{"active":false,"Giataid":"877766","cityId":null,"cityName":"Rarotonga","hotelId":20283853,"hotelName":"Dorothy's Muri Beach Bungalows","address":"Muri,Ngatangiia,Rarotonga,Cook Islands","phones":"","fax":"","email":"","url":"","countryIso2":"CK","countryName":"Cook Islands","hotelRating":"0","latitude":"-21.2454","longitude":"-159.775","state_id":null,"state_name":null,"country_id":null},{"active":false,"Giataid":"922803","cityId":null,"cityName":"Aitutaki","hotelId":20283854,"hotelName":"Matriki Beach Huts","address":"PO Box 32,Amuri,Aitutaki,Arutanga,Cook Islands","phones":"+68231564","fax":"+68231564","email":"matriki.aitutaki@gmail.com","url":"http://www.matrikibeachhuts.com/","countryIso2":"CK","countryName":"Cook Islands","hotelRating":"0","latitude":"-18.8517","longitude":"-159.778","state_id":null,"state_name":null,"country_id":null},{"active":false,"Giataid":"936473","cityId":null,"cityName":"Rarotonga","hotelId":20283855,"hotelName":"Ariki Bungalows","address":"Tamaaraki Drive,Avarua,Ngatangiia,PO Box 3334,Rarotonga,Cook Islands","phones":"+68227955","fax":"","email":"arikiholidays@gmail.com","url":"http://www.arikiholidays.com","countryIso2":"CK","countryName":"Cook Islands","hotelRating":"0","latitude":"-21.249","longitude":"-159.731","state_id":null,"state_name":null,"country_id":null},{"active":false,"Giataid":"895957","cityId":null,"cityName":"Rarotonga","hotelId":20283856,"hotelName":"Ocean Spray Villas","address":"Tupapa,Avarua,Rarotonga,Cook Islands,Cook Islands","phones":"","fax":"","email":"","url":"","countryIso2":"CK","countryName":"Cook Islands","hotelRating":"4","latitude":"-21.2046","longitude":"-159.767","state_id":null,"state_name":null,"country_id":null},{"active":false,"Giataid":"922772","cityId":null,"cityName":"Rarotonga","hotelId":20283858,"hotelName":"Bella Beach Bungalows","address":"PO Box 158,Titikaveka,Avarua,Rarotonga,Cook Islands","phones":"+68226004","fax":"","email":"book@bellabeach.co.ck","url":"http://www.bellabeachbungalows.com/","countryIso2":"CK","countryName":"Cook Islands","hotelRating":"0","latitude":"-21.2701","longitude":"-159.764","state_id":null,"state_name":null,"country_id":null},{"active":false,"Giataid":"866439","cityId":null,"cityName":"Rarotonga","hotelId":20283859,"hotelName":"Mama Taras","address":"Muri Hillside Road,Muri,Rarotonga,Cook Islands","phones":"","fax":"","email":"","url":"","countryIso2":"CK","countryName":"Cook Islands","hotelRating":"3","latitude":"-21.257","longitude":"-159.735","state_id":null,"state_name":null,"country_id":null},{"active":false,"Giataid":"936503","cityId":null,"cityName":"Rarotonga","hotelId":20283860,"hotelName":"Kura's Kabanas","address":"PO Box 904,Avarua,Rarotonga,Cook Islands","phones":"+68227010","fax":"+68227025","email":"kkabanas@oyster.net.ck","url":"http://www.kkabanas.co.ck","countryIso2":"CK","countryName":"Cook Islands","hotelRating":"0","latitude":"-21.2454","longitude":"-159.775","state_id":null,"state_name":null,"country_id":null},{"active":false,"Giataid":"955907","cityId":null,"cityName":"Rarotonga","hotelId":20390885,"hotelName":"Cook Islands Holiday Villas","address":"Blackrock,Rarotonga,Cook Islands","phones":"","fax":"","email":"stay@cookislandsholidayvillas.com","url":"http://www.cookislandsholidayvillas.com","countryIso2":"CK","countryName":"Cook Islands","hotelRating":"3","latitude":"-21.2626","longitude":"-159.734","state_id":null,"state_name":null,"country_id":null},{"active":false,"Giataid":"988031","cityId":null,"cityName":"Rarotonga","hotelId":20426819,"hotelName":"Blue Lagoon Villa","address":"Black Rock Beach,Arorangi,Rarotonga,Cook Islands","phones":"","fax":"","email":"","url":"","countryIso2":"CK","countryName":"Cook Islands","hotelRating":"3","latitude":"-21.2107","longitude":"-159.825","state_id":null,"state_name":null,"country_id":null},{"active":false,"Giataid":"991516","cityId":null,"cityName":"Rarotonga","hotelId":20426820,"hotelName":"Rarotonga GolfSeaView","address":"Corner Hospital Road And Ara Pa Metua Road,Nikao,Rarotonga,Cook Islands","phones":"+68270513","fax":"","email":"rarotonga@golfseaview.com","url":"https://www.golfseaview.com/","countryIso2":"CK","countryName":"Cook Islands","hotelRating":"3","latitude":"-21.2098","longitude":"-159.821","state_id":null,"state_name":null,"country_id":null}]