[{"active":false,"Giataid":"380412","cityId":66354,"cityName":"Reunion","hotelId":380412,"hotelName":"Villa Angelique Chateaux Et Hotels Colle","address":"","phones":"","fax":"","email":"","url":"","countryIso2":"RE","countryName":"Reunion","hotelRating":"4","latitude":"-20.8831","longitude":"55.4503","state_id":3760,"state_name":"Choiseul Quarter","country_id":186},{"active":false,"Giataid":"433603","cityId":17006,"cityName":"Sainte-Marie","hotelId":433603,"hotelName":"La Villa des Cannes","address":"17 lot Lisa,Chiendent,Route du paradis,97438 Sainte-Marie,?le de la R?union,Reunion","phones":"+262262373213","fax":"","email":"","url":"http://www.lavilladescannes.com/","countryIso2":"RE","countryName":"Reunion","hotelRating":"4","latitude":"-20.9358","longitude":"55.544","state_id":873,"state_name":"Quebec","country_id":39},{"active":false,"Giataid":"433888","cityId":66354,"cityName":"Reunion","hotelId":433888,"hotelName":"Hotel Austral","address":"","phones":"","fax":"","email":"","url":"","countryIso2":"RE","countryName":"Reunion","hotelRating":"3","latitude":"-20.876","longitude":"55.4533","state_id":3760,"state_name":"Choiseul Quarter","country_id":186},{"active":false,"Giataid":"602864","cityId":46402,"cityName":"Saint-Paul","hotelId":602864,"hotelName":"Villa Laurina","address":"","phones":"+262692121356","fax":"","email":"","url":"","countryIso2":"RE","countryName":"Reunion","hotelRating":"1","latitude":"-21.0304","longitude":"55.3197","state_id":4798,"state_name":"Auvergne-Rhone-Alpes","country_id":75},{"active":false,"Giataid":"675315","cityId":31014,"cityName":"Saint Joseph","hotelId":20000355,"hotelName":"Ilet Aux Palmistes","address":"25 Rue Claude Marion,CD 37 - Vincendo,97480 Saint Joseph,Reunion","phones":"+262202114","fax":"","email":"","url":"http://gites-de-france-reunion.com/hebergement/gite?id=eta_3115","countryIso2":"RE","countryName":"Reunion","hotelRating":"0","latitude":"-21.3671","longitude":"55.6306","state_id":4085,"state_name":"Saint Joseph Parish","country_id":61},{"active":false,"Giataid":"628259","cityId":31014,"cityName":"Saint Joseph","hotelId":20000936,"hotelName":"Bubble Dome Village Saint Joseph","address":"18 Chemin Ligne des Quatre Cent Vingt,97480 Saint Joseph,Ile de la R?union,Reunion","phones":"+262692699509","fax":"+262262090565","email":"bubbledomevillage@gmail.com","url":"http://bubbledomevillage.com/contact.php","countryIso2":"RE","countryName":"Reunion","hotelRating":"0","latitude":"-21.3663","longitude":"55.6361","state_id":4085,"state_name":"Saint Joseph Parish","country_id":61},{"active":false,"Giataid":"57369","cityId":31014,"cityName":"Saint Joseph","hotelId":20009520,"hotelName":"La Plantation","address":"124  Route de Jean Petit,97480 Saint-Joseph,Saint-Pierre,Reunion","phones":"+262262560886","fax":"","email":"info@laplantation.net","url":"http://20gp.ovh.net/~laplanta/accueil_eng.html","countryIso2":"RE","countryName":"Reunion","hotelRating":"2","latitude":"-21.368","longitude":"55.6254","state_id":4085,"state_name":"Saint Joseph Parish","country_id":61},{"active":false,"Giataid":"723713","cityId":31014,"cityName":"Saint Joseph","hotelId":20011175,"hotelName":"La Rose Du Sud","address":"4 Rue Gabriel Mace,97480 Saint-Joseph,Reunion","phones":"","fax":"","email":"","url":"http://www.larosedusud.com","countryIso2":"RE","countryName":"Reunion","hotelRating":"0","latitude":"-21.3817","longitude":"55.6491","state_id":4085,"state_name":"Saint Joseph Parish","country_id":61},{"active":false,"Giataid":"839134","cityId":31014,"cityName":"Saint Joseph","hotelId":20363549,"hotelName":"Aux Graines Sauvages","address":"1 Allee Des Rameaux,Vincendo,97480 Saint Joseph,Reunion","phones":"+262262778430","fax":"","email":"","url":"http://www.aux-graines-sauvages.fr","countryIso2":"RE","countryName":"Reunion","hotelRating":"0","latitude":"-21.3671","longitude":"55.6306","state_id":4085,"state_name":"Saint Joseph Parish","country_id":61},{"active":false,"Giataid":"760872","cityId":46402,"cityName":"Saint-Paul","hotelId":20363550,"hotelName":"Villa Hacienda Creole","address":"8 Rue des Miramiel,Saint Gilles Les Bains,97434 Saint-Paul,Reunion","phones":"","fax":"","email":"","url":"","countryIso2":"RE","countryName":"Reunion","hotelRating":"0","latitude":"-21.0321","longitude":"55.2259","state_id":4798,"state_name":"Auvergne-Rhone-Alpes","country_id":75},{"active":false,"Giataid":"838927","cityId":17006,"cityName":"Sainte-Marie","hotelId":20363551,"hotelName":"Villa Helena B&B","address":"25 Rue Des Remparts,Sainte-Marie,Reunion","phones":"","fax":"","email":"","url":"","countryIso2":"RE","countryName":"Reunion","hotelRating":"0","latitude":"-20.9238","longitude":"55.5208","state_id":873,"state_name":"Quebec","country_id":39},{"active":false,"Giataid":"913635","cityId":46402,"cityName":"Saint-Paul","hotelId":20363555,"hotelName":"Le Caillou Blanc","address":"20 Rue Des Merles,97460 Saint-Paul,Reunion","phones":"","fax":"","email":"","url":"","countryIso2":"RE","countryName":"Reunion","hotelRating":"0","latitude":"-21.033","longitude":"55.273","state_id":4798,"state_name":"Auvergne-Rhone-Alpes","country_id":75},{"active":false,"Giataid":"801771","cityId":31014,"cityName":"Saint Joseph","hotelId":20363562,"hotelName":"Les Vanilliers","address":"10 Chemin Potier,Carosse,97480 Saint Joseph,Reunion","phones":"+262262198362","fax":"","email":"","url":"http://www.lodgeslesvanilliers.com","countryIso2":"RE","countryName":"Reunion","hotelRating":"0","latitude":"-21.3575","longitude":"55.6007","state_id":4085,"state_name":"Saint Joseph Parish","country_id":61},{"active":false,"Giataid":"524258","cityId":46402,"cityName":"Saint-Paul","hotelId":20363563,"hotelName":"Villa MetiSSe du Lagon","address":"9 Rue des Engag?s,La Saline Les Bains,97434 Saint-Paul,Reunion","phones":"","fax":"","email":"","url":"","countryIso2":"RE","countryName":"Reunion","hotelRating":"0","latitude":"-21.0846","longitude":"55.2377","state_id":4798,"state_name":"Auvergne-Rhone-Alpes","country_id":75},{"active":false,"Giataid":"839476","cityId":46402,"cityName":"Saint-Paul","hotelId":20363564,"hotelName":"La Kaz Nana Sakifo","address":"12 Rue De Aregno,Lotissement Hameau,Plateau Caillou,De Corbara,97460 Saint Paul,Reunion","phones":"","fax":"","email":"","url":"https://www.lakaznanasakifo.com","countryIso2":"RE","countryName":"Reunion","hotelRating":"0","latitude":"-21.033","longitude":"55.273","state_id":4798,"state_name":"Auvergne-Rhone-Alpes","country_id":75},{"active":false,"Giataid":"881289","cityId":46402,"cityName":"Saint-Paul","hotelId":20363569,"hotelName":"Gite Cannelle","address":"16 Impasse De La Paix,Bois De Nefles,97411 St Paul,Reunion","phones":"+262262445404","fax":"","email":"","url":"http://www.legitecannelle.net","countryIso2":"RE","countryName":"Reunion","hotelRating":"0","latitude":"-21.033","longitude":"55.273","state_id":4798,"state_name":"Auvergne-Rhone-Alpes","country_id":75},{"active":false,"Giataid":"839102","cityId":31014,"cityName":"Saint Joseph","hotelId":20363579,"hotelName":"A La Maison 974","address":"108 Rue Des Prunes,97480 Saint Joseph,Reunion","phones":"","fax":"","email":"","url":"","countryIso2":"RE","countryName":"Reunion","hotelRating":"0","latitude":"-21.3671","longitude":"55.6306","state_id":4085,"state_name":"Saint Joseph Parish","country_id":61},{"active":false,"Giataid":"602872","cityId":46402,"cityName":"Saint-Paul","hotelId":20363580,"hotelName":"Appartement T1 Comptoir 31","address":"8 rue des Aigrettes,St Gilles-les-Bains,97434 Saint-Paul,Reunion","phones":"","fax":"","email":"","url":"","countryIso2":"RE","countryName":"Reunion","hotelRating":"0","latitude":"-21.0365","longitude":"55.2237","state_id":4798,"state_name":"Auvergne-Rhone-Alpes","country_id":75},{"active":false,"Giataid":"913620","cityId":31014,"cityName":"Saint Joseph","hotelId":20363583,"hotelName":"Auberge Desprairies","address":"44 Rte De Matouta,97480 Saint-Joseph,Reunion","phones":"","fax":"","email":"","url":"","countryIso2":"RE","countryName":"Reunion","hotelRating":"0","latitude":"-21.3671","longitude":"55.6306","state_id":4085,"state_name":"Saint Joseph Parish","country_id":61},{"active":false,"Giataid":"895651","cityId":46402,"cityName":"Saint-Paul","hotelId":20363584,"hotelName":"Villa Le Bon","address":"56 Route Du Trou d'Eau,97434 Saint-Paul,Reunion","phones":"","fax":"","email":"","url":"","countryIso2":"RE","countryName":"Reunion","hotelRating":"0","latitude":"-21.033","longitude":"55.273","state_id":4798,"state_name":"Auvergne-Rhone-Alpes","country_id":75},{"active":false,"Giataid":"838967","cityId":31014,"cityName":"Saint Joseph","hotelId":20363592,"hotelName":"Gandalf Safari Camp","address":"87 Boulevard de l'Ocean,Manapany les Bains,97480 Saint Joseph,Reunion","phones":"+262262584559","fax":"","email":"info@gandalfsafaricamp.de","url":"http://www.gandalfsafaricamp.de/homepage_e.htm","countryIso2":"RE","countryName":"Reunion","hotelRating":"0","latitude":"-21.375","longitude":"55.5915","state_id":4085,"state_name":"Saint Joseph Parish","country_id":61},{"active":false,"Giataid":"600601","cityId":46402,"cityName":"Saint-Paul","hotelId":20363593,"hotelName":"L'Oasis du Lagon","address":"1 rue des Jades,97434 Saint-Paul,Reunion","phones":"","fax":"","email":"","url":"","countryIso2":"RE","countryName":"Reunion","hotelRating":"0","latitude":"-21.0906","longitude":"55.2412","state_id":4798,"state_name":"Auvergne-Rhone-Alpes","country_id":75},{"active":false,"Giataid":"839622","cityId":46402,"cityName":"Saint-Paul","hotelId":20363594,"hotelName":"Villa Deluy","address":"9 Allee Des Crotons,La Plaine Bois De Nefles,97411 Saint-Paul,Reunion","phones":"","fax":"","email":"","url":"","countryIso2":"RE","countryName":"Reunion","hotelRating":"0","latitude":"-21.033","longitude":"55.273","state_id":4798,"state_name":"Auvergne-Rhone-Alpes","country_id":75},{"active":false,"Giataid":"895642","cityId":46402,"cityName":"Saint-Paul","hotelId":20363599,"hotelName":"Maison Le P'tit Marin","address":"21 C Rue Du Lagon,97434 Saint-Paul,Reunion","phones":"","fax":"","email":"","url":"","countryIso2":"RE","countryName":"Reunion","hotelRating":"0","latitude":"-21.033","longitude":"55.273","state_id":4798,"state_name":"Auvergne-Rhone-Alpes","country_id":75},{"active":false,"Giataid":"736947","cityId":31014,"cityName":"Saint Joseph","hotelId":20363608,"hotelName":"Au Lapin d'Or","address":"55 bis, chemin Concession - Km 10 Jean Petit Grand-Coude,97480 Saint-Joseph,Reunion","phones":"","fax":"","email":"","url":"","countryIso2":"RE","countryName":"Reunion","hotelRating":"3","latitude":"-21.3671","longitude":"55.6306","state_id":4085,"state_name":"Saint Joseph Parish","country_id":61},{"active":false,"Giataid":"839369","cityId":31014,"cityName":"Saint Joseph","hotelId":20363609,"hotelName":"L'arpege Austral","address":"53 Rue des Prunes,97480 Saint-Joseph,Reunion","phones":"","fax":"","email":"","url":"","countryIso2":"RE","countryName":"Reunion","hotelRating":"0","latitude":"-21.3671","longitude":"55.6306","state_id":4085,"state_name":"Saint Joseph Parish","country_id":61},{"active":false,"Giataid":"839022","cityId":46402,"cityName":"Saint-Paul","hotelId":20363610,"hotelName":"L'auberge du Pave","address":"164 Ter Chemin Pav? Lougnon,Bellemene,97460 Saint Paul,Reunion","phones":"+262262719298","fax":"","email":"laubergedupave@orange.fr","url":"http://www.laubergedupave.fr","countryIso2":"RE","countryName":"Reunion","hotelRating":"0","latitude":"-21.033","longitude":"55.273","state_id":4798,"state_name":"Auvergne-Rhone-Alpes","country_id":75},{"active":false,"Giataid":"839268","cityId":31014,"cityName":"Saint Joseph","hotelId":20363622,"hotelName":"P'Ti Case d'Elena","address":"39 Rue des Zinnias,97480 Saint-Joseph,Reunion","phones":"","fax":"","email":"","url":"","countryIso2":"RE","countryName":"Reunion","hotelRating":"0","latitude":"-21.3671","longitude":"55.6306","state_id":4085,"state_name":"Saint Joseph Parish","country_id":61},{"active":false,"Giataid":"838986","cityId":46402,"cityName":"Saint-Paul","hotelId":20363623,"hotelName":"La Villa Zen","address":"125 Bis Chemin Mace,Bois de Nefles,97411 Saint Paul,Reunion","phones":"","fax":"","email":"lavillazen@yahoo.fr","url":"http://www.rvillazen.com/traduction","countryIso2":"RE","countryName":"Reunion","hotelRating":"0","latitude":"-20.999","longitude":"55.3198","state_id":4798,"state_name":"Auvergne-Rhone-Alpes","country_id":75},{"active":false,"Giataid":"839197","cityId":31014,"cityName":"Saint Joseph","hotelId":20363638,"hotelName":"La Villa Sous Les Tropiques","address":"32 Rue Des Coccinelles,97480 Saint Joseph,Reunion","phones":"+262692902994","fax":"","email":"villasouslestropiques@gmail.com","url":"http://villasouslestropique.wixsite.com/villasouslestropique","countryIso2":"RE","countryName":"Reunion","hotelRating":"0","latitude":"-21.3671","longitude":"55.6306","state_id":4085,"state_name":"Saint Joseph Parish","country_id":61},{"active":false,"Giataid":"816570","cityId":46402,"cityName":"Saint-Paul","hotelId":20363639,"hotelName":"La Caz Des Orangers","address":"24 Impasse Cernot,97411 Saint-Paul,Reunion","phones":"+262262445032","fax":"","email":"info.resa@lacazdesorangers.com","url":"http://www.lacazdesorangers.com","countryIso2":"RE","countryName":"Reunion","hotelRating":"0","latitude":"-20.978","longitude":"55.3429","state_id":4798,"state_name":"Auvergne-Rhone-Alpes","country_id":75},{"active":false,"Giataid":"839212","cityId":17006,"cityName":"Sainte-Marie","hotelId":20363641,"hotelName":"La Villa Carambole","address":"16 Impasse Des Pandas,Ravine Des Chevres Les Hauts,97438 Sainte-Marie,Reunion","phones":"","fax":"","email":"lavillacarambole@gmail.com","url":"https://www.lavillacarambole.com","countryIso2":"RE","countryName":"Reunion","hotelRating":"0","latitude":"-20.9238","longitude":"55.544","state_id":873,"state_name":"Quebec","country_id":39},{"active":false,"Giataid":"913628","cityId":17006,"cityName":"Sainte-Marie","hotelId":20363645,"hotelName":"Auberge Piton Fougeres","address":"272 Route des Fleurs Deaumont,97438 Sainte-Marie,Reunion","phones":"","fax":"","email":"","url":"","countryIso2":"RE","countryName":"Reunion","hotelRating":"0","latitude":"-20.9238","longitude":"55.544","state_id":873,"state_name":"Quebec","country_id":39},{"active":false,"Giataid":"760771","cityId":31014,"cityName":"Saint Joseph","hotelId":20363652,"hotelName":"Villa Zoreol","address":"14 Chemin Du Verger,97480 Saint-Joseph,Reunion","phones":"","fax":"","email":"","url":"","countryIso2":"RE","countryName":"Reunion","hotelRating":"3","latitude":"-21.38","longitude":"55.6437","state_id":4085,"state_name":"Saint Joseph Parish","country_id":61},{"active":false,"Giataid":"839349","cityId":46402,"cityName":"Saint-Paul","hotelId":20363654,"hotelName":"Chez Dolores","address":"88 Chemin Des Orangers,Sans Souci Les Hauts,Bois de Nefles,97411 Saint Paul,Reunion","phones":"+262692857607","fax":"","email":"","url":"http://www.chezdolores.com/","countryIso2":"RE","countryName":"Reunion","hotelRating":"0","latitude":"-21.033","longitude":"55.273","state_id":4798,"state_name":"Auvergne-Rhone-Alpes","country_id":75},{"active":false,"Giataid":"878703","cityId":46402,"cityName":"Saint-Paul","hotelId":20363658,"hotelName":"Villa Legarnisson","address":"40 Bis Chemin Legarnisson,Bois De Nefles,97411 Saint Paul,Reunion","phones":"","fax":"","email":"","url":"http://villa-legarnisson.business.site/","countryIso2":"RE","countryName":"Reunion","hotelRating":"3","latitude":"-20.993","longitude":"55.3327","state_id":4798,"state_name":"Auvergne-Rhone-Alpes","country_id":75},{"active":false,"Giataid":"992450","cityId":46402,"cityName":"Saint-Paul","hotelId":20438170,"hotelName":"Les P'tits Zoiseaux","address":"2 Ronda Allee Des Orchidees,Saint-Paul 97460,Reunion","phones":"","fax":"","email":"","url":"","countryIso2":"RE","countryName":"Reunion","hotelRating":"1","latitude":"-21.033","longitude":"55.273","state_id":4798,"state_name":"Auvergne-Rhone-Alpes","country_id":75},{"active":false,"Giataid":"991756","cityId":46402,"cityName":"Saint-Paul","hotelId":20438173,"hotelName":"Villa Le Manguier","address":"48 Carretera De Saint Pierre,97434 Saint-Paul,Reunion","phones":"","fax":"","email":"","url":"","countryIso2":"RE","countryName":"Reunion","hotelRating":"1","latitude":"-21.033","longitude":"55.273","state_id":4798,"state_name":"Auvergne-Rhone-Alpes","country_id":75}]