[{"active":false,"Giataid":"2226","cityId":null,"cityName":"Saint Gilles","hotelId":2226,"hotelName":"Ermitage Boutik Hotel","address":"40 Avenue de la Croix du Sud,97434 Saint-Gilles-les-Bains,Reunion","phones":"+262245025","fax":"+262262243622","email":"","url":"","countryIso2":"RE","countryName":"Reunion","hotelRating":"3","latitude":"-21.076","longitude":"55.2229","state_id":null,"state_name":null,"country_id":null},{"active":false,"Giataid":"2228","cityId":null,"cityName":"Saint Gilles","hotelId":2228,"hotelName":"Relais De L`Hermitage","address":"123 Avenue Leconte De Lisle,97434 Saint Gilles les Bains,Reunion","phones":"+262262244444","fax":"+262262240167","email":"H0462@accor.com","url":"http://www.accorhotels.com/gb/hotel-0462-novotel-saint-gilles-la-reunion/index.shtml#","countryIso2":"RE","countryName":"Reunion","hotelRating":"3","latitude":"-21.0765","longitude":"55.2223","state_id":null,"state_name":null,"country_id":null},{"active":false,"Giataid":"9229","cityId":null,"cityName":"Saint Gilles","hotelId":9229,"hotelName":"Hotel Boucan Canot","address":"32 Rue Boucan Canot,97434 Saint-Gilles-les-Bains,Reunion","phones":"+262262334444","fax":"+262262334445","email":"","url":"http://www.boucancanot.com","countryIso2":"RE","countryName":"Reunion","hotelRating":"4","latitude":"-21.0273","longitude":"55.2266","state_id":null,"state_name":null,"country_id":null},{"active":false,"Giataid":"11411","cityId":null,"cityName":"Saint Gilles","hotelId":11411,"hotelName":"Grand Hotel des Mascareignes","address":"8 Rue du Grand H?tel,Boucan Canot,97434 Saint-Gilles-les-Baines,Reunion","phones":"+262262494990","fax":"","email":"contact@mascareignes-reunion.com","url":"http://www.residencehotelieredomainedesmascareignes.com/index_en.php","countryIso2":"RE","countryName":"Reunion","hotelRating":"3","latitude":"-21.0317","longitude":"55.2267","state_id":null,"state_name":null,"country_id":null},{"active":false,"Giataid":"16159","cityId":null,"cityName":"Saint Gilles","hotelId":16159,"hotelName":"Le Saint Alexis","address":"44 Route de Boucan Canot,97434 Saint-Gilles-Les-Bains,?le de la R?union,Reunion","phones":"+262262244204","fax":"+262240013","email":"","url":"http://www.hotelsaintalexis.com/","countryIso2":"RE","countryName":"Reunion","hotelRating":"4","latitude":"-21.0306","longitude":"55.2251","state_id":null,"state_name":null,"country_id":null},{"active":false,"Giataid":"16233","cityId":null,"cityName":"Saint Gilles","hotelId":16233,"hotelName":"Les Aigrettes","address":"30 Rue Bottard,97434 Saint Gilles les Bains,Reunion","phones":"+262262330505","fax":"","email":"","url":"","countryIso2":"RE","countryName":"Reunion","hotelRating":"2","latitude":"-21.0513","longitude":"55.2322","state_id":null,"state_name":null,"country_id":null},{"active":false,"Giataid":"24142","cityId":null,"cityName":"Saint Gilles","hotelId":24142,"hotelName":"LUX* Saint Gilles","address":"28 Rue du Lagon,L'Hermitage,97434 Saint Gilles Les Bains,Ile de Reunion,Reunion","phones":"+262262700000","fax":"+262262700007","email":"reservation@luxislandresorts.com","url":"http://www.luxislandresorts.com/fr/ile-de-la-reunion/lux-ile-de-la-reunioccueil.aspx","countryIso2":"RE","countryName":"Reunion","hotelRating":"5","latitude":"-21.0624","longitude":"55.2259","state_id":null,"state_name":null,"country_id":null},{"active":false,"Giataid":"32020","cityId":null,"cityName":"St. Leu","hotelId":32020,"hotelName":"Blue Margouillat","address":"Impasse Jean Albany,97436 Saint-Leu,?le de la R?union,Reunion","phones":"+262262346400","fax":"+2622262346415","email":"info@blue-margouillat.com","url":"http://www.blue-margouillat.com/","countryIso2":"RE","countryName":"Reunion","hotelRating":"4","latitude":"-21.1839","longitude":"55.2914","state_id":null,"state_name":null,"country_id":null},{"active":false,"Giataid":"32022","cityId":null,"cityName":"Cilaos","hotelId":32022,"hotelName":"Le Cilaos","address":"40E Chemin des Trois Mares,97413 Cilaos,Reunion,Reunion","phones":"+262318585","fax":"+262318717","email":"contact@leschenets.fr","url":"http://www.leschenets.fr/","countryIso2":"RE","countryName":"Reunion","hotelRating":"3","latitude":"-21.1361","longitude":"55.4796","state_id":null,"state_name":null,"country_id":null},{"active":false,"Giataid":"32025","cityId":null,"cityName":"Cilaos","hotelId":32025,"hotelName":"Vieux Cep","address":"2 rue des Trois Mares,97413 Cilaos,Ile de la Reunion,Reunion","phones":"+262262317189","fax":"+262262317768","email":"le.vieux.cep@wanadoo.fr","url":"http://www.levieuxcep.fr/index.php","countryIso2":"RE","countryName":"Reunion","hotelRating":"3","latitude":"-21.1365","longitude":"55.4727","state_id":null,"state_name":null,"country_id":null},{"active":false,"Giataid":"32026","cityId":null,"cityName":"Saint Gilles","hotelId":32026,"hotelName":"Hotel Le Nautile","address":"60 Rue Lacaussade,97434 La Saline Les Bains,Reunion","phones":"+262338888","fax":"+262338889","email":"nautile@ilereunion.com","url":"http://www.hotel-nautile.com","countryIso2":"RE","countryName":"Reunion","hotelRating":"3","latitude":"-21.0909","longitude":"55.2319","state_id":null,"state_name":null,"country_id":null},{"active":false,"Giataid":"32027","cityId":null,"cityName":"Saint Gilles","hotelId":32027,"hotelName":"Swalibo","address":"Rue des salines 9,97434 La Saline Les Bains,Reunion","phones":"+262241097","fax":"+262246429","email":"info@swalibo.com","url":"http://www.swalibo.com","countryIso2":"RE","countryName":"Reunion","hotelRating":"3","latitude":"-21.0934","longitude":"55.2382","state_id":null,"state_name":null,"country_id":null},{"active":false,"Giataid":"38903","cityId":null,"cityName":"St. Denis","hotelId":38903,"hotelName":"Le Juliette Dodu","address":"31 Rue Juliette Dodu,97400 Saint Denis,Reunion","phones":"+262262209120","fax":"+262209121","email":"jdodu@runnet.com","url":"http://www.hotel-jdodu.com","countryIso2":"RE","countryName":"Reunion","hotelRating":"3","latitude":"-20.8746","longitude":"55.4506","state_id":null,"state_name":null,"country_id":null},{"active":false,"Giataid":"41738","cityId":null,"cityName":"St. Denis","hotelId":41738,"hotelName":"Hotel Mercure Creolia Saint Denis La Reunion","address":"14 rue du Stade Montgaillard,97400 Saint Denis de la Reunion,Reunion","phones":"+262262942626","fax":"+262262942727","email":"H1674@accor.com","url":"http://www.accorhotels.com/de/hotel-1674-mercure-creolia-saint-denis-la-reunion/index.shtml","countryIso2":"RE","countryName":"Reunion","hotelRating":"4","latitude":"-20.9011","longitude":"55.4679","state_id":null,"state_name":null,"country_id":null},{"active":false,"Giataid":"228174","cityId":null,"cityName":"Sainte Anne","hotelId":228174,"hotelName":"Diana Dea Lodge","address":"94 Chemin Helvetia,97437 Sainte Anne,Reunion","phones":"+262262931393","fax":"","email":"resa@anthurium.com","url":"http://www.diana-dea-lodge.re/de/index.php","countryIso2":"RE","countryName":"Reunion","hotelRating":"4","latitude":"-21.0863","longitude":"55.7467","state_id":null,"state_name":null,"country_id":null},{"active":false,"Giataid":"240645","cityId":null,"cityName":"St. Denis","hotelId":240645,"hotelName":"Hoteliere Le Lancastel","address":"6 Rue Henri Vavasseur,97400 Saint Denis,Reunion","phones":"+262262494990","fax":"","email":"contact@lancastel-reunion.com","url":"http://www.hotellancastel-reunion.com/index_en.php","countryIso2":"RE","countryName":"Reunion","hotelRating":"2","latitude":"-20.8802","longitude":"55.4599","state_id":null,"state_name":null,"country_id":null},{"active":false,"Giataid":"323339","cityId":null,"cityName":"Saint Gilles","hotelId":323339,"hotelName":"Senteur Vanille","address":"","phones":"","fax":"","email":"","url":"","countryIso2":"RE","countryName":"Reunion","hotelRating":"1","latitude":"-21.0368","longitude":"55.2284","state_id":null,"state_name":null,"country_id":null},{"active":false,"Giataid":"432628","cityId":null,"cityName":"St. Pierre","hotelId":432628,"hotelName":"La Bulle Verte","address":"","phones":"","fax":"","email":"","url":"","countryIso2":"RE","countryName":"Reunion","hotelRating":"2","latitude":"-21.3386","longitude":"55.4762","state_id":null,"state_name":null,"country_id":null},{"active":false,"Giataid":"458018","cityId":null,"cityName":"Saint Gilles","hotelId":458018,"hotelName":"Hotel De la Plage","address":"","phones":"","fax":"","email":"","url":"","countryIso2":"RE","countryName":"Reunion","hotelRating":"1","latitude":"-21.0515","longitude":"55.2255","state_id":null,"state_name":null,"country_id":null},{"active":false,"Giataid":"466301","cityId":null,"cityName":"Le Tampon","hotelId":466301,"hotelName":"Sud Hotel","address":"106 Rue Marius et Ary Leblond,97430 Le Tampon,Reunion","phones":"+262262270790","fax":"","email":"sudhotel@ilereunion.com","url":"http://sudhotel.re","countryIso2":"RE","countryName":"Reunion","hotelRating":"1","latitude":"-21.2356","longitude":"55.5216","state_id":null,"state_name":null,"country_id":null},{"active":false,"Giataid":"503372","cityId":null,"cityName":"St. Leu","hotelId":503372,"hotelName":"Cases Couleurs","address":"","phones":"","fax":"","email":"","url":"","countryIso2":"RE","countryName":"Reunion","hotelRating":"3","latitude":"-21.1948","longitude":"55.2897","state_id":null,"state_name":null,"country_id":null},{"active":false,"Giataid":"506615","cityId":null,"cityName":"St. Denis","hotelId":506615,"hotelName":"Residence Les Manguiers","address":"","phones":"","fax":"","email":"","url":"","countryIso2":"RE","countryName":"Reunion","hotelRating":"2","latitude":"-20.889","longitude":"55.4537","state_id":null,"state_name":null,"country_id":null},{"active":false,"Giataid":"32025","cityId":null,"cityName":"Cilaos","hotelId":526040,"hotelName":"Le Vieux Cep","address":"2 rue des Trois Mares,97413 Cilaos,Ile de la Reunion,Reunion","phones":"+262262317189","fax":"","email":"contact@levieuxcep.re","url":"http://levieuxcep.re","countryIso2":"RE","countryName":"Reunion","hotelRating":"3","latitude":"-21.1364","longitude":"55.4714","state_id":null,"state_name":null,"country_id":null},{"active":false,"Giataid":"570284","cityId":null,"cityName":"Saint-Philippe","hotelId":570284,"hotelName":"Les Chambres d'Hotes du Cap Mechant","address":"","phones":"","fax":"","email":"","url":"","countryIso2":"RE","countryName":"Reunion","hotelRating":"1","latitude":"-21.3601","longitude":"55.7421","state_id":null,"state_name":null,"country_id":null},{"active":false,"Giataid":"602858","cityId":null,"cityName":"St. Leu","hotelId":602858,"hotelName":"Appartement Heva","address":"","phones":"","fax":"","email":"","url":"","countryIso2":"RE","countryName":"Reunion","hotelRating":"1","latitude":"-21.1785","longitude":"55.2914","state_id":null,"state_name":null,"country_id":null},{"active":false,"Giataid":"604299","cityId":null,"cityName":"St. Denis","hotelId":604299,"hotelName":"Hotel La Marianne","address":"5 Ruelle Boulot,97400 Saint Denis,Reunion","phones":"+262262218080","fax":"+262262218500","email":"hotel-la-marianne@wanadoo.fr","url":"http://www.hotel-la-marianne-reunion.fr","countryIso2":"RE","countryName":"Reunion","hotelRating":"1","latitude":"-20.8889","longitude":"55.4529","state_id":null,"state_name":null,"country_id":null},{"active":false,"Giataid":"659625","cityId":null,"cityName":"Sainte Anne","hotelId":659625,"hotelName":"Facinie","address":"339 Route Nationale 2,97437 Sainte Anne,Ile de la R?union,Reunion","phones":"+262262511923","fax":"","email":"facinie@hotmail.fr","url":"http://facinie.cabanova.com/","countryIso2":"RE","countryName":"Reunion","hotelRating":"1","latitude":"-21.1243","longitude":"55.7245","state_id":null,"state_name":null,"country_id":null},{"active":false,"Giataid":"660905","cityId":null,"cityName":"Cilaos","hotelId":660905,"hotelName":"Tapalaca Guest House","address":"","phones":"","fax":"","email":"","url":"","countryIso2":"RE","countryName":"Reunion","hotelRating":"2","latitude":"-21.1364","longitude":"55.4714","state_id":null,"state_name":null,"country_id":null},{"active":false,"Giataid":"689774","cityId":null,"cityName":"Cilaos","hotelId":689774,"hotelName":"Maison de la Mare a Joncs","address":"","phones":"","fax":"","email":"","url":"","countryIso2":"RE","countryName":"Reunion","hotelRating":"1","latitude":"-21.1364","longitude":"55.4714","state_id":null,"state_name":null,"country_id":null},{"active":false,"Giataid":"746462","cityId":null,"cityName":"St. Denis","hotelId":746462,"hotelName":"Residence Le Bon Spot","address":"13 Rue Bouvet,Saint-Denis 97400,Reunion","phones":"+262692455722","fax":"","email":"residence.lebonspot@gmail.com","url":"http://www.residence-lebonspot.com/","countryIso2":"RE","countryName":"Reunion","hotelRating":"1","latitude":"-20.8887","longitude":"55.4594","state_id":null,"state_name":null,"country_id":null},{"active":false,"Giataid":"760772","cityId":null,"cityName":"St. Pierre","hotelId":760772,"hotelName":"Villa Grand Bois","address":"21 Rue Emile Hugo,Grand Bois,97434 St. Pierre,Reunion,Reunion","phones":"","fax":"","email":"","url":"","countryIso2":"RE","countryName":"Reunion","hotelRating":"1","latitude":"-20.879","longitude":"55.4506","state_id":null,"state_name":null,"country_id":null},{"active":false,"Giataid":"802755","cityId":null,"cityName":"St. Denis","hotelId":802755,"hotelName":"Hotel Phoenix","address":"1A Rue Du Moulin A Vent,97400 Saint Denis,Reunion","phones":"+262262415181","fax":"","email":"phoenix.dupont@wanadoo.fr","url":"http://hotelphoenix.re/","countryIso2":"RE","countryName":"Reunion","hotelRating":"1","latitude":"-20.8887","longitude":"55.4594","state_id":null,"state_name":null,"country_id":null},{"active":false,"Giataid":"854910","cityId":null,"cityName":"St. Denis","hotelId":854910,"hotelName":"Amoureux des Cimes","address":"11 Chemin des Crotons,Sainte-Clotilde,97490 Saint-Denis,Reunion","phones":"","fax":"","email":"clain.family@hotmail.fr","url":"","countryIso2":"RE","countryName":"Reunion","hotelRating":"1","latitude":"-20.8887","longitude":"55.4594","state_id":null,"state_name":null,"country_id":null},{"active":false,"Giataid":"854913","cityId":null,"cityName":"St. Denis","hotelId":854913,"hotelName":"B&B Vivaldi","address":"205,195 Route de Bois de N?fles,Sainte Clotilde,97490 Saint-Denis,Reunion","phones":"","fax":"","email":"","url":"","countryIso2":"RE","countryName":"Reunion","hotelRating":"1","latitude":"-20.8887","longitude":"55.4594","state_id":null,"state_name":null,"country_id":null},{"active":false,"Giataid":"454918","cityId":null,"cityName":"St. Pierre","hotelId":10070282,"hotelName":"Hotel Villa Morgane","address":"334, Rue de l'Amiral Lacaze","phones":"","fax":"","email":"","url":"","countryIso2":"RE","countryName":"Reunion","hotelRating":"1","latitude":"-21.3487","longitude":"55.4852","state_id":null,"state_name":null,"country_id":null},{"active":false,"Giataid":"15608","cityId":null,"cityName":"Saint Gilles","hotelId":10070497,"hotelName":"L' Archipel","address":"9 Rue de la Chemin?e Grand Fond,97434 Saint-Gilles les Bains,Reunion","phones":"+262262240534","fax":"","email":"","url":"","countryIso2":"RE","countryName":"Reunion","hotelRating":"3","latitude":"-21.04","longitude":"55.2193","state_id":null,"state_name":null,"country_id":null},{"active":false,"Giataid":"405223","cityId":null,"cityName":"St. Denis","hotelId":10070834,"hotelName":"Tulip Inn Sainte Clotilde La Reunion","address":"31 Avenue Leconte de Lisle,97490 Sainte Clotilde,Reunion","phones":"+262692627777","fax":"","email":"","url":"","countryIso2":"RE","countryName":"Reunion","hotelRating":"3","latitude":"-20.892","longitude":"55.4819","state_id":null,"state_name":null,"country_id":null},{"active":false,"Giataid":"468805","cityId":null,"cityName":"Saint Gilles","hotelId":10071092,"hotelName":"Le Kerveguen","address":"84 Av. de la Croix du Sud,97434 Saint Gilles les Bains,Reunion","phones":"+26233262330050","fax":"","email":"","url":"","countryIso2":"RE","countryName":"Reunion","hotelRating":"2","latitude":"-21.0609","longitude":"55.2298","state_id":null,"state_name":null,"country_id":null},{"active":false,"Giataid":"423421","cityId":null,"cityName":"St. Pierre","hotelId":10073090,"hotelName":"Villa Delisle Hotel & Spa","address":"42 Boulevard Hubert Delisle,97410 Saint Pierre,Reunion","phones":"+262262707708","fax":"","email":"","url":"","countryIso2":"RE","countryName":"Reunion","hotelRating":"4","latitude":"-21.3434","longitude":"55.4743","state_id":null,"state_name":null,"country_id":null},{"active":false,"Giataid":"35281","cityId":null,"cityName":"St. Denis","hotelId":20000304,"hotelName":"Apolonia Hotel Paladien","address":"St. Denis,Reunion,Reunion","phones":"","fax":"","email":"","url":"","countryIso2":"RE","countryName":"Reunion","hotelRating":"3","latitude":"-20.886","longitude":"55.462","state_id":null,"state_name":null,"country_id":null},{"active":false,"Giataid":"570266","cityId":null,"cityName":"Cilaos","hotelId":20000369,"hotelName":"Case Nyala Chambres d'Hotes","address":"Ruelle des Lianes 8,97413 Cilaos,Saint-Pierre,Reunion","phones":"+262318957","fax":"","email":"case-nyala@orange.fr","url":"http://www.case-nyala.fr","countryIso2":"RE","countryName":"Reunion","hotelRating":"0","latitude":"-21.1364","longitude":"55.4714","state_id":null,"state_name":null,"country_id":null},{"active":false,"Giataid":"724401","cityId":null,"cityName":"Plaine des Cafres","hotelId":20000385,"hotelName":"Auberge Le Grillanoo","address":"8 Rue Paul Depeindray,PK28 Bourg-Murat,97418 La Plaine des Cafres,Reunion","phones":"+262262871025","fax":"","email":"le.grillanoo@gmail.com","url":"http://www.grillanoo.fr/","countryIso2":"RE","countryName":"Reunion","hotelRating":"0","latitude":"-21.2113","longitude":"55.5657","state_id":null,"state_name":null,"country_id":null},{"active":false,"Giataid":"570273","cityId":null,"cityName":"Salazie","hotelId":20000403,"hotelName":"Gite des Trois Roches","address":"Marla - Mafate,97433 Salazie,Reunion","phones":"","fax":"","email":"","url":"","countryIso2":"RE","countryName":"Reunion","hotelRating":"2","latitude":"-21.0547","longitude":"55.4973","state_id":null,"state_name":null,"country_id":null},{"active":false,"Giataid":"570268","cityId":null,"cityName":"La Possession","hotelId":20000422,"hotelName":"Le Relais De Mafate","address":"La Nouvelle,Cirque De Mafate,97419 La Possession,Saint-Paul,Reunion","phones":"+262970357290","fax":"","email":"","url":"http://www.relaisdemafate.re/","countryIso2":"RE","countryName":"Reunion","hotelRating":"2","latitude":"0","longitude":"0","state_id":null,"state_name":null,"country_id":null},{"active":false,"Giataid":"187865","cityId":null,"cityName":"St. Rose","hotelId":20000444,"hotelName":"La Fournaise","address":"154 Route Nationale,97439 St. Rose,Reunion,Reunion","phones":"+262262470340","fax":"+262262470344","email":"","url":"http://www.hotellafournaise.fr","countryIso2":"RE","countryName":"Reunion","hotelRating":"2","latitude":"-21.1276","longitude":"55.7908","state_id":null,"state_name":null,"country_id":null},{"active":false,"Giataid":"423422","cityId":null,"cityName":"St. Leu","hotelId":20000496,"hotelName":"La Kaz Ocean","address":"176 CD 13,Etang Saint-Leu,97436 Saint Leu,Reunion","phones":"+262262347087","fax":"","email":"kazocean@orange.fr","url":"","countryIso2":"RE","countryName":"Reunion","hotelRating":"3","latitude":"-21.1785","longitude":"55.307","state_id":null,"state_name":null,"country_id":null},{"active":false,"Giataid":"470741","cityId":null,"cityName":"St. Pierre","hotelId":20000504,"hotelName":"Hotel l'Endormi","address":"11 rue du Presbytere,97410 Saint-Pierre,Reunion","phones":"","fax":"","email":"","url":"","countryIso2":"RE","countryName":"Reunion","hotelRating":"0","latitude":"-21.3369","longitude":"55.4793","state_id":null,"state_name":null,"country_id":null},{"active":false,"Giataid":"57367","cityId":null,"cityName":"St. Pierre","hotelId":20000532,"hotelName":"Villa Belle","address":"45, Rue Rodier,97410 Saint Pierre,Reunion,Reunion","phones":"+262262253250","fax":"","email":"","url":"http://www.anthurium.com/hotel.php?id=villabelle&amp;lang=fr","countryIso2":"RE","countryName":"Reunion","hotelRating":"3","latitude":"-21.334","longitude":"55.4785","state_id":null,"state_name":null,"country_id":null},{"active":false,"Giataid":"551022","cityId":null,"cityName":"St. Pierre","hotelId":20000571,"hotelName":"Appartement Aurelia","address":"334 rue Amiral Lacaze,97410 Saint-Pierre,Reunion","phones":"","fax":"","email":"","url":"","countryIso2":"RE","countryName":"Reunion","hotelRating":"0","latitude":"-21.3386","longitude":"55.4762","state_id":null,"state_name":null,"country_id":null},{"active":false,"Giataid":"640035","cityId":null,"cityName":"St. Pierre","hotelId":20000621,"hotelName":"Le Camphrier","address":"273, chemin des Acajous,97432 La Ravine des Cabris,Reunion","phones":"+262573807","fax":"","email":"longane974@gmail.com","url":"","countryIso2":"RE","countryName":"Reunion","hotelRating":"0","latitude":"-21.3386","longitude":"55.4762","state_id":null,"state_name":null,"country_id":null},{"active":false,"Giataid":"433600","cityId":null,"cityName":"St. Pierre","hotelId":20000663,"hotelName":"Hotel Lindsey","address":"21 B rue Francois Isautier,Saint Pierre,97410 Ile de la R?union,Reunion","phones":"+262262246011","fax":"","email":"lindseyhotel@yahoo.fr","url":"http://www.lindsey-hotel-reunion.fr","countryIso2":"RE","countryName":"Reunion","hotelRating":"3","latitude":"-21.335","longitude":"55.4748","state_id":null,"state_name":null,"country_id":null},{"active":false,"Giataid":"526667","cityId":null,"cityName":"St. Leu","hotelId":20000811,"hotelName":"Villa Mascarine","address":"396 Rue Georges Pompidou,The Colima?ons,97436 Saint Leu,Reunion","phones":"+262262557317","fax":"+26233428102857","email":"booking@villamascarine.fr","url":"http://www.villamascarine.fr/","countryIso2":"RE","countryName":"Reunion","hotelRating":"3","latitude":"-21.1393","longitude":"55.2966","state_id":null,"state_name":null,"country_id":null},{"active":false,"Giataid":"16245","cityId":null,"cityName":"Saint Gilles","hotelId":20000864,"hotelName":"Les Creoles","address":"43 Avenue De Bourbon,97434 La Saline Les Bains,Reunion","phones":"+262262265265","fax":"","email":"resa@hotellescreoles.com","url":"http://www.hotel-les-creoles.com","countryIso2":"RE","countryName":"Reunion","hotelRating":"3","latitude":"-21.0663","longitude":"55.2229","state_id":null,"state_name":null,"country_id":null},{"active":false,"Giataid":"517625","cityId":null,"cityName":"Saint Gilles","hotelId":20001049,"hotelName":"Appart'Hotel Marina","address":"6 All?e des Pailles en Queue,Lot Champagne - Boucan Canot,97434 Saint-Gilles-les-Bains,Saint-Paul,Reunion","phones":"+262262330707","fax":"","email":"","url":"http://www.hotel-reunion.net/","countryIso2":"RE","countryName":"Reunion","hotelRating":"2","latitude":"-21.0282","longitude":"55.2288","state_id":null,"state_name":null,"country_id":null},{"active":false,"Giataid":"59158","cityId":null,"cityName":"St. Denis","hotelId":20001160,"hotelName":"Central Hotel","address":"37 Rue De La Compagnie,Bp 901,97478 Saint-Denis,Reunion","phones":"+262262941808","fax":"","email":"","url":"http://www.centralhotel.re","countryIso2":"RE","countryName":"Reunion","hotelRating":"2","latitude":"-20.8785","longitude":"55.4484","state_id":null,"state_name":null,"country_id":null},{"active":false,"Giataid":"724578","cityId":null,"cityName":"Cilaos","hotelId":20001472,"hotelName":"La Villa Kazuera & Spa","address":"38 Rue Saint-Louis,97413 Cilaos,Reunion","phones":"+262693033824","fax":"","email":"villa.kazuera@gmail.com","url":"http://www.villa-kazuera.fr/","countryIso2":"RE","countryName":"Reunion","hotelRating":"0","latitude":"-21.1364","longitude":"55.4714","state_id":null,"state_name":null,"country_id":null},{"active":false,"Giataid":"38902","cityId":null,"cityName":"Cilaos","hotelId":20001651,"hotelName":"Hotel Tsilaosa","address":"21 Rue du P?re Boiteau,97413 Cilaos,R?union,Reunion","phones":"+262373939","fax":"+262373938","email":"accueil@tsilaosa.com","url":"http://www.tsilaosa.com","countryIso2":"RE","countryName":"Reunion","hotelRating":"4","latitude":"-21.1362","longitude":"55.4697","state_id":null,"state_name":null,"country_id":null},{"active":false,"Giataid":"296991","cityId":null,"cityName":"Salazie","hotelId":20001859,"hotelName":"Ferme Auberge et Chambre d'Hote","address":"7 Chemin Damour,Grand-Ilet,97433 Salazie,Reunion","phones":"+262477051","fax":"+262477892","email":"latourtedoree974@wanadoo.fr","url":"http://www2.latourtedoree.com/","countryIso2":"RE","countryName":"Reunion","hotelRating":"0","latitude":"-21.0291","longitude":"55.4745","state_id":null,"state_name":null,"country_id":null},{"active":false,"Giataid":"474375","cityId":null,"cityName":"Cilaos","hotelId":20002103,"hotelName":"Otroiza Hotel","address":"3A Rue du P?re Boiteau,97413 Cilaos,Reunion","phones":"+262262315012","fax":"","email":"contact@otroiza.com","url":"http://otroiza.com/en","countryIso2":"RE","countryName":"Reunion","hotelRating":"0","latitude":"-21.1377","longitude":"55.4691","state_id":null,"state_name":null,"country_id":null},{"active":false,"Giataid":"32024","cityId":null,"cityName":"Salazie","hotelId":20002347,"hotelName":"Le Relais des Cimes","address":"67, rue du G?n?ral de Gaulle,97433 Salazie,Ile de la R?union,Reunion","phones":"+262478158","fax":"+262478211","email":"info@relaisdescimes.com","url":"http://www.relaisdescimes.com","countryIso2":"RE","countryName":"Reunion","hotelRating":"2","latitude":"-21.066","longitude":"55.5189","state_id":null,"state_name":null,"country_id":null},{"active":false,"Giataid":"32021","cityId":null,"cityName":"Plaine des Cafres","hotelId":20002556,"hotelName":"L'Ecrin","address":"RN3,PK 27,Bourg Murat,97418 Plaine des Cafres,Ile de la R?union,Reunion","phones":"+262262590202","fax":"+262262593610","email":"","url":"http://www.hotel-ecrin.re/","countryIso2":"RE","countryName":"Reunion","hotelRating":"2","latitude":"-21.2045","longitude":"55.5712","state_id":null,"state_name":null,"country_id":null},{"active":false,"Giataid":"57370","cityId":null,"cityName":"St. Benoit","hotelId":20002774,"hotelName":"Hostelleria La Confiance","address":"60 chem Confiance,97470 St Benoit,Reunion,Reunion","phones":"+262509050","fax":"","email":"","url":"","countryIso2":"RE","countryName":"Reunion","hotelRating":"2","latitude":"-21.0315","longitude":"55.7054","state_id":null,"state_name":null,"country_id":null},{"active":false,"Giataid":"16674","cityId":null,"cityName":"Boucan Canot","hotelId":20002995,"hotelName":"Hotel Maharani","address":"28 Rue Boucan Canot,Boucan Canot,97434 Saint-Gilles Les Bains,Reunion","phones":"","fax":"","email":"","url":"","countryIso2":"RE","countryName":"Reunion","hotelRating":"3","latitude":"-21.0273","longitude":"55.2275","state_id":null,"state_name":null,"country_id":null},{"active":false,"Giataid":"57365","cityId":null,"cityName":"Saint-Philippe","hotelId":20003180,"hotelName":"Le Baril","address":"62 RN2 Le Baril,97442 Saint Philippe,Reunion,Reunion","phones":"+262370104","fax":"","email":"","url":"","countryIso2":"RE","countryName":"Reunion","hotelRating":"1","latitude":"-21.3608","longitude":"55.7636","state_id":null,"state_name":null,"country_id":null},{"active":false,"Giataid":"724545","cityId":null,"cityName":"St. Pierre","hotelId":20003364,"hotelName":"L'Oasis de Terre Rouge","address":"41 Chemin Mezino,97410 Saint-Pierre,Reunion","phones":"+262692312880","fax":"","email":"","url":"http://www.oasisdeterrerouge.com","countryIso2":"RE","countryName":"Reunion","hotelRating":"0","latitude":"-21.3386","longitude":"55.4762","state_id":null,"state_name":null,"country_id":null},{"active":false,"Giataid":"471310","cityId":null,"cityName":"St. Denis","hotelId":20003604,"hotelName":"Hotel Du Centre","address":"272 Rue Du Mar?chal Leclerc,97400 Saint Denis,Reunion","phones":"+262262417302","fax":"","email":"hotelducentrerun@wanadoo.fr","url":"http://www.hotelducentre-reunion.fr","countryIso2":"RE","countryName":"Reunion","hotelRating":"0","latitude":"-20.8825","longitude":"55.4617","state_id":null,"state_name":null,"country_id":null},{"active":false,"Giataid":"602868","cityId":null,"cityName":"St. Pierre","hotelId":20003802,"hotelName":"Appartement Antonia","address":"334 rue Amiral Lacaze,97410 Saint-Pierre,Reunion","phones":"","fax":"","email":"","url":"","countryIso2":"RE","countryName":"Reunion","hotelRating":"0","latitude":"-21.3484","longitude":"55.4854","state_id":null,"state_name":null,"country_id":null},{"active":false,"Giataid":"472400","cityId":null,"cityName":"Saint Gilles","hotelId":20003994,"hotelName":"Hotel Ylang Ylang","address":"28 A, rue Eug?ne Dayot - Grand Fond,97434 Saint-Gilles les Bains,Reunion","phones":"+262262331866","fax":"","email":"direction.ylang@gmail.com","url":"http://www.hotelylangylang.com","countryIso2":"RE","countryName":"Reunion","hotelRating":"3","latitude":"-21.0446","longitude":"55.221","state_id":null,"state_name":null,"country_id":null},{"active":false,"Giataid":"625044","cityId":null,"cityName":"St. Pierre","hotelId":20004179,"hotelName":"Le Domaine du Cafe Grille","address":"10 Allee C?dres Pierrefonds,97410 Saint Pierre,Saint-Pierre,Reunion","phones":"+262241540","fax":"+262252093","email":"infos@domaineducafegrille.fr","url":"http://www.domaine-cafe-grille-st-pierre.com/","countryIso2":"RE","countryName":"Reunion","hotelRating":"0","latitude":"-21.3386","longitude":"55.4762","state_id":null,"state_name":null,"country_id":null},{"active":false,"Giataid":"100001","cityId":null,"cityName":"Saint Gilles","hotelId":20004351,"hotelName":"Tropic Appart'Hotel","address":"102 Avenue de Bourbon,l�Ermitage,97434 Saint-Gilles-les-Baines,Reunion","phones":"+262225353","fax":"+262225656","email":"info@residencetropic.com","url":"http://www.residence-tropic.com","countryIso2":"RE","countryName":"Reunion","hotelRating":"3","latitude":"-21.0752","longitude":"55.2224","state_id":null,"state_name":null,"country_id":null},{"active":false,"Giataid":"726773","cityId":null,"cityName":"St. Pierre","hotelId":20004528,"hotelName":"Domaine de Mireille","address":"246 All?e Des Aub?pines,Bassin Plat,97410 Saint-Pierre,Reunion","phones":"","fax":"","email":"","url":"","countryIso2":"RE","countryName":"Reunion","hotelRating":"0","latitude":"-21.3386","longitude":"55.4762","state_id":null,"state_name":null,"country_id":null},{"active":false,"Giataid":"299503","cityId":null,"cityName":"Saint-Philippe","hotelId":20004655,"hotelName":"Pinpin d'Amour","address":"56 Chemin Paul Hoarau,Baril les Hauts,97442 Saint Philippe,Reunion","phones":"+262262371486","fax":"+262262371486","email":"damour-marieclaude@wanadoo.fr","url":"http://www.pinpindamour.com/","countryIso2":"RE","countryName":"Reunion","hotelRating":"0","latitude":"-21.3595","longitude":"55.7207","state_id":null,"state_name":null,"country_id":null},{"active":false,"Giataid":"518282","cityId":null,"cityName":"St. Leu","hotelId":20004884,"hotelName":"Villa Saint-Leusienne","address":"10 All?e des Vagues,97436 Saint-Leu,Reunion","phones":"","fax":"","email":"","url":"","countryIso2":"RE","countryName":"Reunion","hotelRating":"0","latitude":"-21.1435","longitude":"55.2742","state_id":null,"state_name":null,"country_id":null},{"active":false,"Giataid":"2227","cityId":null,"cityName":"Saint Gilles","hotelId":20005056,"hotelName":"Les Brisants","address":"45 Avenue de Bourbon,Ermitage,97434 Saint Gilles les Bains,Reunion","phones":"","fax":"","email":"","url":"","countryIso2":"RE","countryName":"Reunion","hotelRating":"0","latitude":"-21.0624","longitude":"55.2259","state_id":null,"state_name":null,"country_id":null},{"active":false,"Giataid":"604297","cityId":null,"cityName":"St. Leu","hotelId":20005420,"hotelName":"Appartement Kaza Logos","address":"63 Rue Haute,97426 Saint-Leu,Reunion","phones":"","fax":"","email":"","url":"","countryIso2":"RE","countryName":"Reunion","hotelRating":"0","latitude":"-21.1785","longitude":"55.2914","state_id":null,"state_name":null,"country_id":null},{"active":false,"Giataid":"82634","cityId":null,"cityName":"Guillaume","hotelId":20005846,"hotelName":"Cle des Champs Guesthouse","address":"154, chemin des Barri?res,Bellem?ne-les-hauts,97460 Saint-Paul,Reunion,Reunion","phones":"+262262323760","fax":"","email":"lacledeschamps@ilereunion.com","url":"http://www.lacledeschamps.re/","countryIso2":"RE","countryName":"Reunion","hotelRating":"2","latitude":"-21.0301","longitude":"55.3196","state_id":null,"state_name":null,"country_id":null},{"active":false,"Giataid":"356466","cityId":null,"cityName":"Saint Gilles","hotelId":20006040,"hotelName":"Waeffler Yann","address":"22 Rue Miranda,Saint-Gilles,Reunion","phones":"","fax":"","email":"","url":"","countryIso2":"RE","countryName":"Reunion","hotelRating":"0","latitude":"-21.0637","longitude":"55.2248","state_id":null,"state_name":null,"country_id":null},{"active":false,"Giataid":"600602","cityId":null,"cityName":"Cilaos","hotelId":20006210,"hotelName":"Villa Platane","address":"46 Rue Du Pere Boiteau,97413 Cilaos,Reunion","phones":"+262970351226","fax":"","email":"rest.leplatane@orange.fr","url":"http://www.hotel-restaurant-cilaos.re/","countryIso2":"RE","countryName":"Reunion","hotelRating":"3","latitude":"-21.1361","longitude":"55.4701","state_id":null,"state_name":null,"country_id":null},{"active":false,"Giataid":"58179","cityId":null,"cityName":"Cilaos","hotelId":20006386,"hotelName":"Hotel des Neiges","address":"1 Rue De La Mare A Joncs,97413 Cilaos,Reunion","phones":"+262317233","fax":"","email":"reservation@hotel-des-neiges.com","url":"http://hoteldesneiges.reunion.fr/","countryIso2":"RE","countryName":"Reunion","hotelRating":"3","latitude":"-21.134","longitude":"55.4748","state_id":null,"state_name":null,"country_id":null},{"active":false,"Giataid":"299501","cityId":null,"cityName":"Salazie","hotelId":20006554,"hotelName":"Le Faham","address":"134 Rue Georges Pompidou,Salazie 97433,Ile de La R?union,Reunion","phones":"+262262884747","fax":"","email":"gladys.pause@gmail.com","url":"http://www.lefaham-hotel.fr","countryIso2":"RE","countryName":"Reunion","hotelRating":"2","latitude":"-21.1126","longitude":"55.4487","state_id":null,"state_name":null,"country_id":null},{"active":false,"Giataid":"57372","cityId":null,"cityName":"Plaine des Cafres","hotelId":20006717,"hotelName":"Les Geraniums","address":"11 Rue Alfred Lacroix,PK 24,97418 La Plaine Des Cafres,Reunion","phones":"+262262591106","fax":"+262262592183","email":"","url":"http://www.anthurium.com/hotel.php?lang=fr&amp;id=lesgeraniums","countryIso2":"RE","countryName":"Reunion","hotelRating":"2","latitude":"-21.2181","longitude":"55.5602","state_id":null,"state_name":null,"country_id":null},{"active":false,"Giataid":"32023","cityId":null,"cityName":"La Petite France","hotelId":20006890,"hotelName":"Parc du Maido","address":"La Petite France,Reunion","phones":"","fax":"","email":"","url":"","countryIso2":"RE","countryName":"Reunion","hotelRating":"2","latitude":"0","longitude":"0","state_id":null,"state_name":null,"country_id":null},{"active":false,"Giataid":"261670","cityId":null,"cityName":"Salazie","hotelId":20007115,"hotelName":"Les Jardins d'Heva","address":"16 Rue Auguste Lacaussade,Hell-Bourg,97 433 Salazie,Reunion","phones":"+262478787","fax":"+262478606","email":"lesjardinsdheva@orange.fr","url":"","countryIso2":"RE","countryName":"Reunion","hotelRating":"2","latitude":"-21.0685","longitude":"55.5207","state_id":null,"state_name":null,"country_id":null},{"active":false,"Giataid":"533030","cityId":null,"cityName":"St. Leu","hotelId":20007625,"hotelName":"Le balcon creole - Gite Huet","address":"202 Chemin Potier,Bras Mouton,97436 Saint-Leu,Reunion","phones":"+262692676254","fax":"","email":"contact@balcon-creole.fr","url":"http://balcon-creole.fr/","countryIso2":"RE","countryName":"Reunion","hotelRating":"0","latitude":"-21.1479","longitude":"55.3029","state_id":null,"state_name":null,"country_id":null},{"active":false,"Giataid":"724785","cityId":null,"cityName":"St. Pierre","hotelId":20007734,"hotelName":"Loft Sud","address":"68 Rue Augustin Archambaud,97410 Saint-Pierre,Reunion","phones":"","fax":"","email":"","url":"","countryIso2":"RE","countryName":"Reunion","hotelRating":"0","latitude":"-21.3386","longitude":"55.4762","state_id":null,"state_name":null,"country_id":null},{"active":false,"Giataid":"643054","cityId":null,"cityName":"St. Denis","hotelId":20007916,"hotelName":"Auberge du Val Fleuri","address":"91 Sentier de la Roche Ecrite,97400 Saint Denis,Reunion","phones":"+262230107","fax":"","email":"aubergevalfleuri@orange.fr","url":"http://www.aubergevalfleuri.fr/","countryIso2":"RE","countryName":"Reunion","hotelRating":"0","latitude":"-20.9386","longitude":"55.4328","state_id":null,"state_name":null,"country_id":null},{"active":false,"Giataid":"317217","cityId":null,"cityName":"St. Denis","hotelId":20008090,"hotelName":"Select Ocean Indien","address":"1 Bis rue des Lataniers,97400 Saint Denis,Reunion","phones":"+26233262411350","fax":"+26233262416707","email":"hotelselect@wanadoo.fr","url":"http://www.hotel-select-reunion.fr/","countryIso2":"RE","countryName":"Reunion","hotelRating":"2","latitude":"-20.8864","longitude":"55.4623","state_id":null,"state_name":null,"country_id":null},{"active":false,"Giataid":"628274","cityId":null,"cityName":"St. Pierre","hotelId":20008226,"hotelName":"Residence Le Phoenix","address":"88 Bis Cond? 400,97432 Ravine des Cabris,Saint Pierre La R?union,Reunion","phones":"+262262273210","fax":"","email":"residencephoenix@wanadoo.fr","url":"http://ile-de-la-reunion.info/hotels/residence-phoenix/","countryIso2":"RE","countryName":"Reunion","hotelRating":"0","latitude":"-21.2955","longitude":"55.5087","state_id":null,"state_name":null,"country_id":null},{"active":false,"Giataid":"570277","cityId":null,"cityName":"St. Pierre","hotelId":20008405,"hotelName":"La Plantation","address":"79 Rue Amiral Lacaze,97410 Terre Sainte -St Pierre,Reunion","phones":"+262262456328","fax":"","email":"contact@la-plantation.re","url":"https://www.la-plantation.re/","countryIso2":"RE","countryName":"Reunion","hotelRating":"0","latitude":"-21.3386","longitude":"55.4762","state_id":null,"state_name":null,"country_id":null},{"active":false,"Giataid":"554679","cityId":null,"cityName":"St. Pierre","hotelId":20008509,"hotelName":"Hotel Le Battant des Lames","address":"Boulevard Hubert Delisle 117,9741 Saint-Pierre,R?union,Reunion","phones":"+262262616161","fax":"","email":"reservation@lebattantdeslames.com","url":"http://www.lebattantdeslames.com/en/","countryIso2":"RE","countryName":"Reunion","hotelRating":"3","latitude":"-21.3411","longitude":"55.462","state_id":null,"state_name":null,"country_id":null},{"active":false,"Giataid":"56383","cityId":null,"cityName":"Saint Gilles","hotelId":20009304,"hotelName":"Le Saint Michel","address":"196, chemin Summer,97434 Saint-Gilles-Les-Bains,Reunion,Reunion","phones":"+262331333","fax":"+262331338","email":"st-michel.hotel@wanadoo.fr","url":"","countryIso2":"RE","countryName":"Reunion","hotelRating":"2","latitude":"-21.0465","longitude":"55.2282","state_id":null,"state_name":null,"country_id":null},{"active":false,"Giataid":"467910","cityId":null,"cityName":"Saint Gilles","hotelId":20009407,"hotelName":"Tama Hotel","address":"77, Rue des Navigateurs,97434 Saint-Gilles-Les-Bains,Reunion","phones":"+262262444888","fax":"+262262444800","email":"reservation@tama-hotel.com","url":"http://tama-hotel.com/","countryIso2":"RE","countryName":"Reunion","hotelRating":"3","latitude":"-21.0571","longitude":"55.2338","state_id":null,"state_name":null,"country_id":null},{"active":false,"Giataid":"57366","cityId":null,"cityName":"St. Pierre","hotelId":20009637,"hotelName":"Sterne","address":"Front De Mer,97410 Saint-Pierre,Reunion","phones":"+262257000","fax":"+262257066","email":"","url":"","countryIso2":"RE","countryName":"Reunion","hotelRating":"3","latitude":"-21.3432","longitude":"55.4739","state_id":null,"state_name":null,"country_id":null},{"active":false,"Giataid":"57364","cityId":null,"cityName":"Les Avirons","hotelId":20009803,"hotelName":"Domaine les Fougeres","address":"53, route des Merles,97425 Les Avirons,Reunion","phones":"","fax":"","email":"","url":"","countryIso2":"RE","countryName":"Reunion","hotelRating":"2","latitude":"-21.2408","longitude":"55.3337","state_id":null,"state_name":null,"country_id":null},{"active":false,"Giataid":"261443","cityId":null,"cityName":"Salazie","hotelId":20009936,"hotelName":"Le Domaine Des Songes","address":"63 Chemin du Butor,Mare ? Vieille Place,97433 Salazie,Reunion","phones":"+262262463535","fax":"+262262463536","email":"ledomainedessonges@wanadoo.fr","url":"http://www.ledomainedessonges.com","countryIso2":"RE","countryName":"Reunion","hotelRating":"2","latitude":"-21.0259","longitude":"55.5137","state_id":null,"state_name":null,"country_id":null},{"active":false,"Giataid":"110501","cityId":null,"cityName":"La Possession","hotelId":20010086,"hotelName":"Lodge Roche Tamarin & Spa - Village Nature","address":"142 Chemin Boeuf Mort,97419 La Possession,Reunion","phones":"+262262446688","fax":"+262262446680","email":"infos@villagenature.com","url":"http://www.lodgetamarin.com/","countryIso2":"RE","countryName":"Reunion","hotelRating":"3","latitude":"-20.9499","longitude":"55.3421","state_id":null,"state_name":null,"country_id":null},{"active":false,"Giataid":"467907","cityId":null,"cityName":"Salazie","hotelId":20010280,"hotelName":"Hotel Restaurant l'Orchidee Rose","address":"26  Rue Olivier M?nes Hell-bourg,97433 Salazie,Reunion","phones":"+262157324688","fax":"","email":"","url":"","countryIso2":"RE","countryName":"Reunion","hotelRating":"2","latitude":"-21.0643","longitude":"55.5169","state_id":null,"state_name":null,"country_id":null},{"active":false,"Giataid":"57375","cityId":null,"cityName":"La Plaine-des-Palmistes","hotelId":20010545,"hotelName":"La Ferme du Pommeau","address":"10 All?e des Pois de Senteur,97431 La Plaine des Palmistes,R?union,Reunion","phones":"+262514070","fax":"+262513263","email":"resa@ferme-du-pommeau.re","url":"http://www.ferme-du-pommeau.re/","countryIso2":"RE","countryName":"Reunion","hotelRating":"2","latitude":"-21.137","longitude":"55.6355","state_id":null,"state_name":null,"country_id":null},{"active":false,"Giataid":"566299","cityId":null,"cityName":"Plaine des Cafres","hotelId":20010653,"hotelName":"Estagnon","address":"197 Chemin Henri Cabeu,97418 Plaine des cafres,Reunion","phones":"+262262599689","fax":"","email":"pataniel@wanadoo.fr","url":"http://lestagnon.wix.com/estagnon","countryIso2":"RE","countryName":"Reunion","hotelRating":"3","latitude":"-21.2276","longitude":"55.5124","state_id":null,"state_name":null,"country_id":null},{"active":false,"Giataid":"185518","cityId":null,"cityName":"St. Benoit","hotelId":20010994,"hotelName":"Hotel Armony","address":"Saint-Benoit,R?union,Reunion","phones":"","fax":"","email":"","url":"","countryIso2":"RE","countryName":"Reunion","hotelRating":"3","latitude":"-21.0437","longitude":"55.7179","state_id":null,"state_name":null,"country_id":null},{"active":false,"Giataid":"628276","cityId":null,"cityName":"Saint Gilles","hotelId":20011298,"hotelName":"Hotel Des Palmes","address":"205 Rue du G?n?ral de Gaulle,97434 Saint-Gilles les Bains,La R?union,Reunion","phones":"","fax":"","email":"","url":"","countryIso2":"RE","countryName":"Reunion","hotelRating":"0","latitude":"-21.0598","longitude":"55.2235","state_id":null,"state_name":null,"country_id":null},{"active":false,"Giataid":"489026","cityId":null,"cityName":"St. Pierre","hotelId":20011409,"hotelName":"Le Saint Pierre Hotel","address":"51 Avenue Des Indes,97410 Saint Pierre,Reunion Island,Reunion","phones":"+262262611611","fax":"","email":"reservation@hotellesaintpierre.fr","url":"http://v2.hotellesaintpierre.fr","countryIso2":"RE","countryName":"Reunion","hotelRating":"3","latitude":"-21.3413","longitude":"55.4744","state_id":null,"state_name":null,"country_id":null},{"active":false,"Giataid":"604312","cityId":null,"cityName":"St. Pierre","hotelId":20011585,"hotelName":"Couleurs K'Fe","address":"45B Allee Jacquot,Zin 2,97410 Saint-Pierre,Reunion","phones":"","fax":"","email":"","url":"","countryIso2":"RE","countryName":"Reunion","hotelRating":"0","latitude":"-21.3226","longitude":"55.4693","state_id":null,"state_name":null,"country_id":null},{"active":false,"Giataid":"602867","cityId":null,"cityName":"St. Pierre","hotelId":20011676,"hotelName":"Appartement Le Lagon Suffren","address":"52 Boulevard Hubert Delisle,97410 Saint-Pierre,Reunion","phones":"","fax":"","email":"","url":"","countryIso2":"RE","countryName":"Reunion","hotelRating":"0","latitude":"-21.3435","longitude":"55.4702","state_id":null,"state_name":null,"country_id":null},{"active":false,"Giataid":"473214","cityId":null,"cityName":"St. Pierre","hotelId":20011825,"hotelName":"Hotel Cap Sud","address":"rue Caumont 6,97410 Saint-Pierre,La R?union,Reunion","phones":"+262262257564","fax":"+262262252219","email":"hotel-capsud@orange.fr","url":"http://www.hotel-capsud-reunion.com/","countryIso2":"RE","countryName":"Reunion","hotelRating":"2","latitude":"-21.3427","longitude":"55.4696","state_id":null,"state_name":null,"country_id":null},{"active":false,"Giataid":"464973","cityId":null,"cityName":"Saint Gilles","hotelId":20011960,"hotelName":"La Villa du Soleil","address":"54 Route nationale,plage de Boucan-Canot,97434 Saint Gilles les Bains - Ile de la R?union,Reunion","phones":"+262262243869","fax":"","email":"","url":"http://www.lavilladusoleil.com/","countryIso2":"RE","countryName":"Reunion","hotelRating":"2","latitude":"-21.0313","longitude":"55.2245","state_id":null,"state_name":null,"country_id":null},{"active":false,"Giataid":"371823","cityId":null,"cityName":"St. Denis","hotelId":20240598,"hotelName":"Residence Hoteliere Les Jardins De Bourbon","address":"18 Rue Du Verger,97400 Saint-Denis,Reunion","phones":"","fax":"","email":"","url":"","countryIso2":"RE","countryName":"Reunion","hotelRating":"0","latitude":"48.9302","longitude":"2.36086","state_id":null,"state_name":null,"country_id":null},{"active":false,"Giataid":"839242","cityId":null,"cityName":"Plaine des Cafres","hotelId":20363548,"hotelName":"Relais Du Volcan","address":"38 Chemin Mathias La Petite Ferme,97418 Plaine des Cafres,Reunion","phones":"","fax":"","email":"","url":"","countryIso2":"RE","countryName":"Reunion","hotelRating":"0","latitude":"-21.2113","longitude":"55.5657","state_id":null,"state_name":null,"country_id":null},{"active":false,"Giataid":"920780","cityId":null,"cityName":"Entre-Deux","hotelId":20363552,"hotelName":"Villa Pitaya","address":"1 Allee Des Moellons,97414 Entre Deux,Reunion","phones":"+262693402558","fax":"","email":"","url":"http://villa-pitaya-bed-and-breakfast.business.site/","countryIso2":"RE","countryName":"Reunion","hotelRating":"0","latitude":"-21.2549","longitude":"55.465","state_id":null,"state_name":null,"country_id":null},{"active":false,"Giataid":"913623","cityId":null,"cityName":"Le Tampon","hotelId":20363553,"hotelName":"Caloupile","address":"9 Rue du General Bonnier,97430 Le Tampon,Reunion","phones":"","fax":"","email":"","url":"","countryIso2":"RE","countryName":"Reunion","hotelRating":"0","latitude":"-21.2585","longitude":"55.5218","state_id":null,"state_name":null,"country_id":null},{"active":false,"Giataid":"875411","cityId":null,"cityName":"St. Pierre","hotelId":20363556,"hotelName":"Villa Taille Vent","address":"35 Rue Emile Hugo,97410 Saint-Pierre,Reunion","phones":"","fax":"","email":"","url":"http://www.qantas.com/hotels/properties/442968","countryIso2":"RE","countryName":"Reunion","hotelRating":"3","latitude":"-21.3386","longitude":"55.4762","state_id":null,"state_name":null,"country_id":null},{"active":false,"Giataid":"839284","cityId":null,"cityName":"Cilaos","hotelId":20363557,"hotelName":"Domaine Papangue","address":"3 Sentier du Brule,Palmiste Rouge,97413 Cilaos,Reunion","phones":"+262262314554","fax":"","email":"reservation@domainepapangue.com","url":"http://www.domainepapangue.com/","countryIso2":"RE","countryName":"Reunion","hotelRating":"0","latitude":"-21.1364","longitude":"55.4714","state_id":null,"state_name":null,"country_id":null},{"active":false,"Giataid":"839306","cityId":null,"cityName":"Le Tampon","hotelId":20363558,"hotelName":"Le Colibri","address":"79 Rue Pierre Rivals,97418 Le Tampon,Reunion","phones":"","fax":"","email":"","url":"","countryIso2":"RE","countryName":"Reunion","hotelRating":"0","latitude":"-21.2585","longitude":"55.5218","state_id":null,"state_name":null,"country_id":null},{"active":false,"Giataid":"851988","cityId":null,"cityName":"Salazie","hotelId":20363561,"hotelName":"Le Belier","address":"26 route du B?lier,97433 Salazie,Reunion","phones":"","fax":"","email":"","url":"","countryIso2":"RE","countryName":"Reunion","hotelRating":"0","latitude":"-21.0455","longitude":"55.4623","state_id":null,"state_name":null,"country_id":null},{"active":false,"Giataid":"839451","cityId":null,"cityName":"Sainte Anne","hotelId":20363565,"hotelName":"La Villa Du Bassin","address":"21 Chemin Creole,97437 Sainte Anne,Reunion","phones":"+262262086307","fax":"","email":"contact@lavilladubassin.re","url":"https://lavilladubassin.re/","countryIso2":"RE","countryName":"Reunion","hotelRating":"0","latitude":"-21.0863","longitude":"55.7465","state_id":null,"state_name":null,"country_id":null},{"active":false,"Giataid":"862081","cityId":null,"cityName":"Plaine des Cafres","hotelId":20363567,"hotelName":"Alicalapa-Tenon Clement","address":"154 route du Champ Foire Bourg-Murat,97418 Plaine des Cafres,Ile de La R?union,Reunion","phones":"","fax":"","email":"","url":"","countryIso2":"RE","countryName":"Reunion","hotelRating":"0","latitude":"-21.2024","longitude":"55.5816","state_id":null,"state_name":null,"country_id":null},{"active":false,"Giataid":"895654","cityId":null,"cityName":"Saint Gilles","hotelId":20363568,"hotelName":"Case Tilamp Tilamp","address":"27 Rue Leon Dierx,97434 Saint Gilles les Bains,Reunion","phones":"","fax":"","email":"casetilamptilamp@gemail.com","url":"http://www.casetilamptilamp.com","countryIso2":"RE","countryName":"Reunion","hotelRating":"0","latitude":"-21.0624","longitude":"55.2259","state_id":null,"state_name":null,"country_id":null},{"active":false,"Giataid":"895624","cityId":null,"cityName":"St. Leu","hotelId":20363570,"hotelName":"Leu Pied Dans L'Eau","address":"22 Rue Du General Lambert,97436 Saint Leu,Reunion","phones":"","fax":"","email":"infos@leupieddansleau.fr","url":"http://leupieddansleau.fr","countryIso2":"RE","countryName":"Reunion","hotelRating":"4","latitude":"-21.1785","longitude":"55.2914","state_id":null,"state_name":null,"country_id":null},{"active":false,"Giataid":"839120","cityId":null,"cityName":"St. Pierre","hotelId":20363571,"hotelName":"Villa Belza et Spa","address":"15A Chemin Bassin Martin,97410 Saint-Pierre,Reunion","phones":"","fax":"","email":"","url":"https://villabelza.fr/","countryIso2":"RE","countryName":"Reunion","hotelRating":"0","latitude":"-21.3266","longitude":"55.4975","state_id":null,"state_name":null,"country_id":null},{"active":false,"Giataid":"854907","cityId":null,"cityName":"St. Pierre","hotelId":20363572,"hotelName":"Domaine de Mahavel","address":"1 Ligne des Bambous,Chemin Lenormand,Ravine des Cabris,97410 Saint-Pierre,Reunion","phones":"","fax":"","email":"ledomainedemahavel@orange.fr","url":"","countryIso2":"RE","countryName":"Reunion","hotelRating":"0","latitude":"-21.3386","longitude":"55.4762","state_id":null,"state_name":null,"country_id":null},{"active":false,"Giataid":"839255","cityId":null,"cityName":"La Plaine-des-Palmistes","hotelId":20363574,"hotelName":"Les Aubepines","address":"10 Ruelle Arthur Deurveilher,97431 La Plaine des Palmistes,Reunion","phones":"","fax":"","email":"","url":"http://www.lesaubepines974.fr","countryIso2":"RE","countryName":"Reunion","hotelRating":"0","latitude":"-21.1429","longitude":"55.6302","state_id":null,"state_name":null,"country_id":null},{"active":false,"Giataid":"839380","cityId":null,"cityName":"Le Tampon","hotelId":20363576,"hotelName":"Fleur de Vanille","address":"227C Rue Georges Pompidou,97430 Le Tampon,Reunion","phones":"","fax":"","email":"","url":"","countryIso2":"RE","countryName":"Reunion","hotelRating":"0","latitude":"-21.2585","longitude":"55.5218","state_id":null,"state_name":null,"country_id":null},{"active":false,"Giataid":"878122","cityId":null,"cityName":"Entre-Deux","hotelId":20363581,"hotelName":"Villa Isis","address":"14 Rue Frontin,97414 Entre-Deux,Reunion","phones":"","fax":"","email":"","url":"","countryIso2":"RE","countryName":"Reunion","hotelRating":"3","latitude":"-21.2587","longitude":"55.465","state_id":null,"state_name":null,"country_id":null},{"active":false,"Giataid":"913646","cityId":null,"cityName":"Plaine des Cafres","hotelId":20363582,"hotelName":"La Vieille Tonnelle","address":"Grand Bassin,97418 La Plaine des Cafres,Reunion","phones":"","fax":"","email":"","url":"","countryIso2":"RE","countryName":"Reunion","hotelRating":"0","latitude":"-21.2113","longitude":"55.5657","state_id":null,"state_name":null,"country_id":null},{"active":false,"Giataid":"854903","cityId":null,"cityName":"St. Pierre","hotelId":20363585,"hotelName":"B&B Zoiseaux Paradis","address":"95 Chemin Du Bonheur,Ligne Des 400,Ravine Des Cabris,97432 Saint-Pierre,Arrondissement Saint-Pierre,Reunion","phones":"","fax":"","email":"maryse.tlc@gmail.com","url":"http://www.gites-maryse-tsang.com/","countryIso2":"RE","countryName":"Reunion","hotelRating":"0","latitude":"-21.3386","longitude":"55.4762","state_id":null,"state_name":null,"country_id":null},{"active":false,"Giataid":"821441","cityId":null,"cityName":"Plaine des Cafres","hotelId":20363589,"hotelName":"Cote Volcan","address":"8 rue Jos?mont Lauret,97418 La Plaine des Cafres,La R?union,Reunion","phones":"+262704053","fax":"","email":"contact@cote-volcan.fr","url":"https://www.cote-volcan.fr/","countryIso2":"RE","countryName":"Reunion","hotelRating":"0","latitude":"-21.2113","longitude":"55.5657","state_id":null,"state_name":null,"country_id":null},{"active":false,"Giataid":"805078","cityId":null,"cityName":"Saint Gilles","hotelId":20363591,"hotelName":"Hotel Les Bougainvilliers","address":"27 Ruelle Des Bougainvilliers Ermitage,97434 Saint-Gilles-les-Bains,Reunion","phones":"","fax":"","email":"","url":"","countryIso2":"RE","countryName":"Reunion","hotelRating":"0","latitude":"-21.0819","longitude":"55.2294","state_id":null,"state_name":null,"country_id":null},{"active":false,"Giataid":"839505","cityId":null,"cityName":"Sainte Anne","hotelId":20363595,"hotelName":"La Pointe Au Corail","address":"19 Impasse Des Pailles,En Queue,97439 Sainte-Rose,Reunion","phones":"","fax":"","email":"","url":"","countryIso2":"RE","countryName":"Reunion","hotelRating":"0","latitude":"-21.0863","longitude":"55.7465","state_id":null,"state_name":null,"country_id":null},{"active":false,"Giataid":"895629","cityId":null,"cityName":"Le Tampon","hotelId":20363597,"hotelName":"Ti Caz Do Miel","address":"14 Rue Des Abeilles,97430 Le Tampon,Reunion","phones":"","fax":"","email":"","url":"","countryIso2":"RE","countryName":"Reunion","hotelRating":"0","latitude":"-21.2585","longitude":"55.5218","state_id":null,"state_name":null,"country_id":null},{"active":false,"Giataid":"913615","cityId":null,"cityName":"Saint Gilles","hotelId":20363598,"hotelName":"Le Vacoa","address":"54 Rue Antoine de Bertin,97434 Saint-Gilles-les-Bains,Reunion","phones":"+262262241248","fax":"","email":"levacoa@levacoa.fr","url":"http://www.levacoa.fr","countryIso2":"RE","countryName":"Reunion","hotelRating":"0","latitude":"-21.0624","longitude":"55.2259","state_id":null,"state_name":null,"country_id":null},{"active":false,"Giataid":"895637","cityId":null,"cityName":"St. Leu","hotelId":20363600,"hotelName":"Villa L'Oiseau Du Paradis","address":"16 Rue De La Balance,97436 Saint-Leu,Reunion","phones":"","fax":"","email":"","url":"","countryIso2":"RE","countryName":"Reunion","hotelRating":"0","latitude":"-21.1785","longitude":"55.2914","state_id":null,"state_name":null,"country_id":null},{"active":false,"Giataid":"643060","cityId":null,"cityName":"St. Pierre","hotelId":20363601,"hotelName":"Hostellerie du Domaine de l'Araucaria","address":"2 Chemin de l'Araucaria,Montvert les Bas,97410 Saint Pierre,Reunion","phones":"","fax":"","email":"","url":"","countryIso2":"RE","countryName":"Reunion","hotelRating":"0","latitude":"-21.3319","longitude":"55.4737","state_id":null,"state_name":null,"country_id":null},{"active":false,"Giataid":"854902","cityId":null,"cityName":"St. Pierre","hotelId":20363602,"hotelName":"Bois de Santal","address":"33 Impasse Bois De Santal,Grand Bois,97410 Saint Pierre,Arrondissement Saint-Pierre,Reunion","phones":"","fax":"","email":"nathalie.atiaman@orange.fr","url":"","countryIso2":"RE","countryName":"Reunion","hotelRating":"0","latitude":"-21.3386","longitude":"55.4762","state_id":null,"state_name":null,"country_id":null},{"active":false,"Giataid":"760454","cityId":null,"cityName":"Cilaos","hotelId":20363604,"hotelName":"Hotel Le Bois Rouge","address":"2 Route Des Sources,97413 Cilaos,Reunion","phones":"+262262475757","fax":"","email":"giteleboisrouge@gmail.com","url":"http://leboisrouge.com","countryIso2":"RE","countryName":"Reunion","hotelRating":"0","latitude":"-21.1312","longitude":"55.4731","state_id":null,"state_name":null,"country_id":null},{"active":false,"Giataid":"854847","cityId":null,"cityName":"Le Tampon","hotelId":20363607,"hotelName":"Ti Kaz Hoareau","address":"270 Rue Emile Zola,Pont d'Yves,97430 Le Tampon,Saint-Pierre,Reunion","phones":"","fax":"","email":"francelointaine@hotmail.com","url":"http://www.tikazhoareau.com","countryIso2":"RE","countryName":"Reunion","hotelRating":"0","latitude":"-21.2585","longitude":"55.5218","state_id":null,"state_name":null,"country_id":null},{"active":false,"Giataid":"883095","cityId":null,"cityName":"Le Tampon","hotelId":20363611,"hotelName":"Residence Laniakea","address":"194 Chemin Raphael Babet,97430 Le Tampon,Reunion","phones":"","fax":"","email":"","url":"","countryIso2":"RE","countryName":"Reunion","hotelRating":"0","latitude":"-21.2585","longitude":"55.5218","state_id":null,"state_name":null,"country_id":null},{"active":false,"Giataid":"873741","cityId":null,"cityName":"Saint Gilles","hotelId":20363612,"hotelName":"Villa Margalie","address":"15 Rue D'Armagnac,97434 Saint-Gilles-les-Bains,Reunion","phones":"","fax":"","email":"","url":"","countryIso2":"RE","countryName":"Reunion","hotelRating":"3","latitude":"-21.0368","longitude":"55.2201","state_id":null,"state_name":null,"country_id":null},{"active":false,"Giataid":"856604","cityId":null,"cityName":"St. Denis","hotelId":20363614,"hotelName":"Le Cap Vert","address":"17 Avenue De Mar?chal De Lattre De Tassigny,Sainte Clotilde,97490 Saint-Denis,Reunion","phones":"","fax":"","email":"","url":"","countryIso2":"RE","countryName":"Reunion","hotelRating":"0","latitude":"-20.8887","longitude":"55.4594","state_id":null,"state_name":null,"country_id":null},{"active":false,"Giataid":"913639","cityId":null,"cityName":"St. Rose","hotelId":20363615,"hotelName":"Matilona","address":"84 Chemin Du Petit Brule,97439 Sainte-Rose,Reunion","phones":"","fax":"","email":"","url":"","countryIso2":"RE","countryName":"Reunion","hotelRating":"0","latitude":"-21.1279","longitude":"55.7882","state_id":null,"state_name":null,"country_id":null},{"active":false,"Giataid":"801855","cityId":null,"cityName":"St. Pierre","hotelId":20363616,"hotelName":"Hotel Le Nathania","address":"12 Rue Francois De Mahy,97410 Saint-Pierre,Reunion","phones":"+262262250457","fax":"","email":"info@hotelnathania.fr","url":"http://www.hotelnathania.com","countryIso2":"RE","countryName":"Reunion","hotelRating":"0","latitude":"-21.3428","longitude":"55.4745","state_id":null,"state_name":null,"country_id":null},{"active":false,"Giataid":"758289","cityId":null,"cityName":"Cilaos","hotelId":20363617,"hotelName":"Hotel Du Cirque","address":"27 Rue Du Pere Boiteau,97413 Cilaos,Reunion","phones":"","fax":"","email":"","url":"","countryIso2":"RE","countryName":"Reunion","hotelRating":"0","latitude":"-21.1364","longitude":"55.4714","state_id":null,"state_name":null,"country_id":null},{"active":false,"Giataid":"851989","cityId":null,"cityName":"Plaine des Cafres","hotelId":20363620,"hotelName":"Le Millepertuis","address":"8 rue des mimosas,piton hyacinthe,97418 Plaine des Cafres,Reunion","phones":"+262692563905","fax":"","email":"lemillepertuis@orange.fr","url":"https://www.lemillepertuis.fr/","countryIso2":"RE","countryName":"Reunion","hotelRating":"0","latitude":"-21.2208","longitude":"55.5353","state_id":null,"state_name":null,"country_id":null},{"active":false,"Giataid":"854909","cityId":null,"cityName":"Saint-Philippe","hotelId":20363624,"hotelName":"Le Four a Pain","address":"63C Route Nacionale 2,Le Baril,97442 Saint-Philippe,Saint-Beno?t-2,Reunion","phones":"","fax":"","email":"huet-jean-marc@hotmail.fr","url":"https://lefourapain974.blogspot.com/","countryIso2":"RE","countryName":"Reunion","hotelRating":"0","latitude":"-21.3601","longitude":"55.7421","state_id":null,"state_name":null,"country_id":null},{"active":false,"Giataid":"913618","cityId":null,"cityName":"La Plaine-des-Palmistes","hotelId":20363625,"hotelName":"L'echelle","address":"16 All?e des Agapanthes,97431 La Plaine des Palmistes,Reunion","phones":"","fax":"","email":"","url":"","countryIso2":"RE","countryName":"Reunion","hotelRating":"0","latitude":"-21.1429","longitude":"55.6302","state_id":null,"state_name":null,"country_id":null},{"active":false,"Giataid":"890690","cityId":null,"cityName":"St. Pierre","hotelId":20363628,"hotelName":"Villa Des Palmes","address":"Chemin Charlemagne,Saint-Pierre,Reunion","phones":"","fax":"","email":"","url":"","countryIso2":"RE","countryName":"Reunion","hotelRating":"0","latitude":"-21.3386","longitude":"55.4762","state_id":null,"state_name":null,"country_id":null},{"active":false,"Giataid":"839175","cityId":null,"cityName":"St. Leu","hotelId":20363629,"hotelName":"Les Canneliers","address":"185 D CD13 Piton,97424 Saint Leu,Reunion","phones":"","fax":"","email":"","url":"https://www.lescanneliers.com","countryIso2":"RE","countryName":"Reunion","hotelRating":"0","latitude":"-21.1785","longitude":"55.2914","state_id":null,"state_name":null,"country_id":null},{"active":false,"Giataid":"755293","cityId":null,"cityName":"St. Pierre","hotelId":20363630,"hotelName":"Residence Saphir Bleu","address":"20 Allee Des Phaetons,97410 Saint-Pierre,Reunion","phones":"","fax":"","email":"","url":"","countryIso2":"RE","countryName":"Reunion","hotelRating":"0","latitude":"-21.3386","longitude":"55.4762","state_id":null,"state_name":null,"country_id":null},{"active":false,"Giataid":"736988","cityId":null,"cityName":"Cilaos","hotelId":20363632,"hotelName":"Les Filaos","address":"57 bis RN5 Mare S?che,97413 Cilaos,Reunion","phones":"","fax":"","email":"","url":"","countryIso2":"RE","countryName":"Reunion","hotelRating":"3","latitude":"-21.1364","longitude":"55.4714","state_id":null,"state_name":null,"country_id":null},{"active":false,"Giataid":"854905","cityId":null,"cityName":"Entre-Deux","hotelId":20363633,"hotelName":"Residence Entre Deux Reves","address":"8 Impasse du Margouillat,97414 Entre-Deux,Saint-Pierre,Reunion","phones":"+262262115731","fax":"","email":"entredeuxreves@gmail.com","url":"http://www.entre-deux-reves.com","countryIso2":"RE","countryName":"Reunion","hotelRating":"0","latitude":"-21.2549","longitude":"55.465","state_id":null,"state_name":null,"country_id":null},{"active":false,"Giataid":"839433","cityId":null,"cityName":"Le Tampon","hotelId":20363636,"hotelName":"Chambres D'Hotes Chez Marie","address":"223 Chemin du Petit-Tampon,97430 Le Tampon,Reunion","phones":"","fax":"","email":"","url":"","countryIso2":"RE","countryName":"Reunion","hotelRating":"0","latitude":"-21.2585","longitude":"55.5218","state_id":null,"state_name":null,"country_id":null},{"active":false,"Giataid":"805108","cityId":null,"cityName":"Saint-Philippe","hotelId":20363640,"hotelName":"Le Bon Terroir","address":"77 Route National 2,97442 Saint Philippe,Reunion","phones":"","fax":"","email":"","url":"http://www.lebonterroir.re/","countryIso2":"RE","countryName":"Reunion","hotelRating":"0","latitude":"-21.3601","longitude":"55.7421","state_id":null,"state_name":null,"country_id":null},{"active":false,"Giataid":"862102","cityId":null,"cityName":"La Plaine-des-Palmistes","hotelId":20363642,"hotelName":"Chez Bea","address":"86 rue Georges Lebeau,97431 Plaine des Palmistes,Reunion","phones":"+262262517707","fax":"","email":"chez.bea@orange.fr","url":"","countryIso2":"RE","countryName":"Reunion","hotelRating":"3","latitude":"-21.1488","longitude":"55.625","state_id":null,"state_name":null,"country_id":null},{"active":false,"Giataid":"878116","cityId":null,"cityName":"St. Pierre","hotelId":20363646,"hotelName":"Villa Cafrine","address":"7 Rue De La Crete,97410 Saint-Pierre,La Reunion,Reunion","phones":"","fax":"","email":"","url":"","countryIso2":"RE","countryName":"Reunion","hotelRating":"3","latitude":"-21.3524","longitude":"55.5116","state_id":null,"state_name":null,"country_id":null},{"active":false,"Giataid":"839008","cityId":null,"cityName":"St. Leu","hotelId":20363647,"hotelName":"La Caz Oceane","address":"28 Chemin Mutel,La Chaloupe,97416 Saint Leu,Reunion","phones":"+262262548940","fax":"","email":"lacazoceane@gmail.com","url":"http://www.chambredhoteslareunioncazoceane.com","countryIso2":"RE","countryName":"Reunion","hotelRating":"0","latitude":"-21.1362","longitude":"55.3093","state_id":null,"state_name":null,"country_id":null},{"active":false,"Giataid":"465143","cityId":null,"cityName":"St. Pierre","hotelId":20363648,"hotelName":"Hotel Le Soleil Couchant","address":"2, chemin de l'Araucaria - Montvert les Bas,97410 Saint-Pierre,Reunion","phones":"+262262311010","fax":"+262262315339","email":"hotel.hda@orange.fr","url":"http://www.hotel-reunion-soleilcouchant.com/","countryIso2":"RE","countryName":"Reunion","hotelRating":"2","latitude":"-21.3317","longitude":"55.5262","state_id":null,"state_name":null,"country_id":null},{"active":false,"Giataid":"854912","cityId":null,"cityName":"Le Tampon","hotelId":20363650,"hotelName":"Chambres d'Hotes Les Hortensias","address":"44 Chemin de la Grande Ferme,La Plaine des Cafres,97418 Le Tampon,Saint-Pierre,Reunion","phones":"","fax":"","email":"","url":"","countryIso2":"RE","countryName":"Reunion","hotelRating":"0","latitude":"-21.2585","longitude":"55.5218","state_id":null,"state_name":null,"country_id":null},{"active":false,"Giataid":"839651","cityId":null,"cityName":"Salazie","hotelId":20363651,"hotelName":"Le Cimendef","address":"735 Road Departmenatale 52,97433 Salazie,Reunion","phones":"","fax":"","email":"","url":"","countryIso2":"RE","countryName":"Reunion","hotelRating":"0","latitude":"-21.0547","longitude":"55.4973","state_id":null,"state_name":null,"country_id":null},{"active":false,"Giataid":"854896","cityId":null,"cityName":"St. Benoit","hotelId":20363655,"hotelName":"Le Rubinjo","address":"8 Chemin Des Bleuets,Chemin De Ceinture,97470 Saint-Beno?t,Arrondissement Saint-Beno?t,Reunion","phones":"+262262509416","fax":"","email":"","url":"https://lerubinjo.jimdo.com/","countryIso2":"RE","countryName":"Reunion","hotelRating":"0","latitude":"-21.0376","longitude":"55.7116","state_id":null,"state_name":null,"country_id":null},{"active":false,"Giataid":"889679","cityId":null,"cityName":"Le Tampon","hotelId":20363656,"hotelName":"Villa Dassy","address":"32 Chemin Philomar,97430 Le Tampon,Reunion","phones":"","fax":"","email":"","url":"","countryIso2":"RE","countryName":"Reunion","hotelRating":"0","latitude":"-21.2585","longitude":"55.5218","state_id":null,"state_name":null,"country_id":null},{"active":false,"Giataid":"892634","cityId":null,"cityName":"Saint Gilles","hotelId":20363657,"hotelName":"Residence Coco Island","address":"21 Avenue De La Mer Ermitage Les Bains,97434 Saint Gilles Les Bains,Reunion","phones":"+262262338241","fax":"","email":"","url":"http://www.coco-island.re","countryIso2":"RE","countryName":"Reunion","hotelRating":"0","latitude":"-21.0624","longitude":"55.2259","state_id":null,"state_name":null,"country_id":null},{"active":false,"Giataid":"884597","cityId":null,"cityName":"St. Leu","hotelId":20363659,"hotelName":"Les Gites de Gladys","address":"135 Rue Adrien Lagourgue,97424 Piton Saint-Leu,Reunion","phones":"","fax":"","email":"gites.de.gladys@wanadoo.fr","url":"http://www.gitesdegladys.com/accueil.htm","countryIso2":"RE","countryName":"Reunion","hotelRating":"0","latitude":"-21.1785","longitude":"55.2914","state_id":null,"state_name":null,"country_id":null},{"active":false,"Giataid":"839032","cityId":null,"cityName":"St. Pierre","hotelId":20363660,"hotelName":"Tipalais","address":"80 Allee Nelson Mandela,Paradise Line,97410 Saint Pierre,Reunion","phones":"+2622622441045","fax":"","email":"tipalais@sfr.fr","url":"http://www.tipalais.com/","countryIso2":"RE","countryName":"Reunion","hotelRating":"0","latitude":"-21.3386","longitude":"55.4762","state_id":null,"state_name":null,"country_id":null},{"active":false,"Giataid":"954079","cityId":null,"cityName":"Saint Gilles","hotelId":20416693,"hotelName":"Cote Cannelle","address":"63 Route De Fatima,Le Bernica,97435 St-Gilles les Hauts,Reunion","phones":"+262262199800","fax":"","email":"","url":"http://www.cotecannelle.fr","countryIso2":"RE","countryName":"Reunion","hotelRating":"1","latitude":"-21.0624","longitude":"55.2259","state_id":null,"state_name":null,"country_id":null},{"active":false,"Giataid":"968385","cityId":null,"cityName":"St. Leu","hotelId":20416694,"hotelName":"Les Lataniers","address":"136 Ter Rue Adrien Lagourgue,97424 Saint Leu,Reunion","phones":"+262262347445","fax":"","email":"","url":"https://www.les-lataniers.com/","countryIso2":"RE","countryName":"Reunion","hotelRating":"1","latitude":"-21.1697","longitude":"55.2962","state_id":null,"state_name":null,"country_id":null},{"active":false,"Giataid":"954055","cityId":null,"cityName":"Salazie","hotelId":20416691,"hotelName":"L'arrange","address":"D48 275-301,97433 Salazie,Reunion","phones":"","fax":"","email":"","url":"","countryIso2":"RE","countryName":"Reunion","hotelRating":"1","latitude":"-21.0547","longitude":"55.4973","state_id":null,"state_name":null,"country_id":null},{"active":false,"Giataid":"954065","cityId":null,"cityName":"Entre-Deux","hotelId":20416697,"hotelName":"Villa Ote","address":"29 Rue Maurice Berrichon,97414 Entre-Deux,Reunion","phones":"+262262390343","fax":"","email":"contactATvillaote.com","url":"http://www.villaote.com/","countryIso2":"RE","countryName":"Reunion","hotelRating":"1","latitude":"-21.2549","longitude":"55.465","state_id":null,"state_name":null,"country_id":null},{"active":false,"Giataid":"956446","cityId":null,"cityName":"St. Pierre","hotelId":20416698,"hotelName":"Les Nymphes De Bourbon","address":"484 Road To The Cemetery,97410 Saint Pierre,Reunion","phones":"","fax":"","email":"lesnymphesdebourbon@gmail.com","url":"http://lesnymphesdebourbon.fr","countryIso2":"RE","countryName":"Reunion","hotelRating":"1","latitude":"-21.3386","longitude":"55.4762","state_id":null,"state_name":null,"country_id":null},{"active":false,"Giataid":"987126","cityId":null,"cityName":"St. Pierre","hotelId":20438169,"hotelName":"Villa Reve Austral","address":"32 Chemin Du Milieu,97410 Saint Pierre,Reunion","phones":"","fax":"","email":"","url":"","countryIso2":"RE","countryName":"Reunion","hotelRating":"1","latitude":"-21.3386","longitude":"55.4762","state_id":null,"state_name":null,"country_id":null},{"active":false,"Giataid":"997248","cityId":null,"cityName":"Saint Gilles","hotelId":20438171,"hotelName":"Residence NeSS by D-Ocean","address":"26 route de Trou d'Eau,97434 Saint Gilles les Bains,Reunion","phones":"+262262703000","fax":"","email":"contact@nessbydocean.com","url":"https://www.nessbydocean.com/fr/hotel-residence-reunion","countryIso2":"RE","countryName":"Reunion","hotelRating":"4","latitude":"-21.0624","longitude":"55.2259","state_id":null,"state_name":null,"country_id":null},{"active":false,"Giataid":"986375","cityId":null,"cityName":"St. Pierre","hotelId":20438172,"hotelName":"O Jardin De Merla","address":"7 Rue Des Canots,97410 Saint-Pierre,Reunion","phones":"","fax":"","email":"contact@o-jardin-de-merla.com","url":"http://o-jardin-de-merla.com","countryIso2":"RE","countryName":"Reunion","hotelRating":"1","latitude":"-21.3386","longitude":"55.4762","state_id":null,"state_name":null,"country_id":null}]