[{"active":false,"Giataid":"684521","cityId":13994,"cityName":"Porto Alegre","hotelId":20003533,"hotelName":"Praia Inhame Eco Lodge","address":"Praia Inhame,Porto Alegre 64,Sao Tome,Sao Tome and Principe","phones":"+2399916552","fax":"","email":"reservas@hotelpraiainhame.com","url":"http://www.hotelpraiainhame.com","countryIso2":"ST","countryName":"Sao Tome and Principe","hotelRating":"0","latitude":"0.335511","longitude":"6.70446","state_id":2001,"state_name":"Rio Grande do Sul","country_id":31},{"active":false,"Giataid":"684521","cityId":13994,"cityName":"Porto Alegre","hotelId":20003533,"hotelName":"Praia Inhame Eco Lodge","address":"Praia Inhame,Porto Alegre 64,Sao Tome,Sao Tome and Principe","phones":"+2399916552","fax":"","email":"reservas@hotelpraiainhame.com","url":"http://www.hotelpraiainhame.com","countryIso2":"ST","countryName":"Sao Tome and Principe","hotelRating":"0","latitude":"0.335511","longitude":"6.70446","state_id":2001,"state_name":"Rio Grande do Sul","country_id":31},{"active":false,"Giataid":"202070","cityId":14568,"cityName":"Santana","hotelId":20006130,"hotelName":"Club Santana","address":"Praia de Messias Alves 144,Santana,Distrito de Cantagalo,Sao Tome and Principe","phones":"+2392242400","fax":"+2392221664","email":"reservas@clubsantana.com","url":"http://www.clubsantana.com","countryIso2":"ST","countryName":"Sao Tome and Principe","hotelRating":"4","latitude":"0.245362","longitude":"6.74535","state_id":1999,"state_name":"Amapa","country_id":31}]