[{"active":false,"Giataid":"183202","cityId":null,"cityName":"S?o Tom?","hotelId":183202,"hotelName":"Pestana Sao Tome","address":"Avenida Marginal 12 de Julho 851,Sao Tom?,Sao Tome and Principe","phones":"+2392244500","fax":"+2392224978","email":"reservas.stome@pestana.com","url":"http://www.pestana.com/hotels/de/hotels/africa/SaoTomePrincipeHotels/SaoTome/Home/PestanaSaoTome.htm","countryIso2":"ST","countryName":"Sao Tome and Principe","hotelRating":"5","latitude":"0.3326","longitude":"6.74154","state_id":null,"state_name":null,"country_id":null},{"active":false,"Giataid":"202071","cityId":null,"cityName":"S?o Tom?","hotelId":202071,"hotelName":"Hotel Cocoa Residence","address":"Rua Padre Martinho Pinto da Rocha 33-B,4250 S?o Tom?,Sao Tome and Principe","phones":"+2392227276","fax":"","email":"","url":"","countryIso2":"ST","countryName":"Sao Tome and Principe","hotelRating":"3","latitude":"0.341064","longitude":"6.72485","state_id":null,"state_name":null,"country_id":null},{"active":false,"Giataid":"202074","cityId":null,"cityName":"S?o Tom?","hotelId":202074,"hotelName":"Omali Sao Tome","address":"Praia Lagartos,S?o Tom?,Sao Tome and Principe","phones":"+2392222479","fax":"","email":"","url":"","countryIso2":"ST","countryName":"Sao Tome and Principe","hotelRating":"4","latitude":"0.361225","longitude":"6.71418","state_id":null,"state_name":null,"country_id":null},{"active":false,"Giataid":"202082","cityId":null,"cityName":"Praia Jal?","hotelId":202082,"hotelName":"Jale Ecolodge","address":"Praia Jal?,Porto Alegre,Sao Tome and Principe","phones":"+2399853738","fax":"","email":"jaleecolodge@gmail.com","url":"http://ecolodgejale.com/","countryIso2":"ST","countryName":"Sao Tome and Principe","hotelRating":"1","latitude":"0","longitude":"0","state_id":null,"state_name":null,"country_id":null},{"active":false,"Giataid":"202076","cityId":null,"cityName":"S?o Tom?","hotelId":202076,"hotelName":"La Provence","address":"Route de l'a?roport,Sao Tom?,Sao Tome and Principe","phones":"","fax":"","email":"","url":"","countryIso2":"ST","countryName":"Sao Tome and Principe","hotelRating":"1","latitude":"0.330272","longitude":"6.7331","state_id":null,"state_name":null,"country_id":null},{"active":false,"Giataid":"202083","cityId":null,"cityName":"Pr?ncipe","hotelId":202083,"hotelName":"Bom Bom Principe Island","address":"Ilha do Pr?ncipe,Bom Bom Island,Sao Tome and Principe","phones":"+2392251114","fax":"","email":"info@bombomislandresort.com","url":"http://www.bombomislandresort.com","countryIso2":"ST","countryName":"Sao Tome and Principe","hotelRating":"4","latitude":"1.69284","longitude":"7.4024","state_id":null,"state_name":null,"country_id":null},{"active":false,"Giataid":"727463","cityId":null,"cityName":"Pr?ncipe","hotelId":727463,"hotelName":"Hotel Roca Sundy","address":"Santo Antonio,Sundy Estate,Principe Island,Sao Tome and Principe","phones":"","fax":"","email":"","url":"","countryIso2":"ST","countryName":"Sao Tome and Principe","hotelRating":"1","latitude":"1.6688","longitude":"7.3835","state_id":null,"state_name":null,"country_id":null},{"active":false,"Giataid":"747460","cityId":null,"cityName":"Pr?ncipe","hotelId":747460,"hotelName":"Residencial Apresentacao","address":"14 Rua Oua 23,Santo Antonio,Principe Island,Sao Tome and Principe","phones":"","fax":"","email":"","url":"","countryIso2":"ST","countryName":"Sao Tome and Principe","hotelRating":"1","latitude":"1.66456","longitude":"7.41634","state_id":null,"state_name":null,"country_id":null},{"active":false,"Giataid":"754357","cityId":null,"cityName":"S?o Tom?","hotelId":754357,"hotelName":"SH Boutique Hotel","address":"Vila Dolores 88,Sao Tome Island,Sao Tome and Principe","phones":"","fax":"","email":"","url":"","countryIso2":"ST","countryName":"Sao Tome and Principe","hotelRating":"1","latitude":"0.335511","longitude":"6.70446","state_id":null,"state_name":null,"country_id":null},{"active":false,"Giataid":"758433","cityId":null,"cityName":"S?o Tom?","hotelId":758433,"hotelName":"Residencial Tamarindos","address":"Morro Peixe,S?o Tom?,Lobata,Sao Tome and Principe","phones":"","fax":"","email":"","url":"","countryIso2":"ST","countryName":"Sao Tome and Principe","hotelRating":"1","latitude":"0.335511","longitude":"6.70446","state_id":null,"state_name":null,"country_id":null},{"active":false,"Giataid":"800757","cityId":null,"cityName":"S?o Tom?","hotelId":800757,"hotelName":"Hotel Residencial Luxan","address":"Atras Da Cadeia,Sao Tome,Sao Tome and Principe","phones":"","fax":"","email":"","url":"","countryIso2":"ST","countryName":"Sao Tome and Principe","hotelRating":"1","latitude":"0.335511","longitude":"6.70446","state_id":null,"state_name":null,"country_id":null},{"active":false,"Giataid":"818522","cityId":null,"cityName":"S?o Tom?","hotelId":818522,"hotelName":"Quinta Do Cacau","address":"Madalena,Sao Tome,Sao Tome and Principe","phones":"","fax":"","email":"","url":"","countryIso2":"ST","countryName":"Sao Tome and Principe","hotelRating":"1","latitude":"0.335511","longitude":"6.70446","state_id":null,"state_name":null,"country_id":null},{"active":false,"Giataid":"854884","cityId":null,"cityName":"S?o Tom?","hotelId":854884,"hotelName":"Residencial NoSSa Senhora Da Conceicao","address":"Avenida da Concei??o,S?o Tom?,S?o Tom? und Pr?ncipe,Sao Tome and Principe","phones":"","fax":"","email":"","url":"","countryIso2":"ST","countryName":"Sao Tome and Principe","hotelRating":"1","latitude":"0.335511","longitude":"6.70446","state_id":null,"state_name":null,"country_id":null},{"active":false,"Giataid":"421024","cityId":null,"cityName":"S?o Tom?","hotelId":10069625,"hotelName":"Miramar By Pestana","address":"Avenida Marginal 12 De Julho 69,Agua Grande,Sao Tome,Sao Tome and Principe","phones":"+2392222778","fax":"","email":"","url":"","countryIso2":"ST","countryName":"Sao Tome and Principe","hotelRating":"4","latitude":"0.337624","longitude":"6.73882","state_id":null,"state_name":null,"country_id":null},{"active":false,"Giataid":"202081","cityId":null,"cityName":"Santo Ant?nio","hotelId":20002724,"hotelName":"Palhota","address":"Avenida M?rtires da Liberdade,Santo Ant?nio,Sao Tome and Principe","phones":"","fax":"","email":"","url":"","countryIso2":"ST","countryName":"Sao Tome and Principe","hotelRating":"0","latitude":"1.64005","longitude":"7.41931","state_id":null,"state_name":null,"country_id":null},{"active":false,"Giataid":"459351","cityId":null,"cityName":"Santo Ant?nio","hotelId":20002969,"hotelName":"Roca Belo Monte Hotel","address":"Avenida Marginal 12 de Julho,Chalet 6,Santo Ant?nio,Sao Tome and Principe","phones":"+2392251152","fax":"","email":"belomonte@africas-eden.com","url":"http://www.belomontehotel.com","countryIso2":"ST","countryName":"Sao Tome and Principe","hotelRating":"0","latitude":"1.68424","longitude":"7.44333","state_id":null,"state_name":null,"country_id":null},{"active":false,"Giataid":"202073","cityId":null,"cityName":"S?o Tom?","hotelId":20003416,"hotelName":"Hotel O Bigodes","address":"Praia Francesa,4250 S?o Tom?,Sao Tome and Principe","phones":"+2399904937","fax":"","email":"idbigodes@hotmail.com","url":"http://www.hotelobigodes.st/en/","countryIso2":"ST","countryName":"Sao Tome and Principe","hotelRating":"0","latitude":"0.372158","longitude":"6.71394","state_id":null,"state_name":null,"country_id":null},{"active":false,"Giataid":"202079","cityId":null,"cityName":"S?o Tom?","hotelId":20003772,"hotelName":"Roca de Monteforte","address":"Neves,Sao Tom?,Sao Tome and Principe","phones":"","fax":"","email":"","url":"","countryIso2":"ST","countryName":"Sao Tome and Principe","hotelRating":"0","latitude":"0.339326","longitude":"6.53072","state_id":null,"state_name":null,"country_id":null},{"active":false,"Giataid":"727125","cityId":null,"cityName":"S?o Tom?","hotelId":20003909,"hotelName":"Pensao Aurelice","address":"Avenida Amilcar Cabral,Sao Tome Island,Sao Tome and Principe","phones":"","fax":"","email":"","url":"","countryIso2":"ST","countryName":"Sao Tome and Principe","hotelRating":"0","latitude":"0.338719","longitude":"6.73671","state_id":null,"state_name":null,"country_id":null},{"active":false,"Giataid":"724478","cityId":null,"cityName":"Pr?ncipe","hotelId":20004092,"hotelName":"Makaira Lodge","address":"Praia Campanha,Santo Antonio,Principe Island,Regiao Autonoma do Principe,Sao Tome and Principe","phones":"","fax":"","email":"info@makaira-adventure.com","url":"http://www.makaira-adventure.com","countryIso2":"ST","countryName":"Sao Tome and Principe","hotelRating":"0","latitude":"1.66456","longitude":"7.41634","state_id":null,"state_name":null,"country_id":null},{"active":false,"Giataid":"413801","cityId":null,"cityName":"S?o Tom?","hotelId":20004284,"hotelName":"Praia","address":"Cx. Postal 61,Praia Lagarto?,Sao Tome and Principe","phones":"+2392226235","fax":"+2392221458","email":"geral@hotel-praia.com","url":"http://www.hotel-praia.com/index.php?lg=en","countryIso2":"ST","countryName":"Sao Tome and Principe","hotelRating":"4","latitude":"0.367364","longitude":"6.71107","state_id":null,"state_name":null,"country_id":null},{"active":false,"Giataid":"202078","cityId":null,"cityName":"S?o Tom?","hotelId":20004455,"hotelName":"Roca de Bombaim","address":"Bombaim,S?o Tom?,Sao Tome and Principe","phones":"","fax":"","email":"","url":"","countryIso2":"ST","countryName":"Sao Tome and Principe","hotelRating":"0","latitude":"0.245413","longitude":"6.63213","state_id":null,"state_name":null,"country_id":null},{"active":false,"Giataid":"122292","cityId":null,"cityName":"S?o Tom?","hotelId":20004633,"hotelName":"Avenida","address":"Avenida da Independ?ncia,S?o Tom?,Sao Tome and Principe","phones":"+2392241700","fax":"+2392221333","email":"ravenida@cstome.net","url":"http://www.saotomehotels.st/aguagrande/residencial-avenida.html","countryIso2":"ST","countryName":"Sao Tome and Principe","hotelRating":"3","latitude":"0.337484","longitude":"6.72842","state_id":null,"state_name":null,"country_id":null},{"active":false,"Giataid":"202075","cityId":null,"cityName":"S?o Tom?","hotelId":20004785,"hotelName":"Phenicia","address":"Rua Angola,836 S?o Tom?,Sao Tome and Principe","phones":"+239224204","fax":"+239224206","email":"phenicia@cstome.net","url":"","countryIso2":"ST","countryName":"Sao Tome and Principe","hotelRating":"2","latitude":"0.338439","longitude":"6.72814","state_id":null,"state_name":null,"country_id":null},{"active":false,"Giataid":"726894","cityId":null,"cityName":"Santo Ant?nio","hotelId":20004930,"hotelName":"Domus Rio Papagaio","address":"Rua Oua 91b,Sao Tome,Principe Island,Sao Tome and Principe","phones":"","fax":"","email":"","url":"","countryIso2":"ST","countryName":"Sao Tome and Principe","hotelRating":"0","latitude":"1.64308","longitude":"7.42082","state_id":null,"state_name":null,"country_id":null},{"active":false,"Giataid":"726585","cityId":null,"cityName":"Santo Ant?nio","hotelId":20005085,"hotelName":"Hotel Sundy Praia Principe Island","address":"Praia Sundy,Santo Antonio,Principe Island,Sao Tome and Principe","phones":"+2399981360","fax":"","email":"reservations@sundyprincipe.com","url":"http://www.sundyprincipe.com","countryIso2":"ST","countryName":"Sao Tome and Principe","hotelRating":"0","latitude":"1.66944","longitude":"7.38308","state_id":null,"state_name":null,"country_id":null},{"active":false,"Giataid":"202077","cityId":null,"cityName":"S?o Tom?","hotelId":20005544,"hotelName":"Residencial Baia","address":"Caixa Postal 84,Avenida Concei??o 4,Cidade de S?o Tom?,Ilha de S?o Tom?,Sao Tome and Principe","phones":"","fax":"","email":"","url":"","countryIso2":"ST","countryName":"Sao Tome and Principe","hotelRating":"2","latitude":"0.338985","longitude":"6.72712","state_id":null,"state_name":null,"country_id":null},{"active":false,"Giataid":"726546","cityId":null,"cityName":"S?o Tom?","hotelId":20005701,"hotelName":"Mucumbli","address":"Ponta Figo,Distrito De Lemba,1 km Depois De Neve,Na Estrada Nacional 1 Em Direc??o De Santa Catarina,Sao Tome 0486,Sao Tome and Principe","phones":"","fax":"","email":"mucumbli@gmail.com","url":"https://mucumbli.wordpress.com","countryIso2":"ST","countryName":"Sao Tome and Principe","hotelRating":"0","latitude":"0.349938","longitude":"6.54176","state_id":null,"state_name":null,"country_id":null},{"active":false,"Giataid":"687369","cityId":null,"cityName":"Pr?ncipe","hotelId":20005774,"hotelName":"Hotel Rural Abade","address":"Att. Senior Carlos Pinheiro,P.O. Box 421,Pr?ncipe Island,Sao Tome and Principe","phones":"+2399916024","fax":"","email":"rocaabade@gmail.com","url":"http://www.abadeprincipe.com","countryIso2":"ST","countryName":"Sao Tome and Principe","hotelRating":"0","latitude":"1.66456","longitude":"7.41634","state_id":null,"state_name":null,"country_id":null},{"active":false,"Giataid":"202069","cityId":null,"cityName":"S?o Tom?","hotelId":20005941,"hotelName":"Hotel Agosto Neto","address":"Avenida Amilcar Cabral,Caixa Postal 664,S?o Tom? City,Sao Tome and Principe","phones":"+2392226728","fax":"+2392224555","email":"netoagosto@cstome.net","url":"http://www.hotelagostoneto.com/novo/","countryIso2":"ST","countryName":"Sao Tome and Principe","hotelRating":"3","latitude":"0.338567","longitude":"6.73587","state_id":null,"state_name":null,"country_id":null},{"active":false,"Giataid":"202070","cityId":null,"cityName":"S?o Tom?","hotelId":20006130,"hotelName":"Club Santana","address":"Praia de Messias Alves 144,Santana,Distrito de Cantagalo,Sao Tome and Principe","phones":"+2392242400","fax":"+2392221664","email":"reservas@clubsantana.com","url":"http://www.clubsantana.com","countryIso2":"ST","countryName":"Sao Tome and Principe","hotelRating":"4","latitude":"0.245362","longitude":"6.74535","state_id":null,"state_name":null,"country_id":null},{"active":false,"Giataid":"517192","cityId":null,"cityName":"S?o Tom?","hotelId":20006303,"hotelName":"Sweet Guest House","address":"Vila Dolores n. 087,Sao Tome,Sao Tome and Principe","phones":"","fax":"","email":"","url":"","countryIso2":"ST","countryName":"Sao Tome and Principe","hotelRating":"2","latitude":"0.333167","longitude":"6.72827","state_id":null,"state_name":null,"country_id":null},{"active":false,"Giataid":"686442","cityId":null,"cityName":"S?o Tom?","hotelId":20006476,"hotelName":"Me-Zochi Resort","address":"Estrada De Belem,Trindade,756 Sao Tome,Sao Tome and Principe","phones":"+2399903164","fax":"+2392271280","email":"mezochi@mezochi.net","url":"http://www.resort.mezochi.net/me-zochi-o-resort","countryIso2":"ST","countryName":"Sao Tome and Principe","hotelRating":"0","latitude":"0.303847","longitude":"6.67584","state_id":null,"state_name":null,"country_id":null},{"active":false,"Giataid":"122297","cityId":null,"cityName":"Sao Joao dos Angolares","hotelId":20006669,"hotelName":"Roca Sao Joao dos Angolares","address":"Sao Jo?o De Angolares,Sao Tom?,Sao Tome and Principe","phones":"+2399911069","fax":"","email":"ita.lpcarvalho@gmail.com","url":"http://rocasjoao.com/","countryIso2":"ST","countryName":"Sao Tome and Principe","hotelRating":"2","latitude":"0.140156","longitude":"6.64652","state_id":null,"state_name":null,"country_id":null},{"active":false,"Giataid":"871729","cityId":null,"cityName":"S?o Tom?","hotelId":20370745,"hotelName":"Quinta Da Buala","address":"Quinta Buala,Sao Jose 1,Sao Tome,Sao Tome and Principe","phones":"","fax":"","email":"","url":"","countryIso2":"ST","countryName":"Sao Tome and Principe","hotelRating":"0","latitude":"0.334746","longitude":"6.70931","state_id":null,"state_name":null,"country_id":null},{"active":false,"Giataid":"871830","cityId":null,"cityName":"S?o Tom?","hotelId":20370746,"hotelName":"Frutahouse","address":"Estrada de fruta fruta 128,S?o Tom?,Sao Tome and Principe","phones":"","fax":"","email":"","url":"","countryIso2":"ST","countryName":"Sao Tome and Principe","hotelRating":"0","latitude":"0.334746","longitude":"6.70931","state_id":null,"state_name":null,"country_id":null},{"active":false,"Giataid":"860375","cityId":null,"cityName":"S?o Tom?","hotelId":20370748,"hotelName":"Sundy Praia Lodge","address":"Praia Sundy,Praia Grande,S?o Tom?,S?o Tom? y Pr?ncipe,Sao Tome and Principe","phones":"+2399995000","fax":"","email":"info@sundyprincipe.com","url":"https://sundyprincipe.com/praia-sundy.html","countryIso2":"ST","countryName":"Sao Tome and Principe","hotelRating":"0","latitude":"0.334746","longitude":"6.70931","state_id":null,"state_name":null,"country_id":null},{"active":false,"Giataid":"905989","cityId":null,"cityName":"S?o Tom?","hotelId":20370749,"hotelName":"Vila Marilyn","address":"Quinta Santo Antonio,Sao Tome Island,Sao Tome and Principe","phones":"","fax":"","email":"","url":"","countryIso2":"ST","countryName":"Sao Tome and Principe","hotelRating":"0","latitude":"0.326006","longitude":"6.73368","state_id":null,"state_name":null,"country_id":null},{"active":false,"Giataid":"901012","cityId":null,"cityName":"S?o Tom?","hotelId":20370751,"hotelName":"Casa De Ferias","address":"Rua Morta,Sao Tome Island,Sao Tome and Principe","phones":"","fax":"","email":"","url":"","countryIso2":"ST","countryName":"Sao Tome and Principe","hotelRating":"0","latitude":"0.334746","longitude":"6.70931","state_id":null,"state_name":null,"country_id":null},{"active":false,"Giataid":"868895","cityId":null,"cityName":"S?o Tom?","hotelId":20370752,"hotelName":"Val Do Liz","address":"Avenida Marginal 12,De Julho,Estrada Das Alfandegas,Sao Tome,Sao Tome and Principe","phones":"","fax":"","email":"turisvaldoliz@gmail.com","url":"http://www.valdoliz.com","countryIso2":"ST","countryName":"Sao Tome and Principe","hotelRating":"0","latitude":"0.334746","longitude":"6.70931","state_id":null,"state_name":null,"country_id":null},{"active":false,"Giataid":"935949","cityId":null,"cityName":"S?o Tom?","hotelId":20370753,"hotelName":"Emoyeni Gardens","address":"Estrada De Pantufo,Vila Maria,Sao Tome,Sao Tome and Principe","phones":"+2392222016","fax":"","email":"emoyeni.gardens@gmail.com","url":"http://www.emoyenigardens.com","countryIso2":"ST","countryName":"Sao Tome and Principe","hotelRating":"0","latitude":"0.334746","longitude":"6.70931","state_id":null,"state_name":null,"country_id":null},{"active":false,"Giataid":"869965","cityId":null,"cityName":"S?o Tom?","hotelId":20370754,"hotelName":"Bed & Breakfast Albergria Porcelana","address":"Ponte Tavares,Estrada de Fruta-Fruta R/C e 1?,S?o Tom?,S?o Tom? Island,Sao Tome and Principe","phones":"","fax":"","email":"","url":"","countryIso2":"ST","countryName":"Sao Tome and Principe","hotelRating":"0","latitude":"0.334746","longitude":"6.70931","state_id":null,"state_name":null,"country_id":null},{"active":false,"Giataid":"938640","cityId":null,"cityName":"S?o Tom?","hotelId":20370755,"hotelName":"Vila Joya","address":"Estrada De Sao Gabriel,Sao Tome,Sao Tome and Principe","phones":"","fax":"","email":"","url":"","countryIso2":"ST","countryName":"Sao Tome and Principe","hotelRating":"0","latitude":"0.334746","longitude":"6.70931","state_id":null,"state_name":null,"country_id":null},{"active":false,"Giataid":"869975","cityId":null,"cityName":"S?o Tom?","hotelId":20370756,"hotelName":"Micaval Residential","address":"Fruta-Fruta Boca louca,S?o Tom?,S?o Tom? Island,Sao Tome and Principe","phones":"","fax":"","email":"","url":"","countryIso2":"ST","countryName":"Sao Tome and Principe","hotelRating":"0","latitude":"0.334451","longitude":"6.73067","state_id":null,"state_name":null,"country_id":null},{"active":false,"Giataid":"938654","cityId":null,"cityName":"S?o Tom?","hotelId":20370757,"hotelName":"Beltima Palace","address":"Avenue Amilcar Cabral,Sao Tome,Sao Tome and Principe","phones":"","fax":"","email":"","url":"","countryIso2":"ST","countryName":"Sao Tome and Principe","hotelRating":"0","latitude":"0.334746","longitude":"6.70931","state_id":null,"state_name":null,"country_id":null},{"active":false,"Giataid":"869966","cityId":null,"cityName":"S?o Tom?","hotelId":20370758,"hotelName":"Residencia de Ito Gomes","address":"Bairo do Hospital,S?o Tom?,S?o Tom? Island,Sao Tome and Principe","phones":"","fax":"","email":"","url":"https://www.hotelscombined.it/Hotel/Residencia_de_Ito_Gomes.htm","countryIso2":"ST","countryName":"Sao Tome and Principe","hotelRating":"0","latitude":"0.334746","longitude":"6.70931","state_id":null,"state_name":null,"country_id":null},{"active":false,"Giataid":"938646","cityId":null,"cityName":"S?o Tom?","hotelId":20370759,"hotelName":"Hotel Central","address":"Rua De Angola,Sao Tome,Sao Tome and Principe","phones":"","fax":"","email":"","url":"","countryIso2":"ST","countryName":"Sao Tome and Principe","hotelRating":"0","latitude":"0.334746","longitude":"6.70931","state_id":null,"state_name":null,"country_id":null},{"active":false,"Giataid":"958863","cityId":null,"cityName":"S?o Tom?","hotelId":20418471,"hotelName":"Sao Pedro Guesthouse","address":"Rua Padre Martinho Da Rocha,Sao Tome,Sao Tome and Principe","phones":"+2392226101","fax":"","email":"geral.sp.guesthouse@gmail.com","url":"http://www.spguesthouse.st/","countryIso2":"ST","countryName":"Sao Tome and Principe","hotelRating":"1","latitude":"0.336157","longitude":"6.71809","state_id":null,"state_name":null,"country_id":null},{"active":false,"Giataid":"958649","cityId":null,"cityName":"S?o Tom?","hotelId":20418472,"hotelName":"Tropical Ferias","address":"Sao Marcal 117,Sao Tome,Sao Tome and Principe","phones":"","fax":"","email":"","url":"","countryIso2":"ST","countryName":"Sao Tome and Principe","hotelRating":"1","latitude":"0.336157","longitude":"6.71809","state_id":null,"state_name":null,"country_id":null},{"active":false,"Giataid":"1002089","cityId":null,"cityName":"S?o Tom?","hotelId":20439101,"hotelName":"Ramos","address":"Campo De Milho,S?o Tom?,Sao Tome and Principe","phones":"","fax":"","email":"","url":"","countryIso2":"ST","countryName":"Sao Tome and Principe","hotelRating":"1","latitude":"0.336157","longitude":"6.71809","state_id":null,"state_name":null,"country_id":null},{"active":false,"Giataid":"1004003","cityId":null,"cityName":"S?o Tom?","hotelId":20439102,"hotelName":"9H Villa","address":"Estrada De Sao Gabriel,Sao Tome,Sao Tome and Principe","phones":"","fax":"","email":"","url":"","countryIso2":"ST","countryName":"Sao Tome and Principe","hotelRating":"1","latitude":"0.336157","longitude":"6.71809","state_id":null,"state_name":null,"country_id":null},{"active":false,"Giataid":"1004009","cityId":null,"cityName":"S?o Tom?","hotelId":20439103,"hotelName":"Marcaluga","address":"Tras Os Montes,Postal 61,Sao Tome,Sao Tome and Principe","phones":"","fax":"","email":"","url":"","countryIso2":"ST","countryName":"Sao Tome and Principe","hotelRating":"1","latitude":"0.336157","longitude":"6.71809","state_id":null,"state_name":null,"country_id":null},{"active":false,"Giataid":"1004022","cityId":null,"cityName":"Pr?ncipe","hotelId":20439104,"hotelName":"Prince Residencial","address":"Santa Joaquina,Principe,Sao Tome and Principe","phones":"","fax":"","email":"","url":"","countryIso2":"ST","countryName":"Sao Tome and Principe","hotelRating":"1","latitude":"1.65462","longitude":"7.41367","state_id":null,"state_name":null,"country_id":null}]