[{"active":false,"Giataid":"3944","cityId":null,"cityName":"Aghir","hotelId":3944,"hotelName":"Caribbean World Thalasso Djerba","address":"BP 76,Zone Touristique Djerba,Midoun,Aghir 4116,Tunisia","phones":"+21675757022","fax":"","email":"","url":"","countryIso2":"TN","countryName":"Tunisia","hotelRating":"4","latitude":"33.8556","longitude":"10.9853","state_id":null,"state_name":null,"country_id":null},{"active":false,"Giataid":"3950","cityId":null,"cityName":"Djerba Island","hotelId":3950,"hotelName":"Cedriana Djerba","address":"Zone Touristique Midoun,BP 157,Insel Djerba 4116,Tunisia","phones":"","fax":"","email":"","url":"http://www.booked.net/de/hotel/334806/Cedriana-Hotel-Djerba-Djerba_overview.html","countryIso2":"TN","countryName":"Tunisia","hotelRating":"3","latitude":"33.8402","longitude":"10.998","state_id":null,"state_name":null,"country_id":null},{"active":false,"Giataid":"16658","cityId":null,"cityName":"Djerba Island","hotelId":3953,"hotelName":"Eden Village Djerba Mare","address":"Route touristique,P.O.Box 249,4116 Djerba,Tunisia","phones":"+21675731717","fax":"+21675731818","email":"","url":"http://www.trivago.de/playa-sidi-mahrez-193/hotel/eden-village-djerba-mare-141172","countryIso2":"TN","countryName":"Tunisia","hotelRating":"3","latitude":"33.8442","longitude":"10.9966","state_id":null,"state_name":null,"country_id":null},{"active":false,"Giataid":"3955","cityId":null,"cityName":"Houmt Souk","hotelId":3955,"hotelName":"Jasmina Club Djerba","address":"BP 217,Zone Touristique,4180 Houmt Souk,Djerba,Tunisia","phones":"+21675731740","fax":"+21675731747","email":"jasmina@gnet.tn","url":"http://www.jasminahotels.com/cr2.resa/ui/aba/Hotel_Detail.aspx?id=896&amp;user=1058&amp;curr=1&amp;ilng=1","countryIso2":"TN","countryName":"Tunisia","hotelRating":"3","latitude":"33.8474","longitude":"10.993","state_id":null,"state_name":null,"country_id":null},{"active":false,"Giataid":"3959","cityId":null,"cityName":"Sidi Mahrez Beach","hotelId":3959,"hotelName":"Djerba Holiday Beach","address":"4179 Plage Sidi Mehrez,Djerba,Tunisia","phones":"+21675758177","fax":"+21675758192","email":"","url":"","countryIso2":"TN","countryName":"Tunisia","hotelRating":"4","latitude":"33.8617","longitude":"10.9729","state_id":null,"state_name":null,"country_id":null},{"active":false,"Giataid":"3960","cityId":null,"cityName":"Djerba Island","hotelId":3960,"hotelName":"Joya Paradise & Spa","address":"Zone Touristique,B.P. 357,Midoun 4116,Djerba,Tunisia","phones":"+21698916081","fax":"+21675730040","email":"directionjoya@topnet.tn","url":"http://www.hotel-joya-paradise.com/","countryIso2":"TN","countryName":"Tunisia","hotelRating":"4","latitude":"33.8412","longitude":"10.9936","state_id":null,"state_name":null,"country_id":null},{"active":false,"Giataid":"3961","cityId":null,"cityName":"Djerba Island","hotelId":3961,"hotelName":"Medina","address":"NULL","phones":"","fax":"","email":"","url":"","countryIso2":"TN","countryName":"Tunisia","hotelRating":"1","latitude":"33.8094","longitude":"10.8516","state_id":null,"state_name":null,"country_id":null},{"active":false,"Giataid":"3963","cityId":null,"cityName":"Djerba Island","hotelId":3963,"hotelName":"El Mouradi Djerba Menzel","address":"P.O. Box 163,4116 Midoun,Djerba,Tunisia","phones":"+21675750300","fax":"+21675750490","email":"info@elmouradi.com","url":"http://www.elmouradi.com/cr2.resa/ui/aba/hotel_detail.aspx?user=869&amp;id=702&amp;ilng=2&amp;curr=1","countryIso2":"TN","countryName":"Tunisia","hotelRating":"4","latitude":"33.7803","longitude":"11.056","state_id":null,"state_name":null,"country_id":null},{"active":false,"Giataid":"3967","cityId":null,"cityName":"Djerba Island","hotelId":3967,"hotelName":"Osiris","address":"NULL","phones":"","fax":"","email":"","url":"","countryIso2":"TN","countryName":"Tunisia","hotelRating":"1","latitude":"33.806","longitude":"10.8489","state_id":null,"state_name":null,"country_id":null},{"active":false,"Giataid":"3969","cityId":null,"cityName":"Djerba Island","hotelId":3969,"hotelName":"Club Marmara Palm Beach","address":"Boite Postale 383,4180 Houmt Souk,Djerba,Tunisia","phones":"+21675757404","fax":"+21675757410","email":"palmbeachclubdjerba.resa@palmbeach.com.tn","url":"http://www.palm-beach-hotels-tunisia.com/US/palmBeachClubDjerba.html","countryIso2":"TN","countryName":"Tunisia","hotelRating":"4","latitude":"33.8534","longitude":"10.9878","state_id":null,"state_name":null,"country_id":null},{"active":false,"Giataid":"3971","cityId":null,"cityName":"Houmt Souk","hotelId":3971,"hotelName":"Tui Magic Life Club Penelope Beach","address":"Zone Touristique,BP 257,4180 Houmt Souk,Djerba,Tunisia","phones":"+21675731454","fax":"+21675732594","email":"infocenter@magiclife.at","url":"http://www.magiclife.com/clubuebersicht/clubs/in/tunesien/s/club-magic-life-penelope-beach-imperial.html","countryIso2":"TN","countryName":"Tunisia","hotelRating":"4","latitude":"33.8466","longitude":"10.9948","state_id":null,"state_name":null,"country_id":null},{"active":false,"Giataid":"3972","cityId":null,"cityName":"Djerba Island","hotelId":3972,"hotelName":"lti Djerba Plaza Thalasso & Spa","address":"Zone Touristique,BP 79,4116  Midoun,Tunisia","phones":"+21675731230","fax":"+21675730229","email":"","url":"http://www.djerbaplaza.com","countryIso2":"TN","countryName":"Tunisia","hotelRating":"4","latitude":"33.8314","longitude":"11.008","state_id":null,"state_name":null,"country_id":null},{"active":false,"Giataid":"3973","cityId":null,"cityName":"Djerba Island","hotelId":3973,"hotelName":"Hotel Palace Royal Garden","address":"Zone Touristique,Sidi Akkour,4116 Midoun,Djerba,Tunisia","phones":"+21675745777","fax":"+21675745769","email":"riu.royalgarden@planet.tn","url":"http://www.riu.com/en/Paises/tunisia/island-of-djerba/hotel-riu-palace-royal-garden/index.jsp","countryIso2":"TN","countryName":"Tunisia","hotelRating":"5","latitude":"33.8269","longitude":"11.018","state_id":null,"state_name":null,"country_id":null},{"active":false,"Giataid":"3974","cityId":null,"cityName":"Aghir","hotelId":3974,"hotelName":"Hari Club Beach Resort Djerba","address":"Zone Touristique,4116 Aghir,Djerba,Tunisia","phones":"+21675750314","fax":"+21675750194","email":"","url":"","countryIso2":"TN","countryName":"Tunisia","hotelRating":"3","latitude":"33.7708","longitude":"11.0305","state_id":null,"state_name":null,"country_id":null},{"active":false,"Giataid":"3976","cityId":null,"cityName":"Aghir","hotelId":3976,"hotelName":"Sidi Slim","address":"Zone Touristique,4116 Aghir,Djerba,Tunisia","phones":"+21675657021","fax":"+21675657002","email":"","url":"","countryIso2":"TN","countryName":"Tunisia","hotelRating":"3","latitude":"33.7718","longitude":"11.0315","state_id":null,"state_name":null,"country_id":null},{"active":false,"Giataid":"3977","cityId":null,"cityName":"Aghir","hotelId":3977,"hotelName":"Homere Hotel","address":"Zone Touristique,PO Box 162,4116 Aghir,Djerba Island,Tunisia","phones":"+21675750222","fax":"+21675750555","email":"","url":"","countryIso2":"TN","countryName":"Tunisia","hotelRating":"3","latitude":"33.7602","longitude":"11.0136","state_id":null,"state_name":null,"country_id":null},{"active":false,"Giataid":"3979","cityId":null,"cityName":"Djerba Island","hotelId":3979,"hotelName":"Hotel Telemaque Beach & Spa","address":"Madanin,Mezraya,4186 Djerba,Tunisia","phones":"+21675758736","fax":"+21675758743","email":"","url":"","countryIso2":"TN","countryName":"Tunisia","hotelRating":"4","latitude":"33.8616","longitude":"10.9785","state_id":null,"state_name":null,"country_id":null},{"active":false,"Giataid":"3980","cityId":null,"cityName":"Djerba Island","hotelId":3980,"hotelName":"Radisson Blu Ulysse Resort & Thalasso, Djerba","address":"Route Touristique,BP 239,4128 Djerba,Tunisia","phones":"+21675758777","fax":"+21675757850","email":"info.djerba@rezidorparkinn.com","url":"http://www.parkinn.com/resort-djerba","countryIso2":"TN","countryName":"Tunisia","hotelRating":"5","latitude":"33.8696","longitude":"10.9622","state_id":null,"state_name":null,"country_id":null},{"active":false,"Giataid":"3981","cityId":null,"cityName":"Djerba Island","hotelId":3981,"hotelName":"Yadis Djerba Golf Thalasso & Spa","address":"Zone Touristique,BP 84,4180 Midoun,Djerba,Tunisia","phones":"+21675747410","fax":"+21675747223","email":"info.yadisdjerba@yadis.com","url":"http://www.yadis.com/en.12.yadis-djerba-golf-thalasso-spa.html","countryIso2":"TN","countryName":"Tunisia","hotelRating":"5","latitude":"33.8283","longitude":"11.0154","state_id":null,"state_name":null,"country_id":null},{"active":false,"Giataid":"3986","cityId":null,"cityName":"Djerba Island","hotelId":3986,"hotelName":"Djerba Sun Club","address":"BP92 Zone Touristique4179 Sidi MehrezHoumt SoukDjerba","phones":"+21675758758","fax":"+21675758008","email":"jerbasunclub@gnet.tn","url":"http://www.jerbasunclub.tn/","countryIso2":"TN","countryName":"Tunisia","hotelRating":"3","latitude":"33.8593","longitude":"10.9746","state_id":null,"state_name":null,"country_id":null},{"active":false,"Giataid":"4055","cityId":null,"cityName":"Nabeul","hotelId":4055,"hotelName":"Les Pyramides","address":"Avenue Habib Bourguiba,8000 Nabeul,Tunisia","phones":"+21672285444","fax":"+21672287461","email":"","url":"","countryIso2":"TN","countryName":"Tunisia","hotelRating":"3","latitude":"36.4425","longitude":"10.7388","state_id":null,"state_name":null,"country_id":null},{"active":false,"Giataid":"4056","cityId":null,"cityName":"Nabeul","hotelId":4056,"hotelName":"Caribbean World Nabeul","address":"B.P. 194,8000 Nabeul,Tunisia","phones":"+21672286111","fax":"+21672286429","email":"","url":"","countryIso2":"TN","countryName":"Tunisia","hotelRating":"4","latitude":"36.4431","longitude":"10.7463","state_id":null,"state_name":null,"country_id":null},{"active":false,"Giataid":"4072","cityId":null,"cityName":"Hammamet-Yasmine","hotelId":4072,"hotelName":"TUI MAGIC LIFE Club Africana","address":"BP 48,Villa De Charme,8056 Yasmine Hammamet,Hammamet,Tunisia","phones":"+21672244200","fax":"+21672244193","email":"","url":"http://www.magiclife.com/de/clubuebersicht/clubs/in/tunesien/w/club-magic-life-africana-imperial.html","countryIso2":"TN","countryName":"Tunisia","hotelRating":"5","latitude":"36.3589","longitude":"10.5302","state_id":null,"state_name":null,"country_id":null},{"active":false,"Giataid":"4143","cityId":null,"cityName":"Gammarth","hotelId":4143,"hotelName":"Acqua Viva","address":"Zone Touristique,Les Cotes de Carthage,2078 Gammarth,Tunisia","phones":"","fax":"","email":"","url":"","countryIso2":"TN","countryName":"Tunisia","hotelRating":"3","latitude":"36.9361","longitude":"10.2584","state_id":null,"state_name":null,"country_id":null},{"active":false,"Giataid":"4146","cityId":null,"cityName":"Soliman","hotelId":4146,"hotelName":"Solymar","address":"Soliman Plage,8020 Soliman,Tunisia","phones":"+21672366605","fax":"+21672366655","email":"contact@solymar-hotel.com","url":"http://www.solymar-hotel.com/all/home.htm","countryIso2":"TN","countryName":"Tunisia","hotelRating":"3","latitude":"36.7233","longitude":"10.4449","state_id":null,"state_name":null,"country_id":null},{"active":false,"Giataid":"6059","cityId":null,"cityName":"Djerba Island","hotelId":6059,"hotelName":"Dar Sole","address":"","phones":"","fax":"","email":"","url":"","countryIso2":"TN","countryName":"Tunisia","hotelRating":"1","latitude":"33.8376","longitude":"10.9958","state_id":null,"state_name":null,"country_id":null},{"active":false,"Giataid":"6061","cityId":null,"cityName":"Djerba Island","hotelId":6061,"hotelName":"Hotel Isis Thalasso & Spa","address":"Zone touristique Midoun B.P 355,4116 Djerba,Tunisia","phones":"+21675732800","fax":"+21675732806","email":"info@hotel-isis.com","url":"http://www.hotel-isis.com","countryIso2":"TN","countryName":"Tunisia","hotelRating":"4","latitude":"33.8427","longitude":"10.9905","state_id":null,"state_name":null,"country_id":null},{"active":false,"Giataid":"6063","cityId":null,"cityName":"Djerba Island","hotelId":6063,"hotelName":"Bravo Haroun","address":"Sidi Zayed,P.O. Box 62,4190  Djerba-Midoun,Djerba,Tunisia","phones":"+21675758500","fax":"+21675758501","email":"resa@hotelharoun.com","url":"http://www.hotelharoun.com","countryIso2":"TN","countryName":"Tunisia","hotelRating":"3","latitude":"33.8522","longitude":"10.986","state_id":null,"state_name":null,"country_id":null},{"active":false,"Giataid":"6065","cityId":null,"cityName":"Djerba Island","hotelId":6065,"hotelName":"Le Palais des Iles","address":"Plage Sidi Mahrez,Plage Sidi Bakour,Zone Touristique Sidi,Djerba Island 4116,Tunisia","phones":"","fax":"","email":"","url":"","countryIso2":"TN","countryName":"Tunisia","hotelRating":"4","latitude":"33.8348","longitude":"11.0039","state_id":null,"state_name":null,"country_id":null},{"active":false,"Giataid":"6505","cityId":null,"cityName":"Gammarth","hotelId":6505,"hotelName":"Ramada Plaza Tunis","address":"Les C?tes De Carthage,Gammarth,Tunisia","phones":"+21671911100","fax":"+21671910041","email":"commercial.ramadaplazatunis@planet.tn","url":"http://www.ramadaplaza-tunis.com/","countryIso2":"TN","countryName":"Tunisia","hotelRating":"5","latitude":"36.9249","longitude":"10.2798","state_id":null,"state_name":null,"country_id":null},{"active":false,"Giataid":"6507","cityId":null,"cityName":"Gammarth","hotelId":6507,"hotelName":"Palmarine","address":"","phones":"","fax":"","email":"","url":"","countryIso2":"TN","countryName":"Tunisia","hotelRating":"1","latitude":"36.9211","longitude":"10.2824","state_id":null,"state_name":null,"country_id":null},{"active":false,"Giataid":"6512","cityId":null,"cityName":"Hammamet-Yasmine","hotelId":6512,"hotelName":"El Mouradi El Menzah","address":"Zone Touristique Yasmine-Hammamet,8050 Hammamet,Tunisia","phones":"+21672244400","fax":"+21672244300","email":"info.elmenzah@elmouradi.com","url":"http://www.elmouradi.com","countryIso2":"TN","countryName":"Tunisia","hotelRating":"4","latitude":"36.3667","longitude":"10.5377","state_id":null,"state_name":null,"country_id":null},{"active":false,"Giataid":"6521","cityId":null,"cityName":"Nabeul","hotelId":6521,"hotelName":"Hotel Kheops","address":"Route Touristique Nabeul,Avenue Mohamed V,8019 Nabeul,Hammamet,Tunisia","phones":"+21672286555","fax":"+21672286024","email":"","url":"","countryIso2":"TN","countryName":"Tunisia","hotelRating":"3","latitude":"36.4447","longitude":"10.7369","state_id":null,"state_name":null,"country_id":null},{"active":false,"Giataid":"7036","cityId":null,"cityName":"Djerba Island","hotelId":7036,"hotelName":"Adonis Djerba","address":"Midoun 4116,Zone touristique,Tunisia","phones":"+21675732500","fax":"+21675732509","email":"abir.hotel@planet.tn","url":"http://www.hotelabir.com/","countryIso2":"TN","countryName":"Tunisia","hotelRating":"3","latitude":"33.842","longitude":"10.9921","state_id":null,"state_name":null,"country_id":null},{"active":false,"Giataid":"7850","cityId":null,"cityName":"Gammarth","hotelId":7850,"hotelName":"Aphrodite","address":"","phones":"","fax":"","email":"","url":"","countryIso2":"TN","countryName":"Tunisia","hotelRating":"1","latitude":"36.9211","longitude":"10.2824","state_id":null,"state_name":null,"country_id":null},{"active":false,"Giataid":"8418","cityId":null,"cityName":"Hammamet-Yasmine","hotelId":8418,"hotelName":"Daphne Bahia Beach Hotel","address":"Zone Touristique,Yasmine,8050 Hammamet,Tunisia","phones":"+21672244492","fax":"+21672244033","email":"fbelajouza.gesthobel@gnet.tn","url":"http://www.bahiabeachhotel.com","countryIso2":"TN","countryName":"Tunisia","hotelRating":"4","latitude":"36.3614","longitude":"10.5309","state_id":null,"state_name":null,"country_id":null},{"active":false,"Giataid":"9232","cityId":null,"cityName":"Djerba Island","hotelId":9232,"hotelName":"Bougainvilliers","address":"","phones":"+21675658686","fax":"+21675658685","email":"","url":"","countryIso2":"TN","countryName":"Tunisia","hotelRating":"3","latitude":"33.8578","longitude":"10.8636","state_id":null,"state_name":null,"country_id":null},{"active":false,"Giataid":"9386","cityId":null,"cityName":"Nabeul","hotelId":9386,"hotelName":"Hotel Byzance","address":"Boulevard de la Corniche,8000 Nabeul,Tunisia","phones":"+21672271299","fax":"","email":"","url":"","countryIso2":"TN","countryName":"Tunisia","hotelRating":"3","latitude":"36.4432","longitude":"10.7429","state_id":null,"state_name":null,"country_id":null},{"active":false,"Giataid":"9493","cityId":null,"cityName":"Djerba Island","hotelId":9493,"hotelName":"Calimera Yati Beach","address":"Zone Touristique,4116 Midoun,Djerba,Tunisia","phones":"+21675746650","fax":"+21675745425","email":"","url":"http://www.calimera.com/hotels/calimera-yati-beach","countryIso2":"TN","countryName":"Tunisia","hotelRating":"4","latitude":"33.8274","longitude":"11.0484","state_id":null,"state_name":null,"country_id":null},{"active":false,"Giataid":"10797","cityId":null,"cityName":"Djerba Island","hotelId":10797,"hotelName":"Coralia Club Ocea Village","address":"NULL","phones":"","fax":"","email":"","url":"","countryIso2":"TN","countryName":"Tunisia","hotelRating":"1","latitude":"33.8376","longitude":"10.9958","state_id":null,"state_name":null,"country_id":null},{"active":false,"Giataid":"10822","cityId":null,"cityName":"Hammamet-Yasmine","hotelId":10822,"hotelName":"Chich Khan Hotel","address":"Rue la M?dina,8056 Yasmine Hammamet,Tunisia","phones":"+21672245400","fax":"+21672249440","email":"chichkhan@iberostar.com.tn","url":"http://www.iberostar.com/en/hotels/hammamet/iberostar-chich-khan","countryIso2":"TN","countryName":"Tunisia","hotelRating":"4","latitude":"36.3719","longitude":"10.5385","state_id":null,"state_name":null,"country_id":null},{"active":false,"Giataid":"11132","cityId":null,"cityName":"Djerba Island","hotelId":11132,"hotelName":"Dar Dhiafa","address":"BP : 63 Erriadh,4146 Djerba,Tunisia","phones":"+21675671166","fax":"+21675670793","email":"dar.dhiafa@gnet.tn","url":"http://www.hoteldardhiafa.com","countryIso2":"TN","countryName":"Tunisia","hotelRating":"3","latitude":"33.8197","longitude":"10.8543","state_id":null,"state_name":null,"country_id":null},{"active":false,"Giataid":"11133","cityId":null,"cityName":"Gammarth","hotelId":11133,"hotelName":"Caribbean World Gammarth","address":"La Marsa,Zone Touristique BP 592,2070 Gammarth,Tunisia","phones":"+21658366544","fax":"+21671913309","email":"","url":"","countryIso2":"TN","countryName":"Tunisia","hotelRating":"3","latitude":"36.9364","longitude":"10.2573","state_id":null,"state_name":null,"country_id":null},{"active":false,"Giataid":"11134","cityId":null,"cityName":"Djerba Island","hotelId":11134,"hotelName":"Dar Salem","address":"Zone Touristique De Houmt Essouk,Sidi Mahrez,Midoun,4179 Djerba,Tunisia","phones":"","fax":"","email":"","url":"","countryIso2":"TN","countryName":"Tunisia","hotelRating":"3","latitude":"33.8644","longitude":"10.9707","state_id":null,"state_name":null,"country_id":null},{"active":false,"Giataid":"11137","cityId":null,"cityName":"Djerba Island","hotelId":11137,"hotelName":"Dar Taoufik","address":"NULL","phones":"","fax":"","email":"","url":"","countryIso2":"TN","countryName":"Tunisia","hotelRating":"3","latitude":"33.8487","longitude":"10.9888","state_id":null,"state_name":null,"country_id":null},{"active":false,"Giataid":"11138","cityId":null,"cityName":"Ez Zahra","hotelId":11138,"hotelName":"Ezzahra Dar Tunis","address":"Avenue Habib Thameur,2034 Ezzahra,Tunisia","phones":"+21671450788","fax":"+21671452625","email":"hotel.ezzahra@planet.tn","url":"http://www.ezzahradartunis.com","countryIso2":"TN","countryName":"Tunisia","hotelRating":"3","latitude":"36.7407","longitude":"10.3231","state_id":null,"state_name":null,"country_id":null},{"active":false,"Giataid":"11541","cityId":null,"cityName":"Djerba Island","hotelId":11541,"hotelName":"Djerba Orient","address":"Ste Mohamed GADRIA et fils,BP 78,4180 Djerba,Tunisia","phones":"+21675757440","fax":"+21675757174","email":"djerba.orient@gnet.tn","url":"http://www.djerba-orient.com/","countryIso2":"TN","countryName":"Tunisia","hotelRating":"3","latitude":"33.8655","longitude":"10.962","state_id":null,"state_name":null,"country_id":null},{"active":false,"Giataid":"11983","cityId":null,"cityName":"Hammamet-Yasmine","hotelId":11983,"hotelName":"Dar El Olf Hotel","address":"Zone Touristique,Yasmine Hammamet,Hammamet,Tunisia","phones":"+21672241544","fax":"+21672244419","email":"info@hotel-elolf.com","url":"http://www.hotel-elolf.com/de/index.php","countryIso2":"TN","countryName":"Tunisia","hotelRating":"4","latitude":"36.3603","longitude":"10.529","state_id":null,"state_name":null,"country_id":null},{"active":false,"Giataid":"13301","cityId":null,"cityName":"La Marsa","hotelId":13301,"hotelName":"Golden Tulip Carthage Tunis Hotel","address":"Avenue de la Promenade,BP 606,2078 La Marsa,Tunisia","phones":"+21671913000","fax":"+21671912812","email":"res.manager@goldentulipcarthage.com","url":"http://www.goldentulipcarthagetunis.com","countryIso2":"TN","countryName":"Tunisia","hotelRating":"5","latitude":"36.9053","longitude":"10.3125","state_id":null,"state_name":null,"country_id":null},{"active":false,"Giataid":"13823","cityId":null,"cityName":"Hammamet-Yasmine","hotelId":13823,"hotelName":"Hasdrubal Thalassa & Spa Yasmine Hammamet","address":"Zone Touristique Yasmine Hammamet,B.P. N?04,8050 Yasmine,Hammamet,Tunisia","phones":"+21672244000","fax":"+21672248925","email":"","url":"","countryIso2":"TN","countryName":"Tunisia","hotelRating":"5","latitude":"36.3555","longitude":"10.5279","state_id":null,"state_name":null,"country_id":null},{"active":false,"Giataid":"14546","cityId":null,"cityName":"Nabeul","hotelId":14546,"hotelName":"Royal Lido Resort & Spa","address":"Avenue du 7 Novembre,P.O. Box 63,Dar Chaabane Plage,8075 Nabeul,Hammamet,Tunisia","phones":"+21672362988","fax":"+21672361487","email":"lido@vimehotels.com","url":"http://www.vimehotels.com/de/hotel-lido/","countryIso2":"TN","countryName":"Tunisia","hotelRating":"4","latitude":"36.449","longitude":"10.7574","state_id":null,"state_name":null,"country_id":null},{"active":false,"Giataid":"15723","cityId":null,"cityName":"Gammarth","hotelId":15723,"hotelName":"La Noria","address":"Tunis,Gammarth,Tunisia","phones":"","fax":"","email":"","url":"","countryIso2":"TN","countryName":"Tunisia","hotelRating":"2","latitude":"36.9106","longitude":"10.2887","state_id":null,"state_name":null,"country_id":null},{"active":false,"Giataid":"16145","cityId":null,"cityName":"Nabeul","hotelId":16145,"hotelName":"Hotel Khayam Garden Beach Resort & Spa","address":"Avenue Mohamed V,8000 Nabeul,Gouvernement Nabeul,Tunisia","phones":"+21672223133","fax":"+21672287001","email":"","url":"","countryIso2":"TN","countryName":"Tunisia","hotelRating":"4","latitude":"36.4406","longitude":"10.7315","state_id":null,"state_name":null,"country_id":null},{"active":false,"Giataid":"16274","cityId":null,"cityName":"Djerba Island","hotelId":16274,"hotelName":"Les Sirenes Beach & Les Sirenes Thalasso Spa","address":"Zone Touristique Sidi Zekri,Midoun,PO Box 387,Djerba,Tunisia","phones":"+21675757266","fax":"+21675757267","email":"contact@hotel-les-sirenes-djerba.com","url":"http://hotel-les-sirenes-djerba.com","countryIso2":"TN","countryName":"Tunisia","hotelRating":"3","latitude":"33.8578","longitude":"10.9846","state_id":null,"state_name":null,"country_id":null},{"active":false,"Giataid":"17173","cityId":null,"cityName":"Hammamet-Yasmine","hotelId":17173,"hotelName":"Houda Yasmine Hammamet","address":"BP. 97,Yasmine Hammamet,8050 Hammamet,Tunisia","phones":"+21672245444","fax":"","email":"","url":"http://www.houdayasminehotel.com","countryIso2":"TN","countryName":"Tunisia","hotelRating":"4","latitude":"36.3776","longitude":"10.5425","state_id":null,"state_name":null,"country_id":null},{"active":false,"Giataid":"17227","cityId":null,"cityName":"Hammamet-Yasmine","hotelId":17227,"hotelName":"El Mouradi Hammamet","address":"Zone Toursitique Yasmine Hammamet,8050 Hammamet,Tunisia","phones":"+21672244100","fax":"+21672244600","email":"info.hammamet@elmouradi.com","url":"http://www.elmouradi.com/cr2.resa/ui/aba/hotel_detail.aspx?user=869&amp;ilng=1&amp;curr=1&amp;id=706&amp;fromdate=30/06/2008&amp;todate=06/07/2008","countryIso2":"TN","countryName":"Tunisia","hotelRating":"5","latitude":"36.3667","longitude":"10.5377","state_id":null,"state_name":null,"country_id":null},{"active":false,"Giataid":"17540","cityId":null,"cityName":"Gammarth","hotelId":17540,"hotelName":"Carthage Thalasso Resort","address":"Les Cotes de Carthage,BP 720,2070 Gammarth,La Marsa,Tunisia","phones":"+21671910111","fax":"+21671913140","email":"dir.commercial@carthagethalassoresort.com","url":"http://www.carthagethalassoresort.com/#/Accueil","countryIso2":"TN","countryName":"Tunisia","hotelRating":"5","latitude":"36.9245","longitude":"10.2776","state_id":null,"state_name":null,"country_id":null},{"active":false,"Giataid":"18154","cityId":null,"cityName":"Djerba Island","hotelId":18154,"hotelName":"Oasis","address":"NULL","phones":"","fax":"","email":"","url":"","countryIso2":"TN","countryName":"Tunisia","hotelRating":"1","latitude":"33.8076","longitude":"10.8451","state_id":null,"state_name":null,"country_id":null},{"active":false,"Giataid":"19560","cityId":null,"cityName":"Nabeul","hotelId":19560,"hotelName":"Pyramides Jasmin","address":"Nabeul,Monastir,Tunisia","phones":"","fax":"","email":"","url":"","countryIso2":"TN","countryName":"Tunisia","hotelRating":"3","latitude":"36.4518","longitude":"10.7409","state_id":null,"state_name":null,"country_id":null},{"active":false,"Giataid":"19840","cityId":null,"cityName":"Djerba Island","hotelId":19840,"hotelName":"Partner Rais","address":"Route D'El Kantara,Djerba,Tunisia","phones":"","fax":"","email":"","url":"","countryIso2":"TN","countryName":"Tunisia","hotelRating":"3","latitude":"33.8376","longitude":"10.9958","state_id":null,"state_name":null,"country_id":null},{"active":false,"Giataid":"19909","cityId":null,"cityName":"Nabeul","hotelId":19909,"hotelName":"Ramses","address":"Nabeul,Monastir,Tunisia","phones":"","fax":"","email":"","url":"","countryIso2":"TN","countryName":"Tunisia","hotelRating":"1","latitude":"36.4506","longitude":"10.735","state_id":null,"state_name":null,"country_id":null},{"active":false,"Giataid":"20179","cityId":null,"cityName":"Nabeul","hotelId":20179,"hotelName":"Residence Ailes Jasmins","address":"NULL","phones":"","fax":"","email":"","url":"","countryIso2":"TN","countryName":"Tunisia","hotelRating":"2","latitude":"36.4455","longitude":"10.7358","state_id":null,"state_name":null,"country_id":null},{"active":false,"Giataid":"20208","cityId":null,"cityName":"Mezraya","hotelId":20208,"hotelName":"Hotel Le Beau Rivage","address":"Sidi Mehrez,Zone touristique Houmt Essouk,Houmt Souk,Djerba,4186 Mezraya,Tunisia","phones":"","fax":"","email":"","url":"","countryIso2":"TN","countryName":"Tunisia","hotelRating":"2","latitude":"33.8793","longitude":"10.8575","state_id":null,"state_name":null,"country_id":null},{"active":false,"Giataid":"20426","cityId":null,"cityName":"Hammamet-Yasmine","hotelId":20426,"hotelName":"Mehari Hammamet ThalaSSo & Spa","address":"Mehari Hammamet BP 119,Yasmine Hammamet,8050 Hammamet,Tunisia","phones":"+21672241900","fax":"+21672241290","email":"mehari.hammamet@goldenyasmin.com","url":"http://www.goldenyasmin.com/mehari-hammamet/en/","countryIso2":"TN","countryName":"Tunisia","hotelRating":"5","latitude":"36.3632","longitude":"10.5347","state_id":null,"state_name":null,"country_id":null},{"active":false,"Giataid":"20791","cityId":null,"cityName":"Djerba Island","hotelId":20791,"hotelName":"Seabel Rym Beach","address":"BP 155,Midoun,4116 Insel Djerba,Tunisia","phones":"+21675745614","fax":"+21675745070","email":"commercial@seabelhotels.com","url":"http://www.seabelhotels.com/rym-beach.php?langue=de","countryIso2":"TN","countryName":"Tunisia","hotelRating":"4","latitude":"33.8265","longitude":"11.0464","state_id":null,"state_name":null,"country_id":null},{"active":false,"Giataid":"21815","cityId":null,"cityName":"Houmt Souk","hotelId":21815,"hotelName":"TUI BLUE Palm Beach Palace","address":"PO Box 383,4180 Houmt Souk,Djerba,Tunisia","phones":"+21675758989","fax":"+21675758888","email":"palmbeachpalacedjerba.resa@palmbeach.com.tn","url":"http://www.palm-beach-hotels-tunisia.com/US/palmBeachPalaceDjerba.html","countryIso2":"TN","countryName":"Tunisia","hotelRating":"5","latitude":"33.851","longitude":"10.9889","state_id":null,"state_name":null,"country_id":null},{"active":false,"Giataid":"22533","cityId":null,"cityName":"Djerba Island","hotelId":22533,"hotelName":"Tanit Djerba","address":"NULL","phones":"","fax":"","email":"","url":"","countryIso2":"TN","countryName":"Tunisia","hotelRating":"1","latitude":"33.8376","longitude":"10.9958","state_id":null,"state_name":null,"country_id":null},{"active":false,"Giataid":"23409","cityId":null,"cityName":"La Marsa","hotelId":23409,"hotelName":"Hotel Phebus","address":"Les C?tes de Carthage,Gammarth B.P 598,2070 La Marsa,Tunisia","phones":"+21671910010","fax":"","email":"","url":"","countryIso2":"TN","countryName":"Tunisia","hotelRating":"4","latitude":"36.9405","longitude":"10.2512","state_id":null,"state_name":null,"country_id":null},{"active":false,"Giataid":"24728","cityId":null,"cityName":"Aghir","hotelId":24728,"hotelName":"Seabel Aladin Djerba","address":"Zone Hoteliere,Aghir,Djerba,Tunisia","phones":"+21675750180","fax":"","email":"","url":"","countryIso2":"TN","countryName":"Tunisia","hotelRating":"3","latitude":"33.7645","longitude":"11.0216","state_id":null,"state_name":null,"country_id":null},{"active":false,"Giataid":"27379","cityId":null,"cityName":"Djerba Island","hotelId":27379,"hotelName":"Miramar Le Petit Palais","address":"Route Touristique,Houmt Souk,BP 376,4180 Midoun,Djerba,Tunisia","phones":"+21675758231","fax":"+21675658046","email":"","url":"","countryIso2":"TN","countryName":"Tunisia","hotelRating":"3","latitude":"33.8551","longitude":"10.9832","state_id":null,"state_name":null,"country_id":null},{"active":false,"Giataid":"28172","cityId":null,"cityName":"Aghir","hotelId":28172,"hotelName":"Hotel Bravo Djerba","address":"Zone Touristique Aghir,4116 Aghir,Djerba,Tunisia","phones":"+21672240354","fax":"","email":"","url":"","countryIso2":"TN","countryName":"Tunisia","hotelRating":"4","latitude":"33.7579","longitude":"11.0088","state_id":null,"state_name":null,"country_id":null},{"active":false,"Giataid":"28173","cityId":null,"cityName":"Sidi Mahrez Beach","hotelId":28173,"hotelName":"Vincci Djerba Resort","address":"Zone Touristique Sidi Bakour,BP 240,4116 Djerba,Tunisia","phones":"+21675730400","fax":"","email":"reservation.djerbaresort@vinccitunisia.com","url":"http://www.vinccihoteles.com/eng/Hotels/Tunisia/Djerba/Vincci-Djerba-Resort","countryIso2":"TN","countryName":"Tunisia","hotelRating":"4","latitude":"33.8399","longitude":"10.9942","state_id":null,"state_name":null,"country_id":null},{"active":false,"Giataid":"28238","cityId":null,"cityName":"Djerba Island","hotelId":28238,"hotelName":"Djerba Castille","address":"Zone Touristique Aghir,Midoun,Tunisia","phones":"+21675751100","fax":"","email":"info@hoteldjerbacastille.com","url":"http://www.djerbatourisme.com/djerba/de/hebergement/hotel-4-etoiles-djerba/181-hotel-castille-club-floriana-djerba","countryIso2":"TN","countryName":"Tunisia","hotelRating":"4","latitude":"33.7656","longitude":"11.0232","state_id":null,"state_name":null,"country_id":null},{"active":false,"Giataid":"28331","cityId":null,"cityName":"Soliman","hotelId":28331,"hotelName":"Hotel El Andalous","address":"Zone Touristique,Borj Cedria,BP 1,Soliman,Tunisia","phones":"","fax":"","email":"","url":"","countryIso2":"TN","countryName":"Tunisia","hotelRating":"1","latitude":"36.6966","longitude":"10.4931","state_id":null,"state_name":null,"country_id":null},{"active":false,"Giataid":"33197","cityId":null,"cityName":"Hammamet-Yasmine","hotelId":33197,"hotelName":"Saphir Palace & Spa","address":"Boulevard du 7 Novembre,8052 Hammamet,Tunisia","phones":"+21673325334","fax":"+21672241222","email":"saphir.palace@iberostar.tn","url":"http://www.iberostar.com/de/hotels/hammamet/iberostar-saphir-palace","countryIso2":"TN","countryName":"Tunisia","hotelRating":"5","latitude":"36.3653","longitude":"10.5368","state_id":null,"state_name":null,"country_id":null},{"active":false,"Giataid":"38013","cityId":null,"cityName":"La Marsa","hotelId":38013,"hotelName":"The Residence Tunis","address":"Les Cotes De Carthage,PO Box 697,2070 La Marsa,Tunisia","phones":"+21671910101","fax":"+21671910144","email":"info-tunis@theresidence.com","url":"http://www.theresidence.com/tunis/default-en.html","countryIso2":"TN","countryName":"Tunisia","hotelRating":"5","latitude":"36.9264","longitude":"10.2749","state_id":null,"state_name":null,"country_id":null},{"active":false,"Giataid":"39050","cityId":null,"cityName":"Djerba Island","hotelId":39050,"hotelName":"Club Med Djerba La Douce","address":"BP 160,4116 Midoun,Djerba,Tunisia","phones":"+21675750501","fax":"+21675750488","email":"","url":"http://www.clubmed.com/cgi-bin/clubmed55/SP/villagesHeading.do?PAYS=196&amp;LANG=EN&amp;CODLSC=DDOC","countryIso2":"TN","countryName":"Tunisia","hotelRating":"3","latitude":"33.7808","longitude":"11.0486","state_id":null,"state_name":null,"country_id":null},{"active":false,"Giataid":"40125","cityId":null,"cityName":"Djerba Island","hotelId":40125,"hotelName":"Club Med Djerba La Fidele","address":"P.O. Box 168,4116 Midoun,Djerba,Tunisia","phones":"+21675750720","fax":"+21675750717","email":"","url":"http://www.clubmed.de/cm/urlaub-djerba-la-fidele-tunesien_p-5-l-DE-v-DFIC-ac-vh.html","countryIso2":"TN","countryName":"Tunisia","hotelRating":"3","latitude":"33.7865","longitude":"11.0567","state_id":null,"state_name":null,"country_id":null},{"active":false,"Giataid":"40126","cityId":null,"cityName":"Djerba Island","hotelId":40126,"hotelName":"Club Med Djerba La Nomade","address":"NULL","phones":"","fax":"","email":"","url":"","countryIso2":"TN","countryName":"Tunisia","hotelRating":"2","latitude":"33.8376","longitude":"11.0079","state_id":null,"state_name":null,"country_id":null},{"active":false,"Giataid":"40134","cityId":null,"cityName":"Nabeul","hotelId":40134,"hotelName":"Club Med Nabeul","address":"NULL","phones":"","fax":"","email":"","url":"http://www.clubmedplanet.com/village_detail.asp?cntnt=det&amp;vilcode=NABC","countryIso2":"TN","countryName":"Tunisia","hotelRating":"3","latitude":"36.4412","longitude":"10.723","state_id":null,"state_name":null,"country_id":null},{"active":false,"Giataid":"41074","cityId":null,"cityName":"Djerba Island","hotelId":41074,"hotelName":"Hotel Sidi Mansour Resort & Spa","address":"Zone Touristique,4179 Djerba,Tunisia","phones":"","fax":"","email":"","url":"","countryIso2":"TN","countryName":"Tunisia","hotelRating":"4","latitude":"33.8253","longitude":"11.0405","state_id":null,"state_name":null,"country_id":null},{"active":false,"Giataid":"41409","cityId":null,"cityName":"Hammamet-Yasmine","hotelId":41409,"hotelName":"Grand Oasis Hammamet","address":"Zone Touristique,BP 76,8050 Yasmine Hammamet,Hammamet,Tunisia","phones":"","fax":"","email":"","url":"","countryIso2":"TN","countryName":"Tunisia","hotelRating":"5","latitude":"36.3792","longitude":"10.5439","state_id":null,"state_name":null,"country_id":null},{"active":false,"Giataid":"135075","cityId":null,"cityName":"A?n Draham","hotelId":135075,"hotelName":"El Mouradi Hammam Bourguiba","address":"Hammam Bourguiba,8136, A?n Draham,Tunisia","phones":"+21678654055","fax":"+21678654057","email":"info.hb@elmouradi.com","url":"http://www.elmouradi.com/cr2.resa/ui/aba/hotel-descriptif-El%20Mouradi%20Hammam%20Bourguiba%20-A%C3%AEn%20Draham-Tunisie-721-869-1-1-16-03-2011-17-03-2011.aspx","countryIso2":"TN","countryName":"Tunisia","hotelRating":"4","latitude":"36.7683","longitude":"8.5801","state_id":null,"state_name":null,"country_id":null},{"active":false,"Giataid":"140278","cityId":null,"cityName":"Djerba Island","hotelId":140278,"hotelName":"Flamingo Beach","address":"Plage Sidi Mahrez,4179 Djerba,Tunisia","phones":"+21675758218","fax":"+21675758214","email":"info@flamingobeach-hotel.com","url":"http://www.flamingobeach-hotel.com/en/index.php","countryIso2":"TN","countryName":"Tunisia","hotelRating":"3","latitude":"33.8672","longitude":"10.9675","state_id":null,"state_name":null,"country_id":null},{"active":false,"Giataid":"202412","cityId":null,"cityName":"La Marsa","hotelId":202412,"hotelName":"Golden Tulip Carthage Residence","address":"Les Cotes de Carthage,Avenue de la Promenade,BP 606,2078 La Marsa,Tunisia","phones":"+21671913000","fax":"+21671912812","email":"info@goldentulipcarthage.com","url":"http://www.tulipinncarthagetunis.com","countryIso2":"TN","countryName":"Tunisia","hotelRating":"4","latitude":"36.9066","longitude":"10.3127","state_id":null,"state_name":null,"country_id":null},{"active":false,"Giataid":"182371","cityId":null,"cityName":"Djerba Island","hotelId":182371,"hotelName":"Les Alizes","address":"B.P. 13, Zone TouristiqueMidounDjerba 4116","phones":"","fax":"","email":"","url":"","countryIso2":"TN","countryName":"Tunisia","hotelRating":"3","latitude":"33.8528","longitude":"10.9843","state_id":null,"state_name":null,"country_id":null},{"active":false,"Giataid":"182869","cityId":null,"cityName":"Hammamet-Yasmine","hotelId":182869,"hotelName":"Residence Le Corail","address":"Avenue 7 novembre 1987,Yasmine Hammamet,Tunisia","phones":"+21672249808","fax":"+21672248490","email":"commercial.corail@topnet.tn","url":"http://www.trivago.de/hammamet-215/hotel/residence-le-corail-1258681","countryIso2":"TN","countryName":"Tunisia","hotelRating":"4","latitude":"36.3752","longitude":"10.5404","state_id":null,"state_name":null,"country_id":null},{"active":false,"Giataid":"202412","cityId":null,"cityName":"La Marsa","hotelId":202412,"hotelName":"Golden Tulip Carthage Residence","address":"Les Cotes de Carthage,Avenue de la Promenade,BP 606,2078 La Marsa,Tunisia","phones":"+21671913000","fax":"+21671912812","email":"info@goldentulipcarthage.com","url":"http://www.tulipinncarthagetunis.com","countryIso2":"TN","countryName":"Tunisia","hotelRating":"4","latitude":"36.9066","longitude":"10.3127","state_id":null,"state_name":null,"country_id":null},{"active":false,"Giataid":"223771","cityId":null,"cityName":"El Haouaria","hotelId":223771,"hotelName":"Villa Zembra","address":"","phones":"","fax":"","email":"","url":"","countryIso2":"TN","countryName":"Tunisia","hotelRating":"1","latitude":"37.0565","longitude":"11.01","state_id":null,"state_name":null,"country_id":null},{"active":false,"Giataid":"230352","cityId":null,"cityName":"La Marsa","hotelId":230352,"hotelName":"Movenpick Hotel Gammarth Tunis","address":"Avenue Taieb Mhiri B P 36,2078 La Marsa,Tunisia","phones":"+2167174144","fax":"+21671740400","email":"hotel.gammarth@moevenpick.com","url":"http://www.moevenpick-hotels.com/en/pub/your_hotels/worldmap/gammarth/overview.cfm","countryIso2":"TN","countryName":"Tunisia","hotelRating":"5","latitude":"36.8938","longitude":"10.3211","state_id":null,"state_name":null,"country_id":null},{"active":false,"Giataid":"232243","cityId":null,"cityName":"Djerba Island","hotelId":232243,"hotelName":"Yadis Imperial Beach & Spa Resort (ab Marz Steigenberger Imperial Beach & Spa Resort Djerba)","address":"Zone Touristique Aghir,BP 75,4116 Midoun,Djerba Island,Tunisia","phones":"+21675751670","fax":"+21675751665","email":"resa.imperialdjerba@yadis.com","url":"http://www.yadis.com/en.834.yadis-imperial-beach-spa-resort.html","countryIso2":"TN","countryName":"Tunisia","hotelRating":"5","latitude":"33.7616","longitude":"11.0182","state_id":null,"state_name":null,"country_id":null},{"active":false,"Giataid":"247394","cityId":null,"cityName":"Hammamet-Yasmine","hotelId":247394,"hotelName":"L'Atrium Yasmine Hammamet","address":"Yasmine Hammamet,8050 Hammamet,Tunisia","phones":"+2167224891","fax":"","email":"","url":"","countryIso2":"TN","countryName":"Tunisia","hotelRating":"4","latitude":"36.3716","longitude":"10.5413","state_id":null,"state_name":null,"country_id":null},{"active":false,"Giataid":"369271","cityId":null,"cityName":"La Marsa","hotelId":369271,"hotelName":"Hilton Tunis Carthage","address":"","phones":"","fax":"","email":"","url":"","countryIso2":"TN","countryName":"Tunisia","hotelRating":"1","latitude":"36.9048","longitude":"10.3053","state_id":null,"state_name":null,"country_id":null},{"active":false,"Giataid":"3946","cityId":null,"cityName":"Djerba Island","hotelId":492152,"hotelName":"Hotel Aljazira beach & Spa","address":"Sidi Mehrez,4180 Djerba,Madanin,Tunisia","phones":"","fax":"","email":"","url":"","countryIso2":"TN","countryName":"Tunisia","hotelRating":"3","latitude":"33.8281","longitude":"11.0049","state_id":null,"state_name":null,"country_id":null},{"active":false,"Giataid":"600776","cityId":null,"cityName":"La Marsa","hotelId":600776,"hotelName":"Dar Souad","address":"","phones":"","fax":"","email":"","url":"","countryIso2":"TN","countryName":"Tunisia","hotelRating":"1","latitude":"36.9048","longitude":"10.3053","state_id":null,"state_name":null,"country_id":null},{"active":false,"Giataid":"630663","cityId":null,"cityName":"Ouled Kacem","hotelId":630663,"hotelName":"Hotel Ennakhla","address":"Route Sidi Fraj, Ech Chergui,3070 Ouled Kacem,Kerkennah Islands,Tunisia","phones":"+21674489022","fax":"+21674489028","email":"residenceennakhla@gmail.com","url":"http://hotel-ennakhla.com/","countryIso2":"TN","countryName":"Tunisia","hotelRating":"3","latitude":"34.7003","longitude":"11.1432","state_id":null,"state_name":null,"country_id":null},{"active":false,"Giataid":"657015","cityId":null,"cityName":"Djerba Island","hotelId":657015,"hotelName":"Dar Bchira","address":"14 Rue Mohamed Ferjeni,Houmet Essouk,Houmt Souk,Djerba Island 4180,Tunisia","phones":"","fax":"","email":"","url":"","countryIso2":"TN","countryName":"Tunisia","hotelRating":"1","latitude":"33.8764","longitude":"10.8518","state_id":null,"state_name":null,"country_id":null},{"active":false,"Giataid":"657825","cityId":null,"cityName":"Chenini","hotelId":657825,"hotelName":"Kenza","address":"Chenini Troglodytique,3222 Shanini,Tunisia","phones":"","fax":"","email":"","url":"","countryIso2":"TN","countryName":"Tunisia","hotelRating":"1","latitude":"32.9114","longitude":"10.2639","state_id":null,"state_name":null,"country_id":null},{"active":false,"Giataid":"685346","cityId":null,"cityName":"La Marsa","hotelId":685346,"hotelName":"Hotel Cesar","address":"Route De La Marsa km 9,2046 La Marsa,Tunisia","phones":"+21671854491","fax":"+21671854119","email":"contact@hotel-cesar-tunisie.com","url":"http://www.hotel-cesar-tunisie.com","countryIso2":"TN","countryName":"Tunisia","hotelRating":"1","latitude":"36.9048","longitude":"10.3053","state_id":null,"state_name":null,"country_id":null},{"active":false,"Giataid":"687773","cityId":null,"cityName":"Mahares","hotelId":687773,"hotelName":"Hotel Tamaris","address":"Avenue Habib Bourguiba,3060 Mahres,Tunisia","phones":"+21674290950","fax":"+21674290494","email":"contact@tamarishotel.com","url":"http://www.tamarishotel.com","countryIso2":"TN","countryName":"Tunisia","hotelRating":"1","latitude":"0","longitude":"0","state_id":null,"state_name":null,"country_id":null},{"active":false,"Giataid":"698261","cityId":null,"cityName":"Nabeul","hotelId":698261,"hotelName":"Hotel Club Riadh","address":"Avenue Mongi Slim,8000 Nabeul,Tunisia","phones":"+21672285744","fax":"+21672285857","email":"clubriadh@gmail.com","url":"http://www.clubriadh.com","countryIso2":"TN","countryName":"Tunisia","hotelRating":"1","latitude":"36.4455","longitude":"10.7358","state_id":null,"state_name":null,"country_id":null},{"active":false,"Giataid":"700287","cityId":null,"cityName":"Gab?s","hotelId":700287,"hotelName":"Dar El Ferdaous","address":"Limawa,El Mdou,6000 Gabes,Tunisia","phones":"","fax":"","email":"dar.elferdaous@yahoo.com","url":"http://agoubiabdel.wixsite.com/el-ferdaous/","countryIso2":"TN","countryName":"Tunisia","hotelRating":"3","latitude":"33.8886","longitude":"10.1116","state_id":null,"state_name":null,"country_id":null},{"active":false,"Giataid":"729304","cityId":null,"cityName":"Houmt Souk","hotelId":729304,"hotelName":"Hotel Al Baraka","address":"Route Touristique km 3,4180 Houmt Souk,Djerba,Tunisia","phones":"+21675627313","fax":"","email":"contact@hotelalbarakadjerba.com","url":"http://www.hotelalbarakadjerba.com","countryIso2":"TN","countryName":"Tunisia","hotelRating":"3","latitude":"33.8623","longitude":"10.9289","state_id":null,"state_name":null,"country_id":null},{"active":false,"Giataid":"732318","cityId":null,"cityName":"Gammarth","hotelId":732318,"hotelName":"Four Seasons Hotel Tunis","address":"Zone Touristique Cap,1057 Gammarth,La Marsa,Tunisia","phones":"+21631260000","fax":"","email":"","url":"https://www.fourseasons.com/tunis","countryIso2":"TN","countryName":"Tunisia","hotelRating":"5","latitude":"36.9203","longitude":"10.2947","state_id":null,"state_name":null,"country_id":null},{"active":false,"Giataid":"732362","cityId":null,"cityName":"Sidi Bou Said","hotelId":732362,"hotelName":"Hotel Bou Fares","address":"15 Rue Sidi Bou Fares,2026 Sidi Bou Sa?d,Tunisia","phones":"+21671740091","fax":"+21671981258","email":"contact@hotelboufares.com","url":"http://www.hotelboufares.com/ang/sidi.php#../imagecommun/065.jpg","countryIso2":"TN","countryName":"Tunisia","hotelRating":"1","latitude":"36.8706","longitude":"10.3488","state_id":null,"state_name":null,"country_id":null},{"active":false,"Giataid":"736078","cityId":null,"cityName":"La Marsa","hotelId":736078,"hotelName":"Golden Tulip Carthage Tunis Hotel & Residence","address":"Les Cotes de Carthage,Avenue de la Promenade,BP 606,2078 La Marsa,Tunisia","phones":"+21671913000","fax":"+21671912812","email":"gm@goldentulipcarthage.com","url":"http://www.goldentulipcarthagetunis.com/","countryIso2":"TN","countryName":"Tunisia","hotelRating":"5","latitude":"36.9054","longitude":"10.3124","state_id":null,"state_name":null,"country_id":null},{"active":false,"Giataid":"744943","cityId":null,"cityName":"El Haouaria","hotelId":744943,"hotelName":"Dar Gitta El Haouaria","address":"Route De La Plage Plage Sud,8045 El Haouaria,Tunisia","phones":"","fax":"","email":"","url":"","countryIso2":"TN","countryName":"Tunisia","hotelRating":"3","latitude":"37.0461","longitude":"11.034","state_id":null,"state_name":null,"country_id":null},{"active":false,"Giataid":"745593","cityId":null,"cityName":"Nabeul","hotelId":745593,"hotelName":"Dar Rbat","address":"20 Rue Ibn Charaf,8000 Nabeul,Tunisia","phones":"","fax":"","email":"contact.rbat@gmail.com","url":"http://www.darrbat.com/?lang=EN","countryIso2":"TN","countryName":"Tunisia","hotelRating":"3","latitude":"36.4569","longitude":"10.7332","state_id":null,"state_name":null,"country_id":null},{"active":false,"Giataid":"745680","cityId":null,"cityName":"Sidi Bou Said","hotelId":745680,"hotelName":"La Chambre Verte","address":"4 Rue Toumi,2026 Sidi Bou Sa?d,Tunisia","phones":"","fax":"","email":"contact@lachambre-verte.com","url":"http://www.lachambre-verte.com","countryIso2":"TN","countryName":"Tunisia","hotelRating":"3","latitude":"36.871","longitude":"10.3491","state_id":null,"state_name":null,"country_id":null},{"active":false,"Giataid":"745683","cityId":null,"cityName":"La Marsa","hotelId":745683,"hotelName":"Villa De Maitre Au Coeur De La Marsa","address":"10 Rue Hedi Saidi,Dar Tahar Zaouch,2070 La Marsa,Tunisia","phones":"","fax":"","email":"","url":"","countryIso2":"TN","countryName":"Tunisia","hotelRating":"4","latitude":"36.9048","longitude":"10.3053","state_id":null,"state_name":null,"country_id":null},{"active":false,"Giataid":"748131","cityId":null,"cityName":"La Marsa","hotelId":748131,"hotelName":"Imavac Appartements","address":"Residence Les Fatimides Yasmine 5 Duplex 02,Ain Zaghouan,El Aouina,La Marsa,Tunis,Tunisia","phones":"","fax":"","email":"","url":"","countryIso2":"TN","countryName":"Tunisia","hotelRating":"3","latitude":"36.9048","longitude":"10.3053","state_id":null,"state_name":null,"country_id":null},{"active":false,"Giataid":"839047","cityId":null,"cityName":"Houmt Souk","hotelId":839047,"hotelName":"Villa Jasmin","address":"Route Hachene Houmt-Souk,4180 Houmt Souk,Tunisia","phones":"","fax":"","email":"","url":"","countryIso2":"TN","countryName":"Tunisia","hotelRating":"1","latitude":"33.8623","longitude":"10.9289","state_id":null,"state_name":null,"country_id":null},{"active":false,"Giataid":"839071","cityId":null,"cityName":"La Marsa","hotelId":839071,"hotelName":"Dar Esma","address":"6 Rue des Ottomans,R?sidence Alyssa,2078 La Marsa,Tunisia","phones":"","fax":"","email":"","url":"","countryIso2":"TN","countryName":"Tunisia","hotelRating":"1","latitude":"36.9048","longitude":"10.3053","state_id":null,"state_name":null,"country_id":null},{"active":false,"Giataid":"839213","cityId":null,"cityName":"La Marsa","hotelId":839213,"hotelName":"Maison Les Pins","address":"9 Rue Eriniosse La Marsa,2070 La Marsa,Tunisia","phones":"","fax":"","email":"","url":"","countryIso2":"TN","countryName":"Tunisia","hotelRating":"1","latitude":"36.9048","longitude":"10.3053","state_id":null,"state_name":null,"country_id":null},{"active":false,"Giataid":"81850","cityId":null,"cityName":"Djerba Island","hotelId":10045515,"hotelName":"Dar El Bhar","address":"Plage Sidi Mehrez,Houmt Souk 4180,Djerba,Tunisia","phones":"+21675757350","fax":"","email":"","url":"","countryIso2":"TN","countryName":"Tunisia","hotelRating":"3","latitude":"33.8623","longitude":"10.9774","state_id":null,"state_name":null,"country_id":null},{"active":false,"Giataid":"659530","cityId":null,"cityName":"Houmt Souk","hotelId":10055108,"hotelName":"Le Grand Hotel Djerba","address":"Rue Bechir Sfar,4180 Houmt Souk,Tunisia","phones":"","fax":"","email":"","url":"","countryIso2":"TN","countryName":"Tunisia","hotelRating":"3","latitude":"33.8753","longitude":"10.857","state_id":null,"state_name":null,"country_id":null},{"active":false,"Giataid":"418109","cityId":null,"cityName":"Sidi Bou Said","hotelId":10055269,"hotelName":"La Villa Bleue","address":"68 rue Kennedy,2026 Sidi Bou Said,Tunisia","phones":"+21671742000","fax":"","email":"","url":"","countryIso2":"TN","countryName":"Tunisia","hotelRating":"5","latitude":"36.8705","longitude":"10.3487","state_id":null,"state_name":null,"country_id":null},{"active":false,"Giataid":"414762","cityId":null,"cityName":"La Marsa","hotelId":10056595,"hotelName":"Dar El Marsa","address":"75 Avenue Habib Bourguiba,2078 La Marsa,Tunisia","phones":"","fax":"","email":"","url":"","countryIso2":"TN","countryName":"Tunisia","hotelRating":"5","latitude":"36.8842","longitude":"10.332","state_id":null,"state_name":null,"country_id":null},{"active":false,"Giataid":"494163","cityId":null,"cityName":"La Marsa","hotelId":10058705,"hotelName":"Dar Marsa Cubes","address":"Sidi Salah Street,2070 La Marsa,Tunisia","phones":"+21655160000","fax":"","email":"","url":"","countryIso2":"TN","countryName":"Tunisia","hotelRating":"3","latitude":"36.8882","longitude":"10.3272","state_id":null,"state_name":null,"country_id":null},{"active":false,"Giataid":"53278","cityId":null,"cityName":"Djerba Island","hotelId":10061730,"hotelName":"Villa Azure","address":"Zone Touristique Sidi Mehrez,Djerba,Tunisia","phones":"+21675757257","fax":"","email":"","url":"","countryIso2":"TN","countryName":"Tunisia","hotelRating":"3","latitude":"33.8639","longitude":"10.9739","state_id":null,"state_name":null,"country_id":null},{"active":false,"Giataid":"414810","cityId":null,"cityName":"Aryanah","hotelId":10065035,"hotelName":"The Penthouse","address":"Rue Medinat Radhouwa Ennasr 2,2203 Ariana,Tunisia","phones":"+21671811766","fax":"","email":"","url":"","countryIso2":"TN","countryName":"Tunisia","hotelRating":"5","latitude":"36.8553","longitude":"10.1522","state_id":null,"state_name":null,"country_id":null},{"active":false,"Giataid":"418121","cityId":null,"cityName":"Aryanah","hotelId":10065282,"hotelName":"Samarons Hotels","address":"Avenue H?di Nouira,Ennasr II,Tunis-Ville,Aryanah,Tunisia","phones":"+21636400000","fax":"","email":"","url":"","countryIso2":"TN","countryName":"Tunisia","hotelRating":"5","latitude":"36.8615","longitude":"10.1641","state_id":null,"state_name":null,"country_id":null},{"active":false,"Giataid":"531594","cityId":null,"cityName":"La Marsa","hotelId":10067734,"hotelName":"Villa Ambre","address":"10 Avenue Farhat Hached  Gammarth,1057 La Marsa,Tunisia","phones":"","fax":"","email":"","url":"","countryIso2":"TN","countryName":"Tunisia","hotelRating":"2","latitude":"36.8949","longitude":"10.316","state_id":null,"state_name":null,"country_id":null},{"active":false,"Giataid":"549715","cityId":null,"cityName":"Djerba Island","hotelId":10071728,"hotelName":"Dar Elbidha","address":"Route de Ajim,Sidi Ejmour km 7,4135 Djerba,Tunisia","phones":"+21652182302","fax":"","email":"","url":"","countryIso2":"TN","countryName":"Tunisia","hotelRating":"3","latitude":"33.7514","longitude":"10.7292","state_id":null,"state_name":null,"country_id":null},{"active":false,"Giataid":"473801","cityId":null,"cityName":"A?n Draham","hotelId":10106389,"hotelName":"Royal Rihana Hotel","address":"P17 Jendouba,Ain Draham 8130,Tunisia","phones":"NULL","fax":"NULL","email":"NULL","url":"NULL","countryIso2":"TN","countryName":"Tunisia","hotelRating":"3","latitude":"36.767","longitude":"8.68959","state_id":null,"state_name":null,"country_id":null},{"active":false,"Giataid":"239846","cityId":null,"cityName":"Nabeul","hotelId":10116653,"hotelName":"Dar Sabri","address":"Impasse 7,Avenue Farhat Hached,8000 Nabeul,Tunisia","phones":"+21632475343138","fax":"NULL","email":"NULL","url":"NULL","countryIso2":"TN","countryName":"Tunisia","hotelRating":"3","latitude":"36.4545","longitude":"10.7369","state_id":null,"state_name":null,"country_id":null},{"active":false,"Giataid":"657935","cityId":null,"cityName":"Aghir","hotelId":20000467,"hotelName":"Hotel Dream Park & Spa","address":"2 Touristique Aghir,P/B 294,Aghir,Tunisia","phones":"","fax":"","email":"","url":"","countryIso2":"TN","countryName":"Tunisia","hotelRating":"0","latitude":"33.769","longitude":"11.0219","state_id":null,"state_name":null,"country_id":null},{"active":false,"Giataid":"5787","cityId":null,"cityName":"Djerba Island","hotelId":20000487,"hotelName":"Dar Djerba Narjess","address":"Zone Touristique,Near Complexe Hotelier Jerba,Midoun,4116 Djerba,Tunisia","phones":"+216899650580","fax":"","email":"","url":"http://www.marmara.com/club_marmara_dahlia_3-TNSDDAH","countryIso2":"TN","countryName":"Tunisia","hotelRating":"3","latitude":"33.8277","longitude":"11.0339","state_id":null,"state_name":null,"country_id":null},{"active":false,"Giataid":"518635","cityId":null,"cityName":"Houmt Souk","hotelId":20000506,"hotelName":"Dar Zina","address":"Rue 20 Mars,Taourit -,4180 Houmt Souk -,Djerba - Tunisie,Tunisia","phones":"+21631192153","fax":"","email":"info@dar-zina.com","url":"http://www.dar-zina.com/contacts.html","countryIso2":"TN","countryName":"Tunisia","hotelRating":"2","latitude":"33.8747","longitude":"10.8678","state_id":null,"state_name":null,"country_id":null},{"active":false,"Giataid":"11542","cityId":null,"cityName":"Djerba Island","hotelId":20000531,"hotelName":"Djerba Paradise Resort","address":"Route El Kantara Km 12,Midoun,Aghir 4116,Tunisia","phones":"","fax":"","email":"","url":"","countryIso2":"TN","countryName":"Tunisia","hotelRating":"4","latitude":"33.7567","longitude":"11.0031","state_id":null,"state_name":null,"country_id":null},{"active":false,"Giataid":"657818","cityId":null,"cityName":"Houmt Souk","hotelId":20000595,"hotelName":"Villa Mabrouka","address":"Derriere Hopital,Sadok Mekaddem,4180 Houmt Souk,Tunisia","phones":"","fax":"","email":"","url":"","countryIso2":"TN","countryName":"Tunisia","hotelRating":"0","latitude":"33.87","longitude":"10.863","state_id":null,"state_name":null,"country_id":null},{"active":false,"Giataid":"261947","cityId":null,"cityName":"Kelibia","hotelId":20003084,"hotelName":"Cap-Bon Kelibia Beach Hotel & Spa","address":"Plage El Mansoura,BP106,Kelibia,Tunisia","phones":"","fax":"","email":"","url":"http://www.going.it/offerte-tunisi-kelibia-001AVTL8MIJWQMBL-XPTLBDNZXVFO","countryIso2":"TN","countryName":"Tunisia","hotelRating":"0","latitude":"36.8566","longitude":"11.126","state_id":null,"state_name":null,"country_id":null},{"active":false,"Giataid":"73161","cityId":null,"cityName":"Gammarth","hotelId":20004607,"hotelName":"Henry Morgan Village","address":"Gammarth,Tunis,Tunisia","phones":"","fax":"","email":"","url":"","countryIso2":"TN","countryName":"Tunisia","hotelRating":"3","latitude":"36.9108","longitude":"10.2882","state_id":null,"state_name":null,"country_id":null},{"active":false,"Giataid":"64606","cityId":null,"cityName":"Djerba Island","hotelId":20004964,"hotelName":"Grand Hotel des Thermes","address":"8 rue B?chir Sfar-houmt-Souk,4180 Djerba,Tunisia","phones":"","fax":"","email":"","url":"","countryIso2":"TN","countryName":"Tunisia","hotelRating":"3","latitude":"33.8538","longitude":"10.9842","state_id":null,"state_name":null,"country_id":null},{"active":false,"Giataid":"5786","cityId":null,"cityName":"Djerba Island","hotelId":20005121,"hotelName":"Club Marmara Dahlia","address":"Complexe Dar Jerba,Zone Touristique Midoun,Djerba,Tunisia","phones":"","fax":"","email":"","url":"http://www.marmara.com/Produit.aspx?CodeProduit=TNSDDAR","countryIso2":"TN","countryName":"Tunisia","hotelRating":"3","latitude":"33.8298","longitude":"11.0362","state_id":null,"state_name":null,"country_id":null},{"active":false,"Giataid":"6062","cityId":null,"cityName":"Djerba Island","hotelId":20005291,"hotelName":"Dar Sofiane","address":"Zone Touristique,Jerba Midoun 4128,BP 495,Tunisia","phones":"+21675732314","fax":"+21675732315","email":"dar.sofiane@gnet.tn","url":"http://www.hoteldarsofiane.com.tn/","countryIso2":"TN","countryName":"Tunisia","hotelRating":"3","latitude":"33.8395","longitude":"10.9998","state_id":null,"state_name":null,"country_id":null},{"active":false,"Giataid":"22244","cityId":null,"cityName":"Djerba Island","hotelId":20005455,"hotelName":"Strandhotel","address":"Djerba,Djerba,Tunisia","phones":"","fax":"","email":"","url":"","countryIso2":"TN","countryName":"Tunisia","hotelRating":"1","latitude":"33.8628","longitude":"10.9763","state_id":null,"state_name":null,"country_id":null},{"active":false,"Giataid":"134546","cityId":null,"cityName":"Gammarth","hotelId":20007395,"hotelName":"Suites Hotel Les Charmilles & Spa","address":"Carthage Thalasso Park,Zone Touristique,2070 Gammarth,Tunisia","phones":"","fax":"","email":"","url":"","countryIso2":"TN","countryName":"Tunisia","hotelRating":"3","latitude":"36.9235","longitude":"10.278","state_id":null,"state_name":null,"country_id":null},{"active":false,"Giataid":"700155","cityId":null,"cityName":"La Marsa","hotelId":20007532,"hotelName":"Dar Ennassim","address":"4 Rue Du Bigaradier,La Marsa Ennassim,2070 La Marsa,Tunisia","phones":"","fax":"","email":"","url":"","countryIso2":"TN","countryName":"Tunisia","hotelRating":"4","latitude":"36.8756","longitude":"10.3295","state_id":null,"state_name":null,"country_id":null},{"active":false,"Giataid":"657806","cityId":null,"cityName":"Houmt Souk","hotelId":20008125,"hotelName":"Bella Djerba","address":"Sidi Salam 3.5 km,4180 Houmt Souk,Tunisia","phones":"","fax":"","email":"","url":"","countryIso2":"TN","countryName":"Tunisia","hotelRating":"0","latitude":"33.8902","longitude":"10.8239","state_id":null,"state_name":null,"country_id":null},{"active":false,"Giataid":"3952","cityId":null,"cityName":"Djerba Island","hotelId":20008190,"hotelName":"Dar el Manara","address":"Zone Touristique,Midoun,4199 Djerba Island,Tunisia","phones":"+21675658624","fax":"+21675659209","email":"","url":"","countryIso2":"TN","countryName":"Tunisia","hotelRating":"3","latitude":"33.826","longitude":"11.0311","state_id":null,"state_name":null,"country_id":null},{"active":false,"Giataid":"20192","cityId":null,"cityName":"Djerba Island","hotelId":20008903,"hotelName":"Residence Dar Ali","address":"BP 86,Sidi Mahrez,4179 Djerba,Tunisia","phones":"+21675758671","fax":"+21675758045","email":"hoteldarali@topnet.tn","url":"http://www.darali.sitew.com","countryIso2":"TN","countryName":"Tunisia","hotelRating":"3","latitude":"33.8682","longitude":"10.9614","state_id":null,"state_name":null,"country_id":null},{"active":false,"Giataid":"678898","cityId":null,"cityName":"Gab?s","hotelId":20009320,"hotelName":"Hotel Chems","address":"Corniche Street,Gabes 6000,Tunisia","phones":"+21675270547","fax":"+21675274485","email":"hotelchems@gnet.tn","url":"http://www.hotelchems.com.tn","countryIso2":"TN","countryName":"Tunisia","hotelRating":"0","latitude":"33.8886","longitude":"10.1116","state_id":null,"state_name":null,"country_id":null},{"active":false,"Giataid":"3946","cityId":null,"cityName":"Djerba Island","hotelId":20009851,"hotelName":"Al Jazira Beach","address":"Sidi Mehrez,4180 Djerba,Madanin,Tunisia","phones":"","fax":"","email":"","url":"","countryIso2":"TN","countryName":"Tunisia","hotelRating":"3","latitude":"33.8659","longitude":"10.9686","state_id":null,"state_name":null,"country_id":null},{"active":false,"Giataid":"213998","cityId":null,"cityName":"Aghir","hotelId":20010087,"hotelName":"Menzel Caja","address":"Route du club Med ? c?t? du caf? ESMAR,4176 Aghir,Djerba Midoun,Tunisia","phones":"+21675750682","fax":"","email":"contact@menzelcaja.com","url":"http://www.menzelcaja.com/","countryIso2":"TN","countryName":"Tunisia","hotelRating":"3","latitude":"33.7628","longitude":"11.02","state_id":null,"state_name":null,"country_id":null},{"active":false,"Giataid":"3947","cityId":null,"cityName":"Djerba Island","hotelId":20010274,"hotelName":"Aldiana Djerba Atlantide","address":"Zone touristique,BP 48,4116 Midoun,Djerba,Tunisia","phones":"+21675730622","fax":"+21675730625","email":"info@aldiana-dje.com","url":"https://www.aldiana.de/cluburlaub/tunesien/djerba-atlantide/aldiana-djerba-atlantide.html","countryIso2":"TN","countryName":"Tunisia","hotelRating":"4","latitude":"33.8392","longitude":"11.0016","state_id":null,"state_name":null,"country_id":null},{"active":false,"Giataid":"230468","cityId":null,"cityName":"Houmt Souk","hotelId":20010383,"hotelName":"Les Palmes D'or","address":"Houmt Souk,Djerba,Tunisia","phones":"+21622622662","fax":"","email":"contact@lespalmesdor.eu","url":"http://www.lespalmesdor.eu","countryIso2":"TN","countryName":"Tunisia","hotelRating":"3","latitude":"33.8478","longitude":"10.9826","state_id":null,"state_name":null,"country_id":null},{"active":false,"Giataid":"657312","cityId":null,"cityName":"Houmt Souk","hotelId":20010528,"hotelName":"Dar Ennour","address":"Rue El Horia,Erriadh,4146 Houmt Souk,Tunisia","phones":"+21621294824","fax":"","email":"reservation@dar-ennour.com","url":"http://www.dar-ennour.com","countryIso2":"TN","countryName":"Tunisia","hotelRating":"0","latitude":"33.8205","longitude":"10.8539","state_id":null,"state_name":null,"country_id":null},{"active":false,"Giataid":"8000","cityId":null,"cityName":"Djerba Island","hotelId":20010625,"hotelName":"Arisha","address":"4180 Houmet Esouk,Djerba,Tunisia","phones":"+21675650384","fax":"+21675653945","email":"hotel.arischa@gnet.tn","url":"http://www.hotelarischa.com","countryIso2":"TN","countryName":"Tunisia","hotelRating":"0","latitude":"33.8778","longitude":"10.8578","state_id":null,"state_name":null,"country_id":null},{"active":false,"Giataid":"11540","cityId":null,"cityName":"Houmt Souk","hotelId":20011412,"hotelName":"Hotel Djerba Erriadh","address":"Rue Mohamed El Ferjani,4180 Houmt Souk,Djerba,Tunisia","phones":"","fax":"","email":"","url":"","countryIso2":"TN","countryName":"Tunisia","hotelRating":"1","latitude":"33.8768","longitude":"10.8588","state_id":null,"state_name":null,"country_id":null},{"active":false,"Giataid":"5788","cityId":null,"cityName":"Djerba Island","hotelId":20011797,"hotelName":"Le Enjoy Djerba","address":"B.P 217,Houmet Souk,4180 Djerba,Tunisia","phones":"","fax":"","email":"","url":"http://de.otel.com/hotels/le_enjoy_djerba_and_resort_hotel.htm","countryIso2":"TN","countryName":"Tunisia","hotelRating":"3","latitude":"33.8376","longitude":"10.9958","state_id":null,"state_name":null,"country_id":null},{"active":false,"Giataid":"464863","cityId":null,"cityName":"Djerba Island","hotelId":20013073,"hotelName":"Hotel Sindbad","address":"Place Monji Bali,4180 Houmt-Souk,Djerba,Tunisia","phones":"","fax":"","email":"","url":"","countryIso2":"TN","countryName":"Tunisia","hotelRating":"0","latitude":"33.8763","longitude":"10.8578","state_id":null,"state_name":null,"country_id":null},{"active":false,"Giataid":"427715","cityId":null,"cityName":"Djerba Island","hotelId":20013356,"hotelName":"Hotel Residence Chahd","address":"Mezraya,4180 Djerba,Tunisia","phones":"","fax":"","email":"","url":"http://www.hotel-residence-chahd-djerba.vivehotels.com","countryIso2":"TN","countryName":"Tunisia","hotelRating":"3","latitude":"33.8669","longitude":"10.9519","state_id":null,"state_name":null,"country_id":null},{"active":false,"Giataid":"302586","cityId":null,"cityName":"Djerba Island","hotelId":20013586,"hotelName":"Club Marmara Narjess","address":"Complexe Dar Jerba - Narjess,Zone Touristique Midoun,Djerba,Tunisia","phones":"+216899650580","fax":"","email":"","url":"http://www.marmara.com/Produit.aspx?CodeProduit=TNSDNAR","countryIso2":"TN","countryName":"Tunisia","hotelRating":"0","latitude":"33.8293","longitude":"11.0332","state_id":null,"state_name":null,"country_id":null},{"active":false,"Giataid":"595283","cityId":null,"cityName":"Sidi Bou Said","hotelId":20015873,"hotelName":"Dar El Fell","address":"3 Bis Rue Korsi Essollah,2026 Sidi Bou Said,Tunisia","phones":"","fax":"","email":"","url":"","countryIso2":"TN","countryName":"Tunisia","hotelRating":"3","latitude":"36.8708","longitude":"10.3487","state_id":null,"state_name":null,"country_id":null},{"active":false,"Giataid":"122533","cityId":null,"cityName":"Ksar Ghilane","hotelId":20016422,"hotelName":"Pan Sea","address":"Ksar Ghilane,Tunisia","phones":"","fax":"","email":"","url":"","countryIso2":"TN","countryName":"Tunisia","hotelRating":"3","latitude":"33","longitude":"9.63333","state_id":null,"state_name":null,"country_id":null},{"active":false,"Giataid":"302588","cityId":null,"cityName":"Djerba Island","hotelId":20017133,"hotelName":"Dar Djerba Zahra ","address":"Zone Touristique Midoun,4199 Djerba,Tunisia","phones":"+216899650580","fax":"","email":"","url":"http://www.marmara.com/Produit.aspx?CodeProduit=TNSDZAH","countryIso2":"TN","countryName":"Tunisia","hotelRating":"3","latitude":"33.8291","longitude":"11.0311","state_id":null,"state_name":null,"country_id":null},{"active":false,"Giataid":"518629","cityId":null,"cityName":"Djerba Island","hotelId":20017263,"hotelName":"Dar Chick Yahia","address":"Cheikh Yahia,Houmt Souk,4135 Djerba Island,Tunisia","phones":"+21650037623","fax":"","email":"darchikhyahia@gmail.com","url":"http://www.darchickyahia.com/#!contact/c23a6","countryIso2":"TN","countryName":"Tunisia","hotelRating":"3","latitude":"33.7814","longitude":"10.7433","state_id":null,"state_name":null,"country_id":null},{"active":false,"Giataid":"405276","cityId":null,"cityName":"A?n Draham","hotelId":20017477,"hotelName":"Dar Ismail Nour Elain","address":"Col des Ruines,8130 Ain Draham,Tunisia","phones":"+21678655000","fax":"+21678655185","email":"support.sales@shti.com.tn","url":"http://www.darismailhotels.com/cr.resa/ui/aba/Hotel_Detail.aspx?user=717&ilng=2&curr=1&iddestination=1&id=750","countryIso2":"TN","countryName":"Tunisia","hotelRating":"4","latitude":"36.7912","longitude":"8.69007","state_id":null,"state_name":null,"country_id":null},{"active":false,"Giataid":"22528","cityId":null,"cityName":"Tamerza","hotelId":20017690,"hotelName":"Tamerza Palace","address":"2212 Tamerza,Gouvernorat de Tozeur,Tunisia","phones":"+21676485344","fax":"+21676485322","email":"info@tamerza-palace.com","url":"http://www.tamerza-palace.com/datas/hotel/en/hotel.php","countryIso2":"TN","countryName":"Tunisia","hotelRating":"4","latitude":"34.3906","longitude":"7.9492","state_id":null,"state_name":null,"country_id":null},{"active":false,"Giataid":"657304","cityId":null,"cityName":"Nabeul","hotelId":20018259,"hotelName":"Residence Sassi","address":"20 Rue du Maghreb Arabe,Dar Chaabane El Fehri,8070 Nabeul,Tunisia","phones":"","fax":"","email":"","url":"","countryIso2":"TN","countryName":"Tunisia","hotelRating":"0","latitude":"36.4526","longitude":"10.7356","state_id":null,"state_name":null,"country_id":null},{"active":false,"Giataid":"657239","cityId":null,"cityName":"Mezraya","hotelId":20019883,"hotelName":"Fertile Mezraya","address":"B.P. 01,4186 Mezraya,Midoun,Djerba Island,Tunisia","phones":"","fax":"","email":"","url":"","countryIso2":"TN","countryName":"Tunisia","hotelRating":"0","latitude":"33.869","longitude":"10.9021","state_id":null,"state_name":null,"country_id":null},{"active":false,"Giataid":"657755","cityId":null,"cityName":"Houmt Souk","hotelId":20020062,"hotelName":"Dar Rayhane","address":"Fatou,Route Zone Touristique,4180 Houmt Souk,Tunisia","phones":"","fax":"","email":"","url":"","countryIso2":"TN","countryName":"Tunisia","hotelRating":"0","latitude":"33.8749","longitude":"10.889","state_id":null,"state_name":null,"country_id":null},{"active":false,"Giataid":"657811","cityId":null,"cityName":"Houmt Souk","hotelId":20020171,"hotelName":"Diar Sonia","address":"Mezraia,Route de la Zone Touristique,4186 Houmt Souk,Tunisia","phones":"","fax":"","email":"","url":"","countryIso2":"TN","countryName":"Tunisia","hotelRating":"0","latitude":"33.8623","longitude":"10.9289","state_id":null,"state_name":null,"country_id":null},{"active":false,"Giataid":"657814","cityId":null,"cityName":"Houmt Souk","hotelId":20020259,"hotelName":"Villa Zafira","address":"Bani Bendou,4180 Houmt Souk,Tunisia","phones":"","fax":"","email":"","url":"","countryIso2":"TN","countryName":"Tunisia","hotelRating":"0","latitude":"33.8889","longitude":"10.8413","state_id":null,"state_name":null,"country_id":null},{"active":false,"Giataid":"4145","cityId":null,"cityName":"Gammarth","hotelId":20021629,"hotelName":"Karim","address":"Route Touristique Raouad,BP 712,1057 Gammarth,Tunisia","phones":"+21671742188","fax":"+21671911126","email":"info@hotel-karim.com","url":"","countryIso2":"TN","countryName":"Tunisia","hotelRating":"3","latitude":"36.9228","longitude":"10.2866","state_id":null,"state_name":null,"country_id":null},{"active":false,"Giataid":"725830","cityId":null,"cityName":"Nabeul","hotelId":20022058,"hotelName":"Spacious Sea View House","address":"El Khansa 2,Qulaybiyah,8090 Nabeul,Tunisia","phones":"","fax":"","email":"","url":"","countryIso2":"TN","countryName":"Tunisia","hotelRating":"0","latitude":"36.4455","longitude":"10.7358","state_id":null,"state_name":null,"country_id":null},{"active":false,"Giataid":"28337","cityId":null,"cityName":"Gammarth","hotelId":20022514,"hotelName":"Kahena","address":"Gammarth,Tunis,Tunisia","phones":"","fax":"","email":"","url":"","countryIso2":"TN","countryName":"Tunisia","hotelRating":"0","latitude":"36.9117","longitude":"10.2896","state_id":null,"state_name":null,"country_id":null},{"active":false,"Giataid":"6506","cityId":null,"cityName":"Gammarth","hotelId":20022934,"hotelName":"Nova Park","address":"Route de Raoued, BP 47,1057 Gammarth,Tunisia","phones":"+21671748765","fax":"+21671911600","email":"","url":"","countryIso2":"TN","countryName":"Tunisia","hotelRating":"0","latitude":"36.9054","longitude":"10.2985","state_id":null,"state_name":null,"country_id":null},{"active":false,"Giataid":"4144","cityId":null,"cityName":"Gammarth","hotelId":20023691,"hotelName":"Marina Garden","address":"Les Cotes de Carthage,La Marsa,Gammarth,Tunisia","phones":"+21671911064","fax":"+21671911064","email":"","url":"","countryIso2":"TN","countryName":"Tunisia","hotelRating":"3","latitude":"36.9232","longitude":"10.2882","state_id":null,"state_name":null,"country_id":null},{"active":false,"Giataid":"17174","cityId":null,"cityName":"Cedria Beach","hotelId":20023753,"hotelName":"Medi Sea","address":"Zone Touristique,Cedria Beach,Bir el Bey 2055,2055,Tunisia","phones":"","fax":"","email":"","url":"","countryIso2":"TN","countryName":"Tunisia","hotelRating":"3","latitude":"36.7158","longitude":"10.4201","state_id":null,"state_name":null,"country_id":null},{"active":false,"Giataid":"873226","cityId":null,"cityName":"La Marsa","hotelId":20376515,"hotelName":"Villa Sukoon","address":"7 Rue El Farabi,2078 La Marsa,Tunisia","phones":"","fax":"","email":"","url":"","countryIso2":"TN","countryName":"Tunisia","hotelRating":"3","latitude":"36.9048","longitude":"10.3053","state_id":null,"state_name":null,"country_id":null},{"active":false,"Giataid":"914900","cityId":null,"cityName":"Houmt Souk","hotelId":20376517,"hotelName":"Dar Aisha","address":"Sidi Salem,4180 Houmt Souk,Tunisia","phones":"","fax":"","email":"","url":"","countryIso2":"TN","countryName":"Tunisia","hotelRating":"0","latitude":"33.8623","longitude":"10.9289","state_id":null,"state_name":null,"country_id":null},{"active":false,"Giataid":"875535","cityId":null,"cityName":"Kelibia","hotelId":20376521,"hotelName":"Villa Neuve","address":"Rue De Kerkouane Plage,8025 Kelibia,Tunisia","phones":"","fax":"","email":"","url":"","countryIso2":"TN","countryName":"Tunisia","hotelRating":"0","latitude":"36.8715","longitude":"11.1196","state_id":null,"state_name":null,"country_id":null},{"active":false,"Giataid":"914785","cityId":null,"cityName":"Ksar Ghilane","hotelId":20376523,"hotelName":"Residence La Source","address":"Piste-Ksar-Ghilane-Douz,4260 Ksar Ghilane,Tunisia","phones":"+21626684764","fax":"","email":"info@residencelasource.com","url":"http://www.residencelasource.com","countryIso2":"TN","countryName":"Tunisia","hotelRating":"0","latitude":"32.9891","longitude":"9.64069","state_id":null,"state_name":null,"country_id":null},{"active":false,"Giataid":"905232","cityId":null,"cityName":"La Marsa","hotelId":20376524,"hotelName":"Dar Corniche La Marsa","address":"3 Rue Abou Tammam Corniche La Marsa,2078 La Marsa,Tunisia","phones":"","fax":"","email":"","url":"http://www.hotels.com/ho961267136/","countryIso2":"TN","countryName":"Tunisia","hotelRating":"0","latitude":"36.9048","longitude":"10.3053","state_id":null,"state_name":null,"country_id":null},{"active":false,"Giataid":"867953","cityId":null,"cityName":"Nabeul","hotelId":20376529,"hotelName":"Tulip House","address":"Avenue Des Nations Unies,8050 Nabeul,Hammamet,Tunisia","phones":"","fax":"","email":"","url":"","countryIso2":"TN","countryName":"Tunisia","hotelRating":"3","latitude":"36.4455","longitude":"10.7358","state_id":null,"state_name":null,"country_id":null},{"active":false,"Giataid":"914907","cityId":null,"cityName":"Aryanah","hotelId":20376530,"hotelName":"Residence Le Palais","address":"X20,1013 Ariana,Tunisia","phones":"","fax":"","email":"","url":"","countryIso2":"TN","countryName":"Tunisia","hotelRating":"0","latitude":"36.8558","longitude":"10.1539","state_id":null,"state_name":null,"country_id":null},{"active":false,"Giataid":"873233","cityId":null,"cityName":"Sidi Bou Said","hotelId":20376532,"hotelName":"Dar Indigo","address":"45 Rue Taieb Mhiri,2026 Sidi Bou Said,Tunisia","phones":"","fax":"","email":"","url":"","countryIso2":"TN","countryName":"Tunisia","hotelRating":"4","latitude":"36.8723","longitude":"10.348","state_id":null,"state_name":null,"country_id":null},{"active":false,"Giataid":"914842","cityId":null,"cityName":"Nabeul","hotelId":20376538,"hotelName":"Dar Taieb","address":"BP 15,8000 Nabeul,Tunisia","phones":"","fax":"","email":"","url":"","countryIso2":"TN","countryName":"Tunisia","hotelRating":"0","latitude":"36.4455","longitude":"10.7358","state_id":null,"state_name":null,"country_id":null},{"active":false,"Giataid":"863985","cityId":null,"cityName":"Aghir","hotelId":20376540,"hotelName":"Jasmin Djerba","address":"Lotus village Djerba,4116 Aghir,Tunisia","phones":"","fax":"","email":"","url":"","countryIso2":"TN","countryName":"Tunisia","hotelRating":"0","latitude":"33.769","longitude":"11.0219","state_id":null,"state_name":null,"country_id":null},{"active":false,"Giataid":"914953","cityId":null,"cityName":"Ouled Kacem","hotelId":20376555,"hotelName":"Casa Mia","address":"Route De La Plage,Zone Touristique,Sidi Fraj,3025 Ouled Kacem,Kerkennah,Tunisia","phones":"","fax":"","email":"","url":"","countryIso2":"TN","countryName":"Tunisia","hotelRating":"0","latitude":"0","longitude":"0","state_id":null,"state_name":null,"country_id":null},{"active":false,"Giataid":"875551","cityId":null,"cityName":"Nabeul","hotelId":20376562,"hotelName":"Dar El Gaied","address":"4 Rue Kheireddin,8000 Nabeul,Tunisia","phones":"","fax":"","email":"info@darelgaied.com","url":"http://darelgaied.com","countryIso2":"TN","countryName":"Tunisia","hotelRating":"0","latitude":"36.4455","longitude":"10.7358","state_id":null,"state_name":null,"country_id":null},{"active":false,"Giataid":"877478","cityId":null,"cityName":"Aryanah","hotelId":20376563,"hotelName":"Dar Miramar","address":"Rue Mohamed Triki,Safarlazzio,Ariana,Tunisia","phones":"","fax":"","email":"","url":"","countryIso2":"TN","countryName":"Tunisia","hotelRating":"0","latitude":"36.8558","longitude":"10.1539","state_id":null,"state_name":null,"country_id":null},{"active":false,"Giataid":"867516","cityId":null,"cityName":"Sidi Bou Said","hotelId":20376565,"hotelName":"Les Jardins Du Phare","address":"1 Impasse Du Phare,2026 Sidi Bou Said,Tunisia","phones":"","fax":"","email":"","url":"","countryIso2":"TN","countryName":"Tunisia","hotelRating":"4","latitude":"36.8724","longitude":"10.3482","state_id":null,"state_name":null,"country_id":null},{"active":false,"Giataid":"898405","cityId":null,"cityName":"Nabeul","hotelId":20376570,"hotelName":"Ben's House","address":"Route Nabeul-Korba,Lieu Dit El Mazraa,8024 Nabeul,Tunisia","phones":"","fax":"","email":"","url":"","countryIso2":"TN","countryName":"Tunisia","hotelRating":"0","latitude":"36.4455","longitude":"10.7358","state_id":null,"state_name":null,"country_id":null},{"active":false,"Giataid":"914732","cityId":null,"cityName":"Gammarth","hotelId":20376573,"hotelName":"Jasmin Lodge","address":"110 Avenue Taieb Mhiri,2070 Gammarth,Tunisia","phones":"","fax":"","email":"","url":"","countryIso2":"TN","countryName":"Tunisia","hotelRating":"0","latitude":"36.9211","longitude":"10.2824","state_id":null,"state_name":null,"country_id":null},{"active":false,"Giataid":"914880","cityId":null,"cityName":"Houmt Souk","hotelId":20376575,"hotelName":"Le Grand Bleu Djerba Hotel","address":"Boulevard Environnement,PO Box 05,4190 Houmet-Souk,Djerba,Tunisia","phones":"+21675623926","fax":"+21675623925","email":"contact@hotel-grand-bleu-djerba.com","url":"http://www.hotel-grand-bleu-djerba.com","countryIso2":"TN","countryName":"Tunisia","hotelRating":"0","latitude":"33.8623","longitude":"10.9289","state_id":null,"state_name":null,"country_id":null},{"active":false,"Giataid":"969805","cityId":null,"cityName":"Houmt Souk","hotelId":20420201,"hotelName":"Hotel & Restaurant Arischa","address":"36 Rue Mustapha Ghazi,4180 Houmt Essouk,Djerba,Tunisia","phones":"+21675650384","fax":"","email":"info@hotel-arischa.com","url":"http://www.hotel-arischa.com","countryIso2":"TN","countryName":"Tunisia","hotelRating":"1","latitude":"33.8654","longitude":"10.9098","state_id":null,"state_name":null,"country_id":null}]