[{"active":false,"Giataid":"10566","cityId":67933,"cityName":"Maafushi","hotelId":10566,"hotelName":"COMO Cocoa Island","address":"Makunufushi,South Male Atoll,Cocoa Island,Maldives","phones":"+9606641818","fax":"+9606641919","email":"cocoaisland@comohotels.com","url":"http://www.cocoaisland.como.bz","countryIso2":"MV","countryName":"Maldives","hotelRating":"5","latitude":"3.91783","longitude":"73.4698","state_id":2596,"state_name":"Kaafu Atoll","country_id":133},{"active":false,"Giataid":"1755","cityId":42027,"cityName":"Gan","hotelId":12154,"hotelName":"Equator Village","address":"Gan Island,Addu Atoll,Maldives","phones":"+9606898721","fax":"+9606898020","email":"equator@dhivehinet.net.mv","url":"http://www.equatorvillage.com","countryIso2":"MV","countryName":"Maldives","hotelRating":"3","latitude":"-0.686909","longitude":"73.1468","state_id":4795,"state_name":"Nouvelle-Aquitaine","country_id":75},{"active":false,"Giataid":"237921","cityId":67931,"cityName":"Kudahuvadhoo","hotelId":237921,"hotelName":"Niyama Private Islands Maldives","address":"PO Box 2002,Huluwalu,Dhaalu Atoll,Maldives","phones":"+9606762828","fax":"+9606762828","email":"reservations@niyama.com","url":"http://www.niyama.com","countryIso2":"MV","countryName":"Maldives","hotelRating":"5","latitude":"2.68072","longitude":"72.9323","state_id":2590,"state_name":"Dhaalu Atoll","country_id":133},{"active":false,"Giataid":"249233","cityId":42027,"cityName":"Gan","hotelId":249233,"hotelName":"Reveries Diving Village","address":"Monaan,Laamu Gan,Namoona Magu,Thundi 15061,Maldives","phones":"+9606808866","fax":"","email":"","url":"","countryIso2":"MV","countryName":"Maldives","hotelRating":"3","latitude":"1.93779","longitude":"73.5403","state_id":4795,"state_name":"Nouvelle-Aquitaine","country_id":75},{"active":false,"Giataid":"391991","cityId":67933,"cityName":"Maafushi","hotelId":391991,"hotelName":"Kaani Beach","address":"Aabaadhee Hingun Road,Maafush 08090,Maldives","phones":"+9609933626","fax":"+9609933626","email":"info@kaanibeach.com","url":"http://www.kaanibeach.com","countryIso2":"MV","countryName":"Maldives","hotelRating":"4","latitude":"3.94411","longitude":"73.4906","state_id":2596,"state_name":"Kaafu Atoll","country_id":133},{"active":false,"Giataid":"469834","cityId":67933,"cityName":"Maafushi","hotelId":469834,"hotelName":"Whiteshell Island Hotel & Spa","address":"Miskiy Magu,Maafushi 08090,Kaafu Atoll,Maldives","phones":"+9609898772","fax":"","email":"","url":"","countryIso2":"MV","countryName":"Maldives","hotelRating":"3","latitude":"3.94399","longitude":"73.4908","state_id":2596,"state_name":"Kaafu Atoll","country_id":133},{"active":false,"Giataid":"473674","cityId":67938,"cityName":"Muli","hotelId":473674,"hotelName":"Roashanee Guest House","address":"Alikilegefaanu Magu, Mulaku , Maldives, 11040 Muli,Maldives","phones":"","fax":"","email":"","url":"","countryIso2":"MV","countryName":"Maldives","hotelRating":"1","latitude":"5.10388","longitude":"73.069","state_id":2608,"state_name":"Meemu Atoll","country_id":133},{"active":false,"Giataid":"502583","cityId":67933,"cityName":"Maafushi","hotelId":502583,"hotelName":"Maafushi","address":"","phones":"","fax":"","email":"","url":"","countryIso2":"MV","countryName":"Maldives","hotelRating":"3","latitude":"3.94088","longitude":"73.4903","state_id":2596,"state_name":"Kaafu Atoll","country_id":133},{"active":false,"Giataid":"518977","cityId":67928,"cityName":"Guraidhoo","hotelId":518977,"hotelName":"Sunshine Lodge","address":"Lainoofaru Magu,Kaafu,Guraidhoo 08080,Maldives","phones":"","fax":"","email":"","url":"http://www.agoda.com/sunshine-lodge/hotel/maldives-islands-mv.html?checkin=2016-02-21&los=1&adults=2&rooms=1&cid=1731239","countryIso2":"MV","countryName":"Maldives","hotelRating":"3","latitude":"3.90212","longitude":"73.4685","state_id":2596,"state_name":"Kaafu Atoll","country_id":133},{"active":false,"Giataid":"531805","cityId":67940,"cityName":"Thinadhoo","hotelId":531805,"hotelName":"Plumeria Boutique Hotel","address":"Vaavu Atoll,Thinadoo 10020,Maldives","phones":"","fax":"","email":"","url":"","countryIso2":"MV","countryName":"Maldives","hotelRating":"4","latitude":"3.48878","longitude":"73.5393","state_id":2603,"state_name":"Gaafu Dhaalu Atoll","country_id":133},{"active":false,"Giataid":"543606","cityId":67934,"cityName":"Mahibadhoo","hotelId":543606,"hotelName":"K Villas Maldives Mahibadho","address":"Sosun Magu,Alif Dhaal Mahibadhoo,South Ari Atoll,Maldives","phones":"","fax":"","email":"","url":"","countryIso2":"MV","countryName":"Maldives","hotelRating":"3","latitude":"3.75707","longitude":"72.969","state_id":2606,"state_name":"South Central Province","country_id":133},{"active":false,"Giataid":"544407","cityId":67924,"cityName":"Felidhoo","hotelId":544407,"hotelName":"Hudhu Raakani Lodge Maldives","address":"Tiunik V Thinadhoo,Felidhoo 10020,Vaavu Atoll,Maldives","phones":"","fax":"","email":"","url":"","countryIso2":"MV","countryName":"Maldives","hotelRating":"3","latitude":"3.48862","longitude":"73.5387","state_id":2584,"state_name":"Vaavu Atoll","country_id":133},{"active":false,"Giataid":"554233","cityId":67931,"cityName":"Kudahuvadhoo","hotelId":554233,"hotelName":"Kudahuvadhoo Inn","address":"Green Leaf,Dhaal Atoll,Kudhahuvadhoo Island,Kudahuvadhoo 13080,Maldives","phones":"","fax":"","email":"","url":"","countryIso2":"MV","countryName":"Maldives","hotelRating":"1","latitude":"2.67317","longitude":"72.8919","state_id":2590,"state_name":"Dhaalu Atoll","country_id":133},{"active":false,"Giataid":"582060","cityId":67940,"cityName":"Thinadhoo","hotelId":582060,"hotelName":"Plumeria Seaview Hotel","address":"Vaavu Atoll,Thinadhoo 10020,Maldives","phones":"","fax":"","email":"","url":"","countryIso2":"MV","countryName":"Maldives","hotelRating":"4","latitude":"3.48878","longitude":"73.5393","state_id":2603,"state_name":"Gaafu Dhaalu Atoll","country_id":133},{"active":false,"Giataid":"688271","cityId":67933,"cityName":"Maafushi","hotelId":688271,"hotelName":"Kaani Grand Seaview","address":"Beach Front,Maafushi 08090,Maldives","phones":"+9609533626","fax":"","email":"reservations@kaanigrand.com","url":"http://www.kaanigrand.com/","countryIso2":"MV","countryName":"Maldives","hotelRating":"4","latitude":"3.945","longitude":"73.4911","state_id":2596,"state_name":"Kaafu Atoll","country_id":133},{"active":false,"Giataid":"496502","cityId":67928,"cityName":"Guraidhoo","hotelId":10056317,"hotelName":"Islandway Etos","address":"Guraidhoo Island,08080 Guraidhoo,South Male Atoll,Maldives","phones":"+9603000077","fax":"","email":"","url":"","countryIso2":"MV","countryName":"Maldives","hotelRating":"4","latitude":"3.90015","longitude":"73.4686","state_id":2596,"state_name":"Kaafu Atoll","country_id":133},{"active":false,"Giataid":"457447","cityId":67933,"cityName":"Maafushi","hotelId":10065673,"hotelName":"Kaani Village & Spa","address":"Mirihi Magu,Maafushi 08090,Maldives","phones":"","fax":"","email":"","url":"","countryIso2":"MV","countryName":"Maldives","hotelRating":"3","latitude":"3.94352","longitude":"73.4905","state_id":2596,"state_name":"Kaafu Atoll","country_id":133},{"active":false,"Giataid":"531297","cityId":67933,"cityName":"Maafushi","hotelId":10066226,"hotelName":"Maafushi Inn","address":"Minirihi Magu,Maafushi 08090,Maldives","phones":"","fax":"","email":"","url":"","countryIso2":"MV","countryName":"Maldives","hotelRating":"2","latitude":"3.94275","longitude":"73.4919","state_id":2596,"state_name":"Kaafu Atoll","country_id":133},{"active":false,"Giataid":"532023","cityId":42027,"cityName":"Gan","hotelId":10073769,"hotelName":"Pallazo Laamu","address":"Mathimaradhoo  Laamu Gan,Gan Island,Maldives","phones":"","fax":"","email":"","url":"","countryIso2":"MV","countryName":"Maldives","hotelRating":"4","latitude":"1.91233","longitude":"73.543","state_id":4795,"state_name":"Nouvelle-Aquitaine","country_id":75},{"active":false,"Giataid":"515102","cityId":67933,"cityName":"Maafushi","hotelId":10092647,"hotelName":"Lily Rest Maldives","address":"Bahaaree Higun,Maafushi,Maldives","phones":"NULL","fax":"NULL","email":"NULL","url":"NULL","countryIso2":"MV","countryName":"Maldives","hotelRating":"3","latitude":"3.94046","longitude":"73.4886","state_id":2596,"state_name":"Kaafu Atoll","country_id":133},{"active":false,"Giataid":"475492","cityId":67933,"cityName":"Maafushi","hotelId":10093176,"hotelName":"Masaaree Boutique Hotel","address":"Bahaaree Hingun Road,K. Maafushi 08090,Maldives","phones":"+9607781010","fax":"NULL","email":"NULL","url":"NULL","countryIso2":"MV","countryName":"Maldives","hotelRating":"3","latitude":"3.9397","longitude":"73.4883","state_id":2596,"state_name":"Kaafu Atoll","country_id":133},{"active":false,"Giataid":"430816","cityId":67933,"cityName":"Maafushi","hotelId":10093172,"hotelName":"Sun Tan Beach Hotel","address":"Carnationmaage,08090 Kaaf Maafushi,Maldives","phones":"+9607911978","fax":"NULL","email":"NULL","url":"NULL","countryIso2":"MV","countryName":"Maldives","hotelRating":"3","latitude":"3.94363","longitude":"73.4903","state_id":2596,"state_name":"Kaafu Atoll","country_id":133},{"active":false,"Giataid":"466311","cityId":67933,"cityName":"Maafushi","hotelId":10102476,"hotelName":"Picnic Inn","address":"Bahaaree Hingun,Whitefish,Maafushi 08090,Maldives","phones":"NULL","fax":"NULL","email":"NULL","url":"NULL","countryIso2":"MV","countryName":"Maldives","hotelRating":"3","latitude":"3.94059","longitude":"73.4887","state_id":2596,"state_name":"Kaafu Atoll","country_id":133},{"active":false,"Giataid":"683740","cityId":67933,"cityName":"Maafushi","hotelId":10106374,"hotelName":"Royal Pearl Inn","address":"Beyrumagu,Fathis,K.Maafushi,Maafushi 08090,Maldives","phones":"NULL","fax":"NULL","email":"NULL","url":"NULL","countryIso2":"MV","countryName":"Maldives","hotelRating":"3","latitude":"3.94254","longitude":"73.4918","state_id":2596,"state_name":"Kaafu Atoll","country_id":133},{"active":false,"Giataid":"426994","cityId":67933,"cityName":"Maafushi","hotelId":10110452,"hotelName":"Beachwood Hotel","address":"Haveeree Hingun,20319 Maafushi,Maldives","phones":"+9609133336","fax":"NULL","email":"NULL","url":"NULL","countryIso2":"MV","countryName":"Maldives","hotelRating":"4","latitude":"3.93944","longitude":"73.4887","state_id":2596,"state_name":"Kaafu Atoll","country_id":133},{"active":false,"Giataid":"497575","cityId":67933,"cityName":"Maafushi","hotelId":10116482,"hotelName":"Crystal Sands Beach Hotel","address":"Mirihi Magu Road,08090 Maafushi,Maldives","phones":"+9607790660","fax":"NULL","email":"NULL","url":"NULL","countryIso2":"MV","countryName":"Maldives","hotelRating":"4","latitude":"3.9435","longitude":"73.4905","state_id":2596,"state_name":"Kaafu Atoll","country_id":133},{"active":false,"Giataid":"498077","cityId":67933,"cityName":"Maafushi","hotelId":10117066,"hotelName":"Dhonveli View Guest House","address":"Haubour Road,Maafushi 08090,Maldives","phones":"NULL","fax":"NULL","email":"NULL","url":"NULL","countryIso2":"MV","countryName":"Maldives","hotelRating":"3","latitude":"3.94148","longitude":"73.4893","state_id":2596,"state_name":"Kaafu Atoll","country_id":133},{"active":false,"Giataid":"708897","cityId":67928,"cityName":"Guraidhoo","hotelId":20000107,"hotelName":"Equity Beach Inn","address":"Lainoofaru Magu,Guraidhoo 08080,Maldives","phones":"","fax":"","email":"","url":"","countryIso2":"MV","countryName":"Maldives","hotelRating":"3","latitude":"3.90098","longitude":"73.468","state_id":2596,"state_name":"Kaafu Atoll","country_id":133},{"active":false,"Giataid":"501636","cityId":67933,"cityName":"Maafushi","hotelId":20000123,"hotelName":"Arora Inn","address":"Rah Vashaa Hingun,08460 Maafushi,Maldives","phones":"","fax":"","email":"","url":"","countryIso2":"MV","countryName":"Maldives","hotelRating":"3","latitude":"3.94115","longitude":"73.4889","state_id":2596,"state_name":"Kaafu Atoll","country_id":133},{"active":false,"Giataid":"464145","cityId":67933,"cityName":"Maafushi","hotelId":20000130,"hotelName":"Narnia Maldives","address":"048 Twilight,Baharee Higun,Maafushi 08090,Maldives","phones":"","fax":"","email":"","url":"","countryIso2":"MV","countryName":"Maldives","hotelRating":"3","latitude":"3.94202","longitude":"73.4896","state_id":2596,"state_name":"Kaafu Atoll","country_id":133},{"active":false,"Giataid":"683743","cityId":67933,"cityName":"Maafushi","hotelId":20000145,"hotelName":"Maafushi Village","address":"Husnuheena Magu,Parindhaage,Maafushi 0809,Maldives","phones":"+9607787024","fax":"","email":"sales@maafushivillage.com","url":"http://www.maafushivillage.com","countryIso2":"MV","countryName":"Maldives","hotelRating":"3","latitude":"3.94367","longitude":"73.4907","state_id":2596,"state_name":"Kaafu Atoll","country_id":133},{"active":false,"Giataid":"708874","cityId":67933,"cityName":"Maafushi","hotelId":20000382,"hotelName":"ZeeStar Inn","address":"Bahaaree Hingun Road,Maafushi 08090,Maldives","phones":"","fax":"","email":"","url":"","countryIso2":"MV","countryName":"Maldives","hotelRating":"3","latitude":"3.94052","longitude":"73.4889","state_id":2596,"state_name":"Kaafu Atoll","country_id":133},{"active":false,"Giataid":"709716","cityId":67928,"cityName":"Guraidhoo","hotelId":20008651,"hotelName":"Ithaa Beach Maldives","address":"Vidhuvaru Goalhi,Garden,Guraidhoo 08080,Kaafu Atoll,Maldives","phones":"","fax":"","email":"ithaabeachmaldives@gmail.com","url":"http://www.ithaabeachmaldives.com","countryIso2":"MV","countryName":"Maldives","hotelRating":"4","latitude":"3.90104","longitude":"73.469","state_id":2596,"state_name":"Kaafu Atoll","country_id":133},{"active":false,"Giataid":"139892","cityId":67928,"cityName":"Guraidhoo","hotelId":20008801,"hotelName":"Guraidhoo Guesthouse","address":"Guraidhoo,S?d Male Atoll,Maldives","phones":"","fax":"","email":"info@waterprooftravel.com","url":"http://www.guraidhoo.org/pageID_8321358.html","countryIso2":"MV","countryName":"Maldives","hotelRating":"0","latitude":"3.90091","longitude":"73.4683","state_id":2596,"state_name":"Kaafu Atoll","country_id":133},{"active":false,"Giataid":"713882","cityId":67928,"cityName":"Guraidhoo","hotelId":20008964,"hotelName":"Kaafu Inn Guraidhoo","address":"Dulchanpa,opposite Grand Mosque,Guraidhoo,08080 Kaafu,Maldives","phones":"+9607892829","fax":"","email":"kaafuinn@gmail.com","url":"http://kaafu-inn-guraidhoo-mv.book.direct/","countryIso2":"MV","countryName":"Maldives","hotelRating":"3","latitude":"3.90098","longitude":"73.468","state_id":2596,"state_name":"Kaafu Atoll","country_id":133},{"active":false,"Giataid":"679558","cityId":67933,"cityName":"Maafushi","hotelId":20009400,"hotelName":"Maafushi Veli","address":"Nooraanee Villa,Miskiy Magu Road,Maafushi 08090,South Male Atoll,Maldives","phones":"","fax":"","email":"","url":"https://de.hotels.com/ho599626","countryIso2":"MV","countryName":"Maldives","hotelRating":"3","latitude":"3.94375","longitude":"73.4915","state_id":2596,"state_name":"Kaafu Atoll","country_id":133},{"active":false,"Giataid":"475921","cityId":67928,"cityName":"Guraidhoo","hotelId":20009597,"hotelName":"Madagali Inn","address":"Kudhiruvaalige dhekunubai Roshanee magu,Guraidhoo,Maldives","phones":"+96079611679607858882","fax":"+9607978636","email":"info@madagalimaldives.com","url":"http://madagalimaldives.com/","countryIso2":"MV","countryName":"Maldives","hotelRating":"3","latitude":"3.90058","longitude":"73.4665","state_id":2596,"state_name":"Kaafu Atoll","country_id":133},{"active":false,"Giataid":"547214","cityId":67933,"cityName":"Maafushi","hotelId":20009709,"hotelName":"Water Breeze","address":"Handhuvaree Hingun,08090 Maafushi,Maldives","phones":"+9609808088","fax":"","email":"info@waterbreezemaldives.com","url":"http://www.waterbreezemaldives.com","countryIso2":"MV","countryName":"Maldives","hotelRating":"3","latitude":"3.9439","longitude":"73.4922","state_id":2596,"state_name":"Kaafu Atoll","country_id":133},{"active":false,"Giataid":"413044","cityId":42027,"cityName":"Gan","hotelId":20010752,"hotelName":"Nazaki Residences Beach Hotel","address":"Sinaaee Magu,Gan Island,Laamu Atoll,Maldives","phones":"+9609660011","fax":"","email":"reservations@nazaki.com","url":"https://nazakibeachhotel.com/","countryIso2":"MV","countryName":"Maldives","hotelRating":"3","latitude":"1.91846","longitude":"73.5449","state_id":4795,"state_name":"Nouvelle-Aquitaine","country_id":75},{"active":false,"Giataid":"664476","cityId":67928,"cityName":"Guraidhoo","hotelId":20013415,"hotelName":"Coco Cottage Maldives","address":"Roshanee magu,Bodu Magu,K.Guraidhoo 08080,Maldives","phones":"+9607720940","fax":"","email":"cococottagemv@gmail.com","url":"http://cococottagemaldives.com/","countryIso2":"MV","countryName":"Maldives","hotelRating":"3","latitude":"3.90078","longitude":"73.4664","state_id":2596,"state_name":"Kaafu Atoll","country_id":133},{"active":false,"Giataid":"410495","cityId":67933,"cityName":"Maafushi","hotelId":20013662,"hotelName":"Holiday Lodge","address":"Bahaaree Hingun,K. Maafushi,Maldives","phones":"+9609941197","fax":"","email":"info@holidaylodgemaldives.com","url":"http://www.holidaylodgemaldives.com","countryIso2":"MV","countryName":"Maldives","hotelRating":"3","latitude":"3.94094","longitude":"73.4891","state_id":2596,"state_name":"Kaafu Atoll","country_id":133},{"active":false,"Giataid":"708572","cityId":67928,"cityName":"Guraidhoo","hotelId":20015546,"hotelName":"Ocean Retreat & Spa","address":"Bodu Magu,Guraidhoo 08080,Maldives","phones":"+9607597988","fax":"","email":"reservations@oceanretreatandspa.com","url":"http://www.oceanretreatandspa.com","countryIso2":"MV","countryName":"Maldives","hotelRating":"3","latitude":"3.90238","longitude":"73.4679","state_id":2596,"state_name":"Kaafu Atoll","country_id":133},{"active":false,"Giataid":"708498","cityId":67933,"cityName":"Maafushi","hotelId":20015684,"hotelName":"Reyva Inn","address":"Valu Magu,Maafushi 08090,Maldives","phones":"","fax":"","email":"","url":"","countryIso2":"MV","countryName":"Maldives","hotelRating":"3","latitude":"3.94412","longitude":"73.4917","state_id":2596,"state_name":"Kaafu Atoll","country_id":133},{"active":false,"Giataid":"453853","cityId":67933,"cityName":"Maafushi","hotelId":20015764,"hotelName":"Leisure Boutique Hotel","address":"K.Maafushi,Central Province,Maafushi,Maldives","phones":"+9607776146","fax":"","email":"reservations@leisureboutiquehotel.com","url":"http://leisureboutiquehotel.com/","countryIso2":"MV","countryName":"Maldives","hotelRating":"3","latitude":"3.94137","longitude":"73.4892","state_id":2596,"state_name":"Kaafu Atoll","country_id":133},{"active":false,"Giataid":"708923","cityId":67928,"cityName":"Guraidhoo","hotelId":20015851,"hotelName":"Medhufaru Inn","address":"Meezaan Higun,Beruge,Guraidhoo 08080,Maldives","phones":"","fax":"","email":"info@medhufaruinn.com","url":"http://www.medhufaruinn.com","countryIso2":"MV","countryName":"Maldives","hotelRating":"3","latitude":"3.90098","longitude":"73.468","state_id":2596,"state_name":"Kaafu Atoll","country_id":133},{"active":false,"Giataid":"708363","cityId":67933,"cityName":"Maafushi","hotelId":20015985,"hotelName":"Salt Beach Hotel","address":"Miskiy Magu,Maafushi 08090,Maldives","phones":"+9609774565","fax":"","email":"info@saltbeach.com","url":"http://saltbeachhotel.com","countryIso2":"MV","countryName":"Maldives","hotelRating":"3","latitude":"3.94416","longitude":"73.4906","state_id":2596,"state_name":"Kaafu Atoll","country_id":133},{"active":false,"Giataid":"466314","cityId":67933,"cityName":"Maafushi","hotelId":20016143,"hotelName":"Faza Inn","address":"K. Maafushi,Maafushi 08090,Maldives","phones":"","fax":"","email":"","url":"","countryIso2":"MV","countryName":"Maldives","hotelRating":"2","latitude":"3.93885","longitude":"73.4896","state_id":2596,"state_name":"Kaafu Atoll","country_id":133},{"active":false,"Giataid":"709742","cityId":42027,"cityName":"Gan","hotelId":20016914,"hotelName":"Mo Hotel Laamu","address":"Sinaaee Magu,Gan Island,Maldives","phones":"","fax":"","email":"reservations@themohotels.com","url":"http://www.themohotels.com","countryIso2":"MV","countryName":"Maldives","hotelRating":"3","latitude":"1.91888","longitude":"73.5446","state_id":4795,"state_name":"Nouvelle-Aquitaine","country_id":75},{"active":false,"Giataid":"502663","cityId":67933,"cityName":"Maafushi","hotelId":20018098,"hotelName":"Sunshine View","address":"Roashanee Hingun Road,Vilares,Maafushi 08090,Maldives","phones":"+9607917504","fax":"","email":"sunshineviewmaldives@gmail.com","url":"http://www.sunshineviewmaldives.com","countryIso2":"MV","countryName":"Maldives","hotelRating":"3","latitude":"3.9425","longitude":"73.4915","state_id":2596,"state_name":"Kaafu Atoll","country_id":133},{"active":false,"Giataid":"708734","cityId":67933,"cityName":"Maafushi","hotelId":20018210,"hotelName":"Ethereal Inn","address":"Miskih Magu,Maafushi 08090,Kaafu Atoll,Maldives","phones":"","fax":"","email":"Etherealinn@gmail.com","url":"http://www.etherealinn.com","countryIso2":"MV","countryName":"Maldives","hotelRating":"3","latitude":"3.94385","longitude":"73.4916","state_id":2596,"state_name":"Kaafu Atoll","country_id":133},{"active":false,"Giataid":"708317","cityId":67933,"cityName":"Maafushi","hotelId":20018366,"hotelName":"Triton Beach Hotel & Spa","address":"White Fish,Ziyaaraiy Magu,Maafushi 08090,Maldives","phones":"","fax":"","email":"info@tritonbeachhotel.com","url":"http://www.tritonbeachhotel.com","countryIso2":"MV","countryName":"Maldives","hotelRating":"3","latitude":"3.9449","longitude":"73.4918","state_id":2596,"state_name":"Kaafu Atoll","country_id":133},{"active":false,"Giataid":"708443","cityId":67933,"cityName":"Maafushi","hotelId":20018591,"hotelName":"Kaani Princess","address":"Water Front,Maafushi 08090,Maldives","phones":"","fax":"","email":"","url":"","countryIso2":"MV","countryName":"Maldives","hotelRating":"2","latitude":"3.94191","longitude":"73.4894","state_id":2596,"state_name":"Kaafu Atoll","country_id":133},{"active":false,"Giataid":"277438","cityId":67933,"cityName":"Maafushi","hotelId":20023442,"hotelName":"Island Cottage","address":"08090 Maafushi,Landscape,S?d Male Atoll,Maldives","phones":"+9607990818","fax":"","email":"info@islandcottagemaldives.com","url":"http://islandcottagemaldives.com","countryIso2":"MV","countryName":"Maldives","hotelRating":"3","latitude":"3.93892","longitude":"73.4883","state_id":2596,"state_name":"Kaafu Atoll","country_id":133},{"active":false,"Giataid":"679600","cityId":67928,"cityName":"Guraidhoo","hotelId":20023592,"hotelName":"Raakani Villas and Spa","address":"Guraidhoo 08080,Kaafu Atoll,Maldives","phones":"+9603000785","fax":"","email":"info@raakanivillas.com","url":"http://www.raakanivillas.com","countryIso2":"MV","countryName":"Maldives","hotelRating":"0","latitude":"3.90077","longitude":"73.4661","state_id":2596,"state_name":"Kaafu Atoll","country_id":133},{"active":false,"Giataid":"528132","cityId":67933,"cityName":"Maafushi","hotelId":20023781,"hotelName":"Isle Beach Inn","address":"Gasdhoshuge,08090 Maafushi,Maldives","phones":"+9607923034","fax":"","email":"info@islebeachinn.com","url":"http://www.islebeachinn.com/","countryIso2":"MV","countryName":"Maldives","hotelRating":"3","latitude":"3.94434","longitude":"73.4926","state_id":2596,"state_name":"Kaafu Atoll","country_id":133},{"active":false,"Giataid":"430815","cityId":67933,"cityName":"Maafushi","hotelId":20025941,"hotelName":"Arena Beach Hotel","address":"Ziyaaraiy Magu Road,Maafushi 08090,Maldives,Maldives","phones":"+9603305580","fax":"","email":"reservations@arenabeachmaldives.com","url":"http://www.arenabeachmaldives.com/main.php","countryIso2":"MV","countryName":"Maldives","hotelRating":"3","latitude":"3.94532","longitude":"73.4917","state_id":2596,"state_name":"Kaafu Atoll","country_id":133},{"active":false,"Giataid":"677852","cityId":67933,"cityName":"Maafushi","hotelId":20026002,"hotelName":"Seashore Beach Inn","address":"Sunny side,Hiy'faseyha Magu,Maafushi 08090,Maldives","phones":"+9607987960","fax":"","email":"info@seashorebeachinn.com","url":"http://seashorebeachinn.com/","countryIso2":"MV","countryName":"Maldives","hotelRating":"3","latitude":"3.94525","longitude":"73.4917","state_id":2596,"state_name":"Kaafu Atoll","country_id":133},{"active":false,"Giataid":"526402","cityId":67933,"cityName":"Maafushi","hotelId":20026112,"hotelName":"Island Relaxing","address":"Ziyaaraymagu, 08090 Maafushi,Maldives","phones":"","fax":"","email":"","url":"","countryIso2":"MV","countryName":"Maldives","hotelRating":"3","latitude":"3.94516","longitude":"73.4914","state_id":2596,"state_name":"Kaafu Atoll","country_id":133},{"active":false,"Giataid":"546044","cityId":67933,"cityName":"Maafushi","hotelId":20026195,"hotelName":"Velana Beach","address":"Miskiyy Magu,Maafushi 08090,Maldives","phones":"+9607920044","fax":"+9603342642","email":"sales@velanahotels.com","url":"http://www.velanahotels.com/","countryIso2":"MV","countryName":"Maldives","hotelRating":"4","latitude":"3.94352","longitude":"73.4921","state_id":2596,"state_name":"Kaafu Atoll","country_id":133},{"active":false,"Giataid":"622853","cityId":67933,"cityName":"Maafushi","hotelId":20026266,"hotelName":"Siesta","address":"Roashanee Hingun Road,Kinaara Kaafu Atoll,Maafushi 08090,Maldives","phones":"","fax":"","email":"","url":"","countryIso2":"MV","countryName":"Maldives","hotelRating":"0","latitude":"3.9426","longitude":"73.4912","state_id":2596,"state_name":"Kaafu Atoll","country_id":133},{"active":false,"Giataid":"468289","cityId":42027,"cityName":"Gan","hotelId":20026790,"hotelName":"Amra Palace Hotel & Spa","address":"Mathimaradhoo,Wish, Long Beach,Gan Island,48132 Laamu Atoll,Maldives","phones":"","fax":"","email":"","url":"https://www.facebook.com/AmraPalaceHotelAndSpa/","countryIso2":"MV","countryName":"Maldives","hotelRating":"4","latitude":"1.91426","longitude":"73.542","state_id":4795,"state_name":"Nouvelle-Aquitaine","country_id":75},{"active":false,"Giataid":"687328","cityId":67933,"cityName":"Maafushi","hotelId":20029023,"hotelName":"Kurumba Villa","address":"Kasthoori Magu,Maafushi 08090,Maldives","phones":"+9607939894","fax":"","email":"kurumbavilla@gmail.com","url":"http://www.kurumbavilla.mv/","countryIso2":"MV","countryName":"Maldives","hotelRating":"3","latitude":"4.29776","longitude":"73.5421","state_id":2596,"state_name":"Kaafu Atoll","country_id":133},{"active":false,"Giataid":"687328","cityId":67933,"cityName":"Maafushi","hotelId":20029023,"hotelName":"Kurumba Villa","address":"Kasthoori Magu,Maafushi 08090,Maldives","phones":"+9607939894","fax":"","email":"kurumbavilla@gmail.com","url":"http://www.kurumbavilla.mv/","countryIso2":"MV","countryName":"Maldives","hotelRating":"3","latitude":"4.29776","longitude":"73.5421","state_id":2596,"state_name":"Kaafu Atoll","country_id":133},{"active":false,"Giataid":"708519","cityId":67933,"cityName":"Maafushi","hotelId":20029175,"hotelName":"Kuredhi Beach Inn","address":"11 12 Ziyaaraiy Magu,Maafushi 08090,Maldives","phones":"+9607775947","fax":"","email":"shiham@kuredhibeach.com","url":"http://www.kuredhibeach.com","countryIso2":"MV","countryName":"Maldives","hotelRating":"3","latitude":"3.94505","longitude":"73.4914","state_id":2596,"state_name":"Kaafu Atoll","country_id":133},{"active":false,"Giataid":"596543","cityId":67933,"cityName":"Maafushi","hotelId":20029256,"hotelName":"White Sand Lodge","address":"Lovenest,Haveeree Higun,South Male Atoll,08090 Maafushi,Maldives","phones":"","fax":"","email":"","url":"","countryIso2":"MV","countryName":"Maldives","hotelRating":"3","latitude":"3.94054","longitude":"73.4893","state_id":2596,"state_name":"Kaafu Atoll","country_id":133},{"active":false,"Giataid":"622840","cityId":67933,"cityName":"Maafushi","hotelId":20029357,"hotelName":"Seven Corals","address":"Raahi,Maafushi 20151,South Male Atoll,Maldives","phones":"","fax":"","email":"reservations@7corals.com","url":"http://www.7corals.com","countryIso2":"MV","countryName":"Maldives","hotelRating":"3","latitude":"3.94232","longitude":"73.4908","state_id":2596,"state_name":"Kaafu Atoll","country_id":133},{"active":false,"Giataid":"622797","cityId":67933,"cityName":"Maafushi","hotelId":20029429,"hotelName":"Alaka at Maafushi","address":"Bahaaree Hingun Road,Maafushi 08090,South Male Atoll,Maldives","phones":"","fax":"","email":"info@alakamaldives.com","url":"http://alakamaldives.com","countryIso2":"MV","countryName":"Maldives","hotelRating":"3","latitude":"3.94256","longitude":"73.4903","state_id":2596,"state_name":"Kaafu Atoll","country_id":133},{"active":false,"Giataid":"515312","cityId":67933,"cityName":"Maafushi","hotelId":20029509,"hotelName":"Venturo","address":"K Maafushi,Maafushi 00960,Maldives","phones":"","fax":"","email":"","url":"","countryIso2":"MV","countryName":"Maldives","hotelRating":"0","latitude":"3.9412","longitude":"73.4896","state_id":2596,"state_name":"Kaafu Atoll","country_id":133},{"active":false,"Giataid":"745873","cityId":67928,"cityName":"Guraidhoo","hotelId":20351602,"hotelName":"Guraidhoo Palm Inn","address":"Roashanee Magu,Guraidhoo 08080,Kaafu Atoll,Maldives","phones":"","fax":"","email":"","url":"http://www.guraidhoopalminn.com/index.php?id=contact","countryIso2":"MV","countryName":"Maldives","hotelRating":"3","latitude":"3.90109","longitude":"73.4669","state_id":2596,"state_name":"Kaafu Atoll","country_id":133},{"active":false,"Giataid":"745908","cityId":67928,"cityName":"Guraidhoo","hotelId":20351603,"hotelName":"Guraidhoo Inn","address":"Nooranee Villa,Roashanee Magu,Guraidhoo 08080,Kaaf,Maldives","phones":"","fax":"","email":"","url":"http://www.guraidhooinn.com/","countryIso2":"MV","countryName":"Maldives","hotelRating":"0","latitude":"3.90191","longitude":"73.4675","state_id":2596,"state_name":"Kaafu Atoll","country_id":133},{"active":false,"Giataid":"758286","cityId":67928,"cityName":"Guraidhoo","hotelId":20351604,"hotelName":"Marina Bay Retreat & Spa","address":"Beach Magu,08080 Guraidhoo,Maldives","phones":"","fax":"","email":"","url":"","countryIso2":"MV","countryName":"Maldives","hotelRating":"3","latitude":"3.90098","longitude":"73.468","state_id":2596,"state_name":"Kaafu Atoll","country_id":133},{"active":false,"Giataid":"805899","cityId":42027,"cityName":"Gan","hotelId":20351621,"hotelName":"Honors Residence","address":"Mathimaradhooo,Laamu Atoll,Gan 15062,Maldives","phones":"","fax":"","email":"reservations@honorsholidays.com","url":"http://www.honorsresidence.com","countryIso2":"MV","countryName":"Maldives","hotelRating":"0","latitude":"1.91888","longitude":"73.5446","state_id":4795,"state_name":"Nouvelle-Aquitaine","country_id":75},{"active":false,"Giataid":"424389","cityId":67924,"cityName":"Felidhoo","hotelId":20351624,"hotelName":"Vaali Beach Lodge Maldives","address":"Felidhoo,Vaavu Atoll,Maldives","phones":"+9607794971","fax":"","email":"stay@lvmhotels.com","url":"http://www.lvmhotels.com","countryIso2":"MV","countryName":"Maldives","hotelRating":"3","latitude":"3.4708","longitude":"73.5454","state_id":2584,"state_name":"Vaavu Atoll","country_id":133},{"active":false,"Giataid":"616655","cityId":67934,"cityName":"Mahibadhoo","hotelId":20351630,"hotelName":"Liberty Guest House Maldives","address":"Irumathee Magu,Mahibadhoo 20001,Maldives","phones":"","fax":"","email":"","url":"","countryIso2":"MV","countryName":"Maldives","hotelRating":"3","latitude":"3.75724","longitude":"72.9726","state_id":2606,"state_name":"South Central Province","country_id":133},{"active":false,"Giataid":"744428","cityId":67934,"cityName":"Mahibadhoo","hotelId":20351631,"hotelName":"Noovilu Suites","address":"Asaree Hingun 304,Alif Dhal,Mahibadhoo,Maldives","phones":"","fax":"","email":"noovilusuites@gmail.com","url":"http://www.noovilusuites.com/","countryIso2":"MV","countryName":"Maldives","hotelRating":"3","latitude":"3.75716","longitude":"72.9709","state_id":2606,"state_name":"South Central Province","country_id":133},{"active":false,"Giataid":"622834","cityId":67924,"cityName":"Felidhoo","hotelId":20351641,"hotelName":"Masfalhi View Inn","address":"Willingdorf Garden,Felidhoo 10030,Maldives","phones":"","fax":"","email":"","url":"http://www.masfalhi.com","countryIso2":"MV","countryName":"Maldives","hotelRating":"3","latitude":"3.47109","longitude":"73.5453","state_id":2584,"state_name":"Vaavu Atoll","country_id":133},{"active":false,"Giataid":"552660","cityId":67933,"cityName":"Maafushi","hotelId":20351713,"hotelName":"Ocean Vista","address":"Kaafu Maafushi,Republic of Maldives,South Male Atoll,Maldives","phones":"","fax":"+9609899780","email":"info@oceanvistamaldives.com","url":"http://www.oceanvistamaldives.com","countryIso2":"MV","countryName":"Maldives","hotelRating":"1","latitude":"3.94077","longitude":"73.4891","state_id":2596,"state_name":"Kaafu Atoll","country_id":133},{"active":false,"Giataid":"554763","cityId":67940,"cityName":"Thinadhoo","hotelId":20351721,"hotelName":"Plumeria Maldives","address":"Vaavu Atoll,Thinadhoo 10020,Maldives","phones":"+9603322822","fax":"+9603343677","email":"reservations@plumeriamaldives.com","url":"http://www.plumeriamaldives.com","countryIso2":"MV","countryName":"Maldives","hotelRating":"4","latitude":"3.48895","longitude":"73.5398","state_id":2603,"state_name":"Gaafu Dhaalu Atoll","country_id":133},{"active":false,"Giataid":"738948","cityId":67933,"cityName":"Maafushi","hotelId":20351729,"hotelName":"Sunrise Beach And Spa","address":"Ziyaarai Magu,Maafushi 08090,North Central,Maldives","phones":"+9607330606","fax":"","email":"info@sunrisebeachmaldives.com","url":"http://www.sunrisebeachmaldives.com","countryIso2":"MV","countryName":"Maldives","hotelRating":"3","latitude":"3.94448","longitude":"73.4929","state_id":2596,"state_name":"Kaafu Atoll","country_id":133},{"active":false,"Giataid":"753626","cityId":67933,"cityName":"Maafushi","hotelId":20351743,"hotelName":"Velana Blu","address":"Miskiy Magu Road,Maafushi 08090,Maldives","phones":"","fax":"","email":"","url":"","countryIso2":"MV","countryName":"Maldives","hotelRating":"4","latitude":"3.94342","longitude":"73.4921","state_id":2596,"state_name":"Kaafu Atoll","country_id":133},{"active":false,"Giataid":"803710","cityId":67933,"cityName":"Maafushi","hotelId":20351745,"hotelName":"RIU Maldives","address":"Dhaalu Atoll,Maafushi,Maldives","phones":"","fax":"","email":"","url":"http://www.riu.com/en/posts/hotels/new-riu-hotels-resorts.jsp","countryIso2":"MV","countryName":"Maldives","hotelRating":"4","latitude":"3.94256","longitude":"73.4903","state_id":2596,"state_name":"Kaafu Atoll","country_id":133},{"active":false,"Giataid":"905988","cityId":67924,"cityName":"Felidhoo","hotelId":20351808,"hotelName":"Magic Life Guest House","address":"Kuredhi Goalhi,Felidhoo 10030,Maldives","phones":"","fax":"","email":"","url":"http://magiclife-guesthouse.business.site/","countryIso2":"MV","countryName":"Maldives","hotelRating":"0","latitude":"3.47094","longitude":"73.5454","state_id":2584,"state_name":"Vaavu Atoll","country_id":133},{"active":false,"Giataid":"906076","cityId":67924,"cityName":"Felidhoo","hotelId":20351809,"hotelName":"Baani Lodge","address":"Maavahi,Kafagas Magu,Vaavu Felidhoo 10300,Maldives","phones":"","fax":"","email":"baanimaldives@gmail.com","url":"http://baanimaldives.com","countryIso2":"MV","countryName":"Maldives","hotelRating":"0","latitude":"3.47094","longitude":"73.5454","state_id":2584,"state_name":"Vaavu Atoll","country_id":133},{"active":false,"Giataid":"936932","cityId":67931,"cityName":"Kudahuvadhoo","hotelId":20351811,"hotelName":"Orange Inn Maldives","address":"Asseyri Bodurasgefaanu Magu,Kudahuvadhoo,Maldives","phones":"","fax":"","email":"","url":"","countryIso2":"MV","countryName":"Maldives","hotelRating":"0","latitude":"2.67698","longitude":"72.9122","state_id":2590,"state_name":"Dhaalu Atoll","country_id":133},{"active":false,"Giataid":"898287","cityId":67928,"cityName":"Guraidhoo","hotelId":20351827,"hotelName":"Luxe Guraidhoo Retreat","address":"Vadige,Guraidhoo 08080,Kaafu Atoll,Maldives","phones":"","fax":"","email":"info@luxeguraidhoo.com","url":"http://www.luxeguraidhoo.com/","countryIso2":"MV","countryName":"Maldives","hotelRating":"0","latitude":"3.90098","longitude":"73.468","state_id":2596,"state_name":"Kaafu Atoll","country_id":133},{"active":false,"Giataid":"936853","cityId":67928,"cityName":"Guraidhoo","hotelId":20351829,"hotelName":"Pesok Maldives","address":"Handhuvareege,Guraidhoo 08080,Maldives","phones":"","fax":"","email":"","url":"","countryIso2":"MV","countryName":"Maldives","hotelRating":"0","latitude":"3.90098","longitude":"73.468","state_id":2596,"state_name":"Kaafu Atoll","country_id":133},{"active":false,"Giataid":"938825","cityId":67928,"cityName":"Guraidhoo","hotelId":20351830,"hotelName":"Ifja Inn","address":"Starling,Guraidhoo,Maldives","phones":"","fax":"","email":"","url":"","countryIso2":"MV","countryName":"Maldives","hotelRating":"0","latitude":"3.90098","longitude":"73.468","state_id":2596,"state_name":"Kaafu Atoll","country_id":133},{"active":false,"Giataid":"866808","cityId":67933,"cityName":"Maafushi","hotelId":20351842,"hotelName":"Liyela Retreat Maldives","address":"Miskiy Magu Road,08090 Maafushi,Malediven,Maldives","phones":"+9607894027","fax":"","email":"reservations@liyelaretreat.com","url":"http://www.liyelaretreat.com/","countryIso2":"MV","countryName":"Maldives","hotelRating":"0","latitude":"3.94377","longitude":"73.4914","state_id":2596,"state_name":"Kaafu Atoll","country_id":133},{"active":false,"Giataid":"875575","cityId":67933,"cityName":"Maafushi","hotelId":20351844,"hotelName":"Koka Villa","address":"Iruvai Magu,Havaa,Maafushi 08090,Maldives","phones":"","fax":"","email":"","url":"","countryIso2":"MV","countryName":"Maldives","hotelRating":"0","latitude":"3.94256","longitude":"73.4903","state_id":2596,"state_name":"Kaafu Atoll","country_id":133},{"active":false,"Giataid":"897325","cityId":67933,"cityName":"Maafushi","hotelId":20351846,"hotelName":"Akasha Beach Maafushi","address":"Miskiy Magu Road,Maafushi,North Central Province,Maldives","phones":"","fax":"","email":"","url":"","countryIso2":"MV","countryName":"Maldives","hotelRating":"0","latitude":"3.94256","longitude":"73.4903","state_id":2596,"state_name":"Kaafu Atoll","country_id":133},{"active":false,"Giataid":"936778","cityId":67933,"cityName":"Maafushi","hotelId":20351848,"hotelName":"Equator Beach Inn","address":"Naares,Maafushi 08090,Maldives","phones":"","fax":"","email":"","url":"","countryIso2":"MV","countryName":"Maldives","hotelRating":"0","latitude":"3.94063","longitude":"73.4894","state_id":2596,"state_name":"Kaafu Atoll","country_id":133},{"active":false,"Giataid":"957189","cityId":67940,"cityName":"Thinadhoo","hotelId":20413106,"hotelName":"Maldives Oceanic Village","address":"Beach Road,Thinadhoo,Kaafu,Maldives","phones":"+9607916627","fax":"","email":"","url":"http://www.oceanic-village.com/","countryIso2":"MV","countryName":"Maldives","hotelRating":"1","latitude":"3.4881","longitude":"73.5384","state_id":2603,"state_name":"Gaafu Dhaalu Atoll","country_id":133},{"active":false,"Giataid":"963086","cityId":67940,"cityName":"Thinadhoo","hotelId":20413107,"hotelName":"Hoandedhoo Inn","address":"Amneemagu Road,Uthuruge,Thinadhoo 17020,Maldives","phones":"","fax":"","email":"","url":"","countryIso2":"MV","countryName":"Maldives","hotelRating":"1","latitude":"3.48878","longitude":"73.5393","state_id":2603,"state_name":"Gaafu Dhaalu Atoll","country_id":133},{"active":false,"Giataid":"962602","cityId":67934,"cityName":"Mahibadhoo","hotelId":20413139,"hotelName":"The Amazing Noovilu Guesthouse","address":"304 Asaree Hingun,Mahibadhoo,Maldives","phones":"+9609119938","fax":"","email":"amazing.noovilu@gmail.com","url":"https://www.theamazingnoovilu.com/","countryIso2":"MV","countryName":"Maldives","hotelRating":"1","latitude":"3.75716","longitude":"72.9709","state_id":2606,"state_name":"South Central Province","country_id":133},{"active":false,"Giataid":"962670","cityId":67934,"cityName":"Mahibadhoo","hotelId":20413140,"hotelName":"Goby Lodge Guest House","address":"A.Dh.Mahibadhoo 00040,South Ari Atoll,Maldives","phones":"","fax":"","email":"","url":"","countryIso2":"MV","countryName":"Maldives","hotelRating":"1","latitude":"3.75716","longitude":"72.9709","state_id":2606,"state_name":"South Central Province","country_id":133},{"active":false,"Giataid":"999418","cityId":67940,"cityName":"Thinadhoo","hotelId":20436785,"hotelName":"Sunset Stay Maldives","address":"Aagaraa,Ahthaarafani Magu,Thinadhoo 17100,Maldives","phones":"","fax":"","email":"","url":"","countryIso2":"MV","countryName":"Maldives","hotelRating":"1","latitude":"3.48878","longitude":"73.5393","state_id":2603,"state_name":"Gaafu Dhaalu Atoll","country_id":133}]