[{"active":false,"Giataid":"449610","cityId":62583,"cityName":"Gibraltar","hotelId":449610,"hotelName":"Continental Hotel","address":"","phones":"","fax":"","email":"","url":"","countryIso2":"GI","countryName":"Gibraltar","hotelRating":"2","latitude":"36.1429","longitude":"-5.35284","state_id":3744,"state_name":"Saint Ann Parish","country_id":108},{"active":false,"Giataid":"731759","cityId":62583,"cityName":"Gibraltar","hotelId":731759,"hotelName":"Holiday Inn Express Gibraltar","address":"21-23 Devils Tower Road,Gibraltar GX11 1AS,Gibraltar","phones":"+35020067890","fax":"","email":"info@hiexgibraltar.com","url":"https://www.ihg.com/holidayinnexpress/hotels/gb/en/gibraltar/gibex/hoteldetail","countryIso2":"GI","countryName":"Gibraltar","hotelRating":"1","latitude":"36.1477","longitude":"-5.34584","state_id":3744,"state_name":"Saint Ann Parish","country_id":108},{"active":false,"Giataid":"419595","cityId":62583,"cityName":"Gibraltar","hotelId":10055308,"hotelName":"Sunborn Gibraltar","address":"35 Ocean Village,Gibraltar GX11 1AA,Gibraltar","phones":"350-200-16000","fax":"","email":"","url":"http://www.sunborngibraltar.com","countryIso2":"GI","countryName":"Gibraltar","hotelRating":"5","latitude":"36.1484","longitude":"-5.35385","state_id":3744,"state_name":"Saint Ann Parish","country_id":108}]