[{"active":false,"Giataid":"131775","cityId":null,"cityName":"Kalya","hotelId":131775,"hotelName":"Kalia Kibbutz Holiday Village","address":"","phones":"+97097235608118","fax":"","email":"","url":"http://www.kaliahotel.co.il/en/","countryIso2":"PS","countryName":"Palestine","hotelRating":"3","latitude":"31.7497","longitude":"35.4658","state_id":null,"state_name":null,"country_id":null},{"active":false,"Giataid":"131772","cityId":131036,"cityName":"Bethlehem","hotelId":131772,"hotelName":"Bethlehem","address":"","phones":"","fax":"","email":"","url":"","countryIso2":"PS","countryName":"Palestine","hotelRating":"3","latitude":"31.7119","longitude":"35.2028","state_id":932,"state_name":"Free State","country_id":204},{"active":false,"Giataid":"131788","cityId":62672,"cityName":"Jericho","hotelId":131788,"hotelName":"Jericho Resort Village","address":"111 Bisan Street,Jericho,PO Box: 162,Palestine","phones":"","fax":"","email":"","url":"","countryIso2":"PS","countryName":"Palestine","hotelRating":"4","latitude":"31.8496","longitude":"35.431","state_id":3749,"state_name":"Hanover Parish","country_id":108},{"active":false,"Giataid":"137729","cityId":null,"cityName":"Ariel","hotelId":137729,"hotelName":"Eshel Hashomron","address":"44837 Ariel,Palestine","phones":"","fax":"","email":"","url":"","countryIso2":"PS","countryName":"Palestine","hotelRating":"3","latitude":"0","longitude":"0","state_id":null,"state_name":null,"country_id":null},{"active":false,"Giataid":"188042","cityId":null,"cityName":"Almog","hotelId":188042,"hotelName":"Almog Holiday Village","address":"Holiday Village mp Arvot Hayarden,Almog 90665,Dead Sea,Palestine","phones":"+97097229945201","fax":"+97229942447","email":"hv@almog.org.il","url":"http://www.almog.org.il/en/","countryIso2":"PS","countryName":"Palestine","hotelRating":"3","latitude":"31.8081","longitude":"35.4467","state_id":null,"state_name":null,"country_id":null},{"active":false,"Giataid":"243890","cityId":null,"cityName":"Ramallah","hotelId":243890,"hotelName":"Millennium Hotel Palestine Ramallah","address":"Emil Habibi Street,Al Masyoun,90624 Ramallah,Gouvernement Ramallah und al-Bira,West Bank,Palestine","phones":"+97022985888","fax":"+97297022985333","email":"hotel.ramallah@moevenpick.com","url":"http://www.moevenpick-hotels.com/de/pub/hotels_resorts/worldmap/ramallah/willkommen.cfm","countryIso2":"PS","countryName":"Palestine","hotelRating":"5","latitude":"31.9065","longitude":"35.2084","state_id":null,"state_name":null,"country_id":null},{"active":false,"Giataid":"413265","cityId":131036,"cityName":"Bethlehem","hotelId":413265,"hotelName":"Ararat","address":"153 Beit Sahour Road,Bethlehem,Palestine","phones":"+97097222749888","fax":"+97097222769887","email":"info@ararat-hotel.com","url":"http://www.ararat-hotel.com","countryIso2":"PS","countryName":"Palestine","hotelRating":"4","latitude":"31.7047","longitude":"35.2144","state_id":932,"state_name":"Free State","country_id":204},{"active":false,"Giataid":"426830","cityId":131036,"cityName":"Bethlehem","hotelId":426830,"hotelName":"Grand Park Betlehem","address":"Star Street,Bethlehem,Palestine","phones":"+97022756400","fax":"+97022763736","email":"","url":"http://www.grandpark.com/bethlehem","countryIso2":"PS","countryName":"Palestine","hotelRating":"5","latitude":"31.7098","longitude":"35.2046","state_id":932,"state_name":"Free State","country_id":204},{"active":false,"Giataid":"426832","cityId":null,"cityName":"Ramallah","hotelId":426832,"hotelName":"Grand Park Hotel","address":"Rafat Street,Al-Masyoun Heights,1375 Ramallah,Palestine","phones":"+97022986194","fax":"+97022956950","email":"info@grandpark.com","url":"http://www.grandpark.com","countryIso2":"PS","countryName":"Palestine","hotelRating":"5","latitude":"31.8891","longitude":"35.1992","state_id":null,"state_name":null,"country_id":null},{"active":false,"Giataid":"430183","cityId":131036,"cityName":"Bethlehem","hotelId":430183,"hotelName":"St. Michael Hotel","address":"291 Jerusalem-Hebron Road,Bethlehem,Palestine","phones":"","fax":"","email":"","url":"","countryIso2":"PS","countryName":"Palestine","hotelRating":"4","latitude":"31.7164","longitude":"35.2014","state_id":932,"state_name":"Free State","country_id":204},{"active":false,"Giataid":"451152","cityId":131036,"cityName":"Bethlehem","hotelId":451152,"hotelName":"Angel Hotel","address":"","phones":"","fax":"","email":"","url":"","countryIso2":"PS","countryName":"Palestine","hotelRating":"4","latitude":"31.7147","longitude":"35.1908","state_id":932,"state_name":"Free State","country_id":204},{"active":false,"Giataid":"453202","cityId":131036,"cityName":"Bethlehem","hotelId":453202,"hotelName":"Manger Square Hotel","address":"Manger Street,Bethlehem,Palestine,Palestine","phones":"+97097222778888","fax":"","email":"","url":"http://mangersquarehotel.business.site","countryIso2":"PS","countryName":"Palestine","hotelRating":"4","latitude":"31.7051","longitude":"35.206","state_id":932,"state_name":"Free State","country_id":204},{"active":false,"Giataid":"453922","cityId":131036,"cityName":"Bethlehem","hotelId":453922,"hotelName":"Al Salam Hotel","address":"","phones":"","fax":"","email":"","url":"","countryIso2":"PS","countryName":"Palestine","hotelRating":"1","latitude":"31.7053","longitude":"35.2051","state_id":932,"state_name":"Free State","country_id":204},{"active":false,"Giataid":"454826","cityId":null,"cityName":"Ramallah","hotelId":454826,"hotelName":"Retno Hotel","address":"","phones":"","fax":"","email":"","url":"","countryIso2":"PS","countryName":"Palestine","hotelRating":"3","latitude":"31.9242","longitude":"35.2067","state_id":null,"state_name":null,"country_id":null},{"active":false,"Giataid":"489329","cityId":null,"cityName":"Ramallah","hotelId":489329,"hotelName":"Palestine Plaza Hotel","address":"Al Ersal Street,Ramallah,Palestine,Palestine","phones":"+97022946888","fax":"+97022946889","email":"info@palestinetradetower.com","url":"http://www.palestinehotels.com/aha/component/k2/hotels/palestine-plaza-hotel","countryIso2":"PS","countryName":"Palestine","hotelRating":"5","latitude":"31.917","longitude":"35.207","state_id":null,"state_name":null,"country_id":null},{"active":false,"Giataid":"490293","cityId":62672,"cityName":"Jericho","hotelId":490293,"hotelName":"Auberg Inn - The House of Eggplants","address":"","phones":"","fax":"","email":"","url":"","countryIso2":"PS","countryName":"Palestine","hotelRating":"1","latitude":"31.8361","longitude":"35.4351","state_id":3749,"state_name":"Hanover Parish","country_id":108},{"active":false,"Giataid":"509900","cityId":null,"cityName":"Ramallah","hotelId":509900,"hotelName":"City Inn Palace Hotel","address":"Jerusalem Street,Al Bireh,Ramallah,Palestine","phones":"+97022408080","fax":"+97022408091","email":"info@cityinnpalace.com","url":"http://www.cityinnpalace.com/","countryIso2":"PS","countryName":"Palestine","hotelRating":"3","latitude":"31.8983","longitude":"35.2106","state_id":null,"state_name":null,"country_id":null},{"active":false,"Giataid":"510305","cityId":null,"cityName":"Ramallah","hotelId":510305,"hotelName":"Royal Court Hotel","address":"24 Jaffa Street,Ramallah,PO Box 2474,Palestine","phones":"+97097222964040","fax":"+97097222964047","email":"info@rcshotel.com","url":"http://www.rcshotel.com","countryIso2":"PS","countryName":"Palestine","hotelRating":"3","latitude":"31.9015","longitude":"35.2004","state_id":null,"state_name":null,"country_id":null},{"active":false,"Giataid":"542294","cityId":131036,"cityName":"Bethlehem","hotelId":542294,"hotelName":"Talitha Kumi Guest House","address":"P.O Box 7,Beit Jala,Bethlehem,Pal?stina,Palestine","phones":"","fax":"","email":"","url":"https://www.tripadvisor.de/Hotel_Review-d6615598.html","countryIso2":"PS","countryName":"Palestine","hotelRating":"1","latitude":"31.7077","longitude":"35.1733","state_id":932,"state_name":"Free State","country_id":204},{"active":false,"Giataid":"542305","cityId":131036,"cityName":"Bethlehem","hotelId":542305,"hotelName":"Alexander Hotel","address":"Manger Street,Bethlehem,Pal?stina,Palestine","phones":"+97097222770780","fax":"+97097222770782","email":"info@alexanderhotel.ps","url":"","countryIso2":"PS","countryName":"Palestine","hotelRating":"3","latitude":"31.7051","longitude":"35.2059","state_id":932,"state_name":"Free State","country_id":204},{"active":false,"Giataid":"542312","cityId":null,"cityName":"Ramallah","hotelId":542312,"hotelName":"Casablanca Hotel","address":"Maahed Street,neben Alarzdquisa Verein,Masyoun,Ramallah,Palestine,Palestine","phones":"+97097222987658","fax":"","email":"casablanca-hotel@hotmail.com","url":"http://www.casablanca-hotel.ps","countryIso2":"PS","countryName":"Palestine","hotelRating":"3","latitude":"31.9002","longitude":"35.2036","state_id":null,"state_name":null,"country_id":null},{"active":false,"Giataid":"547017","cityId":131036,"cityName":"Bethlehem","hotelId":547017,"hotelName":"Dar Sitti Aziza","address":"Anatra Street,Bethlehem,Palestine","phones":"+97097222744848","fax":"+97097222744343","email":"","url":"http://darsittiaziza.com/en/","countryIso2":"PS","countryName":"Palestine","hotelRating":"1","latitude":"31.7034","longitude":"35.2066","state_id":932,"state_name":"Free State","country_id":204},{"active":false,"Giataid":"551178","cityId":null,"cityName":"Ramallah","hotelId":551178,"hotelName":"Taybeh Golden Hotel","address":"100 Main Street,Taybeh-Ramallah,West Bank,Palestine","phones":"+97097222899440","fax":"","email":"info@taybehgoldenhotel.com","url":"http://www.taybehgoldenhotel.com","countryIso2":"PS","countryName":"Palestine","hotelRating":"1","latitude":"31.9588","longitude":"35.2979","state_id":null,"state_name":null,"country_id":null},{"active":false,"Giataid":"604267","cityId":null,"cityName":"Ramallah","hotelId":604267,"hotelName":"Garden Suites & Restaurant","address":"Burda Street,Um Sharayet,97800 Ramallah,Palestinian Territories,Palestine","phones":"","fax":"","email":"","url":"","countryIso2":"PS","countryName":"Palestine","hotelRating":"1","latitude":"31.8854","longitude":"35.2086","state_id":null,"state_name":null,"country_id":null},{"active":false,"Giataid":"611375","cityId":null,"cityName":"Nablus","hotelId":611375,"hotelName":"Al Yasmeen Hotel","address":"Nablus City,Palestine","phones":"+97097292333555","fax":"","email":"Reservations@alyasmeen.com","url":"https://www.alyasmeen.com/","countryIso2":"PS","countryName":"Palestine","hotelRating":"3","latitude":"32.2196","longitude":"35.2599","state_id":null,"state_name":null,"country_id":null},{"active":false,"Giataid":"611431","cityId":131036,"cityName":"Bethlehem","hotelId":611431,"hotelName":"Saint Gabriel Hotel","address":"St. Gabriel Street,P.O.Box 85,Bethlehem,Palestine","phones":"+97097222759990","fax":"+97097222759991","email":"info@st-gabrielhotel.com","url":"http://www.st-gabrielhotel.com/","countryIso2":"PS","countryName":"Palestine","hotelRating":"1","latitude":"31.7089","longitude":"35.1988","state_id":932,"state_name":"Free State","country_id":204},{"active":false,"Giataid":"614859","cityId":131036,"cityName":"Bethlehem","hotelId":614859,"hotelName":"Paradise Hotel","address":"Manager Street,PO Box 96,21167 Bethlehem,Pal?stina,Palestine","phones":"","fax":"","email":"","url":"http://www.paradisebethlehem.com","countryIso2":"PS","countryName":"Palestine","hotelRating":"4","latitude":"31.7166","longitude":"35.2028","state_id":932,"state_name":"Free State","country_id":204},{"active":false,"Giataid":"618187","cityId":62672,"cityName":"Jericho","hotelId":618187,"hotelName":"Jericho Inn","address":"Moshav Vered Jericho,Vered Yeriho,Palestine","phones":"","fax":"","email":"","url":"","countryIso2":"PS","countryName":"Palestine","hotelRating":"1","latitude":"31.8361","longitude":"35.4351","state_id":3749,"state_name":"Hanover Parish","country_id":108},{"active":false,"Giataid":"623006","cityId":131036,"cityName":"Bethlehem","hotelId":623006,"hotelName":"Shepherd Plaza Hotel","address":"Mountain Road,Bethlehem,Palestinian Territory,Palestine","phones":"","fax":"","email":"","url":"http://www.booking.com/hotel/ps/shepherd-plaza.en-gb.html","countryIso2":"PS","countryName":"Palestine","hotelRating":"1","latitude":"31.7128","longitude":"35.2003","state_id":932,"state_name":"Free State","country_id":204},{"active":false,"Giataid":"628154","cityId":null,"cityName":"Ramallah","hotelId":628154,"hotelName":"Crown Suites Hotel","address":"West Bank-Ramallah,Ramallah,Palestine","phones":"+97097222974003","fax":"","email":"info@crownsuiteshotel.ps","url":"http://crownsuiteshotel.ps/","countryIso2":"PS","countryName":"Palestine","hotelRating":"3","latitude":"31.9173","longitude":"35.1774","state_id":null,"state_name":null,"country_id":null},{"active":false,"Giataid":"628209","cityId":null,"cityName":"Ramallah","hotelId":628209,"hotelName":"Caesar Hotel Ramallah","address":"Almasyoon Heights,173,Ramallah,Palestine","phones":"+97022979400","fax":"+97022979401","email":"info@caesar-hotel.ps","url":"http://caesar-hotel.ps/","countryIso2":"PS","countryName":"Palestine","hotelRating":"4","latitude":"31.8929","longitude":"35.2005","state_id":null,"state_name":null,"country_id":null},{"active":false,"Giataid":"628210","cityId":null,"cityName":"Ramallah","hotelId":628210,"hotelName":"Aladdin Hotel","address":"Ras Al Tahouneh Street,Al Bireh,Ramallah,Palestine","phones":"","fax":"","email":"","url":"http://www.thealaddinhotel.com/","countryIso2":"PS","countryName":"Palestine","hotelRating":"3","latitude":"31.9077","longitude":"35.2116","state_id":null,"state_name":null,"country_id":null},{"active":false,"Giataid":"628211","cityId":131036,"cityName":"Bethlehem","hotelId":628211,"hotelName":"Holy Land Hotel","address":"Karkafa Street,Bethlehem,Palestine","phones":"+97097222778962","fax":"+97097222778961","email":"holylandhotel@hotmail.com","url":"http://www.holylandhotel.net/","countryIso2":"PS","countryName":"Palestine","hotelRating":"1","latitude":"31.7105","longitude":"35.206","state_id":932,"state_name":"Free State","country_id":204},{"active":false,"Giataid":"628212","cityId":131036,"cityName":"Bethlehem","hotelId":628212,"hotelName":"Holy Family Hotel","address":"Beit Sahour Street,Opposite To The Bus Station,Bethlehem,Palestine","phones":"+97097222773432","fax":"+97097222748650","email":"info@holyfamilyhotel.com","url":"http://www.holyfamilyhotel.com/","countryIso2":"PS","countryName":"Palestine","hotelRating":"4","latitude":"31.7052","longitude":"35.2085","state_id":932,"state_name":"Free State","country_id":204},{"active":false,"Giataid":"628213","cityId":null,"cityName":"Ramallah","hotelId":628213,"hotelName":"Alhambra Palace Hotel Suites and Resort","address":"Al Irsal Street,Ramallah,Palestine","phones":"+97097222956226","fax":"+97097222950032","email":"alhambrapalace1@gmail.com","url":"http://www.alhambra-palace-hotel.com/","countryIso2":"PS","countryName":"Palestine","hotelRating":"3","latitude":"31.9067","longitude":"35.206","state_id":null,"state_name":null,"country_id":null},{"active":false,"Giataid":"628214","cityId":131036,"cityName":"Bethlehem","hotelId":628214,"hotelName":"Assaraya Hotel","address":"Caritas Hospital For Children Street,Bethlehem,Palestine","phones":"","fax":"","email":"","url":"","countryIso2":"PS","countryName":"Palestine","hotelRating":"1","latitude":"31.7054","longitude":"35.2024","state_id":932,"state_name":"Free State","country_id":204},{"active":false,"Giataid":"628215","cityId":131036,"cityName":"Bethlehem","hotelId":628215,"hotelName":"Hosh Al-Syrian Guesthouse","address":"Hosh Al Syrian,Bethlehem,Palestine","phones":"+97022747529","fax":"","email":"","url":"http://www.hoshalsyrian.com/","countryIso2":"PS","countryName":"Palestine","hotelRating":"1","latitude":"31.7053","longitude":"35.2042","state_id":932,"state_name":"Free State","country_id":204},{"active":false,"Giataid":"628216","cityId":118234,"cityName":"Hebron","hotelId":628216,"hotelName":"Queen Plaza Hotel","address":"Ein Sara,00712 Hebron,Gouvernement Hebron,West Bank,Palestine","phones":"+97097222223222","fax":"","email":"info@qphotel.ps","url":"http://www.qphotel.ps","countryIso2":"PS","countryName":"Palestine","hotelRating":"4","latitude":"31.5433","longitude":"35.0994","state_id":1435,"state_name":"Connecticut","country_id":233},{"active":false,"Giataid":"628254","cityId":131036,"cityName":"Bethlehem","hotelId":628254,"hotelName":"Al-Amir Hostel","address":"YMCA Street,Biet Sahour,Bethlehem,Palestine","phones":"","fax":"","email":"","url":"","countryIso2":"PS","countryName":"Palestine","hotelRating":"1","latitude":"31.7049","longitude":"35.2304","state_id":932,"state_name":"Free State","country_id":204},{"active":false,"Giataid":"628257","cityId":131036,"cityName":"Bethlehem","hotelId":628257,"hotelName":"Shepherd Hotel","address":"Jamal Abdel Nasser Street,Bethlehem,Palestine","phones":"+97097222740656","fax":"+97097222744888","email":"ShepherdHotelBethlehem@gmail.com","url":"http://www.shepherdbethlehem.com/","countryIso2":"PS","countryName":"Palestine","hotelRating":"4","latitude":"31.7077","longitude":"35.1994","state_id":932,"state_name":"Free State","country_id":204},{"active":false,"Giataid":"628263","cityId":null,"cityName":"Ramallah","hotelId":628263,"hotelName":"Signature Suites (Al Zahra Towers)","address":"Ramallah Al-Balou,Behind Ministry Of Internal Affairs,00972 Ramallah,Palestinian Territories,Palestine","phones":"","fax":"","email":"","url":"","countryIso2":"PS","countryName":"Palestine","hotelRating":"1","latitude":"31.9211","longitude":"35.2165","state_id":null,"state_name":null,"country_id":null},{"active":false,"Giataid":"635365","cityId":131036,"cityName":"Bethlehem","hotelId":635365,"hotelName":"Mul Hayar","address":"3600700 Bet Lehem HaGelilit,Palestine","phones":"","fax":"","email":"","url":"","countryIso2":"PS","countryName":"Palestine","hotelRating":"1","latitude":"31.7054","longitude":"35.2024","state_id":932,"state_name":"Free State","country_id":204},{"active":false,"Giataid":"641467","cityId":null,"cityName":"Kalya","hotelId":641467,"hotelName":"Biankini Dead Sea Resort","address":"Kalia,Dead Sea,Palestine","phones":"","fax":"","email":"","url":"http://www.biankini.com","countryIso2":"PS","countryName":"Palestine","hotelRating":"1","latitude":"31.7597","longitude":"35.5031","state_id":null,"state_name":null,"country_id":null},{"active":false,"Giataid":"641489","cityId":null,"cityName":"Vered Yeriho","hotelId":641489,"hotelName":"Pninat Vered","address":"","phones":"","fax":"","email":"","url":"","countryIso2":"PS","countryName":"Palestine","hotelRating":"1","latitude":"31.8263","longitude":"35.4321","state_id":null,"state_name":null,"country_id":null},{"active":false,"Giataid":"643068","cityId":131036,"cityName":"Bethlehem","hotelId":643068,"hotelName":"Beit Ummar Hostel","address":"Mousa Road,Bethlehem,Palestine","phones":"","fax":"","email":"","url":"","countryIso2":"PS","countryName":"Palestine","hotelRating":"1","latitude":"31.4099","longitude":"35.0793","state_id":932,"state_name":"Free State","country_id":204},{"active":false,"Giataid":"643074","cityId":null,"cityName":"Ramallah","hotelId":643074,"hotelName":"El Mirador Hotel","address":"Tereh Area,Ramallah,Palestine","phones":"+97097297022976474","fax":"+97097297022975691","email":"info@elmirador.ps","url":"http://elmirador.ps/en/","countryIso2":"PS","countryName":"Palestine","hotelRating":"1","latitude":"31.909","longitude":"35.1889","state_id":null,"state_name":null,"country_id":null},{"active":false,"Giataid":"643082","cityId":131036,"cityName":"Bethlehem","hotelId":643082,"hotelName":"Murad Tourist Resort","address":"Beit Sahour Street,P.O. Box 933,Bethlehem,Palestine","phones":"","fax":"","email":"","url":"","countryIso2":"PS","countryName":"Palestine","hotelRating":"1","latitude":"31.708","longitude":"35.2025","state_id":932,"state_name":"Free State","country_id":204},{"active":false,"Giataid":"683930","cityId":null,"cityName":"Ramallah","hotelId":683930,"hotelName":"Lavender Boutique Hotel","address":"24 Al-Nuzha Street,Ramallah,Palestine","phones":"+97022977073","fax":"+97022977073","email":"reservation@lavenderboutiquehotel.com","url":"http://www.lavenderboutiquehotel.com","countryIso2":"PS","countryName":"Palestine","hotelRating":"1","latitude":"31.9001","longitude":"35.2025","state_id":null,"state_name":null,"country_id":null},{"active":false,"Giataid":"693640","cityId":131036,"cityName":"Bethlehem","hotelId":693640,"hotelName":"Dome Hotel Bethlehem","address":"Bethelehem-Hebron Street,Bethlehem,Palestine","phones":"","fax":"","email":"","url":"","countryIso2":"PS","countryName":"Palestine","hotelRating":"1","latitude":"31.708","longitude":"35.2025","state_id":932,"state_name":"Free State","country_id":204},{"active":false,"Giataid":"694647","cityId":null,"cityName":"Ramallah","hotelId":694647,"hotelName":"St. Andrew's Guesthouse Ramallah","address":"5 Lorca Street,Al-Tireh,Ramallah,Ramallah and al-Bireh Governorate,West Bank,Palestine","phones":"+97022989172","fax":"","email":"optima@standrewsguesthouse.org","url":"http://www.standrewsguesthouse.org","countryIso2":"PS","countryName":"Palestine","hotelRating":"1","latitude":"31.9092","longitude":"35.1878","state_id":null,"state_name":null,"country_id":null},{"active":false,"Giataid":"694699","cityId":118234,"cityName":"Hebron","hotelId":694699,"hotelName":"Abu Mazen Hotel & Restaurant","address":"Namera Street,Close to the City Center and Abraham Mosque,Nemra,00970 Hebron,Gouvernement Hebron,West Bank,Palestine","phones":"+97022211113","fax":"+97022211116","email":"info@abumazengroup.com","url":"http://www.abumazengroup.ps","countryIso2":"PS","countryName":"Palestine","hotelRating":"4","latitude":"31.5465","longitude":"35.1044","state_id":1435,"state_name":"Connecticut","country_id":233},{"active":false,"Giataid":"694855","cityId":null,"cityName":"Bait Sahour","hotelId":694855,"hotelName":"Manoly Plaza Hotel","address":"Shepherd Field Street,Beit Sahour,Gouvernement Bethlehem,West Bank,Palestine","phones":"+97022771018","fax":"","email":"reservation@manolyplaza.com","url":"http://manolyplaza.com","countryIso2":"PS","countryName":"Palestine","hotelRating":"1","latitude":"0","longitude":"0","state_id":null,"state_name":null,"country_id":null},{"active":false,"Giataid":"728561","cityId":null,"cityName":"Ramallah","hotelId":728561,"hotelName":"Carmel Hotel Ramallah","address":"Al-Masyoun,Ramallah,Palestinian territories,Palestine","phones":"+97022972222","fax":"+97022966966","email":"info@carmelhotel.ps","url":"http://www.carmelhotel.ps/en","countryIso2":"PS","countryName":"Palestine","hotelRating":"5","latitude":"31.8975","longitude":"35.2003","state_id":null,"state_name":null,"country_id":null},{"active":false,"Giataid":"737800","cityId":null,"cityName":"Ramallah","hotelId":737800,"hotelName":"Ankars Suites & Hotel","address":"Al Masion Main Street,Sodqi Al Dajani,Ramallah 0097,Palestine","phones":"","fax":"","email":"","url":"","countryIso2":"PS","countryName":"Palestine","hotelRating":"1","latitude":"31.9068","longitude":"35.2047","state_id":null,"state_name":null,"country_id":null},{"active":false,"Giataid":"743302","cityId":62672,"cityName":"Jericho","hotelId":743302,"hotelName":"Nof Canaan","address":"25 Nahal Ashalim,90618 Kfar Adumim,West Bank,Palestine","phones":"","fax":"","email":"","url":"","countryIso2":"PS","countryName":"Palestine","hotelRating":"1","latitude":"31.8361","longitude":"35.4351","state_id":3749,"state_name":"Hanover Parish","country_id":108},{"active":false,"Giataid":"131788","cityId":62672,"cityName":"Jericho","hotelId":752507,"hotelName":"Jericho Resort Village","address":"111 Bisan Street,Jericho,PO Box: 162,Palestine","phones":"","fax":"","email":"","url":"","countryIso2":"PS","countryName":"Palestine","hotelRating":"1","latitude":"31.8361","longitude":"35.4351","state_id":3749,"state_name":"Hanover Parish","country_id":108},{"active":false,"Giataid":"800562","cityId":131036,"cityName":"Bethlehem","hotelId":800562,"hotelName":"Sancta Maria Hotel","address":"Dr. Geminer Street,PO Box 885-481,Bethlehem,Palestine","phones":"","fax":"","email":"info@sanctamariahotel.com","url":"http://sanctamariahotel.com","countryIso2":"PS","countryName":"Palestine","hotelRating":"1","latitude":"31.708","longitude":"35.2025","state_id":932,"state_name":"Free State","country_id":204},{"active":false,"Giataid":"801597","cityId":131036,"cityName":"Bethlehem","hotelId":801597,"hotelName":"Innova8ion Hotel","address":"21 Attan Street,Bethlehem,Palestine","phones":"+97022768868","fax":"+97022768867","email":"","url":"http://www.innova8ion.org","countryIso2":"PS","countryName":"Palestine","hotelRating":"1","latitude":"31.708","longitude":"35.2025","state_id":932,"state_name":"Free State","country_id":204},{"active":false,"Giataid":"801690","cityId":62672,"cityName":"Jericho","hotelId":801690,"hotelName":"Lazurde Resort","address":"New Hospital Street 92,67171 Jericho,Palestine","phones":"","fax":"","email":"","url":"","countryIso2":"PS","countryName":"Palestine","hotelRating":"1","latitude":"31.8361","longitude":"35.4351","state_id":3749,"state_name":"Hanover Parish","country_id":108},{"active":false,"Giataid":"802389","cityId":null,"cityName":"Nablus","hotelId":802389,"hotelName":"Saleem Afandi Hotel","address":"City Center Commercial Complex,7 Floor,Al Husain City Centre,Nablus,Palestine","phones":"","fax":"","email":"","url":"http://www.saleemafandihotel.ps","countryIso2":"PS","countryName":"Palestine","hotelRating":"5","latitude":"32.2204","longitude":"35.261","state_id":null,"state_name":null,"country_id":null},{"active":false,"Giataid":"802421","cityId":null,"cityName":"Nablus","hotelId":802421,"hotelName":"Khan Alwakala Hotel","address":"Old City,Soq Al Hadaden,Nablus,West Bank,Palestine","phones":"","fax":"","email":"info@kawhotel.com","url":"https://www.kawhotel.com","countryIso2":"PS","countryName":"Palestine","hotelRating":"1","latitude":"32.2204","longitude":"35.261","state_id":null,"state_name":null,"country_id":null},{"active":false,"Giataid":"804872","cityId":null,"cityName":"Nablus","hotelId":804872,"hotelName":"Success Hostel","address":"Old City,Al-garb District,East Al-khader Mosque,Nablus,Palestine","phones":"","fax":"","email":"","url":"","countryIso2":"PS","countryName":"Palestine","hotelRating":"1","latitude":"32.2204","longitude":"35.261","state_id":null,"state_name":null,"country_id":null},{"active":false,"Giataid":"805911","cityId":131036,"cityName":"Bethlehem","hotelId":805911,"hotelName":"Golden Park Resort","address":"Beit Sahour Alquds Street,Bethlehem,Palestine","phones":"+97097222774414","fax":"","email":"goldenparkresort@hotmail.com","url":"http://www.goldenparkresort.ps","countryIso2":"PS","countryName":"Palestine","hotelRating":"1","latitude":"31.6974","longitude":"35.2286","state_id":932,"state_name":"Free State","country_id":204},{"active":false,"Giataid":"805929","cityId":null,"cityName":"Nablus","hotelId":805929,"hotelName":"Crystal Motel","address":"Faisal Street,Nablus,Palestine","phones":"","fax":"","email":"","url":"","countryIso2":"PS","countryName":"Palestine","hotelRating":"1","latitude":"32.2204","longitude":"35.261","state_id":null,"state_name":null,"country_id":null},{"active":false,"Giataid":"806991","cityId":null,"cityName":"Nablus","hotelId":806991,"hotelName":"Isra Hotel","address":"Sufian Street,Western Compound,Nablus,Palestine","phones":"","fax":"","email":"","url":"","countryIso2":"PS","countryName":"Palestine","hotelRating":"1","latitude":"32.2204","longitude":"35.261","state_id":null,"state_name":null,"country_id":null},{"active":false,"Giataid":"808325","cityId":131036,"cityName":"Bethlehem","hotelId":808325,"hotelName":"House Of Peace","address":"10 Saff Street,Wad Ma'ali,Next To Malhamet Inyaz,Bethlehem 21078,Palestine","phones":"","fax":"","email":"","url":"","countryIso2":"PS","countryName":"Palestine","hotelRating":"1","latitude":"31.7055","longitude":"35.2002","state_id":932,"state_name":"Free State","country_id":204},{"active":false,"Giataid":"808349","cityId":null,"cityName":"Nablus","hotelId":808349,"hotelName":"Royal Suites","address":"Rafidya Main Road,Next to Alrawda Mosque,Nablus 99111,Palestine","phones":"","fax":"","email":"","url":"","countryIso2":"PS","countryName":"Palestine","hotelRating":"1","latitude":"32.2204","longitude":"35.261","state_id":null,"state_name":null,"country_id":null},{"active":false,"Giataid":"808391","cityId":131036,"cityName":"Bethlehem","hotelId":808391,"hotelName":"Habibi Hostel","address":"Palestine Street,Second Floor,Bethlehem,Palestine","phones":"","fax":"","email":"","url":"","countryIso2":"PS","countryName":"Palestine","hotelRating":"1","latitude":"31.708","longitude":"35.2025","state_id":932,"state_name":"Free State","country_id":204},{"active":false,"Giataid":"809469","cityId":131036,"cityName":"Bethlehem","hotelId":809469,"hotelName":"Residence Hotel","address":"Beitsahour,Bethlehem,Palestine","phones":"+97022771002","fax":"","email":"info@residencehotel.ps","url":"http://www.residencehotel.ps","countryIso2":"PS","countryName":"Palestine","hotelRating":"1","latitude":"31.708","longitude":"35.2025","state_id":932,"state_name":"Free State","country_id":204},{"active":false,"Giataid":"809487","cityId":null,"cityName":"Ramallah","hotelId":809487,"hotelName":"Area D Hostel","address":"Jamal Abdel Nasser Street,Top Floor,Maliki Building,1111 Ramallah,Palestine","phones":"+970972569349042","fax":"","email":"info@ramallahhostel.com","url":"http://ramallahhostel.com","countryIso2":"PS","countryName":"Palestine","hotelRating":"1","latitude":"31.9047","longitude":"35.207","state_id":null,"state_name":null,"country_id":null},{"active":false,"Giataid":"809520","cityId":131036,"cityName":"Bethlehem","hotelId":809520,"hotelName":"Abrahams Herberge","address":"Virgin Mary Street,Bethlehem,Palestine","phones":"","fax":"","email":"","url":"","countryIso2":"PS","countryName":"Palestine","hotelRating":"1","latitude":"31.708","longitude":"35.2025","state_id":932,"state_name":"Free State","country_id":204},{"active":false,"Giataid":"810805","cityId":131036,"cityName":"Bethlehem","hotelId":810805,"hotelName":"Bunksurfing Hostel","address":"Al Hurreya Street,Al Dawha,Bethlehem,Palestine","phones":"","fax":"","email":"bunksurfinghostel@gmail.com","url":"http://bunksurfinghostel.com","countryIso2":"PS","countryName":"Palestine","hotelRating":"1","latitude":"31.708","longitude":"35.2025","state_id":932,"state_name":"Free State","country_id":204},{"active":false,"Giataid":"820451","cityId":null,"cityName":"Ramallah","hotelId":820451,"hotelName":"Habibi Hostel Ramallah","address":"5 Mario Hanna Alma'madani Amira Alya,building 18,apartment 101,Ramallah,Palestine","phones":"","fax":"","email":"","url":"","countryIso2":"PS","countryName":"Palestine","hotelRating":"1","latitude":"31.9068","longitude":"35.2047","state_id":null,"state_name":null,"country_id":null},{"active":false,"Giataid":"822245","cityId":null,"cityName":"Ramallah","hotelId":822245,"hotelName":"Hostel In Ramallah","address":"12 Al Nozha Street,near Ramallah library Al Maktaba,2119 Ramallah,Palestine","phones":"","fax":"","email":"","url":"","countryIso2":"PS","countryName":"Palestine","hotelRating":"1","latitude":"31.9022","longitude":"35.2028","state_id":null,"state_name":null,"country_id":null},{"active":false,"Giataid":"830539","cityId":null,"cityName":"Nablus","hotelId":830539,"hotelName":"Orient Motel","address":"NULL","phones":"+97092380097","fax":"","email":"info@orientmotel.ps","url":"http://www.orientmotel.ps/","countryIso2":"PS","countryName":"Palestine","hotelRating":"1","latitude":"32.2204","longitude":"35.261","state_id":null,"state_name":null,"country_id":null}]