[{"active":false,"Giataid":"245238","cityId":null,"cityName":"Niue Island","hotelId":245238,"hotelName":"Scenic Matavai Resort Niue","address":"Tapeu-Porritt Road,Tamakautoga,Niue,Niue","phones":"+6834368","fax":"+6834361","email":"matavai@niue.nu","url":"http://www.niueisland.com/content/accommodation","countryIso2":"NU","countryName":"Niue","hotelRating":"3","latitude":"-19.0547","longitude":"-169.919","state_id":null,"state_name":null,"country_id":null},{"active":false,"Giataid":"365586","cityId":null,"cityName":"Niue Island","hotelId":365586,"hotelName":"Namukulu Cottages & Spa","address":"","phones":"","fax":"","email":"","url":"","countryIso2":"NU","countryName":"Niue","hotelRating":"3","latitude":"-18.9836","longitude":"-169.897","state_id":null,"state_name":null,"country_id":null},{"active":false,"Giataid":"365587","cityId":null,"cityName":"Niue Island","hotelId":365587,"hotelName":"Restoration Reef","address":"","phones":"","fax":"","email":"","url":"","countryIso2":"NU","countryName":"Niue","hotelRating":"1","latitude":"-19.0547","longitude":"-169.919","state_id":null,"state_name":null,"country_id":null},{"active":false,"Giataid":"365588","cityId":null,"cityName":"Niue Island","hotelId":365588,"hotelName":"Stone Villas","address":"","phones":"","fax":"","email":"","url":"","countryIso2":"NU","countryName":"Niue","hotelRating":"1","latitude":"-19.0547","longitude":"-169.919","state_id":null,"state_name":null,"country_id":null},{"active":false,"Giataid":"682932","cityId":null,"cityName":"Alofi","hotelId":682932,"hotelName":"Taloa Heights","address":"1 Halamahaga Road,Alofi,Niue Island,Niue","phones":"+6836478231217","fax":"","email":"taloaheights@niue.nu","url":"http://taloaheightsniue.nu/","countryIso2":"NU","countryName":"Niue","hotelRating":"1","latitude":"-19.0923","longitude":"-169.921","state_id":null,"state_name":null,"country_id":null},{"active":false,"Giataid":"245237","cityId":null,"cityName":"Niue Island","hotelId":20001685,"hotelName":"Kololi's Motel","address":"P.O. Box 177,Alofi,Niue Island,Niue","phones":"+6834171","fax":"+6834010","email":"rupina@niue.nu","url":"http://www.niueaccommodation.nu/","countryIso2":"NU","countryName":"Niue","hotelRating":"0","latitude":"-19.0547","longitude":"-169.919","state_id":null,"state_name":null,"country_id":null},{"active":false,"Giataid":"245236","cityId":null,"cityName":"Niue Island","hotelId":20002366,"hotelName":"Coral Gardens Motel","address":"P.O. Box 91,Alofi,Niue Island,Niue","phones":"+6834235","fax":"","email":"coralgardens@mail.nu","url":"http://www.coralgardens.nu/","countryIso2":"NU","countryName":"Niue","hotelRating":"0","latitude":"-19.0132","longitude":"-169.923","state_id":null,"state_name":null,"country_id":null}]