[{"active":false,"Giataid":"39389","cityId":null,"cityName":"Riffa","hotelId":39389,"hotelName":"Royal Golf Club","address":"P.O. Box 39117,Riffa,Bahrain","phones":"+97317750777","fax":"+97317750756","email":"shavrilla@troongolf.com","url":"http://theroyalgolfclub.com/","countryIso2":"BH","countryName":"Bahrain","hotelRating":"1","latitude":"26.0919","longitude":"50.5666","state_id":null,"state_name":null,"country_id":null},{"active":false,"Giataid":"133726","cityId":null,"cityName":"Hawar Islands","hotelId":133726,"hotelName":"Hawar Beach Hotel","address":"Durrat Marina Yacht Club,Al Rifa` Wa Al Mintaqah Al Janubiyah,Hawar Island,Bahrain","phones":"+97317641666","fax":"","email":"","url":"","countryIso2":"BH","countryName":"Bahrain","hotelRating":"4","latitude":"25.6509","longitude":"50.7424","state_id":null,"state_name":null,"country_id":null},{"active":false,"Giataid":"203132","cityId":null,"cityName":"Amwaj","hotelId":203132,"hotelName":"The Dragon Resort Hotel","address":"PO Box 15572,Amwaj Island,Bahrain","phones":"+97316031111","fax":"+97316033844","email":"jack.morais@thesealoft.com","url":"http://www.dragonresorthotel.com/","countryIso2":"BH","countryName":"Bahrain","hotelRating":"5","latitude":"26.2869","longitude":"50.671","state_id":null,"state_name":null,"country_id":null},{"active":false,"Giataid":"208813","cityId":null,"cityName":"Seef","hotelId":208813,"hotelName":"Elite Tower Residences","address":"Road 2803,Building 194,Seef 424,Bahrain","phones":"+97317587555","fax":"+97317587676","email":"cro@elitegroup4u.com","url":"http://www.elitegrouphotels.com/","countryIso2":"BH","countryName":"Bahrain","hotelRating":"4","latitude":"26.2402","longitude":"50.5362","state_id":null,"state_name":null,"country_id":null},{"active":false,"Giataid":"231927","cityId":null,"cityName":"Zallaq","hotelId":231927,"hotelName":"Sofitel Bahrain Zallaq Thalassa Sea & Spa","address":"105 Zallaq Highway 2015,Block 1055,P.O. Box 5554,Zallaq,Manama,Bahrain","phones":"+97317636363","fax":"","email":"H6722@sofitel.com","url":"http://www.sofitel.com/gb/hotel-6722-sofitel-bahrain-zallaq-thalassa-sea-spa/index.shtml","countryIso2":"BH","countryName":"Bahrain","hotelRating":"5","latitude":"26.053","longitude":"50.4849","state_id":null,"state_name":null,"country_id":null},{"active":false,"Giataid":"292340","cityId":null,"cityName":"Muharraq","hotelId":292340,"hotelName":"Majestic Arjaan By Rotana","address":"Road 2833,PO Box 22003,Bahrain International Airport,Muharraq,Manama,Bahrain","phones":"+97317370000","fax":"","email":"","url":"","countryIso2":"BH","countryName":"Bahrain","hotelRating":"4","latitude":"26.2644","longitude":"50.6026","state_id":null,"state_name":null,"country_id":null},{"active":false,"Giataid":"434000","cityId":null,"cityName":"Amwaj","hotelId":434000,"hotelName":"The Dragon Hotel & Resort & Sea Loft Chalets","address":"Road 5718,P.O. Box 15572,Block 257,Floating City,Amwaj Islands,Muharraq Governorate,Bahrain","phones":"+97316031111","fax":"+97316031122","email":"fo@dragonresorthotel.com","url":"http://www.dragonresorthotel.com/index.php","countryIso2":"BH","countryName":"Bahrain","hotelRating":"5","latitude":"26.2865","longitude":"50.6719","state_id":null,"state_name":null,"country_id":null},{"active":false,"Giataid":"545853","cityId":null,"cityName":"Muharraq","hotelId":545853,"hotelName":"Gulf Residence Amwaj","address":"Road 5715,Building 1830 Block 257,PO BOX  22092,Muharraq,Amwaj Islands Kingdom of Bahrain,Bahrain","phones":"+97316030001","fax":"+97316030011","email":"info@gulfresidenceamwaj.com","url":"https://gulfresidenceamwaj.com","countryIso2":"BH","countryName":"Bahrain","hotelRating":"4","latitude":"26.287","longitude":"50.6663","state_id":null,"state_name":null,"country_id":null},{"active":false,"Giataid":"553289","cityId":null,"cityName":"Budaiya","hotelId":553289,"hotelName":"Lagoona Beach Luxury Resort and Spa","address":"Entrance 26,Avenue 63 Block 555,Budaiya,Bahrain","phones":"+97316630000","fax":"","email":"info@lagoonabeachbahrain.com","url":"http://www.lagoonabeachbahrain.com/index","countryIso2":"BH","countryName":"Bahrain","hotelRating":"5","latitude":"26.2039","longitude":"50.4494","state_id":null,"state_name":null,"country_id":null},{"active":false,"Giataid":"556572","cityId":null,"cityName":"Amwaj","hotelId":556572,"hotelName":"Ramada Hotel and Suites Amwaj Islands Manama","address":"Road 5715,Building 1741, Block 257,Amwaj,Bahrain","phones":"+97316000099","fax":"+97316000098","email":"Info@Ramada-Manama-Amwaj.com","url":"http://www.ramada.com/hotels/bahraimwaj/ramada-hotel-and-suites-amwaj-island/hotel-overview","countryIso2":"BH","countryName":"Bahrain","hotelRating":"4","latitude":"26.2926","longitude":"50.6639","state_id":null,"state_name":null,"country_id":null},{"active":false,"Giataid":"585305","cityId":null,"cityName":"Juffair","hotelId":585305,"hotelName":"Parkside Orange Suites","address":"Road 2421,Building 1235,Block 324,Muharraq Town,Juffair 324,Bahrain","phones":"+97317222888","fax":"+97317222880","email":"fo@orangesuitesbahrain.com","url":"http://parksidehotels.com/hotel.asp?hotelid=76","countryIso2":"BH","countryName":"Bahrain","hotelRating":"4","latitude":"26.2168","longitude":"50.6112","state_id":null,"state_name":null,"country_id":null},{"active":false,"Giataid":"610968","cityId":null,"cityName":"Hamala","hotelId":610968,"hotelName":"Hamala Beach Resort","address":"Road 977,Avenue 1009,Al Hamala Area,PO Box 1146,Hamala,Manama,Bahrain","phones":"","fax":"","email":"","url":"http://www.hamalabeachresort.com/","countryIso2":"BH","countryName":"Bahrain","hotelRating":"1","latitude":"26.134","longitude":"50.4596","state_id":null,"state_name":null,"country_id":null},{"active":false,"Giataid":"678737","cityId":null,"cityName":"Seef","hotelId":678737,"hotelName":"Al Manzil Residence","address":"Building 651 Road 3614,Block 436,Al Seef 973,Bahrain","phones":"+97317000440","fax":"+97317000443","email":"reservation@almanzilresidence.com","url":"http://www.almanzilresidence.com","countryIso2":"BH","countryName":"Bahrain","hotelRating":"1","latitude":"26.24","longitude":"50.5339","state_id":null,"state_name":null,"country_id":null},{"active":false,"Giataid":"408787","cityId":null,"cityName":"Seef","hotelId":10076343,"hotelName":"Ramee Grand Hotel & Spa, Manama Bahrain","address":"Building 999,Road 2813,Block Al Seef 428,Manama-11538,Bahrain","phones":"973-1-7111999","fax":"973-3-9953438","email":"reservations@rameegrandbahrain.com","url":"http://www.rameegrandbahrain.com","countryIso2":"BH","countryName":"Bahrain","hotelRating":"5","latitude":"26.2353","longitude":"50.5359","state_id":null,"state_name":null,"country_id":null},{"active":false,"Giataid":"939016","cityId":null,"cityName":"Juffair","hotelId":20278227,"hotelName":"Al Nawaras Aparthotel","address":"Avenue 22,Building 99,Block 324,Juffair,Manama,Bahrain","phones":"","fax":"","email":"","url":"","countryIso2":"BH","countryName":"Bahrain","hotelRating":"1","latitude":"26.2211","longitude":"50.6061","state_id":null,"state_name":null,"country_id":null},{"active":false,"Giataid":"739573","cityId":null,"cityName":"Hamala","hotelId":20278231,"hotelName":"Dana Homes Resort","address":"Road 0006,Block 1010,Resort 256,Al Hamala,Bahrain","phones":"","fax":"","email":"reservation@danahomesbh.com","url":"http://danahomesbh.com","countryIso2":"BH","countryName":"Bahrain","hotelRating":"0","latitude":"26.1484","longitude":"50.4705","state_id":null,"state_name":null,"country_id":null},{"active":false,"Giataid":"751637","cityId":null,"cityName":"Juffair","hotelId":20278235,"hotelName":"President Waves","address":"Road 2444,Block 324,Juffair Avenue Building 3033,Juffair 340,Manama,Bahrain","phones":"","fax":"","email":"","url":"","countryIso2":"BH","countryName":"Bahrain","hotelRating":"3","latitude":"26.2151","longitude":"50.6185","state_id":null,"state_name":null,"country_id":null},{"active":false,"Giataid":"749608","cityId":null,"cityName":"Juffair","hotelId":20278240,"hotelName":"Zubara Plaza II","address":"Building 119,Road 22,Juffair 324,Bahrain","phones":"+97335190288","fax":"+97317813880","email":"jay@zubaraplaza2.com","url":"http://www.zubaraplaza2.com/","countryIso2":"BH","countryName":"Bahrain","hotelRating":"3","latitude":"26.2183","longitude":"50.6143","state_id":null,"state_name":null,"country_id":null},{"active":false,"Giataid":"862622","cityId":null,"cityName":"Juffair","hotelId":20278241,"hotelName":"Arch Hotel, BW Signature Collection by Best Western","address":"Building 1118,Road 2419,Block 324,Juffair,Manama,Bahrain","phones":"+97317116611","fax":"","email":"","url":"http://www.archhotelbahrain.com/","countryIso2":"BH","countryName":"Bahrain","hotelRating":"4","latitude":"26.2199","longitude":"50.61","state_id":null,"state_name":null,"country_id":null},{"active":false,"Giataid":"732902","cityId":null,"cityName":"Zallaq","hotelId":20278244,"hotelName":"Bahrain Beach Resort","address":"Road 6121,Building 1011,Al Jazaer Beach,Az Zallaq,Zellaq 1061,Bahrain","phones":"","fax":"","email":"","url":"","countryIso2":"BH","countryName":"Bahrain","hotelRating":"0","latitude":"25.9961","longitude":"50.4667","state_id":null,"state_name":null,"country_id":null},{"active":false,"Giataid":"751646","cityId":null,"cityName":"Juffair","hotelId":20278257,"hotelName":"President Suites Apartments","address":"Building 783,Road 2412,Block 324,Juffair 340,Manama,Bahrain","phones":"","fax":"","email":"","url":"","countryIso2":"BH","countryName":"Bahrain","hotelRating":"3","latitude":"26.2184","longitude":"50.6016","state_id":null,"state_name":null,"country_id":null},{"active":false,"Giataid":"947264","cityId":null,"cityName":"Juffair","hotelId":20390107,"hotelName":"Land Mark 2","address":"Road 4026,Building 1284,Block 340,Juffair 999,Bahrain","phones":"","fax":"","email":"","url":"","countryIso2":"BH","countryName":"Bahrain","hotelRating":"1","latitude":"26.2183","longitude":"50.6143","state_id":null,"state_name":null,"country_id":null},{"active":false,"Giataid":"985000","cityId":null,"cityName":"Juffair","hotelId":20425727,"hotelName":"Mushan Palace","address":"Road 4022 Building 1069,Juffair 340,Bahrain","phones":"","fax":"","email":"","url":"","countryIso2":"BH","countryName":"Bahrain","hotelRating":"3","latitude":"26.2183","longitude":"50.6143","state_id":null,"state_name":null,"country_id":null},{"active":false,"Giataid":"984983","cityId":null,"cityName":"Juffair","hotelId":20425728,"hotelName":"Dcr","address":"Road 2468 Block 324,DCR Building 4546,PO Box 70700,Juffair 324,Bahrain","phones":"","fax":"","email":"","url":"","countryIso2":"BH","countryName":"Bahrain","hotelRating":"1","latitude":"26.2183","longitude":"50.6143","state_id":null,"state_name":null,"country_id":null}]