[{"active":false,"Giataid":"32104","cityId":null,"cityName":"Anasco","hotelId":32104,"hotelName":"Rincon Beach Resort","address":"Road 115 Km 5.8,A?asco,Puerto Rico 00610,Puerto Rico","phones":"+7875899000","fax":"+7875899040","email":"reservations@rinconbeach.com","url":"http://www.rinconbeach.com/pages/about_us.html","countryIso2":"PR","countryName":"Puerto Rico","hotelRating":"3","latitude":"18.2953","longitude":"-67.2091","state_id":null,"state_name":null,"country_id":null},{"active":false,"Giataid":"187779","cityId":null,"cityName":"Bayam?n","hotelId":187779,"hotelName":"San Miguel Plaza","address":"Calle Santa Cruz,Esquina Calle De La Rosa,Bayamon 00961-7011,Puerto Rico","phones":"","fax":"","email":"","url":"","countryIso2":"PR","countryName":"Puerto Rico","hotelRating":"3","latitude":"18.3967","longitude":"-66.1462","state_id":null,"state_name":null,"country_id":null},{"active":false,"Giataid":"323329","cityId":null,"cityName":"Mayag?ez","hotelId":323329,"hotelName":"IHP Mayaguez Plaza","address":"NULL","phones":"","fax":"","email":"","url":"","countryIso2":"PR","countryName":"Puerto Rico","hotelRating":"1","latitude":"18.2013","longitude":"-67.1452","state_id":null,"state_name":null,"country_id":null},{"active":false,"Giataid":"643342","cityId":null,"cityName":"Cidra Pueblo (Cidra)","hotelId":643342,"hotelName":"Hotel Treasure Island Cidra","address":"Carretera 172 Km 13.5,El Jibaro Industrial Avenue,Cidra,Puerto Rico","phones":"","fax":"","email":"","url":"","countryIso2":"PR","countryName":"Puerto Rico","hotelRating":"1","latitude":"18.1843","longitude":"-66.1491","state_id":null,"state_name":null,"country_id":null},{"active":false,"Giataid":"406130","cityId":null,"cityName":"Bayam?n","hotelId":10051999,"hotelName":"Hyatt Place San Juan/Bayamon","address":"Avenida Ram?n Luis Rivera,Bayam?n 00961,Puerto Rico,Puerto Rico","phones":"+17877795000","fax":"","email":"","url":"","countryIso2":"PR","countryName":"Puerto Rico","hotelRating":"3","latitude":"18.4082","longitude":"-66.1598","state_id":null,"state_name":null,"country_id":null},{"active":false,"Giataid":"515165","cityId":null,"cityName":"Mayag?ez","hotelId":10067700,"hotelName":"Posada Hotel Colonial","address":"14 Iglesia street,Mayaguez 00680,Puerto Rico","phones":"+17878332150","fax":"","email":"","url":"","countryIso2":"PR","countryName":"Puerto Rico","hotelRating":"2","latitude":"18.2004","longitude":"-67.138","state_id":null,"state_name":null,"country_id":null},{"active":false,"Giataid":"532045","cityId":null,"cityName":"Cidra Pueblo (Cidra)","hotelId":10068911,"hotelName":"Cidra Country Club - Inn & Villas","address":"Road 172,Km 13.5 Interior,Urbanizaci?n Avenida Industrial El Jibaro,Cidra PR 00739,Puerto Rico","phones":"+17877143838","fax":"","email":"","url":"","countryIso2":"PR","countryName":"Puerto Rico","hotelRating":"3","latitude":"18.1845","longitude":"-66.1495","state_id":null,"state_name":null,"country_id":null},{"active":false,"Giataid":"406129","cityId":null,"cityName":"Manat?","hotelId":10070768,"hotelName":"Hyatt Place Manati","address":"122 Carretera PR-2,Manati 00674,Puerto Rico","phones":"+17878541000","fax":"","email":"","url":"","countryIso2":"PR","countryName":"Puerto Rico","hotelRating":"3","latitude":"18.4334","longitude":"-66.4764","state_id":null,"state_name":null,"country_id":null},{"active":false,"Giataid":"187692","cityId":null,"cityName":"San Sebasti?n","hotelId":20003341,"hotelName":"Hotel Hacienda El Jibarito","address":"Carr 445 km 6.5,Interior Barrio Saltos II,San Sebasti?n 00685,Puerto Rico","phones":"+17872804040","fax":"","email":"reservaciones@haciendaeljibarito.com","url":"http://www.haciendaeljibarito.com","countryIso2":"PR","countryName":"Puerto Rico","hotelRating":"3","latitude":"18.3778","longitude":"-67.0287","state_id":null,"state_name":null,"country_id":null},{"active":false,"Giataid":"334315","cityId":null,"cityName":"San Sebasti?n","hotelId":20005729,"hotelName":"Las Villas del Pepino","address":"San Sebastian,Puerto Rico","phones":"","fax":"","email":"","url":"","countryIso2":"PR","countryName":"Puerto Rico","hotelRating":"0","latitude":"18.3355","longitude":"-66.9946","state_id":null,"state_name":null,"country_id":null},{"active":false,"Giataid":"512090","cityId":null,"cityName":"Bayam?n","hotelId":20006062,"hotelName":"Caparra Village Luxury Retreat","address":"Jardines de Caparra Calle 3 B 29,Bayamon 00959,Puerto Rico","phones":"","fax":"","email":"","url":"","countryIso2":"PR","countryName":"Puerto Rico","hotelRating":"3","latitude":"18.3975","longitude":"-66.1282","state_id":null,"state_name":null,"country_id":null},{"active":false,"Giataid":"109555","cityId":null,"cityName":"Aquadilla","hotelId":20009211,"hotelName":"La Cima Hotel San Juan","address":"km 9.2 Road 110,Aguadilla,Puerto Rico","phones":"","fax":"","email":"","url":"","countryIso2":"PR","countryName":"Puerto Rico","hotelRating":"2","latitude":"18.409","longitude":"-67.1553","state_id":null,"state_name":null,"country_id":null},{"active":false,"Giataid":"726078","cityId":null,"cityName":"San Germ?n","hotelId":20010167,"hotelName":"Hostal Universitario","address":"PO Box 5100,00683 San Germ?n,Puerto Rico","phones":"+17872642350","fax":"","email":"linvega@intersg.edu","url":"http://www.hostaluniversitario.com","countryIso2":"PR","countryName":"Puerto Rico","hotelRating":"0","latitude":"18.0849","longitude":"-67.0441","state_id":null,"state_name":null,"country_id":null},{"active":false,"Giataid":"371634","cityId":null,"cityName":"San Germ?n","hotelId":20019396,"hotelName":"Hotel Oasis","address":"72 Avenida Universidad Interamericana,PO Box 144,San German 00683,Puerto Rico","phones":"+17878921175","fax":"+17878924546","email":"paradoroasissangerman@yahoo.com","url":"http://paradoroasissangerman.com","countryIso2":"PR","countryName":"Puerto Rico","hotelRating":"2","latitude":"18.0815","longitude":"-67.0441","state_id":null,"state_name":null,"country_id":null},{"active":false,"Giataid":"162044","cityId":null,"cityName":"San Germ?n","hotelId":20022432,"hotelName":"Hotel Villa Del Rey","address":"km 0.8 Road 361,Camn Alto,San German 00683,Puerto Rico","phones":"","fax":"","email":"","url":"","countryIso2":"PR","countryName":"Puerto Rico","hotelRating":"0","latitude":"18.1022","longitude":"-67.0376","state_id":null,"state_name":null,"country_id":null},{"active":false,"Giataid":"936075","cityId":null,"cityName":"San Sebasti?n","hotelId":20362427,"hotelName":"Casa Campo Bed And Breakfast","address":"Carraetera 111 km 15.4,Urbanization Pozas Hill Int,Urbanization Pozas Hill 10,San Sebastian 00685,Puerto Rico","phones":"","fax":"","email":"","url":"http://casacampopr.com","countryIso2":"PR","countryName":"Puerto Rico","hotelRating":"0","latitude":"18.3566","longitude":"-67.0117","state_id":null,"state_name":null,"country_id":null},{"active":false,"Giataid":"936129","cityId":null,"cityName":"San Sebasti?n","hotelId":20362448,"hotelName":"Villas Del Rey Hotel","address":"Road 125 km 19.6,Interior Sector Rosado Bo. Pozas,San Sebastian 00685,Puerto Rico","phones":"","fax":"","email":"","url":"","countryIso2":"PR","countryName":"Puerto Rico","hotelRating":"0","latitude":"18.3566","longitude":"-67.0117","state_id":null,"state_name":null,"country_id":null},{"active":false,"Giataid":"513867","cityId":null,"cityName":"Anasco","hotelId":20362466,"hotelName":"Yukayeke Playa Resort","address":"Carretera 401 km 2.8,Anasco 00677,Puerto Rico","phones":"+18325429472","fax":"+17878266428","email":"info@yukayekeplayaresort.com","url":"http://puertoricobeachfrontresort.com/","countryIso2":"PR","countryName":"Puerto Rico","hotelRating":"0","latitude":"18.2763","longitude":"-67.1875","state_id":null,"state_name":null,"country_id":null},{"active":false,"Giataid":"499651","cityId":null,"cityName":"Manat?","hotelId":20362469,"hotelName":"Manati World Point Inn","address":"PR 685 Km 2.2 Int,Manati 00674,Puerto Rico","phones":"","fax":"","email":"","url":"","countryIso2":"PR","countryName":"Puerto Rico","hotelRating":"3","latitude":"18.447","longitude":"-66.4953","state_id":null,"state_name":null,"country_id":null},{"active":false,"Giataid":"730898","cityId":null,"cityName":"Manat?","hotelId":20362471,"hotelName":"Manati City Inn Hotels","address":"18 Calle Bentances,Manati 00674,Puerto Rico","phones":"","fax":"","email":"","url":"","countryIso2":"PR","countryName":"Puerto Rico","hotelRating":"0","latitude":"18.4268","longitude":"-66.4796","state_id":null,"state_name":null,"country_id":null},{"active":false,"Giataid":"905186","cityId":null,"cityName":"San Germ?n","hotelId":20362475,"hotelName":"A 2 Tiempos Ays Bed & Breakfast","address":"Calle Dr. Santiago Veve,San German 00683,Puerto Rico","phones":"","fax":"","email":"a2tiempos@yahoo.com","url":"http://www.a2tiempos.com/index.html","countryIso2":"PR","countryName":"Puerto Rico","hotelRating":"0","latitude":"18.0849","longitude":"-67.0441","state_id":null,"state_name":null,"country_id":null},{"active":false,"Giataid":"670309","cityId":null,"cityName":"Manat?","hotelId":20362482,"hotelName":"Casona Bella Vista","address":"Barrio Jaguas,Carr 149 Km 17.8,,Ciales,Puerto Rico","phones":"+17874086635","fax":"","email":"sonia@casonabellavista.com","url":"http://www.casonabellavista.com/","countryIso2":"PR","countryName":"Puerto Rico","hotelRating":"2","latitude":"18.3082","longitude":"-66.477","state_id":null,"state_name":null,"country_id":null},{"active":false,"Giataid":"517545","cityId":null,"cityName":"Manat?","hotelId":20362486,"hotelName":"Caribbean Luxury Apartments","address":"FF128 Calle 3,Urbanizacion Extensi?n O'Neill,Manat? 00674,Puerto Rico","phones":"","fax":"","email":"","url":"","countryIso2":"PR","countryName":"Puerto Rico","hotelRating":"3","latitude":"18.4268","longitude":"-66.4795","state_id":null,"state_name":null,"country_id":null}]