[{"active":false,"Giataid":"41732","cityId":46081,"cityName":"Saint-Jean","hotelId":41732,"hotelName":"Le Tom Beach","address":"Plage de St. Jean,BP 1058,97133 St. Barthelemy,Saint-Barthelemy","phones":"+590590275313","fax":"","email":"contact@tomsbeach.com","url":"http://tombeach.com/","countryIso2":"BL","countryName":"Saint-Barthelemy","hotelRating":"3","latitude":"17.9035","longitude":"-62.8399","state_id":4799,"state_name":"Occitanie","country_id":75},{"active":false,"Giataid":"499600","cityId":46081,"cityName":"Saint-Jean","hotelId":499600,"hotelName":"Salines Garden Cottages","address":"97133 Saint-Jean,Saint-Barthelemny,Saint-Barthelemy","phones":"+590690419429","fax":"","email":"contact@salinesgarden.com","url":"http://www.salinesgarden.com/","countryIso2":"BL","countryName":"Saint-Barthelemy","hotelRating":"1","latitude":"17.9033","longitude":"-62.8362","state_id":4799,"state_name":"Occitanie","country_id":75},{"active":false,"Giataid":"505569","cityId":46081,"cityName":"Saint-Jean","hotelId":505569,"hotelName":"Villas Bel'Ombre","address":"St. Barthelemy,Saint-Barthelemy","phones":"","fax":"","email":"","url":"","countryIso2":"BL","countryName":"Saint-Barthelemy","hotelRating":"1","latitude":"17.9033","longitude":"-62.8362","state_id":4799,"state_name":"Occitanie","country_id":75},{"active":false,"Giataid":"512906","cityId":46081,"cityName":"Saint-Jean","hotelId":512906,"hotelName":"Normandie Hotel - Adults Only","address":"","phones":"","fax":"","email":"","url":"","countryIso2":"BL","countryName":"Saint-Barthelemy","hotelRating":"1","latitude":"17.9033","longitude":"-62.8362","state_id":4799,"state_name":"Occitanie","country_id":75},{"active":false,"Giataid":"513035","cityId":46081,"cityName":"Saint-Jean","hotelId":513035,"hotelName":"Villa Montjean","address":"Montjean,Saint Barthelemy,Saint-Barthelemy","phones":"","fax":"","email":"","url":"","countryIso2":"BL","countryName":"Saint-Barthelemy","hotelRating":"1","latitude":"17.8993","longitude":"-62.8198","state_id":4799,"state_name":"Occitanie","country_id":75},{"active":false,"Giataid":"524246","cityId":46081,"cityName":"Saint-Jean","hotelId":524246,"hotelName":"Fleur De Lune","address":"Grande Saline 97133 Saint Barth?lemy French West Indies,Saint-Barthelemy","phones":"+590590277057","fax":"","email":"info@st-barth-fleurdelune.com","url":"http://www.st-barth-fleurdelune.com/","countryIso2":"BL","countryName":"Saint-Barthelemy","hotelRating":"1","latitude":"17.8925","longitude":"-62.8242","state_id":4799,"state_name":"Occitanie","country_id":75},{"active":false,"Giataid":"524252","cityId":46081,"cityName":"Saint-Jean","hotelId":524252,"hotelName":"The Villa Paradise","address":"Grande Saline 97133 Saint Barth?lemy French West Indies,Saint-Barthelemy","phones":"+590590277057","fax":"","email":"info@st-barth-fleurdelune.com","url":"http://www.st-barth-fleurdelune.com/accommodation/villa-paradise/","countryIso2":"BL","countryName":"Saint-Barthelemy","hotelRating":"1","latitude":"17.9033","longitude":"-62.8362","state_id":4799,"state_name":"Occitanie","country_id":75}]