[{"active":false,"Giataid":"614748","cityId":null,"cityName":"Grand Lahu","hotelId":614748,"hotelName":"Hotel le Ravin","address":"Quartier N Zida,Grand Lahu,Ivory Coast","phones":"+22523576425","fax":"","email":"leravingdlahou@gmail.com","url":"http://www.hotelleravingrandlahouci.com/","countryIso2":"CI","countryName":"Ivory Coast","hotelRating":"1","latitude":"0","longitude":"0","state_id":null,"state_name":null,"country_id":null},{"active":false,"Giataid":"769744","cityId":null,"cityName":"Assini","hotelId":769744,"hotelName":"Splendid Inn","address":"Quartie Donwahi km19,Assinie-Mafia,Cote D'Ivoire,Ivory Coast","phones":"","fax":"","email":"","url":"","countryIso2":"CI","countryName":"Ivory Coast","hotelRating":"1","latitude":"5.159","longitude":"-3.46481","state_id":null,"state_name":null,"country_id":null},{"active":false,"Giataid":"769790","cityId":null,"cityName":"Assini","hotelId":769790,"hotelName":"Assinie Lodge","address":"Km 20,BP 978 Abidjan 26,Assinie Mafia,Assinie,Ivory Coast","phones":"","fax":"","email":"info@assinielodge.com","url":"http://assinielodge.com/","countryIso2":"CI","countryName":"Ivory Coast","hotelRating":"1","latitude":"5.159","longitude":"-3.46481","state_id":null,"state_name":null,"country_id":null},{"active":false,"Giataid":"770719","cityId":null,"cityName":"Assini","hotelId":770719,"hotelName":"Ehotile Lodge","address":"km 9  Cote Er Parking  Auberge Crocodile Dipi,Assinie,Ivory Coast","phones":"","fax":"","email":"","url":"","countryIso2":"CI","countryName":"Ivory Coast","hotelRating":"1","latitude":"5.159","longitude":"-3.46481","state_id":null,"state_name":null,"country_id":null},{"active":false,"Giataid":"481358","cityId":null,"cityName":"Assini","hotelId":20001341,"hotelName":"Hotel O Sole Mio","address":"511 Bonoua,Assinie,Ivory Coast","phones":"","fax":"","email":"","url":"","countryIso2":"CI","countryName":"Ivory Coast","hotelRating":"2","latitude":"5.15912","longitude":"-3.46531","state_id":null,"state_name":null,"country_id":null},{"active":false,"Giataid":"614535","cityId":null,"cityName":"Assini","hotelId":20009402,"hotelName":"Le Walebo Auberge","address":"45 Rue Assouinde,Assinie,Ivory Coast","phones":"+22575321930","fax":"","email":"info@lewaleboauberge.com","url":"http://www.lewaleboauberge.com/","countryIso2":"CI","countryName":"Ivory Coast","hotelRating":"0","latitude":"5.16369","longitude":"-3.46481","state_id":null,"state_name":null,"country_id":null},{"active":false,"Giataid":"880462","cityId":null,"cityName":"Assini","hotelId":20283792,"hotelName":"Blue Sky Abissa Lodge 1","address":"Route Assinie-Mafia,Assinie,Departement Adiak?,Sud-Como?,Ivory Coast","phones":"","fax":"","email":"","url":"","countryIso2":"CI","countryName":"Ivory Coast","hotelRating":"0","latitude":"5.15066","longitude":"-3.38656","state_id":null,"state_name":null,"country_id":null},{"active":false,"Giataid":"919901","cityId":null,"cityName":"Assini","hotelId":20283827,"hotelName":"Hotel Coucoue Lodge","address":"Route Assinie-Mafia km 8,Assinie,Ivory Coast","phones":"","fax":"","email":"","url":"http://coucoue-lodge.com/","countryIso2":"CI","countryName":"Ivory Coast","hotelRating":"0","latitude":"5.15066","longitude":"-3.38656","state_id":null,"state_name":null,"country_id":null},{"active":false,"Giataid":"944960","cityId":null,"cityName":"Assini","hotelId":20390871,"hotelName":"African Queen Lodge","address":"Assinie PK 4,Assinie,Ivory Coast","phones":"","fax":"","email":"","url":"http://www.a-hotel.com/fr/cote-d-ivoire/41867-assinie/3626859-1-african-queen-lodge/","countryIso2":"CI","countryName":"Ivory Coast","hotelRating":"1","latitude":"5.15066","longitude":"-3.38656","state_id":null,"state_name":null,"country_id":null},{"active":false,"Giataid":"978750","cityId":null,"cityName":"Assini","hotelId":20426787,"hotelName":"Auberge Bethel Evasion","address":"Route Assinie,Village De Mohame,Assinie,Ivory Coast","phones":"","fax":"","email":"","url":"","countryIso2":"CI","countryName":"Ivory Coast","hotelRating":"1","latitude":"5.15066","longitude":"-3.38656","state_id":null,"state_name":null,"country_id":null},{"active":false,"Giataid":"982030","cityId":null,"cityName":"Assini","hotelId":20426796,"hotelName":"Villa Assinie Bord De Lagune","address":"8 BP 405,Assinie,Ivory Coast","phones":"","fax":"","email":"","url":"","countryIso2":"CI","countryName":"Ivory Coast","hotelRating":"1","latitude":"5.1396","longitude":"-3.29775","state_id":null,"state_name":null,"country_id":null},{"active":false,"Giataid":"982113","cityId":null,"cityName":"Assini","hotelId":20426809,"hotelName":"Ivoire Lodge","address":"9 Bp 3374 Abidjan 9,Assinie,Ivory Coast","phones":"","fax":"","email":"","url":"","countryIso2":"CI","countryName":"Ivory Coast","hotelRating":"1","latitude":"5.15066","longitude":"-3.38656","state_id":null,"state_name":null,"country_id":null},{"active":false,"Giataid":"982143","cityId":null,"cityName":"Assini","hotelId":20426817,"hotelName":"Hotel Le Carre Blanc","address":"Sur La Route De Assinie,Assinie,Ivory Coast","phones":"","fax":"","email":"","url":"","countryIso2":"CI","countryName":"Ivory Coast","hotelRating":"1","latitude":"5.15066","longitude":"-3.38656","state_id":null,"state_name":null,"country_id":null}]