[{"active":false,"Giataid":"128899","cityId":null,"cityName":"Yona","hotelId":128899,"hotelName":"LeoPalace Resort","address":"221 Lake View Drive,Yona 96915-6002,Guam,Guam","phones":"+16714710062","fax":"+16714710025","email":"reservations@leopalaceguam.com","url":"http://www.guam.ne.jp/","countryIso2":"GU","countryName":"Guam","hotelRating":"4","latitude":"13.4044","longitude":"144.774","state_id":null,"state_name":null,"country_id":null},{"active":false,"Giataid":"129517","cityId":null,"cityName":"Tamuning","hotelId":129517,"hotelName":"Pacific Bay","address":"1000 San Vitores Road,Tumon,Guam 96931,Guam","phones":"+16716498001","fax":"+16716463400","email":"","url":"http://www.pacificbayguam.com/english/index.htm","countryIso2":"GU","countryName":"Guam","hotelRating":"3","latitude":"13.5072","longitude":"144.804","state_id":null,"state_name":null,"country_id":null},{"active":false,"Giataid":"129520","cityId":null,"cityName":"Tamuning","hotelId":129520,"hotelName":"Guam Reef & Olive Spa Resort","address":"1317 Pale San Vitores Road,Tamuning 96913,Guam,Guam","phones":"","fax":"","email":"","url":"http://reefhotelguam.com/welcome.php","countryIso2":"GU","countryName":"Guam","hotelRating":"4","latitude":"13.5169","longitude":"144.806","state_id":null,"state_name":null,"country_id":null},{"active":false,"Giataid":"129522","cityId":null,"cityName":"Tamuning","hotelId":129522,"hotelName":"Lotte Hotel Guam","address":"185 Gun Beach Road,96913 Barrigada,Guam","phones":"","fax":"","email":"","url":"","countryIso2":"GU","countryName":"Guam","hotelRating":"4","latitude":"13.5205","longitude":"144.807","state_id":null,"state_name":null,"country_id":null},{"active":false,"Giataid":"129523","cityId":null,"cityName":"Tamuning","hotelId":129523,"hotelName":"Pacific Island Club Guam","address":"P.O. Box 9370,Tamuning,Guam 96931,Guam","phones":"+16716469171","fax":"+16716482474","email":"reservations@picguam.com","url":"http://www.picresorts.com/guam/","countryIso2":"GU","countryName":"Guam","hotelRating":"4","latitude":"13.5027","longitude":"144.793","state_id":null,"state_name":null,"country_id":null},{"active":false,"Giataid":"129524","cityId":null,"cityName":"Tamuning","hotelId":129524,"hotelName":"Wyndham Garden Guam","address":"240 Ypao Beach Road,Tamuning 96913,Guam,Guam","phones":"+16716463060","fax":"+16716463059","email":"info@ramadaguam.net","url":"http://www.ramadaguam.net","countryIso2":"GU","countryName":"Guam","hotelRating":"3","latitude":"13.4948","longitude":"144.79","state_id":null,"state_name":null,"country_id":null},{"active":false,"Giataid":"129525","cityId":null,"cityName":"Tamuning","hotelId":129525,"hotelName":"The Westin Resort Guam","address":"105 Gun Beach Road,Tumon,Guam 96913,Guam","phones":"+16716471020","fax":"+16716470999","email":"","url":"http://www.westin-guam.com","countryIso2":"GU","countryName":"Guam","hotelRating":"5","latitude":"13.5177","longitude":"144.807","state_id":null,"state_name":null,"country_id":null},{"active":false,"Giataid":"129527","cityId":null,"cityName":"Tamuning","hotelId":129527,"hotelName":"Onward Beach Resort","address":"445 Governor Carlos G Camacho Road,Tamuning 96913,Guam","phones":"","fax":"","email":"","url":"","countryIso2":"GU","countryName":"Guam","hotelRating":"4","latitude":"13.4951","longitude":"144.775","state_id":null,"state_name":null,"country_id":null},{"active":false,"Giataid":"129528","cityId":null,"cityName":"Tamuning","hotelId":129528,"hotelName":"Sheraton Laguna","address":"470 Farenholt Avenue,Tamuning,Guam 96913,Guam","phones":"+16716462222","fax":"+16716497034","email":"guam.reservations@sheraton.com","url":"http://www.starwoodhotels.com/sheraton/property/overview/index.html?propertyID=3018&amp;language=en_US","countryIso2":"GU","countryName":"Guam","hotelRating":"5","latitude":"13.4964","longitude":"144.771","state_id":null,"state_name":null,"country_id":null},{"active":false,"Giataid":"129529","cityId":null,"cityName":"Tamuning","hotelId":129529,"hotelName":"Royal Orchid Guam Hotel","address":"626 Pale San Vitores Road,Tumon 96913,Tamuning,Guam","phones":"","fax":"","email":"","url":"","countryIso2":"GU","countryName":"Guam","hotelRating":"3","latitude":"13.5025","longitude":"144.795","state_id":null,"state_name":null,"country_id":null},{"active":false,"Giataid":"129530","cityId":null,"cityName":"Tamuning","hotelId":129530,"hotelName":"Fiesta Resort","address":"801 Pale San Vitores Road,Tumon,Guam,Guam","phones":"+16716461957","fax":"+16716466729","email":"reservation@fiestaguam.com","url":"http://www.fiestaguam.com/","countryIso2":"GU","countryName":"Guam","hotelRating":"3","latitude":"13.506","longitude":"144.799","state_id":null,"state_name":null,"country_id":null},{"active":false,"Giataid":"129531","cityId":null,"cityName":"Agat","hotelId":129531,"hotelName":"Inn On The Bay","address":"","phones":"","fax":"","email":"","url":"","countryIso2":"GU","countryName":"Guam","hotelRating":"4","latitude":"0","longitude":"0","state_id":null,"state_name":null,"country_id":null},{"active":false,"Giataid":"129532","cityId":null,"cityName":"Tumon Bay","hotelId":129532,"hotelName":"Holiday Resort & Spa Guam","address":"881 Pale San Vitores Road,Tumon 96913,Guam","phones":"+16716477272","fax":"+16716477278","email":"sales@holidayresortguam.com","url":"http://www.holidayguam.com/english/main/main.htm","countryIso2":"GU","countryName":"Guam","hotelRating":"3","latitude":"13.5069","longitude":"144.8","state_id":null,"state_name":null,"country_id":null},{"active":false,"Giataid":"129533","cityId":null,"cityName":"Tamuning","hotelId":129533,"hotelName":"Alupang Beach Tower","address":"999 South Marine Corps Drive,Tamuning 96913,Guam","phones":"","fax":"","email":"","url":"","countryIso2":"GU","countryName":"Guam","hotelRating":"4","latitude":"13.4838","longitude":"144.772","state_id":null,"state_name":null,"country_id":null},{"active":false,"Giataid":"129534","cityId":null,"cityName":"Tamuning","hotelId":129534,"hotelName":"Nikko Guam","address":"P.O. Box 12819,Tamuning,Guam 96931,Guam","phones":"+16716498815","fax":"+16716498817","email":"","url":"http://www.jalhotels.com/overseas/asia/guam/index.html","countryIso2":"GU","countryName":"Guam","hotelRating":"5","latitude":"13.522","longitude":"144.805","state_id":null,"state_name":null,"country_id":null},{"active":false,"Giataid":"131613","cityId":null,"cityName":"Tamuning","hotelId":131613,"hotelName":"Grand Plaza","address":"1024 San Vitores Road,Tumon,Guam 96911,Guam","phones":"+16716470630","fax":"+16716498884","email":"","url":"http://www.grandplaza.net/","countryIso2":"GU","countryName":"Guam","hotelRating":"3","latitude":"13.5082","longitude":"144.805","state_id":null,"state_name":null,"country_id":null},{"active":false,"Giataid":"131614","cityId":null,"cityName":"Tamuning","hotelId":131614,"hotelName":"Guam Plaza Resort & Spa","address":"1328 Pale San Vitores Road,Behind JP Superstore,Tumon 96913,Guam","phones":"+16716716498646","fax":"+16716716498651","email":"info@guamhotel.com","url":"http://www.guamhotel.com/","countryIso2":"GU","countryName":"Guam","hotelRating":"3","latitude":"13.5157","longitude":"144.808","state_id":null,"state_name":null,"country_id":null},{"active":false,"Giataid":"131616","cityId":null,"cityName":"Tumon Bay","hotelId":131616,"hotelName":"The Bayview Hotel","address":"1475 Pale San Vitores Road,Tumon,Guam","phones":"+16716462300","fax":"","email":"bayviewreservations@hotel-guam.com","url":"http://www.hotel-guam.com/bayview-hotel-guam.htm","countryIso2":"GU","countryName":"Guam","hotelRating":"3","latitude":"13.5169","longitude":"144.809","state_id":null,"state_name":null,"country_id":null},{"active":false,"Giataid":"131618","cityId":null,"cityName":"Tamuning","hotelId":131618,"hotelName":"Palace","address":"","phones":"","fax":"","email":"","url":"","countryIso2":"GU","countryName":"Guam","hotelRating":"3","latitude":"13.4974","longitude":"144.771","state_id":null,"state_name":null,"country_id":null},{"active":false,"Giataid":"131619","cityId":null,"cityName":"Tamuning","hotelId":131619,"hotelName":"Pacific Star Resort & Spa","address":"627B Pale San Vitores Road,Tumon 96913,Guam","phones":"+16716497827","fax":"+16716469335","email":"","url":"http://www.marriott.com/hotels/fact-sheet/travel/gumrt-guam-marriott-resort-and-spa/","countryIso2":"GU","countryName":"Guam","hotelRating":"4","latitude":"13.5037","longitude":"144.795","state_id":null,"state_name":null,"country_id":null},{"active":false,"Giataid":"131620","cityId":null,"cityName":"Tamuning","hotelId":131620,"hotelName":"Garden Villa","address":"800 Pale San Vitores Road,Tumon  96913,Guam","phones":"","fax":"","email":"","url":"","countryIso2":"GU","countryName":"Guam","hotelRating":"3","latitude":"13.5047","longitude":"144.799","state_id":null,"state_name":null,"country_id":null},{"active":false,"Giataid":"142515","cityId":null,"cityName":"Tumon Bay","hotelId":142515,"hotelName":"Pia Resort","address":"270 Chichirica Street,Tumon 96913,Guam","phones":"+16716495533","fax":"","email":"","url":"http://www.piaresort.com","countryIso2":"GU","countryName":"Guam","hotelRating":"3","latitude":"13.5119","longitude":"144.805","state_id":null,"state_name":null,"country_id":null},{"active":false,"Giataid":"142514","cityId":null,"cityName":"Mangilao","hotelId":142514,"hotelName":"Ladera Tower","address":"","phones":"","fax":"","email":"","url":"","countryIso2":"GU","countryName":"Guam","hotelRating":"4","latitude":"0","longitude":"0","state_id":null,"state_name":null,"country_id":null},{"active":false,"Giataid":"151783","cityId":null,"cityName":"Tamuning","hotelId":151783,"hotelName":"Days Inn Guam Tamuning","address":"155 Ypao Road,Tamuning 96913,Guam","phones":"","fax":"","email":"","url":"","countryIso2":"GU","countryName":"Guam","hotelRating":"3","latitude":"13.4927","longitude":"144.79","state_id":null,"state_name":null,"country_id":null},{"active":false,"Giataid":"183522","cityId":null,"cityName":"Tamuning","hotelId":183522,"hotelName":"Tamuning Plaza","address":"960 South Marine Drive,Tamuning 96914,Guam","phones":"","fax":"","email":"","url":"","countryIso2":"GU","countryName":"Guam","hotelRating":"2","latitude":"13.4838","longitude":"144.773","state_id":null,"state_name":null,"country_id":null},{"active":false,"Giataid":"672752","cityId":null,"cityName":"Tamuning","hotelId":672752,"hotelName":"Pia Marine","address":"193 Tumon Lane,96913 Tamuning,Guam","phones":"+16716467422","fax":"","email":"piaresort@gmail.com","url":"http://www.piacondo.com","countryIso2":"GU","countryName":"Guam","hotelRating":"3","latitude":"13.5107","longitude":"144.813","state_id":null,"state_name":null,"country_id":null},{"active":false,"Giataid":"737819","cityId":null,"cityName":"Tamuning","hotelId":737819,"hotelName":"Guam Business Motel","address":"401 Chalan San Antonio,Tamuning 96913,Guam","phones":"","fax":"","email":"","url":"","countryIso2":"GU","countryName":"Guam","hotelRating":"1","latitude":"13.5073","longitude":"144.798","state_id":null,"state_name":null,"country_id":null},{"active":false,"Giataid":"744571","cityId":null,"cityName":"Tamuning","hotelId":744571,"hotelName":"Alupang Residence","address":"129 Cuscaho Road,Tamuning,Guam 96913,Guam","phones":"","fax":"","email":"","url":"","countryIso2":"GU","countryName":"Guam","hotelRating":"1","latitude":"13.5073","longitude":"144.798","state_id":null,"state_name":null,"country_id":null},{"active":false,"Giataid":"745987","cityId":null,"cityName":"Tamuning","hotelId":745987,"hotelName":"Big Family House","address":"1 Sunrise Street,Villa Isabana 163,Tamuning 96913,Guam","phones":"","fax":"","email":"","url":"","countryIso2":"GU","countryName":"Guam","hotelRating":"1","latitude":"13.5073","longitude":"144.798","state_id":null,"state_name":null,"country_id":null},{"active":false,"Giataid":"438216","cityId":null,"cityName":"Tamuning","hotelId":10048210,"hotelName":"Ypao Breeze Inn","address":"291 Ypao Road,Tamuning,Guam","phones":"+16716478970","fax":"","email":"","url":"","countryIso2":"GU","countryName":"Guam","hotelRating":"3","latitude":"13.4962","longitude":"144.789","state_id":null,"state_name":null,"country_id":null},{"active":false,"Giataid":"443951","cityId":null,"cityName":"Tamuning","hotelId":10049802,"hotelName":"Verona Resort & Spa","address":"188 Tumon Bay Road,96913 Tumon,Guam","phones":"+16716468888","fax":"","email":"","url":"","countryIso2":"GU","countryName":"Guam","hotelRating":"3","latitude":"13.5026","longitude":"144.797","state_id":null,"state_name":null,"country_id":null},{"active":false,"Giataid":"438220","cityId":null,"cityName":"Yigo","hotelId":10068852,"hotelName":"Starts Guam Golf Resort","address":"2991 Route 3,Yigo 96929,Guam","phones":"+16716321111","fax":"","email":"","url":"","countryIso2":"GU","countryName":"Guam","hotelRating":"3","latitude":"13.58","longitude":"144.868","state_id":null,"state_name":null,"country_id":null},{"active":false,"Giataid":"463514","cityId":null,"cityName":"Tamuning","hotelId":10091061,"hotelName":"Mai'ana Airport Plaza","address":"253 Chalan Pasaheru Street","phones":"+16716466961","fax":"NULL","email":"NULL","url":"NULL","countryIso2":"GU","countryName":"Guam","hotelRating":"3","latitude":"13.4923","longitude":"144.798","state_id":null,"state_name":null,"country_id":null},{"active":false,"Giataid":"508665","cityId":null,"cityName":"Tamuning","hotelId":10117508,"hotelName":"Dusit Thani Guam Resort","address":"1227 Pale San Vitores Road,96913 Tamuning,Guam","phones":"+16716488000","fax":"NULL","email":"NULL","url":"NULL","countryIso2":"GU","countryName":"Guam","hotelRating":"5","latitude":"13.5144","longitude":"144.805","state_id":null,"state_name":null,"country_id":null},{"active":false,"Giataid":"677710","cityId":null,"cityName":"Tamuning","hotelId":20003051,"hotelName":"Travelers Bed and Rest","address":"140 Latisa street Tumon Heights,96913 Tamuning,Guam,Guam","phones":"","fax":"","email":"","url":"","countryIso2":"GU","countryName":"Guam","hotelRating":"0","latitude":"13.4953","longitude":"144.786","state_id":null,"state_name":null,"country_id":null},{"active":false,"Giataid":"724600","cityId":null,"cityName":"Tamuning","hotelId":20003226,"hotelName":"One Pacific Hotel","address":"183 Mamis Street,Tamuning 96913,Guam","phones":"","fax":"","email":"","url":"","countryIso2":"GU","countryName":"Guam","hotelRating":"3","latitude":"13.4951","longitude":"144.788","state_id":null,"state_name":null,"country_id":null},{"active":false,"Giataid":"611405","cityId":null,"cityName":"Tamuning","hotelId":20003430,"hotelName":"Harmon Loop Hotel","address":"1900 Army Drive,Suite 107,Dededo 96929,Tamuning,Guam,Guam","phones":"+16716323353","fax":"","email":"","url":"http://harmonloophotel.guam.net/","countryIso2":"GU","countryName":"Guam","hotelRating":"2","latitude":"13.5095","longitude":"144.82","state_id":null,"state_name":null,"country_id":null},{"active":false,"Giataid":"535028","cityId":null,"cityName":"Tamuning","hotelId":20003815,"hotelName":"Guam Airport Hotel","address":"120 Simon Sanchez Street,Tamuning,96913,Guam","phones":"+16716498402","fax":"","email":"info@gahguam.com","url":"http://www.gahguam.com/","countryIso2":"GU","countryName":"Guam","hotelRating":"2","latitude":"13.497","longitude":"144.796","state_id":null,"state_name":null,"country_id":null},{"active":false,"Giataid":"928462","cityId":null,"cityName":"Tamuning","hotelId":20317853,"hotelName":"Jungle Bed & Breakfast","address":"232 Aragon Street,96910 Tamuning,Guam,Guam","phones":"","fax":"","email":"","url":"","countryIso2":"GU","countryName":"Guam","hotelRating":"0","latitude":"13.5073","longitude":"144.798","state_id":null,"state_name":null,"country_id":null}]