[{"active":false,"Giataid":"456213","cityId":102902,"cityName":"Honiara","hotelId":456213,"hotelName":"Solomon Kitano Mendana Hotel","address":"Mendana Avenue","phones":"","fax":"","email":"","url":"","countryIso2":"SB","countryName":"Solomon Islands","hotelRating":"1","latitude":"-9.43015","longitude":"159.954","state_id":4785,"state_name":"Guadalcanal Province","country_id":202},{"active":false,"Giataid":"456274","cityId":102901,"cityName":"Gizo","hotelId":456274,"hotelName":"Gizo Hotel","address":"","phones":"","fax":"","email":"","url":"","countryIso2":"SB","countryName":"Solomon Islands","hotelRating":"3","latitude":"-8.10389","longitude":"156.844","state_id":4786,"state_name":"Western Province","country_id":202},{"active":false,"Giataid":"456436","cityId":102902,"cityName":"Honiara","hotelId":456436,"hotelName":"Honiara Hotel","address":"PO Box 4,Honiara,Solomon Islands,Solomon Islands","phones":"","fax":"","email":"","url":"","countryIso2":"SB","countryName":"Solomon Islands","hotelRating":"1","latitude":"-9.43988","longitude":"159.966","state_id":4785,"state_name":"Guadalcanal Province","country_id":202},{"active":false,"Giataid":"629243","cityId":102902,"cityName":"Honiara","hotelId":629243,"hotelName":"Iron Bottom Sound Monarch Hotel","address":"","phones":"","fax":"","email":"","url":"","countryIso2":"SB","countryName":"Solomon Islands","hotelRating":"1","latitude":"-9.42963","longitude":"159.946","state_id":4785,"state_name":"Guadalcanal Province","country_id":202},{"active":false,"Giataid":"724224","cityId":102901,"cityName":"Gizo","hotelId":724224,"hotelName":"Rekona Lodge","address":"Rekona Lodge Street,P.O. Box 91,Gizo,Solomon Islands","phones":"+67760368","fax":"","email":"rekona.lodge@gmail.com","url":"http://www.rekonalodge.com/","countryIso2":"SB","countryName":"Solomon Islands","hotelRating":"1","latitude":"-8.10326","longitude":"156.84","state_id":4786,"state_name":"Western Province","country_id":202},{"active":false,"Giataid":"726188","cityId":102901,"cityName":"Gizo","hotelId":726188,"hotelName":"Oravae Cottage","address":"Western Province,Sepo Island,Gizo,Solomon Islands,Solomon Islands","phones":"","fax":"","email":"","url":"http://www.oravaecottage.com","countryIso2":"SB","countryName":"Solomon Islands","hotelRating":"1","latitude":"-8.10359","longitude":"156.842","state_id":4786,"state_name":"Western Province","country_id":202},{"active":false,"Giataid":"726269","cityId":102901,"cityName":"Gizo","hotelId":726269,"hotelName":"Fatboys Resort","address":"Babanga Mbambanga Island,Gizo,Western Province,Solomon Islands","phones":"+67760095","fax":"","email":"fatboys@solomon.com.sb","url":"http://www.solomonislandsfatboys.com.au","countryIso2":"SB","countryName":"Solomon Islands","hotelRating":"1","latitude":"-8.12194","longitude":"156.894","state_id":4786,"state_name":"Western Province","country_id":202},{"active":false,"Giataid":"456244","cityId":102902,"cityName":"Honiara","hotelId":10057001,"hotelName":"Pacific Casino Hotel","address":"Kukum Highway,PO Box 1298,Honiara,Solomon Islands","phones":"+67725009","fax":"","email":"","url":"","countryIso2":"SB","countryName":"Solomon Islands","hotelRating":"3","latitude":"-9.433","longitude":"159.978","state_id":4785,"state_name":"Guadalcanal Province","country_id":202},{"active":false,"Giataid":"495401","cityId":102902,"cityName":"Honiara","hotelId":10061653,"hotelName":"Red Mansion Comfort Inn","address":"Panatina Rindge,Honiara,Solomon Islands","phones":"","fax":"","email":"","url":"","countryIso2":"SB","countryName":"Solomon Islands","hotelRating":"3","latitude":"-9.43075","longitude":"160.004","state_id":4785,"state_name":"Guadalcanal Province","country_id":202},{"active":false,"Giataid":"507355","cityId":102902,"cityName":"Honiara","hotelId":10094833,"hotelName":"Tanuli Royal Plains Motel","address":"Tanuli Ridge,PO Box 308,East Kolaride,Honiara,Solomon Islands","phones":"NULL","fax":"NULL","email":"NULL","url":"NULL","countryIso2":"SB","countryName":"Solomon Islands","hotelRating":"2","latitude":"-9.43882","longitude":"159.977","state_id":4785,"state_name":"Guadalcanal Province","country_id":202},{"active":false,"Giataid":"628633","cityId":102902,"cityName":"Honiara","hotelId":20000994,"hotelName":"King Solomon Hotel","address":"Hibiscus Avenue,Honiara,Solomon Islands","phones":"+67721205","fax":"+67721771","email":"ngaio@solomonislandsresorts.com","url":"http://www.kingsolomonhotel.info/","countryIso2":"SB","countryName":"Solomon Islands","hotelRating":"3","latitude":"-9.43211","longitude":"159.953","state_id":4785,"state_name":"Guadalcanal Province","country_id":202},{"active":false,"Giataid":"724367","cityId":102902,"cityName":"Honiara","hotelId":20001085,"hotelName":"Coral Sea Resort & Casino","address":"Tandai Highway,Honiara,Solomon Islands","phones":"","fax":"","email":"","url":"","countryIso2":"SB","countryName":"Solomon Islands","hotelRating":"0","latitude":"-9.42943","longitude":"159.948","state_id":4785,"state_name":"Guadalcanal Province","country_id":202},{"active":false,"Giataid":"628660","cityId":102902,"cityName":"Honiara","hotelId":20001218,"hotelName":"Rock Haven Inn","address":"Lower Vavaya Ridge,Honiara,Solomon Islands","phones":"","fax":"","email":"","url":"","countryIso2":"SB","countryName":"Solomon Islands","hotelRating":"0","latitude":"-9.43378","longitude":"159.96","state_id":4785,"state_name":"Guadalcanal Province","country_id":202},{"active":false,"Giataid":"723957","cityId":102905,"cityName":"Tulagi","hotelId":20002002,"hotelName":"Raiders Hotel & Dive","address":"Tulagi Waterfront,Tulagi,Nggela,Solomon Islands","phones":"+67732070","fax":"","email":"raidershotel@solomon.com.sb","url":"https://www.raidershotel.com","countryIso2":"SB","countryName":"Solomon Islands","hotelRating":"0","latitude":"-9.10389","longitude":"160.15","state_id":4784,"state_name":"Central Province","country_id":202},{"active":false,"Giataid":"723957","cityId":102905,"cityName":"Tulagi","hotelId":20002002,"hotelName":"Raiders Hotel & Dive","address":"Tulagi Waterfront,Tulagi,Nggela,Solomon Islands","phones":"+67732070","fax":"","email":"raidershotel@solomon.com.sb","url":"https://www.raidershotel.com","countryIso2":"SB","countryName":"Solomon Islands","hotelRating":"0","latitude":"-9.10389","longitude":"160.15","state_id":4784,"state_name":"Central Province","country_id":202},{"active":false,"Giataid":"245457","cityId":102902,"cityName":"Honiara","hotelId":20002808,"hotelName":"Rain Tree","address":"P.O.Box 1854,Honiara,Solomon Islands,Solomon Islands","phones":"+67722086","fax":"","email":"raintreecafe@gmail.com","url":"http://www.raintreehoniara.com/","countryIso2":"SB","countryName":"Solomon Islands","hotelRating":"0","latitude":"-9.42399","longitude":"159.92","state_id":4785,"state_name":"Guadalcanal Province","country_id":202}]