[{"active":false,"Giataid":"27557","cityId":6772,"cityName":"Palmyra","hotelId":27557,"hotelName":"Heliopolis","address":"City Centre,P.O. Box 75,Palmyra,Syria","phones":"+963315913921","fax":"+963315913923","email":"info@heliopolispalmyra.com","url":"http://heliopolispalmyra.com/","countryIso2":"SY","countryName":"Syria","hotelRating":"3","latitude":"34.5517","longitude":"38.2741","state_id":3906,"state_name":"Western Australia","country_id":14},{"active":false,"Giataid":"27558","cityId":6772,"cityName":"Palmyra","hotelId":27558,"hotelName":"Sands","address":"","phones":"","fax":"","email":"","url":"","countryIso2":"SY","countryName":"Syria","hotelRating":"4","latitude":"34.5567","longitude":"38.2777","state_id":3906,"state_name":"Western Australia","country_id":14},{"active":false,"Giataid":"27561","cityId":105001,"cityName":"Homs","hotelId":27561,"hotelName":"Safir Homs","address":"P.O. Box 1746,Ragheb Al Jamali Str.,Al Insha?at,Homs,Syria","phones":"+963312112400","fax":"+963312133420","email":"infohoms@safirhotels.com","url":"http://www.safirhotels.com/overview.aspx?detail=overview&amp;hotelname=SafirHotelHoms&amp;hotelid=8","countryIso2":"SY","countryName":"Syria","hotelRating":"5","latitude":"34.7245","longitude":"36.7002","state_id":2942,"state_name":"Homs Governorate","country_id":215},{"active":false,"Giataid":"27562","cityId":104993,"cityName":"Deir ez-Zor","hotelId":27562,"hotelName":"Furat Cham Palace","address":"Aleppo Street,P.O. Box 219,Deir Ez Zor,Syria","phones":"","fax":"","email":"","url":"http://www.hotelscombined.com/Hotel/Furat_Cham_Palace_Hotel_Deir_ez_Zor.htm","countryIso2":"SY","countryName":"Syria","hotelRating":"4","latitude":"35.361","longitude":"40.1055","state_id":2937,"state_name":"Deir ez-Zor Governorate","country_id":215},{"active":false,"Giataid":"27564","cityId":104988,"cityName":"Damascus","hotelId":27564,"hotelName":"Semiramis","address":"Victoria Bridge,P.O.Box: 30301,Damaskus,Syria","phones":"+963112233555","fax":"+963112216797","email":"","url":"http://www.trivago.de/damaskus-87020/hotel/semiramis-100202","countryIso2":"SY","countryName":"Syria","hotelRating":"5","latitude":"33.5133","longitude":"36.2944","state_id":2939,"state_name":"Damascus Governorate","country_id":215},{"active":false,"Giataid":"27566","cityId":104988,"cityName":"Damascus","hotelId":27566,"hotelName":"Fardoss Tower","address":"Fardoss Street,P.O.Box : 30996,Damaskus,Syria","phones":"+963112232100","fax":"+963112235602","email":"fardosstower@net.sy","url":"http://www.fardosstower.com","countryIso2":"SY","countryName":"Syria","hotelRating":"4","latitude":"33.5161","longitude":"36.2934","state_id":2939,"state_name":"Damascus Governorate","country_id":215},{"active":false,"Giataid":"27568","cityId":104988,"cityName":"Damascus","hotelId":27568,"hotelName":"International","address":"P.O.Box: 5068,Bahsa st.,Damascus,Syria","phones":"+963112311600","fax":"+963112319966","email":"dih@scs-net.org","url":"http://www.dih-syria.com/","countryIso2":"SY","countryName":"Syria","hotelRating":"3","latitude":"33.5227","longitude":"36.2753","state_id":2939,"state_name":"Damascus Governorate","country_id":215},{"active":false,"Giataid":"129809","cityId":104988,"cityName":"Damascus","hotelId":129809,"hotelName":"Afamia","address":"","phones":"","fax":"","email":"","url":"","countryIso2":"SY","countryName":"Syria","hotelRating":"2","latitude":"33.5119","longitude":"36.28","state_id":2939,"state_name":"Damascus Governorate","country_id":215},{"active":false,"Giataid":"133154","cityId":104966,"cityName":"Aleppo","hotelId":133154,"hotelName":"Mirage Palace","address":"Al Rais Square Bab Jnein,PO Box 278,Aleppo,Syria","phones":"+963212288555","fax":"","email":"","url":"","countryIso2":"SY","countryName":"Syria","hotelRating":"4","latitude":"36.2018","longitude":"37.1501","state_id":2946,"state_name":"Aleppo Governorate","country_id":215},{"active":false,"Giataid":"133155","cityId":104966,"cityName":"Aleppo","hotelId":133155,"hotelName":"Mandalon/mandaloun","address":"Al Telal-Hazazeh St.,P.O.Box: 4269,Aleppo,Syria","phones":"+963212283008","fax":"+963212283007","email":"mandaloun@scs-net.org","url":"http://www.mandalounhotel.com","countryIso2":"SY","countryName":"Syria","hotelRating":"3","latitude":"36.2099","longitude":"37.1563","state_id":2946,"state_name":"Aleppo Governorate","country_id":215},{"active":false,"Giataid":"133156","cityId":104966,"cityName":"Aleppo","hotelId":133156,"hotelName":"Ramsis","address":"Baron Street,P.O.Box 5097,Aleppo,Syria","phones":"+963212111102","fax":"+963212216700","email":"info@RamsisHotel.com","url":"http://www.ramsishotel.com","countryIso2":"SY","countryName":"Syria","hotelRating":"3","latitude":"36.2054","longitude":"37.1495","state_id":2946,"state_name":"Aleppo Governorate","country_id":215},{"active":false,"Giataid":"133158","cityId":104988,"cityName":"Damascus","hotelId":133158,"hotelName":"Palmyra","address":"","phones":"","fax":"","email":"","url":"","countryIso2":"SY","countryName":"Syria","hotelRating":"3","latitude":"33.513","longitude":"36.3008","state_id":2939,"state_name":"Damascus Governorate","country_id":215},{"active":false,"Giataid":"133160","cityId":104988,"cityName":"Damascus","hotelId":133160,"hotelName":"Rawda","address":"Alsaydah Zainab Airport Street,Damascus,Syria","phones":"","fax":"","email":"","url":"","countryIso2":"SY","countryName":"Syria","hotelRating":"4","latitude":"33.4927","longitude":"36.2389","state_id":2939,"state_name":"Damascus Governorate","country_id":215},{"active":false,"Giataid":"133161","cityId":104988,"cityName":"Damascus","hotelId":133161,"hotelName":"Al Iwan","address":"Bahsa Al Itihad Street,Damascus,Syria","phones":"+963112225623","fax":"+963112315224","email":"","url":"http://www.hoteliwan.com","countryIso2":"SY","countryName":"Syria","hotelRating":"4","latitude":"33.5145","longitude":"36.2977","state_id":2939,"state_name":"Damascus Governorate","country_id":215},{"active":false,"Giataid":"133162","cityId":104988,"cityName":"Damascus","hotelId":133162,"hotelName":"Al Patra","address":"Bahsa-Al Ittihad Street,Damaskus,Syria","phones":"+963112315914","fax":"+963112315918","email":"info@alpatra.net","url":"http://www.alpatra.net","countryIso2":"SY","countryName":"Syria","hotelRating":"3","latitude":"33.5146","longitude":"36.2977","state_id":2939,"state_name":"Damascus Governorate","country_id":215},{"active":false,"Giataid":"133163","cityId":104988,"cityName":"Damascus","hotelId":133163,"hotelName":"Plaza","address":"","phones":"","fax":"","email":"","url":"","countryIso2":"SY","countryName":"Syria","hotelRating":"4","latitude":"33.5168","longitude":"36.2937","state_id":2939,"state_name":"Damascus Governorate","country_id":215},{"active":false,"Giataid":"133164","cityId":104988,"cityName":"Damascus","hotelId":133164,"hotelName":"Al Jalaa","address":"Mezzeh,Damascus,Syria","phones":"+963116622147","fax":"+963116619527","email":"","url":"","countryIso2":"SY","countryName":"Syria","hotelRating":"4","latitude":"33.5018","longitude":"36.2552","state_id":2939,"state_name":"Damascus Governorate","country_id":215},{"active":false,"Giataid":"133165","cityId":104988,"cityName":"Damascus","hotelId":133165,"hotelName":"Techrine","address":"","phones":"","fax":"","email":"","url":"","countryIso2":"SY","countryName":"Syria","hotelRating":"3","latitude":"33.5189","longitude":"36.3128","state_id":2939,"state_name":"Damascus Governorate","country_id":215},{"active":false,"Giataid":"133166","cityId":104988,"cityName":"Damascus","hotelId":133166,"hotelName":"Safir Al Sayeda Zeinab Hotel","address":"P.O. Box 684,Damascus,Syria","phones":"+963116470140","fax":"","email":"","url":"","countryIso2":"SY","countryName":"Syria","hotelRating":"5","latitude":"33.4853","longitude":"36.3243","state_id":2939,"state_name":"Damascus Governorate","country_id":215},{"active":false,"Giataid":"137477","cityId":104988,"cityName":"Damascus","hotelId":137477,"hotelName":"Old Vine","address":"92 Ammara Jouanyeh,P.O.Box 7165,Damascus,Syria","phones":"+963112250901","fax":"+963112250957","email":"reservations@oldvinehotel.com","url":"http://www.oldvinehotel.com","countryIso2":"SY","countryName":"Syria","hotelRating":"4","latitude":"33.5133","longitude":"36.3055","state_id":2939,"state_name":"Damascus Governorate","country_id":215},{"active":false,"Giataid":"137499","cityId":6772,"cityName":"Palmyra","hotelId":137499,"hotelName":"Tetrapylon","address":"","phones":"","fax":"","email":"","url":"","countryIso2":"SY","countryName":"Syria","hotelRating":"3","latitude":"34.5156","longitude":"38.273","state_id":3906,"state_name":"Western Australia","country_id":14},{"active":false,"Giataid":"137643","cityId":6772,"cityName":"Palmyra","hotelId":137643,"hotelName":"Villa Palmyra","address":"","phones":"","fax":"","email":"","url":"","countryIso2":"SY","countryName":"Syria","hotelRating":"3","latitude":"34.5533","longitude":"38.2798","state_id":3906,"state_name":"Western Australia","country_id":14},{"active":false,"Giataid":"137676","cityId":104988,"cityName":"Damascus","hotelId":137676,"hotelName":"Beit Al Joury","address":"","phones":"","fax":"","email":"","url":"","countryIso2":"SY","countryName":"Syria","hotelRating":"5","latitude":"33.513","longitude":"36.3008","state_id":2939,"state_name":"Damascus Governorate","country_id":215},{"active":false,"Giataid":"137677","cityId":104988,"cityName":"Damascus","hotelId":137677,"hotelName":"Monte Rosa Country Club","address":"Beirut Road,Zabadani,Zar Zar Lake,Ra's al-'Ayn,Damaskus,Syria","phones":"","fax":"","email":"","url":"","countryIso2":"SY","countryName":"Syria","hotelRating":"4","latitude":"33.513","longitude":"36.3008","state_id":2939,"state_name":"Damascus Governorate","country_id":215},{"active":false,"Giataid":"137727","cityId":104988,"cityName":"Damascus","hotelId":137727,"hotelName":"Europe","address":"Halboni Hasan Aldawalibi Street,Damascus,Syria","phones":"","fax":"","email":"","url":"","countryIso2":"SY","countryName":"Syria","hotelRating":"3","latitude":"33.5135","longitude":"36.2951","state_id":2939,"state_name":"Damascus Governorate","country_id":215},{"active":false,"Giataid":"137997","cityId":104988,"cityName":"Damascus","hotelId":137997,"hotelName":"Sahara Tourist","address":"","phones":"","fax":"","email":"","url":"","countryIso2":"SY","countryName":"Syria","hotelRating":"5","latitude":"33.5576","longitude":"36.2126","state_id":2939,"state_name":"Damascus Governorate","country_id":215},{"active":false,"Giataid":"138325","cityId":104988,"cityName":"Damascus","hotelId":138325,"hotelName":"Sheraton Ma'aret Sednaya","address":"Ma'aret Sednaya,PO Box 22,Damaskus,Syria","phones":"+963115958000","fax":"+963115958022","email":"sednaya_sheraton@net.sy","url":"http://www.starwoodhotels.com/sheraton/property/overview/index.html?propertyID=1347","countryIso2":"SY","countryName":"Syria","hotelRating":"4","latitude":"33.7005","longitude":"36.369","state_id":2939,"state_name":"Damascus Governorate","country_id":215},{"active":false,"Giataid":"143219","cityId":104988,"cityName":"Damascus","hotelId":143219,"hotelName":"Carlton Green Hill","address":"Jedaidet Al Wadi,Damascus,Syria","phones":"","fax":"","email":"","url":"","countryIso2":"SY","countryName":"Syria","hotelRating":"4","latitude":"33.5193","longitude":"36.3134","state_id":2939,"state_name":"Damascus Governorate","country_id":215},{"active":false,"Giataid":"202121","cityId":104988,"cityName":"Damascus","hotelId":202121,"hotelName":"Beit Zaman Hotel","address":"Bab Touma Square,Madhat Basha 120,Damascus,Syria","phones":"+963115435380","fax":"+963115411311","email":"info@beit-zaman.com","url":"http://www.beit-zaman.com","countryIso2":"SY","countryName":"Syria","hotelRating":"5","latitude":"33.5094","longitude":"36.315","state_id":2939,"state_name":"Damascus Governorate","country_id":215},{"active":false,"Giataid":"203074","cityId":104988,"cityName":"Damascus","hotelId":203074,"hotelName":"Baalbek","address":"NULL","phones":"","fax":"","email":"","url":"","countryIso2":"SY","countryName":"Syria","hotelRating":"1","latitude":"33.5345","longitude":"36.2632","state_id":2939,"state_name":"Damascus Governorate","country_id":215},{"active":false,"Giataid":"227491","cityId":104988,"cityName":"Damascus","hotelId":227491,"hotelName":"Antique Khan","address":"Ameen Street,Damaskus,Syria","phones":"+963115419450","fax":"+963115434466","email":"antiquekhan-hotel.com","url":"http://www.antiquekhan-hotel.com","countryIso2":"SY","countryName":"Syria","hotelRating":"4","latitude":"33.4935","longitude":"36.2848","state_id":2939,"state_name":"Damascus Governorate","country_id":215},{"active":false,"Giataid":"227493","cityId":104988,"cityName":"Damascus","hotelId":227493,"hotelName":"City Hotel","address":"Vectoria Bridge,Damascus,Syria","phones":"+963112219375","fax":"+963112453817","email":"info@cityhotel-sy.com","url":"http://www.cityhotel-sy.com","countryIso2":"SY","countryName":"Syria","hotelRating":"3","latitude":"33.5193","longitude":"36.3134","state_id":2939,"state_name":"Damascus Governorate","country_id":215},{"active":false,"Giataid":"227494","cityId":104988,"cityName":"Damascus","hotelId":227494,"hotelName":"Oriental","address":"","phones":"+963115435336","fax":"+963115435339","email":"info@orientalhotel-sy.com","url":"http://www.orientalhotel-sy.com","countryIso2":"SY","countryName":"Syria","hotelRating":"5","latitude":"33.5093","longitude":"36.3129","state_id":2939,"state_name":"Damascus Governorate","country_id":215},{"active":false,"Giataid":"228933","cityId":104966,"cityName":"Aleppo","hotelId":228933,"hotelName":"Tourath House","address":"Raheb Bouhaira Str.,P.O.Box 292,Aleppo,Syria","phones":"+963212118838","fax":"+963212118868","email":"tourathhouse@scs-net.org","url":"http://www.tourathhouse.com","countryIso2":"SY","countryName":"Syria","hotelRating":"3","latitude":"36.2155","longitude":"37.1593","state_id":2946,"state_name":"Aleppo Governorate","country_id":215},{"active":false,"Giataid":"229246","cityId":104988,"cityName":"Damascus","hotelId":229246,"hotelName":"Al Pasha","address":"Zaitoun Street,Via Recta,PO Box: 2046,Damascus,Syria","phones":"+963115430100","fax":"+963115436409","email":"","url":"http://www.alpashahotel.com/index.php?option=com_content&amp;view=article&amp;id=46&amp;Itemid=11","countryIso2":"SY","countryName":"Syria","hotelRating":"5","latitude":"33.513","longitude":"36.292","state_id":2939,"state_name":"Damascus Governorate","country_id":215},{"active":false,"Giataid":"229247","cityId":104988,"cityName":"Damascus","hotelId":229247,"hotelName":"Beit Al Wali","address":"Bab Touma,P.O. Box: 8485,Damascus,Syria","phones":"+963115436666","fax":"+963115435555","email":"reservation@beitalwali.com","url":"http://www.beitalwali.com","countryIso2":"SY","countryName":"Syria","hotelRating":"5","latitude":"33.5131","longitude":"36.3149","state_id":2939,"state_name":"Damascus Governorate","country_id":215},{"active":false,"Giataid":"229249","cityId":104966,"cityName":"Aleppo","hotelId":229249,"hotelName":"Aleppo Palace","address":"NULL","phones":"","fax":"","email":"","url":"","countryIso2":"SY","countryName":"Syria","hotelRating":"4","latitude":"36.2155","longitude":"37.1593","state_id":2946,"state_name":"Aleppo Governorate","country_id":215},{"active":false,"Giataid":"229251","cityId":6772,"cityName":"Palmyra","hotelId":229251,"hotelName":"Tadamora Palace","address":"P.O. Box: 007,Palmyra,Syria","phones":"+963315915701","fax":"+963315915712","email":"marketing@tadamorapalace.com","url":"http://tadamorapalace.com/site/","countryIso2":"SY","countryName":"Syria","hotelRating":"5","latitude":"34.56","longitude":"38.2672","state_id":3906,"state_name":"Western Australia","country_id":14},{"active":false,"Giataid":"229253","cityId":105001,"cityName":"Homs","hotelId":229253,"hotelName":"Al Wadi","address":"P.O. Box: 1723,Homs,Talkalakh,Al-Meshtayeh,Syria","phones":"+963317730456","fax":"+963317730399","email":"reservation@alwadihotel.com","url":"http://www.alwadihotel.com/","countryIso2":"SY","countryName":"Syria","hotelRating":"4","latitude":"34.6712","longitude":"36.2628","state_id":2942,"state_name":"Homs Governorate","country_id":215},{"active":false,"Giataid":"230381","cityId":104988,"cityName":"Damascus","hotelId":230381,"hotelName":"Crystal Palace","address":"Nazem Bahsa Street,Damascus,Syria","phones":"","fax":"","email":"","url":"","countryIso2":"SY","countryName":"Syria","hotelRating":"3","latitude":"33.5237","longitude":"36.2786","state_id":2939,"state_name":"Damascus Governorate","country_id":215},{"active":false,"Giataid":"231929","cityId":104988,"cityName":"Damascus","hotelId":231929,"hotelName":"Albal","address":"NULL","phones":"+963115413621","fax":"+963115413620","email":"info@albalhotel.com","url":"http://www.albalhotel.com/en/","countryIso2":"SY","countryName":"Syria","hotelRating":"4","latitude":"33.513","longitude":"36.292","state_id":2939,"state_name":"Damascus Governorate","country_id":215},{"active":false,"Giataid":"231932","cityId":104966,"cityName":"Aleppo","hotelId":231932,"hotelName":"Beit Marrash","address":"narrow street Al Sha'aebaniet,Al Sabae Bahraat Square,Alfarafira,Aleppo,Syria","phones":"+963219297","fax":"+963212117082","email":"info@beitmarrash.com","url":"http://www.beitmarrash.com/","countryIso2":"SY","countryName":"Syria","hotelRating":"3","latitude":"36.2031","longitude":"37.1608","state_id":2946,"state_name":"Aleppo Governorate","country_id":215},{"active":false,"Giataid":"232898","cityId":6772,"cityName":"Palmyra","hotelId":232898,"hotelName":"Palmyra","address":"Jamal Abdul Nasir,Palmyra,Syria","phones":"+963315910156","fax":"+963315912554","email":"","url":"http://www.villapalmyra.com/","countryIso2":"SY","countryName":"Syria","hotelRating":"3","latitude":"34.5551","longitude":"38.2757","state_id":3906,"state_name":"Western Australia","country_id":14},{"active":false,"Giataid":"234823","cityId":104988,"cityName":"Damascus","hotelId":234823,"hotelName":"Afnan","address":"Hananya,Bab Sharqi,Old Damascus,Damascus,Syria","phones":"","fax":"","email":"","url":"","countryIso2":"SY","countryName":"Syria","hotelRating":"5","latitude":"33.5106","longitude":"36.3177","state_id":2939,"state_name":"Damascus Governorate","country_id":215},{"active":false,"Giataid":"234824","cityId":104988,"cityName":"Damascus","hotelId":234824,"hotelName":"Beit Akbik","address":"Old Damascus,Straigh Street,Damascus,Syria","phones":"+963115420044","fax":"+963115420025","email":"info@beit-akbikhotel.com","url":"http://www.trivago.de/damaskus-87020/hotel/beit-akbik-1536201","countryIso2":"SY","countryName":"Syria","hotelRating":"4","latitude":"33.5113","longitude":"36.3058","state_id":2939,"state_name":"Damascus Governorate","country_id":215},{"active":false,"Giataid":"234825","cityId":104988,"cityName":"Damascus","hotelId":234825,"hotelName":"Beit Ramza","address":"Lazzariste Street,Mikhael Na'ima Lane 3161,Bab Touma,Damascus,Syria","phones":"+963115451526","fax":"+963115451528","email":"reservations@beitramzahotel.com","url":"http://www.beitramzahotel.com/","countryIso2":"SY","countryName":"Syria","hotelRating":"4","latitude":"33.5105","longitude":"36.3154","state_id":2939,"state_name":"Damascus Governorate","country_id":215},{"active":false,"Giataid":"234826","cityId":104988,"cityName":"Damascus","hotelId":234826,"hotelName":"Beit Rose","address":"Main Road Bab Toma,Old Damascus,Damascus,Syria","phones":"+963115441241","fax":"+963115435669","email":"info@beitrose.com","url":"http://www.beitrose.com/","countryIso2":"SY","countryName":"Syria","hotelRating":"3","latitude":"33.5108","longitude":"36.3145","state_id":2939,"state_name":"Damascus Governorate","country_id":215},{"active":false,"Giataid":"234976","cityId":104988,"cityName":"Damascus","hotelId":234976,"hotelName":"Talisman Bab Al Salam","address":"Al Ameen Street,Tal Elhijara,Damascus,Syria","phones":"+963115415379","fax":"+963115433944","email":"reservation@talismanhotels.com","url":"http://talismanhotels.com/index.php/Talisman-Bab-Al-Salam","countryIso2":"SY","countryName":"Syria","hotelRating":"5","latitude":"33.5132","longitude":"36.3101","state_id":2939,"state_name":"Damascus Governorate","country_id":215},{"active":false,"Giataid":"234977","cityId":104988,"cityName":"Damascus","hotelId":234977,"hotelName":"Baik Bash Boutique","address":"Straight Street,Damascus 6017,Syria","phones":"+963115436007","fax":"+963115436008","email":"info@baikbash.com","url":"http://www.facebook.com/photo.php?fbid=10150366040380293&amp;set=o.124003387612479&amp;pid=16686390&amp;id=826895292","countryIso2":"SY","countryName":"Syria","hotelRating":"5","latitude":"33.5096","longitude":"36.3114","state_id":2939,"state_name":"Damascus Governorate","country_id":215},{"active":false,"Giataid":"240239","cityId":104966,"cityName":"Aleppo","hotelId":240239,"hotelName":"Beit Salahieh","address":"Aleppo,Aleppo Old City, Al Mustadamiyah Quarters,Syria","phones":"+963213319999","fax":"+963213322688","email":"aline@beitsalahieh.com","url":"http://beitsalahieh.com","countryIso2":"SY","countryName":"Syria","hotelRating":"5","latitude":"36.2025","longitude":"37.1648","state_id":2946,"state_name":"Aleppo Governorate","country_id":215},{"active":false,"Giataid":"244325","cityId":104988,"cityName":"Damascus","hotelId":244325,"hotelName":"Al Madinah (city Hotel)","address":"Victoria Bridge,Damascus,Syria","phones":"+963112225623","fax":"+963112248248","email":"","url":"http://www.cityhoteldamascus.com/","countryIso2":"SY","countryName":"Syria","hotelRating":"3","latitude":"33.513","longitude":"36.294","state_id":2939,"state_name":"Damascus Governorate","country_id":215},{"active":false,"Giataid":"244326","cityId":104988,"cityName":"Damascus","hotelId":244326,"hotelName":"Orient Gate","address":"Bahsa Street,Damascus,Syria","phones":"+963112316224","fax":"+963112325127","email":"info@orientgatehotel.com","url":"http://www.orientgatehotel.com/","countryIso2":"SY","countryName":"Syria","hotelRating":"1","latitude":"33.5156","longitude":"36.2966","state_id":2939,"state_name":"Damascus Governorate","country_id":215},{"active":false,"Giataid":"244327","cityId":104988,"cityName":"Damascus","hotelId":244327,"hotelName":"Al Mah Hata (station)","address":"Khaled Ibn Al Waleed Street,Kanawat Police Station,Damascus,Syria","phones":"","fax":"","email":"","url":"","countryIso2":"SY","countryName":"Syria","hotelRating":"2","latitude":"33.5108","longitude":"36.3007","state_id":2939,"state_name":"Damascus Governorate","country_id":215},{"active":false,"Giataid":"244328","cityId":104988,"cityName":"Damascus","hotelId":244328,"hotelName":"Al Zaetona","address":"Bab Touma,Bab Touma Square,Behind Police Station,Damascus,Syria","phones":"","fax":"","email":"","url":"","countryIso2":"SY","countryName":"Syria","hotelRating":"4","latitude":"33.5131","longitude":"36.315","state_id":2939,"state_name":"Damascus Governorate","country_id":215},{"active":false,"Giataid":"244329","cityId":104988,"cityName":"Damascus","hotelId":244329,"hotelName":"Orient Palace","address":"Hijaz Square,Damascus,Syria","phones":"+963112231351","fax":"+963112211512","email":"info@orientpalacehotel.net","url":"http://orientpalacehotel.net/","countryIso2":"SY","countryName":"Syria","hotelRating":"3","latitude":"33.5119","longitude":"36.2946","state_id":2939,"state_name":"Damascus Governorate","country_id":215},{"active":false,"Giataid":"244330","cityId":104988,"cityName":"Damascus","hotelId":244330,"hotelName":"Candels (al Shomou)","address":"Halbouni Maktabat,Damascus,Syria","phones":"+963112211318","fax":"+963112244960","email":"","url":"http://candles-hotel.com/","countryIso2":"SY","countryName":"Syria","hotelRating":"2","latitude":"33.5095","longitude":"36.2943","state_id":2939,"state_name":"Damascus Governorate","country_id":215},{"active":false,"Giataid":"244331","cityId":104988,"cityName":"Damascus","hotelId":244331,"hotelName":"Armitage Hotel","address":"P.O.Box 11193,Damascus 62194,Syria","phones":"+963114435344","fax":"+963114420188","email":"Reservation@armitage-hotel.com","url":"http://www.armitage-hotel.com/","countryIso2":"SY","countryName":"Syria","hotelRating":"4","latitude":"33.522","longitude":"36.2907","state_id":2939,"state_name":"Damascus Governorate","country_id":215},{"active":false,"Giataid":"322648","cityId":104966,"cityName":"Aleppo","hotelId":322648,"hotelName":"Hotel al-Faisal","address":"","phones":"","fax":"","email":"","url":"","countryIso2":"SY","countryName":"Syria","hotelRating":"1","latitude":"36.2083","longitude":"37.1553","state_id":2946,"state_name":"Aleppo Governorate","country_id":215},{"active":false,"Giataid":"363200","cityId":104966,"cityName":"Aleppo","hotelId":363200,"hotelName":"Cilicia","address":"Kostaki Homsi Street,Al-Itfaiaa Al-Qadima,Aleppo,Syria","phones":"","fax":"","email":"","url":"","countryIso2":"SY","countryName":"Syria","hotelRating":"3","latitude":"36.2093","longitude":"37.1563","state_id":2946,"state_name":"Aleppo Governorate","country_id":215},{"active":false,"Giataid":"368843","cityId":6772,"cityName":"Palmyra","hotelId":368843,"hotelName":"Zenobia Cham Palace","address":"Damascus Road,P.O. Box 135,Palmyra,Syria","phones":"","fax":"","email":"","url":"","countryIso2":"SY","countryName":"Syria","hotelRating":"4","latitude":"34.5517","longitude":"38.2741","state_id":3906,"state_name":"Western Australia","country_id":14},{"active":false,"Giataid":"380164","cityId":104988,"cityName":"Damascus","hotelId":380164,"hotelName":"Jaafari Hotel Sayeda Zaynab","address":"Jaafari Street","phones":"","fax":"","email":"","url":"","countryIso2":"SY","countryName":"Syria","hotelRating":"3","latitude":"33.44","longitude":"36.3453","state_id":2939,"state_name":"Damascus Governorate","country_id":215},{"active":false,"Giataid":"380165","cityId":104988,"cityName":"Damascus","hotelId":380165,"hotelName":"Via Recta","address":"","phones":"","fax":"","email":"","url":"","countryIso2":"SY","countryName":"Syria","hotelRating":"5","latitude":"33.513","longitude":"36.3008","state_id":2939,"state_name":"Damascus Governorate","country_id":215},{"active":false,"Giataid":"641243","cityId":105001,"cityName":"Homs","hotelId":641243,"hotelName":"Francis Amar Al Hosn Village","address":"","phones":"","fax":"","email":"","url":"","countryIso2":"SY","countryName":"Syria","hotelRating":"1","latitude":"34.7189","longitude":"36.4817","state_id":2942,"state_name":"Homs Governorate","country_id":215},{"active":false,"Giataid":"273052","cityId":104966,"cityName":"Aleppo","hotelId":20004273,"hotelName":"Carlton Citadel Aleppo Hotel","address":"Aleppo,P.O Box 2424,Syria","phones":"+963213633118","fax":"+963213330202","email":"info@carltoncitadel.com","url":"http://www.carltoncitadel.com/","countryIso2":"SY","countryName":"Syria","hotelRating":"0","latitude":"36.1985","longitude":"37.1597","state_id":2946,"state_name":"Aleppo Governorate","country_id":215},{"active":false,"Giataid":"137677","cityId":104988,"cityName":"Damascus","hotelId":20004632,"hotelName":"Monte Rosa Country Club","address":"Beirut Road,Zabadani,Zar Zar Lake,Ra's al-'Ayn,Damaskus,Syria","phones":"","fax":"","email":"","url":"","countryIso2":"SY","countryName":"Syria","hotelRating":"4","latitude":"33.513","longitude":"36.3008","state_id":2939,"state_name":"Damascus Governorate","country_id":215},{"active":false,"Giataid":"231930","cityId":104988,"cityName":"Damascus","hotelId":20004806,"hotelName":"Dar Al Noor","address":"Medhat Basha Street,Damascus,Syria","phones":"+963115432269","fax":"","email":"info@dar-alnoor.com","url":"http://www.dar-alnoor.com","countryIso2":"SY","countryName":"Syria","hotelRating":"5","latitude":"33.5124","longitude":"36.2999","state_id":2939,"state_name":"Damascus Governorate","country_id":215},{"active":false,"Giataid":"234828","cityId":104988,"cityName":"Damascus","hotelId":20004986,"hotelName":"Hanania","address":"Bab Hanania,Damascus,Syria","phones":"+963115436990","fax":"+963115446573","email":"info@hananiahotel.com","url":"http://www.hananiahotel.com/","countryIso2":"SY","countryName":"Syria","hotelRating":"4","latitude":"33.51","longitude":"36.3177","state_id":2939,"state_name":"Damascus Governorate","country_id":215},{"active":false,"Giataid":"27552","cityId":6772,"cityName":"Palmyra","hotelId":20006176,"hotelName":"Zenobia","address":"Main avenue, in front of Baal Shamin temple,Palmyra,Syria","phones":"+963315918129","fax":"+963315918130","email":"","url":"","countryIso2":"SY","countryName":"Syria","hotelRating":"4","latitude":"34.554","longitude":"38.271","state_id":3906,"state_name":"Western Australia","country_id":14},{"active":false,"Giataid":"124893","cityId":105002,"cityName":"Idlib","hotelId":20006325,"hotelName":"Carlton Idlib","address":"Areha Road,behind Municipality Road,Idlib,Syria","phones":"","fax":"","email":"","url":"","countryIso2":"SY","countryName":"Syria","hotelRating":"4","latitude":"35.9332","longitude":"36.6334","state_id":2940,"state_name":"Idlib Governorate","country_id":215},{"active":false,"Giataid":"678551","cityId":104988,"cityName":"Damascus","hotelId":20006743,"hotelName":"Art House Hotel","address":"Damascus Syria Mazzeh,Behind The Children Hospital,Damascus,Syria","phones":"","fax":"","email":"","url":"","countryIso2":"SY","countryName":"Syria","hotelRating":"0","latitude":"33.5145","longitude":"36.26","state_id":2939,"state_name":"Damascus Governorate","country_id":215},{"active":false,"Giataid":"58278","cityId":104988,"cityName":"Damascus","hotelId":20006896,"hotelName":"Al Majed","address":"29th May Street,Damaskus,Syria","phones":"+963112323300","fax":"+963112323304","email":"majed@almajed-group.com","url":"http://www.almajed-group.com","countryIso2":"SY","countryName":"Syria","hotelRating":"3","latitude":"33.5173","longitude":"36.2956","state_id":2939,"state_name":"Damascus Governorate","country_id":215},{"active":false,"Giataid":"138512","cityId":104966,"cityName":"Aleppo","hotelId":20008557,"hotelName":"Coral Julia Dumna","address":"Al Sabee Bahrat,Beside Omayad Mosqe,P.O. Box 1420,Aleppo,Syria","phones":"+963213330660","fax":"+963213339005","email":"info@coral-juliadumna.com","url":"http://www.coral-juliadumna.com","countryIso2":"SY","countryName":"Syria","hotelRating":"4","latitude":"36.2016","longitude":"37.1561","state_id":2946,"state_name":"Aleppo Governorate","country_id":215},{"active":false,"Giataid":"92143","cityId":104988,"cityName":"Damascus","hotelId":20008708,"hotelName":"Bait Mamlouka","address":"Bab Touma,Qemarieh street,In Front Of Hammam Bakri,Next To Elissar Restaurant,Damaskus,Syria","phones":"+963115430445","fax":"+963115417248","email":"info@almamlouka.com","url":"http://www.almamlouka.com","countryIso2":"SY","countryName":"Syria","hotelRating":"5","latitude":"33.5126","longitude":"36.3137","state_id":2939,"state_name":"Damascus Governorate","country_id":215},{"active":false,"Giataid":"92142","cityId":104966,"cityName":"Aleppo","hotelId":20008980,"hotelName":"Mansouriya","address":"Bab Quennesrine,The Old City,Aleppo,Syria","phones":"+963213632000","fax":"+963213323881","email":"reservation@mansouriya.com","url":"http://www.mansouriya.com","countryIso2":"SY","countryName":"Syria","hotelRating":"5","latitude":"36.2069","longitude":"37.1435","state_id":2946,"state_name":"Aleppo Governorate","country_id":215},{"active":false,"Giataid":"239779","cityId":104988,"cityName":"Damascus","hotelId":20009113,"hotelName":"Beit Zafran","address":"Bab Touma Haret Boolad,P.O. Box 31109,Damascus,Syria","phones":"+9631154386760","fax":"+963115443957","email":"info@beitzafran.com","url":"http://beitzafran.com/content/damascus-0","countryIso2":"SY","countryName":"Syria","hotelRating":"5","latitude":"33.5114","longitude":"36.3145","state_id":2939,"state_name":"Damascus Governorate","country_id":215},{"active":false,"Giataid":"679326","cityId":104988,"cityName":"Damascus","hotelId":20009275,"hotelName":"Kaisar Palace","address":"Maysaloun Sant Damascus,Damascus,Syria","phones":"+963993201060","fax":"","email":"info@kaisarpalace.com","url":"http://www.kaisarpalace.com/","countryIso2":"SY","countryName":"Syria","hotelRating":"0","latitude":"33.513","longitude":"36.3008","state_id":2939,"state_name":"Damascus Governorate","country_id":215},{"active":false,"Giataid":"678960","cityId":104988,"cityName":"Damascus","hotelId":20009449,"hotelName":"Al Sultan Hotel","address":"West Alhigaz Railway Station,Damascus,Syria","phones":"","fax":"","email":"","url":"","countryIso2":"SY","countryName":"Syria","hotelRating":"0","latitude":"33.513","longitude":"36.3008","state_id":2939,"state_name":"Damascus Governorate","country_id":215},{"active":false,"Giataid":"678764","cityId":104988,"cityName":"Damascus","hotelId":20009894,"hotelName":"Shahbandar Palace","address":"Old City Damascus,Al Qemaryeh Street,Bab Touma Damascus,Damascus,Syria","phones":"","fax":"","email":"","url":"","countryIso2":"SY","countryName":"Syria","hotelRating":"0","latitude":"33.5121","longitude":"36.3123","state_id":2939,"state_name":"Damascus Governorate","country_id":215},{"active":false,"Giataid":"678785","cityId":104966,"cityName":"Aleppo","hotelId":20011093,"hotelName":"Baron Hotel","address":"Baron Street,Aleppo,Syria","phones":"","fax":"","email":"","url":"","countryIso2":"SY","countryName":"Syria","hotelRating":"0","latitude":"36.2083","longitude":"37.1553","state_id":2946,"state_name":"Aleppo Governorate","country_id":215},{"active":false,"Giataid":"227496","cityId":104966,"cityName":"Aleppo","hotelId":20011221,"hotelName":"Dar Alkanadil","address":"behind Bab Antakia,P.O.Box 9956,Aleppo,Syria","phones":"+963213324908","fax":"+963212114677","email":"info@daralkanadil.com","url":"http://www.daralkanadil.com","countryIso2":"SY","countryName":"Syria","hotelRating":"3","latitude":"36.2023","longitude":"37.1517","state_id":2946,"state_name":"Aleppo Governorate","country_id":215},{"active":false,"Giataid":"231933","cityId":104966,"cityName":"Aleppo","hotelId":20011333,"hotelName":"Jdayde","address":"Jdayde area,Alhatab Square,Aleppo,Syria","phones":"+963212121197","fax":"+963212110333","email":"info@jdaydehotel.com","url":"http://www.jdaydehotel.com","countryIso2":"SY","countryName":"Syria","hotelRating":"4","latitude":"36.2155","longitude":"37.1593","state_id":2946,"state_name":"Aleppo Governorate","country_id":215},{"active":false,"Giataid":"542593","cityId":104988,"cityName":"Damascus","hotelId":20011519,"hotelName":"Beit Rumman","address":"Main Street,Bab Touma,Damascus,Syria","phones":"","fax":"","email":"","url":"http://www.bietrumman.com","countryIso2":"SY","countryName":"Syria","hotelRating":"5","latitude":"33.513","longitude":"36.3008","state_id":2939,"state_name":"Damascus Governorate","country_id":215},{"active":false,"Giataid":"122399","cityId":104988,"cityName":"Damascus","hotelId":20011598,"hotelName":"Jalan Chan","address":"Mazze,Damascus,Syria","phones":"+9631389389","fax":"","email":"","url":"","countryIso2":"SY","countryName":"Syria","hotelRating":"4","latitude":"33.517","longitude":"36.2933","state_id":2939,"state_name":"Damascus Governorate","country_id":215},{"active":false,"Giataid":"234827","cityId":104988,"cityName":"Damascus","hotelId":20011726,"hotelName":"Beti Betak","address":"Damascus Old Town,Shaghoor jouwany,Hasan-al-hendi Lane 0614,House no. 23,Syria","phones":"+963112252836","fax":"+963112252836","email":"reservation@beti-betak.com","url":"http://www.beti-betak.com/de/","countryIso2":"SY","countryName":"Syria","hotelRating":"4","latitude":"33.5162","longitude":"36.2942","state_id":2939,"state_name":"Damascus Governorate","country_id":215},{"active":false,"Giataid":"202122","cityId":104966,"cityName":"Aleppo","hotelId":20011859,"hotelName":"Yasmeen d'Alep House","address":"Al-Kayyali street,P.O.Box 1282,Jdaydeh area,Aleppo,Syria","phones":"+963212126366","fax":"+963212126368","email":"info@yasmeenalep.com","url":"http://www.yasmeenalep.com/","countryIso2":"SY","countryName":"Syria","hotelRating":"4","latitude":"36.2064","longitude":"37.156","state_id":2946,"state_name":"Aleppo Governorate","country_id":215},{"active":false,"Giataid":"231928","cityId":104988,"cityName":"Damascus","hotelId":20011918,"hotelName":"Agenor","address":"Straight Street,P.O.Box 16454,Damascus,Syria","phones":"+963115413651","fax":"+963115413656","email":"reservation@agenorhotel.com","url":"http://www.agenorhotel.com","countryIso2":"SY","countryName":"Syria","hotelRating":"4","latitude":"33.5094","longitude":"36.3136","state_id":2939,"state_name":"Damascus Governorate","country_id":215},{"active":false,"Giataid":"871943","cityId":104966,"cityName":"Aleppo","hotelId":20370855,"hotelName":"Dar Halabia Hotel","address":"Bab Antakya,Inside The Old Souk,Aleppo,Syria","phones":"","fax":"","email":"","url":"","countryIso2":"SY","countryName":"Syria","hotelRating":"0","latitude":"36.2083","longitude":"37.1553","state_id":2946,"state_name":"Aleppo Governorate","country_id":215},{"active":false,"Giataid":"927992","cityId":104988,"cityName":"Damascus","hotelId":20370857,"hotelName":"Al Bilal Hotel","address":"Port Said Street,PO Box 13152,Damascus,Syria","phones":"","fax":"","email":"","url":"","countryIso2":"SY","countryName":"Syria","hotelRating":"0","latitude":"33.513","longitude":"36.3008","state_id":2939,"state_name":"Damascus Governorate","country_id":215},{"active":false,"Giataid":"881091","cityId":105001,"cityName":"Homs","hotelId":20370867,"hotelName":"Al Khair Hotel & Resort","address":"Wadi Al-Nasara,Al Nasra,Homs,Syria","phones":"","fax":"","email":"","url":"","countryIso2":"SY","countryName":"Syria","hotelRating":"0","latitude":"34.7189","longitude":"36.4817","state_id":2942,"state_name":"Homs Governorate","country_id":215},{"active":false,"Giataid":"871827","cityId":104988,"cityName":"Damascus","hotelId":20370875,"hotelName":"Al Khair Palace Hotel","address":"Bab Sharki,Straight Street,Damascus,Syria","phones":"","fax":"","email":"","url":"","countryIso2":"SY","countryName":"Syria","hotelRating":"0","latitude":"33.513","longitude":"36.3008","state_id":2939,"state_name":"Damascus Governorate","country_id":215}]