[{"active":false,"Giataid":"27559","cityId":null,"cityName":"Lattakia","hotelId":27559,"hotelName":"Le Meridien Lattakia","address":"","phones":"","fax":"","email":"","url":"","countryIso2":"SY","countryName":"Syria","hotelRating":"5","latitude":"35.5854","longitude":"35.7383","state_id":null,"state_name":null,"country_id":null},{"active":false,"Giataid":"27560","cityId":null,"cityName":"Maalula","hotelId":27560,"hotelName":"Safir","address":"Maaloula,Syrien,Syria","phones":"+96312770250","fax":"","email":"","url":"","countryIso2":"SY","countryName":"Syria","hotelRating":"4","latitude":"33.8453","longitude":"36.5452","state_id":null,"state_name":null,"country_id":null},{"active":false,"Giataid":"131827","cityId":null,"cityName":"Ramot, Golan Heights","hotelId":131827,"hotelName":"Ramot Resort Hotel","address":"Sea Of Galilee Tiberias","phones":"","fax":"","email":"","url":"","countryIso2":"SY","countryName":"Syria","hotelRating":"4","latitude":"32.8585","longitude":"35.6602","state_id":null,"state_name":null,"country_id":null},{"active":false,"Giataid":"133167","cityId":null,"cityName":"Lattakia","hotelId":133167,"hotelName":"Laliche","address":"Southern Kornish Road,Near Port Gate 2,Lattakia,Syria","phones":"","fax":"","email":"","url":"","countryIso2":"SY","countryName":"Syria","hotelRating":"4","latitude":"35.5126","longitude":"35.7731","state_id":null,"state_name":null,"country_id":null},{"active":false,"Giataid":"133168","cityId":null,"cityName":"Lattakia","hotelId":133168,"hotelName":"Riviera","address":"14 Ramadan Street,Lattakia,Syria","phones":"+96341211806","fax":"+96341218287","email":"","url":"http://www.trivago.de/latakia-87026/hotel/riviera-496946","countryIso2":"SY","countryName":"Syria","hotelRating":"4","latitude":"35.5248","longitude":"35.7863","state_id":null,"state_name":null,"country_id":null},{"active":false,"Giataid":"133169","cityId":null,"cityName":"Lattakia","hotelId":133169,"hotelName":"Cazino","address":"","phones":"","fax":"","email":"","url":"","countryIso2":"SY","countryName":"Syria","hotelRating":"3","latitude":"35.5199","longitude":"35.771","state_id":null,"state_name":null,"country_id":null},{"active":false,"Giataid":"136802","cityId":null,"cityName":"Bosra","hotelId":136802,"hotelName":"Cham Palace Hotel Bosra ","address":"","phones":"","fax":"","email":"","url":"","countryIso2":"SY","countryName":"Syria","hotelRating":"5","latitude":"32.5145","longitude":"36.4817","state_id":null,"state_name":null,"country_id":null},{"active":false,"Giataid":"137500","cityId":null,"cityName":"Tartus","hotelId":137500,"hotelName":"Grand","address":"","phones":"","fax":"","email":"","url":"","countryIso2":"SY","countryName":"Syria","hotelRating":"3","latitude":"34.8921","longitude":"35.8877","state_id":null,"state_name":null,"country_id":null},{"active":false,"Giataid":"138027","cityId":null,"cityName":"Tartus","hotelId":138027,"hotelName":"Shahin Tower","address":"","phones":"","fax":"","email":"","url":"","countryIso2":"SY","countryName":"Syria","hotelRating":"4","latitude":"34.8889","longitude":"35.8789","state_id":null,"state_name":null,"country_id":null},{"active":false,"Giataid":"138349","cityId":null,"cityName":"Bloudan","hotelId":138349,"hotelName":"Bloudan Grand Hotel","address":"Bloudan Square,Bloudan,Syria","phones":"+963117160070","fax":"","email":"","url":"","countryIso2":"SY","countryName":"Syria","hotelRating":"4","latitude":"33.7333","longitude":"36.1333","state_id":null,"state_name":null,"country_id":null},{"active":false,"Giataid":"138373","cityId":null,"cityName":"Bloudan","hotelId":138373,"hotelName":"Paradise Inn International","address":"","phones":"","fax":"","email":"","url":"","countryIso2":"SY","countryName":"Syria","hotelRating":"5","latitude":"33.734","longitude":"36.1337","state_id":null,"state_name":null,"country_id":null},{"active":false,"Giataid":"143218","cityId":null,"cityName":"Bloudan","hotelId":143218,"hotelName":"Regency Park","address":"","phones":"","fax":"","email":"","url":"","countryIso2":"SY","countryName":"Syria","hotelRating":"5","latitude":"33.734","longitude":"36.1337","state_id":null,"state_name":null,"country_id":null},{"active":false,"Giataid":"188043","cityId":null,"cityName":"Afik","hotelId":188043,"hotelName":"Kibbutz Afik Country Lodging","address":"1293800 Kibbutz Afik,South Ramat Hagolan,Syria","phones":"+963972723360693","fax":"","email":"","url":"http://www.kibbutz.co.il/hotel.cfm?HotelID=84&amp;AID=1&amp;HotelName=AFIK%20Country%20Lodging","countryIso2":"SY","countryName":"Syria","hotelRating":"2","latitude":"32.7792","longitude":"35.7018","state_id":null,"state_name":null,"country_id":null},{"active":false,"Giataid":"202123","cityId":null,"cityName":"Lattakia","hotelId":202123,"hotelName":"Afamia Rotana Resort","address":"Blue Beach,P.O Box 680,Latakia,Syria","phones":"+96341330033","fax":"+96341330034","email":"","url":"http://www.rotana.com/rotanahotelandresorts/syria/latakia/afamiarotanaresort","countryIso2":"SY","countryName":"Syria","hotelRating":"5","latitude":"35.5467","longitude":"35.7537","state_id":null,"state_name":null,"country_id":null},{"active":false,"Giataid":"222037","cityId":null,"cityName":"Ramot, Golan Heights","hotelId":222037,"hotelName":"Golan Rooms At Sagi Farm Moshav Ramot","address":"Pney Golan Street,12948 Ramot,Syria","phones":"+96397235608118","fax":"","email":"","url":"","countryIso2":"SY","countryName":"Syria","hotelRating":"2","latitude":"32.849","longitude":"35.6655","state_id":null,"state_name":null,"country_id":null},{"active":false,"Giataid":"239130","cityId":null,"cityName":"Merom Golan","hotelId":239130,"hotelName":"Kibbutz Merom Golan","address":"Golan Heights,12436 Merom Golan,Tiberias,Syria","phones":"+96397246960267","fax":"","email":"","url":"","countryIso2":"SY","countryName":"Syria","hotelRating":"2","latitude":"33.1325","longitude":"35.7772","state_id":null,"state_name":null,"country_id":null},{"active":false,"Giataid":"363199","cityId":null,"cityName":"Lattakia","hotelId":363199,"hotelName":"Al Samman","address":"Al Maghreb Al Araby Street,Latakia,Syria","phones":"","fax":"","email":"","url":"","countryIso2":"SY","countryName":"Syria","hotelRating":"4","latitude":"35.5271","longitude":"35.7794","state_id":null,"state_name":null,"country_id":null},{"active":false,"Giataid":"366715","cityId":null,"cityName":"Ramot, Golan Heights","hotelId":366715,"hotelName":"O-Live Resorts Briza Bakfar","address":"Gamla 13,Moshav Ramot,Syria","phones":"+96397249531153","fax":"","email":"info@olivebb.com","url":"http://www.trivago.de/tiberias-84924/hotel/o-live-briza-bakfar-1884061","countryIso2":"SY","countryName":"Syria","hotelRating":"4","latitude":"32.8516","longitude":"35.6663","state_id":null,"state_name":null,"country_id":null},{"active":false,"Giataid":"368844","cityId":null,"cityName":"Lattakia","hotelId":368844,"hotelName":"Cote D Azur De Cham Palace Residence","address":"","phones":"","fax":"","email":"","url":"","countryIso2":"SY","countryName":"Syria","hotelRating":"1","latitude":"35.5408","longitude":"35.7646","state_id":null,"state_name":null,"country_id":null},{"active":false,"Giataid":"437888","cityId":null,"cityName":"Majdal Shams","hotelId":437888,"hotelName":"Narkis Hotel","address":"1 Hermon Street,12438 Majdal Shams,Syria","phones":"","fax":"","email":"","url":"http://www.narkis-hotel.co.il","countryIso2":"SY","countryName":"Syria","hotelRating":"3","latitude":"33.2647","longitude":"35.7628","state_id":null,"state_name":null,"country_id":null},{"active":false,"Giataid":"474952","cityId":null,"cityName":"Had Nes","hotelId":474952,"hotelName":"Cnaan Village Boutique Hotel And Spa","address":"13 Ramat Hagolan,12950 Had Nes,Syria","phones":"+96397246822128","fax":"","email":"spa@cnaan-village.co.il","url":"http://www.cnaan-village.com","countryIso2":"SY","countryName":"Syria","hotelRating":"4","latitude":"32.9253","longitude":"35.6425","state_id":null,"state_name":null,"country_id":null},{"active":false,"Giataid":"497450","cityId":null,"cityName":"Ramot, Golan Heights","hotelId":497450,"hotelName":"Zimmeretz","address":"1294800 Ramot,Syria","phones":"","fax":"","email":"","url":"","countryIso2":"SY","countryName":"Syria","hotelRating":"3","latitude":"32.8516","longitude":"35.6656","state_id":null,"state_name":null,"country_id":null},{"active":false,"Giataid":"497458","cityId":null,"cityName":"Ramot, Golan Heights","hotelId":497458,"hotelName":"Galil Sea View","address":"","phones":"","fax":"","email":"","url":"","countryIso2":"SY","countryName":"Syria","hotelRating":"2","latitude":"32.8531","longitude":"35.665","state_id":null,"state_name":null,"country_id":null},{"active":false,"Giataid":"510026","cityId":null,"cityName":"Had Nes","hotelId":510026,"hotelName":"Invito","address":"","phones":"","fax":"","email":"","url":"","countryIso2":"SY","countryName":"Syria","hotelRating":"3","latitude":"32.927","longitude":"35.6424","state_id":null,"state_name":null,"country_id":null},{"active":false,"Giataid":"530760","cityId":null,"cityName":"Ramot, Golan Heights","hotelId":530760,"hotelName":"Sea Of Galilee Panoramic View Chalets","address":"Dalyot Street,Ramot,Syria","phones":"","fax":"","email":"","url":"http://www.ramotnof.co.il","countryIso2":"SY","countryName":"Syria","hotelRating":"1","latitude":"32.8531","longitude":"35.6647","state_id":null,"state_name":null,"country_id":null},{"active":false,"Giataid":"542009","cityId":null,"cityName":"Ramot, Golan Heights","hotelId":542009,"hotelName":"Naomi's B&B","address":"Moshav Ramor,12948 Ramot,Syria","phones":"+96397246732157","fax":"","email":"sason135@gmail.com","url":"http://www.ramotzim.co.il/?page_id=153","countryIso2":"SY","countryName":"Syria","hotelRating":"3","latitude":"32.8503","longitude":"35.6651","state_id":null,"state_name":null,"country_id":null},{"active":false,"Giataid":"601677","cityId":null,"cityName":"Ramot, Golan Heights","hotelId":601677,"hotelName":"The White Cabins - Boutique","address":"Moshav Ramot,Ramot,Syria","phones":"","fax":"","email":"","url":"","countryIso2":"SY","countryName":"Syria","hotelRating":"1","latitude":"32.8439","longitude":"35.6682","state_id":null,"state_name":null,"country_id":null},{"active":false,"Giataid":"601681","cityId":null,"cityName":"Ramot, Golan Heights","hotelId":601681,"hotelName":"The White Cabins - View","address":"Moshav Ramot,Ramot,Syria","phones":"","fax":"","email":"","url":"","countryIso2":"SY","countryName":"Syria","hotelRating":"1","latitude":"32.8439","longitude":"35.6682","state_id":null,"state_name":null,"country_id":null},{"active":false,"Giataid":"601756","cityId":null,"cityName":"Had Nes","hotelId":601756,"hotelName":"The Pearl of the Golan - Pnina BaGolan","address":"46 Hofim Street,1295000 Had Nes,Syria","phones":"","fax":"","email":"","url":"","countryIso2":"SY","countryName":"Syria","hotelRating":"1","latitude":"32.927","longitude":"35.6424","state_id":null,"state_name":null,"country_id":null},{"active":false,"Giataid":"636114","cityId":null,"cityName":"Had Nes","hotelId":636114,"hotelName":"African Lodge","address":"Hofim 44,12950 Had Nes,Ramot region,Syria","phones":"+96397246922012","fax":"+96397246924234","email":"","url":"http://www.amalia.biz","countryIso2":"SY","countryName":"Syria","hotelRating":"1","latitude":"32.9267","longitude":"35.6429","state_id":null,"state_name":null,"country_id":null},{"active":false,"Giataid":"641404","cityId":null,"cityName":"Eliad","hotelId":641404,"hotelName":"Spa Chalets In Olive Grove","address":"1292700 Moshav Eliad,Ramot,Syria","phones":"+96397046763829","fax":"","email":"","url":"http://zimeriki.co.il/default_EN.asp","countryIso2":"SY","countryName":"Syria","hotelRating":"1","latitude":"32.8051","longitude":"35.7332","state_id":null,"state_name":null,"country_id":null},{"active":false,"Giataid":"641443","cityId":null,"cityName":"Merom Golan","hotelId":641443,"hotelName":"Ortal","address":"1243000 Merom Golan,Golan Heights,Syria","phones":"","fax":"","email":"","url":"","countryIso2":"SY","countryName":"Syria","hotelRating":"1","latitude":"33.0862","longitude":"35.7585","state_id":null,"state_name":null,"country_id":null},{"active":false,"Giataid":"669537","cityId":null,"cityName":"Ramot, Golan Heights","hotelId":669537,"hotelName":"The White Cabins - Home","address":"Kakhal Street,Moshav Ramot,Ramot,Syria","phones":"","fax":"","email":"","url":"","countryIso2":"SY","countryName":"Syria","hotelRating":"1","latitude":"32.8439","longitude":"35.6682","state_id":null,"state_name":null,"country_id":null},{"active":false,"Giataid":"724221","cityId":null,"cityName":"Had Nes","hotelId":724221,"hotelName":"Paradise In The Heights","address":"Had Nes 278,12950 Had Nes,Syria","phones":"","fax":"","email":"","url":"","countryIso2":"SY","countryName":"Syria","hotelRating":"1","latitude":"32.9372","longitude":"35.6382","state_id":null,"state_name":null,"country_id":null},{"active":false,"Giataid":"726978","cityId":null,"cityName":"Ramot, Golan Heights","hotelId":726978,"hotelName":"Setai Sea Of Galilee","address":"Tse'elon Beach,Kinneret,Ramot,Syria","phones":"+96397248432222","fax":"","email":"res@thesetaihotel.co.il","url":"http://www.thesetaihotel.co.il","countryIso2":"SY","countryName":"Syria","hotelRating":"1","latitude":"32.8531","longitude":"35.665","state_id":null,"state_name":null,"country_id":null},{"active":false,"Giataid":"731547","cityId":null,"cityName":"Neve Ativ","hotelId":731547,"hotelName":"Hunters Lodge","address":"989 Neve Ativ,12493 Neve Ativ,Golan Heights,Syria","phones":"","fax":"","email":"","url":"","countryIso2":"SY","countryName":"Syria","hotelRating":"1","latitude":"33.2625","longitude":"35.7451","state_id":null,"state_name":null,"country_id":null},{"active":false,"Giataid":"732835","cityId":null,"cityName":"Merom Golan","hotelId":732835,"hotelName":"Odem Country Lodging","address":"Moshav Odem,Ramat Hagolan,Odem 12473,Syria","phones":"","fax":"","email":"","url":"","countryIso2":"SY","countryName":"Syria","hotelRating":"1","latitude":"33.1325","longitude":"35.7585","state_id":null,"state_name":null,"country_id":null},{"active":false,"Giataid":"733840","cityId":null,"cityName":"Had Nes","hotelId":733840,"hotelName":"Eden's Boutique","address":"Gan-Ha Shikmim 315,Had Nes 1295000,Syria","phones":"+963972543213436","fax":"+96397248109077","email":"edenbagolan@gmail.com","url":"https://www.edens.holiday/","countryIso2":"SY","countryName":"Syria","hotelRating":"1","latitude":"32.9284","longitude":"35.6422","state_id":null,"state_name":null,"country_id":null},{"active":false,"Giataid":"745467","cityId":null,"cityName":"Ramot, Golan Heights","hotelId":745467,"hotelName":"Nof Kinnert","address":"El Al,Ramot,Syria","phones":"","fax":"","email":"","url":"","countryIso2":"SY","countryName":"Syria","hotelRating":"1","latitude":"32.8531","longitude":"35.665","state_id":null,"state_name":null,"country_id":null},{"active":false,"Giataid":"750323","cityId":null,"cityName":"Had Nes","hotelId":750323,"hotelName":"Hen Suites","address":"252 Ginat Egoz Street,12950 Had Nes,Syria","phones":"","fax":"","email":"","url":"","countryIso2":"SY","countryName":"Syria","hotelRating":"1","latitude":"32.9284","longitude":"35.6422","state_id":null,"state_name":null,"country_id":null},{"active":false,"Giataid":"755674","cityId":null,"cityName":"Ramot, Golan Heights","hotelId":755674,"hotelName":"Beit Ram Sherf Country Resort","address":"Golan,1294800 Ramot,Central,Syria","phones":"","fax":"","email":"","url":"","countryIso2":"SY","countryName":"Syria","hotelRating":"1","latitude":"32.8531","longitude":"35.665","state_id":null,"state_name":null,"country_id":null},{"active":false,"Giataid":"790171","cityId":null,"cityName":"Majdal Shams","hotelId":790171,"hotelName":"Golan snow","address":"Hermon,12438 Majdal Shams,Syria","phones":"","fax":"","email":"","url":"","countryIso2":"SY","countryName":"Syria","hotelRating":"1","latitude":"0","longitude":"0","state_id":null,"state_name":null,"country_id":null},{"active":false,"Giataid":"497442","cityId":null,"cityName":"Had Nes","hotelId":10102537,"hotelName":"Villa Pnina Kineret","address":"Moshavat Kineret","phones":"NULL","fax":"NULL","email":"NULL","url":"NULL","countryIso2":"SY","countryName":"Syria","hotelRating":"4","latitude":"32.9284","longitude":"35.6422","state_id":null,"state_name":null,"country_id":null},{"active":false,"Giataid":"497540","cityId":null,"cityName":"Had Nes","hotelId":10113214,"hotelName":"Black And White Holiday","address":"322 Had Ness,Syria","phones":"NULL","fax":"NULL","email":"NULL","url":"NULL","countryIso2":"SY","countryName":"Syria","hotelRating":"3","latitude":"32.9296","longitude":"35.6418","state_id":null,"state_name":null,"country_id":null},{"active":false,"Giataid":"678689","cityId":null,"cityName":"Maalula","hotelId":20008260,"hotelName":"Maloula Hotel","address":"Saint Sarkis Church,Ma'loula,Syria","phones":"","fax":"","email":"","url":"","countryIso2":"SY","countryName":"Syria","hotelRating":"0","latitude":"33.8453","longitude":"36.5455","state_id":null,"state_name":null,"country_id":null},{"active":false,"Giataid":"868388","cityId":null,"cityName":"Had Nes","hotelId":20370860,"hotelName":"Helios Home","address":"Hofim,Had Nes,Syria","phones":"","fax":"","email":"","url":"","countryIso2":"SY","countryName":"Syria","hotelRating":"0","latitude":"32.9258","longitude":"35.6441","state_id":null,"state_name":null,"country_id":null},{"active":false,"Giataid":"871815","cityId":null,"cityName":"Tartus","hotelId":20370861,"hotelName":"Mashta Al Helu Hotel & Resort","address":"Safita,Trtous,Syria","phones":"+96343584000","fax":"+96343584060","email":"info@mashtaresort.com","url":"http://www.mashtaresort.com","countryIso2":"SY","countryName":"Syria","hotelRating":"0","latitude":"34.8905","longitude":"35.8833","state_id":null,"state_name":null,"country_id":null},{"active":false,"Giataid":"905638","cityId":null,"cityName":"Ramot, Golan Heights","hotelId":20370864,"hotelName":"Talma Boutique","address":"Pnei Golan Street,1294800 Ramot,Syria","phones":"","fax":"","email":"","url":"","countryIso2":"SY","countryName":"Syria","hotelRating":"0","latitude":"32.8531","longitude":"35.665","state_id":null,"state_name":null,"country_id":null},{"active":false,"Giataid":"138349","cityId":null,"cityName":"Bloudan","hotelId":20370869,"hotelName":"Bloudan Grand Hotel","address":"Bloudan Square,Bloudan,Syria","phones":"+963117160070","fax":"+963117160838","email":"info@bloudangrandhotel.com","url":"https://www.bloudangrandhotel.com","countryIso2":"SY","countryName":"Syria","hotelRating":"0","latitude":"33.734","longitude":"36.1337","state_id":null,"state_name":null,"country_id":null},{"active":false,"Giataid":"928008","cityId":null,"cityName":"Tartus","hotelId":20370874,"hotelName":"Shahin Hotel","address":"PO Box 35,Tartous,Syria","phones":"+96343315001","fax":"+96343221703","email":"","url":"http://www.shahinhotels.com/pages/contactus/contact.htm","countryIso2":"SY","countryName":"Syria","hotelRating":"0","latitude":"34.8905","longitude":"35.8833","state_id":null,"state_name":null,"country_id":null},{"active":false,"Giataid":"1002020","cityId":null,"cityName":"Majdal Shams","hotelId":20439109,"hotelName":"White Diamond","address":"Golan Hights,12438 Majdal Shams,Syria","phones":"","fax":"","email":"","url":"","countryIso2":"SY","countryName":"Syria","hotelRating":"1","latitude":"33.2648","longitude":"35.7633","state_id":null,"state_name":null,"country_id":null}]