[{"active":false,"Giataid":"27946","cityId":9760,"cityName":"Manama","hotelId":27946,"hotelName":"The Gulf Hotel Bahrain","address":"Al Fateh Avenue,Road 3801,Building 11,Block 338,Manama,Bahrain","phones":"+97317713000","fax":"+97317713040","email":"ghbc@gulfhotelbahrain.com","url":"http://www.gulfhotelbahrain.com/","countryIso2":"BH","countryName":"Bahrain","hotelRating":"5","latitude":"26.2163","longitude":"50.5947","state_id":1992,"state_name":"Capital Governorate","country_id":18},{"active":false,"Giataid":"37996","cityId":9760,"cityName":"Manama","hotelId":37996,"hotelName":"The Ritz-Carlton Bahrain ","address":"P.O. Box 55577,Manama,Bahrain","phones":"+97317580000","fax":"+97317580333","email":"","url":"http://www.ritzcarlton.com/en/Properties/Bahrain/Information/Default.htm","countryIso2":"BH","countryName":"Bahrain","hotelRating":"5","latitude":"26.2438","longitude":"50.5384","state_id":1992,"state_name":"Capital Governorate","country_id":18},{"active":false,"Giataid":"39389","cityId":null,"cityName":"Riffa","hotelId":39389,"hotelName":"Royal Golf Club","address":"P.O. Box 39117,Riffa,Bahrain","phones":"+97317750777","fax":"+97317750756","email":"shavrilla@troongolf.com","url":"http://theroyalgolfclub.com/","countryIso2":"BH","countryName":"Bahrain","hotelRating":"1","latitude":"26.0919","longitude":"50.5666","state_id":null,"state_name":null,"country_id":null},{"active":false,"Giataid":"129250","cityId":9760,"cityName":"Manama","hotelId":129250,"hotelName":"Elite One","address":"Road 2003,Building 493,Manama,Bahrain","phones":"","fax":"","email":"","url":"","countryIso2":"BH","countryName":"Bahrain","hotelRating":"4","latitude":"26.2326","longitude":"50.597","state_id":1992,"state_name":"Capital Governorate","country_id":18},{"active":false,"Giataid":"129251","cityId":9760,"cityName":"Manama","hotelId":129251,"hotelName":"Elite Royale","address":"Road 2408,Building 499,Juffair,Manama,Bahrain","phones":"+97317814814","fax":"+97317814888","email":"cro@elitegroup4u.com","url":"http://elitegroup4u.com/EliteRoyale.html","countryIso2":"BH","countryName":"Bahrain","hotelRating":"4","latitude":"26.2196","longitude":"50.6078","state_id":1992,"state_name":"Capital Governorate","country_id":18},{"active":false,"Giataid":"129253","cityId":9760,"cityName":"Manama","hotelId":129253,"hotelName":"One Pavilion Luxury Serviced Apartments","address":"Road 4020,Building 967,Block 340,PO Box 5780,Juffair,Manama,Bahrain","phones":"+97317813131","fax":"+97317813181","email":"cro@elitegroup4u.com","url":"http://elitegroup4u.com/ElitePavilion.html","countryIso2":"BH","countryName":"Bahrain","hotelRating":"4","latitude":"26.212","longitude":"50.6055","state_id":1992,"state_name":"Capital Governorate","country_id":18},{"active":false,"Giataid":"129254","cityId":9760,"cityName":"Manama","hotelId":129254,"hotelName":"Elite Two","address":"Road No 3320,Building No 989,Area No. 333,Manama,Bahrain","phones":"+97317722111","fax":"","email":"","url":"","countryIso2":"BH","countryName":"Bahrain","hotelRating":"4","latitude":"26.2036","longitude":"50.5833","state_id":1992,"state_name":"Capital Governorate","country_id":18},{"active":false,"Giataid":"129255","cityId":9760,"cityName":"Manama","hotelId":129255,"hotelName":"Landmark","address":"PO Box 2868,Hoora Area,Manama 2868,Bahrain","phones":"","fax":"","email":"","url":"","countryIso2":"BH","countryName":"Bahrain","hotelRating":"4","latitude":"26.2349","longitude":"50.5961","state_id":1992,"state_name":"Capital Governorate","country_id":18},{"active":false,"Giataid":"129256","cityId":9760,"cityName":"Manama","hotelId":129256,"hotelName":"Atlas","address":"P.O. Box 534,Gudaibiya Avenue,Manama,Bahrain","phones":"+97317275500","fax":"+97317271736","email":"info@atlashotel.com","url":"http://www.atlashotel.com/atlasflash.htm","countryIso2":"BH","countryName":"Bahrain","hotelRating":"3","latitude":"26.2267","longitude":"50.5889","state_id":1992,"state_name":"Capital Governorate","country_id":18},{"active":false,"Giataid":"129518","cityId":9760,"cityName":"Manama","hotelId":129518,"hotelName":"Ramee Suite 1 Apartment","address":"Building No 692 Road No 2411,Block no 324,P.O.Box no 11538,Manama - Juffair,Bahrain","phones":"+97397143963888","fax":"+97317310687","email":"rameeint@batelco.com.bh","url":"http://www.rameehotels.com/ramee-suite1.html","countryIso2":"BH","countryName":"Bahrain","hotelRating":"3","latitude":"26.218","longitude":"50.6034","state_id":1992,"state_name":"Capital Governorate","country_id":18},{"active":false,"Giataid":"133711","cityId":9760,"cityName":"Manama","hotelId":133711,"hotelName":"Oriental Palace Hotel","address":"17 Tijjar Road,Behind Yateem Centre,P.O. Box 5546,Manama,Bahrain","phones":"+97317223331","fax":"","email":"","url":"http://www.hotzebra.de/hotel.php?id=68328","countryIso2":"BH","countryName":"Bahrain","hotelRating":"3","latitude":"26.2333","longitude":"50.578","state_id":1992,"state_name":"Capital Governorate","country_id":18},{"active":false,"Giataid":"133712","cityId":9760,"cityName":"Manama","hotelId":133712,"hotelName":"Mashtan","address":"Bldg 3578, Rd. 471, Blk. 304,PO Box 20579,Manama,Bahrain","phones":"+97317217333","fax":"+97317217333","email":"hotelmashtan@yahoo.com","url":"http://www.mashtanhotelmanama.com","countryIso2":"BH","countryName":"Bahrain","hotelRating":"4","latitude":"26.2342","longitude":"50.576","state_id":1992,"state_name":"Capital Governorate","country_id":18},{"active":false,"Giataid":"133713","cityId":9760,"cityName":"Manama","hotelId":133713,"hotelName":"Awal","address":"Al Khalifa Road,P.O. Box 3252,Manama,Bahrain","phones":"+97317211321","fax":"+97317211391","email":"","url":"","countryIso2":"BH","countryName":"Bahrain","hotelRating":"2","latitude":"26.2311","longitude":"50.5721","state_id":1992,"state_name":"Capital Governorate","country_id":18},{"active":false,"Giataid":"133714","cityId":9760,"cityName":"Manama","hotelId":133714,"hotelName":"Metropolitan Hotel Bahrain","address":"413 Road 1912,Block 319,P.O.Box 11538,Hoora,Manama,Bahrain","phones":"+97317296464","fax":"+97317310687","email":"rameeint@batelco.com.bh","url":"http://www.rameehotels.com/metropolitan-hotel.html","countryIso2":"BH","countryName":"Bahrain","hotelRating":"3","latitude":"26.2344","longitude":"50.5958","state_id":1992,"state_name":"Capital Governorate","country_id":18},{"active":false,"Giataid":"133715","cityId":9760,"cityName":"Manama","hotelId":133715,"hotelName":"Panorama","address":"Road 4041,Building 1579,Block 340,Al Juffair,Manama,Manama,Bahrain","phones":"","fax":"","email":"","url":"http://www.clever-hotels.com/Hotel/Panorama%20Hotel%20Bahrain/","countryIso2":"BH","countryName":"Bahrain","hotelRating":"4","latitude":"26.2108","longitude":"50.6012","state_id":1992,"state_name":"Capital Governorate","country_id":18},{"active":false,"Giataid":"133716","cityId":9760,"cityName":"Manama","hotelId":133716,"hotelName":"Carlton","address":"Adliya,PO Box 54407,Manama,Bahrain","phones":"+97317715999","fax":"+97317580000","email":"bahrz.leads@ritzcarlton.com","url":"http://www.ritzcarlton.com/en/Properties/Bahrain/Default.htm","countryIso2":"BH","countryName":"Bahrain","hotelRating":"3","latitude":"26.2129","longitude":"50.5906","state_id":1992,"state_name":"Capital Governorate","country_id":18},{"active":false,"Giataid":"133717","cityId":9760,"cityName":"Manama","hotelId":133717,"hotelName":"Tylos","address":"Road 301,Building 8,Area 303,Manama,Bahrain","phones":"","fax":"","email":"","url":"","countryIso2":"BH","countryName":"Bahrain","hotelRating":"3","latitude":"26.2299","longitude":"50.5699","state_id":1992,"state_name":"Capital Governorate","country_id":18},{"active":false,"Giataid":"133718","cityId":9760,"cityName":"Manama","hotelId":133718,"hotelName":"One Juffair Luxury Serviced Apartments","address":"Building 480, Road 41,Al Shabab Ave.,Block 341, Juffair,P.O. Box  5780,Manama,Bahrain","phones":"+97317723040","fax":"+97317723040","email":"info@onebahrainhospitality.com","url":"http://onebahrainhospitality.com/Explore-Hotels/One-Juffair.html","countryIso2":"BH","countryName":"Bahrain","hotelRating":"4","latitude":"26.2113","longitude":"50.6068","state_id":1992,"state_name":"Capital Governorate","country_id":18},{"active":false,"Giataid":"133719","cityId":9760,"cityName":"Manama","hotelId":133719,"hotelName":"Elite Four","address":"Road 3320,Building 983,Manama,Bahrain","phones":"","fax":"","email":"","url":"","countryIso2":"BH","countryName":"Bahrain","hotelRating":"4","latitude":"26.2035","longitude":"50.5829","state_id":1992,"state_name":"Capital Governorate","country_id":18},{"active":false,"Giataid":"133720","cityId":9760,"cityName":"Manama","hotelId":133720,"hotelName":"Happy Days Hotel","address":"Road 1912,Building 395,Block 319,Manama,Bahrain","phones":"+97317290555","fax":"+97317296565","email":"","url":"http://www.daysinn.com/DaysInn/control/Booking/property_info?propertyId=23030","countryIso2":"BH","countryName":"Bahrain","hotelRating":"4","latitude":"26.2352","longitude":"50.5971","state_id":1992,"state_name":"Capital Governorate","country_id":18},{"active":false,"Giataid":"133722","cityId":9760,"cityName":"Manama","hotelId":133722,"hotelName":"Grand Hotel Bahrain","address":"located off Exhibition Road,near Baisan International Hotel,Hoora,Manama,Bahrain,Bahrain","phones":"+97317296237","fax":"+97317310687","email":"rameeint@batelco.com.bh","url":"http://www.rameehotels.com/grand-hotel.html","countryIso2":"BH","countryName":"Bahrain","hotelRating":"2","latitude":"26.2322","longitude":"50.5964","state_id":1992,"state_name":"Capital Governorate","country_id":18},{"active":false,"Giataid":"133725","cityId":9760,"cityName":"Manama","hotelId":133725,"hotelName":"Gulf Gate","address":"Road 357,PO Box 2825,Building 8,Block 315,Salah Al Deen Al Ayoubi Avenue,Manama,Bahrain","phones":"+97317210210","fax":"+97317210210","email":"gulfgate@batelco.com.bh","url":"http://www.gulfgatebahrain.com/","countryIso2":"BH","countryName":"Bahrain","hotelRating":"4","latitude":"26.2336","longitude":"50.571","state_id":1992,"state_name":"Capital Governorate","country_id":18},{"active":false,"Giataid":"133726","cityId":null,"cityName":"Hawar Islands","hotelId":133726,"hotelName":"Hawar Beach Hotel","address":"Durrat Marina Yacht Club,Al Rifa` Wa Al Mintaqah Al Janubiyah,Hawar Island,Bahrain","phones":"+97317641666","fax":"","email":"","url":"","countryIso2":"BH","countryName":"Bahrain","hotelRating":"4","latitude":"25.6509","longitude":"50.7424","state_id":null,"state_name":null,"country_id":null},{"active":false,"Giataid":"133727","cityId":9760,"cityName":"Manama","hotelId":133727,"hotelName":"Al Commodore","address":"P.O. Box 11184","phones":"","fax":"","email":"","url":"","countryIso2":"BH","countryName":"Bahrain","hotelRating":"3","latitude":"26.226","longitude":"50.5902","state_id":1992,"state_name":"Capital Governorate","country_id":18},{"active":false,"Giataid":"133728","cityId":9760,"cityName":"Manama","hotelId":133728,"hotelName":"Pars International","address":"P.O. Box 20682,Manama,Kingdom of Bahrain,Bahrain","phones":"+97317814777","fax":"+97317814778","email":"info@parsbahrain.net","url":"http://www.parsbahrain.net/","countryIso2":"BH","countryName":"Bahrain","hotelRating":"4","latitude":"26.2205","longitude":"50.6042","state_id":1992,"state_name":"Capital Governorate","country_id":18},{"active":false,"Giataid":"133729","cityId":9760,"cityName":"Manama","hotelId":133729,"hotelName":"Adhari","address":"P.O.Box 5878 Wadi Al Ahd Avenue","phones":"","fax":"","email":"","url":"","countryIso2":"BH","countryName":"Bahrain","hotelRating":"3","latitude":"26.2313","longitude":"50.5722","state_id":1992,"state_name":"Capital Governorate","country_id":18},{"active":false,"Giataid":"136788","cityId":9760,"cityName":"Manama","hotelId":136788,"hotelName":"Ramee Suite 3 Apartment","address":"382/384 Road 2011,Block 320,P.O. Box 11538,Hoora,Manama,Bahrain","phones":"+97317297814","fax":"+97317310687","email":"rameeint@batelco.com.bh","url":"http://www.rameehotels.com/ramee-suites3-apt.html","countryIso2":"BH","countryName":"Bahrain","hotelRating":"3","latitude":"26.2287","longitude":"50.5973","state_id":1992,"state_name":"Capital Governorate","country_id":18},{"active":false,"Giataid":"138669","cityId":9760,"cityName":"Manama","hotelId":138669,"hotelName":"Bahrain International","address":"Government Avenue Road,Block 304,Building 187,Manama,Bahrain","phones":"+97317211313","fax":"","email":"","url":"","countryIso2":"BH","countryName":"Bahrain","hotelRating":"3","latitude":"26.2306","longitude":"50.5706","state_id":1992,"state_name":"Capital Governorate","country_id":18},{"active":false,"Giataid":"140549","cityId":9760,"cityName":"Manama","hotelId":140549,"hotelName":"Aradous Hotel","address":"Wadi Al Ahd Avenue (Bab Al Bahrain Avenue),P.O.Box 5878,Center of Manama,Manama,Bahrain,Bahrain","phones":"+97317224343","fax":"+97317224343","email":"delmonbn@batelco.com.bh","url":"http://www.aradoushotel.com/","countryIso2":"BH","countryName":"Bahrain","hotelRating":"3","latitude":"26.2317","longitude":"50.5752","state_id":1992,"state_name":"Capital Governorate","country_id":18},{"active":false,"Giataid":"143998","cityId":9760,"cityName":"Manama","hotelId":143998,"hotelName":"Baisan International Hotel","address":"Block 320 176 Exhibition Road,P.O. Box 771,District Hoora,Manama,Bahrain","phones":"+97317290600","fax":"+973310687","email":"rameeint@batelco.com.bh","url":"http://www.rameehotels.com/ramee-baisan.html","countryIso2":"BH","countryName":"Bahrain","hotelRating":"4","latitude":"26.2323","longitude":"50.5967","state_id":1992,"state_name":"Capital Governorate","country_id":18},{"active":false,"Giataid":"143999","cityId":9760,"cityName":"Manama","hotelId":143999,"hotelName":"Landmark Suites Bahrain","address":"","phones":"","fax":"","email":"","url":"","countryIso2":"BH","countryName":"Bahrain","hotelRating":"4","latitude":"26.226","longitude":"50.5902","state_id":1992,"state_name":"Capital Governorate","country_id":18},{"active":false,"Giataid":"144000","cityId":9760,"cityName":"Manama","hotelId":144000,"hotelName":"Fraser Suites Seef","address":"Road 2825, Block Al Seef 428, Building 2109,Seef 2109,Manama,Bahrain","phones":"+97317569333","fax":"+97317569333","email":"sales.bahrain@frasershospitality.com","url":"http://bahrain.frasershospitality.com","countryIso2":"BH","countryName":"Bahrain","hotelRating":"5","latitude":"26.2333","longitude":"50.5344","state_id":1992,"state_name":"Capital Governorate","country_id":18},{"active":false,"Giataid":"187354","cityId":9760,"cityName":"Manama","hotelId":187354,"hotelName":"Marriott Executive Apartments Manama, Bahrain","address":"Road 2414,Building 864,Block 324,Al Fateh,Manama 76151,Bahrain","phones":"+97317363999","fax":"+97317363999","email":"","url":"http://www.marriott.de/hotels/travel/baher-marriott-executive-apartments-manama-bahrain/","countryIso2":"BH","countryName":"Bahrain","hotelRating":"5","latitude":"26.2208","longitude":"50.6061","state_id":1992,"state_name":"Capital Governorate","country_id":18},{"active":false,"Giataid":"203132","cityId":null,"cityName":"Amwaj","hotelId":203132,"hotelName":"The Dragon Resort Hotel","address":"PO Box 15572,Amwaj Island,Bahrain","phones":"+97316031111","fax":"+97316033844","email":"jack.morais@thesealoft.com","url":"http://www.dragonresorthotel.com/","countryIso2":"BH","countryName":"Bahrain","hotelRating":"5","latitude":"26.2869","longitude":"50.671","state_id":null,"state_name":null,"country_id":null},{"active":false,"Giataid":"204069","cityId":9760,"cityName":"Manama","hotelId":204069,"hotelName":"Al Jazira Hotel","address":"Alshikh Khalifa Street,P.O.Box 5859,Manama 1067,Bahrain","phones":"+97317213338","fax":"","email":"","url":"","countryIso2":"BH","countryName":"Bahrain","hotelRating":"3","latitude":"26.2327","longitude":"50.5743","state_id":1992,"state_name":"Capital Governorate","country_id":18},{"active":false,"Giataid":"204073","cityId":9760,"cityName":"Manama","hotelId":204073,"hotelName":"Al Manzil Hotel Bahrain","address":"Road 4047,Building 1842,Block 340,Juffair,Manama,Bahrain","phones":"+97317813366","fax":"+97317813939","email":"info@almanzilsuites.com","url":"http://www.almanzilsuites.com/","countryIso2":"BH","countryName":"Bahrain","hotelRating":"4","latitude":"26.2153","longitude":"50.6033","state_id":1992,"state_name":"Capital Governorate","country_id":18},{"active":false,"Giataid":"204080","cityId":9760,"cityName":"Manama","hotelId":204080,"hotelName":"Al Raya Suites","address":"PO Box 26575,Adliya,Manama,Bahrain","phones":"+97317555888","fax":"","email":"","url":"","countryIso2":"BH","countryName":"Bahrain","hotelRating":"4","latitude":"26.2277","longitude":"50.541","state_id":1992,"state_name":"Capital Governorate","country_id":18},{"active":false,"Giataid":"205586","cityId":9760,"cityName":"Manama","hotelId":205586,"hotelName":"Awal Residence","address":"","phones":"","fax":"","email":"","url":"","countryIso2":"BH","countryName":"Bahrain","hotelRating":"2","latitude":"26.2189","longitude":"50.5754","state_id":1992,"state_name":"Capital Governorate","country_id":18},{"active":false,"Giataid":"205747","cityId":9760,"cityName":"Manama","hotelId":205747,"hotelName":"Bahrain Plaza Hotel","address":"Boulevard 481,Road 333,Block 380,Gudaibya Street,Manama,Bahrain","phones":"","fax":"","email":"","url":"","countryIso2":"BH","countryName":"Bahrain","hotelRating":"3","latitude":"26.226","longitude":"50.5835","state_id":1992,"state_name":"Capital Governorate","country_id":18},{"active":false,"Giataid":"205748","cityId":9760,"cityName":"Manama","hotelId":205748,"hotelName":"Bahrain Wellness Resort & Hospital","address":"Al-Hamala,Budaiya,Bahrain","phones":"","fax":"","email":"","url":"","countryIso2":"BH","countryName":"Bahrain","hotelRating":"3","latitude":"26.2155","longitude":"50.5911","state_id":1992,"state_name":"Capital Governorate","country_id":18},{"active":false,"Giataid":"207410","cityId":9760,"cityName":"Manama","hotelId":207410,"hotelName":"City Center","address":"Bab el Bahrain,Govt. Ave. near Gold City,Opposite Gold Souk,Manama,Bahrain","phones":"","fax":"","email":"","url":"","countryIso2":"BH","countryName":"Bahrain","hotelRating":"3","latitude":"26.2324","longitude":"50.5724","state_id":1992,"state_name":"Capital Governorate","country_id":18},{"active":false,"Giataid":"207646","cityId":9760,"cityName":"Manama","hotelId":207646,"hotelName":"Concord International Hotel","address":"Shaikh Isa Avenue,PO Box 3200,Manama,Bahrain","phones":"+97317262999","fax":"+97317262333","email":"concordh@batelco.com.bh","url":"http://www.trivago.de/manama-83532/hotel/concord-international-469231","countryIso2":"BH","countryName":"Bahrain","hotelRating":"3","latitude":"26.2267","longitude":"50.5828","state_id":1992,"state_name":"Capital Governorate","country_id":18},{"active":false,"Giataid":"208513","cityId":9760,"cityName":"Manama","hotelId":208513,"hotelName":"Dream Suites Hotel Apartment","address":"","phones":"","fax":"","email":"","url":"","countryIso2":"BH","countryName":"Bahrain","hotelRating":"1","latitude":"26.2297","longitude":"50.5467","state_id":1992,"state_name":"Capital Governorate","country_id":18},{"active":false,"Giataid":"208612","cityId":9760,"cityName":"Manama","hotelId":208612,"hotelName":"Durrat Al Hoora Suites","address":"","phones":"","fax":"","email":"","url":"","countryIso2":"BH","countryName":"Bahrain","hotelRating":"1","latitude":"26.226","longitude":"50.5902","state_id":1992,"state_name":"Capital Governorate","country_id":18},{"active":false,"Giataid":"208807","cityId":9760,"cityName":"Manama","hotelId":208807,"hotelName":"Elite Five Apartments","address":"Road No 4012,Block 340,close to the Grand Mosque,Al Juffair,Manama,Bahrain,Bahrain","phones":"+97317558200","fax":"+97317825232","email":"cro@elitegroup4u.com","url":"http://www.elitegroup4u.com/EliteFive.jsp","countryIso2":"BH","countryName":"Bahrain","hotelRating":"4","latitude":"26.2145","longitude":"50.6043","state_id":1992,"state_name":"Capital Governorate","country_id":18},{"active":false,"Giataid":"208813","cityId":null,"cityName":"Seef","hotelId":208813,"hotelName":"Elite Tower Residences","address":"Road 2803,Building 194,Seef 424,Bahrain","phones":"+97317587555","fax":"+97317587676","email":"cro@elitegroup4u.com","url":"http://www.elitegrouphotels.com/","countryIso2":"BH","countryName":"Bahrain","hotelRating":"4","latitude":"26.2402","longitude":"50.5362","state_id":null,"state_name":null,"country_id":null},{"active":false,"Giataid":"209043","cityId":9760,"cityName":"Manama","hotelId":209043,"hotelName":"EWA Hotel Apartments","address":"Road 1405,Building 158,Block 314,Central Area,Manama 10488,Bahrain,Bahrain","phones":"+97397144230101","fax":"","email":"","url":"","countryIso2":"BH","countryName":"Bahrain","hotelRating":"4","latitude":"26.2313","longitude":"50.5656","state_id":1992,"state_name":"Capital Governorate","country_id":18},{"active":false,"Giataid":"209064","cityId":9760,"cityName":"Manama","hotelId":209064,"hotelName":"Express Suites","address":"","phones":"","fax":"","email":"","url":"","countryIso2":"BH","countryName":"Bahrain","hotelRating":"1","latitude":"26.226","longitude":"50.5902","state_id":1992,"state_name":"Capital Governorate","country_id":18},{"active":false,"Giataid":"209110","cityId":9760,"cityName":"Manama","hotelId":209110,"hotelName":"Fareeda Palace Apartments","address":"","phones":"","fax":"","email":"","url":"","countryIso2":"BH","countryName":"Bahrain","hotelRating":"1","latitude":"26.226","longitude":"50.5902","state_id":1992,"state_name":"Capital Governorate","country_id":18},{"active":false,"Giataid":"209434","cityId":9760,"cityName":"Manama","hotelId":209434,"hotelName":"Frsan Plaza","address":"Juffair,Manama,Bahrain","phones":"","fax":"","email":"","url":"","countryIso2":"BH","countryName":"Bahrain","hotelRating":"3","latitude":"26.217","longitude":"50.6104","state_id":1992,"state_name":"Capital Governorate","country_id":18},{"active":false,"Giataid":"211756","cityId":9760,"cityName":"Manama","hotelId":211756,"hotelName":"Infinity Suites & Infinity Tower","address":"","phones":"","fax":"","email":"","url":"","countryIso2":"BH","countryName":"Bahrain","hotelRating":"3","latitude":"26.2095","longitude":"50.5903","state_id":1992,"state_name":"Capital Governorate","country_id":18},{"active":false,"Giataid":"213256","cityId":9760,"cityName":"Manama","hotelId":213256,"hotelName":"Asdal Gulf Inn","address":"Road 2830,Building 2326,Block 428,P.O. Box 2125,Al Seef,Manama,Bahrain","phones":"+97366311311","fax":"","email":"","url":"","countryIso2":"BH","countryName":"Bahrain","hotelRating":"4","latitude":"26.2372","longitude":"50.5377","state_id":1992,"state_name":"Capital Governorate","country_id":18},{"active":false,"Giataid":"213950","cityId":9760,"cityName":"Manama","hotelId":213950,"hotelName":"McGrow Villas","address":"","phones":"","fax":"","email":"","url":"","countryIso2":"BH","countryName":"Bahrain","hotelRating":"1","latitude":"26.226","longitude":"50.5902","state_id":1992,"state_name":"Capital Governorate","country_id":18},{"active":false,"Giataid":"215142","cityId":9760,"cityName":"Manama","hotelId":215142,"hotelName":"Pearl Bahrain Suites","address":"Bldg 1020, Rd 2417, Block 324, Juffair","phones":"","fax":"","email":"","url":"","countryIso2":"BH","countryName":"Bahrain","hotelRating":"3","latitude":"26.2204","longitude":"50.6079","state_id":1992,"state_name":"Capital Governorate","country_id":18},{"active":false,"Giataid":"257826","cityId":9760,"cityName":"Manama","hotelId":217351,"hotelName":"Riviera Palace Deluxe Suites","address":"795 Sheikh Salman Avenue,Manama,Bahrain","phones":"","fax":"","email":"","url":"","countryIso2":"BH","countryName":"Bahrain","hotelRating":"1","latitude":"26.201","longitude":"50.5339","state_id":1992,"state_name":"Capital Governorate","country_id":18},{"active":false,"Giataid":"217539","cityId":9760,"cityName":"Manama","hotelId":217539,"hotelName":"Ru Ru Tower","address":"Road 2417,Block 324,Building 1010,Juffair,Manama,Bahrain","phones":"","fax":"","email":"","url":"","countryIso2":"BH","countryName":"Bahrain","hotelRating":"3","latitude":"26.2192","longitude":"50.6078","state_id":1992,"state_name":"Capital Governorate","country_id":18},{"active":false,"Giataid":"218541","cityId":9760,"cityName":"Manama","hotelId":218541,"hotelName":"Sun Shine Tower","address":"Exhibition Road,Al Hoora,Manama,Bahrain","phones":"","fax":"","email":"","url":"","countryIso2":"BH","countryName":"Bahrain","hotelRating":"3","latitude":"26.2311","longitude":"50.5977","state_id":1992,"state_name":"Capital Governorate","country_id":18},{"active":false,"Giataid":"228380","cityId":9760,"cityName":"Manama","hotelId":228380,"hotelName":"V Tower Residence","address":"Exhibition Avenue,Manama,Bahrain","phones":"+97317311105","fax":"+97339982458","email":"info@vtowerresidence.com","url":"http://vtowerresidence.com/","countryIso2":"BH","countryName":"Bahrain","hotelRating":"4","latitude":"26.2251","longitude":"50.5965","state_id":1992,"state_name":"Capital Governorate","country_id":18},{"active":false,"Giataid":"228889","cityId":9760,"cityName":"Manama","hotelId":228889,"hotelName":"Hani Suites & Spa","address":"Road 3622,Building 1091 Block 436,Al Seef,Manama,Bahrain","phones":"+97317581100","fax":"+97317111088","email":"reservation@hanisuites.com","url":"http://hanisuites.com","countryIso2":"BH","countryName":"Bahrain","hotelRating":"5","latitude":"26.2371","longitude":"50.5303","state_id":1992,"state_name":"Capital Governorate","country_id":18},{"active":false,"Giataid":"231927","cityId":null,"cityName":"Zallaq","hotelId":231927,"hotelName":"Sofitel Bahrain Zallaq Thalassa Sea & Spa","address":"105 Zallaq Highway 2015,Block 1055,P.O. Box 5554,Zallaq,Manama,Bahrain","phones":"+97317636363","fax":"","email":"H6722@sofitel.com","url":"http://www.sofitel.com/gb/hotel-6722-sofitel-bahrain-zallaq-thalassa-sea-spa/index.shtml","countryIso2":"BH","countryName":"Bahrain","hotelRating":"5","latitude":"26.053","longitude":"50.4849","state_id":null,"state_name":null,"country_id":null},{"active":false,"Giataid":"233176","cityId":9760,"cityName":"Manama","hotelId":233176,"hotelName":"The K Hotel","address":"PO Box 1412,Manama,Bahrain","phones":"+97317360000","fax":"+97317716566","email":"info@thekhotel.com","url":"http://de.hotels.com/ho369874/the-k-hotel-manama-bahrain/","countryIso2":"BH","countryName":"Bahrain","hotelRating":"4","latitude":"26.2169","longitude":"50.5971","state_id":1992,"state_name":"Capital Governorate","country_id":18},{"active":false,"Giataid":"237143","cityId":9760,"cityName":"Manama","hotelId":237143,"hotelName":"Monroe Hotel","address":"Road 2013,Off Exhibition Road & Al Fatieh Road,Building 448,PO Box 11358,Block 320,Al Hoora,Manama 199,Capital City Government,Bahrain","phones":"+97317296699","fax":"+97317294499","email":"reservations@monroebahrain.com","url":"http://www.monroebahrain.com","countryIso2":"BH","countryName":"Bahrain","hotelRating":"4","latitude":"26.228","longitude":"50.5969","state_id":1992,"state_name":"Capital Governorate","country_id":18},{"active":false,"Giataid":"240097","cityId":9760,"cityName":"Manama","hotelId":240097,"hotelName":"100 Residence Tower","address":"Manama,Bahrain,Bahrain","phones":"","fax":"","email":"info@royalambassadorbh.com","url":"http://www.royalambassadorbh.com/100_more.php","countryIso2":"BH","countryName":"Bahrain","hotelRating":"1","latitude":"26.2127","longitude":"50.6187","state_id":1992,"state_name":"Capital Governorate","country_id":18},{"active":false,"Giataid":"240098","cityId":9760,"cityName":"Manama","hotelId":240098,"hotelName":"Al Jaberiya","address":"Street 2005,Building 190,Manama,Bahrain","phones":"","fax":"","email":"","url":"","countryIso2":"BH","countryName":"Bahrain","hotelRating":"1","latitude":"26.231","longitude":"50.5963","state_id":1992,"state_name":"Capital Governorate","country_id":18},{"active":false,"Giataid":"240099","cityId":9760,"cityName":"Manama","hotelId":240099,"hotelName":"Al Jaberiya Suites 1 Hotel","address":"Manama,Kingdom of Bahrain,Bahrain","phones":"+97317811551","fax":"+97317811505","email":"reservation@ajsuites.com","url":"http://www.booking.com/hotel/bh/al-jaberiya-suites-1.de.html?aid=311092","countryIso2":"BH","countryName":"Bahrain","hotelRating":"1","latitude":"26.2173","longitude":"50.6035","state_id":1992,"state_name":"Capital Governorate","country_id":18},{"active":false,"Giataid":"240101","cityId":9760,"cityName":"Manama","hotelId":240101,"hotelName":"Al Sahab Tower Hotel","address":"Juffair district,Manama,Bahrain","phones":"","fax":"","email":"","url":"","countryIso2":"BH","countryName":"Bahrain","hotelRating":"3","latitude":"26.2111","longitude":"50.6011","state_id":1992,"state_name":"Capital Governorate","country_id":18},{"active":false,"Giataid":"240105","cityId":9760,"cityName":"Manama","hotelId":240105,"hotelName":"Palm Suite Luxury Furnished Apartment","address":"1912 Road,Building 410,Manama 24567,Bahrain","phones":"","fax":"","email":"","url":"","countryIso2":"BH","countryName":"Bahrain","hotelRating":"3","latitude":"26.2357","longitude":"50.5957","state_id":1992,"state_name":"Capital Governorate","country_id":18},{"active":false,"Giataid":"240109","cityId":9760,"cityName":"Manama","hotelId":240109,"hotelName":"Frsan Hotel","address":"Road 2005,P.O. Box: 18002,Al Hoora,Manama,Bahrain,Bahrain","phones":"+97317293030","fax":"+97317296030","email":"frsan@batelco.com.bh","url":"http://www.frsanhotel.com/global/frsan-hotel.php","countryIso2":"BH","countryName":"Bahrain","hotelRating":"3","latitude":"26.2313","longitude":"50.5971","state_id":1992,"state_name":"Capital Governorate","country_id":18},{"active":false,"Giataid":"240110","cityId":9760,"cityName":"Manama","hotelId":240110,"hotelName":"Frsan Palace Hotel","address":"P.O. Box: 18002,Manama,Bahrain","phones":"+97317292020","fax":"+97317292025","email":"frsan@batelco.com.bh","url":"http://www.frsanhotel.com/global/frsan-palace.php","countryIso2":"BH","countryName":"Bahrain","hotelRating":"1","latitude":"26.2322","longitude":"50.5963","state_id":1992,"state_name":"Capital Governorate","country_id":18},{"active":false,"Giataid":"240111","cityId":9760,"cityName":"Manama","hotelId":240111,"hotelName":"Halla House","address":"Road 1525,Block 351,Opp. Dana Mall,Seef Area,Manama,Bahrain","phones":"+97377014747","fax":"+97377024747","email":"info@hallahouse.net","url":"http://Halla","countryIso2":"BH","countryName":"Bahrain","hotelRating":"1","latitude":"26.2291","longitude":"50.5577","state_id":1992,"state_name":"Capital Governorate","country_id":18},{"active":false,"Giataid":"240112","cityId":9760,"cityName":"Manama","hotelId":240112,"hotelName":"Hawaii Plaza","address":"Bldg 59,Road 2002,Blk 320,Exhibition Road,Al-Hoora,Hoora,Manama,Bahrain","phones":"","fax":"","email":"","url":"","countryIso2":"BH","countryName":"Bahrain","hotelRating":"1","latitude":"26.2326","longitude":"50.5977","state_id":1992,"state_name":"Capital Governorate","country_id":18},{"active":false,"Giataid":"240113","cityId":9760,"cityName":"Manama","hotelId":240113,"hotelName":"Hotel Diva","address":"P.O. Box 75898,Juffair,Bahrain","phones":"+97313100131","fax":"+97317810550","email":"reservation@thedivahotel.com","url":"http://www.thedivahotel.com","countryIso2":"BH","countryName":"Bahrain","hotelRating":"4","latitude":"26.2201","longitude":"50.6047","state_id":1992,"state_name":"Capital Governorate","country_id":18},{"active":false,"Giataid":"240114","cityId":9760,"cityName":"Manama","hotelId":240114,"hotelName":"Jnan Residence One","address":"Bldg 1241,Road 4026,Juffair,Manama 340,Bahrain","phones":"","fax":"","email":"","url":"","countryIso2":"BH","countryName":"Bahrain","hotelRating":"1","latitude":"26.2121","longitude":"50.6012","state_id":1992,"state_name":"Capital Governorate","country_id":18},{"active":false,"Giataid":"240115","cityId":9760,"cityName":"Manama","hotelId":240115,"hotelName":"Mansouri Mansions","address":"PO Box 5587,Manama,Bahrain","phones":"+97317716999","fax":"+97317716838","email":"reservation@mansourimansionshotel.com","url":"http://www.mansourimansionshotel.com","countryIso2":"BH","countryName":"Bahrain","hotelRating":"3","latitude":"26.2122","longitude":"50.5863","state_id":1992,"state_name":"Capital Governorate","country_id":18},{"active":false,"Giataid":"240116","cityId":9760,"cityName":"Manama","hotelId":240116,"hotelName":"Oasis Tower Bahrain","address":"Bldg.166,Road 22,Block 324,Juffair,Manama,Bahrain","phones":"","fax":"","email":"","url":"","countryIso2":"BH","countryName":"Bahrain","hotelRating":"1","latitude":"26.2157","longitude":"50.6124","state_id":1992,"state_name":"Capital Governorate","country_id":18},{"active":false,"Giataid":"240117","cityId":9760,"cityName":"Manama","hotelId":240117,"hotelName":"Oryx Tower","address":"Juffair,Manama 973,Bahrain","phones":"","fax":"","email":"","url":"","countryIso2":"BH","countryName":"Bahrain","hotelRating":"3","latitude":"26.2175","longitude":"50.6094","state_id":1992,"state_name":"Capital Governorate","country_id":18},{"active":false,"Giataid":"240118","cityId":9760,"cityName":"Manama","hotelId":240118,"hotelName":"Ruru Tower 2","address":"Building No 1000,Road 2417,Juffair,15146 Manama,Bahrain","phones":"","fax":"","email":"","url":"","countryIso2":"BH","countryName":"Bahrain","hotelRating":"1","latitude":"26.2199","longitude":"50.6079","state_id":1992,"state_name":"Capital Governorate","country_id":18},{"active":false,"Giataid":"240119","cityId":9760,"cityName":"Manama","hotelId":240119,"hotelName":"Sea Diamond Plaza","address":"Building 508,Road 2408,Block 324,Juffair,Manama,Bahrain","phones":"+97317369181","fax":"+97317369160","email":"seadiamondplaza@gmail.com","url":"http://www.seadiamondplaza.com","countryIso2":"BH","countryName":"Bahrain","hotelRating":"3","latitude":"26.2198","longitude":"50.6061","state_id":1992,"state_name":"Capital Governorate","country_id":18},{"active":false,"Giataid":"240121","cityId":9760,"cityName":"Manama","hotelId":240121,"hotelName":"Hotel Sea Shell","address":"Shaik Isa Avenue,P.O. Box 26600,Adliya,Manama,Kingdom of Bahrain,Bahrain","phones":"+97317715885","fax":"+97317742979","email":"seashell@batelco.com.bh","url":"http://www.hotelseashell.com","countryIso2":"BH","countryName":"Bahrain","hotelRating":"3","latitude":"26.2159","longitude":"50.5886","state_id":1992,"state_name":"Capital Governorate","country_id":18},{"active":false,"Giataid":"240120","cityId":9760,"cityName":"Manama","hotelId":240120,"hotelName":"Sea Scene Hotel Apartments","address":"Building 232 Road 1907 Block 319,P.O. Box: 11223,Manama,Bahrain","phones":"+97317292244","fax":"+97317292255","email":"info@seascenehotel.bh","url":"http://www.seascenehotel.com","countryIso2":"BH","countryName":"Bahrain","hotelRating":"3","latitude":"26.2367","longitude":"50.5937","state_id":1992,"state_name":"Capital Governorate","country_id":18},{"active":false,"Giataid":"240122","cityId":9760,"cityName":"Manama","hotelId":240122,"hotelName":"Serene Landmark Tower - Al Fateh (juffair)","address":"Building # 66,Avenue 22,Area 324,Al Fateh,Manama,Bahrain","phones":"+97317295050","fax":"","email":"info@serenelandmark.com","url":"http://www.serenelandmark.com/index.php?option=com_content&amp;view=article&amp;id=74&amp;Itemid=58&amp;lang=en","countryIso2":"BH","countryName":"Bahrain","hotelRating":"4","latitude":"26.2209","longitude":"50.6039","state_id":1992,"state_name":"Capital Governorate","country_id":18},{"active":false,"Giataid":"240123","cityId":9760,"cityName":"Manama","hotelId":240123,"hotelName":"Serene Landmark Residence","address":"Block 605,Road 1011,Area 410,Al Seef,Manama 973,Bahrain","phones":"+97317295050","fax":"","email":"info@serenelandmark.com","url":"http://www.serenelandmark.com/index.php?option=com_content&amp;view=article&amp;id=75&amp;Itemid=59&amp;lang=en","countryIso2":"BH","countryName":"Bahrain","hotelRating":"4","latitude":"26.1769","longitude":"50.549","state_id":1992,"state_name":"Capital Governorate","country_id":18},{"active":false,"Giataid":"240124","cityId":9760,"cityName":"Manama","hotelId":240124,"hotelName":"Tanger Palace Apartments","address":"Juffair,Manama,Bahrain","phones":"","fax":"","email":"","url":"","countryIso2":"BH","countryName":"Bahrain","hotelRating":"1","latitude":"26.211","longitude":"50.6011","state_id":1992,"state_name":"Capital Governorate","country_id":18},{"active":false,"Giataid":"240127","cityId":9760,"cityName":"Manama","hotelId":240127,"hotelName":"The Palace Boutique Hotel","address":"Adiya,Manama,Bahrain","phones":"+97317725000","fax":"+97317729502","email":"resr@batelco.com.bh","url":"http://www.thepalacebahrain.com","countryIso2":"BH","countryName":"Bahrain","hotelRating":"4","latitude":"26.2029","longitude":"50.5953","state_id":1992,"state_name":"Capital Governorate","country_id":18},{"active":false,"Giataid":"240128","cityId":9760,"cityName":"Manama","hotelId":240128,"hotelName":"Venus Inn Apartments","address":"Juffair,Manama,Bahrain","phones":"","fax":"","email":"","url":"","countryIso2":"BH","countryName":"Bahrain","hotelRating":"1","latitude":"26.2111","longitude":"50.6012","state_id":1992,"state_name":"Capital Governorate","country_id":18},{"active":false,"Giataid":"240129","cityId":9760,"cityName":"Manama","hotelId":240129,"hotelName":"Venus Palace Luxury Apartments","address":"Road 4019 Block 340,Building 909,Juffair,Manama,Bahrain,Bahrain","phones":"","fax":"","email":"","url":"https://www.hotelscombined.com/Hotel/Venus_Palace_Luxury_Apartments.htm","countryIso2":"BH","countryName":"Bahrain","hotelRating":"1","latitude":"26.2128","longitude":"50.6071","state_id":1992,"state_name":"Capital Governorate","country_id":18},{"active":false,"Giataid":"243507","cityId":9760,"cityName":"Manama","hotelId":243507,"hotelName":"The Westin City Centre Bahrain","address":"Sheikh Khalifa Bin Salman Highway,Al Seef District,Manama,Bahrain","phones":"+97317171000","fax":"","email":"","url":"http://www.kempinski.com/en/bahrain/Pages/Welcome.aspx","countryIso2":"BH","countryName":"Bahrain","hotelRating":"5","latitude":"26.2326","longitude":"50.5524","state_id":1992,"state_name":"Capital Governorate","country_id":18},{"active":false,"Giataid":"246308","cityId":9760,"cityName":"Manama","hotelId":246308,"hotelName":"Holiday Bahrain Hotel","address":"Building 87 Road 2003,Block 320,Al Hoora,Manama,Bahrain","phones":"+97316500602","fax":"+97316500501","email":"hiex.bahrain@gmail.com","url":"http://www.hiexpress.com/hotels/us/en/manama/mnaaf/hoteldetail?","countryIso2":"BH","countryName":"Bahrain","hotelRating":"3","latitude":"26.2332","longitude":"50.5968","state_id":1992,"state_name":"Capital Governorate","country_id":18},{"active":false,"Giataid":"292340","cityId":null,"cityName":"Muharraq","hotelId":292340,"hotelName":"Majestic Arjaan By Rotana","address":"Road 2833,PO Box 22003,Bahrain International Airport,Muharraq,Manama,Bahrain","phones":"+97317370000","fax":"","email":"","url":"","countryIso2":"BH","countryName":"Bahrain","hotelRating":"4","latitude":"26.2644","longitude":"50.6026","state_id":null,"state_name":null,"country_id":null},{"active":false,"Giataid":"367688","cityId":9760,"cityName":"Manama","hotelId":367688,"hotelName":"ATIRAM Olaya Suites Hotel","address":"Building No. 125 Road 2004,Block 320,Al Hoora,Manama 973,Kingdom of Bahrain,Bahrain","phones":"+97317161616","fax":"","email":"","url":"","countryIso2":"BH","countryName":"Bahrain","hotelRating":"4","latitude":"26.2328","longitude":"50.596","state_id":1992,"state_name":"Capital Governorate","country_id":18},{"active":false,"Giataid":"367690","cityId":9760,"cityName":"Manama","hotelId":367690,"hotelName":"The Alkhobar Plaza","address":"","phones":"","fax":"","email":"","url":"","countryIso2":"BH","countryName":"Bahrain","hotelRating":"1","latitude":"26.226","longitude":"50.5902","state_id":1992,"state_name":"Capital Governorate","country_id":18},{"active":false,"Giataid":"367691","cityId":9760,"cityName":"Manama","hotelId":367691,"hotelName":"The Domain Hotel & Spa","address":"Building 365,Block 317,Road 1705,Diplomatic Area,Manama,Bahrain","phones":"+97316000000","fax":"","email":"","url":"","countryIso2":"BH","countryName":"Bahrain","hotelRating":"5","latitude":"26.2403","longitude":"50.5905","state_id":1992,"state_name":"Capital Governorate","country_id":18},{"active":false,"Giataid":"405168","cityId":9760,"cityName":"Manama","hotelId":405168,"hotelName":"Holiday Villa Bahrain","address":"Building 54,Road 2002 Block 320,Hoora,Manama,Bahrain","phones":"+97317313070","fax":"+97317313080","email":"info@holidayvillabh.com","url":"http://www.holidayvillabahrain.com","countryIso2":"BH","countryName":"Bahrain","hotelRating":"4","latitude":"26.232","longitude":"50.5977","state_id":1992,"state_name":"Capital Governorate","country_id":18},{"active":false,"Giataid":"418043","cityId":9760,"cityName":"Manama","hotelId":418043,"hotelName":"Loumage Hotel & Suites","address":"Building 98. Road 2003. Block 320,Al Hoora,PO Box 5599,Manama,Bahrain","phones":"","fax":"","email":"","url":"","countryIso2":"BH","countryName":"Bahrain","hotelRating":"4","latitude":"26.2325","longitude":"50.5969","state_id":1992,"state_name":"Capital Governorate","country_id":18},{"active":false,"Giataid":"431177","cityId":9760,"cityName":"Manama","hotelId":431177,"hotelName":"Royal Phoenicia Hotel","address":"Road 3931,Building 1288,Block 339,Umm Al Hasam,Manama,Bahrain","phones":"+97317238844","fax":"+97317238855","email":"reservations@thedivahotel.com","url":"http://www.royalphoeniciahotel.com/","countryIso2":"BH","countryName":"Bahrain","hotelRating":"4","latitude":"26.2028","longitude":"50.6005","state_id":1992,"state_name":"Capital Governorate","country_id":18},{"active":false,"Giataid":"431438","cityId":9760,"cityName":"Manama","hotelId":431438,"hotelName":"Fraser Suites Diplomatic Area","address":"Road 1701,Building 34, Block 317,PO Box 11527,Diplomatic Area Bahrain,Manama,Bahrain","phones":"+97316161888","fax":"+97316161999","email":"sales.diplomaticarea-bahrain@frasershospitality.co","url":"http://diplomaticarea-bahrain.frasershospitality.com/en","countryIso2":"BH","countryName":"Bahrain","hotelRating":"5","latitude":"26.2426","longitude":"50.5901","state_id":1992,"state_name":"Capital Governorate","country_id":18},{"active":false,"Giataid":"434000","cityId":null,"cityName":"Amwaj","hotelId":434000,"hotelName":"The Dragon Hotel & Resort & Sea Loft Chalets","address":"Road 5718,P.O. Box 15572,Block 257,Floating City,Amwaj Islands,Muharraq Governorate,Bahrain","phones":"+97316031111","fax":"+97316031122","email":"fo@dragonresorthotel.com","url":"http://www.dragonresorthotel.com/index.php","countryIso2":"BH","countryName":"Bahrain","hotelRating":"5","latitude":"26.2865","longitude":"50.6719","state_id":null,"state_name":null,"country_id":null},{"active":false,"Giataid":"443158","cityId":9760,"cityName":"Manama","hotelId":443158,"hotelName":"Moon Plaza Hotel","address":"","phones":"","fax":"","email":"","url":"","countryIso2":"BH","countryName":"Bahrain","hotelRating":"3","latitude":"26.2064","longitude":"50.5957","state_id":1992,"state_name":"Capital Governorate","country_id":18},{"active":false,"Giataid":"444640","cityId":9760,"cityName":"Manama","hotelId":444640,"hotelName":"Le Vondome Hotel","address":"","phones":"","fax":"","email":"","url":"","countryIso2":"BH","countryName":"Bahrain","hotelRating":"3","latitude":"26.2262","longitude":"50.5841","state_id":1992,"state_name":"Capital Governorate","country_id":18},{"active":false,"Giataid":"447153","cityId":9760,"cityName":"Manama","hotelId":447153,"hotelName":"San Rock Hotel","address":"","phones":"","fax":"","email":"","url":"","countryIso2":"BH","countryName":"Bahrain","hotelRating":"3","latitude":"26.2319","longitude":"50.5657","state_id":1992,"state_name":"Capital Governorate","country_id":18},{"active":false,"Giataid":"477631","cityId":9760,"cityName":"Manama","hotelId":477631,"hotelName":"Tropicana Hotel","address":"Kuwait Avenue,After American Embassy,Post Box No.3119,Manama 999,Bahrain","phones":"+97317721010","fax":"+97317722296","email":"tropican@batelco.com.bh","url":"http://www.tropicanahotel.net/","countryIso2":"BH","countryName":"Bahrain","hotelRating":"3","latitude":"26.2058","longitude":"50.5857","state_id":1992,"state_name":"Capital Governorate","country_id":18},{"active":false,"Giataid":"477719","cityId":9760,"cityName":"Manama","hotelId":477719,"hotelName":"Imperial Suites Hotel","address":"Road 353,Building 36,Block 308,Manama,Bahrain","phones":"","fax":"","email":"","url":"","countryIso2":"BH","countryName":"Bahrain","hotelRating":"3","latitude":"26.2247","longitude":"50.5838","state_id":1992,"state_name":"Capital Governorate","country_id":18},{"active":false,"Giataid":"478633","cityId":9760,"cityName":"Manama","hotelId":478633,"hotelName":"Juffair Gate Hotel","address":"Road 4016,Building 733,Block 340,Juffair,Al Manamah,Bahrain","phones":"+97317366222","fax":"","email":"info@juffairgatehotel.com","url":"http://www.juffairgatehotel.com/","countryIso2":"BH","countryName":"Bahrain","hotelRating":"4","latitude":"26.2134","longitude":"50.6051","state_id":1992,"state_name":"Capital Governorate","country_id":18},{"active":false,"Giataid":"485825","cityId":9760,"cityName":"Manama","hotelId":485825,"hotelName":"Atiram Premier Hotel","address":"Block 324 Road 2420,Building 1188,Juffair,Bahrain","phones":"+97317811811","fax":"","email":"info@atirampremierhotel.com","url":"http://atirampremierhotel.com","countryIso2":"BH","countryName":"Bahrain","hotelRating":"4","latitude":"26.2201","longitude":"50.6105","state_id":1992,"state_name":"Capital Governorate","country_id":18},{"active":false,"Giataid":"485868","cityId":9760,"cityName":"Manama","hotelId":485868,"hotelName":"S Hotel Bahrain","address":"P.O. Box 60402,Manama,Bahrain","phones":"+97317380380","fax":"+97317380300","email":"info@s-hotelbahrain.com","url":"http://s-hotelbahrain.com","countryIso2":"BH","countryName":"Bahrain","hotelRating":"4","latitude":"26.2349","longitude":"50.5482","state_id":1992,"state_name":"Capital Governorate","country_id":18},{"active":false,"Giataid":"499855","cityId":9760,"cityName":"Manama","hotelId":499855,"hotelName":"Tariq Almoayed Tower","address":"","phones":"","fax":"","email":"","url":"","countryIso2":"BH","countryName":"Bahrain","hotelRating":"3","latitude":"26.2321","longitude":"50.5651","state_id":1992,"state_name":"Capital Governorate","country_id":18},{"active":false,"Giataid":"508625","cityId":9760,"cityName":"Manama","hotelId":508625,"hotelName":"Ramee Rose Hotel","address":"Road 2420,Building 01161, Block  0324,Juffair 324,Manama,Bahrain","phones":"+97317616167","fax":"","email":"gmrose.bh@rameehotels.com","url":"http://www.rameehotels.com/juffair-bahrain/ramee-rose-hotel-juffair/","countryIso2":"BH","countryName":"Bahrain","hotelRating":"4","latitude":"26.2198","longitude":"50.6111","state_id":1992,"state_name":"Capital Governorate","country_id":18},{"active":false,"Giataid":"529504","cityId":9760,"cityName":"Manama","hotelId":529504,"hotelName":"Marina Tower","address":"Road 2419,Building 982,Al Fateh  Juffair,Manama,Bahrain","phones":"","fax":"","email":"","url":"","countryIso2":"BH","countryName":"Bahrain","hotelRating":"3","latitude":"26.2196","longitude":"50.6083","state_id":1992,"state_name":"Capital Governorate","country_id":18},{"active":false,"Giataid":"535344","cityId":9760,"cityName":"Manama","hotelId":535344,"hotelName":"Happy Homes","address":"Road No 2122 Exhibition Road,Al Hoora,Manama,Bahrain","phones":"","fax":"","email":"","url":"","countryIso2":"BH","countryName":"Bahrain","hotelRating":"1","latitude":"26.226","longitude":"50.5902","state_id":1992,"state_name":"Capital Governorate","country_id":18},{"active":false,"Giataid":"536874","cityId":9760,"cityName":"Manama","hotelId":536874,"hotelName":"Mishal Hotel","address":"PO Box 21338,Hoora,Manama,Bahrain","phones":"","fax":"","email":"","url":"","countryIso2":"BH","countryName":"Bahrain","hotelRating":"3","latitude":"26.2373","longitude":"50.5951","state_id":1992,"state_name":"Capital Governorate","country_id":18},{"active":false,"Giataid":"538620","cityId":9760,"cityName":"Manama","hotelId":538620,"hotelName":"The Westin & Le Meridien Bahrain City Centre","address":"Sheikh Khalifa Bin Salman Highway,Al Seef,Manama,Bahrain","phones":"+97317171000","fax":"","email":"","url":"http://www.starwoodhotels.com/lemeridien/property/overview/index.html?propertyID=4127","countryIso2":"BH","countryName":"Bahrain","hotelRating":"1","latitude":"26.2325","longitude":"50.5522","state_id":1992,"state_name":"Capital Governorate","country_id":18},{"active":false,"Giataid":"543910","cityId":9760,"cityName":"Manama","hotelId":543910,"hotelName":"Samada Hoora Hotel And Suites","address":"185 Road 2005,Block 320,Manama,Bahrain","phones":"+97317318899","fax":"+97317296388","email":"info@samadahoorahotel.com","url":"http://samadahoorahotel.com/","countryIso2":"BH","countryName":"Bahrain","hotelRating":"4","latitude":"26.2317","longitude":"50.5963","state_id":1992,"state_name":"Capital Governorate","country_id":18},{"active":false,"Giataid":"544989","cityId":9760,"cityName":"Manama","hotelId":544989,"hotelName":"Crystal Palace Hotel","address":"Road 2414,Building 115,Juffair,Manama,Bahrain","phones":"","fax":"","email":"","url":"http://www.crystalpalacehotelbh.com","countryIso2":"BH","countryName":"Bahrain","hotelRating":"4","latitude":"26.2212","longitude":"50.6093","state_id":1992,"state_name":"Capital Governorate","country_id":18},{"active":false,"Giataid":"545853","cityId":null,"cityName":"Muharraq","hotelId":545853,"hotelName":"Gulf Residence Amwaj","address":"Road 5715,Building 1830 Block 257,PO BOX  22092,Muharraq,Amwaj Islands Kingdom of Bahrain,Bahrain","phones":"+97316030001","fax":"+97316030011","email":"info@gulfresidenceamwaj.com","url":"https://gulfresidenceamwaj.com","countryIso2":"BH","countryName":"Bahrain","hotelRating":"4","latitude":"26.287","longitude":"50.6663","state_id":null,"state_name":null,"country_id":null},{"active":false,"Giataid":"545857","cityId":9760,"cityName":"Manama","hotelId":545857,"hotelName":"Downtown Rotana","address":"Government Avenue,P.O. Box 18345,Manama,Bahrain","phones":"+97313119999","fax":"","email":"","url":"https://www.rotana.com/rotanahotelandresorts/bahrain/manamacity/downtownrotana","countryIso2":"BH","countryName":"Bahrain","hotelRating":"5","latitude":"26.2353","longitude":"50.5771","state_id":1992,"state_name":"Capital Governorate","country_id":18},{"active":false,"Giataid":"545949","cityId":9760,"cityName":"Manama","hotelId":545949,"hotelName":"President Heights","address":"Building 106 Road 22,Area 324,Al Juffair,Manama 1153,Bahrain","phones":"","fax":"","email":"","url":"","countryIso2":"BH","countryName":"Bahrain","hotelRating":"3","latitude":"26.2295","longitude":"50.5849","state_id":1992,"state_name":"Capital Governorate","country_id":18},{"active":false,"Giataid":"546568","cityId":9760,"cityName":"Manama","hotelId":546568,"hotelName":"Baisan Suites Hotel","address":"","phones":"","fax":"","email":"","url":"","countryIso2":"BH","countryName":"Bahrain","hotelRating":"4","latitude":"26.226","longitude":"50.5902","state_id":1992,"state_name":"Capital Governorate","country_id":18},{"active":false,"Giataid":"546692","cityId":9760,"cityName":"Manama","hotelId":546692,"hotelName":"Dar Al Hamra","address":"Road 4034,Building 1410 Block 340,Juffair,Manama,Bahrain","phones":"","fax":"","email":"","url":"","countryIso2":"BH","countryName":"Bahrain","hotelRating":"3","latitude":"26.2132","longitude":"50.6025","state_id":1992,"state_name":"Capital Governorate","country_id":18},{"active":false,"Giataid":"546693","cityId":9760,"cityName":"Manama","hotelId":546693,"hotelName":"Riviera Hotel","address":"Road 2412,Building 757,Block 324 Al Juffair,Manama,Bahrain","phones":"","fax":"","email":"","url":"","countryIso2":"BH","countryName":"Bahrain","hotelRating":"3","latitude":"26.2184","longitude":"50.6043","state_id":1992,"state_name":"Capital Governorate","country_id":18},{"active":false,"Giataid":"547042","cityId":9760,"cityName":"Manama","hotelId":547042,"hotelName":"Al Commodore Suites","address":"Road 2411,Building 692 Block324,Al Juffair,Manama,Bahrain","phones":"","fax":"","email":"","url":"","countryIso2":"BH","countryName":"Bahrain","hotelRating":"3","latitude":"26.2171","longitude":"50.6013","state_id":1992,"state_name":"Capital Governorate","country_id":18},{"active":false,"Giataid":"550799","cityId":9760,"cityName":"Manama","hotelId":550799,"hotelName":"Delmon Plaza Suite","address":"Road 2412,Block 324,Juffair,Manama,Bahrain","phones":"","fax":"","email":"","url":"","countryIso2":"BH","countryName":"Bahrain","hotelRating":"3","latitude":"26.2184","longitude":"50.6052","state_id":1992,"state_name":"Capital Governorate","country_id":18},{"active":false,"Giataid":"550800","cityId":9760,"cityName":"Manama","hotelId":550800,"hotelName":"Juffair Plaza Suite","address":"Road 22,Block 24,Juffair,Manama,Bahrain","phones":"","fax":"","email":"","url":"","countryIso2":"BH","countryName":"Bahrain","hotelRating":"3","latitude":"26.2115","longitude":"50.6118","state_id":1992,"state_name":"Capital Governorate","country_id":18},{"active":false,"Giataid":"550801","cityId":9760,"cityName":"Manama","hotelId":550801,"hotelName":"Verdun Residence","address":"Road 2442,Block 324,Juffair,Manama,Bahrain","phones":"","fax":"","email":"","url":"","countryIso2":"BH","countryName":"Bahrain","hotelRating":"3","latitude":"26.22","longitude":"50.6152","state_id":1992,"state_name":"Capital Governorate","country_id":18},{"active":false,"Giataid":"550970","cityId":9760,"cityName":"Manama","hotelId":550970,"hotelName":"Juffair View Suite","address":"Road 4034,Building 1342, Block 340, Juffair,Manama,Bahrain","phones":"","fax":"","email":"","url":"","countryIso2":"BH","countryName":"Bahrain","hotelRating":"3","latitude":"26.2129","longitude":"50.6017","state_id":1992,"state_name":"Capital Governorate","country_id":18},{"active":false,"Giataid":"551623","cityId":9760,"cityName":"Manama","hotelId":551623,"hotelName":"Manzil Al Sultan I","address":"Building 586,Road 3419,Block 334,Al Mahooz,Manama,Bahrain","phones":"","fax":"","email":"","url":"","countryIso2":"BH","countryName":"Bahrain","hotelRating":"4","latitude":"26.2099","longitude":"50.5889","state_id":1992,"state_name":"Capital Governorate","country_id":18},{"active":false,"Giataid":"553289","cityId":null,"cityName":"Budaiya","hotelId":553289,"hotelName":"Lagoona Beach Luxury Resort and Spa","address":"Entrance 26,Avenue 63 Block 555,Budaiya,Bahrain","phones":"+97316630000","fax":"","email":"info@lagoonabeachbahrain.com","url":"http://www.lagoonabeachbahrain.com/index","countryIso2":"BH","countryName":"Bahrain","hotelRating":"5","latitude":"26.2039","longitude":"50.4494","state_id":null,"state_name":null,"country_id":null},{"active":false,"Giataid":"555642","cityId":9760,"cityName":"Manama","hotelId":555642,"hotelName":"Wyndham Garden Manama","address":"65 Road 4003,Block 340,PO Box 13220,Juffair,Manama,Bahrain","phones":"+97366316666","fax":"","email":"","url":"https://www.wyndhamhotels.com/wyndham-garden/manam-bahrain/wyndham-garden-manama/overview","countryIso2":"BH","countryName":"Bahrain","hotelRating":"4","latitude":"26.214","longitude":"50.5993","state_id":1992,"state_name":"Capital Governorate","country_id":18},{"active":false,"Giataid":"556566","cityId":9760,"cityName":"Manama","hotelId":556566,"hotelName":"Ramada Manama City Centre","address":"Road 4654,Building 3236,Block 346,Al Seef District,Manama,Bahrain","phones":"+97317104000","fax":"+97317104010","email":"","url":"http://www.ramada.com/hotels/bahrain/manama/ramada-manama-city-centre/hotel-overview","countryIso2":"BH","countryName":"Bahrain","hotelRating":"4","latitude":"26.2366","longitude":"50.5568","state_id":1992,"state_name":"Capital Governorate","country_id":18},{"active":false,"Giataid":"556572","cityId":null,"cityName":"Amwaj","hotelId":556572,"hotelName":"Ramada Hotel and Suites Amwaj Islands Manama","address":"Road 5715,Building 1741, Block 257,Amwaj,Bahrain","phones":"+97316000099","fax":"+97316000098","email":"Info@Ramada-Manama-Amwaj.com","url":"http://www.ramada.com/hotels/bahraimwaj/ramada-hotel-and-suites-amwaj-island/hotel-overview","countryIso2":"BH","countryName":"Bahrain","hotelRating":"4","latitude":"26.2926","longitude":"50.6639","state_id":null,"state_name":null,"country_id":null},{"active":false,"Giataid":"575305","cityId":9760,"cityName":"Manama","hotelId":575305,"hotelName":"Mazaya Tower","address":"Building 574 Road 2808,Block 428,Al Seef,Manama 1086,Bahrain,Bahrain","phones":"","fax":"","email":"","url":"","countryIso2":"BH","countryName":"Bahrain","hotelRating":"1","latitude":"26.2391","longitude":"50.5385","state_id":1992,"state_name":"Capital Governorate","country_id":18},{"active":false,"Giataid":"577851","cityId":9760,"cityName":"Manama","hotelId":577851,"hotelName":"Regent Tower by AAA Homes","address":"Juffair, Al Fateh,Manama,Bahrain","phones":"","fax":"","email":"","url":"","countryIso2":"BH","countryName":"Bahrain","hotelRating":"1","latitude":"26.226","longitude":"50.5902","state_id":1992,"state_name":"Capital Governorate","country_id":18},{"active":false,"Giataid":"582740","cityId":9760,"cityName":"Manama","hotelId":582740,"hotelName":"Middle East Hotel","address":"307 Zubaira Avenue,Building 316,Manama,Bahrain","phones":"","fax":"","email":"","url":"","countryIso2":"BH","countryName":"Bahrain","hotelRating":"1","latitude":"26.226","longitude":"50.5902","state_id":1992,"state_name":"Capital Governorate","country_id":18},{"active":false,"Giataid":"582997","cityId":9760,"cityName":"Manama","hotelId":582997,"hotelName":"Casanova Hotel","address":"","phones":"","fax":"","email":"","url":"","countryIso2":"BH","countryName":"Bahrain","hotelRating":"3","latitude":"26.2308","longitude":"50.5961","state_id":1992,"state_name":"Capital Governorate","country_id":18},{"active":false,"Giataid":"583153","cityId":9760,"cityName":"Manama","hotelId":583153,"hotelName":"Haven Apartment","address":"Road 2466,Block 324,Building 4549,Al Juffair,Manama,Bahrain","phones":"","fax":"","email":"","url":"","countryIso2":"BH","countryName":"Bahrain","hotelRating":"3","latitude":"26.2196","longitude":"50.6084","state_id":1992,"state_name":"Capital Governorate","country_id":18},{"active":false,"Giataid":"585305","cityId":null,"cityName":"Juffair","hotelId":585305,"hotelName":"Parkside Orange Suites","address":"Road 2421,Building 1235,Block 324,Muharraq Town,Juffair 324,Bahrain","phones":"+97317222888","fax":"+97317222880","email":"fo@orangesuitesbahrain.com","url":"http://parksidehotels.com/hotel.asp?hotelid=76","countryIso2":"BH","countryName":"Bahrain","hotelRating":"4","latitude":"26.2168","longitude":"50.6112","state_id":null,"state_name":null,"country_id":null},{"active":false,"Giataid":"605978","cityId":9760,"cityName":"Manama","hotelId":605978,"hotelName":"Coral Bay Hotel","address":"Coral Bay,Block 322,Road 2407,Building 491,Manama 317,973 Manama,Bahrain","phones":"+97317312700","fax":"+97317312777","email":"info@coral-bay.net","url":"http://www.coral-bay.net/","countryIso2":"BH","countryName":"Bahrain","hotelRating":"5","latitude":"26.2293","longitude":"50.6","state_id":1992,"state_name":"Capital Governorate","country_id":18},{"active":false,"Giataid":"610968","cityId":null,"cityName":"Hamala","hotelId":610968,"hotelName":"Hamala Beach Resort","address":"Road 977,Avenue 1009,Al Hamala Area,PO Box 1146,Hamala,Manama,Bahrain","phones":"","fax":"","email":"","url":"http://www.hamalabeachresort.com/","countryIso2":"BH","countryName":"Bahrain","hotelRating":"1","latitude":"26.134","longitude":"50.4596","state_id":null,"state_name":null,"country_id":null},{"active":false,"Giataid":"611470","cityId":9760,"cityName":"Manama","hotelId":611470,"hotelName":"Seef Avenue Suites","address":"Road 2808,Building 613, Block Al Seef 428,Manama,Bahrain","phones":"","fax":"","email":"","url":"","countryIso2":"BH","countryName":"Bahrain","hotelRating":"1","latitude":"26.2403","longitude":"50.5378","state_id":1992,"state_name":"Capital Governorate","country_id":18},{"active":false,"Giataid":"614193","cityId":9760,"cityName":"Manama","hotelId":614193,"hotelName":"Al Commodore Hotel","address":"Building 1480,Road 23116,Block 321,Hoora,11184 Manama,Bahrain","phones":"","fax":"","email":"","url":"","countryIso2":"BH","countryName":"Bahrain","hotelRating":"3","latitude":"26.2253","longitude":"50.5978","state_id":1992,"state_name":"Capital Governorate","country_id":18},{"active":false,"Giataid":"619810","cityId":9760,"cityName":"Manama","hotelId":619810,"hotelName":"Sheza Tower Hotel","address":"","phones":"","fax":"","email":"","url":"","countryIso2":"BH","countryName":"Bahrain","hotelRating":"3","latitude":"26.24","longitude":"50.5878","state_id":1992,"state_name":"Capital Governorate","country_id":18},{"active":false,"Giataid":"627849","cityId":9760,"cityName":"Manama","hotelId":627849,"hotelName":"Andalus Hotel","address":"Salmaniya,Manama,Bahrain","phones":"","fax":"","email":"","url":"","countryIso2":"BH","countryName":"Bahrain","hotelRating":"1","latitude":"26.226","longitude":"50.5902","state_id":1992,"state_name":"Capital Governorate","country_id":18},{"active":false,"Giataid":"641297","cityId":9760,"cityName":"Manama","hotelId":641297,"hotelName":"Al Faris Suite 1","address":"","phones":"","fax":"","email":"","url":"","countryIso2":"BH","countryName":"Bahrain","hotelRating":"1","latitude":"26.2127","longitude":"50.6124","state_id":1992,"state_name":"Capital Governorate","country_id":18},{"active":false,"Giataid":"645635","cityId":9760,"cityName":"Manama","hotelId":645635,"hotelName":"Arman Hotel","address":"Building 1101 Road 2417,Block 324,Al Fateh,Juffair,Manama,Bahrain","phones":"+97317281111","fax":"+97317281200","email":"reservation@armanhotel.com","url":"http://www.armanhotels.com/","countryIso2":"BH","countryName":"Bahrain","hotelRating":"4","latitude":"26.2169","longitude":"50.6078","state_id":1992,"state_name":"Capital Governorate","country_id":18},{"active":false,"Giataid":"656558","cityId":9760,"cityName":"Manama","hotelId":656558,"hotelName":"Wyndham Grand Manama","address":"Building 316,Road 4609,Manama Seafront,Manama 346,Bahrain","phones":"+97317116116","fax":"","email":"","url":"http://wyndhamgrandmanama.com/","countryIso2":"BH","countryName":"Bahrain","hotelRating":"4","latitude":"26.2465","longitude":"50.5771","state_id":1992,"state_name":"Capital Governorate","country_id":18},{"active":false,"Giataid":"656559","cityId":9760,"cityName":"Manama","hotelId":656559,"hotelName":"Jumeirah Royal Saray","address":"Building 56, Avenue 38,Block 428, Al Seef District,PO Box 17007,Manama,Bahrain","phones":"+97377707070","fax":"","email":"","url":"","countryIso2":"BH","countryName":"Bahrain","hotelRating":"5","latitude":"26.2418","longitude":"50.5425","state_id":1992,"state_name":"Capital Governorate","country_id":18},{"active":false,"Giataid":"677944","cityId":9760,"cityName":"Manama","hotelId":677944,"hotelName":"Majestic Hotel","address":"Building 1720 Road 2427,Al Juffair,Manama 199,Bahrain","phones":"","fax":"","email":"","url":"","countryIso2":"BH","countryName":"Bahrain","hotelRating":"1","latitude":"26.212","longitude":"50.6131","state_id":1992,"state_name":"Capital Governorate","country_id":18},{"active":false,"Giataid":"678340","cityId":9760,"cityName":"Manama","hotelId":678340,"hotelName":"Zainal Furnished Apartment","address":"Building 1308 Road 4026,Block 340,Manama,Bahrain","phones":"","fax":"","email":"","url":"","countryIso2":"BH","countryName":"Bahrain","hotelRating":"1","latitude":"26.2122","longitude":"50.6085","state_id":1992,"state_name":"Capital Governorate","country_id":18},{"active":false,"Giataid":"678594","cityId":9760,"cityName":"Manama","hotelId":678594,"hotelName":"Houran Towers Residences","address":"Road 5115,Block 351,Building 688,Manama 199,Bahrain","phones":"","fax":"","email":"","url":"","countryIso2":"BH","countryName":"Bahrain","hotelRating":"1","latitude":"26.231","longitude":"50.555","state_id":1992,"state_name":"Capital Governorate","country_id":18},{"active":false,"Giataid":"678596","cityId":9760,"cityName":"Manama","hotelId":678596,"hotelName":"Desert Pearl Hotel Apartment","address":"Road 4020,Block 340,Building 965 Juffair,Manama,Bahrain","phones":"","fax":"","email":"","url":"","countryIso2":"BH","countryName":"Bahrain","hotelRating":"1","latitude":"26.212","longitude":"50.6062","state_id":1992,"state_name":"Capital Governorate","country_id":18},{"active":false,"Giataid":"678653","cityId":9760,"cityName":"Manama","hotelId":678653,"hotelName":"Reema Plaza Apartment","address":"Road 2445,Building 3183,Area 324,Manama,Bahrain","phones":"","fax":"","email":"","url":"http://www.reema-plaza-apartment-manama.booked.net/","countryIso2":"BH","countryName":"Bahrain","hotelRating":"1","latitude":"26.2136","longitude":"50.6173","state_id":1992,"state_name":"Capital Governorate","country_id":18},{"active":false,"Giataid":"678660","cityId":9760,"cityName":"Manama","hotelId":678660,"hotelName":"Dunia Plaza","address":"Road 2408,Building 834,Manama,Bahrain","phones":"","fax":"","email":"","url":"","countryIso2":"BH","countryName":"Bahrain","hotelRating":"1","latitude":"26.2194","longitude":"50.6018","state_id":1992,"state_name":"Capital Governorate","country_id":18},{"active":false,"Giataid":"678666","cityId":9760,"cityName":"Manama","hotelId":678666,"hotelName":"Heavenly Plaza Apartments","address":"Road 2426,Building 1492,Al Juffair,Manama,Bahrain","phones":"","fax":"","email":"","url":"","countryIso2":"BH","countryName":"Bahrain","hotelRating":"1","latitude":"26.2132","longitude":"50.6112","state_id":1992,"state_name":"Capital Governorate","country_id":18},{"active":false,"Giataid":"678737","cityId":null,"cityName":"Seef","hotelId":678737,"hotelName":"Al Manzil Residence","address":"Building 651 Road 3614,Block 436,Al Seef 973,Bahrain","phones":"+97317000440","fax":"+97317000443","email":"reservation@almanzilresidence.com","url":"http://www.almanzilresidence.com","countryIso2":"BH","countryName":"Bahrain","hotelRating":"1","latitude":"26.24","longitude":"50.5339","state_id":null,"state_name":null,"country_id":null},{"active":false,"Giataid":"678738","cityId":9760,"cityName":"Manama","hotelId":678738,"hotelName":"Euro Plaza Apartments","address":"Road 2427,Avenue 22,Building 1712,Al Fateh,Manama,Bahrain","phones":"","fax":"","email":"","url":"","countryIso2":"BH","countryName":"Bahrain","hotelRating":"1","latitude":"26.212","longitude":"50.6122","state_id":1992,"state_name":"Capital Governorate","country_id":18},{"active":false,"Giataid":"678740","cityId":9760,"cityName":"Manama","hotelId":678740,"hotelName":"Juffair Vista Luxury Apartments","address":"Bldg 1281 Road 4026,Block 340,Juffair,Manama,Bahrain,Bahrain","phones":"","fax":"","email":"","url":"","countryIso2":"BH","countryName":"Bahrain","hotelRating":"1","latitude":"26.2124","longitude":"50.6085","state_id":1992,"state_name":"Capital Governorate","country_id":18},{"active":false,"Giataid":"678743","cityId":9760,"cityName":"Manama","hotelId":678743,"hotelName":"The One LifeStyle","address":"Building 99 Avenue 22,Block 324,Al Juffair,Manama 1299,Bahrain","phones":"","fax":"","email":"","url":"","countryIso2":"BH","countryName":"Bahrain","hotelRating":"1","latitude":"26.2211","longitude":"50.6066","state_id":1992,"state_name":"Capital Governorate","country_id":18},{"active":false,"Giataid":"678815","cityId":9760,"cityName":"Manama","hotelId":678815,"hotelName":"Jana View Hotel Apartment","address":"Road 22 Building 104,Block 324,Manama 1299,Bahrain","phones":"","fax":"","email":"","url":"","countryIso2":"BH","countryName":"Bahrain","hotelRating":"1","latitude":"26.221","longitude":"50.6074","state_id":1992,"state_name":"Capital Governorate","country_id":18},{"active":false,"Giataid":"681655","cityId":9760,"cityName":"Manama","hotelId":681655,"hotelName":"The Grove Hotel & Conference Centre Bahrain","address":"Road 5715,Block 257,Building 1722,PO Box 3208,Amwaj Islands,Manama,Bahrain","phones":"+97316030303","fax":"","email":"info@thegrovehotelbahrain.com","url":"http://www.thegrovehotelbahrain.com/","countryIso2":"BH","countryName":"Bahrain","hotelRating":"5","latitude":"26.2915","longitude":"50.6621","state_id":1992,"state_name":"Capital Governorate","country_id":18},{"active":false,"Giataid":"684737","cityId":9760,"cityName":"Manama","hotelId":684737,"hotelName":"Ibis Styles Diplomatic Area","address":"Road 1706,Building 511,317 Diplomatic Area,P.O. Box 21135,Manama,Bahrain","phones":"+97317233310","fax":"+97317386021","email":"HA1X4@ACCOR.COM","url":"https://www.accorhotels.com/de/hotel-A1X4-ibis-styles-manama-diplomatic-area-jetzt-offen/index.shtml","countryIso2":"BH","countryName":"Bahrain","hotelRating":"3","latitude":"26.2422","longitude":"50.5896","state_id":1992,"state_name":"Capital Governorate","country_id":18},{"active":false,"Giataid":"690747","cityId":9760,"cityName":"Manama","hotelId":690747,"hotelName":"Q House 3 Apartments","address":"Building 1036,Road 4021,Block 340,Juffair,Manama,Bahrain","phones":"","fax":"","email":"","url":"","countryIso2":"BH","countryName":"Bahrain","hotelRating":"3","latitude":"26.2122","longitude":"50.6077","state_id":1992,"state_name":"Capital Governorate","country_id":18},{"active":false,"Giataid":"690756","cityId":9760,"cityName":"Manama","hotelId":690756,"hotelName":"Golden Rose Luxury Suites (Royal Executive)","address":"Building 1196, Road 3931, Block 339","phones":"","fax":"","email":"","url":"","countryIso2":"BH","countryName":"Bahrain","hotelRating":"1","latitude":"26.2041","longitude":"50.5997","state_id":1992,"state_name":"Capital Governorate","country_id":18},{"active":false,"Giataid":"690769","cityId":9760,"cityName":"Manama","hotelId":690769,"hotelName":"Inn Venue Suites","address":"Bldg 21, Road No. 4025, Block324","phones":"","fax":"","email":"","url":"","countryIso2":"BH","countryName":"Bahrain","hotelRating":"1","latitude":"26.2138","longitude":"50.6091","state_id":1992,"state_name":"Capital Governorate","country_id":18},{"active":false,"Giataid":"690802","cityId":9760,"cityName":"Manama","hotelId":690802,"hotelName":"Belle Tower Luxury Hotel Apartments","address":"Road 2417,Block 324, Building 995,Manama 75845,Bahrain","phones":"","fax":"","email":"","url":"","countryIso2":"BH","countryName":"Bahrain","hotelRating":"3","latitude":"26.2209","longitude":"50.6078","state_id":1992,"state_name":"Capital Governorate","country_id":18},{"active":false,"Giataid":"690811","cityId":9760,"cityName":"Manama","hotelId":690811,"hotelName":"Juffair Avenue Suites","address":"Building No. 1018, Road No. 2417","phones":"","fax":"","email":"","url":"","countryIso2":"BH","countryName":"Bahrain","hotelRating":"1","latitude":"26.219","longitude":"50.6068","state_id":1992,"state_name":"Capital Governorate","country_id":18},{"active":false,"Giataid":"690822","cityId":9760,"cityName":"Manama","hotelId":690822,"hotelName":"Reef Resort","address":"Road 4652,Building 2875,Sea Front 346,323 Manama,Bahrain","phones":"","fax":"","email":"","url":"","countryIso2":"BH","countryName":"Bahrain","hotelRating":"4","latitude":"26.2439","longitude":"50.5644","state_id":1992,"state_name":"Capital Governorate","country_id":18},{"active":false,"Giataid":"691576","cityId":9760,"cityName":"Manama","hotelId":691576,"hotelName":"Nada Suites","address":"","phones":"","fax":"","email":"","url":"","countryIso2":"BH","countryName":"Bahrain","hotelRating":"1","latitude":"26.226","longitude":"50.5902","state_id":1992,"state_name":"Capital Governorate","country_id":18},{"active":false,"Giataid":"691588","cityId":9760,"cityName":"Manama","hotelId":691588,"hotelName":"Vita Tower","address":"Road 2417,Building 991,Block 324,Juffair,Manama 340,Bahrain","phones":"","fax":"","email":"","url":"","countryIso2":"BH","countryName":"Bahrain","hotelRating":"3","latitude":"26.221","longitude":"50.6079","state_id":1992,"state_name":"Capital Governorate","country_id":18},{"active":false,"Giataid":"691600","cityId":9760,"cityName":"Manama","hotelId":691600,"hotelName":"Loumage Comfort Aspire Tower","address":"Road 2417,Building 983,Block 324,Juffair,Manama,Bahrain","phones":"","fax":"","email":"","url":"","countryIso2":"BH","countryName":"Bahrain","hotelRating":"3","latitude":"26.2323","longitude":"50.5969","state_id":1992,"state_name":"Capital Governorate","country_id":18},{"active":false,"Giataid":"732663","cityId":9760,"cityName":"Manama","hotelId":732663,"hotelName":"Green Oasis Apartments","address":"Block 324 Road 2426,Building 1536,Al Juffair,Manama 340,Bahrain","phones":"","fax":"","email":"","url":"","countryIso2":"BH","countryName":"Bahrain","hotelRating":"1","latitude":"26.226","longitude":"50.5902","state_id":1992,"state_name":"Capital Governorate","country_id":18},{"active":false,"Giataid":"733186","cityId":9760,"cityName":"Manama","hotelId":733186,"hotelName":"Dana Plaza 1","address":"Building 2736,Road 3649,Block 436,Manama,Bahrain","phones":"","fax":"","email":"","url":"","countryIso2":"BH","countryName":"Bahrain","hotelRating":"2","latitude":"26.226","longitude":"50.5902","state_id":1992,"state_name":"Capital Governorate","country_id":18},{"active":false,"Giataid":"733675","cityId":9760,"cityName":"Manama","hotelId":733675,"hotelName":"Al Misrea Tower","address":"1700 Road 2427,Block 324,Juffair,Manama,Bahrain","phones":"","fax":"","email":"","url":"","countryIso2":"BH","countryName":"Bahrain","hotelRating":"3","latitude":"26.226","longitude":"50.5902","state_id":1992,"state_name":"Capital Governorate","country_id":18},{"active":false,"Giataid":"733748","cityId":9760,"cityName":"Manama","hotelId":733748,"hotelName":"Dana Plaza 2","address":"2720 Road 3649,Block 436,Manama 436,Bahrain","phones":"","fax":"","email":"","url":"","countryIso2":"BH","countryName":"Bahrain","hotelRating":"2","latitude":"26.226","longitude":"50.5902","state_id":1992,"state_name":"Capital Governorate","country_id":18},{"active":false,"Giataid":"733778","cityId":9760,"cityName":"Manama","hotelId":733778,"hotelName":"Seef Loft","address":"Road 2833,Building 2583,Block 428,Al Seef,Manama,Bahrain","phones":"","fax":"","email":"","url":"","countryIso2":"BH","countryName":"Bahrain","hotelRating":"2","latitude":"26.2377","longitude":"50.5401","state_id":1992,"state_name":"Capital Governorate","country_id":18},{"active":false,"Giataid":"733781","cityId":9760,"cityName":"Manama","hotelId":733781,"hotelName":"Classic Tower","address":"Building 984 Road 2417,Block 324,Al Juffair,Manama,Bahrain","phones":"","fax":"","email":"","url":"","countryIso2":"BH","countryName":"Bahrain","hotelRating":"3","latitude":"26.218","longitude":"50.6034","state_id":1992,"state_name":"Capital Governorate","country_id":18},{"active":false,"Giataid":"739627","cityId":9760,"cityName":"Manama","hotelId":739627,"hotelName":"Afaq Tower","address":"Road 2419,Building 1111,Area 324,Juffair,Manama 1234,Bahrain","phones":"","fax":"","email":"","url":"","countryIso2":"BH","countryName":"Bahrain","hotelRating":"3","latitude":"26.226","longitude":"50.5902","state_id":1992,"state_name":"Capital Governorate","country_id":18},{"active":false,"Giataid":"741678","cityId":9760,"cityName":"Manama","hotelId":741678,"hotelName":"Park Regis Lotus Hotel","address":"Block 324 Avenue 22,Building 147,Juffair,Manama,Bahrain","phones":"","fax":"","email":"afom@parkregishotel.com","url":"http://www.parkregislotushotel.com/","countryIso2":"BH","countryName":"Bahrain","hotelRating":"1","latitude":"26.226","longitude":"50.5902","state_id":1992,"state_name":"Capital Governorate","country_id":18},{"active":false,"Giataid":"742046","cityId":9760,"cityName":"Manama","hotelId":742046,"hotelName":"Marco Polo Hotel","address":"Road 2005,Building 185,Block 320,Hoora,Manama,Bahrain","phones":"+97317318899","fax":"","email":"reservations@marcopolohotelbh.com","url":"http://www.marcopolohotelbh.com","countryIso2":"BH","countryName":"Bahrain","hotelRating":"4","latitude":"26.226","longitude":"50.5902","state_id":1992,"state_name":"Capital Governorate","country_id":18},{"active":false,"Giataid":"749184","cityId":9760,"cityName":"Manama","hotelId":749184,"hotelName":"Grand Plaza Apartments","address":"2678 Road 3617,Block 436 Seef,Near Karbabad Beach,Manama 999,Bahrain","phones":"","fax":"","email":"","url":"","countryIso2":"BH","countryName":"Bahrain","hotelRating":"1","latitude":"26.226","longitude":"50.5902","state_id":1992,"state_name":"Capital Governorate","country_id":18},{"active":false,"Giataid":"750325","cityId":9760,"cityName":"Manama","hotelId":750325,"hotelName":"Al Nawras Tower","address":"2466 Manama,Block 324,Building  99,Avenue 22,Manama 341,Bahrain","phones":"","fax":"","email":"","url":"","countryIso2":"BH","countryName":"Bahrain","hotelRating":"1","latitude":"26.226","longitude":"50.5902","state_id":1992,"state_name":"Capital Governorate","country_id":18},{"active":false,"Giataid":"751622","cityId":9760,"cityName":"Manama","hotelId":751622,"hotelName":"Kiev Tower Hotel Apartments","address":"Block 324,Building 509,Road 2408,Al Juffair,Manama 199,Bahrain","phones":"","fax":"","email":"","url":"","countryIso2":"BH","countryName":"Bahrain","hotelRating":"1","latitude":"26.226","longitude":"50.5902","state_id":1992,"state_name":"Capital Governorate","country_id":18},{"active":false,"Giataid":"766586","cityId":9760,"cityName":"Manama","hotelId":766586,"hotelName":"Al Hambra Hotel","address":"3925 Road,Po Box 54777,Manama 300,Bahrain","phones":"","fax":"","email":"","url":"","countryIso2":"BH","countryName":"Bahrain","hotelRating":"1","latitude":"26.226","longitude":"50.5902","state_id":1992,"state_name":"Capital Governorate","country_id":18},{"active":false,"Giataid":"767391","cityId":9760,"cityName":"Manama","hotelId":767391,"hotelName":"Mj House","address":"Building 1844 Road 4047,Block 0340,Manama 340,Bahrain","phones":"","fax":"","email":"","url":"","countryIso2":"BH","countryName":"Bahrain","hotelRating":"1","latitude":"26.226","longitude":"50.5902","state_id":1992,"state_name":"Capital Governorate","country_id":18},{"active":false,"Giataid":"771309","cityId":9760,"cityName":"Manama","hotelId":771309,"hotelName":"Al Yal Residence","address":"Building 3140 Road 4653,Block 346,Manama,Bahrain","phones":"+97316000606","fax":"","email":"info@alyal.com","url":"http://alyalresidence.com","countryIso2":"BH","countryName":"Bahrain","hotelRating":"1","latitude":"26.2373","longitude":"50.5533","state_id":1992,"state_name":"Capital Governorate","country_id":18},{"active":false,"Giataid":"411376","cityId":9760,"cityName":"Manama","hotelId":10061144,"hotelName":"SwisS-Belhotel Seef Bahrain","address":"Building 1012,Road 2813,Seef,Manama 428,Bahrain","phones":"+97366310000","fax":"","email":"","url":"","countryIso2":"BH","countryName":"Bahrain","hotelRating":"4","latitude":"26.2364","longitude":"50.5367","state_id":1992,"state_name":"Capital Governorate","country_id":18},{"active":false,"Giataid":"422332","cityId":9760,"cityName":"Manama","hotelId":10065999,"hotelName":"Four Seasons Hotel Bahrain Bay","address":"Bahrain Bay,PO Box 1669,Manama,Bahrain Bay,Bahrain","phones":"+97317115000","fax":"","email":"","url":"","countryIso2":"BH","countryName":"Bahrain","hotelRating":"5","latitude":"26.2474","longitude":"50.5815","state_id":1992,"state_name":"Capital Governorate","country_id":18},{"active":false,"Giataid":"431436","cityId":9760,"cityName":"Manama","hotelId":10067081,"hotelName":"Ibis Seef Manama Hotel","address":"Building 456,Road 1010,Sanabis Block 410,P.O. Box 21135,Manama,Bahrain","phones":"+97317386020","fax":"","email":"","url":"","countryIso2":"BH","countryName":"Bahrain","hotelRating":"4","latitude":"26.2294","longitude":"50.5513","state_id":1992,"state_name":"Capital Governorate","country_id":18},{"active":false,"Giataid":"411655","cityId":9760,"cityName":"Manama","hotelId":10075806,"hotelName":"Le Meridien Bahrain City Centre","address":"Sheikh Khalifa bin Salman Highway,Al Seef,Manama,Bahrain","phones":"973-171-71000","fax":"973-171-71555","email":"NULL","url":"http://www.Lemeridien.com/bahrain","countryIso2":"BH","countryName":"Bahrain","hotelRating":"5","latitude":"26.2318","longitude":"50.5451","state_id":1992,"state_name":"Capital Governorate","country_id":18},{"active":false,"Giataid":"408787","cityId":null,"cityName":"Seef","hotelId":10076343,"hotelName":"Ramee Grand Hotel & Spa, Manama Bahrain","address":"Building 999,Road 2813,Block Al Seef 428,Manama-11538,Bahrain","phones":"973-1-7111999","fax":"973-3-9953438","email":"reservations@rameegrandbahrain.com","url":"http://www.rameegrandbahrain.com","countryIso2":"BH","countryName":"Bahrain","hotelRating":"5","latitude":"26.2353","longitude":"50.5359","state_id":null,"state_name":null,"country_id":null},{"active":false,"Giataid":"543273","cityId":9760,"cityName":"Manama","hotelId":10082342,"hotelName":"Belair Executive Suites","address":"Building 1301,Road 4026,Block 340,Al Shabab Road,Juffair,Manama,Bahrain","phones":"+97317360070","fax":"NULL","email":"NULL","url":"NULL","countryIso2":"BH","countryName":"Bahrain","hotelRating":"4","latitude":"26.2116","longitude":"50.6091","state_id":1992,"state_name":"Capital Governorate","country_id":18},{"active":false,"Giataid":"418424","cityId":9760,"cityName":"Manama","hotelId":10102453,"hotelName":"Phoenicia Hotel","address":"Road 1910,Building  299,Block 319,Manama,Bahrain","phones":"+97317295544","fax":"NULL","email":"NULL","url":"NULL","countryIso2":"BH","countryName":"Bahrain","hotelRating":"4","latitude":"26.2357","longitude":"50.5969","state_id":1992,"state_name":"Capital Governorate","country_id":18},{"active":false,"Giataid":"133724","cityId":9760,"cityName":"Manama","hotelId":10102463,"hotelName":"Phoenicia Tower Hotel","address":"Road 1910,Building 299,Block 319,Al Hoora,Manama,Bahrain","phones":"+97317311666","fax":"NULL","email":"NULL","url":"NULL","countryIso2":"BH","countryName":"Bahrain","hotelRating":"4","latitude":"26.2368","longitude":"50.5966","state_id":1992,"state_name":"Capital Governorate","country_id":18},{"active":false,"Giataid":"939016","cityId":null,"cityName":"Juffair","hotelId":20278227,"hotelName":"Al Nawaras Aparthotel","address":"Avenue 22,Building 99,Block 324,Juffair,Manama,Bahrain","phones":"","fax":"","email":"","url":"","countryIso2":"BH","countryName":"Bahrain","hotelRating":"1","latitude":"26.2211","longitude":"50.6061","state_id":null,"state_name":null,"country_id":null},{"active":false,"Giataid":"739573","cityId":null,"cityName":"Hamala","hotelId":20278231,"hotelName":"Dana Homes Resort","address":"Road 0006,Block 1010,Resort 256,Al Hamala,Bahrain","phones":"","fax":"","email":"reservation@danahomesbh.com","url":"http://danahomesbh.com","countryIso2":"BH","countryName":"Bahrain","hotelRating":"0","latitude":"26.1484","longitude":"50.4705","state_id":null,"state_name":null,"country_id":null},{"active":false,"Giataid":"751637","cityId":null,"cityName":"Juffair","hotelId":20278235,"hotelName":"President Waves","address":"Road 2444,Block 324,Juffair Avenue Building 3033,Juffair 340,Manama,Bahrain","phones":"","fax":"","email":"","url":"","countryIso2":"BH","countryName":"Bahrain","hotelRating":"3","latitude":"26.2151","longitude":"50.6185","state_id":null,"state_name":null,"country_id":null},{"active":false,"Giataid":"749608","cityId":null,"cityName":"Juffair","hotelId":20278240,"hotelName":"Zubara Plaza II","address":"Building 119,Road 22,Juffair 324,Bahrain","phones":"+97335190288","fax":"+97317813880","email":"jay@zubaraplaza2.com","url":"http://www.zubaraplaza2.com/","countryIso2":"BH","countryName":"Bahrain","hotelRating":"3","latitude":"26.2183","longitude":"50.6143","state_id":null,"state_name":null,"country_id":null},{"active":false,"Giataid":"862622","cityId":null,"cityName":"Juffair","hotelId":20278241,"hotelName":"Arch Hotel, BW Signature Collection by Best Western","address":"Building 1118,Road 2419,Block 324,Juffair,Manama,Bahrain","phones":"+97317116611","fax":"","email":"","url":"http://www.archhotelbahrain.com/","countryIso2":"BH","countryName":"Bahrain","hotelRating":"4","latitude":"26.2199","longitude":"50.61","state_id":null,"state_name":null,"country_id":null},{"active":false,"Giataid":"732902","cityId":null,"cityName":"Zallaq","hotelId":20278244,"hotelName":"Bahrain Beach Resort","address":"Road 6121,Building 1011,Al Jazaer Beach,Az Zallaq,Zellaq 1061,Bahrain","phones":"","fax":"","email":"","url":"","countryIso2":"BH","countryName":"Bahrain","hotelRating":"0","latitude":"25.9961","longitude":"50.4667","state_id":null,"state_name":null,"country_id":null},{"active":false,"Giataid":"751646","cityId":null,"cityName":"Juffair","hotelId":20278257,"hotelName":"President Suites Apartments","address":"Building 783,Road 2412,Block 324,Juffair 340,Manama,Bahrain","phones":"","fax":"","email":"","url":"","countryIso2":"BH","countryName":"Bahrain","hotelRating":"3","latitude":"26.2184","longitude":"50.6016","state_id":null,"state_name":null,"country_id":null},{"active":false,"Giataid":"947264","cityId":null,"cityName":"Juffair","hotelId":20390107,"hotelName":"Land Mark 2","address":"Road 4026,Building 1284,Block 340,Juffair 999,Bahrain","phones":"","fax":"","email":"","url":"","countryIso2":"BH","countryName":"Bahrain","hotelRating":"1","latitude":"26.2183","longitude":"50.6143","state_id":null,"state_name":null,"country_id":null},{"active":false,"Giataid":"985000","cityId":null,"cityName":"Juffair","hotelId":20425727,"hotelName":"Mushan Palace","address":"Road 4022 Building 1069,Juffair 340,Bahrain","phones":"","fax":"","email":"","url":"","countryIso2":"BH","countryName":"Bahrain","hotelRating":"3","latitude":"26.2183","longitude":"50.6143","state_id":null,"state_name":null,"country_id":null},{"active":false,"Giataid":"984983","cityId":null,"cityName":"Juffair","hotelId":20425728,"hotelName":"Dcr","address":"Road 2468 Block 324,DCR Building 4546,PO Box 70700,Juffair 324,Bahrain","phones":"","fax":"","email":"","url":"","countryIso2":"BH","countryName":"Bahrain","hotelRating":"1","latitude":"26.2183","longitude":"50.6143","state_id":null,"state_name":null,"country_id":null}]