[{"active":false,"Giataid":"434715","cityId":38597,"cityName":"Axum","hotelId":434715,"hotelName":"Sabean Internationl Hotel","address":"Axum,Addis Ababa,Ethiopia","phones":"+2511116612630","fax":"+2511116622920","email":"info@sabeanhotel.com","url":"http://sabeanhotel.com","countryIso2":"ET","countryName":"Ethiopia","hotelRating":"1","latitude":"14.1208","longitude":"38.7393","state_id":4,"state_name":"Tigray Region","country_id":70},{"active":false,"Giataid":"434716","cityId":38597,"cityName":"Axum","hotelId":434716,"hotelName":"Exodus Hotel Aksum","address":"NULL","phones":"","fax":"","email":"","url":"","countryIso2":"ET","countryName":"Ethiopia","hotelRating":"1","latitude":"14.1292","longitude":"38.7336","state_id":4,"state_name":"Tigray Region","country_id":70},{"active":false,"Giataid":"434720","cityId":38597,"cityName":"Axum","hotelId":434720,"hotelName":"Kaleb Hotel Axsum","address":"Ezana Square,Aksum,Ethiopia","phones":"","fax":"","email":"","url":"http://kalebhotelaxum.jimdo.com","countryIso2":"ET","countryName":"Ethiopia","hotelRating":"1","latitude":"14.134","longitude":"38.7473","state_id":4,"state_name":"Tigray Region","country_id":70},{"active":false,"Giataid":"544029","cityId":38671,"cityName":"Lalibela","hotelId":544029,"hotelName":"Mountain View Hotel","address":"Kebele 01,North Wollo,Lalibela,Ethiopia","phones":"+251333360804","fax":"+251333361103","email":"info@mountainview-hotel.com","url":"http://www.mountainview-hotel.com/contactus.html","countryIso2":"ET","countryName":"Ethiopia","hotelRating":"2","latitude":"12.0425","longitude":"39.0385","state_id":3,"state_name":"Amhara Region","country_id":70},{"active":false,"Giataid":"615993","cityId":38671,"cityName":"Lalibela","hotelId":615993,"hotelName":"Lalibela Hotel","address":"Geterge Street,Kebelle 02,Lalibela,Ethiopia","phones":"","fax":"","email":"","url":"","countryIso2":"ET","countryName":"Ethiopia","hotelRating":"1","latitude":"12.0278","longitude":"39.0413","state_id":3,"state_name":"Amhara Region","country_id":70},{"active":false,"Giataid":"616015","cityId":38598,"cityName":"Bahir Dar","hotelId":616015,"hotelName":"Homland Hotel","address":"NULL","phones":"+251582220220","fax":"+251582220209","email":"info@homlandhotelbahirdar.com","url":"http://homlandhotelbahirdar.com/","countryIso2":"ET","countryName":"Ethiopia","hotelRating":"1","latitude":"11.5991","longitude":"37.3648","state_id":3,"state_name":"Amhara Region","country_id":70},{"active":false,"Giataid":"667690","cityId":38662,"cityName":"Jinka","hotelId":667690,"hotelName":"Eco Omo Lodge","address":"750 km from Addis Ababa,Jinka,Debub (South) Omo,Southern Nations, Nationalities, and Peoples' Region,Ethiopia","phones":"+251118612040","fax":"","email":"info@eco-omo.com","url":"http://www.eco-omo.com","countryIso2":"ET","countryName":"Ethiopia","hotelRating":"1","latitude":"0","longitude":"0","state_id":1,"state_name":"Southern Nations, Nationalities, and Peoples' Region","country_id":70},{"active":false,"Giataid":"667708","cityId":38650,"cityName":"Harar","hotelId":667708,"hotelName":"Heritage Plaza Hotel","address":"P. O. Box 423,Harar,East Hararghe Zone,Harari,Ethiopia","phones":"+251256665137","fax":"","email":"info@plazahotelharar.com","url":"http://www.plazahotelharar.com","countryIso2":"ET","countryName":"Ethiopia","hotelRating":"1","latitude":"0","longitude":"0","state_id":7,"state_name":"Harari Region","country_id":70},{"active":false,"Giataid":"667712","cityId":38676,"cityName":"Mek'ele","hotelId":667712,"hotelName":"Planet International Hotel","address":"1595 Mek'ele,Debubawi (Southern),Tigray,Ethiopia","phones":"+251344405660","fax":"","email":"reservation@planetinternationalhotel.com","url":"http://www.planetinternationalhotel.com","countryIso2":"ET","countryName":"Ethiopia","hotelRating":"1","latitude":"13.4871","longitude":"39.4687","state_id":4,"state_name":"Tigray Region","country_id":70},{"active":false,"Giataid":"724335","cityId":38676,"cityName":"Mek'ele","hotelId":724335,"hotelName":"Atse Yohannes Hotel","address":"14 Selam Street,Mek'ele 1961,Ethiopia","phones":"","fax":"","email":"","url":"","countryIso2":"ET","countryName":"Ethiopia","hotelRating":"1","latitude":"13.4946","longitude":"39.4747","state_id":4,"state_name":"Tigray Region","country_id":70},{"active":false,"Giataid":"727012","cityId":38598,"cityName":"Bahir Dar","hotelId":727012,"hotelName":"Kuriftu Resort","address":"Bole Road 27,Lake Tana Avenue,Fasilo,Boston Building,Bahar Dar,Ethiopia","phones":"+251920959797","fax":"","email":"booking@kurifturesorts.com","url":"https://kurifturesorts.com/bahir-dar/","countryIso2":"ET","countryName":"Ethiopia","hotelRating":"1","latitude":"11.5932","longitude":"37.3848","state_id":3,"state_name":"Amhara Region","country_id":70},{"active":false,"Giataid":"732519","cityId":38598,"cityName":"Bahir Dar","hotelId":732519,"hotelName":"Lakemark Hotel","address":"Hospital Road 13,Kebele,Bhair Dar,Ethiopia","phones":"+251582201211","fax":"","email":"","url":"http://www.lakemarkhotelbd.com","countryIso2":"ET","countryName":"Ethiopia","hotelRating":"3","latitude":"11.6055","longitude":"37.3702","state_id":3,"state_name":"Amhara Region","country_id":70},{"active":false,"Giataid":"733593","cityId":38598,"cityName":"Bahir Dar","hotelId":733593,"hotelName":"Solyana Hotel","address":"Keble 14,Next To Egziaberab Church,1288 Bahar Dar,Amhara,Ethiopia","phones":"","fax":"","email":"","url":"","countryIso2":"ET","countryName":"Ethiopia","hotelRating":"1","latitude":"11.5932","longitude":"37.3848","state_id":3,"state_name":"Amhara Region","country_id":70},{"active":false,"Giataid":"737039","cityId":38671,"cityName":"Lalibela","hotelId":737039,"hotelName":"Villa Lalibela Guesthouse","address":"North Wollo Lalibela,Lalibela,Ethiopia","phones":"","fax":"","email":"","url":"","countryIso2":"ET","countryName":"Ethiopia","hotelRating":"1","latitude":"12.0309","longitude":"39.0478","state_id":3,"state_name":"Amhara Region","country_id":70},{"active":false,"Giataid":"738420","cityId":38671,"cityName":"Lalibela","hotelId":738420,"hotelName":"Zagwe Hotel","address":"NULL","phones":"+251333360211","fax":"","email":"zagwehotel@gmail.com","url":"http://www.zagwehotel.com/","countryIso2":"ET","countryName":"Ethiopia","hotelRating":"1","latitude":"12.0286","longitude":"39.0429","state_id":3,"state_name":"Amhara Region","country_id":70},{"active":false,"Giataid":"782933","cityId":38598,"cityName":"Bahir Dar","hotelId":782933,"hotelName":"Palm Palace Hotel","address":"Bahirdar,West Gojjam,Ethiopia","phones":"","fax":"","email":"","url":"","countryIso2":"ET","countryName":"Ethiopia","hotelRating":"1","latitude":"11.5932","longitude":"37.3848","state_id":3,"state_name":"Amhara Region","country_id":70},{"active":false,"Giataid":"782946","cityId":38676,"cityName":"Mek'ele","hotelId":782946,"hotelName":"Ras Alula Abanega Hotel","address":"Kebele 16,1000 Mek'ele,Ethiopia","phones":"","fax":"","email":"","url":"","countryIso2":"ET","countryName":"Ethiopia","hotelRating":"1","latitude":"13.4871","longitude":"39.4687","state_id":4,"state_name":"Tigray Region","country_id":70},{"active":false,"Giataid":"782947","cityId":38676,"cityName":"Mek'ele","hotelId":782947,"hotelName":"Hotel Zema","address":"Kebele 16,1000 Mekele,Ethiopia","phones":"","fax":"","email":"","url":"","countryIso2":"ET","countryName":"Ethiopia","hotelRating":"1","latitude":"13.4871","longitude":"39.4687","state_id":4,"state_name":"Tigray Region","country_id":70},{"active":false,"Giataid":"782948","cityId":38597,"cityName":"Axum","hotelId":782948,"hotelName":"Ambassador Hotel Aksum","address":"Old Piazza Kebele 03,Aksum 1000,Ethiopia","phones":"","fax":"","email":"","url":"","countryIso2":"ET","countryName":"Ethiopia","hotelRating":"1","latitude":"14.1292","longitude":"38.7336","state_id":4,"state_name":"Tigray Region","country_id":70},{"active":false,"Giataid":"782950","cityId":38676,"cityName":"Mek'ele","hotelId":782950,"hotelName":"Moringa Hotel","address":"Kedamay Woyane 09 Kebele,1000 Mekelle,Ethiopia","phones":"","fax":"","email":"","url":"","countryIso2":"ET","countryName":"Ethiopia","hotelRating":"1","latitude":"13.4871","longitude":"39.4687","state_id":4,"state_name":"Tigray Region","country_id":70},{"active":false,"Giataid":"782955","cityId":38676,"cityName":"Mek'ele","hotelId":782955,"hotelName":"Hilltop Hotel","address":"Bubu Kebele 06,1000 Mek�ele,Ethiopia","phones":"","fax":"","email":"","url":"","countryIso2":"ET","countryName":"Ethiopia","hotelRating":"1","latitude":"13.4871","longitude":"39.4687","state_id":4,"state_name":"Tigray Region","country_id":70},{"active":false,"Giataid":"782956","cityId":38642,"cityName":"Gondar","hotelId":782956,"hotelName":"Hotel Lammergeyer","address":"NULL","phones":"","fax":"","email":"","url":"","countryIso2":"ET","countryName":"Ethiopia","hotelRating":"1","latitude":"12.6","longitude":"37.4667","state_id":3,"state_name":"Amhara Region","country_id":70},{"active":false,"Giataid":"782973","cityId":38676,"cityName":"Mek'ele","hotelId":782973,"hotelName":"Milano Hotel","address":"Balloni Kebele 9,1000 Mekele,Ethiopia","phones":"","fax":"","email":"","url":"","countryIso2":"ET","countryName":"Ethiopia","hotelRating":"1","latitude":"13.4871","longitude":"39.4687","state_id":4,"state_name":"Tigray Region","country_id":70},{"active":false,"Giataid":"784247","cityId":38598,"cityName":"Bahir Dar","hotelId":784247,"hotelName":"Yeshi Pension","address":"Kebele 06,Ethiopia,Bahir Dar,Ethiopia","phones":"","fax":"","email":"","url":"","countryIso2":"ET","countryName":"Ethiopia","hotelRating":"1","latitude":"11.5927","longitude":"37.3891","state_id":3,"state_name":"Amhara Region","country_id":70},{"active":false,"Giataid":"784256","cityId":38676,"cityName":"Mek'ele","hotelId":784256,"hotelName":"Northern Star International Hotel","address":"Adi Hawsi,1000 Mek'ele,Ethiopia","phones":"","fax":"","email":"","url":"","countryIso2":"ET","countryName":"Ethiopia","hotelRating":"1","latitude":"13.4871","longitude":"39.4687","state_id":4,"state_name":"Tigray Region","country_id":70},{"active":false,"Giataid":"784263","cityId":38642,"cityName":"Gondar","hotelId":784263,"hotelName":"Capra Walia Hotel","address":"Chewa Sefer Kbele 02,1000 Gonder,Ethiopia","phones":"","fax":"","email":"","url":"","countryIso2":"ET","countryName":"Ethiopia","hotelRating":"1","latitude":"12.6","longitude":"37.4667","state_id":3,"state_name":"Amhara Region","country_id":70},{"active":false,"Giataid":"784272","cityId":38598,"cityName":"Bahir Dar","hotelId":784272,"hotelName":"Manuhie Backpackers Lodge","address":"Kebele 03,Around Lake Tana,Bahir Dar,Ethiopia","phones":"","fax":"","email":"manuhielodge@gmail.com","url":"http://www.manuhiebackpackerslodge.com","countryIso2":"ET","countryName":"Ethiopia","hotelRating":"1","latitude":"11.5975","longitude":"37.3812","state_id":3,"state_name":"Amhara Region","country_id":70},{"active":false,"Giataid":"784287","cityId":38598,"cityName":"Bahir Dar","hotelId":784287,"hotelName":"Ngg Hotel","address":"Amora Mewagna,Kebele 04,Bahir Dar,Ethiopia","phones":"+251582206363","fax":"","email":"ngghotelbd@gmail.com","url":"http://www.ngghotel.com","countryIso2":"ET","countryName":"Ethiopia","hotelRating":"1","latitude":"11.5932","longitude":"37.3848","state_id":3,"state_name":"Amhara Region","country_id":70},{"active":false,"Giataid":"784293","cityId":38598,"cityName":"Bahir Dar","hotelId":784293,"hotelName":"Bete Daniel Hotel","address":"Bahirdar Fasilo Kebele,Bahir Dar,Ethiopia","phones":"+251582266161","fax":"","email":"reservation@betedanielhotel.com","url":"http://betedanielhotel.com","countryIso2":"ET","countryName":"Ethiopia","hotelRating":"1","latitude":"11.5932","longitude":"37.3848","state_id":3,"state_name":"Amhara Region","country_id":70},{"active":false,"Giataid":"784294","cityId":38671,"cityName":"Lalibela","hotelId":784294,"hotelName":"Asheton Hotel","address":"Main Road,Lalibela,Ethiopia","phones":"+251333360030","fax":"","email":"danielbaboon@gmail.com","url":"http://www.ashetonhotel.com/","countryIso2":"ET","countryName":"Ethiopia","hotelRating":"1","latitude":"12.0286","longitude":"39.0429","state_id":3,"state_name":"Amhara Region","country_id":70},{"active":false,"Giataid":"784882","cityId":38598,"cityName":"Bahir Dar","hotelId":784882,"hotelName":"Agar Lodge","address":"Adwa Rode,Semahtat,Bahir Dar,Ethiopia","phones":"","fax":"","email":"","url":"","countryIso2":"ET","countryName":"Ethiopia","hotelRating":"1","latitude":"11.5932","longitude":"37.3848","state_id":3,"state_name":"Amhara Region","country_id":70},{"active":false,"Giataid":"784956","cityId":38598,"cityName":"Bahir Dar","hotelId":784956,"hotelName":"Afleta Hotel","address":"Mulualem Road,Bahir Dhar,Ethiopia","phones":"","fax":"","email":"","url":"","countryIso2":"ET","countryName":"Ethiopia","hotelRating":"1","latitude":"11.5932","longitude":"37.3848","state_id":3,"state_name":"Amhara Region","country_id":70},{"active":false,"Giataid":"785477","cityId":38642,"cityName":"Gondar","hotelId":785477,"hotelName":"Kino Hotel","address":"Gonder Kebele 1,Near Gonder University Thewodros Camp,Gonder,Ethiopia","phones":"","fax":"","email":"","url":"","countryIso2":"ET","countryName":"Ethiopia","hotelRating":"1","latitude":"12.6","longitude":"37.4667","state_id":3,"state_name":"Amhara Region","country_id":70},{"active":false,"Giataid":"785493","cityId":38676,"cityName":"Mek'ele","hotelId":785493,"hotelName":"Dallas Hotel","address":"Menahriya Kebele 09,1000 Mek'ele,Ethiopia","phones":"","fax":"","email":"","url":"","countryIso2":"ET","countryName":"Ethiopia","hotelRating":"1","latitude":"13.4871","longitude":"39.4687","state_id":4,"state_name":"Tigray Region","country_id":70},{"active":false,"Giataid":"785497","cityId":38650,"cityName":"Harar","hotelId":785497,"hotelName":"Grand Gato","address":"Harer Shenikor,1000 Harar,Ethiopia","phones":"+251254660775","fax":"","email":"info@grandgato.com","url":"http://grandgato.com","countryIso2":"ET","countryName":"Ethiopia","hotelRating":"1","latitude":"0","longitude":"0","state_id":7,"state_name":"Harari Region","country_id":70},{"active":false,"Giataid":"786682","cityId":38642,"cityName":"Gondar","hotelId":786682,"hotelName":"Alliance Inn","address":"piazza gondar ethiopia,Gonder,Ethiopia","phones":"","fax":"","email":"","url":"","countryIso2":"ET","countryName":"Ethiopia","hotelRating":"1","latitude":"12.6","longitude":"37.4667","state_id":3,"state_name":"Amhara Region","country_id":70},{"active":false,"Giataid":"788048","cityId":38676,"cityName":"Mek'ele","hotelId":788048,"hotelName":"Atranos Hotel","address":"Bazar Roundabout Kebele 13,1000 Mek'ele,Ethiopia","phones":"","fax":"","email":"","url":"","countryIso2":"ET","countryName":"Ethiopia","hotelRating":"1","latitude":"13.4871","longitude":"39.4687","state_id":4,"state_name":"Tigray Region","country_id":70},{"active":false,"Giataid":"788423","cityId":38597,"cityName":"Axum","hotelId":788423,"hotelName":"Mana Hotel","address":"Maebel Hidaga Hamus,1000 Aksum,Ethiopia","phones":"","fax":"","email":"","url":"","countryIso2":"ET","countryName":"Ethiopia","hotelRating":"1","latitude":"14.1292","longitude":"38.7336","state_id":4,"state_name":"Tigray Region","country_id":70},{"active":false,"Giataid":"788445","cityId":38676,"cityName":"Mek'ele","hotelId":788445,"hotelName":"Stockholm Hotel","address":"Jibruk Kebele 20,Mek'ele 1000,Ethiopia","phones":"","fax":"","email":"","url":"","countryIso2":"ET","countryName":"Ethiopia","hotelRating":"1","latitude":"13.4871","longitude":"39.4687","state_id":4,"state_name":"Tigray Region","country_id":70},{"active":false,"Giataid":"789346","cityId":38671,"cityName":"Lalibela","hotelId":789346,"hotelName":"Red Rock Lalibela Hotel","address":"Shenberma Keble 01,In front of the United Fuel Station,Lalibela,Ethiopia","phones":"+251333361030","fax":"","email":"info@redrocklalibelahotel.com","url":"http://www.redrocklalibelahotel.com/","countryIso2":"ET","countryName":"Ethiopia","hotelRating":"1","latitude":"12.0286","longitude":"39.0429","state_id":3,"state_name":"Amhara Region","country_id":70},{"active":false,"Giataid":"789355","cityId":38671,"cityName":"Lalibela","hotelId":789355,"hotelName":"Honey Land Lalibela Hotel","address":"NULL","phones":"+251333360191","fax":"","email":"besfat2000@hotmail.com","url":"http://www.honeylandlalibelahotel.com","countryIso2":"ET","countryName":"Ethiopia","hotelRating":"1","latitude":"12.0286","longitude":"39.0429","state_id":3,"state_name":"Amhara Region","country_id":70},{"active":false,"Giataid":"789358","cityId":38676,"cityName":"Mek'ele","hotelId":789358,"hotelName":"The Yordanos Hotel","address":"Agaazi Area,Mekelle,Ethiopia","phones":"","fax":"","email":"","url":"","countryIso2":"ET","countryName":"Ethiopia","hotelRating":"1","latitude":"13.4871","longitude":"39.4687","state_id":4,"state_name":"Tigray Region","country_id":70},{"active":false,"Giataid":"789383","cityId":38676,"cityName":"Mek'ele","hotelId":789383,"hotelName":"Bamn Hotel","address":"Adha,1000 Mek'ele,Ethiopia","phones":"","fax":"","email":"","url":"","countryIso2":"ET","countryName":"Ethiopia","hotelRating":"1","latitude":"13.4871","longitude":"39.4687","state_id":4,"state_name":"Tigray Region","country_id":70},{"active":false,"Giataid":"789391","cityId":38671,"cityName":"Lalibela","hotelId":789391,"hotelName":"Mekanelielit Hotel","address":"Kebele 01,1000 Lalibela,Ethiopia","phones":"","fax":"","email":"","url":"","countryIso2":"ET","countryName":"Ethiopia","hotelRating":"1","latitude":"12.0286","longitude":"39.0429","state_id":3,"state_name":"Amhara Region","country_id":70},{"active":false,"Giataid":"789408","cityId":38650,"cityName":"Harar","hotelId":789408,"hotelName":"Rewda Hotel","address":"Arategna Road,Harar Shash Garage,Harer,Ethiopia","phones":"","fax":"","email":"","url":"","countryIso2":"ET","countryName":"Ethiopia","hotelRating":"1","latitude":"0","longitude":"0","state_id":7,"state_name":"Harari Region","country_id":70},{"active":false,"Giataid":"789929","cityId":38671,"cityName":"Lalibela","hotelId":789929,"hotelName":"Mera Hotel","address":"Adebabay,1000 Lalibela,Ethiopia","phones":"","fax":"","email":"","url":"","countryIso2":"ET","countryName":"Ethiopia","hotelRating":"1","latitude":"12.0286","longitude":"39.0429","state_id":3,"state_name":"Amhara Region","country_id":70},{"active":false,"Giataid":"791395","cityId":38671,"cityName":"Lalibela","hotelId":791395,"hotelName":"Blu Lal Hotel","address":"City Centre,Lalibela,Ethiopia","phones":"","fax":"","email":"","url":"","countryIso2":"ET","countryName":"Ethiopia","hotelRating":"1","latitude":"12.0286","longitude":"39.0429","state_id":3,"state_name":"Amhara Region","country_id":70},{"active":false,"Giataid":"792706","cityId":38642,"cityName":"Gondar","hotelId":792706,"hotelName":"AG Hotel Gondar","address":"Fasil Street,Kebele 02,Gondar City,Ethiopia","phones":"+251581260073","fax":"+251581260074","email":"reservations@aghotelgondar.com","url":"http://asfawhotel.com","countryIso2":"ET","countryName":"Ethiopia","hotelRating":"1","latitude":"12.6","longitude":"37.4667","state_id":3,"state_name":"Amhara Region","country_id":70},{"active":false,"Giataid":"795979","cityId":38597,"cityName":"Axum","hotelId":795979,"hotelName":"Setit Humera Hotel","address":"Meibale Kebele 6,1000 Axum,Ethiopia","phones":"","fax":"","email":"","url":"","countryIso2":"ET","countryName":"Ethiopia","hotelRating":"1","latitude":"14.1292","longitude":"38.7336","state_id":4,"state_name":"Tigray Region","country_id":70},{"active":false,"Giataid":"802045","cityId":38598,"cityName":"Bahir Dar","hotelId":802045,"hotelName":"Bahir Dar Hotel 2","address":"Kebele 05,Adjacent to the east of St. George church traffic light,1600 Bahir Dar,Ethiopia","phones":"","fax":"","email":"","url":"","countryIso2":"ET","countryName":"Ethiopia","hotelRating":"1","latitude":"11.5932","longitude":"37.3848","state_id":3,"state_name":"Amhara Region","country_id":70},{"active":false,"Giataid":"818888","cityId":38676,"cityName":"Mek'ele","hotelId":818888,"hotelName":"Arsema Hotel","address":"Hawlti,1000 Mek'ele,Ethiopia","phones":"","fax":"","email":"","url":"","countryIso2":"ET","countryName":"Ethiopia","hotelRating":"1","latitude":"13.4871","longitude":"39.4687","state_id":4,"state_name":"Tigray Region","country_id":70},{"active":false,"Giataid":"819103","cityId":38650,"cityName":"Harar","hotelId":819103,"hotelName":"Wonderland Hotel","address":"Main Gate,Old Town,Harar 1000,Ethiopia","phones":"","fax":"","email":"","url":"","countryIso2":"ET","countryName":"Ethiopia","hotelRating":"1","latitude":"0","longitude":"0","state_id":7,"state_name":"Harari Region","country_id":70},{"active":false,"Giataid":"850475","cityId":38598,"cityName":"Bahir Dar","hotelId":850475,"hotelName":"Hareg Bahir Dar B&B","address":"Kebele 13,Opposite to Tana Flora,Bahir Dar,Ethiopia","phones":"","fax":"","email":"","url":"","countryIso2":"ET","countryName":"Ethiopia","hotelRating":"1","latitude":"11.5932","longitude":"37.3848","state_id":3,"state_name":"Amhara Region","country_id":70},{"active":false,"Giataid":"472299","cityId":38642,"cityName":"Gondar","hotelId":10049134,"hotelName":"Florida International Hotel","address":"near to University of Gondar,Maraki Campus Area,Gondar,Ethiopia","phones":"+251581112260","fax":"","email":"","url":"","countryIso2":"ET","countryName":"Ethiopia","hotelRating":"4","latitude":"12.6","longitude":"37.4667","state_id":3,"state_name":"Amhara Region","country_id":70},{"active":false,"Giataid":"549506","cityId":38642,"cityName":"Gondar","hotelId":10049185,"hotelName":"Taye Belay Hotel","address":"Kebele 03,Gondar,Ethiopia","phones":"+251913820383","fax":"","email":"","url":"","countryIso2":"ET","countryName":"Ethiopia","hotelRating":"4","latitude":"12.6114","longitude":"37.471","state_id":3,"state_name":"Amhara Region","country_id":70},{"active":false,"Giataid":"462380","cityId":38598,"cityName":"Bahir Dar","hotelId":10070459,"hotelName":"Addis Amba Hotel","address":"Kebele 17,Near to Ambaye Building,1360 Bahar Dar,Ethiopia","phones":"+251582205353","fax":"","email":"","url":"","countryIso2":"ET","countryName":"Ethiopia","hotelRating":"3","latitude":"11.5873","longitude":"37.3902","state_id":3,"state_name":"Amhara Region","country_id":70},{"active":false,"Giataid":"667678","cityId":38598,"cityName":"Bahir Dar","hotelId":10071959,"hotelName":"Abay Minch Lodge","address":"Bahir Dar,Amhara,Ethiopia","phones":"+251582181039","fax":"","email":"","url":"","countryIso2":"ET","countryName":"Ethiopia","hotelRating":"4","latitude":"11.6034","longitude":"37.3242","state_id":3,"state_name":"Amhara Region","country_id":70},{"active":false,"Giataid":"496982","cityId":38671,"cityName":"Lalibela","hotelId":10092574,"hotelName":"Maribela Hotel","address":"P.O. Box: 80,Lalibela,Ethiopia","phones":"+251333360345","fax":"NULL","email":"NULL","url":"NULL","countryIso2":"ET","countryName":"Ethiopia","hotelRating":"3","latitude":"12.0399","longitude":"39.0372","state_id":3,"state_name":"Amhara Region","country_id":70},{"active":false,"Giataid":"515474","cityId":38671,"cityName":"Lalibela","hotelId":10094338,"hotelName":"Sora Lodge Lalibela","address":"Geterge,Foot of Asheten Mariam Mountain,PO Box 106,Lalibela,Ethiopia","phones":"+251333360255","fax":"NULL","email":"NULL","url":"NULL","countryIso2":"ET","countryName":"Ethiopia","hotelRating":"3","latitude":"12.023","longitude":"39.0388","state_id":3,"state_name":"Amhara Region","country_id":70},{"active":false,"Giataid":"522662","cityId":38676,"cityName":"Mek'ele","hotelId":10102752,"hotelName":"Planet Hotel","address":"Hawulti, In front of new stadium,Mekele,Ethiopia","phones":"+251344405660","fax":"NULL","email":"NULL","url":"NULL","countryIso2":"ET","countryName":"Ethiopia","hotelRating":"5","latitude":"13.4966","longitude":"39.4608","state_id":4,"state_name":"Tigray Region","country_id":70},{"active":false,"Giataid":"99682","cityId":38642,"cityName":"Gondar","hotelId":10119478,"hotelName":"Goha Hotel","address":"P.O.Box 182,Gondar,Ethiopia","phones":"+251581110634","fax":"NULL","email":"NULL","url":"NULL","countryIso2":"ET","countryName":"Ethiopia","hotelRating":"3","latitude":"12.6209","longitude":"37.4682","state_id":3,"state_name":"Amhara Region","country_id":70},{"active":false,"Giataid":"615859","cityId":38598,"cityName":"Bahir Dar","hotelId":20001020,"hotelName":"Alwaq Hotel","address":"Kebel 14,Mederoc,1387 Bahar Dar,Amhara,Ethiopia","phones":"","fax":"","email":"","url":"","countryIso2":"ET","countryName":"Ethiopia","hotelRating":"0","latitude":"11.5491","longitude":"37.3892","state_id":3,"state_name":"Amhara Region","country_id":70},{"active":false,"Giataid":"99684","cityId":38597,"cityName":"Axum","hotelId":20001413,"hotelName":"Remhai Hotel","address":"P.O. Box 219,Axum,Ethiopia","phones":"+25134751501","fax":"+25134752894","email":"remhhot@telecom.net.et","url":"http://www.remhai-hotel.com.et/","countryIso2":"ET","countryName":"Ethiopia","hotelRating":"3","latitude":"14.1261","longitude":"38.7344","state_id":4,"state_name":"Tigray Region","country_id":70},{"active":false,"Giataid":"615870","cityId":38671,"cityName":"Lalibela","hotelId":20001599,"hotelName":"Cliff Edge Hotel Lalibela","address":"Kebele 01,Lalibela,Ethiopia","phones":"","fax":"","email":"","url":"","countryIso2":"ET","countryName":"Ethiopia","hotelRating":"0","latitude":"12.0394","longitude":"39.0565","state_id":3,"state_name":"Amhara Region","country_id":70},{"active":false,"Giataid":"99687","cityId":38671,"cityName":"Lalibela","hotelId":20001786,"hotelName":"LAL Hotels & Spa","address":"Geterge Street,Kebelle 02,62964 Lalibela,North Wollo Zone,Amhara Region,Ethiopia","phones":"+251911948154","fax":"+251911948154","email":"info@lalhotelsandspa.com","url":"http://lalhotelsandspa.com/","countryIso2":"ET","countryName":"Ethiopia","hotelRating":"3","latitude":"12.0274","longitude":"39.0409","state_id":3,"state_name":"Amhara Region","country_id":70},{"active":false,"Giataid":"615867","cityId":38598,"cityName":"Bahir Dar","hotelId":20002392,"hotelName":"Kitsel Hotel","address":"Belalye Zeleke Road,Bahir Dar,Ethiopia","phones":"","fax":"","email":"","url":"","countryIso2":"ET","countryName":"Ethiopia","hotelRating":"0","latitude":"11.5887","longitude":"37.3748","state_id":3,"state_name":"Amhara Region","country_id":70},{"active":false,"Giataid":"662015","cityId":38598,"cityName":"Bahir Dar","hotelId":20002581,"hotelName":"Jacaranda Hotel","address":"3 Bahir Dar,Opposite Bahir Dar Old Stadium,Bahir Dar,Ethiopia","phones":"+251582209899","fax":"","email":"contacts@jacarandahotelbahirdar.com","url":"http://jacarandahotelbahirdar.com","countryIso2":"ET","countryName":"Ethiopia","hotelRating":"0","latitude":"11.5999","longitude":"37.381","state_id":3,"state_name":"Amhara Region","country_id":70},{"active":false,"Giataid":"724342","cityId":38598,"cityName":"Bahir Dar","hotelId":20003245,"hotelName":"Vistana Hotel","address":"Bahirdar Kebele 04 Floor 6,2008 Bahir Dar,Ethiopia","phones":"","fax":"","email":"","url":"","countryIso2":"ET","countryName":"Ethiopia","hotelRating":"3","latitude":"11.5924","longitude":"37.3868","state_id":3,"state_name":"Amhara Region","country_id":70},{"active":false,"Giataid":"99685","cityId":38597,"cityName":"Axum","hotelId":20005299,"hotelName":"Yeha Hotel Axum","address":"Kebele 03,P.O.Box 71,Axum,Tigray,Ethiopia","phones":"+251347752379","fax":"+251347752382","email":"info@yehahotel.com","url":"","countryIso2":"ET","countryName":"Ethiopia","hotelRating":"3","latitude":"14.1323","longitude":"38.7223","state_id":4,"state_name":"Tigray Region","country_id":70},{"active":false,"Giataid":"615847","cityId":38671,"cityName":"Lalibela","hotelId":20005844,"hotelName":"Hotel Yimreha","address":"Lalibela City Centre,Lalibela,Ethiopia","phones":"","fax":"","email":"","url":"","countryIso2":"ET","countryName":"Ethiopia","hotelRating":"0","latitude":"12.0401","longitude":"39.0403","state_id":3,"state_name":"Amhara Region","country_id":70},{"active":false,"Giataid":"615857","cityId":38671,"cityName":"Lalibela","hotelId":20006023,"hotelName":"Bete Abraham Hotel","address":"Geterge Street,Kebelle 02,Lalibela,Ethiopia","phones":"","fax":"","email":"","url":"","countryIso2":"ET","countryName":"Ethiopia","hotelRating":"0","latitude":"12.0293","longitude":"39.0429","state_id":3,"state_name":"Amhara Region","country_id":70},{"active":false,"Giataid":"99679","cityId":38598,"cityName":"Bahir Dar","hotelId":20006174,"hotelName":"Tana Hotel","address":"Kebele 3,78 Bahir Dar,Lake Tana,Bahar Dar,Ethiopia","phones":"+251582200554","fax":"+251582202042","email":"","url":"","countryIso2":"ET","countryName":"Ethiopia","hotelRating":"3","latitude":"11.6037","longitude":"37.3945","state_id":3,"state_name":"Amhara Region","country_id":70},{"active":false,"Giataid":"122663","cityId":38671,"cityName":"Lalibela","hotelId":20007191,"hotelName":"Seven Olives","address":"PO Box37,Lalibela,Wollo,Ethiopia","phones":"+251333360020","fax":"+251333361212","email":"info@sevenoliveshotel.com","url":"","countryIso2":"ET","countryName":"Ethiopia","hotelRating":"1","latitude":"12.0309","longitude":"39.0476","state_id":3,"state_name":"Amhara Region","country_id":70},{"active":false,"Giataid":"724847","cityId":38642,"cityName":"Gondar","hotelId":20007806,"hotelName":"Mayleko Lodge","address":"Main Road,Gondar,Ethiopia","phones":"","fax":"","email":"reservation@maylekolodge.net","url":"http://maylekolodge.net","countryIso2":"ET","countryName":"Ethiopia","hotelRating":"0","latitude":"12.6","longitude":"37.4667","state_id":3,"state_name":"Amhara Region","country_id":70},{"active":false,"Giataid":"99681","cityId":38598,"cityName":"Bahir Dar","hotelId":20008274,"hotelName":"Summerland Hotel","address":"Main Road,PO Box 1407,Bahir Dar,Ethiopia","phones":"+251918141268","fax":"","email":"","url":"","countryIso2":"ET","countryName":"Ethiopia","hotelRating":"0","latitude":"11.5945","longitude":"37.3918","state_id":3,"state_name":"Amhara Region","country_id":70},{"active":false,"Giataid":"450058","cityId":38598,"cityName":"Bahir Dar","hotelId":20008560,"hotelName":"Blue Nile Hotel","address":"Kebel 6,00856 Bahir Dar,Ethiopia","phones":"+251582264094","fax":"","email":"bluenilehotelbd@gmail.com","url":"http://www.bluenilehotel.com/","countryIso2":"ET","countryName":"Ethiopia","hotelRating":"3","latitude":"11.5927","longitude":"37.3921","state_id":3,"state_name":"Amhara Region","country_id":70},{"active":false,"Giataid":"543328","cityId":38671,"cityName":"Lalibela","hotelId":20008709,"hotelName":"Zan-Seyoum Hotel","address":"Lalibela 30,Lalibela,Ethiopia","phones":"+251338360041","fax":"","email":"info@hotelzanseyoum.com","url":"http://hotelzanseyoum.com/index.php/2-uncategorised/1-welcome-to-zan-seyoum-hotel-lalibela","countryIso2":"ET","countryName":"Ethiopia","hotelRating":"2","latitude":"12.0313","longitude":"39.0472","state_id":3,"state_name":"Amhara Region","country_id":70},{"active":false,"Giataid":"615868","cityId":38598,"cityName":"Bahir Dar","hotelId":20009000,"hotelName":"Asinuara Hotel","address":"Felege-Hiwot Road,Bahir Dar,Ethiopia","phones":"","fax":"","email":"","url":"","countryIso2":"ET","countryName":"Ethiopia","hotelRating":"0","latitude":"11.6054","longitude":"37.3704","state_id":3,"state_name":"Amhara Region","country_id":70},{"active":false,"Giataid":"99680","cityId":38598,"cityName":"Bahir Dar","hotelId":20009251,"hotelName":"Papyrus Hotel","address":"Kebele 17,P.O. Box 222,Bahir Dar,Ethiopia","phones":"+251582205100","fax":"+251582205047","email":"","url":"","countryIso2":"ET","countryName":"Ethiopia","hotelRating":"0","latitude":"11.5872","longitude":"37.3886","state_id":3,"state_name":"Amhara Region","country_id":70},{"active":false,"Giataid":"665903","cityId":38598,"cityName":"Bahir Dar","hotelId":20009583,"hotelName":"Delano Hotel","address":"In front of the New Olympic Stadium,Kebele 15,Bahir Dar,Amhara,Ethiopia","phones":"+251930352720","fax":"","email":"delanohotelbahirdar@gmail.com","url":"http://www.delanohotelbahardar.com/","countryIso2":"ET","countryName":"Ethiopia","hotelRating":"3","latitude":"11.5874","longitude":"37.3797","state_id":3,"state_name":"Amhara Region","country_id":70},{"active":false,"Giataid":"515435","cityId":38598,"cityName":"Bahir Dar","hotelId":20010405,"hotelName":"BenMas Hotel","address":"Kebele 14,Arba meter Road,0060 Bahar Dar,Ethiopia","phones":"+251583201010","fax":"+251583200009","email":"info@benmashotel.com","url":"http://www.benmashotel.com/","countryIso2":"ET","countryName":"Ethiopia","hotelRating":"4","latitude":"11.5852","longitude":"37.3697","state_id":3,"state_name":"Amhara Region","country_id":70},{"active":false,"Giataid":"542375","cityId":38671,"cityName":"Lalibela","hotelId":20010971,"hotelName":"Harbe Hotel","address":"Lalibela,P.O. Box 139,Ethiopia","phones":"+251333360090","fax":"","email":"info@harbehotel.com","url":"http://www.harbehotel.com/","countryIso2":"ET","countryName":"Ethiopia","hotelRating":"3","latitude":"12.031","longitude":"39.0474","state_id":3,"state_name":"Amhara Region","country_id":70},{"active":false,"Giataid":"122651","cityId":38598,"cityName":"Bahir Dar","hotelId":20011274,"hotelName":"Dib Anbessa Hotel","address":"Behind St. George Church,Around The Main Avenue Of Bahir Dir City,Bahar Dar,Ethiopia","phones":"","fax":"","email":"","url":"","countryIso2":"ET","countryName":"Ethiopia","hotelRating":"3","latitude":"11.6","longitude":"37.3833","state_id":3,"state_name":"Amhara Region","country_id":70},{"active":false,"Giataid":"616047","cityId":38671,"cityName":"Lalibela","hotelId":20011422,"hotelName":"Alef Paradise Hotel","address":"Main Road,PO Box 43,Lalibela,Ethiopia","phones":"+251333360323","fax":"","email":"alparahotel@yahoo.com","url":"http://alefparadisehotel.com","countryIso2":"ET","countryName":"Ethiopia","hotelRating":"0","latitude":"12.0365","longitude":"39.0458","state_id":3,"state_name":"Amhara Region","country_id":70},{"active":false,"Giataid":"615872","cityId":38671,"cityName":"Lalibela","hotelId":20011559,"hotelName":"Panoramic View Hotel","address":"Lalibela,Lalibela,Ethiopia","phones":"+251333360270","fax":"","email":"info@panoramicviewhotel.com","url":"http://www.panoramicviewhotel.com/","countryIso2":"ET","countryName":"Ethiopia","hotelRating":"0","latitude":"12.0382","longitude":"39.0436","state_id":3,"state_name":"Amhara Region","country_id":70},{"active":false,"Giataid":"661988","cityId":38598,"cityName":"Bahir Dar","hotelId":20011753,"hotelName":"Selam Bed and Breakfast","address":"kebele 13,Bahir Dar,Ethiopia","phones":"","fax":"","email":"","url":"","countryIso2":"ET","countryName":"Ethiopia","hotelRating":"0","latitude":"11.6056","longitude":"37.3679","state_id":3,"state_name":"Amhara Region","country_id":70},{"active":false,"Giataid":"615949","cityId":38671,"cityName":"Lalibela","hotelId":20012162,"hotelName":"Top Twelve Hotel Lalibela","address":"Adebabay Street,Lalibela,Ethiopia","phones":"+251911930217","fax":"","email":"top12hotel@gmail.com","url":"http://www.toptwelvehotel.com","countryIso2":"ET","countryName":"Ethiopia","hotelRating":"0","latitude":"12.0403","longitude":"39.0408","state_id":3,"state_name":"Amhara Region","country_id":70},{"active":false,"Giataid":"615862","cityId":38642,"cityName":"Gondar","hotelId":20012285,"hotelName":"Quara Hotel","address":"City Center,Gonder,Ethiopia","phones":"+251581110040","fax":"+251581111144","email":"info@quarahotelgonder.com","url":"http://quarahotelgonder.com/","countryIso2":"ET","countryName":"Ethiopia","hotelRating":"0","latitude":"12.6121","longitude":"37.4701","state_id":3,"state_name":"Amhara Region","country_id":70},{"active":false,"Giataid":"615798","cityId":38598,"cityName":"Bahir Dar","hotelId":20012932,"hotelName":"Rahnile Hotel","address":"Kebele 05,Behind Eepco Building,Bahir Dar,Ethiopia","phones":"+2515822075757474","fax":"+251582207060","email":"rahnilehotel@gmail.com","url":"http://www.rahnilehotel.com/","countryIso2":"ET","countryName":"Ethiopia","hotelRating":"3","latitude":"11.5938","longitude":"37.3901","state_id":3,"state_name":"Amhara Region","country_id":70},{"active":false,"Giataid":"666924","cityId":38598,"cityName":"Bahir Dar","hotelId":20014782,"hotelName":"Grand Resort and Spa Bahir Dar","address":"Fasilo Subcity,2224 Bahir Dar,Ethiopia","phones":"+251582207838","fax":"+251115548029","email":"info@grandresortspabahirdar.com","url":"http://grandresortspabahirdar.com","countryIso2":"ET","countryName":"Ethiopia","hotelRating":"3","latitude":"11.6008","longitude":"37.3817","state_id":3,"state_name":"Amhara Region","country_id":70},{"active":false,"Giataid":"99683","cityId":38642,"cityName":"Gondar","hotelId":20015053,"hotelName":"Embassy Hotel","address":"P.O. Box 143,Gondar,Ethiopia","phones":"+251581110868","fax":"","email":"","url":"","countryIso2":"ET","countryName":"Ethiopia","hotelRating":"0","latitude":"12.612","longitude":"37.4693","state_id":3,"state_name":"Amhara Region","country_id":70},{"active":false,"Giataid":"492038","cityId":38598,"cityName":"Bahir Dar","hotelId":20016173,"hotelName":"Blue Nile Resort Hotels","address":"Kebele 03,1387 Bahar Dar,Ethiopia","phones":"","fax":"","email":"","url":"http://www.bluenileresorthotels.com/","countryIso2":"ET","countryName":"Ethiopia","hotelRating":"4","latitude":"11.6042","longitude":"37.38","state_id":3,"state_name":"Amhara Region","country_id":70},{"active":false,"Giataid":"908102","cityId":38671,"cityName":"Lalibela","hotelId":20299946,"hotelName":"Degosach Eco Lodge","address":"On The Road To Abune Yousef Park,Lalibela,Ethiopia","phones":"","fax":"","email":"","url":"","countryIso2":"ET","countryName":"Ethiopia","hotelRating":"0","latitude":"12.0286","longitude":"39.0429","state_id":3,"state_name":"Amhara Region","country_id":70},{"active":false,"Giataid":"938073","cityId":38597,"cityName":"Axum","hotelId":20299958,"hotelName":"Brana Hotel","address":"Off Aksum Univercity Street,Aksum,Tigray,Ethiopia","phones":"+251347752349","fax":"","email":"info@branahotelaxum.com","url":"http://branahotelaxum.com/","countryIso2":"ET","countryName":"Ethiopia","hotelRating":"0","latitude":"14.1292","longitude":"38.7336","state_id":4,"state_name":"Tigray Region","country_id":70},{"active":false,"Giataid":"939490","cityId":38671,"cityName":"Lalibela","hotelId":20299960,"hotelName":"Torpedo Hotel","address":"City Center,Lalibela,Ethiopia","phones":"","fax":"","email":"","url":"http://www.booking.com/hotel/et/torpedo-tej.en-gb.html?aid=356980","countryIso2":"ET","countryName":"Ethiopia","hotelRating":"0","latitude":"12.0286","longitude":"39.0429","state_id":3,"state_name":"Amhara Region","country_id":70},{"active":false,"Giataid":"939506","cityId":38597,"cityName":"Axum","hotelId":20299972,"hotelName":"Hotel Delina","address":"Fikada Kebele 02,1000 Aksum,Ethiopia","phones":"","fax":"","email":"","url":"","countryIso2":"ET","countryName":"Ethiopia","hotelRating":"0","latitude":"14.1292","longitude":"38.7336","state_id":4,"state_name":"Tigray Region","country_id":70},{"active":false,"Giataid":"858973","cityId":38642,"cityName":"Gondar","hotelId":20299973,"hotelName":"Lodge Du Chateau","address":"Explore Abyssinia PIazza,PO Box 237,Gonder,Ethiopia","phones":"+251581111917","fax":"","email":"lodge@lodgeduchateau.com","url":"http://lodgeduchateau.com","countryIso2":"ET","countryName":"Ethiopia","hotelRating":"0","latitude":"12.6","longitude":"37.4667","state_id":3,"state_name":"Amhara Region","country_id":70},{"active":false,"Giataid":"853748","cityId":38676,"cityName":"Mek'ele","hotelId":20299974,"hotelName":"Mekelle Hotel","address":"Kebele 18,Hadnet,Mek'ele,Ethiopia","phones":"","fax":"","email":"","url":"","countryIso2":"ET","countryName":"Ethiopia","hotelRating":"0","latitude":"13.4871","longitude":"39.4687","state_id":4,"state_name":"Tigray Region","country_id":70},{"active":false,"Giataid":"896120","cityId":38671,"cityName":"Lalibela","hotelId":20299986,"hotelName":"Mezena Lodge","address":"Amhara Regional States,North Wollo,Lalibela,Ethiopia","phones":"","fax":"","email":"","url":"","countryIso2":"ET","countryName":"Ethiopia","hotelRating":"0","latitude":"12.0286","longitude":"39.0429","state_id":3,"state_name":"Amhara Region","country_id":70},{"active":false,"Giataid":"858946","cityId":38598,"cityName":"Bahir Dar","hotelId":20299985,"hotelName":"B&B The Annex","address":"Kebele 3,House B151,Bahir Dar,Ethiopia","phones":"","fax":"","email":"housetheannex@gmail.com","url":"http://www.bbtheannex.com","countryIso2":"ET","countryName":"Ethiopia","hotelRating":"0","latitude":"11.5932","longitude":"37.3848","state_id":3,"state_name":"Amhara Region","country_id":70},{"active":false,"Giataid":"874891","cityId":38598,"cityName":"Bahir Dar","hotelId":20299999,"hotelName":"Naky Hotel","address":"Saint George Avenue,Near Saint George Square,Bahar Dar,Amhara,Ethiopia","phones":"","fax":"","email":"","url":"","countryIso2":"ET","countryName":"Ethiopia","hotelRating":"0","latitude":"11.5932","longitude":"37.3848","state_id":3,"state_name":"Amhara Region","country_id":70},{"active":false,"Giataid":"896631","cityId":38671,"cityName":"Lalibela","hotelId":20300000,"hotelName":"Blue Nile Guest House","address":"10 Lalibela 32,Lalibela 1000,Ethiopia","phones":"+251911839836","fax":"","email":"lalibelabluenileguesthouse@gmail.com","url":"http://www.bluenileguesthouselalibela.com","countryIso2":"ET","countryName":"Ethiopia","hotelRating":"0","latitude":"12.0286","longitude":"39.0429","state_id":3,"state_name":"Amhara Region","country_id":70},{"active":false,"Giataid":"896133","cityId":38598,"cityName":"Bahir Dar","hotelId":20300013,"hotelName":"Bunna B&B","address":"Haile Selasie Road,Bahir Dar,Ethiopia","phones":"","fax":"","email":"","url":"","countryIso2":"ET","countryName":"Ethiopia","hotelRating":"0","latitude":"11.5932","longitude":"37.3848","state_id":3,"state_name":"Amhara Region","country_id":70},{"active":false,"Giataid":"904874","cityId":38671,"cityName":"Lalibela","hotelId":20300014,"hotelName":"Lalibela Lodge","address":"Shimberima,Kebele 01,Lalibela,Amhara Region,Ethiopia","phones":"","fax":"","email":"","url":"http://www.lalibelalodge.com/","countryIso2":"ET","countryName":"Ethiopia","hotelRating":"0","latitude":"12.0286","longitude":"39.0429","state_id":3,"state_name":"Amhara Region","country_id":70},{"active":false,"Giataid":"853722","cityId":38598,"cityName":"Bahir Dar","hotelId":20300025,"hotelName":"Waterfront Hotel","address":"Belay Zeleke Road,Bahirdar,Kebele 07,Bahar Dar 7733,Ethiopia","phones":"","fax":"","email":"","url":"","countryIso2":"ET","countryName":"Ethiopia","hotelRating":"0","latitude":"11.5932","longitude":"37.3848","state_id":3,"state_name":"Amhara Region","country_id":70},{"active":false,"Giataid":"939526","cityId":38676,"cityName":"Mek'ele","hotelId":20300027,"hotelName":"Hotel Hohoma","address":"1000 Mekele,Ethiopia","phones":"","fax":"","email":"","url":"","countryIso2":"ET","countryName":"Ethiopia","hotelRating":"0","latitude":"13.4871","longitude":"39.4687","state_id":4,"state_name":"Tigray Region","country_id":70},{"active":false,"Giataid":"940392","cityId":38597,"cityName":"Axum","hotelId":20300039,"hotelName":"Ethiopis Hotel","address":"Tabiya Hayelom,Kebele 04,Axum,Ethiopia","phones":"+251342753229","fax":"","email":"info@ethopishotel.com","url":"http://ethopishotel.com/","countryIso2":"ET","countryName":"Ethiopia","hotelRating":"0","latitude":"14.1292","longitude":"38.7336","state_id":4,"state_name":"Tigray Region","country_id":70},{"active":false,"Giataid":"940384","cityId":38650,"cityName":"Harar","hotelId":20300040,"hotelName":"Winta Hotel","address":"Arategna Road,Werwari Sefer,Harer,Ethiopia","phones":"","fax":"","email":"","url":"","countryIso2":"ET","countryName":"Ethiopia","hotelRating":"0","latitude":"0","longitude":"0","state_id":7,"state_name":"Harari Region","country_id":70},{"active":false,"Giataid":"939510","cityId":38676,"cityName":"Mek'ele","hotelId":20300041,"hotelName":"Eyerusalem Hotel","address":"Adebabay Kebele 14,1000 Mek'ele,Ethiopia","phones":"","fax":"","email":"","url":"","countryIso2":"ET","countryName":"Ethiopia","hotelRating":"0","latitude":"13.4871","longitude":"39.4687","state_id":4,"state_name":"Tigray Region","country_id":70},{"active":false,"Giataid":"972350","cityId":38642,"cityName":"Gondar","hotelId":20398234,"hotelName":"Gondar Plaza Hotel","address":"Kebelle 18,Near Gondar University Maraki Campus,Gondar,Amhara,Ethiopia","phones":"","fax":"","email":"","url":"","countryIso2":"ET","countryName":"Ethiopia","hotelRating":"1","latitude":"12.6","longitude":"37.4667","state_id":3,"state_name":"Amhara Region","country_id":70},{"active":false,"Giataid":"986897","cityId":38598,"cityName":"Bahir Dar","hotelId":20429793,"hotelName":"NU Hotel","address":"Belay Zeleke,Kebele 17,Bahir Dar,Ethiopia","phones":"+251918767052","fax":"","email":"","url":"http://nu-hotel-and-travel.business.site/","countryIso2":"ET","countryName":"Ethiopia","hotelRating":"1","latitude":"11.5932","longitude":"37.3848","state_id":3,"state_name":"Amhara Region","country_id":70},{"active":false,"Giataid":"987014","cityId":38642,"cityName":"Gondar","hotelId":20429794,"hotelName":"Gondar Backpackers","address":"Maraki 4,22804 Gonder,Ethiopia","phones":"","fax":"","email":"","url":"","countryIso2":"ET","countryName":"Ethiopia","hotelRating":"1","latitude":"12.6","longitude":"37.4667","state_id":3,"state_name":"Amhara Region","country_id":70},{"active":false,"Giataid":"986853","cityId":38676,"cityName":"Mek'ele","hotelId":20429795,"hotelName":"Welwalo Pension","address":"Mekele Road,Mek'ele,Ethiopia","phones":"","fax":"","email":"","url":"","countryIso2":"ET","countryName":"Ethiopia","hotelRating":"1","latitude":"13.4871","longitude":"39.4687","state_id":4,"state_name":"Tigray Region","country_id":70},{"active":false,"Giataid":"987175","cityId":38598,"cityName":"Bahir Dar","hotelId":20429798,"hotelName":"Winn Hotel","address":"Giorgis Road,Next to Zemamnesh Tower,Bahir Dar,Ethiopia","phones":"","fax":"","email":"","url":"","countryIso2":"ET","countryName":"Ethiopia","hotelRating":"1","latitude":"11.5932","longitude":"37.3848","state_id":3,"state_name":"Amhara Region","country_id":70},{"active":false,"Giataid":"986915","cityId":38676,"cityName":"Mek'ele","hotelId":20429800,"hotelName":"Parrot Guest House","address":"Godena Mizer Enda Mariam Gugsa,Mek'ele,Ethiopia","phones":"","fax":"","email":"","url":"","countryIso2":"ET","countryName":"Ethiopia","hotelRating":"1","latitude":"13.4871","longitude":"39.4687","state_id":4,"state_name":"Tigray Region","country_id":70},{"active":false,"Giataid":"986879","cityId":38598,"cityName":"Bahir Dar","hotelId":20429803,"hotelName":"Caron Pension","address":"Felege Hiwot RD Road,1240 Bahir Dar,Ethiopia","phones":"","fax":"","email":"","url":"","countryIso2":"ET","countryName":"Ethiopia","hotelRating":"1","latitude":"11.5932","longitude":"37.3848","state_id":3,"state_name":"Amhara Region","country_id":70},{"active":false,"Giataid":"987272","cityId":38671,"cityName":"Lalibela","hotelId":20429805,"hotelName":"Asheten Eco Home Stay And Tours","address":"Ethiopian Airlines Street,Eg Kable 01,86543 Lalibela,Ethiopia","phones":"","fax":"","email":"","url":"","countryIso2":"ET","countryName":"Ethiopia","hotelRating":"1","latitude":"12.0286","longitude":"39.0429","state_id":3,"state_name":"Amhara Region","country_id":70},{"active":false,"Giataid":"986908","cityId":38671,"cityName":"Lalibela","hotelId":20429810,"hotelName":"Nice And Calm Hotel","address":"Getetge,1321 Lalibela,Ethiopia","phones":"","fax":"","email":"","url":"","countryIso2":"ET","countryName":"Ethiopia","hotelRating":"1","latitude":"12.0286","longitude":"39.0429","state_id":3,"state_name":"Amhara Region","country_id":70},{"active":false,"Giataid":"987205","cityId":38676,"cityName":"Mek'ele","hotelId":20429811,"hotelName":"Noble House Yehdega Luxury Boutique Hotel","address":"Hadnet Sub City,Woreda 17,Mek'ele,Tigray,Ethiopia","phones":"+251342405883","fax":"","email":"info@noblehouseyehdegahotel.com","url":"http://noblehouseyehdegahotel.com/","countryIso2":"ET","countryName":"Ethiopia","hotelRating":"1","latitude":"13.4871","longitude":"39.4687","state_id":4,"state_name":"Tigray Region","country_id":70},{"active":false,"Giataid":"986993","cityId":38597,"cityName":"Axum","hotelId":20429814,"hotelName":"Nyala Hotel","address":"Near Ezana Park,On The Road Facing Ethio Telecom,3000 Aksum,Ethiopia","phones":"","fax":"","email":"","url":"","countryIso2":"ET","countryName":"Ethiopia","hotelRating":"1","latitude":"14.1292","longitude":"38.7336","state_id":4,"state_name":"Tigray Region","country_id":70},{"active":false,"Giataid":"986933","cityId":38671,"cityName":"Lalibela","hotelId":20429815,"hotelName":"Firkir & Ray Lodge","address":"Lalibela Museum,1230 Lalibela,Ethiopia","phones":"+2519635700","fax":"","email":"info@fikirandraylodge.com","url":"http://fikirandraylodge.com/","countryIso2":"ET","countryName":"Ethiopia","hotelRating":"1","latitude":"12.0286","longitude":"39.0429","state_id":3,"state_name":"Amhara Region","country_id":70},{"active":false,"Giataid":"987165","cityId":38597,"cityName":"Axum","hotelId":20429819,"hotelName":"Armah International Hotel","address":"Aksum Univercity Street,1632 Aksum,Ethiopia","phones":"","fax":"","email":"","url":"http://armahhotel.com/","countryIso2":"ET","countryName":"Ethiopia","hotelRating":"1","latitude":"14.1292","longitude":"38.7336","state_id":4,"state_name":"Tigray Region","country_id":70},{"active":false,"Giataid":"987031","cityId":38671,"cityName":"Lalibela","hotelId":20429821,"hotelName":"Tabor Hotel Lalibela","address":"Geterge,Lalibela,Amhara Region,Ethiopia","phones":"+251333361231","fax":"","email":"info@taborhotellalibela.com","url":"http://taborhotellalibela.com/","countryIso2":"ET","countryName":"Ethiopia","hotelRating":"1","latitude":"12.0286","longitude":"39.0429","state_id":3,"state_name":"Amhara Region","country_id":70},{"active":false,"Giataid":"987226","cityId":38597,"cityName":"Axum","hotelId":20429825,"hotelName":"Yordanos Hotel","address":"30 Shire,Gubale,1000 Axum,Ethiopia","phones":"","fax":"","email":"","url":"","countryIso2":"ET","countryName":"Ethiopia","hotelRating":"1","latitude":"14.1292","longitude":"38.7336","state_id":4,"state_name":"Tigray Region","country_id":70},{"active":false,"Giataid":"987068","cityId":38671,"cityName":"Lalibela","hotelId":20429827,"hotelName":"Holidays Hotel Lalibela","address":"Downtown Street,99009 Lalibela,Ethiopia","phones":"","fax":"","email":"holidayshotellalibela@gmail.com","url":"http://www.holidayshotellalibela.com/","countryIso2":"ET","countryName":"Ethiopia","hotelRating":"1","latitude":"12.0286","longitude":"39.0429","state_id":3,"state_name":"Amhara Region","country_id":70},{"active":false,"Giataid":"987115","cityId":38598,"cityName":"Bahir Dar","hotelId":20429830,"hotelName":"Abay International Hotel","address":"St.George Avenue,Bahirdar 6th Floor,2019 Bahir Dar,Ethiopia","phones":"","fax":"","email":"","url":"","countryIso2":"ET","countryName":"Ethiopia","hotelRating":"1","latitude":"11.5932","longitude":"37.3848","state_id":3,"state_name":"Amhara Region","country_id":70},{"active":false,"Giataid":"986860","cityId":38676,"cityName":"Mek'ele","hotelId":20429832,"hotelName":"Victoria Pension","address":"Godena Mizer,Mek'ele,Ethiopia","phones":"","fax":"","email":"","url":"","countryIso2":"ET","countryName":"Ethiopia","hotelRating":"1","latitude":"13.4871","longitude":"39.4687","state_id":4,"state_name":"Tigray Region","country_id":70}]