[{"active":false,"Giataid":"139664","cityId":null,"cityName":"Toro-Semliki Wildlife Reserve","hotelId":139664,"hotelName":"Semliki Safari Lodge","address":"Semliki Wildlife Reserve,Uganda","phones":"","fax":"","email":"","url":"http://www.wildplacesafrica.com/our-lodges-camps/semliki/","countryIso2":"UG","countryName":"Uganda","hotelRating":"4","latitude":"0.941754","longitude":"30.541","state_id":null,"state_name":null,"country_id":null},{"active":false,"Giataid":"139668","cityId":null,"cityName":"Mgahinga-Gorilla-Nationalpark","hotelId":139668,"hotelName":"Mount Gahinga Lodge","address":"Mgahinga Nationalpark,Uganda","phones":"","fax":"","email":"","url":"http://www.volcanoessafaris.com/lodges/mount-gahinga-lodge/","countryIso2":"UG","countryName":"Uganda","hotelRating":"1","latitude":"-1.35158","longitude":"29.6218","state_id":null,"state_name":null,"country_id":null},{"active":false,"Giataid":"203040","cityId":null,"cityName":"Queen Elizabeth National Park","hotelId":203040,"hotelName":"Ishasha Wilderness Camp","address":"Wild Frontiers Uganda,Ishasha,Queen Elizabeth National Park,Uganda","phones":"+256772721155","fax":"","email":"","url":"","countryIso2":"UG","countryName":"Uganda","hotelRating":"4","latitude":"-0.620565","longitude":"29.7119","state_id":null,"state_name":null,"country_id":null},{"active":false,"Giataid":"203048","cityId":null,"cityName":"Kibale National Park","hotelId":203048,"hotelName":"Primate Lodge Kibale","address":"Kibale Forest National Park,Uganda","phones":"+256414267153","fax":"","email":"","url":"","countryIso2":"UG","countryName":"Uganda","hotelRating":"1","latitude":"0.48623","longitude":"30.3897","state_id":null,"state_name":null,"country_id":null},{"active":false,"Giataid":"203050","cityId":null,"cityName":"Ngamba Island","hotelId":203050,"hotelName":"Ngamba Island Tented Camp","address":"Ngamba Island,Uganda","phones":"+256414320662","fax":"","email":"","url":"","countryIso2":"UG","countryName":"Uganda","hotelRating":"2","latitude":"-0.100686","longitude":"32.6524","state_id":null,"state_name":null,"country_id":null},{"active":false,"Giataid":"389491","cityId":null,"cityName":"Queen Elizabeth National Park","hotelId":389491,"hotelName":"Lake Kitandara Bwindi Camp","address":"","phones":"","fax":"","email":"","url":"","countryIso2":"UG","countryName":"Uganda","hotelRating":"1","latitude":"-0.187521","longitude":"29.958","state_id":null,"state_name":null,"country_id":null},{"active":false,"Giataid":"430033","cityId":null,"cityName":"Murchison Falls National Park","hotelId":430033,"hotelName":"Murchison River Lodge","address":"","phones":"","fax":"","email":"","url":"","countryIso2":"UG","countryName":"Uganda","hotelRating":"2","latitude":"2.24553","longitude":"31.6606","state_id":null,"state_name":null,"country_id":null},{"active":false,"Giataid":"486683","cityId":null,"cityName":"Kitende","hotelId":486683,"hotelName":"Gorillaz Nest","address":"Entebbe Road,Kitende,Uganda","phones":"+256782868246","fax":"","email":"info@gorillaznest.com","url":"http://www.gorillaznest.com/","countryIso2":"UG","countryName":"Uganda","hotelRating":"3","latitude":"0.199228","longitude":"32.533","state_id":null,"state_name":null,"country_id":null},{"active":false,"Giataid":"487104","cityId":null,"cityName":"Rubirizi","hotelId":487104,"hotelName":"Kyambura Game Lodge","address":"16 Hill Road,Rubirizi,Kichwamba,Uganda","phones":"","fax":"","email":"","url":"http://www.kyamburalodge.com","countryIso2":"UG","countryName":"Uganda","hotelRating":"3","latitude":"-0.209471","longitude":"30.101","state_id":null,"state_name":null,"country_id":null},{"active":false,"Giataid":"487259","cityId":null,"cityName":"Kalisizo","hotelId":487259,"hotelName":"Nabisere Hotel Kalisizo","address":"Ddimo Road,Kalisizo,Rakai District,Uganda","phones":"+256392916106","fax":"","email":"info@nabiserehotel.com","url":"http://www.nabiserehotel.com/","countryIso2":"UG","countryName":"Uganda","hotelRating":"1","latitude":"-0.532289","longitude":"31.6284","state_id":null,"state_name":null,"country_id":null},{"active":false,"Giataid":"588155","cityId":null,"cityName":"Bugala","hotelId":588155,"hotelName":"Friends Resort And Game Lodge","address":"Ssese Island Beach,Bugala Island,Uganda","phones":"","fax":"","email":"","url":"","countryIso2":"UG","countryName":"Uganda","hotelRating":"1","latitude":"-0.237402","longitude":"32.1855","state_id":null,"state_name":null,"country_id":null},{"active":false,"Giataid":"630268","cityId":null,"cityName":"Lyamutundwe","hotelId":630268,"hotelName":"Soser View Hotel","address":"Plot 344 Off Prison Rd,Lyamutundwe,Uganda","phones":"","fax":"","email":"","url":"","countryIso2":"UG","countryName":"Uganda","hotelRating":"1","latitude":"0.108946","longitude":"32.5161","state_id":null,"state_name":null,"country_id":null},{"active":false,"Giataid":"630298","cityId":null,"cityName":"Lyamutundwe","hotelId":630298,"hotelName":"The Sanctum Aparthotel","address":"Plot 343 Kitala,Lyamutundwe,Uganda","phones":"","fax":"","email":"","url":"","countryIso2":"UG","countryName":"Uganda","hotelRating":"3","latitude":"0.107702","longitude":"32.5173","state_id":null,"state_name":null,"country_id":null},{"active":false,"Giataid":"630471","cityId":null,"cityName":"Muhanga","hotelId":630471,"hotelName":"Satellite Holiday Resort & Great Lakes Museum","address":"Mbarara-Kabale Highway,Muhanga,Uganda","phones":"","fax":"","email":"","url":"","countryIso2":"UG","countryName":"Uganda","hotelRating":"1","latitude":"-1.17259","longitude":"30.125","state_id":null,"state_name":null,"country_id":null},{"active":false,"Giataid":"630646","cityId":null,"cityName":"Bugoloobi","hotelId":630646,"hotelName":"Shangri-la Hotel Muyenga","address":"Plot 1230 Barnabas Road,Bugolobi,Uganda","phones":"+256414236212","fax":"","email":"info@muyengahotel.com","url":"http://www.shangri-la.co.ug/muyenga-booking.htm","countryIso2":"UG","countryName":"Uganda","hotelRating":"1","latitude":"0.300189","longitude":"32.6079","state_id":null,"state_name":null,"country_id":null},{"active":false,"Giataid":"692323","cityId":null,"cityName":"Bushenyi","hotelId":692323,"hotelName":"Tuzza Hotel","address":"600 Meters off Mbarara Kasese Highway,Next to Busheny District Presidenti,Bushenyi,Mbarara,Uganda","phones":"","fax":"","email":"","url":"","countryIso2":"UG","countryName":"Uganda","hotelRating":"1","latitude":"-0.537083","longitude":"30.1972","state_id":null,"state_name":null,"country_id":null},{"active":false,"Giataid":"692323","cityId":null,"cityName":"Bushenyi","hotelId":692323,"hotelName":"Tuzza Hotel","address":"600 Meters off Mbarara Kasese Highway,Next to Busheny District Presidenti,Bushenyi,Mbarara,Uganda","phones":"","fax":"","email":"","url":"","countryIso2":"UG","countryName":"Uganda","hotelRating":"1","latitude":"-0.537083","longitude":"30.1972","state_id":null,"state_name":null,"country_id":null},{"active":false,"Giataid":"744490","cityId":null,"cityName":"Muhanga","hotelId":744490,"hotelName":"Satellite Holiday Resort","address":"Ntungamo Kabale Road,Muhanga,Uganda","phones":"","fax":"","email":"","url":"","countryIso2":"UG","countryName":"Uganda","hotelRating":"1","latitude":"-1.16285","longitude":"30.1266","state_id":null,"state_name":null,"country_id":null},{"active":false,"Giataid":"754204","cityId":null,"cityName":"Kalangala","hotelId":754204,"hotelName":"Brovad Sands Lodge","address":"Colville Street,Bwendero,Kalangala,Ssese Island,Uganda","phones":"+256774334655","fax":"","email":"info@brovadsandslodge.com","url":"http://www.brovadsandslodge.com","countryIso2":"UG","countryName":"Uganda","hotelRating":"1","latitude":"-0.297602","longitude":"32.2922","state_id":null,"state_name":null,"country_id":null},{"active":false,"Giataid":"808838","cityId":null,"cityName":"Bugala","hotelId":808838,"hotelName":"Ssese Habitat Resort","address":"Bugala,Ssese Islands,Uganda","phones":"+256772506605","fax":"","email":"ssehab@gmail.com","url":"http://ssehab.blogspot.com/","countryIso2":"UG","countryName":"Uganda","hotelRating":"1","latitude":"-0.276436","longitude":"32.1514","state_id":null,"state_name":null,"country_id":null},{"active":false,"Giataid":"692351","cityId":null,"cityName":"Kalangala","hotelId":815999,"hotelName":"Philo Leisure Gardens","address":"Kalangala Drive off,Kalangala,Uganda","phones":"","fax":"","email":"","url":"","countryIso2":"UG","countryName":"Uganda","hotelRating":"1","latitude":"-0.297602","longitude":"32.2922","state_id":null,"state_name":null,"country_id":null},{"active":false,"Giataid":"822417","cityId":null,"cityName":"Lake Bunyonyi","hotelId":822417,"hotelName":"Itambira Island Seeds Of Hope","address":"Chabahinga,Bunyonyi Lake,Itambira Island,Uganda","phones":"+256778785624","fax":"","email":"info@bunyonyilake.com","url":"http://www.bunyonyilake.com","countryIso2":"UG","countryName":"Uganda","hotelRating":"1","latitude":"-1.29334","longitude":"29.9204","state_id":null,"state_name":null,"country_id":null},{"active":false,"Giataid":"843007","cityId":null,"cityName":"Lyamutundwe","hotelId":843007,"hotelName":"Chez Aggy Villa","address":"Abaita Ababiri Kasenyi Road,Lyamutundwe,Uganda","phones":"","fax":"","email":"","url":"","countryIso2":"UG","countryName":"Uganda","hotelRating":"1","latitude":"0.107976","longitude":"32.5161","state_id":null,"state_name":null,"country_id":null},{"active":false,"Giataid":"843235","cityId":null,"cityName":"Kalisizo","hotelId":843235,"hotelName":"Alpha Country Motel","address":"Kyotera-Kakuto Road,Kalisizo,Uganda","phones":"+256752584661","fax":"","email":"info@alphacountrymotel.com","url":"http://www.alphacountrymotel.com","countryIso2":"UG","countryName":"Uganda","hotelRating":"1","latitude":"0","longitude":"0","state_id":null,"state_name":null,"country_id":null},{"active":false,"Giataid":"847696","cityId":null,"cityName":"Bugoloobi","hotelId":847696,"hotelName":"Hotel Duomo","address":"Opposite Zone 7,Mbuya,Bugolobi,Uganda","phones":"+256776990111","fax":"","email":"sales@duomo.co.ug","url":"http://www.duomo.co.ug","countryIso2":"UG","countryName":"Uganda","hotelRating":"1","latitude":"0.298137","longitude":"32.6101","state_id":null,"state_name":null,"country_id":null},{"active":false,"Giataid":"486035","cityId":null,"cityName":"Lyamutundwe","hotelId":10054268,"hotelName":"Thames Hotel","address":"17 Mile Entebbe Road Off Mpala Trading Centre,Lyamutundwe,Uganda","phones":"+256200900709","fax":"","email":"","url":"","countryIso2":"UG","countryName":"Uganda","hotelRating":"3","latitude":"0.102239","longitude":"32.5073","state_id":null,"state_name":null,"country_id":null},{"active":false,"Giataid":"526842","cityId":null,"cityName":"Seeta","hotelId":10069276,"hotelName":"Ridar Hotel","address":"Seeta Namilyango Road,P.O.Box 7627,Seeta,Uganda","phones":"+256414290697","fax":"","email":"","url":"","countryIso2":"UG","countryName":"Uganda","hotelRating":"3","latitude":"0.366684","longitude":"32.7145","state_id":null,"state_name":null,"country_id":null},{"active":false,"Giataid":"497532","cityId":null,"cityName":"Lake Bunyonyi","hotelId":10113856,"hotelName":"Bunyonyi Safaris Resort","address":"Lake Bunyonyi,Kabale,Uganda","phones":"+256414347460","fax":"NULL","email":"NULL","url":"NULL","countryIso2":"UG","countryName":"Uganda","hotelRating":"2","latitude":"-1.27592","longitude":"29.9386","state_id":null,"state_name":null,"country_id":null},{"active":false,"Giataid":"139666","cityId":null,"cityName":"Bwindi National Park","hotelId":20001121,"hotelName":"Clouds' Mountain Gorilla Lodge","address":"Nkuringo,Bwindi-Nationalpark,Uganda","phones":"","fax":"","email":"","url":"http://www.wildplacesafrica.com/our-lodges-camps/clouds/","countryIso2":"UG","countryName":"Uganda","hotelRating":"4","latitude":"-1.08236","longitude":"29.6257","state_id":null,"state_name":null,"country_id":null},{"active":false,"Giataid":"630721","cityId":null,"cityName":"Bwindi National Park","hotelId":20002270,"hotelName":"The Crested Crane Bwindi Hotel","address":"P.O Box 348 Buhoma,Bwindi,Kanungu,Rugando,Uganda","phones":"","fax":"","email":"","url":"","countryIso2":"UG","countryName":"Uganda","hotelRating":"0","latitude":"-0.910144","longitude":"29.6273","state_id":null,"state_name":null,"country_id":null},{"active":false,"Giataid":"490383","cityId":null,"cityName":"Kibale National Park","hotelId":20002678,"hotelName":"Crater Safari Lodge","address":"Off Street Barnabus Road,Muyenga,Kibale Forest National Park,Uganda","phones":"+256414345742","fax":"","email":"info@crystallodgesuganda.com","url":"http://www.crystallodgesuganda.com/our-lodges/crater-safari-lodge/","countryIso2":"UG","countryName":"Uganda","hotelRating":"4","latitude":"0.485851","longitude":"30.3909","state_id":null,"state_name":null,"country_id":null},{"active":false,"Giataid":"202049","cityId":null,"cityName":"Murchison Falls National Park","hotelId":20002893,"hotelName":"Nile Safari Lodge","address":"Murchison Falls National Park,Uganda","phones":"","fax":"","email":"","url":"http://www.geolodgesafrica.com/index.php/our-lodges/nile-safari-lodge","countryIso2":"UG","countryName":"Uganda","hotelRating":"0","latitude":"2.24553","longitude":"31.6606","state_id":null,"state_name":null,"country_id":null},{"active":false,"Giataid":"302203","cityId":null,"cityName":"Kibale National Park","hotelId":20003099,"hotelName":"Kyaninga Lodge","address":"Kibale Nationalpark,Uganda","phones":"+256772999750","fax":"","email":"info@kyaningalodge.com","url":"http://www.kyaningalodge.com/adventures/national-parks/","countryIso2":"UG","countryName":"Uganda","hotelRating":"4","latitude":"0.702635","longitude":"30.2989","state_id":null,"state_name":null,"country_id":null},{"active":false,"Giataid":"363779","cityId":null,"cityName":"Bwindi National Park","hotelId":20004375,"hotelName":"Mahogany Springs","address":"Bwindi Impenetrable Forest,Buhoma,Rukungiri,Uganda","phones":"+256414346667","fax":"","email":"","url":"http://mahoganysprings.com/","countryIso2":"UG","countryName":"Uganda","hotelRating":"0","latitude":"-1.09965","longitude":"29.6586","state_id":null,"state_name":null,"country_id":null},{"active":false,"Giataid":"202047","cityId":null,"cityName":"Queen Elizabeth National Park","hotelId":20004910,"hotelName":"Mweya Safari Lodge","address":"Queen Elizabeth National Park,Uganda","phones":"+256392796773","fax":"","email":"reservations@marasa.net","url":"http://www.mweyalodge.com/","countryIso2":"UG","countryName":"Uganda","hotelRating":"4","latitude":"-0.188886","longitude":"29.8999","state_id":null,"state_name":null,"country_id":null},{"active":false,"Giataid":"122729","cityId":null,"cityName":"Bwindi National Park","hotelId":20005877,"hotelName":"Gorilla Forest Camp","address":"Bwindi Impenetrable Forest,Uganda","phones":"","fax":"","email":"info@sanctuaryretreats.com","url":"http://www.sanctuaryretreats.com/lodges/uganda/gorilla-forest-camp.cfm","countryIso2":"UG","countryName":"Uganda","hotelRating":"4","latitude":"-1.03386","longitude":"29.7091","state_id":null,"state_name":null,"country_id":null},{"active":false,"Giataid":"122724","cityId":null,"cityName":"Bwindi National Park","hotelId":20006208,"hotelName":"Bwindi Lodge","address":"Bwindi Impenetrable Forest,Uganda","phones":"","fax":"","email":"","url":"http://www.volcanoessafaris.com/lodges/bwindi-lodge/","countryIso2":"UG","countryName":"Uganda","hotelRating":"3","latitude":"-1.0806","longitude":"29.6614","state_id":null,"state_name":null,"country_id":null},{"active":false,"Giataid":"433254","cityId":null,"cityName":"Murchison Falls National Park","hotelId":20006500,"hotelName":"Baker's Lodge","address":"Murchison Falls National Park,Uganda","phones":"","fax":"","email":"","url":"http://ugandaexclusivecamps.com/bakers-lodge/","countryIso2":"UG","countryName":"Uganda","hotelRating":"3","latitude":"2.26747","longitude":"31.6618","state_id":null,"state_name":null,"country_id":null},{"active":false,"Giataid":"203035","cityId":null,"cityName":"Bulago Island","hotelId":20007517,"hotelName":"Bulago Island Lodge","address":"Bulago Island,Lake Victoria,P.O. Box 4562,Uganda","phones":"","fax":"","email":"","url":"http://www.africanworld.de/ostafrika/uganda/hotels/bulago-island-1375.html","countryIso2":"UG","countryName":"Uganda","hotelRating":"0","latitude":"-0.0264848","longitude":"32.6657","state_id":null,"state_name":null,"country_id":null},{"active":false,"Giataid":"692351","cityId":null,"cityName":"Kalangala","hotelId":20009839,"hotelName":"Philo Leisure Gardens","address":"Kalangala Drive off,Kalangala,Uganda","phones":"+256752894529","fax":"","email":"info@philoleisuregardens.com","url":"http://philoleisuregardens.com","countryIso2":"UG","countryName":"Uganda","hotelRating":"0","latitude":"-0.297602","longitude":"32.2922","state_id":null,"state_name":null,"country_id":null},{"active":false,"Giataid":"202048","cityId":null,"cityName":"Murchison Falls National Park","hotelId":20009990,"hotelName":"Paraa Safari Lodge","address":"Murchison Falls National Park,Uganda","phones":"+256772788880","fax":"","email":"","url":"http://www.paraalodge.com/","countryIso2":"UG","countryName":"Uganda","hotelRating":"4","latitude":"2.24553","longitude":"31.6606","state_id":null,"state_name":null,"country_id":null},{"active":false,"Giataid":"630640","cityId":null,"cityName":"Kalangala","hotelId":20010088,"hotelName":"Victoria Forest Resort","address":"P.O BOX 8317,Kampala,Kalangala,Bugala Island,Ssese Island,Uganda","phones":"","fax":"","email":"","url":"http://www.victoriaforestresort.co.ug/","countryIso2":"UG","countryName":"Uganda","hotelRating":"0","latitude":"-0.320689","longitude":"32.2944","state_id":null,"state_name":null,"country_id":null},{"active":false,"Giataid":"202052","cityId":null,"cityName":"Bwindi National Park","hotelId":20010254,"hotelName":"Silverback Lodge","address":"Buhoma Sector Of Bwindi Impenetrable Forest National Park,Bwindi,Uganda","phones":"+256789463757","fax":"","email":"reservations@marasa.net","url":"http://www.silverbacklodge.com/","countryIso2":"UG","countryName":"Uganda","hotelRating":"0","latitude":"-1.08068","longitude":"29.6614","state_id":null,"state_name":null,"country_id":null},{"active":false,"Giataid":"529928","cityId":null,"cityName":"Bwindi National Park","hotelId":20010363,"hotelName":"Nkuringo Gorilla Camp","address":"Nteko Ridge  Bwindi Impenetrable National Park,Nkuringo 10152,Uganda","phones":"","fax":"","email":"","url":"http://mountaingorillalodge.com","countryIso2":"UG","countryName":"Uganda","hotelRating":"4","latitude":"-1.0851","longitude":"29.6313","state_id":null,"state_name":null,"country_id":null},{"active":false,"Giataid":"203045","cityId":null,"cityName":"Kalangala","hotelId":20013621,"hotelName":"Mirembe Resort Beach","address":"Buggala Ssese island,Kalangala,Uganda","phones":"+256392772703","fax":"","email":"info@miremberesort.co.ug","url":"http://www.miremberesort.com/","countryIso2":"UG","countryName":"Uganda","hotelRating":"0","latitude":"0.347596","longitude":"32.5825","state_id":null,"state_name":null,"country_id":null},{"active":false,"Giataid":"203037","cityId":null,"cityName":"Lake Bunyonyi","hotelId":20014016,"hotelName":"Heritage Lodges Uganda","address":"Lake Bunyonyi,Habuharo Island,Kabale,Uganda","phones":"+256789966696","fax":"","email":"reservations@heritagelodgesuganda.com","url":"http://www.heritagelodgesuganda.com/","countryIso2":"UG","countryName":"Uganda","hotelRating":"0","latitude":"-1.29693","longitude":"29.9179","state_id":null,"state_name":null,"country_id":null},{"active":false,"Giataid":"203034","cityId":null,"cityName":"Bwindi National Park","hotelId":20014142,"hotelName":"Buhoma Lodge","address":"Buhoma,Bwindi Impenetrable Forest National Park,Bwindi,Katwe Town,Uganda","phones":"+256772721155","fax":"","email":"reservations@ugandaexclusivecamps.com","url":"http://ugandaexclusivecamps.com/buhoma-lodge/","countryIso2":"UG","countryName":"Uganda","hotelRating":"3","latitude":"-1.05206","longitude":"29.6522","state_id":null,"state_name":null,"country_id":null},{"active":false,"Giataid":"692936","cityId":null,"cityName":"Lake Bunyonyi","hotelId":20014831,"hotelName":"Bushara Island Camp","address":"PO Box 794,Kabale,Uganda","phones":"+256772464585","fax":"","email":"busharaislandcamp@gmail.com","url":"http://www.busharaislandcamp.com","countryIso2":"UG","countryName":"Uganda","hotelRating":"2","latitude":"-1.28957","longitude":"29.9231","state_id":null,"state_name":null,"country_id":null},{"active":false,"Giataid":"203047","cityId":null,"cityName":"Kibale National Park","hotelId":20014946,"hotelName":"Ndali Lodge","address":"P.O. Box 70,Fort Portal,Kibale Nationalpark,Uganda","phones":"+256772221309","fax":"","email":"info@ndalilodge.com","url":"https://www.ndalilodge.com/","countryIso2":"UG","countryName":"Uganda","hotelRating":"0","latitude":"0.486176","longitude":"30.3897","state_id":null,"state_name":null,"country_id":null},{"active":false,"Giataid":"202042","cityId":null,"cityName":"Queen Elizabeth National Park","hotelId":20016698,"hotelName":"Kyambura Game Lodge","address":"Queen Elizabeth National Park,Uganda","phones":"+25614322789","fax":"","email":"reservations@kyamburalodge.com","url":"http://www.kyamburalodge.com/","countryIso2":"UG","countryName":"Uganda","hotelRating":"0","latitude":"-0.207751","longitude":"30.1008","state_id":null,"state_name":null,"country_id":null},{"active":false,"Giataid":"139665","cityId":null,"cityName":"Kidepo Valley National Park","hotelId":20017655,"hotelName":"Apoka Lodge","address":"Kidepo Valley National Park,Uganda","phones":"","fax":"","email":"","url":"http://www.wildplacesafrica.com/our-lodges-camps/apoka/","countryIso2":"UG","countryName":"Uganda","hotelRating":"0","latitude":"3.73952","longitude":"33.7235","state_id":null,"state_name":null,"country_id":null},{"active":false,"Giataid":"725818","cityId":null,"cityName":"Bulago Island","hotelId":20018571,"hotelName":"One Minute South Villa","address":"Village Road,M7,Bulago Island,Kampala,Uganda","phones":"+256776709970","fax":"","email":"ali@oneminutesouth.com","url":"http://www.oneminutesouth.com","countryIso2":"UG","countryName":"Uganda","hotelRating":"0","latitude":"-0.0200692","longitude":"32.6563","state_id":null,"state_name":null,"country_id":null},{"active":false,"Giataid":"389490","cityId":null,"cityName":"Queen Elizabeth National Park","hotelId":20019896,"hotelName":"Hippo Hill Camp All Inclusive","address":"Katwe Town,Queen Elizabeth Park,Queen Elizabeth National Park,Uganda","phones":"","fax":"","email":"","url":"http://www.jetcost.co.uk/hotels/3418-uganda/236639-katwe/2663790-hippo-hill-camp-all-inclusive/","countryIso2":"UG","countryName":"Uganda","hotelRating":"0","latitude":"-0.0162137","longitude":"29.7702","state_id":null,"state_name":null,"country_id":null},{"active":false,"Giataid":"202051","cityId":null,"cityName":"Mabira","hotelId":20020223,"hotelName":"Rain Forest Lodge","address":"Mabira Forest Reserve,Uganda","phones":"","fax":"","email":"","url":"http://www.geolodgesafrica.com/index.php/our-lodges/the-rainforest-lodge","countryIso2":"UG","countryName":"Uganda","hotelRating":"0","latitude":"0","longitude":"0","state_id":null,"state_name":null,"country_id":null},{"active":false,"Giataid":"630634","cityId":null,"cityName":"Kalangala","hotelId":20023465,"hotelName":"Panorama Cottages","address":"Kalangala Ferry Road,Ssese Islands,Kalangala,Uganda","phones":"+256782310629","fax":"","email":"info@panoramacottages.ug","url":"http://panoramacottages.ug/","countryIso2":"UG","countryName":"Uganda","hotelRating":"3","latitude":"-0.313182","longitude":"32.2937","state_id":null,"state_name":null,"country_id":null},{"active":false,"Giataid":"531142","cityId":null,"cityName":"Kamdini","hotelId":20023540,"hotelName":"Chobe Safari Lodge","address":"Nile River,Kamdini,Murchison Falls National Park,Uganda","phones":"+256372259300","fax":"","email":"reservations@marasa.net","url":"http://chobelodgeuganda.com/the-lodge/","countryIso2":"UG","countryName":"Uganda","hotelRating":"0","latitude":"2.24242","longitude":"32.1357","state_id":null,"state_name":null,"country_id":null},{"active":false,"Giataid":"531142","cityId":null,"cityName":"Kamdini","hotelId":20023540,"hotelName":"Chobe Safari Lodge","address":"Nile River,Kamdini,Murchison Falls National Park,Uganda","phones":"+256372259300","fax":"","email":"reservations@marasa.net","url":"http://chobelodgeuganda.com/the-lodge/","countryIso2":"UG","countryName":"Uganda","hotelRating":"0","latitude":"2.24242","longitude":"32.1357","state_id":null,"state_name":null,"country_id":null},{"active":false,"Giataid":"370622","cityId":null,"cityName":"Bwindi National Park","hotelId":20024252,"hotelName":"Gorila Safari Lodge","address":"Bwindi Impenetrable National Park,Rubuguli,Uganda","phones":"+256414345742","fax":"+256414235798","email":"reservations@gorillasafarilodge.com","url":"http://www.gorillasafarilodge.com","countryIso2":"UG","countryName":"Uganda","hotelRating":"4","latitude":"-1.04417","longitude":"29.7753","state_id":null,"state_name":null,"country_id":null},{"active":false,"Giataid":"531122","cityId":null,"cityName":"Kalangala","hotelId":20025757,"hotelName":"Kalangala Pearl Beach Resort","address":"Plot 2/4,Lutoboka Road,Kalangala,Bugala Island,Uganda","phones":"+256414349107","fax":"","email":"info@kalangalapearlresort.com","url":"http://kalangalapearlresort.com","countryIso2":"UG","countryName":"Uganda","hotelRating":"0","latitude":"-0.239386","longitude":"32.1802","state_id":null,"state_name":null,"country_id":null},{"active":false,"Giataid":"530768","cityId":null,"cityName":"Bwindi National Park","hotelId":20027539,"hotelName":"Sanctuary Gorilla Forest Camp","address":"Gorilla Territory,Bwindi National Park,Uganda","phones":"","fax":"","email":"","url":"http://www.sanctuaryretreats.com/uganda-camps-gorilla-forest","countryIso2":"UG","countryName":"Uganda","hotelRating":"0","latitude":"-0.989313","longitude":"29.6139","state_id":null,"state_name":null,"country_id":null},{"active":false,"Giataid":"203041","cityId":null,"cityName":"Queen Elizabeth National Park","hotelId":20029009,"hotelName":"Kingfisher Lodge Kichwamba","address":"overseeing the Queen Elizabeth National Park,P.O.Box 22,Rubiriizi,Bushenyi,Queen Elizabeth National Park,Uganda","phones":"+256774159579","fax":"","email":"kingfisher-kichwamba@gmx.net","url":"http://www.kingfisher-uganda.net/en/kichwamba-en/","countryIso2":"UG","countryName":"Uganda","hotelRating":"0","latitude":"-0.230079","longitude":"30.0895","state_id":null,"state_name":null,"country_id":null},{"active":false,"Giataid":"203042","cityId":null,"cityName":"Mount Elgon","hotelId":20030521,"hotelName":"Lacam Lodge","address":"Mount Elgon,Uganda","phones":"+256752292554","fax":"","email":"info@lacamlodge.co.uk","url":"http://www.lacamlodge.co.uk/","countryIso2":"UG","countryName":"Uganda","hotelRating":"0","latitude":"1.16319","longitude":"34.5873","state_id":null,"state_name":null,"country_id":null},{"active":false,"Giataid":"531138","cityId":null,"cityName":"Murchison Falls National Park","hotelId":20030667,"hotelName":"Sambiya River Lodge","address":"Sambiya Village,P.O. Box 5187,Murchison Falls National Park,Karuma,Uganda","phones":"+256414233596","fax":"+256414344855","email":"reservations@sambiyariverlodge.com","url":"http://www.sambiyariverlodge.com","countryIso2":"UG","countryName":"Uganda","hotelRating":"0","latitude":"2.1814","longitude":"31.6989","state_id":null,"state_name":null,"country_id":null},{"active":false,"Giataid":"202041","cityId":null,"cityName":"Queen Elizabeth National Park","hotelId":20030861,"hotelName":"Jacana Safari Lodge","address":"Queen Elizabeth National Park,Uganda","phones":"","fax":"","email":"","url":"http://www.geolodgesafrica.com/index.php/our-lodges/jacana-safari-lodge","countryIso2":"UG","countryName":"Uganda","hotelRating":"0","latitude":"-0.187521","longitude":"29.958","state_id":null,"state_name":null,"country_id":null},{"active":false,"Giataid":"725893","cityId":null,"cityName":"Queen Elizabeth National Park","hotelId":20031831,"hotelName":"Engiri Game Lodge And Campsite","address":"Queen Elizabeth National Park,Rubirizi District,Kasese,Uganda","phones":"+256776649426","fax":"","email":"info@engirigamelodge.com","url":"http://www.engirigamelodge.com","countryIso2":"UG","countryName":"Uganda","hotelRating":"0","latitude":"-0.187521","longitude":"29.958","state_id":null,"state_name":null,"country_id":null},{"active":false,"Giataid":"122730","cityId":null,"cityName":"Mount Elgon","hotelId":20031921,"hotelName":"Sipi Falls","address":"Mount Elgon National Park,Uganda","phones":"+256751796109","fax":"","email":"info@sipiriverlodge.com","url":"http://www.sipiriverlodge.com","countryIso2":"UG","countryName":"Uganda","hotelRating":"3","latitude":"1.30861","longitude":"34.3745","state_id":null,"state_name":null,"country_id":null},{"active":false,"Giataid":"692381","cityId":null,"cityName":"Queen Elizabeth National Park","hotelId":20032472,"hotelName":"Park View Safari Lodge","address":"P.O. Box 2168,Kyambura,Kampala,Queen-Elizabeth-Nationalpark,Uganda","phones":"+256392178731","fax":"","email":"reservations@parkviewsafarilodge.com","url":"http://www.parkviewsafarilodge.com/","countryIso2":"UG","countryName":"Uganda","hotelRating":"0","latitude":"-0.233525","longitude":"30.0884","state_id":null,"state_name":null,"country_id":null},{"active":false,"Giataid":"804151","cityId":null,"cityName":"Bushenyi","hotelId":20380954,"hotelName":"Premier Motel","address":"Bwatoogo Bushenyi - Kasese Highway,Bushenyi,Uganda","phones":"","fax":"","email":"","url":"","countryIso2":"UG","countryName":"Uganda","hotelRating":"1","latitude":"-0.54495","longitude":"30.1682","state_id":null,"state_name":null,"country_id":null},{"active":false,"Giataid":"808969","cityId":null,"cityName":"Seeta","hotelId":20381016,"hotelName":"7ven Days Motel","address":"Bajjo Road,Seeta,Uganda","phones":"","fax":"","email":"","url":"","countryIso2":"UG","countryName":"Uganda","hotelRating":"0","latitude":"0.369417","longitude":"32.7145","state_id":null,"state_name":null,"country_id":null},{"active":false,"Giataid":"729916","cityId":null,"cityName":"Rubirizi","hotelId":20381068,"hotelName":"Kyangabi Crater Resort","address":"Mbarara Kasese Road,Opposite Kichwamba Primary School,Kichwamba,Rubirizi,Uganda","phones":"","fax":"","email":"","url":"","countryIso2":"UG","countryName":"Uganda","hotelRating":"0","latitude":"-0.2205","longitude":"30.098","state_id":null,"state_name":null,"country_id":null},{"active":false,"Giataid":"876932","cityId":null,"cityName":"Rubirizi","hotelId":20381104,"hotelName":"Elephant Hab Lodge","address":"10 The Avenue,The Famous Kyambura Gorge,Kichwamba,Rubirizi,Uganda","phones":"+256393206439","fax":"","email":"info@elephanthablodge.com","url":"http://elephanthablodge.com","countryIso2":"UG","countryName":"Uganda","hotelRating":"0","latitude":"-0.214122","longitude":"30.0994","state_id":null,"state_name":null,"country_id":null},{"active":false,"Giataid":"920359","cityId":null,"cityName":"Bugoloobi","hotelId":20381117,"hotelName":"Gao's Villa Apartment","address":"Mbuya Road Plot 26/28,Bugolobi,Kampala,Uganda","phones":"","fax":"","email":"","url":"","countryIso2":"UG","countryName":"Uganda","hotelRating":"0","latitude":"0.309925","longitude":"32.6208","state_id":null,"state_name":null,"country_id":null},{"active":false,"Giataid":"876920","cityId":null,"cityName":"Rubirizi","hotelId":20381142,"hotelName":"Queen Elizabeth Park View Tourist Lodge","address":"Mbarara-Kasese Highway,Bunyaruguru,Rubirizi,Uganda","phones":"+256758316855","fax":"","email":"info@qeparkviewlodge.com","url":"http://qeparkviewlodge.com","countryIso2":"UG","countryName":"Uganda","hotelRating":"0","latitude":"-0.233981","longitude":"30.0878","state_id":null,"state_name":null,"country_id":null},{"active":false,"Giataid":"914759","cityId":null,"cityName":"Seeta","hotelId":20381143,"hotelName":"Murs Country Resort","address":"Jinja Road,Seeta,Uganda","phones":"","fax":"","email":"","url":"","countryIso2":"UG","countryName":"Uganda","hotelRating":"0","latitude":"0.369417","longitude":"32.7145","state_id":null,"state_name":null,"country_id":null},{"active":false,"Giataid":"873368","cityId":null,"cityName":"Bwindi National Park","hotelId":20381161,"hotelName":"Trackers Safari Lodge Bwindi","address":"Buhoma,Bwindi,Uganda","phones":"+256772411715","fax":"","email":"trackerssafarilodge@gmail.com","url":"http://www.trackerssafarilodge.com","countryIso2":"UG","countryName":"Uganda","hotelRating":"0","latitude":"-1.05206","longitude":"29.6522","state_id":null,"state_name":null,"country_id":null},{"active":false,"Giataid":"897541","cityId":null,"cityName":"Bwindi National Park","hotelId":20381172,"hotelName":"Chameleon Hill Lodge","address":"Bwindi National Park,Uganda","phones":"+256772721818","fax":"","email":"welcome@chameleonhill.com","url":"http://chameleonhill.com/gallery/","countryIso2":"UG","countryName":"Uganda","hotelRating":"4","latitude":"-1.05206","longitude":"29.6522","state_id":null,"state_name":null,"country_id":null},{"active":false,"Giataid":"924205","cityId":null,"cityName":"Lyamutundwe","hotelId":20381178,"hotelName":"Kaz Garden Cottages","address":"Kasenyi Road,Nkumba,Bukolwa,Lyamutundwe,Uganda","phones":"","fax":"","email":"info@kazgardencottages.com","url":"http://kazgardencottages.com/","countryIso2":"UG","countryName":"Uganda","hotelRating":"0","latitude":"0.107976","longitude":"32.5161","state_id":null,"state_name":null,"country_id":null},{"active":false,"Giataid":"884521","cityId":null,"cityName":"Rubirizi","hotelId":20381183,"hotelName":"The Baboon Safari Resort","address":"Queen Elizabeth National Park,Kichwamba,Rubirizi,Uganda","phones":"","fax":"","email":"","url":"","countryIso2":"UG","countryName":"Uganda","hotelRating":"0","latitude":"-0.214122","longitude":"30.0994","state_id":null,"state_name":null,"country_id":null},{"active":false,"Giataid":"886344","cityId":null,"cityName":"Bushenyi","hotelId":20381185,"hotelName":"Crane Resort Hotel","address":"Ishaka,PO Box 212,Bushenyi,Uganda","phones":"","fax":"","email":"","url":"","countryIso2":"UG","countryName":"Uganda","hotelRating":"1","latitude":"-0.54495","longitude":"30.1682","state_id":null,"state_name":null,"country_id":null},{"active":false,"Giataid":"982243","cityId":null,"cityName":"Bulago Island","hotelId":20421226,"hotelName":"Pineapple Bay Resort","address":"Bulago Island,Lake Victoria,Uganda","phones":"","fax":"","email":"","url":"","countryIso2":"UG","countryName":"Uganda","hotelRating":"1","latitude":"-0.0264848","longitude":"32.6657","state_id":null,"state_name":null,"country_id":null}]