[{"active":false,"Giataid":"183088","cityId":8957,"cityName":"Nieuwpoort","hotelId":183088,"hotelName":"Santa Barbara Beach & Golf Resort Curacao","address":"Santa Barbara Plantation,Porta Blancu,Nieuwpoort,Cura?ao,Curacao","phones":"+59998401234","fax":"+59998401235","email":"","url":"http://hyatt.com/hyatt/wwg/hotels/curac/index.jsp?language=de","countryIso2":"CW","countryName":"Curacao","hotelRating":"4","latitude":"12.0604","longitude":"-68.8361","state_id":1373,"state_name":"Flanders","country_id":22}]