[{"active":false,"Giataid":"5960","cityId":52221,"cityName":"Banjul","hotelId":5960,"hotelName":"Laico Atlantic","address":"Marina Parade,P.O. Box 296,Banjul 1602,Gambia,Gambia","phones":"+2204228601","fax":"+2204227861","email":"gm@laico-atlantic.com","url":"http://www.laicohotels.com/en/hotel/gambia/banjul/laico-atlantic.html","countryIso2":"GM","countryName":"Gambia","hotelRating":"4","latitude":"13.4595","longitude":"-16.5784","state_id":2666,"state_name":"Banjul","country_id":80},{"active":false,"Giataid":"5963","cityId":52219,"cityName":"Bakau","hotelId":5963,"hotelName":"Mariatou Beach","address":"Kofi Annan Street,Cape Point,Bakau,Gambia","phones":"","fax":"","email":"","url":"","countryIso2":"GM","countryName":"Gambia","hotelRating":"1","latitude":"13.4271","longitude":"-16.6796","state_id":2666,"state_name":"Banjul","country_id":80},{"active":false,"Giataid":"5963","cityId":52219,"cityName":"Bakau","hotelId":5963,"hotelName":"Mariatou Beach","address":"Kofi Annan Street,Cape Point,Bakau,Gambia","phones":"","fax":"","email":"","url":"","countryIso2":"GM","countryName":"Gambia","hotelRating":"1","latitude":"13.4271","longitude":"-16.6796","state_id":2666,"state_name":"Banjul","country_id":80},{"active":false,"Giataid":"14091","cityId":52221,"cityName":"Banjul","hotelId":14091,"hotelName":"Holiday Beach Club","address":"P.O. Box 2700,Banjul,Gambia","phones":"+2204460419","fax":"+2204460023","email":"hbc.gambia@yahoo.com","url":"http://www.holidaybeachclubgambia.com/","countryIso2":"GM","countryName":"Gambia","hotelRating":"2","latitude":"13.4412","longitude":"-16.7244","state_id":2666,"state_name":"Banjul","country_id":80},{"active":false,"Giataid":"15343","cityId":52221,"cityName":"Banjul","hotelId":15343,"hotelName":"Kerr Ya Bajen","address":"Cemetery Road,Kanifing Industrial Estate,P.O. Box 121,Banjul,Gambia","phones":"","fax":"","email":"","url":"","countryIso2":"GM","countryName":"Gambia","hotelRating":"1","latitude":"13.4271","longitude":"-16.6796","state_id":2666,"state_name":"Banjul","country_id":80},{"active":false,"Giataid":"21727","cityId":52219,"cityName":"Bakau","hotelId":21727,"hotelName":"Sunbeach Hotel & Resort","address":"Kofi Annan Street,Bakau,Gambia","phones":"+2204497190","fax":"+2204497193","email":"sunbeach@qanet.gm","url":"http://www.sunbeachhotel.com","countryIso2":"GM","countryName":"Gambia","hotelRating":"4","latitude":"13.4876","longitude":"-16.6675","state_id":2666,"state_name":"Banjul","country_id":80},{"active":false,"Giataid":"22492","cityId":52221,"cityName":"Banjul","hotelId":22492,"hotelName":"Taf Annex","address":"Senegambia,Serekunda,Gambia","phones":"","fax":"","email":"","url":"","countryIso2":"GM","countryName":"Gambia","hotelRating":"1","latitude":"13.4271","longitude":"-16.6796","state_id":2666,"state_name":"Banjul","country_id":80},{"active":false,"Giataid":"42444","cityId":52221,"cityName":"Banjul","hotelId":42444,"hotelName":"Bijilo Beach Hotel","address":"Bijilo Village,PO Box 4061,Kombo Coastal Road,Bakau,Gambia","phones":"+2204462707","fax":"+2204462703","email":"info@bijilobeachhotel.com","url":"http://www.bijilobeachhotel.com/","countryIso2":"GM","countryName":"Gambia","hotelRating":"3","latitude":"13.4227","longitude":"-16.734","state_id":2666,"state_name":"Banjul","country_id":80},{"active":false,"Giataid":"5963","cityId":52219,"cityName":"Bakau","hotelId":47852,"hotelName":"Ocean Bay","address":"Kofi Annan Street,Cape Point,Bakau,Gambia","phones":"+2204494281","fax":"+2204494268","email":"info@oceanbayhotel.com","url":"http://www.oceanbayhotel.com/","countryIso2":"GM","countryName":"Gambia","hotelRating":"5","latitude":"13.4846","longitude":"-16.6664","state_id":2666,"state_name":"Banjul","country_id":80},{"active":false,"Giataid":"5963","cityId":52219,"cityName":"Bakau","hotelId":47852,"hotelName":"Ocean Bay","address":"Kofi Annan Street,Cape Point,Bakau,Gambia","phones":"+2204494281","fax":"+2204494268","email":"info@oceanbayhotel.com","url":"http://www.oceanbayhotel.com/","countryIso2":"GM","countryName":"Gambia","hotelRating":"5","latitude":"13.4846","longitude":"-16.6664","state_id":2666,"state_name":"Banjul","country_id":80},{"active":false,"Giataid":"5961","cityId":52221,"cityName":"Banjul","hotelId":20007597,"hotelName":"Palm Grove","address":"Private Mail Bag No. 334 (Serrekunda),Banjul Highway,Banjul,Gambia","phones":"+2204201620","fax":"+2204201621","email":"palmgrove@gamtel.gm","url":"","countryIso2":"GM","countryName":"Gambia","hotelRating":"3","latitude":"13.466","longitude":"-16.6051","state_id":2666,"state_name":"Banjul","country_id":80},{"active":false,"Giataid":"605525","cityId":52221,"cityName":"Banjul","hotelId":20009038,"hotelName":"Woodpecker Resort","address":"No 1 Woodpecker Street,Banjulinding Highway,Banjulinding,Gambia","phones":"","fax":"","email":"","url":"","countryIso2":"GM","countryName":"Gambia","hotelRating":"3","latitude":"13.3694","longitude":"-16.6548","state_id":2666,"state_name":"Banjul","country_id":80},{"active":false,"Giataid":"5962","cityId":52219,"cityName":"Bakau","hotelId":20010560,"hotelName":"African Village","address":"98 Atlantic Road,P.O. Box 4227,Bakau,Gambia","phones":"+2204495384","fax":"+2204495307","email":"africanvillagehotel@yahoo.com","url":"","countryIso2":"GM","countryName":"Gambia","hotelRating":"3","latitude":"13.4814","longitude":"-16.679","state_id":2666,"state_name":"Banjul","country_id":80},{"active":false,"Giataid":"92811","cityId":52254,"cityName":"Janjanbureh","hotelId":20011361,"hotelName":"Janjangbureh Camp","address":"Janjanbureh 676182,Gambia","phones":"","fax":"","email":"","url":"","countryIso2":"GM","countryName":"Gambia","hotelRating":"2","latitude":"13.5362","longitude":"-14.7659","state_id":2669,"state_name":"Central River Division","country_id":80},{"active":false,"Giataid":"999204","cityId":52221,"cityName":"Banjul","hotelId":20430390,"hotelName":"Kajamor","address":"5 Brikama Sanchaba Kombo Cettal Western Divison,2 Sanyang Beach,Banjul,Gambia","phones":"","fax":"","email":"","url":"","countryIso2":"GM","countryName":"Gambia","hotelRating":"1","latitude":"13.4271","longitude":"-16.6796","state_id":2666,"state_name":"Banjul","country_id":80}]