[{"active":false,"Giataid":"5960","cityId":52221,"cityName":"Banjul","hotelId":5960,"hotelName":"Laico Atlantic","address":"Marina Parade,P.O. Box 296,Banjul 1602,Gambia,Gambia","phones":"+2204228601","fax":"+2204227861","email":"gm@laico-atlantic.com","url":"http://www.laicohotels.com/en/hotel/gambia/banjul/laico-atlantic.html","countryIso2":"GM","countryName":"Gambia","hotelRating":"4","latitude":"13.4595","longitude":"-16.5784","state_id":2666,"state_name":"Banjul","country_id":80},{"active":false,"Giataid":"5963","cityId":52219,"cityName":"Bakau","hotelId":5963,"hotelName":"Mariatou Beach","address":"Kofi Annan Street,Cape Point,Bakau,Gambia","phones":"","fax":"","email":"","url":"","countryIso2":"GM","countryName":"Gambia","hotelRating":"1","latitude":"13.4271","longitude":"-16.6796","state_id":2666,"state_name":"Banjul","country_id":80},{"active":false,"Giataid":"5963","cityId":52219,"cityName":"Bakau","hotelId":5963,"hotelName":"Mariatou Beach","address":"Kofi Annan Street,Cape Point,Bakau,Gambia","phones":"","fax":"","email":"","url":"","countryIso2":"GM","countryName":"Gambia","hotelRating":"1","latitude":"13.4271","longitude":"-16.6796","state_id":2666,"state_name":"Banjul","country_id":80},{"active":false,"Giataid":"92813","cityId":null,"cityName":"Kololi Beach","hotelId":5964,"hotelName":"Banna Beach","address":"Off Bretil-Harding Highway,Behind Lamtoro Clinic,4068 Kololi,Kololi Beach,Serrekunda,Gambia","phones":"","fax":"","email":"","url":"","countryIso2":"GM","countryName":"Gambia","hotelRating":"1","latitude":"13.4271","longitude":"-16.6796","state_id":null,"state_name":null,"country_id":null},{"active":false,"Giataid":"5965","cityId":null,"cityName":"Kololi Beach","hotelId":5965,"hotelName":"smartline Palma Rima Hotel","address":"Bertil Harding Hwy,350 Serrekunda,Kololi Beach,Gambia","phones":"+2204463380","fax":"+2204463382","email":"info@palmarimahotel.com","url":"http://www.palmarimahotel.com/","countryIso2":"GM","countryName":"Gambia","hotelRating":"3","latitude":"13.454","longitude":"-16.7135","state_id":null,"state_name":null,"country_id":null},{"active":false,"Giataid":"5966","cityId":null,"cityName":"Serrekunda","hotelId":5966,"hotelName":"Senegambia Beach","address":"Kololi district,Gambia,Gambia","phones":"+2204462717","fax":"+2204463811","email":"info@senegambiahotel.com","url":"http://www.senegambiahotel.com","countryIso2":"GM","countryName":"Gambia","hotelRating":"3","latitude":"13.4433","longitude":"-16.7224","state_id":null,"state_name":null,"country_id":null},{"active":false,"Giataid":"8398","cityId":null,"cityName":"Kotu","hotelId":8398,"hotelName":"Badala Park","address":"Pmb 467,Kotu Stream,Serrekunda,West Africa,Gambia","phones":"+2204463631","fax":"","email":"badalaparkhotel@gmail.com","url":"http://badalaparkhotel.com","countryIso2":"GM","countryName":"Gambia","hotelRating":"2","latitude":"13.4583","longitude":"-16.7057","state_id":null,"state_name":null,"country_id":null},{"active":false,"Giataid":"14091","cityId":52221,"cityName":"Banjul","hotelId":14091,"hotelName":"Holiday Beach Club","address":"P.O. Box 2700,Banjul,Gambia","phones":"+2204460419","fax":"+2204460023","email":"hbc.gambia@yahoo.com","url":"http://www.holidaybeachclubgambia.com/","countryIso2":"GM","countryName":"Gambia","hotelRating":"2","latitude":"13.4412","longitude":"-16.7244","state_id":2666,"state_name":"Banjul","country_id":80},{"active":false,"Giataid":"15343","cityId":52221,"cityName":"Banjul","hotelId":15343,"hotelName":"Kerr Ya Bajen","address":"Cemetery Road,Kanifing Industrial Estate,P.O. Box 121,Banjul,Gambia","phones":"","fax":"","email":"","url":"","countryIso2":"GM","countryName":"Gambia","hotelRating":"1","latitude":"13.4271","longitude":"-16.6796","state_id":2666,"state_name":"Banjul","country_id":80},{"active":false,"Giataid":"21721","cityId":null,"cityName":"Kololi Beach","hotelId":21721,"hotelName":"The Kairaba Beach Hotel","address":"PMB 390,Serrekunda,Gambia","phones":"+2204462940","fax":"+2204462947","email":"reservations@kairabahotel.com","url":"http://www.kairabahotel.com","countryIso2":"GM","countryName":"Gambia","hotelRating":"5","latitude":"13.4424","longitude":"-16.7235","state_id":null,"state_name":null,"country_id":null},{"active":false,"Giataid":"21727","cityId":52219,"cityName":"Bakau","hotelId":21727,"hotelName":"Sunbeach Hotel & Resort","address":"Kofi Annan Street,Bakau,Gambia","phones":"+2204497190","fax":"+2204497193","email":"sunbeach@qanet.gm","url":"http://www.sunbeachhotel.com","countryIso2":"GM","countryName":"Gambia","hotelRating":"4","latitude":"13.4876","longitude":"-16.6675","state_id":2666,"state_name":"Banjul","country_id":80},{"active":false,"Giataid":"22492","cityId":52221,"cityName":"Banjul","hotelId":22492,"hotelName":"Taf Annex","address":"Senegambia,Serekunda,Gambia","phones":"","fax":"","email":"","url":"","countryIso2":"GM","countryName":"Gambia","hotelRating":"1","latitude":"13.4271","longitude":"-16.6796","state_id":2666,"state_name":"Banjul","country_id":80},{"active":false,"Giataid":"22492","cityId":null,"cityName":"Serrekunda","hotelId":22492,"hotelName":"Taf Annex","address":"Senegambia,Serekunda,Gambia","phones":"","fax":"","email":"","url":"","countryIso2":"GM","countryName":"Gambia","hotelRating":"1","latitude":"13.4271","longitude":"-16.6796","state_id":null,"state_name":null,"country_id":null},{"active":false,"Giataid":"22493","cityId":null,"cityName":"Kololi Beach","hotelId":22493,"hotelName":"Sarges Hotel","address":"P.O. Box 2697,Senegambia,Serrekunda,Gambia","phones":"+2204460510","fax":"","email":"","url":"","countryIso2":"GM","countryName":"Gambia","hotelRating":"3","latitude":"13.4408","longitude":"-16.7243","state_id":null,"state_name":null,"country_id":null},{"active":false,"Giataid":"22694","cityId":null,"cityName":"Kololi Beach","hotelId":22694,"hotelName":"The Boucarabou","address":"Kololi Beach,Gambia","phones":"","fax":"","email":"","url":"","countryIso2":"GM","countryName":"Gambia","hotelRating":"1","latitude":"13.4471","longitude":"-16.7174","state_id":null,"state_name":null,"country_id":null},{"active":false,"Giataid":"37765","cityId":null,"cityName":"Kotu","hotelId":37765,"hotelName":"Sunset Beach Hotel","address":"Kotu Stream Road,P.M. Box 541,Serrekunda,Kotu,Gambia","phones":"+2204466397","fax":"+2204463874","email":"info@sunsetbeachhotel.gm","url":"http://www.sunsetbeachhotel.gm","countryIso2":"GM","countryName":"Gambia","hotelRating":"3","latitude":"13.4617","longitude":"-16.7069","state_id":null,"state_name":null,"country_id":null},{"active":false,"Giataid":"38211","cityId":null,"cityName":"Kotu","hotelId":38211,"hotelName":"Bungalow Beach","address":"P.O. Box 2637,Kotu Beach,Serrekunda,Gambia","phones":"+2204465288","fax":"+2204466180","email":"info@bbhotel.gm","url":"http://www.bbhotel.gm/","countryIso2":"GM","countryName":"Gambia","hotelRating":"3","latitude":"13.4645","longitude":"-16.7032","state_id":null,"state_name":null,"country_id":null},{"active":false,"Giataid":"42444","cityId":52221,"cityName":"Banjul","hotelId":42444,"hotelName":"Bijilo Beach Hotel","address":"Bijilo Village,PO Box 4061,Kombo Coastal Road,Bakau,Gambia","phones":"+2204462707","fax":"+2204462703","email":"info@bijilobeachhotel.com","url":"http://www.bijilobeachhotel.com/","countryIso2":"GM","countryName":"Gambia","hotelRating":"3","latitude":"13.4227","longitude":"-16.734","state_id":2666,"state_name":"Banjul","country_id":80},{"active":false,"Giataid":"47851","cityId":null,"cityName":"Kotu","hotelId":47851,"hotelName":"Kombo Beach","address":"P.O. Box 694 Banjul,Kotu,Kotu Strand,Gambia","phones":"+2204465466","fax":"+2204465490","email":"info@kombobeachhotel.gm","url":"http://www.accessgambia.com/hotelweb/kombo-beach.html","countryIso2":"GM","countryName":"Gambia","hotelRating":"4","latitude":"13.4636","longitude":"-16.7051","state_id":null,"state_name":null,"country_id":null},{"active":false,"Giataid":"5963","cityId":52219,"cityName":"Bakau","hotelId":47852,"hotelName":"Ocean Bay","address":"Kofi Annan Street,Cape Point,Bakau,Gambia","phones":"+2204494281","fax":"+2204494268","email":"info@oceanbayhotel.com","url":"http://www.oceanbayhotel.com/","countryIso2":"GM","countryName":"Gambia","hotelRating":"5","latitude":"13.4846","longitude":"-16.6664","state_id":2666,"state_name":"Banjul","country_id":80},{"active":false,"Giataid":"5963","cityId":52219,"cityName":"Bakau","hotelId":47852,"hotelName":"Ocean Bay","address":"Kofi Annan Street,Cape Point,Bakau,Gambia","phones":"+2204494281","fax":"+2204494268","email":"info@oceanbayhotel.com","url":"http://www.oceanbayhotel.com/","countryIso2":"GM","countryName":"Gambia","hotelRating":"5","latitude":"13.4846","longitude":"-16.6664","state_id":2666,"state_name":"Banjul","country_id":80},{"active":false,"Giataid":"76156","cityId":null,"cityName":"Bijilo","hotelId":76156,"hotelName":"Golden Beach Resort","address":"Kombo Coastal Road,Bijilo,Gambia","phones":"+2204465111","fax":"+2204463722","email":"info@goldenbeachhotel.gm","url":"http://www.goldenbeachhotel.gm","countryIso2":"GM","countryName":"Gambia","hotelRating":"3","latitude":"13.4205","longitude":"-16.735","state_id":null,"state_name":null,"country_id":null},{"active":false,"Giataid":"188279","cityId":null,"cityName":"Baboon Islands","hotelId":188279,"hotelName":"Baboon Island Camp","address":"","phones":"","fax":"","email":"","url":"","countryIso2":"GM","countryName":"Gambia","hotelRating":"2","latitude":"0","longitude":"0","state_id":null,"state_name":null,"country_id":null},{"active":false,"Giataid":"227840","cityId":null,"cityName":"Cape Point","hotelId":227840,"hotelName":"Roc Heights Lodge","address":"Samba Breku Road,Cape Point,Gambia","phones":"+2204495428","fax":"","email":"reservations@rocheightslodge.com","url":"http://www.rocheightslodge.com/index.html","countryIso2":"GM","countryName":"Gambia","hotelRating":"4","latitude":"13.4826","longitude":"-16.6674","state_id":null,"state_name":null,"country_id":null},{"active":false,"Giataid":"238327","cityId":null,"cityName":"Kololi Beach","hotelId":238327,"hotelName":"Djeliba Hotel & Spa","address":"Kololi Beach,Gambia","phones":"+2207004498","fax":"+2207324228","email":"eli@djelibahotel.com","url":"http://www.djelibahotel.com/","countryIso2":"GM","countryName":"Gambia","hotelRating":"3","latitude":"13.4483","longitude":"-16.7206","state_id":null,"state_name":null,"country_id":null},{"active":false,"Giataid":"449291","cityId":null,"cityName":"Brufut Heights","hotelId":449291,"hotelName":"Leo's Beach Hotel & Restaurant","address":"Brufut Heights 46,Brufut,Gambia","phones":"+2207212830","fax":"","email":"info@leosgambia.com","url":"http://leos.gm/","countryIso2":"GM","countryName":"Gambia","hotelRating":"4","latitude":"13.4068","longitude":"-16.7436","state_id":null,"state_name":null,"country_id":null},{"active":false,"Giataid":"449371","cityId":null,"cityName":"Brufut Heights","hotelId":449371,"hotelName":"Smile Gambia Holiday Home","address":"Coastal road, Brufut,Gambia","phones":"","fax":"","email":"","url":"","countryIso2":"GM","countryName":"Gambia","hotelRating":"2","latitude":"13.3843","longitude":"-16.7526","state_id":null,"state_name":null,"country_id":null},{"active":false,"Giataid":"460947","cityId":null,"cityName":"Yundum","hotelId":460947,"hotelName":"Farato Bungalow�?s hotel","address":"","phones":"","fax":"","email":"","url":"","countryIso2":"GM","countryName":"Gambia","hotelRating":"3","latitude":"13.3146","longitude":"-16.6688","state_id":null,"state_name":null,"country_id":null},{"active":false,"Giataid":"511111","cityId":null,"cityName":"Serrekunda","hotelId":511111,"hotelName":"Sand Beach Hotel","address":"Point Zone,Kotu,Serrekunda,Gambia","phones":"","fax":"","email":"","url":"","countryIso2":"GM","countryName":"Gambia","hotelRating":"3","latitude":"13.4573","longitude":"-16.7129","state_id":null,"state_name":null,"country_id":null},{"active":false,"Giataid":"551625","cityId":null,"cityName":"Serrekunda","hotelId":551625,"hotelName":"The Karaiba Hotel","address":"Ampaya PMB 390,Serrekunda,Bakau,Gambia","phones":"+2204462940","fax":"+2204465870","email":"info@kairabahotel.com","url":"http://kairabahotel.com","countryIso2":"GM","countryName":"Gambia","hotelRating":"1","latitude":"13.4428","longitude":"-16.7242","state_id":null,"state_name":null,"country_id":null},{"active":false,"Giataid":"651797","cityId":null,"cityName":"Kololi Beach","hotelId":651797,"hotelName":"Balafon Beach Resort","address":"Djeliba Plaza Street,Kololi Beach,Serrekunda,Gambia","phones":"+2202026200","fax":"","email":"","url":"","countryIso2":"GM","countryName":"Gambia","hotelRating":"4","latitude":"13.4452","longitude":"-16.72","state_id":null,"state_name":null,"country_id":null},{"active":false,"Giataid":"667324","cityId":null,"cityName":"Brufut Heights","hotelId":667324,"hotelName":"Hibiscus House Gambia","address":"Brufut,The Gambia,Gambia","phones":"","fax":"","email":"info@hibiscushousegambia.com","url":"https://www.hibiscushousegambia.com/","countryIso2":"GM","countryName":"Gambia","hotelRating":"3","latitude":"13.3904","longitude":"-16.7468","state_id":null,"state_name":null,"country_id":null},{"active":false,"Giataid":"726390","cityId":null,"cityName":"Serrekunda","hotelId":726390,"hotelName":"Tigerlily Gardens","address":"Brusibi Phase 2 off Coastal Road,Serrekunda,Gambia,Gambia","phones":"","fax":"","email":"","url":"","countryIso2":"GM","countryName":"Gambia","hotelRating":"3","latitude":"13.4256","longitude":"-16.7085","state_id":null,"state_name":null,"country_id":null},{"active":false,"Giataid":"783363","cityId":null,"cityName":"Brufut Heights","hotelId":783363,"hotelName":"Afree Hostel","address":"Senegambia Road,Brufut,Gambia","phones":"","fax":"","email":"","url":"","countryIso2":"GM","countryName":"Gambia","hotelRating":"1","latitude":"13.3845","longitude":"-16.7526","state_id":null,"state_name":null,"country_id":null},{"active":false,"Giataid":"785780","cityId":null,"cityName":"Serrekunda","hotelId":785780,"hotelName":"Swiss Boutique Hotel","address":"Bertil Harding Highway Bijilo,Serekunda,Gambia","phones":"","fax":"","email":"","url":"","countryIso2":"GM","countryName":"Gambia","hotelRating":"3","latitude":"13.4256","longitude":"-16.7085","state_id":null,"state_name":null,"country_id":null},{"active":false,"Giataid":"795605","cityId":null,"cityName":"Kololi Beach","hotelId":795605,"hotelName":"Kololi Beach Resort","address":"Kerr Serign,PMB241 Kololi,Gambia","phones":"","fax":"","email":"","url":"","countryIso2":"GM","countryName":"Gambia","hotelRating":"1","latitude":"13.4452","longitude":"-16.72","state_id":null,"state_name":null,"country_id":null},{"active":false,"Giataid":"816189","cityId":null,"cityName":"Serrekunda","hotelId":816189,"hotelName":"Sunprime Tamala Beach","address":"Kotu,Serrekunda,Gambia","phones":"","fax":"","email":"","url":"https://www.ving.se/gambia/gambia/sunprime-tamala-beach?push=locationAndTransfer&utm_campaign=sunprime&utm_medium=content&utm_source=googleplaces","countryIso2":"GM","countryName":"Gambia","hotelRating":"1","latitude":"13.4256","longitude":"-16.7085","state_id":null,"state_name":null,"country_id":null},{"active":false,"Giataid":"820596","cityId":null,"cityName":"Kotu","hotelId":820596,"hotelName":"African Princess Beach Hotel","address":"Kotu Beach,Kotu,Gambia","phones":"+2207755000","fax":"","email":"info@africanprincesshotel.com","url":"http://www.africanprincesshotel.com/","countryIso2":"GM","countryName":"Gambia","hotelRating":"4","latitude":"13.4601","longitude":"-16.7065","state_id":null,"state_name":null,"country_id":null},{"active":false,"Giataid":"820666","cityId":null,"cityName":"Serrekunda","hotelId":820666,"hotelName":"Metzy Residence Hotel","address":"Kololi Road kololi Road,Serekunda,Gambia","phones":"+2202949631","fax":"","email":"","url":"http://metzyresidence.com-hotel.website/","countryIso2":"GM","countryName":"Gambia","hotelRating":"4","latitude":"13.4256","longitude":"-16.7085","state_id":null,"state_name":null,"country_id":null},{"active":false,"Giataid":"824514","cityId":null,"cityName":"Serrekunda","hotelId":824514,"hotelName":"Cook's Club Gambia","address":"NULL","phones":"","fax":"","email":"","url":"","countryIso2":"GM","countryName":"Gambia","hotelRating":"1","latitude":"13.4256","longitude":"-16.7085","state_id":null,"state_name":null,"country_id":null},{"active":false,"Giataid":"843373","cityId":null,"cityName":"Kololi Beach","hotelId":843373,"hotelName":"Kerrsering Apartments","address":"Kerrsering village,Kololi,Gambia","phones":"+22032015612632","fax":"","email":"info@kerrseringapartments.com","url":"http://www.kerrseringapartments.com/","countryIso2":"GM","countryName":"Gambia","hotelRating":"1","latitude":"13.4452","longitude":"-16.72","state_id":null,"state_name":null,"country_id":null},{"active":false,"Giataid":"485919","cityId":null,"cityName":"Bijilo","hotelId":10061853,"hotelName":"Oasis Relax Lodge","address":"Bijilo,Serrekunda,Gambia","phones":"+220322207176226","fax":"","email":"","url":"","countryIso2":"GM","countryName":"Gambia","hotelRating":"3","latitude":"13.4192","longitude":"-16.7267","state_id":null,"state_name":null,"country_id":null},{"active":false,"Giataid":"449555","cityId":null,"cityName":"Brufut Heights","hotelId":10063083,"hotelName":"Ocean Villa Heights","address":"51,Brufut Heights,Brufu,Gambia","phones":"+220322202487430","fax":"","email":"","url":"","countryIso2":"GM","countryName":"Gambia","hotelRating":"4","latitude":"13.3845","longitude":"-16.753","state_id":null,"state_name":null,"country_id":null},{"active":false,"Giataid":"100863","cityId":null,"cityName":"Kotu","hotelId":10105952,"hotelName":"Ryan Appartments","address":"Bertil Harding Highway,416230 Kololi,Kotu,Gambia","phones":"NULL","fax":"NULL","email":"NULL","url":"NULL","countryIso2":"GM","countryName":"Gambia","hotelRating":"3","latitude":"13.4513","longitude":"-16.7139","state_id":null,"state_name":null,"country_id":null},{"active":false,"Giataid":"511676","cityId":null,"cityName":"Serrekunda","hotelId":10107109,"hotelName":"Seafront Residence Hotel","address":"Kombo Coastal Highway,PO Box 3455,Bijilo,Serrekunda,Gambia","phones":"NULL","fax":"NULL","email":"NULL","url":"NULL","countryIso2":"GM","countryName":"Gambia","hotelRating":"4","latitude":"13.4198","longitude":"-16.7353","state_id":null,"state_name":null,"country_id":null},{"active":false,"Giataid":"436598","cityId":null,"cityName":"Kololi Beach","hotelId":10109758,"hotelName":"Bamboo Garden Hotel","address":"Off Bertil Harding�s Highway,Duplex Complex Center,Kololi,Kombo Saint Mary District,Gambia","phones":"+2204463081","fax":"NULL","email":"NULL","url":"NULL","countryIso2":"GM","countryName":"Gambia","hotelRating":"3","latitude":"13.4469","longitude":"-16.7193","state_id":null,"state_name":null,"country_id":null},{"active":false,"Giataid":"434396","cityId":null,"cityName":"Kotu","hotelId":10118719,"hotelName":"Flourish Wellness Resort","address":"Kotu Beach Serrekunda  1,Serrekunda,Banjul,Gambia","phones":"+2204464704","fax":"NULL","email":"NULL","url":"NULL","countryIso2":"GM","countryName":"Gambia","hotelRating":"5","latitude":"13.4566","longitude":"-16.7136","state_id":null,"state_name":null,"country_id":null},{"active":false,"Giataid":"8464","cityId":null,"cityName":"Kotu","hotelId":20007268,"hotelName":"Bakotu Hotel","address":"2 Kotu Stream Road,Kotu Beach,Kotu,Gambia","phones":"+2204465555","fax":"","email":"bookings@bakotuhotel.com","url":"http://www.bakotuhotel.com","countryIso2":"GM","countryName":"Gambia","hotelRating":"3","latitude":"13.4639","longitude":"-16.7035","state_id":null,"state_name":null,"country_id":null},{"active":false,"Giataid":"68999","cityId":null,"cityName":"Serrekunda","hotelId":20007470,"hotelName":"Mandina River & Jungle Lodges","address":"Makasutu Forest,Gambia,Gambia","phones":"","fax":"","email":"info@makasutu.com","url":"http://www.mandinalodges.com/","countryIso2":"GM","countryName":"Gambia","hotelRating":"5","latitude":"13.3106","longitude":"-16.6087","state_id":null,"state_name":null,"country_id":null},{"active":false,"Giataid":"5961","cityId":52221,"cityName":"Banjul","hotelId":20007597,"hotelName":"Palm Grove","address":"Private Mail Bag No. 334 (Serrekunda),Banjul Highway,Banjul,Gambia","phones":"+2204201620","fax":"+2204201621","email":"palmgrove@gamtel.gm","url":"","countryIso2":"GM","countryName":"Gambia","hotelRating":"3","latitude":"13.466","longitude":"-16.6051","state_id":2666,"state_name":"Banjul","country_id":80},{"active":false,"Giataid":"92812","cityId":null,"cityName":"Fajara","hotelId":20007775,"hotelName":"Leybato Hotel","address":"Fajara Beach,Kairaba Avenue,P.O. Box 2180,Serrekunda,Gambia","phones":"+2204497186","fax":"","email":"leybato47@hotmail.com","url":"http://www.accessgambia.com/hotelweb/leybato-motel.html","countryIso2":"GM","countryName":"Gambia","hotelRating":"2","latitude":"13.4723","longitude":"-16.697","state_id":null,"state_name":null,"country_id":null},{"active":false,"Giataid":"689675","cityId":null,"cityName":"Serrekunda","hotelId":20007901,"hotelName":"A La Casa","address":"Rue de Smet,Serekunda,Gambia","phones":"+2207700057","fax":"","email":"imagineclub@hotmail.com","url":"http://www.casacarla.gm/","countryIso2":"GM","countryName":"Gambia","hotelRating":"2","latitude":"13.4183","longitude":"-16.7257","state_id":null,"state_name":null,"country_id":null},{"active":false,"Giataid":"499324","cityId":null,"cityName":"Serrekunda","hotelId":20008488,"hotelName":"Kololi Beach Club","address":"PMB  241,Kerr Serign,Serrekunda,Gambia","phones":"+2204464897","fax":"","email":"booking@kololi.com","url":"http://www.kololi.com","countryIso2":"GM","countryName":"Gambia","hotelRating":"4","latitude":"13.4395","longitude":"-16.7248","state_id":null,"state_name":null,"country_id":null},{"active":false,"Giataid":"547014","cityId":null,"cityName":"Serrekunda","hotelId":20008613,"hotelName":"Tanji Bird Reserve Eco Lodge","address":"Brufut,121 Brufut,South Gambia,Gambia","phones":"","fax":"","email":"","url":"","countryIso2":"GM","countryName":"Gambia","hotelRating":"3","latitude":"13.3796","longitude":"-16.7808","state_id":null,"state_name":null,"country_id":null},{"active":false,"Giataid":"260995","cityId":null,"cityName":"Serrekunda","hotelId":20008742,"hotelName":"Djembe Beach Hotel","address":"Seaview Plaza,Kololi,Gambia","phones":"+220777888999","fax":"+220777888999","email":"info@djemberesorts.com","url":"http://www.djemberesort.com/","countryIso2":"GM","countryName":"Gambia","hotelRating":"3","latitude":"13.4499","longitude":"-16.7224","state_id":null,"state_name":null,"country_id":null},{"active":false,"Giataid":"464133","cityId":null,"cityName":"Kololi Beach","hotelId":20008905,"hotelName":"Hotel Janta Bi","address":"New Senegambia Road,Kololi, Banjul,Gambia","phones":"","fax":"","email":"","url":"","countryIso2":"GM","countryName":"Gambia","hotelRating":"0","latitude":"13.4452","longitude":"-16.72","state_id":null,"state_name":null,"country_id":null},{"active":false,"Giataid":"605525","cityId":52221,"cityName":"Banjul","hotelId":20009038,"hotelName":"Woodpecker Resort","address":"No 1 Woodpecker Street,Banjulinding Highway,Banjulinding,Gambia","phones":"","fax":"","email":"","url":"","countryIso2":"GM","countryName":"Gambia","hotelRating":"3","latitude":"13.3694","longitude":"-16.6548","state_id":2666,"state_name":"Banjul","country_id":80},{"active":false,"Giataid":"407135","cityId":null,"cityName":"Serrekunda","hotelId":20009463,"hotelName":"White Horse Residence","address":"P.O. Box 2030,Batokunku WCR,Serrekunda,Gambia","phones":"+2203601111","fax":"","email":"info@whitehorseresidence.com","url":"http://www.whitehorseresidence.com","countryIso2":"GM","countryName":"Gambia","hotelRating":"0","latitude":"13.4386","longitude":"-16.6817","state_id":null,"state_name":null,"country_id":null},{"active":false,"Giataid":"100725","cityId":null,"cityName":"Bijilo","hotelId":20009518,"hotelName":"Lemon Creek Resort","address":"Kombo Coastal Road,PO Box 3306,Bijilo,Serrekunda,Gambia","phones":"+2206611800","fax":"","email":"info@lemoncreek.net","url":"http://www.lemoncreek.net/","countryIso2":"GM","countryName":"Gambia","hotelRating":"3","latitude":"13.419","longitude":"-16.736","state_id":null,"state_name":null,"country_id":null},{"active":false,"Giataid":"18668","cityId":null,"cityName":"Kololi Beach","hotelId":20009645,"hotelName":"Paradise Suites Hotel","address":"3 Paradise Place,Bertil Harding,Kotu,Kololi Beach,P. O. Box 802,Banjul,Gambia","phones":"+2204463429","fax":"+2204463451","email":"info@paradisesuites.gm","url":"http://www.paradisesuites.gm/","countryIso2":"GM","countryName":"Gambia","hotelRating":"3","latitude":"13.4458","longitude":"-16.7196","state_id":null,"state_name":null,"country_id":null},{"active":false,"Giataid":"453379","cityId":null,"cityName":"Serrekunda","hotelId":20009802,"hotelName":"Bakadaji Hotel","address":"Bertil Harding Highway,Kololi,Serrekunda,Gambia","phones":"+2204465701","fax":"","email":"kawsun@yahoo.com","url":"http://www.bakadajihotel.com/","countryIso2":"GM","countryName":"Gambia","hotelRating":"2","latitude":"13.4517","longitude":"-16.7148","state_id":null,"state_name":null,"country_id":null},{"active":false,"Giataid":"545657","cityId":null,"cityName":"Fajara","hotelId":20010130,"hotelName":"Pelican Residence","address":"28 Garba Jahumpa Road,Fajara,Banjul,Gambia","phones":"+2204495360","fax":"","email":"reservation@pelicanresidence.com","url":"http://www.pelicanresidence.com/","countryIso2":"GM","countryName":"Gambia","hotelRating":"3","latitude":"13.4729","longitude":"-16.6803","state_id":null,"state_name":null,"country_id":null},{"active":false,"Giataid":"92816","cityId":null,"cityName":"Kanilai","hotelId":20010283,"hotelName":"Sindola Lodge","address":"Kanilai Village,Gambia","phones":"","fax":"","email":"","url":"","countryIso2":"GM","countryName":"Gambia","hotelRating":"4","latitude":"13.172","longitude":"-16.0063","state_id":null,"state_name":null,"country_id":null},{"active":false,"Giataid":"5962","cityId":52219,"cityName":"Bakau","hotelId":20010560,"hotelName":"African Village","address":"98 Atlantic Road,P.O. Box 4227,Bakau,Gambia","phones":"+2204495384","fax":"+2204495307","email":"africanvillagehotel@yahoo.com","url":"","countryIso2":"GM","countryName":"Gambia","hotelRating":"3","latitude":"13.4814","longitude":"-16.679","state_id":2666,"state_name":"Banjul","country_id":80},{"active":false,"Giataid":"17959","cityId":null,"cityName":"Fajara","hotelId":20010769,"hotelName":"Ngala Lodge","address":"64 Atlantic Boulevard,Fajara,Gambia","phones":"+2204494045","fax":"+2204494645","email":"info@ngalalodge.com","url":"http://www.ngalalodge.com/","countryIso2":"GM","countryName":"Gambia","hotelRating":"4","latitude":"13.4769","longitude":"-16.6877","state_id":null,"state_name":null,"country_id":null},{"active":false,"Giataid":"512649","cityId":null,"cityName":"Serrekunda","hotelId":20010910,"hotelName":"Sermaho Residence  Adults Only","address":"50 Fajara M Section,PO Box 2035,Serrekunda,Gambia,Gambia","phones":"","fax":"","email":"","url":"","countryIso2":"GM","countryName":"Gambia","hotelRating":"3","latitude":"13.4627","longitude":"-16.6845","state_id":null,"state_name":null,"country_id":null},{"active":false,"Giataid":"648292","cityId":null,"cityName":"Fajara","hotelId":20011072,"hotelName":"Fajara All Inclusive Resort","address":"10 Atlantic Boulevard,Fajara,Serrekunda,Western Gambia,Gambia","phones":"","fax":"","email":"","url":"","countryIso2":"GM","countryName":"Gambia","hotelRating":"3","latitude":"13.48","longitude":"-16.6791","state_id":null,"state_name":null,"country_id":null},{"active":false,"Giataid":"672444","cityId":null,"cityName":"Bijilo","hotelId":20011205,"hotelName":"Bed and Breakfast Villa Calliandra","address":"near Senegambia Highway,Bijilo,Serrekunda,Gambia","phones":"+2203123332","fax":"","email":"","url":"http://villa-calliandra.business.site/","countryIso2":"GM","countryName":"Gambia","hotelRating":"3","latitude":"13.423","longitude":"-16.7206","state_id":null,"state_name":null,"country_id":null},{"active":false,"Giataid":"92811","cityId":52254,"cityName":"Janjanbureh","hotelId":20011361,"hotelName":"Janjangbureh Camp","address":"Janjanbureh 676182,Gambia","phones":"","fax":"","email":"","url":"","countryIso2":"GM","countryName":"Gambia","hotelRating":"2","latitude":"13.5362","longitude":"-14.7659","state_id":2669,"state_name":"Central River Division","country_id":80},{"active":false,"Giataid":"904851","cityId":null,"cityName":"Serrekunda","hotelId":20315477,"hotelName":"Mango Lodge","address":"Hygate Road,Ghana Town,Burfut,Serrekunda,Gambia","phones":"","fax":"","email":"robhygate72@gmail.com","url":"http://www.mangolodgegambia.com/","countryIso2":"GM","countryName":"Gambia","hotelRating":"0","latitude":"13.4256","longitude":"-16.7085","state_id":null,"state_name":null,"country_id":null},{"active":false,"Giataid":"912967","cityId":null,"cityName":"Brufut Heights","hotelId":20315479,"hotelName":"Dabo House Hotel","address":"Tranquil,Brufut,Gambia","phones":"","fax":"","email":"","url":"","countryIso2":"GM","countryName":"Gambia","hotelRating":"0","latitude":"13.3845","longitude":"-16.7526","state_id":null,"state_name":null,"country_id":null},{"active":false,"Giataid":"877680","cityId":null,"cityName":"Serrekunda","hotelId":20315488,"hotelName":"Drammeh's Villa","address":"Senegambia Highway,Serrekunda,Banjul,Gambia","phones":"","fax":"","email":"","url":"","countryIso2":"GM","countryName":"Gambia","hotelRating":"0","latitude":"13.4256","longitude":"-16.7085","state_id":null,"state_name":null,"country_id":null},{"active":false,"Giataid":"904864","cityId":null,"cityName":"Serrekunda","hotelId":20315492,"hotelName":"Aya Guest House","address":"Gambia Bijilo West Africa,Serrekunda,Bijilo,West Coast,Gambia","phones":"","fax":"","email":"","url":"","countryIso2":"GM","countryName":"Gambia","hotelRating":"0","latitude":"13.4256","longitude":"-16.7085","state_id":null,"state_name":null,"country_id":null},{"active":false,"Giataid":"999204","cityId":52221,"cityName":"Banjul","hotelId":20430390,"hotelName":"Kajamor","address":"5 Brikama Sanchaba Kombo Cettal Western Divison,2 Sanyang Beach,Banjul,Gambia","phones":"","fax":"","email":"","url":"","countryIso2":"GM","countryName":"Gambia","hotelRating":"1","latitude":"13.4271","longitude":"-16.6796","state_id":2666,"state_name":"Banjul","country_id":80},{"active":false,"Giataid":"999228","cityId":null,"cityName":"Serrekunda","hotelId":20430391,"hotelName":"Dana Lodge Residence","address":"514 PMB,Kerr Serign,Serekunda,Gambia","phones":"","fax":"","email":"","url":"http://dana-lodge-residence.business.site/","countryIso2":"GM","countryName":"Gambia","hotelRating":"1","latitude":"13.4256","longitude":"-16.7085","state_id":null,"state_name":null,"country_id":null}]