[{"active":false,"Giataid":"129584","cityId":134656,"cityName":"Isfahan","hotelId":129584,"hotelName":"Suite Hotel Isfahan","address":"Acene Khne Bl,Across Sio-se-pol,Esfahan,Iran","phones":"","fax":"","email":"","url":"","countryIso2":"IR","countryName":"Iran","hotelRating":"4","latitude":"32.6492","longitude":"51.6684","state_id":3923,"state_name":"Isfahan","country_id":103},{"active":false,"Giataid":"129585","cityId":134656,"cityName":"Isfahan","hotelId":129585,"hotelName":"Parsian Ali Qapu","address":"Chahar Bagh Ave.,Isfahan 8134615813,Iran","phones":"+983132227929","fax":"","email":"","url":"","countryIso2":"IR","countryName":"Iran","hotelRating":"4","latitude":"32.6493","longitude":"51.6677","state_id":3923,"state_name":"Isfahan","country_id":103},{"active":false,"Giataid":"129586","cityId":134656,"cityName":"Isfahan","hotelId":129586,"hotelName":"Parsian Kowsar Hotel","address":"Mellat Boulevard,Isfahan,Iran","phones":"+983136240230","fax":"","email":"","url":"","countryIso2":"IR","countryName":"Iran","hotelRating":"5","latitude":"32.6422","longitude":"51.6656","state_id":3923,"state_name":"Isfahan","country_id":103},{"active":false,"Giataid":"129587","cityId":135108,"cityName":"Shiraz","hotelId":129587,"hotelName":"Parsian Hotel","address":"Roudaki avenue,Zand street,Shiraz 71357-53581,Fars,Iran","phones":"+987132304965","fax":"","email":"","url":"","countryIso2":"IR","countryName":"Iran","hotelRating":"4","latitude":"29.6274","longitude":"52.5449","state_id":3939,"state_name":"Fars","country_id":103},{"active":false,"Giataid":"131861","cityId":135108,"cityName":"Shiraz","hotelId":131861,"hotelName":"Homa","address":"","phones":"","fax":"","email":"","url":"","countryIso2":"IR","countryName":"Iran","hotelRating":"5","latitude":"29.6271","longitude":"52.541","state_id":3939,"state_name":"Fars","country_id":103},{"active":false,"Giataid":"131862","cityId":135108,"cityName":"Shiraz","hotelId":131862,"hotelName":"Aryo Barzan Hotel","address":"Roodaki Street,Zand Avenue,Shiraz,Iran","phones":"+987132247182","fax":"","email":"","url":"","countryIso2":"IR","countryName":"Iran","hotelRating":"4","latitude":"29.6222","longitude":"52.5413","state_id":3939,"state_name":"Fars","country_id":103},{"active":false,"Giataid":"131863","cityId":135108,"cityName":"Shiraz","hotelId":131863,"hotelName":"Hotel Eram Shiraz","address":"Zand Avenue,Shiraz,Iran","phones":"+987132300814","fax":"","email":"","url":"","countryIso2":"IR","countryName":"Iran","hotelRating":"5","latitude":"29.6205","longitude":"52.5389","state_id":3939,"state_name":"Fars","country_id":103},{"active":false,"Giataid":"131864","cityId":135125,"cityName":"Tabriz","hotelId":131864,"hotelName":"Gostaresh","address":"Abrasan Crossroad,Tabriz,Iran","phones":"","fax":"","email":"","url":"","countryIso2":"IR","countryName":"Iran","hotelRating":"4","latitude":"38.0878","longitude":"46.2923","state_id":3944,"state_name":"East Azerbaijan","country_id":103},{"active":false,"Giataid":"131865","cityId":135125,"cityName":"Tabriz","hotelId":131865,"hotelName":"Tabriz El-Goli Pars Hotel","address":"El Goli Park,Tabriz,Iran","phones":"+983033807820","fax":"","email":"","url":"","countryIso2":"IR","countryName":"Iran","hotelRating":"5","latitude":"38.021","longitude":"46.3683","state_id":3944,"state_name":"East Azerbaijan","country_id":103},{"active":false,"Giataid":"137573","cityId":134744,"cityName":"Qom","hotelId":137573,"hotelName":"Al Zahra","address":"","phones":"","fax":"","email":"","url":"","countryIso2":"IR","countryName":"Iran","hotelRating":"3","latitude":"34.6459","longitude":"50.8886","state_id":3922,"state_name":"Qom","country_id":103},{"active":false,"Giataid":"137696","cityId":134698,"cityName":"Mashhad","hotelId":137696,"hotelName":"Qasr International","address":"","phones":"","fax":"","email":"","url":"","countryIso2":"IR","countryName":"Iran","hotelRating":"4","latitude":"36.2623","longitude":"59.5941","state_id":3927,"state_name":"Razavi Khorasan","country_id":103},{"active":false,"Giataid":"137732","cityId":134744,"cityName":"Qom","hotelId":137732,"hotelName":"Qum International","address":"Helal Ahmar Street,Qom,Iran","phones":"+9825177719208","fax":"","email":"","url":"","countryIso2":"IR","countryName":"Iran","hotelRating":"4","latitude":"34.6209","longitude":"50.8705","state_id":3922,"state_name":"Qom","country_id":103},{"active":false,"Giataid":"137748","cityId":134744,"cityName":"Qom","hotelId":137748,"hotelName":"Rose","address":"","phones":"","fax":"","email":"","url":"","countryIso2":"IR","countryName":"Iran","hotelRating":"2","latitude":"34.6459","longitude":"50.8886","state_id":3922,"state_name":"Qom","country_id":103},{"active":false,"Giataid":"137749","cityId":134698,"cityName":"Mashhad","hotelId":137749,"hotelName":"Atlas","address":"","phones":"","fax":"","email":"","url":"","countryIso2":"IR","countryName":"Iran","hotelRating":"4","latitude":"36.2937","longitude":"59.5754","state_id":3927,"state_name":"Razavi Khorasan","country_id":103},{"active":false,"Giataid":"137779","cityId":134667,"cityName":"Kerman","hotelId":137779,"hotelName":"Arg E Jadid","address":"","phones":"","fax":"","email":"","url":"","countryIso2":"IR","countryName":"Iran","hotelRating":"3","latitude":"30.2851","longitude":"57.0386","state_id":3943,"state_name":"Kerman","country_id":103},{"active":false,"Giataid":"138112","cityId":134698,"cityName":"Mashhad","hotelId":138112,"hotelName":"Pars International Hotel","address":"Vakilabad,Sayed Shirazi Junction,Mashhad,Iran","phones":"","fax":"","email":"","url":"","countryIso2":"IR","countryName":"Iran","hotelRating":"5","latitude":"36.3307","longitude":"59.4871","state_id":3927,"state_name":"Razavi Khorasan","country_id":103},{"active":false,"Giataid":"138119","cityId":134667,"cityName":"Kerman","hotelId":138119,"hotelName":"Akhavan","address":"","phones":"","fax":"","email":"","url":"","countryIso2":"IR","countryName":"Iran","hotelRating":"4","latitude":"30.284","longitude":"57.0454","state_id":3943,"state_name":"Kerman","country_id":103},{"active":false,"Giataid":"138123","cityId":134744,"cityName":"Qom","hotelId":138123,"hotelName":"Safa","address":"Qom,Shohada Square,Moallem Avenue,Iran","phones":"","fax":"","email":"","url":"","countryIso2":"IR","countryName":"Iran","hotelRating":"4","latitude":"34.6321","longitude":"50.8747","state_id":3922,"state_name":"Qom","country_id":103},{"active":false,"Giataid":"381025","cityId":135139,"cityName":"Yasuj","hotelId":381025,"hotelName":"Parsian Azadi Hotel","address":"Namaz Boulevard,Yasuj,Iran","phones":"+982188732191","fax":"","email":"","url":"","countryIso2":"IR","countryName":"Iran","hotelRating":"5","latitude":"30.6427","longitude":"51.6047","state_id":3926,"state_name":"Kohgiluyeh and Boyer-Ahmad","country_id":103},{"active":false,"Giataid":"382936","cityId":134777,"cityName":"Shahr-e Kord","hotelId":382936,"hotelName":"Parsian Azadi","address":"Farabi Boulevard,Shahr-e Kord,Chaharmahal and Bakhtiari Province,Iran","phones":"","fax":"","email":"","url":"","countryIso2":"IR","countryName":"Iran","hotelRating":"1","latitude":"32.6492","longitude":"51.6684","state_id":3921,"state_name":"Chaharmahal and Bakhtiari","country_id":103},{"active":false,"Giataid":"386376","cityId":134555,"cityName":"Abadan","hotelId":386376,"hotelName":"Parsian Azadi Abadan Hotel","address":"","phones":"","fax":"","email":"","url":"","countryIso2":"IR","countryName":"Iran","hotelRating":"1","latitude":"0","longitude":"0","state_id":3917,"state_name":"Khuzestan","country_id":103},{"active":false,"Giataid":"386380","cityId":135140,"cityName":"Yazd","hotelId":386380,"hotelName":"Dad","address":"","phones":"","fax":"","email":"","url":"","countryIso2":"IR","countryName":"Iran","hotelRating":"4","latitude":"31.8858","longitude":"54.3659","state_id":3936,"state_name":"Yazd","country_id":103},{"active":false,"Giataid":"386382","cityId":135140,"cityName":"Yazd","hotelId":386382,"hotelName":"Parsian Yazd Hotel","address":"","phones":"","fax":"","email":"","url":"","countryIso2":"IR","countryName":"Iran","hotelRating":"1","latitude":"31.8812","longitude":"54.3631","state_id":3936,"state_name":"Yazd","country_id":103},{"active":false,"Giataid":"390783","cityId":147111,"cityName":"Hamadan","hotelId":390783,"hotelName":"Parsian Boali","address":"","phones":"","fax":"","email":"","url":"","countryIso2":"IR","countryName":"Iran","hotelRating":"1","latitude":"34.7939","longitude":"48.5138","state_id":4920,"state_name":"Hamadan","country_id":103},{"active":false,"Giataid":"390784","cityId":147111,"cityName":"Hamadan","hotelId":390784,"hotelName":"Parsian Azadi Hotel","address":"Eram Boulevard,Across to city theme park,Hamadan,Iran","phones":"+982129112","fax":"+982122344465","email":"reservation@azadihotel.com","url":"http://www.azaditehran.pih.ir","countryIso2":"IR","countryName":"Iran","hotelRating":"5","latitude":"34.7939","longitude":"48.5138","state_id":4920,"state_name":"Hamadan","country_id":103},{"active":false,"Giataid":"670970","cityId":134571,"cityName":"Arak","hotelId":670970,"hotelName":"Amirkabir Hotel","address":"","phones":"","fax":"","email":"","url":"","countryIso2":"IR","countryName":"Iran","hotelRating":"1","latitude":"0","longitude":"0","state_id":3916,"state_name":"Markazi","country_id":103},{"active":false,"Giataid":"671002","cityId":147111,"cityName":"Hamadan","hotelId":671002,"hotelName":"Parsian Hamedan Hotel","address":"Eram Boulevard,Hamadan,Iran","phones":"+988138380036","fax":"+988138380040","email":"generalmanager@hpah.ir","url":"http://hpah.ir/EN/hotel-index.html","countryIso2":"IR","countryName":"Iran","hotelRating":"1","latitude":"34.7939","longitude":"48.5138","state_id":4920,"state_name":"Hamadan","country_id":103},{"active":false,"Giataid":"685290","cityId":134648,"cityName":"Gorgan","hotelId":685290,"hotelName":"Botanic Palace Hotel","address":"Gorgan-Sari Road,Opposite the Village of Nodijah,Gorgan,Golestan Province,Iran","phones":"+9897232311111017","fax":"+9897232311115017","email":"info@hotelbotanic.com","url":"http://www.hotelbotanic.com","countryIso2":"IR","countryName":"Iran","hotelRating":"1","latitude":"0","longitude":"0","state_id":3933,"state_name":"Golestan","country_id":103},{"active":false,"Giataid":"405313","cityId":134698,"cityName":"Mashhad","hotelId":752146,"hotelName":"Darvishi royal Hotel","address":"Edge of Imam Reza Street,Mashhad,Iran","phones":"","fax":"","email":"info@darvishihotel.com","url":"https://darvishihotel.com","countryIso2":"IR","countryName":"Iran","hotelRating":"5","latitude":"36.2751","longitude":"59.6057","state_id":3927,"state_name":"Razavi Khorasan","country_id":103},{"active":false,"Giataid":"752593","cityId":134667,"cityName":"Kerman","hotelId":752593,"hotelName":"Govashir","address":"Kerman,Imam Highway,Kerman 76178-74141,Iran","phones":"","fax":"","email":"","url":"","countryIso2":"IR","countryName":"Iran","hotelRating":"1","latitude":"30.284","longitude":"57.0386","state_id":3943,"state_name":"Kerman","country_id":103},{"active":false,"Giataid":"754883","cityId":134656,"cityName":"Isfahan","hotelId":754883,"hotelName":"Julfa Hotel","address":"Church Street,Next To Vank Church,Jolfa District,Esfahan,Provinz Isfahan 1415673768,Iran","phones":"+983136244441","fax":"+983136249446","email":"info@julfahotel.ir","url":"https://julfahotel.ir","countryIso2":"IR","countryName":"Iran","hotelRating":"1","latitude":"32.6492","longitude":"51.6684","state_id":3923,"state_name":"Isfahan","country_id":103},{"active":false,"Giataid":"754929","cityId":134656,"cityName":"Isfahan","hotelId":754929,"hotelName":"Avin Hotel","address":"Off Hatef Street,in front of Hatef Gas Station,Isfahan,Isfahan,Iran","phones":"+983132259898","fax":"+983132257402","email":"hotelavin@gmail.com","url":"http://hotelavin.com/","countryIso2":"IR","countryName":"Iran","hotelRating":"1","latitude":"32.6492","longitude":"51.6684","state_id":3923,"state_name":"Isfahan","country_id":103},{"active":false,"Giataid":"754936","cityId":134656,"cityName":"Isfahan","hotelId":754936,"hotelName":"Pars Hotel","address":"Chahar Bagh Abbasi Street,next to Bank Mellat,Isfahan,Iran","phones":"+983132219072","fax":"+983132202468","email":"","url":"http://www.parshotel-isf.com/","countryIso2":"IR","countryName":"Iran","hotelRating":"1","latitude":"32.6492","longitude":"51.6684","state_id":3923,"state_name":"Isfahan","country_id":103},{"active":false,"Giataid":"823851","cityId":135108,"cityName":"Shiraz","hotelId":823851,"hotelName":"Park Saadi Hotel","address":"Hafez Street,In front of Jahan Nama Garden,Shiraz,Iran","phones":"+9871322749009","fax":"+987132280356","email":"info@parksaadihotel.com","url":"http://www.parksaadihotel.com","countryIso2":"IR","countryName":"Iran","hotelRating":"1","latitude":"29.6301","longitude":"52.5576","state_id":3939,"state_name":"Fars","country_id":103},{"active":false,"Giataid":"681052","cityId":134656,"cityName":"Isfahan","hotelId":20001061,"hotelName":"Hasht Behesht","address":"Esfahan,Ostandari Street 8,Iran","phones":"+983132200967","fax":"+983132231624","email":"hbahotel@gmail.com","url":"http://ehbhotel.webs.com","countryIso2":"IR","countryName":"Iran","hotelRating":"0","latitude":"32.6551","longitude":"51.6751","state_id":3923,"state_name":"Isfahan","country_id":103},{"active":false,"Giataid":"685375","cityId":134656,"cityName":"Isfahan","hotelId":20001197,"hotelName":"Safavi Hotel","address":"Esfahan,Felestin Street,Iran","phones":"+983132208600","fax":"","email":"","url":"http://safavihotel.com/","countryIso2":"IR","countryName":"Iran","hotelRating":"0","latitude":"32.6503","longitude":"51.6773","state_id":3923,"state_name":"Isfahan","country_id":103},{"active":false,"Giataid":"546376","cityId":135108,"cityName":"Shiraz","hotelId":20001326,"hotelName":"Persepolis International Hotel","address":"Shiraz,Azadi Boulevard,Ghaem Square,Iran","phones":"+9871322953703","fax":"+98712280941","email":"info@persepolis-hotel.com","url":"http://www.persepolis-hotel.com/","countryIso2":"IR","countryName":"Iran","hotelRating":"5","latitude":"29.6311","longitude":"52.5332","state_id":3939,"state_name":"Fars","country_id":103},{"active":false,"Giataid":"407776","cityId":135108,"cityName":"Shiraz","hotelId":20001520,"hotelName":"Setaregan Hotel","address":"Gaz Square,Azadi Street,Shiraz 7143836865,Iran","phones":"+987132276100","fax":"+987132276005","email":"info@setareganhotel.com","url":"http://www.setareganhotel.com","countryIso2":"IR","countryName":"Iran","hotelRating":"0","latitude":"29.6297","longitude":"52.5358","state_id":3939,"state_name":"Fars","country_id":103},{"active":false,"Giataid":"682731","cityId":134656,"cityName":"Isfahan","hotelId":20001732,"hotelName":"Zohreh Hotel","address":"Ferdowsi Street,Ferdowsi Bridge,opposite Pastry Paradise,Isfahan,Iran","phones":"+983132231060","fax":"+983132228228","email":"info@zohrehhotel.ir","url":"http://www.zohrehhotel.ir","countryIso2":"IR","countryName":"Iran","hotelRating":"0","latitude":"32.6492","longitude":"51.6684","state_id":3923,"state_name":"Isfahan","country_id":103},{"active":false,"Giataid":"405317","cityId":135108,"cityName":"Shiraz","hotelId":20001888,"hotelName":"Shiraz Hotel","address":"Quran Square,Ayatollah Rabbani Boulevard,District 3,Shiraz,Fars Province,Iran","phones":"+987112274820","fax":"+987112274822","email":"info@shiraz-hotel.com","url":"http://www.shiraz-hotel.com","countryIso2":"IR","countryName":"Iran","hotelRating":"5","latitude":"29.6347","longitude":"52.5599","state_id":3939,"state_name":"Fars","country_id":103},{"active":false,"Giataid":"638841","cityId":135140,"cityName":"Yazd","hotelId":20002317,"hotelName":"Laleh Yazd Hotel","address":"Rahman Mosque Boulevard,Yazd,Iran","phones":"+983536225048","fax":"+983536263830","email":"","url":"http://www.yazdlalehhotel.com/en/laleh-international-hotel-yazd.html","countryIso2":"IR","countryName":"Iran","hotelRating":"0","latitude":"31.8812","longitude":"54.3631","state_id":3936,"state_name":"Yazd","country_id":103},{"active":false,"Giataid":"633945","cityId":135140,"cityName":"Yazd","hotelId":20002952,"hotelName":"Moshir al-Mamalek Garden Hotel","address":"Enghelab Street Moshir Boulevard,Yazd,Iran","phones":"+983535239760","fax":"+983535253979","email":"info@hotelgardenmoshir.com","url":"http://hotelgardenmoshir.com/","countryIso2":"IR","countryName":"Iran","hotelRating":"4","latitude":"31.9177","longitude":"54.338","state_id":3936,"state_name":"Yazd","country_id":103},{"active":false,"Giataid":"424690","cityId":134656,"cityName":"Isfahan","hotelId":20003398,"hotelName":"Sheykh Bahaie Hotel","address":"Chahar Bagh Abbasi,Sheykh Bahaie Street,Isfahan 81464,Iran","phones":"+983132221813","fax":"+983132221813","email":"hotel@sheykhbahaiehotel.com","url":"http://en.sheykhbahaeihotel.com/","countryIso2":"IR","countryName":"Iran","hotelRating":"3","latitude":"32.6531","longitude":"51.6677","state_id":3923,"state_name":"Isfahan","country_id":103},{"active":false,"Giataid":"533470","cityId":134656,"cityName":"Isfahan","hotelId":20003616,"hotelName":"Piroozy Hotel","address":"Isfahan,Imam Hosein Square,First of Chahar Bagh Paiin,Iran","phones":"+983132214354","fax":"","email":"info@piroozyhotel.com","url":"http://www.piroozyhotel.com/","countryIso2":"IR","countryName":"Iran","hotelRating":"4","latitude":"32.6591","longitude":"51.6692","state_id":3923,"state_name":"Isfahan","country_id":103},{"active":false,"Giataid":"409325","cityId":135108,"cityName":"Shiraz","hotelId":20003793,"hotelName":"Atlas Hotel","address":"Zand Cross,Shiraz,Iran","phones":"+98713222142631","fax":"+987132230792","email":"info@shirazparkhote.com","url":"http://www.shirazparkhotel.com/","countryIso2":"IR","countryName":"Iran","hotelRating":"4","latitude":"29.5914","longitude":"52.5858","state_id":3939,"state_name":"Fars","country_id":103},{"active":false,"Giataid":"660286","cityId":134744,"cityName":"Qom","hotelId":20004134,"hotelName":"Negarestan Hotel","address":"Amir Kabir street,Kashan,Ghom,Iran","phones":"+983155347000","fax":"+983155347009","email":"Info@negarestan-hotel.com","url":"http://www.negarestan-hotel.com","countryIso2":"IR","countryName":"Iran","hotelRating":"0","latitude":"34.6437","longitude":"50.8762","state_id":3922,"state_name":"Qom","country_id":103},{"active":false,"Giataid":"424689","cityId":135125,"cityName":"Tabriz","hotelId":20004324,"hotelName":"Shahryar International Hotel Tabriz","address":"El Goli Avenue,Tabris,Iran","phones":"+98413329142029","fax":"","email":"Info@Shahryar-Hotel.com","url":"http://www.shahryar-hotel.com/","countryIso2":"IR","countryName":"Iran","hotelRating":"5","latitude":"38.05","longitude":"46.3495","state_id":3944,"state_name":"East Azerbaijan","country_id":103},{"active":false,"Giataid":"386377","cityId":134668,"cityName":"Kermanshah","hotelId":20004514,"hotelName":"Parsian Hotel Kermanshah","address":"Kermanshah,Cross Road near Velayat Bridge,Shiroudi Boulevard,Kermanshah Province 67571,Iran","phones":"+988334219151","fax":"+988334219155","email":"info@kermanshahpih.ir","url":"http://www.kermanshah.pih.ir","countryIso2":"IR","countryName":"Iran","hotelRating":"5","latitude":"34.3586","longitude":"47.1145","state_id":3919,"state_name":"Kermanshah","country_id":103},{"active":false,"Giataid":"405313","cityId":134698,"cityName":"Mashhad","hotelId":20005017,"hotelName":"Royal Hotel Darvishi","address":"Edge of Imam Reza Street,Mashhad,Iran","phones":"+9838080051","fax":"+985118538080","email":"reservation@darvishihotel.com","url":"https://darvishihotel.com/en/","countryIso2":"IR","countryName":"Iran","hotelRating":"5","latitude":"36.2751","longitude":"59.6059","state_id":3927,"state_name":"Razavi Khorasan","country_id":103},{"active":false,"Giataid":"405314","cityId":134698,"cityName":"Mashhad","hotelId":20005526,"hotelName":"Ghasre Talaee Hotel","address":"Mashhad,Imam Reza Avenue,Iran","phones":"+985118036","fax":"+985118037","email":"","url":"http://www.ghasrtalaee.com","countryIso2":"IR","countryName":"Iran","hotelRating":"5","latitude":"36.2721","longitude":"59.6027","state_id":3927,"state_name":"Razavi Khorasan","country_id":103},{"active":false,"Giataid":"405312","cityId":134656,"cityName":"Isfahan","hotelId":20005886,"hotelName":"Aseman Hotel","address":"Isfahan,Pol Felezi Bridge,Motahari Street,Isfahan 814665191,Iran","phones":"+983112354141","fax":"+982188810788","email":"info@aryahotels.com","url":"https://www.aryahotels.com/en/hotels/4/show","countryIso2":"IR","countryName":"Iran","hotelRating":"4","latitude":"32.6453","longitude":"51.6527","state_id":3923,"state_name":"Isfahan","country_id":103},{"active":false,"Giataid":"137495","cityId":134698,"cityName":"Mashhad","hotelId":20006384,"hotelName":"Homa 1 Mashad","address":"Ahmad Abad Street,Taleghani Square,Mashhad 91336,Iran","phones":"+9851384320019","fax":"","email":"Mashhad1@homahotels.com","url":"http://www.homahotels.com/","countryIso2":"IR","countryName":"Iran","hotelRating":"5","latitude":"36.2975","longitude":"59.5749","state_id":3927,"state_name":"Razavi Khorasan","country_id":103},{"active":false,"Giataid":"681031","cityId":134698,"cityName":"Mashhad","hotelId":20006899,"hotelName":"Jam Hotel","address":"Mashhad,Pasdaran Avenue,Razavi Khorasan Province,Iran","phones":"+985138590041","fax":"+985138596044","email":"djamhotel@gmail.com","url":"http://www.jam-hotel.com","countryIso2":"IR","countryName":"Iran","hotelRating":"0","latitude":"36.2937","longitude":"59.5754","state_id":3927,"state_name":"Razavi Khorasan","country_id":103},{"active":false,"Giataid":"546695","cityId":135125,"cityName":"Tabriz","hotelId":20007253,"hotelName":"Tabriz International Hotel","address":"Emam Street,University Circle,Khiyaban,East Azerbaijan,Tabriz,Iran","phones":"+98933341081","fax":"+9833341080","email":"tabrizhotel@yahoo.com","url":"http://tabrizhotel.co/fa/","countryIso2":"IR","countryName":"Iran","hotelRating":"4","latitude":"38.065","longitude":"46.3262","state_id":3944,"state_name":"East Azerbaijan","country_id":103},{"active":false,"Giataid":"673759","cityId":134656,"cityName":"Isfahan","hotelId":20007924,"hotelName":"Tourist Hotel","address":"Abbas Abad street,Chahar Bagh Abbasi,Isfahan,Iran","phones":"+982188106700","fax":"","email":"etouristhotel@apochi.com","url":"https://etouristhotel.apochi.com/","countryIso2":"IR","countryName":"Iran","hotelRating":"3","latitude":"32.6492","longitude":"51.6684","state_id":3923,"state_name":"Isfahan","country_id":103},{"active":false,"Giataid":"670998","cityId":134749,"cityName":"Rasht","hotelId":20008059,"hotelName":"Kadous Hotel","address":"Azadi Boulvard,Manzarieh,Rasht,Gilan na,Gilan,Iran","phones":"+9813333650701","fax":"","email":"","url":"http://www.kadus-hotel.ir/home/","countryIso2":"IR","countryName":"Iran","hotelRating":"0","latitude":"0","longitude":"0","state_id":3920,"state_name":"Gilan","country_id":103},{"active":false,"Giataid":"684716","cityId":134744,"cityName":"Qom","hotelId":20008270,"hotelName":"Khorshid Qom","address":"Qom,After The Ghafari Crossroads,Khorshid Junction Corner,End of Imam Street,Qom 37186 83415,Iran","phones":"+982536500046","fax":"","email":"info@hotelkhorshid.com","url":"http://www.hotelkhorshid.com","countryIso2":"IR","countryName":"Iran","hotelRating":"0","latitude":"34.639","longitude":"50.8816","state_id":3922,"state_name":"Qom","country_id":103},{"active":false,"Giataid":"665114","cityId":134698,"cityName":"Mashhad","hotelId":20008928,"hotelName":"Arman Hotel","address":"Navab Safavi Street,Mashhad,Khorasan Razavi,Iran","phones":"+985131230","fax":"+98513391632","email":"info@armanhotel.com","url":"http://armanhotel.com/en/","countryIso2":"IR","countryName":"Iran","hotelRating":"0","latitude":"36.2937","longitude":"59.5754","state_id":3927,"state_name":"Razavi Khorasan","country_id":103},{"active":false,"Giataid":"386378","cityId":134698,"cityName":"Mashhad","hotelId":20009205,"hotelName":"Parsian Tourist Toos Hotel","address":"After Ghaem Bridge,Asian Highway,Mashhad,Iran","phones":"","fax":"","email":"","url":"","countryIso2":"IR","countryName":"Iran","hotelRating":"4","latitude":"36.3518","longitude":"59.5468","state_id":3927,"state_name":"Razavi Khorasan","country_id":103},{"active":false,"Giataid":"673947","cityId":134698,"cityName":"Mashhad","hotelId":20009340,"hotelName":"Iran Hotel","address":"khosravi No Street,Mashhad,Iran","phones":"+985132228010","fax":"+985132228583","email":"info@irhotel.com","url":"http://www.irhotel.com/","countryIso2":"IR","countryName":"Iran","hotelRating":"4","latitude":"36.2895","longitude":"59.6071","state_id":3927,"state_name":"Razavi Khorasan","country_id":103},{"active":false,"Giataid":"646263","cityId":135108,"cityName":"Shiraz","hotelId":20009942,"hotelName":"Sasan Hotel","address":"Anvari Street - Zand Avenue,71364 Shiraz,Fars Province,Iran","phones":"+982188106700","fax":"+987132302049","email":"info@sasan-hotel.com","url":"http://www.sasan-hotel.com/","countryIso2":"IR","countryName":"Iran","hotelRating":"2","latitude":"29.6199","longitude":"52.5378","state_id":3939,"state_name":"Fars","country_id":103},{"active":false,"Giataid":"540142","cityId":134698,"cityName":"Mashhad","hotelId":20010079,"hotelName":"Homa 2 Mashad","address":"Khayam Boulevard,Janbaz Boulevard,P.O. Box 1144-91775,Mashhad,Iran","phones":"+9851376110018","fax":"","email":"Mashhad2@homahotels.com","url":"http://mashhad2.homahotels.com/","countryIso2":"IR","countryName":"Iran","hotelRating":"5","latitude":"36.3198","longitude":"59.564","state_id":3927,"state_name":"Razavi Khorasan","country_id":103},{"active":false,"Giataid":"633734","cityId":134698,"cityName":"Mashhad","hotelId":20010357,"hotelName":"Boshra","address":"Mashhad,Bazar Sarshour,Khosravi New Street,Iran","phones":"+985132251800","fax":"+985132215984","email":"boshra.hotel@hotmail.com","url":"http://en.boshrahotel.ir/","countryIso2":"IR","countryName":"Iran","hotelRating":"4","latitude":"36.2937","longitude":"59.5754","state_id":3927,"state_name":"Razavi Khorasan","country_id":103},{"active":false,"Giataid":"407775","cityId":134656,"cityName":"Isfahan","hotelId":20010833,"hotelName":"Safir Hotel Isfahan","address":"Amadegah Street,Isfahan,Iran","phones":"+983132222640","fax":"+983132232176","email":"mail@demolink.org","url":"http://www.safirhotel.net","countryIso2":"IR","countryName":"Iran","hotelRating":"4","latitude":"32.6507","longitude":"51.6718","state_id":3923,"state_name":"Isfahan","country_id":103},{"active":false,"Giataid":"405316","cityId":135108,"cityName":"Shiraz","hotelId":20011511,"hotelName":"Pars International Hotel","address":"Karim Khan Zand Boulevard,71364 Shiraz,Fars Province,Iran","phones":"+987112332255","fax":"","email":"info@pars-international-hotel.com","url":"http://www.aryahotels.com/en/hotels/3/show","countryIso2":"IR","countryName":"Iran","hotelRating":"5","latitude":"29.6288","longitude":"52.5248","state_id":3939,"state_name":"Fars","country_id":103},{"active":false,"Giataid":"137706","cityId":134667,"cityName":"Kerman","hotelId":20011625,"hotelName":"Hotel Pars Kerman","address":"Jomhouti Boulevard,Farhangian Cross Road,Kerman,Iran","phones":"+982188728457","fax":"","email":"Pars-kerman@apochi.nl","url":"http://parshotels.apochi.nl/hotel/kerman-pars-hotel/","countryIso2":"IR","countryName":"Iran","hotelRating":"5","latitude":"30.2801","longitude":"57.0251","state_id":3943,"state_name":"Kerman","country_id":103},{"active":false,"Giataid":"681591","cityId":134744,"cityName":"Qom","hotelId":20011979,"hotelName":"Karimeh Hotel","address":"Qom,next To The Holy Shrine,Province Qom 13737418,Iran","phones":"","fax":"","email":"","url":"","countryIso2":"IR","countryName":"Iran","hotelRating":"0","latitude":"34.639","longitude":"50.8816","state_id":3922,"state_name":"Qom","country_id":103},{"active":false,"Giataid":"685790","cityId":134744,"cityName":"Qom","hotelId":20012059,"hotelName":"Esteghlal Hotel","address":"Qom,Ammar-E-Yaser Boulevard,Qom,Iran","phones":"","fax":"","email":"","url":"","countryIso2":"IR","countryName":"Iran","hotelRating":"0","latitude":"34.639","longitude":"50.8816","state_id":3922,"state_name":"Qom","country_id":103},{"active":false,"Giataid":"680814","cityId":134698,"cityName":"Mashhad","hotelId":20012441,"hotelName":"Tara Hotel","address":"Shirazi Street,Between Shohada Intersection And Shohada Square,Next To Nader Tomb,Mashhad 91336,Iran","phones":"+9851322161004","fax":"+985132259595","email":"info@hoteltara.com","url":"http://www.hoteltara.com","countryIso2":"IR","countryName":"Iran","hotelRating":"0","latitude":"36.2937","longitude":"59.5754","state_id":3927,"state_name":"Razavi Khorasan","country_id":103},{"active":false,"Giataid":"424686","cityId":134698,"cityName":"Mashhad","hotelId":20012583,"hotelName":"Pardisan Hotel","address":"Beside IRIB Broadcasting Park,Shahid Kalantari Highway,Mashhad 9177948541,Iran","phones":"+985138791820","fax":"+985138795025","email":"info@pardisanhotel.com","url":"http://www.pardisanhotel.com/","countryIso2":"IR","countryName":"Iran","hotelRating":"5","latitude":"36.3009","longitude":"59.5363","state_id":3927,"state_name":"Razavi Khorasan","country_id":103},{"active":false,"Giataid":"681814","cityId":135108,"cityName":"Shiraz","hotelId":20012691,"hotelName":"Shiraz Park Hotel","address":"Zand Cross,Shiraz,Iran","phones":"+987132221426","fax":"+987132230792","email":"info@ShirazParkHotel.ir","url":"http://www.shirazparkhotel.com","countryIso2":"IR","countryName":"Iran","hotelRating":"0","latitude":"29.6311","longitude":"52.5332","state_id":3939,"state_name":"Fars","country_id":103},{"active":false,"Giataid":"633733","cityId":135108,"cityName":"Shiraz","hotelId":20012941,"hotelName":"Arg Hotel","address":"Shiraz,Takhti Avenue,Fars Province 71367-75545,Iran","phones":"+987132228989","fax":"+987132221931","email":"info@arghotel.ir","url":"http://www.arghotel.ir","countryIso2":"IR","countryName":"Iran","hotelRating":"3","latitude":"29.6186","longitude":"52.5528","state_id":3939,"state_name":"Fars","country_id":103},{"active":false,"Giataid":"405315","cityId":135108,"cityName":"Shiraz","hotelId":20013104,"hotelName":"Chamran Grand Hotel","address":"Chamran Boulevard,Shiraz,Iran","phones":"+987116262000","fax":"+987116291111","email":"info@hotelchamran.com","url":"http://www.hotelchamran.com","countryIso2":"IR","countryName":"Iran","hotelRating":"5","latitude":"29.6513","longitude":"52.4961","state_id":3939,"state_name":"Fars","country_id":103},{"active":false,"Giataid":"685297","cityId":134656,"cityName":"Isfahan","hotelId":20013406,"hotelName":"Part Isfahan","address":"Isfahan,Jahanara Alley,Chahar Bagh Abbasi Street,Isfahan 81346-33716,Iran","phones":"+983132227207","fax":"","email":"info@hotelpart.com","url":"http://www.hotelpart.com","countryIso2":"IR","countryName":"Iran","hotelRating":"0","latitude":"32.6507","longitude":"51.6661","state_id":3923,"state_name":"Isfahan","country_id":103},{"active":false,"Giataid":"386381","cityId":135140,"cityName":"Yazd","hotelId":20013698,"hotelName":"Parsian Safayieh Hotel","address":"Timsar Fallahey Avenue,Yazd,Iran","phones":"","fax":"","email":"","url":"http://www.parsianhotels.com/index.aspx?fkeyid=&siteid=31&pageid=3086","countryIso2":"IR","countryName":"Iran","hotelRating":"5","latitude":"31.84","longitude":"54.3772","state_id":3936,"state_name":"Yazd","country_id":103},{"active":false,"Giataid":"545071","cityId":134698,"cityName":"Mashhad","hotelId":20013818,"hotelName":"Kiana Hotel Mashad","address":"Saheb Alam Alley,2nd Emam Reza,Mashhad,Iran","phones":"+9838552700051","fax":"","email":"kianahotel.m@gmail.com","url":"http://kianahotel.ir","countryIso2":"IR","countryName":"Iran","hotelRating":"4","latitude":"36.2818","longitude":"59.6125","state_id":3927,"state_name":"Razavi Khorasan","country_id":103},{"active":false,"Giataid":"646284","cityId":135125,"cityName":"Tabriz","hotelId":20014534,"hotelName":"Kaya Laleh Park Hotel","address":"Pasdaran Runway,Shahid Fahmideh Square,Tabriz,Iran","phones":"+98413101","fax":"+984136600025","email":"info.lalehpark@kayahotels.com.tr","url":"http://www.kayalalehpark.com","countryIso2":"IR","countryName":"Iran","hotelRating":"0","latitude":"38.0722","longitude":"46.3685","state_id":3944,"state_name":"East Azerbaijan","country_id":103},{"active":false,"Giataid":"593962","cityId":134656,"cityName":"Isfahan","hotelId":20015362,"hotelName":"Sepahan Hotel","address":"Ostandari Street,Isfahan,Iran","phones":"+983132221235","fax":"+983132215549","email":"sepahanhotel@gmail.com","url":"http://www.sepahanhotel.com","countryIso2":"IR","countryName":"Iran","hotelRating":"3","latitude":"32.6516","longitude":"51.6816","state_id":3923,"state_name":"Isfahan","country_id":103},{"active":false,"Giataid":"681568","cityId":134698,"cityName":"Mashhad","hotelId":20015479,"hotelName":"Noor Hotel","address":"Khosravi No Street,Khorasan Razavi,Holy Shrine,Mashhad,Iran","phones":"+98532232970","fax":"","email":"Info@arabianfendeq.com","url":"http://www.noorhotel.com","countryIso2":"IR","countryName":"Iran","hotelRating":"0","latitude":"36.2881","longitude":"59.6091","state_id":3927,"state_name":"Razavi Khorasan","country_id":103},{"active":false,"Giataid":"633727","cityId":135108,"cityName":"Shiraz","hotelId":20015740,"hotelName":"Elysee","address":"Shiraz,Pezeshkan Ave. Maali Abad 20,Iran","phones":"+987136238890","fax":"","email":"contact@elysee.ir","url":"http://elysee.ir/","countryIso2":"IR","countryName":"Iran","hotelRating":"4","latitude":"29.6774","longitude":"52.4602","state_id":3939,"state_name":"Fars","country_id":103},{"active":false,"Giataid":"680811","cityId":134698,"cityName":"Mashhad","hotelId":20015998,"hotelName":"Ferdous Hotel","address":"Imam Reza 8,Mashhad 91336,Iran","phones":"","fax":"","email":"","url":"","countryIso2":"IR","countryName":"Iran","hotelRating":"0","latitude":"36.2937","longitude":"59.5754","state_id":3927,"state_name":"Razavi Khorasan","country_id":103},{"active":false,"Giataid":"924776","cityId":135108,"cityName":"Shiraz","hotelId":20328612,"hotelName":"Jaam E Jam Hotel","address":"Shiraz 71364,City centre,Eizedi Street,Iran","phones":"","fax":"","email":"","url":"http://en.jamejamhotels.com/","countryIso2":"IR","countryName":"Iran","hotelRating":"0","latitude":"29.6247","longitude":"52.543","state_id":3939,"state_name":"Fars","country_id":103},{"active":false,"Giataid":"941989","cityId":134656,"cityName":"Isfahan","hotelId":20328615,"hotelName":"Viana Hotel","address":"Kashani Street,In Front of Mirdamad Street,Isfahan,Isfahan Province,Iran","phones":"","fax":"","email":"","url":"","countryIso2":"IR","countryName":"Iran","hotelRating":"0","latitude":"32.6492","longitude":"51.6684","state_id":3923,"state_name":"Isfahan","country_id":103},{"active":false,"Giataid":"924765","cityId":135108,"cityName":"Shiraz","hotelId":20328616,"hotelName":"Royal Hotel","address":"Shiraz,Between Lane 15 And 17,Oppsite Haft Khan Restaurant,Ayatollah Rabani Boulevard,Iran","phones":"","fax":"","email":"info@royalshirazhotel.com","url":"http://royalshirazhotel.ir/","countryIso2":"IR","countryName":"Iran","hotelRating":"0","latitude":"29.6247","longitude":"52.543","state_id":3939,"state_name":"Fars","country_id":103},{"active":false,"Giataid":"924705","cityId":134656,"cityName":"Isfahan","hotelId":20328620,"hotelName":"Venus Hotel","address":"Isfahan 81456-15691,Iran-Isfahan-Chahar Bagh Abbasi Boulevard,Amadhahr Avenue,Iran","phones":"+983132230040","fax":"+983132227350","email":"info@venushotelesfahan.ir","url":"http://www.venushotelesfahan.ir/","countryIso2":"IR","countryName":"Iran","hotelRating":"0","latitude":"32.6492","longitude":"51.6684","state_id":3923,"state_name":"Isfahan","country_id":103},{"active":false,"Giataid":"872394","cityId":134698,"cityName":"Mashhad","hotelId":20328622,"hotelName":"Razavieh Hotel","address":"Post Box 91375 - 1877,Next to Reza Bazaar,BeytolMoqadas Square (Abb Square),Mashhad,Razavi Khorasan Province,Iran","phones":"+985133653611","fax":"","email":"info@hotelrazavieh.com","url":"https://hotelrazavieh.apochi.com/","countryIso2":"IR","countryName":"Iran","hotelRating":"0","latitude":"36.2937","longitude":"59.5754","state_id":3927,"state_name":"Razavi Khorasan","country_id":103},{"active":false,"Giataid":"942009","cityId":135108,"cityName":"Shiraz","hotelId":20328623,"hotelName":"Shiraz Parseh Hotel","address":"Bahman Avenue 22,Municipality Square,Behind The Arg Kareem Khan,Shiraz,Iran","phones":"+987132226600","fax":"+987132330000","email":"","url":"http://www.parsehhotel.com/","countryIso2":"IR","countryName":"Iran","hotelRating":"0","latitude":"29.6247","longitude":"52.543","state_id":3939,"state_name":"Fars","country_id":103},{"active":false,"Giataid":"928470","cityId":135140,"cityName":"Yazd","hotelId":20328624,"hotelName":"Malek- o Tojar Antique Hotel","address":"Panj-e AliBazaar,Qiam Avenue,Yazd,Iran","phones":"+983536266005","fax":"+983536224060","email":"info@mehrchainhotels.com","url":"http://malek.mehrchainhotels.com","countryIso2":"IR","countryName":"Iran","hotelRating":"0","latitude":"31.8812","longitude":"54.3631","state_id":3936,"state_name":"Yazd","country_id":103},{"active":false,"Giataid":"924720","cityId":134656,"cityName":"Isfahan","hotelId":20328627,"hotelName":"Atigh Traditional Hotel","address":"Esfahan,Masjed-Shams Alley,37 th Alley,Ebne-Sina Street 30,Shohada Suare 81487-64383,Iran","phones":"+983134453328","fax":"+982189783333","email":"atighhotel@yahoo.com","url":"http://www.atighhotel.com/","countryIso2":"IR","countryName":"Iran","hotelRating":"0","latitude":"32.6492","longitude":"51.6684","state_id":3923,"state_name":"Isfahan","country_id":103},{"active":false,"Giataid":"907130","cityId":135108,"cityName":"Shiraz","hotelId":20328628,"hotelName":"Shams Hotel","address":"Shiraz,Hafez Street,Iran","phones":"+987132229178","fax":"","email":"hotelshams.shz@gmail.com","url":"http://www.shamshotel.ir/en/","countryIso2":"IR","countryName":"Iran","hotelRating":"0","latitude":"29.6247","longitude":"52.543","state_id":3939,"state_name":"Fars","country_id":103},{"active":false,"Giataid":"933044","cityId":135108,"cityName":"Shiraz","hotelId":20328631,"hotelName":"Karim Khan Hotel","address":"Roodaki Street,Shiraz 71364,Iran","phones":"","fax":"","email":"","url":"","countryIso2":"IR","countryName":"Iran","hotelRating":"0","latitude":"29.6247","longitude":"52.543","state_id":3939,"state_name":"Fars","country_id":103},{"active":false,"Giataid":"872397","cityId":135140,"cityName":"Yazd","hotelId":20328632,"hotelName":"Safaieh Hotel","address":"Aboozar Square,Shahid Fallahi Avenue,Yazd 15167,Iran","phones":"","fax":"","email":"","url":"","countryIso2":"IR","countryName":"Iran","hotelRating":"0","latitude":"31.8812","longitude":"54.3631","state_id":3936,"state_name":"Yazd","country_id":103},{"active":false,"Giataid":"933037","cityId":135108,"cityName":"Shiraz","hotelId":20328635,"hotelName":"Zandiyeh Hotel","address":"Hejrat Street,Shiraz 71364,Iran","phones":"","fax":"","email":"","url":"","countryIso2":"IR","countryName":"Iran","hotelRating":"0","latitude":"29.6247","longitude":"52.543","state_id":3939,"state_name":"Fars","country_id":103},{"active":false,"Giataid":"924685","cityId":134656,"cityName":"Isfahan","hotelId":20328637,"hotelName":"Mahan Hotel","address":"Isfahan,Between The Hamze & Noorbaran  Junction,Bozorgmehr Avenue,Bahman Street 22,Iran","phones":"+983132655515","fax":"","email":"info@hotelmahan.com","url":"http://www.hotelmahan.com/","countryIso2":"IR","countryName":"Iran","hotelRating":"0","latitude":"32.6492","longitude":"51.6684","state_id":3923,"state_name":"Isfahan","country_id":103},{"active":false,"Giataid":"933054","cityId":134698,"cityName":"Mashhad","hotelId":20328638,"hotelName":"Javad Hotel","address":"Imam Reza 3,Mashhad 97525,Iran","phones":"+985132224135","fax":"+985132221642","email":"info@javadhotel.com","url":"http://www.javadhotel.com/","countryIso2":"IR","countryName":"Iran","hotelRating":"0","latitude":"36.2937","longitude":"59.5754","state_id":3927,"state_name":"Razavi Khorasan","country_id":103},{"active":false,"Giataid":"928463","cityId":135125,"cityName":"Tabriz","hotelId":20328639,"hotelName":"Darya Hotel","address":"22 Bahman Avenue,Tabriz,Iran","phones":"+984134459502","fax":"+98413445950898","email":"info@hoteldaryatabriz.com","url":"http://www.hoteldaryatabriz.com/","countryIso2":"IR","countryName":"Iran","hotelRating":"0","latitude":"38.0575","longitude":"46.3377","state_id":3944,"state_name":"East Azerbaijan","country_id":103},{"active":false,"Giataid":"955041","cityId":147111,"cityName":"Hamadan","hotelId":20407906,"hotelName":"Khatam Hotel","address":"Felestin Square,Hamadan 65156,Iran","phones":"","fax":"","email":"khatamap@gmail.com","url":"http://www.khatamhotel.ir/","countryIso2":"IR","countryName":"Iran","hotelRating":"1","latitude":"34.7939","longitude":"48.5138","state_id":4920,"state_name":"Hamadan","country_id":103},{"active":false,"Giataid":"955050","cityId":134698,"cityName":"Mashhad","hotelId":20407908,"hotelName":"Atrak Hotel","address":"Beitol Moghadas Square,Mashhad 91336,Razavi Khorasan,Iran","phones":"+985133647093","fax":"+985133647772","email":"info@atrakhotel.com","url":"http://atrakhotel.com/","countryIso2":"IR","countryName":"Iran","hotelRating":"1","latitude":"36.2937","longitude":"59.5754","state_id":3927,"state_name":"Razavi Khorasan","country_id":103}]