[{"active":false,"Giataid":"503805","cityId":15690,"cityName":"Cockburn Town","hotelId":503805,"hotelName":"Osprey Beach Hotel","address":"","phones":"","fax":"","email":"","url":"","countryIso2":"TC","countryName":"Turks and Caicos Islands","hotelRating":"3","latitude":"21.4596","longitude":"-71.1474","state_id":3627,"state_name":"San Salvador Island","country_id":17},{"active":false,"Giataid":"503835","cityId":15690,"cityName":"Cockburn Town","hotelId":503835,"hotelName":"Grand Turk Inn","address":"","phones":"","fax":"","email":"","url":"","countryIso2":"TC","countryName":"Turks and Caicos Islands","hotelRating":"1","latitude":"21.4667","longitude":"-71.1467","state_id":3627,"state_name":"San Salvador Island","country_id":17},{"active":false,"Giataid":"518657","cityId":51868,"cityName":"Whitby","hotelId":518657,"hotelName":"Palmetto Villa","address":"","phones":"","fax":"","email":"","url":"","countryIso2":"TC","countryName":"Turks and Caicos Islands","hotelRating":"1","latitude":"21.9545","longitude":"-71.9639","state_id":2336,"state_name":"England","country_id":232},{"active":false,"Giataid":"720980","cityId":51868,"cityName":"Whitby","hotelId":10068350,"hotelName":"Caicos Beach Condominiums","address":"Drake Court,Whitby,North Caicos,Turks and Caicos Islands","phones":"","fax":"","email":"","url":"","countryIso2":"TC","countryName":"Turks and Caicos Islands","hotelRating":"2","latitude":"21.9538","longitude":"-71.9659","state_id":2336,"state_name":"England","country_id":232},{"active":false,"Giataid":"471090","cityId":15690,"cityName":"Cockburn Town","hotelId":20007705,"hotelName":"Bohio Dive Resort","address":"Pillory Beach,PO Box 179,Cockburn Town,Grand Turk,Turks and Caicos Islands","phones":"+16499462135","fax":"","email":"info@bohioresort.com","url":"http://www.bohioresort.com/contact/","countryIso2":"TC","countryName":"Turks and Caicos Islands","hotelRating":"3","latitude":"21.4807","longitude":"-71.1482","state_id":3627,"state_name":"San Salvador Island","country_id":17},{"active":false,"Giataid":"547070","cityId":15690,"cityName":"Cockburn Town","hotelId":20010185,"hotelName":"Turks Head Inne","address":"Duke Street,Cockburn Town TKCA 1ZZ,Turks & Caicos Islands,Turks and Caicos Islands","phones":"+16499461830","fax":"","email":"info@turksheadinne.com","url":"http://www.turksheadinne.com/","countryIso2":"TC","countryName":"Turks and Caicos Islands","hotelRating":"0","latitude":"21.4667","longitude":"-71.1467","state_id":3627,"state_name":"San Salvador Island","country_id":17},{"active":false,"Giataid":"787860","cityId":15690,"cityName":"Cockburn Town","hotelId":20370897,"hotelName":"The Sands Hotel","address":"Cockburn Town,Grand Turk Island,Turks and Caicos Islands","phones":"","fax":"","email":"","url":"","countryIso2":"TC","countryName":"Turks and Caicos Islands","hotelRating":"0","latitude":"21.4667","longitude":"-71.1467","state_id":3627,"state_name":"San Salvador Island","country_id":17},{"active":false,"Giataid":"955968","cityId":15690,"cityName":"Cockburn Town","hotelId":20418499,"hotelName":"Pillory Club","address":"Pillory Beach,Cockburn Town TKCA 1ZZ,Grand Turk,Turks and Caicos Islands","phones":"","fax":"","email":"info@pilloryclub.com","url":"http://www.pilloryclub.com/","countryIso2":"TC","countryName":"Turks and Caicos Islands","hotelRating":"1","latitude":"21.4667","longitude":"-71.1467","state_id":3627,"state_name":"San Salvador Island","country_id":17},{"active":false,"Giataid":"955992","cityId":15690,"cityName":"Cockburn Town","hotelId":20418502,"hotelName":"Love Villas","address":"West Road 21916,Cockburn Town TKCA 1ZZ,Grand Turk,Turks and Caicos Islands","phones":"+164918043663150","fax":"","email":"richard@lovegrandturk.com","url":"http://www.lovegrandturk.com/","countryIso2":"TC","countryName":"Turks and Caicos Islands","hotelRating":"1","latitude":"21.4667","longitude":"-71.1467","state_id":3627,"state_name":"San Salvador Island","country_id":17}]