[{"active":false,"Giataid":"26044","cityId":105099,"cityName":"Mbabane","hotelId":26044,"hotelName":"Ezulwini Sun","address":"Main Road,P.O. Box 123,Ezulwini,Mbabane,Swaziland","phones":"+2684163000","fax":"+2684161111","email":"ezulresv@sunint.co.za","url":"http://www.suninternational.com/Destinations/Resorts/RoyalSwaziSpaValley/Accommodation/EzulwiniSun/Pages/default.aspx","countryIso2":"SZ","countryName":"Swaziland","hotelRating":"3","latitude":"-26.411","longitude":"31.1781","state_id":969,"state_name":"Hhohho District","country_id":212},{"active":false,"Giataid":"27663","cityId":105099,"cityName":"Mbabane","hotelId":27663,"hotelName":"Royal Swazi Spa","address":"Old Mbabane/Manzini,Main Road Ezulwini,Valley Mbabane,Swaziland","phones":"+26824165000","fax":"+268272684161859","email":"","url":"http://www.suninternational.com/Destinations/Resorts/RoyalSwaziSpaValley/Accommodation/RoyalSwaziSpa/Pages/default.aspx","countryIso2":"SZ","countryName":"Swaziland","hotelRating":"4","latitude":"-26.4079","longitude":"31.1691","state_id":969,"state_name":"Hhohho District","country_id":212},{"active":false,"Giataid":"137704","cityId":105099,"cityName":"Mbabane","hotelId":137704,"hotelName":"Royal Swazi Spa Valley Resort - Lugogo Sun Hotel","address":"Old Mbabane/Manzini,Main Road,Ezulwini Valley,Mbabane,Swaziland","phones":"+26824165000","fax":"+26824168812","email":"lugogo.sun@sz.suninternational.com","url":"http://www.suninternational.com/Destinations/Resorts/RoyalSwaziSpaValley/Accommodation/LugogoSun/Pages/default.aspx","countryIso2":"SZ","countryName":"Swaziland","hotelRating":"3","latitude":"-26.4093","longitude":"31.1742","state_id":969,"state_name":"Hhohho District","country_id":212},{"active":false,"Giataid":"628645","cityId":105104,"cityName":"Nhlangano","hotelId":628645,"hotelName":"Nhlangano Casino Royale","address":"Lavumisa Road,S400 Nhlangano,Swaziland","phones":"+26822078211","fax":"","email":"gm@nhlanganocasino.org","url":"http://www.nhlanganocasino.org/","countryIso2":"SZ","countryName":"Swaziland","hotelRating":"1","latitude":"0","longitude":"0","state_id":971,"state_name":"Shiselweni District","country_id":212},{"active":false,"Giataid":"727414","cityId":105099,"cityName":"Mbabane","hotelId":727414,"hotelName":"Benka Lifestyle","address":"Swazi Lizkhar Estate,Mbabane,Swaziland","phones":"+26876020163","fax":"","email":"info@swazi-lizkhar.com","url":"http://www.swazi-lizkhar.com","countryIso2":"SZ","countryName":"Swaziland","hotelRating":"1","latitude":"-26.3822","longitude":"31.1639","state_id":969,"state_name":"Hhohho District","country_id":212},{"active":false,"Giataid":"731200","cityId":105109,"cityName":"Piggs Peak","hotelId":731200,"hotelName":"Highlands Inn Hotel","address":"MR1 Main Road,Piggs Peak H108,Swaziland","phones":"","fax":"","email":"","url":"","countryIso2":"SZ","countryName":"Swaziland","hotelRating":"1","latitude":"-26.0205","longitude":"31.2506","state_id":969,"state_name":"Hhohho District","country_id":212},{"active":false,"Giataid":"735354","cityId":105099,"cityName":"Mbabane","hotelId":735354,"hotelName":"Esther's Lodge","address":"Off The Corner MR27 and MR18,Farm 132,Malkerns M204,Mbabane,Swaziland","phones":"","fax":"","email":"","url":"","countryIso2":"SZ","countryName":"Swaziland","hotelRating":"1","latitude":"-26.3822","longitude":"31.1639","state_id":969,"state_name":"Hhohho District","country_id":212},{"active":false,"Giataid":"737886","cityId":105096,"cityName":"Manzini","hotelId":737886,"hotelName":"Vuya Nathi Bed & Breakfast","address":"Seventh Day Adventist Street,Next to Seventh Day Adventist,Manzini M200,Swaziland","phones":"","fax":"","email":"","url":"","countryIso2":"SZ","countryName":"Swaziland","hotelRating":"1","latitude":"-26.5296","longitude":"31.3469","state_id":968,"state_name":"Manzini District","country_id":212},{"active":false,"Giataid":"754658","cityId":105099,"cityName":"Mbabane","hotelId":754658,"hotelName":"Bhubesi Camp","address":"Northwest Corner of Park,Mbuluzane River,Hlane Royal National Park,Swaziland","phones":"","fax":"","email":"","url":"https://biggameparks.org/properties/hlane-royal-national-park-1","countryIso2":"SZ","countryName":"Swaziland","hotelRating":"1","latitude":"-26.3822","longitude":"31.1639","state_id":969,"state_name":"Hhohho District","country_id":212},{"active":false,"Giataid":"805294","cityId":105096,"cityName":"Manzini","hotelId":805294,"hotelName":"Open House Boutique","address":"Plot 45 Lifutfo Street,Trelawney Park,Manzini M200,Swaziland","phones":"+26825058745","fax":"+26825058745","email":"info@openhouseboutique.co.sz","url":"http://openhouseboutique.co.sz","countryIso2":"SZ","countryName":"Swaziland","hotelRating":"1","latitude":"-26.5296","longitude":"31.3469","state_id":968,"state_name":"Manzini District","country_id":212},{"active":false,"Giataid":"838960","cityId":105099,"cityName":"Mbabane","hotelId":838960,"hotelName":"Red Berry B&B","address":"Mseni Drive,Dalraigh East,Mbabane H100,Swaziland","phones":"+26876023160","fax":"","email":"redberrybb@realnet.co.sz","url":"http://www.redberrybb.co.sz/","countryIso2":"SZ","countryName":"Swaziland","hotelRating":"1","latitude":"-26.3822","longitude":"31.1639","state_id":969,"state_name":"Hhohho District","country_id":212},{"active":false,"Giataid":"495433","cityId":105096,"cityName":"Manzini","hotelId":10053836,"hotelName":"Global Village Guesthouse","address":"Plot 2044 Phempetfwane Street,Maywood Park Madonsa,Manzini M200,Swaziland","phones":"+26876037242","fax":"","email":"","url":"","countryIso2":"SZ","countryName":"Swaziland","hotelRating":"3","latitude":"-26.4841","longitude":"31.3987","state_id":968,"state_name":"Manzini District","country_id":212},{"active":false,"Giataid":"473180","cityId":105093,"cityName":"Lobamba","hotelId":10063351,"hotelName":"Royal Villas Swaziland","address":"Main Ezulwini Road,The Royal Villas,H106  Lobamba,Swaziland,Swaziland","phones":"+26824162042","fax":"","email":"","url":"","countryIso2":"SZ","countryName":"Swaziland","hotelRating":"5","latitude":"-26.4125","longitude":"31.1867","state_id":969,"state_name":"Hhohho District","country_id":212},{"active":false,"Giataid":"532865","cityId":105096,"cityName":"Manzini","hotelId":10070532,"hotelName":"Swazi Village Home Stay","address":"P.O. Box 2455,Manzini M200,Swaziland","phones":"+26876426780","fax":"","email":"","url":"","countryIso2":"SZ","countryName":"Swaziland","hotelRating":"1","latitude":"-26.7922","longitude":"31.5381","state_id":968,"state_name":"Manzini District","country_id":212},{"active":false,"Giataid":"524617","cityId":105091,"cityName":"Kwaluseni","hotelId":10073380,"hotelName":"Valley View Lodge","address":"Plot 922 Ingwavuma Street,Fairview North,Kwaluseni,Swaziland","phones":"+26825054892","fax":"","email":"","url":"","countryIso2":"SZ","countryName":"Swaziland","hotelRating":"3","latitude":"-26.4829","longitude":"31.3629","state_id":968,"state_name":"Manzini District","country_id":212},{"active":false,"Giataid":"596259","cityId":105099,"cityName":"Mbabane","hotelId":10118057,"hotelName":"Emafini Country Lodge","address":"Malagwane Hill,Emafini Close,Mbabane,Hhohho H100,Swaziland","phones":"NULL","fax":"NULL","email":"NULL","url":"NULL","countryIso2":"SZ","countryName":"Swaziland","hotelRating":"3","latitude":"-26.352","longitude":"31.1491","state_id":969,"state_name":"Hhohho District","country_id":212},{"active":false,"Giataid":"489406","cityId":105109,"cityName":"Piggs Peak","hotelId":20002935,"hotelName":"Maguga Lodge","address":"Maguga Dam,Piggs Peak,Swaziland","phones":"+2682437397500","fax":"+26824373970","email":"info@magugalodge.com","url":"http://www.magugalodge.com","countryIso2":"SZ","countryName":"Swaziland","hotelRating":"3","latitude":"-26.0825","longitude":"31.2513","state_id":969,"state_name":"Hhohho District","country_id":212},{"active":false,"Giataid":"64722","cityId":105096,"cityName":"Manzini","hotelId":20003358,"hotelName":"The George Hotel","address":"Corner Ngwane Street  & Du Toit Street,P.O. Box 6534,Manzini M200,Swaziland","phones":"+26825052260","fax":"+26825052268","email":"info@tgh.co.sz","url":"http://tgh.co.sz/","countryIso2":"SZ","countryName":"Swaziland","hotelRating":"3","latitude":"-26.4934","longitude":"31.3847","state_id":968,"state_name":"Manzini District","country_id":212},{"active":false,"Giataid":"31828","cityId":105109,"cityName":"Piggs Peak","hotelId":20003754,"hotelName":"Orion Piggs Peak Hotel & Casino","address":"King Maswati II Highway,Piggs Peak,Swaziland,Swaziland","phones":"+2684371104","fax":"","email":"reservations@piggspeak.com","url":"http://www.piggspeakhotel.com/?btag1=PPDirect&bTag=PPDirect","countryIso2":"SZ","countryName":"Swaziland","hotelRating":"3","latitude":"-25.9584","longitude":"31.2499","state_id":969,"state_name":"Hhohho District","country_id":212},{"active":false,"Giataid":"594112","cityId":105099,"cityName":"Mbabane","hotelId":20003940,"hotelName":"The Place Guest House","address":"Mantsholo,Mbabane H100,Swaziland","phones":"+26878285090","fax":"","email":"info@theplace.co.sz","url":"http://www.theplaceswaziland.com/","countryIso2":"SZ","countryName":"Swaziland","hotelRating":"4","latitude":"-26.3014","longitude":"31.1342","state_id":969,"state_name":"Hhohho District","country_id":212},{"active":false,"Giataid":"472849","cityId":105099,"cityName":"Mbabane","hotelId":20004082,"hotelName":"Sibane Hotel","address":"Manzini Road Mr103,Old Mbabane,H106 Ezulwini Valley,Swaziland","phones":"","fax":"","email":"","url":"","countryIso2":"SZ","countryName":"Swaziland","hotelRating":"0","latitude":"-26.3901","longitude":"31.1682","state_id":969,"state_name":"Hhohho District","country_id":212},{"active":false,"Giataid":"162652","cityId":105096,"cityName":"Manzini","hotelId":20004297,"hotelName":"Summerfield Botanical Garden Resort","address":"Matspha,Manzini,Swaziland","phones":"+26825184693","fax":"+26825184763","email":"nfo@summerfieldresort.com","url":"http://www.summerfieldresort.com/","countryIso2":"SZ","countryName":"Swaziland","hotelRating":"3","latitude":"-26.5296","longitude":"31.3469","state_id":968,"state_name":"Manzini District","country_id":212},{"active":false,"Giataid":"299062","cityId":105096,"cityName":"Manzini","hotelId":20004691,"hotelName":"Malandela's B&B","address":"Malkerns Valley,Manzini,Swaziland","phones":"+26825283448","fax":"+26825283339","email":"bookings@malandelas.com","url":"http://www.malandelas.com","countryIso2":"SZ","countryName":"Swaziland","hotelRating":"0","latitude":"-26.4977","longitude":"31.2185","state_id":968,"state_name":"Manzini District","country_id":212},{"active":false,"Giataid":"76485","cityId":105099,"cityName":"Mbabane","hotelId":20005025,"hotelName":"Hawane Resort","address":"Timbatine Farm Road,PO Box 209,Mbabane H201,Swaziland","phones":"","fax":"","email":"","url":"","countryIso2":"SZ","countryName":"Swaziland","hotelRating":"2","latitude":"-26.2143","longitude":"31.0714","state_id":969,"state_name":"Hhohho District","country_id":212},{"active":false,"Giataid":"528228","cityId":105099,"cityName":"Mbabane","hotelId":20005922,"hotelName":"Ematjeni Guest House","address":"Mbabane,Hhohho,Swaziland","phones":"+26824043110","fax":"","email":"ematjeni@realnet.co.sz","url":"http://ematjeni.com/","countryIso2":"SZ","countryName":"Swaziland","hotelRating":"0","latitude":"-26.3054","longitude":"31.1367","state_id":969,"state_name":"Hhohho District","country_id":212},{"active":false,"Giataid":"594119","cityId":105096,"cityName":"Manzini","hotelId":20006091,"hotelName":"Manzini BnB","address":"Corner of Kelly Street and Du Toit,Manzini M200,Swaziland","phones":"","fax":"","email":"","url":"","countryIso2":"SZ","countryName":"Swaziland","hotelRating":"3","latitude":"-26.4958","longitude":"31.3855","state_id":968,"state_name":"Manzini District","country_id":212},{"active":false,"Giataid":"142382","cityId":105109,"cityName":"Piggs Peak","hotelId":20007176,"hotelName":"Phophonyane Falls Ecolodge","address":"Phophonyane Falls,H108 Piggs Peak,Swaziland","phones":"+26824313429","fax":"+26824313319","email":"lungile@phophonyane.co.sz","url":"http://www.phophonyane.co.sz/","countryIso2":"SZ","countryName":"Swaziland","hotelRating":"2","latitude":"-25.8983","longitude":"31.2948","state_id":969,"state_name":"Hhohho District","country_id":212},{"active":false,"Giataid":"878360","cityId":105099,"cityName":"Mbabane","hotelId":20370878,"hotelName":"BK Lodge And Conference Center","address":"Plot 23 Farm 308,Mbabane H101,Swaziland","phones":"+2682422750","fax":"","email":"","url":"http://bklodge.com/","countryIso2":"SZ","countryName":"Swaziland","hotelRating":"0","latitude":"-26.3442","longitude":"31.1555","state_id":969,"state_name":"Hhohho District","country_id":212},{"active":false,"Giataid":"877196","cityId":105096,"cityName":"Manzini","hotelId":20370880,"hotelName":"Esilulwini Ld Country Lodge","address":"MR8 MT route Sphofaneni,M200 Manzini,Swaziland,Swaziland","phones":"","fax":"","email":"","url":"","countryIso2":"SZ","countryName":"Swaziland","hotelRating":"0","latitude":"-26.5241","longitude":"31.3554","state_id":968,"state_name":"Manzini District","country_id":212},{"active":false,"Giataid":"526490","cityId":105091,"cityName":"Kwaluseni","hotelId":20370883,"hotelName":"Madala Lodge","address":"Opposite University of Swaziland,Kwaluseni,Swaziland","phones":"+26825187763","fax":"+26825188338","email":"","url":"http://www.madalalodge.co.sz/","countryIso2":"SZ","countryName":"Swaziland","hotelRating":"0","latitude":"-26.4831","longitude":"31.3351","state_id":968,"state_name":"Manzini District","country_id":212},{"active":false,"Giataid":"878343","cityId":105093,"cityName":"Lobamba","hotelId":20370885,"hotelName":"EMfuleni Lifestyle","address":"01 Emvutjini street,Lobamba D220,Swaziland","phones":"","fax":"","email":"","url":"","countryIso2":"SZ","countryName":"Swaziland","hotelRating":"0","latitude":"-26.4267","longitude":"31.1882","state_id":969,"state_name":"Hhohho District","country_id":212},{"active":false,"Giataid":"890098","cityId":105099,"cityName":"Mbabane","hotelId":20370889,"hotelName":"Veki's Village","address":"Plot 881,Mountain Drive,Fontain,Mbabane H100,Hhohho,Swaziland","phones":"","fax":"","email":"","url":"","countryIso2":"SZ","countryName":"Swaziland","hotelRating":"0","latitude":"-26.3442","longitude":"31.1555","state_id":969,"state_name":"Hhohho District","country_id":212},{"active":false,"Giataid":"898773","cityId":105099,"cityName":"Mbabane","hotelId":20370892,"hotelName":"Crisovik Guest House","address":"521 Mbhilibhi Street,Mbabane H100,Hhohho,Swaziland","phones":"","fax":"","email":"","url":"","countryIso2":"SZ","countryName":"Swaziland","hotelRating":"0","latitude":"-26.3442","longitude":"31.1555","state_id":969,"state_name":"Hhohho District","country_id":212},{"active":false,"Giataid":"898761","cityId":105096,"cityName":"Manzini","hotelId":20370894,"hotelName":"Coats Valley House","address":"Fuscia Steet,Manzini,Swaziland","phones":"","fax":"","email":"","url":"","countryIso2":"SZ","countryName":"Swaziland","hotelRating":"0","latitude":"-26.5241","longitude":"31.3554","state_id":968,"state_name":"Manzini District","country_id":212}]