[{"active":false,"Giataid":"354513","cityId":null,"cityName":"Ezulwini","hotelId":354513,"hotelName":"Mantenga Lodge","address":"1 Mantenga Falls Road,Ezulwini Valley,Ezulwini,Hhohho,Swaziland","phones":"+26824161049","fax":"","email":"","url":"","countryIso2":"SZ","countryName":"Swaziland","hotelRating":"3","latitude":"-26.4411","longitude":"31.1812","state_id":null,"state_name":null,"country_id":null},{"active":false,"Giataid":"754658","cityId":null,"cityName":"Hlane Royal National Park","hotelId":754658,"hotelName":"Bhubesi Camp","address":"Northwest Corner of Park,Mbuluzane River,Hlane Royal National Park,Swaziland","phones":"","fax":"","email":"","url":"https://biggameparks.org/properties/hlane-royal-national-park-1","countryIso2":"SZ","countryName":"Swaziland","hotelRating":"1","latitude":"-26.3822","longitude":"31.1639","state_id":null,"state_name":null,"country_id":null},{"active":false,"Giataid":"822612","cityId":null,"cityName":"Swaziland","hotelId":822612,"hotelName":"Tfutjana mount Resort","address":"Along MR 9 road from Manzini pass Sdvokodvo 12km from Sdvokodvo Tfutjana mount Resort aka Mkhondvo,M200 Ngwempisi,Swaziland,Swaziland","phones":"","fax":"","email":"","url":"","countryIso2":"SZ","countryName":"Swaziland","hotelRating":"1","latitude":"-26.4596","longitude":"31.1184","state_id":null,"state_name":null,"country_id":null},{"active":false,"Giataid":"849153","cityId":null,"cityName":"Ezulwini","hotelId":849153,"hotelName":"Mayoloza B n B","address":"Buka community Ezulwini,Ezulwini M100,Swaziland","phones":"","fax":"","email":"","url":"","countryIso2":"SZ","countryName":"Swaziland","hotelRating":"1","latitude":"-26.4197","longitude":"31.1771","state_id":null,"state_name":null,"country_id":null},{"active":false,"Giataid":"637780","cityId":null,"cityName":"Ezulwini","hotelId":20004474,"hotelName":"Mogi Boutique Hotel","address":"Main Road,PO Box 192,Ezulwini,Swaziland","phones":"+26824171585","fax":"","email":"mollieroques@gmail.com","url":"http://www.mogiafrica.com","countryIso2":"SZ","countryName":"Swaziland","hotelRating":"0","latitude":"-26.4197","longitude":"31.1771","state_id":null,"state_name":null,"country_id":null},{"active":false,"Giataid":"299057","cityId":null,"cityName":"Hlane Royal National Park","hotelId":20004866,"hotelName":"Ndlovu Camp","address":"Hlane Royal National Park,Swaziland","phones":"","fax":"","email":"","url":"","countryIso2":"SZ","countryName":"Swaziland","hotelRating":"0","latitude":"-26.2832","longitude":"31.879","state_id":null,"state_name":null,"country_id":null},{"active":false,"Giataid":"628418","cityId":null,"cityName":"Ezulwini","hotelId":20005416,"hotelName":"Bethel Court","address":"Plot 48,Farm 706,Tea Road,Ezulwini H106,Swaziland","phones":"+26824161977","fax":"","email":"reservations@swazibethelcourt.com","url":"http://swazibethelcourt.com/","countryIso2":"SZ","countryName":"Swaziland","hotelRating":"0","latitude":"-26.412","longitude":"31.1762","state_id":null,"state_name":null,"country_id":null},{"active":false,"Giataid":"110589","cityId":null,"cityName":"Swaziland","hotelId":20005722,"hotelName":"Foresters Arms Hotel","address":"National Road MR19,PO Box 14,Mhlamanyatsi,Swaziland","phones":"+26824674177","fax":"+26824674051","email":"forestersarms@realnet.co.sz","url":"http://www.forestersarms.co.za","countryIso2":"SZ","countryName":"Swaziland","hotelRating":"3","latitude":"-26.4558","longitude":"31.0247","state_id":null,"state_name":null,"country_id":null},{"active":false,"Giataid":"299060","cityId":null,"cityName":"Mlilwane Wildlife Sanctuary","hotelId":20006271,"hotelName":"Mlilwane Rest Camp","address":"Mlilwane Wildlife Sanctuary,Swaziland","phones":"+26825283943","fax":"+26825283924","email":"reservations@biggameparks.org","url":"","countryIso2":"SZ","countryName":"Swaziland","hotelRating":"3","latitude":"-26.4915","longitude":"31.1848","state_id":null,"state_name":null,"country_id":null},{"active":false,"Giataid":"299063","cityId":null,"cityName":"Ezulwini","hotelId":20006455,"hotelName":"Timbali Lodge","address":"Old Main Rd.,Ezulwini Valley,Swaziland","phones":"+2684162632","fax":"+2684162632","email":"timbali@realnet.co.sz","url":"http://www.timbalilodge.co.sz/","countryIso2":"SZ","countryName":"Swaziland","hotelRating":"0","latitude":"-26.3984","longitude":"31.1731","state_id":null,"state_name":null,"country_id":null},{"active":false,"Giataid":"359679","cityId":null,"cityName":"Mkhaya Game Reserve","hotelId":20006625,"hotelName":"Mkhaya Game Reserve","address":"Phuzamoya,Mkhaya Game Reserve,Swaziland","phones":"","fax":"","email":"","url":"","countryIso2":"SZ","countryName":"Swaziland","hotelRating":"3","latitude":"-26.6202","longitude":"31.7538","state_id":null,"state_name":null,"country_id":null},{"active":false,"Giataid":"297810","cityId":null,"cityName":"Mlilwane Wildlife Sanctuary","hotelId":20006805,"hotelName":"Reilly's Rock Hilltop Lodge","address":"Mlilwane Hill,Mlilwane Wildlife Sanctuary,Ezulwini Valley,District Manzini,Swaziland","phones":"+26825283943","fax":"+26825283924","email":"reservations@biggameparks.org","url":"https://biggameparks.org/properties/reillys-rock-4","countryIso2":"SZ","countryName":"Swaziland","hotelRating":"2","latitude":"-26.4708","longitude":"31.1801","state_id":null,"state_name":null,"country_id":null},{"active":false,"Giataid":"238697","cityId":null,"cityName":"Swaziland","hotelId":20006982,"hotelName":"Mlilwane Wildlife Sanctuary","address":"Mlilwane Wildlife Sanctuary,Ezulwini Valley,Swaziland,Swaziland","phones":"","fax":"","email":"","url":"","countryIso2":"SZ","countryName":"Swaziland","hotelRating":"2","latitude":"-26.4634","longitude":"31.1654","state_id":null,"state_name":null,"country_id":null},{"active":false,"Giataid":"878330","cityId":null,"cityName":"Ezulwini","hotelId":20370877,"hotelName":"Ezulwini Guest House","address":"13 Majaha Close Goje,Ezulwini H106,Swaziland","phones":"","fax":"","email":"","url":"","countryIso2":"SZ","countryName":"Swaziland","hotelRating":"0","latitude":"-26.4204","longitude":"31.1866","state_id":null,"state_name":null,"country_id":null},{"active":false,"Giataid":"900428","cityId":null,"cityName":"Ezulwini","hotelId":20370888,"hotelName":"Damicha Lodge","address":"30 Mphumalanga Crescent,Mdzenga Close,Goje Township,Ezulwini  H106,Mbabane,Swaziland","phones":"","fax":"","email":"","url":"","countryIso2":"SZ","countryName":"Swaziland","hotelRating":"0","latitude":"-26.4197","longitude":"31.1771","state_id":null,"state_name":null,"country_id":null}]