[{"active":false,"Giataid":"627071","cityId":null,"cityName":"Khanaspur","hotelId":627071,"hotelName":"Hotel Al Azeem","address":"Near Ayubia Chair Lift,Ayubia,Khanspur 46000,Pakistan","phones":"","fax":"","email":"","url":"","countryIso2":"PK","countryName":"Pakistan","hotelRating":"1","latitude":"34.0292","longitude":"73.4032","state_id":null,"state_name":null,"country_id":null},{"active":false,"Giataid":"627074","cityId":null,"cityName":"Taxila","hotelId":627074,"hotelName":"Royalson Hotel","address":"","phones":"","fax":"","email":"","url":"","countryIso2":"PK","countryName":"Pakistan","hotelRating":"1","latitude":"33.7346","longitude":"72.8029","state_id":null,"state_name":null,"country_id":null},{"active":false,"Giataid":"627075","cityId":null,"cityName":"Nathiagali","hotelId":627075,"hotelName":"Hotel Elites","address":"","phones":"","fax":"","email":"","url":"","countryIso2":"PK","countryName":"Pakistan","hotelRating":"1","latitude":"34.0763","longitude":"73.3819","state_id":null,"state_name":null,"country_id":null},{"active":false,"Giataid":"724711","cityId":null,"cityName":"Nathiagali","hotelId":724711,"hotelName":"Green Retreat Hotel","address":"Green Spot Road Plot 113,Nathia Gali,Abbottabad,Pakistan","phones":"","fax":"","email":"","url":"http://www.retreathotels.pk/green-retreat-nathiagali","countryIso2":"PK","countryName":"Pakistan","hotelRating":"1","latitude":"34.0763","longitude":"73.3819","state_id":null,"state_name":null,"country_id":null},{"active":false,"Giataid":"724723","cityId":null,"cityName":"Nathiagali","hotelId":724723,"hotelName":"Summer Retreat Hotel","address":"Near Gpo,Green Spot Road 113,Nathia Gali,Abbottabad,Pakistan","phones":"+92992355201","fax":"","email":"retreathotels@gmail.com","url":"http://www.retreathotels.pk/summer-retreat-nathiagali","countryIso2":"PK","countryName":"Pakistan","hotelRating":"1","latitude":"34.0763","longitude":"73.3819","state_id":null,"state_name":null,"country_id":null},{"active":false,"Giataid":"366716","cityId":null,"cityName":"Shigar","hotelId":20011332,"hotelName":"Serena Shigar Fort","address":"Baltistan,Shigar,Pakistan","phones":"+925815467108","fax":"+925815467288","email":"reservation.ssf@serena.com.pk","url":"http://www.serenahotels.com/serenashigarf/default-en.html","countryIso2":"PK","countryName":"Pakistan","hotelRating":"3","latitude":"35.423","longitude":"75.7422","state_id":null,"state_name":null,"country_id":null},{"active":false,"Giataid":"476667","cityId":null,"cityName":"Karimabad","hotelId":20013525,"hotelName":"Hotel Hunza Embassy","address":"47000 Karimabad,Hunza,Pakistan","phones":"+925813457001","fax":"+92582157132","email":"","url":"http://www.hunzaembassy.com","countryIso2":"PK","countryName":"Pakistan","hotelRating":"0","latitude":"36.3187","longitude":"74.6665","state_id":null,"state_name":null,"country_id":null},{"active":false,"Giataid":"918633","cityId":null,"cityName":"Karimabad","hotelId":20360732,"hotelName":"Baltit Heritage Inn","address":"Fort Chowk,Karimabad 15100,Hunza,Pakistan","phones":"","fax":"","email":"","url":"","countryIso2":"PK","countryName":"Pakistan","hotelRating":"0","latitude":"36.319","longitude":"74.6663","state_id":null,"state_name":null,"country_id":null},{"active":false,"Giataid":"919628","cityId":null,"cityName":"Karimabad","hotelId":20360755,"hotelName":"World Roof Hotel","address":"Main Bazar,Near Fort Chok,Karimabad 15700,Hunza,Pakistan","phones":"","fax":"","email":"","url":"","countryIso2":"PK","countryName":"Pakistan","hotelRating":"0","latitude":"36.319","longitude":"74.6663","state_id":null,"state_name":null,"country_id":null},{"active":false,"Giataid":"918370","cityId":null,"cityName":"Karimabad","hotelId":20360778,"hotelName":"Hunza View Hotel","address":"Northern Areas,Karim Abad Road,Karimabad 54000,Hunza,Pakistan","phones":"","fax":"","email":"","url":"","countryIso2":"PK","countryName":"Pakistan","hotelRating":"0","latitude":"36.319","longitude":"74.6663","state_id":null,"state_name":null,"country_id":null},{"active":false,"Giataid":"918631","cityId":null,"cityName":"Karimabad","hotelId":20360848,"hotelName":"The Hunza Lodge","address":"Baltit Fort Chowk,Karimabad Road,Karimabad 15700,Hunza,Pakistan","phones":"","fax":"","email":"","url":"","countryIso2":"PK","countryName":"Pakistan","hotelRating":"0","latitude":"36.319","longitude":"74.6663","state_id":null,"state_name":null,"country_id":null},{"active":false,"Giataid":"956515","cityId":null,"cityName":"Karimabad","hotelId":20416214,"hotelName":"Old Hunza Inn","address":"Zero Pint Old Road,Karimabad 15700,Hunza Valley,Pakistan","phones":"","fax":"","email":"","url":"","countryIso2":"PK","countryName":"Pakistan","hotelRating":"1","latitude":"36.319","longitude":"74.6663","state_id":null,"state_name":null,"country_id":null}]