[{"active":false,"Giataid":"16933","cityId":null,"cityName":"Cop?n Ruinas","hotelId":16933,"hotelName":"Marina Copan","address":"Cop?n Ruinas,Honduras,Honduras","phones":"+5046514070","fax":"+5046514477","email":"info@marinacopan.com","url":"http://www.hotelmarinacopan.com/","countryIso2":"HN","countryName":"Honduras","hotelRating":"4","latitude":"14.8393","longitude":"-89.1561","state_id":null,"state_name":null,"country_id":null},{"active":false,"Giataid":"16933","cityId":null,"cityName":"Cop?n Ruinas","hotelId":16933,"hotelName":"Marina Copan","address":"Cop?n Ruinas,Honduras,Honduras","phones":"+5046514070","fax":"+5046514477","email":"info@marinacopan.com","url":"http://www.hotelmarinacopan.com/","countryIso2":"HN","countryName":"Honduras","hotelRating":"4","latitude":"14.8393","longitude":"-89.1561","state_id":null,"state_name":null,"country_id":null},{"active":false,"Giataid":"183523","cityId":null,"cityName":"Cop?n Ruinas","hotelId":183523,"hotelName":"Don Udo's","address":"Avenida Mirador,Barrio El Centro,Copan Ruinas,Honduras","phones":"","fax":"","email":"","url":"","countryIso2":"HN","countryName":"Honduras","hotelRating":"2","latitude":"14.8373","longitude":"-89.1563","state_id":null,"state_name":null,"country_id":null},{"active":false,"Giataid":"234476","cityId":null,"cityName":"West Bay Beach","hotelId":234476,"hotelName":"Las Sirenas Hotel & Condos","address":"West Bay Beach,West End,Roatan,Bay Islands,Honduras","phones":"+5044455009","fax":"+5044455013","email":"fom@hmresorts.com","url":"http://www.hmresorts.com/lassirenas/?langswitch_lang=en","countryIso2":"HN","countryName":"Honduras","hotelRating":"4","latitude":"16.2753","longitude":"-86.5986","state_id":null,"state_name":null,"country_id":null},{"active":false,"Giataid":"322108","cityId":null,"cityName":"Cop?n Ruinas","hotelId":322108,"hotelName":"Casa Jaguar","address":"Barrio El Centro,Copan Ruinas,Honduras","phones":"","fax":"","email":"","url":"","countryIso2":"HN","countryName":"Honduras","hotelRating":"1","latitude":"14.8497","longitude":"-89.1468","state_id":null,"state_name":null,"country_id":null},{"active":false,"Giataid":"322109","cityId":null,"cityName":"Cop?n Ruinas","hotelId":322109,"hotelName":"Hacienda La Esperanza B&B","address":"Barrio Titichon,Copan Ruinas,Honduras","phones":"","fax":"","email":"","url":"","countryIso2":"HN","countryName":"Honduras","hotelRating":"1","latitude":"14.8497","longitude":"-89.1468","state_id":null,"state_name":null,"country_id":null},{"active":false,"Giataid":"406448","cityId":null,"cityName":"Dixon Cove","hotelId":406448,"hotelName":"Tobris Divers Resort","address":"Roatan Bay Island,Honduras","phones":"+50424450750","fax":"","email":"info@tobri-divers.com","url":"http://www.tobri-divers.com/de/resort.php","countryIso2":"HN","countryName":"Honduras","hotelRating":"1","latitude":"16.322","longitude":"-86.5071","state_id":null,"state_name":null,"country_id":null},{"active":false,"Giataid":"448415","cityId":null,"cityName":"Cop?n Ruinas","hotelId":448415,"hotelName":"Hotel Casa Gabriela","address":"Avenue Independencia,Barrio El Centro,Una Cuadra Al Sur Del Parque Central,Contiguo A Banco Continental,Copan Ruinas,Honduras","phones":"","fax":"","email":"","url":"","countryIso2":"HN","countryName":"Honduras","hotelRating":"4","latitude":"14.8374","longitude":"-89.156","state_id":null,"state_name":null,"country_id":null},{"active":false,"Giataid":"448462","cityId":null,"cityName":"Cop?n Ruinas","hotelId":448462,"hotelName":"Hotel & Hostal Yaxkin Copan","address":"Calle 18 Conejo,Centro,Copan Ruinas,Honduras","phones":"","fax":"","email":"","url":"","countryIso2":"HN","countryName":"Honduras","hotelRating":"1","latitude":"14.8394","longitude":"-89.1591","state_id":null,"state_name":null,"country_id":null},{"active":false,"Giataid":"449243","cityId":null,"cityName":"Santa Rosa de Cop?n","hotelId":449243,"hotelName":"Hotel San Jorge","address":"Una Cuadra Al Sur de Banco Ficohsa,Barrio El Calvario,41101 Santa Rosa de Copan,Honduras","phones":"","fax":"","email":"hsanjorge@hotmail.com","url":"http://hotelsanjorgehn.com","countryIso2":"HN","countryName":"Honduras","hotelRating":"3","latitude":"14.7666","longitude":"-88.7796","state_id":null,"state_name":null,"country_id":null},{"active":false,"Giataid":"449825","cityId":null,"cityName":"Cop?n Ruinas","hotelId":449825,"hotelName":"Hotel & Spa Copan Colonial","address":"Street the Independence,Copan Ruinas,Honduras","phones":"+50426513494","fax":"+50426513494","email":"info@copancolonial.com","url":"http://www.copancolonial.com/index.php/en/","countryIso2":"HN","countryName":"Honduras","hotelRating":"1","latitude":"14.8374","longitude":"-89.156","state_id":null,"state_name":null,"country_id":null},{"active":false,"Giataid":"452884","cityId":null,"cityName":"Cop?n Ruinas","hotelId":452884,"hotelName":"El Bosque Hotel","address":"","phones":"+50426513651","fax":"","email":"","url":"","countryIso2":"HN","countryName":"Honduras","hotelRating":"1","latitude":"14.847","longitude":"-89.1586","state_id":null,"state_name":null,"country_id":null},{"active":false,"Giataid":"452895","cityId":null,"cityName":"Santa Rosa de Cop?n","hotelId":452895,"hotelName":"Hotel Santa Fe","address":"Colonia Mejia Garcia 2 cuadras abajo del instituto Maria Auxiliadora,50432 Santa Rosa de Cop?n,Honduras","phones":"+50426627119","fax":"","email":"reservaciones@hotelsantafesrc.com","url":"http://www.hotelsantafesrc.com/","countryIso2":"HN","countryName":"Honduras","hotelRating":"1","latitude":"14.7704","longitude":"-88.7803","state_id":null,"state_name":null,"country_id":null},{"active":false,"Giataid":"455290","cityId":null,"cityName":"Cop?n Ruinas","hotelId":455290,"hotelName":"Hotel Cascada","address":"","phones":"","fax":"","email":"","url":"","countryIso2":"HN","countryName":"Honduras","hotelRating":"3","latitude":"14.8377","longitude":"-89.1553","state_id":null,"state_name":null,"country_id":null},{"active":false,"Giataid":"461195","cityId":null,"cityName":"West End Village","hotelId":461195,"hotelName":"Posada Las Orquideas","address":"Gravel Bay,34101 West End,Roatan Island,Honduras","phones":"+50424454387","fax":"","email":"posadalasorquideas@gmail.com","url":"http://www.posadalasorquideas.com/","countryIso2":"HN","countryName":"Honduras","hotelRating":"2","latitude":"16.3037","longitude":"-86.594","state_id":null,"state_name":null,"country_id":null},{"active":false,"Giataid":"461743","cityId":null,"cityName":"Danl?","hotelId":461743,"hotelName":"Hotel Rosa","address":"Bo. Pueblo Nuevo, 2da.,Ave NO, 4-5 calle,21102 Danl?,Honduras","phones":"","fax":"","email":"","url":"http://www.a-hotel.com/es/honduras/danli/679881-hotel-rosa/","countryIso2":"HN","countryName":"Honduras","hotelRating":"1","latitude":"14.024","longitude":"-86.567","state_id":null,"state_name":null,"country_id":null},{"active":false,"Giataid":"463094","cityId":null,"cityName":"Cop?n Ruinas","hotelId":463094,"hotelName":"Hotel Marjenny","address":"Calle Acropol?s,Avenida Mirador,Copan Ruinas,Honduras","phones":"+50426514225","fax":"","email":"marjennyhotel@gmail.com","url":"http://hotelmarjenny.es.tl","countryIso2":"HN","countryName":"Honduras","hotelRating":"2","latitude":"14.8396","longitude":"-89.1569","state_id":null,"state_name":null,"country_id":null},{"active":false,"Giataid":"463219","cityId":null,"cityName":"Cop?n Ruinas","hotelId":463219,"hotelName":"Hotel Buena Vista","address":"Avenida Mirador,A 4 Cuadras del Parque Central,Copan Ruinas,Honduras","phones":"+50426514502","fax":"","email":"","url":"","countryIso2":"HN","countryName":"Honduras","hotelRating":"2","latitude":"14.8415","longitude":"-89.1573","state_id":null,"state_name":null,"country_id":null},{"active":false,"Giataid":"502409","cityId":null,"cityName":"Cop?n Ruinas","hotelId":502409,"hotelName":"Hotel & Hostal Berakah Copan","address":"Barrio Centro,1 block from central park,00504 Ruinas de Cop?n,Honduras","phones":"","fax":"","email":"","url":"","countryIso2":"HN","countryName":"Honduras","hotelRating":"2","latitude":"14.8387","longitude":"-89.155","state_id":null,"state_name":null,"country_id":null},{"active":false,"Giataid":"502704","cityId":null,"cityName":"Cop?n Ruinas","hotelId":502704,"hotelName":"Casa Gabriela Hotel & Garden Cafeteria","address":"Independencia Street,Barrio El Centro,1 Block To South Of Central Park,Copan Ruinas,Honduras","phones":"+50426514436","fax":"+50426514850","email":"info@hotelcasagabriela.com","url":"http://hotelcasagabriela.com/","countryIso2":"HN","countryName":"Honduras","hotelRating":"1","latitude":"14.8376","longitude":"-89.1558","state_id":null,"state_name":null,"country_id":null},{"active":false,"Giataid":"517543","cityId":null,"cityName":"Cop?n Ruinas","hotelId":517543,"hotelName":"Hotel La Escalinata","address":"Avenida La Cuesta,Barrio Buena Vista,Copan Ruinas,Copan,Honduras","phones":"+50426514354","fax":"","email":"info@hotellaescalinata.com","url":"http://www.hotellaescalinata.com","countryIso2":"HN","countryName":"Honduras","hotelRating":"2","latitude":"14.8408","longitude":"-89.1579","state_id":null,"state_name":null,"country_id":null},{"active":false,"Giataid":"550964","cityId":null,"cityName":"Cop?n Ruinas","hotelId":550964,"hotelName":"La Casa Rosada","address":"Barrio El Centro,Copan Ruinas,Honduras","phones":"+50426514324","fax":"+50426514387","email":"info@lacasarosada.com","url":"http://www.lacasarosada.com/","countryIso2":"HN","countryName":"Honduras","hotelRating":"3","latitude":"14.8396","longitude":"-89.1567","state_id":null,"state_name":null,"country_id":null},{"active":false,"Giataid":"595463","cityId":null,"cityName":"West End Village","hotelId":595463,"hotelName":"Sunset Villas","address":"Sunset Villas Drive,West End,Roatan,Honduras","phones":"","fax":"","email":"","url":"","countryIso2":"HN","countryName":"Honduras","hotelRating":"3","latitude":"16.2995","longitude":"-86.5918","state_id":null,"state_name":null,"country_id":null},{"active":false,"Giataid":"617740","cityId":null,"cityName":"Santa Rosa de Cop?n","hotelId":617740,"hotelName":"Hotel Elvir","address":"Calle Real Centenario,Santa Rosa de Cop?n,Honduras","phones":"+50426620103","fax":"","email":"reservaciones@hotelelvir.com","url":"http://hotelelvir.com/","countryIso2":"HN","countryName":"Honduras","hotelRating":"3","latitude":"14.768","longitude":"-88.7804","state_id":null,"state_name":null,"country_id":null},{"active":false,"Giataid":"617742","cityId":null,"cityName":"Cop?n Ruinas","hotelId":617742,"hotelName":"Carrillo's Hotel","address":"Calle las Gradas,Barrio Buena Vista,00111 Copan Ruinas,Honduras","phones":"+50426514083","fax":"","email":"info@carrilloshotel.com","url":"http://carrilloshotel.com/","countryIso2":"HN","countryName":"Honduras","hotelRating":"1","latitude":"14.8409","longitude":"-89.1551","state_id":null,"state_name":null,"country_id":null},{"active":false,"Giataid":"617743","cityId":null,"cityName":"Cop?n Ruinas","hotelId":617743,"hotelName":"Plaza Real Boutique Hotel","address":"Ave. Centro America,00011 Copan Ruinas,Honduras","phones":"+50426513891","fax":"","email":"info@plazarealboutiquehotel.com","url":"http://www.plazarealboutiquehotel.com/","countryIso2":"HN","countryName":"Honduras","hotelRating":"1","latitude":"14.8373","longitude":"-89.1555","state_id":null,"state_name":null,"country_id":null},{"active":false,"Giataid":"617744","cityId":null,"cityName":"Santa Rosa de Cop?n","hotelId":617744,"hotelName":"Hotel Karolina Boutique","address":"Barrio Santa Teresa,Media Cuatra Al Sur Del Rest El Rodeo,Frente Al Kinfer Federico C Canales,00111 Santa Rosa De Cop?n,Honduras","phones":"","fax":"","email":"","url":"","countryIso2":"HN","countryName":"Honduras","hotelRating":"1","latitude":"14.7704","longitude":"-88.7803","state_id":null,"state_name":null,"country_id":null},{"active":false,"Giataid":"617745","cityId":null,"cityName":"Cop?n Ruinas","hotelId":617745,"hotelName":"Plaza Yat B'alam","address":"Calle La Independencia,Barrio El Centro,Cop?n Ruinas,Honduras","phones":"+50426514338","fax":"","email":"info@yatbalam.com","url":"http://yatbalam.com/","countryIso2":"HN","countryName":"Honduras","hotelRating":"1","latitude":"14.8392","longitude":"-89.1564","state_id":null,"state_name":null,"country_id":null},{"active":false,"Giataid":"617746","cityId":null,"cityName":"Cop?n Ruinas","hotelId":617746,"hotelName":"Hotel Acropolis Maya","address":"Barrio El Centro,near Barrio Buena Vista,00111 Copan Ruinas,Honduras","phones":"","fax":"","email":"","url":"","countryIso2":"HN","countryName":"Honduras","hotelRating":"1","latitude":"14.8398","longitude":"-89.1553","state_id":null,"state_name":null,"country_id":null},{"active":false,"Giataid":"617747","cityId":null,"cityName":"Cop?n Ruinas","hotelId":617747,"hotelName":"Mary's Hotel","address":"Barrio El Centro,Frente Al Campo de Futbol,00111 Copan Ruinas,Honduras","phones":"","fax":"","email":"","url":"","countryIso2":"HN","countryName":"Honduras","hotelRating":"1","latitude":"14.8405","longitude":"-89.1547","state_id":null,"state_name":null,"country_id":null},{"active":false,"Giataid":"617748","cityId":null,"cityName":"Cop?n Ruinas","hotelId":617748,"hotelName":"Hotel Brisas de Copan","address":"","phones":"","fax":"","email":"","url":"","countryIso2":"HN","countryName":"Honduras","hotelRating":"1","latitude":"14.8398","longitude":"-89.1551","state_id":null,"state_name":null,"country_id":null},{"active":false,"Giataid":"617749","cityId":null,"cityName":"Cop?n Ruinas","hotelId":617749,"hotelName":"Lauro's Hotel","address":"Barrio El Centro,Calle 18,Conejos Media Cuadra Del Parque Central,00111 Copan Ruinas,Honduras","phones":"","fax":"","email":"","url":"","countryIso2":"HN","countryName":"Honduras","hotelRating":"1","latitude":"14.8388","longitude":"-89.1563","state_id":null,"state_name":null,"country_id":null},{"active":false,"Giataid":"617755","cityId":null,"cityName":"Santa Rosa de Cop?n","hotelId":617755,"hotelName":"Hotel Plaza Alicia","address":"Barrio Santa Teresa, 1era Calle, entre 5ta Avenida y 6ta Avenida sureste,  Centro de la Ciudad,00111 Santa Rosa de Cop?n,Honduras","phones":"","fax":"","email":"","url":"","countryIso2":"HN","countryName":"Honduras","hotelRating":"1","latitude":"14.7651","longitude":"-88.7751","state_id":null,"state_name":null,"country_id":null},{"active":false,"Giataid":"617758","cityId":null,"cityName":"Valle de ?ngeles","hotelId":617758,"hotelName":"Hotel y Cabanas Ros","address":"Km 2 Carretera a San Juancito,Barrio el Cant?n,11101 Valle de ?ngeles,Honduras","phones":"","fax":"","email":"","url":"","countryIso2":"HN","countryName":"Honduras","hotelRating":"1","latitude":"14.1854","longitude":"-87.049","state_id":null,"state_name":null,"country_id":null},{"active":false,"Giataid":"617765","cityId":null,"cityName":"Cop?n Ruinas","hotelId":617765,"hotelName":"Hotel Yaragua","address":"Barrio El Centro,Media Cuadra Este Del Parque Central,00111 Copan Ruinas,Honduras","phones":"","fax":"","email":"","url":"","countryIso2":"HN","countryName":"Honduras","hotelRating":"1","latitude":"14.8392","longitude":"-89.1564","state_id":null,"state_name":null,"country_id":null},{"active":false,"Giataid":"617841","cityId":null,"cityName":"West End Village","hotelId":617841,"hotelName":"Hotel Chillies and Native Sons Diving","address":"Half Moon Bay,West End,Roatan,Honduras","phones":"+50496706530","fax":"","email":"chilliesrtb@yahoo.com","url":"http://www.hotelchilliesroatan.com","countryIso2":"HN","countryName":"Honduras","hotelRating":"1","latitude":"16.3015","longitude":"-86.5928","state_id":null,"state_name":null,"country_id":null},{"active":false,"Giataid":"617850","cityId":null,"cityName":"Valle de ?ngeles","hotelId":617850,"hotelName":"Hotel y Suites Villas del Valle","address":"Carretera Hacia Cantarranas,Barrio El Ed?n,00111 Valle de ?ngeles,Honduras","phones":"+50427662534","fax":"","email":"villasdelvalle@yahoo.com","url":"http://www.villasdelvalle.com/","countryIso2":"HN","countryName":"Honduras","hotelRating":"1","latitude":"14.1643","longitude":"-87.0443","state_id":null,"state_name":null,"country_id":null},{"active":false,"Giataid":"617889","cityId":null,"cityName":"Cop?n Ruinas","hotelId":617889,"hotelName":"Plaza Magdalena Hotel","address":"Calle 18 Conejo,Ave. El Mirador,00111 Copan Ruinas,Honduras","phones":"+50426513416","fax":"","email":"info@hotelplazamagdalena.com","url":"http://hotelplazamagdalena.com/","countryIso2":"HN","countryName":"Honduras","hotelRating":"1","latitude":"14.8386","longitude":"-89.1568","state_id":null,"state_name":null,"country_id":null},{"active":false,"Giataid":"618153","cityId":null,"cityName":"West End Village","hotelId":618153,"hotelName":"Blue Waters Hotel and Apartments","address":"West End,00011 West End,Honduras","phones":"","fax":"","email":"","url":"","countryIso2":"HN","countryName":"Honduras","hotelRating":"1","latitude":"16.2972","longitude":"-86.5928","state_id":null,"state_name":null,"country_id":null},{"active":false,"Giataid":"671269","cityId":null,"cityName":"Santa Rosa de Cop?n","hotelId":671269,"hotelName":"La Posada De Juan B and B","address":"Barrio El Carmen,Media Cuadra Al Este De La Universidad Catolica,50432 Santa Rosa De Copan,Honduras","phones":"+50432034899","fax":"","email":"laposadadejuan@hotmail.com","url":"http://www.laposadadejuan.com/","countryIso2":"HN","countryName":"Honduras","hotelRating":"1","latitude":"14.773","longitude":"-88.7831","state_id":null,"state_name":null,"country_id":null},{"active":false,"Giataid":"671646","cityId":null,"cityName":"Cop?n Ruinas","hotelId":671646,"hotelName":"Casa Dona Elena B&B","address":"Avenue Centroamerica,Copan Ruinas,Honduras","phones":"+50499060606","fax":"","email":"info@casadonaelena.com","url":"http://www.casadonaelena.com","countryIso2":"HN","countryName":"Honduras","hotelRating":"1","latitude":"14.8446","longitude":"-89.1558","state_id":null,"state_name":null,"country_id":null},{"active":false,"Giataid":"695562","cityId":null,"cityName":"West End Village","hotelId":695562,"hotelName":"Villa Tranquila","address":"34101 West End,Roatan,Honduras","phones":"","fax":"","email":"","url":"","countryIso2":"HN","countryName":"Honduras","hotelRating":"1","latitude":"16.3058","longitude":"-86.5943","state_id":null,"state_name":null,"country_id":null},{"active":false,"Giataid":"695579","cityId":null,"cityName":"West End Village","hotelId":695579,"hotelName":"Green Bamboo Cabana","address":"34101 West End,Roatan,Honduras","phones":"","fax":"","email":"","url":"","countryIso2":"HN","countryName":"Honduras","hotelRating":"1","latitude":"16.3058","longitude":"-86.5943","state_id":null,"state_name":null,"country_id":null},{"active":false,"Giataid":"696633","cityId":null,"cityName":"Cop?n Ruinas","hotelId":696633,"hotelName":"Iguana Azul","address":"Three blocks from the City Center,Cop?n Ruinas,Department Cop?n,Honduras","phones":"+50426514620","fax":"","email":"info@iguanaazulcopan.com","url":"http://www.iguanaazulcopan.com","countryIso2":"HN","countryName":"Honduras","hotelRating":"1","latitude":"14.8392","longitude":"-89.1564","state_id":null,"state_name":null,"country_id":null},{"active":false,"Giataid":"696663","cityId":null,"cityName":"Cop?n Ruinas","hotelId":696663,"hotelName":"La Casa de Cafe","address":"Barrio El Centro,Copan Ruinas,Honduras","phones":"+50426514620","fax":"","email":"info@casadecafecopan.com","url":"http://www.casadecafecopan.com/","countryIso2":"HN","countryName":"Honduras","hotelRating":"1","latitude":"14.8363","longitude":"-89.1594","state_id":null,"state_name":null,"country_id":null},{"active":false,"Giataid":"696703","cityId":null,"cityName":"Cop?n Ruinas","hotelId":696703,"hotelName":"Terramaya","address":"Avenida Centroamerica,2 1/2 blocks north of Central Park,In front of Hotel Calle Real,Copan Ruinas,Honduras","phones":"+50426514623","fax":"","email":"info@terramayacopan.com","url":"http://www.terramayacopan.com/","countryIso2":"HN","countryName":"Honduras","hotelRating":"1","latitude":"14.841","longitude":"-89.1564","state_id":null,"state_name":null,"country_id":null},{"active":false,"Giataid":"696726","cityId":null,"cityName":"West End Village","hotelId":696726,"hotelName":"Hotel Los Corales","address":"Carrettera Principal,West End,Roatan,Bay Islands,Honduras","phones":"+50424083714","fax":"","email":"loscoralesroatan@gmail.com","url":"http://www.loscoraleshotel.com/","countryIso2":"HN","countryName":"Honduras","hotelRating":"2","latitude":"16.3061","longitude":"-86.5892","state_id":null,"state_name":null,"country_id":null},{"active":false,"Giataid":"696738","cityId":null,"cityName":"Cop?n Ruinas","hotelId":696738,"hotelName":"Mayan Hills Resort","address":"Road to Guatemala boarder,Cop?n,Honduras","phones":"+50426513657","fax":"","email":"info@mayanhills.com","url":"http://www.mayanhills.com/","countryIso2":"HN","countryName":"Honduras","hotelRating":"2","latitude":"14.8392","longitude":"-89.1564","state_id":null,"state_name":null,"country_id":null},{"active":false,"Giataid":"697563","cityId":null,"cityName":"West End Village","hotelId":697563,"hotelName":"Half Moon Resort","address":"Half Moon Bay,West End,Roatan,Honduras","phones":"","fax":"","email":"roatanhalfmoon@gmail.com","url":"http://www.roatanhalfmoonresort.com/","countryIso2":"HN","countryName":"Honduras","hotelRating":"2","latitude":"16.3015","longitude":"-86.5928","state_id":null,"state_name":null,"country_id":null},{"active":false,"Giataid":"737447","cityId":null,"cityName":"Valle de ?ngeles","hotelId":737447,"hotelName":"Eco Hotel Shangrila","address":"Aldea El Chimbo,11101 Valle De Angeles,Tegucigalpa,Francisco Moraza,Honduras","phones":"","fax":"","email":"info@ecohotel-shangrila.com","url":"http://www.ecohotel-shangrila.com","countryIso2":"HN","countryName":"Honduras","hotelRating":"3","latitude":"14.1748","longitude":"-87.0466","state_id":null,"state_name":null,"country_id":null},{"active":false,"Giataid":"740761","cityId":null,"cityName":"Cop?n Ruinas","hotelId":740761,"hotelName":"La Posada de Belssy","address":"Avenida Centroamericano s/n,Barrio El Centro,41101 Copan Ruinas,Honduras","phones":"+50426514680","fax":"","email":"laposadadebelssy@gmail.com","url":"http://www.laposadadebelssy.com/","countryIso2":"HN","countryName":"Honduras","hotelRating":"1","latitude":"14.8392","longitude":"-89.1564","state_id":null,"state_name":null,"country_id":null},{"active":false,"Giataid":"746863","cityId":null,"cityName":"West Bay Beach","hotelId":746863,"hotelName":"Hummingbird Hill","address":"Lot 35 Lighthouse Estates,Roatan,34110 West Bay,Honduras","phones":"","fax":"","email":"","url":"","countryIso2":"HN","countryName":"Honduras","hotelRating":"1","latitude":"16.2741","longitude":"-86.5986","state_id":null,"state_name":null,"country_id":null},{"active":false,"Giataid":"786904","cityId":null,"cityName":"Valle de ?ngeles","hotelId":786904,"hotelName":"Posada del Angel","address":"Calle Principal,El Centro Dos Cuadras Arriba De Los Pabellones Artesanales,11101 Valle De ?ngeles,Honduras","phones":"","fax":"","email":"","url":"","countryIso2":"HN","countryName":"Honduras","hotelRating":"1","latitude":"14.1748","longitude":"-87.0466","state_id":null,"state_name":null,"country_id":null},{"active":false,"Giataid":"789509","cityId":null,"cityName":"Puerto Cort?s","hotelId":789509,"hotelName":"Summer Palace Hotel","address":"Calle Frente Al Parque Central,Barrio El Centro2 Avenue 5,Puerto Cortes,Honduras","phones":"","fax":"","email":"","url":"","countryIso2":"HN","countryName":"Honduras","hotelRating":"1","latitude":"15.8306","longitude":"-87.9343","state_id":null,"state_name":null,"country_id":null},{"active":false,"Giataid":"789575","cityId":null,"cityName":"Puerto Cort?s","hotelId":789575,"hotelName":"Hotel Sol y Mar","address":"Entrada Principal de Barrio Cieneguita,Puerto Cortes,Honduras","phones":"","fax":"","email":"","url":"","countryIso2":"HN","countryName":"Honduras","hotelRating":"1","latitude":"15.8306","longitude":"-87.9343","state_id":null,"state_name":null,"country_id":null},{"active":false,"Giataid":"791451","cityId":null,"cityName":"Cop?n Ruinas","hotelId":791451,"hotelName":"Hotel Cuna Maya","address":"Avenida Los Jaguares A Cuadra y media del Parque Central,10010 Copan Ruinas,Honduras","phones":"","fax":"","email":"","url":"","countryIso2":"HN","countryName":"Honduras","hotelRating":"1","latitude":"14.8392","longitude":"-89.1564","state_id":null,"state_name":null,"country_id":null},{"active":false,"Giataid":"791950","cityId":null,"cityName":"Cop?n Ruinas","hotelId":791950,"hotelName":"Tikos Hotel","address":"Avenida Sesesmil,04041 Copan Ruinas,Honduras","phones":"","fax":"","email":"","url":"","countryIso2":"HN","countryName":"Honduras","hotelRating":"1","latitude":"14.8392","longitude":"-89.1564","state_id":null,"state_name":null,"country_id":null},{"active":false,"Giataid":"796052","cityId":null,"cityName":"Santa Rosa de Cop?n","hotelId":796052,"hotelName":"Hotel Escalon","address":"Barrio El Calvario Santa Rosa De Copan Una cuadra al Oeste del Parque Central y 3 Cuadras Al Sur,41101 Santa Rosa de Cop?n,Honduras","phones":"","fax":"","email":"","url":"","countryIso2":"HN","countryName":"Honduras","hotelRating":"1","latitude":"14.7704","longitude":"-88.7803","state_id":null,"state_name":null,"country_id":null},{"active":false,"Giataid":"797196","cityId":null,"cityName":"Cop?n Ruinas","hotelId":797196,"hotelName":"Berakah B&B","address":"Avenida Copan,Costado del parque Central,00504 Copan Ruinas,Honduras","phones":"","fax":"","email":"","url":"","countryIso2":"HN","countryName":"Honduras","hotelRating":"1","latitude":"14.8392","longitude":"-89.1564","state_id":null,"state_name":null,"country_id":null},{"active":false,"Giataid":"803210","cityId":null,"cityName":"Cop?n Ruinas","hotelId":803210,"hotelName":"Hotel Marbella","address":"Calle Acropolis,Entre Avenida Centro America y Avenida El Mirador,1 Cuadra Al Norte Del Parque Central,Copan Ruinas,Honduras","phones":"","fax":"","email":"","url":"","countryIso2":"HN","countryName":"Honduras","hotelRating":"1","latitude":"14.8392","longitude":"-89.1564","state_id":null,"state_name":null,"country_id":null},{"active":false,"Giataid":"817575","cityId":null,"cityName":"Santa Rosa de Cop?n","hotelId":817575,"hotelName":"Hotel Posada Maya","address":"Carretera Internacional,Frente Edificio Aguas De Santa Rosa,Santa Rosa De Copan,Honduras","phones":"+50426624849","fax":"","email":"posadamayacopan@hotmail.com","url":"http://www.hotelposadamaya.com","countryIso2":"HN","countryName":"Honduras","hotelRating":"1","latitude":"14.7704","longitude":"-88.7803","state_id":null,"state_name":null,"country_id":null},{"active":false,"Giataid":"823709","cityId":null,"cityName":"Cop?n Ruinas","hotelId":823709,"hotelName":"La Posada Copan","address":"Barrio El Centro Media Cuatra Al Norte Del Parque Central,Frente Al Hotel Marina Copan,00111 Copan Ruinas,Honduras","phones":"","fax":"","email":"","url":"","countryIso2":"HN","countryName":"Honduras","hotelRating":"1","latitude":"14.8392","longitude":"-89.1564","state_id":null,"state_name":null,"country_id":null},{"active":false,"Giataid":"823728","cityId":null,"cityName":"Santa Rosa de Cop?n","hotelId":823728,"hotelName":"Aqua Park Y Club Campestre El Yate","address":"Carretera Santa Rosa De Copan,Gracia Lempira,10010 Santa Rosa De Copan,Honduras","phones":"","fax":"","email":"info@elyate.club","url":"http://elyate.weebly.com","countryIso2":"HN","countryName":"Honduras","hotelRating":"1","latitude":"14.7704","longitude":"-88.7803","state_id":null,"state_name":null,"country_id":null},{"active":false,"Giataid":"836878","cityId":null,"cityName":"West Bay Beach","hotelId":836878,"hotelName":"Noel Manor Boutique Hotel","address":"50 Lighhouse Estates West Bay,34101 West Bay,Honduras","phones":"","fax":"","email":"","url":"","countryIso2":"HN","countryName":"Honduras","hotelRating":"1","latitude":"16.2741","longitude":"-86.5986","state_id":null,"state_name":null,"country_id":null},{"active":false,"Giataid":"836904","cityId":null,"cityName":"West Bay Beach","hotelId":836904,"hotelName":"Seaside Inn Roatan","address":"Road To Beacher's Restaurant at West Bay Beach,West Bay,Roatan,Islas De La Bahia,Honduras","phones":"","fax":"","email":"info@seasideinnroatan.com","url":"http://www.seasideinnroatan.com","countryIso2":"HN","countryName":"Honduras","hotelRating":"1","latitude":"16.278","longitude":"-86.5967","state_id":null,"state_name":null,"country_id":null},{"active":false,"Giataid":"837083","cityId":null,"cityName":"Cop?n Ruinas","hotelId":837083,"hotelName":"Hotel Madrugada Copan","address":"Avenida Sesesmil,Barrio El Centro,Copan Ruinas,Copan,Honduras","phones":"","fax":"","email":"info@madrugadacopan.com","url":"http://madrugadacopan.com","countryIso2":"HN","countryName":"Honduras","hotelRating":"1","latitude":"14.8392","longitude":"-89.1564","state_id":null,"state_name":null,"country_id":null},{"active":false,"Giataid":"837124","cityId":null,"cityName":"Cop?n Ruinas","hotelId":837124,"hotelName":"Hotel Hacienda San Lucas","address":"Copan Ruinas,Honduras","phones":"+50426514495","fax":"","email":"info@haciendasanlucas.com","url":"http://www.haciendasanlucas.com","countryIso2":"HN","countryName":"Honduras","hotelRating":"1","latitude":"14.8392","longitude":"-89.1564","state_id":null,"state_name":null,"country_id":null},{"active":false,"Giataid":"501612","cityId":null,"cityName":"Barra de Chapagua","hotelId":10070348,"hotelName":"Trujillo Beach EcO-Resort","address":"Comunidad de Viejos Mara?ones,Trujillo,32101 Barra de Chapagua,Colon,Honduras","phones":"+50424420490","fax":"","email":"","url":"","countryIso2":"HN","countryName":"Honduras","hotelRating":"3","latitude":"15.9841","longitude":"-85.7939","state_id":null,"state_name":null,"country_id":null},{"active":false,"Giataid":"670070","cityId":null,"cityName":"Cayos Cochinos","hotelId":20000416,"hotelName":"Cabanas Laru Beya","address":"East End,50432 Cayos Cochinos,Islas de la Bahia,Honduras","phones":"","fax":"","email":"","url":"","countryIso2":"HN","countryName":"Honduras","hotelRating":"0","latitude":"16.3141","longitude":"-86.5581","state_id":null,"state_name":null,"country_id":null},{"active":false,"Giataid":"449395","cityId":null,"cityName":"Cop?n Ruinas","hotelId":20007491,"hotelName":"Hotel Hacienda El Jaral","address":"El Jaral,Santa Rita,11 km Antes Parque Arqueologico Copan,Copan Ruinas,Honduras","phones":"+50426567091","fax":"","email":"reservaciones@hoteleljaral.com","url":"http://hoteleljaral.com/","countryIso2":"HN","countryName":"Honduras","hotelRating":"4","latitude":"14.8708","longitude":"-89.0572","state_id":null,"state_name":null,"country_id":null},{"active":false,"Giataid":"610908","cityId":null,"cityName":"West Bay Beach","hotelId":20010844,"hotelName":"Coral Sands","address":"34101 West Bay,Roatan,Honduras","phones":"","fax":"","email":"","url":"","countryIso2":"HN","countryName":"Honduras","hotelRating":"0","latitude":"16.2737","longitude":"-86.5994","state_id":null,"state_name":null,"country_id":null},{"active":false,"Giataid":"448478","cityId":null,"cityName":"Puerto Cort?s","hotelId":20013464,"hotelName":"Hotel Costa Azul County Beach","address":"Barrio El Porvenir,Frente a Las Playas Municipales,21301 Puerto Cortes,Honduras","phones":"","fax":"","email":"","url":"","countryIso2":"HN","countryName":"Honduras","hotelRating":"3","latitude":"15.8231","longitude":"-87.9331","state_id":null,"state_name":null,"country_id":null},{"active":false,"Giataid":"617761","cityId":null,"cityName":"Puerto Cort?s","hotelId":20013718,"hotelName":"Lagunas Hotel","address":"Barrio La Curva,Boulevard Juan Lara Zepeda,34110 Puerto Cortez,Honduras","phones":"","fax":"","email":"","url":"","countryIso2":"HN","countryName":"Honduras","hotelRating":"0","latitude":"15.8392","longitude":"-87.932","state_id":null,"state_name":null,"country_id":null},{"active":false,"Giataid":"449408","cityId":null,"cityName":"Cop?n Ruinas","hotelId":20015504,"hotelName":"Hotel Plaza Copan","address":"Avenida Copan,Bo El Centro,Frente al Parque Central a un Costado de La Iglesia Catolica,Copan Ruinas,Honduras","phones":"+50426513833","fax":"","email":"info@plazacopanhotel.com","url":"http://www.plazacopanhotel.com/espanol/","countryIso2":"HN","countryName":"Honduras","hotelRating":"3","latitude":"14.8387","longitude":"-89.1549","state_id":null,"state_name":null,"country_id":null},{"active":false,"Giataid":"449408","cityId":null,"cityName":"Cop?n Ruinas","hotelId":20015504,"hotelName":"Hotel Plaza Copan","address":"Avenida Copan,Bo El Centro,Frente al Parque Central a un Costado de La Iglesia Catolica,Copan Ruinas,Honduras","phones":"+50426513833","fax":"","email":"info@plazacopanhotel.com","url":"http://www.plazacopanhotel.com/espanol/","countryIso2":"HN","countryName":"Honduras","hotelRating":"3","latitude":"14.8387","longitude":"-89.1549","state_id":null,"state_name":null,"country_id":null},{"active":false,"Giataid":"334930","cityId":null,"cityName":"Puerto Cort?s","hotelId":20020331,"hotelName":"Hotel Palmeras Beach","address":"Puerto Cort?s,Honduras","phones":"","fax":"","email":"","url":"","countryIso2":"HN","countryName":"Honduras","hotelRating":"0","latitude":"15.8251","longitude":"-87.9286","state_id":null,"state_name":null,"country_id":null},{"active":false,"Giataid":"448477","cityId":null,"cityName":"Puerto Cort?s","hotelId":20022218,"hotelName":"Hotel Costa Azul Faro Marejada","address":"Boulevard El Faro Marejada,Avenida Centenario,Playas de Marejada,21301 Puerto Cortes,Honduras","phones":"+50426080888","fax":"","email":"reservas@hotelcostazul.net","url":"http://www.hotelcostazul.net/hotel-costa-azul-faro-marejada/hotel-costa-azul-faro-marejada.htm","countryIso2":"HN","countryName":"Honduras","hotelRating":"3","latitude":"15.8637","longitude":"-87.9492","state_id":null,"state_name":null,"country_id":null},{"active":false,"Giataid":"454725","cityId":null,"cityName":"West Bay Beach","hotelId":20022851,"hotelName":"West Bay Lodge and Spa","address":"Main Street West Bay,Km 1,00010 West Bay,Roat?n,Honduras","phones":"+50450324455069","fax":"","email":"Celeste@WestBayLodge.com","url":"http://www.westbaylodge.com/","countryIso2":"HN","countryName":"Honduras","hotelRating":"3","latitude":"16.2737","longitude":"-86.5971","state_id":null,"state_name":null,"country_id":null},{"active":false,"Giataid":"463735","cityId":null,"cityName":"Cop?n Ruinas","hotelId":20026004,"hotelName":"Camino Maya Ciudad Blanca","address":"Barrio el Centro,A un Kilometro del Parque Arqueologico,Copan Ruinas,Honduras","phones":"+50426514646","fax":"","email":"info@caminomayahotel.com","url":"http://www.caminomayahotel.com/hotel-camino-maya-ciudad-blanca/","countryIso2":"HN","countryName":"Honduras","hotelRating":"3","latitude":"14.9003","longitude":"-88.7167","state_id":null,"state_name":null,"country_id":null},{"active":false,"Giataid":"617756","cityId":null,"cityName":"West Bay Beach","hotelId":20027491,"hotelName":"Coconut Tree West Bay","address":"Roatan,Bay Islands C.A.,West Bay,Honduras","phones":"","fax":"","email":"","url":"","countryIso2":"HN","countryName":"Honduras","hotelRating":"3","latitude":"16.2787","longitude":"-86.599","state_id":null,"state_name":null,"country_id":null},{"active":false,"Giataid":"515133","cityId":null,"cityName":"West Bay Beach","hotelId":20027578,"hotelName":"West Bay Colonial","address":"West Bay,Islas de la Bahia,Honduras","phones":"+50424455222","fax":"","email":"booking@westbaycolonial.com","url":"http://www.westbaycolonial.com/","countryIso2":"HN","countryName":"Honduras","hotelRating":"3","latitude":"16.2743","longitude":"-86.5969","state_id":null,"state_name":null,"country_id":null},{"active":false,"Giataid":"449474","cityId":null,"cityName":"Puerto Cort?s","hotelId":20028336,"hotelName":"Hotel Ejecutivo Plaza Central","address":"6 Calle,Barrio el Centro,3 y 2 Avenida,Puerto Cortes,Honduras","phones":"","fax":"","email":"","url":"","countryIso2":"HN","countryName":"Honduras","hotelRating":"0","latitude":"15.8449","longitude":"-87.9422","state_id":null,"state_name":null,"country_id":null},{"active":false,"Giataid":"448987","cityId":null,"cityName":"Puerto Cort?s","hotelId":20028501,"hotelName":"Hotel Villa del Sol","address":"Barrio El Porvenir Frente A Playas Municipales,31101 Puerto Cortes,Honduras","phones":"","fax":"","email":"","url":"","countryIso2":"HN","countryName":"Honduras","hotelRating":"3","latitude":"15.8187","longitude":"-87.9355","state_id":null,"state_name":null,"country_id":null},{"active":false,"Giataid":"877843","cityId":null,"cityName":"Valle de ?ngeles","hotelId":20317980,"hotelName":"Hotel Mirador Del Valle","address":"Ruta Aldea El Sauce,Desvio ctra. Pral.,Valle De Angeles,Francisco Morazan,Honduras","phones":"","fax":"","email":"","url":"","countryIso2":"HN","countryName":"Honduras","hotelRating":"0","latitude":"14.1748","longitude":"-87.0466","state_id":null,"state_name":null,"country_id":null},{"active":false,"Giataid":"937971","cityId":null,"cityName":"Santa Rosa de Cop?n","hotelId":20318011,"hotelName":"Posada Gema De Copan","address":"Colonia Osorio Cuadra Y Media Arriba De,Hoja De Maple Contiguo Agua De San Juan,Santa Rosa de Copan,Honduras","phones":"","fax":"","email":"","url":"","countryIso2":"HN","countryName":"Honduras","hotelRating":"0","latitude":"14.7704","longitude":"-88.7803","state_id":null,"state_name":null,"country_id":null},{"active":false,"Giataid":"937935","cityId":null,"cityName":"Danl?","hotelId":20318028,"hotelName":"Apart Hotel El Colonial","address":"Residencial Las Brisas,Calle Circunvalacion,Frente A Gasolinera Uno,13201 Danli,Honduras","phones":"","fax":"","email":"","url":"","countryIso2":"HN","countryName":"Honduras","hotelRating":"0","latitude":"0","longitude":"0","state_id":null,"state_name":null,"country_id":null},{"active":false,"Giataid":"937895","cityId":null,"cityName":"Santa Rosa de Cop?n","hotelId":20318042,"hotelName":"Hotel Santa Rosa","address":"Barrio Miraflores Boulevard,Jorge Bueso Arias,41101 Santa Rosa de Copan,Honduras","phones":"+50426622365","fax":"","email":"info@hotelsantarosahn.com","url":"http://hotelsantarosahn.com/","countryIso2":"HN","countryName":"Honduras","hotelRating":"0","latitude":"14.7704","longitude":"-88.7803","state_id":null,"state_name":null,"country_id":null},{"active":false,"Giataid":"948627","cityId":null,"cityName":"West End Village","hotelId":20400523,"hotelName":"The Lily Pond House Hotel","address":"Half Moon Bay,Cohoon Ridge,34101 West End,Roatan,Honduras","phones":"","fax":"","email":"","url":"","countryIso2":"HN","countryName":"Honduras","hotelRating":"1","latitude":"16.3015","longitude":"-86.5928","state_id":null,"state_name":null,"country_id":null},{"active":false,"Giataid":"1001411","cityId":null,"cityName":"Santa Rosa de Cop?n","hotelId":20432248,"hotelName":"Hotel Posada Monte Tabor","address":"2.5 Cuadras Abajo Banco,De Los Trabajadores,Barrio Santa Teresa,Santa Rosa De Copan,Honduras","phones":"","fax":"","email":"","url":"","countryIso2":"HN","countryName":"Honduras","hotelRating":"1","latitude":"14.7704","longitude":"-88.7803","state_id":null,"state_name":null,"country_id":null},{"active":false,"Giataid":"1001462","cityId":null,"cityName":"Cop?n Ruinas","hotelId":20432250,"hotelName":"Hotel Don Moises","address":"Calle De La Plaza,Barrio El Centro,41202 Copan Ruinas,Honduras","phones":"","fax":"","email":"","url":"","countryIso2":"HN","countryName":"Honduras","hotelRating":"1","latitude":"14.8392","longitude":"-89.1564","state_id":null,"state_name":null,"country_id":null}]