[{"active":false,"Giataid":"464021","cityId":52327,"cityName":"Conakry","hotelId":464021,"hotelName":"Hotel Grand Ami","address":"","phones":"","fax":"","email":"","url":"","countryIso2":"GN","countryName":"Guinea","hotelRating":"1","latitude":"9.50727","longitude":"-13.7073","state_id":2686,"state_name":"Conakry","country_id":92},{"active":false,"Giataid":"755539","cityId":52327,"cityName":"Conakry","hotelId":755539,"hotelName":"Onomo Hotel Conakry","address":"En face du Jardin du 02 Octobre,Corniche Sud,Quartier Tombo,Commune de Kaloum,Conakry,Guinea","phones":"+224624931616","fax":"+224624931620","email":"onomo.conakry@onomohotel.com","url":"https://www.onomohotel.com/en/hotel/7/onomo-hotel-conakry","countryIso2":"GN","countryName":"Guinea","hotelRating":"1","latitude":"9.53568","longitude":"-13.6845","state_id":2686,"state_name":"Conakry","country_id":92},{"active":false,"Giataid":"783620","cityId":52327,"cityName":"Conakry","hotelId":783620,"hotelName":"Hotel Le Petit Bateau","address":"Commune De Kaloum,Quartier Coronthie,Conakry BP 2788,Guinea","phones":"","fax":"","email":"","url":"","countryIso2":"GN","countryName":"Guinea","hotelRating":"1","latitude":"9.53568","longitude":"-13.6845","state_id":2686,"state_name":"Conakry","country_id":92},{"active":false,"Giataid":"783624","cityId":52327,"cityName":"Conakry","hotelId":783624,"hotelName":"Hotel le Rocher","address":"Cartiersandervalia Commune De Kaloum,Conakry,Guinea","phones":"","fax":"","email":"","url":"","countryIso2":"GN","countryName":"Guinea","hotelRating":"1","latitude":"9.53568","longitude":"-13.6845","state_id":2686,"state_name":"Conakry","country_id":92},{"active":false,"Giataid":"785568","cityId":52327,"cityName":"Conakry","hotelId":785568,"hotelName":"Golden Plazza","address":"Quartier Almamya 172,Conakry,Guinea","phones":"","fax":"","email":"","url":"","countryIso2":"GN","countryName":"Guinea","hotelRating":"1","latitude":"9.53568","longitude":"-13.6845","state_id":2686,"state_name":"Conakry","country_id":92},{"active":false,"Giataid":"785573","cityId":52327,"cityName":"Conakry","hotelId":785573,"hotelName":"Le Petit Chalet Hotel","address":"Bp 1194 Conakry,Guinea","phones":"","fax":"","email":"","url":"","countryIso2":"GN","countryName":"Guinea","hotelRating":"1","latitude":"9.5659","longitude":"-13.6618","state_id":2686,"state_name":"Conakry","country_id":92},{"active":false,"Giataid":"786772","cityId":52327,"cityName":"Conakry","hotelId":786772,"hotelName":"Grand Hotel Central","address":"6th Boulevard,Conakry,Guinea","phones":"+224623800800","fax":"","email":"ghc@ghc-guinee.com","url":"https://www.grandhotelcentral-conakry.com","countryIso2":"GN","countryName":"Guinea","hotelRating":"1","latitude":"9.50856","longitude":"-13.7107","state_id":2686,"state_name":"Conakry","country_id":92},{"active":false,"Giataid":"804978","cityId":52327,"cityName":"Conakry","hotelId":804978,"hotelName":"Mariador Residence","address":"Taouyah Ratoma,Conakry,Guinea","phones":"","fax":"","email":"","url":"","countryIso2":"GN","countryName":"Guinea","hotelRating":"1","latitude":"9.53568","longitude":"-13.6845","state_id":2686,"state_name":"Conakry","country_id":92},{"active":false,"Giataid":"849011","cityId":52327,"cityName":"Conakry","hotelId":849011,"hotelName":"Pension Les Palmiers","address":"Ratoma BP 3493 Conackry,Guinea","phones":"+224622352500","fax":"","email":"info@pensionlespalmiers.com","url":"http://www.pensionlespalmiers.com/","countryIso2":"GN","countryName":"Guinea","hotelRating":"1","latitude":"9.53568","longitude":"-13.6845","state_id":2686,"state_name":"Conakry","country_id":92},{"active":false,"Giataid":"425737","cityId":52327,"cityName":"Conakry","hotelId":10058936,"hotelName":"Riviera Taouyah Hotel","address":"Tauyah-Commune de Ratoma,BP 1708,Conakry 00224,Guinea,Guinea","phones":"+224660600700","fax":"","email":"","url":"","countryIso2":"GN","countryName":"Guinea","hotelRating":"3","latitude":"9.53704","longitude":"-13.6788","state_id":2686,"state_name":"Conakry","country_id":92},{"active":false,"Giataid":"434803","cityId":52327,"cityName":"Conakry","hotelId":20002096,"hotelName":"NOOM Hotel Conakry","address":"Teminetaye,Avenue de la Republique,Commune de Kaloum,BP 3472,Conakry,Guinea","phones":"+224626333333","fax":"","email":"info.conakry@noomhotels.com","url":"http://conakry.noomhotels.com/","countryIso2":"GN","countryName":"Guinea","hotelRating":"4","latitude":"9.50732","longitude":"-13.7038","state_id":2686,"state_name":"Conakry","country_id":92},{"active":false,"Giataid":"625670","cityId":52327,"cityName":"Conakry","hotelId":20002329,"hotelName":"Sheraton Grand Conakry","address":"Kipe Centre Emetteur,Commune De Ratoma,Conakry,Guinea","phones":"+224624931212","fax":"","email":"","url":"http://www.starwoodhotels.com/sheraton/property/overview/index.html?propertyID=4041&language=en_US","countryIso2":"GN","countryName":"Guinea","hotelRating":"5","latitude":"9.60695","longitude":"-13.6537","state_id":2686,"state_name":"Conakry","country_id":92},{"active":false,"Giataid":"544188","cityId":52327,"cityName":"Conakry","hotelId":20002565,"hotelName":"Millenium Suite Hotel","address":"Quartier Landr?ah Commune de Dixin,BP 1940,Conakry,Guinea","phones":"+224623623623","fax":"","email":"reception@millenium-guinee.com","url":"http://www.milleniumsuites.com/","countryIso2":"GN","countryName":"Guinea","hotelRating":"4","latitude":"9.54637","longitude":"-13.6791","state_id":2686,"state_name":"Conakry","country_id":92},{"active":false,"Giataid":"463395","cityId":52327,"cityName":"Conakry","hotelId":20002773,"hotelName":"Mai Hotel","address":"Commune de Matam Quartier Koleya Comiche,Conakry,Guinea","phones":"+224662245715","fax":"+2241224662245714","email":"contact@mounahotel.com","url":"http://mounahotel.com","countryIso2":"GN","countryName":"Guinea","hotelRating":"5","latitude":"9.53599","longitude":"-13.6709","state_id":2686,"state_name":"Conakry","country_id":92},{"active":false,"Giataid":"289189","cityId":52327,"cityName":"Conakry","hotelId":20003184,"hotelName":"Riviera Royal Hotel","address":"BP 1708,Conakry,Guinea,Guinea","phones":"+224664223302","fax":"","email":"info@rivieraroyalhotel.com","url":"http://rivieraroyalhotel.com/en","countryIso2":"GN","countryName":"Guinea","hotelRating":"4","latitude":"9.5207","longitude":"-13.6954","state_id":2686,"state_name":"Conakry","country_id":92},{"active":false,"Giataid":"633583","cityId":52327,"cityName":"Conakry","hotelId":20003411,"hotelName":"Villa Ratoma","address":"Ratoma,Conakry,Guinea","phones":"","fax":"","email":"","url":"","countryIso2":"GN","countryName":"Guinea","hotelRating":"3","latitude":"9.53568","longitude":"-13.6845","state_id":2686,"state_name":"Conakry","country_id":92},{"active":false,"Giataid":"617155","cityId":52327,"cityName":"Conakry","hotelId":20003535,"hotelName":"Residence Sandervalia","address":"Rue KA.019 & KA.022,Quartier Sandervalia,Commune de Kaloum,Conakry,Guinea","phones":"+224631391101","fax":"","email":"","url":"http://www.residencesandervalia.com/fr/hotel-sandervalia.html","countryIso2":"GN","countryName":"Guinea","hotelRating":"0","latitude":"9.50762","longitude":"-13.709","state_id":2686,"state_name":"Conakry","country_id":92},{"active":false,"Giataid":"670066","cityId":52327,"cityName":"Conakry","hotelId":20003773,"hotelName":"Zambezi Inn Hotel","address":"Quartier Dabondy Commune De Matoto,Sur La Route Du Niger-Conakry,Conakry,Guinea","phones":"","fax":"","email":"","url":"","countryIso2":"GN","countryName":"Guinea","hotelRating":"0","latitude":"9.53568","longitude":"-13.6845","state_id":2686,"state_name":"Conakry","country_id":92},{"active":false,"Giataid":"670259","cityId":52327,"cityName":"Conakry","hotelId":20003905,"hotelName":"Residence Schaka","address":"Ratoma Centre,Conakry,Guinea","phones":"+224657912175","fax":"","email":"residence@schaka.org","url":"http://www.schaka.org/en.html","countryIso2":"GN","countryName":"Guinea","hotelRating":"0","latitude":"9.58901","longitude":"-13.6568","state_id":2686,"state_name":"Conakry","country_id":92},{"active":false,"Giataid":"434800","cityId":52327,"cityName":"Conakry","hotelId":20004081,"hotelName":"Hotel Mariador Palace","address":"PO Box 2146,Conakry,Guinea","phones":"","fax":"","email":"","url":"","countryIso2":"GN","countryName":"Guinea","hotelRating":"4","latitude":"9.5894","longitude":"-13.6586","state_id":2686,"state_name":"Conakry","country_id":92},{"active":false,"Giataid":"544193","cityId":52327,"cityName":"Conakry","hotelId":20004265,"hotelName":"Hotel Mariador Park","address":"Rue Ro 128,Conakry,Guinea","phones":"","fax":"","email":"","url":"","countryIso2":"GN","countryName":"Guinea","hotelRating":"3","latitude":"9.53713","longitude":"-13.6791","state_id":2686,"state_name":"Conakry","country_id":92},{"active":false,"Giataid":"724882","cityId":52327,"cityName":"Conakry","hotelId":20004463,"hotelName":"M'LYS Hotel","address":"Rue De La Mosquee,Almamya,Conakry,Guinea","phones":"+224624299369","fax":"","email":"","url":"http://www.hotelmlys.com","countryIso2":"GN","countryName":"Guinea","hotelRating":"3","latitude":"9.51186","longitude":"-13.7114","state_id":2686,"state_name":"Conakry","country_id":92},{"active":false,"Giataid":"724628","cityId":52327,"cityName":"Conakry","hotelId":20004627,"hotelName":"Palm Camayenne","address":"Corniche Nord,Camayenne,Commune de Dixinn, Sise Quartier,Conakry,Guinea","phones":"+224656101010","fax":"","email":"","url":"http://www.palmcamayenne.com","countryIso2":"GN","countryName":"Guinea","hotelRating":"5","latitude":"9.5354","longitude":"-13.6888","state_id":2686,"state_name":"Conakry","country_id":92},{"active":false,"Giataid":"678161","cityId":52327,"cityName":"Conakry","hotelId":20004790,"hotelName":"Cecilia's Corner Guest House","address":"Quartier Kipe Dadia,Conakry,Guinea","phones":"","fax":"","email":"","url":"","countryIso2":"GN","countryName":"Guinea","hotelRating":"0","latitude":"9.53568","longitude":"-13.6845","state_id":2686,"state_name":"Conakry","country_id":92},{"active":false,"Giataid":"889676","cityId":52327,"cityName":"Conakry","hotelId":20315498,"hotelName":"L'Almamya Hotel&Residence","address":"Rue KA 011,Quatier Almamya,Kaloum,BP4464 Conakry,Guinea","phones":"","fax":"","email":"","url":"","countryIso2":"GN","countryName":"Guinea","hotelRating":"0","latitude":"9.53568","longitude":"-13.6845","state_id":2686,"state_name":"Conakry","country_id":92},{"active":false,"Giataid":"894622","cityId":52327,"cityName":"Conakry","hotelId":20315495,"hotelName":"Villa Madiana","address":"Quartier Taouyah,Conakry,Guinea","phones":"","fax":"","email":"","url":"","countryIso2":"GN","countryName":"Guinea","hotelRating":"0","latitude":"9.53568","longitude":"-13.6845","state_id":2686,"state_name":"Conakry","country_id":92},{"active":false,"Giataid":"999435","cityId":52327,"cityName":"Conakry","hotelId":20430392,"hotelName":"Hotel Star Africa","address":"Belle-Vue Ratoma,Miniere,Conakry,Guinea","phones":"","fax":"","email":"","url":"","countryIso2":"GN","countryName":"Guinea","hotelRating":"1","latitude":"9.53568","longitude":"-13.6845","state_id":2686,"state_name":"Conakry","country_id":92},{"active":false,"Giataid":"982524","cityId":52327,"cityName":"Conakry","hotelId":20430393,"hotelName":"Primus Hotel Kaloum","address":"Avenue De La Republique,Almamya,Kaloum,Conakry,Guinea","phones":"","fax":"","email":"","url":"","countryIso2":"GN","countryName":"Guinea","hotelRating":"1","latitude":"9.53568","longitude":"-13.6845","state_id":2686,"state_name":"Conakry","country_id":92}]