[{"active":false,"Giataid":"427705","cityId":null,"cityName":"Juba","hotelId":427705,"hotelName":"Tulip Inn Juba","address":"Plot 29,Hay Matar,Block Xvi,Juba 81111,South Sudan","phones":"+211954500500","fax":"","email":"info@tulipinnjuba.com","url":"http://www.tulipinnjuba.com/en","countryIso2":"SS","countryName":"South Sudan","hotelRating":"3","latitude":"4.86038","longitude":"31.6006","state_id":null,"state_name":null,"country_id":null},{"active":false,"Giataid":"627580","cityId":null,"cityName":"Juba","hotelId":627580,"hotelName":"Crown Hotel Juba","address":"Airport Road,Juba,South Sudan","phones":"+211959900001","fax":"","email":"info@crownhotel.co","url":"http://crownhotel.co/","countryIso2":"SS","countryName":"South Sudan","hotelRating":"5","latitude":"4.86016","longitude":"31.6038","state_id":null,"state_name":null,"country_id":null},{"active":false,"Giataid":"627852","cityId":null,"cityName":"Juba","hotelId":627852,"hotelName":"Panorama Sarovar Portico","address":"Canada Boulevard,Juba,South Sudan","phones":"+211954244333","fax":"","email":"booking@panoramahotel-juba.com","url":"http://www.sarovarhotels.com/africa-hotels/panorama-sarovar-portico","countryIso2":"SS","countryName":"South Sudan","hotelRating":"1","latitude":"4.856","longitude":"31.5915","state_id":null,"state_name":null,"country_id":null}]