[{"active":false,"Giataid":"370373","cityId":null,"cityName":"Tsakhkadzor","hotelId":370373,"hotelName":"Tsaghkadzor Marriott Hotel","address":"Tandzaghpyur Street 2 4/1,2310 Tsaghkadzor,Jerevan,Armenia","phones":"+37410294141","fax":"","email":"","url":"","countryIso2":"AM","countryName":"Armenia","hotelRating":"5","latitude":"40.5369","longitude":"44.7162","state_id":null,"state_name":null,"country_id":null},{"active":false,"Giataid":"424365","cityId":null,"cityName":"Wanadsor","hotelId":424365,"hotelName":"Vanadzor Spa and Hotel Complex","address":"Zakaryan 31,377213 Vanadzor,Armenia","phones":"+37496361111","fax":"+37432220752","email":"info@vanadzorsanatorium.am","url":"http://vanadzorsanatorium.am","countryIso2":"AM","countryName":"Armenia","hotelRating":"1","latitude":"40.8021","longitude":"44.4947","state_id":null,"state_name":null,"country_id":null},{"active":false,"Giataid":"432752","cityId":null,"cityName":"Tsakhkadzor","hotelId":432752,"hotelName":"World of Gold Hotel","address":"Saralanj 2nd Ln","phones":"","fax":"","email":"","url":"","countryIso2":"AM","countryName":"Armenia","hotelRating":"3","latitude":"40.5407","longitude":"44.7199","state_id":null,"state_name":null,"country_id":null},{"active":false,"Giataid":"473005","cityId":null,"cityName":"Dzoraget","hotelId":473005,"hotelName":"Tufenkian Avan Dzoraget Hotel","address":"Dzoraget village,Lori Province,Armenia","phones":"+37460741010","fax":"","email":"dzoraget@tufenkian.am","url":"http://www.tufenkianheritage.com","countryIso2":"AM","countryName":"Armenia","hotelRating":"4","latitude":"40.9602","longitude":"44.6246","state_id":null,"state_name":null,"country_id":null},{"active":false,"Giataid":"481832","cityId":null,"cityName":"Kalavan","hotelId":481832,"hotelName":"Blue Sevan Hotel","address":"Gegharkunik Marz Chambarak,Kalavan,Armenia","phones":"","fax":"","email":"","url":"","countryIso2":"AM","countryName":"Armenia","hotelRating":"1","latitude":"40.5993","longitude":"45.0866","state_id":null,"state_name":null,"country_id":null},{"active":false,"Giataid":"481878","cityId":null,"cityName":"Sisian","hotelId":481878,"hotelName":"Hotel Basen","address":"Manukyan Street 2,3502 Sisian,Armenia","phones":"+37428324662","fax":"+37428324662","email":"contact@basenhotel.am","url":"http://www.basenhotel.am/","countryIso2":"AM","countryName":"Armenia","hotelRating":"1","latitude":"39.5232","longitude":"46.0263","state_id":null,"state_name":null,"country_id":null},{"active":false,"Giataid":"482157","cityId":null,"cityName":"Sisian","hotelId":482157,"hotelName":"Azoyan Holiday Resort Hotel","address":"Shaki highway 1,3516 Sisian,Armenia","phones":"","fax":"","email":"","url":"","countryIso2":"AM","countryName":"Armenia","hotelRating":"1","latitude":"39.5577","longitude":"46.0075","state_id":null,"state_name":null,"country_id":null},{"active":false,"Giataid":"482488","cityId":null,"cityName":"Wanadsor","hotelId":482488,"hotelName":"Vanadzor Hotel & Restaurant","address":"Bolor-Kari Street 4,2009 Vanadzor,Armenia","phones":"","fax":"","email":"","url":"","countryIso2":"AM","countryName":"Armenia","hotelRating":"1","latitude":"40.7865","longitude":"44.4853","state_id":null,"state_name":null,"country_id":null},{"active":false,"Giataid":"483451","cityId":null,"cityName":"Urtsadzor","hotelId":483451,"hotelName":"Eco Lodge, Caucasus Wildlife Refuge","address":"7 km from Urtsadzor Village,Urtsadzor Eco Center,Ararat Region 0618,Armenia","phones":"+37477444184","fax":"","email":"","url":"http://placesmap.net/AM/Urtsadzor-Eco-Centre-37124/","countryIso2":"AM","countryName":"Armenia","hotelRating":"1","latitude":"39.9494","longitude":"44.8866","state_id":null,"state_name":null,"country_id":null},{"active":false,"Giataid":"483985","cityId":null,"cityName":"Haghpat","hotelId":483985,"hotelName":"Haghpat Hotel","address":"Haghpat Street 3, 1/1,1722 Haghpat,Armenia","phones":"","fax":"","email":"","url":"","countryIso2":"AM","countryName":"Armenia","hotelRating":"1","latitude":"41.0934","longitude":"44.7113","state_id":null,"state_name":null,"country_id":null},{"active":false,"Giataid":"484811","cityId":null,"cityName":"Wanadsor","hotelId":484811,"hotelName":"Kirovakan Hotel","address":"Mashtotsa Street 1,2001 Vanadzor,Armenia","phones":"","fax":"","email":"","url":"","countryIso2":"AM","countryName":"Armenia","hotelRating":"1","latitude":"40.8048","longitude":"44.4999","state_id":null,"state_name":null,"country_id":null},{"active":false,"Giataid":"540409","cityId":null,"cityName":"Wanadsor","hotelId":540409,"hotelName":"Tezh Ler Resort","address":"24th km of Dilijan - Vanadzor Highway,Shahumyan,Armenia","phones":"+37491925999","fax":"","email":"info@tezhler.am","url":"http://www.tezhler.am","countryIso2":"AM","countryName":"Armenia","hotelRating":"1","latitude":"40.7706","longitude":"44.5929","state_id":null,"state_name":null,"country_id":null},{"active":false,"Giataid":"571863","cityId":null,"cityName":"Tumanyan","hotelId":571863,"hotelName":"Guest House Artemi","address":"Tumanyan Street 2,Bldg 5,1712 Tumanyan,Armenia","phones":"","fax":"","email":"","url":"","countryIso2":"AM","countryName":"Armenia","hotelRating":"1","latitude":"41.001","longitude":"44.6491","state_id":null,"state_name":null,"country_id":null},{"active":false,"Giataid":"571869","cityId":null,"cityName":"Wanadsor","hotelId":571869,"hotelName":"Anahit Guest House","address":"52 Zoravar Andranik street,2001 Vanadzor,Armenia","phones":"","fax":"","email":"","url":"","countryIso2":"AM","countryName":"Armenia","hotelRating":"1","latitude":"40.8017","longitude":"44.507","state_id":null,"state_name":null,"country_id":null},{"active":false,"Giataid":"571884","cityId":null,"cityName":"Hankavan","hotelId":571884,"hotelName":"Nairi Spa Resorts","address":"1st Street,3 Bld.,2315 Hankavan,Armenia","phones":"+37411345678","fax":"","email":"info@nairisparesorts.am","url":"http://nairisparesorts.am/","countryIso2":"AM","countryName":"Armenia","hotelRating":"1","latitude":"40.6354","longitude":"44.4908","state_id":null,"state_name":null,"country_id":null},{"active":false,"Giataid":"571924","cityId":null,"cityName":"Halidzor","hotelId":571924,"hotelName":"Harsnadzor Resort","address":"Goris,Halidzor,Syunik region,Armenia","phones":"","fax":"","email":"","url":"","countryIso2":"AM","countryName":"Armenia","hotelRating":"1","latitude":"39.3957","longitude":"46.2796","state_id":null,"state_name":null,"country_id":null},{"active":false,"Giataid":"571928","cityId":null,"cityName":"Goght","hotelId":571928,"hotelName":"Bed & Breakfast 3 Gs","address":"Geghard Monastery Highway (H3),3the impasse, House 4,2218 Goght,Kotayk region,Armenia","phones":"+37494496094","fax":"","email":"bedandbreakfast3gs@hotmail.com","url":"http://www.bedandbreakfast3gs.com/","countryIso2":"AM","countryName":"Armenia","hotelRating":"1","latitude":"40.1374","longitude":"44.7753","state_id":null,"state_name":null,"country_id":null},{"active":false,"Giataid":"571938","cityId":null,"cityName":"Wanadsor","hotelId":571938,"hotelName":"B&B Maghay","address":"Azatamartikneri Street 21,Vanadzor,Armenia","phones":"","fax":"","email":"","url":"","countryIso2":"AM","countryName":"Armenia","hotelRating":"1","latitude":"40.8057","longitude":"44.4935","state_id":null,"state_name":null,"country_id":null},{"active":false,"Giataid":"571957","cityId":null,"cityName":"Garni","hotelId":571957,"hotelName":"Chez Yvette","address":"Avenue de Gueghard 31,Garni,Armenia","phones":"","fax":"","email":"","url":"","countryIso2":"AM","countryName":"Armenia","hotelRating":"1","latitude":"40.1235","longitude":"44.7448","state_id":null,"state_name":null,"country_id":null},{"active":false,"Giataid":"572037","cityId":null,"cityName":"Wanadsor","hotelId":572037,"hotelName":"Grant Ton Hotel","address":"Alaverdi route 19 km,Vahagnadzor,1701 Vanadzor,Lori,Armenia","phones":"","fax":"","email":"","url":"","countryIso2":"AM","countryName":"Armenia","hotelRating":"1","latitude":"40.884","longitude":"44.5891","state_id":null,"state_name":null,"country_id":null},{"active":false,"Giataid":"613611","cityId":null,"cityName":"Tsakhkadzor","hotelId":613611,"hotelName":"Family House","address":"","phones":"","fax":"","email":"","url":"","countryIso2":"AM","countryName":"Armenia","hotelRating":"1","latitude":"40.5332","longitude":"44.7308","state_id":null,"state_name":null,"country_id":null},{"active":false,"Giataid":"613615","cityId":null,"cityName":"Tsakhkadzor","hotelId":613615,"hotelName":"Hotel Brius in Tsaghkadzor","address":"","phones":"","fax":"","email":"","url":"","countryIso2":"AM","countryName":"Armenia","hotelRating":"1","latitude":"40.5321","longitude":"44.7166","state_id":null,"state_name":null,"country_id":null},{"active":false,"Giataid":"679356","cityId":null,"cityName":"Garni","hotelId":679356,"hotelName":"Garnitoun","address":"Marzpetuni Street 8,Garni village,2215 Garni,Armenia","phones":"","fax":"","email":"","url":"","countryIso2":"AM","countryName":"Armenia","hotelRating":"1","latitude":"40.1206","longitude":"44.7354","state_id":null,"state_name":null,"country_id":null},{"active":false,"Giataid":"726509","cityId":null,"cityName":"Halidzor","hotelId":726509,"hotelName":"Harsnadzor Eco Resort","address":"Syunik Region,3201 Halidzor,Armenia","phones":"+37477062032","fax":"","email":"","url":"","countryIso2":"AM","countryName":"Armenia","hotelRating":"1","latitude":"39.3933","longitude":"46.2785","state_id":null,"state_name":null,"country_id":null},{"active":false,"Giataid":"727206","cityId":null,"cityName":"Tsakhkadzor","hotelId":727206,"hotelName":"Saya Hotel Tsaghkadzor","address":"Grigor Magistros Street,2310 Tsaghkadzor,Armenia","phones":"","fax":"","email":"","url":"","countryIso2":"AM","countryName":"Armenia","hotelRating":"1","latitude":"40.5321","longitude":"44.7166","state_id":null,"state_name":null,"country_id":null},{"active":false,"Giataid":"743456","cityId":null,"cityName":"Wanadsor","hotelId":743456,"hotelName":"Lori travel Guest House","address":"Vanadzor 2013,Armenia","phones":"","fax":"","email":"","url":"","countryIso2":"AM","countryName":"Armenia","hotelRating":"1","latitude":"40.8021","longitude":"44.5","state_id":null,"state_name":null,"country_id":null},{"active":false,"Giataid":"751251","cityId":null,"cityName":"Haghpat","hotelId":751251,"hotelName":"B&B Edem","address":"Ul. Spitak Italakan Vlanch 13 7/1 2,1722 Haghpat,Lori,Armenia","phones":"","fax":"","email":"","url":"","countryIso2":"AM","countryName":"Armenia","hotelRating":"1","latitude":"41.0949","longitude":"44.7113","state_id":null,"state_name":null,"country_id":null},{"active":false,"Giataid":"765142","cityId":null,"cityName":"Tsakhkadzor","hotelId":765142,"hotelName":"Gorniy Otel Tsaghkadzor","address":"Mger Mkrtchyan 18,0010 Tsaghkadzor,Armenia","phones":"","fax":"","email":"","url":"","countryIso2":"AM","countryName":"Armenia","hotelRating":"1","latitude":"40.5321","longitude":"44.7166","state_id":null,"state_name":null,"country_id":null},{"active":false,"Giataid":"765458","cityId":null,"cityName":"Garni","hotelId":765458,"hotelName":"Hotel Garni 7 Qar","address":"Grigor Zohrap Street 30,0025 Garni,Armenia","phones":"","fax":"","email":"","url":"","countryIso2":"AM","countryName":"Armenia","hotelRating":"1","latitude":"40.1206","longitude":"44.7354","state_id":null,"state_name":null,"country_id":null},{"active":false,"Giataid":"765679","cityId":null,"cityName":"Tsakhkadzor","hotelId":765679,"hotelName":"Faria Boutique Hotel","address":"Charents Street 3/2,2310 Tsaghkadzor,Kotayk,Armenia","phones":"","fax":"","email":"info@fariahotel.am","url":"http://www.fariahotel.am","countryIso2":"AM","countryName":"Armenia","hotelRating":"1","latitude":"40.5321","longitude":"44.7166","state_id":null,"state_name":null,"country_id":null},{"active":false,"Giataid":"765767","cityId":null,"cityName":"Tsakhkadzor","hotelId":765767,"hotelName":"Bagart hotel","address":"Tsaghkunyats Square Street 33/11,2310 Tsaghkadzor,Armenia","phones":"","fax":"","email":"","url":"","countryIso2":"AM","countryName":"Armenia","hotelRating":"1","latitude":"40.5321","longitude":"44.7166","state_id":null,"state_name":null,"country_id":null},{"active":false,"Giataid":"765906","cityId":null,"cityName":"Tsakhkadzor","hotelId":765906,"hotelName":"Ripa","address":"Kecharetsi 2,2310 Tsaghkadzor,Armenia","phones":"","fax":"","email":"","url":"","countryIso2":"AM","countryName":"Armenia","hotelRating":"1","latitude":"40.5321","longitude":"44.7166","state_id":null,"state_name":null,"country_id":null},{"active":false,"Giataid":"765963","cityId":null,"cityName":"Agveran","hotelId":765963,"hotelName":"Voske Getak Hotel","address":"0523 Aghveran Village,Kotayk Region,Armenia","phones":"+37410539650","fax":"","email":"","url":"http://aghveran.am","countryIso2":"AM","countryName":"Armenia","hotelRating":"1","latitude":"40.476","longitude":"44.5984","state_id":null,"state_name":null,"country_id":null},{"active":false,"Giataid":"766024","cityId":null,"cityName":"Gjumri","hotelId":766024,"hotelName":"Chalet Gyumri","address":"Movses Khorenatsi 50/4,Gyumri,Armenia","phones":"","fax":"","email":"","url":"","countryIso2":"AM","countryName":"Armenia","hotelRating":"1","latitude":"40.7879","longitude":"43.8436","state_id":null,"state_name":null,"country_id":null},{"active":false,"Giataid":"766271","cityId":null,"cityName":"Tsakhkadzor","hotelId":766271,"hotelName":"Sion Resort","address":"Isahakyan 5/3,2310 Tsaghkadzor,Armenia","phones":"","fax":"","email":"","url":"","countryIso2":"AM","countryName":"Armenia","hotelRating":"1","latitude":"40.5321","longitude":"44.7166","state_id":null,"state_name":null,"country_id":null},{"active":false,"Giataid":"767124","cityId":null,"cityName":"Tsakhkadzor","hotelId":767124,"hotelName":"University Hotel","address":"Tandzagbyur Street 29,2310 Tsaghkadzor,Armenia","phones":"","fax":"","email":"","url":"","countryIso2":"AM","countryName":"Armenia","hotelRating":"1","latitude":"40.5337","longitude":"44.704","state_id":null,"state_name":null,"country_id":null},{"active":false,"Giataid":"767322","cityId":null,"cityName":"Agveran","hotelId":767322,"hotelName":"Ereqnuk Resort","address":"Unnamed Road,2503 Agveran,Armenia","phones":"","fax":"","email":"","url":"http://ereqnuk.com","countryIso2":"AM","countryName":"Armenia","hotelRating":"1","latitude":"40.476","longitude":"44.5984","state_id":null,"state_name":null,"country_id":null},{"active":false,"Giataid":"767547","cityId":null,"cityName":"Garni","hotelId":767547,"hotelName":"Guest House GarniResthost","address":"Marzpetuni Street 9,Kotayk,Garni,2215 Garni,Armenia","phones":"","fax":"","email":"","url":"","countryIso2":"AM","countryName":"Armenia","hotelRating":"1","latitude":"40.116","longitude":"44.7297","state_id":null,"state_name":null,"country_id":null},{"active":false,"Giataid":"768132","cityId":null,"cityName":"Wanadsor","hotelId":768132,"hotelName":"Vanadzor Hostel","address":"Banaki 32,2002 Wanadsor,Armenia","phones":"","fax":"","email":"","url":"","countryIso2":"AM","countryName":"Armenia","hotelRating":"1","latitude":"40.8021","longitude":"44.5","state_id":null,"state_name":null,"country_id":null},{"active":false,"Giataid":"768217","cityId":null,"cityName":"Tsakhkadzor","hotelId":768217,"hotelName":"Artsvik Hotel & Resort","address":"Vladimir Arutyunyan Street,2310 Tsaghkadzor,Armenia","phones":"+37495488112","fax":"","email":"info@artsvik.ru","url":"http://artsvik.ru/","countryIso2":"AM","countryName":"Armenia","hotelRating":"1","latitude":"40.5321","longitude":"44.7166","state_id":null,"state_name":null,"country_id":null},{"active":false,"Giataid":"770247","cityId":null,"cityName":"Hankavan","hotelId":770247,"hotelName":"Hanqavan Resort","address":"Street 1,Apt 37,2312 Hank'avan,Armenia","phones":"","fax":"","email":"","url":"https://www.booking.com/hotel/am/hanqavan-resort.de.html?aid=356985","countryIso2":"AM","countryName":"Armenia","hotelRating":"1","latitude":"0","longitude":"0","state_id":null,"state_name":null,"country_id":null},{"active":false,"Giataid":"770248","cityId":null,"cityName":"Tsakhkadzor","hotelId":770248,"hotelName":"Hostel Tsaghkadzor","address":"Tsaghkunyats Square Street 1,2310 Tsaghkadzor,Armenia","phones":"","fax":"","email":"","url":"","countryIso2":"AM","countryName":"Armenia","hotelRating":"1","latitude":"40.5321","longitude":"44.7166","state_id":null,"state_name":null,"country_id":null},{"active":false,"Giataid":"772022","cityId":null,"cityName":"Hankavan","hotelId":772022,"hotelName":"Hovit Resort","address":"Ulitca 1 D 5,Hankavan,Armenia","phones":"","fax":"","email":"","url":"","countryIso2":"AM","countryName":"Armenia","hotelRating":"1","latitude":"0","longitude":"0","state_id":null,"state_name":null,"country_id":null},{"active":false,"Giataid":"830106","cityId":null,"cityName":"Urtsadzor","hotelId":830106,"hotelName":"Gor's B&B","address":"Tumanyan Street,0618 Urts'adzor,Armenia","phones":"","fax":"","email":"","url":"","countryIso2":"AM","countryName":"Armenia","hotelRating":"1","latitude":"39.9187","longitude":"44.8153","state_id":null,"state_name":null,"country_id":null},{"active":false,"Giataid":"830792","cityId":null,"cityName":"Halidzor","hotelId":830792,"hotelName":"Hotel Halidzor","address":"2nd Street,House 38,3211 Halidzor,Armenia","phones":"","fax":"","email":"","url":"","countryIso2":"AM","countryName":"Armenia","hotelRating":"1","latitude":"39.3957","longitude":"46.2796","state_id":null,"state_name":null,"country_id":null},{"active":false,"Giataid":"407152","cityId":null,"cityName":"Tsakhkadzor","hotelId":10140421,"hotelName":"Best Western Alva Hotel & Spa","address":"40 Tandzaghbyur,Tsaghkadzor,Armenia","phones":"+37422360020","fax":"NULL","email":"NULL","url":"NULL","countryIso2":"AM","countryName":"Armenia","hotelRating":"4","latitude":"40.5338","longitude":"44.7064","state_id":null,"state_name":null,"country_id":null},{"active":false,"Giataid":"366718","cityId":null,"cityName":"Tsakhkadzor","hotelId":20001627,"hotelName":"Tsakhkadzor Writers House","address":"Charents alley 4,2310 Tsaghkadzor,Kotayk region,Armenia","phones":"+37422360445","fax":"","email":"info@writershotel.am","url":"http://writershotel.am","countryIso2":"AM","countryName":"Armenia","hotelRating":"3","latitude":"40.5295","longitude":"44.7217","state_id":null,"state_name":null,"country_id":null},{"active":false,"Giataid":"619135","cityId":null,"cityName":"Tsakhkadzor","hotelId":20001819,"hotelName":"Jupiter Hotel","address":"Tsakhkunyants Square 1,2310 Tsaghkadzor,Armenia","phones":"+37491460617","fax":"","email":"info@jupiter-hotel.info","url":"http://jupiter-hotel.info/","countryIso2":"AM","countryName":"Armenia","hotelRating":"4","latitude":"40.5309","longitude":"44.7202","state_id":null,"state_name":null,"country_id":null},{"active":false,"Giataid":"430975","cityId":null,"cityName":"Tsakhkadzor","hotelId":20002575,"hotelName":"Hotel Russia","address":"Grigor Magistros Street 7,Tsakhkadzor,Armenia","phones":"+37422361919","fax":"","email":"info@hotelrussia.am","url":"http://www.hotelrussia.am/","countryIso2":"AM","countryName":"Armenia","hotelRating":"5","latitude":"40.5326","longitude":"44.719","state_id":null,"state_name":null,"country_id":null},{"active":false,"Giataid":"481862","cityId":null,"cityName":"Tsakhkadzor","hotelId":20002785,"hotelName":"Tonratun Hotel","address":"Yeghishe Charents 2,2310 Tsaghkadzor,Armenia","phones":"","fax":"","email":"","url":"","countryIso2":"AM","countryName":"Armenia","hotelRating":"0","latitude":"40.531","longitude":"44.7208","state_id":null,"state_name":null,"country_id":null},{"active":false,"Giataid":"483017","cityId":null,"cityName":"Tsakhkadzor","hotelId":20005143,"hotelName":"Alpina Hotel","address":"Charents Lane,2310 Tsaghkadzor,Kotayk Marz,Armenia","phones":"+37422360770","fax":"","email":"info@alpina.am","url":"http://alpina.am/","countryIso2":"AM","countryName":"Armenia","hotelRating":"0","latitude":"40.5294","longitude":"44.7194","state_id":null,"state_name":null,"country_id":null},{"active":false,"Giataid":"480343","cityId":null,"cityName":"Tsakhkadzor","hotelId":20011380,"hotelName":"Aliq Hotel","address":"Isahakyan Street 14, Tsaghkadzor 2310,Armenia","phones":"","fax":"","email":"","url":"","countryIso2":"AM","countryName":"Armenia","hotelRating":"3","latitude":"40.5293","longitude":"44.7256","state_id":null,"state_name":null,"country_id":null},{"active":false,"Giataid":"571988","cityId":null,"cityName":"Tsakhkadzor","hotelId":20013484,"hotelName":"Kechi Resort","address":"Khachatura Kecharetsu 72,0009 Tsaghkadzor,Armenia","phones":"+37422360226","fax":"","email":"info@kechi.am","url":"http://kechi.am/","countryIso2":"AM","countryName":"Armenia","hotelRating":"3","latitude":"40.5303","longitude":"44.7248","state_id":null,"state_name":null,"country_id":null},{"active":false,"Giataid":"613457","cityId":null,"cityName":"Tsakhkadzor","hotelId":20013913,"hotelName":"Tsaghkatun","address":"V. Harutyunan Street,2310 Tsaghkadzor,Armenia","phones":"","fax":"","email":"","url":"","countryIso2":"AM","countryName":"Armenia","hotelRating":"0","latitude":"40.5332","longitude":"44.7097","state_id":null,"state_name":null,"country_id":null},{"active":false,"Giataid":"407925","cityId":null,"cityName":"Tsakhkadzor","hotelId":20016330,"hotelName":"Golden Palace Tsakhkadzor","address":"34/1 Tandzaghbyur,2310 Tsaghkadzor,Armenia","phones":"+37460461099","fax":"","email":"hotel@goldenpalacehotel.am","url":"http://goldenpalacehotel.am/tsakhkadzor/","countryIso2":"AM","countryName":"Armenia","hotelRating":"5","latitude":"40.5338","longitude":"44.7064","state_id":null,"state_name":null,"country_id":null},{"active":false,"Giataid":"433031","cityId":null,"cityName":"Tsakhkadzor","hotelId":20016594,"hotelName":"Nur Hotel & Resort","address":"Isahakyan Street 10,2310 Tsaghkadzor,Armenia","phones":"+37494687094","fax":"","email":"info@mathewjoyson.com","url":"http://www.nurhotel.am","countryIso2":"AM","countryName":"Armenia","hotelRating":"0","latitude":"40.5581","longitude":"44.7495","state_id":null,"state_name":null,"country_id":null},{"active":false,"Giataid":"477877","cityId":null,"cityName":"Tsakhkadzor","hotelId":20016799,"hotelName":"Tsaghkahovit Hotel","address":"Tandzaghpyur Street 25,2310 Tsakhkadzor,Kotayk Province,Armenia","phones":"+37422360051","fax":"","email":"info@tsaghkahovit.am","url":"http://www.tsaghkahovit.am/","countryIso2":"AM","countryName":"Armenia","hotelRating":"3","latitude":"40.5336","longitude":"44.706","state_id":null,"state_name":null,"country_id":null},{"active":false,"Giataid":"478544","cityId":null,"cityName":"Tsakhkadzor","hotelId":20017049,"hotelName":"Multi Rest House","address":"Olimpiakan Street 8,Tsaghkadzor,Armenia","phones":"","fax":"","email":"","url":"","countryIso2":"AM","countryName":"Armenia","hotelRating":"0","latitude":"40.5305","longitude":"44.7119","state_id":null,"state_name":null,"country_id":null},{"active":false,"Giataid":"501396","cityId":null,"cityName":"Tsakhkadzor","hotelId":20017131,"hotelName":"Park Village Hotel And Resort","address":"Pahlavunyats Street 18/4,2310 Tsaghkadzor,Kotayk Province,Armenia","phones":"+37444501002","fax":"","email":"reservations@parkvillage.am","url":"http://parkvillage.am","countryIso2":"AM","countryName":"Armenia","hotelRating":"3","latitude":"40.5332","longitude":"44.7295","state_id":null,"state_name":null,"country_id":null},{"active":false,"Giataid":"366718","cityId":null,"cityName":"Tsakhkadzor","hotelId":20017245,"hotelName":"House of Writers","address":"Charents alley 4,2310 Tsaghkadzor,Kotayk region,Armenia","phones":"","fax":"","email":"","url":"","countryIso2":"AM","countryName":"Armenia","hotelRating":"3","latitude":"40.5294","longitude":"44.7216","state_id":null,"state_name":null,"country_id":null},{"active":false,"Giataid":"724443","cityId":null,"cityName":"Tsakhkadzor","hotelId":20017305,"hotelName":"Ararat Resort","address":"Mher Mkrtchyan Street 54,2310 Tsaghkadzor,Armenia","phones":"+37455504504","fax":"","email":"","url":"http://araratresort.ru","countryIso2":"AM","countryName":"Armenia","hotelRating":"0","latitude":"40.5331","longitude":"44.7504","state_id":null,"state_name":null,"country_id":null},{"active":false,"Giataid":"572088","cityId":null,"cityName":"Tsakhkadzor","hotelId":20018925,"hotelName":"Nairi Rest House","address":"Isahakyan Street 19,Tsakhkadzor,Armenia","phones":"+3742360456","fax":"+37410282891","email":"maghabekyan@yahoo.com","url":"http://www.nairihotel.am","countryIso2":"AM","countryName":"Armenia","hotelRating":"3","latitude":"40.5294","longitude":"44.7262","state_id":null,"state_name":null,"country_id":null},{"active":false,"Giataid":"724119","cityId":null,"cityName":"Tsakhkadzor","hotelId":20019119,"hotelName":"Tsaghkadzor Villas","address":"Tandzaghbyur Street 15/16,2310 Tsakhkadzor,Armenia","phones":"","fax":"","email":"","url":"","countryIso2":"AM","countryName":"Armenia","hotelRating":"0","latitude":"40.5368","longitude":"44.7164","state_id":null,"state_name":null,"country_id":null},{"active":false,"Giataid":"412088","cityId":null,"cityName":"Agveran","hotelId":20021151,"hotelName":"Crystal Resort Aghveran","address":"Antarayin Street 41,2503 Agveran,Armenia","phones":"","fax":"","email":"","url":"","countryIso2":"AM","countryName":"Armenia","hotelRating":"4","latitude":"40.476","longitude":"44.5988","state_id":null,"state_name":null,"country_id":null},{"active":false,"Giataid":"479071","cityId":null,"cityName":"Tsakhkadzor","hotelId":20022409,"hotelName":"Kecharis Hotel","address":"Orbeli Brothers Street 15,2310 Tsakhkadzor,Armenia","phones":"","fax":"","email":"","url":"","countryIso2":"AM","countryName":"Armenia","hotelRating":"0","latitude":"40.5334","longitude":"44.7205","state_id":null,"state_name":null,"country_id":null},{"active":false,"Giataid":"572076","cityId":null,"cityName":"Tsakhkadzor","hotelId":20022504,"hotelName":"Villadzor Apart Hotel","address":"V. Harutyunyan 4,2310 Tsaghkadzor,Armenia","phones":"+37410520211","fax":"","email":"villadzor@gmail.com","url":"http://www.villadzor.com/","countryIso2":"AM","countryName":"Armenia","hotelRating":"0","latitude":"40.5335","longitude":"44.7123","state_id":null,"state_name":null,"country_id":null},{"active":false,"Giataid":"483729","cityId":null,"cityName":"Tsakhkadzor","hotelId":20022743,"hotelName":"Elegant Hotel & Resort","address":"11 Tandzaghbyur street,2310 Tsaghkadzor,Armenia","phones":"+37460750005","fax":"","email":"","url":"http://www.eleganthotel.ru/","countryIso2":"AM","countryName":"Armenia","hotelRating":"4","latitude":"40.5348","longitude":"44.7109","state_id":null,"state_name":null,"country_id":null},{"active":false,"Giataid":"482882","cityId":null,"cityName":"Tsakhkadzor","hotelId":20023012,"hotelName":"Viardo Hotel","address":"Vladimir Harutunyan Street 11,2310 Tsaghkadzor,Armenia","phones":"","fax":"","email":"","url":"http://www.booking.com/hotel/am/viardo.pl.html","countryIso2":"AM","countryName":"Armenia","hotelRating":"0","latitude":"40.5333","longitude":"44.7099","state_id":null,"state_name":null,"country_id":null},{"active":false,"Giataid":"571870","cityId":null,"cityName":"Tsakhkadzor","hotelId":20023533,"hotelName":"Villa Casa di Maria","address":"2nd Tandzaghbyur Street,2310 Tsaghkadzor,Armenia","phones":"","fax":"","email":"","url":"","countryIso2":"AM","countryName":"Armenia","hotelRating":"0","latitude":"40.5356","longitude":"44.7098","state_id":null,"state_name":null,"country_id":null},{"active":false,"Giataid":"911848","cityId":null,"cityName":"Sisian","hotelId":20272327,"hotelName":"Karin's B&B","address":"Andok Ishkhani Gavit 3/1,3501 Sisian,Armenia","phones":"","fax":"","email":"","url":"","countryIso2":"AM","countryName":"Armenia","hotelRating":"0","latitude":"39.5404","longitude":"46.0169","state_id":null,"state_name":null,"country_id":null},{"active":false,"Giataid":"937072","cityId":null,"cityName":"Tsakhkadzor","hotelId":20272328,"hotelName":"Valetta","address":"Vladimir Harutyunyan 7,Tsaghkadzor,Armenia","phones":"","fax":"","email":"","url":"","countryIso2":"AM","countryName":"Armenia","hotelRating":"0","latitude":"40.5321","longitude":"44.7166","state_id":null,"state_name":null,"country_id":null},{"active":false,"Giataid":"424365","cityId":null,"cityName":"Wanadsor","hotelId":20272329,"hotelName":"Hotel Vanadzor","address":"Zoravar Andranik Street,2007 Vanadzor,Armenia","phones":"","fax":"","email":"","url":"","countryIso2":"AM","countryName":"Armenia","hotelRating":"0","latitude":"40.7968","longitude":"44.5137","state_id":null,"state_name":null,"country_id":null},{"active":false,"Giataid":"939916","cityId":null,"cityName":"Tsakhkadzor","hotelId":20272350,"hotelName":"Teghenis Resort Tsaghkadzor","address":"Tandzagbyur 31,Dom 15,2310 Tsaghkadzor,Armenia","phones":"","fax":"","email":"","url":"","countryIso2":"AM","countryName":"Armenia","hotelRating":"0","latitude":"40.5321","longitude":"44.7166","state_id":null,"state_name":null,"country_id":null},{"active":false,"Giataid":"912010","cityId":null,"cityName":"Tsakhkadzor","hotelId":20272365,"hotelName":"Hotel Edem","address":"Tandzaghbyur Street 19,2310 Tsaghkadzor,Armenia","phones":"","fax":"","email":"","url":"","countryIso2":"AM","countryName":"Armenia","hotelRating":"0","latitude":"40.5321","longitude":"44.7166","state_id":null,"state_name":null,"country_id":null},{"active":false,"Giataid":"915364","cityId":null,"cityName":"Wanadsor","hotelId":20272366,"hotelName":"Sochiner","address":"M8 8 km,2001 Vanadzor,Armenia","phones":"","fax":"","email":"","url":"","countryIso2":"AM","countryName":"Armenia","hotelRating":"0","latitude":"40.7968","longitude":"44.5137","state_id":null,"state_name":null,"country_id":null},{"active":false,"Giataid":"928519","cityId":null,"cityName":"Agveran","hotelId":20272384,"hotelName":"Park Resort Aghveran","address":"0523 Agveran,Armenia","phones":"+37493715588","fax":"","email":"info@parkresort.am","url":"http://parkresort.am","countryIso2":"AM","countryName":"Armenia","hotelRating":"0","latitude":"40.5167","longitude":"44.5635","state_id":null,"state_name":null,"country_id":null},{"active":false,"Giataid":"910220","cityId":null,"cityName":"Tsakhkadzor","hotelId":20272392,"hotelName":"Renesance Resort","address":"Mayisyan Street,2310 Tsaghkadzor,Armenia","phones":"","fax":"","email":"","url":"","countryIso2":"AM","countryName":"Armenia","hotelRating":"0","latitude":"40.5321","longitude":"44.7166","state_id":null,"state_name":null,"country_id":null},{"active":false,"Giataid":"910068","cityId":null,"cityName":"Wanadsor","hotelId":20272393,"hotelName":"Royal Hotel","address":"Aghayan Street 95/1,2017 Vanadzor,Armenia","phones":"","fax":"","email":"","url":"","countryIso2":"AM","countryName":"Armenia","hotelRating":"0","latitude":"40.7968","longitude":"44.5137","state_id":null,"state_name":null,"country_id":null},{"active":false,"Giataid":"902993","cityId":null,"cityName":"Garni","hotelId":20272434,"hotelName":"Garni HinYard","address":"Azatamartikner Street 1/7,2215 Garni Village,Kotayk Region,Armenia","phones":"","fax":"","email":"","url":"","countryIso2":"AM","countryName":"Armenia","hotelRating":"0","latitude":"40.1206","longitude":"44.7354","state_id":null,"state_name":null,"country_id":null},{"active":false,"Giataid":"874073","cityId":null,"cityName":"Tsakhkadzor","hotelId":20272439,"hotelName":"Splendor Resort","address":"Vladimir Harutyunyan Street 12,Tsaghkadzor,Armenia","phones":"+37422360555","fax":"","email":"contact@splendor.am","url":"http://splendor.am","countryIso2":"AM","countryName":"Armenia","hotelRating":"3","latitude":"40.5333","longitude":"44.7108","state_id":null,"state_name":null,"country_id":null},{"active":false,"Giataid":"909698","cityId":null,"cityName":"Wanadsor","hotelId":20272440,"hotelName":"Hotel Laguna","address":"Yerevanyan 68A,Vanadzor,Armenia","phones":"","fax":"","email":"admin@laguna.am","url":"http://www.laguna.am","countryIso2":"AM","countryName":"Armenia","hotelRating":"0","latitude":"40.7925","longitude":"44.5122","state_id":null,"state_name":null,"country_id":null},{"active":false,"Giataid":"928612","cityId":null,"cityName":"Goght","hotelId":20272483,"hotelName":"Golden Rooster","address":"Geghard Monastery Road,2215 Goght,Armenia","phones":"","fax":"","email":"","url":"","countryIso2":"AM","countryName":"Armenia","hotelRating":"0","latitude":"40.1415","longitude":"44.7823","state_id":null,"state_name":null,"country_id":null},{"active":false,"Giataid":"928507","cityId":null,"cityName":"Wanadsor","hotelId":20273065,"hotelName":"Nairi","address":"Nairi Street 10/2,2009 Vanadzor,Armenia","phones":"","fax":"","email":"","url":"","countryIso2":"AM","countryName":"Armenia","hotelRating":"0","latitude":"40.7968","longitude":"44.5137","state_id":null,"state_name":null,"country_id":null},{"active":false,"Giataid":"991866","cityId":null,"cityName":"Tsakhkadzor","hotelId":20425093,"hotelName":"Hotel Zvartnots","address":"Mher Mkrtchyan Street,2310 Tsaghkadzor,Armenia","phones":"","fax":"","email":"","url":"","countryIso2":"AM","countryName":"Armenia","hotelRating":"0","latitude":"40.5321","longitude":"44.7166","state_id":null,"state_name":null,"country_id":null},{"active":false,"Giataid":"992071","cityId":null,"cityName":"Tsakhkadzor","hotelId":20425098,"hotelName":"Art House Tsaghkadzor","address":"Grigor Magistros Street 3,2310 Tsaghkadzor,Armenia","phones":"","fax":"","email":"","url":"","countryIso2":"AM","countryName":"Armenia","hotelRating":"0","latitude":"40.5321","longitude":"44.7166","state_id":null,"state_name":null,"country_id":null},{"active":false,"Giataid":"981949","cityId":null,"cityName":"Wanadsor","hotelId":20425112,"hotelName":"Baron Hotel","address":"Halabyan Street 1-1,2001 Vanadzor,Armenia","phones":"","fax":"","email":"","url":"","countryIso2":"AM","countryName":"Armenia","hotelRating":"0","latitude":"40.7968","longitude":"44.5137","state_id":null,"state_name":null,"country_id":null},{"active":false,"Giataid":"991950","cityId":null,"cityName":"Tsakhkadzor","hotelId":20425116,"hotelName":"Tsaghkadzor House Hotel","address":"Kechsretsu Street 2a,2310 Tsaghkadzor,Armenia","phones":"","fax":"","email":"","url":"","countryIso2":"AM","countryName":"Armenia","hotelRating":"0","latitude":"40.5321","longitude":"44.7166","state_id":null,"state_name":null,"country_id":null},{"active":false,"Giataid":"977434","cityId":null,"cityName":"Tsakhkadzor","hotelId":20425122,"hotelName":"Elis Hotel","address":"Tandzaghbyur Street 6,2310 Tsaghkadzor,Armenia","phones":"","fax":"","email":"","url":"","countryIso2":"AM","countryName":"Armenia","hotelRating":"0","latitude":"40.5321","longitude":"44.7166","state_id":null,"state_name":null,"country_id":null},{"active":false,"Giataid":"1001085","cityId":null,"cityName":"Agveran","hotelId":20430904,"hotelName":"Nigrest","address":"Tigran Metc 2,0301 Agveran,Armenia","phones":"","fax":"","email":"","url":"","countryIso2":"AM","countryName":"Armenia","hotelRating":"0","latitude":"40.4955","longitude":"44.5809","state_id":null,"state_name":null,"country_id":null},{"active":false,"Giataid":"1001073","cityId":null,"cityName":"Garni","hotelId":20430909,"hotelName":"Arame","address":"Charents Street 20,House Armenia Kotayk,2215 Garni,Armenia","phones":"","fax":"","email":"","url":"","countryIso2":"AM","countryName":"Armenia","hotelRating":"0","latitude":"40.1206","longitude":"44.7354","state_id":null,"state_name":null,"country_id":null},{"active":false,"Giataid":"981959","cityId":null,"cityName":"Sisian","hotelId":20458142,"hotelName":"Hotel Dina","address":"Sisakan Street 35,3501 Sisian,Armenia","phones":"+37428303330","fax":"","email":"sisiano@mail.ru","url":"http://dinahotel.am","countryIso2":"AM","countryName":"Armenia","hotelRating":"0","latitude":"39.5242","longitude":"46.0263","state_id":null,"state_name":null,"country_id":null},{"active":false,"Giataid":"1024212","cityId":null,"cityName":"Garni","hotelId":20458160,"hotelName":"Garni Castle","address":"Marzpetuni Street,2215 Garni,Armenia","phones":"","fax":"","email":"","url":"","countryIso2":"AM","countryName":"Armenia","hotelRating":"0","latitude":"40.1206","longitude":"44.7354","state_id":null,"state_name":null,"country_id":null},{"active":false,"Giataid":"1052157","cityId":null,"cityName":"Garni","hotelId":20461587,"hotelName":"Narine Guest House","address":"Charents 20,2215 Garni,Armenia","phones":"","fax":"","email":"","url":"http://guesthousenarine.business.site/","countryIso2":"AM","countryName":"Armenia","hotelRating":"0","latitude":"40.1206","longitude":"44.7354","state_id":null,"state_name":null,"country_id":null},{"active":false,"Giataid":"1052652","cityId":null,"cityName":"Garni","hotelId":20461606,"hotelName":"The Village House","address":"Tumanyan 4,2215 Garni,Armenia","phones":"","fax":"","email":"","url":"","countryIso2":"AM","countryName":"Armenia","hotelRating":"0","latitude":"40.1206","longitude":"44.7354","state_id":null,"state_name":null,"country_id":null},{"active":false,"Giataid":"1052412","cityId":null,"cityName":"Tsakhkadzor","hotelId":20461616,"hotelName":"Guest House Arsan","address":"Yeghishe Charents ul 22,2310 Tsakhkadzor,Armenia","phones":"","fax":"","email":"","url":"","countryIso2":"AM","countryName":"Armenia","hotelRating":"0","latitude":"40.5321","longitude":"44.7166","state_id":null,"state_name":null,"country_id":null},{"active":false,"Giataid":"1052192","cityId":null,"cityName":"Tsakhkadzor","hotelId":20461620,"hotelName":"Aria Guest House","address":"Kecharetsu Street 29,2310 Tsaghkadzor,Armenia","phones":"","fax":"","email":"","url":"","countryIso2":"AM","countryName":"Armenia","hotelRating":"0","latitude":"40.5321","longitude":"44.7166","state_id":null,"state_name":null,"country_id":null}]