[{"active":false,"Giataid":"149632","cityId":null,"cityName":"Staou?li","hotelId":149632,"hotelName":"Sheraton Club Des Pins Resort","address":"Boite Postal 62,Club Des Pins,16101 Staou?li,Algeria","phones":"+21321377777","fax":"","email":"","url":"","countryIso2":"DZ","countryName":"Algeria","hotelRating":"5","latitude":"36.763","longitude":"2.8737","state_id":null,"state_name":null,"country_id":null},{"active":false,"Giataid":"236778","cityId":null,"cityName":"Staou?li","hotelId":236778,"hotelName":"El Marsa Sidi Fredj","address":"Sidi-Fredj,Alger,Algeria","phones":"+21321376161","fax":"+21321376936","email":"elmarsa@sidifredj-hotels.com","url":"http://www.sidifredj-hotels.com/?r=marsa","countryIso2":"DZ","countryName":"Algeria","hotelRating":"3","latitude":"36.7625","longitude":"2.84626","state_id":null,"state_name":null,"country_id":null},{"active":false,"Giataid":"642321","cityId":null,"cityName":"A?n El Turk","hotelId":642321,"hotelName":"Residence Nadra","address":"Boulevard de la Plage Niche 1236 B17,Paradis Plage,31300 A?n El Turk,Oran,Algeria","phones":"+21341445126","fax":"+21341445126","email":"residencenadra@yahoo.fr","url":"http://www.nadraresidence.com/","countryIso2":"DZ","countryName":"Algeria","hotelRating":"1","latitude":"35.7386","longitude":"-0.755293","state_id":null,"state_name":null,"country_id":null},{"active":false,"Giataid":"407359","cityId":null,"cityName":"Staou?li","hotelId":10047573,"hotelName":"Abbasside Palace","address":"Palm Beach 9,Staouali,Algeria","phones":"+21323201048","fax":"","email":"","url":"","countryIso2":"DZ","countryName":"Algeria","hotelRating":"3","latitude":"36.7413","longitude":"2.84498","state_id":null,"state_name":null,"country_id":null},{"active":false,"Giataid":"642333","cityId":null,"cityName":"Tipaza","hotelId":10069404,"hotelName":"Chenoua Hotel","address":"Rue Des Galets Chenoua Plage,Chenoua Plage,42000 Tipaza,Algeria","phones":"+21324471399","fax":"","email":"","url":"","countryIso2":"DZ","countryName":"Algeria","hotelRating":"1","latitude":"36.6071","longitude":"2.40788","state_id":null,"state_name":null,"country_id":null},{"active":false,"Giataid":"518613","cityId":null,"cityName":"Sidi bel Abb?s","hotelId":10071207,"hotelName":"Eden Bel Abbes","address":"173 Lotissement,Makam El Chahid,22000 Sidi Bel Abbes,Algeria","phones":"+21348771010","fax":"","email":"","url":"","countryIso2":"DZ","countryName":"Algeria","hotelRating":"4","latitude":"35.1795","longitude":"-0.635919","state_id":null,"state_name":null,"country_id":null},{"active":false,"Giataid":"518655","cityId":null,"cityName":"Sidi bel Abb?s","hotelId":10071210,"hotelName":"Hotel Benitala","address":"152/7 Boulevard Ahmed Zabana,22000 Sidi Bel Abb?s,Algeria","phones":"+21348764437","fax":"","email":"","url":"","countryIso2":"DZ","countryName":"Algeria","hotelRating":"4","latitude":"35.216","longitude":"-0.60697","state_id":null,"state_name":null,"country_id":null},{"active":false,"Giataid":"434633","cityId":null,"cityName":"Boumerd?s","hotelId":10071359,"hotelName":"Hotel Medina","address":"Sud Centre Ville,Boumerdes,Algeria","phones":"+21324799204","fax":"","email":"","url":"","countryIso2":"DZ","countryName":"Algeria","hotelRating":"3","latitude":"36.7502","longitude":"3.47049","state_id":null,"state_name":null,"country_id":null},{"active":false,"Giataid":"903726","cityId":null,"cityName":"Staou?li","hotelId":20295007,"hotelName":"Hotel L'evantail","address":"Lot 16 Sidi Fred Plage Ouest,16000 Staoueli,Algeria","phones":"","fax":"","email":"","url":"","countryIso2":"DZ","countryName":"Algeria","hotelRating":"3","latitude":"36.7577","longitude":"2.84497","state_id":null,"state_name":null,"country_id":null},{"active":false,"Giataid":"407362","cityId":null,"cityName":"Staou?li","hotelId":20295012,"hotelName":"Club Azur","address":"Complexe Touristique Sidi Fredj,Algiers,Staou?li,Algeria","phones":"","fax":"","email":"","url":"","countryIso2":"DZ","countryName":"Algeria","hotelRating":"3","latitude":"36.7532","longitude":"2.88807","state_id":null,"state_name":null,"country_id":null},{"active":false,"Giataid":"903726","cityId":null,"cityName":"Staou?li","hotelId":20295018,"hotelName":"Hotel L'Evantail","address":"Lot 16 Sidi Fred Plage Ouest,16000 Staoueli,Algeria","phones":"","fax":"","email":"","url":"","countryIso2":"DZ","countryName":"Algeria","hotelRating":"0","latitude":"36.7566","longitude":"2.86325","state_id":null,"state_name":null,"country_id":null},{"active":false,"Giataid":"407364","cityId":null,"cityName":"Staou?li","hotelId":20295023,"hotelName":"El Riadh","address":"Staou?li,Algeria","phones":"","fax":"","email":"","url":"","countryIso2":"DZ","countryName":"Algeria","hotelRating":"4","latitude":"36.7531","longitude":"2.88811","state_id":null,"state_name":null,"country_id":null},{"active":false,"Giataid":"936013","cityId":null,"cityName":"Staou?li","hotelId":20295030,"hotelName":"Hotel Azul Club","address":"Palm Beach,16101 Staoueli,Algeria","phones":"","fax":"+213770602847","email":"moussa050505@hotmail.fr","url":"http://www.hotelazulclub.com","countryIso2":"DZ","countryName":"Algeria","hotelRating":"0","latitude":"36.7566","longitude":"2.86325","state_id":null,"state_name":null,"country_id":null},{"active":false,"Giataid":"749017","cityId":null,"cityName":"Boumerd?s","hotelId":20295034,"hotelName":"La Villa Hotel","address":"97 Villa Atco,35000 Boumerdes,Algeria","phones":"","fax":"","email":"","url":"","countryIso2":"DZ","countryName":"Algeria","hotelRating":"3","latitude":"36.7549","longitude":"3.469","state_id":null,"state_name":null,"country_id":null},{"active":false,"Giataid":"434630","cityId":null,"cityName":"Boumerd?s","hotelId":20295056,"hotelName":"Hotel Leila","address":"126 Villas Elder,Boumerdes,Algeria","phones":"+21324819216","fax":"+21324819220","email":"contact@hotelleila.com","url":"http://www.hotelleila.com","countryIso2":"DZ","countryName":"Algeria","hotelRating":"3","latitude":"36.7597","longitude":"3.46751","state_id":null,"state_name":null,"country_id":null},{"active":false,"Giataid":"992187","cityId":null,"cityName":"Tipaza","hotelId":20429431,"hotelName":"Hotel Namymas","address":"Rue Des Freres Menadi Ain Tagourait,42000 Tipaza,Algeria","phones":"","fax":"","email":"","url":"","countryIso2":"DZ","countryName":"Algeria","hotelRating":"1","latitude":"36.6033","longitude":"2.50152","state_id":null,"state_name":null,"country_id":null}]