[{"active":false,"Giataid":"26637","cityId":null,"cityName":"Jerudong","hotelId":26637,"hotelName":"The Empire Hotel & Country Club","address":"Jerudong BG3122,Negara Brunei Darussalam,Brunei Darussalam","phones":"+6732418888","fax":"+6732418999","email":"sales@theempirehotel.com","url":"http://www.theempirehotel.com","countryIso2":"BN","countryName":"Brunei Darussalam","hotelRating":"5","latitude":"4.9682","longitude":"114.853","state_id":null,"state_name":null,"country_id":null},{"active":false,"Giataid":"232845","cityId":null,"cityName":"Jerudong","hotelId":232845,"hotelName":"Good View Jerudong","address":"Lot 13725,Block A,Brunel Darus,Jerudong,Brunei Darussalam","phones":"+6732612168","fax":"","email":"","url":"","countryIso2":"BN","countryName":"Brunei Darussalam","hotelRating":"1","latitude":"4.93649","longitude":"114.843","state_id":null,"state_name":null,"country_id":null},{"active":false,"Giataid":"392051","cityId":null,"cityName":"Jerudong","hotelId":392051,"hotelName":"StarLodge","address":"Jalan Pulau Kubu,Negara Brunei Darussalam,Bandar Seri Begawan,Jerudong BG3122,Brunei Darussalam","phones":"+6732611618","fax":"+6732611618","email":"sales@theholidaylodge.com","url":"http://www.theholidaylodge.com","countryIso2":"BN","countryName":"Brunei Darussalam","hotelRating":"3","latitude":"4.93679","longitude":"114.844","state_id":null,"state_name":null,"country_id":null},{"active":false,"Giataid":"482288","cityId":null,"cityName":"Jerudong","hotelId":10062021,"hotelName":"Parkview Hotel","address":"Lot 36204 Jalan Pertanian Luahan,Jerudong BG3122,Brunei Darussalam","phones":"+6732611998","fax":"","email":"","url":"","countryIso2":"BN","countryName":"Brunei Darussalam","hotelRating":"3","latitude":"4.94357","longitude":"114.842","state_id":null,"state_name":null,"country_id":null}]