[{"active":false,"Giataid":"291695","cityId":17353,"cityName":"Pointe-Noire","hotelId":291695,"hotelName":"Kotesi","address":"Chemin de Belle-H?tesse,Gommier,97116 Pointe Noire,Guadeloupe","phones":"+590590380456","fax":"","email":"","url":"","countryIso2":"GP","countryName":"Guadeloupe","hotelRating":"1","latitude":"16.249","longitude":"-61.7814","state_id":2863,"state_name":"Pointe-Noire","country_id":50},{"active":false,"Giataid":"604061","cityId":17353,"cityName":"Pointe-Noire","hotelId":604061,"hotelName":"L'Ilot Palmiers","address":"","phones":"","fax":"","email":"","url":"","countryIso2":"GP","countryName":"Guadeloupe","hotelRating":"1","latitude":"16.2419","longitude":"-61.7866","state_id":2863,"state_name":"Pointe-Noire","country_id":50},{"active":false,"Giataid":"507032","cityId":17353,"cityName":"Pointe-Noire","hotelId":10103473,"hotelName":"West Indies Cottage","address":"62 Chemin Des Plaines,97116 Pointe Noire,Guadeloupe","phones":"+590590929617","fax":"NULL","email":"NULL","url":"NULL","countryIso2":"GP","countryName":"Guadeloupe","hotelRating":"1","latitude":"16.2245","longitude":"-61.7735","state_id":2863,"state_name":"Pointe-Noire","country_id":50},{"active":false,"Giataid":"448599","cityId":17353,"cityName":"Pointe-Noire","hotelId":10128319,"hotelName":"La Pointe D'argent","address":"Baillargent,97116 Pointe Noire,Guadeloupe,Guadeloupe","phones":"+590590284435","fax":"NULL","email":"NULL","url":"NULL","countryIso2":"GP","countryName":"Guadeloupe","hotelRating":"2","latitude":"16.2604","longitude":"-61.8049","state_id":2863,"state_name":"Pointe-Noire","country_id":50},{"active":false,"Giataid":"670208","cityId":17353,"cityName":"Pointe-Noire","hotelId":20004335,"hotelName":"Gite Du Manial","address":"394 Chemin Communal Grande Plaine,97116 Pointe Noire,Guadeloupe","phones":"+590590813404","fax":"","email":"lilianemounigan@hotmail.fr","url":"","countryIso2":"GP","countryName":"Guadeloupe","hotelRating":"0","latitude":"16.209","longitude":"-61.7808","state_id":2863,"state_name":"Pointe-Noire","country_id":50},{"active":false,"Giataid":"48040","cityId":62554,"cityName":"Ferry","hotelId":20007015,"hotelName":"Au'Ti Sucrier","address":"97126 Ferry,Deshaies,Guadeloupe","phones":"+590590289129","fax":"","email":"bruno.dutto@orange.fr","url":"http://www.autisucrier.com/","countryIso2":"GP","countryName":"Guadeloupe","hotelRating":"3","latitude":"16.2751","longitude":"-61.8031","state_id":3751,"state_name":"Saint Andrew","country_id":108},{"active":false,"Giataid":"696418","cityId":17353,"cityName":"Pointe-Noire","hotelId":20008899,"hotelName":"Grande Plaine Paradis","address":"Route de Grande-Plaine,97116 Pointe-Noire,Basse-Terre Island,Guadeloupe","phones":"","fax":"","email":"contact@grandeplaineparadis.com","url":"","countryIso2":"GP","countryName":"Guadeloupe","hotelRating":"0","latitude":"16.2303","longitude":"-61.7869","state_id":2863,"state_name":"Pointe-Noire","country_id":50},{"active":false,"Giataid":"670358","cityId":17353,"cityName":"Pointe-Noire","hotelId":20010627,"hotelName":"Les Villas De Tisource","address":"1835 Chemin De Varin,97116 Pointe Noire,Guadeloupe","phones":"+590690539412","fax":"","email":"","url":"https://www.lesvillasdetisource.com","countryIso2":"GP","countryName":"Guadeloupe","hotelRating":"3","latitude":"16.2433","longitude":"-61.7877","state_id":2863,"state_name":"Pointe-Noire","country_id":50},{"active":false,"Giataid":"670149","cityId":17353,"cityName":"Pointe-Noire","hotelId":20014606,"hotelName":"Villa Madras","address":"Lotissement Cato,Rue Des Hibiscus,97116 Pointe Noire,Guadeloupe","phones":"+590590267109","fax":"","email":"info@villa-madras.com","url":"http://www.villa-madras.com","countryIso2":"GP","countryName":"Guadeloupe","hotelRating":"0","latitude":"16.2366","longitude":"-61.7949","state_id":2863,"state_name":"Pointe-Noire","country_id":50},{"active":false,"Giataid":"908772","cityId":17353,"cityName":"Pointe-Noire","hotelId":20315507,"hotelName":"Jacktavern Hostel","address":"297 Route Des Plaines,97116 Pointe-Noire,Guadeloupe","phones":"","fax":"","email":"","url":"","countryIso2":"GP","countryName":"Guadeloupe","hotelRating":"0","latitude":"16.2335","longitude":"-61.7847","state_id":2863,"state_name":"Pointe-Noire","country_id":50},{"active":false,"Giataid":"862124","cityId":62554,"cityName":"Ferry","hotelId":20315510,"hotelName":"La Muscade","address":"22 Chemin De Bornave,97126 Ferry,Guadeloupe","phones":"+590690825958","fax":"","email":"","url":"http://www.la-muscade.fr","countryIso2":"GP","countryName":"Guadeloupe","hotelRating":"0","latitude":"16.2746","longitude":"-61.8021","state_id":3751,"state_name":"Saint Andrew","country_id":108},{"active":false,"Giataid":"883908","cityId":17353,"cityName":"Pointe-Noire","hotelId":20315516,"hotelName":"Le Domaine du Rocher Noir","address":"Route De La Travers?e,97116 Pointe Noire,Guadeloupe","phones":"+590590950324","fax":"","email":"rservationrochernoir@gmail.com","url":"https://ledomainedurochernoir.fr/","countryIso2":"GP","countryName":"Guadeloupe","hotelRating":"4","latitude":"16.2335","longitude":"-61.7847","state_id":2863,"state_name":"Pointe-Noire","country_id":50},{"active":false,"Giataid":"967597","cityId":17353,"cityName":"Pointe-Noire","hotelId":20399972,"hotelName":"KazAnne","address":"535 Route De Monch?ri N2,97116 Pointe Noire,Guadeloupe","phones":"+590590955875","fax":"","email":"info@kazanne.com","url":"https://www.kazanne.net/","countryIso2":"GP","countryName":"Guadeloupe","hotelRating":"1","latitude":"16.2335","longitude":"-61.7847","state_id":2863,"state_name":"Pointe-Noire","country_id":50}]