[{"active":false,"Giataid":"138024","cityId":89704,"cityName":"Koror","hotelId":138024,"hotelName":"Palasia Hotel Palau","address":"P.O. Box 10027,Koror 96940,Palau","phones":"+6804888888","fax":"","email":"","url":"","countryIso2":"PW","countryName":"Palau","hotelRating":"5","latitude":"7.34322","longitude":"134.481","state_id":4532,"state_name":"Koror","country_id":168},{"active":false,"Giataid":"138025","cityId":89704,"cityName":"Koror","hotelId":138025,"hotelName":"Palau Royal Resort","address":"P.O. Box 10108,Koror,Malakal 96940,Palau","phones":"+6804882000","fax":"+6804886688","email":"info@palau-royal-resort.com","url":"http://www.palau-royal-resort.com/en/index.html","countryIso2":"PW","countryName":"Palau","hotelRating":"4","latitude":"7.33583","longitude":"134.458","state_id":4532,"state_name":"Koror","country_id":168},{"active":false,"Giataid":"690139","cityId":89704,"cityName":"Koror","hotelId":690139,"hotelName":"Garden Palace","address":"PO BOX 40692,Koror 96940,Palau","phones":"","fax":"+6804888012","email":"","url":"https://garden-palace-palau.com/","countryIso2":"PW","countryName":"Palau","hotelRating":"1","latitude":"7.34095","longitude":"134.477","state_id":4532,"state_name":"Koror","country_id":168},{"active":false,"Giataid":"740879","cityId":89704,"cityName":"Koror","hotelId":740879,"hotelName":"S&C Hotel Suites & Apartments","address":"PO Box 605,Koror 96940,Palau,Palau","phones":"+6804887704","fax":"","email":"","url":"http://www.sc-hotelpalau.com","countryIso2":"PW","countryName":"Palau","hotelRating":"1","latitude":"7.33594","longitude":"134.454","state_id":4532,"state_name":"Koror","country_id":168},{"active":false,"Giataid":"747383","cityId":89704,"cityName":"Koror","hotelId":747383,"hotelName":"Palau Island Garden Hotel","address":"Main Street,Ngerchemai,PO Box 1926,Koror 96940,Palau","phones":"","fax":"","email":"","url":"","countryIso2":"PW","countryName":"Palau","hotelRating":"1","latitude":"7.3414","longitude":"134.465","state_id":4532,"state_name":"Koror","country_id":168},{"active":false,"Giataid":"747491","cityId":89704,"cityName":"Koror","hotelId":747491,"hotelName":"Ngellil Nature Island Resort","address":"Koror Island,Airai 96940,Palau","phones":"","fax":"","email":"","url":"","countryIso2":"PW","countryName":"Palau","hotelRating":"1","latitude":"7.3414","longitude":"134.465","state_id":4532,"state_name":"Koror","country_id":168},{"active":false,"Giataid":"801895","cityId":89704,"cityName":"Koror","hotelId":801895,"hotelName":"Lighthouse Hotel","address":"Medalaii,Koror 96940,Palau","phones":"","fax":"","email":"","url":"","countryIso2":"PW","countryName":"Palau","hotelRating":"1","latitude":"7.3414","longitude":"134.465","state_id":4532,"state_name":"Koror","country_id":168},{"active":false,"Giataid":"802693","cityId":89704,"cityName":"Koror","hotelId":802693,"hotelName":"Ms Pinetrees Hostel","address":"PO Box 1926,Koror 96940,Palau","phones":"+6804882441","fax":"","email":"","url":"http://www.mspinetrees.com","countryIso2":"PW","countryName":"Palau","hotelRating":"1","latitude":"7.33986","longitude":"134.472","state_id":4532,"state_name":"Koror","country_id":168},{"active":false,"Giataid":"824235","cityId":89704,"cityName":"Koror","hotelId":824235,"hotelName":"Jing Pin Century Hotel Jing Pin Shi Ji Jiu Dian","address":"PO Box 8064,96940 Koror,Palau","phones":"","fax":"","email":"","url":"","countryIso2":"PW","countryName":"Palau","hotelRating":"1","latitude":"7.3414","longitude":"134.465","state_id":4532,"state_name":"Koror","country_id":168},{"active":false,"Giataid":"854914","cityId":89704,"cityName":"Koror","hotelId":854914,"hotelName":"Palau 8090 Dream House","address":"Ngerbodel,Misako Kikuo Res Ngerchemai,96940 Koror,Koror Island,Palau","phones":"","fax":"","email":"","url":"","countryIso2":"PW","countryName":"Palau","hotelRating":"1","latitude":"7.3414","longitude":"134.465","state_id":4532,"state_name":"Koror","country_id":168},{"active":false,"Giataid":"854915","cityId":89704,"cityName":"Koror","hotelId":854915,"hotelName":"Gordon Guest House","address":"Mechang Road,North End Of Nikko Bay,PO Box 2008,96940 Koror,Koror Island,Palau","phones":"+6804884323","fax":"","email":"","url":"http://www.thedudeksnestbnb.com/","countryIso2":"PW","countryName":"Palau","hotelRating":"1","latitude":"7.3414","longitude":"134.465","state_id":4532,"state_name":"Koror","country_id":168},{"active":false,"Giataid":"143181","cityId":89704,"cityName":"Koror","hotelId":10055921,"hotelName":"West Plaza Hotel Desekel","address":"P.O. Box 280,Koror,Palau,Palau","phones":"+6804882133","fax":"","email":"","url":"","countryIso2":"PW","countryName":"Palau","hotelRating":"2","latitude":"7.34028","longitude":"134.472","state_id":4532,"state_name":"Koror","country_id":168},{"active":false,"Giataid":"143180","cityId":89704,"cityName":"Koror","hotelId":10055919,"hotelName":"West Plaza Hotel Coral Reef","address":"P.O. Box 280,Koror,Palau,Palau","phones":"+6804882133","fax":"","email":"","url":"","countryIso2":"PW","countryName":"Palau","hotelRating":"3","latitude":"7.35144","longitude":"134.48","state_id":4532,"state_name":"Koror","country_id":168},{"active":false,"Giataid":"91432","cityId":89704,"cityName":"Koror","hotelId":10056019,"hotelName":"West Plaza Hotel By The Sea","address":"PO Box 280,Koror,Palau,Palau","phones":"+6804882133","fax":"","email":"","url":"","countryIso2":"PW","countryName":"Palau","hotelRating":"3","latitude":"7.34826","longitude":"134.48","state_id":4532,"state_name":"Koror","country_id":168},{"active":false,"Giataid":"143182","cityId":89704,"cityName":"Koror","hotelId":10056187,"hotelName":"West Plaza Hotel Downtown","address":"P.O. Box 280,Koror,Palau,Palau","phones":"+6804882133","fax":"","email":"","url":"","countryIso2":"PW","countryName":"Palau","hotelRating":"2","latitude":"7.34214","longitude":"134.477","state_id":4532,"state_name":"Koror","country_id":168},{"active":false,"Giataid":"544166","cityId":89704,"cityName":"Koror","hotelId":20126928,"hotelName":"Palau Hotel","address":"P.O.Box 457,Ikelau Hamlet,Koror,Palau","phones":"+6804885678","fax":"","email":"","url":"http://www.fnbpalauhotel.com","countryIso2":"PW","countryName":"Palau","hotelRating":"2","latitude":"7.34204","longitude":"134.478","state_id":4532,"state_name":"Koror","country_id":168},{"active":false,"Giataid":"234598","cityId":89704,"cityName":"Koror","hotelId":20126950,"hotelName":"Landmark Marina","address":"M Dock,P. O. Box 7047,Koror 96940,Palau,Palau","phones":"+6804881069","fax":"+6804881070","email":"service@landmarkmarina.com","url":"http://www.landmarkmarina.com","countryIso2":"PW","countryName":"Palau","hotelRating":"3","latitude":"7.34205","longitude":"134.479","state_id":4532,"state_name":"Koror","country_id":168},{"active":false,"Giataid":"550928","cityId":89704,"cityName":"Koror","hotelId":20126992,"hotelName":"HK Motel","address":"Koror 96940,Koror,Palau","phones":"","fax":"","email":"","url":"","countryIso2":"PW","countryName":"Palau","hotelRating":"1","latitude":"7.3414","longitude":"134.465","state_id":4532,"state_name":"Koror","country_id":168},{"active":false,"Giataid":"690227","cityId":89704,"cityName":"Koror","hotelId":20127028,"hotelName":"Shell Villa Apartel Resort","address":"Ngerbechedesau,Hokkons Business Compound,Koror 96940,Palau,Palau","phones":"","fax":"","email":"","url":"","countryIso2":"PW","countryName":"Palau","hotelRating":"0","latitude":"7.34588","longitude":"134.498","state_id":4532,"state_name":"Koror","country_id":168},{"active":false,"Giataid":"91433","cityId":58225,"cityName":"Palau","hotelId":20127043,"hotelName":"Palau Plantation Resort","address":"P.O. Box 1722,Koror 96940,Palau","phones":"+6804883631","fax":"+6804887425","email":"plantation@palautelecoms.com","url":"http://www.palau-resort.com/","countryIso2":"PW","countryName":"Palau","hotelRating":"3","latitude":"7.33736","longitude":"134.478","state_id":1715,"state_name":"Sardinia","country_id":107},{"active":false,"Giataid":"184006","cityId":58225,"cityName":"Palau","hotelId":20127078,"hotelName":"Rose Garden Resort","address":"P.O. Box 731,Koror 96940,Palau","phones":"+6804883071","fax":"+6804887673","email":"","url":"","countryIso2":"PW","countryName":"Palau","hotelRating":"3","latitude":"7.35371","longitude":"134.455","state_id":1715,"state_name":"Sardinia","country_id":107},{"active":false,"Giataid":"690143","cityId":89704,"cityName":"Koror","hotelId":20127103,"hotelName":"Cliffside","address":"P.O. Box 129,Koror 96940,Palau","phones":"+6804884590","fax":"+6804884593","email":"cliffside@palaunet.com","url":"https://www.cliffsidehotelpalau.com/","countryIso2":"PW","countryName":"Palau","hotelRating":"3","latitude":"7.34243","longitude":"134.476","state_id":4532,"state_name":"Koror","country_id":168},{"active":false,"Giataid":"723968","cityId":89704,"cityName":"Koror","hotelId":20127143,"hotelName":"Cove Resort Palau","address":"10186 Malakal Road,Koror 96940,Palau","phones":"+6804884333","fax":"+6804884355","email":"reservations@coveresortpalau.com","url":"http://www.covepalau.com","countryIso2":"PW","countryName":"Palau","hotelRating":"0","latitude":"7.34114","longitude":"134.477","state_id":4532,"state_name":"Koror","country_id":168},{"active":false,"Giataid":"724751","cityId":89704,"cityName":"Koror","hotelId":20127198,"hotelName":"Papago International Resort Palau","address":"PO Box 8026,Koror 96940,Palau","phones":"+6805876666","fax":"+6805876868","email":"papago@daylight.com.tw","url":"http://palau.papago-resort.com","countryIso2":"PW","countryName":"Palau","hotelRating":"0","latitude":"7.35617","longitude":"134.539","state_id":4532,"state_name":"Koror","country_id":168},{"active":false,"Giataid":"234596","cityId":89704,"cityName":"Koror","hotelId":20127227,"hotelName":"Tauchbasis - Fish'n Fins","address":"PO Box 964,Koror,Palau 96940,Palau","phones":"+6804882637","fax":"+6804885418","email":"infode@fishnfins.com","url":"http://www.fishnfins.com/","countryIso2":"PW","countryName":"Palau","hotelRating":"0","latitude":"7.33425","longitude":"134.457","state_id":4532,"state_name":"Koror","country_id":168},{"active":false,"Giataid":"690136","cityId":89704,"cityName":"Koror","hotelId":20127248,"hotelName":"The Barre","address":"PO Box 1493,Ngerbeched Hamlet,96940 Koror,Koror Island,Palau","phones":"+6807788916","fax":"","email":"info@thebarrepalau.com","url":"http://www.thebarrepalau.com/","countryIso2":"PW","countryName":"Palau","hotelRating":"0","latitude":"7.3414","longitude":"134.465","state_id":4532,"state_name":"Koror","country_id":168},{"active":false,"Giataid":"91431","cityId":58225,"cityName":"Palau","hotelId":20127294,"hotelName":"The Carolines Resort","address":"PO Box 1724,Koror 96940,Palau","phones":"+6804883754","fax":"+6804883756","email":"Carolines@Palaunet.com","url":"http://www.carolinesresort.com/","countryIso2":"PW","countryName":"Palau","hotelRating":"4","latitude":"7.34194","longitude":"134.479","state_id":1715,"state_name":"Sardinia","country_id":107},{"active":false,"Giataid":"725816","cityId":58225,"cityName":"Palau","hotelId":20127310,"hotelName":"Beluu Sea View Resort","address":"Meyungs,Koror,96940 Palau,Palau","phones":"","fax":"","email":"","url":"","countryIso2":"PW","countryName":"Palau","hotelRating":"0","latitude":"7.34882","longitude":"134.47","state_id":1715,"state_name":"Sardinia","country_id":107},{"active":false,"Giataid":"690143","cityId":89704,"cityName":"Koror","hotelId":20127356,"hotelName":"Cliffside Hotel Palau","address":"P.O. Box 129,Koror 96940,Palau","phones":"+6804884590","fax":"+6804884593","email":"cliffside@palaunet.com","url":"http://www.cliffsidehotelpalau.com/","countryIso2":"PW","countryName":"Palau","hotelRating":"0","latitude":"7.35071","longitude":"134.452","state_id":4532,"state_name":"Koror","country_id":168},{"active":false,"Giataid":"724722","cityId":89704,"cityName":"Koror","hotelId":20127376,"hotelName":"Palau Central Hotel","address":"1724 Main Street,Koror 96940,Palau,Palau","phones":"+6804884500","fax":"+6804884555","email":"info@palaucentral.com","url":"http://palaucentral.com","countryIso2":"PW","countryName":"Palau","hotelRating":"0","latitude":"7.3414","longitude":"134.465","state_id":4532,"state_name":"Koror","country_id":168},{"active":false,"Giataid":"671252","cityId":89704,"cityName":"Koror","hotelId":20127408,"hotelName":"G.A.U. Mechang Lagoon Resort Palau","address":"P O Box: 68,Koror 96940,Palau","phones":"+6804888525","fax":"","email":"gau.mechanglagoonresort@gmail.com","url":"http://www.mechanglagoon.com","countryIso2":"PW","countryName":"Palau","hotelRating":"2","latitude":"7.3359","longitude":"134.502","state_id":4532,"state_name":"Koror","country_id":168},{"active":false,"Giataid":"628076","cityId":89704,"cityName":"Koror","hotelId":20127436,"hotelName":"Palau Paradise Hotel","address":"Hanpa Building,96940 Koror,Palau","phones":"+6804888004","fax":"","email":"paradisepalau@gmail.com","url":"http://www.paradisepalau.com/","countryIso2":"PW","countryName":"Palau","hotelRating":"0","latitude":"7.34107","longitude":"134.477","state_id":4532,"state_name":"Koror","country_id":168},{"active":false,"Giataid":"392320","cityId":89704,"cityName":"Koror","hotelId":20127468,"hotelName":"Sea Passion Hotel","address":"Main Street,P.O.BOX 10068,Koror 96940,Malakal Island,Palau","phones":"+6804880066","fax":"+6804880077","email":"service@seapassionhotel.com","url":"http://www.seapassionhotel.com","countryIso2":"PW","countryName":"Palau","hotelRating":"3","latitude":"7.33921","longitude":"134.457","state_id":4532,"state_name":"Koror","country_id":168},{"active":false,"Giataid":"495399","cityId":89704,"cityName":"Koror","hotelId":20127504,"hotelName":"DW Motel","address":"Main Street,PO Box 738,Koror 96940,Palau","phones":"+6804882641","fax":"","email":"info@dwmotelpalau.com","url":"http://www.dwmotel-palau.com","countryIso2":"PW","countryName":"Palau","hotelRating":"2","latitude":"7.34208","longitude":"134.469","state_id":4532,"state_name":"Koror","country_id":168},{"active":false,"Giataid":"686691","cityId":58225,"cityName":"Palau","hotelId":20127531,"hotelName":"Blue Ocean View Hotel","address":"PO Box 6080,Koror,Palau 96940,Palau","phones":"","fax":"","email":"","url":"http://new-blueoceanviewhotel.com","countryIso2":"PW","countryName":"Palau","hotelRating":"0","latitude":"7.35082","longitude":"134.494","state_id":1715,"state_name":"Sardinia","country_id":107},{"active":false,"Giataid":"611836","cityId":89704,"cityName":"Koror","hotelId":20127562,"hotelName":"Antelope Guesthouse","address":"P.O. Box 1722,96940 Koror,Palau","phones":"+6804881059","fax":"+6804882077","email":"antelope.palau@yahoo.com","url":"http://www.antelope-palau.com/","countryIso2":"PW","countryName":"Palau","hotelRating":"2","latitude":"7.33386","longitude":"134.457","state_id":4532,"state_name":"Koror","country_id":168},{"active":false,"Giataid":"857397","cityId":89704,"cityName":"Koror","hotelId":20363468,"hotelName":"Lehns Hotel & Apartments","address":"653 Ngerbeched Road,Koror 96940,Palau","phones":"","fax":"","email":"","url":"","countryIso2":"PW","countryName":"Palau","hotelRating":"0","latitude":"7.33722","longitude":"134.474","state_id":4532,"state_name":"Koror","country_id":168},{"active":false,"Giataid":"857376","cityId":89704,"cityName":"Koror","hotelId":20363469,"hotelName":"Ocean Star Hotel","address":"Talambulang Building,Meketii,Koror 96940,Palau","phones":"","fax":"","email":"","url":"","countryIso2":"PW","countryName":"Palau","hotelRating":"0","latitude":"7.3414","longitude":"134.465","state_id":4532,"state_name":"Koror","country_id":168},{"active":false,"Giataid":"893523","cityId":89704,"cityName":"Koror","hotelId":20363470,"hotelName":"Six80 Hotel","address":"Meyuns Road,Koror 96940,Koror Island,Palau","phones":"","fax":"","email":"","url":"","countryIso2":"PW","countryName":"Palau","hotelRating":"0","latitude":"7.35446","longitude":"134.455","state_id":4532,"state_name":"Koror","country_id":168},{"active":false,"Giataid":"938610","cityId":89704,"cityName":"Koror","hotelId":20363471,"hotelName":"The Guest Lodge Palau","address":"P.O. Box 833,Koror,Palau","phones":"+6804886320","fax":"","email":"","url":"http://www.guestlodgepalau.com","countryIso2":"PW","countryName":"Palau","hotelRating":"0","latitude":"7.3414","longitude":"134.465","state_id":4532,"state_name":"Koror","country_id":168}]