[{"active":false,"Giataid":"138522","cityId":null,"cityName":"Babeldaob","hotelId":138522,"hotelName":"Airai View","address":"PO Box 8067,Koror,Palau 96940,Palau","phones":"+6805873530","fax":"+6805873533","email":"services@airaiwaterparadise.com","url":"http://www.airaiwaterparadise.com","countryIso2":"PW","countryName":"Palau","hotelRating":"4","latitude":"7.36131","longitude":"134.519","state_id":null,"state_name":null,"country_id":null},{"active":false,"Giataid":"143179","cityId":null,"cityName":"Carp Island","hotelId":143179,"hotelName":"Carp Island Resort","address":"","phones":"","fax":"","email":"","url":"","countryIso2":"PW","countryName":"Palau","hotelRating":"2","latitude":"0","longitude":"0","state_id":null,"state_name":null,"country_id":null},{"active":false,"Giataid":"143183","cityId":null,"cityName":"Malakal Island","hotelId":10056121,"hotelName":"West Plaza Hotel Malakal","address":"PO Box 280,96940 Malakal,Koror,Palau","phones":"+6804882133","fax":"","email":"","url":"","countryIso2":"PW","countryName":"Palau","hotelRating":"3","latitude":"7.33408","longitude":"134.456","state_id":null,"state_name":null,"country_id":null},{"active":false,"Giataid":"549158","cityId":null,"cityName":"Babeldaob","hotelId":10071542,"hotelName":"Ngellil Island Bungalows","address":"Airai Rock Islands,Ngellil Island,Babeldaob,96940 Palau,Palau","phones":"","fax":"","email":"","url":"","countryIso2":"PW","countryName":"Palau","hotelRating":"2","latitude":"7.32995","longitude":"134.545","state_id":null,"state_name":null,"country_id":null},{"active":false,"Giataid":"726129","cityId":null,"cityName":"Malakal Island","hotelId":20127593,"hotelName":"Palau Vacation Hotel","address":"Malakal,Koror,Malakal Island 96940,Palau","phones":"","fax":"","email":"","url":"","countryIso2":"PW","countryName":"Palau","hotelRating":"0","latitude":"7.34","longitude":"134.459","state_id":null,"state_name":null,"country_id":null}]