[{"active":false,"Giataid":"508499","cityId":null,"cityName":"Cape MacLear","hotelId":508499,"hotelName":"Annies Lodge Cape Maclear","address":"P.O. Box 297,Cape Maclear,Malawi","phones":"+265997364959","fax":"","email":"","url":"http://www.annieslodge.com/","countryIso2":"MW","countryName":"Malawi","hotelRating":"3","latitude":"-14.0167","longitude":"34.85","state_id":null,"state_name":null,"country_id":null},{"active":false,"Giataid":"528408","cityId":null,"cityName":"Cape MacLear","hotelId":528408,"hotelName":"Kayak Africa Domwe Island","address":"","phones":"","fax":"","email":"","url":"","countryIso2":"MW","countryName":"Malawi","hotelRating":"1","latitude":"-14.0167","longitude":"34.8497","state_id":null,"state_name":null,"country_id":null},{"active":false,"Giataid":"528423","cityId":null,"cityName":"Cape MacLear","hotelId":528423,"hotelName":"Gecko Lounge","address":"Cape Maclear Mainland,Malawi","phones":"+265999787322","fax":"","email":"geckolounge.bookings@gmail.com","url":"http://www.geckolounge.net/","countryIso2":"MW","countryName":"Malawi","hotelRating":"1","latitude":"-14.0166","longitude":"34.8497","state_id":null,"state_name":null,"country_id":null},{"active":false,"Giataid":"528447","cityId":null,"cityName":"Cape MacLear","hotelId":528447,"hotelName":"Mgoza Lodge","address":"Cape Maclear,Malawi","phones":"+265995632105","fax":"","email":"alan@mgozalodge.com","url":"http://www.mgozalodge.com/","countryIso2":"MW","countryName":"Malawi","hotelRating":"1","latitude":"-14.0167","longitude":"34.85","state_id":null,"state_name":null,"country_id":null},{"active":false,"Giataid":"798293","cityId":null,"cityName":"Liwonde National Park","hotelId":798293,"hotelName":"Sun Village Hotel","address":"Off Zomba Mangochi,Liwonde,Malawi","phones":"","fax":"","email":"","url":"","countryIso2":"MW","countryName":"Malawi","hotelRating":"1","latitude":"-14.8507","longitude":"35.2947","state_id":null,"state_name":null,"country_id":null},{"active":false,"Giataid":"798298","cityId":null,"cityName":"Liwonde National Park","hotelId":798298,"hotelName":"Zest Garden Lodge","address":"M3 Road,Liwonde,Malawi","phones":"","fax":"","email":"","url":"","countryIso2":"MW","countryName":"Malawi","hotelRating":"1","latitude":"-14.8507","longitude":"35.2947","state_id":null,"state_name":null,"country_id":null},{"active":false,"Giataid":"798911","cityId":null,"cityName":"Liwonde National Park","hotelId":798911,"hotelName":"Mpaweni Motel","address":"Mangochi Road,Liwonde,Mpinganjila,Malawi","phones":"","fax":"","email":"","url":"","countryIso2":"MW","countryName":"Malawi","hotelRating":"1","latitude":"-14.8507","longitude":"35.2947","state_id":null,"state_name":null,"country_id":null},{"active":false,"Giataid":"806935","cityId":null,"cityName":"Cape MacLear","hotelId":806935,"hotelName":"The Funky Cichlid","address":"West Side Of Cape Maclear Beach,Cape Maclear,Lake Malawi National Park,Malawi","phones":"+265999969076","fax":"","email":"thefunkycichlid@malawianstyle.com","url":"https://www.thefunkycichlid.com","countryIso2":"MW","countryName":"Malawi","hotelRating":"1","latitude":"-14.0167","longitude":"34.8497","state_id":null,"state_name":null,"country_id":null},{"active":false,"Giataid":"835784","cityId":null,"cityName":"Liwonde National Park","hotelId":835784,"hotelName":"Gunde B and B","address":"Zomba Road,Liwonde,Malawi","phones":"","fax":"","email":"","url":"","countryIso2":"MW","countryName":"Malawi","hotelRating":"1","latitude":"-14.8507","longitude":"35.2947","state_id":null,"state_name":null,"country_id":null},{"active":false,"Giataid":"407859","cityId":null,"cityName":"Lake Malawi National Park","hotelId":10059339,"hotelName":"Blue Zebra Island Lodge","address":"Lake Malawi National Park,Malawi","phones":"+265992244244","fax":"","email":"","url":"","countryIso2":"MW","countryName":"Malawi","hotelRating":"4","latitude":"-13.8861","longitude":"34.6085","state_id":null,"state_name":null,"country_id":null},{"active":false,"Giataid":"532932","cityId":null,"cityName":"Chigumula","hotelId":10072646,"hotelName":"Game Haven Lodge","address":"Chimwenya Game Park,Bvumbwe,Chigumula,Southern Region,Malawi","phones":"+265999971286","fax":"","email":"","url":"","countryIso2":"MW","countryName":"Malawi","hotelRating":"4","latitude":"-15.9262","longitude":"35.056","state_id":null,"state_name":null,"country_id":null},{"active":false,"Giataid":"363867","cityId":null,"cityName":"Majete Wildlife Reserve","hotelId":20000337,"hotelName":"Mkulumadzi Lodge","address":"Majete Wildlife Reserve,Malawi","phones":"+2651794491","fax":"","email":"info@robinpopesafaris.net","url":"http://www.robinpopesafaris.net/camps/mkulumadzi.php","countryIso2":"MW","countryName":"Malawi","hotelRating":"4","latitude":"-15.8178","longitude":"34.7333","state_id":null,"state_name":null,"country_id":null},{"active":false,"Giataid":"229870","cityId":null,"cityName":"Majete Wildlife Reserve","hotelId":20000362,"hotelName":"Thawale Bush Camp","address":"Majete Game Reserve,Malawi","phones":"+265999521741","fax":"+265999521741","email":"info@africanparksmw.com","url":"http://www.ulendo-collection.com/malawi/thawale_camp.php","countryIso2":"MW","countryName":"Malawi","hotelRating":"0","latitude":"-15.9114","longitude":"34.7325","state_id":null,"state_name":null,"country_id":null},{"active":false,"Giataid":"229869","cityId":null,"cityName":"Lake Malawi","hotelId":20000723,"hotelName":"Safari Beach Lodge","address":"Senga Bay Forest Reserve,Salima,Lake Malawi,Malawi","phones":"+2651263143","fax":"","email":"info@safaribeachlodge.net","url":"http://www.safaribeachlodge.net/en/contact.html","countryIso2":"MW","countryName":"Malawi","hotelRating":"0","latitude":"-13.7067","longitude":"34.6104","state_id":null,"state_name":null,"country_id":null},{"active":false,"Giataid":"97237","cityId":null,"cityName":"Liwonde National Park","hotelId":20001536,"hotelName":"Mvuu Lodge","address":"Liwonde National Park,Malawi","phones":"","fax":"","email":"","url":"","countryIso2":"MW","countryName":"Malawi","hotelRating":"4","latitude":"-14.8511","longitude":"35.2952","state_id":null,"state_name":null,"country_id":null},{"active":false,"Giataid":"136019","cityId":null,"cityName":"Mumbo Island","hotelId":20001729,"hotelName":"Mumbo Island Camp","address":"Lake Malawi National Park,Mumbo Island,Malawi","phones":"+26527217831955","fax":"","email":"letsgo@kayakafrica.co.za","url":"http://cawsmw.com/index.php/lodges/mumbo-island-camp/","countryIso2":"MW","countryName":"Malawi","hotelRating":"3","latitude":"-13.9898","longitude":"34.7561","state_id":null,"state_name":null,"country_id":null},{"active":false,"Giataid":"90612","cityId":null,"cityName":"Chintheche","hotelId":20002707,"hotelName":"Makuzi Beach Lodge","address":"Private Bag 12,Chintheche,Lake Malawi,Malawi","phones":"+265999283980","fax":"","email":"info@makuzibeachlodge.com","url":"http://www.makuzibeachlodge.com/","countryIso2":"MW","countryName":"Malawi","hotelRating":"3","latitude":"-11.9182","longitude":"34.1781","state_id":null,"state_name":null,"country_id":null},{"active":false,"Giataid":"229858","cityId":null,"cityName":"Nyika National Park","hotelId":20003734,"hotelName":"Chelinda Camp","address":"Nyikia Plateau,Nyika National Park,Malawi","phones":"","fax":"","email":"","url":"http://www.wilderness-safaris.com/malawi_nyika_plateau/chelinda_camp/","countryIso2":"MW","countryName":"Malawi","hotelRating":"0","latitude":"-10.5721","longitude":"33.7035","state_id":null,"state_name":null,"country_id":null},{"active":false,"Giataid":"229867","cityId":null,"cityName":"Lake Malawi National Park","hotelId":20004506,"hotelName":"Pumulani Lodge","address":"Cape Maclear,Lake Malawi,Lake Malawi Nationalpark,Malawi","phones":"+2651770540","fax":"","email":"info@pumulani.com","url":"http://www.pumulani.com/de/index.php","countryIso2":"MW","countryName":"Malawi","hotelRating":"4","latitude":"-14.1032","longitude":"34.8611","state_id":null,"state_name":null,"country_id":null},{"active":false,"Giataid":"298825","cityId":null,"cityName":"Liwonde National Park","hotelId":20004657,"hotelName":"Mvuu Camp","address":"Liwonde National Park,Malawi","phones":"","fax":"","email":"","url":"","countryIso2":"MW","countryName":"Malawi","hotelRating":"0","latitude":"-14.8503","longitude":"35.2941","state_id":null,"state_name":null,"country_id":null},{"active":false,"Giataid":"110531","cityId":null,"cityName":"Lake Malawi","hotelId":20005748,"hotelName":"Danforth Lodge","address":"P.O. Box 2319,Lilongwe,Lake Malawi,Malawi","phones":"+265999960077","fax":"","email":"info@danforthyachting.com","url":"http://www.danforthyachting.com/lodge.html","countryIso2":"MW","countryName":"Malawi","hotelRating":"3","latitude":"-14.0318","longitude":"34.8285","state_id":null,"state_name":null,"country_id":null},{"active":false,"Giataid":"298824","cityId":null,"cityName":"Nyika National Park","hotelId":20006906,"hotelName":"Chelinda Lodge","address":"Nyika Nationalpark,Malawi","phones":"+2651771393","fax":"+2651771397","email":"info@wilderness.mw","url":"http://www.wilderness-safaris.com/malawi_nyika_plateau/chelinda_lodge/introduction/","countryIso2":"MW","countryName":"Malawi","hotelRating":"3","latitude":"-10.5921","longitude":"33.8153","state_id":null,"state_name":null,"country_id":null},{"active":false,"Giataid":"893467","cityId":null,"cityName":"Liwonde National Park","hotelId":20351887,"hotelName":"Kuthengo Camp","address":"Liwonde National Park,Malawi","phones":"","fax":"","email":"","url":"http://www.robinpopesafaris.net/de/camps/kuthengo-camp.php","countryIso2":"MW","countryName":"Malawi","hotelRating":"4","latitude":"-14.9578","longitude":"35.2387","state_id":null,"state_name":null,"country_id":null},{"active":false,"Giataid":"508496","cityId":null,"cityName":"Chigumula","hotelId":20351889,"hotelName":"Palm Valley Lodge","address":"PO Box 22,Lot 3 Ndokota Estate,Chigumula,Blantyre,Malawi","phones":"+265997359950","fax":"","email":"info@palmvalleylodge.com","url":"http://palmvalleylodge.com/","countryIso2":"MW","countryName":"Malawi","hotelRating":"3","latitude":"-15.9017","longitude":"35.0729","state_id":null,"state_name":null,"country_id":null},{"active":false,"Giataid":"879004","cityId":null,"cityName":"Lake Malawi","hotelId":20351890,"hotelName":"Mukhala Beach Lodge","address":"Post Office Kande Mwaya,Nkhata Bay,Malawi,Malawi","phones":"+265999075599","fax":"","email":"info@mukhalabeach.com","url":"http://www.mukhalabeach.com","countryIso2":"MW","countryName":"Malawi","hotelRating":"0","latitude":"-13.8692","longitude":"34.7194","state_id":null,"state_name":null,"country_id":null},{"active":false,"Giataid":"911205","cityId":null,"cityName":"Liwonde National Park","hotelId":20351903,"hotelName":"Concept Lodge","address":"Mawila Road,Liwonde,Malawi","phones":"","fax":"","email":"","url":"","countryIso2":"MW","countryName":"Malawi","hotelRating":"0","latitude":"-14.9578","longitude":"35.2387","state_id":null,"state_name":null,"country_id":null},{"active":false,"Giataid":"893532","cityId":null,"cityName":"Chintheche","hotelId":20351907,"hotelName":"Kande Beach Resort","address":"Nkhata Bay,PO Box 22,Chintheche,Malawi","phones":"+265888263500","fax":"","email":"info@kandebeach.com","url":"http://www.kandebeach.com/","countryIso2":"MW","countryName":"Malawi","hotelRating":"0","latitude":"-11.9","longitude":"34.1735","state_id":null,"state_name":null,"country_id":null},{"active":false,"Giataid":"911218","cityId":null,"cityName":"Liwonde National Park","hotelId":20351909,"hotelName":"Liwonde Park Motel","address":"Off Liwonde National Park Road,Liwonde,Malawi","phones":"","fax":"","email":"","url":"","countryIso2":"MW","countryName":"Malawi","hotelRating":"0","latitude":"-14.9578","longitude":"35.2387","state_id":null,"state_name":null,"country_id":null}]