[{"active":false,"Giataid":"372296","cityId":null,"cityName":"Balti","hotelId":372296,"hotelName":"Lido Hotel","address":"Strada Decebal 139,3107 Balti,Moldova","phones":"+37323178405","fax":"","email":"","url":"","countryIso2":"MD","countryName":"Moldova","hotelRating":"4","latitude":"47.7823","longitude":"27.889","state_id":null,"state_name":null,"country_id":null},{"active":false,"Giataid":"424368","cityId":null,"cityName":"Butuceni","hotelId":424368,"hotelName":"Agropensiunea Butuceni","address":"District Orhei,Historical-cultural complex Orheiul Vechi,Village Butuceni,Moldova","phones":"+37323556906","fax":"","email":"info@pensiuneabutuceni.md","url":"http://www.pensiuneabutuceni.md/en","countryIso2":"MD","countryName":"Moldova","hotelRating":"3","latitude":"47.5382","longitude":"29.0278","state_id":null,"state_name":null,"country_id":null},{"active":false,"Giataid":"472545","cityId":null,"cityName":"Edinet","hotelId":472545,"hotelName":"Florentina Hotel","address":"Strada Independentii 228,MD-4601 Edinet,Moldavien,Moldova","phones":"+37324684125","fax":"","email":"hoteledinet@mail.ru","url":"http://www.florentinahotel.md","countryIso2":"MD","countryName":"Moldova","hotelRating":"4","latitude":"48.1726","longitude":"27.3006","state_id":null,"state_name":null,"country_id":null},{"active":false,"Giataid":"476912","cityId":null,"cityName":"Scoreni","hotelId":476912,"hotelName":"Hotel Stejaris","address":"Soseaua Balcani 26 km,Raion Straseni,3730 Scoreni Chisinau,Moldova","phones":"+37326831705","fax":"+37326831704","email":"hotelstejaris@gmail.com","url":"http://www.stejaris.md","countryIso2":"MD","countryName":"Moldova","hotelRating":"3","latitude":"47.0275","longitude":"28.608","state_id":null,"state_name":null,"country_id":null},{"active":false,"Giataid":"622736","cityId":null,"cityName":"Edinet","hotelId":622736,"hotelName":"Vila Bomond","address":"Independentei 37a,4601 Edinet,Moldova","phones":"","fax":"","email":"","url":"","countryIso2":"MD","countryName":"Moldova","hotelRating":"3","latitude":"48.1709","longitude":"27.3032","state_id":null,"state_name":null,"country_id":null},{"active":false,"Giataid":"752265","cityId":null,"cityName":"Balti","hotelId":752265,"hotelName":"Vispas Balti","address":"Stefan Cel Mare 1 A,3100 Balti,Moldova,Moldova","phones":"","fax":"","email":"","url":"","countryIso2":"MD","countryName":"Moldova","hotelRating":"1","latitude":"47.7687","longitude":"27.9433","state_id":null,"state_name":null,"country_id":null},{"active":false,"Giataid":"806940","cityId":null,"cityName":"Edinet","hotelId":806940,"hotelName":"La Paris Bastilia","address":"Traseu Brest-Chisinau-Odessa km 654,4634 Edinet,Moldova","phones":"","fax":"","email":"","url":"","countryIso2":"MD","countryName":"Moldova","hotelRating":"1","latitude":"48.1709","longitude":"27.3032","state_id":null,"state_name":null,"country_id":null},{"active":false,"Giataid":"622752","cityId":null,"cityName":"Balti","hotelId":20007068,"hotelName":"Elite Hotel","address":"Khotin Street 17,3121 Balti,Moldova","phones":"","fax":"","email":"moldova@me.com","url":"http://www.elitehotel.md/","countryIso2":"MD","countryName":"Moldova","hotelRating":"0","latitude":"47.7584","longitude":"27.9226","state_id":null,"state_name":null,"country_id":null},{"active":false,"Giataid":"467103","cityId":null,"cityName":"Purcari","hotelId":20010345,"hotelName":"Purcari","address":"4229 Purcari,Stefan-Voda,Moldova","phones":"+37322856022","fax":"","email":"purcari@purcari.md","url":"http://purcari.md/acasa/","countryIso2":"MD","countryName":"Moldova","hotelRating":"4","latitude":"46.5295","longitude":"29.8719","state_id":null,"state_name":null,"country_id":null},{"active":false,"Giataid":"870221","cityId":null,"cityName":"Butuceni","hotelId":20350243,"hotelName":"Resedinta Rotundu","address":"Butuceni Main Road,3503 Butuceni,Moldova","phones":"","fax":"","email":"","url":"","countryIso2":"MD","countryName":"Moldova","hotelRating":"0","latitude":"47.2987","longitude":"28.9806","state_id":null,"state_name":null,"country_id":null},{"active":false,"Giataid":"942583","cityId":null,"cityName":"Balti","hotelId":20350245,"hotelName":"Consul Hotel","address":"Mircea Cel Batrin 81,3100 Balti,Moldova","phones":"","fax":"","email":"","url":"","countryIso2":"MD","countryName":"Moldova","hotelRating":"0","latitude":"47.7523","longitude":"27.9354","state_id":null,"state_name":null,"country_id":null},{"active":false,"Giataid":"970392","cityId":null,"cityName":"Balti","hotelId":20412870,"hotelName":"Astoria Boutique Hotel","address":"Strada Nicolae Lorga 26,3100 Balti,Moldova","phones":"","fax":"","email":"","url":"","countryIso2":"MD","countryName":"Moldova","hotelRating":"1","latitude":"47.7635","longitude":"27.929","state_id":null,"state_name":null,"country_id":null}]