[{"active":false,"Giataid":"976987","cityId":52464,"cityName":"Andros","hotelId":20390659,"hotelName":"Adderley's Motel","address":"Fresh Creek,Andros Town,Bahamas","phones":"","fax":"","email":"","url":"","countryIso2":"BS","countryName":"Bahamas","hotelRating":"1","latitude":"24.4946","longitude":"-77.7219","state_id":2118,"state_name":"South Aegean","country_id":85},{"active":false,"Giataid":"956905","cityId":52464,"cityName":"Andros","hotelId":20390660,"hotelName":"Paradise Beach Andros","address":"Queens Highway,Kemps Bay,Smith's Hill,Andros,Bahamas","phones":"","fax":"","email":"","url":"http://paradisebeach-andros.com/","countryIso2":"BS","countryName":"Bahamas","hotelRating":"1","latitude":"24.4946","longitude":"-77.7219","state_id":2118,"state_name":"South Aegean","country_id":85}]