[{"active":false,"Giataid":"51370","cityId":null,"cityName":"Vilankulo","hotelId":51370,"hotelName":"Dugong Beach Lodge","address":"Vilanculos Coastal & Wildlife Sanctuary,District Vilanculos,Inhambane,Mozambique","phones":"+25827120000595","fax":"","email":"","url":"","countryIso2":"MZ","countryName":"Mozambique","hotelRating":"4","latitude":"-22.1323","longitude":"35.4431","state_id":null,"state_name":null,"country_id":null},{"active":false,"Giataid":"51371","cityId":76608,"cityName":"Maputo","hotelId":51371,"hotelName":"Southern Sun Maputo","address":"Avenida de Marginal,P.O. BOX 4354,Maputo,Mozambique","phones":"+25821495050","fax":"+25821497700","email":"maputo@southernsun.com","url":"http://www.southernsun.com/hotels/maputo/pages/overview.aspx","countryIso2":"MZ","countryName":"Mozambique","hotelRating":"4","latitude":"-25.9593","longitude":"32.6053","state_id":3335,"state_name":"Maputo","country_id":150},{"active":false,"Giataid":"51372","cityId":null,"cityName":"Benguerra Island","hotelId":51372,"hotelName":"Marlin Lodge","address":"Benguerra Island,Mozambique","phones":"+25827128093594","fax":"+25827128093596","email":"marlinlodge@vodamail.co.mz","url":"http://www.marlinlodge.co.za/","countryIso2":"MZ","countryName":"Mozambique","hotelRating":"4","latitude":"-21.8925","longitude":"35.4234","state_id":null,"state_name":null,"country_id":null},{"active":false,"Giataid":"51374","cityId":null,"cityName":"Bazaruto Island","hotelId":51374,"hotelName":"Anantara Bazaruto Island Resort & Spa","address":"Ilha do Bazaruto,Inhassoro,Bazaruto Archipelago,Inhambane,Mozambique","phones":"+258843046670","fax":"+25821301625","email":"enquiries@raniresorts.com","url":"http://www.indigobayresort.com","countryIso2":"MZ","countryName":"Mozambique","hotelRating":"4","latitude":"-21.7068","longitude":"35.4469","state_id":null,"state_name":null,"country_id":null},{"active":false,"Giataid":"51375","cityId":76621,"cityName":"Pemba","hotelId":51375,"hotelName":"Avani Pemba Beach Hotel & Spa","address":"Avenida da Marginal 5470,Pemba,Cabo Delgado,Mozambique","phones":"+25827221770","fax":"","email":"","url":"http://www.pembabeachresort.com/","countryIso2":"MZ","countryName":"Mozambique","hotelRating":"4","latitude":"-12.9638","longitude":"40.5298","state_id":3327,"state_name":"Cabo Delgado Province","country_id":150},{"active":false,"Giataid":"184004","cityId":null,"cityName":"Tofo","hotelId":184004,"hotelName":"Mundos Lodge","address":"","phones":"","fax":"","email":"","url":"","countryIso2":"MZ","countryName":"Mozambique","hotelRating":"1","latitude":"-23.8526","longitude":"35.5453","state_id":null,"state_name":null,"country_id":null},{"active":false,"Giataid":"184005","cityId":null,"cityName":"Zavora","hotelId":184005,"hotelName":"Zavora Lodge","address":"Lagoa Poelela Road,1311 Z?vora,Mozambique","phones":"+25827137500431","fax":"+25827137513535","email":"zavoralodge@mweb.co.za","url":"http://www.zavoralodge.com/","countryIso2":"MZ","countryName":"Mozambique","hotelRating":"2","latitude":"-24.5164","longitude":"35.2002","state_id":null,"state_name":null,"country_id":null},{"active":false,"Giataid":"201606","cityId":76590,"cityName":"Beira","hotelId":201606,"hotelName":"Tivoli Beira","address":"Av. Bagamoio 363,363 Beira,Mozambique","phones":"+25823320300","fax":"+25823320300","email":"h.tivoli-beira@teledata.mz","url":"http://www.tdhotels.pt/default.aspx?lang=ing&amp;idHotel=494&amp;hotel=Hotel-Tivoli-Beira","countryIso2":"MZ","countryName":"Mozambique","hotelRating":"3","latitude":"-19.8304","longitude":"34.8379","state_id":3331,"state_name":"Sofala Province","country_id":150},{"active":false,"Giataid":"201991","cityId":76621,"cityName":"Pemba","hotelId":201991,"hotelName":"Londo Lodge","address":"Pemba,Quirimbas,Mozambique","phones":"+25827229034","fax":"","email":"info@londolodge.com","url":"http://www.londolodge.com/","countryIso2":"MZ","countryName":"Mozambique","hotelRating":"4","latitude":"-12.9132","longitude":"40.5011","state_id":3327,"state_name":"Cabo Delgado Province","country_id":150},{"active":false,"Giataid":"234610","cityId":76601,"cityName":"Inhambane","hotelId":234610,"hotelName":"Casa Do Capitao","address":"Avenida de Maguiguana,Inhambane,Mozambique","phones":"","fax":"","email":"","url":"","countryIso2":"MZ","countryName":"Mozambique","hotelRating":"4","latitude":"-23.8622","longitude":"35.3786","state_id":3330,"state_name":"Inhambane Province","country_id":150},{"active":false,"Giataid":"234975","cityId":76601,"cityName":"Inhambane","hotelId":234975,"hotelName":"Barra Beach Club","address":"Avenida Josina Machel,Praia Da Barra,Inhambane,Miramar,Mozambique","phones":"+25829356237","fax":"+25829321413","email":"reservations@hotelcasadocapitao.com","url":"http://www.signaturehotels.co.za/hotels-accommodation/signature-hotels/mozambique/barra-beach-club","countryIso2":"MZ","countryName":"Mozambique","hotelRating":"4","latitude":"-23.7895","longitude":"35.5084","state_id":3330,"state_name":"Inhambane Province","country_id":150},{"active":false,"Giataid":"235328","cityId":76608,"cityName":"Maputo","hotelId":235328,"hotelName":"Radisson Blu Maputo","address":"Avenida Marginal 141,Zona 8/1,1100 Maputo,Mozambique","phones":"+25821242400","fax":"+25821328499","email":"info.maputo@radissonblu.com","url":"http://www.radissonblu.com/hotel-maputo","countryIso2":"MZ","countryName":"Mozambique","hotelRating":"5","latitude":"-25.9569","longitude":"32.6069","state_id":3335,"state_name":"Maputo","country_id":150},{"active":false,"Giataid":"359758","cityId":null,"cityName":"Tofo","hotelId":359758,"hotelName":"Blue Footprints Eco Lodge & Dive Centre","address":"Praia Da Barra,Conguiana,Inhambane City,Inhambane Province,Mozambique","phones":"+258848900507","fax":"","email":"info@bluefootprints.com","url":"http://www.bluefootprints.com/","countryIso2":"MZ","countryName":"Mozambique","hotelRating":"4","latitude":"-23.7925","longitude":"35.5179","state_id":null,"state_name":null,"country_id":null},{"active":false,"Giataid":"365583","cityId":null,"cityName":"Inhassoro","hotelId":365583,"hotelName":"Rio Azul Lodge","address":"On the Banks of the Guvoru River�s Estuary,Inhassoro,Vilanculos,Mozambique","phones":"+25827115309550","fax":"+25827115309551","email":"info@rioazul-lodge.com","url":"http://www.rioazul-lodge.com","countryIso2":"MZ","countryName":"Mozambique","hotelRating":"4","latitude":"-21.2823","longitude":"35.1074","state_id":null,"state_name":null,"country_id":null},{"active":false,"Giataid":"392292","cityId":null,"cityName":"Tofo","hotelId":392292,"hotelName":"Paradise Dunes","address":"NULL","phones":"+25827716724559","fax":"+25827867330100","email":"info@paradisedunes.co.za","url":"http://www.paradisedunes.co.za/","countryIso2":"MZ","countryName":"Mozambique","hotelRating":"1","latitude":"-23.8565","longitude":"35.5492","state_id":null,"state_name":null,"country_id":null},{"active":false,"Giataid":"427338","cityId":null,"cityName":"Chidenguele","hotelId":427338,"hotelName":"Naara Eco-Lodge & Spa","address":"Nhamdime Community,1200 Chidenguele,Mozambique","phones":"+258843212209","fax":"","email":"","url":"","countryIso2":"MZ","countryName":"Mozambique","hotelRating":"3","latitude":"-24.9236","longitude":"34.2379","state_id":null,"state_name":null,"country_id":null},{"active":false,"Giataid":"427339","cityId":null,"cityName":"Vilankulo","hotelId":427339,"hotelName":"Pescador Hotel","address":"","phones":"","fax":"","email":"","url":"","countryIso2":"MZ","countryName":"Mozambique","hotelRating":"1","latitude":"-21.9846","longitude":"35.3184","state_id":null,"state_name":null,"country_id":null},{"active":false,"Giataid":"431477","cityId":null,"cityName":"Tofo","hotelId":431477,"hotelName":"Corasiida Guest House","address":"NULL","phones":"+258842033024","fax":"","email":"info@corasiida.com","url":"http://corasiida.com","countryIso2":"MZ","countryName":"Mozambique","hotelRating":"1","latitude":"-23.8484","longitude":"35.5417","state_id":null,"state_name":null,"country_id":null},{"active":false,"Giataid":"475481","cityId":76590,"cityName":"Beira","hotelId":475481,"hotelName":"Hotel Residencial Uzeir","address":"","phones":"","fax":"","email":"","url":"","countryIso2":"MZ","countryName":"Mozambique","hotelRating":"1","latitude":"-19.8294","longitude":"34.8379","state_id":3331,"state_name":"Sofala Province","country_id":150},{"active":false,"Giataid":"502754","cityId":76608,"cityName":"Maputo","hotelId":502754,"hotelName":"Delagoa Bay Residence Inn","address":"","phones":"","fax":"","email":"","url":"","countryIso2":"MZ","countryName":"Mozambique","hotelRating":"1","latitude":"-25.9647","longitude":"32.5852","state_id":3335,"state_name":"Maputo","country_id":150},{"active":false,"Giataid":"526906","cityId":76608,"cityName":"Maputo","hotelId":526906,"hotelName":"Mozaika Guesthouse","address":"","phones":"","fax":"","email":"","url":"","countryIso2":"MZ","countryName":"Mozambique","hotelRating":"1","latitude":"-25.8994","longitude":"32.6045","state_id":3335,"state_name":"Maputo","country_id":150},{"active":false,"Giataid":"526939","cityId":76601,"cityName":"Inhambane","hotelId":526939,"hotelName":"Lighthouse Reef Resort","address":"NULL","phones":"+25829356310","fax":"+25829356355","email":"paindane.sa@mweb.co.za","url":"http://www.lighthousereef.co.za","countryIso2":"MZ","countryName":"Mozambique","hotelRating":"1","latitude":"-23.888","longitude":"35.396","state_id":3330,"state_name":"Inhambane Province","country_id":150},{"active":false,"Giataid":"655032","cityId":76608,"cityName":"Maputo","hotelId":655032,"hotelName":"Anvil Bay","address":"","phones":"","fax":"","email":"","url":"","countryIso2":"MZ","countryName":"Mozambique","hotelRating":"4","latitude":"-25.9647","longitude":"32.5852","state_id":3335,"state_name":"Maputo","country_id":150},{"active":false,"Giataid":"671663","cityId":76608,"cityName":"Maputo","hotelId":671663,"hotelName":"Hotel Atlantis 2","address":"Avenida Paulo Samuel Kankhomba 789,1101 Maputo,Mozambique","phones":"","fax":"","email":"","url":"","countryIso2":"MZ","countryName":"Mozambique","hotelRating":"3","latitude":"-25.964","longitude":"32.587","state_id":3335,"state_name":"Maputo","country_id":150},{"active":false,"Giataid":"682725","cityId":null,"cityName":"Vilankulo","hotelId":682725,"hotelName":"Casa Oceano","address":"NULL","phones":"","fax":"","email":"","url":"","countryIso2":"MZ","countryName":"Mozambique","hotelRating":"1","latitude":"-21.9846","longitude":"35.3184","state_id":null,"state_name":null,"country_id":null},{"active":false,"Giataid":"723987","cityId":null,"cityName":"Tofo","hotelId":723987,"hotelName":"Lobster Chalets","address":"","phones":"","fax":"","email":"","url":"","countryIso2":"MZ","countryName":"Mozambique","hotelRating":"1","latitude":"-23.8526","longitude":"35.5453","state_id":null,"state_name":null,"country_id":null},{"active":false,"Giataid":"64777","cityId":null,"cityName":"Vilankulo","hotelId":727435,"hotelName":"Vilanculos Beach Lodge","address":"Bairro 19 De Outubro,Vilankulos,Mozambique","phones":"+258844008484","fax":"","email":"info@vilanculosbeachlodge.com","url":"http://vilanculosbeachlodge.com","countryIso2":"MZ","countryName":"Mozambique","hotelRating":"1","latitude":"-21.9656","longitude":"35.3115","state_id":null,"state_name":null,"country_id":null},{"active":false,"Giataid":"728117","cityId":76608,"cityName":"Maputo","hotelId":728117,"hotelName":"Hotel Santa Cruz","address":"Avenida 24 de Julho 1417,Maputo,Mozambique","phones":"","fax":"","email":"","url":"","countryIso2":"MZ","countryName":"Mozambique","hotelRating":"1","latitude":"-25.9647","longitude":"32.5852","state_id":3335,"state_name":"Maputo","country_id":150},{"active":false,"Giataid":"729437","cityId":null,"cityName":"Ponta do Ouro","hotelId":729437,"hotelName":"Dream Beach Lodge","address":"Ponta Malongane Road,Ponta Do Oura,Mozambique","phones":"+258824697754","fax":"","email":"","url":"","countryIso2":"MZ","countryName":"Mozambique","hotelRating":"1","latitude":"-26.813","longitude":"32.8868","state_id":null,"state_name":null,"country_id":null},{"active":false,"Giataid":"729512","cityId":null,"cityName":"Vilankulo","hotelId":729512,"hotelName":"Dolphin Dhow Safaris","address":"330 Bairro Central Rua Do Marginal,1100 Vilanculos,Mozambique","phones":"","fax":"","email":"","url":"","countryIso2":"MZ","countryName":"Mozambique","hotelRating":"1","latitude":"-22.0029","longitude":"35.3235","state_id":null,"state_name":null,"country_id":null},{"active":false,"Giataid":"730104","cityId":76619,"cityName":"Nampula","hotelId":730104,"hotelName":"Hotel Paraiso","address":"Rua Das Fplm,Mauhivire Expansao,3100 Nampula,Mozambique","phones":"","fax":"","email":"","url":"","countryIso2":"MZ","countryName":"Mozambique","hotelRating":"1","latitude":"-15.1181","longitude":"39.2618","state_id":3336,"state_name":"Nampula Province","country_id":150},{"active":false,"Giataid":"732176","cityId":null,"cityName":"Bilene","hotelId":732176,"hotelName":"Summer Place","address":"1234 Praia do Bilene,Gaza,Mozambique","phones":"","fax":"","email":"","url":"","countryIso2":"MZ","countryName":"Mozambique","hotelRating":"1","latitude":"-25.2786","longitude":"33.2578","state_id":null,"state_name":null,"country_id":null},{"active":false,"Giataid":"733000","cityId":76608,"cityName":"Maputo","hotelId":733000,"hotelName":"Blu Sky Hotel","address":"Avenida Filipe Samuel Magaia 444/50,1100 Maputo,Mozambique","phones":"","fax":"","email":"","url":"","countryIso2":"MZ","countryName":"Mozambique","hotelRating":"1","latitude":"-25.9647","longitude":"32.5852","state_id":3335,"state_name":"Maputo","country_id":150},{"active":false,"Giataid":"733433","cityId":76601,"cityName":"Inhambane","hotelId":733433,"hotelName":"Sentidos Beach Retreat","address":"Praia da Barra,Bairro Conguiana,1300 Inhambane,Mozambique","phones":"+258843227272","fax":"","email":"info@sentidosbeachretreat.com","url":"http://www.sentidosbeachretreat.com","countryIso2":"MZ","countryName":"Mozambique","hotelRating":"4","latitude":"-23.7936","longitude":"35.524","state_id":3330,"state_name":"Inhambane Province","country_id":150},{"active":false,"Giataid":"733795","cityId":76608,"cityName":"Maputo","hotelId":733795,"hotelName":"Liv Inn Guest House","address":"Rua Engenheiro Santos Resenoe 1778,Dona Alice,CostaDo Sol,Maputo,Mozambique","phones":"+258845559000","fax":"","email":"info@liv-inn.com","url":"http://www.liv-inn.com","countryIso2":"MZ","countryName":"Mozambique","hotelRating":"1","latitude":"-25.9062","longitude":"32.634","state_id":3335,"state_name":"Maputo","country_id":150},{"active":false,"Giataid":"734531","cityId":null,"cityName":"Vilankulo","hotelId":734531,"hotelName":"The Beach Village","address":"Rua Do Palacio,Bairo Desi,Vilanculo,Mozambique","phones":"+258847206223","fax":"","email":"info@beachvillagemoz.com","url":"http://www.beachvillagemoz.com","countryIso2":"MZ","countryName":"Mozambique","hotelRating":"1","latitude":"-21.9846","longitude":"35.3184","state_id":null,"state_name":null,"country_id":null},{"active":false,"Giataid":"734645","cityId":null,"cityName":"Bilene","hotelId":734645,"hotelName":"Just in Time Prime Mozambique Holiday Resort","address":"Nhabanga Village,Praia do Bilene,Mozambique","phones":"+258824517890","fax":"","email":"belinda@just-in-time.co.za","url":"http://www.just-in-time.co.za/","countryIso2":"MZ","countryName":"Mozambique","hotelRating":"1","latitude":"-25.2786","longitude":"33.2578","state_id":null,"state_name":null,"country_id":null},{"active":false,"Giataid":"746548","cityId":null,"cityName":"Island of Mozambique","hotelId":746548,"hotelName":"Jardim dos Aloes","address":"Travessa da S?,Bairro Museu,3105 Ihla do Mocambique,Mozambique","phones":"","fax":"","email":"","url":"","countryIso2":"MZ","countryName":"Mozambique","hotelRating":"1","latitude":"-15.033","longitude":"40.7359","state_id":null,"state_name":null,"country_id":null},{"active":false,"Giataid":"750874","cityId":76608,"cityName":"Maputo","hotelId":750874,"hotelName":"Malagueta Inn","address":"Avenida 24 De Julho 14,Polana Cimento A,1101 Maputo,Mozambique","phones":"","fax":"","email":"","url":"","countryIso2":"MZ","countryName":"Mozambique","hotelRating":"1","latitude":"-25.9647","longitude":"32.5852","state_id":3335,"state_name":"Maputo","country_id":150},{"active":false,"Giataid":"753084","cityId":76590,"cityName":"Beira","hotelId":753084,"hotelName":"Lunamar Hotel","address":"Avenida M?rtires da Revolu??o,Bairro Macuti,2331 Beira,Sofala Province,Mozambique","phones":"","fax":"","email":"","url":"","countryIso2":"MZ","countryName":"Mozambique","hotelRating":"1","latitude":"-19.8294","longitude":"34.8379","state_id":3331,"state_name":"Sofala Province","country_id":150},{"active":false,"Giataid":"754174","cityId":76608,"cityName":"Maputo","hotelId":754174,"hotelName":"Joli Guesthouse","address":"Rua Orlando Mendes 125,Antiga Rua Afonso Henriques,Sommerschield,1102  Maputo,Mozambique","phones":"+25821085670","fax":"","email":"info@joliguesthouse.com","url":"http://www.joliguesthouse.com/","countryIso2":"MZ","countryName":"Mozambique","hotelRating":"1","latitude":"-25.9647","longitude":"32.5852","state_id":3335,"state_name":"Maputo","country_id":150},{"active":false,"Giataid":"755541","cityId":76601,"cityName":"Inhambane","hotelId":755541,"hotelName":"Ate Amanha","address":"NULL","phones":"","fax":"","email":"","url":"","countryIso2":"MZ","countryName":"Mozambique","hotelRating":"1","latitude":"-23.8734","longitude":"35.476","state_id":3330,"state_name":"Inhambane Province","country_id":150},{"active":false,"Giataid":"755623","cityId":null,"cityName":"Bilene","hotelId":755623,"hotelName":"Nghunghwa Lodge","address":"NULL","phones":"","fax":"","email":"","url":"","countryIso2":"MZ","countryName":"Mozambique","hotelRating":"1","latitude":"-25.2786","longitude":"33.2578","state_id":null,"state_name":null,"country_id":null},{"active":false,"Giataid":"757309","cityId":null,"cityName":"Vilankulo","hotelId":757309,"hotelName":"Azulik Lodge","address":"Stand 40,Vilanculos Wildlife Sanctuary,1304 Vilanculos,Mozambique","phones":"","fax":"","email":"","url":"","countryIso2":"MZ","countryName":"Mozambique","hotelRating":"1","latitude":"-21.9846","longitude":"35.3184","state_id":null,"state_name":null,"country_id":null},{"active":false,"Giataid":"758787","cityId":null,"cityName":"Tofo","hotelId":758787,"hotelName":"Casa Anlija","address":"Tofo,Inhambane,Mozambique","phones":"","fax":"","email":"margaret@sodwa.co.za","url":"http://www.casa-anlija.com","countryIso2":"MZ","countryName":"Mozambique","hotelRating":"1","latitude":"-23.8526","longitude":"35.5453","state_id":null,"state_name":null,"country_id":null},{"active":false,"Giataid":"759085","cityId":76624,"cityName":"Tete","hotelId":759085,"hotelName":"Tete Ferry Sun Hotel","address":"On the Banks of the Zambezi River,Tete,Mozambique","phones":"+25825220037","fax":"","email":"reservations@teteferrysun.com","url":"https://www.tsogosun.com/tete-ferry-sun","countryIso2":"MZ","countryName":"Mozambique","hotelRating":"1","latitude":"-16.1586","longitude":"33.6045","state_id":3334,"state_name":"Tete Province","country_id":150},{"active":false,"Giataid":"759468","cityId":76621,"cityName":"Pemba","hotelId":759468,"hotelName":"Pemba Arti Lodge","address":"BP 254 Pemba,Mozambique","phones":"+258843883147","fax":"","email":"","url":"https://www.pembaartilodge.com","countryIso2":"MZ","countryName":"Mozambique","hotelRating":"1","latitude":"-12.9955","longitude":"40.526","state_id":3327,"state_name":"Cabo Delgado Province","country_id":150},{"active":false,"Giataid":"760588","cityId":null,"cityName":"Ponta do Ouro","hotelId":760588,"hotelName":"The Waves Lodge","address":"Parcela 29,Ponta Do Ouro,Mozambique","phones":"","fax":"","email":"","url":"","countryIso2":"MZ","countryName":"Mozambique","hotelRating":"1","latitude":"-26.813","longitude":"32.8868","state_id":null,"state_name":null,"country_id":null},{"active":false,"Giataid":"764810","cityId":null,"cityName":"Vilankulo","hotelId":764810,"hotelName":"VilanCool Water Sports","address":"South Beach,Bairro Desse,Vilanculos,Mozambique","phones":"+258847862170","fax":"","email":"hello@vilancool.com","url":"https://www.vilancool.com/","countryIso2":"MZ","countryName":"Mozambique","hotelRating":"1","latitude":"-21.9846","longitude":"35.3184","state_id":null,"state_name":null,"country_id":null},{"active":false,"Giataid":"797148","cityId":76608,"cityName":"Maputo","hotelId":797148,"hotelName":"Chinese Villa Resort","address":"Rua Nkunya Kilido 26,1001 Maputo,Mozambique","phones":"","fax":"","email":"","url":"","countryIso2":"MZ","countryName":"Mozambique","hotelRating":"1","latitude":"-25.9647","longitude":"32.5852","state_id":3335,"state_name":"Maputo","country_id":150},{"active":false,"Giataid":"798366","cityId":76608,"cityName":"Maputo","hotelId":798366,"hotelName":"Residencial Horizonte","address":"Avenida Guerra Popular 1267,0258 Maputo,Mozambique","phones":"","fax":"","email":"","url":"","countryIso2":"MZ","countryName":"Mozambique","hotelRating":"1","latitude":"-25.9647","longitude":"32.5852","state_id":3335,"state_name":"Maputo","country_id":150},{"active":false,"Giataid":"798757","cityId":76601,"cityName":"Inhambane","hotelId":798757,"hotelName":"Esperanza Beach Lodge","address":"Paindane Jangamo District,1240 Inhambane,Mozambique","phones":"+258844730190","fax":"","email":"bookings@esperanzalodge.co.za","url":"http://www.esperanzalodge.co.za","countryIso2":"MZ","countryName":"Mozambique","hotelRating":"1","latitude":"-23.8734","longitude":"35.476","state_id":3330,"state_name":"Inhambane Province","country_id":150},{"active":false,"Giataid":"798859","cityId":null,"cityName":"Island of Mozambique","hotelId":798859,"hotelName":"Cafe Central","address":"Cabral,3105 Ilha De Mo?ambique,Mozambique","phones":"","fax":"","email":"","url":"","countryIso2":"MZ","countryName":"Mozambique","hotelRating":"1","latitude":"-15.0328","longitude":"40.7361","state_id":null,"state_name":null,"country_id":null},{"active":false,"Giataid":"798900","cityId":null,"cityName":"Vilankulo","hotelId":798900,"hotelName":"Motel Dercia","address":"Avenida Eduardo Mondlane,1314 Vilanculos,Mozambique","phones":"","fax":"","email":"","url":"","countryIso2":"MZ","countryName":"Mozambique","hotelRating":"1","latitude":"-21.9846","longitude":"35.3184","state_id":null,"state_name":null,"country_id":null},{"active":false,"Giataid":"798982","cityId":76621,"cityName":"Pemba","hotelId":798982,"hotelName":"Hotel Wimbi Sun","address":"Avenida Marginal,Praia do Wimbe,7472 Pemba,Mozambique","phones":"","fax":"","email":"","url":"","countryIso2":"MZ","countryName":"Mozambique","hotelRating":"1","latitude":"-12.9955","longitude":"40.526","state_id":3327,"state_name":"Cabo Delgado Province","country_id":150},{"active":false,"Giataid":"799146","cityId":76608,"cityName":"Maputo","hotelId":799146,"hotelName":"Sogecoa Apart Hotel","address":"Avenida Vladimir Lenine 26,Coop,1106 Maputo,Mozambique","phones":"","fax":"","email":"","url":"http://www.booking.com/hotel/mz/sogecoa-apart.en-gb.html?aid=357026","countryIso2":"MZ","countryName":"Mozambique","hotelRating":"1","latitude":"-25.9647","longitude":"32.5852","state_id":3335,"state_name":"Maputo","country_id":150},{"active":false,"Giataid":"800028","cityId":76624,"cityName":"Tete","hotelId":800028,"hotelName":"Hotel Inter Tete","address":"221,Tete 2300,Mozambique","phones":"","fax":"","email":"","url":"","countryIso2":"MZ","countryName":"Mozambique","hotelRating":"1","latitude":"-16.1376","longitude":"33.6033","state_id":3334,"state_name":"Tete Province","country_id":150},{"active":false,"Giataid":"800038","cityId":76603,"cityName":"Lichinga","hotelId":800038,"hotelName":"N'Tendele Lodge","address":"Meponda,1234 Lichinga,Mozambique","phones":"+2582651587411","fax":"","email":"","url":"http://ntendele.com","countryIso2":"MZ","countryName":"Mozambique","hotelRating":"1","latitude":"-13.4704","longitude":"34.8629","state_id":3333,"state_name":"Niassa Province","country_id":150},{"active":false,"Giataid":"800151","cityId":null,"cityName":"Vilankulo","hotelId":800151,"hotelName":"Hotel Massunguine","address":"Avenida Eduardo Mondlane Blocos,1304 Vilanculos,Mozambique","phones":"","fax":"","email":"","url":"","countryIso2":"MZ","countryName":"Mozambique","hotelRating":"1","latitude":"-21.9846","longitude":"35.3184","state_id":null,"state_name":null,"country_id":null},{"active":false,"Giataid":"802166","cityId":null,"cityName":"Vilankulo","hotelId":802166,"hotelName":"Ngalumwe Lodge","address":"Estrada Nacional 240,Em Frente a Dhocolo Agro Processados,4458 Vilanculos,Mozambique","phones":"","fax":"","email":"","url":"","countryIso2":"MZ","countryName":"Mozambique","hotelRating":"1","latitude":"-21.9846","longitude":"35.3184","state_id":null,"state_name":null,"country_id":null},{"active":false,"Giataid":"808197","cityId":null,"cityName":"Bilene","hotelId":808197,"hotelName":"Ossanzaia Bilene Lodge","address":"Bairro Mahungo,2334 Praia Do Bilene,Mozambique","phones":"+258849625336","fax":"","email":"reservas@ossanzaialodge.co.mz","url":"http://www.ossanzaialodge.co.mz","countryIso2":"MZ","countryName":"Mozambique","hotelRating":"1","latitude":"-25.2786","longitude":"33.2578","state_id":null,"state_name":null,"country_id":null},{"active":false,"Giataid":"814214","cityId":null,"cityName":"Vilankulo","hotelId":814214,"hotelName":"Complexo Alemanha Vilanculos Backpacker","address":"Rua Do Palacio,1304 Vilanculos,Mozambique","phones":"","fax":"","email":"","url":"","countryIso2":"MZ","countryName":"Mozambique","hotelRating":"1","latitude":"-21.9846","longitude":"35.3184","state_id":null,"state_name":null,"country_id":null},{"active":false,"Giataid":"815470","cityId":76621,"cityName":"Pemba","hotelId":815470,"hotelName":"Kauri Resort","address":"Avenida Da Marginal,Unidade Nanhimbe,Bairro Eduardo Mondlane,Pemba,Cabo Delgado,Mozambique","phones":"+25827220936","fax":"","email":"reservas@kauriresort.com","url":"http://kauriresort.com","countryIso2":"MZ","countryName":"Mozambique","hotelRating":"1","latitude":"-12.9955","longitude":"40.526","state_id":3327,"state_name":"Cabo Delgado Province","country_id":150},{"active":false,"Giataid":"816470","cityId":null,"cityName":"Bilene","hotelId":816470,"hotelName":"Massala Beach Resort","address":"1111 Vila Praia Do,Bilene,Mozambique","phones":"","fax":"","email":"","url":"","countryIso2":"MZ","countryName":"Mozambique","hotelRating":"1","latitude":"-25.2786","longitude":"33.2578","state_id":null,"state_name":null,"country_id":null},{"active":false,"Giataid":"823552","cityId":76601,"cityName":"Inhambane","hotelId":823552,"hotelName":"Wuyani Pariango Beach Motel","address":"Praia Do Tofo,Inhambane,Mozambique","phones":"+258847128963","fax":"","email":"pariangobeach@gmail.com","url":"https://www.pariangobeach.com","countryIso2":"MZ","countryName":"Mozambique","hotelRating":"1","latitude":"-23.8734","longitude":"35.476","state_id":3330,"state_name":"Inhambane Province","country_id":150},{"active":false,"Giataid":"855192","cityId":null,"cityName":"Bilene","hotelId":855192,"hotelName":"Cfm Bilene Resort","address":"Avenida Marginal,Praia Do Bilene,1203 Vila Praia Do Bilene,Mozambique","phones":"","fax":"","email":"","url":"","countryIso2":"MZ","countryName":"Mozambique","hotelRating":"1","latitude":"-25.2786","longitude":"33.2578","state_id":null,"state_name":null,"country_id":null},{"active":false,"Giataid":"855204","cityId":76601,"cityName":"Inhambane","hotelId":855204,"hotelName":"Morrumbene Beach Resort","address":"Ruvo-Ruvo,Morrumbene,Inhambane,Mozambique","phones":"+258842163592","fax":"","email":"mbrreception@gmail.com","url":"http://www.morrumbeneresort.co.mz","countryIso2":"MZ","countryName":"Mozambique","hotelRating":"1","latitude":"-23.8734","longitude":"35.476","state_id":3330,"state_name":"Inhambane Province","country_id":150},{"active":false,"Giataid":"581245","cityId":76590,"cityName":"Beira","hotelId":10047755,"hotelName":"Rainbow Hotel Mocambique","address":"3 Bagamoyo Avenue Maquinino,Beira,Mozambique","phones":"","fax":"","email":"","url":"","countryIso2":"MZ","countryName":"Mozambique","hotelRating":"3","latitude":"-19.8309","longitude":"34.8374","state_id":3331,"state_name":"Sofala Province","country_id":150},{"active":false,"Giataid":"495406","cityId":76601,"cityName":"Inhambane","hotelId":10049321,"hotelName":"Guiquindo Lodge","address":"Guinjata Bay,Inhambane,Mozambique","phones":"","fax":"","email":"","url":"","countryIso2":"MZ","countryName":"Mozambique","hotelRating":"3","latitude":"-24.0565","longitude":"35.4896","state_id":3330,"state_name":"Inhambane Province","country_id":150},{"active":false,"Giataid":"495404","cityId":76601,"cityName":"Inhambane","hotelId":10054785,"hotelName":"Blue Moon Beach Holiday Resort","address":"Guinjata Massavana,Inhambane,Mozambique","phones":"","fax":"","email":"","url":"","countryIso2":"MZ","countryName":"Mozambique","hotelRating":"3","latitude":"-24.0586","longitude":"35.489","state_id":3330,"state_name":"Inhambane Province","country_id":150},{"active":false,"Giataid":"359412","cityId":null,"cityName":"Tofo","hotelId":10055341,"hotelName":"Casa na Praia Tofo","address":"Tofo,Inhambane,Mozambique","phones":"+258828215921","fax":"","email":"","url":"","countryIso2":"MZ","countryName":"Mozambique","hotelRating":"3","latitude":"-23.8573","longitude":"35.549","state_id":null,"state_name":null,"country_id":null},{"active":false,"Giataid":"720913","cityId":null,"cityName":"Inhaca","hotelId":10058534,"hotelName":"Fernando Nhaca Lodge","address":"Ilha de Inhaca,Inhaca,Mozambique","phones":"","fax":"","email":"","url":"","countryIso2":"MZ","countryName":"Mozambique","hotelRating":"1","latitude":"-26.0026","longitude":"32.9204","state_id":null,"state_name":null,"country_id":null},{"active":false,"Giataid":"431480","cityId":null,"cityName":"Vilankulo","hotelId":10060253,"hotelName":"Bahia Mar Boutique Hotel","address":"19 Bairro de Outubro,1304 Vilanculos,Mozambique","phones":"+25829382391","fax":"","email":"","url":"","countryIso2":"MZ","countryName":"Mozambique","hotelRating":"4","latitude":"-22.0079","longitude":"35.3222","state_id":null,"state_name":null,"country_id":null},{"active":false,"Giataid":"427336","cityId":76590,"cityName":"Beira","hotelId":10060909,"hotelName":"Golden Peacock Resort Hotel","address":"Zona Do Estoril talhao 16,Cidade,Beira,Mozambique","phones":"+25823315088","fax":"","email":"","url":"","countryIso2":"MZ","countryName":"Mozambique","hotelRating":"5","latitude":"-19.8267","longitude":"34.9171","state_id":3331,"state_name":"Sofala Province","country_id":150},{"active":false,"Giataid":"495613","cityId":76608,"cityName":"Maputo","hotelId":10066439,"hotelName":"Mozguest Residence","address":"Avenida Karl Marx 617,Maputo,Maputo,Mozambique","phones":"","fax":"","email":"","url":"","countryIso2":"MZ","countryName":"Mozambique","hotelRating":"3","latitude":"-25.9691","longitude":"32.5713","state_id":3335,"state_name":"Maputo","country_id":150},{"active":false,"Giataid":"496536","cityId":null,"cityName":"Vilankulo","hotelId":10067112,"hotelName":"Casa Chibububo Lodge","address":"Rua Aeroporto 10,1304 Vilanculos,Mozambique","phones":"+25827721826175","fax":"","email":"","url":"","countryIso2":"MZ","countryName":"Mozambique","hotelRating":"2","latitude":"-22.0194","longitude":"35.3194","state_id":null,"state_name":null,"country_id":null},{"active":false,"Giataid":"359526","cityId":76608,"cityName":"Maputo","hotelId":10070289,"hotelName":"Machangulo Beach Lodge","address":"Maputo Bay,Santa Maria Peninsula,1000 Maputo,Mozambique","phones":"+25827137440422","fax":"","email":"","url":"","countryIso2":"MZ","countryName":"Mozambique","hotelRating":"4","latitude":"-26.0844","longitude":"32.9586","state_id":3335,"state_name":"Maputo","country_id":150},{"active":false,"Giataid":"296800","cityId":null,"cityName":"Zitundo","hotelId":10070764,"hotelName":"White Pearl Resort Ponta Mamoli","address":"Ponta Mamoli,Zitundu,Mozambique,Mozambique","phones":"+258846058112","fax":"","email":"","url":"","countryIso2":"MZ","countryName":"Mozambique","hotelRating":"4","latitude":"-26.7083","longitude":"32.8997","state_id":null,"state_name":null,"country_id":null},{"active":false,"Giataid":"201993","cityId":null,"cityName":"Baixo do Pinda","hotelId":10072770,"hotelName":"Nuarro","address":"Baixo do Pinda,Nanatha Village,Memba District,Nampula Province,Mozambique","phones":"+258823053027","fax":"","email":"","url":"","countryIso2":"MZ","countryName":"Mozambique","hotelRating":"4","latitude":"-14.2033","longitude":"40.6774","state_id":null,"state_name":null,"country_id":null},{"active":false,"Giataid":"496969","cityId":null,"cityName":"Vilankulo","hotelId":10102165,"hotelName":"Villa Do Paraiso","address":"Mahaque Beach,Vilanculos,Mozambique","phones":"+258849651252","fax":"NULL","email":"NULL","url":"NULL","countryIso2":"MZ","countryName":"Mozambique","hotelRating":"4","latitude":"-21.9685","longitude":"35.3104","state_id":null,"state_name":null,"country_id":null},{"active":false,"Giataid":"366584","cityId":76608,"cityName":"Maputo","hotelId":10102890,"hotelName":"VIP Executive Suites Maputo","address":"Avenida Martire de Machava 1309,1100  Maputo,Mozambique","phones":"NULL","fax":"NULL","email":"NULL","url":"NULL","countryIso2":"MZ","countryName":"Mozambique","hotelRating":"4","latitude":"-25.9681","longitude":"32.5932","state_id":3335,"state_name":"Maputo","country_id":150},{"active":false,"Giataid":"589958","cityId":76624,"cityName":"Tete","hotelId":10102891,"hotelName":"Vip Executive Tete","address":"Avenida da Liberdade,2300 Tete,Mozambique","phones":"+25825222630","fax":"NULL","email":"NULL","url":"NULL","countryIso2":"MZ","countryName":"Mozambique","hotelRating":"4","latitude":"-16.1608","longitude":"33.5938","state_id":3334,"state_name":"Tete Province","country_id":150},{"active":false,"Giataid":"366585","cityId":76590,"cityName":"Beira","hotelId":10102908,"hotelName":"Vip Inn Beira","address":"Rua Luis Inacio 172,Beira,Mozambique","phones":"+25823340100","fax":"NULL","email":"NULL","url":"NULL","countryIso2":"MZ","countryName":"Mozambique","hotelRating":"3","latitude":"-19.8294","longitude":"34.8343","state_id":3331,"state_name":"Sofala Province","country_id":150},{"active":false,"Giataid":"459272","cityId":76608,"cityName":"Maputo","hotelId":10105656,"hotelName":"Resotel","address":"Avenida Karl Marx,1304 Maputo,Mozambique","phones":"+258845900369","fax":"NULL","email":"NULL","url":"NULL","countryIso2":"MZ","countryName":"Mozambique","hotelRating":"3","latitude":"-25.9642","longitude":"32.5754","state_id":3335,"state_name":"Maputo","country_id":150},{"active":false,"Giataid":"522081","cityId":null,"cityName":"Vilankulo","hotelId":10114294,"hotelName":"Casa Babi","address":"Rua do Palacio, Odyssea Dive,8000 Vilanculos,Mozambique","phones":"+258844126478","fax":"NULL","email":"NULL","url":"NULL","countryIso2":"MZ","countryName":"Mozambique","hotelRating":"3","latitude":"-22.0072","longitude":"35.3228","state_id":null,"state_name":null,"country_id":null},{"active":false,"Giataid":"507245","cityId":76601,"cityName":"Inhambane","hotelId":10114511,"hotelName":"Castelo Do Mar","address":"Linga Linga beach,Morrumbene,1302 Inhambane,Mozambique","phones":"NULL","fax":"NULL","email":"NULL","url":"NULL","countryIso2":"MZ","countryName":"Mozambique","hotelRating":"3","latitude":"-23.7366","longitude":"35.3969","state_id":3330,"state_name":"Inhambane Province","country_id":150},{"active":false,"Giataid":"640015","cityId":null,"cityName":"Vilankulo","hotelId":10119573,"hotelName":"Golden Sands Apartments By Sol Resorts","address":"Rua De Outuburo,Vilanculos 1304,Mosambik,Mozambique","phones":"+25829382048","fax":"NULL","email":"NULL","url":"NULL","countryIso2":"MZ","countryName":"Mozambique","hotelRating":"3","latitude":"-21.9559","longitude":"35.3107","state_id":null,"state_name":null,"country_id":null},{"active":false,"Giataid":"502454","cityId":76608,"cityName":"Maputo","hotelId":10122154,"hotelName":"Hotel 2001","address":"Avenida Fern?o de Magalh?es 586,1100 Maputo,Mozambique","phones":"NULL","fax":"NULL","email":"NULL","url":"NULL","countryIso2":"MZ","countryName":"Mozambique","hotelRating":"3","latitude":"-25.9672","longitude":"32.5664","state_id":3335,"state_name":"Maputo","country_id":150},{"active":false,"Giataid":"497998","cityId":76608,"cityName":"Maputo","hotelId":10122460,"hotelName":"Hotel Atlantis","address":"Avenida 24 de Julho 1663,1101 Maputo,Mozambique","phones":"NULL","fax":"NULL","email":"NULL","url":"NULL","countryIso2":"MZ","countryName":"Mozambique","hotelRating":"3","latitude":"-25.969","longitude":"32.579","state_id":3335,"state_name":"Maputo","country_id":150},{"active":false,"Giataid":"407860","cityId":null,"cityName":"Vilankulo","hotelId":10123222,"hotelName":"The Hotel Dona Ana","address":"Avenida Marginal,Bairro Central,Vilanculos,Mozambique","phones":"+25829383200","fax":"NULL","email":"NULL","url":"NULL","countryIso2":"MZ","countryName":"Mozambique","hotelRating":"4","latitude":"-21.983","longitude":"35.3231","state_id":null,"state_name":null,"country_id":null},{"active":false,"Giataid":"459266","cityId":76608,"cityName":"Maputo","hotelId":10124336,"hotelName":"Hotel Maputo","address":"Avenida Ho Chi Min North 110,Maputo,Mozambique","phones":"NULL","fax":"NULL","email":"NULL","url":"NULL","countryIso2":"MZ","countryName":"Mozambique","hotelRating":"4","latitude":"-25.9692","longitude":"32.5762","state_id":3335,"state_name":"Maputo","country_id":150},{"active":false,"Giataid":"507345","cityId":76608,"cityName":"Maputo","hotelId":10124480,"hotelName":"Hotel Mocambicano","address":"Avenida Filipe Samuel Magaia 961,1100 Maputo,Mozambique","phones":"NULL","fax":"NULL","email":"NULL","url":"NULL","countryIso2":"MZ","countryName":"Mozambique","hotelRating":"2","latitude":"-25.9632","longitude":"32.5727","state_id":3335,"state_name":"Maputo","country_id":150},{"active":false,"Giataid":"298833","cityId":null,"cityName":"Ponta do Ouro","hotelId":20000605,"hotelName":"Vista Alta Lodge","address":"Rua 59/60,Parcela 634,Ponta do Ouro,Mozambique","phones":"+25827114653427","fax":"+25827114653002","email":"bookings@mozcon.com","url":"http://www.vistaaltalodge.com","countryIso2":"MZ","countryName":"Mozambique","hotelRating":"0","latitude":"-26.7841","longitude":"32.8885","state_id":null,"state_name":null,"country_id":null},{"active":false,"Giataid":"297752","cityId":76601,"cityName":"Inhambane","hotelId":20000646,"hotelName":"Massinga Beach Lodge","address":"Mainland Coastal,Massinga District,0001 Inhambane,Mozambique,Mozambique","phones":"+258847895444","fax":"","email":"gm@massingabeach.co.za","url":"http://www.massingabeach.co.za/","countryIso2":"MZ","countryName":"Mozambique","hotelRating":"4","latitude":"-23.9149","longitude":"35.3966","state_id":3330,"state_name":"Inhambane Province","country_id":150},{"active":false,"Giataid":"723674","cityId":null,"cityName":"Ponta do Ouro","hotelId":20000686,"hotelName":"Gala-Gala Eco Resort","address":"Rue Principal Da Ponta,Kwangwanase 3973,1100 Ponta do Ouro,Mozambique","phones":"+258845458494","fax":"","email":"bev@gala-gala.co.za","url":"http://www.gala-gala.co.za/","countryIso2":"MZ","countryName":"Mozambique","hotelRating":"0","latitude":"-26.8519","longitude":"32.8884","state_id":null,"state_name":null,"country_id":null},{"active":false,"Giataid":"236004","cityId":null,"cityName":"Vilankulo","hotelId":20000745,"hotelName":"Nyati Beach Lodge","address":"Nyati Island,1304 Vilanculos,Mozambique","phones":"+258842132999","fax":"","email":"info@nyati-beach.com","url":"http://www.nyati-beach-mozambique.co.za/","countryIso2":"MZ","countryName":"Mozambique","hotelRating":"4","latitude":"-22.1896","longitude":"35.5344","state_id":null,"state_name":null,"country_id":null},{"active":false,"Giataid":"551006","cityId":76601,"cityName":"Inhambane","hotelId":20000802,"hotelName":"Duna Lodge","address":"Praia de Guinjata,Jangamo,Inhambane,Mozambique","phones":"+25834693263770","fax":"","email":"","url":"https://dunatour.wordpress.com","countryIso2":"MZ","countryName":"Mozambique","hotelRating":"3","latitude":"-23.8734","longitude":"35.476","state_id":3330,"state_name":"Inhambane Province","country_id":150},{"active":false,"Giataid":"725720","cityId":76601,"cityName":"Inhambane","hotelId":20000867,"hotelName":"Makolo Bay & Dive Africa","address":"Barra Road,Inhambane,Mozambique","phones":"","fax":"","email":"info@makolobay.co.za","url":"http://www.makolobay.co.za","countryIso2":"MZ","countryName":"Mozambique","hotelRating":"0","latitude":"-23.8734","longitude":"35.476","state_id":3330,"state_name":"Inhambane Province","country_id":150},{"active":false,"Giataid":"724784","cityId":76601,"cityName":"Inhambane","hotelId":20000956,"hotelName":"Pura Vida Lodge","address":"Linga,Morrumbene,1302 Inhambane,Mozambique","phones":"+258847753705","fax":"","email":"chill@puravidalodge.co.mz","url":"https://www.puravidalodge.co.mz","countryIso2":"MZ","countryName":"Mozambique","hotelRating":"0","latitude":"-23.6764","longitude":"35.4225","state_id":3330,"state_name":"Inhambane Province","country_id":150},{"active":false,"Giataid":"599130","cityId":76601,"cityName":"Inhambane","hotelId":20001062,"hotelName":"Farol da Barra","address":"Praia da Barra,Inhambane,Mozambique","phones":"","fax":"","email":"","url":"","countryIso2":"MZ","countryName":"Mozambique","hotelRating":"3","latitude":"-23.7937","longitude":"35.535","state_id":3330,"state_name":"Inhambane Province","country_id":150},{"active":false,"Giataid":"725908","cityId":76601,"cityName":"Inhambane","hotelId":20001190,"hotelName":"Vista Bonita","address":"Praie Do Guinjata,Jangamo,Inhambane,Mozambique","phones":"+258846750268","fax":"","email":"information@vistabonita.co.za","url":"http://www.vistabonita.co.za","countryIso2":"MZ","countryName":"Mozambique","hotelRating":"0","latitude":"-23.8734","longitude":"35.476","state_id":3330,"state_name":"Inhambane Province","country_id":150},{"active":false,"Giataid":"421862","cityId":76621,"cityName":"Pemba","hotelId":20001349,"hotelName":"Diamonds Mequfi Beach Resort","address":"Mecufi Road,3200 Pemba,Mozambique","phones":"+258848484299","fax":"+25841919231591","email":"info.mequfi@diamonds-resorts.com","url":"http://mequfibeach.diamondsresorts.com/","countryIso2":"MZ","countryName":"Mozambique","hotelRating":"5","latitude":"-12.9734","longitude":"40.5181","state_id":3327,"state_name":"Cabo Delgado Province","country_id":150},{"active":false,"Giataid":"406602","cityId":null,"cityName":"Vilankulo","hotelId":20001516,"hotelName":"Villa Santorini","address":"19 cle Outboro,Vilanculos,Mozambique","phones":"+25827769414951","fax":"","email":"reservations@santorinimozambique.com","url":"http://www.santorinimozambique.com/","countryIso2":"MZ","countryName":"Mozambique","hotelRating":"4","latitude":"-21.9994","longitude":"35.3187","state_id":null,"state_name":null,"country_id":null},{"active":false,"Giataid":"685229","cityId":null,"cityName":"Bilene","hotelId":20001735,"hotelName":"San Martinho Beach Club","address":"Rua Marginal,Praia do Bilene 1203,Mozambique","phones":"+25828244040","fax":"","email":"bookings@smbc.co.za","url":"http://www.smbc.co.za","countryIso2":"MZ","countryName":"Mozambique","hotelRating":"0","latitude":"-25.2763","longitude":"33.2708","state_id":null,"state_name":null,"country_id":null},{"active":false,"Giataid":"726753","cityId":null,"cityName":"Vilankulo","hotelId":20002140,"hotelName":"Zombie Cucumber","address":"Avenida Marginal,Bairro Central,Vilanculos,Mozambique","phones":"+258828049410","fax":"","email":"","url":"http://www.zombiecucumber.com","countryIso2":"MZ","countryName":"Mozambique","hotelRating":"0","latitude":"-21.9846","longitude":"35.3184","state_id":null,"state_name":null,"country_id":null},{"active":false,"Giataid":"671674","cityId":76608,"cityName":"Maputo","hotelId":20002307,"hotelName":"Maputo AFECC Gloria Hotel","address":"Avendia Da Margina 4441,1102 Maputo,Mozambique","phones":"+25821266666","fax":"+25821266622","email":"","url":"http://www.maputo-grand.gloriahotels.com/","countryIso2":"MZ","countryName":"Mozambique","hotelRating":"3","latitude":"-25.9553","longitude":"32.6091","state_id":3335,"state_name":"Maputo","country_id":150},{"active":false,"Giataid":"392293","cityId":null,"cityName":"Vilankulo","hotelId":20002550,"hotelName":"Archipelago Resort","address":"Chibuene,Vilanculos,Inhambane,Mozambique","phones":"+25829384022","fax":"","email":"archipelago.resort@gmail.com","url":"http://www.archipelago-resort.com","countryIso2":"MZ","countryName":"Mozambique","hotelRating":"4","latitude":"-22.0441","longitude":"35.322","state_id":null,"state_name":null,"country_id":null},{"active":false,"Giataid":"298834","cityId":null,"cityName":"Bilene","hotelId":20003197,"hotelName":"Villa N'Banga","address":"Bilene,Zonguene,Nhabanga village,Mozambique","phones":"+258843821290","fax":"","email":"info@villanbanga.co.za","url":"http://www.villanbanga.co.za/","countryIso2":"MZ","countryName":"Mozambique","hotelRating":"2","latitude":"-25.2535","longitude":"33.3433","state_id":null,"state_name":null,"country_id":null},{"active":false,"Giataid":"668019","cityId":null,"cityName":"Ponta do Ouro","hotelId":20003401,"hotelName":"Phaphalati Hotel","address":"Ponta Malongane,Ponta do Ouro,Mozambique","phones":"+258840172560","fax":"","email":"reservations@hotelphaphalati.co.Za","url":"http://hotelphaphalati.co.za","countryIso2":"MZ","countryName":"Mozambique","hotelRating":"0","latitude":"-26.813","longitude":"32.8868","state_id":null,"state_name":null,"country_id":null},{"active":false,"Giataid":"526927","cityId":null,"cityName":"das Quirimbas","hotelId":20003764,"hotelName":"Situ Island Resort","address":"Situ Island,Quirimbas Archipelago,Quirimbas National Park,Mozambique","phones":"+258869303681","fax":"","email":"bookings@situisland.com","url":"http://situisland.com/","countryIso2":"MZ","countryName":"Mozambique","hotelRating":"0","latitude":"-12.7059","longitude":"40.5967","state_id":null,"state_name":null,"country_id":null},{"active":false,"Giataid":"412964","cityId":76608,"cityName":"Maputo","hotelId":20003954,"hotelName":"Ndumo Game Reserve","address":"Ndumo Game Reserve,Maputo,Mozambique","phones":"","fax":"","email":"","url":"http://www.nature-reserve.co.za/ndumo-game-preserve.html","countryIso2":"MZ","countryName":"Mozambique","hotelRating":"0","latitude":"-26.8666","longitude":"32.2505","state_id":3335,"state_name":"Maputo","country_id":150},{"active":false,"Giataid":"489414","cityId":76621,"cityName":"Pemba","hotelId":20004310,"hotelName":"Raphaels Hotel","address":"Praca 25 de Setembro,Pemba,Mozambique","phones":"+25827225555","fax":"","email":"info@raphaelshotel.com","url":"http://www.raphaelshotel.com/","countryIso2":"MZ","countryName":"Mozambique","hotelRating":"4","latitude":"-12.96","longitude":"40.5164","state_id":3327,"state_name":"Cabo Delgado Province","country_id":150},{"active":false,"Giataid":"723734","cityId":null,"cityName":"Mabsil","hotelId":20004490,"hotelName":"Travessia Beach Lodge","address":"Cumbana Agricola,Morrumbene,Mabsil,Inhambane,Mozambique","phones":"","fax":"","email":"","url":"http://travessialodge.com","countryIso2":"MZ","countryName":"Mozambique","hotelRating":"0","latitude":"-23.5499","longitude":"35.4222","state_id":null,"state_name":null,"country_id":null},{"active":false,"Giataid":"723734","cityId":null,"cityName":"Mabsil","hotelId":20004490,"hotelName":"Travessia Beach Lodge","address":"Cumbana Agricola,Morrumbene,Mabsil,Inhambane,Mozambique","phones":"","fax":"","email":"","url":"http://travessialodge.com","countryIso2":"MZ","countryName":"Mozambique","hotelRating":"0","latitude":"-23.5499","longitude":"35.4222","state_id":null,"state_name":null,"country_id":null},{"active":false,"Giataid":"626277","cityId":76621,"cityName":"Pemba","hotelId":20004651,"hotelName":"The Nautilus Pemba","address":"Marginal,Praia de Wimbi,Pemba,Mozambique","phones":"+25827221407","fax":"","email":"reservations@thenautiluspemba.com","url":"http://www.thenautiluspemba.com/","countryIso2":"MZ","countryName":"Mozambique","hotelRating":"3","latitude":"-12.9721","longitude":"40.5407","state_id":3327,"state_name":"Cabo Delgado Province","country_id":150},{"active":false,"Giataid":"626276","cityId":76608,"cityName":"Maputo","hotelId":20004874,"hotelName":"Taka-Taka","address":"Olof Palme 586,Maputo,Mozambique","phones":"","fax":"","email":"","url":"","countryIso2":"MZ","countryName":"Mozambique","hotelRating":"0","latitude":"-25.9619","longitude":"32.5795","state_id":3335,"state_name":"Maputo","country_id":150},{"active":false,"Giataid":"725677","cityId":null,"cityName":"Vilankulo","hotelId":20005075,"hotelName":"Dona Soraya Lodge","address":"Rua De Chibuene C P 12,Bairro De Chibuene,1099 Vilanculos,Mozambique","phones":"","fax":"","email":"","url":"","countryIso2":"MZ","countryName":"Mozambique","hotelRating":"0","latitude":"-21.9846","longitude":"35.3184","state_id":null,"state_name":null,"country_id":null},{"active":false,"Giataid":"627199","cityId":76608,"cityName":"Maputo","hotelId":20005244,"hotelName":"Hotel Kahina","address":"Av.Emilia Dausse 480,Maputo,Mozambique","phones":"","fax":"","email":"","url":"","countryIso2":"MZ","countryName":"Mozambique","hotelRating":"0","latitude":"-25.9648","longitude":"32.5831","state_id":3335,"state_name":"Maputo","country_id":150},{"active":false,"Giataid":"546217","cityId":76608,"cityName":"Maputo","hotelId":20005381,"hotelName":"Moringa Guest House","address":"Avenida Emilia Dausse 798,Central A,1100 Maputo,Mozambique","phones":"","fax":"","email":"","url":"","countryIso2":"MZ","countryName":"Mozambique","hotelRating":"3","latitude":"-25.9631","longitude":"32.5806","state_id":3335,"state_name":"Maputo","country_id":150},{"active":false,"Giataid":"671982","cityId":76608,"cityName":"Maputo","hotelId":20005583,"hotelName":"Quiet Corner Guesthouse","address":"40 Almeida Garrett Road,Maputo,Mozambique","phones":"","fax":"","email":"","url":"","countryIso2":"MZ","countryName":"Mozambique","hotelRating":"2","latitude":"-25.9564","longitude":"32.587","state_id":3335,"state_name":"Maputo","country_id":150},{"active":false,"Giataid":"726384","cityId":76608,"cityName":"Maputo","hotelId":20005736,"hotelName":"Catembe Beach Lodge","address":"Rua B 67,Bairro Chali,Catembe,6712 Maputo,Mozambique","phones":"","fax":"","email":"","url":"","countryIso2":"MZ","countryName":"Mozambique","hotelRating":"0","latitude":"-26.0073","longitude":"32.5651","state_id":3335,"state_name":"Maputo","country_id":150},{"active":false,"Giataid":"723743","cityId":null,"cityName":"Tofo","hotelId":20005893,"hotelName":"Tofinho Beach Cottages","address":"300 Tofinho Tofo,Inhambane,Tofo,Mozambique,Mozambique","phones":"","fax":"","email":"","url":"","countryIso2":"MZ","countryName":"Mozambique","hotelRating":"0","latitude":"-23.8526","longitude":"35.5453","state_id":null,"state_name":null,"country_id":null},{"active":false,"Giataid":"201994","cityId":76608,"cityName":"Maputo","hotelId":20006072,"hotelName":"Terminus Hotel","address":"Avenida Francisco Orlando Magubwe 587,Maputo,Mozambique","phones":"+25821491333","fax":"+25821491284","email":"info@terminus.co.mz","url":"http://www.terminus.co.mz/","countryIso2":"MZ","countryName":"Mozambique","hotelRating":"3","latitude":"-25.9739","longitude":"32.5917","state_id":3335,"state_name":"Maputo","country_id":150},{"active":false,"Giataid":"726718","cityId":76608,"cityName":"Maputo","hotelId":20006241,"hotelName":"Hotel Kapital","address":"Avenida Mao Ts? Tung 693,Maputo,Mozambique","phones":"","fax":"","email":"","url":"","countryIso2":"MZ","countryName":"Mozambique","hotelRating":"0","latitude":"-25.9647","longitude":"32.5852","state_id":3335,"state_name":"Maputo","country_id":150},{"active":false,"Giataid":"726613","cityId":76608,"cityName":"Maputo","hotelId":20006464,"hotelName":"Gardens Lodge","address":"Rua Villa Junqueiro 154,Bairro da Liberdade,Matola,1235 Maputo,Mozambique","phones":"","fax":"","email":"","url":"","countryIso2":"MZ","countryName":"Mozambique","hotelRating":"0","latitude":"-25.9136","longitude":"32.4714","state_id":3335,"state_name":"Maputo","country_id":150},{"active":false,"Giataid":"724740","cityId":null,"cityName":"Zavora","hotelId":20006594,"hotelName":"Nhanombe Lodge","address":"Praia De Zavora,Inharrime,Inhambane,Mozambique","phones":"+258865863353","fax":"","email":"info@nhanombelodge.com","url":"http://www.nhanombelodge.com","countryIso2":"MZ","countryName":"Mozambique","hotelRating":"0","latitude":"-24.5172","longitude":"35.2004","state_id":null,"state_name":null,"country_id":null},{"active":false,"Giataid":"724630","cityId":null,"cityName":"Tofo","hotelId":20006775,"hotelName":"Varandas do Indico","address":"Praia De Tofo s/n,1300 Praia Do Tofo,Tofo-Inhambane,Mozambique","phones":"","fax":"","email":"","url":"","countryIso2":"MZ","countryName":"Mozambique","hotelRating":"0","latitude":"-23.8574","longitude":"35.551","state_id":null,"state_name":null,"country_id":null},{"active":false,"Giataid":"201995","cityId":76608,"cityName":"Maputo","hotelId":20006957,"hotelName":"Villa das Arabias Boutique Hotel","address":"Avenida 24 de Julho 698,Maputo,Mozambique","phones":"+25821328945","fax":"","email":"res@villadasarabias.com","url":"http://www.villadasarabias.com/hotel-overview.html","countryIso2":"MZ","countryName":"Mozambique","hotelRating":"4","latitude":"-25.9733","longitude":"32.5873","state_id":3335,"state_name":"Maputo","country_id":150},{"active":false,"Giataid":"726749","cityId":null,"cityName":"Tofo","hotelId":20007126,"hotelName":"Aquatico Aframes","address":"Praia Do Tofo,Tofo,Mozambique","phones":"","fax":"","email":"","url":"http://www.hotels.com/ho631027360","countryIso2":"MZ","countryName":"Mozambique","hotelRating":"0","latitude":"-23.8526","longitude":"35.5453","state_id":null,"state_name":null,"country_id":null},{"active":false,"Giataid":"490401","cityId":76608,"cityName":"Maputo","hotelId":20007271,"hotelName":"Hotel Africa Maputo Business","address":"Avenida Agostinho Neto 1103,Maputo,Mozambique","phones":"+258843330001","fax":"","email":"reservations@hotelafrica.info","url":"http://www.hotelafrica.info/","countryIso2":"MZ","countryName":"Mozambique","hotelRating":"3","latitude":"-25.9637","longitude":"32.5836","state_id":3335,"state_name":"Maputo","country_id":150},{"active":false,"Giataid":"184003","cityId":null,"cityName":"Tofo","hotelId":20007730,"hotelName":"Baia Sonambula Guesthouse","address":"Tofo Beach - Inhambane,Mozambique","phones":"+258848552739","fax":"","email":"contact@baiasonambula.com","url":"http://www.baiasonambula.com","countryIso2":"MZ","countryName":"Mozambique","hotelRating":"3","latitude":"-23.8546","longitude":"35.5483","state_id":null,"state_name":null,"country_id":null},{"active":false,"Giataid":"546819","cityId":76608,"cityName":"Maputo","hotelId":20007926,"hotelName":"Mozaika Guesthouse 2","address":"Avenue Milagne 172,Maputo,Mozambique","phones":"","fax":"","email":"","url":"","countryIso2":"MZ","countryName":"Mozambique","hotelRating":"3","latitude":"-25.9647","longitude":"32.5852","state_id":3335,"state_name":"Maputo","country_id":150},{"active":false,"Giataid":"546210","cityId":76621,"cityName":"Pemba","hotelId":20008073,"hotelName":"Chuiba Bay Lodge","address":"Chuiba Pemba,Pemba,Mozambique","phones":"","fax":"","email":"","url":"","countryIso2":"MZ","countryName":"Mozambique","hotelRating":"3","latitude":"-12.9955","longitude":"40.526","state_id":3327,"state_name":"Cabo Delgado Province","country_id":150},{"active":false,"Giataid":"526929","cityId":76601,"cityName":"Inhambane","hotelId":20008258,"hotelName":"Jeff's Palm Resort","address":"Praia de Jangamo,Inhambane,Mozambique","phones":"+258842391100","fax":"","email":"JeffsMoz@mweb.co.za","url":"http://www.jeffsmoz.com","countryIso2":"MZ","countryName":"Mozambique","hotelRating":"0","latitude":"-24.0695","longitude":"35.4936","state_id":3330,"state_name":"Inhambane Province","country_id":150},{"active":false,"Giataid":"228767","cityId":null,"cityName":"Tofo","hotelId":20008363,"hotelName":"Aquatico Casitas","address":"P.O. Box 252,Tofo,Inhambane,Mozambique","phones":"+258829603260","fax":"+25829329035","email":"info@aquaticolodge.com","url":"http://www.aquaticolodge.com/","countryIso2":"MZ","countryName":"Mozambique","hotelRating":"1","latitude":"-23.8487","longitude":"35.5417","state_id":null,"state_name":null,"country_id":null},{"active":false,"Giataid":"725884","cityId":null,"cityName":"Tofo","hotelId":20008573,"hotelName":"Albatroz Lodge","address":"Tofo Beach,Tofo,Mozambique","phones":"+25829329005","fax":"","email":"enquiries@albatrozlodge.com","url":"http://www.albatrozlodge.com","countryIso2":"MZ","countryName":"Mozambique","hotelRating":"0","latitude":"-23.8526","longitude":"35.5453","state_id":null,"state_name":null,"country_id":null},{"active":false,"Giataid":"725883","cityId":null,"cityName":"Vilankulo","hotelId":20008706,"hotelName":"Hotel Ancora","address":"Bairro 25 Setembro,Vilankulo,Inhambane,Mozambique","phones":"+25829382444","fax":"+25829382222","email":"info@ancorasuites.com","url":"https://www.ancorasuites.com","countryIso2":"MZ","countryName":"Mozambique","hotelRating":"0","latitude":"-21.9846","longitude":"35.3184","state_id":null,"state_name":null,"country_id":null},{"active":false,"Giataid":"122694","cityId":null,"cityName":"Gorongosa","hotelId":20008866,"hotelName":"Chitengo Safari camp","address":"Gorongosa National Park,Mozambique","phones":"+25823535010","fax":"","email":"contact@gorongosa.net","url":"http://www.gorongosa.net/en/page/accommodations/accommodations","countryIso2":"MZ","countryName":"Mozambique","hotelRating":"3","latitude":"-18.8265","longitude":"34.5111","state_id":null,"state_name":null,"country_id":null},{"active":false,"Giataid":"726728","cityId":76601,"cityName":"Inhambane","hotelId":20008994,"hotelName":"Sunset Lodge","address":"Praia De Barra,Inhambane,Mozambique","phones":"","fax":"","email":"sunsetlodgereservations@gmail.com","url":"http://staymozambique.co.za/","countryIso2":"MZ","countryName":"Mozambique","hotelRating":"0","latitude":"-23.8734","longitude":"35.476","state_id":3330,"state_name":"Inhambane Province","country_id":150},{"active":false,"Giataid":"725017","cityId":76608,"cityName":"Maputo","hotelId":20009139,"hotelName":"Vamili Lodge","address":"Maputo,Marracuene,Mozambique","phones":"","fax":"","email":"","url":"","countryIso2":"MZ","countryName":"Mozambique","hotelRating":"0","latitude":"-25.9647","longitude":"32.5852","state_id":3335,"state_name":"Maputo","country_id":150},{"active":false,"Giataid":"526935","cityId":null,"cityName":"Bilene","hotelId":20009798,"hotelName":"Laguna Camp & Bungalows","address":"Bilene Macia,Mozambique","phones":"+258823982366","fax":"","email":"info@laguna-camp.comangela@w2t.","url":"http://www.laguna-camp.com","countryIso2":"MZ","countryName":"Mozambique","hotelRating":"0","latitude":"-25.2616","longitude":"33.2853","state_id":null,"state_name":null,"country_id":null},{"active":false,"Giataid":"543985","cityId":76619,"cityName":"Nampula","hotelId":20009933,"hotelName":"Luna Hotel Executivo","address":"Rua De Tete 370,Nampula 0 Nampula Mozambique,Mozambique","phones":"","fax":"","email":"","url":"","countryIso2":"MZ","countryName":"Mozambique","hotelRating":"4","latitude":"-15.1255","longitude":"39.2599","state_id":3336,"state_name":"Nampula Province","country_id":150},{"active":false,"Giataid":"545215","cityId":76619,"cityName":"Nampula","hotelId":20010100,"hotelName":"New Hotel Nampula","address":"Avenida Eduardo Mondlane 274,Nampula,Mozambique","phones":"","fax":"","email":"","url":"","countryIso2":"MZ","countryName":"Mozambique","hotelRating":"5","latitude":"-15.114","longitude":"39.2575","state_id":3336,"state_name":"Nampula Province","country_id":150},{"active":false,"Giataid":"726308","cityId":null,"cityName":"Bilene","hotelId":20010342,"hotelName":"Royal Residency Bilene","address":"Sao Martinho,Praia do Bilene,Mozambique","phones":"","fax":"","email":"","url":"","countryIso2":"MZ","countryName":"Mozambique","hotelRating":"0","latitude":"-25.2786","longitude":"33.2578","state_id":null,"state_name":null,"country_id":null},{"active":false,"Giataid":"122693","cityId":null,"cityName":"Vilankulo","hotelId":20010693,"hotelName":"Casa Rex","address":"19 Bairro de Outubro,Vilanculos,Mozambique","phones":"+25829382048","fax":"","email":"info@casmaratrading.com","url":"http://www.casa-rex.com","countryIso2":"MZ","countryName":"Mozambique","hotelRating":"4","latitude":"-21.9809","longitude":"35.3156","state_id":null,"state_name":null,"country_id":null},{"active":false,"Giataid":"726431","cityId":76601,"cityName":"Inhambane","hotelId":20011135,"hotelName":"Palm Grove Lodge","address":"Praia Do Barra,Inhambane,Mozambique","phones":"+258846837543","fax":"","email":"palmgrovelodgemoz@gmail.com","url":"http://www.palmgrovelodge.com","countryIso2":"MZ","countryName":"Mozambique","hotelRating":"0","latitude":"-23.8734","longitude":"35.476","state_id":3330,"state_name":"Inhambane Province","country_id":150},{"active":false,"Giataid":"725905","cityId":76601,"cityName":"Inhambane","hotelId":20011255,"hotelName":"Catalina Lodge","address":"Praia de Paindane,Jangamo,1300 Inhambane,Mozambique","phones":"","fax":"","email":"","url":"http://www.hotels.com/ho629972672","countryIso2":"MZ","countryName":"Mozambique","hotelRating":"0","latitude":"-23.8734","longitude":"35.476","state_id":3330,"state_name":"Inhambane Province","country_id":150},{"active":false,"Giataid":"526897","cityId":76624,"cityName":"Tete","hotelId":20011401,"hotelName":"Masolosolo Lodge","address":"Neighborhood Matundo, Lakeshore,Zambezi River,Tete,Mozambique","phones":"+258829099467","fax":"","email":"info@masolosolo.com","url":"http://www.masolosolo.com/en/","countryIso2":"MZ","countryName":"Mozambique","hotelRating":"0","latitude":"-16.128","longitude":"33.6074","state_id":3334,"state_name":"Tete Province","country_id":150},{"active":false,"Giataid":"724371","cityId":76619,"cityName":"Nampula","hotelId":20011556,"hotelName":"Residential Primavera","address":"Rua De Macombre 1024,3100 Nampula,Mozambique","phones":"","fax":"","email":"","url":"","countryIso2":"MZ","countryName":"Mozambique","hotelRating":"0","latitude":"-15.1181","longitude":"39.2618","state_id":3336,"state_name":"Nampula Province","country_id":150},{"active":false,"Giataid":"526781","cityId":null,"cityName":"Vilankulo","hotelId":20011667,"hotelName":"Aguia Negra","address":"Vilanculos,Inhambane,Mozambique","phones":"+25829382387","fax":"+25829382229","email":"aguianegra@tdm.co.mz","url":"http://www.aguianegrahotel.com/","countryIso2":"MZ","countryName":"Mozambique","hotelRating":"0","latitude":"-21.9997","longitude":"35.3192","state_id":null,"state_name":null,"country_id":null},{"active":false,"Giataid":"684112","cityId":76624,"cityName":"Tete","hotelId":20011972,"hotelName":"Hotel Natura","address":"Estrada Da Zambia,Matundo,Tete,Mozambique","phones":"+258849671342","fax":"+258849671342","email":"info@hotelnatura.co.mz","url":"http://www.hotelnatura.co.mz","countryIso2":"MZ","countryName":"Mozambique","hotelRating":"0","latitude":"-16.1376","longitude":"33.6033","state_id":3334,"state_name":"Tete Province","country_id":150},{"active":false,"Giataid":"508501","cityId":null,"cityName":"Ponta do Ouro","hotelId":20012081,"hotelName":"Devocean Resorts","address":"South Road 41,Ponta dOuro,Mozambique","phones":"+258842671953","fax":"","email":"info@devoceandiving.com","url":"http://devoceanresorts.com/","countryIso2":"MZ","countryName":"Mozambique","hotelRating":"2","latitude":"-26.8419","longitude":"32.885","state_id":null,"state_name":null,"country_id":null},{"active":false,"Giataid":"427337","cityId":null,"cityName":"Guru?","hotelId":20012214,"hotelName":"Hotel Pensao Gurue","address":"Avenida da Republica 11,Guru?,Zambezia,Mozambique","phones":"+25824910050","fax":"+25821022271","email":"pensao.gurue@gmail.com","url":"http://sites.google.com/site/pensaogurue","countryIso2":"MZ","countryName":"Mozambique","hotelRating":"0","latitude":"-15.4669","longitude":"36.9781","state_id":null,"state_name":null,"country_id":null},{"active":false,"Giataid":"547143","cityId":76619,"cityName":"Nampula","hotelId":20012369,"hotelName":"Hotel Lurio","address":"Avenida DA INDEPENDENCIA N. 544,NAMPULA,Mozambique","phones":"","fax":"","email":"","url":"","countryIso2":"MZ","countryName":"Mozambique","hotelRating":"3","latitude":"-15.1163","longitude":"39.266","state_id":3336,"state_name":"Nampula Province","country_id":150},{"active":false,"Giataid":"724148","cityId":null,"cityName":"Ponta do Ouro","hotelId":20012453,"hotelName":"Ntsuty Lodge","address":"Point Hill Drive,Parcela 304 A,Ponta Do Ouro,Mozambique","phones":"","fax":"","email":"","url":"","countryIso2":"MZ","countryName":"Mozambique","hotelRating":"0","latitude":"-26.813","longitude":"32.8868","state_id":null,"state_name":null,"country_id":null},{"active":false,"Giataid":"726808","cityId":null,"cityName":"Bilene","hotelId":20012574,"hotelName":"Humula Beach Resort","address":"Bairro Tsatsene,Praia do Bilene,Mozambique","phones":"","fax":"","email":"","url":"http://www.hotels.com/ho642412416","countryIso2":"MZ","countryName":"Mozambique","hotelRating":"0","latitude":"-25.2786","longitude":"33.2578","state_id":null,"state_name":null,"country_id":null},{"active":false,"Giataid":"725695","cityId":null,"cityName":"Bilene","hotelId":20012711,"hotelName":"Complexo Palmeiras","address":"Main Road,1203 Praia do Bilene,Mozambique","phones":"+25828259019","fax":"+25828259019","email":"palmeira@virconn.com","url":"http://www.complexopalmeiras.blogspot.com","countryIso2":"MZ","countryName":"Mozambique","hotelRating":"0","latitude":"-25.2786","longitude":"33.2578","state_id":null,"state_name":null,"country_id":null},{"active":false,"Giataid":"526890","cityId":76590,"cityName":"Beira","hotelId":20012824,"hotelName":"Sena Hotel","address":"Avenida M?rtires da Revolu??o, n? 189,Beira,Sofala Province,Mozambique","phones":"+25823311070","fax":"+25823311072","email":"booking@senahotel.co.mz","url":"http://www.senahotel.net/","countryIso2":"MZ","countryName":"Mozambique","hotelRating":"0","latitude":"-19.8294","longitude":"34.8379","state_id":3331,"state_name":"Sofala Province","country_id":150},{"active":false,"Giataid":"365582","cityId":76601,"cityName":"Inhambane","hotelId":20012942,"hotelName":"Bamboozi Beach Lodge","address":"101 Coconut Drive,Praia de Tofo,Inhambane,Mozambique","phones":"","fax":"","email":"book@comparesafaris.com","url":"http://www.bamboozilodge.com/","countryIso2":"MZ","countryName":"Mozambique","hotelRating":"0","latitude":"-23.8569","longitude":"35.548","state_id":3330,"state_name":"Inhambane Province","country_id":150},{"active":false,"Giataid":"723785","cityId":76601,"cityName":"Inhambane","hotelId":20013084,"hotelName":"Khumbula iMozambique","address":"Paindane Bay,1240 Inhambane,Mozambique","phones":"","fax":"","email":"","url":"","countryIso2":"MZ","countryName":"Mozambique","hotelRating":"0","latitude":"-23.8734","longitude":"35.476","state_id":3330,"state_name":"Inhambane Province","country_id":150},{"active":false,"Giataid":"526763","cityId":76601,"cityName":"Inhambane","hotelId":20013283,"hotelName":"Barra Beach Resort","address":"30 minutes from Inhambane,Praio de Barra,Inhambane,Mozambique","phones":"+258828331861","fax":"","email":"reservation@barrabeachresort.com","url":"http://www.barrabeachresort.com/","countryIso2":"MZ","countryName":"Mozambique","hotelRating":"0","latitude":"-23.7937","longitude":"35.5299","state_id":3330,"state_name":"Inhambane Province","country_id":150},{"active":false,"Giataid":"601695","cityId":76608,"cityName":"Maputo","hotelId":20013367,"hotelName":"Hotel Monte Carlo","address":"Avenida Patrice Lumumba 620,Maputo 1100,Mozambique","phones":"+25821304048","fax":"","email":"","url":"","countryIso2":"MZ","countryName":"Mozambique","hotelRating":"3","latitude":"-25.9731","longitude":"32.5811","state_id":3335,"state_name":"Maputo","country_id":150},{"active":false,"Giataid":"725939","cityId":76601,"cityName":"Inhambane","hotelId":20013493,"hotelName":"Mango Beach","address":"Beach Road,Tofo,Inhambane,Mozambique","phones":"+258842623704","fax":"","email":"bookings@mangobeachtofo.co.za","url":"http://www.mangobeachtofo.com","countryIso2":"MZ","countryName":"Mozambique","hotelRating":"0","latitude":"-23.8734","longitude":"35.476","state_id":3330,"state_name":"Inhambane Province","country_id":150},{"active":false,"Giataid":"724885","cityId":76621,"cityName":"Pemba","hotelId":20013747,"hotelName":"nZuwa Lodge","address":"Aveneda Agustinho Neto 1591,3020 Pemba,Mozambique","phones":"+258827306365","fax":"","email":"info@nzuwa","url":"http://nzuwa.com","countryIso2":"MZ","countryName":"Mozambique","hotelRating":"0","latitude":"-13.0649","longitude":"40.5533","state_id":3327,"state_name":"Cabo Delgado Province","country_id":150},{"active":false,"Giataid":"526307","cityId":76621,"cityName":"Pemba","hotelId":20013877,"hotelName":"Ulala Lodge","address":"Praia Muitua,Murr?bu?,Pemba,Mozambique","phones":"+258827415104","fax":"","email":"","url":"http://www.ulala-lodge.com/","countryIso2":"MZ","countryName":"Mozambique","hotelRating":"3","latitude":"-13.0885","longitude":"40.5513","state_id":3327,"state_name":"Cabo Delgado Province","country_id":150},{"active":false,"Giataid":"458894","cityId":null,"cityName":"Vilankulo","hotelId":20013969,"hotelName":"Casa Cabana Beach","address":"3 Beach Road,North Beach,2193 Vilanculos,Mozambique","phones":"+258112680335","fax":"+258112680337","email":"janine.chemaly@harveyworldtravel.co.za","url":"http://www.casacabanabeach.com","countryIso2":"MZ","countryName":"Mozambique","hotelRating":"0","latitude":"-21.9778","longitude":"35.3147","state_id":null,"state_name":null,"country_id":null},{"active":false,"Giataid":"526908","cityId":76608,"cityName":"Maputo","hotelId":20014087,"hotelName":"Sundown Residencial Guest House","address":"Rua 1301 Sommerschield,Casa 107,Maputo,Mozambique","phones":"+25821497543","fax":"+25821497546","email":"sunresidencial@gmail.com","url":"http://www.hotelmaputo.com/","countryIso2":"MZ","countryName":"Mozambique","hotelRating":"0","latitude":"-25.8929","longitude":"32.6055","state_id":3335,"state_name":"Maputo","country_id":150},{"active":false,"Giataid":"726693","cityId":null,"cityName":"Tofo","hotelId":20014175,"hotelName":"Beach Villa Tofinho","address":"Tofinho South Road 1234,Tofo,Inhambane,Mozambique","phones":"","fax":"","email":"","url":"","countryIso2":"MZ","countryName":"Mozambique","hotelRating":"0","latitude":"-23.8526","longitude":"35.5453","state_id":null,"state_name":null,"country_id":null},{"active":false,"Giataid":"725665","cityId":null,"cityName":"Vilankulo","hotelId":20014295,"hotelName":"Hotel Central Vilanculos","address":"Eduardo Mondlane Avenue 72A,1100 Vilanculos,Mozambique","phones":"","fax":"","email":"","url":"","countryIso2":"MZ","countryName":"Mozambique","hotelRating":"0","latitude":"-21.9971","longitude":"35.3188","state_id":null,"state_name":null,"country_id":null},{"active":false,"Giataid":"512036","cityId":76601,"cityName":"Inhambane","hotelId":20014426,"hotelName":"Vista do Mar","address":"Praia da Barra,1300 Inhambane,Mozambique","phones":"","fax":"","email":"","url":"","countryIso2":"MZ","countryName":"Mozambique","hotelRating":"3","latitude":"-23.8736","longitude":"35.3881","state_id":3330,"state_name":"Inhambane Province","country_id":150},{"active":false,"Giataid":"726590","cityId":76601,"cityName":"Inhambane","hotelId":20014528,"hotelName":"Bayview Lodge","address":"Barra Road,Praia Da Barra,Inhambane,Mozambique","phones":"+258847433334","fax":"","email":"info@bayviewlodgemoz.com","url":"http://www.bayviewlodgemoz.com","countryIso2":"MZ","countryName":"Mozambique","hotelRating":"0","latitude":"-23.7864","longitude":"35.5014","state_id":3330,"state_name":"Inhambane Province","country_id":150},{"active":false,"Giataid":"526912","cityId":76624,"cityName":"Tete","hotelId":20014810,"hotelName":"Villa Habsburg","address":"Bairro Matundo,Tete 5100,Mozambique","phones":"+25825220323","fax":"","email":"info@villahabsburg.com","url":"http://villahabsburg.com/","countryIso2":"MZ","countryName":"Mozambique","hotelRating":"0","latitude":"-16.133","longitude":"33.6064","state_id":3334,"state_name":"Tete Province","country_id":150},{"active":false,"Giataid":"683950","cityId":null,"cityName":"Bilene","hotelId":20014692,"hotelName":"Bilene Lodge","address":"Avenida da Marginal s/n,Praia do Bilene 0902,Mozambique","phones":"","fax":"","email":"","url":"","countryIso2":"MZ","countryName":"Mozambique","hotelRating":"0","latitude":"-25.2855","longitude":"33.2544","state_id":null,"state_name":null,"country_id":null},{"active":false,"Giataid":"626275","cityId":null,"cityName":"Vilankulo","hotelId":20014911,"hotelName":"Casa Jules","address":"Marginal,Bairro Central,Vilanculos,Mozambique","phones":"+258846869870","fax":"","email":"info@casajules.com","url":"http://www.casajules.com/","countryIso2":"MZ","countryName":"Mozambique","hotelRating":"0","latitude":"-21.9988","longitude":"35.3244","state_id":null,"state_name":null,"country_id":null},{"active":false,"Giataid":"724289","cityId":76608,"cityName":"Maputo","hotelId":20015050,"hotelName":"Delagoa Bay City Inn","address":"Rua Mtomoni 57,Maputo,Mozambique","phones":"+25821498836","fax":"","email":"reservations@delagoabayinn.com","url":"http://www.delagoabayinn.com","countryIso2":"MZ","countryName":"Mozambique","hotelRating":"0","latitude":"-25.9749","longitude":"32.5946","state_id":3335,"state_name":"Maputo","country_id":150},{"active":false,"Giataid":"530246","cityId":null,"cityName":"Ponta do Ouro","hotelId":20015166,"hotelName":"Tartaruga Maritima Luxury Tented Camp","address":"Kangela Estate,Ponta Malongane,Ponta do Ouro,Mozambique","phones":"+25827353407013","fax":"","email":"tartaruga@mweb.co.za","url":"http://PontaMalongane","countryIso2":"MZ","countryName":"Mozambique","hotelRating":"0","latitude":"-25.9647","longitude":"32.5852","state_id":null,"state_name":null,"country_id":null},{"active":false,"Giataid":"601702","cityId":null,"cityName":"Tofo","hotelId":20015365,"hotelName":"Mozambeat Motel","address":"Tofinho S Rd,Bairro Josina Machel,1304 Tofo,Mozambique","phones":"+258844223515","fax":"","email":"info@mozambeatmotel.com","url":"http://www.mozambeatmotel.com/","countryIso2":"MZ","countryName":"Mozambique","hotelRating":"0","latitude":"-23.865","longitude":"35.5441","state_id":null,"state_name":null,"country_id":null},{"active":false,"Giataid":"474973","cityId":76608,"cityName":"Maputo","hotelId":20015521,"hotelName":"The Matola Hotel","address":"Avenida Da Namaacha Km 16,Matola,Maputo 1114,Mozambique","phones":"+258843116573","fax":"","email":"info@multihotel.co.mz","url":"http://www.multihotel.co.mz","countryIso2":"MZ","countryName":"Mozambique","hotelRating":"3","latitude":"-25.9651","longitude":"32.4469","state_id":3335,"state_name":"Maputo","country_id":150},{"active":false,"Giataid":"601692","cityId":76608,"cityName":"Maputo","hotelId":20015584,"hotelName":"Jacaranda Guesthouse","address":"Avenida Armando Tivane 65,Maputo,Mozambique","phones":"+25821486371","fax":"","email":"jacaranda@tvcabo.co.mz","url":"http://www.jacaranda.co.mz/","countryIso2":"MZ","countryName":"Mozambique","hotelRating":"3","latitude":"-25.9793","longitude":"32.5911","state_id":3335,"state_name":"Maputo","country_id":150},{"active":false,"Giataid":"359528","cityId":null,"cityName":"Gorongosa National Park","hotelId":20015909,"hotelName":"Kubatana Camp","address":"Gorongosa National Park,Mozambique","phones":"","fax":"","email":"","url":"","countryIso2":"MZ","countryName":"Mozambique","hotelRating":"4","latitude":"-18.7033","longitude":"34.3243","state_id":null,"state_name":null,"country_id":null},{"active":false,"Giataid":"725670","cityId":null,"cityName":"Vilankulo","hotelId":20016183,"hotelName":"Mamma Mia Complexo","address":"Avenida Marginal 1099,1304 Vilanculos,Mozambique","phones":"+258847260325","fax":"","email":"infosolemare@gmail.com","url":"http://mammamiacomplexo.wordpress.com","countryIso2":"MZ","countryName":"Mozambique","hotelRating":"0","latitude":"-21.9966","longitude":"35.3238","state_id":null,"state_name":null,"country_id":null},{"active":false,"Giataid":"72731","cityId":null,"cityName":"Limpopo River Mouth","hotelId":20016298,"hotelName":"Zongoene Lodge","address":"Limpopo River Mouth,Mozambique","phones":"+258879414644","fax":"+258847475850","email":"lodge@zongoene.com","url":"http://www.zongoene.com","countryIso2":"MZ","countryName":"Mozambique","hotelRating":"3","latitude":"-25.1985","longitude":"33.5115","state_id":null,"state_name":null,"country_id":null},{"active":false,"Giataid":"652611","cityId":null,"cityName":"Vilankulo","hotelId":20016430,"hotelName":"Palmeiras Lodge","address":"Avenida Marginal,Bairro Central,4258 Vilankulo,Mozambique","phones":"+25829382050","fax":"","email":"bookings@palmeiras-lodge.net","url":"http://www.palmeiras-lodge.net/","countryIso2":"MZ","countryName":"Mozambique","hotelRating":"0","latitude":"-21.995","longitude":"35.3244","state_id":null,"state_name":null,"country_id":null},{"active":false,"Giataid":"546824","cityId":null,"cityName":"Vilankulo","hotelId":20016569,"hotelName":"Baobab Beach Lodge & Backpackers","address":"Rua do Palacio,Bairro Desse,Vilanculos,Mozambique","phones":"+258827315420","fax":"","email":"info@baobabbeach.net","url":"http://www.baobabbeach.net/content/contact","countryIso2":"MZ","countryName":"Mozambique","hotelRating":"2","latitude":"-22.0093","longitude":"35.3216","state_id":null,"state_name":null,"country_id":null},{"active":false,"Giataid":"660392","cityId":76608,"cityName":"Maputo","hotelId":20016689,"hotelName":"Sommerschield Guest House","address":"Rua Beijo da Mulata 148,1102 Maputo,Mozambique","phones":"+258823233333","fax":"+25821023877","email":"info@sommerschieldgh.com","url":"https://www.sommerschieldgh.com","countryIso2":"MZ","countryName":"Mozambique","hotelRating":"3","latitude":"-25.9493","longitude":"32.605","state_id":3335,"state_name":"Maputo","country_id":150},{"active":false,"Giataid":"518917","cityId":76608,"cityName":"Maputo","hotelId":20016818,"hotelName":"Guesthouse 1109","address":"Av. Patrice Lumumba 1109,Maputo,Mozambique","phones":"+25821302155","fax":"","email":"info@maputoguesthouse1109.com","url":"http://www.maputoguesthouse1109.com/","countryIso2":"MZ","countryName":"Mozambique","hotelRating":"3","latitude":"-25.9716","longitude":"32.577","state_id":3335,"state_name":"Maputo","country_id":150},{"active":false,"Giataid":"589956","cityId":null,"cityName":"Vilankulo","hotelId":20016932,"hotelName":"Deacra Villas By Sol Resorts","address":"Bairro de Outubro 19,Inhambane,1304 Vilankulo,Mozambique","phones":"+25829382048","fax":"","email":"reservations@casmaratrading.com","url":"http://www.solresortsonline.com/deacra-villas-sol-resorts-vilankulo-mozambique/","countryIso2":"MZ","countryName":"Mozambique","hotelRating":"4","latitude":"-21.9811","longitude":"35.3148","state_id":null,"state_name":null,"country_id":null},{"active":false,"Giataid":"473148","cityId":null,"cityName":"Vilankulo","hotelId":20017051,"hotelName":"Varanda - Vilankulo","address":"Bairro Desse n?338,,1304 Vilanculos,Mozambique","phones":"","fax":"","email":"","url":"","countryIso2":"MZ","countryName":"Mozambique","hotelRating":"0","latitude":"-22.0054","longitude":"35.3231","state_id":null,"state_name":null,"country_id":null},{"active":false,"Giataid":"726341","cityId":null,"cityName":"Vilankulo","hotelId":20017248,"hotelName":"Bahia Mar Beach House","address":"Royal Road,1304 Vilanculos,Mozambique","phones":"","fax":"","email":"","url":"","countryIso2":"MZ","countryName":"Mozambique","hotelRating":"0","latitude":"-21.9846","longitude":"35.3184","state_id":null,"state_name":null,"country_id":null},{"active":false,"Giataid":"391832","cityId":null,"cityName":"Gorongosa National Park","hotelId":20017498,"hotelName":"Montebelo Gorongosa Lodge & Safari","address":"Parque Nacional da Gorongosa,PO BOX 1983,EN 1 Beira,Sofala,Mozambique","phones":"+25823580122","fax":"","email":"montebelogorongosa@montebelohotels.com","url":"http://www.montebelohotels.com/mz/montebelo-gorongosa-lodge-e-safari","countryIso2":"MZ","countryName":"Mozambique","hotelRating":"3","latitude":"-18.979","longitude":"34.3521","state_id":null,"state_name":null,"country_id":null},{"active":false,"Giataid":"725027","cityId":null,"cityName":"Chidenguele","hotelId":20354478,"hotelName":"Mozambique Island Getaways","address":"Canda Island,Chidenguele,Inhambane,Mozambique","phones":"","fax":"","email":"","url":"","countryIso2":"MZ","countryName":"Mozambique","hotelRating":"0","latitude":"-24.9236","longitude":"34.2379","state_id":null,"state_name":null,"country_id":null},{"active":false,"Giataid":"860147","cityId":76608,"cityName":"Maputo","hotelId":20354482,"hotelName":"StayEasy Maputo","address":"P.O. Box 4354,Avenida Da Marginal 151,1100 Maputo,Mozambique","phones":"+25820607030","fax":"","email":"semaputo.reservations@tsogosun.com","url":"https://www.tsogosun.com/m/stayeasy-maputo","countryIso2":"MZ","countryName":"Mozambique","hotelRating":"3","latitude":"-25.9647","longitude":"32.5852","state_id":3335,"state_name":"Maputo","country_id":150},{"active":false,"Giataid":"875119","cityId":null,"cityName":"Tofo","hotelId":20354483,"hotelName":"Casa Algodoal","address":"Praia Do Tofo,Tofo,Inhambane,Mozambique","phones":"","fax":"","email":"","url":"","countryIso2":"MZ","countryName":"Mozambique","hotelRating":"0","latitude":"-23.8546","longitude":"35.5499","state_id":null,"state_name":null,"country_id":null},{"active":false,"Giataid":"875174","cityId":null,"cityName":"Bilene","hotelId":20354496,"hotelName":"Serenity","address":"Nhabanga Village,Bilene,Mozambique","phones":"+258836273174","fax":"","email":"stan@monocom.co.za","url":"http://serenitymoz.com","countryIso2":"MZ","countryName":"Mozambique","hotelRating":"0","latitude":"-25.2734","longitude":"33.2759","state_id":null,"state_name":null,"country_id":null},{"active":false,"Giataid":"726582","cityId":null,"cityName":"Chidenguele","hotelId":20354500,"hotelName":"Paraiso De Chidenguele","address":"1 Praia De Chidenguele,2005  Chidenguele,Mozambique","phones":"+258843909999","fax":"","email":"reservas.paraiso@lkgrupo.com","url":"http://www.paraisodechidenguele.com","countryIso2":"MZ","countryName":"Mozambique","hotelRating":"0","latitude":"-24.9555","longitude":"34.1966","state_id":null,"state_name":null,"country_id":null},{"active":false,"Giataid":"898350","cityId":null,"cityName":"Bilene","hotelId":20354505,"hotelName":"Kaia Praia","address":"Rua Alfredo Nhabanga,1203 Bilene,Mozambique","phones":"","fax":"","email":"","url":"","countryIso2":"MZ","countryName":"Mozambique","hotelRating":"0","latitude":"-25.2734","longitude":"33.2759","state_id":null,"state_name":null,"country_id":null},{"active":false,"Giataid":"866351","cityId":76621,"cityName":"Pemba","hotelId":20354506,"hotelName":"Pensao Residencial Reggio Emilia","address":"Avenida Da Marginal 8696,Pemba,Mozambique","phones":"","fax":"","email":"","url":"","countryIso2":"MZ","countryName":"Mozambique","hotelRating":"0","latitude":"-12.9955","longitude":"40.526","state_id":3327,"state_name":"Cabo Delgado Province","country_id":150},{"active":false,"Giataid":"898464","cityId":76621,"cityName":"Pemba","hotelId":20354511,"hotelName":"Kirimizi Hotel & Restaurante","address":"9691 Avenida Marginal,Praia De Nanhimbe,Pemba,Cabo Delgado,Mozambique","phones":"+25827220180","fax":"","email":"direcao@kirimizihotel.com","url":"http://www.kirimizihotel.com/","countryIso2":"MZ","countryName":"Mozambique","hotelRating":"0","latitude":"-12.9955","longitude":"40.526","state_id":3327,"state_name":"Cabo Delgado Province","country_id":150},{"active":false,"Giataid":"875202","cityId":76608,"cityName":"Maputo","hotelId":20354514,"hotelName":"Melia Maputo Sky","address":"Rua Dos Desportistas 755,Maputo,Mozambique","phones":"+25820600397","fax":"","email":"melia.maputo@meliamoz.com","url":"https://www.meliamaputo.com","countryIso2":"MZ","countryName":"Mozambique","hotelRating":"3","latitude":"-25.9647","longitude":"32.5852","state_id":3335,"state_name":"Maputo","country_id":150},{"active":false,"Giataid":"875935","cityId":null,"cityName":"Ponta do Ouro","hotelId":20354515,"hotelName":"Lar Do Ouro Lodge","address":"Rua C 9,Ponta do Ouro,Mozambique","phones":"","fax":"","email":"","url":"","countryIso2":"MZ","countryName":"Mozambique","hotelRating":"0","latitude":"-26.813","longitude":"32.8868","state_id":null,"state_name":null,"country_id":null},{"active":false,"Giataid":"875138","cityId":76601,"cityName":"Inhambane","hotelId":20354516,"hotelName":"Vertigo Lodge De Estuario","address":"Bairro Josina Machel Tofo,1234 Inhambane,Mozambique","phones":"+258848939056","fax":"","email":"info@vertigolodge.com","url":"http://vertigolodge.com","countryIso2":"MZ","countryName":"Mozambique","hotelRating":"0","latitude":"-23.8734","longitude":"35.476","state_id":3330,"state_name":"Inhambane Province","country_id":150},{"active":false,"Giataid":"898487","cityId":null,"cityName":"Ponta do Ouro","hotelId":20354518,"hotelName":"Gamboozini Lodge","address":"Parcela 549,Ponta Do Ouro 1100,Mozambique","phones":"+258844855496","fax":"","email":"","url":"http://www.gamboozini.com","countryIso2":"MZ","countryName":"Mozambique","hotelRating":"0","latitude":"-26.8484","longitude":"32.8898","state_id":null,"state_name":null,"country_id":null},{"active":false,"Giataid":"900847","cityId":null,"cityName":"Vilankulo","hotelId":20354519,"hotelName":"Perlo Do Mar","address":"De Outubro 19,Manhaque,Vilanculos,Mozambique","phones":"+25827837937410","fax":"","email":"info@perlodomar.com","url":"http://www.perlodomar.com","countryIso2":"MZ","countryName":"Mozambique","hotelRating":"4","latitude":"-22.0048","longitude":"35.3246","state_id":null,"state_name":null,"country_id":null},{"active":false,"Giataid":"878039","cityId":null,"cityName":"Bilene","hotelId":20354520,"hotelName":"Hotel Bilene","address":"Bairro Cimento,Praia Do Bilene,Gaza,Mozambique","phones":"","fax":"","email":"","url":"","countryIso2":"MZ","countryName":"Mozambique","hotelRating":"0","latitude":"-25.2734","longitude":"33.2759","state_id":null,"state_name":null,"country_id":null},{"active":false,"Giataid":"875929","cityId":76601,"cityName":"Inhambane","hotelId":20354521,"hotelName":"White Sands","address":"Inhambane Road,1300 Inhambane,Mozambique","phones":"+258825744127","fax":"","email":"","url":"http://www.whitesands-mozambique.co.za","countryIso2":"MZ","countryName":"Mozambique","hotelRating":"0","latitude":"-23.8734","longitude":"35.476","state_id":3330,"state_name":"Inhambane Province","country_id":150},{"active":false,"Giataid":"899934","cityId":null,"cityName":"Ponta do Ouro","hotelId":20354523,"hotelName":"Cafe Del Mar","address":"Ponta Do Ouro,Mozambique","phones":"","fax":"","email":"","url":"","countryIso2":"MZ","countryName":"Mozambique","hotelRating":"0","latitude":"-26.813","longitude":"32.8868","state_id":null,"state_name":null,"country_id":null},{"active":false,"Giataid":"908797","cityId":null,"cityName":"Vilankulo","hotelId":20354524,"hotelName":"Luke's Place","address":"South Beach,Bairro Desse,Vilanculos,Inhambane,Mozambique","phones":"+258848144715","fax":"","email":"bookings@lukesplacemz.com","url":"http://www.lukesplacemz.com","countryIso2":"MZ","countryName":"Mozambique","hotelRating":"3","latitude":"-22.0048","longitude":"35.3246","state_id":null,"state_name":null,"country_id":null},{"active":false,"Giataid":"890119","cityId":null,"cityName":"Bilene","hotelId":20354525,"hotelName":"Boa Vista Resort","address":"Nhaganga,Bilene,Gaza,Mozambique","phones":"+258842870556","fax":"","email":"info@boavista.co.za","url":"http://www.boavista.co.za","countryIso2":"MZ","countryName":"Mozambique","hotelRating":"0","latitude":"-25.2734","longitude":"33.2759","state_id":null,"state_name":null,"country_id":null},{"active":false,"Giataid":"901546","cityId":76601,"cityName":"Inhambane","hotelId":20354526,"hotelName":"Sia Sente","address":"Beach Road 1307,Inhambane,Mozambique","phones":"","fax":"","email":"siasente@gmail.com","url":"http://www.siasente.co.za","countryIso2":"MZ","countryName":"Mozambique","hotelRating":"0","latitude":"-23.8734","longitude":"35.476","state_id":3330,"state_name":"Inhambane Province","country_id":150},{"active":false,"Giataid":"904249","cityId":76619,"cityName":"Nampula","hotelId":20354527,"hotelName":"Grand Plaza Hotel","address":"Rua Da Mueda 1050,Bairro Urbano Central,Nampula,Mozambique","phones":"+25826215757","fax":"","email":"info@grandplaza.com","url":"http://www.grandplazanampula.com","countryIso2":"MZ","countryName":"Mozambique","hotelRating":"0","latitude":"-15.1181","longitude":"39.2618","state_id":3336,"state_name":"Nampula Province","country_id":150},{"active":false,"Giataid":"901484","cityId":null,"cityName":"Ponta do Ouro","hotelId":20354528,"hotelName":"Nkanhe Lodge","address":"Ponta Beach Drive,2000 Ponta Do Ouro,Mozambique","phones":"","fax":"","email":"","url":"","countryIso2":"MZ","countryName":"Mozambique","hotelRating":"0","latitude":"-26.813","longitude":"32.8868","state_id":null,"state_name":null,"country_id":null},{"active":false,"Giataid":"866384","cityId":76590,"cityName":"Beira","hotelId":20354532,"hotelName":"Beira Terrace Hotel","address":"Avenida Marginal,Beira,Mozambique","phones":"","fax":"","email":"","url":"","countryIso2":"MZ","countryName":"Mozambique","hotelRating":"0","latitude":"-19.8294","longitude":"34.8379","state_id":3331,"state_name":"Sofala Province","country_id":150},{"active":false,"Giataid":"904239","cityId":76608,"cityName":"Maputo","hotelId":20354534,"hotelName":"Braga House","address":"Rua 3253,86 RC Coop,Maputo,Mozambique","phones":"","fax":"","email":"","url":"","countryIso2":"MZ","countryName":"Mozambique","hotelRating":"0","latitude":"-25.9647","longitude":"32.5852","state_id":3335,"state_name":"Maputo","country_id":150},{"active":false,"Giataid":"875968","cityId":null,"cityName":"Ponta do Ouro","hotelId":20354535,"hotelName":"Ponta Beach Guest House","address":"Rua B,Ponta do Ouro,Mozambique","phones":"","fax":"","email":"","url":"","countryIso2":"MZ","countryName":"Mozambique","hotelRating":"0","latitude":"-26.813","longitude":"32.8868","state_id":null,"state_name":null,"country_id":null},{"active":false,"Giataid":"875158","cityId":null,"cityName":"Vilankulo","hotelId":20354536,"hotelName":"Moyeni Lodge","address":"San Sebastian Peninsula,Vilanculos,Inhambane,Mozambique","phones":"+258279987000","fax":"","email":"henk@lawvfc.co.za","url":"http://www.moyenilodge.co.za","countryIso2":"MZ","countryName":"Mozambique","hotelRating":"4","latitude":"-22.0048","longitude":"35.3246","state_id":null,"state_name":null,"country_id":null},{"active":false,"Giataid":"952576","cityId":null,"cityName":"Ponta do Ouro","hotelId":20414571,"hotelName":"Ponta View Hotel","address":"Rua Da Ponta View 1291,Ponta Do Ouro,Mozambique","phones":"","fax":"","email":"","url":"","countryIso2":"MZ","countryName":"Mozambique","hotelRating":"1","latitude":"-26.813","longitude":"32.8868","state_id":null,"state_name":null,"country_id":null},{"active":false,"Giataid":"982383","cityId":null,"cityName":"Island of Mozambique","hotelId":20414572,"hotelName":"Feitoria Boutique Hotel","address":"Rua Amilcar Cabral 17,Bloco 16,Ilha De Mocambique,Mozambique","phones":"+258849696963","fax":"","email":"info@feitoria.co.mz","url":"http://www.feitoria.co.mz/the-hotel.html","countryIso2":"MZ","countryName":"Mozambique","hotelRating":"1","latitude":"-15.0328","longitude":"40.7361","state_id":null,"state_name":null,"country_id":null},{"active":false,"Giataid":"952594","cityId":76619,"cityName":"Nampula","hotelId":20414573,"hotelName":"Hotel Seasons And Spa","address":"Rua Dos Continuadores,3100 Nampula,Mozambique","phones":"","fax":"","email":"","url":"","countryIso2":"MZ","countryName":"Mozambique","hotelRating":"1","latitude":"-15.1181","longitude":"39.2618","state_id":3336,"state_name":"Nampula Province","country_id":150},{"active":false,"Giataid":"982397","cityId":null,"cityName":"Island of Mozambique","hotelId":20414575,"hotelName":"Villa Sands","address":"Rua Dos Trabalhadores,3105 Ilha De Mocambique,Mozambique","phones":"+258847447178","fax":"","email":"info@villasands.com","url":"http://villasands.com","countryIso2":"MZ","countryName":"Mozambique","hotelRating":"1","latitude":"-15.0328","longitude":"40.7361","state_id":null,"state_name":null,"country_id":null},{"active":false,"Giataid":"982366","cityId":76619,"cityName":"Nampula","hotelId":20414576,"hotelName":"Hotel Milenio","address":"Avenida 25 De Setembro 842,Nampula,Mozambique","phones":"+25826218877","fax":"","email":"hotelmilenio@tdm.co.mz","url":"http://www.hotelmilenio.co.mz","countryIso2":"MZ","countryName":"Mozambique","hotelRating":"3","latitude":"-15.1181","longitude":"39.2618","state_id":3336,"state_name":"Nampula Province","country_id":150},{"active":false,"Giataid":"982430","cityId":null,"cityName":"Tofo","hotelId":20414580,"hotelName":"Sundance Hostel","address":"Praia Do Tofo,Mozambique","phones":"+258847904675","fax":"","email":"","url":"http://www.sundancehosteltofo.com","countryIso2":"MZ","countryName":"Mozambique","hotelRating":"1","latitude":"-23.8526","longitude":"35.5453","state_id":null,"state_name":null,"country_id":null},{"active":false,"Giataid":"977754","cityId":76601,"cityName":"Inhambane","hotelId":20414582,"hotelName":"Villa Castellos","address":"Massavane Jangamo,Inhambane,Mozambique","phones":"","fax":"","email":"","url":"","countryIso2":"MZ","countryName":"Mozambique","hotelRating":"1","latitude":"-23.8734","longitude":"35.476","state_id":3330,"state_name":"Inhambane Province","country_id":150},{"active":false,"Giataid":"977774","cityId":null,"cityName":"Chidenguele","hotelId":20414578,"hotelName":"Cumbe Lodge","address":"Gaza,1210 Chidenguele,Mozambique","phones":"","fax":"","email":"","url":"","countryIso2":"MZ","countryName":"Mozambique","hotelRating":"1","latitude":"-24.9236","longitude":"34.2379","state_id":null,"state_name":null,"country_id":null},{"active":false,"Giataid":"954649","cityId":null,"cityName":"Tofo","hotelId":20414581,"hotelName":"Liquid Dive Family","address":"Praia do Tofo,Tofo,Mozambique","phones":"","fax":"","email":"info@liquiddiveadventures.com","url":"https://www.liquiddiveadventures.com/accomodation","countryIso2":"MZ","countryName":"Mozambique","hotelRating":"1","latitude":"-23.8526","longitude":"35.5453","state_id":null,"state_name":null,"country_id":null},{"active":false,"Giataid":"982439","cityId":null,"cityName":"Tofo","hotelId":20414584,"hotelName":"Tilak Lodge","address":"Beach Road,1001 Praia De Tofo,Mozambique","phones":"","fax":"","email":"","url":"","countryIso2":"MZ","countryName":"Mozambique","hotelRating":"1","latitude":"-23.8526","longitude":"35.5453","state_id":null,"state_name":null,"country_id":null},{"active":false,"Giataid":"977767","cityId":76608,"cityName":"Maputo","hotelId":20414585,"hotelName":"Hotel Continental","address":"Avenue Filipe Samuel Magaia 162,1112 Maputo,Mozambique","phones":"","fax":"","email":"","url":"","countryIso2":"MZ","countryName":"Mozambique","hotelRating":"1","latitude":"-25.9637","longitude":"32.5726","state_id":3335,"state_name":"Maputo","country_id":150},{"active":false,"Giataid":"977737","cityId":null,"cityName":"Ponta do Ouro","hotelId":20414587,"hotelName":"Paraiso Do Ouro Resort","address":"Stand Beach Road 384,1600 Ponta do Ouro,Mozambique","phones":"+258840106196","fax":"","email":"res@paraiso.co.za","url":"http://www.paraisodoouro.com","countryIso2":"MZ","countryName":"Mozambique","hotelRating":"1","latitude":"-26.813","longitude":"32.8868","state_id":null,"state_name":null,"country_id":null},{"active":false,"Giataid":"955064","cityId":null,"cityName":"Ponta do Ouro","hotelId":20414588,"hotelName":"ScubaAddicts Dive Lodge","address":"Ponta Do Ouro,Mozambique","phones":"","fax":"","email":"info@scubaaddicts.com","url":"http://www.scubaaddicts.com/scuba-diving-ponta-do-ouro-mozambique.html","countryIso2":"MZ","countryName":"Mozambique","hotelRating":"1","latitude":"-26.813","longitude":"32.8868","state_id":null,"state_name":null,"country_id":null},{"active":false,"Giataid":"1002916","cityId":76608,"cityName":"Maputo","hotelId":20437426,"hotelName":"Palm Aparthotel","address":"Avenida Eduardo Mondlane North 168,1507 Maputo,Mozambique","phones":"+258822623319","fax":"","email":"","url":"http://palmaparthotel.business.site","countryIso2":"MZ","countryName":"Mozambique","hotelRating":"1","latitude":"-25.9647","longitude":"32.5852","state_id":3335,"state_name":"Maputo","country_id":150},{"active":false,"Giataid":"1002853","cityId":76624,"cityName":"Tete","hotelId":20437427,"hotelName":"Le Victoria","address":"Avenida Independencia 349,2300 Tete,Mozambique","phones":"","fax":"","email":"","url":"","countryIso2":"MZ","countryName":"Mozambique","hotelRating":"1","latitude":"-16.1376","longitude":"33.6033","state_id":3334,"state_name":"Tete Province","country_id":150},{"active":false,"Giataid":"1002929","cityId":76608,"cityName":"Maputo","hotelId":20437429,"hotelName":"Xenon Urban Apartments","address":"Avenida Julius Nyerere 776,4000 Maputo,Mozambique","phones":"","fax":"","email":"","url":"","countryIso2":"MZ","countryName":"Mozambique","hotelRating":"1","latitude":"-25.9647","longitude":"32.5852","state_id":3335,"state_name":"Maputo","country_id":150},{"active":false,"Giataid":"1002900","cityId":76608,"cityName":"Maputo","hotelId":20437430,"hotelName":"The Base Backpackers","address":"Avenida Patrice Lumumba 545,1100 Maputo,Mozambique","phones":"+25821302723","fax":"","email":"","url":"http://thebasebackpackers.com","countryIso2":"MZ","countryName":"Mozambique","hotelRating":"1","latitude":"-25.9735","longitude":"32.5816","state_id":3335,"state_name":"Maputo","country_id":150}]