[{"active":false,"Giataid":"26270","cityId":131506,"cityName":"Victoria Falls","hotelId":26270,"hotelName":"A'zambezi River Lodge","address":"308 Parkway Drive,Victoria Falls,Zimbabwe","phones":"+2634757090","fax":"+2634772593","email":"reservations@rtg.co.zw","url":"http://www.azambezilodge.com/","countryIso2":"ZW","countryName":"Zimbabwe","hotelRating":"4","latitude":"-17.9009","longitude":"25.8231","state_id":1954,"state_name":"Matabeleland North Province","country_id":247},{"active":false,"Giataid":"27726","cityId":131506,"cityName":"Victoria Falls","hotelId":27726,"hotelName":"The Victoria Falls Hotel","address":"1 Mallet Drive,PO Box 10,situated in the Victoria Falls National Park,Victoria Falls,Harare Province,Zimbabwe","phones":"+2632132844751","fax":"","email":"pacro@africansunhotels.com","url":"http://www.tripadvisor.de/Hotel_Review-g293761-d305395-Reviews-Victoria_Falls_Hotel-Victoria_Falls.html","countryIso2":"ZW","countryName":"Zimbabwe","hotelRating":"5","latitude":"-17.9307","longitude":"25.8427","state_id":1954,"state_name":"Matabeleland North Province","country_id":247},{"active":false,"Giataid":"27727","cityId":131506,"cityName":"Victoria Falls","hotelId":27727,"hotelName":"The Kingdom At Victoria Falls","address":"1 Mallett Drive,Victoria Falls,Zimbabwe","phones":"+2631344275","fax":"","email":"pacro@africansunhotels.com","url":"","countryIso2":"ZW","countryName":"Zimbabwe","hotelRating":"3","latitude":"-17.9283","longitude":"25.8433","state_id":1954,"state_name":"Matabeleland North Province","country_id":247},{"active":false,"Giataid":"27728","cityId":131506,"cityName":"Victoria Falls","hotelId":27728,"hotelName":"Rainbow","address":"278 Parkway Drive,Victoria Falls,Zimbabwe","phones":"+2634772587","fax":"","email":"","url":"http://en.trihogo.com/zimbabwe-victoria-falls-victoria-falls-rainbow-rsort","countryIso2":"ZW","countryName":"Zimbabwe","hotelRating":"3","latitude":"-17.9225","longitude":"25.8368","state_id":1954,"state_name":"Matabeleland North Province","country_id":247},{"active":false,"Giataid":"27847","cityId":131506,"cityName":"Victoria Falls","hotelId":27847,"hotelName":"Victoria Falls Safari Lodge","address":"Victoria Falls,Zimbabwe,- Victoria Falls,Zimbabwe","phones":"+2631343201","fax":"+2631343207","email":"saflodge@saflodge.co.zw","url":"http://www.vfsl.com/index/","countryIso2":"ZW","countryName":"Zimbabwe","hotelRating":"4","latitude":"-17.9172","longitude":"25.8192","state_id":1954,"state_name":"Matabeleland North Province","country_id":247},{"active":false,"Giataid":"46632","cityId":131443,"cityName":"Harare","hotelId":46632,"hotelName":"Meikles","address":"Jason Moyo Avenue,Harare,Zimbabwe","phones":"+2634251105","fax":"+2634707754","email":"meikles@meikles.com","url":"http://www.meikles.com","countryIso2":"ZW","countryName":"Zimbabwe","hotelRating":"5","latitude":"-17.8303","longitude":"31.0527","state_id":1958,"state_name":"Harare Province","country_id":247},{"active":false,"Giataid":"46631","cityId":131443,"cityName":"Harare","hotelId":46631,"hotelName":"Cresta Jameson","address":"21 Park Street,Samora Machel Avenue,Harare,Zimbabwe","phones":"+2634774106","fax":"","email":"","url":"","countryIso2":"ZW","countryName":"Zimbabwe","hotelRating":"3","latitude":"-17.8282","longitude":"31.0439","state_id":1958,"state_name":"Harare Province","country_id":247},{"active":false,"Giataid":"46633","cityId":131443,"cityName":"Harare","hotelId":46633,"hotelName":"The Monomotapa Hotel","address":"54 Park Lane,Julius Nyerere Way,Harare,Zimbabwe","phones":"+2634704516","fax":"","email":"pacro@africansunhotels.com","url":"http://www.africansunhotels.com/Index.cfm?fuseaction=hotels.info&amp;name=crowne_plaza_monomotapa","countryIso2":"ZW","countryName":"Zimbabwe","hotelRating":"3","latitude":"-17.8262","longitude":"31.047","state_id":1958,"state_name":"Harare Province","country_id":247},{"active":false,"Giataid":"46634","cityId":131506,"cityName":"Victoria Falls","hotelId":46634,"hotelName":"The Elephant Camp","address":"Victoria Falls,Zimbabwe","phones":"+2631344571","fax":"","email":"info@wildhorizons.co.zw","url":"http://www.wildhorizons.co.za/elephantcamp/","countryIso2":"ZW","countryName":"Zimbabwe","hotelRating":"5","latitude":"-17.9321","longitude":"25.8336","state_id":1954,"state_name":"Matabeleland North Province","country_id":247},{"active":false,"Giataid":"46635","cityId":131506,"cityName":"Victoria Falls","hotelId":46635,"hotelName":"Ilala Lodge Hotel","address":"A8 Livingstone Way,Victoria Falls,Zimbabwe","phones":"+2631328444737","fax":"+2631344740","email":"ilalazws@africaonline.co.zw","url":"http://www.ilalalodge.com/","countryIso2":"ZW","countryName":"Zimbabwe","hotelRating":"4","latitude":"-17.9263","longitude":"25.8417","state_id":1954,"state_name":"Matabeleland North Province","country_id":247},{"active":false,"Giataid":"46637","cityId":131506,"cityName":"Victoria Falls","hotelId":46637,"hotelName":"Elephant Hills Resort","address":"328 Parkway Drive,Victoria Falls,Zimbabwe","phones":"+2631344793","fax":"","email":"pacro@africansunhotels.com","url":"http://www.africansunhotels.com/Index.cfm?fuseaction=hotels.info&amp;name=elephant_hills_resort","countryIso2":"ZW","countryName":"Zimbabwe","hotelRating":"4","latitude":"-17.9087","longitude":"25.8305","state_id":1954,"state_name":"Matabeleland North Province","country_id":247},{"active":false,"Giataid":"138516","cityId":131443,"cityName":"Harare","hotelId":138516,"hotelName":"Rainbow Towers Hotel","address":"Pennefather Avenue,Harare,Zimbabwe","phones":"+2634772633","fax":"+26327114637320","email":"functions@rainbowtowers.co.zw","url":"http://www.therainbowtowershotel.com/","countryIso2":"ZW","countryName":"Zimbabwe","hotelRating":"5","latitude":"-17.8313","longitude":"31.0359","state_id":1958,"state_name":"Harare Province","country_id":247},{"active":false,"Giataid":"142325","cityId":131506,"cityName":"Victoria Falls","hotelId":142325,"hotelName":"Jingle Bells Guesthouse","address":"Victoria Falls,Zimbabwe","phones":"","fax":"","email":"","url":"","countryIso2":"ZW","countryName":"Zimbabwe","hotelRating":"1","latitude":"-17.9336","longitude":"25.8292","state_id":1954,"state_name":"Matabeleland North Province","country_id":247},{"active":false,"Giataid":"201998","cityId":131443,"cityName":"Harare","hotelId":201998,"hotelName":"Bronte The Garden Hotel","address":"132 Baines Avenue,Corner 4th Street And Baines Avenue,Harare,Zimbabwe","phones":"+263242707522","fax":"","email":"","url":"","countryIso2":"ZW","countryName":"Zimbabwe","hotelRating":"4","latitude":"-17.8182","longitude":"31.0524","state_id":1958,"state_name":"Harare Province","country_id":247},{"active":false,"Giataid":"203030","cityId":131454,"cityName":"Kariba","hotelId":203030,"hotelName":"Caribbea Bay","address":"425, Impala Drive,Kariba,Zimbabwe","phones":"+263612452","fax":"","email":"reservations@cbb.africansun.co.zw","url":"http://www.africansunhotels.com/Index.cfm?fuseaction=hotels.info&amp;name=caribbea_bay","countryIso2":"ZW","countryName":"Zimbabwe","hotelRating":"3","latitude":"-16.533","longitude":"28.7944","state_id":1953,"state_name":"Mashonaland West Province","country_id":247},{"active":false,"Giataid":"203031","cityId":131469,"cityName":"Masvingo","hotelId":203031,"hotelName":"Great Zimbabwe","address":"Great Zimbabwe Road,Masvingo,Zimbabwe","phones":"+26339262274","fax":"","email":"pacro@africansunhotels.com","url":"http://www.africansunhotels.com/Index.cfm?fuseaction=hotels.info&amp;name=great_zimbabwe_hotel","countryIso2":"ZW","countryName":"Zimbabwe","hotelRating":"3","latitude":"-20.0728","longitude":"30.8328","state_id":1960,"state_name":"Masvingo Province","country_id":247},{"active":false,"Giataid":"203215","cityId":131506,"cityName":"Victoria Falls","hotelId":203215,"hotelName":"Savanna Lodge","address":"Victoria Falls,Zimbabwe","phones":"","fax":"","email":"","url":"","countryIso2":"ZW","countryName":"Zimbabwe","hotelRating":"2","latitude":"-17.9316","longitude":"25.8302","state_id":1954,"state_name":"Matabeleland North Province","country_id":247},{"active":false,"Giataid":"235383","cityId":131489,"cityName":"Nyanga","hotelId":235383,"hotelName":"Troutbeck Resort","address":"Nyanga Road,Nyanga,Zimbabwe","phones":"+263298487","fax":"","email":"pacro@africansunhotels.com","url":"","countryIso2":"ZW","countryName":"Zimbabwe","hotelRating":"3","latitude":"-18.1827","longitude":"32.8093","state_id":1959,"state_name":"Manicaland","country_id":247},{"active":false,"Giataid":"235384","cityId":131443,"cityName":"Harare","hotelId":235384,"hotelName":"Holiday Inn Harare","address":"Samora Machel Avenue,P.O. Box 7,Harare,Zimbabwe","phones":"+26342512047","fax":"+2634738956","email":"gm@hih.africansun.co.zw","url":"http://www.holidayinn.com/hotels/de/de/harare/harsf/hoteldetail","countryIso2":"ZW","countryName":"Zimbabwe","hotelRating":"3","latitude":"-17.8256","longitude":"31.0559","state_id":1958,"state_name":"Harare Province","country_id":247},{"active":false,"Giataid":"235385","cityId":131480,"cityName":"Mutare","hotelId":235385,"hotelName":"Holiday Inn Mutare","address":"Corner Aerodrome Road and Third Street,Mutare,Manicaland Province,Zimbabwe","phones":"+2632064431","fax":"+2632064466","email":"reservations@him.africansun.co.zw","url":"http://www.holidayinn.com/hotels/de/de/mutare/utare/hoteldetail","countryIso2":"ZW","countryName":"Zimbabwe","hotelRating":"2","latitude":"-18.9735","longitude":"32.6716","state_id":1959,"state_name":"Manicaland","country_id":247},{"active":false,"Giataid":"235386","cityId":131411,"cityName":"Bulawayo","hotelId":235386,"hotelName":"Holiday Inn Bulawayo","address":"P.O. Box Ac88,Ascott,Bulawayo,Zimbabwe","phones":"+2639252464","fax":"+2639238425","email":"gm@hib.africansun.co.zw","url":"http://www.holidayinn.com/hotels/de/de/bulawayo/buqwo/hoteldetail","countryIso2":"ZW","countryName":"Zimbabwe","hotelRating":"4","latitude":"-20.1609","longitude":"28.609","state_id":1956,"state_name":"Bulawayo Province","country_id":247},{"active":false,"Giataid":"235387","cityId":131402,"cityName":"Beitbridge","hotelId":235387,"hotelName":"Beitbridge Express ","address":"P.O. Box 371,Beitbridge,Zimbabwe","phones":"+26328623002","fax":"+26328623375","email":"gm@hiebeit.africansun.co.zw","url":"http://www.hiexpress.com/hotels/de/de/beitbridge/bezim/hoteldetail?hotelCode=BEZIM&amp;destination=Beitbridge%2C+ZWE&amp;numberOfRooms=1&amp;numberOfAdults=1&amp;numberOfChildren=0&amp;ratePreference=6CBARC","countryIso2":"ZW","countryName":"Zimbabwe","hotelRating":"2","latitude":"-22.2128","longitude":"29.989","state_id":1952,"state_name":"Matabeleland South Province","country_id":247},{"active":false,"Giataid":"237182","cityId":131443,"cityName":"Harare","hotelId":237182,"hotelName":"Harare Safari Lodge","address":"NULL","phones":"","fax":"","email":"safari@afrizim.com","url":"http://www.afrizim.com/Places/Harare/Accommodation/Hotels/Harare_Safari.asp","countryIso2":"ZW","countryName":"Zimbabwe","hotelRating":"4","latitude":"-17.8292","longitude":"31.054","state_id":1958,"state_name":"Harare Province","country_id":247},{"active":false,"Giataid":"363303","cityId":131506,"cityName":"Victoria Falls","hotelId":363303,"hotelName":"Amadeus Garden","address":"538 Reynard Road,Victoria Falls,Zimbabwe","phones":"+2631342261","fax":"+2631344293","email":"reservations@amadeusgarden.com","url":"http://www.amadeusgarden.com","countryIso2":"ZW","countryName":"Zimbabwe","hotelRating":"3","latitude":"-17.9272","longitude":"25.8275","state_id":1954,"state_name":"Matabeleland North Province","country_id":247},{"active":false,"Giataid":"363861","cityId":131506,"cityName":"Victoria Falls","hotelId":363861,"hotelName":"Victoria Falls River Lodge","address":"on the banks of the Zambezi River,Victoria Falls,Zambezi National Park,Zimbabwe","phones":"+26327414530650","fax":"","email":"reservations@zambezicrescent.com","url":"https://www.victoriafallsriverlodge.com","countryIso2":"ZW","countryName":"Zimbabwe","hotelRating":"4","latitude":"-17.8729","longitude":"25.79","state_id":1954,"state_name":"Matabeleland North Province","country_id":247},{"active":false,"Giataid":"363862","cityId":131506,"cityName":"Victoria Falls","hotelId":363862,"hotelName":"Pioneer Camp","address":"Upper Zambezi National Park,Zimbabwe","phones":"+26327117022035","fax":"+26327866896759","email":"reservations@wildfrontiers.com","url":"http://www.wildfrontiers.com/?q=con,112,Pioneers%20Camp","countryIso2":"ZW","countryName":"Zimbabwe","hotelRating":"4","latitude":"-17.9743","longitude":"25.709","state_id":1954,"state_name":"Matabeleland North Province","country_id":247},{"active":false,"Giataid":"367854","cityId":131443,"cityName":"Harare","hotelId":367854,"hotelName":"Cresta Oasis","address":"124 Nelson Mandela Avenue,Harare,Zimbabwe","phones":"+2634790861","fax":"","email":"","url":"","countryIso2":"ZW","countryName":"Zimbabwe","hotelRating":"3","latitude":"-17.8271","longitude":"31.0568","state_id":1958,"state_name":"Harare Province","country_id":247},{"active":false,"Giataid":"367855","cityId":131506,"cityName":"Victoria Falls","hotelId":367855,"hotelName":"Cresta Sprayview","address":"Corner Reynard Road And Livingstone Way,Victoria Falls,Zimbabwe","phones":"+2632132844344","fax":"","email":"","url":"","countryIso2":"ZW","countryName":"Zimbabwe","hotelRating":"3","latitude":"-17.931","longitude":"25.8295","state_id":1954,"state_name":"Matabeleland North Province","country_id":247},{"active":false,"Giataid":"368254","cityId":131411,"cityName":"Bulawayo","hotelId":368254,"hotelName":"The Bulawayo Club","address":"Corner 8th Ave &  Fort Street,Bulawayo,Zimbabwe","phones":"+2639881964","fax":"","email":"","url":"","countryIso2":"ZW","countryName":"Zimbabwe","hotelRating":"3","latitude":"-20.1547","longitude":"28.5812","state_id":1956,"state_name":"Bulawayo Province","country_id":247},{"active":false,"Giataid":"368255","cityId":131411,"cityName":"Bulawayo","hotelId":368255,"hotelName":"Granite Park Lodges","address":"3 Laidlaw Close,Granite Park,Bulawayo,Zimbabwe","phones":"+263774021907","fax":"","email":"","url":"","countryIso2":"ZW","countryName":"Zimbabwe","hotelRating":"3","latitude":"-20.2162","longitude":"28.5905","state_id":1956,"state_name":"Bulawayo Province","country_id":247},{"active":false,"Giataid":"368256","cityId":131411,"cityName":"Bulawayo","hotelId":368256,"hotelName":"Hornung Park Lodge","address":"79 Burnside Road,Bulawayo,Zimbabwe","phones":"+2639246868","fax":"","email":"","url":"","countryIso2":"ZW","countryName":"Zimbabwe","hotelRating":"1","latitude":"-20.2194","longitude":"28.6044","state_id":1956,"state_name":"Bulawayo Province","country_id":247},{"active":false,"Giataid":"368257","cityId":131411,"cityName":"Bulawayo","hotelId":368257,"hotelName":"Ingrids Lodge","address":"","phones":"","fax":"","email":"","url":"","countryIso2":"ZW","countryName":"Zimbabwe","hotelRating":"1","latitude":"-20.1854","longitude":"28.5773","state_id":1956,"state_name":"Bulawayo Province","country_id":247},{"active":false,"Giataid":"368258","cityId":131411,"cityName":"Bulawayo","hotelId":368258,"hotelName":"Musketeers Lodge","address":"42 Annabel Drive,Eloana,Bulawayo,Zimbabwe","phones":"+2639246343","fax":"","email":"","url":"","countryIso2":"ZW","countryName":"Zimbabwe","hotelRating":"3","latitude":"-20.2275","longitude":"28.5782","state_id":1956,"state_name":"Bulawayo Province","country_id":247},{"active":false,"Giataid":"368259","cityId":131411,"cityName":"Bulawayo","hotelId":368259,"hotelName":"Shashani Lodge","address":"59KM FM BULAWAYO ON PLUMTREER","phones":"","fax":"","email":"","url":"","countryIso2":"ZW","countryName":"Zimbabwe","hotelRating":"1","latitude":"-20.1854","longitude":"28.5773","state_id":1956,"state_name":"Bulawayo Province","country_id":247},{"active":false,"Giataid":"368260","cityId":131411,"cityName":"Bulawayo","hotelId":368260,"hotelName":"Sondela Guest Lodge","address":"Leopold Takawira Avenue,Suburbs,Bulawayo,Zimbabwe","phones":"","fax":"","email":"","url":"","countryIso2":"ZW","countryName":"Zimbabwe","hotelRating":"1","latitude":"-20.1574","longitude":"28.5991","state_id":1956,"state_name":"Bulawayo Province","country_id":247},{"active":false,"Giataid":"368262","cityId":131411,"cityName":"Bulawayo","hotelId":368262,"hotelName":"Stones Throw Cottage","address":"3 Dongal Road Hillside,Bulawayo,Zimbabwe","phones":"","fax":"","email":"","url":"","countryIso2":"ZW","countryName":"Zimbabwe","hotelRating":"1","latitude":"-20.1343","longitude":"28.6273","state_id":1956,"state_name":"Bulawayo Province","country_id":247},{"active":false,"Giataid":"368264","cityId":131411,"cityName":"Bulawayo","hotelId":368264,"hotelName":"Travellers Guest House","address":"","phones":"","fax":"","email":"","url":"","countryIso2":"ZW","countryName":"Zimbabwe","hotelRating":"1","latitude":"-20.1854","longitude":"28.5773","state_id":1956,"state_name":"Bulawayo Province","country_id":247},{"active":false,"Giataid":"433703","cityId":131489,"cityName":"Nyanga","hotelId":433703,"hotelName":"Inn on Rupurara","address":"","phones":"","fax":"","email":"","url":"","countryIso2":"ZW","countryName":"Zimbabwe","hotelRating":"2","latitude":"-18.2901","longitude":"32.7302","state_id":1959,"state_name":"Manicaland","country_id":247},{"active":false,"Giataid":"481692","cityId":131429,"cityName":"Dete","hotelId":481692,"hotelName":"Elephant's Eye, Hwange","address":"Sikumi Forestry Area, Near Hwange Aerodrome,Dete,Zimbabwe","phones":"","fax":"","email":"","url":"","countryIso2":"ZW","countryName":"Zimbabwe","hotelRating":"4","latitude":"-18.6236","longitude":"26.8616","state_id":1954,"state_name":"Matabeleland North Province","country_id":247},{"active":false,"Giataid":"501880","cityId":131429,"cityName":"Dete","hotelId":501880,"hotelName":"Khulu Lodge","address":"Hwange,Dete Vlei,Zimbabwe","phones":"+2639243954","fax":"","email":"reservations@amalindacollection.co.zw","url":"http://www.accommodationhwange.com/","countryIso2":"ZW","countryName":"Zimbabwe","hotelRating":"4","latitude":"-18.617","longitude":"27.0594","state_id":1954,"state_name":"Matabeleland North Province","country_id":247},{"active":false,"Giataid":"510916","cityId":131489,"cityName":"Nyanga","hotelId":510916,"hotelName":"Rhodes Nyanga Hotel","address":"Nyanga National Park,Nyanga,Zimbabwe","phones":"+2633292098376","fax":"","email":"info@rhodesnyangahotel.co.zw","url":"http://www.rhodesnyangahotel.co.zw","countryIso2":"ZW","countryName":"Zimbabwe","hotelRating":"3","latitude":"-18.2901","longitude":"32.7302","state_id":1959,"state_name":"Manicaland","country_id":247},{"active":false,"Giataid":"527466","cityId":131441,"cityName":"Gweru","hotelId":527466,"hotelName":"The Village Lodge Gweru","address":"Harare Road,Gweru,Zimbabwe","phones":"+26354231761","fax":"","email":"staywithus@thevillagezim.com","url":"http://www.thevillagezim.com","countryIso2":"ZW","countryName":"Zimbabwe","hotelRating":"1","latitude":"-19.4148","longitude":"29.8317","state_id":1957,"state_name":"Midlands Province","country_id":247},{"active":false,"Giataid":"545887","cityId":131506,"cityName":"Victoria Falls","hotelId":545887,"hotelName":"Bayete Guest Lodge","address":"Stand 584,Manyika Road,Victoria Falls,Zimbabwe","phones":"+2631342275","fax":"","email":"bayetelodge@gmail.com","url":"http://www.bayeteguestlodge.com/","countryIso2":"ZW","countryName":"Zimbabwe","hotelRating":"4","latitude":"-17.9278","longitude":"25.8209","state_id":1954,"state_name":"Matabeleland North Province","country_id":247},{"active":false,"Giataid":"570895","cityId":131506,"cityName":"Victoria Falls","hotelId":570895,"hotelName":"Batonka Guest Lodge","address":"Reynard Road,Victoria Falls,Zimbabwe","phones":"+2632132847189","fax":"","email":"info@batonkaguestlodge.com","url":"http://batonkaguestlodge.com","countryIso2":"ZW","countryName":"Zimbabwe","hotelRating":"4","latitude":"-17.928","longitude":"25.8276","state_id":1954,"state_name":"Matabeleland North Province","country_id":247},{"active":false,"Giataid":"603602","cityId":131411,"cityName":"Bulawayo","hotelId":603602,"hotelName":"Matilinda Lodge","address":"56A Napier Avenue,Hillside,Bulawayo,Zimbabwe","phones":"+2639240336","fax":"","email":"","url":"http://www.matilindalodge.co.zw","countryIso2":"ZW","countryName":"Zimbabwe","hotelRating":"3","latitude":"-20.2009","longitude":"28.6028","state_id":1956,"state_name":"Bulawayo Province","country_id":247},{"active":false,"Giataid":"606667","cityId":131411,"cityName":"Bulawayo","hotelId":606667,"hotelName":"Wozani Lodge","address":"39 Leander Avenue,Hillside,Bulawayo,Zimbabwe","phones":"+2639240905","fax":"","email":"","url":"http://www.wozanilodges.co.zw","countryIso2":"ZW","countryName":"Zimbabwe","hotelRating":"3","latitude":"-20.1854","longitude":"28.5773","state_id":1956,"state_name":"Bulawayo Province","country_id":247},{"active":false,"Giataid":"609821","cityId":131506,"cityName":"Victoria Falls","hotelId":609821,"hotelName":"The View Lodge","address":"398 Reynard Road,Victoria Falls,Zimbabwe","phones":"","fax":"","email":"","url":"","countryIso2":"ZW","countryName":"Zimbabwe","hotelRating":"3","latitude":"-17.9312","longitude":"25.8251","state_id":1954,"state_name":"Matabeleland North Province","country_id":247},{"active":false,"Giataid":"610923","cityId":131441,"cityName":"Gweru","hotelId":610923,"hotelName":"Regency Hotel Fairmile","address":"Trafford Road,Gweru,Zimbabwe","phones":"","fax":"","email":"","url":"","countryIso2":"ZW","countryName":"Zimbabwe","hotelRating":"3","latitude":"-19.4701","longitude":"29.8043","state_id":1957,"state_name":"Midlands Province","country_id":247},{"active":false,"Giataid":"612168","cityId":131506,"cityName":"Victoria Falls","hotelId":612168,"hotelName":"Victoria Falls Budget Hotel","address":"Stand 954 Victoria Falls,Victoria Falls,Zimbabwe","phones":"","fax":"","email":"","url":"","countryIso2":"ZW","countryName":"Zimbabwe","hotelRating":"1","latitude":"-17.9316","longitude":"25.8362","state_id":1954,"state_name":"Matabeleland North Province","country_id":247},{"active":false,"Giataid":"620045","cityId":131443,"cityName":"Harare","hotelId":620045,"hotelName":"The Queensgate Hotel","address":"","phones":"","fax":"","email":"","url":"","countryIso2":"ZW","countryName":"Zimbabwe","hotelRating":"3","latitude":"-17.8187","longitude":"31.0529","state_id":1958,"state_name":"Harare Province","country_id":247},{"active":false,"Giataid":"655018","cityId":131506,"cityName":"Victoria Falls","hotelId":655018,"hotelName":"&Beyond Matetsi River Lodge","address":"Zambezi River,Victoria Falls,Zimbabwe","phones":"+26327118094300","fax":"","email":"contactus@andbeyond.com","url":"http://www.andbeyond.com/matetsi-river-lodge/","countryIso2":"ZW","countryName":"Zimbabwe","hotelRating":"5","latitude":"-17.9312","longitude":"25.8251","state_id":1954,"state_name":"Matabeleland North Province","country_id":247},{"active":false,"Giataid":"681738","cityId":131506,"cityName":"Victoria Falls","hotelId":681738,"hotelName":"Tatenda Safaris Lodge","address":"541 Reynard Road,Victoria Falls,Zimbabwe","phones":"","fax":"","email":"","url":"","countryIso2":"ZW","countryName":"Zimbabwe","hotelRating":"3","latitude":"-17.9257","longitude":"25.8257","state_id":1954,"state_name":"Matabeleland North Province","country_id":247},{"active":false,"Giataid":"727410","cityId":131443,"cityName":"Harare","hotelId":727410,"hotelName":"CPM Short Stay Home Westgate","address":"2362 Lavenham Drive,Bluffhill Westgate,Harare,Zimbabwe","phones":"","fax":"","email":"","url":"","countryIso2":"ZW","countryName":"Zimbabwe","hotelRating":"1","latitude":"-17.7977","longitude":"31.0812","state_id":1958,"state_name":"Harare Province","country_id":247},{"active":false,"Giataid":"728580","cityId":131506,"cityName":"Victoria Falls","hotelId":728580,"hotelName":"Livingstone Lodge","address":"642 Syringa Avenue,Off Reynard Road,Victoria Falls,Zimbabwe","phones":"+2631345903","fax":"","email":"info@myvictoriafalls.com","url":"http://www.myvictoriafalls.com","countryIso2":"ZW","countryName":"Zimbabwe","hotelRating":"1","latitude":"-17.9283","longitude":"25.8155","state_id":1954,"state_name":"Matabeleland North Province","country_id":247},{"active":false,"Giataid":"729667","cityId":131506,"cityName":"Victoria Falls","hotelId":729667,"hotelName":"Masuwe Lodge","address":"Jafuta Forest Road,Masuwe River,Victoria Falls,Zimbabwe","phones":"","fax":"","email":"info@masuwe-lodge.com","url":"http://www.masuwe-lodge.com","countryIso2":"ZW","countryName":"Zimbabwe","hotelRating":"4","latitude":"-17.9312","longitude":"25.8251","state_id":1954,"state_name":"Matabeleland North Province","country_id":247},{"active":false,"Giataid":"730702","cityId":131411,"cityName":"Bulawayo","hotelId":730702,"hotelName":"Lynn's Guesthouse","address":"300 Elvington Road,Burnside,Bulawayo,Zimbabwe","phones":"+2639240927","fax":"","email":"","url":"https://www.lynnsguesthouse.com","countryIso2":"ZW","countryName":"Zimbabwe","hotelRating":"1","latitude":"-20.1854","longitude":"28.5773","state_id":1956,"state_name":"Bulawayo Province","country_id":247},{"active":false,"Giataid":"735683","cityId":131443,"cityName":"Harare","hotelId":735683,"hotelName":"Nissi Cottage","address":"9 Kennedy Drive,Greendale,Harare,Zimbabwe","phones":"","fax":"","email":"","url":"","countryIso2":"ZW","countryName":"Zimbabwe","hotelRating":"1","latitude":"-17.7977","longitude":"31.0812","state_id":1958,"state_name":"Harare Province","country_id":247},{"active":false,"Giataid":"741306","cityId":131441,"cityName":"Gweru","hotelId":741306,"hotelName":"Antelope Park","address":"Vungu Road,P.O. Box 1218,Gweru,Zimbabwe","phones":"+263712362220","fax":"","email":"reservations@antelopepark.co.zw","url":"http://www.antelopepark.co.zw","countryIso2":"ZW","countryName":"Zimbabwe","hotelRating":"1","latitude":"-19.4701","longitude":"29.8043","state_id":1957,"state_name":"Midlands Province","country_id":247},{"active":false,"Giataid":"741967","cityId":131411,"cityName":"Bulawayo","hotelId":741967,"hotelName":"Grey Oak Holiday House","address":"559 Mahatshula,Bulawayo,Zimbabwe","phones":"+263773803308","fax":"","email":"bentshuma@gmail.com","url":"http://www.greyoak.holiday","countryIso2":"ZW","countryName":"Zimbabwe","hotelRating":"1","latitude":"-20.1854","longitude":"28.5773","state_id":1956,"state_name":"Bulawayo Province","country_id":247},{"active":false,"Giataid":"745926","cityId":131506,"cityName":"Victoria Falls","hotelId":745926,"hotelName":"Irock Lodge","address":"4 Airport Road,Monde,Victoria Falls,Zimbabwe","phones":"","fax":"","email":"","url":"https://www.booking.com/hotel/zw/irock-lodge.en-gb.html?aid=357026","countryIso2":"ZW","countryName":"Zimbabwe","hotelRating":"1","latitude":"-17.9312","longitude":"25.8251","state_id":1954,"state_name":"Matabeleland North Province","country_id":247},{"active":false,"Giataid":"747831","cityId":131506,"cityName":"Victoria Falls","hotelId":747831,"hotelName":"Victoria Falls Island Lodge","address":"Kandahar Island,Victoria Falls,Zimbabwe","phones":"+26327414530650","fax":"","email":"reservations@zambezicrescent.com","url":"http://victoriafallsislandlodge.com","countryIso2":"ZW","countryName":"Zimbabwe","hotelRating":"5","latitude":"-17.9312","longitude":"25.8251","state_id":1954,"state_name":"Matabeleland North Province","country_id":247},{"active":false,"Giataid":"748482","cityId":131506,"cityName":"Victoria Falls","hotelId":748482,"hotelName":"Old Drift Lodge","address":"Victoria Falls,Zimbabwe","phones":"+263213284457","fax":"","email":"res6@wildhorizons.co.zw","url":"http://www.olddriftlodge.com","countryIso2":"ZW","countryName":"Zimbabwe","hotelRating":"4","latitude":"-17.9312","longitude":"25.8251","state_id":1954,"state_name":"Matabeleland North Province","country_id":247},{"active":false,"Giataid":"750304","cityId":131443,"cityName":"Harare","hotelId":750304,"hotelName":"Number Eighteen Exclusive Guest Lodge","address":"18 Colnebrook Lane,Colne Valley,Harare,Zimbabwe","phones":"+263774514298","fax":"","email":"bookings@numbereighteen.co.zw","url":"http://www.numbereighteen.co.zw","countryIso2":"ZW","countryName":"Zimbabwe","hotelRating":"1","latitude":"-17.7977","longitude":"31.0812","state_id":1958,"state_name":"Harare Province","country_id":247},{"active":false,"Giataid":"755776","cityId":131506,"cityName":"Victoria Falls","hotelId":755776,"hotelName":"Mambo Backpakers","address":"66 Courtney Crescent,Victoria Falls,Zimbabwe","phones":"","fax":"","email":"","url":"","countryIso2":"ZW","countryName":"Zimbabwe","hotelRating":"1","latitude":"-17.9312","longitude":"25.8251","state_id":1954,"state_name":"Matabeleland North Province","country_id":247},{"active":false,"Giataid":"755793","cityId":131506,"cityName":"Victoria Falls","hotelId":755793,"hotelName":"Your Vicfalls Home","address":"Gibson Road,Victoria Falls,Zimbabwe","phones":"","fax":"","email":"","url":"","countryIso2":"ZW","countryName":"Zimbabwe","hotelRating":"1","latitude":"-17.9312","longitude":"25.8251","state_id":1954,"state_name":"Matabeleland North Province","country_id":247},{"active":false,"Giataid":"756593","cityId":131489,"cityName":"Nyanga","hotelId":756593,"hotelName":"Pine Tree Inn","address":"PO Box 1 Juliasdale,Susurumba Road,(Off the Rusape Road),Juliasdale,Zimbabwe","phones":"+2634302261","fax":"","email":"armadilo@zol.co.zw","url":"http://www.pinetreenyanga.com","countryIso2":"ZW","countryName":"Zimbabwe","hotelRating":"2","latitude":"-18.2901","longitude":"32.7302","state_id":1959,"state_name":"Manicaland","country_id":247},{"active":false,"Giataid":"756624","cityId":131506,"cityName":"Victoria Falls","hotelId":756624,"hotelName":"Chundu Island Victoria Falls","address":"Chundu Island,Victoria Falls,Zimbabwe","phones":"","fax":"","email":"info@seoloafrica.com","url":"http://www.chundu.co.za","countryIso2":"ZW","countryName":"Zimbabwe","hotelRating":"4","latitude":"-17.9312","longitude":"25.8251","state_id":1954,"state_name":"Matabeleland North Province","country_id":247},{"active":false,"Giataid":"757609","cityId":131480,"cityName":"Mutare","hotelId":757609,"hotelName":"Gordon's on 125 First Street","address":"125 First Street,Mutare,Zimbabwe","phones":"","fax":"","email":"","url":"","countryIso2":"ZW","countryName":"Zimbabwe","hotelRating":"1","latitude":"-19.0095","longitude":"32.6948","state_id":1959,"state_name":"Manicaland","country_id":247},{"active":false,"Giataid":"759064","cityId":131506,"cityName":"Victoria Falls","hotelId":759064,"hotelName":"Nguni Lodge","address":"NULL","phones":"","fax":"","email":"","url":"","countryIso2":"ZW","countryName":"Zimbabwe","hotelRating":"1","latitude":"-17.9312","longitude":"25.8251","state_id":1954,"state_name":"Matabeleland North Province","country_id":247},{"active":false,"Giataid":"761773","cityId":131469,"cityName":"Masvingo","hotelId":761773,"hotelName":"Hippo Creek Lodge","address":"Bannockburn Farm Extension,Masvingo,Zimbabwe","phones":"","fax":"","email":"","url":"","countryIso2":"ZW","countryName":"Zimbabwe","hotelRating":"1","latitude":"-20.0913","longitude":"30.8331","state_id":1960,"state_name":"Masvingo Province","country_id":247},{"active":false,"Giataid":"804405","cityId":131480,"cityName":"Mutare","hotelId":804405,"hotelName":"Hotel Eastgate","address":"1 Simon Mazorodze,Mutare,Zimbabwe","phones":"","fax":"","email":"","url":"","countryIso2":"ZW","countryName":"Zimbabwe","hotelRating":"1","latitude":"-19.0095","longitude":"32.6948","state_id":1959,"state_name":"Manicaland","country_id":247},{"active":false,"Giataid":"807730","cityId":131411,"cityName":"Bulawayo","hotelId":807730,"hotelName":"Mpala Boutique Hotel","address":"4 25th Avenue,Famona,Bulawayo,Zimbabwe","phones":"+2639240221","fax":"","email":"info@mpalagroup.com","url":"http://www.mpalagroup.com","countryIso2":"ZW","countryName":"Zimbabwe","hotelRating":"1","latitude":"-20.1854","longitude":"28.5773","state_id":1956,"state_name":"Bulawayo Province","country_id":247},{"active":false,"Giataid":"811728","cityId":131411,"cityName":"Bulawayo","hotelId":811728,"hotelName":"The Standard Hotel","address":"20A Joshua Mqabuko Street,Bulawayo,Zimbabwe","phones":"","fax":"","email":"","url":"","countryIso2":"ZW","countryName":"Zimbabwe","hotelRating":"1","latitude":"-20.1854","longitude":"28.5773","state_id":1956,"state_name":"Bulawayo Province","country_id":247},{"active":false,"Giataid":"812795","cityId":131402,"cityName":"Beitbridge","hotelId":812795,"hotelName":"Peters Motel","address":"60/61 Sabi Star Road,Beitbridge,Zimbabwe","phones":"+26328622309","fax":"","email":"info@petersmotelbb.com","url":"http://www.petersmotelbb.com","countryIso2":"ZW","countryName":"Zimbabwe","hotelRating":"1","latitude":"-22.2093","longitude":"29.99","state_id":1952,"state_name":"Matabeleland South Province","country_id":247},{"active":false,"Giataid":"812854","cityId":131411,"cityName":"Bulawayo","hotelId":812854,"hotelName":"Choice Backpackers Hostel","address":"4 Housman Road,Malindela,Bulawayo,Zimbabwe","phones":"","fax":"","email":"","url":"","countryIso2":"ZW","countryName":"Zimbabwe","hotelRating":"1","latitude":"-20.1854","longitude":"28.5773","state_id":1956,"state_name":"Bulawayo Province","country_id":247},{"active":false,"Giataid":"814885","cityId":131506,"cityName":"Victoria Falls","hotelId":814885,"hotelName":"Shoestrings Backpackers Lodge","address":"12 West Drive,Victoria Falls,Zimbabwe","phones":"+2631340167","fax":"+2631344611","email":"info@shoestringsvicfalls.com","url":"http://www.shoestringsvicfalls.com","countryIso2":"ZW","countryName":"Zimbabwe","hotelRating":"1","latitude":"-17.9312","longitude":"25.8251","state_id":1954,"state_name":"Matabeleland North Province","country_id":247},{"active":false,"Giataid":"818036","cityId":131411,"cityName":"Bulawayo","hotelId":818036,"hotelName":"Choice Guesthouse And Backpackers","address":"7 Heyman Road,Eighth Street Junction,Bulawayo,Zimbabwe","phones":"","fax":"","email":"","url":"","countryIso2":"ZW","countryName":"Zimbabwe","hotelRating":"1","latitude":"-20.1854","longitude":"28.5773","state_id":1956,"state_name":"Bulawayo Province","country_id":247},{"active":false,"Giataid":"818990","cityId":131443,"cityName":"Harare","hotelId":818990,"hotelName":"Ubc Hospitality Centre","address":"16 George Road Harare,Harare,Zimbabwe","phones":"","fax":"","email":"","url":"","countryIso2":"ZW","countryName":"Zimbabwe","hotelRating":"1","latitude":"-17.7977","longitude":"31.0812","state_id":1958,"state_name":"Harare Province","country_id":247},{"active":false,"Giataid":"847189","cityId":131443,"cityName":"Harare","hotelId":847189,"hotelName":"Mauya Sanctuaries","address":"1 Rosary Close,Greystone Park,Harare,Zimbabwe","phones":"+2638677173383","fax":"","email":"info@mauyasanctuaries.co.zw","url":"http://www.mauyasanctuaries.co.zw","countryIso2":"ZW","countryName":"Zimbabwe","hotelRating":"1","latitude":"-17.7977","longitude":"31.0812","state_id":1958,"state_name":"Harare Province","country_id":247},{"active":false,"Giataid":"847198","cityId":131411,"cityName":"Bulawayo","hotelId":847198,"hotelName":"Lalani Hotel and Conference Centre","address":"5 Derwent Road,Fortunes Gate,Matsheumhlope,Bulawayo,Zimbabwe","phones":"+2639281935","fax":"","email":"lalanilodge@yahoo.com","url":"http://lalanihotel.co.zw/","countryIso2":"ZW","countryName":"Zimbabwe","hotelRating":"1","latitude":"-20.1854","longitude":"28.5773","state_id":1956,"state_name":"Bulawayo Province","country_id":247},{"active":false,"Giataid":"847204","cityId":131506,"cityName":"Victoria Falls","hotelId":847204,"hotelName":"Gertie's Lodge Victoria Falls","address":"597 Nguhwuma Cresent,PO Box 66,Victoria Falls,Zimbabwe","phones":"+2631342002","fax":"","email":"jtsgerti@mweb.co.zw","url":"http://gertieslodge.de/gertie_e/index.html","countryIso2":"ZW","countryName":"Zimbabwe","hotelRating":"1","latitude":"-17.9312","longitude":"25.8251","state_id":1954,"state_name":"Matabeleland North Province","country_id":247},{"active":false,"Giataid":"847217","cityId":131480,"cityName":"Mutare","hotelId":847217,"hotelName":"Inn On The Vumba","address":"Fern Hill Road,Off The Bvumba Road,Mutare,Zimbabwe","phones":"+263430226167","fax":"","email":"armadilo@zol.co.zw","url":"http://www.vumbainn.com/","countryIso2":"ZW","countryName":"Zimbabwe","hotelRating":"1","latitude":"-19.0095","longitude":"32.6948","state_id":1959,"state_name":"Manicaland","country_id":247},{"active":false,"Giataid":"496066","cityId":131506,"cityName":"Victoria Falls","hotelId":10091942,"hotelName":"Mandebele Lodge","address":"Reynard Road 546,Victoria Falls,Zimbabwe","phones":"+263775127165","fax":"NULL","email":"NULL","url":"NULL","countryIso2":"ZW","countryName":"Zimbabwe","hotelRating":"3","latitude":"-17.9268","longitude":"25.8271","state_id":1954,"state_name":"Matabeleland North Province","country_id":247},{"active":false,"Giataid":"496054","cityId":131443,"cityName":"Harare","hotelId":10093198,"hotelName":"Sunbird Guest House","address":"23 Moulsham Road,Greendale,Dawn Hill,Harare,Zimbabwe","phones":"+263771566715","fax":"NULL","email":"NULL","url":"NULL","countryIso2":"ZW","countryName":"Zimbabwe","hotelRating":"3","latitude":"-17.8182","longitude":"31.1168","state_id":1958,"state_name":"Harare Province","country_id":247},{"active":false,"Giataid":"202004","cityId":131469,"cityName":"Masvingo","hotelId":10093258,"hotelName":"Lodge At The Ancient City","address":"Shephared Plot 1,Great Zimbabwe,Masvingo,Zimbabwe","phones":"+26339265120","fax":"NULL","email":"NULL","url":"NULL","countryIso2":"ZW","countryName":"Zimbabwe","hotelRating":"5","latitude":"-20.0836","longitude":"30.8331","state_id":1960,"state_name":"Masvingo Province","country_id":247},{"active":false,"Giataid":"507211","cityId":131506,"cityName":"Victoria Falls","hotelId":10093333,"hotelName":"Lokuthula Lodges","address":"Victoria Falls Safari Lodge Property,Victoria Falls,Zimbabwe","phones":"NULL","fax":"NULL","email":"NULL","url":"NULL","countryIso2":"ZW","countryName":"Zimbabwe","hotelRating":"4","latitude":"-17.9213","longitude":"25.8175","state_id":1954,"state_name":"Matabeleland North Province","country_id":247},{"active":false,"Giataid":"507107","cityId":131506,"cityName":"Victoria Falls","hotelId":10095486,"hotelName":"Mopani Lodge","address":"560 Mopani Street,Victoria Falls,Zimbabwe","phones":"+2632132841840","fax":"NULL","email":"NULL","url":"NULL","countryIso2":"ZW","countryName":"Zimbabwe","hotelRating":"3","latitude":"-17.9371","longitude":"25.8214","state_id":1954,"state_name":"Matabeleland North Province","country_id":247},{"active":false,"Giataid":"510914","cityId":131480,"cityName":"Mutare","hotelId":10097803,"hotelName":"Musangano Lodge","address":"Champion Mine Road,Mutare,Zimbabwe","phones":"+2632042267","fax":"NULL","email":"NULL","url":"NULL","countryIso2":"ZW","countryName":"Zimbabwe","hotelRating":"3","latitude":"-18.9433","longitude":"32.4445","state_id":1959,"state_name":"Manicaland","country_id":247},{"active":false,"Giataid":"492097","cityId":131411,"cityName":"Bulawayo","hotelId":10097840,"hotelName":"The N1 Hotel Bulawayo","address":"114 Joshua Nkomo Street,Bulawayo,Zimbabwe","phones":"+2639880601","fax":"NULL","email":"NULL","url":"NULL","countryIso2":"ZW","countryName":"Zimbabwe","hotelRating":"2","latitude":"-20.1595","longitude":"28.5806","state_id":1956,"state_name":"Bulawayo Province","country_id":247},{"active":false,"Giataid":"492117","cityId":131443,"cityName":"Harare","hotelId":10097842,"hotelName":"The N1 Hotel Harare","address":"126 Samora Machel Avenue,Harare,Zimbabwe","phones":"NULL","fax":"NULL","email":"NULL","url":"NULL","countryIso2":"ZW","countryName":"Zimbabwe","hotelRating":"2","latitude":"-17.8253","longitude":"31.0546","state_id":1958,"state_name":"Harare Province","country_id":247},{"active":false,"Giataid":"492082","cityId":131506,"cityName":"Victoria Falls","hotelId":10097843,"hotelName":"The N1 Hotel Victoria Falls","address":"266 Adam Stander Drive,Victoria Falls,Zimbabwe","phones":"+2631345040","fax":"NULL","email":"NULL","url":"NULL","countryIso2":"ZW","countryName":"Zimbabwe","hotelRating":"2","latitude":"-17.9274","longitude":"25.8405","state_id":1954,"state_name":"Matabeleland North Province","country_id":247},{"active":false,"Giataid":"334024","cityId":131411,"cityName":"Bulawayo","hotelId":10097868,"hotelName":"The Nesbitt Castle","address":"6 Percy Avenue,Hillside,Bulawayo 0002,Zimbabwe","phones":"+2639282726","fax":"NULL","email":"NULL","url":"NULL","countryIso2":"ZW","countryName":"Zimbabwe","hotelRating":"4","latitude":"-20.1851","longitude":"28.624","state_id":1956,"state_name":"Bulawayo Province","country_id":247},{"active":false,"Giataid":"599153","cityId":131506,"cityName":"Victoria Falls","hotelId":10099128,"hotelName":"The Victoria Falls Deluxe Suites","address":"710 Aerodrome,Victoria Falls,Hwange,Zimbabwe","phones":"+263733312517","fax":"NULL","email":"NULL","url":"NULL","countryIso2":"ZW","countryName":"Zimbabwe","hotelRating":"4","latitude":"-17.9254","longitude":"25.816","state_id":1954,"state_name":"Matabeleland North Province","country_id":247},{"active":false,"Giataid":"496060","cityId":131443,"cityName":"Harare","hotelId":10099554,"hotelName":"Thorn Tree Lodge","address":"29 Enterprise Road,Harare,Zimbabwe","phones":"NULL","fax":"NULL","email":"NULL","url":"NULL","countryIso2":"ZW","countryName":"Zimbabwe","hotelRating":"3","latitude":"-17.7571","longitude":"31.1481","state_id":1958,"state_name":"Harare Province","country_id":247},{"active":false,"Giataid":"496067","cityId":131506,"cityName":"Victoria Falls","hotelId":10101188,"hotelName":"Pamusha Lodge","address":"583 Manyika Road,Victoria Falls,Zimbabwe","phones":"+2631341828","fax":"NULL","email":"NULL","url":"NULL","countryIso2":"ZW","countryName":"Zimbabwe","hotelRating":"4","latitude":"-17.928","longitude":"25.821","state_id":1954,"state_name":"Matabeleland North Province","country_id":247},{"active":false,"Giataid":"416331","cityId":131506,"cityName":"Victoria Falls","hotelId":10101787,"hotelName":"Victoria Falls Safari Club","address":"Stand 471 Squire Cummings Road,Victoria Falls,Zimbabwe","phones":"+2631343211","fax":"NULL","email":"NULL","url":"NULL","countryIso2":"ZW","countryName":"Zimbabwe","hotelRating":"5","latitude":"-17.9188","longitude":"25.82","state_id":1954,"state_name":"Matabeleland North Province","country_id":247},{"active":false,"Giataid":"416363","cityId":131506,"cityName":"Victoria Falls","hotelId":10101789,"hotelName":"Victoria Falls Safari Suites","address":"471 Squire Cummings Road,Victoria Falls,Simbabwe,Zimbabwe","phones":"+2631343211","fax":"NULL","email":"NULL","url":"NULL","countryIso2":"ZW","countryName":"Zimbabwe","hotelRating":"4","latitude":"-17.9175","longitude":"25.819","state_id":1954,"state_name":"Matabeleland North Province","country_id":247},{"active":false,"Giataid":"489053","cityId":131506,"cityName":"Victoria Falls","hotelId":10103746,"hotelName":"Wild Trekkers Lodge","address":"621 Syringa Road,Victoria Falls,Zimbabwe","phones":"+2631342356","fax":"NULL","email":"NULL","url":"NULL","countryIso2":"ZW","countryName":"Zimbabwe","hotelRating":"3","latitude":"-17.929","longitude":"25.8192","state_id":1954,"state_name":"Matabeleland North Province","country_id":247},{"active":false,"Giataid":"510885","cityId":131454,"cityName":"Kariba","hotelId":10104647,"hotelName":"Zimre Lodge And Houseboats","address":"811 Camphill,Kariba,Zimbabwe","phones":"NULL","fax":"NULL","email":"NULL","url":"NULL","countryIso2":"ZW","countryName":"Zimbabwe","hotelRating":"3","latitude":"-16.8522","longitude":"28.2842","state_id":1953,"state_name":"Mashonaland West Province","country_id":247},{"active":false,"Giataid":"496390","cityId":131402,"cityName":"Beitbridge","hotelId":10104839,"hotelName":"Rainbow Beitbridge Hotel","address":"15882-1590 Beitbridge Township,Beitbridge,Zimbabwe","phones":"NULL","fax":"NULL","email":"NULL","url":"NULL","countryIso2":"ZW","countryName":"Zimbabwe","hotelRating":"3","latitude":"-22.2057","longitude":"29.9908","state_id":1952,"state_name":"Matabeleland South Province","country_id":247},{"active":false,"Giataid":"433568","cityId":131443,"cityName":"Harare","hotelId":10109457,"hotelName":"Armadale Lodge","address":"9 Armadale Road,Borrowdale,Harare,Zimbabwe","phones":"+2634882781","fax":"NULL","email":"NULL","url":"NULL","countryIso2":"ZW","countryName":"Zimbabwe","hotelRating":"4","latitude":"-17.7676","longitude":"31.0849","state_id":1958,"state_name":"Harare Province","country_id":247},{"active":false,"Giataid":"400823","cityId":131443,"cityName":"Harare","hotelId":10116375,"hotelName":"Cresta Lodge Harare","address":"Corner of Samora Machel Avenue & Robert Mugabe Road,Harare,Zimbabwe","phones":"+2634486870","fax":"NULL","email":"NULL","url":"NULL","countryIso2":"ZW","countryName":"Zimbabwe","hotelRating":"3","latitude":"-17.8331","longitude":"31.101","state_id":1958,"state_name":"Harare Province","country_id":247},{"active":false,"Giataid":"487577","cityId":131443,"cityName":"Harare","hotelId":10116566,"hotelName":"Daisy�s Guest House","address":"8 Leslie Close,Grendale North Harare,Zimbabwe","phones":"+2634442657","fax":"NULL","email":"NULL","url":"NULL","countryIso2":"ZW","countryName":"Zimbabwe","hotelRating":"3","latitude":"-17.7997","longitude":"31.1276","state_id":1958,"state_name":"Harare Province","country_id":247},{"active":false,"Giataid":"510929","cityId":131443,"cityName":"Harare","hotelId":10117673,"hotelName":"Eden Villas","address":"54 Eighth Street,Avenues,Harare,Zimbabwe","phones":"+2634250930","fax":"NULL","email":"NULL","url":"NULL","countryIso2":"ZW","countryName":"Zimbabwe","hotelRating":"2","latitude":"-17.8177","longitude":"31.0585","state_id":1958,"state_name":"Harare Province","country_id":247},{"active":false,"Giataid":"510915","cityId":131480,"cityName":"Mutare","hotelId":10117892,"hotelName":"Eden Lodges","address":"Freshwater Road,Bvumba,Mutare,Zimbabwe","phones":"NULL","fax":"NULL","email":"NULL","url":"NULL","countryIso2":"ZW","countryName":"Zimbabwe","hotelRating":"3","latitude":"-19.0742","longitude":"32.7444","state_id":1959,"state_name":"Manicaland","country_id":247},{"active":false,"Giataid":"496059","cityId":131429,"cityName":"Dete","hotelId":10117956,"hotelName":"Elephants Eye","address":"Hwange National Park,Dete,Zimbabwe","phones":"NULL","fax":"NULL","email":"NULL","url":"NULL","countryIso2":"ZW","countryName":"Zimbabwe","hotelRating":"4","latitude":"-18.5977","longitude":"26.8992","state_id":1954,"state_name":"Matabeleland North Province","country_id":247},{"active":false,"Giataid":"510811","cityId":131429,"cityName":"Dete","hotelId":10119190,"hotelName":"Ganda Lodge","address":"Hwange National Park,Dete,Zimbabwe","phones":"NULL","fax":"NULL","email":"NULL","url":"NULL","countryIso2":"ZW","countryName":"Zimbabwe","hotelRating":"2","latitude":"-18.602","longitude":"26.9756","state_id":1954,"state_name":"Matabeleland North Province","country_id":247},{"active":false,"Giataid":"489362","cityId":131506,"cityName":"Victoria Falls","hotelId":10121010,"hotelName":"Guest Paradise Lodge","address":"662 Syrinda Road,Victoria Falls,Zimbabwe","phones":"NULL","fax":"NULL","email":"NULL","url":"NULL","countryIso2":"ZW","countryName":"Zimbabwe","hotelRating":"4","latitude":"-17.93","longitude":"25.8183","state_id":1954,"state_name":"Matabeleland North Province","country_id":247},{"active":false,"Giataid":"497523","cityId":131411,"cityName":"Bulawayo","hotelId":10121110,"hotelName":"High Mount Lodge","address":"4 Tagore Road,Highmount,Bulawayo,Zimbabwe","phones":"+2639203359","fax":"NULL","email":"NULL","url":"NULL","countryIso2":"ZW","countryName":"Zimbabwe","hotelRating":"3","latitude":"-20.109","longitude":"28.568","state_id":1956,"state_name":"Bulawayo Province","country_id":247},{"active":false,"Giataid":"598963","cityId":131429,"cityName":"Dete","hotelId":10121120,"hotelName":"Gwango Heritage Resort","address":"Hwange National Park,Dete,Zimbabwe","phones":"NULL","fax":"NULL","email":"NULL","url":"NULL","countryIso2":"ZW","countryName":"Zimbabwe","hotelRating":"2","latitude":"-18.6856","longitude":"26.9373","state_id":1954,"state_name":"Matabeleland North Province","country_id":247},{"active":false,"Giataid":"503708","cityId":131429,"cityName":"Dete","hotelId":10121123,"hotelName":"Gwango Elephant Lodge","address":"Hwange National Park,PO Box 112,Dete,Zimbabwe","phones":"NULL","fax":"NULL","email":"NULL","url":"NULL","countryIso2":"ZW","countryName":"Zimbabwe","hotelRating":"3","latitude":"-18.6549","longitude":"26.9755","state_id":1954,"state_name":"Matabeleland North Province","country_id":247},{"active":false,"Giataid":"496056","cityId":131443,"cityName":"Harare","hotelId":10127141,"hotelName":"Jacana Gardens Guest Lodge","address":"14 Jacana Drive,Borrowdale,Harare,Zimbabwe","phones":"+263779715297","fax":"NULL","email":"NULL","url":"NULL","countryIso2":"ZW","countryName":"Zimbabwe","hotelRating":"3","latitude":"-17.7381","longitude":"31.1081","state_id":1958,"state_name":"Harare Province","country_id":247},{"active":false,"Giataid":"496126","cityId":131506,"cityName":"Victoria Falls","hotelId":10127744,"hotelName":"Khanondo Guest House","address":"752 Aerodome,Victoria Falls,Zimbabwe","phones":"NULL","fax":"NULL","email":"NULL","url":"NULL","countryIso2":"ZW","countryName":"Zimbabwe","hotelRating":"2","latitude":"-17.9253","longitude":"25.8166","state_id":1954,"state_name":"Matabeleland North Province","country_id":247},{"active":false,"Giataid":"497554","cityId":131443,"cityName":"Harare","hotelId":10127762,"hotelName":"Kia Ora Lodge","address":"60 Knightsbridge Road,Highlands,Harare,Zimbabwe","phones":"+263785290020","fax":"NULL","email":"NULL","url":"NULL","countryIso2":"ZW","countryName":"Zimbabwe","hotelRating":"4","latitude":"-17.8109","longitude":"31.0866","state_id":1958,"state_name":"Harare Province","country_id":247},{"active":false,"Giataid":"497531","cityId":131443,"cityName":"Harare","hotelId":10127892,"hotelName":"Kingsmead Guest House","address":"78 Kingsmead Road East,Borrowdale,Harare,Zimbabwe","phones":"+2634883892","fax":"NULL","email":"NULL","url":"NULL","countryIso2":"ZW","countryName":"Zimbabwe","hotelRating":"5","latitude":"-17.7609","longitude":"31.1012","state_id":1958,"state_name":"Harare Province","country_id":247},{"active":false,"Giataid":"545886","cityId":131443,"cityName":"Harare","hotelId":20000054,"hotelName":"Coghlan Villa Guest House","address":"25 Coghlan Road,Greenside North,Harare,Zimbabwe","phones":"+263773210434","fax":"","email":"admin@coghlanvilla.co.zw","url":"http://coghlanvilla.co.zw/","countryIso2":"ZW","countryName":"Zimbabwe","hotelRating":"3","latitude":"-17.7978","longitude":"31.1283","state_id":1958,"state_name":"Harare Province","country_id":247},{"active":false,"Giataid":"634090","cityId":131411,"cityName":"Bulawayo","hotelId":20000058,"hotelName":"Bulawayo Continental Hotel","address":"9 Forrester Road,Khumalo,Bulawayo,Zimbabwe","phones":"","fax":"","email":"","url":"","countryIso2":"ZW","countryName":"Zimbabwe","hotelRating":"3","latitude":"-20.1854","longitude":"28.5773","state_id":1956,"state_name":"Bulawayo Province","country_id":247},{"active":false,"Giataid":"201999","cityId":131454,"cityName":"Kariba","hotelId":20000067,"hotelName":"Bumi Hills Safari Lodge","address":"near the North Eastern border of the Matusdona National Park,55km south west of Kariba town,Bumi Hills,Lake Kariba,Mashonaland West,Zimbabwe","phones":"+26327217010270","fax":"","email":"contact@africanbushcamps.com","url":"http://www.africanbushcamps.com/camps-safaris/zimbabwe/bumi-hills/","countryIso2":"ZW","countryName":"Zimbabwe","hotelRating":"4","latitude":"-16.8092","longitude":"28.3493","state_id":1953,"state_name":"Mashonaland West Province","country_id":247},{"active":false,"Giataid":"202009","cityId":131454,"cityName":"Kariba","hotelId":20000070,"hotelName":"Rhino Safari Camp","address":"Muuyu Site,Matusadona National Park,Lake Kariba Zimbabwe,Zimbabwe","phones":"","fax":"","email":"rhino.safari.camp@mail.com","url":"http://www.rhinosafaricamp.com","countryIso2":"ZW","countryName":"Zimbabwe","hotelRating":"3","latitude":"-16.7767","longitude":"28.4755","state_id":1953,"state_name":"Mashonaland West Province","country_id":247},{"active":false,"Giataid":"613312","cityId":131411,"cityName":"Bulawayo","hotelId":20000100,"hotelName":"Zaks Place","address":"129 Robert Mugabe Way,Between 13th & 14th Avenue,Bulawayo,Zimbabwe","phones":"","fax":"","email":"","url":"","countryIso2":"ZW","countryName":"Zimbabwe","hotelRating":"2","latitude":"-20.1854","longitude":"28.5773","state_id":1956,"state_name":"Bulawayo Province","country_id":247},{"active":false,"Giataid":"699435","cityId":131443,"cityName":"Harare","hotelId":20000110,"hotelName":"Manna Resorts","address":"690 Glenwood Road,The Heritage Estate,Glen Lorne,Harare,Zimbabwe","phones":"+2634495234","fax":"","email":"reservations@mannasafari.co.zw","url":"http://www.mannasafari.co.zw","countryIso2":"ZW","countryName":"Zimbabwe","hotelRating":"0","latitude":"-17.7977","longitude":"31.0812","state_id":1958,"state_name":"Harare Province","country_id":247},{"active":false,"Giataid":"699477","cityId":131411,"cityName":"Bulawayo","hotelId":20000115,"hotelName":"Stay Afrique Hotel","address":"5 Reynolds Drive,Barham Green,Bulawayo,Zimbabwe","phones":"","fax":"","email":"","url":"","countryIso2":"ZW","countryName":"Zimbabwe","hotelRating":"0","latitude":"-20.1867","longitude":"28.5666","state_id":1956,"state_name":"Bulawayo Province","country_id":247},{"active":false,"Giataid":"681630","cityId":131443,"cityName":"Harare","hotelId":20000128,"hotelName":"Highlands House","address":"63 Ridgeway North,HIghlands,Harare,Zimbabwe","phones":"+263771133687","fax":"","email":"reservations@highlandshouse.co.zw","url":"http://www.highlandshouse.co.zw","countryIso2":"ZW","countryName":"Zimbabwe","hotelRating":"4","latitude":"-17.7799","longitude":"31.0951","state_id":1958,"state_name":"Harare Province","country_id":247},{"active":false,"Giataid":"296819","cityId":131443,"cityName":"Harare","hotelId":20000135,"hotelName":"Gache Gache Lodge","address":"Borrowdale,Harare,Zimbabwe","phones":"","fax":"","email":"gachegachereservations@gmail.com","url":"http://gachegachelodge.com","countryIso2":"ZW","countryName":"Zimbabwe","hotelRating":"0","latitude":"-17.7487","longitude":"31.0945","state_id":1958,"state_name":"Harare Province","country_id":247},{"active":false,"Giataid":"688956","cityId":131411,"cityName":"Bulawayo","hotelId":20000143,"hotelName":"The Grey's Inn","address":"75 Robert Mugabe Way,Bulawayo,Zimbabwe","phones":"","fax":"","email":"","url":"","countryIso2":"ZW","countryName":"Zimbabwe","hotelRating":"0","latitude":"-20.1533","longitude":"28.5878","state_id":1956,"state_name":"Bulawayo Province","country_id":247},{"active":false,"Giataid":"611374","cityId":131411,"cityName":"Bulawayo","hotelId":20000150,"hotelName":"Entabeni Lodge","address":"48 Weir Avenue,Hillside,Bulawayo,Zimbabwe","phones":"","fax":"","email":"","url":"https://hotels.com/ho612301","countryIso2":"ZW","countryName":"Zimbabwe","hotelRating":"3","latitude":"-20.1854","longitude":"28.5773","state_id":1956,"state_name":"Bulawayo Province","country_id":247},{"active":false,"Giataid":"699571","cityId":131443,"cityName":"Harare","hotelId":20000158,"hotelName":"Horizon Inn","address":"107 Fife Avenue,Sam Nujoma Street,Harare,Zimbabwe","phones":"+2634253851","fax":"","email":"reservations@horizoninn.co.zw","url":"http://www.horizoninn.co.zw","countryIso2":"ZW","countryName":"Zimbabwe","hotelRating":"0","latitude":"-17.7977","longitude":"31.0812","state_id":1958,"state_name":"Harare Province","country_id":247},{"active":false,"Giataid":"296821","cityId":131480,"cityName":"Mutare","hotelId":20000186,"hotelName":"Leopard Rock","address":"Bvumba Road,Mutare,Zimbabwe","phones":"","fax":"","email":"","url":"","countryIso2":"ZW","countryName":"Zimbabwe","hotelRating":"4","latitude":"-19.1324","longitude":"32.7833","state_id":1959,"state_name":"Manicaland","country_id":247},{"active":false,"Giataid":"296818","cityId":131454,"cityName":"Kariba","hotelId":20000198,"hotelName":"Cutty Sark","address":"Nzou Drive,P.O. Box 80,Kariba,Zimbabwe","phones":"+263772151668","fax":"","email":"r.major@cuttysark.co.zw","url":"http://www.cuttysarkhotel.com/","countryIso2":"ZW","countryName":"Zimbabwe","hotelRating":"0","latitude":"-16.5345","longitude":"28.8184","state_id":1953,"state_name":"Mashonaland West Province","country_id":247},{"active":false,"Giataid":"299505","cityId":131506,"cityName":"Victoria Falls","hotelId":20000214,"hotelName":"Victoria Falls Rest Camp","address":"Corner Parkway and West Drive,Victoria Falls,Zimbabwe","phones":"+263773496695","fax":"","email":"reservations@restcamp.co.zw","url":"http://www.vicfallsrestcamp.com","countryIso2":"ZW","countryName":"Zimbabwe","hotelRating":"2","latitude":"-17.9257","longitude":"25.8382","state_id":1954,"state_name":"Matabeleland North Province","country_id":247},{"active":false,"Giataid":"28110","cityId":131506,"cityName":"Victoria Falls","hotelId":20000242,"hotelName":"Matetsi Game Reserve - Water Lodge / Safari Camp","address":"Victoria Falls,Zimbabwe","phones":"+26327118094300","fax":"+26327118094400","email":"safaris@andbeyond.com","url":"","countryIso2":"ZW","countryName":"Zimbabwe","hotelRating":"4","latitude":"-17.8646","longitude":"25.5004","state_id":1954,"state_name":"Matabeleland North Province","country_id":247},{"active":false,"Giataid":"726869","cityId":131411,"cityName":"Bulawayo","hotelId":20000254,"hotelName":"Hillside Manor","address":"92A Percy Avenue,Matabeleland,Bulawayo,Zimbabwe","phones":"","fax":"","email":"","url":"","countryIso2":"ZW","countryName":"Zimbabwe","hotelRating":"0","latitude":"-20.1854","longitude":"28.5773","state_id":1956,"state_name":"Bulawayo Province","country_id":247},{"active":false,"Giataid":"489363","cityId":131411,"cityName":"Bulawayo","hotelId":20000265,"hotelName":"Sethule Lodge","address":"3 Old Gwanda Road,Hillside,Bulawayo,Zimbabwe","phones":"","fax":"","email":"","url":"","countryIso2":"ZW","countryName":"Zimbabwe","hotelRating":"3","latitude":"-20.2177","longitude":"28.5862","state_id":1956,"state_name":"Bulawayo Province","country_id":247},{"active":false,"Giataid":"491935","cityId":131411,"cityName":"Bulawayo","hotelId":20000282,"hotelName":"Motsamai Lodge","address":"17 Tennyson Avenue,Malindela,Bulawayo,Zimbabwe","phones":"","fax":"","email":"","url":"","countryIso2":"ZW","countryName":"Zimbabwe","hotelRating":"3","latitude":"-20.1867","longitude":"28.6033","state_id":1956,"state_name":"Bulawayo Province","country_id":247},{"active":false,"Giataid":"491938","cityId":131411,"cityName":"Bulawayo","hotelId":20000300,"hotelName":"Parrot Lodge","address":"3 Valeview Road,Riverside,Bulawayo,Zimbabwe","phones":"+2639280033","fax":"","email":"info@parrotlodge.net","url":"http://www.parrotlodge.net","countryIso2":"ZW","countryName":"Zimbabwe","hotelRating":"3","latitude":"-20.1697","longitude":"28.6467","state_id":1956,"state_name":"Bulawayo Province","country_id":247},{"active":false,"Giataid":"620078","cityId":131443,"cityName":"Harare","hotelId":20000314,"hotelName":"Baines B& B Hotel","address":"121 Baines Avenue,Harare,Zimbabwe","phones":"","fax":"","email":"","url":"","countryIso2":"ZW","countryName":"Zimbabwe","hotelRating":"3","latitude":"-17.8183","longitude":"31.0519","state_id":1958,"state_name":"Harare Province","country_id":247},{"active":false,"Giataid":"489383","cityId":131411,"cityName":"Bulawayo","hotelId":20000323,"hotelName":"Bulawayo City Lodge","address":"14th Avenue Fife Street,Bulawayo,Zimbabwe","phones":"","fax":"","email":"","url":"","countryIso2":"ZW","countryName":"Zimbabwe","hotelRating":"2","latitude":"-20.1634","longitude":"28.5818","state_id":1956,"state_name":"Bulawayo Province","country_id":247},{"active":false,"Giataid":"299597","cityId":131454,"cityName":"Kariba","hotelId":20000373,"hotelName":"Sanyati Lodge","address":"Lake Kariba,Zimbabwe","phones":"+26327825571008","fax":"","email":"","url":"","countryIso2":"ZW","countryName":"Zimbabwe","hotelRating":"0","latitude":"-16.8771","longitude":"28.5375","state_id":1953,"state_name":"Mashonaland West Province","country_id":247},{"active":false,"Giataid":"202008","cityId":131469,"cityName":"Masvingo","hotelId":20000388,"hotelName":"Regency Hotel Flamboyant","address":"Beitbridge Road,Masvingo,Zimbabwe","phones":"+26339252899","fax":"","email":"flamboyantreservations@regencyhotels.co.zw","url":"http://www.regencyhotels.co.zw/regency-hotel-flamboyant.html","countryIso2":"ZW","countryName":"Zimbabwe","hotelRating":"3","latitude":"-20.0911","longitude":"30.8313","state_id":1960,"state_name":"Masvingo Province","country_id":247},{"active":false,"Giataid":"724707","cityId":131506,"cityName":"Victoria Falls","hotelId":20000489,"hotelName":"Premier Guest Lodge","address":"1059 Aerodrome,Victoria Falls,Zimbabwe","phones":"","fax":"","email":"","url":"","countryIso2":"ZW","countryName":"Zimbabwe","hotelRating":"0","latitude":"-17.9312","longitude":"25.8251","state_id":1954,"state_name":"Matabeleland North Province","country_id":247},{"active":false,"Giataid":"699522","cityId":131506,"cityName":"Victoria Falls","hotelId":20000516,"hotelName":"Dzimbahwe Guest Lodge","address":"703 Aerodrome,Victoria Falls,Zimbabwe","phones":"","fax":"","email":"","url":"http://www.dzimbahweguestlodge.com","countryIso2":"ZW","countryName":"Zimbabwe","hotelRating":"0","latitude":"-17.9313","longitude":"25.8165","state_id":1954,"state_name":"Matabeleland North Province","country_id":247},{"active":false,"Giataid":"724466","cityId":131506,"cityName":"Victoria Falls","hotelId":20000542,"hotelName":"Shearwater Explorers Village","address":"Adam Stander,Stand 1756,Elephants Walk,Victoria Falls,Zimbabwe","phones":"+2632132844471","fax":"","email":"reservations@shearwatervf.com","url":"http://explorersvillage.com","countryIso2":"ZW","countryName":"Zimbabwe","hotelRating":"0","latitude":"-17.9243","longitude":"25.841","state_id":1954,"state_name":"Matabeleland North Province","country_id":247},{"active":false,"Giataid":"296820","cityId":131454,"cityName":"Kariba","hotelId":20000573,"hotelName":"Lakeview Lodge","address":"Lake Kariba,Zimbabwe","phones":"+263260976667752","fax":"","email":"reservations@lakeview-zambia.com","url":"http://www.lakeview-zambia.com/zambia-lodge-accommodation.html","countryIso2":"ZW","countryName":"Zimbabwe","hotelRating":"0","latitude":"-16.5396","longitude":"28.7214","state_id":1953,"state_name":"Mashonaland West Province","country_id":247},{"active":false,"Giataid":"520091","cityId":131443,"cityName":"Harare","hotelId":20000700,"hotelName":"York Lodge","address":"1 York Avenue,Harare,Highlands,Zimbabwe","phones":"+2634776239","fax":"+2634746622","email":"admin@yorklodge.co.zw","url":"http://www.yorklodge.com","countryIso2":"ZW","countryName":"Zimbabwe","hotelRating":"3","latitude":"-17.8146","longitude":"31.0779","state_id":1958,"state_name":"Harare Province","country_id":247},{"active":false,"Giataid":"611658","cityId":131443,"cityName":"Harare","hotelId":20000751,"hotelName":"Cpm Short Stay Home","address":"2B Sulgrave,Marlborough,Harare,Zimbabwe","phones":"","fax":"","email":"","url":"","countryIso2":"ZW","countryName":"Zimbabwe","hotelRating":"3","latitude":"-17.7607","longitude":"31.009","state_id":1958,"state_name":"Harare Province","country_id":247},{"active":false,"Giataid":"681859","cityId":131443,"cityName":"Harare","hotelId":20000870,"hotelName":"Woodlands Guest Lodge","address":"9 Princes Close,Borrowdale,Harare,Zimbabwe","phones":"+2634882334","fax":"","email":"bookings@woodlandsguestlodge.com","url":"http://www.woodlandsguestlodge.com","countryIso2":"ZW","countryName":"Zimbabwe","hotelRating":"3","latitude":"-17.7562","longitude":"31.0947","state_id":1958,"state_name":"Harare Province","country_id":247},{"active":false,"Giataid":"202011","cityId":131443,"cityName":"Harare","hotelId":20001077,"hotelName":"Wild Geese Lodge","address":"2 Buckland Lane,Off Alpes Road,Teviotdale,Harare,Zimbabwe","phones":"+26342917977","fax":"","email":"info@wildgeese.co.zw","url":"http://www.wildgeeselodge.com","countryIso2":"ZW","countryName":"Zimbabwe","hotelRating":"0","latitude":"-17.6983","longitude":"31.084","state_id":1958,"state_name":"Harare Province","country_id":247},{"active":false,"Giataid":"726898","cityId":131411,"cityName":"Bulawayo","hotelId":20001174,"hotelName":"Jules Place","address":"13 Fitch Road,Khumalo,Bulawayo,Zimbabwe","phones":"","fax":"","email":"","url":"","countryIso2":"ZW","countryName":"Zimbabwe","hotelRating":"0","latitude":"-20.1854","longitude":"28.5773","state_id":1956,"state_name":"Bulawayo Province","country_id":247},{"active":false,"Giataid":"492032","cityId":131411,"cityName":"Bulawayo","hotelId":20001524,"hotelName":"Pebble Rock Lodge","address":"36 Elvington Road,Hilsside South,Bulawayo,Zimbabwe","phones":"","fax":"","email":"","url":"","countryIso2":"ZW","countryName":"Zimbabwe","hotelRating":"3","latitude":"-20.2196","longitude":"28.5913","state_id":1956,"state_name":"Bulawayo Province","country_id":247},{"active":false,"Giataid":"368261","cityId":131411,"cityName":"Bulawayo","hotelId":20001725,"hotelName":"Southern Comfort Lodge","address":"22 Jaywick Road,Matsheumhlope,Bulawayo,Zimbabwe","phones":"+2639281340","fax":"","email":"southerncomfortlodge1@gmail.com","url":"http://www.southerncomfortbyo.com","countryIso2":"ZW","countryName":"Zimbabwe","hotelRating":"0","latitude":"-20.1875","longitude":"28.6352","state_id":1956,"state_name":"Bulawayo Province","country_id":247},{"active":false,"Giataid":"602515","cityId":131411,"cityName":"Bulawayo","hotelId":20001880,"hotelName":"Ebuhleni Guest Lodge","address":"42 Gladstone Road,off Plumtree Road turn by Bellevue Spar/Choppies,Bulawayo,Zimbabwe","phones":"+2639471256","fax":"","email":"info@ebuhlenilodge.com","url":"http://www.ebuhlenilodge.com/","countryIso2":"ZW","countryName":"Zimbabwe","hotelRating":"3","latitude":"-20.2015","longitude":"28.5507","state_id":1956,"state_name":"Bulawayo Province","country_id":247},{"active":false,"Giataid":"699551","cityId":131411,"cityName":"Bulawayo","hotelId":20002125,"hotelName":"Selborne Hotel","address":"Leopold Takawira Avenue & George Silundika,Bulawayo,Zimbabwe","phones":"","fax":"","email":"","url":"","countryIso2":"ZW","countryName":"Zimbabwe","hotelRating":"0","latitude":"-20.1854","longitude":"28.5773","state_id":1956,"state_name":"Bulawayo Province","country_id":247},{"active":false,"Giataid":"699497","cityId":131443,"cityName":"Harare","hotelId":20002338,"hotelName":"Riverstone Lodge","address":"33A Waterfalls Avenue,Ardbennie,Harare,Zimbabwe","phones":"+263620364","fax":"","email":"http://www.riverstoneguest.com/contacts.html#","url":"http://www.riverstoneguest.com","countryIso2":"ZW","countryName":"Zimbabwe","hotelRating":"0","latitude":"-17.7977","longitude":"31.0812","state_id":1958,"state_name":"Harare Province","country_id":247},{"active":false,"Giataid":"610954","cityId":131469,"cityName":"Masvingo","hotelId":20002920,"hotelName":"Regency Lodge Panyanda","address":"Beitbridge Road,Masvingo,Zimbabwe","phones":"","fax":"","email":"","url":"","countryIso2":"ZW","countryName":"Zimbabwe","hotelRating":"3","latitude":"-20.0914","longitude":"30.8311","state_id":1960,"state_name":"Masvingo Province","country_id":247},{"active":false,"Giataid":"699452","cityId":131506,"cityName":"Victoria Falls","hotelId":20003951,"hotelName":"Flatdog Lodge","address":"571 Inyathi Road,Victoria Falls,Zimbabwe","phones":"+263779532540","fax":"","email":"admin@flatdoglodge.com","url":"https://www.flatdoglodge.com","countryIso2":"ZW","countryName":"Zimbabwe","hotelRating":"0","latitude":"-17.9312","longitude":"25.8251","state_id":1954,"state_name":"Matabeleland North Province","country_id":247},{"active":false,"Giataid":"668027","cityId":131454,"cityName":"Kariba","hotelId":20004314,"hotelName":"Hornbill Lodge","address":"797 Mica Point,Kariba,Mashonaland West,Zimbabwe","phones":"+263772348565","fax":"","email":"reservations@hornbilllodge.com","url":"http://www.hornbilllodge.com/","countryIso2":"ZW","countryName":"Zimbabwe","hotelRating":"0","latitude":"-16.7142","longitude":"28.5438","state_id":1953,"state_name":"Mashonaland West Province","country_id":247},{"active":false,"Giataid":"681742","cityId":131443,"cityName":"Harare","hotelId":20004703,"hotelName":"Malcolm Lodge","address":"9 Malcolm Road,Borrowdale,Harare,Zimbabwe","phones":"+2634885473","fax":"","email":"info@malcolmlodge.com","url":"http://malcolmlodgezimbabwe.com","countryIso2":"ZW","countryName":"Zimbabwe","hotelRating":"4","latitude":"-17.7619","longitude":"31.1086","state_id":1958,"state_name":"Harare Province","country_id":247},{"active":false,"Giataid":"726479","cityId":131443,"cityName":"Harare","hotelId":20004839,"hotelName":"Art Lodges","address":"40 Armadale Road,Borrowdale,Harare,Zimbabwe","phones":"","fax":"","email":"","url":"","countryIso2":"ZW","countryName":"Zimbabwe","hotelRating":"0","latitude":"-17.7659","longitude":"31.0789","state_id":1958,"state_name":"Harare Province","country_id":247},{"active":false,"Giataid":"545882","cityId":131443,"cityName":"Harare","hotelId":20004978,"hotelName":"Sandalwood Lodge","address":"11 Quorn Avenue,Mount Pleasant,Harare,Zimbabwe","phones":"+2634302758","fax":"","email":"info@sandalwoodlodge.co.zw","url":"http://www.sandalwoodlodge.co.zw/","countryIso2":"ZW","countryName":"Zimbabwe","hotelRating":"5","latitude":"-17.7749","longitude":"31.0505","state_id":1958,"state_name":"Harare Province","country_id":247},{"active":false,"Giataid":"725870","cityId":131411,"cityName":"Bulawayo","hotelId":20005149,"hotelName":"Retreat Lodge and Conference Centre","address":"4 Lois Lane,Eloana,Bulawayo,Zimbabwe","phones":"+263977405","fax":"","email":"reservations@retreatlodge.co.zw","url":"https://retreatlodge.co.zw/","countryIso2":"ZW","countryName":"Zimbabwe","hotelRating":"0","latitude":"-20.1854","longitude":"28.5773","state_id":1956,"state_name":"Bulawayo Province","country_id":247},{"active":false,"Giataid":"510865","cityId":131506,"cityName":"Victoria Falls","hotelId":20005310,"hotelName":"Jafuta Lodge","address":"Stanley Livingstone Road,Victoria Falls,Zimbabwe","phones":"","fax":"","email":"","url":"","countryIso2":"ZW","countryName":"Zimbabwe","hotelRating":"2","latitude":"-18.0219","longitude":"25.805","state_id":1954,"state_name":"Matabeleland North Province","country_id":247},{"active":false,"Giataid":"299595","cityId":131454,"cityName":"Kariba","hotelId":20005602,"hotelName":"Katete Safari Lodge","address":"Lake Kariba,Zimbabwe","phones":"+2634737944","fax":"+2634736646","email":"","url":"","countryIso2":"ZW","countryName":"Zimbabwe","hotelRating":"0","latitude":"-16.8236","longitude":"28.3216","state_id":1953,"state_name":"Mashonaland West Province","country_id":247},{"active":false,"Giataid":"660773","cityId":131443,"cityName":"Harare","hotelId":20006007,"hotelName":"Ballantynes Lodge","address":"4 Parham Road,Ballantyne Park,Harare,Zimbabwe","phones":"+2634882715","fax":"","email":"ballantynes@zol.co.zw","url":"http://ballantyneslodge.com","countryIso2":"ZW","countryName":"Zimbabwe","hotelRating":"3","latitude":"-17.7745","longitude":"31.0967","state_id":1958,"state_name":"Harare Province","country_id":247},{"active":false,"Giataid":"660778","cityId":131443,"cityName":"Harare","hotelId":20006179,"hotelName":"Amanzi Lodge","address":"1 Masasa Lane,Kambanji,Harare,Zimbabwe","phones":"+2634499257","fax":"","email":"reservations@amanzi.co.zw","url":"http://www.amanzi.co.zw","countryIso2":"ZW","countryName":"Zimbabwe","hotelRating":"4","latitude":"-17.7654","longitude":"31.1319","state_id":1958,"state_name":"Harare Province","country_id":247},{"active":false,"Giataid":"681876","cityId":131443,"cityName":"Harare","hotelId":20006326,"hotelName":"Home Away From Home Westgate Harare","address":"1966 Area D Westgate,Harare,Zimbabwe","phones":"+263773375932","fax":"","email":"cchits70@gmail.com","url":"http://www.svikai.com","countryIso2":"ZW","countryName":"Zimbabwe","hotelRating":"3","latitude":"-17.8595","longitude":"31.0272","state_id":1958,"state_name":"Harare Province","country_id":247},{"active":false,"Giataid":"660783","cityId":131443,"cityName":"Harare","hotelId":20006540,"hotelName":"Casa Kadiki","address":"15 Shortheath Road,Chisipite,Harare,Zimbabwe","phones":"+2634490352","fax":"","email":"bookings@casakadiki.co.zw","url":"https://www.casakadiki.co.zw","countryIso2":"ZW","countryName":"Zimbabwe","hotelRating":"3","latitude":"-17.7864","longitude":"31.1173","state_id":1958,"state_name":"Harare Province","country_id":247},{"active":false,"Giataid":"510905","cityId":131443,"cityName":"Harare","hotelId":20006740,"hotelName":"The Harare Club","address":"14 3rd Street,Harare,Zimbabwe","phones":"","fax":"","email":"","url":"","countryIso2":"ZW","countryName":"Zimbabwe","hotelRating":"3","latitude":"-17.8287","longitude":"31.0527","state_id":1958,"state_name":"Harare Province","country_id":247},{"active":false,"Giataid":"202007","cityId":131443,"cityName":"Harare","hotelId":20006900,"hotelName":"Palm Lodge","address":"11 Mazoe Street,Harare,Zimbabwe","phones":"+2634708419","fax":"","email":"frontdesk@palmlodge.co.zw","url":"http://www.palmlodge.co.zw/","countryIso2":"ZW","countryName":"Zimbabwe","hotelRating":"0","latitude":"-17.8099","longitude":"31.0443","state_id":1958,"state_name":"Harare Province","country_id":247},{"active":false,"Giataid":"532336","cityId":131443,"cityName":"Harare","hotelId":20007140,"hotelName":"Glen Lorne Lodge","address":"312 Ard-Na-Lea Close,Glen Lorne,Harare,Zimbabwe","phones":"","fax":"","email":"","url":"","countryIso2":"ZW","countryName":"Zimbabwe","hotelRating":"4","latitude":"-17.7613","longitude":"31.142","state_id":1958,"state_name":"Harare Province","country_id":247},{"active":false,"Giataid":"545883","cityId":131506,"cityName":"Victoria Falls","hotelId":20007300,"hotelName":"Victoria Falls Backpackers","address":"357 Gibson Road,Victoria Falls,Box 151,Zimbabwe","phones":"+2631342209","fax":"+2631342209","email":"info@victoriafallsbackpackers.com","url":"http://victoriafallsbackpackers.com/","countryIso2":"ZW","countryName":"Zimbabwe","hotelRating":"2","latitude":"-17.9224","longitude":"25.8261","state_id":1954,"state_name":"Matabeleland North Province","country_id":247},{"active":false,"Giataid":"610778","cityId":131469,"cityName":"Masvingo","hotelId":20007431,"hotelName":"Regency Hotel Chevron","address":"2 Robert Mugabe Way,Masvingo,Zimbabwe","phones":"+26339253085","fax":"","email":"chevron@regencyhotels.co.zw","url":"http://www.regencyhotels.co.zw","countryIso2":"ZW","countryName":"Zimbabwe","hotelRating":"0","latitude":"-20.0769","longitude":"30.8319","state_id":1960,"state_name":"Masvingo Province","country_id":247},{"active":false,"Giataid":"299596","cityId":131454,"cityName":"Kariba","hotelId":20007796,"hotelName":"Musango Safari Camp","address":"Musango Island,Lake Kariba,Zimbabwe,Zimbabwe","phones":"+263772307875","fax":"","email":"wendy@musangosafaricamp.com","url":"http://www.musangosafaricamp.com","countryIso2":"ZW","countryName":"Zimbabwe","hotelRating":"3","latitude":"-16.8374","longitude":"28.3897","state_id":1953,"state_name":"Mashonaland West Province","country_id":247},{"active":false,"Giataid":"610533","cityId":131443,"cityName":"Harare","hotelId":20007955,"hotelName":"Willow Lodge","address":"3 Willowmead Lane,Colne Valley,Harare,Zimbabwe","phones":"+263773599548","fax":"","email":"info@willowlodgeharare.com","url":"http://willowlodgeharare.com/","countryIso2":"ZW","countryName":"Zimbabwe","hotelRating":"4","latitude":"-17.7777","longitude":"31.111","state_id":1958,"state_name":"Harare Province","country_id":247},{"active":false,"Giataid":"532413","cityId":132611,"cityName":"Kotwa","hotelId":20008100,"hotelName":"The Pumpkin Hotel","address":"Nyamapanda Highway,Kotwa,Zimbabwe","phones":"","fax":"","email":"","url":"","countryIso2":"ZW","countryName":"Zimbabwe","hotelRating":"3","latitude":"-17.7977","longitude":"31.0812","state_id":4039,"state_name":"Madhya Pradesh","country_id":101},{"active":false,"Giataid":"605405","cityId":131411,"cityName":"Bulawayo","hotelId":20008271,"hotelName":"Glen Lodge & Tours","address":"8 Oregon Avenue,Newton West,Bulawayo,Zimbabwe","phones":"+2639460584","fax":"","email":"glenlodge@zol.co.zw","url":"http://www.glenlodgeandtours.com","countryIso2":"ZW","countryName":"Zimbabwe","hotelRating":"3","latitude":"-20.1854","longitude":"28.5773","state_id":1956,"state_name":"Bulawayo Province","country_id":247},{"active":false,"Giataid":"298173","cityId":131443,"cityName":"Harare","hotelId":20008375,"hotelName":"Imba Matombo","address":"3 Albert Glen Close,Glen Lorne,Harare,PO Box HG 800,Highlands,Zimbabwe","phones":"","fax":"","email":"","url":"","countryIso2":"ZW","countryName":"Zimbabwe","hotelRating":"0","latitude":"-17.7531","longitude":"31.1534","state_id":1958,"state_name":"Harare Province","country_id":247},{"active":false,"Giataid":"873062","cityId":131411,"cityName":"Bulawayo","hotelId":20389142,"hotelName":"Cycad Lodge","address":"7 Ivegill Road,Morningside,Bulawayo 1211,Zimbabwe","phones":"","fax":"","email":"","url":"","countryIso2":"ZW","countryName":"Zimbabwe","hotelRating":"3","latitude":"-20.1854","longitude":"28.5773","state_id":1956,"state_name":"Bulawayo Province","country_id":247},{"active":false,"Giataid":"868829","cityId":131441,"cityName":"Gweru","hotelId":20389143,"hotelName":"Mfuti Lodge Bed & Breakfast","address":"12 Chilton Drive,Harben Park,Gweru,Midlands,Zimbabwe","phones":"+263772358511","fax":"","email":"lockecarol1@gmail.com","url":"","countryIso2":"ZW","countryName":"Zimbabwe","hotelRating":"0","latitude":"-19.4701","longitude":"29.8043","state_id":1957,"state_name":"Midlands Province","country_id":247},{"active":false,"Giataid":"868696","cityId":131506,"cityName":"Victoria Falls","hotelId":20389146,"hotelName":"Mosi-Ua-Tunya Lodge","address":"609 Mahogany Road,Victoria Falls,Matabeleland North,Zimbabwe","phones":"+2631344336","fax":"","email":"","url":"http://www.mosi-ua-tunya.com/","countryIso2":"ZW","countryName":"Zimbabwe","hotelRating":"0","latitude":"-17.9312","longitude":"25.8251","state_id":1954,"state_name":"Matabeleland North Province","country_id":247},{"active":false,"Giataid":"922737","cityId":131411,"cityName":"Bulawayo","hotelId":20389145,"hotelName":"Shonga Lodge","address":"7 Shakespeare Avenue,Highmount,Bulawayo,Zimbabwe","phones":"","fax":"","email":"","url":"","countryIso2":"ZW","countryName":"Zimbabwe","hotelRating":"0","latitude":"-20.1854","longitude":"28.5773","state_id":1956,"state_name":"Bulawayo Province","country_id":247},{"active":false,"Giataid":"892386","cityId":131411,"cityName":"Bulawayo","hotelId":20389144,"hotelName":"Breeze Guest House","address":"24 Heyman Road,Surbubs,Bulawayo,Zimbabwe","phones":"","fax":"","email":"","url":"","countryIso2":"ZW","countryName":"Zimbabwe","hotelRating":"0","latitude":"-20.1854","longitude":"28.5773","state_id":1956,"state_name":"Bulawayo Province","country_id":247},{"active":false,"Giataid":"868732","cityId":131411,"cityName":"Bulawayo","hotelId":20389149,"hotelName":"Clover Cottage","address":"2 Kingfisher Road Burnside,Bulawayo,Matabeleland,Zimbabwe","phones":"","fax":"","email":"","url":"","countryIso2":"ZW","countryName":"Zimbabwe","hotelRating":"0","latitude":"-20.1854","longitude":"28.5773","state_id":1956,"state_name":"Bulawayo Province","country_id":247},{"active":false,"Giataid":"868746","cityId":131443,"cityName":"Harare","hotelId":20389150,"hotelName":"NEC Villas and Lodges","address":"170 Robert Mugabe Road,Eastlea,Harare,Zimbabwe","phones":"+263242778925","fax":"","email":"neclodgesandvillas@gmail.com","url":"https://necvillasharare.business.site/","countryIso2":"ZW","countryName":"Zimbabwe","hotelRating":"0","latitude":"-17.7977","longitude":"31.0812","state_id":1958,"state_name":"Harare Province","country_id":247},{"active":false,"Giataid":"892333","cityId":131443,"cityName":"Harare","hotelId":20389151,"hotelName":"Pakanaka Lodge","address":"1 Portal Road,Highlands,Harare,Zimbabwe","phones":"","fax":"","email":"","url":"","countryIso2":"ZW","countryName":"Zimbabwe","hotelRating":"0","latitude":"-17.7977","longitude":"31.0812","state_id":1958,"state_name":"Harare Province","country_id":247},{"active":false,"Giataid":"873737","cityId":131454,"cityName":"Kariba","hotelId":20389152,"hotelName":"Warthogs Bush Camp","address":"1371 Powerlines Road,Kariba,Zimbabwe","phones":"+263775068406","fax":"","email":"relax@warthogs.co.zw","url":"http://warthogs.co.zw/warthogs-bushcamp","countryIso2":"ZW","countryName":"Zimbabwe","hotelRating":"0","latitude":"-16.6941","longitude":"28.5743","state_id":1953,"state_name":"Mashonaland West Province","country_id":247},{"active":false,"Giataid":"860155","cityId":131443,"cityName":"Harare","hotelId":20389153,"hotelName":"Unique Bed And Breakfast","address":"420 El Shaddai Road Helensvale,Harare,Zimbabwe","phones":"+263773523390","fax":"","email":"dipoleint@yahoo.com","url":"http://www.uniqueaccommodationandholidayhomes.weebly.com/","countryIso2":"ZW","countryName":"Zimbabwe","hotelRating":"0","latitude":"-17.7977","longitude":"31.0812","state_id":1958,"state_name":"Harare Province","country_id":247},{"active":false,"Giataid":"903908","cityId":131469,"cityName":"Masvingo","hotelId":20389156,"hotelName":"Urban Lifestyles Guest House","address":"1477 Ironwood Road,Rhodene,Masvingo,Zimbabwe","phones":"+263392264847","fax":"","email":"urbanlifestyles@outlook.com","url":"http://www.urbanlifestyleszw.com","countryIso2":"ZW","countryName":"Zimbabwe","hotelRating":"0","latitude":"-20.0913","longitude":"30.8331","state_id":1960,"state_name":"Masvingo Province","country_id":247},{"active":false,"Giataid":"873051","cityId":131443,"cityName":"Harare","hotelId":20389154,"hotelName":"Kutandara Lodges","address":"16 Hampshire Road,Greendale,Greendale,Zimbabwe","phones":"+263242492585","fax":"","email":"kutandara.harare@gmail.com","url":"http://kutandaralodges.com","countryIso2":"ZW","countryName":"Zimbabwe","hotelRating":"3","latitude":"-17.7977","longitude":"31.0812","state_id":1958,"state_name":"Harare Province","country_id":247},{"active":false,"Giataid":"903872","cityId":131443,"cityName":"Harare","hotelId":20389155,"hotelName":"The Palace Guest House","address":"115 Bishop Gaul Avenue,Corner Christ Church Avenue,Kensington,Harare,Zimbabwe","phones":"","fax":"","email":"","url":"","countryIso2":"ZW","countryName":"Zimbabwe","hotelRating":"0","latitude":"-17.7977","longitude":"31.0812","state_id":1958,"state_name":"Harare Province","country_id":247},{"active":false,"Giataid":"868762","cityId":131443,"cityName":"Harare","hotelId":20389159,"hotelName":"Mt Pleasant B'n'B","address":"4 Montrose Close Mount Pleasant,Harare,Zimbabwe","phones":"","fax":"","email":"","url":"","countryIso2":"ZW","countryName":"Zimbabwe","hotelRating":"0","latitude":"-17.7977","longitude":"31.0812","state_id":1958,"state_name":"Harare Province","country_id":247},{"active":false,"Giataid":"922756","cityId":131411,"cityName":"Bulawayo","hotelId":20389157,"hotelName":"Tshulu Tsha Nabe Lodge","address":"4 Hoopoe Hollow Road,Burnside,Bulawayo,Zimbabwe","phones":"","fax":"","email":"","url":"http://tshulutshanabelodge.com/","countryIso2":"ZW","countryName":"Zimbabwe","hotelRating":"0","latitude":"-20.1854","longitude":"28.5773","state_id":1956,"state_name":"Bulawayo Province","country_id":247},{"active":false,"Giataid":"892364","cityId":131506,"cityName":"Victoria Falls","hotelId":20389158,"hotelName":"Phezulu Lodge","address":"Victoria Falls,Zimbabwe","phones":"","fax":"","email":"","url":"","countryIso2":"ZW","countryName":"Zimbabwe","hotelRating":"0","latitude":"-17.9312","longitude":"25.8251","state_id":1954,"state_name":"Matabeleland North Province","country_id":247},{"active":false,"Giataid":"892342","cityId":131443,"cityName":"Harare","hotelId":20389160,"hotelName":"Cheltenham Park","address":"139 Cheltenham Park,Goromonzi,Harare,Zimbabwe","phones":"+2634302261","fax":"","email":"","url":"http://www.cheltenhampark.co.zw","countryIso2":"ZW","countryName":"Zimbabwe","hotelRating":"3","latitude":"-17.7977","longitude":"31.0812","state_id":1958,"state_name":"Harare Province","country_id":247},{"active":false,"Giataid":"907690","cityId":131411,"cityName":"Bulawayo","hotelId":20389161,"hotelName":"Mavuna Guest Lodge & Conference Centre","address":"21 Caithness Road,Hillside,Bulawayo,Zimbabwe","phones":"","fax":"","email":"","url":"","countryIso2":"ZW","countryName":"Zimbabwe","hotelRating":"0","latitude":"-20.1854","longitude":"28.5773","state_id":1956,"state_name":"Bulawayo Province","country_id":247},{"active":false,"Giataid":"863082","cityId":131506,"cityName":"Victoria Falls","hotelId":20389162,"hotelName":"Inboundout Guest House","address":"850 Aerodrome,Victoria Falls,Zimbabwe","phones":"+263773475554","fax":"","email":"inboundoutbound@zoho.com","url":"http://www.inboundoutbound.co.zw","countryIso2":"ZW","countryName":"Zimbabwe","hotelRating":"3","latitude":"-17.9312","longitude":"25.8251","state_id":1954,"state_name":"Matabeleland North Province","country_id":247},{"active":false,"Giataid":"915409","cityId":131443,"cityName":"Harare","hotelId":20389165,"hotelName":"Mudziyashe","address":"2828 Enterprise Road,Glen Lorne,Harare,Zimbabwe","phones":"+263773588762","fax":"","email":"mudziyashe@gmail.com","url":"http://www.mudziyashe.com","countryIso2":"ZW","countryName":"Zimbabwe","hotelRating":"0","latitude":"-17.7977","longitude":"31.0812","state_id":1958,"state_name":"Harare Province","country_id":247},{"active":false,"Giataid":"861225","cityId":131443,"cityName":"Harare","hotelId":20389163,"hotelName":"Million Foot Executive Lodge","address":"75 Glenara Avenue,North Highlands,Harare,Zimbabwe","phones":"","fax":"","email":"","url":"","countryIso2":"ZW","countryName":"Zimbabwe","hotelRating":"0","latitude":"-17.8055","longitude":"31.0939","state_id":1958,"state_name":"Harare Province","country_id":247},{"active":false,"Giataid":"873602","cityId":131443,"cityName":"Harare","hotelId":20389164,"hotelName":"Greystone Lodge","address":"640 Saint Gerards Way,Greystone Park Harare,Harare,Zimbabwe","phones":"","fax":"","email":"","url":"","countryIso2":"ZW","countryName":"Zimbabwe","hotelRating":"3","latitude":"-17.7977","longitude":"31.0812","state_id":1958,"state_name":"Harare Province","country_id":247},{"active":false,"Giataid":"883816","cityId":131480,"cityName":"Mutare","hotelId":20389166,"hotelName":"Madrugada Magic","address":"Freshwater Road,Mutare,Manicaland,Zimbabwe","phones":"","fax":"","email":"","url":"","countryIso2":"ZW","countryName":"Zimbabwe","hotelRating":"0","latitude":"-19.0244","longitude":"32.7012","state_id":1959,"state_name":"Manicaland","country_id":247},{"active":false,"Giataid":"860456","cityId":131411,"cityName":"Bulawayo","hotelId":20389167,"hotelName":"Umthombo Lodge","address":"18 Banff Road,Bulawayo,Zimbabwe","phones":"","fax":"","email":"","url":"","countryIso2":"ZW","countryName":"Zimbabwe","hotelRating":"0","latitude":"-20.1854","longitude":"28.5773","state_id":1956,"state_name":"Bulawayo Province","country_id":247},{"active":false,"Giataid":"922763","cityId":131411,"cityName":"Bulawayo","hotelId":20389168,"hotelName":"Hostel Choice City Backpackers","address":"144B George Silundika Street,15th Avenue,George Silundika,Bulawayo,Zimbabwe","phones":"","fax":"","email":"","url":"","countryIso2":"ZW","countryName":"Zimbabwe","hotelRating":"0","latitude":"-20.1854","longitude":"28.5773","state_id":1956,"state_name":"Bulawayo Province","country_id":247},{"active":false,"Giataid":"897349","cityId":131506,"cityName":"Victoria Falls","hotelId":20389169,"hotelName":"Dimba Safaris","address":"Waterford Farm,Victoria Falls,Matabeleland North Province,Zimbabwe","phones":"","fax":"","email":"","url":"","countryIso2":"ZW","countryName":"Zimbabwe","hotelRating":"0","latitude":"-17.9312","longitude":"25.8251","state_id":1954,"state_name":"Matabeleland North Province","country_id":247},{"active":false,"Giataid":"868786","cityId":131443,"cityName":"Harare","hotelId":20389170,"hotelName":"Weaver Cottages","address":"P.O. Box,A1922 Avondale,38 Broadlands Road,Emerald Hill,Harare,Zimbabwe","phones":"+2634308330","fax":"","email":"","url":"http://weaverpresszimbabwe.com","countryIso2":"ZW","countryName":"Zimbabwe","hotelRating":"0","latitude":"-17.7977","longitude":"31.0812","state_id":1958,"state_name":"Harare Province","country_id":247},{"active":false,"Giataid":"898270","cityId":131443,"cityName":"Harare","hotelId":20389171,"hotelName":"Bushman Rock Safaris","address":"Sellair Road,Melfort,Mashonaland East,Ruwa,Harare,Zimbabwe","phones":"+263772156119","fax":"","email":"info@bushmanrock.com","url":"http://www.bushmanrock.com","countryIso2":"ZW","countryName":"Zimbabwe","hotelRating":"0","latitude":"-17.7977","longitude":"31.0812","state_id":1958,"state_name":"Harare Province","country_id":247},{"active":false,"Giataid":"914941","cityId":131411,"cityName":"Bulawayo","hotelId":20389173,"hotelName":"Arikho Suites","address":"52 Samuel Parirenyatwa And 4th Avenue,Bulawayo,Zimbabwe","phones":"+263978800","fax":"","email":"bookings@arikhosuites.co.zw","url":"http://arikhosuites.co.zw","countryIso2":"ZW","countryName":"Zimbabwe","hotelRating":"0","latitude":"-20.1854","longitude":"28.5773","state_id":1956,"state_name":"Bulawayo Province","country_id":247},{"active":false,"Giataid":"867364","cityId":131506,"cityName":"Victoria Falls","hotelId":20389174,"hotelName":"The White House","address":"337 Wood Road,Victoria Falls,Zimbabwe","phones":"","fax":"","email":"","url":"","countryIso2":"ZW","countryName":"Zimbabwe","hotelRating":"3","latitude":"-17.9225","longitude":"25.828","state_id":1954,"state_name":"Matabeleland North Province","country_id":247},{"active":false,"Giataid":"861345","cityId":131443,"cityName":"Harare","hotelId":20389175,"hotelName":"Sarum Lodge","address":"13 Sarum Avenue Eastlea,Harare,Zimbabwe","phones":"+26347798177","fax":"","email":"","url":"http://www.sarumlodge.co.zw/","countryIso2":"ZW","countryName":"Zimbabwe","hotelRating":"0","latitude":"-17.7977","longitude":"31.0812","state_id":1958,"state_name":"Harare Province","country_id":247},{"active":false,"Giataid":"892287","cityId":131443,"cityName":"Harare","hotelId":20389176,"hotelName":"Stephen Margolis Resort","address":"625 Stephen Margolis Road,Derbyshire,Waterfalls,Harare,Zimbabwe","phones":"+2634774436","fax":"","email":"margolis@africaonline.co.zw","url":"http://www.stephenmargolisresort.com","countryIso2":"ZW","countryName":"Zimbabwe","hotelRating":"0","latitude":"-17.7977","longitude":"31.0812","state_id":1958,"state_name":"Harare Province","country_id":247},{"active":false,"Giataid":"915437","cityId":63655,"cityName":"Kadoma","hotelId":20389177,"hotelName":"Linet Events BnB","address":"20 Milton Road,Kadoma,Zimbabwe","phones":"","fax":"","email":"","url":"","countryIso2":"ZW","countryName":"Zimbabwe","hotelRating":"0","latitude":"0","longitude":"0","state_id":859,"state_name":"osaka Prefecture","country_id":109},{"active":false,"Giataid":"915456","cityId":131480,"cityName":"Mutare","hotelId":20389178,"hotelName":"White Horse Inn","address":"Laurenceville Road,Vumba,Paulington,P.O. Box 3193,Mutare,Zimbabwe","phones":"+2632060325","fax":"","email":"whitehorseinn@bsatt.com","url":"http://www.whitehorseinn.co.zw/","countryIso2":"ZW","countryName":"Zimbabwe","hotelRating":"0","latitude":"-19.0244","longitude":"32.7012","state_id":1959,"state_name":"Manicaland","country_id":247},{"active":false,"Giataid":"860298","cityId":131443,"cityName":"Harare","hotelId":20389180,"hotelName":"Woodgate Lodge","address":"31 Woodgate Road,Northwood,Harare,Zimbabwe","phones":"+263775220206","fax":"","email":"info@woodgate-lodge.com","url":"http://www.woodgate-lodge.com","countryIso2":"ZW","countryName":"Zimbabwe","hotelRating":"0","latitude":"-17.7977","longitude":"31.0812","state_id":1958,"state_name":"Harare Province","country_id":247},{"active":false,"Giataid":"873078","cityId":131443,"cityName":"Harare","hotelId":20389181,"hotelName":"Mpofu Bed & Breakfast","address":"11 Manitoba,Braeside,Harare,Zimbabwe","phones":"+263774860439","fax":"","email":"","url":"http://mpofu-bedbreakfast.business.site","countryIso2":"ZW","countryName":"Zimbabwe","hotelRating":"0","latitude":"-17.7977","longitude":"31.0812","state_id":1958,"state_name":"Harare Province","country_id":247},{"active":false,"Giataid":"907678","cityId":131443,"cityName":"Harare","hotelId":20389182,"hotelName":"Premier Guest Lodge","address":"3 Byron Way,Hillside,Harare,Zimbabwe","phones":"+263774136786","fax":"","email":"info@premierguestlodge.co.zw","url":"http://www.premierguestlodge.co.zw/","countryIso2":"ZW","countryName":"Zimbabwe","hotelRating":"0","latitude":"-17.7977","longitude":"31.0812","state_id":1958,"state_name":"Harare Province","country_id":247},{"active":false,"Giataid":"868811","cityId":131443,"cityName":"Harare","hotelId":20389186,"hotelName":"Doorstep Guest House","address":"59 Ridgeway North,Colne Valley,Harare,Zimbabwe","phones":"","fax":"","email":"","url":"","countryIso2":"ZW","countryName":"Zimbabwe","hotelRating":"0","latitude":"-17.7977","longitude":"31.0812","state_id":1958,"state_name":"Harare Province","country_id":247},{"active":false,"Giataid":"875504","cityId":131480,"cityName":"Mutare","hotelId":20389183,"hotelName":"Coolwaters","address":"Lauranceville Drive,Lower Vumba,Mutare,Manicaland,Zimbabwe","phones":"","fax":"","email":"","url":"http://www.qantas.com/hotels/properties/466371","countryIso2":"ZW","countryName":"Zimbabwe","hotelRating":"0","latitude":"-19.0244","longitude":"32.7012","state_id":1959,"state_name":"Manicaland","country_id":247},{"active":false,"Giataid":"907687","cityId":131506,"cityName":"Victoria Falls","hotelId":20389185,"hotelName":"Kulula","address":"547 Mopane Street,Victoria Falls,Matabelandnorth,Zimbabwe","phones":"","fax":"","email":"","url":"","countryIso2":"ZW","countryName":"Zimbabwe","hotelRating":"0","latitude":"-17.9312","longitude":"25.8251","state_id":1954,"state_name":"Matabeleland North Province","country_id":247},{"active":false,"Giataid":"900103","cityId":131443,"cityName":"Harare","hotelId":20389187,"hotelName":"Highlands Lodges And Apartments","address":"27 Arcturus Road,Highlands,Harare,Zimbabwe","phones":"","fax":"","email":"","url":"","countryIso2":"ZW","countryName":"Zimbabwe","hotelRating":"2","latitude":"-17.7977","longitude":"31.0812","state_id":1958,"state_name":"Harare Province","country_id":247},{"active":false,"Giataid":"976271","cityId":131411,"cityName":"Bulawayo","hotelId":20424902,"hotelName":"Kismet","address":"Catherine Berry Drive,Bulawayo,Zimbabwe","phones":"+263712636063","fax":"","email":"info@kismetexecutive.com","url":"http://kismetexecutive.com","countryIso2":"ZW","countryName":"Zimbabwe","hotelRating":"1","latitude":"-20.1841","longitude":"28.5965","state_id":1956,"state_name":"Bulawayo Province","country_id":247},{"active":false,"Giataid":"975965","cityId":131443,"cityName":"Harare","hotelId":20424903,"hotelName":"The Crown Inn Guest House","address":"845 Golden Stairs,Mt Pleasant,Harare,Zimbabwe","phones":"","fax":"","email":"","url":"","countryIso2":"ZW","countryName":"Zimbabwe","hotelRating":"1","latitude":"-17.7977","longitude":"31.0812","state_id":1958,"state_name":"Harare Province","country_id":247}]