[{"active":false,"Giataid":"46627","cityId":null,"cityName":"Hwange National Park","hotelId":46627,"hotelName":"Sikumi Tree Lodge","address":"Lot 2 Dete Valley Gwayi,Hwange National Park,Zimbabwe","phones":"+263774416115","fax":"","email":"ttwres@byorainbow.co.zw","url":"http://www.rtg.co.zw/sikumi-tree-lodges.html","countryIso2":"ZW","countryName":"Zimbabwe","hotelRating":"3","latitude":"-18.6422","longitude":"27.0886","state_id":null,"state_name":null,"country_id":null},{"active":false,"Giataid":"46629","cityId":null,"cityName":"Hwange National Park","hotelId":46629,"hotelName":"Hwange Safari Lodge","address":"Dete,Hwange,Zimbabwe","phones":"+26318333","fax":"","email":"pacro@africansunhotels.com","url":"http://www.africansunhotels.com/Index.cfm?fuseaction=hotels.info&amp;name=hwange_safari_lodge","countryIso2":"ZW","countryName":"Zimbabwe","hotelRating":"3","latitude":"-18.6576","longitude":"26.9783","state_id":null,"state_name":null,"country_id":null},{"active":false,"Giataid":"143056","cityId":null,"cityName":"Hwange National Park","hotelId":143056,"hotelName":"Makalolo Plains Camp","address":"Hwange-Nationalpark,Zimbabwe","phones":"","fax":"","email":"","url":"","countryIso2":"ZW","countryName":"Zimbabwe","hotelRating":"5","latitude":"-18.9106","longitude":"27.1217","state_id":null,"state_name":null,"country_id":null},{"active":false,"Giataid":"202005","cityId":null,"cityName":"Matobo National Park","hotelId":202005,"hotelName":"Matobo Hills Lodge","address":"Matobo Hills,Bulawayo,Zimbabwe","phones":"","fax":"","email":"","url":"http://www.matobohillslodge.com/","countryIso2":"ZW","countryName":"Zimbabwe","hotelRating":"4","latitude":"-20.4851","longitude":"28.4786","state_id":null,"state_name":null,"country_id":null},{"active":false,"Giataid":"202006","cityId":null,"cityName":"Hwange National Park","hotelId":202006,"hotelName":"Miombo Safari Camp","address":"Hwange National Park,Zimbabwe","phones":"+26318695","fax":"","email":"","url":"http://www.miombosafaricamp.com/","countryIso2":"ZW","countryName":"Zimbabwe","hotelRating":"3","latitude":"-18.6233","longitude":"26.8673","state_id":null,"state_name":null,"country_id":null},{"active":false,"Giataid":"202010","cityId":null,"cityName":"Hwange National Park","hotelId":202010,"hotelName":"The Hide","address":"Hwange-Nationalpark,Zimbabwe","phones":"+2634498835","fax":"","email":"","url":"","countryIso2":"ZW","countryName":"Zimbabwe","hotelRating":"4","latitude":"-18.8729","longitude":"27.1592","state_id":null,"state_name":null,"country_id":null},{"active":false,"Giataid":"365493","cityId":null,"cityName":"Zambezi National Park","hotelId":365493,"hotelName":"Imbabala Zambezi Safari Lodge","address":"Zambezi River,Victoria Falls,Zambezi National Park,Zimbabwe","phones":"+2631344571","fax":"","email":"res6@wildhorizons.co.zw","url":"http://www.imbabalazambezisafarilodge.com/","countryIso2":"ZW","countryName":"Zimbabwe","hotelRating":"3","latitude":"-17.8182","longitude":"25.2843","state_id":null,"state_name":null,"country_id":null},{"active":false,"Giataid":"365493","cityId":null,"cityName":"Zambezi National Park","hotelId":365493,"hotelName":"Imbabala Zambezi Safari Lodge","address":"Zambezi River,Victoria Falls,Zambezi National Park,Zimbabwe","phones":"+2631344571","fax":"","email":"res6@wildhorizons.co.zw","url":"http://www.imbabalazambezisafarilodge.com/","countryIso2":"ZW","countryName":"Zimbabwe","hotelRating":"3","latitude":"-17.8182","longitude":"25.2843","state_id":null,"state_name":null,"country_id":null},{"active":false,"Giataid":"368006","cityId":null,"cityName":"Hwange National Park","hotelId":368006,"hotelName":"Bomani Safari Camp-hwange","address":"","phones":"","fax":"","email":"","url":"","countryIso2":"ZW","countryName":"Zimbabwe","hotelRating":"3","latitude":"-18.7664","longitude":"26.9653","state_id":null,"state_name":null,"country_id":null},{"active":false,"Giataid":"411956","cityId":null,"cityName":"Hwange National Park","hotelId":411956,"hotelName":"Camelthorn Lodge","address":"NULL","phones":"+263965640","fax":"","email":"reservations@imvelosafarilodges.com","url":"http://www.imvelosafarilodges.com/camelthorn-lodge.html","countryIso2":"ZW","countryName":"Zimbabwe","hotelRating":"4","latitude":"-18.9049","longitude":"27.1257","state_id":null,"state_name":null,"country_id":null},{"active":false,"Giataid":"411954","cityId":null,"cityName":"Hwange National Park","hotelId":411954,"hotelName":"Bomani Tented Lodge","address":"NULL","phones":"+263965640","fax":"","email":"reservations@imvelosafarilodges.com","url":"http://www.imvelosafarilodges.com/bomani-lodge.html","countryIso2":"ZW","countryName":"Zimbabwe","hotelRating":"3","latitude":"-18.9153","longitude":"27.123","state_id":null,"state_name":null,"country_id":null},{"active":false,"Giataid":"430017","cityId":null,"cityName":"Hwange National Park","hotelId":430017,"hotelName":"Somalisa Camp","address":"Hwange-Nationalpark,Zimbabwe","phones":"+26327217010270","fax":"","email":"info@africanbushcamps.com","url":"http://www.africanbushcamps.com/de/camps-safaris/zimbabwe/somalisa-camp/","countryIso2":"ZW","countryName":"Zimbabwe","hotelRating":"4","latitude":"-18.3647","longitude":"26.5","state_id":null,"state_name":null,"country_id":null},{"active":false,"Giataid":"433709","cityId":null,"cityName":"Gonarezhou Nationalpark","hotelId":433709,"hotelName":"Chilo Gorge Safari Lodge","address":"Gonarezhou National Park,Chiredzi,Zimbabwe","phones":"+263774999059","fax":"","email":"info@chilogorge.com","url":"http://chilogorge.com/","countryIso2":"ZW","countryName":"Zimbabwe","hotelRating":"3","latitude":"-21.8052","longitude":"31.7195","state_id":null,"state_name":null,"country_id":null},{"active":false,"Giataid":"433710","cityId":null,"cityName":"Lake Mutirikwe / Lake Kyle","hotelId":433710,"hotelName":"Norma Jeane�s Lake View Resort","address":"","phones":"","fax":"","email":"","url":"","countryIso2":"ZW","countryName":"Zimbabwe","hotelRating":"2","latitude":"-20.2204","longitude":"30.9744","state_id":null,"state_name":null,"country_id":null},{"active":false,"Giataid":"433711","cityId":null,"cityName":"Hwange National Park","hotelId":433711,"hotelName":"Linkwasha Camp","address":"","phones":"","fax":"","email":"","url":"","countryIso2":"ZW","countryName":"Zimbabwe","hotelRating":"4","latitude":"-18.7664","longitude":"26.9653","state_id":null,"state_name":null,"country_id":null},{"active":false,"Giataid":"433712","cityId":null,"cityName":"Mana Pools National Park","hotelId":433712,"hotelName":"Zambezi Expeditions","address":"","phones":"","fax":"","email":"","url":"","countryIso2":"ZW","countryName":"Zimbabwe","hotelRating":"3","latitude":"0","longitude":"0","state_id":null,"state_name":null,"country_id":null},{"active":false,"Giataid":"513913","cityId":null,"cityName":"Matusadona National Park","hotelId":513913,"hotelName":"Changa Safari Camp","address":"Lake Kariba,Matusadona National Park,Zimbabwe","phones":"+26344988356","fax":"+2634498480","email":"reservations@changasafaricamp.com","url":"http://www.changasafaricamp.com","countryIso2":"ZW","countryName":"Zimbabwe","hotelRating":"3","latitude":"-16.7451","longitude":"28.6697","state_id":null,"state_name":null,"country_id":null},{"active":false,"Giataid":"654991","cityId":null,"cityName":"Mana Pools National Park","hotelId":654991,"hotelName":"Little Ruckomechi Camp","address":"","phones":"","fax":"","email":"","url":"","countryIso2":"ZW","countryName":"Zimbabwe","hotelRating":"1","latitude":"0","longitude":"0","state_id":null,"state_name":null,"country_id":null},{"active":false,"Giataid":"654993","cityId":null,"cityName":"Mana Pools National Park","hotelId":654993,"hotelName":"Ruckomechi Camp & Little Ruckomechi Camp","address":"","phones":"","fax":"","email":"","url":"","countryIso2":"ZW","countryName":"Zimbabwe","hotelRating":"4","latitude":"0","longitude":"0","state_id":null,"state_name":null,"country_id":null},{"active":false,"Giataid":"667417","cityId":null,"cityName":"Zambezi National Park","hotelId":667417,"hotelName":"Zambezi Sands River Camp","address":"Zambezi National Park,Matabeleland North Province,Zimbabwe","phones":"+263292252232","fax":"+263292232331","email":"res1@imvelosafarilodges.com","url":"http://www.imvelosafarilodges.com/zambezi-sands.html","countryIso2":"ZW","countryName":"Zimbabwe","hotelRating":"1","latitude":"0","longitude":"0","state_id":null,"state_name":null,"country_id":null},{"active":false,"Giataid":"668071","cityId":null,"cityName":"Hwange National Park","hotelId":668071,"hotelName":"Jozibanini Camp","address":"Hwange National Park,Zimbabwe","phones":"","fax":"","email":"","url":"http://www.imvelosafarilodges.com/jozibanini.html","countryIso2":"ZW","countryName":"Zimbabwe","hotelRating":"1","latitude":"-18.7664","longitude":"26.9653","state_id":null,"state_name":null,"country_id":null},{"active":false,"Giataid":"299599","cityId":null,"cityName":"Matobo National Park","hotelId":20000075,"hotelName":"Big Cave Camp","address":"Matobo-Nationalpark,Zimbabwe","phones":"+2639244990","fax":"+2639244990","email":"reservations@bigcavematopos.com","url":"http://www.bigcavematopos.com/","countryIso2":"ZW","countryName":"Zimbabwe","hotelRating":"0","latitude":"-20.5034","longitude":"28.4453","state_id":null,"state_name":null,"country_id":null},{"active":false,"Giataid":"725735","cityId":null,"cityName":"Hwange National Park","hotelId":20000078,"hotelName":"The Tree Lodge At Sikumi","address":"Lot 2 Dete Valley,Matebeleland North,Gwayi River Farms,Hwange,Zimbabwe","phones":"+263774416115","fax":"","email":"info@treelodgesikumi.co.zw","url":"http://www.treelodgesikumi.co.zw/","countryIso2":"ZW","countryName":"Zimbabwe","hotelRating":"0","latitude":"-18.6423","longitude":"27.0884","state_id":null,"state_name":null,"country_id":null},{"active":false,"Giataid":"202002","cityId":null,"cityName":"Hwange National Park","hotelId":20000082,"hotelName":"Ivory Lodge","address":"3km off the Bulawayo/Victoria Falls Main Road,located in the forestry area,Hwange-Nationalpark,Zimbabwe","phones":"+2639243954","fax":"","email":"reservations@amalindacollection.co.zw","url":"http://www.ivorysafarilodge.com/ivory-lodge/","countryIso2":"ZW","countryName":"Zimbabwe","hotelRating":"3","latitude":"-18.617","longitude":"27.0596","state_id":null,"state_name":null,"country_id":null},{"active":false,"Giataid":"202000","cityId":null,"cityName":"Matobo National Park","hotelId":20000094,"hotelName":"Camp Amalinda","address":"Matobo Hills,Matopos,Matobo National Park,Zimbabwe","phones":"+2639243954","fax":"","email":"Resman@amalindacollection.co.zw","url":"http://www.campamalinda.com","countryIso2":"ZW","countryName":"Zimbabwe","hotelRating":"4","latitude":"-20.4809","longitude":"28.4371","state_id":null,"state_name":null,"country_id":null},{"active":false,"Giataid":"668063","cityId":null,"cityName":"Mana Pools National Park","hotelId":20000205,"hotelName":"John's Camp","address":"Mana Pools National Park,Mana Pools,Zimbabwe","phones":"+2632651794491","fax":"","email":"info@robinpopesafaris.net","url":"https://www.robinpopesafaris.net/de/camps/john-s-camp.php","countryIso2":"ZW","countryName":"Zimbabwe","hotelRating":"0","latitude":"0","longitude":"0","state_id":null,"state_name":null,"country_id":null},{"active":false,"Giataid":"430019","cityId":null,"cityName":"Mana Pools National Park","hotelId":20000231,"hotelName":"Kanga Camp","address":"along the seasonal floodplain of the,Ruckomechi River,Kanga Pan,Safari Concession Kanga Pan,Mana-Pools-Nationalpark,Zimbabwe","phones":"+26327217010270","fax":"","email":"contact@africanbushcamps.com","url":"http://www.africanbushcamps.com/camps-safaris/zimbabwe/kanga-camp/","countryIso2":"ZW","countryName":"Zimbabwe","hotelRating":"3","latitude":"-15.9372","longitude":"29.457","state_id":null,"state_name":null,"country_id":null},{"active":false,"Giataid":"368263","cityId":null,"cityName":"Matobo National Park","hotelId":20000346,"hotelName":"The Farm House","address":"48 kms from Byo,Matopos,Matobo National Park,Zimbabwe","phones":"+263775568345","fax":"","email":"bookings@farmhousematopos.com","url":"http://farmhousematopos.com","countryIso2":"ZW","countryName":"Zimbabwe","hotelRating":"0","latitude":"-20.508","longitude":"28.4354","state_id":null,"state_name":null,"country_id":null},{"active":false,"Giataid":"368263","cityId":null,"cityName":"Matobo National Park","hotelId":20000346,"hotelName":"The Farm House","address":"48 kms from Byo,Matopos,Matobo National Park,Zimbabwe","phones":"+263775568345","fax":"","email":"bookings@farmhousematopos.com","url":"http://farmhousematopos.com","countryIso2":"ZW","countryName":"Zimbabwe","hotelRating":"0","latitude":"-20.508","longitude":"28.4354","state_id":null,"state_name":null,"country_id":null},{"active":false,"Giataid":"406269","cityId":null,"cityName":"Hwange National Park","hotelId":20000405,"hotelName":"Sable Sands","address":"Hwange National Park,Dete,Zimbabwe,Zimbabwe","phones":"","fax":"","email":"","url":"","countryIso2":"ZW","countryName":"Zimbabwe","hotelRating":"0","latitude":"-18.6189","longitude":"26.8592","state_id":null,"state_name":null,"country_id":null},{"active":false,"Giataid":"667414","cityId":null,"cityName":"Hwange National Park","hotelId":20000442,"hotelName":"Khulu Ivory Lodge","address":"Off the Victoria Falls Bulawayo Road,Hwange National Park,Zimbabwe","phones":"+2639243954","fax":"","email":"reservations@amalindacollection.co.zw","url":"http://www.ivorysafarilodge.com/khulu-lodge/","countryIso2":"ZW","countryName":"Zimbabwe","hotelRating":"5","latitude":"-18.7664","longitude":"26.9653","state_id":null,"state_name":null,"country_id":null},{"active":false,"Giataid":"667421","cityId":null,"cityName":"Mana Pools National Park","hotelId":20000460,"hotelName":"Goliath Safari Camp","address":"Banks of Zambezi River,Mana Pools National Park,Zimbabwe","phones":"+263772733252","fax":"","email":"goliath@africaonline.co.zw","url":"http://www.goliathsafaris.com","countryIso2":"ZW","countryName":"Zimbabwe","hotelRating":"0","latitude":"0","longitude":"0","state_id":null,"state_name":null,"country_id":null},{"active":false,"Giataid":"46628","cityId":null,"cityName":"Hwange National Park","hotelId":20000959,"hotelName":"Sable Valley Lodge","address":"37 Josiah Tongogara Street,Bulawayo,Zimbabwe","phones":"+26318887905264","fax":"","email":"reservations@sablevalleylodge.com","url":"http://sablevalleylodge.com/","countryIso2":"ZW","countryName":"Zimbabwe","hotelRating":"3","latitude":"-18.7664","longitude":"26.9653","state_id":null,"state_name":null,"country_id":null},{"active":false,"Giataid":"430014","cityId":null,"cityName":"Hwange National Park","hotelId":20002514,"hotelName":"Davison's Camp","address":"Private Linkwasha Concession,South-Eastern Section,Hwange National Park,Zimbabwe","phones":"+26327112575000","fax":"+26327118072110","email":"socialmedia@wilderness.co.za","url":"http://www.wilderness-safaris.com/camps/davisons-camp","countryIso2":"ZW","countryName":"Zimbabwe","hotelRating":"3","latitude":"-18.3647","longitude":"26.5","state_id":null,"state_name":null,"country_id":null},{"active":false,"Giataid":"299598","cityId":null,"cityName":"Mana Pools National Park","hotelId":20003585,"hotelName":"Ruckomechi Camp","address":"Mana Pools National Park,Zimbabwe","phones":"","fax":"","email":"","url":"","countryIso2":"ZW","countryName":"Zimbabwe","hotelRating":"4","latitude":"0","longitude":"0","state_id":null,"state_name":null,"country_id":null},{"active":false,"Giataid":"667410","cityId":null,"cityName":"Hwange National Park","hotelId":20003743,"hotelName":"Somalisa Acacia Camp","address":"Along the Kennedy Vlei Line,Hwange National Park,Zimbabwe","phones":"+26327217010270","fax":"","email":"","url":"http://www.africanbushcamps.com/de/camps-safaris/zimbabwe/somalisa-acacia/","countryIso2":"ZW","countryName":"Zimbabwe","hotelRating":"0","latitude":"-18.7664","longitude":"26.9653","state_id":null,"state_name":null,"country_id":null},{"active":false,"Giataid":"668068","cityId":null,"cityName":"Hwange National Park","hotelId":20004135,"hotelName":"Nehimba Lodge","address":"Hwange National Park,Hwange,Zimbabwe","phones":"","fax":"","email":"","url":"http://www.imvelosafarilodges.com/nehimba.html","countryIso2":"ZW","countryName":"Zimbabwe","hotelRating":"0","latitude":"-18.7664","longitude":"26.9653","state_id":null,"state_name":null,"country_id":null},{"active":false,"Giataid":"871762","cityId":null,"cityName":"Hwange National Park","hotelId":20389140,"hotelName":"Malindi Station Safari Lodge","address":"Hwange National Park,Zimbabwe","phones":"+263779745234","fax":"","email":"john@malindisafarilodge.com","url":"http://www.malindisafarilodge.com","countryIso2":"ZW","countryName":"Zimbabwe","hotelRating":"0","latitude":"-18.8043","longitude":"27.0113","state_id":null,"state_name":null,"country_id":null}]