[{"active":false,"Giataid":"111352","cityId":39153,"cityName":"Colonia","hotelId":10049459,"hotelName":"Traders Ridge Resort","address":"1 Yap Pacific Drive,Colonia 96943,Micronesia","phones":"+6913506000","fax":"","email":"","url":"","countryIso2":"FM","countryName":"Micronesia","hotelRating":"4","latitude":"9.5171","longitude":"138.121","state_id":2582,"state_name":"Yap State","country_id":143},{"active":false,"Giataid":"141129","cityId":39230,"cityName":"Weno","hotelId":20001158,"hotelName":"Truk Blue Lagoon Resort Dive Resort","address":"Weno 96942,Chuuk,Micronesia","phones":"+6913302727","fax":"+6913302439","email":"BLResort@mail.fm","url":"http://www.bluelagoondiveresort.com","countryIso2":"FM","countryName":"Micronesia","hotelRating":"3","latitude":"7.41305","longitude":"151.843","state_id":2580,"state_name":"Chuuk State","country_id":143}]