[{"active":false,"Giataid":"25955","cityId":null,"cityName":"Malbun (Liechtenstein)","hotelId":25955,"hotelName":"Familienhotel Gorfion","address":"Stubistrasse 8,FL-9497 Malbun-Triesenberg,Liechtenstein","phones":"+4232659000","fax":"+4232659900","email":"gorfion@s-hotels.com","url":"http://www.gorfion.li","countryIso2":"LI","countryName":"Liechtenstein","hotelRating":"4","latitude":"47.101","longitude":"9.60875","state_id":null,"state_name":null,"country_id":null},{"active":false,"Giataid":"28834","cityId":null,"cityName":"Malbun (Liechtenstein)","hotelId":28834,"hotelName":"Malbunerhof","address":"","phones":"","fax":"","email":"","url":"","countryIso2":"LI","countryName":"Liechtenstein","hotelRating":"4","latitude":"47.1009","longitude":"9.60996","state_id":null,"state_name":null,"country_id":null},{"active":false,"Giataid":"222665","cityId":66443,"cityName":"Schaan","hotelId":222665,"hotelName":"Hotel Linde","address":"Feldkircher Strasse 1,9494 Schaan,Liechtenstein","phones":"","fax":"","email":"","url":"","countryIso2":"LI","countryName":"Liechtenstein","hotelRating":"3","latitude":"47.1673","longitude":"9.50999","state_id":450,"state_name":"Schaan","country_id":125},{"active":false,"Giataid":"356052","cityId":null,"cityName":"Malbun (Liechtenstein)","hotelId":356052,"hotelName":"Apartment Musbuhl","address":"","phones":"","fax":"","email":"","url":"","countryIso2":"LI","countryName":"Liechtenstein","hotelRating":"1","latitude":"47.1009","longitude":"9.60996","state_id":null,"state_name":null,"country_id":null},{"active":false,"Giataid":"356685","cityId":66446,"cityName":"Triesenberg","hotelId":356685,"hotelName":"Apartment Beck-Billeter","address":"","phones":"","fax":"","email":"","url":"","countryIso2":"LI","countryName":"Liechtenstein","hotelRating":"1","latitude":"47.1185","longitude":"9.54281","state_id":456,"state_name":"Triesenberg","country_id":125},{"active":false,"Giataid":"356687","cityId":66446,"cityName":"Triesenberg","hotelId":356687,"hotelName":"Apartment Schwarz","address":"","phones":"","fax":"","email":"","url":"","countryIso2":"LI","countryName":"Liechtenstein","hotelRating":"1","latitude":"47.1185","longitude":"9.54281","state_id":456,"state_name":"Triesenberg","country_id":125},{"active":false,"Giataid":"356688","cityId":66446,"cityName":"Triesenberg","hotelId":356688,"hotelName":"Apartment Tristel","address":"","phones":"","fax":"","email":"","url":"","countryIso2":"LI","countryName":"Liechtenstein","hotelRating":"1","latitude":"47.1185","longitude":"9.54281","state_id":456,"state_name":"Triesenberg","country_id":125},{"active":false,"Giataid":"356689","cityId":66446,"cityName":"Triesenberg","hotelId":356689,"hotelName":"Apartment Wisliheim","address":"","phones":"","fax":"","email":"","url":"","countryIso2":"LI","countryName":"Liechtenstein","hotelRating":"1","latitude":"47.1185","longitude":"9.54281","state_id":456,"state_name":"Triesenberg","country_id":125},{"active":false,"Giataid":"356690","cityId":66446,"cityName":"Triesenberg","hotelId":356690,"hotelName":"Apartments Buhler","address":"","phones":"","fax":"","email":"","url":"","countryIso2":"LI","countryName":"Liechtenstein","hotelRating":"1","latitude":"47.1185","longitude":"9.54281","state_id":456,"state_name":"Triesenberg","country_id":125},{"active":false,"Giataid":"356693","cityId":66446,"cityName":"Triesenberg","hotelId":356693,"hotelName":"Chalet St. Wendelin","address":"","phones":"","fax":"","email":"","url":"","countryIso2":"LI","countryName":"Liechtenstein","hotelRating":"1","latitude":"47.1185","longitude":"9.54281","state_id":456,"state_name":"Triesenberg","country_id":125},{"active":false,"Giataid":"356694","cityId":66446,"cityName":"Triesenberg","hotelId":356694,"hotelName":"Chalet Steg 141","address":"","phones":"","fax":"","email":"","url":"","countryIso2":"LI","countryName":"Liechtenstein","hotelRating":"1","latitude":"47.1185","longitude":"9.54281","state_id":456,"state_name":"Triesenberg","country_id":125},{"active":false,"Giataid":"356691","cityId":66446,"cityName":"Triesenberg","hotelId":356691,"hotelName":"Chalet Am Gatter","address":"","phones":"","fax":"","email":"","url":"","countryIso2":"LI","countryName":"Liechtenstein","hotelRating":"1","latitude":"47.1185","longitude":"9.54281","state_id":456,"state_name":"Triesenberg","country_id":125},{"active":false,"Giataid":"356692","cityId":66446,"cityName":"Triesenberg","hotelId":356692,"hotelName":"Chalet Ob Dem Zaun","address":"","phones":"","fax":"","email":"","url":"","countryIso2":"LI","countryName":"Liechtenstein","hotelRating":"1","latitude":"47.1185","longitude":"9.54281","state_id":456,"state_name":"Triesenberg","country_id":125},{"active":false,"Giataid":"356974","cityId":66447,"cityName":"Vaduz","hotelId":356974,"hotelName":"Apartment Alpenfrieden","address":"","phones":"","fax":"","email":"","url":"","countryIso2":"LI","countryName":"Liechtenstein","hotelRating":"1","latitude":"47.1366","longitude":"9.5208","state_id":452,"state_name":"Vaduz","country_id":125},{"active":false,"Giataid":"356975","cityId":66447,"cityName":"Vaduz","hotelId":356975,"hotelName":"Chalet Murmelegg","address":"NULL","phones":"","fax":"","email":"","url":"","countryIso2":"LI","countryName":"Liechtenstein","hotelRating":"1","latitude":"47.1414","longitude":"9.5207","state_id":452,"state_name":"Vaduz","country_id":125},{"active":false,"Giataid":"356977","cityId":66447,"cityName":"Vaduz","hotelId":356977,"hotelName":"Apartment Eberle","address":"","phones":"","fax":"","email":"","url":"","countryIso2":"LI","countryName":"Liechtenstein","hotelRating":"1","latitude":"47.1366","longitude":"9.5208","state_id":452,"state_name":"Vaduz","country_id":125},{"active":false,"Giataid":"356978","cityId":66447,"cityName":"Vaduz","hotelId":356978,"hotelName":"Apartment Nigsch","address":"","phones":"","fax":"","email":"","url":"","countryIso2":"LI","countryName":"Liechtenstein","hotelRating":"1","latitude":"47.1366","longitude":"9.5208","state_id":452,"state_name":"Vaduz","country_id":125},{"active":false,"Giataid":"356981","cityId":66447,"cityName":"Vaduz","hotelId":356981,"hotelName":"Bergheim Brunella","address":"","phones":"","fax":"","email":"","url":"","countryIso2":"LI","countryName":"Liechtenstein","hotelRating":"1","latitude":"47.1366","longitude":"9.5208","state_id":452,"state_name":"Vaduz","country_id":125},{"active":false,"Giataid":"356979","cityId":66447,"cityName":"Vaduz","hotelId":356979,"hotelName":"Apartment Scesplana","address":"","phones":"","fax":"","email":"","url":"","countryIso2":"LI","countryName":"Liechtenstein","hotelRating":"1","latitude":"47.1366","longitude":"9.5208","state_id":452,"state_name":"Vaduz","country_id":125},{"active":false,"Giataid":"356980","cityId":66447,"cityName":"Vaduz","hotelId":356980,"hotelName":"Apartments Budanna","address":"","phones":"","fax":"","email":"","url":"","countryIso2":"LI","countryName":"Liechtenstein","hotelRating":"1","latitude":"47.1366","longitude":"9.5208","state_id":452,"state_name":"Vaduz","country_id":125},{"active":false,"Giataid":"356982","cityId":66447,"cityName":"Vaduz","hotelId":356982,"hotelName":"Chalet Uf M Berg","address":"","phones":"","fax":"","email":"","url":"","countryIso2":"LI","countryName":"Liechtenstein","hotelRating":"1","latitude":"47.1366","longitude":"9.5208","state_id":452,"state_name":"Vaduz","country_id":125},{"active":false,"Giataid":"356983","cityId":66447,"cityName":"Vaduz","hotelId":356983,"hotelName":"Wildmandli Hutta","address":"","phones":"","fax":"","email":"","url":"","countryIso2":"LI","countryName":"Liechtenstein","hotelRating":"1","latitude":"47.1366","longitude":"9.5208","state_id":452,"state_name":"Vaduz","country_id":125},{"active":false,"Giataid":"356984","cityId":66447,"cityName":"Vaduz","hotelId":356984,"hotelName":"Apartment Willi","address":"","phones":"","fax":"","email":"","url":"","countryIso2":"LI","countryName":"Liechtenstein","hotelRating":"1","latitude":"47.1366","longitude":"9.5208","state_id":452,"state_name":"Vaduz","country_id":125},{"active":false,"Giataid":"356985","cityId":66447,"cityName":"Vaduz","hotelId":356985,"hotelName":"Chalet Bergheimat","address":"","phones":"","fax":"","email":"","url":"","countryIso2":"LI","countryName":"Liechtenstein","hotelRating":"1","latitude":"47.1366","longitude":"9.5208","state_id":452,"state_name":"Vaduz","country_id":125},{"active":false,"Giataid":"357522","cityId":66445,"cityName":"Triesen","hotelId":357522,"hotelName":"Apartment Loretz","address":"","phones":"","fax":"","email":"","url":"","countryIso2":"LI","countryName":"Liechtenstein","hotelRating":"1","latitude":"47.1134","longitude":"9.52449","state_id":459,"state_name":"Triesen","country_id":125},{"active":false,"Giataid":"357523","cityId":66445,"cityName":"Triesen","hotelId":357523,"hotelName":"Chalet Theresienheim","address":"","phones":"","fax":"","email":"","url":"","countryIso2":"LI","countryName":"Liechtenstein","hotelRating":"1","latitude":"47.1134","longitude":"9.52449","state_id":459,"state_name":"Triesen","country_id":125},{"active":false,"Giataid":"357524","cityId":66445,"cityName":"Triesen","hotelId":357524,"hotelName":"Ferienhaus Bargella","address":"","phones":"","fax":"","email":"","url":"","countryIso2":"LI","countryName":"Liechtenstein","hotelRating":"1","latitude":"47.1134","longitude":"9.52449","state_id":459,"state_name":"Triesen","country_id":125},{"active":false,"Giataid":"358244","cityId":66438,"cityName":"Eschen","hotelId":358244,"hotelName":"Apartment Hoop","address":"","phones":"","fax":"","email":"","url":"","countryIso2":"LI","countryName":"Liechtenstein","hotelRating":"1","latitude":"47.2313","longitude":"9.52445","state_id":451,"state_name":"Eschen","country_id":125},{"active":false,"Giataid":"358245","cityId":66438,"cityName":"Eschen","hotelId":358245,"hotelName":"Apartment Kamma","address":"","phones":"","fax":"","email":"","url":"","countryIso2":"LI","countryName":"Liechtenstein","hotelRating":"1","latitude":"47.2313","longitude":"9.52445","state_id":451,"state_name":"Eschen","country_id":125},{"active":false,"Giataid":"358246","cityId":66438,"cityName":"Eschen","hotelId":358246,"hotelName":"Apartment Flux","address":"","phones":"","fax":"","email":"","url":"","countryIso2":"LI","countryName":"Liechtenstein","hotelRating":"1","latitude":"47.2313","longitude":"9.52445","state_id":451,"state_name":"Eschen","country_id":125},{"active":false,"Giataid":"430714","cityId":null,"cityName":"Liechtenstein","hotelId":430714,"hotelName":"Roulette Hotel 3 Sterne","address":"","phones":"","fax":"","email":"","url":"","countryIso2":"LI","countryName":"Liechtenstein","hotelRating":"3","latitude":"47.2183","longitude":"9.51143","state_id":null,"state_name":null,"country_id":null},{"active":false,"Giataid":"467547","cityId":null,"cityName":"Malbun (Liechtenstein)","hotelId":467547,"hotelName":"JUFA Hotel Malbun - Alpin-Resort","address":"","phones":"+4233992000","fax":"","email":"","url":"","countryIso2":"LI","countryName":"Liechtenstein","hotelRating":"3","latitude":"47.1056","longitude":"9.6044","state_id":null,"state_name":null,"country_id":null},{"active":false,"Giataid":"552226","cityId":null,"cityName":"Liechtenstein","hotelId":552226,"hotelName":"b_smart Hotel","address":"Selemad 12,9487 Gamprin-Bendern,Liechtenstein","phones":"+4232304747","fax":"","email":"welcome@b-smarts.net","url":"http://www.b-smarthotel.net","countryIso2":"LI","countryName":"Liechtenstein","hotelRating":"4","latitude":"47.2052","longitude":"9.50264","state_id":null,"state_name":null,"country_id":null},{"active":false,"Giataid":"310385","cityId":66438,"cityName":"Eschen","hotelId":20000411,"hotelName":"Landgasthof Krone","address":"Dorf 36,9488 Schellenberg,Liechtenstein","phones":"+4233731168","fax":"+4233732122","email":"krone.schellenberg@supra.net","url":"http://hotelkrone.li","countryIso2":"LI","countryName":"Liechtenstein","hotelRating":"0","latitude":"47.2314","longitude":"9.54688","state_id":451,"state_name":"Eschen","country_id":125},{"active":false,"Giataid":"356976","cityId":66447,"cityName":"Vaduz","hotelId":20000424,"hotelName":"Suite 13","address":"Haldenweg 13,9490 Vaduz,Liechtenstein","phones":"","fax":"","email":"","url":"","countryIso2":"LI","countryName":"Liechtenstein","hotelRating":"0","latitude":"47.1419","longitude":"9.52351","state_id":452,"state_name":"Vaduz","country_id":125},{"active":false,"Giataid":"310066","cityId":66445,"cityName":"Triesen","hotelId":20000454,"hotelName":"Hotel Schlosswald","address":"Eichholzweg 6,9495 Triesen,Liechtenstein","phones":"","fax":"","email":"","url":"","countryIso2":"LI","countryName":"Liechtenstein","hotelRating":"4","latitude":"47.1221","longitude":"9.5297","state_id":459,"state_name":"Triesen","country_id":125},{"active":false,"Giataid":"310386","cityId":66438,"cityName":"Eschen","hotelId":20000474,"hotelName":"Deutscher Rhein","address":"Im Schwibboga 11,9487 Gamprin-Bendern,Liechtenstein","phones":"","fax":"","email":"","url":"","countryIso2":"LI","countryName":"Liechtenstein","hotelRating":"0","latitude":"47.2108","longitude":"9.50373","state_id":451,"state_name":"Eschen","country_id":125},{"active":false,"Giataid":"310387","cityId":66438,"cityName":"Eschen","hotelId":20000485,"hotelName":"Landgasthof RoSSle","address":"Kanalstrasse 2,9491 Ruggell,Liechtenstein","phones":"","fax":"","email":"","url":"","countryIso2":"LI","countryName":"Liechtenstein","hotelRating":"1","latitude":"47.2437","longitude":"9.52445","state_id":451,"state_name":"Eschen","country_id":125},{"active":false,"Giataid":"309802","cityId":66447,"cityName":"Vaduz","hotelId":20000505,"hotelName":"Hotel Sylva im Sax","address":"Saxweg 6, 9495,Liechtenstein","phones":"","fax":"","email":"","url":"","countryIso2":"LI","countryName":"Liechtenstein","hotelRating":"0","latitude":"47.1026","longitude":"9.53594","state_id":452,"state_name":"Vaduz","country_id":125},{"active":false,"Giataid":"309800","cityId":66447,"cityName":"Vaduz","hotelId":20000529,"hotelName":"Landgasthof Muhle","address":"Landstrasse 120,9490 Vaduz,Liechtenstein","phones":"","fax":"","email":"","url":"","countryIso2":"LI","countryName":"Liechtenstein","hotelRating":"0","latitude":"47.1548","longitude":"9.51076","state_id":452,"state_name":"Vaduz","country_id":125},{"active":false,"Giataid":"309797","cityId":66447,"cityName":"Vaduz","hotelId":20000557,"hotelName":"Hotel Hofbalzers","address":"H?fle 2,9496 Balzers,Liechtenstein","phones":"","fax":"","email":"","url":"","countryIso2":"LI","countryName":"Liechtenstein","hotelRating":"4","latitude":"47.0667","longitude":"9.50765","state_id":452,"state_name":"Vaduz","country_id":125},{"active":false,"Giataid":"310065","cityId":66445,"cityName":"Triesen","hotelId":20000591,"hotelName":"Hotel Garni Saga","address":"Alte Landstrasse 17,9495 Triesen,Liechtenstein","phones":"","fax":"","email":"","url":"","countryIso2":"LI","countryName":"Liechtenstein","hotelRating":"0","latitude":"47.0886","longitude":"9.52414","state_id":459,"state_name":"Triesen","country_id":125},{"active":false,"Giataid":"642851","cityId":66438,"cityName":"Eschen","hotelId":20000666,"hotelName":"Bed & Breakfast Fernsicht","address":"Widengasse 5,9492 Eschen,Liechtenstein","phones":"+4233732880","fax":"","email":"info@fernsicht.li","url":"http://www.fernsicht.li/","countryIso2":"LI","countryName":"Liechtenstein","hotelRating":"0","latitude":"47.212","longitude":"9.51728","state_id":451,"state_name":"Eschen","country_id":125},{"active":false,"Giataid":"309795","cityId":66447,"cityName":"Vaduz","hotelId":20000707,"hotelName":"Hotel Au","address":"Austrasse 2,9490 Vaduz,Liechtenstein","phones":"","fax":"","email":"","url":"","countryIso2":"LI","countryName":"Liechtenstein","hotelRating":"0","latitude":"47.1323","longitude":"9.52209","state_id":452,"state_name":"Vaduz","country_id":125},{"active":false,"Giataid":"309799","cityId":66447,"cityName":"Vaduz","hotelId":20000756,"hotelName":"Hotel Schaanerhof","address":"In der Ballota 3,9494 Schaan,Liechtenstein","phones":"","fax":"","email":"","url":"","countryIso2":"LI","countryName":"Liechtenstein","hotelRating":"3","latitude":"47.1642","longitude":"9.51328","state_id":452,"state_name":"Vaduz","country_id":125},{"active":false,"Giataid":"356686","cityId":66446,"cityName":"Triesenberg","hotelId":20000815,"hotelName":"Apartment Hofi 590","address":"Hofi 590, 9497,Liechtenstein","phones":"","fax":"","email":"","url":"","countryIso2":"LI","countryName":"Liechtenstein","hotelRating":"0","latitude":"47.1186","longitude":"9.54235","state_id":456,"state_name":"Triesenberg","country_id":125},{"active":false,"Giataid":"184156","cityId":66446,"cityName":"Triesenberg","hotelId":20000917,"hotelName":"Hotel Turna","address":"Im Malbun 55,9497 Triesenberg,Liechtenstein","phones":"+4232655040","fax":"","email":"info@turna.li","url":"http://www.turna.li/","countryIso2":"LI","countryName":"Liechtenstein","hotelRating":"3","latitude":"47.101","longitude":"9.61037","state_id":456,"state_name":"Triesenberg","country_id":125},{"active":false,"Giataid":"310067","cityId":66445,"cityName":"Triesen","hotelId":20001026,"hotelName":"Hotel Schafle","address":"Landstrasse 266,9495 Triesen,Liechtenstein","phones":"","fax":"","email":"","url":"","countryIso2":"LI","countryName":"Liechtenstein","hotelRating":"0","latitude":"47.1083","longitude":"9.52484","state_id":459,"state_name":"Triesen","country_id":125},{"active":false,"Giataid":"184156","cityId":66446,"cityName":"Triesenberg","hotelId":20001113,"hotelName":"Hotel Turna","address":"Im Malbun 55,9497 Triesenberg,Liechtenstein","phones":"+4232655040","fax":"","email":"info@turna.li","url":"http://www.turna.li/","countryIso2":"LI","countryName":"Liechtenstein","hotelRating":"3","latitude":"47.101","longitude":"9.61072","state_id":456,"state_name":"Triesenberg","country_id":125},{"active":false,"Giataid":"622440","cityId":null,"cityName":"Malbun (Liechtenstein)","hotelId":20001240,"hotelName":"Vogeli Alpenhotel Malbun","address":"Im Malbun 11,9497 Malbun,Liechtenstein","phones":"+4232653100","fax":"","email":"info@alpenhotel.li","url":"http://www.alpenhotel.li/","countryIso2":"LI","countryName":"Liechtenstein","hotelRating":"2","latitude":"47.0976","longitude":"9.61497","state_id":null,"state_name":null,"country_id":null},{"active":false,"Giataid":"311396","cityId":66446,"cityName":"Triesenberg","hotelId":20001570,"hotelName":"Berggasthaus Sucka","address":"S?ckastrasse 41,Postfach 1042,9497 Triesenberg,Liechtenstein","phones":"+4232632579","fax":"","email":"","url":"http://www.suecka.li/","countryIso2":"LI","countryName":"Liechtenstein","hotelRating":"0","latitude":"47.1163","longitude":"9.5653","state_id":456,"state_name":"Triesenberg","country_id":125},{"active":false,"Giataid":"356695","cityId":66446,"cityName":"Triesenberg","hotelId":20001778,"hotelName":"Chalet Steg 212","address":"Haldastrasse 560, 9497,Liechtenstein","phones":"","fax":"","email":"","url":"","countryIso2":"LI","countryName":"Liechtenstein","hotelRating":"0","latitude":"47.1197","longitude":"9.54079","state_id":456,"state_name":"Triesenberg","country_id":125}]