[{"active":false,"Giataid":"236654","cityId":615,"cityName":"Luanda","hotelId":236654,"hotelName":"Aldeamento Da Mulemba","address":"Estrada de Cacuaco Km. 9,Luanda,Angola","phones":"+244222390300","fax":"","email":"reservas@mulembaresort.com","url":"http://mulembaresort.com/en/","countryIso2":"AO","countryName":"Angola","hotelRating":"3","latitude":"-8.78536","longitude":"13.3088","state_id":222,"state_name":"Luanda Province","country_id":7},{"active":false,"Giataid":"236655","cityId":615,"cityName":"Luanda","hotelId":236655,"hotelName":"Celeste","address":"Rua 1? de Agosto, Luanda,Angola","phones":"+244222264591","fax":"","email":"","url":"","countryIso2":"AO","countryName":"Angola","hotelRating":"1","latitude":"-8.83833","longitude":"13.2344","state_id":222,"state_name":"Luanda Province","country_id":7},{"active":false,"Giataid":"236876","cityId":615,"cityName":"Luanda","hotelId":236876,"hotelName":"Hotel Horizonte Novo","address":"Rua do Imbondeiro, 50,Bairro 1 de Maio,Luanda Sul - Viana,Angola","phones":"+244222295548","fax":"+244222295478","email":"hotelhorizontenovo@lunahoteis.com","url":"http://www.lunahoteis.com/homepage/hotels/index.php?cod_hotel=22","countryIso2":"AO","countryName":"Angola","hotelRating":"3","latitude":"-8.91481","longitude":"13.19","state_id":222,"state_name":"Luanda Province","country_id":7},{"active":false,"Giataid":"236878","cityId":615,"cityName":"Luanda","hotelId":236878,"hotelName":"Vila Alice","address":"Rua Anibal de Melo,Bairro Vila Alice,Luanda,Angola","phones":"+244934530560","fax":"+244222440824","email":"","url":"http://www.hotelvilaalice.com/hotel02.php","countryIso2":"AO","countryName":"Angola","hotelRating":"3","latitude":"-8.82386","longitude":"13.248","state_id":222,"state_name":"Luanda Province","country_id":7},{"active":false,"Giataid":"236879","cityId":615,"cityName":"Luanda","hotelId":236879,"hotelName":"Talatona Convention Hotel","address":"Rua Luanda Sul,Luanda,Angola","phones":"+244226424300","fax":"+244226424301","email":"info@hoteltalatona.com","url":"http://www.hoteltalatona.com/hotel-angola-luanda-en/hotel-talatona-in-angola.aspx","countryIso2":"AO","countryName":"Angola","hotelRating":"5","latitude":"-8.91619","longitude":"13.1968","state_id":222,"state_name":"Luanda Province","country_id":7},{"active":false,"Giataid":"238857","cityId":615,"cityName":"Luanda","hotelId":238857,"hotelName":"Hotel Baia","address":"Avenida Dr. Agostinho Neto,Ba?a,Luanda,Angola","phones":"+244222652900","fax":"+244222652999","email":"reservas@hbaia.com","url":"http://www.tdhotels.pt/default.aspx?lang=pt&amp;idHotel=5517&amp;hotel=Hotel-Baia-Luanda","countryIso2":"AO","countryName":"Angola","hotelRating":"4","latitude":"-8.81961","longitude":"13.2171","state_id":222,"state_name":"Luanda Province","country_id":7},{"active":false,"Giataid":"372472","cityId":615,"cityName":"Luanda","hotelId":372472,"hotelName":"Inter-Burgo Marinha","address":"","phones":"","fax":"","email":"","url":"","countryIso2":"AO","countryName":"Angola","hotelRating":"1","latitude":"-8.8313","longitude":"13.231","state_id":222,"state_name":"Luanda Province","country_id":7},{"active":false,"Giataid":"432763","cityId":null,"cityName":"Calulo","hotelId":432763,"hotelName":"Hotel Aanisa Ritz","address":"Avenida 11 De Novembro,Calulo,Angola","phones":"","fax":"","email":"","url":"","countryIso2":"AO","countryName":"Angola","hotelRating":"3","latitude":"-10","longitude":"14.8937","state_id":null,"state_name":null,"country_id":null},{"active":false,"Giataid":"432764","cityId":null,"cityName":"Calulo","hotelId":432764,"hotelName":"Hotel Ritz Calulo","address":"Avenida De Novembro 11,Calulo,Kwanza-Sul,Angola","phones":"+244923589262","fax":"","email":"ritzcalulo@gmail.com","url":"http://www.org-ritz.com/hoteis/calulo/o-hotel","countryIso2":"AO","countryName":"Angola","hotelRating":"2","latitude":"-10.0005","longitude":"14.8952","state_id":null,"state_name":null,"country_id":null},{"active":false,"Giataid":"432765","cityId":609,"cityName":"Huambo","hotelId":432765,"hotelName":"Hotel Ritz Roma Huambo","address":"Rua da Independ?ncia,Cidade Baixa,Huambo,Angola","phones":"","fax":"","email":"","url":"http://www.letsbookhotel.com/de/angola/huambo/hotel/roma-ritz-huambo.aspx","countryIso2":"AO","countryName":"Angola","hotelRating":"3","latitude":"-12.7667","longitude":"15.7333","state_id":213,"state_name":"Huambo Province","country_id":7},{"active":false,"Giataid":"432768","cityId":null,"cityName":"Calulo","hotelId":432768,"hotelName":"Hotel Ritz Fazenda Cabuta","address":"KM 25 LIBOLO VILA ADO CALULO,","phones":"","fax":"","email":"","url":"","countryIso2":"AO","countryName":"Angola","hotelRating":"3","latitude":"-10.0008","longitude":"14.8961","state_id":null,"state_name":null,"country_id":null},{"active":false,"Giataid":"432769","cityId":null,"cityName":"Muxima","hotelId":432769,"hotelName":"Complexo da Muxima","address":"","phones":"","fax":"","email":"","url":"","countryIso2":"AO","countryName":"Angola","hotelRating":"1","latitude":"-9.52095","longitude":"13.9583","state_id":null,"state_name":null,"country_id":null},{"active":false,"Giataid":"446014","cityId":617,"cityName":"Lubango","hotelId":446014,"hotelName":"Hotel Serra da Chela","address":"Avenida Almirante Americo Tomas, Complexo Nossa Senhora do Monte, Lubango,Angola","phones":"","fax":"","email":"","url":"","countryIso2":"AO","countryName":"Angola","hotelRating":"4","latitude":"-14.9334","longitude":"13.4687","state_id":225,"state_name":"Huila Province","country_id":7},{"active":false,"Giataid":"446799","cityId":615,"cityName":"Luanda","hotelId":446799,"hotelName":"Prime Inn Hotel","address":"","phones":"","fax":"","email":"","url":"","countryIso2":"AO","countryName":"Angola","hotelRating":"1","latitude":"-8.8313","longitude":"13.231","state_id":222,"state_name":"Luanda Province","country_id":7},{"active":false,"Giataid":"487500","cityId":622,"cityName":"Malanje","hotelId":487500,"hotelName":"Njinga Hotel","address":"Rua Comandante Dangereux,Malanje,Angola","phones":"","fax":"","email":"","url":"","countryIso2":"AO","countryName":"Angola","hotelRating":"1","latitude":"-9.54227","longitude":"16.3385","state_id":227,"state_name":"Malanje Province","country_id":7},{"active":false,"Giataid":"537297","cityId":617,"cityName":"Lubango","hotelId":537297,"hotelName":"Lubango Hotel","address":"Rua Anibal De Melo 395,Bairro Comercial,Lubango,Angola","phones":"","fax":"","email":"","url":"https://www.hotelscombined.com/Hotel/Hotel_Lubango.htm","countryIso2":"AO","countryName":"Angola","hotelRating":"3","latitude":"-14.9099","longitude":"13.4869","state_id":225,"state_name":"Huila Province","country_id":7},{"active":false,"Giataid":"545686","cityId":null,"cityName":"Muxima","hotelId":545686,"hotelName":"Ritz Muxima","address":"Parque Nacional Da Kissama,Muxima,Bengo,Angola","phones":"","fax":"","email":"","url":"","countryIso2":"AO","countryName":"Angola","hotelRating":"3","latitude":"-9.51743","longitude":"13.9558","state_id":null,"state_name":null,"country_id":null},{"active":false,"Giataid":"582697","cityId":null,"cityName":"Barra do Dande","hotelId":582697,"hotelName":"Paridiseos Resort Barra do Dande","address":"Estrada Nacional Libongos-Ambriz,1 km ap?s Ponte s/Rio Dande,Barra do Dande,Angola","phones":"","fax":"","email":"","url":"","countryIso2":"AO","countryName":"Angola","hotelRating":"1","latitude":"0","longitude":"0","state_id":null,"state_name":null,"country_id":null},{"active":false,"Giataid":"584288","cityId":617,"cityName":"Lubango","hotelId":584288,"hotelName":"Novo Hotel","address":"Rua Hoji Ya Henda,Bairro Comercial,Lubango,Angola","phones":"","fax":"","email":"","url":"","countryIso2":"AO","countryName":"Angola","hotelRating":"3","latitude":"-14.9186","longitude":"13.4924","state_id":225,"state_name":"Huila Province","country_id":7},{"active":false,"Giataid":"613541","cityId":609,"cityName":"Huambo","hotelId":613541,"hotelName":"Residencial Maesidencial Mae Lina","address":"","phones":"","fax":"","email":"","url":"","countryIso2":"AO","countryName":"Angola","hotelRating":"1","latitude":"-12.771","longitude":"15.7476","state_id":213,"state_name":"Huambo Province","country_id":7},{"active":false,"Giataid":"678647","cityId":617,"cityName":"Lubango","hotelId":678647,"hotelName":"Pululukwa Resort","address":"Rua Sa Da Bandeira,Palanca,Mapunda,Lubango,Angola","phones":"","fax":"","email":"","url":"","countryIso2":"AO","countryName":"Angola","hotelRating":"1","latitude":"-14.9087","longitude":"13.4647","state_id":225,"state_name":"Huila Province","country_id":7},{"active":false,"Giataid":"685703","cityId":617,"cityName":"Lubango","hotelId":685703,"hotelName":"Casper Lodge","address":"Nossa Senhora Do Monte,Lubango,Angola","phones":"+244261245015","fax":"","email":"geral@casperlodge-lubango.com","url":"http://www.casperlodge-lubango.com","countryIso2":"AO","countryName":"Angola","hotelRating":"1","latitude":"-14.9216","longitude":"13.4778","state_id":225,"state_name":"Huila Province","country_id":7},{"active":false,"Giataid":"686981","cityId":613,"cityName":"Lobito","hotelId":686981,"hotelName":"Turimar Business Hotel","address":"Avenida Da Independ?ncia 77,Restinga,Lobito,Angola","phones":"+244272222303","fax":"","email":"geral@turimarhotel.com","url":"http://www.turimarhotel.com","countryIso2":"AO","countryName":"Angola","hotelRating":"1","latitude":"-12.3473","longitude":"13.554","state_id":218,"state_name":"Benguela Province","country_id":7},{"active":false,"Giataid":"722335","cityId":617,"cityName":"Lubango","hotelId":722335,"hotelName":"ibis Styles iu Lubango","address":"Bairro Comandante Cowboy,Lubango,Angola","phones":"+244923167500","fax":"","email":"reservashotel@aaa.co.ao","url":"https://www.accorhotels.com/gb/hotel-A0J2-ibis-styles-iu-lubango-opening-november-2017/index.shtml","countryIso2":"AO","countryName":"Angola","hotelRating":"1","latitude":"-14.9227","longitude":"13.4767","state_id":225,"state_name":"Huila Province","country_id":7},{"active":false,"Giataid":"725633","cityId":615,"cityName":"Luanda","hotelId":725633,"hotelName":"SIS Hotel","address":"Largo Do Ambiente,Luanda,Angola","phones":"","fax":"","email":"","url":"","countryIso2":"AO","countryName":"Angola","hotelRating":"1","latitude":"-8.8313","longitude":"13.231","state_id":222,"state_name":"Luanda Province","country_id":7},{"active":false,"Giataid":"727285","cityId":615,"cityName":"Luanda","hotelId":727285,"hotelName":"Hospedaria Mar Azul","address":"Ilha Do Cabo,Luanda,Angola","phones":"","fax":"","email":"","url":"","countryIso2":"AO","countryName":"Angola","hotelRating":"1","latitude":"-8.78729","longitude":"13.2321","state_id":222,"state_name":"Luanda Province","country_id":7},{"active":false,"Giataid":"754801","cityId":615,"cityName":"Luanda","hotelId":754801,"hotelName":"Hotel Residencial DB","address":"Rua Rodrigue De Miranda 33A,Beco Major Marcelino Dias,Luanda,Angola,Angola","phones":"+244925273737","fax":"","email":"","url":"http://www.hotelresidencialdb.com","countryIso2":"AO","countryName":"Angola","hotelRating":"1","latitude":"-8.8313","longitude":"13.231","state_id":222,"state_name":"Luanda Province","country_id":7},{"active":false,"Giataid":"765315","cityId":615,"cityName":"Luanda","hotelId":765315,"hotelName":"Quinta do Destino Resort","address":"1? Paragem do Zango 3,perto da Escola de forma??o da Unidade Delta PIR,Ingombota,Luanda,Angola","phones":"+244932561232","fax":"","email":"complexoquintadestino@gmail.com","url":"http://www.quintadodestinoresort.com/index.html","countryIso2":"AO","countryName":"Angola","hotelRating":"1","latitude":"-8.8313","longitude":"13.231","state_id":222,"state_name":"Luanda Province","country_id":7},{"active":false,"Giataid":"765338","cityId":615,"cityName":"Luanda","hotelId":765338,"hotelName":"Hotel Mariuska","address":"Rua Garcia Neto 23,Viana,Luanda,Angola","phones":"","fax":"","email":"","url":"","countryIso2":"AO","countryName":"Angola","hotelRating":"1","latitude":"-8.8313","longitude":"13.231","state_id":222,"state_name":"Luanda Province","country_id":7},{"active":false,"Giataid":"765653","cityId":615,"cityName":"Luanda","hotelId":765653,"hotelName":"Hotel Fleuma","address":"Rua 21,Janeiro Barrio Morro Bento,Rotunda Do Gamek,Luanda,Angola","phones":"","fax":"","email":"","url":"","countryIso2":"AO","countryName":"Angola","hotelRating":"1","latitude":"-8.8313","longitude":"13.231","state_id":222,"state_name":"Luanda Province","country_id":7},{"active":false,"Giataid":"765675","cityId":615,"cityName":"Luanda","hotelId":765675,"hotelName":"Novo Hotel Mundial","address":"Rua Conselheiro Julio de Vilhena,Luanda,Angola","phones":"","fax":"","email":"","url":"","countryIso2":"AO","countryName":"Angola","hotelRating":"1","latitude":"-8.8313","longitude":"13.231","state_id":222,"state_name":"Luanda Province","country_id":7},{"active":false,"Giataid":"765682","cityId":615,"cityName":"Luanda","hotelId":765682,"hotelName":"Hotel Costa","address":"Rua Rainha Ginga 29/31,Luanda,Angola","phones":"+244222371159","fax":"","email":"","url":"http://costa-hotel.snack.ws/","countryIso2":"AO","countryName":"Angola","hotelRating":"1","latitude":"-8.8313","longitude":"13.231","state_id":222,"state_name":"Luanda Province","country_id":7},{"active":false,"Giataid":"765928","cityId":615,"cityName":"Luanda","hotelId":765928,"hotelName":"Hotel Katyavala","address":"Rua Frei Joao Cavazi 9,Salinas da Samba,Luanda,Angola","phones":"","fax":"","email":"","url":"","countryIso2":"AO","countryName":"Angola","hotelRating":"1","latitude":"-8.8313","longitude":"13.231","state_id":222,"state_name":"Luanda Province","country_id":7},{"active":false,"Giataid":"766076","cityId":590,"cityName":"Benguela","hotelId":766076,"hotelName":"Pensao Residencial Chileo","address":"Rua Herois De Angola Numero 8,Benguela,Angola","phones":"","fax":"","email":"","url":"","countryIso2":"AO","countryName":"Angola","hotelRating":"1","latitude":"-12.5787","longitude":"13.3789","state_id":218,"state_name":"Benguela Province","country_id":7},{"active":false,"Giataid":"766081","cityId":615,"cityName":"Luanda","hotelId":766081,"hotelName":"Hotel Kudissanga","address":"Rua da Samba,Luanda,Angola","phones":"","fax":"","email":"","url":"","countryIso2":"AO","countryName":"Angola","hotelRating":"1","latitude":"-8.8313","longitude":"13.231","state_id":222,"state_name":"Luanda Province","country_id":7},{"active":false,"Giataid":"766096","cityId":615,"cityName":"Luanda","hotelId":766096,"hotelName":"A.L.K Hotel","address":"Pedro de Castro Van D?nem Loy,Luanda,Angola","phones":"","fax":"","email":"","url":"","countryIso2":"AO","countryName":"Angola","hotelRating":"1","latitude":"-8.8313","longitude":"13.231","state_id":222,"state_name":"Luanda Province","country_id":7},{"active":false,"Giataid":"766104","cityId":615,"cityName":"Luanda","hotelId":766104,"hotelName":"Palmeiras Suite Hotel","address":"Avenida Talatona,Rua Dubai,Via AL15,Luanda,Angola","phones":"+244936180000","fax":"","email":"info@palmeirashotels.com","url":"http://www.palmeirashotels.com","countryIso2":"AO","countryName":"Angola","hotelRating":"1","latitude":"-8.8313","longitude":"13.231","state_id":222,"state_name":"Luanda Province","country_id":7},{"active":false,"Giataid":"766288","cityId":615,"cityName":"Luanda","hotelId":766288,"hotelName":"Complexo Turistico Chik Chik Morro Bento","address":"Rua Inorados Sector 4,Morro Bento,Luanda,Angola","phones":"","fax":"","email":"","url":"","countryIso2":"AO","countryName":"Angola","hotelRating":"1","latitude":"-8.88556","longitude":"13.1971","state_id":222,"state_name":"Luanda Province","country_id":7},{"active":false,"Giataid":"766383","cityId":615,"cityName":"Luanda","hotelId":766383,"hotelName":"Hotel Ilha Mar","address":"Avenida Murtala Mohammed,Luanda,Angola","phones":"","fax":"","email":"","url":"","countryIso2":"AO","countryName":"Angola","hotelRating":"1","latitude":"-8.8313","longitude":"13.231","state_id":222,"state_name":"Luanda Province","country_id":7},{"active":false,"Giataid":"767137","cityId":615,"cityName":"Luanda","hotelId":767137,"hotelName":"Hotel Chez Wou","address":"Avenue Murtala Mohamed Casa,Ilha do Cabo,Luanda,Angola","phones":"","fax":"","email":"","url":"","countryIso2":"AO","countryName":"Angola","hotelRating":"1","latitude":"-8.8313","longitude":"13.231","state_id":222,"state_name":"Luanda Province","country_id":7},{"active":false,"Giataid":"767157","cityId":615,"cityName":"Luanda","hotelId":767157,"hotelName":"Ngazeca Hotel","address":"Rua 11/12 Bairro Benfica Zona Verde III,Luanda,Angola","phones":"","fax":"","email":"","url":"","countryIso2":"AO","countryName":"Angola","hotelRating":"1","latitude":"-8.98647","longitude":"13.177","state_id":222,"state_name":"Luanda Province","country_id":7},{"active":false,"Giataid":"767165","cityId":590,"cityName":"Benguela","hotelId":767165,"hotelName":"Ramire Tour Guest House","address":"Praia do Santo Ant?nio,Benguela,Angola","phones":"","fax":"","email":"","url":"","countryIso2":"AO","countryName":"Angola","hotelRating":"1","latitude":"-12.5787","longitude":"13.3789","state_id":218,"state_name":"Benguela Province","country_id":7},{"active":false,"Giataid":"769556","cityId":617,"cityName":"Lubango","hotelId":769556,"hotelName":"Chik-Chik Lubango","address":"Avenue 4 De Fevereiro,Bairro Comercial,Lubango,Angola","phones":"","fax":"","email":"","url":"","countryIso2":"AO","countryName":"Angola","hotelRating":"1","latitude":"-14.9216","longitude":"13.4778","state_id":225,"state_name":"Huila Province","country_id":7},{"active":false,"Giataid":"770078","cityId":615,"cityName":"Luanda","hotelId":770078,"hotelName":"Hotel Patriota","address":"Estrada Do Patriota,Luanda,Angola","phones":"","fax":"","email":"","url":"","countryIso2":"AO","countryName":"Angola","hotelRating":"1","latitude":"-8.8313","longitude":"13.231","state_id":222,"state_name":"Luanda Province","country_id":7},{"active":false,"Giataid":"770788","cityId":615,"cityName":"Luanda","hotelId":770788,"hotelName":"Hotel AC Angola","address":"Estrada Luanda - Catete km 44,1 Loteamento,Mazozo,Luanda,Angola","phones":"","fax":"","email":"","url":"","countryIso2":"AO","countryName":"Angola","hotelRating":"1","latitude":"-8.8313","longitude":"13.231","state_id":222,"state_name":"Luanda Province","country_id":7},{"active":false,"Giataid":"770788","cityId":null,"cityName":"Mazozo","hotelId":770788,"hotelName":"Hotel AC Angola","address":"Estrada Luanda - Catete km 44,1 Loteamento,Mazozo,Luanda,Angola","phones":"","fax":"","email":"","url":"","countryIso2":"AO","countryName":"Angola","hotelRating":"1","latitude":"-8.8313","longitude":"13.231","state_id":null,"state_name":null,"country_id":null},{"active":false,"Giataid":"770973","cityId":615,"cityName":"Luanda","hotelId":770973,"hotelName":"Complexo Turistico Golfinho Sangano","address":"Rua 4 fevereiro,Praia de Sangano,Angola","phones":"","fax":"","email":"","url":"","countryIso2":"AO","countryName":"Angola","hotelRating":"1","latitude":"-8.8313","longitude":"13.231","state_id":222,"state_name":"Luanda Province","country_id":7},{"active":false,"Giataid":"771718","cityId":615,"cityName":"Luanda","hotelId":771718,"hotelName":"Uala","address":"Rua Ces?rio Verde,Largo Ces?rio Verde Vila Alice,Luanda,Angola","phones":"","fax":"","email":"","url":"","countryIso2":"AO","countryName":"Angola","hotelRating":"1","latitude":"-8.8313","longitude":"13.231","state_id":222,"state_name":"Luanda Province","country_id":7},{"active":false,"Giataid":"817629","cityId":615,"cityName":"Luanda","hotelId":817629,"hotelName":"Hotel Residence Monalisa","address":"Rua Do Mat Via A2,Avenida Talatona,Luanda,Alvarenga,Angola","phones":"","fax":"","email":"","url":"http://www.residence-monalisa-ao.wintega.es","countryIso2":"AO","countryName":"Angola","hotelRating":"1","latitude":"-8.8313","longitude":"13.231","state_id":222,"state_name":"Luanda Province","country_id":7},{"active":false,"Giataid":"829087","cityId":615,"cityName":"Luanda","hotelId":829087,"hotelName":"Floceg","address":"Rua do Nzenza,Gamek a Direita,Morro Bento,Luanda,Angola","phones":"","fax":"","email":"","url":"","countryIso2":"AO","countryName":"Angola","hotelRating":"1","latitude":"-8.8313","longitude":"13.231","state_id":222,"state_name":"Luanda Province","country_id":7},{"active":false,"Giataid":"831526","cityId":615,"cityName":"Luanda","hotelId":831526,"hotelName":"Anurcris-Alvalade","address":"Rua Comandante Dangereux,Luanda,Angola","phones":"","fax":"","email":"","url":"","countryIso2":"AO","countryName":"Angola","hotelRating":"1","latitude":"-8.8313","longitude":"13.231","state_id":222,"state_name":"Luanda Province","country_id":7},{"active":false,"Giataid":"831689","cityId":615,"cityName":"Luanda","hotelId":831689,"hotelName":"Hospedaria Bons Amigos","address":"Rua 44,Zona Verde 3 Belas Nova Cidade via Expressa edificio,Luanda,Angola","phones":"","fax":"","email":"","url":"","countryIso2":"AO","countryName":"Angola","hotelRating":"1","latitude":"-8.8313","longitude":"13.231","state_id":222,"state_name":"Luanda Province","country_id":7},{"active":false,"Giataid":"831881","cityId":615,"cityName":"Luanda","hotelId":831881,"hotelName":"Residencial Emmanuel","address":"Rua antonio de saldanha da gama 3,Luanda,Angola","phones":"","fax":"","email":"","url":"","countryIso2":"AO","countryName":"Angola","hotelRating":"1","latitude":"-8.8313","longitude":"13.231","state_id":222,"state_name":"Luanda Province","country_id":7},{"active":false,"Giataid":"496340","cityId":615,"cityName":"Luanda","hotelId":10064298,"hotelName":"Diamante Hotel","address":"Rua das Kipakas,Imgombotas,Luanda,Angola","phones":"","fax":"","email":"","url":"","countryIso2":"AO","countryName":"Angola","hotelRating":"4","latitude":"-8.80383","longitude":"13.2432","state_id":222,"state_name":"Luanda Province","country_id":7},{"active":false,"Giataid":"502463","cityId":15553,"cityName":"Viana","hotelId":10066746,"hotelName":"Don Gal Hotel","address":"Estrada Nova do Kalemba II,km 8,Sentido Camama - Viana,Bairro Bita Sapu,Viana,Luanda,Angola","phones":"+244222031638","fax":"","email":"","url":"","countryIso2":"AO","countryName":"Angola","hotelRating":"4","latitude":"-8.91627","longitude":"13.3292","state_id":2018,"state_name":"Espirito Santo","country_id":31},{"active":false,"Giataid":"432761","cityId":609,"cityName":"Huambo","hotelId":10073837,"hotelName":"Hotel Ekuikui I","address":"Rua Torres Garcia,Cidade Alta,Huambo,Angola","phones":"+244241225380","fax":"","email":"","url":"","countryIso2":"AO","countryName":"Angola","hotelRating":"4","latitude":"-12.7785","longitude":"15.734","state_id":213,"state_name":"Huambo Province","country_id":7},{"active":false,"Giataid":"510942","cityId":615,"cityName":"Luanda","hotelId":10125009,"hotelName":"Hotel Quatro Petalas","address":"Rua 5,Bairro Militar,Talatona,Luanda,Angola","phones":"NULL","fax":"NULL","email":"NULL","url":"NULL","countryIso2":"AO","countryName":"Angola","hotelRating":"3","latitude":"-8.90907","longitude":"13.2134","state_id":222,"state_name":"Luanda Province","country_id":7},{"active":false,"Giataid":"476440","cityId":615,"cityName":"Luanda","hotelId":10134255,"hotelName":"Aparthotel Tropicana","address":"Rua Comandante Valodia 117,Luanda,Angola","phones":"244226421711","fax":"244226421799","email":"NULL","url":"NULL","countryIso2":"AO","countryName":"Angola","hotelRating":"3","latitude":"-8.81826","longitude":"13.2474","state_id":222,"state_name":"Luanda Province","country_id":7},{"active":false,"Giataid":"606284","cityId":615,"cityName":"Luanda","hotelId":20000540,"hotelName":"ibis Styles Iu Luanda Talatona","address":"Avenida Talatona,Lote Guo1,Via C2 E S5,Luanda,Angola","phones":"+244222691314","fax":"+244222691216","email":"sandra.azevedo@accor.com","url":"http://www.accorhotels.com/gb/hotel-A097-ibis-styles-iu-luanda-talatona-opening-november-2016/index.shtml","countryIso2":"AO","countryName":"Angola","hotelRating":"3","latitude":"-8.83999","longitude":"13.2894","state_id":222,"state_name":"Luanda Province","country_id":7},{"active":false,"Giataid":"520104","cityId":615,"cityName":"Luanda","hotelId":20000620,"hotelName":"Rouxinol Boutique Hotel","address":"16 Beco de Mo?ambique,Bairro Cruzeiro,Luanda,Angola","phones":"+244923745078","fax":"","email":"reservations@hotelrouxinol.com","url":"http://www.hotelrouxinol.com/","countryIso2":"AO","countryName":"Angola","hotelRating":"4","latitude":"-8.81478","longitude":"13.2431","state_id":222,"state_name":"Luanda Province","country_id":7},{"active":false,"Giataid":"485827","cityId":615,"cityName":"Luanda","hotelId":20000657,"hotelName":"Rouxinol Luxury Guesthouse","address":"Beco de Mo?ambique 16,Luanda,Angola","phones":"+244923745078","fax":"","email":"reservations@hotelrouxinol.com","url":"http://www.hotelrouxinol.com","countryIso2":"AO","countryName":"Angola","hotelRating":"4","latitude":"-8.8313","longitude":"13.231","state_id":222,"state_name":"Luanda Province","country_id":7},{"active":false,"Giataid":"431035","cityId":615,"cityName":"Luanda","hotelId":20000704,"hotelName":"Inn Luanda Boutique Hotel","address":"Rua Francisco S? de Miranda 50,Luanda,Angola","phones":"","fax":"","email":"ajafar@innluanda.com","url":"http://www.innluanda.com","countryIso2":"AO","countryName":"Angola","hotelRating":"3","latitude":"-8.82174","longitude":"13.2518","state_id":222,"state_name":"Luanda Province","country_id":7},{"active":false,"Giataid":"610280","cityId":615,"cityName":"Luanda","hotelId":20001553,"hotelName":"Hotel Florenca","address":"Avenida Luanda Sul,Frente Ao Belas Shopping,Sector Talatona,Luanda,Angola","phones":"","fax":"","email":"","url":"","countryIso2":"AO","countryName":"Angola","hotelRating":"3","latitude":"-8.92337","longitude":"13.184","state_id":222,"state_name":"Luanda Province","country_id":7},{"active":false,"Giataid":"437531","cityId":615,"cityName":"Luanda","hotelId":20001924,"hotelName":"Loanda Hotel","address":"Rua Joaquim Kapango 83,Luanda,Angola","phones":"+244222325275","fax":"","email":"reservas@loandahotel.com","url":"http://loandahotel.com","countryIso2":"AO","countryName":"Angola","hotelRating":"3","latitude":"-8.82096","longitude":"13.2374","state_id":222,"state_name":"Luanda Province","country_id":7},{"active":false,"Giataid":"546743","cityId":615,"cityName":"Luanda","hotelId":20002040,"hotelName":"Fiesta Hotel","address":"Bairro Cassenda,Rua 2 n? 16,Luanda,Angola","phones":"+244222019995","fax":"","email":"h.fiesta@homeinngs.com","url":"http://hotelfiestaangola.com/","countryIso2":"AO","countryName":"Angola","hotelRating":"3","latitude":"-8.8453","longitude":"13.233","state_id":222,"state_name":"Luanda Province","country_id":7},{"active":false,"Giataid":"431037","cityId":615,"cityName":"Luanda","hotelId":20002225,"hotelName":"Luna Hotel Zombo","address":"Rua Ars?nio Pompilio Pompeu do Carpo,Luanda,Angola","phones":"+244222263362","fax":"+244222263368","email":"lunahotelzombo@lunahoteis.com","url":"http://www.lunahoteis.com/en/Luna-Hotels-Resorts/Hotels/Luna-Hotel-Zombo/The-Hotel.aspx","countryIso2":"AO","countryName":"Angola","hotelRating":"3","latitude":"-8.82854","longitude":"13.2541","state_id":222,"state_name":"Luanda Province","country_id":7},{"active":false,"Giataid":"559741","cityId":615,"cityName":"Luanda","hotelId":20002429,"hotelName":"Executive Hotel Samba","address":"Rua Da Sambas / n,Munic?pio Da Samba,Provincia De Luanda,Angola,Angola","phones":"+244914783909","fax":"","email":"","url":"http://www.executivehotelsamba.com/en/contactos1/","countryIso2":"AO","countryName":"Angola","hotelRating":"4","latitude":"-8.83832","longitude":"13.2344","state_id":222,"state_name":"Luanda Province","country_id":7},{"active":false,"Giataid":"678735","cityId":615,"cityName":"Luanda","hotelId":20002624,"hotelName":"Aparthotel RK","address":"Rua Rei Katyavala,Condominio Katyavala,Maculusso,Bloco A,Luanda,Angola","phones":"+244222448368","fax":"","email":"sandra.oliveira@bluoshen.co.ao","url":"http://www.rkaparthotel.co.ao","countryIso2":"AO","countryName":"Angola","hotelRating":"3","latitude":"-8.81912","longitude":"13.2442","state_id":222,"state_name":"Luanda Province","country_id":7},{"active":false,"Giataid":"678337","cityId":615,"cityName":"Luanda","hotelId":20002841,"hotelName":"Golden Park Hotel","address":"Rua Dr. Pinto Azevedo 16-18,Luanda,Angola","phones":"+244222395257","fax":"+244222391692","email":"geral@hotelgoldenpark.co.ao","url":"http://www.hotelgoldenpark.co.ao","countryIso2":"AO","countryName":"Angola","hotelRating":"3","latitude":"-8.81846","longitude":"13.2362","state_id":222,"state_name":"Luanda Province","country_id":7},{"active":false,"Giataid":"564525","cityId":590,"cityName":"Benguela","hotelId":20003989,"hotelName":"Mil Cidades Aparthotel","address":"Avenue Aires De Almeida Santos 9,Benguela,Angola","phones":"+244272230029","fax":"","email":"geral@milcidades-aparthotel.com","url":"http://milcidades-aparthotel.com/","countryIso2":"AO","countryName":"Angola","hotelRating":"4","latitude":"-12.5822","longitude":"13.4094","state_id":218,"state_name":"Benguela Province","country_id":7},{"active":false,"Giataid":"550983","cityId":615,"cityName":"Luanda","hotelId":20004340,"hotelName":"Hotel e Aldeamento Turistico Belo Horizonte Benfica","address":"Rua Do Partido S/N,Municipio Da Samba,Benfica,Luanda,Angola","phones":"+244222019197","fax":"+244222019198","email":"reservas@hotelhabh.com","url":"http://hotelhabh.com/","countryIso2":"AO","countryName":"Angola","hotelRating":"3","latitude":"-8.8313","longitude":"13.231","state_id":222,"state_name":"Luanda Province","country_id":7},{"active":false,"Giataid":"568758","cityId":615,"cityName":"Luanda","hotelId":20004603,"hotelName":"City Guest House","address":"Rua Albano Machado 80,Maculusso,Luanda,Angola","phones":"","fax":"","email":"","url":"","countryIso2":"AO","countryName":"Angola","hotelRating":"0","latitude":"-8.82517","longitude":"13.2362","state_id":222,"state_name":"Luanda Province","country_id":7},{"active":false,"Giataid":"430978","cityId":590,"cityName":"Benguela","hotelId":20004719,"hotelName":"Duas Faces Hotel Resort","address":"Ba?a Azul,Benguela,Angola","phones":"+244916040365","fax":"","email":"hotelduasfaces@gmail.com","url":"http://www.hotelduasfaces.com/en","countryIso2":"AO","countryName":"Angola","hotelRating":"3","latitude":"-12.6242","longitude":"13.2329","state_id":218,"state_name":"Benguela Province","country_id":7},{"active":false,"Giataid":"609008","cityId":615,"cityName":"Luanda","hotelId":20004912,"hotelName":"Hotel Rainha Njinga","address":"Rua dos Generais,Bairro Morro Bento,Luanda Cidade de Belas,Angola","phones":"+244943354257","fax":"","email":"hrainhanjinga@hotmail.com","url":"http://hotelrainhanjinga.com/","countryIso2":"AO","countryName":"Angola","hotelRating":"3","latitude":"-8.8313","longitude":"13.231","state_id":222,"state_name":"Luanda Province","country_id":7},{"active":false,"Giataid":"476396","cityId":615,"cityName":"Luanda","hotelId":20005080,"hotelName":"Hotel Piramide","address":"Rua Jos? Pedro Tuca 41,Luanda,Bairro Dos Coqueiros,Angola","phones":"+244222338113","fax":"","email":"manarsmat@hotmail.com","url":"","countryIso2":"AO","countryName":"Angola","hotelRating":"3","latitude":"-8.81121","longitude":"13.2248","state_id":222,"state_name":"Luanda Province","country_id":7},{"active":false,"Giataid":"502218","cityId":615,"cityName":"Luanda","hotelId":20005247,"hotelName":"Thomson House","address":"Avenida Murtala Mohamed no 260,Ilha do Cabo,Luanda,Angola","phones":"+244918001001","fax":"","email":"info@thomsonhouseangola.com","url":"http://www.thomsonhouseangola.com/","countryIso2":"AO","countryName":"Angola","hotelRating":"3","latitude":"-8.77184","longitude":"13.2505","state_id":222,"state_name":"Luanda Province","country_id":7},{"active":false,"Giataid":"537306","cityId":615,"cityName":"Luanda","hotelId":20005375,"hotelName":"Praia Mar","address":"Avenida Murtala Mohamed 50,Ilha Do Cabo,Luanda,Angola","phones":"","fax":"","email":"","url":"","countryIso2":"AO","countryName":"Angola","hotelRating":"4","latitude":"-8.77882","longitude":"13.2417","state_id":222,"state_name":"Luanda Province","country_id":7},{"active":false,"Giataid":"582679","cityId":613,"cityName":"Lobito","hotelId":20005963,"hotelName":"Hotel Terminus Lobito","address":"Rua Robert Williams 16,Lobito,Benguela,Angola","phones":"","fax":"","email":"","url":"https://www.hotelscombined.de/Hotel/Hotel_Terminus_Lobito.htm","countryIso2":"AO","countryName":"Angola","hotelRating":"4","latitude":"-12.5787","longitude":"13.3789","state_id":218,"state_name":"Benguela Province","country_id":7},{"active":false,"Giataid":"582679","cityId":613,"cityName":"Lobito","hotelId":20005963,"hotelName":"Hotel Terminus Lobito","address":"Rua Robert Williams 16,Lobito,Benguela,Angola","phones":"","fax":"","email":"","url":"https://www.hotelscombined.de/Hotel/Hotel_Terminus_Lobito.htm","countryIso2":"AO","countryName":"Angola","hotelRating":"4","latitude":"-12.5787","longitude":"13.3789","state_id":218,"state_name":"Benguela Province","country_id":7},{"active":false,"Giataid":"431041","cityId":615,"cityName":"Luanda","hotelId":20006290,"hotelName":"Ritz Hotel Victoria Garden","address":"Estrada de Camama,Junto ao Est?dio 11 Novembro,Luanda,Angola","phones":"+244222210064","fax":"+244222210065","email":"hotelvictoriagarden@gmail.com","url":"http://www.org-ritz.com/hoteis/victoria-garden/o-hotel","countryIso2":"AO","countryName":"Angola","hotelRating":"5","latitude":"-8.97211","longitude":"13.2712","state_id":222,"state_name":"Luanda Province","country_id":7},{"active":false,"Giataid":"432762","cityId":615,"cityName":"Luanda","hotelId":20006587,"hotelName":"Hotel Ritz Capital","address":"Rua Da Missao 32 / 1 e 2 andar,Luanda,Angola","phones":"","fax":"","email":"","url":"","countryIso2":"AO","countryName":"Angola","hotelRating":"2","latitude":"-8.81517","longitude":"13.2345","state_id":222,"state_name":"Luanda Province","country_id":7},{"active":false,"Giataid":"613346","cityId":615,"cityName":"Luanda","hotelId":20006706,"hotelName":"Faias Residence","address":"Rua Rainha Ginga 60,Luanda,Angola","phones":"","fax":"","email":"","url":"","countryIso2":"AO","countryName":"Angola","hotelRating":"3","latitude":"-8.81379","longitude":"13.2329","state_id":222,"state_name":"Luanda Province","country_id":7},{"active":false,"Giataid":"611727","cityId":615,"cityName":"Luanda","hotelId":20006861,"hotelName":"Luanda Plaza","address":"Rua Albano  41,Bairro Sagrada Familia,Luanda,Angola","phones":"","fax":"","email":"","url":"","countryIso2":"AO","countryName":"Angola","hotelRating":"3","latitude":"-8.82428","longitude":"13.2369","state_id":222,"state_name":"Luanda Province","country_id":7},{"active":false,"Giataid":"678448","cityId":615,"cityName":"Luanda","hotelId":20007021,"hotelName":"Rosa Valls Hotel","address":"Avenida Pedro Van Dumen,Talatona,Luanda,Angola","phones":"","fax":"","email":"","url":"","countryIso2":"AO","countryName":"Angola","hotelRating":"3","latitude":"-8.89508","longitude":"13.2278","state_id":222,"state_name":"Luanda Province","country_id":7},{"active":false,"Giataid":"678443","cityId":615,"cityName":"Luanda","hotelId":20007165,"hotelName":"Cuvango Lodge","address":"Avenida Revolucao de Outubro,Bairro Caila,Luanda,Cuando Cubango,Angola","phones":"","fax":"","email":"","url":"","countryIso2":"AO","countryName":"Angola","hotelRating":"0","latitude":"-8.8313","longitude":"13.231","state_id":222,"state_name":"Luanda Province","country_id":7},{"active":false,"Giataid":"482693","cityId":615,"cityName":"Luanda","hotelId":20007333,"hotelName":"Sun Shine Hotel","address":"Rua Lar Do Patriota Street s/n,Zona 3,Talatona - Benfica,Municipio De Belas,Luanda,Angola","phones":"","fax":"","email":"","url":"","countryIso2":"AO","countryName":"Angola","hotelRating":"3","latitude":"-8.83999","longitude":"13.2894","state_id":222,"state_name":"Luanda Province","country_id":7},{"active":false,"Giataid":"639589","cityId":615,"cityName":"Luanda","hotelId":20007490,"hotelName":"ibis Styles Iu Luanda Cacuaco","address":"Estrada Nacional Zona Vidrul,Cacuaco,Angola","phones":"+244923167500","fax":"+244222691216","email":"reservashotels@aaa.co.ao","url":"http://www.ibis.com/gb/hotel-A0A7-ibis-styles-iu-luanda-cacuaco/index.shtml","countryIso2":"AO","countryName":"Angola","hotelRating":"0","latitude":"-8.76739","longitude":"13.3904","state_id":222,"state_name":"Luanda Province","country_id":7},{"active":false,"Giataid":"611801","cityId":615,"cityName":"Luanda","hotelId":20007646,"hotelName":"Fly Hotel","address":"Rua 17 Nr 4,Cassequel Maianga,Luanda,Angola","phones":"","fax":"","email":"","url":"","countryIso2":"AO","countryName":"Angola","hotelRating":"3","latitude":"-8.84434","longitude":"13.236","state_id":222,"state_name":"Luanda Province","country_id":7},{"active":false,"Giataid":"537308","cityId":615,"cityName":"Luanda","hotelId":20007795,"hotelName":"Tivoli","address":"Rua Da Missao 85,Luanda,Angola","phones":"","fax":"","email":"","url":"","countryIso2":"AO","countryName":"Angola","hotelRating":"3","latitude":"-8.81538","longitude":"13.236","state_id":222,"state_name":"Luanda Province","country_id":7},{"active":false,"Giataid":"390569","cityId":590,"cityName":"Benguela","hotelId":20007946,"hotelName":"Lodge Kapembawe","address":"Talamajamba,Baia Farta,Benguela,Angola","phones":"+244924867605","fax":"","email":"info@kapembawe.co.ao","url":"http://kapembawe.co.ao","countryIso2":"AO","countryName":"Angola","hotelRating":"5","latitude":"-12.6128","longitude":"13.1996","state_id":218,"state_name":"Benguela Province","country_id":7},{"active":false,"Giataid":"431039","cityId":590,"cityName":"Benguela","hotelId":20008039,"hotelName":"Hotel Ombaka Ritz","address":"Estrada Nacional 100 Km 27,Junto ao Est?dio Nacional de Ombaka,Benguela,Angola","phones":"+244935751896","fax":"+244241223819","email":"hotelombakaritz@gmail.com","url":"http://www.org-ritz.com/hoteis/ombaka-ritz/o-hotel","countryIso2":"AO","countryName":"Angola","hotelRating":"4","latitude":"-12.5422","longitude":"13.4646","state_id":218,"state_name":"Benguela Province","country_id":7},{"active":false,"Giataid":"431040","cityId":590,"cityName":"Benguela","hotelId":20008142,"hotelName":"Hotel Praia Morena","address":"Rua Jose Estevao 25,Benguela,Angola","phones":"+244272237125","fax":"","email":"reservas@hotelpraiamorena.com","url":"http://www.hotelpraiamorena.com","countryIso2":"AO","countryName":"Angola","hotelRating":"3","latitude":"-12.5778","longitude":"13.4087","state_id":218,"state_name":"Benguela Province","country_id":7},{"active":false,"Giataid":"765711","cityId":15553,"cityName":"Viana","hotelId":20272505,"hotelName":"Hotel Mucinga N'Zambi","address":"Estrada da Camama Viana- Luanda,Barro da Sapu Rua Projecto,Viana,Luanda,Angola","phones":"+244933953972","fax":"","email":"","url":"http://hotelmucinganzambi.co.ao","countryIso2":"AO","countryName":"Angola","hotelRating":"0","latitude":"-8.92935","longitude":"13.3833","state_id":2018,"state_name":"Espirito Santo","country_id":31},{"active":false,"Giataid":"936172","cityId":615,"cityName":"Luanda","hotelId":20272507,"hotelName":"Colinas Do Sol","address":"Via S7A,Talatona,Luanda,Angola","phones":"","fax":"","email":"reservas@colinasdosol.com","url":"http://www.colinasdosolaparthotel.com","countryIso2":"AO","countryName":"Angola","hotelRating":"0","latitude":"-8.83713","longitude":"13.2393","state_id":222,"state_name":"Luanda Province","country_id":7},{"active":false,"Giataid":"940884","cityId":615,"cityName":"Luanda","hotelId":20272508,"hotelName":"ApartHotel Cassenda Aeroporto","address":"Rua 9 do Cassenda 11,Luanda,Angola","phones":"","fax":"","email":"","url":"","countryIso2":"AO","countryName":"Angola","hotelRating":"0","latitude":"-8.83713","longitude":"13.2393","state_id":222,"state_name":"Luanda Province","country_id":7},{"active":false,"Giataid":"772421","cityId":613,"cityName":"Lobito","hotelId":20272510,"hotelName":"Chik Chik Hotel Lobito I","address":"Rua 25 de Abril 178/180,Lobito,Angola","phones":"","fax":"","email":"","url":"","countryIso2":"AO","countryName":"Angola","hotelRating":"0","latitude":"-12.3509","longitude":"13.547","state_id":218,"state_name":"Benguela Province","country_id":7},{"active":false,"Giataid":"939167","cityId":615,"cityName":"Luanda","hotelId":20272515,"hotelName":"Edificio Alvalade","address":"Rua Comandante Dangereux 8,Luanda,Angola","phones":"","fax":"","email":"","url":"","countryIso2":"AO","countryName":"Angola","hotelRating":"0","latitude":"-8.83713","longitude":"13.2393","state_id":222,"state_name":"Luanda Province","country_id":7},{"active":false,"Giataid":"893793","cityId":590,"cityName":"Benguela","hotelId":20272518,"hotelName":"Hostel No Quintal","address":"Pequeno Uche,Benguela,Angola","phones":"","fax":"","email":"","url":"http://hostelnoquintal.wixsite.com/reservation","countryIso2":"AO","countryName":"Angola","hotelRating":"0","latitude":"-12.5852","longitude":"13.3908","state_id":218,"state_name":"Benguela Province","country_id":7},{"active":false,"Giataid":"878000","cityId":615,"cityName":"Luanda","hotelId":20272519,"hotelName":"Kwanza Lodge","address":"Barra Do Kwanza,Luanda,Angola","phones":"+244936474098","fax":"","email":"info@kwanzalodge.com","url":"http://kwanzalodge.com","countryIso2":"AO","countryName":"Angola","hotelRating":"0","latitude":"-8.83713","longitude":"13.2393","state_id":222,"state_name":"Luanda Province","country_id":7},{"active":false,"Giataid":"939187","cityId":615,"cityName":"Luanda","hotelId":20272520,"hotelName":"Hotel Marinha","address":"Avenue Murtala Mohamed,Luanda,Angola","phones":"","fax":"","email":"","url":"","countryIso2":"AO","countryName":"Angola","hotelRating":"0","latitude":"-8.83713","longitude":"13.2393","state_id":222,"state_name":"Luanda Province","country_id":7},{"active":false,"Giataid":"770238","cityId":613,"cityName":"Lobito","hotelId":20272522,"hotelName":"Hotel Vunge Kita Lobito","address":"Rua Massangano Estrada Nacional 100,Bela Vista,Lobito,Angola","phones":"","fax":"","email":"","url":"","countryIso2":"AO","countryName":"Angola","hotelRating":"0","latitude":"-12.3554","longitude":"13.5571","state_id":218,"state_name":"Benguela Province","country_id":7},{"active":false,"Giataid":"936213","cityId":615,"cityName":"Luanda","hotelId":20272526,"hotelName":"Pensao Malepo","address":"Rua Conselheiro Aires De Ornelas,Luanda,Angola","phones":"","fax":"","email":"","url":"","countryIso2":"AO","countryName":"Angola","hotelRating":"0","latitude":"-8.83713","longitude":"13.2393","state_id":222,"state_name":"Luanda Province","country_id":7},{"active":false,"Giataid":"431044","cityId":15553,"cityName":"Viana","hotelId":20272529,"hotelName":"Viana Hotel","address":"Estrada De Catete km 25,Viana,Luanda,Angola,Angola","phones":"","fax":"","email":"","url":"","countryIso2":"AO","countryName":"Angola","hotelRating":"3","latitude":"-8.95701","longitude":"13.4501","state_id":2018,"state_name":"Espirito Santo","country_id":31},{"active":false,"Giataid":"874545","cityId":590,"cityName":"Benguela","hotelId":20272530,"hotelName":"Iu Hotel Benguela","address":"Zona Do Aeroporto,Benguela,Angola","phones":"","fax":"","email":"","url":"","countryIso2":"AO","countryName":"Angola","hotelRating":"0","latitude":"-12.5852","longitude":"13.3908","state_id":218,"state_name":"Benguela Province","country_id":7},{"active":false,"Giataid":"874547","cityId":615,"cityName":"Luanda","hotelId":20272531,"hotelName":"Art Residence","address":"Rua Ant?nio Lisboa 25,Luanda,Angola","phones":"","fax":"","email":"","url":"","countryIso2":"AO","countryName":"Angola","hotelRating":"0","latitude":"-8.83713","longitude":"13.2393","state_id":222,"state_name":"Luanda Province","country_id":7},{"active":false,"Giataid":"939175","cityId":615,"cityName":"Luanda","hotelId":20272532,"hotelName":"Casas De Luanda GH Kinaxixe","address":"Rua Nossa Senhora Da Muxima 22,Luanda,Angola","phones":"","fax":"","email":"reservas@casasdeluanda.com","url":"http://casasdeluanda.com","countryIso2":"AO","countryName":"Angola","hotelRating":"0","latitude":"-8.83713","longitude":"13.2393","state_id":222,"state_name":"Luanda Province","country_id":7},{"active":false,"Giataid":"613357","cityId":613,"cityName":"Lobito","hotelId":20272535,"hotelName":"Hotel Tropicana Lobito","address":"Avenida Marechal Craveiro Lopes No. 44,Comp?o,Lobito,Angola","phones":"+244272226650","fax":"+244272272226648","email":"","url":"http://www.tropicanalobito.ondebiz.com","countryIso2":"AO","countryName":"Angola","hotelRating":"3","latitude":"-12.3554","longitude":"13.5571","state_id":218,"state_name":"Benguela Province","country_id":7},{"active":false,"Giataid":"765702","cityId":15553,"cityName":"Viana","hotelId":20272538,"hotelName":"Redma Vianense","address":"Viana Bairro Boa Esperanca,Viana,Angola","phones":"","fax":"","email":"","url":"","countryIso2":"AO","countryName":"Angola","hotelRating":"0","latitude":"-8.92935","longitude":"13.3833","state_id":2018,"state_name":"Espirito Santo","country_id":31},{"active":false,"Giataid":"904531","cityId":null,"cityName":"Calulo","hotelId":20272539,"hotelName":"Iu Hotel N'Dalatando","address":"Morro de Tenga,Bairro Cazengo,Calulo,Angola","phones":"","fax":"","email":"","url":"","countryIso2":"AO","countryName":"Angola","hotelRating":"0","latitude":"-10.0008","longitude":"14.8961","state_id":null,"state_name":null,"country_id":null},{"active":false,"Giataid":"936153","cityId":615,"cityName":"Luanda","hotelId":20272540,"hotelName":"Complexo Turistico Beja","address":"Rua Pedro Da Costa Van Dunem Loy,Luanda,Angola","phones":"","fax":"","email":"","url":"","countryIso2":"AO","countryName":"Angola","hotelRating":"0","latitude":"-8.83713","longitude":"13.2393","state_id":222,"state_name":"Luanda Province","country_id":7},{"active":false,"Giataid":"939485","cityId":615,"cityName":"Luanda","hotelId":20272541,"hotelName":"Resort Bantu","address":"Avenida Fidel De Castro,Via Espressa,Bairro Cazenga,Luanda,Angola","phones":"","fax":"","email":"","url":"","countryIso2":"AO","countryName":"Angola","hotelRating":"0","latitude":"-8.83713","longitude":"13.2393","state_id":222,"state_name":"Luanda Province","country_id":7},{"active":false,"Giataid":"613230","cityId":613,"cityName":"Lobito","hotelId":20272544,"hotelName":"Casa Rosa Hotel Residence","address":"Rua Travessa Pereira D'e?a,Lobito,Angola","phones":"+244993054763","fax":"","email":"geral.casarosa@bluoshen.co.ao","url":"http://www.hotelcasarosalobito.co.ao/en-gb/","countryIso2":"AO","countryName":"Angola","hotelRating":"3","latitude":"-12.3236","longitude":"13.574","state_id":218,"state_name":"Benguela Province","country_id":7},{"active":false,"Giataid":"894215","cityId":590,"cityName":"Benguela","hotelId":20272547,"hotelName":"Hotel Weza","address":"Rua Monsenhor Kelling,Benguela,Angola","phones":"","fax":"","email":"","url":"","countryIso2":"AO","countryName":"Angola","hotelRating":"0","latitude":"-12.58","longitude":"13.4078","state_id":218,"state_name":"Benguela Province","country_id":7},{"active":false,"Giataid":"639588","cityId":15553,"cityName":"Viana","hotelId":20272546,"hotelName":"Ibis Styles Iu Luanda Viana","address":"Auto Estrada Cacuaco CabolomboZona Do Tampao,Viana,Angola","phones":"+244923167500","fax":"","email":"","url":"http://www.ibis.com/gb/hotel-A0A8-ibis-styles-iu-luanda-viana/index.shtml","countryIso2":"AO","countryName":"Angola","hotelRating":"0","latitude":"-8.90793","longitude":"13.4312","state_id":2018,"state_name":"Espirito Santo","country_id":31},{"active":false,"Giataid":"929327","cityId":615,"cityName":"Luanda","hotelId":20272548,"hotelName":"Hotel Kilimanjaro","address":"Rua Da Universidade Independente,Next To Paz Floor,Morro Bento,Luanda,Angola","phones":"","fax":"","email":"","url":"","countryIso2":"AO","countryName":"Angola","hotelRating":"0","latitude":"-8.83713","longitude":"13.2393","state_id":222,"state_name":"Luanda Province","country_id":7},{"active":false,"Giataid":"939466","cityId":615,"cityName":"Luanda","hotelId":20272549,"hotelName":"Platinium Living","address":"Rua Reverendo Agostinho Pedro Neto,Ingombotas,Luanda,Angola","phones":"","fax":"","email":"","url":"","countryIso2":"AO","countryName":"Angola","hotelRating":"0","latitude":"-8.83713","longitude":"13.2393","state_id":222,"state_name":"Luanda Province","country_id":7},{"active":false,"Giataid":"769429","cityId":613,"cityName":"Lobito","hotelId":20272551,"hotelName":"Chik-Chik Lobito II","address":"Rua 15 de Agosto,Zona Comercial,Lobito,Benguela Province,Angola","phones":"+244927884821","fax":"","email":"reservas.chiklobito2@hotmail.com","url":"","countryIso2":"AO","countryName":"Angola","hotelRating":"0","latitude":"-12.3758","longitude":"13.5614","state_id":218,"state_name":"Benguela Province","country_id":7},{"active":false,"Giataid":"767632","cityId":15553,"cityName":"Viana","hotelId":20272554,"hotelName":"KDS Villa Turistica","address":"Estrada Direita do Kixuxi,Viana,Angola","phones":"","fax":"","email":"","url":"","countryIso2":"AO","countryName":"Angola","hotelRating":"0","latitude":"-8.92935","longitude":"13.3833","state_id":2018,"state_name":"Espirito Santo","country_id":31},{"active":false,"Giataid":"858043","cityId":609,"cityName":"Huambo","hotelId":20272555,"hotelName":"Iu Hotel Huambo","address":"Bairro S?o Jo?o Canata,Cidade Baixa,Huambo,Angola","phones":"","fax":"","email":"","url":"","countryIso2":"AO","countryName":"Angola","hotelRating":"0","latitude":"-12.7694","longitude":"15.7423","state_id":213,"state_name":"Huambo Province","country_id":7},{"active":false,"Giataid":"936186","cityId":615,"cityName":"Luanda","hotelId":20272556,"hotelName":"Vila Espa","address":"Avenida Pedro De Castro Van-Dunem Loy,Talatona,Luanda,Angola","phones":"+244938902892","fax":"","email":"","url":"http://www.vilaespa.com","countryIso2":"AO","countryName":"Angola","hotelRating":"0","latitude":"-8.83713","longitude":"13.2393","state_id":222,"state_name":"Luanda Province","country_id":7},{"active":false,"Giataid":"936161","cityId":617,"cityName":"Lubango","hotelId":20272557,"hotelName":"Pousada Flor De Lis","address":"Entroncamento Da Estrada Do Nambe Com A Do Cristo Rei,Lubango,Angola","phones":"","fax":"","email":"","url":"","countryIso2":"AO","countryName":"Angola","hotelRating":"0","latitude":"-14.9581","longitude":"13.4721","state_id":225,"state_name":"Huila Province","country_id":7},{"active":false,"Giataid":"951299","cityId":590,"cityName":"Benguela","hotelId":20389246,"hotelName":"CV Lodge & Spa","address":"Estrada Da Baia Farta,Benguela,Damba Maria,Angola","phones":"","fax":"","email":"","url":"","countryIso2":"AO","countryName":"Angola","hotelRating":"0","latitude":"-12.5784","longitude":"13.4014","state_id":218,"state_name":"Benguela Province","country_id":7},{"active":false,"Giataid":"952962","cityId":615,"cityName":"Luanda","hotelId":20389247,"hotelName":"EL-AD ILHA Residences & Suites Block 1","address":"Avenida Murtala Mohammed,Luanda,Angola","phones":"","fax":"","email":"","url":"","countryIso2":"AO","countryName":"Angola","hotelRating":"0","latitude":"-8.83713","longitude":"13.2393","state_id":222,"state_name":"Luanda Province","country_id":7},{"active":false,"Giataid":"990960","cityId":15553,"cityName":"Viana","hotelId":20425127,"hotelName":"Station Hotel","address":"Estrada Do Calombo,Viana,Angola","phones":"","fax":"","email":"","url":"","countryIso2":"AO","countryName":"Angola","hotelRating":"0","latitude":"-8.92935","longitude":"13.3833","state_id":2018,"state_name":"Espirito Santo","country_id":31},{"active":false,"Giataid":"990957","cityId":615,"cityName":"Luanda","hotelId":20425128,"hotelName":"Forum Gest Hotel","address":"Travessa Ho Chi Minh,Bairro Militario,Luanda,Angola","phones":"","fax":"","email":"","url":"","countryIso2":"AO","countryName":"Angola","hotelRating":"0","latitude":"-8.83713","longitude":"13.2393","state_id":222,"state_name":"Luanda Province","country_id":7},{"active":false,"Giataid":"1028117","cityId":615,"cityName":"Luanda","hotelId":20458178,"hotelName":"Guest House Terezinha","address":"Rua K Do Morro Bento A13 K,Luanda,Angola","phones":"","fax":"","email":"","url":"","countryIso2":"AO","countryName":"Angola","hotelRating":"0","latitude":"-8.83713","longitude":"13.2393","state_id":222,"state_name":"Luanda Province","country_id":7},{"active":false,"Giataid":"1028306","cityId":615,"cityName":"Luanda","hotelId":20458181,"hotelName":"Ika Hotel Luanda","address":"Lote GU01,Via C2 e S5,Talatona,Luanda,Angola","phones":"","fax":"","email":"","url":"","countryIso2":"AO","countryName":"Angola","hotelRating":"0","latitude":"-8.83713","longitude":"13.2393","state_id":222,"state_name":"Luanda Province","country_id":7}]