[{"active":false,"Giataid":"432763","cityId":null,"cityName":"Calulo","hotelId":432763,"hotelName":"Hotel Aanisa Ritz","address":"Avenida 11 De Novembro,Calulo,Angola","phones":"","fax":"","email":"","url":"","countryIso2":"AO","countryName":"Angola","hotelRating":"3","latitude":"-10","longitude":"14.8937","state_id":null,"state_name":null,"country_id":null},{"active":false,"Giataid":"432764","cityId":null,"cityName":"Calulo","hotelId":432764,"hotelName":"Hotel Ritz Calulo","address":"Avenida De Novembro 11,Calulo,Kwanza-Sul,Angola","phones":"+244923589262","fax":"","email":"ritzcalulo@gmail.com","url":"http://www.org-ritz.com/hoteis/calulo/o-hotel","countryIso2":"AO","countryName":"Angola","hotelRating":"2","latitude":"-10.0005","longitude":"14.8952","state_id":null,"state_name":null,"country_id":null},{"active":false,"Giataid":"432768","cityId":null,"cityName":"Calulo","hotelId":432768,"hotelName":"Hotel Ritz Fazenda Cabuta","address":"KM 25 LIBOLO VILA ADO CALULO,","phones":"","fax":"","email":"","url":"","countryIso2":"AO","countryName":"Angola","hotelRating":"3","latitude":"-10.0008","longitude":"14.8961","state_id":null,"state_name":null,"country_id":null},{"active":false,"Giataid":"432769","cityId":null,"cityName":"Muxima","hotelId":432769,"hotelName":"Complexo da Muxima","address":"","phones":"","fax":"","email":"","url":"","countryIso2":"AO","countryName":"Angola","hotelRating":"1","latitude":"-9.52095","longitude":"13.9583","state_id":null,"state_name":null,"country_id":null},{"active":false,"Giataid":"545686","cityId":null,"cityName":"Muxima","hotelId":545686,"hotelName":"Ritz Muxima","address":"Parque Nacional Da Kissama,Muxima,Bengo,Angola","phones":"","fax":"","email":"","url":"","countryIso2":"AO","countryName":"Angola","hotelRating":"3","latitude":"-9.51743","longitude":"13.9558","state_id":null,"state_name":null,"country_id":null},{"active":false,"Giataid":"582697","cityId":null,"cityName":"Barra do Dande","hotelId":582697,"hotelName":"Paridiseos Resort Barra do Dande","address":"Estrada Nacional Libongos-Ambriz,1 km ap?s Ponte s/Rio Dande,Barra do Dande,Angola","phones":"","fax":"","email":"","url":"","countryIso2":"AO","countryName":"Angola","hotelRating":"1","latitude":"0","longitude":"0","state_id":null,"state_name":null,"country_id":null},{"active":false,"Giataid":"770788","cityId":null,"cityName":"Mazozo","hotelId":770788,"hotelName":"Hotel AC Angola","address":"Estrada Luanda - Catete km 44,1 Loteamento,Mazozo,Luanda,Angola","phones":"","fax":"","email":"","url":"","countryIso2":"AO","countryName":"Angola","hotelRating":"1","latitude":"-8.8313","longitude":"13.231","state_id":null,"state_name":null,"country_id":null},{"active":false,"Giataid":"904531","cityId":null,"cityName":"Calulo","hotelId":20272539,"hotelName":"Iu Hotel N'Dalatando","address":"Morro de Tenga,Bairro Cazengo,Calulo,Angola","phones":"","fax":"","email":"","url":"","countryIso2":"AO","countryName":"Angola","hotelRating":"0","latitude":"-10.0008","longitude":"14.8961","state_id":null,"state_name":null,"country_id":null}]