[{"active":false,"Giataid":"32105","cityId":6766,"cityName":"Palm Beach","hotelId":7657,"hotelName":"Barcelo Aruba","address":"J.E. Irausquin Boulevard 83,Palm Beach,Aruba","phones":"","fax":"","email":"","url":"","countryIso2":"AW","countryName":"Aruba","hotelRating":"1","latitude":"12.5568","longitude":"-70.0455","state_id":3909,"state_name":"New South Wales","country_id":14},{"active":false,"Giataid":"8056","cityId":6766,"cityName":"Palm Beach","hotelId":8056,"hotelName":"Aruba Marriott Resort & Stellaris Casino","address":"L.G. Smith Boulevard 101,Palm Beach,Aruba,Aruba","phones":"+2975869000","fax":"+2975206227","email":"","url":"http://www.marriott.com/hotels/travel/auaar-aruba-marriott-resort-and-stellaris-casino/","countryIso2":"AW","countryName":"Aruba","hotelRating":"4","latitude":"12.5807","longitude":"-70.0433","state_id":3909,"state_name":"New South Wales","country_id":14},{"active":false,"Giataid":"14512","cityId":6766,"cityName":"Palm Beach","hotelId":14512,"hotelName":"Hyatt Regency Aruba Resort Spa & Casino","address":"J.E. Irausquin Boulvard 85,Palm Beach,Aruba,Aruba","phones":"+2975861234","fax":"+2975861682","email":"adventure.concierge@hyatt.com","url":"http://aruba.hyatt.com/hyatt/hotels/activities/casino/index.jsp","countryIso2":"AW","countryName":"Aruba","hotelRating":"4","latitude":"12.572","longitude":"-70.0454","state_id":3909,"state_name":"New South Wales","country_id":14},{"active":false,"Giataid":"19731","cityId":6766,"cityName":"Palm Beach","hotelId":19731,"hotelName":"Hilton Aruba Caribbean Resort & Casino","address":"J.E. Irausquin Boulevard 81,Oranjestad,Aruba,Aruba","phones":"+2975866555","fax":"+2975863260","email":"caribbeansales@radisson.com","url":"http://www.radisson.com/palm-beach-hotel-aw/aruaruba","countryIso2":"AW","countryName":"Aruba","hotelRating":"4","latitude":"12.5688","longitude":"-70.0463","state_id":3909,"state_name":"New South Wales","country_id":14},{"active":false,"Giataid":"22858","cityId":6766,"cityName":"Palm Beach","hotelId":22858,"hotelName":"The Mill Resort & Suites Aruba","address":"J.E. Irausquin Boulevard 330,Palm Beach,Aruba","phones":"+2975867700","fax":"+2975867271","email":"","url":"http://millresort.net/","countryIso2":"AW","countryName":"Aruba","hotelRating":"3","latitude":"12.5642","longitude":"-70.0471","state_id":3909,"state_name":"New South Wales","country_id":14},{"active":false,"Giataid":"24511","cityId":6766,"cityName":"Palm Beach","hotelId":24511,"hotelName":"Hotel Riu Palace Antillas","address":"J.E. Irausquin Boulevard 77,Palm Beach,Aruba,Aruba","phones":"+2975264100","fax":"","email":"info@arubawyndham.com","url":"http://www.westinaruba.com/","countryIso2":"AW","countryName":"Aruba","hotelRating":"5","latitude":"12.5655","longitude":"-70.0486","state_id":3909,"state_name":"New South Wales","country_id":14},{"active":false,"Giataid":"32105","cityId":6766,"cityName":"Palm Beach","hotelId":32105,"hotelName":"Barcelo Aruba","address":"J.E. Irausquin Boulevard 83,Palm Beach,Aruba","phones":"+2975864500","fax":"+2975863191","email":"","url":"http://en.occidentalhotels.com/grand/Aruba.asp","countryIso2":"AW","countryName":"Aruba","hotelRating":"5","latitude":"12.5705","longitude":"-70.0457","state_id":3909,"state_name":"New South Wales","country_id":14},{"active":false,"Giataid":"359653","cityId":6766,"cityName":"Palm Beach","hotelId":359653,"hotelName":"Royal Level at Barcelo Aruba","address":"J.E. Irausquin Boulevard 83,Palm Beach,Aruba,Noord 27000,Aruba","phones":"+2975864500","fax":"","email":"aruba@barcelo.com","url":"https://www.barcelo.com/barcelohotels/en_us/hotels/aruba/palm-beach/hotel-royal-club-grand-aruba-resort/general-description.aspx","countryIso2":"AW","countryName":"Aruba","hotelRating":"4","latitude":"12.5705","longitude":"-70.0458","state_id":3909,"state_name":"New South Wales","country_id":14},{"active":false,"Giataid":"391734","cityId":6766,"cityName":"Palm Beach","hotelId":391734,"hotelName":"The RitZ-Carlton Aruba","address":"L.G Smith Boulevard 107,Palm Beach,Aruba","phones":"+2975272222","fax":"","email":"auart.leads@ritzcarlton.com","url":"http://www.ritzcarlton.com/en/Properties/Aruba/Information/Default.htm","countryIso2":"AW","countryName":"Aruba","hotelRating":"5","latitude":"12.583","longitude":"-70.0438","state_id":3909,"state_name":"New South Wales","country_id":14},{"active":false,"Giataid":"684647","cityId":6766,"cityName":"Palm Beach","hotelId":684647,"hotelName":"Cas Di Sono Villa Palm Beach","address":"","phones":"","fax":"","email":"","url":"","countryIso2":"AW","countryName":"Aruba","hotelRating":"1","latitude":"12.5719","longitude":"-70.0447","state_id":3909,"state_name":"New South Wales","country_id":14},{"active":false,"Giataid":"508517","cityId":6766,"cityName":"Palm Beach","hotelId":10106800,"hotelName":"Sandra Tours","address":"504 Palm Beach,Aruba,Aruba","phones":"NULL","fax":"NULL","email":"NULL","url":"NULL","countryIso2":"AW","countryName":"Aruba","hotelRating":"3","latitude":"12.5755","longitude":"-70.0399","state_id":3909,"state_name":"New South Wales","country_id":14},{"active":false,"Giataid":"515801","cityId":6766,"cityName":"Palm Beach","hotelId":20187716,"hotelName":"Lagunita Aruba Apartment","address":"Salinja Cerca 25 H,Palm Beach,Aruba","phones":"","fax":"","email":"arubalagunita@gmail.com","url":"http://www.arubalagunita.com/","countryIso2":"AW","countryName":"Aruba","hotelRating":"3","latitude":"12.5803","longitude":"-70.0405","state_id":3909,"state_name":"New South Wales","country_id":14},{"active":false,"Giataid":"514371","cityId":6766,"cityName":"Palm Beach","hotelId":20187752,"hotelName":"Palm Beach Vacation Villa","address":"Palm Beach 234,Palm Beach,Aruba","phones":"","fax":"","email":"","url":"","countryIso2":"AW","countryName":"Aruba","hotelRating":"3","latitude":"12.57","longitude":"-70.0411","state_id":3909,"state_name":"New South Wales","country_id":14},{"active":false,"Giataid":"488486","cityId":6766,"cityName":"Palm Beach","hotelId":20187812,"hotelName":"Merlot Villas Aruba","address":"Salina Cerca 47,Palm Beach,Aruba","phones":"+2975617330108","fax":"","email":"info@merlotvillasaruba.com","url":"http://www.merlotvillasaruba.com/","countryIso2":"AW","countryName":"Aruba","hotelRating":"4","latitude":"12.5797","longitude":"-70.036","state_id":3909,"state_name":"New South Wales","country_id":14},{"active":false,"Giataid":"528455","cityId":6766,"cityName":"Palm Beach","hotelId":20188177,"hotelName":"Villa Royale Aruba","address":"Curimiou 87,Kamay Hills,Palm Beach,Aruba","phones":"","fax":"","email":"villaroyalearuba@gmail.com","url":"http://www.arubalocalrentals.com/vakantie/3253/villa_royale_aruba/","countryIso2":"AW","countryName":"Aruba","hotelRating":"0","latitude":"12.5719","longitude":"-70.0447","state_id":3909,"state_name":"New South Wales","country_id":14},{"active":false,"Giataid":"643238","cityId":14440,"cityName":"Santa Cruz","hotelId":20188212,"hotelName":"Tamarijn Houses","address":"Tamarijn 28,Santa Cruz,Aruba","phones":"","fax":"","email":"","url":"","countryIso2":"AW","countryName":"Aruba","hotelRating":"0","latitude":"12.5346","longitude":"-69.9876","state_id":2005,"state_name":"Paraiba","country_id":31},{"active":false,"Giataid":"684142","cityId":6766,"cityName":"Palm Beach","hotelId":20188227,"hotelName":"Modern Hotel Aruba","address":"Selina Cerca 25 I,Palm Beach,Aruba","phones":"+2975923954","fax":"","email":"info@modernhotelaruba.com","url":"http://modernhotelaruba.com","countryIso2":"AW","countryName":"Aruba","hotelRating":"0","latitude":"12.5805","longitude":"-70.0405","state_id":3909,"state_name":"New South Wales","country_id":14},{"active":false,"Giataid":"559582","cityId":6766,"cityName":"Palm Beach","hotelId":20188350,"hotelName":"PalmAruba Condos","address":"Palm Beach 4P,Palm Beach,Aruba","phones":"+2975867256","fax":"","email":"info@palmaruba.com","url":"http://palmarubacondos.com","countryIso2":"AW","countryName":"Aruba","hotelRating":"3","latitude":"12.565","longitude":"-70.0382","state_id":3909,"state_name":"New South Wales","country_id":14},{"active":false,"Giataid":"721681","cityId":6766,"cityName":"Palm Beach","hotelId":20188364,"hotelName":"Palm Apartments Aruba","address":"Noord 41A,Palm Beach,Aruba","phones":"","fax":"","email":"","url":"","countryIso2":"AW","countryName":"Aruba","hotelRating":"0","latitude":"12.5638","longitude":"-70.0335","state_id":3909,"state_name":"New South Wales","country_id":14},{"active":false,"Giataid":"422364","cityId":6766,"cityName":"Palm Beach","hotelId":20188398,"hotelName":"Cunucu Residence","address":"Westpunt 13,Noord,Palm Beach,Eagle Beach,Aruba","phones":"+2975650743","fax":"","email":"john@arubacunucuresidence.com","url":"http://www.arubacunucuresidence.com","countryIso2":"AW","countryName":"Aruba","hotelRating":"3","latitude":"12.5926","longitude":"-70.0402","state_id":3909,"state_name":"New South Wales","country_id":14},{"active":false,"Giataid":"286275","cityId":6766,"cityName":"Palm Beach","hotelId":20188436,"hotelName":"Aruba Beach Villas","address":"Lg Smith Boulevard 462,Malmok,Aruba","phones":"+2975861072","fax":"+2975861870","email":"info@arubabeachvillas.com","url":"http://www.arubabeachvillas.com/","countryIso2":"AW","countryName":"Aruba","hotelRating":"3","latitude":"12.589","longitude":"-70.0468","state_id":3909,"state_name":"New South Wales","country_id":14},{"active":false,"Giataid":"559597","cityId":6766,"cityName":"Palm Beach","hotelId":20188481,"hotelName":"King David Suites","address":"Palm Beach 200,Aruba,Aruba","phones":"+2975863045","fax":"+2975861474","email":"","url":"http://www.kingdavidsuites.com/","countryIso2":"AW","countryName":"Aruba","hotelRating":"0","latitude":"12.5703","longitude":"-70.0415","state_id":3909,"state_name":"New South Wales","country_id":14},{"active":false,"Giataid":"47996","cityId":6766,"cityName":"Palm Beach","hotelId":20188502,"hotelName":"Aruba Millennium Resort","address":"Palm Beach Road 33,Palm/Eagle Beach,Aruba","phones":"+2975861120","fax":"+2975862506","email":"","url":"","countryIso2":"AW","countryName":"Aruba","hotelRating":"3","latitude":"12.5674","longitude":"-70.0409","state_id":3909,"state_name":"New South Wales","country_id":14},{"active":false,"Giataid":"659282","cityId":6766,"cityName":"Palm Beach","hotelId":20188550,"hotelName":"Palazzio Apartments & Studios","address":"Bubali 86-T,Eagle Beach,Palm Beach,Aruba","phones":"+2975922783","fax":"","email":"info@palazzio-properties.com","url":"http://www.palazzio-properties.com","countryIso2":"AW","countryName":"Aruba","hotelRating":"2","latitude":"12.5549","longitude":"-70.0463","state_id":3909,"state_name":"New South Wales","country_id":14},{"active":false,"Giataid":"546353","cityId":6766,"cityName":"Palm Beach","hotelId":20188577,"hotelName":"Karibu Aruba","address":"Salinja Cerca 25M,Palm Beach,Aruba","phones":"+2977460396","fax":"","email":"info@karibuaruba.com","url":"http://karibuaruba.com/","countryIso2":"AW","countryName":"Aruba","hotelRating":"3","latitude":"12.5807","longitude":"-70.0406","state_id":3909,"state_name":"New South Wales","country_id":14},{"active":false,"Giataid":"683272","cityId":6766,"cityName":"Palm Beach","hotelId":20188587,"hotelName":"Esmeralda Villa","address":"Boegoeroei 13-D,Palm Beach 10002,Aruba","phones":"","fax":"","email":"","url":"","countryIso2":"AW","countryName":"Aruba","hotelRating":"0","latitude":"12.596","longitude":"-70.0419","state_id":3909,"state_name":"New South Wales","country_id":14},{"active":false,"Giataid":"575418","cityId":14440,"cityName":"Santa Cruz","hotelId":20188662,"hotelName":"Fuego Mio Bed & Breakfast","address":"San Fuego 48A,Santa Cruz,Aruba,Aruba","phones":"","fax":"","email":"","url":"","countryIso2":"AW","countryName":"Aruba","hotelRating":"3","latitude":"12.5007","longitude":"-69.9553","state_id":2005,"state_name":"Paraiba","country_id":31},{"active":false,"Giataid":"240089","cityId":14440,"cityName":"Santa Cruz","hotelId":20188730,"hotelName":"Cunucu Arubiano Eco-Lodge","address":"Andicuri Beach,Saint Lucia 4,Santa Cruz,Aruba,Aruba","phones":"+2977393339","fax":"+2975859994","email":"info@cunucuarubiano.com","url":"http://www.cunucuarubiano.com","countryIso2":"AW","countryName":"Aruba","hotelRating":"4","latitude":"12.5251","longitude":"-69.964","state_id":2005,"state_name":"Paraiba","country_id":31},{"active":false,"Giataid":"240088","cityId":6766,"cityName":"Palm Beach","hotelId":20188742,"hotelName":"Aruba Happy Rentals Hotel","address":"Palm Beach 328,Aruba,Aruba","phones":"+2975862662","fax":"+2975863031","email":"","url":"http://arubahappyrentals.com","countryIso2":"AW","countryName":"Aruba","hotelRating":"0","latitude":"12.5689","longitude":"-70.0434","state_id":3909,"state_name":"New South Wales","country_id":14},{"active":false,"Giataid":"559575","cityId":6766,"cityName":"Palm Beach","hotelId":20188767,"hotelName":"Pauline's Apartments Aruba","address":"Keito 22-23,Palm Beach,Noord,Aruba","phones":"+2977331089","fax":"","email":"info@paulines-aruba.com","url":"http://www.paulines-aruba.com/","countryIso2":"AW","countryName":"Aruba","hotelRating":"4","latitude":"12.5637","longitude":"-70.041","state_id":3909,"state_name":"New South Wales","country_id":14},{"active":false,"Giataid":"559575","cityId":6766,"cityName":"Palm Beach","hotelId":20188767,"hotelName":"Pauline's Apartments Aruba","address":"Keito 22-23,Palm Beach,Noord,Aruba","phones":"+2977331089","fax":"","email":"info@paulines-aruba.com","url":"http://www.paulines-aruba.com/","countryIso2":"AW","countryName":"Aruba","hotelRating":"4","latitude":"12.5637","longitude":"-70.041","state_id":3909,"state_name":"New South Wales","country_id":14},{"active":false,"Giataid":"745777","cityId":6766,"cityName":"Palm Beach","hotelId":20276521,"hotelName":"Dushi Villa","address":"98N Noord,Palm Beach,Aruba","phones":"","fax":"","email":"","url":"","countryIso2":"AW","countryName":"Aruba","hotelRating":"0","latitude":"12.5719","longitude":"-70.0447","state_id":3909,"state_name":"New South Wales","country_id":14},{"active":false,"Giataid":"735451","cityId":6766,"cityName":"Palm Beach","hotelId":20276528,"hotelName":"Bubali Villa","address":"Danza 185,Palm Beach,Aruba","phones":"","fax":"","email":"","url":"","countryIso2":"AW","countryName":"Aruba","hotelRating":"0","latitude":"12.5719","longitude":"-70.0447","state_id":3909,"state_name":"New South Wales","country_id":14},{"active":false,"Giataid":"737509","cityId":14440,"cityName":"Santa Cruz","hotelId":20276535,"hotelName":"Mammaloes","address":"Balashi 24B,Santa Cruz,Aruba","phones":"","fax":"","email":"","url":"","countryIso2":"AW","countryName":"Aruba","hotelRating":"0","latitude":"12.5129","longitude":"-69.9706","state_id":2005,"state_name":"Paraiba","country_id":31},{"active":false,"Giataid":"864013","cityId":6766,"cityName":"Palm Beach","hotelId":20276545,"hotelName":"Villa Noah","address":"Washington 49B,Palm Eagle Beach,Palm Eagle,Aruba","phones":"","fax":"","email":"","url":"","countryIso2":"AW","countryName":"Aruba","hotelRating":"0","latitude":"12.5719","longitude":"-70.0447","state_id":3909,"state_name":"New South Wales","country_id":14},{"active":false,"Giataid":"750925","cityId":6766,"cityName":"Palm Beach","hotelId":20276554,"hotelName":"Casalina Garden Apartments","address":"Salina Serca 39J,Palm Beach,Aruba","phones":"","fax":"","email":"info@casalinagarden.com","url":"http://casalinagarden.com","countryIso2":"AW","countryName":"Aruba","hotelRating":"0","latitude":"12.5813","longitude":"-70.0386","state_id":3909,"state_name":"New South Wales","country_id":14},{"active":false,"Giataid":"1030548","cityId":6766,"cityName":"Palm Beach","hotelId":20458713,"hotelName":"Boca Catalina Residences","address":"L. G. Smith Boulevard,Palm Beach,Aruba","phones":"","fax":"","email":"","url":"","countryIso2":"AW","countryName":"Aruba","hotelRating":"0","latitude":"12.5719","longitude":"-70.0447","state_id":3909,"state_name":"New South Wales","country_id":14}]