[{"active":false,"Giataid":"7690","cityId":null,"cityName":"Eagle Beach","hotelId":7690,"hotelName":"Amsterdam Manor Beach Resort","address":"J.E. Irausquin Boulevard 252,P.O. Box 1302,Oranjestad,Aruba,Aruba","phones":"+2975271100","fax":"+2975271112","email":"reservations@amsterdammanor.aw","url":"http://www.amsterdammanor.com","countryIso2":"AW","countryName":"Aruba","hotelRating":"4","latitude":"12.5533","longitude":"-70.0543","state_id":null,"state_name":null,"country_id":null},{"active":false,"Giataid":"9345","cityId":null,"cityName":"Eagle Beach","hotelId":9345,"hotelName":"Bucuti and Tara Beach Resorts","address":"L.G. Smith Boulevard 55B,Dutch Caribbean,Eagle Beach,Aruba","phones":"+2975831100","fax":"+2975825272","email":"info@bucuti.com","url":"http://www.bucuti.com","countryIso2":"AW","countryName":"Aruba","hotelRating":"4","latitude":"12.5415","longitude":"-70.0616","state_id":null,"state_name":null,"country_id":null},{"active":false,"Giataid":"10885","cityId":null,"cityName":"Eagle Beach","hotelId":10885,"hotelName":"Costa Linda Beach Resort","address":"Je Irausquin Boulevard 59,PO Box 1345,Eagle Beach,Oranjestad,Aruba","phones":"+2975838000","fax":"+2975836040","email":"","url":"http://www.costalinda-aruba.com/","countryIso2":"AW","countryName":"Aruba","hotelRating":"4","latitude":"12.5427","longitude":"-70.0605","state_id":null,"state_name":null,"country_id":null},{"active":false,"Giataid":"15643","cityId":null,"cityName":"Eagle Beach","hotelId":15643,"hotelName":"La Cabana Beach Resort","address":"J.E. Irausquin Blvd. 250,P.O. Box 4304 (Noord),Eagle Beach,Aruba,Dutch Caribbean,Aruba","phones":"+2975201100","fax":"+2975870848","email":"","url":"http://www.lacabanabrc.com/","countryIso2":"AW","countryName":"Aruba","hotelRating":"3","latitude":"12.5517","longitude":"-70.0539","state_id":null,"state_name":null,"country_id":null},{"active":false,"Giataid":"16741","cityId":null,"cityName":"Oranjestad","hotelId":16741,"hotelName":"Manchebo Beach Resort","address":"J.E. Irausquin Boulevard # 55,P.O. Box 564,Oranjestad,Aruba,Aruba","phones":"+2975823444","fax":"+2975832446","email":"reserve@manchebo.com","url":"http://www.manchebo.com","countryIso2":"AW","countryName":"Aruba","hotelRating":"3","latitude":"12.5408","longitude":"-70.0622","state_id":null,"state_name":null,"country_id":null},{"active":false,"Giataid":"377157","cityId":null,"cityName":"Eagle Beach","hotelId":138656,"hotelName":"Tropicana Aruba Resort & Casino","address":"J.E. Irausquin Boulevard 248,Eagle Beach,Aruba,Aruba","phones":"+2975879000","fax":"","email":"reservations@troparuba.com","url":"http://www.troparuba.com/","countryIso2":"AW","countryName":"Aruba","hotelRating":"3","latitude":"12.5512","longitude":"-70.0528","state_id":null,"state_name":null,"country_id":null},{"active":false,"Giataid":"144413","cityId":null,"cityName":"Eagle Beach","hotelId":144413,"hotelName":"Coconut Inn","address":"Noord 31, Palm Beach","phones":"","fax":"","email":"","url":"","countryIso2":"AW","countryName":"Aruba","hotelRating":"2","latitude":"12.5674","longitude":"-70.0348","state_id":null,"state_name":null,"country_id":null},{"active":false,"Giataid":"246722","cityId":null,"cityName":"Oranjestad","hotelId":240085,"hotelName":"Divi Aruba","address":"J.E. Irausquin Boulevard 45,Oranjestad,Aruba","phones":"+2975255200","fax":"+2975255203","email":"reservation@megaresorts.com","url":"","countryIso2":"AW","countryName":"Aruba","hotelRating":"3","latitude":"NULL","longitude":"NULL","state_id":null,"state_name":null,"country_id":null},{"active":false,"Giataid":"240087","cityId":null,"cityName":"Oranjestad","hotelId":240087,"hotelName":"Aruba Harmony Apartments","address":"Palmita straat, 9,Oranjestad,Aruba","phones":"+2975937661","fax":"+2975882133","email":"info@arubaharmony.com","url":"http://www.arubaharmony.com","countryIso2":"AW","countryName":"Aruba","hotelRating":"3","latitude":"12.5332","longitude":"-70.0291","state_id":null,"state_name":null,"country_id":null},{"active":false,"Giataid":"246726","cityId":null,"cityName":"Oranjestad","hotelId":246726,"hotelName":"Tamarijn Aruba All Inclusive","address":"JE Irausquin Boulevard 41,Oranjestad,Aruba,Aruba","phones":"+2975255200","fax":"+2975255203","email":"reservation@megaresorts.com","url":"http://www.tamarijnaruba.com/","countryIso2":"AW","countryName":"Aruba","hotelRating":"3","latitude":"12.5338","longitude":"-70.0567","state_id":null,"state_name":null,"country_id":null},{"active":false,"Giataid":"291697","cityId":null,"cityName":"Savaneta","hotelId":291697,"hotelName":"Club Arias Bed & Breakfast","address":"Savaneta 123-K,Savaneta,Aruba","phones":"+2975933408","fax":"","email":"","url":"","countryIso2":"AW","countryName":"Aruba","hotelRating":"4","latitude":"12.4501","longitude":"-69.9459","state_id":null,"state_name":null,"country_id":null},{"active":false,"Giataid":"508834","cityId":null,"cityName":"Malmok","hotelId":508834,"hotelName":"Aruba Sunset Beach Studios","address":"Lg Smith Boulevard 486,Malmok,Aruba","phones":"+2975863940","fax":"+2975861149","email":"sunset@setarnet.aw","url":"https://www.arubasunsetbeach.com/","countryIso2":"AW","countryName":"Aruba","hotelRating":"3","latitude":"12.5906","longitude":"-70.0474","state_id":null,"state_name":null,"country_id":null},{"active":false,"Giataid":"575629","cityId":null,"cityName":"Malmok","hotelId":575629,"hotelName":"Bananas Apartments","address":"Malmokweg 19,Malmok,Aruba,Aruba","phones":"","fax":"","email":"","url":"http://www.bananas-resort.com/","countryIso2":"AW","countryName":"Aruba","hotelRating":"1","latitude":"12.6037","longitude":"-70.0507","state_id":null,"state_name":null,"country_id":null},{"active":false,"Giataid":"575633","cityId":null,"cityName":"Malmok","hotelId":575633,"hotelName":"La Dolce Vita Apartments","address":"Malmokweg 27,Malmok,Aruba,Aruba","phones":"+2975866990","fax":"","email":"info@ladolcevitaapartments.com","url":"http://www.ladolcevitaapartments.com/","countryIso2":"AW","countryName":"Aruba","hotelRating":"4","latitude":"12.6005","longitude":"-70.0455","state_id":null,"state_name":null,"country_id":null},{"active":false,"Giataid":"687836","cityId":null,"cityName":"Oranjestad","hotelId":687836,"hotelName":"Paradise Beach Villas","address":"JE Irausquin Boulevard 64,Oranjestad,Aruba,Aruba","phones":"+2975874000","fax":"+2975870071","email":"","url":"http://www.paradisebeachvillas-aruba.com/","countryIso2":"AW","countryName":"Aruba","hotelRating":"1","latitude":"12.53","longitude":"-70.0365","state_id":null,"state_name":null,"country_id":null},{"active":false,"Giataid":"405901","cityId":null,"cityName":"Eagle Beach","hotelId":10053594,"hotelName":"Blue Residences","address":"J.E. Irausquin Boulevard 266,Eagle Beach,Oranjestad,Aruba","phones":"+2975287000","fax":"","email":"","url":"","countryIso2":"AW","countryName":"Aruba","hotelRating":"3","latitude":"12.5608","longitude":"-70.0538","state_id":null,"state_name":null,"country_id":null},{"active":false,"Giataid":"538912","cityId":null,"cityName":"Eagle Beach","hotelId":10055284,"hotelName":"Bubali Bliss Studios","address":"Bubali 147,Eagle Beach,Aruba","phones":"+2975875262","fax":"","email":"","url":"","countryIso2":"AW","countryName":"Aruba","hotelRating":"3","latitude":"12.5517","longitude":"-70.0502","state_id":null,"state_name":null,"country_id":null},{"active":false,"Giataid":"438326","cityId":null,"cityName":"Noord","hotelId":10057257,"hotelName":"Golden Villas Aruba","address":"Washington 30 C,Noord,Aruba","phones":"+2975855535","fax":"","email":"","url":"","countryIso2":"AW","countryName":"Aruba","hotelRating":"2","latitude":"12.5576","longitude":"-70.0395","state_id":null,"state_name":null,"country_id":null},{"active":false,"Giataid":"559576","cityId":null,"cityName":"Oranjestad","hotelId":10062428,"hotelName":"Paradise Apartment","address":"Piedra Plat 45,Oranjestad,Aruba","phones":"","fax":"","email":"","url":"","countryIso2":"AW","countryName":"Aruba","hotelRating":"3","latitude":"12.5252","longitude":"-69.9953","state_id":null,"state_name":null,"country_id":null},{"active":false,"Giataid":"658656","cityId":null,"cityName":"Noord","hotelId":10063821,"hotelName":"Sasaki Apartments","address":"Bubali 143,Noord,Aruba","phones":"+2975877482","fax":"","email":"","url":"","countryIso2":"AW","countryName":"Aruba","hotelRating":"1","latitude":"12.5522","longitude":"-70.05","state_id":null,"state_name":null,"country_id":null},{"active":false,"Giataid":"438331","cityId":null,"cityName":"Savaneta","hotelId":10064364,"hotelName":"Villa Du Laurence","address":"Savaneta 244,Savaneta,Aruba","phones":"","fax":"","email":"","url":"","countryIso2":"AW","countryName":"Aruba","hotelRating":"3","latitude":"12.4463","longitude":"-69.9464","state_id":null,"state_name":null,"country_id":null},{"active":false,"Giataid":"496672","cityId":null,"cityName":"Noord","hotelId":10066782,"hotelName":"Walking To The Beach Villa","address":"Caya Di Sero 31,Noord,Aruba","phones":"","fax":"","email":"","url":"","countryIso2":"AW","countryName":"Aruba","hotelRating":"3","latitude":"12.6057","longitude":"-70.0437","state_id":null,"state_name":null,"country_id":null},{"active":false,"Giataid":"509030","cityId":null,"cityName":"Noord","hotelId":10094454,"hotelName":"Swiss Paradise Aruba","address":"Safir 49-55,Malmok,Noord,Aruba","phones":"NULL","fax":"NULL","email":"NULL","url":"NULL","countryIso2":"AW","countryName":"Aruba","hotelRating":"4","latitude":"12.594","longitude":"-70.037","state_id":null,"state_name":null,"country_id":null},{"active":false,"Giataid":"508068","cityId":null,"cityName":"Noord","hotelId":10098300,"hotelName":"Nature Aruba Deluxe Apartments","address":"Sabana Liber 23-i,Noord,Aruba","phones":"NULL","fax":"NULL","email":"NULL","url":"NULL","countryIso2":"AW","countryName":"Aruba","hotelRating":"3","latitude":"12.5609","longitude":"-70.0235","state_id":null,"state_name":null,"country_id":null},{"active":false,"Giataid":"552584","cityId":null,"cityName":"Oranjestad","hotelId":10099200,"hotelName":"Vistalmar Ocean View Apartments","address":"Bucutiweg 28,Oranjestad,Aruba","phones":"+2975828579","fax":"NULL","email":"NULL","url":"NULL","countryIso2":"AW","countryName":"Aruba","hotelRating":"2","latitude":"12.4976","longitude":"-70.0152","state_id":null,"state_name":null,"country_id":null},{"active":false,"Giataid":"497196","cityId":null,"cityName":"Noord","hotelId":10103919,"hotelName":"Punto di Oro Apartments","address":"Tanki Leendert 121 K,Noord,Aruba","phones":"+2975829444","fax":"NULL","email":"NULL","url":"NULL","countryIso2":"AW","countryName":"Aruba","hotelRating":"2","latitude":"12.54","longitude":"-70.0262","state_id":null,"state_name":null,"country_id":null},{"active":false,"Giataid":"442897","cityId":null,"cityName":"Oranjestad","hotelId":10103946,"hotelName":"Wonders Boutique Hotel","address":"Emmastraat 63,Oranjestad,Aruba","phones":"+2975934032","fax":"NULL","email":"NULL","url":"NULL","countryIso2":"AW","countryName":"Aruba","hotelRating":"3","latitude":"12.5285","longitude":"-70.0367","state_id":null,"state_name":null,"country_id":null},{"active":false,"Giataid":"505033","cityId":null,"cityName":"Noord","hotelId":10108344,"hotelName":"Alta Montana Apartments","address":"Alto Vista 42 A,Noord,Aruba","phones":"+2975933503","fax":"NULL","email":"NULL","url":"NULL","countryIso2":"AW","countryName":"Aruba","hotelRating":"3","latitude":"12.5683","longitude":"-70.0152","state_id":null,"state_name":null,"country_id":null},{"active":false,"Giataid":"564491","cityId":null,"cityName":"Noord","hotelId":10114235,"hotelName":"Carina's Studio-Apartments","address":"Palm Beach 360,Noord Palm-Eagle Beach,Aruba","phones":"+2975928631","fax":"NULL","email":"NULL","url":"NULL","countryIso2":"AW","countryName":"Aruba","hotelRating":"3","latitude":"12.5734","longitude":"-70.0407","state_id":null,"state_name":null,"country_id":null},{"active":false,"Giataid":"505151","cityId":null,"cityName":"Noord","hotelId":10114394,"hotelName":"Casa Opal","address":"Opal 84,Palm Beach,Noord,Aruba","phones":"NULL","fax":"NULL","email":"NULL","url":"NULL","countryIso2":"AW","countryName":"Aruba","hotelRating":"4","latitude":"12.5872","longitude":"-70.0405","state_id":null,"state_name":null,"country_id":null},{"active":false,"Giataid":"444475","cityId":null,"cityName":"Savaneta","hotelId":10115840,"hotelName":"Coral Reef Beach","address":"Savaneta 344A,Savaneta,Aruba","phones":"+2975847764","fax":"NULL","email":"NULL","url":"NULL","countryIso2":"AW","countryName":"Aruba","hotelRating":"3","latitude":"12.4452","longitude":"-69.9442","state_id":null,"state_name":null,"country_id":null},{"active":false,"Giataid":"434342","cityId":null,"cityName":"Noord","hotelId":10116899,"hotelName":"Del Rey Apartments","address":"Kamay 13-d,Noord,Aruba","phones":"+2975863309","fax":"NULL","email":"NULL","url":"NULL","countryIso2":"AW","countryName":"Aruba","hotelRating":"3","latitude":"12.5759","longitude":"-70.0332","state_id":null,"state_name":null,"country_id":null},{"active":false,"Giataid":"433517","cityId":null,"cityName":"Oranjestad","hotelId":10117172,"hotelName":"Golf Villas at Divi Village","address":"J.E. Irausquin Boulevard 93,Oranjestad,Aruba,Aruba","phones":"+2975235000","fax":"NULL","email":"NULL","url":"NULL","countryIso2":"AW","countryName":"Aruba","hotelRating":"4","latitude":"12.5339","longitude":"-70.0567","state_id":null,"state_name":null,"country_id":null},{"active":false,"Giataid":"446969","cityId":null,"cityName":"Savaneta","hotelId":10117432,"hotelName":"Driftwood Gardens","address":"Savaneta 123 K,Savaneta,Aruba","phones":"NULL","fax":"NULL","email":"NULL","url":"NULL","countryIso2":"AW","countryName":"Aruba","hotelRating":"2","latitude":"12.4504","longitude":"-69.946","state_id":null,"state_name":null,"country_id":null},{"active":false,"Giataid":"500029","cityId":null,"cityName":"Oranjestad","hotelId":10122720,"hotelName":"Hotel California Aruba","address":"G.F. Betico Croes 152,Oranjestad,Aruba","phones":"+2975871487","fax":"NULL","email":"NULL","url":"NULL","countryIso2":"AW","countryName":"Aruba","hotelRating":"2","latitude":"12.5191","longitude":"-70.0287","state_id":null,"state_name":null,"country_id":null},{"active":false,"Giataid":"505461","cityId":null,"cityName":"Noord","hotelId":10128551,"hotelName":"Landslake Apartments","address":"Rooi Santo 12B,Westpunt,Noord,Aruba","phones":"NULL","fax":"NULL","email":"NULL","url":"NULL","countryIso2":"AW","countryName":"Aruba","hotelRating":"4","latitude":"12.5864","longitude":"-70.0368","state_id":null,"state_name":null,"country_id":null},{"active":false,"Giataid":"639537","cityId":null,"cityName":"Noord","hotelId":20187727,"hotelName":"Sunflower Villa","address":"Salinja Cerca 25e,Noord,Aruba,Aruba","phones":"+2975930409","fax":"","email":"arubasunflower@gmail.com","url":"http://www.sunfloweraruba.com","countryIso2":"AW","countryName":"Aruba","hotelRating":"0","latitude":"12.5811","longitude":"-70.0405","state_id":null,"state_name":null,"country_id":null},{"active":false,"Giataid":"574193","cityId":null,"cityName":"Noord","hotelId":20187739,"hotelName":"Norrol Apartments","address":"Washington 189,Noord,Aruba","phones":"","fax":"","email":"","url":"","countryIso2":"AW","countryName":"Aruba","hotelRating":"2","latitude":"12.5683","longitude":"-70.0376","state_id":null,"state_name":null,"country_id":null},{"active":false,"Giataid":"574212","cityId":null,"cityName":"Noord","hotelId":20187763,"hotelName":"White Beach Apartments - Noord/Palm Beach","address":"Rooi Santo 26,Noord,Aruba","phones":"+2975942618","fax":"","email":"whitebeachapartments@gmail.com","url":"http://whitebeachapartments.com/rooi-santo-apartments/","countryIso2":"AW","countryName":"Aruba","hotelRating":"3","latitude":"12.5855","longitude":"-70.0382","state_id":null,"state_name":null,"country_id":null},{"active":false,"Giataid":"574208","cityId":null,"cityName":"Oranjestad","hotelId":20187776,"hotelName":"Cunucu Villas","address":"Santa Cruz 63,Oranjestad,Aruba","phones":"+2975851616","fax":"","email":"info@cunucuvillasaruba.com","url":"http://www.cunucuvillasaruba.com","countryIso2":"AW","countryName":"Aruba","hotelRating":"0","latitude":"12.511","longitude":"-69.9849","state_id":null,"state_name":null,"country_id":null},{"active":false,"Giataid":"687093","cityId":null,"cityName":"Noord","hotelId":20187788,"hotelName":"Rancho Azul Aruba","address":"Seru Pela 11L,Noord,Aruba","phones":"","fax":"","email":"","url":"","countryIso2":"AW","countryName":"Aruba","hotelRating":"0","latitude":"12.5865","longitude":"-70.0257","state_id":null,"state_name":null,"country_id":null},{"active":false,"Giataid":"687083","cityId":null,"cityName":"Oranjestad","hotelId":20187799,"hotelName":"Bloemond Villa","address":"Sully Villas Bloemond 28A,Te Paradera,Oranjestad,Aruba","phones":"","fax":"","email":"","url":"","countryIso2":"AW","countryName":"Aruba","hotelRating":"0","latitude":"12.53","longitude":"-70.0365","state_id":null,"state_name":null,"country_id":null},{"active":false,"Giataid":"551008","cityId":null,"cityName":"Noord","hotelId":20187816,"hotelName":"Breezy Apartments","address":"Bubali 79D,Noord,Aruba","phones":"","fax":"","email":"","url":"","countryIso2":"AW","countryName":"Aruba","hotelRating":"2","latitude":"12.5502","longitude":"-70.0429","state_id":null,"state_name":null,"country_id":null},{"active":false,"Giataid":"575415","cityId":null,"cityName":"Oranjestad","hotelId":20187828,"hotelName":"Flamboyant Garden Villas","address":"Beatrixstraat 12,Oranjestad,Aruba,Aruba","phones":"","fax":"","email":"","url":"","countryIso2":"AW","countryName":"Aruba","hotelRating":"3","latitude":"12.5163","longitude":"-70.0332","state_id":null,"state_name":null,"country_id":null},{"active":false,"Giataid":"594170","cityId":null,"cityName":"Oranjestad","hotelId":20187831,"hotelName":"The Big House","address":"Wayaca 119,Oranjestad,Aruba","phones":"","fax":"","email":"","url":"","countryIso2":"AW","countryName":"Aruba","hotelRating":"0","latitude":"12.5074","longitude":"-70.0041","state_id":null,"state_name":null,"country_id":null},{"active":false,"Giataid":"594032","cityId":null,"cityName":"Oranjestad","hotelId":20187845,"hotelName":"Bubali Luxury Apartments","address":"Bubali 74F,Palm Eagle Beach,Oranjestad,Aruba","phones":"","fax":"","email":"","url":"","countryIso2":"AW","countryName":"Aruba","hotelRating":"4","latitude":"12.5548","longitude":"-70.0457","state_id":null,"state_name":null,"country_id":null},{"active":false,"Giataid":"521061","cityId":null,"cityName":"Oranjestad","hotelId":20187858,"hotelName":"Agua Clara Eco Suites","address":"Morgenster 50a,Oranjestad,Aruba","phones":"+2975883909","fax":"","email":"reservations@aguaclaraecosuites.com","url":"http://www.aguaclaraecosuites.com/","countryIso2":"AW","countryName":"Aruba","hotelRating":"3","latitude":"12.5144","longitude":"-70.0075","state_id":null,"state_name":null,"country_id":null},{"active":false,"Giataid":"508284","cityId":null,"cityName":"Noord","hotelId":20187870,"hotelName":"Eco Living Aruba","address":"Gasparito #3,Noord,Aruba","phones":"","fax":"","email":"","url":"","countryIso2":"AW","countryName":"Aruba","hotelRating":"3","latitude":"12.5617","longitude":"-70.0416","state_id":null,"state_name":null,"country_id":null},{"active":false,"Giataid":"11537","cityId":null,"cityName":"Oranjestad","hotelId":20187882,"hotelName":"Divi Aruba All Inclusive & Tamarijn Aruba All Inclusive","address":"J.E. Irausquin Bloulevard No. 41,Oranjestad,Aruba,Aruba","phones":"","fax":"","email":"info@diviaruba.com","url":"http://megaresorts.com","countryIso2":"AW","countryName":"Aruba","hotelRating":"3","latitude":"12.5381","longitude":"-70.0607","state_id":null,"state_name":null,"country_id":null},{"active":false,"Giataid":"574191","cityId":null,"cityName":"Noord","hotelId":20187895,"hotelName":"Costa Esmeralda Village","address":"Washington 61,Palm Eagle Beach,Noord,Aruba","phones":"+2975675611","fax":"","email":"costaesmeraldaaruba@gmail.com","url":"http://www.costaesmeraldaaruba.com","countryIso2":"AW","countryName":"Aruba","hotelRating":"0","latitude":"12.5626","longitude":"-70.0372","state_id":null,"state_name":null,"country_id":null},{"active":false,"Giataid":"573591","cityId":null,"cityName":"Noord","hotelId":20187908,"hotelName":"North Shore Cottage","address":"Seru Pela,Noord,Aruba","phones":"+2975945032","fax":"","email":"rentstararuba@gmail.com","url":"http://www.northshorecottagearuba.com/","countryIso2":"AW","countryName":"Aruba","hotelRating":"0","latitude":"12.5691","longitude":"-70.0349","state_id":null,"state_name":null,"country_id":null},{"active":false,"Giataid":"499739","cityId":null,"cityName":"Noord","hotelId":20187930,"hotelName":"Casas del Sol","address":"Ruby 55,Noord,Aruba","phones":"","fax":"","email":"","url":"","countryIso2":"AW","countryName":"Aruba","hotelRating":"3","latitude":"12.5921","longitude":"-70.0416","state_id":null,"state_name":null,"country_id":null},{"active":false,"Giataid":"61832","cityId":null,"cityName":"Oranjestad","hotelId":20187939,"hotelName":"Casa del Mar Beach Resort","address":"Juan E Irausquin Boulevard 51,Oranjestad,Aruba","phones":"","fax":"","email":"","url":"http://www.casadelmar-aruba.com/","countryIso2":"AW","countryName":"Aruba","hotelRating":"4","latitude":"12.5395","longitude":"-70.06","state_id":null,"state_name":null,"country_id":null},{"active":false,"Giataid":"573861","cityId":null,"cityName":"Noord","hotelId":20187948,"hotelName":"Sebrina's Resort","address":"Paraguana 10,Noord,Aruba","phones":"+2975878112","fax":"+2975878111","email":"info@sebrinasresort.com","url":"http://sebrinasresort.com","countryIso2":"AW","countryName":"Aruba","hotelRating":"0","latitude":"12.5481","longitude":"-70.02","state_id":null,"state_name":null,"country_id":null},{"active":false,"Giataid":"61839","cityId":null,"cityName":"Oranjestad","hotelId":20187960,"hotelName":"Aruba Beach Club","address":"J.E. Irausquin Boulevard 53,P.O. Box 368,Oranjestad,Aruba","phones":"+2975243000","fax":"+2975838191","email":"execoff@arubabeachclub.net","url":"http://www.arubabeachclub.net/","countryIso2":"AW","countryName":"Aruba","hotelRating":"4","latitude":"12.54","longitude":"-70.0623","state_id":null,"state_name":null,"country_id":null},{"active":false,"Giataid":"588377","cityId":null,"cityName":"Noord","hotelId":20187969,"hotelName":"Aruba Comfort Apartments","address":"Montana 43-E,Noord,Aruba","phones":"+29718669780965","fax":"","email":"","url":"http://aruba-comfort-apartments.com/","countryIso2":"AW","countryName":"Aruba","hotelRating":"3","latitude":"12.5575","longitude":"-70.0275","state_id":null,"state_name":null,"country_id":null},{"active":false,"Giataid":"575427","cityId":null,"cityName":"Noord","hotelId":20187981,"hotelName":"Montana-Park Apartments","address":"Monta?a 51,PO BOX 4262,Noord,Aruba,Aruba","phones":"+2975879744","fax":"+2975879745","email":"info@montana-park.com","url":"http://www.montana-park.com/","countryIso2":"AW","countryName":"Aruba","hotelRating":"0","latitude":"12.5588","longitude":"-70.0267","state_id":null,"state_name":null,"country_id":null},{"active":false,"Giataid":"588343","cityId":null,"cityName":"Noord","hotelId":20187985,"hotelName":"Brisas Studio Apartments - Adults Only","address":"Keito 8b,Noord,Aruba","phones":"","fax":"","email":"","url":"","countryIso2":"AW","countryName":"Aruba","hotelRating":"3","latitude":"12.5634","longitude":"-70.0396","state_id":null,"state_name":null,"country_id":null},{"active":false,"Giataid":"687091","cityId":null,"cityName":"Oranjestad","hotelId":20187997,"hotelName":"Villa Romantica","address":"13-D Boegoeroei,Oranjestad 10002,Aruba","phones":"","fax":"","email":"","url":"","countryIso2":"AW","countryName":"Aruba","hotelRating":"0","latitude":"12.5397","longitude":"-70.0166","state_id":null,"state_name":null,"country_id":null},{"active":false,"Giataid":"724520","cityId":null,"cityName":"Oranjestad","hotelId":20188001,"hotelName":"Aspid Apartments","address":"George Maduro Straat 7,Oranjestad,Aruba","phones":"","fax":"","email":"info@aspidapartment.com","url":"http://www.aspidapartment.com/soon/","countryIso2":"AW","countryName":"Aruba","hotelRating":"0","latitude":"12.53","longitude":"-70.0365","state_id":null,"state_name":null,"country_id":null},{"active":false,"Giataid":"723983","cityId":null,"cityName":"Noord","hotelId":20188016,"hotelName":"Arubas Bakval Suites","address":"Bakval 7K,Noord,Aruba","phones":"+2975933859","fax":"","email":"","url":"http://www.arubasbakvalsuites.com","countryIso2":"AW","countryName":"Aruba","hotelRating":"0","latitude":"12.5804","longitude":"-70.0398","state_id":null,"state_name":null,"country_id":null},{"active":false,"Giataid":"508706","cityId":null,"cityName":"Oranjestad","hotelId":20188024,"hotelName":"Solar Villa","address":"Driemasterstraat 40,Oranjestad,Aruba","phones":"+2975929779","fax":"","email":"arubasolarvilla@gmail.com","url":"http://www.arubasolarvilla.com/","countryIso2":"AW","countryName":"Aruba","hotelRating":"3","latitude":"12.534","longitude":"-70.0396","state_id":null,"state_name":null,"country_id":null},{"active":false,"Giataid":"575417","cityId":null,"cityName":"Oranjestad","hotelId":20188033,"hotelName":"Asal Bed And Breakfast","address":"Mahuma 32A,Oranjestad,Aruba,Aruba","phones":"","fax":"","email":"","url":"","countryIso2":"AW","countryName":"Aruba","hotelRating":"0","latitude":"12.499","longitude":"-69.9968","state_id":null,"state_name":null,"country_id":null},{"active":false,"Giataid":"514432","cityId":null,"cityName":"Oranjestad","hotelId":20188047,"hotelName":"Bubali Villa & Apartments","address":"Bubali 123G,Oranjestad,Aruba","phones":"","fax":"","email":"","url":"","countryIso2":"AW","countryName":"Aruba","hotelRating":"3","latitude":"12.5476","longitude":"-70.0506","state_id":null,"state_name":null,"country_id":null},{"active":false,"Giataid":"724333","cityId":null,"cityName":"Noord","hotelId":20188055,"hotelName":"Hidden Hill Condos Aruba","address":"Boegoeroei 33F,Noord,Aruba","phones":"","fax":"","email":"","url":"","countryIso2":"AW","countryName":"Aruba","hotelRating":"0","latitude":"12.5691","longitude":"-70.0349","state_id":null,"state_name":null,"country_id":null},{"active":false,"Giataid":"681565","cityId":null,"cityName":"Noord","hotelId":20188068,"hotelName":"Casa Sue","address":"Rte 3,Kudawecha 15,Noord,Aruba","phones":"","fax":"","email":"","url":"http://www.hotels.com/ho577240","countryIso2":"AW","countryName":"Aruba","hotelRating":"3","latitude":"12.5582","longitude":"-70.0154","state_id":null,"state_name":null,"country_id":null},{"active":false,"Giataid":"559610","cityId":null,"cityName":"Oranjestad","hotelId":20188080,"hotelName":"Cadushi Apartments","address":"Stadionweg,Oranjestad,Aruba","phones":"","fax":"","email":"","url":"http://cadushiapartments.com/","countryIso2":"AW","countryName":"Aruba","hotelRating":"3","latitude":"12.5112","longitude":"-70.0248","state_id":null,"state_name":null,"country_id":null},{"active":false,"Giataid":"47998","cityId":null,"cityName":"Pos Chiquito","hotelId":20188091,"hotelName":"Seabreeze Appartements","address":"Malohistraat 5,Pos Chiquito,Aruba,Dutch Caribbean,Aruba","phones":"+2975857140","fax":"+2975857140","email":"seabreeze@setarnet.aw","url":"http://www.sea-breezeappartments.com","countryIso2":"AW","countryName":"Aruba","hotelRating":"3","latitude":"12.4681","longitude":"-69.9716","state_id":null,"state_name":null,"country_id":null},{"active":false,"Giataid":"575423","cityId":null,"cityName":"Noord","hotelId":20188113,"hotelName":"Palm Beach Retreat","address":"Palm Beach Retreat,Noord,Aruba,Aruba","phones":"+2975926864","fax":"","email":"info@palmbeachretreat.net","url":"http://palmbeachretreat.net/","countryIso2":"AW","countryName":"Aruba","hotelRating":"3","latitude":"12.5753","longitude":"-70.0401","state_id":null,"state_name":null,"country_id":null},{"active":false,"Giataid":"613583","cityId":null,"cityName":"Savaneta","hotelId":20188122,"hotelName":"Driftwood Gardens Bed and Breakfast","address":"Savaneta 123 K,Savaneta,Aruba","phones":"","fax":"","email":"","url":"","countryIso2":"AW","countryName":"Aruba","hotelRating":"0","latitude":"12.4504","longitude":"-69.9461","state_id":null,"state_name":null,"country_id":null},{"active":false,"Giataid":"499438","cityId":null,"cityName":"Oranjestad","hotelId":20188137,"hotelName":"Little David Aruba","address":"Seroe Blanco 56L,Oranjestad,Aruba","phones":"+2975838288","fax":"","email":"char@setarnet.aw","url":"","countryIso2":"AW","countryName":"Aruba","hotelRating":"3","latitude":"12.5269","longitude":"-70.0218","state_id":null,"state_name":null,"country_id":null},{"active":false,"Giataid":"559620","cityId":null,"cityName":"Oranjestad","hotelId":20188149,"hotelName":"Aruba Apartment","address":"Venezuela Straat 7,Oranjestad,Aruba","phones":"","fax":"","email":"","url":"","countryIso2":"AW","countryName":"Aruba","hotelRating":"3","latitude":"12.5258","longitude":"-70.0359","state_id":null,"state_name":null,"country_id":null},{"active":false,"Giataid":"575421","cityId":null,"cityName":"Oranjestad","hotelId":20188156,"hotelName":"La Felicidad","address":"Paradera 34 J,Oranjestad,Aruba,Aruba","phones":"+2975600304","fax":"","email":"","url":"","countryIso2":"AW","countryName":"Aruba","hotelRating":"3","latitude":"12.5341","longitude":"-70.0097","state_id":null,"state_name":null,"country_id":null},{"active":false,"Giataid":"594054","cityId":null,"cityName":"Eagle Beach","hotelId":20188166,"hotelName":"Dorado Eagle Beach Hotel","address":"J.E Irausquin Boulevard 228 F,Eagle Beach,Aruba","phones":"+2975921340","fax":"","email":"","url":"http://www.doradoeaglebeachhotel.com/","countryIso2":"AW","countryName":"Aruba","hotelRating":"2","latitude":"12.5449","longitude":"-70.0574","state_id":null,"state_name":null,"country_id":null},{"active":false,"Giataid":"320218","cityId":null,"cityName":"Oranjestad","hotelId":20188191,"hotelName":"Malibu Hotel","address":"Stadioweg 19,Oranjestad,Aruba,Aruba","phones":"+2975833636","fax":"+2975883807","email":"info@malibuaruba.com","url":"http://www.arubamalibu.com/","countryIso2":"AW","countryName":"Aruba","hotelRating":"0","latitude":"12.5109","longitude":"-70.0248","state_id":null,"state_name":null,"country_id":null},{"active":false,"Giataid":"320219","cityId":null,"cityName":"Oranjestad","hotelId":20188201,"hotelName":"Camacuri Residence & Apartments","address":"Avenida Milio Croes 46 B,Oranjestad,Aruba,Aruba","phones":"+2975826805","fax":"","email":"info@camacuri.com","url":"http://www.camacuriapartmentsaruba.com","countryIso2":"AW","countryName":"Aruba","hotelRating":"3","latitude":"12.511","longitude":"-70.0233","state_id":null,"state_name":null,"country_id":null},{"active":false,"Giataid":"574050","cityId":null,"cityName":"Oranjestad","hotelId":20188237,"hotelName":"Hiwind Apartments","address":"Tankileendert 110-B,Oranjestad,Aruba","phones":"","fax":"","email":"","url":"","countryIso2":"AW","countryName":"Aruba","hotelRating":"0","latitude":"12.5394","longitude":"-70.0189","state_id":null,"state_name":null,"country_id":null},{"active":false,"Giataid":"683270","cityId":null,"cityName":"Oranjestad","hotelId":20188251,"hotelName":"Villa Calabas","address":"Calabas 33,Oranjestad,Aruba","phones":"","fax":"","email":"","url":"","countryIso2":"AW","countryName":"Aruba","hotelRating":"0","latitude":"12.5412","longitude":"-70.003","state_id":null,"state_name":null,"country_id":null},{"active":false,"Giataid":"594163","cityId":null,"cityName":"Oranjestad","hotelId":20188261,"hotelName":"Pirela Realty Aruba Apartments","address":"Villa Park Paradera 36 Q,Oranjestad,Aruba","phones":"","fax":"","email":"","url":"","countryIso2":"AW","countryName":"Aruba","hotelRating":"0","latitude":"12.5348","longitude":"-70.0085","state_id":null,"state_name":null,"country_id":null},{"active":false,"Giataid":"444535","cityId":null,"cityName":"Oranjestad","hotelId":20188271,"hotelName":"Aruba Surfside Marina","address":"L.G. Smith Boulevard 7,Oranjestad,Aruba","phones":"+2975830300","fax":"+2975830444","email":"info@arubasurfsidemarina.com","url":"http://www.arubasurfsidemarina.com","countryIso2":"AW","countryName":"Aruba","hotelRating":"0","latitude":"12.5104","longitude":"-70.0301","state_id":null,"state_name":null,"country_id":null},{"active":false,"Giataid":"502193","cityId":null,"cityName":"Oranjestad","hotelId":20188279,"hotelName":"Vitamaria Studios","address":"Seroe Biento 27-A,Oranjestad,Aruba","phones":"+2975688108","fax":"","email":"vitamariastudios@gmail.com","url":"http://www.vitamariastudios.com","countryIso2":"AW","countryName":"Aruba","hotelRating":"2","latitude":"12.5102","longitude":"-69.9999","state_id":null,"state_name":null,"country_id":null},{"active":false,"Giataid":"683417","cityId":null,"cityName":"Noord","hotelId":20188286,"hotelName":"Villa Jaburibari","address":"Jaburibari 22h,Noord,Aruba","phones":"","fax":"","email":"","url":"","countryIso2":"AW","countryName":"Aruba","hotelRating":"0","latitude":"12.5691","longitude":"-70.0349","state_id":null,"state_name":null,"country_id":null},{"active":false,"Giataid":"540688","cityId":null,"cityName":"Oranjestad","hotelId":20188296,"hotelName":"Genesis Bed & Breakfast","address":"Caya Ritmo 11,Oranjestad,Aruba","phones":"","fax":"","email":"","url":"","countryIso2":"AW","countryName":"Aruba","hotelRating":"3","latitude":"12.53","longitude":"-70.0365","state_id":null,"state_name":null,"country_id":null},{"active":false,"Giataid":"574058","cityId":null,"cityName":"Oranjestad","hotelId":20188310,"hotelName":"Isla Bonita Residences","address":"Boegoeroei 43,Palm-Eagle Beach,Oranjestad,Aruba","phones":"","fax":"","email":"","url":"","countryIso2":"AW","countryName":"Aruba","hotelRating":"3","latitude":"12.5542","longitude":"-70.0323","state_id":null,"state_name":null,"country_id":null},{"active":false,"Giataid":"546356","cityId":null,"cityName":"Oranjestad","hotelId":20188325,"hotelName":"Brisa di Caribe Apartament","address":"Tanki Leendert 72A,Oranjestad,Aruba","phones":"+2976002959","fax":"","email":"audete.cabral@gmail.com","url":"http://www.brisadicaribeapartament.com/","countryIso2":"AW","countryName":"Aruba","hotelRating":"2","latitude":"12.5371","longitude":"-70.0203","state_id":null,"state_name":null,"country_id":null},{"active":false,"Giataid":"594214","cityId":null,"cityName":"Noord","hotelId":20188338,"hotelName":"Calbas Plaza","address":"Bona Vista 39,Noord,Aruba","phones":"","fax":"","email":"","url":"","countryIso2":"AW","countryName":"Aruba","hotelRating":"0","latitude":"12.5691","longitude":"-70.0349","state_id":null,"state_name":null,"country_id":null},{"active":false,"Giataid":"498390","cityId":null,"cityName":"Noord","hotelId":20188385,"hotelName":"Perle d'Or","address":"Boegoeroei 11Z,Noord,Aruba","phones":"+2975877711","fax":"+2977310119","email":"contact@perledoraruba.com","url":"http://perledoraruba.com/","countryIso2":"AW","countryName":"Aruba","hotelRating":"3","latitude":"12.5516","longitude":"-70.0327","state_id":null,"state_name":null,"country_id":null},{"active":false,"Giataid":"498191","cityId":null,"cityName":"Oranjestad","hotelId":20188411,"hotelName":"Hidden Eden","address":"Bushiri 12,Next to Fantastic Gardens,Oranjestad,Aruba","phones":"+2975925740","fax":"","email":"arubahiddeneden@gmail.com","url":"http://www.hiddenedenaruba.com/","countryIso2":"AW","countryName":"Aruba","hotelRating":"3","latitude":"12.5387","longitude":"-70.0459","state_id":null,"state_name":null,"country_id":null},{"active":false,"Giataid":"659291","cityId":null,"cityName":"Oranjestad","hotelId":20188424,"hotelName":"Pega Pega Apartments","address":"Kwartstraat 10, 14, 15,Oranjestad,Aruba","phones":"","fax":"","email":"","url":"","countryIso2":"AW","countryName":"Aruba","hotelRating":"2","latitude":"12.5114","longitude":"-70.0255","state_id":null,"state_name":null,"country_id":null},{"active":false,"Giataid":"521112","cityId":null,"cityName":"Oranjestad","hotelId":20188446,"hotelName":"Flat Stone Apartment & Suites","address":"Piedra Plat 110 A, Paradera,Oranjestad,Aruba","phones":"","fax":"","email":"","url":"","countryIso2":"AW","countryName":"Aruba","hotelRating":"0","latitude":"12.5229","longitude":"-69.9886","state_id":null,"state_name":null,"country_id":null},{"active":false,"Giataid":"575628","cityId":null,"cityName":"Eagle Beach","hotelId":20188453,"hotelName":"Sunset Residence","address":"Caya Dr. J.E.M. Arends 1,Aruba,Aruba","phones":"+2975882777","fax":"","email":"reservations@sunsetresidencearuba.com","url":"http://sunsetresidencearuba.com/","countryIso2":"AW","countryName":"Aruba","hotelRating":"0","latitude":"12.5568","longitude":"-70.0455","state_id":null,"state_name":null,"country_id":null},{"active":false,"Giataid":"686814","cityId":null,"cityName":"Noord","hotelId":20188465,"hotelName":"Opal Villa","address":"Boegoeroei 13-D,10002 Noord,Aruba,Aruba","phones":"","fax":"","email":"","url":"","countryIso2":"AW","countryName":"Aruba","hotelRating":"0","latitude":"12.5882","longitude":"-70.0407","state_id":null,"state_name":null,"country_id":null},{"active":false,"Giataid":"512252","cityId":null,"cityName":"Noord","hotelId":20188470,"hotelName":"Little Paradise Aruba","address":"Matadera 3E,Noord,Aruba","phones":"+2975927342","fax":"","email":"info@littleparadise.nl","url":"http://www.littleparadise.nl/en-us/","countryIso2":"AW","countryName":"Aruba","hotelRating":"3","latitude":"12.5488","longitude":"-70.0281","state_id":null,"state_name":null,"country_id":null},{"active":false,"Giataid":"550595","cityId":null,"cityName":"Noord","hotelId":20188486,"hotelName":"White Beach Apartments - Noord/Eagle Beach","address":"Bubali 6d,Noord,4300 Palm/Eagle Beach,Aruba","phones":"","fax":"","email":"whitebeachapartments@gmail.com","url":"http://white-beach-apartments-bubali-aw.book.direct/","countryIso2":"AW","countryName":"Aruba","hotelRating":"3","latitude":"12.5531","longitude":"-70.0341","state_id":null,"state_name":null,"country_id":null},{"active":false,"Giataid":"687089","cityId":null,"cityName":"Eagle Beach","hotelId":20188498,"hotelName":"Jardines Del Mar","address":"Dr Horacio East Oduber Boulevard Unit 8,Eagle Beach,Aruba","phones":"","fax":"","email":"","url":"","countryIso2":"AW","countryName":"Aruba","hotelRating":"0","latitude":"12.5568","longitude":"-70.0455","state_id":null,"state_name":null,"country_id":null},{"active":false,"Giataid":"594207","cityId":null,"cityName":"Oranjestad","hotelId":20188516,"hotelName":"Lovely Apartments","address":"Tanki Leendert 35 I,Oranjestad,Aruba","phones":"","fax":"","email":"","url":"","countryIso2":"AW","countryName":"Aruba","hotelRating":"2","latitude":"12.53","longitude":"-70.0365","state_id":null,"state_name":null,"country_id":null},{"active":false,"Giataid":"594210","cityId":null,"cityName":"Oranjestad","hotelId":20188529,"hotelName":"Juanedu Suites","address":"Morgenster 60,Oranjestad,Aruba","phones":"+2975877750","fax":"","email":"","url":"http://www.juanedusuites.com","countryIso2":"AW","countryName":"Aruba","hotelRating":"3","latitude":"12.53","longitude":"-70.0365","state_id":null,"state_name":null,"country_id":null},{"active":false,"Giataid":"479136","cityId":null,"cityName":"Oranjestad","hotelId":20188543,"hotelName":"Hooiberg House","address":"Hooiberg Kavel 12D,Oranjestad,Aruba","phones":"","fax":"","email":"","url":"","countryIso2":"AW","countryName":"Aruba","hotelRating":"0","latitude":"12.5206","longitude":"-69.9979","state_id":null,"state_name":null,"country_id":null},{"active":false,"Giataid":"551045","cityId":null,"cityName":"Oranjestad","hotelId":20188564,"hotelName":"Tropical Digs","address":"Juancho E. Irausquin Boulvard 41,Oranjestad,Aruba,Aruba","phones":"","fax":"","email":"","url":"","countryIso2":"AW","countryName":"Aruba","hotelRating":"4","latitude":"12.5393","longitude":"-70.056","state_id":null,"state_name":null,"country_id":null},{"active":false,"Giataid":"690429","cityId":null,"cityName":"Oranjestad","hotelId":20188600,"hotelName":"Aruba Breeze Condominium","address":"J.E. Irausquin Blvd. 232A,Eagle Beach,Oranjestad,Aruba","phones":"+297112977322788","fax":"","email":"info@arubabreeze.com","url":"http://arubabreeze.com","countryIso2":"AW","countryName":"Aruba","hotelRating":"0","latitude":"12.53","longitude":"-70.0365","state_id":null,"state_name":null,"country_id":null},{"active":false,"Giataid":"574201","cityId":null,"cityName":"Oranjestad","hotelId":20188609,"hotelName":"MangooZ Guesthouse","address":"Seroe Blanco 54A,Regentpark,Oranjestad,Aruba","phones":"+2975830244","fax":"","email":"","url":"http://mangoozaruba.com","countryIso2":"AW","countryName":"Aruba","hotelRating":"0","latitude":"12.5256","longitude":"-70.0219","state_id":null,"state_name":null,"country_id":null},{"active":false,"Giataid":"551013","cityId":null,"cityName":"Paradera","hotelId":20188622,"hotelName":"Arawa Kunuku Houses","address":"Moko 46,Paradera,Aruba","phones":"","fax":"","email":"","url":"","countryIso2":"AW","countryName":"Aruba","hotelRating":"0","latitude":"12.5386","longitude":"-70.0048","state_id":null,"state_name":null,"country_id":null},{"active":false,"Giataid":"136761","cityId":null,"cityName":"Noord","hotelId":20188634,"hotelName":"Ocean 105","address":"LG Smith Boulevard 105,Malmok,Noord,Aruba","phones":"","fax":"","email":"","url":"","countryIso2":"AW","countryName":"Aruba","hotelRating":"3","latitude":"12.6032","longitude":"-70.051","state_id":null,"state_name":null,"country_id":null},{"active":false,"Giataid":"508784","cityId":null,"cityName":"Noord","hotelId":20188648,"hotelName":"The Kite Apartments","address":"Sero Pela 4J,Noord,Aruba","phones":"","fax":"","email":"","url":"","countryIso2":"AW","countryName":"Aruba","hotelRating":"3","latitude":"12.5856","longitude":"-70.0269","state_id":null,"state_name":null,"country_id":null},{"active":false,"Giataid":"575420","cityId":null,"cityName":"Oranjestad","hotelId":20188675,"hotelName":"Le Chateau Ocean Villas","address":"Julianastraat 14,Oranjestad,Aruba,Aruba","phones":"","fax":"","email":"","url":"","countryIso2":"AW","countryName":"Aruba","hotelRating":"3","latitude":"12.515","longitude":"-70.0332","state_id":null,"state_name":null,"country_id":null},{"active":false,"Giataid":"574117","cityId":null,"cityName":"Noord","hotelId":20188692,"hotelName":"La Boheme","address":"Bakval 2-E,Noord,Aruba","phones":"+2975936512","fax":"","email":"rentstararuba@gmail.com","url":"https://www.labohemearuba.com","countryIso2":"AW","countryName":"Aruba","hotelRating":"3","latitude":"12.5839","longitude":"-70.038","state_id":null,"state_name":null,"country_id":null},{"active":false,"Giataid":"573589","cityId":null,"cityName":"Noord","hotelId":20188705,"hotelName":"De Cuba Bed & Breakfast","address":"Noord 102-A,Noord,Aruba","phones":"","fax":"","email":"","url":"","countryIso2":"AW","countryName":"Aruba","hotelRating":"3","latitude":"12.567","longitude":"-70.0299","state_id":null,"state_name":null,"country_id":null},{"active":false,"Giataid":"724276","cityId":null,"cityName":"Savaneta","hotelId":20188754,"hotelName":"Pos Chiquito Luxury Apartments","address":"Pos Chiquito 101 B,Savaneta,Aruba","phones":"","fax":"","email":"","url":"","countryIso2":"AW","countryName":"Aruba","hotelRating":"0","latitude":"12.4602","longitude":"-69.9605","state_id":null,"state_name":null,"country_id":null},{"active":false,"Giataid":"47997","cityId":null,"cityName":"Oranjestad","hotelId":20188780,"hotelName":"Arubiana Inn","address":"Bubali 74,Oranjestad,Aruba,Aruba","phones":"+2975877700","fax":"+2975871770","email":"info@arubianainn.com","url":"http://www.arubianainn.com","countryIso2":"AW","countryName":"Aruba","hotelRating":"3","latitude":"12.5531","longitude":"-70.0463","state_id":null,"state_name":null,"country_id":null},{"active":false,"Giataid":"574045","cityId":null,"cityName":"Noord","hotelId":20188794,"hotelName":"La Maison","address":"Bakval 10-D,Noord,Aruba","phones":"+2975936512","fax":"","email":"rentstararuba@gmail.com","url":"http://www.lamaisonaruba.com","countryIso2":"AW","countryName":"Aruba","hotelRating":"0","latitude":"12.5812","longitude":"-70.0389","state_id":null,"state_name":null,"country_id":null},{"active":false,"Giataid":"215143","cityId":null,"cityName":"Eagle Beach","hotelId":20188805,"hotelName":"The Pearl - Condo Hotel","address":"J.E. Irausquin Boulevard 232B,Eagle Beach,Aruba,Aruba","phones":"+2972808777","fax":"","email":"info@thepearlaruba.com","url":"http://www.thepearlaruba.com","countryIso2":"AW","countryName":"Aruba","hotelRating":"0","latitude":"12.5446","longitude":"-70.0569","state_id":null,"state_name":null,"country_id":null},{"active":false,"Giataid":"893959","cityId":null,"cityName":"Noord","hotelId":20276499,"hotelName":"Island Sun Villa","address":"Ruby 89,Noord,Aruba","phones":"","fax":"","email":"","url":"","countryIso2":"AW","countryName":"Aruba","hotelRating":"0","latitude":"12.5691","longitude":"-70.0349","state_id":null,"state_name":null,"country_id":null},{"active":false,"Giataid":"931379","cityId":null,"cityName":"Oranjestad","hotelId":20276500,"hotelName":"Hidden Garden Aruba","address":"Piedra Plat 45,Babijn,Oranjestad,Aruba","phones":"","fax":"","email":"","url":"","countryIso2":"AW","countryName":"Aruba","hotelRating":"0","latitude":"12.53","longitude":"-70.0365","state_id":null,"state_name":null,"country_id":null},{"active":false,"Giataid":"594199","cityId":null,"cityName":"Malmok","hotelId":20276501,"hotelName":"Ocean Z Boutique Hotel","address":"L.G. Smith Boulevard 526,Malmok,Aruba","phones":"","fax":"","email":"","url":"","countryIso2":"AW","countryName":"Aruba","hotelRating":"3","latitude":"12.5965","longitude":"-70.047","state_id":null,"state_name":null,"country_id":null},{"active":false,"Giataid":"730819","cityId":null,"cityName":"Noord","hotelId":20276502,"hotelName":"Cas Elizabeth","address":"Sali?a Cerca 25D,L.G. Smith Boulevard 103,Noord,Noord/Tanki Leendert,Aruba","phones":"+2975931991","fax":"","email":"info@caselizabeth.com","url":"http://caselizabeth.com/","countryIso2":"AW","countryName":"Aruba","hotelRating":"3","latitude":"12.5798","longitude":"-70.0404","state_id":null,"state_name":null,"country_id":null},{"active":false,"Giataid":"735976","cityId":null,"cityName":"Noord","hotelId":20276503,"hotelName":"Palm Beach Sunset Villa","address":"Palm Beach 250,Palm Beach,Noord,Aruba","phones":"","fax":"","email":"","url":"","countryIso2":"AW","countryName":"Aruba","hotelRating":"0","latitude":"12.5691","longitude":"-70.0349","state_id":null,"state_name":null,"country_id":null},{"active":false,"Giataid":"747257","cityId":null,"cityName":"Noord","hotelId":20276504,"hotelName":"Casa Salina","address":"Salina Cerca 5A,Noord,Aruba","phones":"","fax":"","email":"","url":"","countryIso2":"AW","countryName":"Aruba","hotelRating":"0","latitude":"12.5691","longitude":"-70.0349","state_id":null,"state_name":null,"country_id":null},{"active":false,"Giataid":"735423","cityId":null,"cityName":"Oranjestad","hotelId":20276505,"hotelName":"Parrot Villa","address":"Mazurka 36,Palm-Eagle Beach,Oranjestad,Aruba","phones":"","fax":"","email":"","url":"","countryIso2":"AW","countryName":"Aruba","hotelRating":"0","latitude":"12.5492","longitude":"-70.0498","state_id":null,"state_name":null,"country_id":null},{"active":false,"Giataid":"769213","cityId":null,"cityName":"Oranjestad","hotelId":20276506,"hotelName":"Pista Q","address":"Wilheminastraat 86-88,Oranjestad,Aruba","phones":"","fax":"","email":"","url":"","countryIso2":"AW","countryName":"Aruba","hotelRating":"0","latitude":"12.53","longitude":"-70.0365","state_id":null,"state_name":null,"country_id":null},{"active":false,"Giataid":"876524","cityId":null,"cityName":"Noord","hotelId":20276507,"hotelName":"Tierra del Sol Luxury Estate Homes","address":"Caya di Sero 20,La Colina,Noord,Noord/Tanki Leendert,Aruba","phones":"+2975867800","fax":"","email":"rentavilla@tierradelsol.com","url":"https://www.tierradelsol.com/ellamanda-20-4-bedroom-estate","countryIso2":"AW","countryName":"Aruba","hotelRating":"0","latitude":"12.5691","longitude":"-70.0349","state_id":null,"state_name":null,"country_id":null},{"active":false,"Giataid":"923930","cityId":null,"cityName":"Oranjestad","hotelId":20276508,"hotelName":"Zega Apartments","address":"Sabana Blanco 68,Oranjestad,Aruba","phones":"","fax":"","email":"","url":"","countryIso2":"AW","countryName":"Aruba","hotelRating":"0","latitude":"12.53","longitude":"-70.0365","state_id":null,"state_name":null,"country_id":null},{"active":false,"Giataid":"726410","cityId":null,"cityName":"Noord","hotelId":20276509,"hotelName":"Villa Dita","address":"Salina Serca 47A,Noord,Aruba","phones":"","fax":"","email":"","url":"","countryIso2":"AW","countryName":"Aruba","hotelRating":"0","latitude":"12.5691","longitude":"-70.0349","state_id":null,"state_name":null,"country_id":null},{"active":false,"Giataid":"735527","cityId":null,"cityName":"Noord","hotelId":20276510,"hotelName":"Casa Azul","address":"Turibana 2,Noord,Aruba","phones":"","fax":"","email":"","url":"","countryIso2":"AW","countryName":"Aruba","hotelRating":"0","latitude":"12.5691","longitude":"-70.0349","state_id":null,"state_name":null,"country_id":null},{"active":false,"Giataid":"745796","cityId":null,"cityName":"Noord","hotelId":20276511,"hotelName":"Diamond Villa","address":"121 Diamante,Noord,Aruba","phones":"","fax":"","email":"","url":"","countryIso2":"AW","countryName":"Aruba","hotelRating":"0","latitude":"12.5691","longitude":"-70.0349","state_id":null,"state_name":null,"country_id":null},{"active":false,"Giataid":"923921","cityId":null,"cityName":"Eagle Beach","hotelId":20276514,"hotelName":"Aruba Quality Apartments & Suites","address":"Schotlandstraat 70,Palm-Eagle Beach,Aruba","phones":"+2975820697","fax":"","email":"quality@setarnet.aw","url":"http://www.arubaqualityapartments.com/","countryIso2":"AW","countryName":"Aruba","hotelRating":"0","latitude":"12.5568","longitude":"-70.0455","state_id":null,"state_name":null,"country_id":null},{"active":false,"Giataid":"735376","cityId":null,"cityName":"Oranjestad","hotelId":20276512,"hotelName":"Villa Adelaida","address":"Caya Musica,Cunucu Abao,Unit 17B,Oranjestad,Aruba","phones":"","fax":"","email":"","url":"","countryIso2":"AW","countryName":"Aruba","hotelRating":"0","latitude":"12.5468","longitude":"-70.0453","state_id":null,"state_name":null,"country_id":null},{"active":false,"Giataid":"747253","cityId":null,"cityName":"Oranjestad","hotelId":20276513,"hotelName":"Modanza Paradise","address":"Modanza 133,Oranjestad,Aruba","phones":"","fax":"","email":"","url":"","countryIso2":"AW","countryName":"Aruba","hotelRating":"0","latitude":"12.5351","longitude":"-70.0144","state_id":null,"state_name":null,"country_id":null},{"active":false,"Giataid":"903972","cityId":null,"cityName":"Oranjestad","hotelId":20276515,"hotelName":"City Hotel","address":"Caya G.F. Betico Croes 126,Oranjestad,Aruba","phones":"+2975823850","fax":"","email":"cityhotelaua@gmail.com","url":"http://cityhotelaruba.com/","countryIso2":"AW","countryName":"Aruba","hotelRating":"0","latitude":"12.53","longitude":"-70.0365","state_id":null,"state_name":null,"country_id":null},{"active":false,"Giataid":"747267","cityId":null,"cityName":"Eagle Beach","hotelId":20276516,"hotelName":"Palm Real Breeze","address":"Palm Beach 39,Palm-Eagle Beach,Aruba","phones":"","fax":"","email":"","url":"","countryIso2":"AW","countryName":"Aruba","hotelRating":"0","latitude":"12.5568","longitude":"-70.0455","state_id":null,"state_name":null,"country_id":null},{"active":false,"Giataid":"734944","cityId":null,"cityName":"Noord","hotelId":20276517,"hotelName":"Villa Tropical Breeze","address":"Boroncana,Unit 315,Noord,Aruba","phones":"","fax":"","email":"","url":"","countryIso2":"AW","countryName":"Aruba","hotelRating":"0","latitude":"12.5516","longitude":"-70.0325","state_id":null,"state_name":null,"country_id":null},{"active":false,"Giataid":"745694","cityId":null,"cityName":"Noord","hotelId":20276518,"hotelName":"Ayo Villa","address":"Ayo 46Q,Palm-Eagle Beach,Noord,Aruba","phones":"","fax":"","email":"","url":"","countryIso2":"AW","countryName":"Aruba","hotelRating":"0","latitude":"12.5691","longitude":"-70.0349","state_id":null,"state_name":null,"country_id":null},{"active":false,"Giataid":"731315","cityId":null,"cityName":"Oranjestad","hotelId":20276519,"hotelName":"Las Islas","address":"J.E. Irausquin Boulevard 12,Palm Beach,Oranjestad,Aruba","phones":"","fax":"","email":"","url":"","countryIso2":"AW","countryName":"Aruba","hotelRating":"0","latitude":"12.53","longitude":"-70.0365","state_id":null,"state_name":null,"country_id":null},{"active":false,"Giataid":"736399","cityId":null,"cityName":"Oranjestad","hotelId":20276520,"hotelName":"Turquoise Villa","address":"Caya Soeur Meletia 17,Oranjestad,Aruba","phones":"","fax":"","email":"","url":"","countryIso2":"AW","countryName":"Aruba","hotelRating":"0","latitude":"12.5399","longitude":"-70.0505","state_id":null,"state_name":null,"country_id":null},{"active":false,"Giataid":"861058","cityId":null,"cityName":"Oranjestad","hotelId":20276522,"hotelName":"Monastery Suites","address":"La Sallestraat 13,Oranjestad,Aruba","phones":"+2976992084","fax":"","email":"info@monasterysuites.com","url":"http://monasterysuites.com/branches/monastery-suites/","countryIso2":"AW","countryName":"Aruba","hotelRating":"0","latitude":"12.53","longitude":"-70.0365","state_id":null,"state_name":null,"country_id":null},{"active":false,"Giataid":"915004","cityId":null,"cityName":"Paradera","hotelId":20276523,"hotelName":"The Googy","address":"Tamarijn 3B,Paradera,Aruba","phones":"","fax":"","email":"relax@thegoogy.com","url":"http://www.thegoogy.com/","countryIso2":"AW","countryName":"Aruba","hotelRating":"0","latitude":"12.5386","longitude":"-70.0048","state_id":null,"state_name":null,"country_id":null},{"active":false,"Giataid":"734937","cityId":null,"cityName":"Noord","hotelId":20276524,"hotelName":"Villa Gloria","address":"Boroncana 203,Noord,Aruba","phones":"","fax":"","email":"","url":"","countryIso2":"AW","countryName":"Aruba","hotelRating":"0","latitude":"12.5826","longitude":"-70.0322","state_id":null,"state_name":null,"country_id":null},{"active":false,"Giataid":"745690","cityId":null,"cityName":"Noord","hotelId":20276525,"hotelName":"Villa Claire","address":"Topaz 34,Noord,Aruba","phones":"","fax":"","email":"","url":"","countryIso2":"AW","countryName":"Aruba","hotelRating":"0","latitude":"12.5691","longitude":"-70.0349","state_id":null,"state_name":null,"country_id":null},{"active":false,"Giataid":"725656","cityId":null,"cityName":"Oranjestad","hotelId":20276526,"hotelName":"Rutena Suites","address":"Nieuwstraat 36,Oranjestad,Aruba","phones":"","fax":"","email":"","url":"","countryIso2":"AW","countryName":"Aruba","hotelRating":"0","latitude":"12.5192","longitude":"-70.0325","state_id":null,"state_name":null,"country_id":null},{"active":false,"Giataid":"735674","cityId":null,"cityName":"Oranjestad","hotelId":20276527,"hotelName":"Casa Luna","address":"Mazurka 22,Eagle Beach,Oranjestad,Aruba","phones":"","fax":"","email":"","url":"","countryIso2":"AW","countryName":"Aruba","hotelRating":"0","latitude":"12.5484","longitude":"-70.0497","state_id":null,"state_name":null,"country_id":null},{"active":false,"Giataid":"923914","cityId":null,"cityName":"Oranjestad","hotelId":20276529,"hotelName":"Lasa Residence","address":"Caya G. F. Betico Croes 119A,Oranjestad,Aruba","phones":"","fax":"","email":"","url":"","countryIso2":"AW","countryName":"Aruba","hotelRating":"0","latitude":"12.53","longitude":"-70.0365","state_id":null,"state_name":null,"country_id":null},{"active":false,"Giataid":"726312","cityId":null,"cityName":"Noord","hotelId":20276530,"hotelName":"Aruba Cunucu Village","address":"Noord Bona Vista 19,Calbas Residence,Noord,Aruba","phones":"","fax":"","email":"","url":"https://www.arubacunucu.com/","countryIso2":"AW","countryName":"Aruba","hotelRating":"0","latitude":"12.5691","longitude":"-70.0349","state_id":null,"state_name":null,"country_id":null},{"active":false,"Giataid":"735439","cityId":null,"cityName":"Noord","hotelId":20276531,"hotelName":"Jolie Villa","address":"Rooi Santo 102,Noord,Aruba","phones":"","fax":"","email":"","url":"","countryIso2":"AW","countryName":"Aruba","hotelRating":"0","latitude":"12.5691","longitude":"-70.0349","state_id":null,"state_name":null,"country_id":null},{"active":false,"Giataid":"745754","cityId":null,"cityName":"Noord","hotelId":20276532,"hotelName":"Endless Summer","address":"123 Cunucu Abao,Noord,Aruba","phones":"","fax":"","email":"","url":"","countryIso2":"AW","countryName":"Aruba","hotelRating":"0","latitude":"12.5691","longitude":"-70.0349","state_id":null,"state_name":null,"country_id":null},{"active":false,"Giataid":"734943","cityId":null,"cityName":"Oranjestad","hotelId":20276533,"hotelName":"Mi Gusto Villa","address":"Modanza 126,Oranjestad,Aruba","phones":"","fax":"","email":"","url":"","countryIso2":"AW","countryName":"Aruba","hotelRating":"0","latitude":"12.5358","longitude":"-70.014","state_id":null,"state_name":null,"country_id":null},{"active":false,"Giataid":"739279","cityId":null,"cityName":"Oranjestad","hotelId":20276534,"hotelName":"Renaissance Ocean Suites","address":"L. G. Smith Boulevard 82,Oranjestad,Aruba","phones":"+2975836000","fax":"+2975825317","email":"","url":"http://www.renaissancearubaresortandcasino.com/resort-accommodations/ocean-suites-en.html","countryIso2":"AW","countryName":"Aruba","hotelRating":"0","latitude":"12.5159","longitude":"-70.0365","state_id":null,"state_name":null,"country_id":null},{"active":false,"Giataid":"864025","cityId":null,"cityName":"Noord","hotelId":20276536,"hotelName":"Aruba Boutique Apartments","address":"Calbas 3-G,Noord,Aruba","phones":"","fax":"","email":"hello@mailtoparadise.com","url":"http://www.arubaboutiquehotel.com","countryIso2":"AW","countryName":"Aruba","hotelRating":"3","latitude":"12.5691","longitude":"-70.0349","state_id":null,"state_name":null,"country_id":null},{"active":false,"Giataid":"915001","cityId":null,"cityName":"Noord","hotelId":20276537,"hotelName":"Apartamento Kudawecha 40","address":"Kudawecha 40,Noord,Aruba","phones":"+2975640531","fax":"","email":"reservations@kudawecha.com","url":"http://kudawecha.com/","countryIso2":"AW","countryName":"Aruba","hotelRating":"0","latitude":"12.5568","longitude":"-70.0123","state_id":null,"state_name":null,"country_id":null},{"active":false,"Giataid":"732410","cityId":null,"cityName":"Noord","hotelId":20276538,"hotelName":"Gold Coast Luxurious And Stylish Condo","address":"233A Diamante,Noord,Aruba","phones":"","fax":"","email":"","url":"","countryIso2":"AW","countryName":"Aruba","hotelRating":"3","latitude":"12.5988","longitude":"-70.0399","state_id":null,"state_name":null,"country_id":null},{"active":false,"Giataid":"736342","cityId":null,"cityName":"Noord","hotelId":20276539,"hotelName":"Agave Gardens Aruba","address":"Caya Cangrew 27F,Palm Eagle Beach,Noord,Aruba","phones":"","fax":"","email":"","url":"","countryIso2":"AW","countryName":"Aruba","hotelRating":"0","latitude":"12.5691","longitude":"-70.0349","state_id":null,"state_name":null,"country_id":null},{"active":false,"Giataid":"771032","cityId":null,"cityName":"Noord","hotelId":20276540,"hotelName":"Yoyita Suites Aruba","address":"Bakval,Noord,Aruba","phones":"+297671353220","fax":"","email":"","url":"http://yoyitasuitesaruba.business.site/","countryIso2":"AW","countryName":"Aruba","hotelRating":"0","latitude":"12.5691","longitude":"-70.0349","state_id":null,"state_name":null,"country_id":null},{"active":false,"Giataid":"725595","cityId":null,"cityName":"Oranjestad","hotelId":20276541,"hotelName":"Sea Breeze Town","address":"Stadionweg 19,Oranjestad,Aruba","phones":"","fax":"","email":"","url":"","countryIso2":"AW","countryName":"Aruba","hotelRating":"0","latitude":"12.53","longitude":"-70.0365","state_id":null,"state_name":null,"country_id":null},{"active":false,"Giataid":"735519","cityId":null,"cityName":"Oranjestad","hotelId":20276542,"hotelName":"Villa Kunuku Aruba","address":"Modanza 109,Oranjestad,Aruba","phones":"","fax":"","email":"mandyvonk@hotmail.com","url":"https://villakunukuaruba.wordpress.com","countryIso2":"AW","countryName":"Aruba","hotelRating":"0","latitude":"12.53","longitude":"-70.0365","state_id":null,"state_name":null,"country_id":null},{"active":false,"Giataid":"769316","cityId":null,"cityName":"Oranjestad","hotelId":20276543,"hotelName":"Oceania Residences","address":"J.E. Irausquin Boulevard 238,Eagle Beach,Oranjestad,Aruba","phones":"","fax":"","email":"","url":"http://www.oceaniaarubarentals.com","countryIso2":"AW","countryName":"Aruba","hotelRating":"0","latitude":"12.53","longitude":"-70.0365","state_id":null,"state_name":null,"country_id":null},{"active":false,"Giataid":"917964","cityId":null,"cityName":"Oranjestad","hotelId":20276547,"hotelName":"A1 Apartments Aruba","address":"Pagaaistraat 5,Oranjestad,Aruba","phones":"+2975828963","fax":"","email":"samuel@a1aruba.com","url":"http://www.a1aruba.com/en-us","countryIso2":"AW","countryName":"Aruba","hotelRating":"0","latitude":"12.5256","longitude":"-70.0408","state_id":null,"state_name":null,"country_id":null},{"active":false,"Giataid":"941441","cityId":null,"cityName":"Eagle Beach","hotelId":20276546,"hotelName":"La Quinta Beach Resort","address":"J.E. Irausquin Boulevard 228,Palm-Eagle Beach,Aruba","phones":"+2975275000","fax":"","email":"info@laquintaaruba.net","url":"http://www.laquintaaruba.net","countryIso2":"AW","countryName":"Aruba","hotelRating":"0","latitude":"12.5568","longitude":"-70.0455","state_id":null,"state_name":null,"country_id":null},{"active":false,"Giataid":"508648","cityId":null,"cityName":"Malmok","hotelId":20276548,"hotelName":"Beach House Aruba Apartments","address":"Lg Smith Boulevard 450,Hadicurari Beach,Malmok,Aruba","phones":"+2975933991","fax":"+2975933991","email":"info@beachhousearuba.com","url":"http://beachhousearuba.com/","countryIso2":"AW","countryName":"Aruba","hotelRating":"3","latitude":"12.5877","longitude":"-70.0463","state_id":null,"state_name":null,"country_id":null},{"active":false,"Giataid":"725646","cityId":null,"cityName":"Noord","hotelId":20276549,"hotelName":"Villa Bon Vista","address":"Calabas 35-A,Palm Beach,Noord,Aruba","phones":"","fax":"","email":"","url":"","countryIso2":"AW","countryName":"Aruba","hotelRating":"0","latitude":"12.5691","longitude":"-70.0349","state_id":null,"state_name":null,"country_id":null},{"active":false,"Giataid":"734981","cityId":null,"cityName":"Noord","hotelId":20276550,"hotelName":"Caribbean Wave","address":"Rooi Santo 138,Noord,Aruba","phones":"","fax":"","email":"","url":"","countryIso2":"AW","countryName":"Aruba","hotelRating":"0","latitude":"12.5691","longitude":"-70.0349","state_id":null,"state_name":null,"country_id":null},{"active":false,"Giataid":"745707","cityId":null,"cityName":"Noord","hotelId":20276551,"hotelName":"Boroncana Villa","address":"326 Boroncana,Noord,Aruba","phones":"","fax":"","email":"","url":"","countryIso2":"AW","countryName":"Aruba","hotelRating":"0","latitude":"12.5691","longitude":"-70.0349","state_id":null,"state_name":null,"country_id":null},{"active":false,"Giataid":"731620","cityId":null,"cityName":"Oranjestad","hotelId":20276552,"hotelName":"E Cas di Zoe","address":"8 Irenestraat,Oranjestad,Aruba","phones":"","fax":"","email":"","url":"","countryIso2":"AW","countryName":"Aruba","hotelRating":"0","latitude":"12.53","longitude":"-70.0365","state_id":null,"state_name":null,"country_id":null},{"active":false,"Giataid":"739278","cityId":null,"cityName":"Oranjestad","hotelId":20276553,"hotelName":"Renaissance Marina Hotel","address":"L. G. Smith Boulevard 82,Oranjestad,Aruba","phones":"+2975836000","fax":"+2975825317","email":"","url":"http://www.renaissancearubaresortandcasino.com/resort-accommodations/marina-hotel-en.html","countryIso2":"AW","countryName":"Aruba","hotelRating":"4","latitude":"12.5159","longitude":"-70.0365","state_id":null,"state_name":null,"country_id":null},{"active":false,"Giataid":"741978","cityId":null,"cityName":"Savaneta","hotelId":20276555,"hotelName":"Serene by the Sea","address":"354 Savaneta,Aruba","phones":"+2975940289","fax":"","email":"","url":"https://serenebythesea.com","countryIso2":"AW","countryName":"Aruba","hotelRating":"0","latitude":"12.4453","longitude":"-69.9446","state_id":null,"state_name":null,"country_id":null},{"active":false,"Giataid":"893942","cityId":null,"cityName":"Noord","hotelId":20276556,"hotelName":"Aruba Tropical Garden Home","address":"Koyari 24,Noord,Aruba","phones":"","fax":"","email":"","url":"","countryIso2":"AW","countryName":"Aruba","hotelRating":"0","latitude":"12.5691","longitude":"-70.0349","state_id":null,"state_name":null,"country_id":null},{"active":false,"Giataid":"923939","cityId":null,"cityName":"Oranjestad","hotelId":20276557,"hotelName":"Maria Mulata Apartments","address":"Moko 56,Oranjestad,Aruba","phones":"+2975853322","fax":"","email":"","url":"http://maria-mulata-apartments.business.site/","countryIso2":"AW","countryName":"Aruba","hotelRating":"0","latitude":"12.53","longitude":"-70.0365","state_id":null,"state_name":null,"country_id":null},{"active":false,"Giataid":"745819","cityId":null,"cityName":"Noord","hotelId":20276560,"hotelName":"Aruba Dream Villa","address":"7 Opal,Noord,Aruba","phones":"","fax":"","email":"","url":"","countryIso2":"AW","countryName":"Aruba","hotelRating":"0","latitude":"12.5691","longitude":"-70.0349","state_id":null,"state_name":null,"country_id":null},{"active":false,"Giataid":"727337","cityId":null,"cityName":"Noord","hotelId":20276558,"hotelName":"Koyari Modern Condos","address":"Koyari 25,Noord,Aruba","phones":"","fax":"","email":"","url":"","countryIso2":"AW","countryName":"Aruba","hotelRating":"0","latitude":"12.5691","longitude":"-70.0349","state_id":null,"state_name":null,"country_id":null},{"active":false,"Giataid":"735539","cityId":null,"cityName":"Noord","hotelId":20276559,"hotelName":"Tierra del Sol Villa","address":"Caya di Campeonan 16,Palm-Eagle Beach,Noord,Aruba","phones":"","fax":"","email":"","url":"","countryIso2":"AW","countryName":"Aruba","hotelRating":"0","latitude":"12.5691","longitude":"-70.0349","state_id":null,"state_name":null,"country_id":null},{"active":false,"Giataid":"735392","cityId":null,"cityName":"Oranjestad","hotelId":20276561,"hotelName":"Morningstar Villa","address":"Morgen Ster 35C,Oranjestad,Aruba","phones":"","fax":"","email":"","url":"","countryIso2":"AW","countryName":"Aruba","hotelRating":"0","latitude":"12.53","longitude":"-70.0365","state_id":null,"state_name":null,"country_id":null},{"active":false,"Giataid":"767379","cityId":null,"cityName":"Oranjestad","hotelId":20276562,"hotelName":"Posada San Barbola","address":"San Barbola 296,Oranjestad,Aruba","phones":"","fax":"","email":"","url":"","countryIso2":"AW","countryName":"Aruba","hotelRating":"0","latitude":"12.53","longitude":"-70.0365","state_id":null,"state_name":null,"country_id":null},{"active":false,"Giataid":"747511","cityId":null,"cityName":"Paradera","hotelId":20276563,"hotelName":"Paradera Paradise","address":"Paradera 237,Paradera,Aruba","phones":"","fax":"","email":"","url":"","countryIso2":"AW","countryName":"Aruba","hotelRating":"0","latitude":"12.5386","longitude":"-70.0048","state_id":null,"state_name":null,"country_id":null},{"active":false,"Giataid":"977451","cityId":null,"cityName":"Noord","hotelId":20425529,"hotelName":"Soroya Apartments","address":"Boegoeroei 24B,Noord,Aruba","phones":"+2972805333","fax":"","email":"info@soraya-apartments.com","url":"http://soraya-apartments.com/","countryIso2":"AW","countryName":"Aruba","hotelRating":"0","latitude":"12.5691","longitude":"-70.0349","state_id":null,"state_name":null,"country_id":null},{"active":false,"Giataid":"977442","cityId":null,"cityName":"Noord","hotelId":20425530,"hotelName":"Villa Acqualina","address":"Westpunt 29,Noord,Aruba","phones":"","fax":"","email":"","url":"","countryIso2":"AW","countryName":"Aruba","hotelRating":"0","latitude":"12.5691","longitude":"-70.0349","state_id":null,"state_name":null,"country_id":null},{"active":false,"Giataid":"999719","cityId":null,"cityName":"Oranjestad","hotelId":20431036,"hotelName":"Cas Isabel","address":"Caya Juancho Kock 41,Oranjestad,Aruba","phones":"","fax":"","email":"","url":"","countryIso2":"AW","countryName":"Aruba","hotelRating":"0","latitude":"12.53","longitude":"-70.0365","state_id":null,"state_name":null,"country_id":null},{"active":false,"Giataid":"1003893","cityId":null,"cityName":"Oranjestad","hotelId":20458710,"hotelName":"Kamerlingh Villa","address":"Kamerlingh Onnesstraat 50,Oranjestad,Aruba","phones":"","fax":"","email":"","url":"","countryIso2":"AW","countryName":"Aruba","hotelRating":"0","latitude":"12.53","longitude":"-70.0365","state_id":null,"state_name":null,"country_id":null},{"active":false,"Giataid":"1027065","cityId":null,"cityName":"Eagle Beach","hotelId":20458711,"hotelName":"Azure Beach Residences","address":"J.E. Irausquin Boulevard 260,Palm-Eagle Beach,Aruba","phones":"","fax":"","email":"","url":"","countryIso2":"AW","countryName":"Aruba","hotelRating":"0","latitude":"12.5568","longitude":"-70.0455","state_id":null,"state_name":null,"country_id":null},{"active":false,"Giataid":"1027070","cityId":null,"cityName":"Oranjestad","hotelId":20458712,"hotelName":"Rehoboth Peace Land Condos","address":"Caya Maguey 10,Oranjestad,Aruba","phones":"","fax":"","email":"","url":"","countryIso2":"AW","countryName":"Aruba","hotelRating":"0","latitude":"12.53","longitude":"-70.0365","state_id":null,"state_name":null,"country_id":null},{"active":false,"Giataid":"1033788","cityId":null,"cityName":"Eagle Beach","hotelId":20458714,"hotelName":"Salina Studio Apartments","address":"Salina Cerca 9,Eagle Beach,Aruba","phones":"","fax":"","email":"","url":"","countryIso2":"AW","countryName":"Aruba","hotelRating":"0","latitude":"12.5568","longitude":"-70.0455","state_id":null,"state_name":null,"country_id":null},{"active":false,"Giataid":"1027087","cityId":null,"cityName":"Eagle Beach","hotelId":20458715,"hotelName":"Lux Villas","address":"Bubali 5G,Palm-Eagle Beach,Aruba","phones":"","fax":"","email":"","url":"","countryIso2":"AW","countryName":"Aruba","hotelRating":"0","latitude":"12.5568","longitude":"-70.0455","state_id":null,"state_name":null,"country_id":null}]