[{"active":false,"Giataid":"232172","cityId":5324,"cityName":"George Town","hotelId":232172,"hotelName":"Northern Lights","address":"Grand Cayman,Cayman Islands,Cayman Islands","phones":"+13459479592","fax":"+13459479068","email":"mycaymangetaway@gmail.com","url":"http://www.mycaymangetaway.com/","countryIso2":"KY","countryName":"Cayman Islands","hotelRating":"3","latitude":"19.3509","longitude":"-81.1607","state_id":3908,"state_name":"Tasmania","country_id":14},{"active":false,"Giataid":"368784","cityId":5324,"cityName":"George Town","hotelId":368784,"hotelName":"Spotts Beach Houses","address":"9 Quail Street,George Town KY1-1102,Grand Cayman,Cayman Islands","phones":"","fax":"","email":"","url":"","countryIso2":"KY","countryName":"Cayman Islands","hotelRating":"3","latitude":"19.2743","longitude":"-81.3113","state_id":3908,"state_name":"Tasmania","country_id":14},{"active":false,"Giataid":"508845","cityId":5324,"cityName":"George Town","hotelId":508845,"hotelName":"Caribbean Paradise 12","address":"","phones":"","fax":"","email":"","url":"","countryIso2":"KY","countryName":"Cayman Islands","hotelRating":"1","latitude":"19.2922","longitude":"-81.3674","state_id":3908,"state_name":"Tasmania","country_id":14},{"active":false,"Giataid":"494531","cityId":5324,"cityName":"George Town","hotelId":10055616,"hotelName":"Eldemire's Tropical Island Inn","address":"18 Pebbles Way,PO Box 482,Georgetown KY1-1106,Grand Cayman,Cayman Islands","phones":"+13459162022","fax":"","email":"","url":"","countryIso2":"KY","countryName":"Cayman Islands","hotelRating":"3","latitude":"19.2837","longitude":"-81.3891","state_id":3908,"state_name":"Tasmania","country_id":14},{"active":false,"Giataid":"470268","cityId":5324,"cityName":"George Town","hotelId":10056652,"hotelName":"The Riviera, Grand Cayman","address":"468 South Church St.","phones":"","fax":"","email":"","url":"","countryIso2":"KY","countryName":"Cayman Islands","hotelRating":"3","latitude":"19.2788","longitude":"-81.3914","state_id":3908,"state_name":"Tasmania","country_id":14},{"active":false,"Giataid":"151382","cityId":5324,"cityName":"George Town","hotelId":20003945,"hotelName":"Coral Sands","address":"293 North Church Street,(Across from Kirk Grocery),George Town,Grand Cayman KYI 1203,Cayman Islands","phones":"+13457435500","fax":"","email":"reservations@coralsands.ky","url":"http://www.coralsands.ky/","countryIso2":"KY","countryName":"Cayman Islands","hotelRating":"0","latitude":"19.2922","longitude":"-81.3674","state_id":3908,"state_name":"Tasmania","country_id":14},{"active":false,"Giataid":"689576","cityId":5324,"cityName":"George Town","hotelId":20005338,"hotelName":"Sprat Bay Luxury Villa","address":"482 South Sound Road,George Town,Grand Cayman,Cayman Islands","phones":"","fax":"","email":"","url":"","countryIso2":"KY","countryName":"Cayman Islands","hotelRating":"0","latitude":"19.273","longitude":"-81.3663","state_id":3908,"state_name":"Tasmania","country_id":14},{"active":false,"Giataid":"898479","cityId":5324,"cityName":"George Town","hotelId":20346886,"hotelName":"Villa Mora","address":"676 South Sound Road,Half Way Pond,KY1 George Town,Cayman Islands","phones":"","fax":"","email":"","url":"","countryIso2":"KY","countryName":"Cayman Islands","hotelRating":"0","latitude":"19.2753","longitude":"-81.3644","state_id":3908,"state_name":"Tasmania","country_id":14},{"active":false,"Giataid":"898454","cityId":5324,"cityName":"George Town","hotelId":20346889,"hotelName":"Villa Amarone","address":"472 South Sound Road,Half Way Pond,KY1 George Town,Cayman Islands","phones":"","fax":"","email":"","url":"","countryIso2":"KY","countryName":"Cayman Islands","hotelRating":"0","latitude":"19.2753","longitude":"-81.3644","state_id":3908,"state_name":"Tasmania","country_id":14}]