[{"active":false,"Giataid":"8633","cityId":null,"cityName":"Grand Cayman","hotelId":8633,"hotelName":"Beach Club Colony","address":"P.O. Box 903,KY1-1103 George Town,Grand Cayman,Cayman Inseln,Cayman Islands","phones":"+13459498100","fax":"+13459455167","email":"cayresv@candw.ky","url":"http://www.beachclubcolony.ky/index.htm","countryIso2":"KY","countryName":"Cayman Islands","hotelRating":"3","latitude":"19.3272","longitude":"-81.3823","state_id":null,"state_name":null,"country_id":null},{"active":false,"Giataid":"13182","cityId":null,"cityName":"Grand Cayman","hotelId":13182,"hotelName":"George Town Villas","address":"47 Snooze Lane,Seven Mile Beach,Georgetown,Grand Cayman KY1-1200,Cayman Islands","phones":"","fax":"","email":"","url":"","countryIso2":"KY","countryName":"Cayman Islands","hotelRating":"1","latitude":"19.3112","longitude":"-81.3858","state_id":null,"state_name":null,"country_id":null},{"active":false,"Giataid":"14502","cityId":null,"cityName":"Grand Cayman","hotelId":14502,"hotelName":"Grand Cayman Beach Suites","address":"Seven Mile Beach,Grand Cayman,Cayman Islands","phones":"+13459491234","fax":"+13459498528","email":"reservations@gcbs.ky","url":"http://www.grand-cayman-beach-suites.com/","countryIso2":"KY","countryName":"Cayman Islands","hotelRating":"4","latitude":"19.3278","longitude":"-81.3818","state_id":null,"state_name":null,"country_id":null},{"active":false,"Giataid":"21750","cityId":null,"cityName":"Grand Cayman","hotelId":21750,"hotelName":"Sleep Inn","address":"","phones":"","fax":"","email":"","url":"","countryIso2":"KY","countryName":"Cayman Islands","hotelRating":"1","latitude":"19.3337","longitude":"-81.3149","state_id":null,"state_name":null,"country_id":null},{"active":false,"Giataid":"27345","cityId":null,"cityName":"Grand Cayman","hotelId":27345,"hotelName":"Cayman Inn","address":"Grand Cayman,Cayman Islands","phones":"","fax":"","email":"","url":"","countryIso2":"KY","countryName":"Cayman Islands","hotelRating":"2","latitude":"19.3189","longitude":"-81.3757","state_id":null,"state_name":null,"country_id":null},{"active":false,"Giataid":"27346","cityId":null,"cityName":"Grand Cayman","hotelId":27346,"hotelName":"Sunset House","address":"390 South Church Street,George Town,Grand Cayman 1-1106,Cayman Islands","phones":"+13459497111","fax":"+13459497101","email":"reservations@sunsethouse.com","url":"http://sunsethouse.com/","countryIso2":"KY","countryName":"Cayman Islands","hotelRating":"2","latitude":"19.2864","longitude":"-81.3902","state_id":null,"state_name":null,"country_id":null},{"active":false,"Giataid":"32003","cityId":null,"cityName":"Grand Cayman","hotelId":32003,"hotelName":"Sunshine Suites Grand Cayman Island Resort ","address":"1465 Esterley Tibbetts Highway,P.O. Box 30095,Grand Cayman KY1-1201,Cayman Islands,Cayman Islands","phones":"+13459493000","fax":"+13459491200","email":"frontdesk@sunshinesuites.com","url":"http://www.sunshinesuites.com","countryIso2":"KY","countryName":"Cayman Islands","hotelRating":"3","latitude":"19.3383","longitude":"-81.3785","state_id":null,"state_name":null,"country_id":null},{"active":false,"Giataid":"41745","cityId":null,"cityName":"Grand Cayman","hotelId":41745,"hotelName":"Grand Cayman Marriott","address":"Po Box 30371,West Bay Road 389,Grand Cayman,Cayman Islands,Cayman Islands","phones":"+13459490088","fax":"+13459498088","email":"","url":"http://www.marriott.com/hotels/travel/gcmgc-grand-cayman-marriott-beach-resort","countryIso2":"KY","countryName":"Cayman Islands","hotelRating":"4","latitude":"19.3322","longitude":"-81.262","state_id":null,"state_name":null,"country_id":null},{"active":false,"Giataid":"41746","cityId":null,"cityName":"Grand Cayman","hotelId":41746,"hotelName":"Holiday Inn Resort Grand Cayman","address":"278 Crighton Drive,Grand Cayman KY1-1206,Cayman Islands","phones":"+13459493100","fax":"+13459493161","email":"reservations@grandcaymanian.ky","url":"http://www.grandcaymanian.ky/index.html","countryIso2":"KY","countryName":"Cayman Islands","hotelRating":"3","latitude":"19.3446","longitude":"-81.3634","state_id":null,"state_name":null,"country_id":null},{"active":false,"Giataid":"48189","cityId":null,"cityName":"Seven Miles","hotelId":48189,"hotelName":"The Ritz-Carlton Grand Cayman","address":"PO Box 32348,Seven Mile Beach,Grand Cayman KY1-1209,Cayman Islands","phones":"+13459439000","fax":"+13459439001","email":"","url":"http://www.ritzcarlton.com/en/Properties/GrandCayman/Contact/Default.htm","countryIso2":"KY","countryName":"Cayman Islands","hotelRating":"5","latitude":"19.336","longitude":"-81.3806","state_id":null,"state_name":null,"country_id":null},{"active":false,"Giataid":"187406","cityId":null,"cityName":"Grand Cayman","hotelId":187406,"hotelName":"Morritt's Grand Resort","address":"2289 Queens Highway,East End,Grand Cayman KY1-1106,Cayman Islands","phones":"","fax":"","email":"","url":"","countryIso2":"KY","countryName":"Cayman Islands","hotelRating":"3","latitude":"19.3446","longitude":"-81.0884","state_id":null,"state_name":null,"country_id":null},{"active":false,"Giataid":"241052","cityId":null,"cityName":"Seven Miles","hotelId":241052,"hotelName":"The Grandview Condos on Seven Mile Beach","address":"Snooze Lane,Seven Mile Beach KY1 1202,George Town,Cayman Islands","phones":"+13459454511","fax":"+13459497515","email":"grandviewfd@candw.ky","url":"http://www.grandviewcondos.com/","countryIso2":"KY","countryName":"Cayman Islands","hotelRating":"3","latitude":"19.3127","longitude":"-81.3855","state_id":null,"state_name":null,"country_id":null},{"active":false,"Giataid":"241053","cityId":null,"cityName":"Grand Cayman","hotelId":241053,"hotelName":"Morritt's Tortuga Club","address":"2289 Queens Highway,East End,Grand Cayman KY1-1106,Cayman Islands","phones":"+13459477449","fax":"+13459473544","email":"reservations@lmsolinc.com","url":"http://www.morritts.com/resorts/tortugaclub.html","countryIso2":"KY","countryName":"Cayman Islands","hotelRating":"3","latitude":"19.3449","longitude":"-81.0894","state_id":null,"state_name":null,"country_id":null},{"active":false,"Giataid":"368228","cityId":null,"cityName":"Grand Cayman","hotelId":368228,"hotelName":"Avalon Condominiums","address":"","phones":"","fax":"","email":"","url":"","countryIso2":"KY","countryName":"Cayman Islands","hotelRating":"4","latitude":"19.3458","longitude":"-81.3817","state_id":null,"state_name":null,"country_id":null},{"active":false,"Giataid":"368783","cityId":null,"cityName":"West Bay","hotelId":368783,"hotelName":"Silver Sands Condominiums","address":"","phones":"","fax":"","email":"","url":"","countryIso2":"KY","countryName":"Cayman Islands","hotelRating":"3","latitude":"19.2922","longitude":"-81.3674","state_id":null,"state_name":null,"country_id":null},{"active":false,"Giataid":"508756","cityId":null,"cityName":"West Bay","hotelId":508756,"hotelName":"Pappagallo 22","address":"","phones":"","fax":"","email":"","url":"","countryIso2":"KY","countryName":"Cayman Islands","hotelRating":"1","latitude":"19.3955","longitude":"-81.3864","state_id":null,"state_name":null,"country_id":null},{"active":false,"Giataid":"509525","cityId":null,"cityName":"North Side","hotelId":509525,"hotelName":"Villa Emmanuel","address":"","phones":"","fax":"","email":"","url":"","countryIso2":"KY","countryName":"Cayman Islands","hotelRating":"1","latitude":"19.3579","longitude":"-81.2607","state_id":null,"state_name":null,"country_id":null},{"active":false,"Giataid":"510230","cityId":null,"cityName":"Blossom Village","hotelId":510230,"hotelName":"Blossom Village Cottage","address":"Blossom Lane,Blossom Village,Little Cayman,Cayman Islands","phones":"","fax":"","email":"","url":"","countryIso2":"KY","countryName":"Cayman Islands","hotelRating":"1","latitude":"19.6616","longitude":"-80.0788","state_id":null,"state_name":null,"country_id":null},{"active":false,"Giataid":"512099","cityId":null,"cityName":"Seven Miles","hotelId":512099,"hotelName":"5 Ocean front The Anchorage Condominiums","address":"","phones":"","fax":"","email":"","url":"","countryIso2":"KY","countryName":"Cayman Islands","hotelRating":"1","latitude":"19.3294","longitude":"-81.3701","state_id":null,"state_name":null,"country_id":null},{"active":false,"Giataid":"241052","cityId":null,"cityName":"Seven Miles","hotelId":606482,"hotelName":"The Grandview 1212 by RedAwning","address":"Snooze Lane,Seven Mile Beach KY1 1202,George Town,Cayman Islands","phones":"+13459454511","fax":"","email":"frontdesk@grandviewcondos.com","url":"https://grandviewcondos.com/condo-1212/","countryIso2":"KY","countryName":"Cayman Islands","hotelRating":"0","latitude":"19.3339","longitude":"-81.3817","state_id":null,"state_name":null,"country_id":null},{"active":false,"Giataid":"618600","cityId":null,"cityName":"Grand Cayman","hotelId":618600,"hotelName":"The Londoner At Morritt's Tortuga Club","address":"2289 Queens Highway Colliers,East End,Grand Cayman KY1-1106,Cayman Islands","phones":"+13459477449","fax":"","email":"info@morrits.com","url":"http://morritts.com/caribbean-beach-resorts/cayman-islands-resort-the-londoner/","countryIso2":"KY","countryName":"Cayman Islands","hotelRating":"4","latitude":"19.3454","longitude":"-81.0888","state_id":null,"state_name":null,"country_id":null},{"active":false,"Giataid":"757759","cityId":null,"cityName":"Grand Cayman","hotelId":757759,"hotelName":"The Colonial Club","address":"PO Box 320,Grand Cayman KY1-1301,Cayman Islands","phones":"+13459454660","fax":"","email":"colonialclubcayman@gmail.com","url":"https://www.thecolonialclub.com","countryIso2":"KY","countryName":"Cayman Islands","hotelRating":"1","latitude":"19.3337","longitude":"-81.3149","state_id":null,"state_name":null,"country_id":null},{"active":false,"Giataid":"760982","cityId":null,"cityName":"Cayman Brac","hotelId":760982,"hotelName":"Carib Sands Beach Resort","address":"193 Bert Marson Drive,Southside,KY2-2101,Cayman Brac,Cayman Islands","phones":"+13459481121","fax":"+13459481111","email":"info@caribsands.com","url":"http://www.caribsands.com","countryIso2":"KY","countryName":"Cayman Islands","hotelRating":"1","latitude":"19.7034","longitude":"-79.8347","state_id":null,"state_name":null,"country_id":null},{"active":false,"Giataid":"764564","cityId":null,"cityName":"Grand Cayman","hotelId":764564,"hotelName":"Treasure Cove Villa","address":"274 Water Cay Road,KY1-1202 Driftwood Village,Cayman Islands,Cayman Islands","phones":"","fax":"","email":"","url":"","countryIso2":"KY","countryName":"Cayman Islands","hotelRating":"1","latitude":"19.3337","longitude":"-81.3149","state_id":null,"state_name":null,"country_id":null},{"active":false,"Giataid":"774946","cityId":null,"cityName":"Grand Cayman","hotelId":774946,"hotelName":"Lighthouse Point Dive Resort","address":"571 North West Point Road,Grand Cayman KY1-1206,Cayman Islands","phones":"+13459491700","fax":"","email":"info@divetech.com","url":"https://www.divetech.com/lighthouse-point-dive-resort","countryIso2":"KY","countryName":"Cayman Islands","hotelRating":"1","latitude":"19.3337","longitude":"-81.3149","state_id":null,"state_name":null,"country_id":null},{"active":false,"Giataid":"494532","cityId":null,"cityName":"Little Cayman","hotelId":10053992,"hotelName":"Sunset Cove Little Cayman","address":"34 Wonder Lane,Little Cayman KY3-2501,Cayman Islands","phones":"","fax":"","email":"","url":"","countryIso2":"KY","countryName":"Cayman Islands","hotelRating":"3","latitude":"19.6767","longitude":"-80.0509","state_id":null,"state_name":null,"country_id":null},{"active":false,"Giataid":"294945","cityId":null,"cityName":"Cayman Brac","hotelId":10070803,"hotelName":"Cayman Breakers","address":"1902 South Side Road East,The Moorings,Cayman Brac KY2-2101,Cayman Islands","phones":"+13459278826","fax":"","email":"","url":"","countryIso2":"KY","countryName":"Cayman Islands","hotelRating":"3","latitude":"19.7298","longitude":"-79.7436","state_id":null,"state_name":null,"country_id":null},{"active":false,"Giataid":"513324","cityId":null,"cityName":"Seven Miles","hotelId":20002627,"hotelName":"Jeff's Resorts","address":"20, 27 and 29 Elizabeth Street,West Bay,Seven Mile Beach,Cayman Islands,Cayman Islands","phones":"+134517156862232","fax":"","email":"jkingstad@jeffsresorts.com","url":"http://www.jeffsresorts.com/","countryIso2":"KY","countryName":"Cayman Islands","hotelRating":"3","latitude":"19.3711","longitude":"-81.3971","state_id":null,"state_name":null,"country_id":null},{"active":false,"Giataid":"528575","cityId":null,"cityName":"West Bay","hotelId":20002855,"hotelName":"La Cazetta Guest House & Cottages","address":"2 Avoca Lane,Mt Pleasant,West Bay KY1-1300,Grand Cayman,Cayman Islands","phones":"+13459498239","fax":"","email":"info@lacazetta.com","url":"http://www.lacazetta.com","countryIso2":"KY","countryName":"Cayman Islands","hotelRating":"3","latitude":"19.3854","longitude":"-81.3918","state_id":null,"state_name":null,"country_id":null},{"active":false,"Giataid":"529509","cityId":null,"cityName":"Grand Cayman","hotelId":20003083,"hotelName":"Pease Bay House","address":"1180 Bodden Town Road,Grand Cayman,Cayman Islands","phones":"","fax":"","email":"","url":"","countryIso2":"KY","countryName":"Cayman Islands","hotelRating":"0","latitude":"19.3337","longitude":"-81.3149","state_id":null,"state_name":null,"country_id":null},{"active":false,"Giataid":"525139","cityId":null,"cityName":"Grand Cayman","hotelId":20003288,"hotelName":"Turtle Nest Inn & Condos","address":"166 Bodden Town Road Grand Cayman   KY1 1601,Cayman Islands","phones":"+13459478665","fax":"+13459476379","email":"vacation@turtlenestinn.com","url":"http://www.turtlenestinn.co","countryIso2":"KY","countryName":"Cayman Islands","hotelRating":"0","latitude":"19.2769","longitude":"-81.2508","state_id":null,"state_name":null,"country_id":null},{"active":false,"Giataid":"520868","cityId":null,"cityName":"Seven Miles","hotelId":20003528,"hotelName":"Sea Breeze No. 8","address":"2187 West Bay Road,Seven Mile Beach,Cayman Islands","phones":"","fax":"","email":"","url":"","countryIso2":"KY","countryName":"Cayman Islands","hotelRating":"0","latitude":"19.3294","longitude":"-81.3701","state_id":null,"state_name":null,"country_id":null},{"active":false,"Giataid":"682354","cityId":null,"cityName":"Grand Cayman","hotelId":20004165,"hotelName":"Aqua Bay Club","address":"P.O. Box 30091,Grand Cayman KY1-1201,Cayman Islands,Cayman Islands","phones":"+13459454728","fax":"+13459455681","email":"info@aquabayclub.com","url":"https://www.aquabayclub.com","countryIso2":"KY","countryName":"Cayman Islands","hotelRating":"3","latitude":"19.364","longitude":"-81.3917","state_id":null,"state_name":null,"country_id":null},{"active":false,"Giataid":"54689","cityId":null,"cityName":"Grand Cayman","hotelId":20004366,"hotelName":"Regal Beach Club","address":"431 West Bay Road,PO Box  KY1-1202,Seven Mile Beach,Grand Cayman,Cayman Islands","phones":"+13459456189","fax":"","email":"","url":"http://regalbeach.com","countryIso2":"KY","countryName":"Cayman Islands","hotelRating":"3","latitude":"19.318","longitude":"-81.3827","state_id":null,"state_name":null,"country_id":null},{"active":false,"Giataid":"724900","cityId":null,"cityName":"West Bay","hotelId":20004536,"hotelName":"Shangri La Boutique Bed & Breakfast","address":"29 Sticky Toffee Lane,KY1-1301 West Bay,Cayman Islands","phones":"","fax":"","email":"info@shangrilabandb.com","url":"http://www.shangrilabandb.com/","countryIso2":"KY","countryName":"Cayman Islands","hotelRating":"0","latitude":"19.3792","longitude":"-81.388","state_id":null,"state_name":null,"country_id":null},{"active":false,"Giataid":"296435","cityId":null,"cityName":"Grand Cayman","hotelId":20004710,"hotelName":"Cayman Diving Lodge","address":"P.O. Box 11 EE,East End,Grand Cayman KY1-1801,Cayman Islands","phones":"+13459477555","fax":"+13459477560","email":"caymandivelodge@cayman.org","url":"http://www.cayman.org/caymandivelodge/","countryIso2":"KY","countryName":"Cayman Islands","hotelRating":"0","latitude":"19.2998","longitude":"-81.11","state_id":null,"state_name":null,"country_id":null},{"active":false,"Giataid":"529507","cityId":null,"cityName":"Grand Cayman","hotelId":20004837,"hotelName":"Discovery Point 18","address":"2043 West Bay Road,Grand Cayman,Cayman Islands","phones":"","fax":"","email":"","url":"","countryIso2":"KY","countryName":"Cayman Islands","hotelRating":"0","latitude":"19.363","longitude":"-81.3909","state_id":null,"state_name":null,"country_id":null},{"active":false,"Giataid":"684109","cityId":null,"cityName":"Cayman Brac","hotelId":20005150,"hotelName":"Cayman Brac Beach Villas","address":"South Side Road West,West End,Cayman Brac,Cayman Islands","phones":"+13453057817107","fax":"","email":"info@bracbeachvillas.com","url":"http://www.bracbeachvillas.com","countryIso2":"KY","countryName":"Cayman Islands","hotelRating":"0","latitude":"19.7034","longitude":"-79.8347","state_id":null,"state_name":null,"country_id":null},{"active":false,"Giataid":"520853","cityId":null,"cityName":"Seven Miles","hotelId":20005462,"hotelName":"Poinsettia A3","address":"101 West Bay Road,Seven Mile Beach,Cayman Islands","phones":"","fax":"","email":"","url":"","countryIso2":"KY","countryName":"Cayman Islands","hotelRating":"0","latitude":"19.3294","longitude":"-81.3701","state_id":null,"state_name":null,"country_id":null},{"active":false,"Giataid":"41747","cityId":null,"cityName":"Grand Cayman","hotelId":20005854,"hotelName":"Spanish Bay Reef Resort","address":"Grand Cayman Island,Cayman Islands","phones":"","fax":"","email":"","url":"","countryIso2":"KY","countryName":"Cayman Islands","hotelRating":"3","latitude":"19.3942","longitude":"-81.3936","state_id":null,"state_name":null,"country_id":null},{"active":false,"Giataid":"255821","cityId":null,"cityName":"Seven Miles","hotelId":20006017,"hotelName":"Lacovia Condominiums","address":"697 West Bay Road,Seven Miles Beach,PO Box 32309,Grand Cayman,Cayman Islands","phones":"+13459497599","fax":"+13459490172","email":"lacovia@candw.ky","url":"http://www.lacovia.com","countryIso2":"KY","countryName":"Cayman Islands","hotelRating":"0","latitude":"19.3261","longitude":"-81.3817","state_id":null,"state_name":null,"country_id":null},{"active":false,"Giataid":"522907","cityId":null,"cityName":"Seven Miles","hotelId":20006183,"hotelName":"The Islands Club","address":"809 West Bay Road,Seven Mile Beach,P.O.Box 30690,Grand Cayman KY1-1203,Cayman Islands","phones":"+134518665330934","fax":"+13459490680","email":"islclub@candw.ky","url":"http://www.theislandsclub.com.ky/","countryIso2":"KY","countryName":"Cayman Islands","hotelRating":"0","latitude":"19.3294","longitude":"-81.3701","state_id":null,"state_name":null,"country_id":null},{"active":false,"Giataid":"626407","cityId":null,"cityName":"Seven Miles","hotelId":20006355,"hotelName":"Margaritaville Beach Resort Grand Cayman","address":"269 West Bay Road,Seven Mile Beach,KY1-1204,Grand Cayman,Cayman Islands","phones":"+134518556406440","fax":"","email":"","url":"http://www.margaritavilleresortgrandcayman.com/","countryIso2":"KY","countryName":"Cayman Islands","hotelRating":"4","latitude":"19.3143","longitude":"-81.3841","state_id":null,"state_name":null,"country_id":null},{"active":false,"Giataid":"560274","cityId":null,"cityName":"Seven Miles","hotelId":20006543,"hotelName":"Kimpton Seafire Resort And Spa","address":"60 Tanager Way,Seven Mile Beach KY1-9008,Cayman Islands","phones":"+13457460000","fax":"+13457460001","email":"","url":"http://www.seafireresortandspa.com","countryIso2":"KY","countryName":"Cayman Islands","hotelRating":"4","latitude":"19.3518","longitude":"-81.3825","state_id":null,"state_name":null,"country_id":null},{"active":false,"Giataid":"520430","cityId":null,"cityName":"Grand Cayman","hotelId":20006737,"hotelName":"The Meridian","address":"917 West Bay Road,P. O. Box 30476,Seven Mile Beach,Grand Cayman KY1-1202,Cayman Islands","phones":"+13459454002","fax":"","email":"pat@meridian.ky","url":"http://www.meridian.ky","countryIso2":"KY","countryName":"Cayman Islands","hotelRating":"0","latitude":"19.3337","longitude":"-81.3149","state_id":null,"state_name":null,"country_id":null},{"active":false,"Giataid":"528576","cityId":null,"cityName":"Cayman Brac","hotelId":20006908,"hotelName":"Le Soleil d'Or","address":"2147 South Side Road,PO Box 155,Cayman Brac KY2-2001,Cayman Islands","phones":"+13459480555","fax":"+13459480553","email":"reservations@goldensuncayman.com","url":"http://goldensuncayman.com/","countryIso2":"KY","countryName":"Cayman Islands","hotelRating":"4","latitude":"19.7092","longitude":"-79.8059","state_id":null,"state_name":null,"country_id":null},{"active":false,"Giataid":"873218","cityId":null,"cityName":"North Side","hotelId":20346874,"hotelName":"Gypsy","address":"1514 Rum Point Drive,North Side,Cayman Islands","phones":"","fax":"","email":"","url":"http://www.hotels.com/ho750399680","countryIso2":"KY","countryName":"Cayman Islands","hotelRating":"0","latitude":"19.3579","longitude":"-81.2607","state_id":null,"state_name":null,"country_id":null},{"active":false,"Giataid":"873335","cityId":null,"cityName":"North Side","hotelId":20346877,"hotelName":"Moon Glow","address":"2090 Rum Point Drive,Northside KY1-1701,Cayman Islands","phones":"","fax":"","email":"","url":"http://moonglowcayman.com/","countryIso2":"KY","countryName":"Cayman Islands","hotelRating":"0","latitude":"19.3579","longitude":"-81.2607","state_id":null,"state_name":null,"country_id":null},{"active":false,"Giataid":"900599","cityId":null,"cityName":"Cayman Brac","hotelId":20346878,"hotelName":"Cayman Sands","address":"159 Old Robin Road,East End,Cayman Islands,Cayman Islands","phones":"","fax":"","email":"","url":"http://www.caymansands.com/","countryIso2":"KY","countryName":"Cayman Islands","hotelRating":"0","latitude":"19.7034","longitude":"-79.8347","state_id":null,"state_name":null,"country_id":null},{"active":false,"Giataid":"875201","cityId":null,"cityName":"North Side","hotelId":20346879,"hotelName":"Kai Zen","address":"Water Cay Road 442,North Side,Cayman Islands,Cayman Islands","phones":"","fax":"","email":"","url":"","countryIso2":"KY","countryName":"Cayman Islands","hotelRating":"0","latitude":"19.3579","longitude":"-81.2607","state_id":null,"state_name":null,"country_id":null},{"active":false,"Giataid":"913949","cityId":null,"cityName":"North Side","hotelId":20346881,"hotelName":"Beach Plum Villa","address":"1190 Northside Road,North Side KY1-1202,Cayman Islands","phones":"","fax":"","email":"","url":"","countryIso2":"KY","countryName":"Cayman Islands","hotelRating":"0","latitude":"19.3579","longitude":"-81.2607","state_id":null,"state_name":null,"country_id":null},{"active":false,"Giataid":"863141","cityId":null,"cityName":"North Side","hotelId":20346884,"hotelName":"Calypso Blue Cayman","address":"1148 North Side Road,North Side,Grand Cayman,Cayman Islands","phones":"","fax":"","email":"calypsobluecayman@gmail.com","url":"http://www.calypsobluecayman.com","countryIso2":"KY","countryName":"Cayman Islands","hotelRating":"0","latitude":"19.3579","longitude":"-81.2607","state_id":null,"state_name":null,"country_id":null},{"active":false,"Giataid":"898467","cityId":null,"cityName":"West Bay","hotelId":20346888,"hotelName":"Coconut Walk","address":"2245 West Bay Road,KY1 West Bay,Cayman Islands","phones":"","fax":"","email":"","url":"","countryIso2":"KY","countryName":"Cayman Islands","hotelRating":"0","latitude":"19.3955","longitude":"-81.3864","state_id":null,"state_name":null,"country_id":null},{"active":false,"Giataid":"916433","cityId":null,"cityName":"West Bay","hotelId":20346890,"hotelName":"Coral Reef Villa","address":"1773 West Bay Road,West Bay KY1-1202,Cayman Islands","phones":"","fax":"","email":"","url":"","countryIso2":"KY","countryName":"Cayman Islands","hotelRating":"0","latitude":"19.3955","longitude":"-81.3864","state_id":null,"state_name":null,"country_id":null},{"active":false,"Giataid":"956713","cityId":null,"cityName":"Grand Cayman","hotelId":20411634,"hotelName":"Henry's Hideout","address":"1960 Rum Point Drive,Rum Point,Grand Cayman KY1-1000,Cayman Islands","phones":"","fax":"","email":"","url":"","countryIso2":"KY","countryName":"Cayman Islands","hotelRating":"1","latitude":"19.3337","longitude":"-81.3149","state_id":null,"state_name":null,"country_id":null},{"active":false,"Giataid":"956707","cityId":null,"cityName":"Grand Cayman","hotelId":20411632,"hotelName":"Morning Glory","address":"48 Gloria May Drive,Savannah,Grand Cayman KY1-1000,Cayman Islands","phones":"","fax":"","email":"","url":"","countryIso2":"KY","countryName":"Cayman Islands","hotelRating":"1","latitude":"19.3337","longitude":"-81.3149","state_id":null,"state_name":null,"country_id":null},{"active":false,"Giataid":"956712","cityId":null,"cityName":"Grand Cayman","hotelId":20411633,"hotelName":"Kailypso","address":"240 Water Cay Road,Driftwood Village KY1-1202,Cayman Islands","phones":"","fax":"","email":"","url":"","countryIso2":"KY","countryName":"Cayman Islands","hotelRating":"1","latitude":"19.3337","longitude":"-81.3149","state_id":null,"state_name":null,"country_id":null},{"active":false,"Giataid":"956699","cityId":null,"cityName":"Blossom Village","hotelId":20411639,"hotelName":"Sir Turtle Villa by Cayman Villas","address":"1284 Guy Banks Road,Blossom Village KY1-1202,Cayman Islands","phones":"","fax":"","email":"","url":"","countryIso2":"KY","countryName":"Cayman Islands","hotelRating":"1","latitude":"19.6616","longitude":"-80.0788","state_id":null,"state_name":null,"country_id":null},{"active":false,"Giataid":"993628","cityId":null,"cityName":"Grand Cayman","hotelId":20436348,"hotelName":"Beach Suites","address":"747 West Bay Road,Seven Mile Beach,Grand Cayman,Cayman Islands","phones":"+13459491234","fax":"","email":"information@beachsuites.ky","url":"http://beachsuites.ky","countryIso2":"KY","countryName":"Cayman Islands","hotelRating":"1","latitude":"19.3337","longitude":"-81.3149","state_id":null,"state_name":null,"country_id":null},{"active":false,"Giataid":"996694","cityId":null,"cityName":"Grand Cayman","hotelId":20436349,"hotelName":"Casa Caribe","address":"833 West Bay Road,Po Box 30118,Grand Cayman,Cayman Islands KY1-1201,Cayman Islands","phones":"+13459454287","fax":"+13459455151","email":"vacations@casacaribe.ky","url":"http://www.casacaribecayman.com/","countryIso2":"KY","countryName":"Cayman Islands","hotelRating":"1","latitude":"19.3337","longitude":"-81.3149","state_id":null,"state_name":null,"country_id":null}]