[{"active":false,"Giataid":"34219","cityId":null,"cityName":"Klaipeda","hotelId":34219,"hotelName":"Radisson Blu Klaipeda","address":"Sauliu Street 28,92231 Klaipeda Lithuania,Lithuania","phones":"+37046490800","fax":"+37046490815","email":"sales.klaipeda@radissonblu.com","url":"http://www.klaipeda.radissonsas.com","countryIso2":"LT","countryName":"Lithuania","hotelRating":"4","latitude":"55.7166","longitude":"21.1304","state_id":null,"state_name":null,"country_id":null},{"active":false,"Giataid":"40434","cityId":null,"cityName":"Juodkrante","hotelId":40434,"hotelName":"Egle","address":"NULL","phones":"","fax":"","email":"","url":"","countryIso2":"LT","countryName":"Lithuania","hotelRating":"3","latitude":"55.5441","longitude":"21.1214","state_id":null,"state_name":null,"country_id":null},{"active":false,"Giataid":"50826","cityId":null,"cityName":"Avi?ieniai","hotelId":50826,"hotelName":"Vilnius Grand Resort","address":"E?eraiciu Street 2,E?eraiciai Vil.,Avi?ieniai Sub.,14200 Vilnius,Lithuania","phones":"+37052739700","fax":"+37052651385","email":"info@lemeridien.lt","url":"http://www.starwoodhotels.com/lemeridien/search/hotel_detail.html?propertyID=1862","countryIso2":"LT","countryName":"Lithuania","hotelRating":"5","latitude":"54.8281","longitude":"25.1308","state_id":null,"state_name":null,"country_id":null},{"active":false,"Giataid":"187468","cityId":null,"cityName":"Klaipeda","hotelId":187468,"hotelName":"Vetra","address":"Taikos prospektas 80A,Klaipeda 93162,Lithuania","phones":"","fax":"","email":"","url":"","countryIso2":"LT","countryName":"Lithuania","hotelRating":"3","latitude":"55.6739","longitude":"21.166","state_id":null,"state_name":null,"country_id":null},{"active":false,"Giataid":"187928","cityId":null,"cityName":"Marijampole","hotelId":187928,"hotelName":"Mercure Marijampole","address":"J.Basanaviciaus sqare 8,68308 Marijampole,Lithuania","phones":"+37034397778","fax":"+37034331011","email":"marijampole@europaroyale.com","url":"http://www.groupeuropa.com/europa_royale_de/Marijampole/","countryIso2":"LT","countryName":"Lithuania","hotelRating":"4","latitude":"54.5574","longitude":"23.3502","state_id":null,"state_name":null,"country_id":null},{"active":false,"Giataid":"205122","cityId":null,"cityName":"Klaipeda","hotelId":205122,"hotelName":"Ararat","address":"Liepu gatve 48A,Klaipeda 92107,Lithuania","phones":"","fax":"","email":"","url":"","countryIso2":"LT","countryName":"Lithuania","hotelRating":"4","latitude":"55.7153","longitude":"21.143","state_id":null,"state_name":null,"country_id":null},{"active":false,"Giataid":"205514","cityId":null,"cityName":"Birstonas","hotelId":205514,"hotelName":"Audenis","address":"","phones":"","fax":"","email":"","url":"","countryIso2":"LT","countryName":"Lithuania","hotelRating":"3","latitude":"54.6055","longitude":"24.0249","state_id":null,"state_name":null,"country_id":null},{"active":false,"Giataid":"208866","cityId":null,"cityName":"?ventoji","hotelId":208866,"hotelName":"Health & Wellness Center Energetikas","address":"Kursiu takas 1,00317 Palanga,Lithuania","phones":"+37046045531","fax":"","email":"","url":"","countryIso2":"LT","countryName":"Lithuania","hotelRating":"2","latitude":"56.0385","longitude":"21.077","state_id":null,"state_name":null,"country_id":null},{"active":false,"Giataid":"212018","cityId":null,"cityName":"Birstonas","hotelId":212018,"hotelName":"Karaliskoji Rezidencija","address":"Pakalnes gatve 3,59201 Bir?tonas,Lithuania","phones":"+37031962030","fax":"","email":"","url":"","countryIso2":"LT","countryName":"Lithuania","hotelRating":"3","latitude":"54.6049","longitude":"23.9966","state_id":null,"state_name":null,"country_id":null},{"active":false,"Giataid":"214412","cityId":null,"cityName":"Klaipeda","hotelId":214412,"hotelName":"National Golf Resort","address":"Stancai village Kretingale","phones":"","fax":"","email":"","url":"","countryIso2":"LT","countryName":"Lithuania","hotelRating":"4","latitude":"55.8096","longitude":"21.1742","state_id":null,"state_name":null,"country_id":null},{"active":false,"Giataid":"214697","cityId":null,"cityName":"Klaipeda","hotelId":214697,"hotelName":"Old Mill Hotel","address":"Zveju gatve 22,Klaipeda 91241,Lithuania","phones":"+370846219215","fax":"","email":"","url":"","countryIso2":"LT","countryName":"Lithuania","hotelRating":"3","latitude":"55.7066","longitude":"21.1267","state_id":null,"state_name":null,"country_id":null},{"active":false,"Giataid":"214701","cityId":null,"cityName":"Klaipeda","hotelId":214701,"hotelName":"Old Mill Conference","address":"Zveju gatve 20,Klaipeda 91241,Lithuania","phones":"+370846474764","fax":"","email":"","url":"","countryIso2":"LT","countryName":"Lithuania","hotelRating":"3","latitude":"55.7071","longitude":"21.1279","state_id":null,"state_name":null,"country_id":null},{"active":false,"Giataid":"217570","cityId":null,"cityName":"Klaipeda","hotelId":217570,"hotelName":"Ruta","address":"Debreceno gatve 11,Klaipeda 94173,Lithuania","phones":"","fax":"","email":"","url":"","countryIso2":"LT","countryName":"Lithuania","hotelRating":"3","latitude":"55.6819","longitude":"21.1804","state_id":null,"state_name":null,"country_id":null},{"active":false,"Giataid":"218643","cityId":null,"cityName":"Klaipeda","hotelId":218643,"hotelName":"Tako Baras","address":"?lakiu gatve 4,Klaipeda 92277,Lithuania","phones":"","fax":"","email":"","url":"","countryIso2":"LT","countryName":"Lithuania","hotelRating":"3","latitude":"55.7371","longitude":"21.0912","state_id":null,"state_name":null,"country_id":null},{"active":false,"Giataid":"219964","cityId":null,"cityName":"?iauliai","hotelId":219964,"hotelName":"Vaivorykste","address":"Gytariu g. 25,78398 Siauliai,Lithuania","phones":"","fax":"","email":"","url":"","countryIso2":"LT","countryName":"Lithuania","hotelRating":"2","latitude":"55.909","longitude":"23.243","state_id":null,"state_name":null,"country_id":null},{"active":false,"Giataid":"221355","cityId":null,"cityName":"Panevezys","hotelId":221355,"hotelName":"Bistrampolis","address":"","phones":"","fax":"","email":"","url":"","countryIso2":"LT","countryName":"Lithuania","hotelRating":"1","latitude":"0","longitude":"0","state_id":null,"state_name":null,"country_id":null},{"active":false,"Giataid":"222662","cityId":null,"cityName":"Klaipeda","hotelId":222662,"hotelName":"Lijo","address":"","phones":"","fax":"","email":"","url":"","countryIso2":"LT","countryName":"Lithuania","hotelRating":"3","latitude":"55.7127","longitude":"21.4019","state_id":null,"state_name":null,"country_id":null},{"active":false,"Giataid":"229646","cityId":null,"cityName":"Klaipeda","hotelId":229646,"hotelName":"Promenada","address":"Sauliu str. 41,91001 Klaipeda,Lithuania","phones":"+37046403020","fax":"+37046403021","email":"hotel@promenada.lt","url":"http://www.promenada.lt","countryIso2":"LT","countryName":"Lithuania","hotelRating":"3","latitude":"55.7208","longitude":"21.1286","state_id":null,"state_name":null,"country_id":null},{"active":false,"Giataid":"229652","cityId":null,"cityName":"Panevezys","hotelId":229652,"hotelName":"Sermutas","address":"?ilagalio kaimas,Vel?io seniunija,36220 Paneve?io rajonas,Lithuania","phones":"+37045401010","fax":"+37045401015","email":"hotel@sermutas.lt","url":"http://www.sermutas.lt","countryIso2":"LT","countryName":"Lithuania","hotelRating":"3","latitude":"55.6701","longitude":"24.3495","state_id":null,"state_name":null,"country_id":null},{"active":false,"Giataid":"369107","cityId":null,"cityName":"Klaipeda","hotelId":369107,"hotelName":"Hotel Anna-kristina","address":"","phones":"","fax":"","email":"","url":"","countryIso2":"LT","countryName":"Lithuania","hotelRating":"1","latitude":"55.7152","longitude":"21.1319","state_id":null,"state_name":null,"country_id":null},{"active":false,"Giataid":"370331","cityId":null,"cityName":"?iauliai","hotelId":370331,"hotelName":"Hotel Hilez","address":"","phones":"","fax":"","email":"","url":"","countryIso2":"LT","countryName":"Lithuania","hotelRating":"1","latitude":"55.9342","longitude":"23.3038","state_id":null,"state_name":null,"country_id":null},{"active":false,"Giataid":"370332","cityId":null,"cityName":"?iauliai","hotelId":370332,"hotelName":"Rovno Hotel","address":"","phones":"","fax":"","email":"","url":"","countryIso2":"LT","countryName":"Lithuania","hotelRating":"1","latitude":"55.9342","longitude":"23.3038","state_id":null,"state_name":null,"country_id":null},{"active":false,"Giataid":"370336","cityId":null,"cityName":"Birstonas","hotelId":370336,"hotelName":"Nemuno Slenis Hotel","address":"Kampi?kiu Gatve 8,On the Banks of the Nemunas River,LT-59107 Bir?tonas,Bezirk Kaunas,Lithuania","phones":"","fax":"","email":"","url":"","countryIso2":"LT","countryName":"Lithuania","hotelRating":"4","latitude":"54.6031","longitude":"24.0606","state_id":null,"state_name":null,"country_id":null},{"active":false,"Giataid":"371623","cityId":null,"cityName":"Panevezys","hotelId":371623,"hotelName":"Pervaza Hotel","address":"Smelynes gatve 112,Paneve?ys 35113,Lithuania","phones":"","fax":"","email":"","url":"","countryIso2":"LT","countryName":"Lithuania","hotelRating":"2","latitude":"55.7452","longitude":"24.3729","state_id":null,"state_name":null,"country_id":null},{"active":false,"Giataid":"371624","cityId":null,"cityName":"Panevezys","hotelId":371624,"hotelName":"Smiltynes Sodyba","address":"","phones":"","fax":"","email":"","url":"","countryIso2":"LT","countryName":"Lithuania","hotelRating":"3","latitude":"55.7351","longitude":"24.2417","state_id":null,"state_name":null,"country_id":null},{"active":false,"Giataid":"372282","cityId":null,"cityName":"Bir?ai","hotelId":372282,"hotelName":"Tyla Hotel Birzai","address":"","phones":"","fax":"","email":"","url":"","countryIso2":"LT","countryName":"Lithuania","hotelRating":"1","latitude":"56.1844","longitude":"24.766","state_id":null,"state_name":null,"country_id":null},{"active":false,"Giataid":"372283","cityId":null,"cityName":"Kedainiai","hotelId":372283,"hotelName":"Grejaus Namas","address":"Didzioji Street 36,57257 Kedainiai,Lithuania","phones":"","fax":"","email":"","url":"","countryIso2":"LT","countryName":"Lithuania","hotelRating":"3","latitude":"55.287","longitude":"23.9788","state_id":null,"state_name":null,"country_id":null},{"active":false,"Giataid":"372284","cityId":null,"cityName":"Kedainiai","hotelId":372284,"hotelName":"Smilga Hotel","address":"","phones":"","fax":"","email":"","url":"","countryIso2":"LT","countryName":"Lithuania","hotelRating":"1","latitude":"55.2864","longitude":"23.9806","state_id":null,"state_name":null,"country_id":null},{"active":false,"Giataid":"372288","cityId":null,"cityName":"Ma?eikiai","hotelId":372288,"hotelName":"Astrum Palace","address":"Laisves gatve 7A,Ma?eikiai 89222,Lithuania","phones":"","fax":"","email":"","url":"","countryIso2":"LT","countryName":"Lithuania","hotelRating":"4","latitude":"56.3112","longitude":"22.347","state_id":null,"state_name":null,"country_id":null},{"active":false,"Giataid":"372290","cityId":null,"cityName":"Ma?eikiai","hotelId":372290,"hotelName":"Synet","address":"?emaitijos gatve 36,Ma?eikiai 89153,Lithuania","phones":"","fax":"","email":"","url":"","countryIso2":"LT","countryName":"Lithuania","hotelRating":"1","latitude":"56.3031","longitude":"22.3384","state_id":null,"state_name":null,"country_id":null},{"active":false,"Giataid":"388790","cityId":null,"cityName":"Panevezys","hotelId":388790,"hotelName":"Verslo Klase Hotel Panevezys","address":"","phones":"","fax":"","email":"","url":"","countryIso2":"LT","countryName":"Lithuania","hotelRating":"3","latitude":"55.7433","longitude":"24.371","state_id":null,"state_name":null,"country_id":null},{"active":false,"Giataid":"392196","cityId":null,"cityName":"Klaipeda","hotelId":392196,"hotelName":"ibis Styles Klaipeda Aurora","address":"Nemuno street 51,91190 Klaipeda,Lithuania","phones":"+37046297000","fax":"","email":"","url":"","countryIso2":"LT","countryName":"Lithuania","hotelRating":"3","latitude":"55.6891","longitude":"21.1414","state_id":null,"state_name":null,"country_id":null},{"active":false,"Giataid":"405851","cityId":null,"cityName":"Joni?kis","hotelId":405851,"hotelName":"Siaures Vartai","address":"Upytes gatve 5a,84148 Joniskis,Lithuania","phones":"+37042651345","fax":"+37042651345","email":"nfranckaitiene@gmail.com","url":"http://www.siauresvartai.lt","countryIso2":"LT","countryName":"Lithuania","hotelRating":"3","latitude":"56.2407","longitude":"23.6169","state_id":null,"state_name":null,"country_id":null},{"active":false,"Giataid":"426935","cityId":null,"cityName":"Virsurodukio","hotelId":426935,"hotelName":"Villa Dzukijos Uoga","address":"","phones":"","fax":"","email":"","url":"","countryIso2":"LT","countryName":"Lithuania","hotelRating":"1","latitude":"54.0867","longitude":"24.2531","state_id":null,"state_name":null,"country_id":null},{"active":false,"Giataid":"426937","cityId":null,"cityName":"Radailiai","hotelId":426937,"hotelName":"Dino Park Radailiai","address":"Pu?yno g. 9,Radailiai,Lithuania","phones":"+37068511764","fax":"","email":"dino@dino.lt","url":"http://www.dino.lt/","countryIso2":"LT","countryName":"Lithuania","hotelRating":"1","latitude":"55.7864","longitude":"21.2196","state_id":null,"state_name":null,"country_id":null},{"active":false,"Giataid":"426938","cityId":null,"cityName":"Klaipeda","hotelId":426938,"hotelName":"Sveciu Namai Guest House","address":"","phones":"","fax":"","email":"","url":"","countryIso2":"LT","countryName":"Lithuania","hotelRating":"1","latitude":"55.6786","longitude":"21.159","state_id":null,"state_name":null,"country_id":null},{"active":false,"Giataid":"450502","cityId":null,"cityName":"Klaipeda","hotelId":450502,"hotelName":"Palva","address":"","phones":"","fax":"","email":"","url":"","countryIso2":"LT","countryName":"Lithuania","hotelRating":"3","latitude":"55.7011","longitude":"21.117","state_id":null,"state_name":null,"country_id":null},{"active":false,"Giataid":"451060","cityId":null,"cityName":"Juodkrante","hotelId":451060,"hotelName":"Vila Vita","address":"","phones":"","fax":"","email":"","url":"","countryIso2":"LT","countryName":"Lithuania","hotelRating":"3","latitude":"55.5293","longitude":"21.1168","state_id":null,"state_name":null,"country_id":null},{"active":false,"Giataid":"452177","cityId":null,"cityName":"Marijampole","hotelId":452177,"hotelName":"Luna","address":"","phones":"","fax":"","email":"","url":"","countryIso2":"LT","countryName":"Lithuania","hotelRating":"1","latitude":"54.5695","longitude":"23.3386","state_id":null,"state_name":null,"country_id":null},{"active":false,"Giataid":"464661","cityId":null,"cityName":"Sasnava","hotelId":464661,"hotelName":"Rezidencija Grizulo ratai","address":"Kantaliskiu,69481 Sasnavos Sen,Marijampoles Sav,Lithuania","phones":"+37034320961","fax":"","email":"info@grizuloratai.eu","url":"http://www.grizuloratai.eu","countryIso2":"LT","countryName":"Lithuania","hotelRating":"1","latitude":"54.6343","longitude":"23.4329","state_id":null,"state_name":null,"country_id":null},{"active":false,"Giataid":"464734","cityId":null,"cityName":"Padubysis","hotelId":464734,"hotelName":"Pas Pinciuka","address":"Vilkijos Apylinkiu Seniunija,Padubysis,Lithuania","phones":"","fax":"","email":"","url":"","countryIso2":"LT","countryName":"Lithuania","hotelRating":"1","latitude":"55.1116","longitude":"23.4695","state_id":null,"state_name":null,"country_id":null},{"active":false,"Giataid":"465622","cityId":null,"cityName":"Joni?kis","hotelId":465622,"hotelName":"Hotel Audruvis","address":"Ziniunu kaimas,84164 Joniskis,Lithuania","phones":"+37042651738","fax":"+37042651230","email":"info@horseaudruvis.lt","url":"http://www.audruvis.lt/","countryIso2":"LT","countryName":"Lithuania","hotelRating":"3","latitude":"56.2323","longitude":"23.5846","state_id":null,"state_name":null,"country_id":null},{"active":false,"Giataid":"465957","cityId":null,"cityName":"Gobergiske","hotelId":465957,"hotelName":"Trys mylimos","address":"Gobergi?ke,Dauparai,Lithuania","phones":"","fax":"","email":"","url":"","countryIso2":"LT","countryName":"Lithuania","hotelRating":"1","latitude":"55.7193","longitude":"21.31","state_id":null,"state_name":null,"country_id":null},{"active":false,"Giataid":"466540","cityId":null,"cityName":"Plinkses","hotelId":466540,"hotelName":"Hotel Plinksiu","address":"Dvaro gatve 6,89356 Plinksiu k.,Mazeikiu r.,Lithuania","phones":"+37069829688","fax":"","email":"info@plinkseshotel.lt","url":"http://plinkseshotel.lt/","countryIso2":"LT","countryName":"Lithuania","hotelRating":"3","latitude":"56.1442","longitude":"22.1709","state_id":null,"state_name":null,"country_id":null},{"active":false,"Giataid":"468275","cityId":null,"cityName":"Ma?eikiai","hotelId":468275,"hotelName":"Laisves 30","address":"","phones":"","fax":"","email":"","url":"","countryIso2":"LT","countryName":"Lithuania","hotelRating":"1","latitude":"56.3136","longitude":"22.3447","state_id":null,"state_name":null,"country_id":null},{"active":false,"Giataid":"468301","cityId":null,"cityName":"Roki?kis","hotelId":468301,"hotelName":"Pagunda","address":"Respublikos g. 45a,42130 Rokiskis,Lithuania","phones":"+370845833234","fax":"","email":"darola@zebra.lt","url":"","countryIso2":"LT","countryName":"Lithuania","hotelRating":"3","latitude":"55.9597","longitude":"25.588","state_id":null,"state_name":null,"country_id":null},{"active":false,"Giataid":"471013","cityId":null,"cityName":"Grinaiciai","hotelId":471013,"hotelName":"Kaimo Turizmo Sodyba Margiskiu Dvaras","address":"Margiskiu km. 4,Sakiai raj.,Lithuania","phones":"+37065688332","fax":"","email":"margiskiai@yahoo.com","url":"http://www.margiskiai.lt/","countryIso2":"LT","countryName":"Lithuania","hotelRating":"4","latitude":"55.0433","longitude":"22.6889","state_id":null,"state_name":null,"country_id":null},{"active":false,"Giataid":"472091","cityId":null,"cityName":"Minija","hotelId":472091,"hotelName":"Minges Egzotika","address":"Kroku Lankos g. 33, Minija,99630 Minge,Lithuania","phones":"","fax":"","email":"","url":"","countryIso2":"LT","countryName":"Lithuania","hotelRating":"3","latitude":"55.3589","longitude":"21.2842","state_id":null,"state_name":null,"country_id":null},{"active":false,"Giataid":"473060","cityId":null,"cityName":"?alioji","hotelId":473060,"hotelName":"Romuvos parkas","address":"?aliosios kaimas 9,Svedasu seniunija,29353 ?alioji,Anyk?ciu raj.,Lithuania","phones":"+37061251800","fax":"","email":"info@romuvosparkas.lt","url":"http://www.romuvosparkas.lt/","countryIso2":"LT","countryName":"Lithuania","hotelRating":"3","latitude":"55.6255","longitude":"25.4196","state_id":null,"state_name":null,"country_id":null},{"active":false,"Giataid":"474035","cityId":null,"cityName":"Kaisiadorys","hotelId":474035,"hotelName":"Pas Radvil","address":"Zasliu g. 34,Kaisiadorys,Lithuania","phones":"+37061153528","fax":"","email":"aradva@pasradvila.lt","url":"http://www.pasradvila.lt","countryIso2":"LT","countryName":"Lithuania","hotelRating":"1","latitude":"54.8595","longitude":"24.4286","state_id":null,"state_name":null,"country_id":null},{"active":false,"Giataid":"474089","cityId":null,"cityName":"Radziunai","hotelId":474089,"hotelName":"Dzukijos dvaras","address":"Rad?iunu gatve 33,Rad?iunu,Alytus,Lithuania,Lithuania","phones":"+37064777506","fax":"","email":"info@dzukijosdvaras.lt","url":"http://dzukijosdvaras.lt/","countryIso2":"LT","countryName":"Lithuania","hotelRating":"1","latitude":"54.3655","longitude":"24.0068","state_id":null,"state_name":null,"country_id":null},{"active":false,"Giataid":"476392","cityId":null,"cityName":"Vilkanastrai","hotelId":476392,"hotelName":"Vilkanastru Dvaras","address":"Azagio g. 7A,LT-67284 Vilkanastrai,Lithuania","phones":"+37061222206","fax":"","email":"VILKANASTRUDVARAS@GMAIL.COM","url":"http://vilkanastrudvaras.lt/","countryIso2":"LT","countryName":"Lithuania","hotelRating":"1","latitude":"54.0506","longitude":"23.8718","state_id":null,"state_name":null,"country_id":null},{"active":false,"Giataid":"476596","cityId":null,"cityName":"Rusne","hotelId":476596,"hotelName":"Rusne Villa","address":"Pakalnes 82,99352 Rusne,?ilutes raj,Lithuania","phones":"+37065297333","fax":"","email":"aiste@rusnevilla.lt","url":"http://www.booking.com/hotel/lt/rusne-villa-pamarys.html","countryIso2":"LT","countryName":"Lithuania","hotelRating":"1","latitude":"55.3168","longitude":"21.3134","state_id":null,"state_name":null,"country_id":null},{"active":false,"Giataid":"613101","cityId":null,"cityName":"Kaisiadorys","hotelId":613101,"hotelName":"Senieji Backonys","address":"","phones":"+37034667007","fax":"","email":"","url":"","countryIso2":"LT","countryName":"Lithuania","hotelRating":"1","latitude":"54.8018","longitude":"24.4974","state_id":null,"state_name":null,"country_id":null},{"active":false,"Giataid":"622373","cityId":null,"cityName":"Kaisiadorys","hotelId":622373,"hotelName":"Roko Sodyba","address":"Stasiunu Kaimas,Ziezmariu Seniunija,56139 Kai?iadorys,Lithuania","phones":"+370862022288","fax":"","email":"info@rokosodyba.lt","url":"http://www.rokosodyba.lt/","countryIso2":"LT","countryName":"Lithuania","hotelRating":"1","latitude":"54.8466","longitude":"24.4836","state_id":null,"state_name":null,"country_id":null},{"active":false,"Giataid":"622856","cityId":null,"cityName":"?ventoji","hotelId":622856,"hotelName":"Zara","address":"","phones":"","fax":"","email":"","url":"","countryIso2":"LT","countryName":"Lithuania","hotelRating":"1","latitude":"56.019","longitude":"21.0774","state_id":null,"state_name":null,"country_id":null},{"active":false,"Giataid":"622929","cityId":null,"cityName":"Anyk?ciai","hotelId":622929,"hotelName":"Burbiskio dvaras","address":"","phones":"","fax":"","email":"","url":"","countryIso2":"LT","countryName":"Lithuania","hotelRating":"1","latitude":"55.5105","longitude":"25.1493","state_id":null,"state_name":null,"country_id":null},{"active":false,"Giataid":"622933","cityId":null,"cityName":"Bir?ai","hotelId":622933,"hotelName":"Avanti viesbutis-restoranas","address":"","phones":"+37068262402","fax":"","email":"","url":"","countryIso2":"LT","countryName":"Lithuania","hotelRating":"2","latitude":"56.1968","longitude":"24.7571","state_id":null,"state_name":null,"country_id":null},{"active":false,"Giataid":"622944","cityId":null,"cityName":"Elektrenai","hotelId":622944,"hotelName":"Capitals Golf Club","address":"","phones":"+37061999999","fax":"","email":"","url":"","countryIso2":"LT","countryName":"Lithuania","hotelRating":"3","latitude":"54.7207","longitude":"24.7613","state_id":null,"state_name":null,"country_id":null},{"active":false,"Giataid":"622949","cityId":null,"cityName":"Klaipeda","hotelId":622949,"hotelName":"Dunetton","address":"","phones":"+37046385577","fax":"","email":"","url":"","countryIso2":"LT","countryName":"Lithuania","hotelRating":"4","latitude":"55.7126","longitude":"21.1253","state_id":null,"state_name":null,"country_id":null},{"active":false,"Giataid":"622954","cityId":null,"cityName":"Marijampole","hotelId":622954,"hotelName":"BHB Hotel","address":"","phones":"","fax":"","email":"","url":"","countryIso2":"LT","countryName":"Lithuania","hotelRating":"1","latitude":"54.5452","longitude":"23.3468","state_id":null,"state_name":null,"country_id":null},{"active":false,"Giataid":"622958","cityId":null,"cityName":"Kaltanenai","hotelId":622958,"hotelName":"Prie Zeimenos","address":"?vencioneliu street 24,Kaltanenai,18239 ?vencioniu,Lithuania","phones":"","fax":"","email":"","url":"","countryIso2":"LT","countryName":"Lithuania","hotelRating":"1","latitude":"0","longitude":"0","state_id":null,"state_name":null,"country_id":null},{"active":false,"Giataid":"622972","cityId":null,"cityName":"Birstonas","hotelId":622972,"hotelName":"Pusyne","address":"","phones":"","fax":"","email":"","url":"","countryIso2":"LT","countryName":"Lithuania","hotelRating":"1","latitude":"54.6077","longitude":"24.0264","state_id":null,"state_name":null,"country_id":null},{"active":false,"Giataid":"622989","cityId":null,"cityName":"Minija","hotelId":622989,"hotelName":"Minges Sodyba","address":"","phones":"","fax":"","email":"","url":"","countryIso2":"LT","countryName":"Lithuania","hotelRating":"1","latitude":"0","longitude":"0","state_id":null,"state_name":null,"country_id":null},{"active":false,"Giataid":"623017","cityId":null,"cityName":"Labanoras","hotelId":623017,"hotelName":"Labanoras","address":"","phones":"","fax":"","email":"","url":"","countryIso2":"LT","countryName":"Lithuania","hotelRating":"1","latitude":"0","longitude":"0","state_id":null,"state_name":null,"country_id":null},{"active":false,"Giataid":"631429","cityId":null,"cityName":"Mad?iunai","hotelId":631429,"hotelName":"Maldis","address":"Mad?iunai,LT-21167 Mad?iunai,Lithuania","phones":"","fax":"","email":"","url":"","countryIso2":"LT","countryName":"Lithuania","hotelRating":"2","latitude":"54.4617","longitude":"24.9799","state_id":null,"state_name":null,"country_id":null},{"active":false,"Giataid":"643751","cityId":null,"cityName":"Karmelava","hotelId":643751,"hotelName":"Aneles Bed and Breakfast","address":"Lauko 3,54448 Karmelava,Lithuania","phones":"+37069920663","fax":"","email":"info@aneleshotel.lt","url":"http://www.aneleshotel.lt/","countryIso2":"LT","countryName":"Lithuania","hotelRating":"1","latitude":"54.9693","longitude":"24.0568","state_id":null,"state_name":null,"country_id":null},{"active":false,"Giataid":"643760","cityId":null,"cityName":"Klangiai","hotelId":643760,"hotelName":"Guest House Klangiu","address":"74438 Klangiai,Lithuania","phones":"","fax":"","email":"","url":"","countryIso2":"LT","countryName":"Lithuania","hotelRating":"1","latitude":"55.0749","longitude":"23.3104","state_id":null,"state_name":null,"country_id":null},{"active":false,"Giataid":"644201","cityId":null,"cityName":"Dauparai","hotelId":644201,"hotelName":"Sodyba Smiltele","address":"Klaipedos 9,Dauparu k,Klaipedos raj,96169 Dauparai,Lithuania","phones":"+37067765971","fax":"+37046475037","email":"sodybasmiltele@gmail.com","url":"http://www.sodybasmiltele.lt/EN/farmstead-ii","countryIso2":"LT","countryName":"Lithuania","hotelRating":"1","latitude":"55.7164","longitude":"21.305","state_id":null,"state_name":null,"country_id":null},{"active":false,"Giataid":"644297","cityId":null,"cityName":"Stanioniai","hotelId":644297,"hotelName":"Motel Istros Aviaparkas","address":"Stanioniu kaimas,Panevezio rajonas,38436 Stanioniai,Lithuania","phones":"","fax":"","email":"","url":"","countryIso2":"LT","countryName":"Lithuania","hotelRating":"1","latitude":"55.8286","longitude":"24.3602","state_id":null,"state_name":null,"country_id":null},{"active":false,"Giataid":"644299","cityId":null,"cityName":"Puo?as","hotelId":644299,"hotelName":"Puozo Sveciu Namai","address":"Puozo kaimas,Kupiskio rajonas,Puozas 40313,Lithuania","phones":"","fax":"","email":"","url":"","countryIso2":"LT","countryName":"Lithuania","hotelRating":"1","latitude":"55.8098","longitude":"25.1634","state_id":null,"state_name":null,"country_id":null},{"active":false,"Giataid":"644312","cityId":null,"cityName":"Girsteitiskis","hotelId":644312,"hotelName":"Vila Terra Resort","address":"Gruod?iu 29,Gruod?iu k,Balninkai sen,33147 Girsteiti?kis,Lithuania","phones":"","fax":"","email":"","url":"","countryIso2":"LT","countryName":"Lithuania","hotelRating":"1","latitude":"55.2864","longitude":"25.2519","state_id":null,"state_name":null,"country_id":null},{"active":false,"Giataid":"644323","cityId":null,"cityName":"Avi?ieniai","hotelId":644323,"hotelName":"Mamos virtuve","address":"Senasis Ukmerges kelias 11,14013 Avi?ieniai,Lithuania","phones":"+370852403944","fax":"","email":"mamosvirtuve@gmail.com","url":"http://www.mamosvirtuve.lt","countryIso2":"LT","countryName":"Lithuania","hotelRating":"1","latitude":"54.7689","longitude":"25.1985","state_id":null,"state_name":null,"country_id":null},{"active":false,"Giataid":"644329","cityId":null,"cityName":"Bertasiunai","hotelId":644329,"hotelName":"Bertasiunu Homestead","address":"Veisieju sen,Lazdiju raj,67300 Berta?iunai,Lithuania","phones":"+37069875716","fax":"","email":"bertasiunai@gmail.com","url":"http://www.bertasiunai.lt","countryIso2":"LT","countryName":"Lithuania","hotelRating":"1","latitude":"54.0607","longitude":"23.7668","state_id":null,"state_name":null,"country_id":null},{"active":false,"Giataid":"644332","cityId":null,"cityName":"Gudeliai","hotelId":644332,"hotelName":"Guest House Mituva","address":"Mituvos gatve 30,Girdziai,74015 Gudeliai,Lithuania","phones":"+3704749707","fax":"","email":"mituva@puslapiai.lt","url":"http://www.mituva.puslapiai.lt","countryIso2":"LT","countryName":"Lithuania","hotelRating":"1","latitude":"55.1631","longitude":"22.7969","state_id":null,"state_name":null,"country_id":null},{"active":false,"Giataid":"644338","cityId":null,"cityName":"Salakas","hotelId":644338,"hotelName":"Manor Ustas","address":"Pakerniskiu km,Salako Sen,Zarasu raj,32211 Salakas,Lithuania","phones":"","fax":"","email":"","url":"","countryIso2":"LT","countryName":"Lithuania","hotelRating":"1","latitude":"55.6111","longitude":"26.098","state_id":null,"state_name":null,"country_id":null},{"active":false,"Giataid":"644346","cityId":null,"cityName":"Karmelava","hotelId":644346,"hotelName":"Jurates Bed and Breakfast Namai","address":"Tulpiu gatve 9,54459 Karmelava,Lithuania","phones":"+37069949150","fax":"","email":"info@gguesthouse.lt","url":"http://www.gguesthouse.lt/","countryIso2":"LT","countryName":"Lithuania","hotelRating":"1","latitude":"54.9696","longitude":"24.0672","state_id":null,"state_name":null,"country_id":null},{"active":false,"Giataid":"644678","cityId":null,"cityName":"Salakas","hotelId":644678,"hotelName":"Guest House Salako","address":"Laisvoji a.2,32216 Salakas,Lithuania","phones":"+37069933761","fax":"","email":"info@aukrude.lt","url":"http://aukrude.lt","countryIso2":"LT","countryName":"Lithuania","hotelRating":"1","latitude":"55.5812","longitude":"26.1334","state_id":null,"state_name":null,"country_id":null},{"active":false,"Giataid":"645159","cityId":null,"cityName":"Sudeikiai","hotelId":645159,"hotelName":"Alauso Slenis","address":"Pakrantes  g. 53,Bikuskio Kaimas,Sudeikiu Seniunija,28401 Sudeikiai,Lithuania","phones":"+37064042840","fax":"","email":"centras@alausoslenis.lt","url":"http://www.alausoslenis.lt/","countryIso2":"LT","countryName":"Lithuania","hotelRating":"1","latitude":"55.6107","longitude":"25.6808","state_id":null,"state_name":null,"country_id":null},{"active":false,"Giataid":"751253","cityId":null,"cityName":"Birstonas","hotelId":751253,"hotelName":"Vytautas Mineral Spa","address":"Karalienes Barboros Al 2,59206 Bir?tonas,Lithuania","phones":"+37031942139","fax":"","email":"reservation@spavytautas.lt","url":"http://vytautasmineralspa.lt","countryIso2":"LT","countryName":"Lithuania","hotelRating":"4","latitude":"54.6101","longitude":"24.0197","state_id":null,"state_name":null,"country_id":null},{"active":false,"Giataid":"762355","cityId":null,"cityName":"Radailiai","hotelId":762355,"hotelName":"Radailiu Dvaras","address":"Pusyno Gvalet 9,7 km U? Klaipedos,Radailiai,Klaipedos Rajono,Lithuania","phones":"","fax":"","email":"infodvaras@gmail.com","url":"http://www.radailiudvaras.lt/","countryIso2":"LT","countryName":"Lithuania","hotelRating":"1","latitude":"55.7863","longitude":"21.2196","state_id":null,"state_name":null,"country_id":null},{"active":false,"Giataid":"794437","cityId":null,"cityName":"Klaipeda","hotelId":794437,"hotelName":"Kubu Hostel","address":"Herkaus Manto Street 37a,92236 Klaipeda,Lithuania","phones":"","fax":"","email":"info@kubu.lt","url":"http://www.kubu.lt/en/viesbuciai/hostel/","countryIso2":"LT","countryName":"Lithuania","hotelRating":"1","latitude":"55.7183","longitude":"21.1269","state_id":null,"state_name":null,"country_id":null},{"active":false,"Giataid":"794570","cityId":null,"cityName":"Panevezys","hotelId":794570,"hotelName":"Hotel Pas Katina","address":"Panevezys-Pasvalys-Riga Road 4 km,38416 Panevezys,Lithuania","phones":"","fax":"","email":"piniava@paskatina.lt","url":"http://paskatina.lt","countryIso2":"LT","countryName":"Lithuania","hotelRating":"1","latitude":"55.7269","longitude":"24.3639","state_id":null,"state_name":null,"country_id":null},{"active":false,"Giataid":"794583","cityId":null,"cityName":"?ventoji","hotelId":794583,"hotelName":"Baltijos Perlas","address":"Mokyklos g 5A,LT-00303 Sventoji,Lithuania","phones":"","fax":"","email":"","url":"","countryIso2":"LT","countryName":"Lithuania","hotelRating":"1","latitude":"56.0232","longitude":"21.0819","state_id":null,"state_name":null,"country_id":null},{"active":false,"Giataid":"795448","cityId":null,"cityName":"Mai?iagala","hotelId":795448,"hotelName":"Grafo H Dvaras","address":"Algirdas Gatve 9B,14025 Vilnius,Lithuania","phones":"","fax":"","email":"grafohdvaras@gmail.com","url":"http://www.grafodvaras.lt/","countryIso2":"LT","countryName":"Lithuania","hotelRating":"1","latitude":"54.6849","longitude":"25.2754","state_id":null,"state_name":null,"country_id":null},{"active":false,"Giataid":"796105","cityId":null,"cityName":"?iauliai","hotelId":796105,"hotelName":"GP Hostel","address":"Lieporiu G. 25,78302 Siauliai,Lithuania","phones":"","fax":"","email":"","url":"http://www.booking.com/hotel/lt/global-people-hostel.en-gb.html?aid=357026","countryIso2":"LT","countryName":"Lithuania","hotelRating":"1","latitude":"55.9342","longitude":"23.3038","state_id":null,"state_name":null,"country_id":null},{"active":false,"Giataid":"796458","cityId":null,"cityName":"Dauparai","hotelId":796458,"hotelName":"Motelis Avia","address":"Oro Uosto Street 9,LT-91176 Dirvupiai,Lithuania","phones":"+37061413001","fax":"","email":"info@motelisavia.com","url":"http://www.motelisavia.com","countryIso2":"LT","countryName":"Lithuania","hotelRating":"1","latitude":"55.7096","longitude":"21.2441","state_id":null,"state_name":null,"country_id":null},{"active":false,"Giataid":"797581","cityId":null,"cityName":"Pervalka","hotelId":797581,"hotelName":"Kelininkas","address":"Pervalkos g. 2,LT-93123 Neringa,Lithuania","phones":"","fax":"","email":"road.pervalka@gmail.com","url":"http://www.kelininkas.lt","countryIso2":"LT","countryName":"Lithuania","hotelRating":"1","latitude":"55.4165","longitude":"21.1005","state_id":null,"state_name":null,"country_id":null},{"active":false,"Giataid":"797879","cityId":null,"cityName":"?iauliai","hotelId":797879,"hotelName":"Motelis Saurida","address":"Vilniaus g. 373,76326 ?iauliai,Lithuania","phones":"","fax":"","email":"","url":"","countryIso2":"LT","countryName":"Lithuania","hotelRating":"1","latitude":"55.9342","longitude":"23.3038","state_id":null,"state_name":null,"country_id":null},{"active":false,"Giataid":"806886","cityId":null,"cityName":"?ventoji","hotelId":806886,"hotelName":"Relax Park","address":"Kursiu Takas 3,LT-00317 Sventoji,Lithuania","phones":"","fax":"","email":"","url":"","countryIso2":"LT","countryName":"Lithuania","hotelRating":"1","latitude":"56.0232","longitude":"21.0819","state_id":null,"state_name":null,"country_id":null},{"active":false,"Giataid":"809247","cityId":null,"cityName":"Marijampole","hotelId":809247,"hotelName":"Hostel Gedimino str. 77","address":"Gedimino G 77,68113 Marijampole,Lithuania","phones":"","fax":"","email":"","url":"","countryIso2":"LT","countryName":"Lithuania","hotelRating":"1","latitude":"54.5617","longitude":"23.3485","state_id":null,"state_name":null,"country_id":null},{"active":false,"Giataid":"816326","cityId":null,"cityName":"Klaipeda","hotelId":816326,"hotelName":"Vlantana","address":"Dvaro Gatve  1,Gobergiske,LT-92498 Klaipeda,Lithuania","phones":"+37046416505","fax":"+37046416541","email":"office@vlantana.lt","url":"http://vlantana.eu","countryIso2":"LT","countryName":"Lithuania","hotelRating":"1","latitude":"55.7201","longitude":"21.2927","state_id":null,"state_name":null,"country_id":null},{"active":false,"Giataid":"819927","cityId":null,"cityName":"Joni?kis","hotelId":819927,"hotelName":"Sunny Nights Camping","address":"E77/A12 Road,Rygos Street 12A,Gatauciai,84268 Joniskis,Lithuania","phones":"+37062606735","fax":"","email":"sunnynightscamping@gmail.com","url":"http://www.sunnynights.lt","countryIso2":"LT","countryName":"Lithuania","hotelRating":"1","latitude":"56.2323","longitude":"23.5846","state_id":null,"state_name":null,"country_id":null},{"active":false,"Giataid":"837129","cityId":null,"cityName":"Panevezys","hotelId":837129,"hotelName":"Linos Apartamentai","address":"Kranto Street 15A,LT-35173 Paneve?ys,Lithuania","phones":"","fax":"","email":"","url":"","countryIso2":"LT","countryName":"Lithuania","hotelRating":"1","latitude":"55.7314","longitude":"24.3606","state_id":null,"state_name":null,"country_id":null},{"active":false,"Giataid":"85346","cityId":null,"cityName":"Vente","hotelId":20004413,"hotelName":"Villa Ventaine","address":"Mariu Gatve 7,99361 Vente,Lithuania","phones":"+37044168525","fax":"+37044147422","email":"ventaine@takas.lt","url":"http://www.ventaine.lt","countryIso2":"LT","countryName":"Lithuania","hotelRating":"0","latitude":"55.3562","longitude":"21.2044","state_id":null,"state_name":null,"country_id":null},{"active":false,"Giataid":"469253","cityId":null,"cityName":"Birstonas","hotelId":20004563,"hotelName":"Medical SPA Egles sanatorija Birstonas","address":"Algirdo Street 22,LT-59204 Birstonas,Lithuania","phones":"+37031942142","fax":"+37031942152","email":"birstonas@sanatorija.lt","url":"http://birstonas.sanatorija.lt/","countryIso2":"LT","countryName":"Lithuania","hotelRating":"3","latitude":"54.6094","longitude":"24.0322","state_id":null,"state_name":null,"country_id":null},{"active":false,"Giataid":"384340","cityId":null,"cityName":"Birstonas","hotelId":20004892,"hotelName":"Sofijos Rezidencija","address":"Jaunimo gatve 6,Bir?tonas 59206,Lithuania","phones":"","fax":"","email":"","url":"","countryIso2":"LT","countryName":"Lithuania","hotelRating":"3","latitude":"54.607","longitude":"24.0258","state_id":null,"state_name":null,"country_id":null},{"active":false,"Giataid":"85347","cityId":null,"cityName":"Kintai","hotelId":20005419,"hotelName":"Landhotel Kintai","address":"?ilutes raj.,99358 Kintu mst.,Lithuania","phones":"+370844147339","fax":"+370844147339","email":"uab-kintai@silute.omnitel.net","url":"http://www.kintai.lt","countryIso2":"LT","countryName":"Lithuania","hotelRating":"0","latitude":"55.4","longitude":"21.2863","state_id":null,"state_name":null,"country_id":null},{"active":false,"Giataid":"724176","cityId":null,"cityName":"Klaipeda","hotelId":20006617,"hotelName":"Michaelson Boutique HOTEL","address":"Zveju g Street 18A,91241 Klaipeda,Lithuania","phones":"+37046224413","fax":"","email":"mail","url":"http://hotelmichaelson.com","countryIso2":"LT","countryName":"Lithuania","hotelRating":"4","latitude":"55.7071","longitude":"21.1276","state_id":null,"state_name":null,"country_id":null},{"active":false,"Giataid":"644205","cityId":null,"cityName":"Karkle","hotelId":20008096,"hotelName":"Seaside Homestead in Karkle","address":"Placio 66,Karkle,Klaipeda district,Lithuania","phones":"+37069826354","fax":"","email":"karklessodyba@gmail.com","url":"http://www.karklessodyba.lt","countryIso2":"LT","countryName":"Lithuania","hotelRating":"0","latitude":"55.807","longitude":"21.0668","state_id":null,"state_name":null,"country_id":null},{"active":false,"Giataid":"644686","cityId":null,"cityName":"Pagegiai","hotelId":20008215,"hotelName":"Pagege","address":"?emaiciu gatve 1,Pagegiai 99288,Lithuania","phones":"+37044157341","fax":"","email":"hotel-pagege@hotel-pagege.lt","url":"http://www.hotel-pagege.lt/","countryIso2":"LT","countryName":"Lithuania","hotelRating":"0","latitude":"55.1379","longitude":"21.9063","state_id":null,"state_name":null,"country_id":null},{"active":false,"Giataid":"472677","cityId":null,"cityName":"Anyk?ciai","hotelId":20008561,"hotelName":"Gradiali Anyksciai","address":"Klykunu km. 1,LT-29213 Anyksciai,Lithuania","phones":"","fax":"","email":"","url":"http://anyksciai.gradiali.com/","countryIso2":"LT","countryName":"Lithuania","hotelRating":"0","latitude":"55.4933","longitude":"25.244","state_id":null,"state_name":null,"country_id":null},{"active":false,"Giataid":"229647","cityId":null,"cityName":"Klaipeda","hotelId":20009445,"hotelName":"Parkas","address":"3 Liepojos gatve,Klaipeda 91001,Lithuania","phones":"+37052625241","fax":"+37052625242","email":"","url":"http://www.lithuanianhotels.com/hotels/Parkas","countryIso2":"LT","countryName":"Lithuania","hotelRating":"3","latitude":"55.7447","longitude":"21.1294","state_id":null,"state_name":null,"country_id":null},{"active":false,"Giataid":"298709","cityId":null,"cityName":"?iauliai","hotelId":20009742,"hotelName":"Grafaites Svetaine","address":"Ausros st. 1,Ginkunai,Siauliai,Lithuania","phones":"+37041589120","fax":"+37041502152","email":"info@hotelgrafaite.com","url":"http://hotelgrafaite.com/ebout-us.html","countryIso2":"LT","countryName":"Lithuania","hotelRating":"3","latitude":"55.9538","longitude":"23.3548","state_id":null,"state_name":null,"country_id":null},{"active":false,"Giataid":"644744","cityId":null,"cityName":"?iauliai","hotelId":20010025,"hotelName":"Geltona","address":"Siauliu Raj,Berzynes Km,80182 Siauliai,Lithuania","phones":"+37041511511","fax":"","email":"info@geltona.com","url":"http://www.geltona.com/","countryIso2":"LT","countryName":"Lithuania","hotelRating":"0","latitude":"55.8937","longitude":"23.2314","state_id":null,"state_name":null,"country_id":null},{"active":false,"Giataid":"369105","cityId":null,"cityName":"Klaipeda","hotelId":20010307,"hotelName":"Astra Hotel Klaipeda","address":"Pilies gatve 2,Klaipeda 91240,Lithuania","phones":"","fax":"","email":"","url":"","countryIso2":"LT","countryName":"Lithuania","hotelRating":"0","latitude":"55.7073","longitude":"21.1308","state_id":null,"state_name":null,"country_id":null},{"active":false,"Giataid":"622990","cityId":null,"cityName":"Klaipeda","hotelId":20010588,"hotelName":"Smiltynes Jachtklubas","address":"Smiltynes Street 25,93100 Klaipeda,Lithuania","phones":"+37066355550","fax":"","email":"info@smiltynesjachtklubas.lt","url":"http://www.smiltynesjachtklubas.lt","countryIso2":"LT","countryName":"Lithuania","hotelRating":"3","latitude":"55.6974","longitude":"21.1196","state_id":null,"state_name":null,"country_id":null},{"active":false,"Giataid":"644673","cityId":null,"cityName":"Klaipeda","hotelId":20010857,"hotelName":"Aparthotel Stora Antis","address":"Tiltu gatve 1,Klaipeda 91249,Lithuania","phones":"","fax":"","email":"apartantis@gmail.com","url":"http://www.storaantis.lt","countryIso2":"LT","countryName":"Lithuania","hotelRating":"0","latitude":"55.71","longitude":"21.1342","state_id":null,"state_name":null,"country_id":null},{"active":false,"Giataid":"477114","cityId":null,"cityName":"?iauliai","hotelId":20011399,"hotelName":"Skaistazied","address":"Vairo g. 25,78140 Ziauliai,Lithuania","phones":"","fax":"","email":"","url":"","countryIso2":"LT","countryName":"Lithuania","hotelRating":"0","latitude":"55.9349","longitude":"23.3137","state_id":null,"state_name":null,"country_id":null},{"active":false,"Giataid":"370334","cityId":null,"cityName":"?iauliai","hotelId":20011681,"hotelName":"Siauliu Krasto Medziotoju Uzeiga Hotel","address":"Dubijos gatve 20,?iauliai 77207,Lithuania","phones":"","fax":"","email":"","url":"","countryIso2":"LT","countryName":"Lithuania","hotelRating":"4","latitude":"55.9284","longitude":"23.297","state_id":null,"state_name":null,"country_id":null},{"active":false,"Giataid":"429731","cityId":null,"cityName":"Radvili?kis","hotelId":20011872,"hotelName":"RD Motel","address":"Siauliu Plentas 4a,Sniuraiciai,Radviliskis,Lithuania","phones":"+37062105577","fax":"","email":"","url":"http://www.rimuosesdvaras.lt/en","countryIso2":"LT","countryName":"Lithuania","hotelRating":"0","latitude":"55.8654","longitude":"23.4818","state_id":null,"state_name":null,"country_id":null},{"active":false,"Giataid":"34218","cityId":null,"cityName":"Klaipeda","hotelId":20013375,"hotelName":"Art Hotel Bohema","address":"Galinio Pylimo g. 16,91232 Klaipeda,Lithuania","phones":"+37046411884","fax":"+37046411884","email":"klaipeda@lugne.com","url":"http://www.lugne.com/en/index.html","countryIso2":"LT","countryName":"Lithuania","hotelRating":"3","latitude":"55.7045","longitude":"21.1378","state_id":null,"state_name":null,"country_id":null},{"active":false,"Giataid":"276937","cityId":null,"cityName":"Panevezys","hotelId":20013858,"hotelName":"Bistrampolis Manor","address":"Bistrampolis str 1,Kuciai village,38240 Panevezys,Lithuania","phones":"+37045454035","fax":"+37045454037","email":"manager@bistrampolis.lt","url":"http://www.bistrampolis.lt/en","countryIso2":"LT","countryName":"Lithuania","hotelRating":"3","latitude":"55.6043","longitude":"24.3735","state_id":null,"state_name":null,"country_id":null},{"active":false,"Giataid":"644206","cityId":null,"cityName":"Bir?ai","hotelId":20013983,"hotelName":"Guest House Birzai","address":"Vabalninko 37a,41128 Bir?ai,Lithuania","phones":"","fax":"","email":"","url":"","countryIso2":"LT","countryName":"Lithuania","hotelRating":"0","latitude":"56.1956","longitude":"24.7356","state_id":null,"state_name":null,"country_id":null},{"active":false,"Giataid":"69539","cityId":null,"cityName":"Juodkrante","hotelId":20014250,"hotelName":"Azuolynas","address":"L. Rezos str. 54,93101 Juodkrante,Neringa,Lithuania","phones":"+37046953310","fax":"","email":"hotelazuolynas@takas.lt","url":"http://hotelazuolynas.lt/de/wir-ueber-uns","countryIso2":"LT","countryName":"Lithuania","hotelRating":"3","latitude":"55.5327","longitude":"21.1163","state_id":null,"state_name":null,"country_id":null},{"active":false,"Giataid":"644705","cityId":null,"cityName":"?ventoji","hotelId":20014741,"hotelName":"Osupio Kopa","address":"Juros gatve 38,00334 ?ventoji,Lithuania","phones":"","fax":"","email":"","url":"","countryIso2":"LT","countryName":"Lithuania","hotelRating":"0","latitude":"56.0175","longitude":"21.076","state_id":null,"state_name":null,"country_id":null},{"active":false,"Giataid":"96805","cityId":null,"cityName":"?iauliai","hotelId":20015171,"hotelName":"Saulys","address":"Vasario 16-osios st. 40,76351 ?iauliai,Lithuania","phones":"+37041520812","fax":"+37041520911","email":"info@saulys.lt","url":"http://saulys.lt/?lang=en","countryIso2":"LT","countryName":"Lithuania","hotelRating":"4","latitude":"55.9298","longitude":"23.315","state_id":null,"state_name":null,"country_id":null},{"active":false,"Giataid":"298710","cityId":null,"cityName":"Anyk?ciai","hotelId":20016058,"hotelName":"Keturi Kalnai","address":"Liudiskiu str. 18,LT-29130 Anyksciai,Lithuania","phones":"+37038158520","fax":"+37038158640","email":"info@keturikalnai.lt","url":"http://www.keturikalnai.lt/index.php?id=index_en","countryIso2":"LT","countryName":"Lithuania","hotelRating":"0","latitude":"55.5205","longitude":"25.1158","state_id":null,"state_name":null,"country_id":null},{"active":false,"Giataid":"405821","cityId":null,"cityName":"Anyk?ciai","hotelId":20016126,"hotelName":"Nykscio Namai","address":"Liudikiu 18,Anykciai 29130,Lithuania","phones":"+37038158520","fax":"","email":"info@nykscionamai.lt","url":"http://www.nykscionamai.lt","countryIso2":"LT","countryName":"Lithuania","hotelRating":"3","latitude":"55.52","longitude":"25.1155","state_id":null,"state_name":null,"country_id":null},{"active":false,"Giataid":"469058","cityId":null,"cityName":"Marijampole","hotelId":20016529,"hotelName":"Hotel Vingis","address":"Poilsio g. 21,68127 Marijampole,Lithuania","phones":"+37034320980","fax":"+37034320983","email":"info@hotel-vingis.lt","url":"http://www.hotel-vingis.lt/","countryIso2":"LT","countryName":"Lithuania","hotelRating":"3","latitude":"54.5249","longitude":"23.3467","state_id":null,"state_name":null,"country_id":null},{"active":false,"Giataid":"381150","cityId":null,"cityName":"Klaipeda","hotelId":20017608,"hotelName":"Preliudija Guesthouse","address":"Kepeju gatve 7,Klaipeda 91248,Lithuania","phones":"","fax":"","email":"","url":"","countryIso2":"LT","countryName":"Lithuania","hotelRating":"2","latitude":"55.7087","longitude":"21.1326","state_id":null,"state_name":null,"country_id":null},{"active":false,"Giataid":"213664","cityId":null,"cityName":"Klaipeda","hotelId":20018037,"hotelName":"Magnisima","address":"J. Janonio gatve 11,Klaipeda 92238,Lithuania","phones":"","fax":"","email":"","url":"","countryIso2":"LT","countryName":"Lithuania","hotelRating":"3","latitude":"55.7189","longitude":"21.1237","state_id":null,"state_name":null,"country_id":null},{"active":false,"Giataid":"209920","cityId":null,"cityName":"?iauliai","hotelId":20018273,"hotelName":"Grafo Zubovo","address":"Dubysos gatve 1,?iauliai 76191,Lithuania","phones":"","fax":"","email":"","url":"","countryIso2":"LT","countryName":"Lithuania","hotelRating":"4","latitude":"55.9524","longitude":"23.2906","state_id":null,"state_name":null,"country_id":null},{"active":false,"Giataid":"85353","cityId":null,"cityName":"Smalininkai","hotelId":20018960,"hotelName":"A.Asmonienes sodyba","address":"Nemuno g. 43,Smalininkai,Jurbarko r.,Lithuania","phones":"+37044756415","fax":"+37044756415","email":"","url":"http://www.smalininkuose.lt","countryIso2":"LT","countryName":"Lithuania","hotelRating":"0","latitude":"55.0728","longitude":"22.5798","state_id":null,"state_name":null,"country_id":null},{"active":false,"Giataid":"85339","cityId":null,"cityName":"Karkle","hotelId":20019375,"hotelName":"Karkle","address":"Placio 66,Klaipedos rajon,92383 Karkles kaimas,Lithuania","phones":"+37069826354","fax":"+37069925033","email":"karklessodyba@gmail.com","url":"http://www.karklessodyba.lt","countryIso2":"LT","countryName":"Lithuania","hotelRating":"0","latitude":"55.8058","longitude":"21.0772","state_id":null,"state_name":null,"country_id":null},{"active":false,"Giataid":"465393","cityId":null,"cityName":"Anyk?ciai","hotelId":20019635,"hotelName":"Spa Vilnius Anyk?ciai","address":"Vilniaus g. 80,29142 Anyk?ciai,Lithuania","phones":"+37031353811","fax":"","email":"info@spa-vilnius.lt","url":"http://beta.spa-vilnius.lt/enyksciai","countryIso2":"LT","countryName":"Lithuania","hotelRating":"4","latitude":"55.5103","longitude":"25.0848","state_id":null,"state_name":null,"country_id":null},{"active":false,"Giataid":"229657","cityId":null,"cityName":"Mai?iagala","hotelId":20020638,"hotelName":"Karvio Dvaras","address":"Pae?eriu km.,Mai?iagalos sen.,Vilniaus raj,Lithuania","phones":"+37069966344","fax":"","email":"karviodvaras@gmail.com","url":"http://www.karviodvaras.lt","countryIso2":"LT","countryName":"Lithuania","hotelRating":"0","latitude":"54.884","longitude":"25.1334","state_id":null,"state_name":null,"country_id":null},{"active":false,"Giataid":"85336","cityId":null,"cityName":"Preila","hotelId":20021763,"hotelName":"Cottage Kursmariu","address":"Preilos g. 93,93104 Neringos sav.,Preila,Lithuania","phones":"+37068556317","fax":"+37046955200","email":"kursmariuvila@gmail.com","url":"","countryIso2":"LT","countryName":"Lithuania","hotelRating":"0","latitude":"55.3729","longitude":"21.0644","state_id":null,"state_name":null,"country_id":null},{"active":false,"Giataid":"465794","cityId":null,"cityName":"Klaipeda","hotelId":20022275,"hotelName":"Guest House Pirkliu Namai","address":"Naujoji Sodo 12,91227 Klaipeda,Kur?iu,Lithuania","phones":"+37046313179","fax":"+37046257929","email":"info@pirkliunamai.lt","url":"http://www.pirkliunamai.lt","countryIso2":"LT","countryName":"Lithuania","hotelRating":"0","latitude":"55.7108","longitude":"21.1278","state_id":null,"state_name":null,"country_id":null},{"active":false,"Giataid":"645145","cityId":null,"cityName":"Kedainiai","hotelId":20022502,"hotelName":"Ingita Motelis","address":"Nociunu village,Highway Via Baltica,58148 Kedainiai,Lithuania","phones":"","fax":"","email":"","url":"","countryIso2":"LT","countryName":"Lithuania","hotelRating":"0","latitude":"55.2883","longitude":"23.9567","state_id":null,"state_name":null,"country_id":null},{"active":false,"Giataid":"85343","cityId":null,"cityName":"?ventoji","hotelId":20022741,"hotelName":"Nendrine Pastoge","address":"Mi?ko takas 24,?ventoji,Lithuania","phones":"+3704645748","fax":"+3704645748","email":"sventoji@nendrinepastoge.lt","url":"http://www.nendrinepastoge.lt","countryIso2":"LT","countryName":"Lithuania","hotelRating":"0","latitude":"56.0241","longitude":"21.1077","state_id":null,"state_name":null,"country_id":null},{"active":false,"Giataid":"612581","cityId":null,"cityName":"Juodkrante","hotelId":20022890,"hotelName":"Kurenas","address":"L. Rezos g. 10,93101 Juodkrante,Lithuania","phones":"","fax":"","email":"","url":"http://www.booking.com/hotel/lt/kurenas.html","countryIso2":"LT","countryName":"Lithuania","hotelRating":"3","latitude":"55.5416","longitude":"21.1208","state_id":null,"state_name":null,"country_id":null},{"active":false,"Giataid":"229651","cityId":null,"cityName":"?ventoji","hotelId":20023009,"hotelName":"Pajurio Sodyba","address":"Mokyklos 50A,Palanga-?ventoji,00303 ?ventoji,Lithuania","phones":"+37046045644","fax":"","email":"info@pajuriosodyba.com","url":"http://www.pajuriosodyba.com/en/","countryIso2":"LT","countryName":"Lithuania","hotelRating":"4","latitude":"56.0168","longitude":"21.0848","state_id":null,"state_name":null,"country_id":null},{"active":false,"Giataid":"202325","cityId":null,"cityName":"Juodkrante","hotelId":20023149,"hotelName":"Ferienpension Smilga","address":"Kalno str. 18,Juodkrante,Neringa,Lithuania","phones":"+37061274733","fax":"+37037224400","email":"info@neringahotels.lt","url":"http://www.neringahotels.lt/smilga_en.html","countryIso2":"LT","countryName":"Lithuania","hotelRating":"2","latitude":"55.544","longitude":"21.1213","state_id":null,"state_name":null,"country_id":null},{"active":false,"Giataid":"644202","cityId":null,"cityName":"?iauliai","hotelId":20023364,"hotelName":"Salduve Hotel","address":"I?radeju g 4A,78148 ?iauliai,Lithuania","phones":"+370861137766","fax":"","email":"salduve.viesb@gmail.com","url":"http://www.salduveshotel.lt","countryIso2":"LT","countryName":"Lithuania","hotelRating":"0","latitude":"55.9154","longitude":"23.3113","state_id":null,"state_name":null,"country_id":null},{"active":false,"Giataid":"229653","cityId":null,"cityName":"Klaipeda","hotelId":20023928,"hotelName":"Zaliasis slenis","address":"Aukstkiemiu k.,Sendvario sen.,Klaipedos,Lithuania","phones":"+37046473090","fax":"+37046473090","email":"info@zaliasisslenis.lt","url":"http://www.zaliasisslenis.lt","countryIso2":"LT","countryName":"Lithuania","hotelRating":"0","latitude":"55.7677","longitude":"21.1608","state_id":null,"state_name":null,"country_id":null},{"active":false,"Giataid":"205198","cityId":null,"cityName":"Klaipeda","hotelId":20024018,"hotelName":"Aribe","address":"Bangu gatve 17A,Klaipeda 91250,Lithuania","phones":"","fax":"","email":"","url":"","countryIso2":"LT","countryName":"Lithuania","hotelRating":"3","latitude":"55.7094","longitude":"21.1437","state_id":null,"state_name":null,"country_id":null},{"active":false,"Giataid":"159403","cityId":null,"cityName":"Klaipeda","hotelId":20024106,"hotelName":"Pajuris","address":"?laito gatve 18,Klaipeda 92281,Lithuania","phones":"","fax":"","email":"","url":"","countryIso2":"LT","countryName":"Lithuania","hotelRating":"0","latitude":"55.7663","longitude":"21.0885","state_id":null,"state_name":null,"country_id":null},{"active":false,"Giataid":"464553","cityId":null,"cityName":"?iauliai","hotelId":20024201,"hotelName":"Saulininkas Hotel","address":"St. Lukauskio g. 5a,76236 Siauliai,Lithuania","phones":"+37041436555","fax":"+37041421848","email":"info@saulininkas.com","url":"http://www.saulininkas.com/lt/","countryIso2":"LT","countryName":"Lithuania","hotelRating":"3","latitude":"55.9379","longitude":"23.3148","state_id":null,"state_name":null,"country_id":null},{"active":false,"Giataid":"644316","cityId":null,"cityName":"Me?kuiciai","hotelId":20024290,"hotelName":"Girele","address":"Domantu kaim 1A,Meskuiciu sen,81439 ?iauliai,Lithuania","phones":"+37041211043","fax":"+37041211044","email":"sodybagirele@yahoo.com","url":"http://sodybagirele.lt","countryIso2":"LT","countryName":"Lithuania","hotelRating":"0","latitude":"55.9989","longitude":"23.3834","state_id":null,"state_name":null,"country_id":null},{"active":false,"Giataid":"370335","cityId":null,"cityName":"?iauliai","hotelId":20024344,"hotelName":"Tomas Hotel Siauliai","address":"Til?es gatve 63A,?iauliai 78166,Lithuania","phones":"","fax":"","email":"","url":"","countryIso2":"LT","countryName":"Lithuania","hotelRating":"4","latitude":"55.9172","longitude":"23.2843","state_id":null,"state_name":null,"country_id":null},{"active":false,"Giataid":"465042","cityId":null,"cityName":"Grigi?kes","hotelId":20025016,"hotelName":"Tvirtove prie Didziulio","address":"Vilnius Kaunas Highway A1,1 km beyond Grigi?kes,21401 Vilnius,Lithuania","phones":"+37052432389","fax":"","email":"","url":"http://www.tvirtovepriedidziulio.lt/","countryIso2":"LT","countryName":"Lithuania","hotelRating":"0","latitude":"54.6842","longitude":"25.0539","state_id":null,"state_name":null,"country_id":null},{"active":false,"Giataid":"645144","cityId":null,"cityName":"Panevezys","hotelId":20026922,"hotelName":"Hotel Panevezys","address":"Laisves a. 26,35200 Paneve?ys,Lithuania","phones":"","fax":"","email":"","url":"","countryIso2":"LT","countryName":"Lithuania","hotelRating":"0","latitude":"55.7269","longitude":"24.3639","state_id":null,"state_name":null,"country_id":null},{"active":false,"Giataid":"644747","cityId":null,"cityName":"?ventoji","hotelId":20027325,"hotelName":"Auksines Kopos","address":"Juros gatve 30,Palanga,?ventoji,Lithuania","phones":"+37046045365","fax":"+37046045192","email":"info@akopos.lt","url":"http://www.akopos.lt","countryIso2":"LT","countryName":"Lithuania","hotelRating":"0","latitude":"56.0198","longitude":"21.0765","state_id":null,"state_name":null,"country_id":null},{"active":false,"Giataid":"644313","cityId":null,"cityName":"Klaipeda","hotelId":20028353,"hotelName":"Klaipeda Hostel","address":"Butku Juzes 7-4,Klaipeda 92228,Lithuania","phones":"+37046211879","fax":"","email":"","url":"http://www.klaipedahostel.com","countryIso2":"LT","countryName":"Lithuania","hotelRating":"0","latitude":"55.7191","longitude":"21.1369","state_id":null,"state_name":null,"country_id":null},{"active":false,"Giataid":"80047","cityId":null,"cityName":"Auk?tadvaris","hotelId":20028609,"hotelName":"Bezirk Aukstadvaris","address":"Vytauto str. 33,4050 Trakai-Aukstaadvaris,Lithuania","phones":"+3703851233","fax":"+3703851244","email":"trakaiTIC@is.lt","url":"","countryIso2":"LT","countryName":"Lithuania","hotelRating":"2","latitude":"54.579","longitude":"24.5281","state_id":null,"state_name":null,"country_id":null},{"active":false,"Giataid":"85337","cityId":null,"cityName":"Pervalka","hotelId":20028845,"hotelName":"Poilsine Baldininkas","address":"Pervalkos g. 29 B,Pervalka,Lithuania","phones":"+37046955266","fax":"+37046955266","email":"info@vilabaldininkas.lt","url":"http://www.vilabaldininkas.lt","countryIso2":"LT","countryName":"Lithuania","hotelRating":"0","latitude":"55.4136","longitude":"21.095","state_id":null,"state_name":null,"country_id":null},{"active":false,"Giataid":"644691","cityId":null,"cityName":"Bir?ai","hotelId":20029035,"hotelName":"Helveda Guesthouse","address":"J.Janonio a. 7-12,41170 Bir?ai,Lithuania","phones":"+37045031150","fax":"","email":"info@helveda.lt","url":"http://helveda.lt","countryIso2":"LT","countryName":"Lithuania","hotelRating":"0","latitude":"56.2006","longitude":"24.7594","state_id":null,"state_name":null,"country_id":null},{"active":false,"Giataid":"85334","cityId":null,"cityName":"Juodkrante","hotelId":20029180,"hotelName":"Kursiu Kiemas","address":"Misko g. 11,Juodkrante,Neringa,Lithuania","phones":"+37046953004","fax":"+37046953114","email":"kkiemas@takas.lt","url":"","countryIso2":"LT","countryName":"Lithuania","hotelRating":"3","latitude":"55.5451","longitude":"21.1206","state_id":null,"state_name":null,"country_id":null},{"active":false,"Giataid":"34242","cityId":null,"cityName":"Juodkrante","hotelId":20029232,"hotelName":"Flora","address":"Kalno g. 7a,93102 Neringa (Juodkrante),Lithuania","phones":"+37046953024","fax":"","email":"info@vilaflora.lt","url":"http://www.vilaflora.lt","countryIso2":"LT","countryName":"Lithuania","hotelRating":"3","latitude":"55.544","longitude":"21.1217","state_id":null,"state_name":null,"country_id":null},{"active":false,"Giataid":"468071","cityId":null,"cityName":"?ventoji","hotelId":20029278,"hotelName":"Hotel Sancta Elena","address":"Meguvos g. 19,00305 ?ventoji,Lithuania","phones":"+37046045499","fax":"+37046045561","email":"hotel@stelena.lt","url":"http://www.stelena.lt","countryIso2":"LT","countryName":"Lithuania","hotelRating":"0","latitude":"56.0198","longitude":"21.0795","state_id":null,"state_name":null,"country_id":null},{"active":false,"Giataid":"475950","cityId":null,"cityName":"Karkle","hotelId":20030824,"hotelName":"Pajurio pastas","address":"Placio 42,,92383 Karkle,Lithuania","phones":"+37069822997","fax":"","email":"info@pajuriopastas.lt","url":"http://www.pajuriopastas.lt","countryIso2":"LT","countryName":"Lithuania","hotelRating":"0","latitude":"55.8063","longitude":"21.076","state_id":null,"state_name":null,"country_id":null},{"active":false,"Giataid":"476432","cityId":null,"cityName":"Marijampole","hotelId":20031139,"hotelName":"Hotel Eiva","address":"Kauno g. 59,68181 Marijampole,Lithuania","phones":"+37034372705","fax":"","email":"info@eiva.lt","url":"http://www.eiva.lt","countryIso2":"LT","countryName":"Lithuania","hotelRating":"0","latitude":"54.566","longitude":"23.3577","state_id":null,"state_name":null,"country_id":null},{"active":false,"Giataid":"85354","cityId":null,"cityName":"?vek?na","hotelId":20031206,"hotelName":"Vilkenu Malunas","address":"Silutes r.,Sveksnos mestelis,Lithuania","phones":"+37044148371","fax":"+37046313737","email":"vilkenumalunas@takas.lt","url":"","countryIso2":"LT","countryName":"Lithuania","hotelRating":"0","latitude":"55.5174","longitude":"21.62","state_id":null,"state_name":null,"country_id":null},{"active":false,"Giataid":"372289","cityId":null,"cityName":"Ma?eikiai","hotelId":20031670,"hotelName":"Palma","address":"Respublikos gatve 27,Ma?eikiai 89224,Lithuania","phones":"","fax":"","email":"","url":"","countryIso2":"LT","countryName":"Lithuania","hotelRating":"4","latitude":"56.315","longitude":"22.3382","state_id":null,"state_name":null,"country_id":null},{"active":false,"Giataid":"643742","cityId":null,"cityName":"?iauliai","hotelId":20031923,"hotelName":"Simona Guesthouse","address":"Gumbines g. 34,?iauliai,Lithuania","phones":"+37041522252","fax":"","email":"nakvynesiauliuose@gmail.com","url":"http://www.nakvynesiauliuose.lt/","countryIso2":"LT","countryName":"Lithuania","hotelRating":"0","latitude":"55.9296","longitude":"23.2999","state_id":null,"state_name":null,"country_id":null},{"active":false,"Giataid":"204032","cityId":null,"cityName":"Klaipeda","hotelId":20031997,"hotelName":"Aismares","address":"Til?es gatve 9,Klaipeda 91251,Lithuania","phones":"","fax":"","email":"","url":"","countryIso2":"LT","countryName":"Lithuania","hotelRating":"3","latitude":"55.7066","longitude":"21.1439","state_id":null,"state_name":null,"country_id":null},{"active":false,"Giataid":"370333","cityId":null,"cityName":"?iauliai","hotelId":20032078,"hotelName":"Siauliai Hotel","address":"Draugystes prospektas 25,?iauliai 76289,Lithuania","phones":"","fax":"","email":"","url":"","countryIso2":"LT","countryName":"Lithuania","hotelRating":"3","latitude":"55.9285","longitude":"23.3205","state_id":null,"state_name":null,"country_id":null},{"active":false,"Giataid":"70785","cityId":null,"cityName":"?iauliai","hotelId":20032307,"hotelName":"Turne","address":"Roki?kio 8a,77171 ?iauliai,Lithuania","phones":"+37041500150","fax":"+37041429238","email":"sveciunamai@turne.lt","url":"http://www.turne.lt","countryIso2":"LT","countryName":"Lithuania","hotelRating":"3","latitude":"55.932","longitude":"23.2962","state_id":null,"state_name":null,"country_id":null},{"active":false,"Giataid":"644280","cityId":null,"cityName":"Klaipeda","hotelId":20032875,"hotelName":"Hotel Atlantas","address":"Sportininku gatve 46,Klaipeda 92271,Lithuania","phones":"","fax":"","email":"","url":"","countryIso2":"LT","countryName":"Lithuania","hotelRating":"0","latitude":"55.7152","longitude":"21.1319","state_id":null,"state_name":null,"country_id":null},{"active":false,"Giataid":"229658","cityId":null,"cityName":"Kernave","hotelId":20033379,"hotelName":"Kernaves Bajoryne","address":"Kernave,?irvintu raj.,Lithuania","phones":"+37052058555","fax":"+37052058554","email":"adm@kernavesbajoryne.lt","url":"http://www.kernavesbajoryne.lt","countryIso2":"LT","countryName":"Lithuania","hotelRating":"0","latitude":"54.8867","longitude":"24.8559","state_id":null,"state_name":null,"country_id":null},{"active":false,"Giataid":"333155","cityId":null,"cityName":"Panevezys","hotelId":20034465,"hotelName":"Hotel Conviva","address":"Laisves aik?te 16,Paneve?ys 35201,Lithuania","phones":"","fax":"","email":"","url":"","countryIso2":"LT","countryName":"Lithuania","hotelRating":"3","latitude":"55.7271","longitude":"24.3626","state_id":null,"state_name":null,"country_id":null},{"active":false,"Giataid":"923282","cityId":null,"cityName":"?ventoji","hotelId":20349329,"hotelName":"Ku Ku","address":"Juros Gatve 22,LT-00334 Sventoji,Lithuania","phones":"","fax":"","email":"","url":"","countryIso2":"LT","countryName":"Lithuania","hotelRating":"0","latitude":"56.0232","longitude":"21.0819","state_id":null,"state_name":null,"country_id":null},{"active":false,"Giataid":"918486","cityId":null,"cityName":"Bertasiunai","hotelId":20349333,"hotelName":"Resort Village Vilke","address":"Berta?iunu Gatve 16,67300 Berta?iunai,Lithuania","phones":"","fax":"","email":"","url":"","countryIso2":"LT","countryName":"Lithuania","hotelRating":"0","latitude":"54.0569","longitude":"23.7733","state_id":null,"state_name":null,"country_id":null},{"active":false,"Giataid":"922881","cityId":null,"cityName":"Juodkrante","hotelId":20349334,"hotelName":"Pu?ynas Apartments","address":"Kalno Gatve 24A,93102 Juodkrante,Lithuania","phones":"+370861683248","fax":"","email":"","url":"https://pusynas-apartments.business.site/","countryIso2":"LT","countryName":"Lithuania","hotelRating":"0","latitude":"55.5431","longitude":"21.1191","state_id":null,"state_name":null,"country_id":null},{"active":false,"Giataid":"927151","cityId":null,"cityName":"?iauliai","hotelId":20349335,"hotelName":"?veju U?eiga","address":"Poilsio Gatve 16,79228 ?iauliai,Lithuania","phones":"","fax":"","email":"info@zvejuuzeiga.lt","url":"http://www.zvejuuzeiga.lt","countryIso2":"LT","countryName":"Lithuania","hotelRating":"0","latitude":"55.9342","longitude":"23.3038","state_id":null,"state_name":null,"country_id":null},{"active":false,"Giataid":"927012","cityId":null,"cityName":"?ventoji","hotelId":20349341,"hotelName":"Beluga","address":"Juros Gatve 21,00305 ?ventoji,Lithuania","phones":"+37046045045","fax":"","email":"info@beluga.lt","url":"http://www.beluga.lt","countryIso2":"LT","countryName":"Lithuania","hotelRating":"0","latitude":"56.0257","longitude":"21.0798","state_id":null,"state_name":null,"country_id":null},{"active":false,"Giataid":"884303","cityId":null,"cityName":"Anyk?ciai","hotelId":20349343,"hotelName":"Kaimo Turizmo Sodyba Geras","address":"Pustinkos km4,Debeikiu Seniunija,Utena,Anykscia,Lithuania","phones":"","fax":"","email":"","url":"","countryIso2":"LT","countryName":"Lithuania","hotelRating":"0","latitude":"55.6418","longitude":"25.2741","state_id":null,"state_name":null,"country_id":null},{"active":false,"Giataid":"940626","cityId":null,"cityName":"Karmelava","hotelId":20349345,"hotelName":"AirHotel","address":"Oro Uosto g. 2,Kauno Rajonas,Karmelava 54460,Lithuania","phones":"","fax":"","email":"","url":"http://www.airhotel.lt/?lang=en","countryIso2":"LT","countryName":"Lithuania","hotelRating":"0","latitude":"54.9694","longitude":"24.062","state_id":null,"state_name":null,"country_id":null},{"active":false,"Giataid":"926867","cityId":null,"cityName":"?ventoji","hotelId":20349351,"hotelName":"Germantas","address":"Mokyklos Gatve 48,1 Korpusas,00303 ?ventoji,Lithuania","phones":"","fax":"","email":"","url":"","countryIso2":"LT","countryName":"Lithuania","hotelRating":"0","latitude":"56.0232","longitude":"21.0819","state_id":null,"state_name":null,"country_id":null},{"active":false,"Giataid":"923326","cityId":null,"cityName":"Birstonas","hotelId":20349356,"hotelName":"Seklytele","address":"Prienu Street 10,LT-59202 Birstonas,Lithuania","phones":"+37031965800","fax":"","email":"seklytele@sonatahotel.lt","url":"http://www.sonata.lt/seklytele","countryIso2":"LT","countryName":"Lithuania","hotelRating":"0","latitude":"54.6059","longitude":"24.0261","state_id":null,"state_name":null,"country_id":null},{"active":false,"Giataid":"939942","cityId":null,"cityName":"Panevezys","hotelId":20349358,"hotelName":"Restas Panevezys","address":"Elektronikos Gatve 42,35116 Panevezys,Lithuania","phones":"","fax":"","email":"","url":"","countryIso2":"LT","countryName":"Lithuania","hotelRating":"0","latitude":"55.7269","longitude":"24.3639","state_id":null,"state_name":null,"country_id":null},{"active":false,"Giataid":"861394","cityId":null,"cityName":"Klaipeda","hotelId":20349359,"hotelName":"Orange Studio","address":"Sauliu Gatve 27,92231 Klaipeda,Lithuania","phones":"","fax":"","email":"","url":"","countryIso2":"LT","countryName":"Lithuania","hotelRating":"0","latitude":"55.7181","longitude":"21.1294","state_id":null,"state_name":null,"country_id":null},{"active":false,"Giataid":"927061","cityId":null,"cityName":"Elektrenai","hotelId":20349365,"hotelName":"Perkunkiemis","address":"Draugystes Gatve 5,LT-26111 Elektrenai,Lithuania","phones":"","fax":"","email":"finansai.perkunkiemis@gmail.com","url":"http://perkunkiemisplius.lt","countryIso2":"LT","countryName":"Lithuania","hotelRating":"0","latitude":"54.7848","longitude":"24.6629","state_id":null,"state_name":null,"country_id":null},{"active":false,"Giataid":"943562","cityId":null,"cityName":"?iauliai","hotelId":20349366,"hotelName":"Pirciu Slenis","address":"Plento Gatve 3,77167 Sniuraiciai,Lithuania","phones":"","fax":"","email":"info@pirciuslenis.lt","url":"http://www.pirciuslenis.lt","countryIso2":"LT","countryName":"Lithuania","hotelRating":"0","latitude":"55.9342","longitude":"23.3038","state_id":null,"state_name":null,"country_id":null},{"active":false,"Giataid":"922868","cityId":null,"cityName":"Karkle","hotelId":20349375,"hotelName":"Melnmui?e","address":"Placio Gatve 9,92383 Karkle,Lithuania","phones":"","fax":"","email":"","url":"","countryIso2":"LT","countryName":"Lithuania","hotelRating":"0","latitude":"55.8063","longitude":"21.076","state_id":null,"state_name":null,"country_id":null},{"active":false,"Giataid":"927043","cityId":null,"cityName":"Roki?kis","hotelId":20349377,"hotelName":"Nakvyne Roki?kyje","address":"Respublikos Gatve 29A,42118 Rokiskis,Lithuania","phones":"","fax":"","email":"","url":"http://nakvyne-rokiskyje.business.site","countryIso2":"LT","countryName":"Lithuania","hotelRating":"0","latitude":"55.962","longitude":"25.5878","state_id":null,"state_name":null,"country_id":null},{"active":false,"Giataid":"939981","cityId":null,"cityName":"Klaipeda","hotelId":20349378,"hotelName":"Klaipeda Apartments","address":"Liepojos Gatve 216,92330 Klaipeda,Lithuania","phones":"","fax":"","email":"info@klaipeda-apartments.lt","url":"http://www.klaipeda-apartments.lt/","countryIso2":"LT","countryName":"Lithuania","hotelRating":"0","latitude":"55.7507","longitude":"21.1322","state_id":null,"state_name":null,"country_id":null},{"active":false,"Giataid":"927177","cityId":null,"cityName":"Preila","hotelId":20349381,"hotelName":"Laiko Marios","address":"Preilos Gatve 67B,LT-93129 Preila,Lithuania","phones":"","fax":"","email":"preila@laikomarios.lt","url":"https://www.laikomarios.lt","countryIso2":"LT","countryName":"Lithuania","hotelRating":"0","latitude":"55.372","longitude":"21.0638","state_id":null,"state_name":null,"country_id":null},{"active":false,"Giataid":"922982","cityId":null,"cityName":"Ma?eikiai","hotelId":20349384,"hotelName":"Rugelis","address":"Ventos Gatve 31 A,89141 Ma?eikiai,Lithuania","phones":"","fax":"","email":"","url":"","countryIso2":"LT","countryName":"Lithuania","hotelRating":"0","latitude":"56.3098","longitude":"22.3282","state_id":null,"state_name":null,"country_id":null},{"active":false,"Giataid":"917102","cityId":null,"cityName":"Juodkrante","hotelId":20349385,"hotelName":"Egliu Slenis","address":"Ievos Kalno Gatve 28,93101 Juodkrante,Neringa,Lithuania","phones":"+37046953364","fax":"+37046953364","email":"reception@egliuslenis.lt","url":"http://www.egliuslenis.lt","countryIso2":"LT","countryName":"Lithuania","hotelRating":"0","latitude":"55.5444","longitude":"21.1211","state_id":null,"state_name":null,"country_id":null},{"active":false,"Giataid":"923311","cityId":null,"cityName":"?ventoji","hotelId":20349392,"hotelName":"Laguna Sventoji","address":"Prieplaukos Gatve 18,00305 ?ventoji,Lithuania","phones":"","fax":"","email":"labas@laguna.lt","url":"http://www.laguna.lt","countryIso2":"LT","countryName":"Lithuania","hotelRating":"0","latitude":"56.0232","longitude":"21.0819","state_id":null,"state_name":null,"country_id":null},{"active":false,"Giataid":"927137","cityId":null,"cityName":"Birstonas","hotelId":20349397,"hotelName":"Domus Hotel","address":"Birutes Gatve 21,LT-59217 Bir?tonas,Lithuania","phones":"","fax":"","email":"info@hoteldomus.lt","url":"http://hoteldomus.lt","countryIso2":"LT","countryName":"Lithuania","hotelRating":"0","latitude":"54.6059","longitude":"24.0261","state_id":null,"state_name":null,"country_id":null},{"active":false,"Giataid":"926952","cityId":null,"cityName":"Karkle","hotelId":20349398,"hotelName":"Gamtos Perlas","address":"Placio Gatve 146,92383 Karkle,Lithuania","phones":"+37046463033","fax":"","email":"info@gamtosperlas.lt","url":"http://www.gamtosperlas.lt","countryIso2":"LT","countryName":"Lithuania","hotelRating":"0","latitude":"55.8234","longitude":"21.078","state_id":null,"state_name":null,"country_id":null},{"active":false,"Giataid":"922807","cityId":null,"cityName":"?ventoji","hotelId":20349404,"hotelName":"Resort Hotel Elija","address":"Mokyklos g. 62,K-11,00303 Sventoji,Lithuania","phones":"+37061688858","fax":"","email":"elze.kiskyte@elija.lt","url":"http://www.elija.lt/en","countryIso2":"LT","countryName":"Lithuania","hotelRating":"0","latitude":"56.0163","longitude":"21.0808","state_id":null,"state_name":null,"country_id":null},{"active":false,"Giataid":"970739","cityId":null,"cityName":"Klaipeda","hotelId":20412678,"hotelName":"Molo Uzeiga Inn","address":"Molo Gatve 29A,Klaipeda 92277,Lithuania","phones":"","fax":"","email":"","url":"","countryIso2":"LT","countryName":"Lithuania","hotelRating":"1","latitude":"55.7364","longitude":"21.0915","state_id":null,"state_name":null,"country_id":null},{"active":false,"Giataid":"947183","cityId":null,"cityName":"Radailiai","hotelId":20412679,"hotelName":"Villa Radailiai","address":"Pusyno G. 9,Radailiai,Klaipeda District,Lithuania","phones":"","fax":"","email":"infodvaras@gmail.com","url":"http://www.radailiudvaras.lt","countryIso2":"LT","countryName":"Lithuania","hotelRating":"1","latitude":"55.7863","longitude":"21.2196","state_id":null,"state_name":null,"country_id":null},{"active":false,"Giataid":"982435","cityId":null,"cityName":"Juodkrante","hotelId":20412682,"hotelName":"Moose Hostel","address":"Kalno Gatve 5A,LT-93102 Juodkrante,Lithuania","phones":"","fax":"","email":"","url":"","countryIso2":"LT","countryName":"Lithuania","hotelRating":"1","latitude":"55.5444","longitude":"21.1211","state_id":null,"state_name":null,"country_id":null},{"active":false,"Giataid":"953425","cityId":null,"cityName":"?iauliai","hotelId":20412686,"hotelName":"Restas Siauliai","address":"V Bielskio Gatve 13,76176 Siauliai,Lithuania","phones":"","fax":"","email":"","url":"","countryIso2":"LT","countryName":"Lithuania","hotelRating":"1","latitude":"55.9342","longitude":"23.3038","state_id":null,"state_name":null,"country_id":null},{"active":false,"Giataid":"982484","cityId":null,"cityName":"Anyk?ciai","hotelId":20412687,"hotelName":"Puntukas","address":"Baranausko Aikste 15 A,29132 Anyksciai,Lithuania","phones":"","fax":"","email":"","url":"","countryIso2":"LT","countryName":"Lithuania","hotelRating":"1","latitude":"55.5105","longitude":"25.1493","state_id":null,"state_name":null,"country_id":null},{"active":false,"Giataid":"977913","cityId":null,"cityName":"Klaipeda","hotelId":20412692,"hotelName":"Dange Hotel","address":"Liepu Street 38,92107 Klaipeda,Lithuania","phones":"+37068633666","fax":"","email":"info@dangehotel.lt","url":"http://dangehotel.lt","countryIso2":"LT","countryName":"Lithuania","hotelRating":"1","latitude":"55.7152","longitude":"21.1319","state_id":null,"state_name":null,"country_id":null},{"active":false,"Giataid":"982414","cityId":null,"cityName":"?ventoji","hotelId":20412693,"hotelName":"Vienas Po Kitu","address":"Meguvos Gatve 2,LT-00334 Sventoji,Lithuania","phones":"","fax":"","email":"","url":"","countryIso2":"LT","countryName":"Lithuania","hotelRating":"1","latitude":"56.0232","longitude":"21.0819","state_id":null,"state_name":null,"country_id":null},{"active":false,"Giataid":"1001155","cityId":null,"cityName":"Rusne","hotelId":20436568,"hotelName":"Rusne Petersas","address":"?ilutes Gatve 13,Nemuno Gatve 1,Rusne,Lithuania","phones":"","fax":"","email":"info@rusnepetersas.lt","url":"http://rusnepetersas.lt","countryIso2":"LT","countryName":"Lithuania","hotelRating":"1","latitude":"0","longitude":"0","state_id":null,"state_name":null,"country_id":null},{"active":false,"Giataid":"1001378","cityId":null,"cityName":"Kaisiadorys","hotelId":20436570,"hotelName":"Kristinos Sveciu Namai","address":"A?uolyno Gavte 48,56175 Kai?iadorys,Lithuania","phones":"","fax":"","email":"","url":"","countryIso2":"LT","countryName":"Lithuania","hotelRating":"1","latitude":"54.844","longitude":"24.459","state_id":null,"state_name":null,"country_id":null},{"active":false,"Giataid":"1005158","cityId":null,"cityName":"?vek?na","hotelId":20436571,"hotelName":"Jurvinge","address":"Tilto Gatve 1,Zadvainai,90305 Sveksna,Lithuania","phones":"","fax":"","email":"","url":"","countryIso2":"LT","countryName":"Lithuania","hotelRating":"1","latitude":"0","longitude":"0","state_id":null,"state_name":null,"country_id":null},{"active":false,"Giataid":"1005154","cityId":null,"cityName":"Kedainiai","hotelId":20436579,"hotelName":"Ragane","address":"Sodu Gatve 3A,Sirutiskis,Kedainiu,Lithuania","phones":"+37034741600","fax":"","email":"info@ragane.lt","url":"http://www.ragane.lt/","countryIso2":"LT","countryName":"Lithuania","hotelRating":"1","latitude":"55.3543","longitude":"23.9816","state_id":null,"state_name":null,"country_id":null}]