[{"active":false,"Giataid":"41744","cityId":65135,"cityName":"Moroni","hotelId":41744,"hotelName":"Le Galawa Beach","address":"","phones":"","fax":"","email":"","url":"","countryIso2":"KM","countryName":"Comoros","hotelRating":"4","latitude":"-11.7012","longitude":"43.253","state_id":2822,"state_name":"Grande Comore","country_id":49},{"active":false,"Giataid":"370840","cityId":65135,"cityName":"Moroni","hotelId":370840,"hotelName":"Cristal Itsandra Beach Hotel","address":"BP 8217 ","phones":"","fax":"","email":"","url":"","countryIso2":"KM","countryName":"Comoros","hotelRating":"4","latitude":"-11.7012","longitude":"43.2527","state_id":2822,"state_name":"Grande Comore","country_id":49},{"active":false,"Giataid":"370841","cityId":65135,"cityName":"Moroni","hotelId":370841,"hotelName":"Karthala International Hotel","address":"Moroni,Grande Comore,Comoros","phones":"","fax":"","email":"","url":"","countryIso2":"KM","countryName":"Comoros","hotelRating":"1","latitude":"-11.7012","longitude":"43.253","state_id":2822,"state_name":"Grande Comore","country_id":49},{"active":false,"Giataid":"370842","cityId":65135,"cityName":"Moroni","hotelId":370842,"hotelName":"Retaj Moroni Hotel","address":"Avenue Ali Soilihi,PO Box 2502,Moroni,Comoros","phones":"+2693336542","fax":"","email":"","url":"","countryIso2":"KM","countryName":"Comoros","hotelRating":"3","latitude":"-11.7017","longitude":"43.253","state_id":2822,"state_name":"Grande Comore","country_id":49},{"active":false,"Giataid":"733492","cityId":65135,"cityName":"Moroni","hotelId":733492,"hotelName":"Golden Tulip Grande Comore Moroni Resort & Spa","address":"Voidjou,PO Box 8217,Moroni 00269,Comoros","phones":"+2697733333","fax":"+2697733333","email":"info@goldentulipgrandecomoremoroni.com","url":"http://www.goldentulipgrandecomoremoroni.com","countryIso2":"KM","countryName":"Comoros","hotelRating":"4","latitude":"-11.6557","longitude":"43.265","state_id":2822,"state_name":"Grande Comore","country_id":49}]