[{"active":false,"Giataid":"486755","cityId":null,"cityName":"Dzaoudzi","hotelId":486755,"hotelName":"Le Rocher","address":"Jet?e Issoufali n.n.,97610 Dzaoudzi,Comoros","phones":"+269262269601010","fax":"+269262269601444","email":"","url":"https://www.lerocher-hotel.fr/","countryIso2":"KM","countryName":"Comoros","hotelRating":"1","latitude":"-12.8211","longitude":"45.1304","state_id":null,"state_name":null,"country_id":null},{"active":false,"Giataid":"759752","cityId":null,"cityName":"Mamoudzou","hotelId":759752,"hotelName":"Le Trevani","address":"BP 245,Plage de Trevani,97690 Mamoudzou,Comoros","phones":"","fax":"","email":"","url":"","countryIso2":"KM","countryName":"Comoros","hotelRating":"1","latitude":"-12.7824","longitude":"45.2109","state_id":null,"state_name":null,"country_id":null},{"active":false,"Giataid":"486197","cityId":null,"cityName":"Mayotte","hotelId":20002526,"hotelName":"Hotel Sakouli","address":"Plage de sakouli, BP 63, Nyambadao,97660 Bandr?l?,Comoros","phones":"+269606363","fax":"","email":"sakouli.hotel@wanadoo.fr","url":"http://hotelsakouli.com/contact/","countryIso2":"KM","countryName":"Comoros","hotelRating":"3","latitude":"-12.9139","longitude":"45.1926","state_id":null,"state_name":null,"country_id":null},{"active":false,"Giataid":"97071","cityId":null,"cityName":"Mamoudzou","hotelId":20002725,"hotelName":"Le Sakouli","address":"Plage de Sakouli,97600 Bandrel?,Comoros","phones":"+269269606363","fax":"+269269606364","email":"sakouli.hotel@wanadoo.fr","url":"http://www.hotelsakouli.com/","countryIso2":"KM","countryName":"Comoros","hotelRating":"3","latitude":"-12.8908","longitude":"45.2109","state_id":null,"state_name":null,"country_id":null},{"active":false,"Giataid":"97073","cityId":null,"cityName":"Kani-K?li","hotelId":20003538,"hotelName":"Le Jardin Maore","address":"BP 636,Kani-K?li,Mayotte,Place de N Gouya,Chirongui 97620,Comoros","phones":"+269601419","fax":"+269601519","email":"","url":"http://www.hotel-jardin-maore.com/","countryIso2":"KM","countryName":"Comoros","hotelRating":"2","latitude":"-12.9552","longitude":"45.1062","state_id":null,"state_name":null,"country_id":null}]