[{"active":false,"Giataid":"51451","cityId":null,"cityName":"Monaco","hotelId":374255,"hotelName":"MontE-Carlo Beach","address":"Avenue Princesse Grace,98000 Principaut? de Monaco,Monaco","phones":"","fax":"","email":"","url":"","countryIso2":"MC","countryName":"Monaco","hotelRating":"5","latitude":"43.7516","longitude":"7.44231","state_id":null,"state_name":null,"country_id":null},{"active":false,"Giataid":"966089","cityId":null,"cityName":"Monaco","hotelId":20412855,"hotelName":"Residence Le Castel","address":"9 Avenue Crovetto Fr?res,Monte Carlo,98000 Monaco,Monaco","phones":"","fax":"","email":"","url":"","countryIso2":"MC","countryName":"Monaco","hotelRating":"1","latitude":"43.7341","longitude":"7.4183","state_id":null,"state_name":null,"country_id":null}]