[{"active":false,"Giataid":"187746","cityId":4665,"cityName":"Charlestown","hotelId":187746,"hotelName":"Montpelier Plantation & Beach","address":"PO Box 474,St Johns Parish Montpelier Es,Charlestown,Nevis,Saint Kitts And Nevis,St. Kitts and Nevis","phones":"+18694693462","fax":"","email":"","url":"","countryIso2":"KN","countryName":"St. Kitts and Nevis","hotelRating":"4","latitude":"17.1231","longitude":"-62.5902","state_id":3909,"state_name":"New South Wales","country_id":14},{"active":false,"Giataid":"422507","cityId":4665,"cityName":"Charlestown","hotelId":20002699,"hotelName":"Golden Rock Inn","address":"PO Box 493,Charlestown,Nevis,St. Kitts and Nevis","phones":"+18694693346","fax":"+18694692113","email":"info@goldenrocknevis.com","url":"http://goldenrocknevis.com","countryIso2":"KN","countryName":"St. Kitts and Nevis","hotelRating":"3","latitude":"17.1434","longitude":"-62.5662","state_id":3909,"state_name":"New South Wales","country_id":14},{"active":false,"Giataid":"881402","cityId":4665,"cityName":"Charlestown","hotelId":20345258,"hotelName":"Pinneys Beach Hotel Nevis","address":"Pinneys Road,Charlestown,St. Kitts and Nevis","phones":"","fax":"","email":"","url":"","countryIso2":"KN","countryName":"St. Kitts and Nevis","hotelRating":"0","latitude":"17.138","longitude":"-62.6008","state_id":3909,"state_name":"New South Wales","country_id":14},{"active":false,"Giataid":"735213","cityId":6563,"cityName":"Newcastle","hotelId":20345259,"hotelName":"Sandpiper","address":"Qualie Bay,Newcastle,St. Kitts and Nevis","phones":"","fax":"","email":"","url":"","countryIso2":"KN","countryName":"St. Kitts and Nevis","hotelRating":"0","latitude":"17.1981","longitude":"-62.6014","state_id":3909,"state_name":"New South Wales","country_id":14}]