[{"active":false,"Giataid":"19256","cityId":51371,"cityName":"Southampton","hotelId":19256,"hotelName":"Pompano Beach Club","address":"36 Pompano Beach Road,Southampton SB 03,Bermuda,Bermuda","phones":"+14412340222","fax":"","email":"","url":"","countryIso2":"BM","countryName":"Bermuda","hotelRating":"4","latitude":"32.2623","longitude":"-64.8787","state_id":2336,"state_name":"England","country_id":232},{"active":false,"Giataid":"22765","cityId":51371,"cityName":"Southampton","hotelId":22765,"hotelName":"The Fairmont Southampton","address":"101 South Shore Road,Southampton SN 02,Bermuda","phones":"+14412388000","fax":"+14412388968","email":"southampton@fairmont.com","url":"http://www.fairmont.com/Southampton/","countryIso2":"BM","countryName":"Bermuda","hotelRating":"4","latitude":"32.2535","longitude":"-64.8264","state_id":2336,"state_name":"England","country_id":232},{"active":false,"Giataid":"22947","cityId":51371,"cityName":"Southampton","hotelId":22947,"hotelName":"The Reefs","address":"56 South Shore Road,Southampton SN02,Bermuda","phones":"+14412380222","fax":"+14412388372","email":"generalinfo@thereefs.bm","url":"http://www.thereefs.com/","countryIso2":"BM","countryName":"Bermuda","hotelRating":"4","latitude":"32.2489","longitude":"-64.839","state_id":2336,"state_name":"England","country_id":232},{"active":false,"Giataid":"30624","cityId":51371,"cityName":"Southampton","hotelId":30624,"hotelName":"Dolphin","address":"","phones":"","fax":"","email":"","url":"","countryIso2":"BM","countryName":"Bermuda","hotelRating":"3","latitude":"32.2607","longitude":"-64.848","state_id":2336,"state_name":"England","country_id":232},{"active":false,"Giataid":"32002","cityId":5512,"cityName":"Hamilton","hotelId":32002,"hotelName":"Hamilton Princess Beach Club & Spa","address":"76 Pitts Bay Road,Hamilton HM 08,Pembroke,Bermuda","phones":"+14412953000","fax":"+14412951914","email":"hamilton@fairmont.com","url":"http://www.fairmont.com/hamilton","countryIso2":"BM","countryName":"Bermuda","hotelRating":"4","latitude":"32.2908","longitude":"-64.7921","state_id":3909,"state_name":"New South Wales","country_id":14},{"active":false,"Giataid":"144041","cityId":5512,"cityName":"Hamilton","hotelId":144041,"hotelName":"Rosemont Guest Apartments","address":"8 Rosemont Ave,HM 06,Bermuda","phones":"","fax":"","email":"","url":"","countryIso2":"BM","countryName":"Bermuda","hotelRating":"3","latitude":"32.2967","longitude":"-64.7935","state_id":3909,"state_name":"New South Wales","country_id":14},{"active":false,"Giataid":"144042","cityId":5512,"cityName":"Hamilton","hotelId":144042,"hotelName":"Fordham Hall","address":"53 Pitts Bay Road,Pembroke Parish,Hamilton,Bermuda HM CX,Bermuda","phones":"","fax":"","email":"","url":"","countryIso2":"BM","countryName":"Bermuda","hotelRating":"1","latitude":"32.2919","longitude":"-64.7946","state_id":3909,"state_name":"New South Wales","country_id":14},{"active":false,"Giataid":"144044","cityId":5512,"cityName":"Hamilton","hotelId":144044,"hotelName":"The Breakers","address":"","phones":"","fax":"","email":"","url":"","countryIso2":"BM","countryName":"Bermuda","hotelRating":"1","latitude":"32.2979","longitude":"-64.7834","state_id":3909,"state_name":"New South Wales","country_id":14},{"active":false,"Giataid":"183294","cityId":5512,"cityName":"Hamilton","hotelId":183294,"hotelName":"Rosewood Bermuda","address":"60 Tucker's Point Drive,Hamilton Parish HS 02,Bermuda","phones":"+14412984000","fax":"","email":"","url":"","countryIso2":"BM","countryName":"Bermuda","hotelRating":"5","latitude":"32.3393","longitude":"-64.7005","state_id":3909,"state_name":"New South Wales","country_id":14},{"active":false,"Giataid":"322246","cityId":5512,"cityName":"Hamilton","hotelId":322246,"hotelName":"Kingston House B&B","address":"","phones":"","fax":"","email":"","url":"","countryIso2":"BM","countryName":"Bermuda","hotelRating":"1","latitude":"32.2979","longitude":"-64.7834","state_id":3909,"state_name":"New South Wales","country_id":14},{"active":false,"Giataid":"520380","cityId":5512,"cityName":"Hamilton","hotelId":520380,"hotelName":"Windsong at Berkeley","address":"","phones":"","fax":"","email":"","url":"","countryIso2":"BM","countryName":"Bermuda","hotelRating":"1","latitude":"32.2979","longitude":"-64.7834","state_id":3909,"state_name":"New South Wales","country_id":14},{"active":false,"Giataid":"569275","cityId":7725,"cityName":"Warwick","hotelId":569275,"hotelName":"Ocean Winds B&B","address":"South Road,Warwick Parish,Warwick,Bermuda","phones":"","fax":"","email":"","url":"","countryIso2":"BM","countryName":"Bermuda","hotelRating":"1","latitude":"32.2679","longitude":"-64.7984","state_id":3905,"state_name":"Queensland","country_id":14},{"active":false,"Giataid":"569280","cityId":5512,"cityName":"Hamilton","hotelId":569280,"hotelName":"Grape Bay Cottages","address":"P.O. Box HM 316,Hamilton,Bermuda","phones":"+14412362515","fax":"","email":"maria@grapebaycottagesbermuda.com","url":"http://www.gbcbermuda.com/","countryIso2":"BM","countryName":"Bermuda","hotelRating":"1","latitude":"32.2814","longitude":"-64.7695","state_id":3909,"state_name":"New South Wales","country_id":14},{"active":false,"Giataid":"594325","cityId":7725,"cityName":"Warwick","hotelId":594325,"hotelName":"Sunscape Bermuda B&B","address":"15 Lusher Hill,Warwick,Bermuda","phones":"+14412362824","fax":"","email":"info@sunscapebermuda.com","url":"http://www.sunscapebermuda.com","countryIso2":"BM","countryName":"Bermuda","hotelRating":"2","latitude":"32.2637","longitude":"-64.8067","state_id":3905,"state_name":"Queensland","country_id":14}]