[{"active":false,"Giataid":"6068","cityId":null,"cityName":"M'Bour","hotelId":6068,"hotelName":"Hotel Club Royal Saly","address":"Rue Principale,Route Saly-Ngaparou,M'bour,Thi?s,Senegal","phones":"","fax":"","email":"","url":"","countryIso2":"SN","countryName":"Senegal","hotelRating":"3","latitude":"14.4448","longitude":"-17.0182","state_id":null,"state_name":null,"country_id":null},{"active":false,"Giataid":"39052","cityId":null,"cityName":"Les Almadies","hotelId":39052,"hotelName":"Hotel des Almadies","address":"La Pointe des Almadies,BP 3236 Dakar,Senegal","phones":"+221338695454","fax":"","email":"","url":"","countryIso2":"SN","countryName":"Senegal","hotelRating":"3","latitude":"14.7421","longitude":"-17.5276","state_id":null,"state_name":null,"country_id":null},{"active":false,"Giataid":"140457","cityId":null,"cityName":"La Somone","hotelId":140457,"hotelName":"Royal Horizons Baobab","address":"La Somone,Somone,Thies,Senegal","phones":"+221779397171","fax":"","email":"contactus@decameron.com","url":"http://www.decameron.com/eng/senegal/baobab/overview.html","countryIso2":"SN","countryName":"Senegal","hotelRating":"4","latitude":"14.4909","longitude":"-17.0856","state_id":null,"state_name":null,"country_id":null},{"active":false,"Giataid":"188281","cityId":null,"cityName":"Cape Skirring","hotelId":188281,"hotelName":"Les Alizes Beach Resort","address":"Plage du Cap Skirring,Casamance,BP 21,Cap Skirring,Senegal","phones":"+221339935288","fax":"","email":"","url":"","countryIso2":"SN","countryName":"Senegal","hotelRating":"5","latitude":"12.3638","longitude":"-16.7306","state_id":null,"state_name":null,"country_id":null},{"active":false,"Giataid":"188285","cityId":null,"cityName":"Dionewar","hotelId":188285,"hotelName":"Lodge Du Delta Niominka","address":"BP 2383,Saly,M'Bour,Senegal","phones":"+221339489935","fax":"+221339570777","email":"reservation@deltaniominka.com","url":"http://www.deltaniominka.com","countryIso2":"SN","countryName":"Senegal","hotelRating":"4","latitude":"13.9051","longitude":"-16.7253","state_id":null,"state_name":null,"country_id":null},{"active":false,"Giataid":"188287","cityId":null,"cityName":"M'Bour","hotelId":188287,"hotelName":"Domaine De Nianing","address":"Nianing,Mbour,Senegal","phones":"+221339571120","fax":"+221339571505","email":"domainenianing@arc.sn","url":"http://www.domainedenianing.com","countryIso2":"SN","countryName":"Senegal","hotelRating":"4","latitude":"14.3329","longitude":"-16.928","state_id":null,"state_name":null,"country_id":null},{"active":false,"Giataid":"188288","cityId":null,"cityName":"Kafountine","hotelId":188288,"hotelName":"Esperanto Lodge","address":"Lac de T?housse,Plage de Kafountine,Casamance,Senegal","phones":"+221776350280","fax":"","email":"esperantolodge@gmail.com","url":"http://esperantolodge.com","countryIso2":"SN","countryName":"Senegal","hotelRating":"2","latitude":"12.9519","longitude":"-16.7433","state_id":null,"state_name":null,"country_id":null},{"active":false,"Giataid":"188297","cityId":null,"cityName":"Cape Skirring","hotelId":188297,"hotelName":"La Maison Bleue","address":"","phones":"","fax":"","email":"","url":"","countryIso2":"SN","countryName":"Senegal","hotelRating":"3","latitude":"12.3758","longitude":"-16.7331","state_id":null,"state_name":null,"country_id":null},{"active":false,"Giataid":"188302","cityId":null,"cityName":"Palmarin","hotelId":188302,"hotelName":"Royal Lodge","address":"Palmarin,Bp 927,Mbour,Senegal","phones":"+221339576000","fax":"+221339576040","email":"royallodge@orange.sn","url":"http://www.le-royal-lodge.com/","countryIso2":"SN","countryName":"Senegal","hotelRating":"5","latitude":"14.0359","longitude":"-16.7713","state_id":null,"state_name":null,"country_id":null},{"active":false,"Giataid":"188304","cityId":null,"cityName":"Fimela","hotelId":188304,"hotelName":"Souimanga Lodge","address":"BP 1,Fimela,Senegal","phones":"+221776387601","fax":"+221775114912","email":"dmenciere@souimanga-lodge.com","url":"http://www.souimanga-lodge.com","countryIso2":"SN","countryName":"Senegal","hotelRating":"4","latitude":"14.1412","longitude":"-16.6591","state_id":null,"state_name":null,"country_id":null},{"active":false,"Giataid":"226693","cityId":null,"cityName":"Cape Skirring","hotelId":226693,"hotelName":"Maya","address":"BP 70,Cabrousse,Cap Skirring,Casamance,Senegal","phones":"+221775756177","fax":"+221339935210","email":"contact@hotel-maya.com","url":"http://www.hotel-maya.com/","countryIso2":"SN","countryName":"Senegal","hotelRating":"3","latitude":"12.4236","longitude":"-16.777","state_id":null,"state_name":null,"country_id":null},{"active":false,"Giataid":"237605","cityId":null,"cityName":"Mbodi?ne","hotelId":237605,"hotelName":"Laguna Beach","address":"Mbodi?ne,Senegal","phones":"+221339578811","fax":"+221339578812","email":"laguna@orange.sn","url":"http://www.lagunabeach.sn","countryIso2":"SN","countryName":"Senegal","hotelRating":"2","latitude":"14.2237","longitude":"-16.8711","state_id":null,"state_name":null,"country_id":null},{"active":false,"Giataid":"240238","cityId":null,"cityName":"Cape Skirring","hotelId":240238,"hotelName":"Le Cap Ocean","address":"Route de Savana,Cap Skirring, Casamance,Senegal","phones":"+221773278080","fax":"","email":"lecapocean@yahoo.fr","url":"http://www.lecapocean.com","countryIso2":"SN","countryName":"Senegal","hotelRating":"2","latitude":"12.354","longitude":"-16.7236","state_id":null,"state_name":null,"country_id":null},{"active":false,"Giataid":"466135","cityId":null,"cityName":"Niaga","hotelId":466135,"hotelName":"Le Calao du Lac Rose","address":"BP 474 Rufisque,99999 Niaga,Senegal","phones":"+221776481678","fax":"","email":"campementlecalao@yahoo.fr","url":"http://aubergecampingdulacrose.com/","countryIso2":"SN","countryName":"Senegal","hotelRating":"2","latitude":"14.8306","longitude":"-17.2339","state_id":null,"state_name":null,"country_id":null},{"active":false,"Giataid":"468046","cityId":null,"cityName":"Niaga","hotelId":468046,"hotelName":"Les Cristaux Roses","address":"Rufisque, Niague, Lac Rose,50555 Niague,Senegal","phones":"+221776340468","fax":"","email":"contact@lescristauxroses.com","url":"http://www.lescristauxroses.com/","countryIso2":"SN","countryName":"Senegal","hotelRating":"3","latitude":"14.8346","longitude":"-17.2495","state_id":null,"state_name":null,"country_id":null},{"active":false,"Giataid":"468254","cityId":null,"cityName":"Diourbel","hotelId":468254,"hotelName":"Complexe Tawfekh","address":"Route nationale 3,Diourbel,Senegal","phones":"","fax":"","email":"","url":"","countryIso2":"SN","countryName":"Senegal","hotelRating":"1","latitude":"14.6595","longitude":"-16.233","state_id":null,"state_name":null,"country_id":null},{"active":false,"Giataid":"468759","cityId":null,"cityName":"Le Warang","hotelId":468759,"hotelName":"Le Ganale","address":"Warang Soc?,BP 463 Mbour,Le Warang,Senegal","phones":"+221339573028","fax":"","email":"","url":"","countryIso2":"SN","countryName":"Senegal","hotelRating":"1","latitude":"14.3689","longitude":"-16.9341","state_id":null,"state_name":null,"country_id":null},{"active":false,"Giataid":"470937","cityId":null,"cityName":"Ndangane","hotelId":470937,"hotelName":"Le Pelican du Saloum","address":"Route De Diosmone,Ndangane Fimela Region,FATICK,Ndangane,Senegal","phones":"","fax":"","email":"","url":"","countryIso2":"SN","countryName":"Senegal","hotelRating":"3","latitude":"14.0732","longitude":"-16.6923","state_id":null,"state_name":null,"country_id":null},{"active":false,"Giataid":"472243","cityId":null,"cityName":"Elinkine","hotelId":472243,"hotelName":"Casa Star","address":"Croisement Base Elinkine, Route Oussouye,  Elinkine,Senegal","phones":"+221339926140","fax":"","email":"casa.star@hotmail.fr","url":"http://casa-star-elinkine.com/","countryIso2":"SN","countryName":"Senegal","hotelRating":"1","latitude":"12.5073","longitude":"-16.663","state_id":null,"state_name":null,"country_id":null},{"active":false,"Giataid":"473428","cityId":null,"cityName":"Niaga","hotelId":473428,"hotelName":"Le Chamama","address":"21000 Niaga,Senegal","phones":"","fax":"","email":"","url":"http://www.tripadvisor.com/Hotel_Review-d7249826","countryIso2":"SN","countryName":"Senegal","hotelRating":"1","latitude":"14.8093","longitude":"-17.2515","state_id":null,"state_name":null,"country_id":null},{"active":false,"Giataid":"474250","cityId":null,"cityName":"Ndangane","hotelId":474250,"hotelName":"Le Bazouk Du Saloum","address":"","phones":"+221773331952","fax":"","email":"","url":"","countryIso2":"SN","countryName":"Senegal","hotelRating":"1","latitude":"14.066","longitude":"-16.702","state_id":null,"state_name":null,"country_id":null},{"active":false,"Giataid":"474400","cityId":null,"cityName":"?le de G?r?e","hotelId":474400,"hotelName":"Hotel Madou Goree","address":"1, Rue du Port,Gor?e, S?n?gal,Senegal","phones":"+221338427709","fax":"+221338427709","email":"hotelmadou@gmail.com","url":"http://www.hotelmadougoree.com/","countryIso2":"SN","countryName":"Senegal","hotelRating":"1","latitude":"14.6679","longitude":"-17.3989","state_id":null,"state_name":null,"country_id":null},{"active":false,"Giataid":"474540","cityId":null,"cityName":"M'Bour","hotelId":474540,"hotelName":"Hotel Adjana","address":"Route de Kahone,11111 Kaolack,Senegal","phones":"","fax":"","email":"","url":"","countryIso2":"SN","countryName":"Senegal","hotelRating":"1","latitude":"14.4185","longitude":"-16.9871","state_id":null,"state_name":null,"country_id":null},{"active":false,"Giataid":"615174","cityId":null,"cityName":"M'Bour","hotelId":615174,"hotelName":"Gite l'Anacardier","address":"","phones":"+221773704075","fax":"","email":"","url":"","countryIso2":"SN","countryName":"Senegal","hotelRating":"1","latitude":"14.4688","longitude":"-17.0589","state_id":null,"state_name":null,"country_id":null},{"active":false,"Giataid":"623664","cityId":null,"cityName":"Nianing","hotelId":623664,"hotelName":"Maison Couleur Passion","address":"P.O. 1611,Nianing Plage,10000 Nianing,Senegal","phones":"+221775563938","fax":"","email":"contact@maison-couleur-passion.com","url":"http://www.maison-couleur-passion.com","countryIso2":"SN","countryName":"Senegal","hotelRating":"1","latitude":"14.3478","longitude":"-16.9315","state_id":null,"state_name":null,"country_id":null},{"active":false,"Giataid":"623790","cityId":null,"cityName":"Richard Toll","hotelId":623790,"hotelName":"Hotel La Taouey","address":"Launga-Richard Toll Road,10000 Richard Toll,Senegal","phones":"","fax":"","email":"","url":"","countryIso2":"SN","countryName":"Senegal","hotelRating":"1","latitude":"16.4442","longitude":"-15.6665","state_id":null,"state_name":null,"country_id":null},{"active":false,"Giataid":"627316","cityId":null,"cityName":"Niaga","hotelId":627316,"hotelName":"Village Hotel Bassari","address":"Lac Rose,21000 Niaga,Senegal","phones":"","fax":"","email":"","url":"","countryIso2":"SN","countryName":"Senegal","hotelRating":"1","latitude":"14.8434","longitude":"-17.2336","state_id":null,"state_name":null,"country_id":null},{"active":false,"Giataid":"643489","cityId":null,"cityName":"Niaga","hotelId":643489,"hotelName":"Hotel Le Palal","address":"Le Lac Rose,131050 Niaga,Senegal","phones":"","fax":"","email":"","url":"","countryIso2":"SN","countryName":"Senegal","hotelRating":"1","latitude":"14.8357","longitude":"-17.2491","state_id":null,"state_name":null,"country_id":null},{"active":false,"Giataid":"737564","cityId":null,"cityName":"M'Bour","hotelId":737564,"hotelName":"Melia Hotel","address":"Saly Carrefour,10000 Mbour,Senegal","phones":"","fax":"","email":"","url":"","countryIso2":"SN","countryName":"Senegal","hotelRating":"1","latitude":"14.4185","longitude":"-16.9871","state_id":null,"state_name":null,"country_id":null},{"active":false,"Giataid":"741626","cityId":null,"cityName":"M'Bour","hotelId":741626,"hotelName":"B&B Teranga Warang","address":"Warang,Rue De La Mer,Mbour,Senegal","phones":"+221339570078","fax":"","email":"teranga.warang@outlook.com","url":"http://terangawarangsenegal.com/","countryIso2":"SN","countryName":"Senegal","hotelRating":"3","latitude":"14.4185","longitude":"-16.9871","state_id":null,"state_name":null,"country_id":null},{"active":false,"Giataid":"741779","cityId":null,"cityName":"Lompoul","hotelId":741779,"hotelName":"Africa Roots","address":"Lompoul sur Mer,10000 Lompoul,Thies,Senegal","phones":"","fax":"","email":"","url":"","countryIso2":"SN","countryName":"Senegal","hotelRating":"3","latitude":"15.4589","longitude":"-16.7242","state_id":null,"state_name":null,"country_id":null},{"active":false,"Giataid":"742142","cityId":null,"cityName":"Cape Skirring","hotelId":742142,"hotelName":"Residence Hotel La Marsu","address":"Cape Randoulene,85000 Cap Skirring,Senegal","phones":"+221339930238","fax":"","email":"residencehotellamarsu@gmail.com","url":"http://www.lamarsucap.com","countryIso2":"SN","countryName":"Senegal","hotelRating":"3","latitude":"12.3758","longitude":"-16.7331","state_id":null,"state_name":null,"country_id":null},{"active":false,"Giataid":"746802","cityId":null,"cityName":"La Somone","hotelId":746802,"hotelName":"Villa Keur Gainde","address":"Somone Petite Cote Mbour Thies,Senegal Dakar Fadia 239,45833 La Somone,Senegal","phones":"","fax":"","email":"","url":"","countryIso2":"SN","countryName":"Senegal","hotelRating":"3","latitude":"14.4875","longitude":"-17.0791","state_id":null,"state_name":null,"country_id":null},{"active":false,"Giataid":"755057","cityId":null,"cityName":"Palmarin","hotelId":755057,"hotelName":"Djidjack","address":"BP 02,23018 Palmarin,Senegal","phones":"+221339499619","fax":"","email":"info@djidjack.com","url":"https://www.djidjack.com","countryIso2":"SN","countryName":"Senegal","hotelRating":"2","latitude":"14.0241","longitude":"-16.7685","state_id":null,"state_name":null,"country_id":null},{"active":false,"Giataid":"755405","cityId":null,"cityName":"Lompoul","hotelId":755405,"hotelName":"Case A Voyage","address":"Lompoul,30800 Lompoul,Senegal","phones":"","fax":"","email":"","url":"","countryIso2":"SN","countryName":"Senegal","hotelRating":"2","latitude":"15.4543","longitude":"-16.6905","state_id":null,"state_name":null,"country_id":null},{"active":false,"Giataid":"800800","cityId":null,"cityName":"Ndangane","hotelId":800800,"hotelName":"La Maroise","address":"Route Ndiosmone - Diofior,Ndangane Campement,Ndangane 06700,Senegal","phones":"","fax":"","email":"","url":"","countryIso2":"SN","countryName":"Senegal","hotelRating":"1","latitude":"14.0696","longitude":"-16.6972","state_id":null,"state_name":null,"country_id":null},{"active":false,"Giataid":"805135","cityId":null,"cityName":"La Somone","hotelId":805135,"hotelName":"Phenix Somone","address":"Somone Canda,10000 Somone,Senegal","phones":"","fax":"","email":"","url":"","countryIso2":"SN","countryName":"Senegal","hotelRating":"1","latitude":"14.4722","longitude":"-17.0657","state_id":null,"state_name":null,"country_id":null},{"active":false,"Giataid":"805195","cityId":null,"cityName":"Niaga","hotelId":805195,"hotelName":"Chez Marie A La Ficelle","address":"Niagua Peulh Lac Rose,80820 Niaga,Senegal","phones":"","fax":"","email":"","url":"","countryIso2":"SN","countryName":"Senegal","hotelRating":"1","latitude":"14.8346","longitude":"-17.2495","state_id":null,"state_name":null,"country_id":null},{"active":false,"Giataid":"805247","cityId":null,"cityName":"Ndangane","hotelId":805247,"hotelName":"Campement Le Cormoran","address":"11230  Ndangane,Delta du Saloum,Senegal","phones":"+221339499316","fax":"","email":"le.cormoran@yahoo.com","url":"http://www.lecormoran.net","countryIso2":"SN","countryName":"Senegal","hotelRating":"1","latitude":"14.0696","longitude":"-16.6972","state_id":null,"state_name":null,"country_id":null},{"active":false,"Giataid":"805362","cityId":null,"cityName":"Niaga","hotelId":805362,"hotelName":"Niwa Oasis","address":"Niague Peul,Lac Rose,11111 Niaga,Senegal","phones":"","fax":"","email":"","url":"","countryIso2":"SN","countryName":"Senegal","hotelRating":"1","latitude":"14.8346","longitude":"-17.2495","state_id":null,"state_name":null,"country_id":null},{"active":false,"Giataid":"808788","cityId":null,"cityName":"Ndangane","hotelId":808788,"hotelName":"L'imprevu","address":"23400 Ndangane,Senegal","phones":"","fax":"","email":"","url":"","countryIso2":"SN","countryName":"Senegal","hotelRating":"1","latitude":"14.0696","longitude":"-16.6972","state_id":null,"state_name":null,"country_id":null},{"active":false,"Giataid":"811002","cityId":null,"cityName":"Cape Skirring","hotelId":811002,"hotelName":"Hotel Cisko Centre","address":"BP 64,10000 Cap Skirring,Senegal","phones":"+221339903921","fax":"","email":"cisko@ciskocentre.com","url":"http://www.ciskocentre.com/","countryIso2":"SN","countryName":"Senegal","hotelRating":"1","latitude":"12.3805","longitude":"-16.7301","state_id":null,"state_name":null,"country_id":null},{"active":false,"Giataid":"813643","cityId":null,"cityName":"?le de G?r?e","hotelId":813643,"hotelName":"Hotel Municipal La Porte Du Retour","address":"Dakar 2,2 Rue Du Port Goree,10300 Goree,Senegal","phones":"","fax":"","email":"","url":"","countryIso2":"SN","countryName":"Senegal","hotelRating":"1","latitude":"14.6686","longitude":"-17.3994","state_id":null,"state_name":null,"country_id":null},{"active":false,"Giataid":"814417","cityId":null,"cityName":"La Somone","hotelId":814417,"hotelName":"Keur Yakaar","address":"Route Ngaparou Somone,23000 Somone,Senegal","phones":"","fax":"","email":"infos@keuryakaar.com","url":"http://www.keuryakaar.com/","countryIso2":"SN","countryName":"Senegal","hotelRating":"1","latitude":"14.4875","longitude":"-17.0791","state_id":null,"state_name":null,"country_id":null},{"active":false,"Giataid":"814446","cityId":null,"cityName":"Cape Skirring","hotelId":814446,"hotelName":"Hotel Kabekel","address":"2e Etage Porte Droite,88 Route De Saint Romain,69450 Cap Skiring,Senegal","phones":"","fax":"","email":"","url":"","countryIso2":"SN","countryName":"Senegal","hotelRating":"1","latitude":"12.3758","longitude":"-16.7331","state_id":null,"state_name":null,"country_id":null},{"active":false,"Giataid":"817707","cityId":null,"cityName":"Cape Skirring","hotelId":817707,"hotelName":"Hotel Katakalousse","address":"Katakalousse,Yembakana,Cap Skirring 11250,Senegal","phones":"","fax":"","email":"infos@katakalousse.com","url":"","countryIso2":"SN","countryName":"Senegal","hotelRating":"1","latitude":"12.3758","longitude":"-16.7331","state_id":null,"state_name":null,"country_id":null},{"active":false,"Giataid":"824394","cityId":null,"cityName":"M'Bour","hotelId":824394,"hotelName":"Hotel Relais 82","address":"Boulevard Demba Diop,En Face Route Nationale,Ndeg1,99300 Mbour,Senegal","phones":"","fax":"","email":"","url":"","countryIso2":"SN","countryName":"Senegal","hotelRating":"1","latitude":"14.4185","longitude":"-16.9871","state_id":null,"state_name":null,"country_id":null},{"active":false,"Giataid":"838451","cityId":null,"cityName":"?le de G?r?e","hotelId":838451,"hotelName":"Villa Castel","address":"Rue Castel,10300 Gor?e,Senegal","phones":"","fax":"","email":"","url":"","countryIso2":"SN","countryName":"Senegal","hotelRating":"1","latitude":"14.6666","longitude":"-17.3984","state_id":null,"state_name":null,"country_id":null},{"active":false,"Giataid":"838663","cityId":null,"cityName":"M'Bour","hotelId":838663,"hotelName":"Keur Baboune","address":"Zone Tripano,10000 Mbour,Senegal","phones":"","fax":"","email":"","url":"","countryIso2":"SN","countryName":"Senegal","hotelRating":"1","latitude":"14.3982","longitude":"-16.9603","state_id":null,"state_name":null,"country_id":null},{"active":false,"Giataid":"838696","cityId":null,"cityName":"Nianing","hotelId":838696,"hotelName":"Villa Rebecca","address":"Route De Joal,33000 Nianing,Senegal","phones":"","fax":"","email":"","url":"","countryIso2":"SN","countryName":"Senegal","hotelRating":"1","latitude":"14.3163","longitude":"-16.9252","state_id":null,"state_name":null,"country_id":null},{"active":false,"Giataid":"838784","cityId":null,"cityName":"?bene","hotelId":838784,"hotelName":"Guesthouse Diabatalo","address":"Badala 29,Abene,Region Casamance,Senegal","phones":"","fax":"","email":"info@guesthousediabatalo.com","url":"http://guesthousediabatalo.com/","countryIso2":"SN","countryName":"Senegal","hotelRating":"1","latitude":"12.9951","longitude":"-16.736","state_id":null,"state_name":null,"country_id":null},{"active":false,"Giataid":"838813","cityId":null,"cityName":"Toubacouta","hotelId":838813,"hotelName":"Bed And Breakfast Keur Niaye","address":"Route De Soukouta ,99000 Toubakouta,Senegal","phones":"","fax":"","email":"","url":"","countryIso2":"SN","countryName":"Senegal","hotelRating":"1","latitude":"13.7876","longitude":"-16.4732","state_id":null,"state_name":null,"country_id":null},{"active":false,"Giataid":"838831","cityId":null,"cityName":"La Somone","hotelId":838831,"hotelName":"Sene Keur","address":"Quartier Teffess,50000 Somone,Senegal","phones":"","fax":"","email":"","url":"","countryIso2":"SN","countryName":"Senegal","hotelRating":"1","latitude":"14.4875","longitude":"-17.0791","state_id":null,"state_name":null,"country_id":null},{"active":false,"Giataid":"838976","cityId":null,"cityName":"Dionewar","hotelId":838976,"hotelName":"Maman Nature","address":"1 Rue De La Plage,20000 Dinouar,Senegal","phones":"","fax":"","email":"","url":"","countryIso2":"SN","countryName":"Senegal","hotelRating":"1","latitude":"0","longitude":"0","state_id":null,"state_name":null,"country_id":null},{"active":false,"Giataid":"850685","cityId":null,"cityName":"Cape Skirring","hotelId":850685,"hotelName":"La Tortue Bleue","address":"NULL","phones":"","fax":"","email":"","url":"","countryIso2":"SN","countryName":"Senegal","hotelRating":"1","latitude":"12.3758","longitude":"-16.7331","state_id":null,"state_name":null,"country_id":null},{"active":false,"Giataid":"603546","cityId":null,"cityName":"Lompoul","hotelId":10058960,"hotelName":"Lodge De Lompoul","address":"No.199, Desert De Lompoul,Lompoul,Senegal","phones":"+221779570057","fax":"","email":"","url":"","countryIso2":"SN","countryName":"Senegal","hotelRating":"3","latitude":"15.4543","longitude":"-16.694","state_id":null,"state_name":null,"country_id":null},{"active":false,"Giataid":"603574","cityId":null,"cityName":"Niaga","hotelId":10070552,"hotelName":"Le Trarza","address":"Lac Rose,Niaga,Senegal","phones":"+221766666127","fax":"","email":"","url":"","countryIso2":"SN","countryName":"Senegal","hotelRating":"3","latitude":"14.8363","longitude":"-17.2498","state_id":null,"state_name":null,"country_id":null},{"active":false,"Giataid":"533204","cityId":null,"cityName":"Karang","hotelId":10071351,"hotelName":"Fathala Wildlife Reserve","address":"Fathala Reserve,Sokone Karang Road,Karang,Senegal","phones":"+221773294297","fax":"","email":"","url":"","countryIso2":"SN","countryName":"Senegal","hotelRating":"4","latitude":"13.6514","longitude":"-16.4463","state_id":null,"state_name":null,"country_id":null},{"active":false,"Giataid":"468811","cityId":null,"cityName":"?bene","hotelId":20002542,"hotelName":"Hotel Atlantic Abene","address":"Dpt Bignona Diouloulou,24561 Ab?n?,Senegal","phones":"","fax":"","email":"","url":"","countryIso2":"SN","countryName":"Senegal","hotelRating":"3","latitude":"12.9841","longitude":"-16.7385","state_id":null,"state_name":null,"country_id":null},{"active":false,"Giataid":"473563","cityId":null,"cityName":"Fimela","hotelId":20002708,"hotelName":"Auberge Bouffe","address":"PO Box 128 Fimela,dept. Faticke,Senegal","phones":"+221339499313","fax":"+221339499313","email":"infoaubergebouffe.com","url":"http://www.aubergebouffe.com/","countryIso2":"SN","countryName":"Senegal","hotelRating":"0","latitude":"14.1362","longitude":"-16.6575","state_id":null,"state_name":null,"country_id":null},{"active":false,"Giataid":"476390","cityId":null,"cityName":"Fimela","hotelId":20003017,"hotelName":"Hotel Evasion Peche","address":"Djilor Djidiack,23400 Fimela,Senegal","phones":"","fax":"","email":"","url":"","countryIso2":"SN","countryName":"Senegal","hotelRating":"0","latitude":"14.1356","longitude":"-16.6569","state_id":null,"state_name":null,"country_id":null},{"active":false,"Giataid":"92820","cityId":null,"cityName":"Lake Retba","hotelId":20004326,"hotelName":"Chez Salim","address":"Bureau,Lac Rose,Dakar,Senegal","phones":"+221338362466","fax":"+221338362053","email":"contact@salim-lacrose.com","url":"http://www.salim-lacrose.com/","countryIso2":"SN","countryName":"Senegal","hotelRating":"2","latitude":"14.8346","longitude":"-17.2512","state_id":null,"state_name":null,"country_id":null},{"active":false,"Giataid":"469092","cityId":null,"cityName":"Lake Retba","hotelId":20004481,"hotelName":"Hotel Toolbi","address":"Lac Rose,10000 Dakar,Senegal","phones":"+221338712200","fax":"","email":"toolbi2003@yahoo.fr","url":"http://www.hoteltoolbi.com","countryIso2":"SN","countryName":"Senegal","hotelRating":"2","latitude":"14.8318","longitude":"-17.245","state_id":null,"state_name":null,"country_id":null},{"active":false,"Giataid":"678025","cityId":null,"cityName":"M'Bour","hotelId":20005024,"hotelName":"Le Mbaila","address":"Grand Mbour,Petite Cote BP 255,Mbour,Senegal","phones":"","fax":"","email":"","url":"http://www.hotels.com/ho560781","countryIso2":"SN","countryName":"Senegal","hotelRating":"3","latitude":"14.4185","longitude":"-16.9871","state_id":null,"state_name":null,"country_id":null},{"active":false,"Giataid":"643789","cityId":null,"cityName":"Fimela","hotelId":20006945,"hotelName":"La Source aux Lamantins","address":"Djilor,PO Box 7,Fimela,Senegal","phones":"+221339495008","fax":"","email":"resasourceauxlamantins@hotmail.com","url":"http://www.lasourceauxlamantins.com/","countryIso2":"SN","countryName":"Senegal","hotelRating":"0","latitude":"14.1236","longitude":"-16.66","state_id":null,"state_name":null,"country_id":null},{"active":false,"Giataid":"468417","cityId":null,"cityName":"M'Bour","hotelId":20007405,"hotelName":"Hotel l'Escale","address":"Escale District,11720 Mbour,Senegal","phones":"","fax":"","email":"","url":"","countryIso2":"SN","countryName":"Senegal","hotelRating":"0","latitude":"14.4085","longitude":"-16.966","state_id":null,"state_name":null,"country_id":null},{"active":false,"Giataid":"92160","cityId":null,"cityName":"Cape Skirring","hotelId":20007736,"hotelName":"Club Med Cap Skirring","address":"B.P. 9,99999 Cap Skiring,Ziguinchor,Senegal","phones":"+221339935222","fax":"+221339935212","email":"","url":"http://www.clubmed.de/cm/urlaub-cap-skirring-senegal_p-5-l-DE-v-CSKC-ac-vh.html","countryIso2":"SN","countryName":"Senegal","hotelRating":"4","latitude":"12.3839","longitude":"-16.74","state_id":null,"state_name":null,"country_id":null},{"active":false,"Giataid":"432492","cityId":null,"cityName":"M'Bour","hotelId":20008063,"hotelName":"Hotel Le Tama Lodge","address":"Plage Des Cocotiers,Avenue De La Mer,Zone R?sidentielle,BP 1524,Mbour,Senegal","phones":"+221339570040","fax":"+221339570718","email":"contact@tamalodge.com","url":"http://www.tamalodge.com/","countryIso2":"SN","countryName":"Senegal","hotelRating":"3","latitude":"14.4191","longitude":"-16.9882","state_id":null,"state_name":null,"country_id":null},{"active":false,"Giataid":"92829","cityId":null,"cityName":"La Somone","hotelId":20008384,"hotelName":"Sorong Hotel","address":"Somone Canda,30002 La Somone,Senegal","phones":"+2219585175","fax":"+2219585196","email":"sorong@sentoo.sn","url":"http://www.sorong.sn/","countryIso2":"SN","countryName":"Senegal","hotelRating":"0","latitude":"14.4753","longitude":"-17.0732","state_id":null,"state_name":null,"country_id":null},{"active":false,"Giataid":"612413","cityId":null,"cityName":"M'Bour","hotelId":20008567,"hotelName":"Baobab Belge","address":"Rue de la Mer,Saly NiakhNiakhal,Mbour,Senegal","phones":"+221775975292","fax":"","email":"baobabbelge@gmail.com","url":"http://www.baobabbelge.com/","countryIso2":"SN","countryName":"Senegal","hotelRating":"3","latitude":"14.4325","longitude":"-16.9989","state_id":null,"state_name":null,"country_id":null},{"active":false,"Giataid":"698915","cityId":null,"cityName":"M'Bour","hotelId":20008804,"hotelName":"Sall Africa tourisme","address":"Saly Carrefour 69A,Route de Saly,Mbour,Senegal","phones":"","fax":"","email":"","url":"","countryIso2":"SN","countryName":"Senegal","hotelRating":"3","latitude":"14.4185","longitude":"-16.9871","state_id":null,"state_name":null,"country_id":null},{"active":false,"Giataid":"457640","cityId":null,"cityName":"Fimela","hotelId":20009264,"hotelName":"Fagapa Village","address":"Village de Djilor Djidiack,00777 Fimela,Senegal","phones":"","fax":"","email":"","url":"","countryIso2":"SN","countryName":"Senegal","hotelRating":"0","latitude":"14.1192","longitude":"-16.6582","state_id":null,"state_name":null,"country_id":null},{"active":false,"Giataid":"552304","cityId":null,"cityName":"M'Bour","hotelId":20010173,"hotelName":"Au Petit Jura","address":"Saly Niakh Niakhal,M'Bour,Senegal","phones":"+221339573767","fax":"","email":"aupetitjura@yahoo.fr","url":"http://www.aupetitjura.ch/","countryIso2":"SN","countryName":"Senegal","hotelRating":"2","latitude":"14.4239","longitude":"-16.9929","state_id":null,"state_name":null,"country_id":null},{"active":false,"Giataid":"413810","cityId":null,"cityName":"Cape Skirring","hotelId":20010303,"hotelName":"Hibiscus","address":"Plage de Kabrousse,Cap Skirring,Senegal","phones":"","fax":"","email":"","url":"","countryIso2":"SN","countryName":"Senegal","hotelRating":"3","latitude":"12.3512","longitude":"-16.725","state_id":null,"state_name":null,"country_id":null},{"active":false,"Giataid":"469571","cityId":null,"cityName":"M'Bour","hotelId":20010577,"hotelName":"Hotels-Jardins Savana Saly","address":"Mbour La Petite C?te,B.P. 101,Mbour,Senegal","phones":"+221339395800","fax":"+221339395827","email":"hotel@savana.sn","url":"http://www.savana.sn","countryIso2":"SN","countryName":"Senegal","hotelRating":"4","latitude":"14.4185","longitude":"-16.9871","state_id":null,"state_name":null,"country_id":null},{"active":false,"Giataid":"188833","cityId":null,"cityName":"Lompoul","hotelId":20010990,"hotelName":"Le Camp du Desert","address":"Lompoul,K?b?mer,Senegal","phones":"+221777055695","fax":"","email":"cdd@espritdafrique.com","url":"http://www.campdudesert.com/campdudesert/introduction.html","countryIso2":"SN","countryName":"Senegal","hotelRating":"0","latitude":"15.4542","longitude":"-16.6869","state_id":null,"state_name":null,"country_id":null},{"active":false,"Giataid":"468091","cityId":null,"cityName":"La Somone","hotelId":20011907,"hotelName":"Hotel La Lagune","address":"BP 234,Ngaparou,La Somone,Senegal","phones":"+221339577407","fax":"","email":"hotel-lagune@arc.sn","url":"http://www.lagune-hotelsomone.com","countryIso2":"SN","countryName":"Senegal","hotelRating":"0","latitude":"14.4881","longitude":"-17.0812","state_id":null,"state_name":null,"country_id":null},{"active":false,"Giataid":"465772","cityId":null,"cityName":"Fimela","hotelId":20012148,"hotelName":"Hotel Les Cordons Bleus","address":"Ndangane,P. O. Box 104,Fimela,Senegal","phones":"+221339499312","fax":"","email":"cordons-bleus@orange.sn","url":"http://www.lescordons-bleus.com/","countryIso2":"SN","countryName":"Senegal","hotelRating":"3","latitude":"14.0721","longitude":"-16.6892","state_id":null,"state_name":null,"country_id":null},{"active":false,"Giataid":"188295","cityId":null,"cityName":"?bene","hotelId":20012293,"hotelName":"Kalissai","address":"Abene,Senegal,Senegal","phones":"+221339948600","fax":"+221339948601","email":"kalissai@orange.sn","url":"","countryIso2":"SN","countryName":"Senegal","hotelRating":"3","latitude":"12.9974","longitude":"-16.7367","state_id":null,"state_name":null,"country_id":null},{"active":false,"Giataid":"471497","cityId":null,"cityName":"Fimela","hotelId":20012404,"hotelName":"Le Kooniguy","address":"Le Kooniguy,Ile de Mar Lodj,BP 42,29430 Fimela,Senegal","phones":"+221776473741","fax":"","email":"","url":"http://www.lekooniguy-senegal.com/","countryIso2":"SN","countryName":"Senegal","hotelRating":"0","latitude":"14.0345","longitude":"-16.6908","state_id":null,"state_name":null,"country_id":null},{"active":false,"Giataid":"643515","cityId":null,"cityName":"Le Warang","hotelId":20012649,"hotelName":"Douceur d'Afrique","address":"Route De Nianing,Warang,Senegal","phones":"","fax":"","email":"","url":"","countryIso2":"SN","countryName":"Senegal","hotelRating":"0","latitude":"14.3703","longitude":"-16.9379","state_id":null,"state_name":null,"country_id":null},{"active":false,"Giataid":"468130","cityId":null,"cityName":"M'Bour","hotelId":20012784,"hotelName":"Hotel Club Safari","address":"BP 1484 Route de Joal,10000 Mbour,Senegal","phones":"+221339571991","fax":"+221339573838","email":"info@hotelclubsafari.com","url":"http://www.hotelclubsafari.com/","countryIso2":"SN","countryName":"Senegal","hotelRating":"0","latitude":"14.4003","longitude":"-16.9621","state_id":null,"state_name":null,"country_id":null},{"active":false,"Giataid":"413811","cityId":null,"cityName":"Cape Skirring","hotelId":20013306,"hotelName":"La Paillote","address":"Plage du Cap Skirring,B.P. 1,Cap Skirring,Senegal","phones":"+221339935151","fax":"","email":"paillote@orange.sn","url":"http://www.paillote.sn","countryIso2":"SN","countryName":"Senegal","hotelRating":"3","latitude":"12.3896","longitude":"-16.7396","state_id":null,"state_name":null,"country_id":null},{"active":false,"Giataid":"643519","cityId":null,"cityName":"Cape Skirring","hotelId":20013442,"hotelName":"Hotel Les Carangues","address":"Plage de Boucotte,Cap Skiring,Senegal","phones":"","fax":"","email":"","url":"","countryIso2":"SN","countryName":"Senegal","hotelRating":"0","latitude":"12.3758","longitude":"-16.7331","state_id":null,"state_name":null,"country_id":null},{"active":false,"Giataid":"643495","cityId":null,"cityName":"M'Bour","hotelId":20013670,"hotelName":"Les Cases de Saly Senegal","address":"R?sidence Les Cases de Saly S?n?gal,Mbour,Senegal","phones":"","fax":"","email":"","url":"","countryIso2":"SN","countryName":"Senegal","hotelRating":"0","latitude":"14.4434","longitude":"-17.0186","state_id":null,"state_name":null,"country_id":null},{"active":false,"Giataid":"613413","cityId":null,"cityName":"Cape Skirring","hotelId":20013816,"hotelName":"Les Paletuviers Kaloa","address":"BP 70 Cap skirring,Kabrousse,Senegal","phones":"+221339935210","fax":"","email":"","url":"http://www.hotel-les-paletuviers.com","countryIso2":"SN","countryName":"Senegal","hotelRating":"2","latitude":"12.3478","longitude":"-16.7217","state_id":null,"state_name":null,"country_id":null},{"active":false,"Giataid":"643792","cityId":null,"cityName":"M'Bour","hotelId":20013939,"hotelName":"Cocobay Resort","address":"BP 332 Saly Portudal Balney Station,Mbour,Senegal","phones":"","fax":"","email":"","url":"","countryIso2":"SN","countryName":"Senegal","hotelRating":"0","latitude":"14.4228","longitude":"-16.9654","state_id":null,"state_name":null,"country_id":null},{"active":false,"Giataid":"38812","cityId":null,"cityName":"La Somone","hotelId":20014439,"hotelName":"Coralia Le Baobab","address":"BP 81,Village de la Somone,La Somone,Mbour,Senegal","phones":"+2219577406","fax":"+2219577404","email":"","url":"","countryIso2":"SN","countryName":"Senegal","hotelRating":"4","latitude":"14.4895","longitude":"-17.0829","state_id":null,"state_name":null,"country_id":null},{"active":false,"Giataid":"406310","cityId":null,"cityName":"La Somone","hotelId":20014644,"hotelName":"Hotel Coeur Senegal","address":"Route de Baobab,La Somone,Senegal","phones":"+221339585277","fax":"","email":"info@coeur-senegal.com","url":"http://www.coeur-senegal.com","countryIso2":"SN","countryName":"Senegal","hotelRating":"2","latitude":"14.4872","longitude":"-17.0798","state_id":null,"state_name":null,"country_id":null},{"active":false,"Giataid":"628410","cityId":null,"cityName":"La Somone","hotelId":20014928,"hotelName":"Hotel J'aime Le Senegal","address":"La Lagune,10000 Somone,Senegal","phones":"","fax":"","email":"","url":"","countryIso2":"SN","countryName":"Senegal","hotelRating":"0","latitude":"14.4887","longitude":"-17.0786","state_id":null,"state_name":null,"country_id":null},{"active":false,"Giataid":"427704","cityId":null,"cityName":"Popenguine","hotelId":20015336,"hotelName":"Terre d'Afrique","address":"Ndayane,Poponguine,Senegal","phones":"+221339577155","fax":"+221776439666","email":"","url":"http://www.hotelterreafrique.com","countryIso2":"SN","countryName":"Senegal","hotelRating":"3","latitude":"14.5876","longitude":"-17.1392","state_id":null,"state_name":null,"country_id":null},{"active":false,"Giataid":"467653","cityId":null,"cityName":"La Somone","hotelId":20015459,"hotelName":"Africa 6 Plage","address":"Somone 174 Mbour,10000 Somone,Senegal","phones":"+221339577494","fax":"","email":"africa6plage@orange.sn","url":"http://www.africa-6.com/contact-hotel-restaurant-africa6.php","countryIso2":"SN","countryName":"Senegal","hotelRating":"2","latitude":"14.4791","longitude":"-17.0765","state_id":null,"state_name":null,"country_id":null},{"active":false,"Giataid":"678348","cityId":null,"cityName":"Cape Skirring","hotelId":20015619,"hotelName":"Oudja Hotel","address":"Boucotto Plage,Cap Skiring,Senegal","phones":"","fax":"","email":"","url":"","countryIso2":"SN","countryName":"Senegal","hotelRating":"3","latitude":"12.3758","longitude":"-16.7331","state_id":null,"state_name":null,"country_id":null},{"active":false,"Giataid":"628405","cityId":null,"cityName":"La Somone","hotelId":20017113,"hotelName":"Auberge de l'Orangeraie","address":"Route Principale,La Somone,Senegal","phones":"+221339585183","fax":"","email":"hotel.orangeraie@gmail.com","url":"http://www.auberge-orangeraie.com/","countryIso2":"SN","countryName":"Senegal","hotelRating":"0","latitude":"14.4875","longitude":"-17.0791","state_id":null,"state_name":null,"country_id":null},{"active":false,"Giataid":"607423","cityId":null,"cityName":"Palmarin","hotelId":20018326,"hotelName":"Ecolodge de Palmarin","address":"3 Km de Djiffer en Bord de Mer,33022 Palmarin,Senegal","phones":"","fax":"","email":"","url":"","countryIso2":"SN","countryName":"Senegal","hotelRating":"2","latitude":"13.971","longitude":"-16.7644","state_id":null,"state_name":null,"country_id":null},{"active":false,"Giataid":"474968","cityId":null,"cityName":"Mbodi?ne","hotelId":20018760,"hotelName":"Hotel Joal Lodge","address":"joal quarier diamangu?ne,00221 Joal-Fadiout,Senegal","phones":"","fax":"","email":"","url":"","countryIso2":"SN","countryName":"Senegal","hotelRating":"0","latitude":"14.177","longitude":"-16.8509","state_id":null,"state_name":null,"country_id":null},{"active":false,"Giataid":"643526","cityId":null,"cityName":"La Somone","hotelId":20019211,"hotelName":"Keur Pelican","address":"Route Principale,La Somone,Senegal","phones":"","fax":"","email":"","url":"","countryIso2":"SN","countryName":"Senegal","hotelRating":"0","latitude":"14.4854","longitude":"-17.0747","state_id":null,"state_name":null,"country_id":null},{"active":false,"Giataid":"188300","cityId":null,"cityName":"Popenguine","hotelId":20020067,"hotelName":"Pierre de Lisse","address":"Ndayane,BP 4,Popenguine,S?n?gal,Senegal","phones":"+221339577148","fax":"+221339577148","email":"pierredelisse@orande.sn","url":"http://www.itinerairelisse.net","countryIso2":"SN","countryName":"Senegal","hotelRating":"3","latitude":"14.5798","longitude":"-17.1391","state_id":null,"state_name":null,"country_id":null},{"active":false,"Giataid":"470650","cityId":null,"cityName":"Kafountine","hotelId":20020143,"hotelName":"Hotel Bendoula","address":"Kafountine plage,53100 Kafountine,Senegal","phones":"+221339944598","fax":"","email":"info@hotelbendoula.com","url":"http://www.hotelbendoula.com/","countryIso2":"SN","countryName":"Senegal","hotelRating":"3","latitude":"12.9088","longitude":"-16.7549","state_id":null,"state_name":null,"country_id":null},{"active":false,"Giataid":"702231","cityId":null,"cityName":"Popenguine","hotelId":20020929,"hotelName":"La Villa Serere","address":"Quartier Thioupam BP 32,10000 Poponguine,Senegal","phones":"+221775508298","fax":"","email":"contact@lavillaserere.com","url":"http://lavillaserere.com/","countryIso2":"SN","countryName":"Senegal","hotelRating":"3","latitude":"14.5837","longitude":"-17.1392","state_id":null,"state_name":null,"country_id":null},{"active":false,"Giataid":"628465","cityId":null,"cityName":"Mbodi?ne","hotelId":20021369,"hotelName":"Hotel Chez Reine Senegal","address":"Mbodi?ne Plage Et Lagune Ex Gite d'Etape la Fasna, Bp: 40 Joal/Fadiouth,22140 Mbodi?ne,Senegal","phones":"","fax":"","email":"","url":"","countryIso2":"SN","countryName":"Senegal","hotelRating":"0","latitude":"14.2323","longitude":"-16.8733","state_id":null,"state_name":null,"country_id":null},{"active":false,"Giataid":"468295","cityId":null,"cityName":"Kafountine","hotelId":20021459,"hotelName":"Hotel Mama Maria","address":"Plage de Kafountine - Casamance,10000 Kafountine,Senegal","phones":"","fax":"","email":"","url":"","countryIso2":"SN","countryName":"Senegal","hotelRating":"0","latitude":"12.9298","longitude":"-16.7505","state_id":null,"state_name":null,"country_id":null},{"active":false,"Giataid":"909061","cityId":null,"cityName":"Cape Skirring","hotelId":20370619,"hotelName":"Le Bar De La Mer","address":"Plage De Cabrousse,Mossor,Cap Skirring,Senegal","phones":"+221339935280","fax":"","email":"bar.de.la.mer.cabrousse@gmail.com","url":"http://www.hotel-capskirring.com/","countryIso2":"SN","countryName":"Senegal","hotelRating":"0","latitude":"12.3758","longitude":"-16.7331","state_id":null,"state_name":null,"country_id":null},{"active":false,"Giataid":"867645","cityId":null,"cityName":"M'Bour","hotelId":20370626,"hotelName":"Diouf House","address":"Route De Saly,Route Des Diamantines,Face De H?tel Lamantine Beach,Somone,99999 Mbour,Senegal","phones":"","fax":"","email":"","url":"","countryIso2":"SN","countryName":"Senegal","hotelRating":"0","latitude":"14.4451","longitude":"-16.9849","state_id":null,"state_name":null,"country_id":null},{"active":false,"Giataid":"900703","cityId":null,"cityName":"M'Bour","hotelId":20370627,"hotelName":"Villa Contemporaine Saly","address":"Saly Nord,Saly Portudal,21366 Mbour,Senegal","phones":"","fax":"","email":"","url":"","countryIso2":"SN","countryName":"Senegal","hotelRating":"0","latitude":"14.4185","longitude":"-16.9871","state_id":null,"state_name":null,"country_id":null},{"active":false,"Giataid":"870358","cityId":null,"cityName":"Cape Skirring","hotelId":20370633,"hotelName":"Bolongs Passion","address":"Derriere La Gendarmerie,38100 Cap Skirring,Senegal","phones":"+221339935418","fax":"","email":"info@bolongs-passion.com","url":"http://www.bolongs-passion.com/","countryIso2":"SN","countryName":"Senegal","hotelRating":"0","latitude":"12.3794","longitude":"-16.7275","state_id":null,"state_name":null,"country_id":null},{"active":false,"Giataid":"919488","cityId":null,"cityName":"Kafountine","hotelId":20370639,"hotelName":"Centre Artistique Tilyboo","address":"Batokunko,00001 Kafountine,Senegal","phones":"","fax":"","email":"","url":"","countryIso2":"SN","countryName":"Senegal","hotelRating":"0","latitude":"12.9298","longitude":"-16.7505","state_id":null,"state_name":null,"country_id":null},{"active":false,"Giataid":"889774","cityId":null,"cityName":"Lompoul","hotelId":20370640,"hotelName":"Lodge In Lompoul","address":"Lompoul Village,Desert de Lompoul,30800 Lompoul,Senegal","phones":"","fax":"","email":"","url":"","countryIso2":"SN","countryName":"Senegal","hotelRating":"0","latitude":"15.4543","longitude":"-16.6905","state_id":null,"state_name":null,"country_id":null},{"active":false,"Giataid":"871723","cityId":null,"cityName":"M'Bour","hotelId":20370641,"hotelName":"Happy Et Bien Etre","address":"Route de Somone,Ngaring,78230 Mbour,Senegal","phones":"","fax":"","email":"","url":"","countryIso2":"SN","countryName":"Senegal","hotelRating":"0","latitude":"14.4839","longitude":"-17.0247","state_id":null,"state_name":null,"country_id":null},{"active":false,"Giataid":"912960","cityId":null,"cityName":"Ndangane","hotelId":20370642,"hotelName":"La Palangrotte","address":"Centre du village Ndangane,22590 Ndangane,Senegal","phones":"","fax":"","email":"","url":"","countryIso2":"SN","countryName":"Senegal","hotelRating":"0","latitude":"14.0696","longitude":"-16.6972","state_id":null,"state_name":null,"country_id":null},{"active":false,"Giataid":"862348","cityId":null,"cityName":"Toubacouta","hotelId":20370644,"hotelName":"Le Djiosfala Lodge","address":"Toubakouta,24018 Toubacouta,Senegal","phones":"","fax":"","email":"","url":"","countryIso2":"SN","countryName":"Senegal","hotelRating":"0","latitude":"13.7847","longitude":"-16.4738","state_id":null,"state_name":null,"country_id":null},{"active":false,"Giataid":"919472","cityId":null,"cityName":"Kafountine","hotelId":20370650,"hotelName":"Le Kumpoo","address":"Quartier Batara Kafountine,23208 Kafountine,Senegal","phones":"","fax":"","email":"","url":"","countryIso2":"SN","countryName":"Senegal","hotelRating":"0","latitude":"12.9298","longitude":"-16.7505","state_id":null,"state_name":null,"country_id":null},{"active":false,"Giataid":"943840","cityId":null,"cityName":"La Somone","hotelId":20370651,"hotelName":"Keurmariguen","address":"23000 Somone,Saly,Senegal","phones":"+221339585137","fax":"","email":"contact@keurmariguen.com","url":"http://www.keurmariguen.com/","countryIso2":"SN","countryName":"Senegal","hotelRating":"0","latitude":"14.4875","longitude":"-17.0791","state_id":null,"state_name":null,"country_id":null},{"active":false,"Giataid":"871716","cityId":null,"cityName":"M'Bour","hotelId":20370652,"hotelName":"Tam Tam","address":"Route De Joal,Mbour,Senegal","phones":"","fax":"","email":"","url":"","countryIso2":"SN","countryName":"Senegal","hotelRating":"0","latitude":"14.4185","longitude":"-16.9871","state_id":null,"state_name":null,"country_id":null},{"active":false,"Giataid":"884230","cityId":null,"cityName":"Ndangane","hotelId":20370653,"hotelName":"Chez Aicha","address":"Ndangane,Fatick,Senegal","phones":"","fax":"","email":"","url":"","countryIso2":"SN","countryName":"Senegal","hotelRating":"0","latitude":"14.0798","longitude":"-16.6895","state_id":null,"state_name":null,"country_id":null},{"active":false,"Giataid":"884416","cityId":null,"cityName":"Palmarin","hotelId":20370654,"hotelName":"SeSSene","address":"Piste de Samba Dia Palmarin,Fatick,Palmarin,Senegal","phones":"","fax":"","email":"campement-campement@@campement-sessene.com","url":"http://www.campement-sessene.com","countryIso2":"SN","countryName":"Senegal","hotelRating":"0","latitude":"14.0035","longitude":"-16.7678","state_id":null,"state_name":null,"country_id":null},{"active":false,"Giataid":"866730","cityId":null,"cityName":"?le de G?r?e","hotelId":20370657,"hotelName":"Chez Eric","address":"Rue De La Compagnie,18522 Gor?e,Senegal","phones":"","fax":"","email":"","url":"","countryIso2":"SN","countryName":"Senegal","hotelRating":"3","latitude":"14.667","longitude":"-17.3976","state_id":null,"state_name":null,"country_id":null},{"active":false,"Giataid":"940869","cityId":null,"cityName":"Cape Skirring","hotelId":20370658,"hotelName":"Mussuwam","address":"Cap Randoulene,Cap Skrring 24154,Senegal","phones":"","fax":"","email":"","url":"","countryIso2":"SN","countryName":"Senegal","hotelRating":"0","latitude":"12.3758","longitude":"-16.7331","state_id":null,"state_name":null,"country_id":null},{"active":false,"Giataid":"863288","cityId":null,"cityName":"La Somone","hotelId":20370664,"hotelName":"Villa Citronnelle","address":"Dr?ve Des Belges,La Somone,Mbour,Senegal","phones":"","fax":"","email":"","url":"","countryIso2":"SN","countryName":"Senegal","hotelRating":"0","latitude":"14.4875","longitude":"-17.0791","state_id":null,"state_name":null,"country_id":null},{"active":false,"Giataid":"868032","cityId":null,"cityName":"M'Bour","hotelId":20370665,"hotelName":"Residence Villa Hamane","address":"Saly Nord,Saly Portudal,Mbour,Senegal","phones":"","fax":"","email":"","url":"","countryIso2":"SN","countryName":"Senegal","hotelRating":"0","latitude":"14.4185","longitude":"-16.9871","state_id":null,"state_name":null,"country_id":null},{"active":false,"Giataid":"919417","cityId":null,"cityName":"M'Bour","hotelId":20370666,"hotelName":"Babao Camp","address":"Route De Joal,10000 Mbour,Senegal","phones":"","fax":"","email":"","url":"","countryIso2":"SN","countryName":"Senegal","hotelRating":"0","latitude":"14.3759","longitude":"-16.9407","state_id":null,"state_name":null,"country_id":null},{"active":false,"Giataid":"876057","cityId":null,"cityName":"Niaga","hotelId":20370667,"hotelName":"Le Clos Des Oliviers","address":"Piste Bambilor,Lac Rose,25000 Niaga,Senegal,Senegal","phones":"","fax":"","email":"","url":"http://le-clos-des-oliviers-senegal.com","countryIso2":"SN","countryName":"Senegal","hotelRating":"0","latitude":"14.8393","longitude":"-17.2161","state_id":null,"state_name":null,"country_id":null},{"active":false,"Giataid":"873352","cityId":null,"cityName":"Cape Skirring","hotelId":20370672,"hotelName":"Le Papayer Ecolodge","address":"Kibalaou,Cap Skirring,Casamance,Senegal","phones":"+221771690649","fax":"","email":"opapayer@gmail.com","url":"https://www.lepapayer.com/","countryIso2":"SN","countryName":"Senegal","hotelRating":"0","latitude":"12.4357","longitude":"-16.7816","state_id":null,"state_name":null,"country_id":null},{"active":false,"Giataid":"876029","cityId":null,"cityName":"M'Bour","hotelId":20370679,"hotelName":"Auberge Keur Mame","address":"Road Mbour,Route De Joal,Ouoran,23000 Mbour,Thies,Senegal","phones":"","fax":"","email":"","url":"","countryIso2":"SN","countryName":"Senegal","hotelRating":"0","latitude":"14.4185","longitude":"-16.9871","state_id":null,"state_name":null,"country_id":null},{"active":false,"Giataid":"864759","cityId":null,"cityName":"Toubacouta","hotelId":20370683,"hotelName":"Africa Strike Lodge","address":"En Face Douane Ancien Batiment,Toubacouta Bp 13,Toubakouta,Senegal","phones":"","fax":"","email":"yayakikia@hotmail.com","url":"http://www.africastrike.com/","countryIso2":"SN","countryName":"Senegal","hotelRating":"0","latitude":"13.7847","longitude":"-16.4738","state_id":null,"state_name":null,"country_id":null},{"active":false,"Giataid":"875115","cityId":null,"cityName":"La Somone","hotelId":20370698,"hotelName":"Villa Charme","address":"Route De Ngaparou,99000 La Somone,Senegal","phones":"","fax":"","email":"","url":"http://www.hotels.com/ho771878272","countryIso2":"SN","countryName":"Senegal","hotelRating":"0","latitude":"14.4875","longitude":"-17.0791","state_id":null,"state_name":null,"country_id":null},{"active":false,"Giataid":"871327","cityId":null,"cityName":"M'Bour","hotelId":20370699,"hotelName":"Mbekhmi Beau rivage","address":"Grand Mbour ? cot? de l'h?tel,Blue Africa,99000 Mbour,Senegal","phones":"","fax":"","email":"","url":"","countryIso2":"SN","countryName":"Senegal","hotelRating":"0","latitude":"14.4185","longitude":"-16.9871","state_id":null,"state_name":null,"country_id":null},{"active":false,"Giataid":"919450","cityId":null,"cityName":"Mbodi?ne","hotelId":20370700,"hotelName":"Auberge Plein Soleil","address":"Plage,Mbodi?ne,Senegal","phones":"+221339578823","fax":"","email":"","url":"http://www.pleinsoleilsenegal.com","countryIso2":"SN","countryName":"Senegal","hotelRating":"0","latitude":"14.2237","longitude":"-16.8711","state_id":null,"state_name":null,"country_id":null},{"active":false,"Giataid":"884083","cityId":null,"cityName":"Palmarin","hotelId":20370701,"hotelName":"Campement Nanaay","address":"BP 17 Fimela Palmarin Facao,Fatick,23400 Palmarin,Sine-Saloum,Senegal","phones":"","fax":"","email":"vitondjira@hotmail.com","url":"https://nanaay.com","countryIso2":"SN","countryName":"Senegal","hotelRating":"0","latitude":"14.0035","longitude":"-16.7678","state_id":null,"state_name":null,"country_id":null},{"active":false,"Giataid":"919541","cityId":null,"cityName":"?bene","hotelId":20370704,"hotelName":"Banku Musso","address":"Quartier Tranquille,40251 Ab?n?,Senegal","phones":"","fax":"","email":"","url":"","countryIso2":"SN","countryName":"Senegal","hotelRating":"0","latitude":"12.9907","longitude":"-16.7376","state_id":null,"state_name":null,"country_id":null},{"active":false,"Giataid":"868170","cityId":null,"cityName":"La Somone","hotelId":20370710,"hotelName":"La Somonoise","address":"Grande Rue Prolongee De La Mosquee,00001 Somone,Senegal","phones":"","fax":"","email":"","url":"http://www.booking.com/hotel/sn/la-somonoise.en-gb.html?aid=357026","countryIso2":"SN","countryName":"Senegal","hotelRating":"0","latitude":"14.4875","longitude":"-17.0791","state_id":null,"state_name":null,"country_id":null},{"active":false,"Giataid":"868060","cityId":null,"cityName":"M'Bour","hotelId":20370711,"hotelName":"Villa Dallie Senegal","address":"Saly-Portudal,Mbour,Senegal","phones":"","fax":"","email":"","url":"","countryIso2":"SN","countryName":"Senegal","hotelRating":"0","latitude":"14.4185","longitude":"-16.9871","state_id":null,"state_name":null,"country_id":null},{"active":false,"Giataid":"870155","cityId":null,"cityName":"Nianing","hotelId":20370713,"hotelName":"Au Petit Senegal","address":"Villa 32,Residence Nianing 1,Nianing,Senegal","phones":"","fax":"","email":"","url":"http://aupetitsenegal.com/","countryIso2":"SN","countryName":"Senegal","hotelRating":"0","latitude":"14.3478","longitude":"-16.9315","state_id":null,"state_name":null,"country_id":null},{"active":false,"Giataid":"871314","cityId":null,"cityName":"La Somone","hotelId":20370725,"hotelName":"Villa la Isla","address":"Somone Derriere Les Aigrettes Juste Abdou Aziz Mbengue Ref 924,10000 Somone,Senegal","phones":"","fax":"","email":"","url":"","countryIso2":"SN","countryName":"Senegal","hotelRating":"0","latitude":"14.4875","longitude":"-17.0791","state_id":null,"state_name":null,"country_id":null},{"active":false,"Giataid":"870126","cityId":null,"cityName":"M'Bour","hotelId":20370726,"hotelName":"Le Lion Des Flandres","address":"Niakh Niakhal Face de l African Thiosan,86200 Mbour,Senegal","phones":"","fax":"","email":"","url":"","countryIso2":"SN","countryName":"Senegal","hotelRating":"0","latitude":"14.4185","longitude":"-16.9871","state_id":null,"state_name":null,"country_id":null},{"active":false,"Giataid":"867731","cityId":null,"cityName":"Palmarin","hotelId":20370728,"hotelName":"Lodge Des Collines De Niassam","address":"BP 03 23018,Palmarin 10000,Fatick,Senegal","phones":"","fax":"","email":"","url":"","countryIso2":"SN","countryName":"Senegal","hotelRating":"0","latitude":"14.0035","longitude":"-16.7678","state_id":null,"state_name":null,"country_id":null},{"active":false,"Giataid":"870409","cityId":null,"cityName":"?bene","hotelId":20370731,"hotelName":"Contany Counda","address":"Badala,Abene,Senegal","phones":"","fax":"","email":"","url":"","countryIso2":"SN","countryName":"Senegal","hotelRating":"0","latitude":"12.9907","longitude":"-16.7376","state_id":null,"state_name":null,"country_id":null},{"active":false,"Giataid":"948994","cityId":null,"cityName":"Kafountine","hotelId":20418462,"hotelName":"La Case De Marie Odile","address":"Route Du Campement De Wassadou,27208 Kafountine,Senegal","phones":"","fax":"","email":"","url":"","countryIso2":"SN","countryName":"Senegal","hotelRating":"1","latitude":"12.9298","longitude":"-16.7505","state_id":null,"state_name":null,"country_id":null},{"active":false,"Giataid":"998994","cityId":null,"cityName":"Fimela","hotelId":20439082,"hotelName":"Sarahma Lodge","address":"Simal BP 66,Arrondissement De Fimela,Region De Fatick,Senegal","phones":"+221785463122","fax":"","email":"veroniquemag19@gmail.com","url":"http://www.sarahma-simal.com","countryIso2":"SN","countryName":"Senegal","hotelRating":"1","latitude":"14.1169","longitude":"-16.6647","state_id":null,"state_name":null,"country_id":null},{"active":false,"Giataid":"1002176","cityId":null,"cityName":"Kafountine","hotelId":20439085,"hotelName":"Couleur Cafe","address":"Rue Principal,27208 Kafountine,Senegal","phones":"","fax":"","email":"","url":"","countryIso2":"SN","countryName":"Senegal","hotelRating":"1","latitude":"12.9298","longitude":"-16.7505","state_id":null,"state_name":null,"country_id":null},{"active":false,"Giataid":"1002129","cityId":null,"cityName":"Dionewar","hotelId":20439088,"hotelName":"Amoul Solo Falia","address":"Unnamed Road,L'Ile De Falia,Dinouar,Senegal","phones":"","fax":"","email":"","url":"","countryIso2":"SN","countryName":"Senegal","hotelRating":"1","latitude":"13.9052","longitude":"-16.7266","state_id":null,"state_name":null,"country_id":null},{"active":false,"Giataid":"1002140","cityId":null,"cityName":"Lompoul","hotelId":20439089,"hotelName":"Horizons Lodges Lompoul","address":"Desert,10000 Lompoul,Senegal","phones":"","fax":"","email":"","url":"","countryIso2":"SN","countryName":"Senegal","hotelRating":"1","latitude":"15.4543","longitude":"-16.6905","state_id":null,"state_name":null,"country_id":null}]