[{"active":false,"Giataid":"243974","cityId":134513,"cityName":"Erbil","hotelId":243974,"hotelName":"Erbil Rotana","address":"Gulan Street,Erbil,Iraq","phones":"+964662105555","fax":"+964662105556","email":"","url":"http://www.rotana.com/rotanahotelandresorts/iraq/erbil/erbilrotana","countryIso2":"IQ","countryName":"Iraq","hotelRating":"5","latitude":"36.1872","longitude":"43.9745","state_id":3968,"state_name":"Erbil Governorate","country_id":104},{"active":false,"Giataid":"291786","cityId":134513,"cityName":"Erbil","hotelId":291786,"hotelName":"Tangram Hotel Erbil","address":"Kirkuk Road,opposite Police Academy Erbil Kurdistan, Iraq,Erbil,Kurdistan,Iraq","phones":"+964662296900","fax":"","email":"","url":"","countryIso2":"IQ","countryName":"Iraq","hotelRating":"5","latitude":"36.1476","longitude":"44.0185","state_id":3968,"state_name":"Erbil Governorate","country_id":104},{"active":false,"Giataid":"370884","cityId":134504,"cityName":"Baghdad","hotelId":370884,"hotelName":"Kandeel Hotel","address":"","phones":"","fax":"","email":"","url":"","countryIso2":"IQ","countryName":"Iraq","hotelRating":"1","latitude":"33.3029","longitude":"44.4036","state_id":3959,"state_name":"Baghdad Governorate","country_id":104},{"active":false,"Giataid":"370885","cityId":134504,"cityName":"Baghdad","hotelId":370885,"hotelName":"Sultan Palace","address":"","phones":"","fax":"","email":"","url":"","countryIso2":"IQ","countryName":"Iraq","hotelRating":"1","latitude":"33.3029","longitude":"44.4036","state_id":3959,"state_name":"Baghdad Governorate","country_id":104},{"active":false,"Giataid":"370886","cityId":134521,"cityName":"Kirkuk","hotelId":370886,"hotelName":"Doubletree By Hilton Sulaymaniyah","address":"","phones":"","fax":"","email":"","url":"","countryIso2":"IQ","countryName":"Iraq","hotelRating":"1","latitude":"0","longitude":"0","state_id":3971,"state_name":"Kirkuk Governorate","country_id":104},{"active":false,"Giataid":"372083","cityId":134513,"cityName":"Erbil","hotelId":372083,"hotelName":"Dedeman Erbil","address":"Erbi 60 City Setecan 36","phones":"","fax":"","email":"","url":"","countryIso2":"IQ","countryName":"Iraq","hotelRating":"5","latitude":"36.1899","longitude":"44.0268","state_id":3968,"state_name":"Erbil Governorate","country_id":104},{"active":false,"Giataid":"372084","cityId":134513,"cityName":"Erbil","hotelId":372084,"hotelName":"Helin De Ville By Martini","address":"","phones":"","fax":"","email":"","url":"","countryIso2":"IQ","countryName":"Iraq","hotelRating":"4","latitude":"36.1641","longitude":"44.0157","state_id":3968,"state_name":"Erbil Governorate","country_id":104},{"active":false,"Giataid":"372085","cityId":134513,"cityName":"Erbil","hotelId":372085,"hotelName":"Khanzad Hotel And Resort","address":"Masseef Salahelddeen Street,Erbil 44001,Iraq","phones":"","fax":"","email":"","url":"","countryIso2":"IQ","countryName":"Iraq","hotelRating":"1","latitude":"36.321","longitude":"44.1574","state_id":3968,"state_name":"Erbil Governorate","country_id":104},{"active":false,"Giataid":"372086","cityId":134513,"cityName":"Erbil","hotelId":372086,"hotelName":"Safeer Hotel","address":"","phones":"","fax":"","email":"","url":"","countryIso2":"IQ","countryName":"Iraq","hotelRating":"3","latitude":"36.1982","longitude":"44.0001","state_id":3968,"state_name":"Erbil Governorate","country_id":104},{"active":false,"Giataid":"372087","cityId":134513,"cityName":"Erbil","hotelId":372087,"hotelName":"Swiss International Erbil","address":"","phones":"","fax":"","email":"","url":"","countryIso2":"IQ","countryName":"Iraq","hotelRating":"1","latitude":"36.1982","longitude":"44.0001","state_id":3968,"state_name":"Erbil Governorate","country_id":104},{"active":false,"Giataid":"391367","cityId":134518,"cityName":"Karbala","hotelId":391367,"hotelName":"Karbala Rayhaan by Rotana","address":"Bab Baghdad Main Road,Holy Karbala,Iraq","phones":"+96432332993","fax":"+96432332950","email":"","url":"http://www.rotana.com/rayhaanhotelandresorts/iraq/karbala/karbalarayhaanbyrotana","countryIso2":"IQ","countryName":"Iraq","hotelRating":"5","latitude":"32.6253","longitude":"44.041","state_id":3957,"state_name":"Karbala Governorate","country_id":104},{"active":false,"Giataid":"410485","cityId":134513,"cityName":"Erbil","hotelId":410485,"hotelName":"BL Hotels Erbil","address":"NULL","phones":"+964662100122","fax":"+964662100138","email":"info@blhotels-erbil.com","url":"http://www.blhotels-erbil.com","countryIso2":"IQ","countryName":"Iraq","hotelRating":"3","latitude":"36.1911","longitude":"44.0092","state_id":3968,"state_name":"Erbil Governorate","country_id":104},{"active":false,"Giataid":"410486","cityId":134513,"cityName":"Erbil","hotelId":410486,"hotelName":"Hotel Grand Swiss","address":"Shaqlawa Road,Pirmam,Selahaddin,Erbil 44001,Iraq","phones":"+9647504400044","fax":"+9647504400045","email":"info@hotelgrandswiss.com","url":"http://www.hotelgrandswiss.com","countryIso2":"IQ","countryName":"Iraq","hotelRating":"5","latitude":"36.2333","longitude":"44.0565","state_id":3968,"state_name":"Erbil Governorate","country_id":104},{"active":false,"Giataid":"410487","cityId":134513,"cityName":"Erbil","hotelId":410487,"hotelName":"Erbil Tower Hotel","address":"City Centre,Near Citadel,Erbil 44001,Iraq","phones":"+9647507518888","fax":"","email":"","url":"http://www.erbiltower.com","countryIso2":"IQ","countryName":"Iraq","hotelRating":"4","latitude":"36.1915","longitude":"44.0092","state_id":3968,"state_name":"Erbil Governorate","country_id":104},{"active":false,"Giataid":"413312","cityId":134513,"cityName":"Erbil","hotelId":413312,"hotelName":"Canyon Hotel Erbil","address":"Gulan Street 5 km,Next To Nazdar Bamarny Hospital,From The Erbil International Airport,Erbil,Iraq","phones":"+964662105600","fax":"","email":"reservation@canyonhotelerbil.com","url":"http://www.canyonhotelerbil.com","countryIso2":"IQ","countryName":"Iraq","hotelRating":"4","latitude":"36.2172","longitude":"44.0277","state_id":3968,"state_name":"Erbil Governorate","country_id":104},{"active":false,"Giataid":"423475","cityId":134513,"cityName":"Erbil","hotelId":423475,"hotelName":"Classy Hotel","address":"Ankawa,Erbil,Iraq","phones":"+9647508546663","fax":"","email":"info@classyhotel.net","url":"http://classyhotelerbil.com","countryIso2":"IQ","countryName":"Iraq","hotelRating":"4","latitude":"36.2252","longitude":"43.9913","state_id":3968,"state_name":"Erbil Governorate","country_id":104},{"active":false,"Giataid":"423481","cityId":134513,"cityName":"Erbil","hotelId":423481,"hotelName":"Cristal Erbil Hotel","address":"100 Meter Road,near Akar Petrol Station,Erbil,Kurdistan,Iraq","phones":"+964662113001","fax":"+964662113001","email":"","url":"http://www.cristalhospitality.com/cristalgrand/iraq/erbil/cristalerbilhotel","countryIso2":"IQ","countryName":"Iraq","hotelRating":"5","latitude":"36.1633","longitude":"44.0339","state_id":3968,"state_name":"Erbil Governorate","country_id":104},{"active":false,"Giataid":"424349","cityId":134513,"cityName":"Erbil","hotelId":424349,"hotelName":"Cip Hotels Erbil","address":"Sharawani Street,opposit of Erbil City Council,next to Erbil Museum,Erbil,Iraq","phones":"+9647503293336","fax":"","email":"info@ciphotels.com","url":"http://www.ciphotels.com/en","countryIso2":"IQ","countryName":"Iraq","hotelRating":"3","latitude":"36.1779","longitude":"44.013","state_id":3968,"state_name":"Erbil Governorate","country_id":104},{"active":false,"Giataid":"424681","cityId":134513,"cityName":"Erbil","hotelId":424681,"hotelName":"Blue Mercury","address":"","phones":"","fax":"","email":"","url":"","countryIso2":"IQ","countryName":"Iraq","hotelRating":"4","latitude":"36.2024","longitude":"44.0034","state_id":3968,"state_name":"Erbil Governorate","country_id":104},{"active":false,"Giataid":"424682","cityId":134513,"cityName":"Erbil","hotelId":424682,"hotelName":"Grand Istanbul Hotel Erbil","address":"","phones":"","fax":"","email":"","url":"","countryIso2":"IQ","countryName":"Iraq","hotelRating":"4","latitude":"36.2012","longitude":"43.9991","state_id":3968,"state_name":"Erbil Governorate","country_id":104},{"active":false,"Giataid":"426798","cityId":134513,"cityName":"Erbil","hotelId":426798,"hotelName":"35 Rooms","address":"100 Street,Facing Italian Village,00964 Erbil,Iraq","phones":"","fax":"","email":"","url":"","countryIso2":"IQ","countryName":"Iraq","hotelRating":"1","latitude":"36.1853","longitude":"43.9626","state_id":3968,"state_name":"Erbil Governorate","country_id":104},{"active":false,"Giataid":"429710","cityId":134513,"cityName":"Erbil","hotelId":429710,"hotelName":"Erbil International Hotel","address":"30 Metric Street,P.O. Box 20/116 Erbil.Iraq,Erbil City,Kurdistan,Iraq","phones":"+964662234460","fax":"+964662234465","email":"info@erbilinthotel.com","url":"http://www.erbilinthotel.com/","countryIso2":"IQ","countryName":"Iraq","hotelRating":"5","latitude":"36.1811","longitude":"44.0112","state_id":3968,"state_name":"Erbil Governorate","country_id":104},{"active":false,"Giataid":"441219","cityId":134513,"cityName":"Erbil","hotelId":441219,"hotelName":"Van Royal Hotel","address":"60m Road,Shorish intersection,Erbil,Iraq","phones":"+964662235840","fax":"+964662235845","email":"info@Vanroyal-hotel.com","url":"http://www.vanroyal-hotel.com","countryIso2":"IQ","countryName":"Iraq","hotelRating":"5","latitude":"36.1986","longitude":"44.0223","state_id":3968,"state_name":"Erbil Governorate","country_id":104},{"active":false,"Giataid":"447356","cityId":134513,"cityName":"Erbil","hotelId":447356,"hotelName":"Noble Hotel","address":"Peshawa Qazi Street,100 Meter Street,Erbil 31019,Iraq","phones":"+964662252630","fax":"","email":"","url":"","countryIso2":"IQ","countryName":"Iraq","hotelRating":"5","latitude":"36.2218","longitude":"43.9945","state_id":3968,"state_name":"Erbil Governorate","country_id":104},{"active":false,"Giataid":"447768","cityId":134513,"cityName":"Erbil","hotelId":447768,"hotelName":"Hotel Monaco Palace","address":"Kirkuk Road,Erbil 44001,Iraq","phones":"","fax":"","email":"","url":"","countryIso2":"IQ","countryName":"Iraq","hotelRating":"1","latitude":"36.1982","longitude":"44.0001","state_id":3968,"state_name":"Erbil Governorate","country_id":104},{"active":false,"Giataid":"447914","cityId":134513,"cityName":"Erbil","hotelId":447914,"hotelName":"Arabella Grand Hotel","address":"","phones":"","fax":"","email":"","url":"","countryIso2":"IQ","countryName":"Iraq","hotelRating":"1","latitude":"36.187","longitude":"43.9932","state_id":3968,"state_name":"Erbil Governorate","country_id":104},{"active":false,"Giataid":"447983","cityId":134513,"cityName":"Erbil","hotelId":447983,"hotelName":"Grand Palace Hotel Erbil","address":"100M Street,Ankawa,Erbil,Iraq","phones":"+964662252555","fax":"","email":"info@grandpalacehotelerbil.com","url":"http://www.grandpalacehotelerbil.com","countryIso2":"IQ","countryName":"Iraq","hotelRating":"1","latitude":"36.2224","longitude":"43.9952","state_id":3968,"state_name":"Erbil Governorate","country_id":104},{"active":false,"Giataid":"448203","cityId":134513,"cityName":"Erbil","hotelId":448203,"hotelName":"Darin Plaza Hotel","address":"60 Meter Street,Opposite Jaleel Al-Khayat Mosque,Erbil 99999,Kurdistan,Iraq","phones":"","fax":"","email":"info@darinplaza.net","url":"http://www.darinplaza.net","countryIso2":"IQ","countryName":"Iraq","hotelRating":"4","latitude":"36.203","longitude":"44.0164","state_id":3968,"state_name":"Erbil Governorate","country_id":104},{"active":false,"Giataid":"448429","cityId":134513,"cityName":"Erbil","hotelId":448429,"hotelName":"Fiori Hotel","address":"ANKAWA, FACING GOVERNMENT PETROL STATION ERBIL,ERBIL,KURDISTAN,Iraq","phones":"+964662253906","fax":"","email":"info@fiorihotel.com","url":"http://www.fiorihotel.com/","countryIso2":"IQ","countryName":"Iraq","hotelRating":"4","latitude":"36.2374","longitude":"43.9905","state_id":3968,"state_name":"Erbil Governorate","country_id":104},{"active":false,"Giataid":"448556","cityId":134504,"cityName":"Baghdad","hotelId":448556,"hotelName":"Inter Hotel","address":"","phones":"","fax":"","email":"","url":"","countryIso2":"IQ","countryName":"Iraq","hotelRating":"1","latitude":"33.3008","longitude":"44.42","state_id":3959,"state_name":"Baghdad Governorate","country_id":104},{"active":false,"Giataid":"448557","cityId":134504,"cityName":"Baghdad","hotelId":448557,"hotelName":"Rimal Hotel","address":"","phones":"","fax":"","email":"","url":"","countryIso2":"IQ","countryName":"Iraq","hotelRating":"4","latitude":"33.3015","longitude":"44.4352","state_id":3959,"state_name":"Baghdad Governorate","country_id":104},{"active":false,"Giataid":"448801","cityId":134513,"cityName":"Erbil","hotelId":448801,"hotelName":"Asenappar Hotel","address":"","phones":"","fax":"","email":"","url":"","countryIso2":"IQ","countryName":"Iraq","hotelRating":"3","latitude":"36.2354","longitude":"43.9958","state_id":3968,"state_name":"Erbil Governorate","country_id":104},{"active":false,"Giataid":"448825","cityId":134513,"cityName":"Erbil","hotelId":448825,"hotelName":"Hotel Seever","address":"60 Meter Street,Near From Parlement,Erbil 10556,Iraq","phones":"+964662236597","fax":"+964662236598","email":"","url":"http://www.hotelseever.com","countryIso2":"IQ","countryName":"Iraq","hotelRating":"1","latitude":"36.1892","longitude":"43.9938","state_id":3968,"state_name":"Erbil Governorate","country_id":104},{"active":false,"Giataid":"448921","cityId":134513,"cityName":"Erbil","hotelId":448921,"hotelName":"Altun Malek Plaza","address":"","phones":"","fax":"","email":"","url":"","countryIso2":"IQ","countryName":"Iraq","hotelRating":"1","latitude":"36.1982","longitude":"44.0001","state_id":3968,"state_name":"Erbil Governorate","country_id":104},{"active":false,"Giataid":"448988","cityId":134504,"cityName":"Baghdad","hotelId":448988,"hotelName":"Palm Hotel","address":"","phones":"","fax":"","email":"","url":"","countryIso2":"IQ","countryName":"Iraq","hotelRating":"1","latitude":"33.2708","longitude":"44.2222","state_id":3959,"state_name":"Baghdad Governorate","country_id":104},{"active":false,"Giataid":"449074","cityId":134513,"cityName":"Erbil","hotelId":449074,"hotelName":"Malito Hotel","address":"","phones":"","fax":"","email":"","url":"","countryIso2":"IQ","countryName":"Iraq","hotelRating":"3","latitude":"36.1728","longitude":"43.9858","state_id":3968,"state_name":"Erbil Governorate","country_id":104},{"active":false,"Giataid":"449071","cityId":134513,"cityName":"Erbil","hotelId":449071,"hotelName":"Ararat Hotel Erbil","address":"","phones":"","fax":"","email":"","url":"","countryIso2":"IQ","countryName":"Iraq","hotelRating":"1","latitude":"36.1995","longitude":"44.0227","state_id":3968,"state_name":"Erbil Governorate","country_id":104},{"active":false,"Giataid":"449150","cityId":134513,"cityName":"Erbil","hotelId":449150,"hotelName":"Palmyra Plaza Hotel","address":"","phones":"","fax":"","email":"","url":"","countryIso2":"IQ","countryName":"Iraq","hotelRating":"3","latitude":"36.2345","longitude":"43.987","state_id":3968,"state_name":"Erbil Governorate","country_id":104},{"active":false,"Giataid":"449281","cityId":134513,"cityName":"Erbil","hotelId":449281,"hotelName":"Banoj Hotel","address":"","phones":"","fax":"","email":"","url":"","countryIso2":"IQ","countryName":"Iraq","hotelRating":"1","latitude":"36.2083","longitude":"44.0259","state_id":3968,"state_name":"Erbil Governorate","country_id":104},{"active":false,"Giataid":"449323","cityId":134504,"cityName":"Baghdad","hotelId":449323,"hotelName":"Flowers Land Hotel and Restaurant","address":"","phones":"","fax":"","email":"","url":"","countryIso2":"IQ","countryName":"Iraq","hotelRating":"3","latitude":"33.2863","longitude":"44.4001","state_id":3959,"state_name":"Baghdad Governorate","country_id":104},{"active":false,"Giataid":"449706","cityId":134513,"cityName":"Erbil","hotelId":449706,"hotelName":"Hotel Sipan1","address":"","phones":"","fax":"","email":"","url":"","countryIso2":"IQ","countryName":"Iraq","hotelRating":"1","latitude":"36.2157","longitude":"43.9855","state_id":3968,"state_name":"Erbil Governorate","country_id":104},{"active":false,"Giataid":"452873","cityId":134513,"cityName":"Erbil","hotelId":452873,"hotelName":"Grand Erbil","address":"Ainkawa street, opposite of Abu Shahab city,44000 Erbil,Iraq","phones":"+9647507415333","fax":"","email":"granderbil@gmail.com","url":"https://www.facebook.com/gr.erbil/timeline?ref=page_internal","countryIso2":"IQ","countryName":"Iraq","hotelRating":"1","latitude":"36.2153","longitude":"43.994","state_id":3968,"state_name":"Erbil Governorate","country_id":104},{"active":false,"Giataid":"461283","cityId":134513,"cityName":"Erbil","hotelId":461283,"hotelName":"Sama Hala Hotel","address":"Kirkuk Road,44001 Erbil,Iraq","phones":"","fax":"","email":"","url":"","countryIso2":"IQ","countryName":"Iraq","hotelRating":"2","latitude":"36.1982","longitude":"44.0001","state_id":3968,"state_name":"Erbil Governorate","country_id":104},{"active":false,"Giataid":"461426","cityId":134513,"cityName":"Erbil","hotelId":461426,"hotelName":"Katina Hotel","address":"Enkawa,Street 1000,44001 Erbil,Iraq","phones":"","fax":"","email":"","url":"","countryIso2":"IQ","countryName":"Iraq","hotelRating":"1","latitude":"36.2238","longitude":"43.9987","state_id":3968,"state_name":"Erbil Governorate","country_id":104},{"active":false,"Giataid":"461512","cityId":134513,"cityName":"Erbil","hotelId":461512,"hotelName":"Erbil View Hotel","address":"30th Street,Near the Council of Ministers,Erbil 44001,Iraq","phones":"+9647507978888","fax":"","email":"info@erbilviewhotel.com","url":"http://erbilviewhotel.com","countryIso2":"IQ","countryName":"Iraq","hotelRating":"1","latitude":"36.1986","longitude":"44.0086","state_id":3968,"state_name":"Erbil Governorate","country_id":104},{"active":false,"Giataid":"462102","cityId":134513,"cityName":"Erbil","hotelId":462102,"hotelName":"Erbil Quartz Hotel","address":"Sharawani Street,Opposite The Museum Erbil,Erbil,Iraq","phones":"+964662613030","fax":"","email":"info@erbil-quartzhotel.com","url":"http://erbilquartz.wix.com/home","countryIso2":"IQ","countryName":"Iraq","hotelRating":"4","latitude":"36.1768","longitude":"44.0126","state_id":3968,"state_name":"Erbil Governorate","country_id":104},{"active":false,"Giataid":"462449","cityId":134513,"cityName":"Erbil","hotelId":462449,"hotelName":"Darin Hotel","address":"100 meter street,Erbil 99999,Iraq","phones":"+9647503197111","fax":"","email":"info@darinhotel.com","url":"http://www.darinhotel.com","countryIso2":"IQ","countryName":"Iraq","hotelRating":"1","latitude":"36.2067","longitude":"44.0091","state_id":3968,"state_name":"Erbil Governorate","country_id":104},{"active":false,"Giataid":"462662","cityId":134513,"cityName":"Erbil","hotelId":462662,"hotelName":"Mariana Hotel Erbil","address":"Gulan Street,P.O. Box 44,Beside Erbil International Fairground,Erbil,Kurdistan Region,Iraq","phones":"+9647503922000","fax":"","email":"info.mariana@MarianaHotelsErbil.com","url":"http://marianahotelserbil.com/","countryIso2":"IQ","countryName":"Iraq","hotelRating":"4","latitude":"36.182","longitude":"43.974","state_id":3968,"state_name":"Erbil Governorate","country_id":104},{"active":false,"Giataid":"462815","cityId":134513,"cityName":"Erbil","hotelId":462815,"hotelName":"Leonardo","address":"","phones":"","fax":"","email":"","url":"","countryIso2":"IQ","countryName":"Iraq","hotelRating":"1","latitude":"36.1982","longitude":"44.0001","state_id":3968,"state_name":"Erbil Governorate","country_id":104},{"active":false,"Giataid":"462969","cityId":134513,"cityName":"Erbil","hotelId":462969,"hotelName":"Lilac","address":"100 St near Family Mall,44001 Erbil,Iraq","phones":"+9647508600302","fax":"","email":"lilac_hotel@yahoo.com","url":"https://www.facebook.com/www.lilachotel.info/","countryIso2":"IQ","countryName":"Iraq","hotelRating":"1","latitude":"36.2035","longitude":"44.0496","state_id":3968,"state_name":"Erbil Governorate","country_id":104},{"active":false,"Giataid":"463135","cityId":134504,"cityName":"Baghdad","hotelId":463135,"hotelName":"Al Yusur Hotel","address":"","phones":"","fax":"","email":"","url":"","countryIso2":"IQ","countryName":"Iraq","hotelRating":"1","latitude":"33.3124","longitude":"44.437","state_id":3959,"state_name":"Baghdad Governorate","country_id":104},{"active":false,"Giataid":"463655","cityId":134513,"cityName":"Erbil","hotelId":463655,"hotelName":"Ankawa Royal Hotel","address":"Ankawa Main Road,Mar Yousif Street,Darga Roundabout,Erbil,Kurdistan Region,Iraq","phones":"+964662251205","fax":"","email":"info@ankawaroyalhotel.com","url":"http://ankawaroyalhotel.com","countryIso2":"IQ","countryName":"Iraq","hotelRating":"1","latitude":"36.2306","longitude":"43.9899","state_id":3968,"state_name":"Erbil Governorate","country_id":104},{"active":false,"Giataid":"463964","cityId":134513,"cityName":"Erbil","hotelId":463964,"hotelName":"Shtaw Hotel","address":"","phones":"","fax":"","email":"","url":"","countryIso2":"IQ","countryName":"Iraq","hotelRating":"1","latitude":"36.1982","longitude":"44.0001","state_id":3968,"state_name":"Erbil Governorate","country_id":104},{"active":false,"Giataid":"543510","cityId":134513,"cityName":"Erbil","hotelId":543510,"hotelName":"Altin Saray Hotel","address":"Iskan Street,Erbil,Iraq","phones":"","fax":"","email":"info@altinsarayerbil.com","url":"http://www.altinsarayerbil.com","countryIso2":"IQ","countryName":"Iraq","hotelRating":"4","latitude":"36.1798","longitude":"44.0151","state_id":3968,"state_name":"Erbil Governorate","country_id":104},{"active":false,"Giataid":"547675","cityId":134513,"cityName":"Erbil","hotelId":547675,"hotelName":"Blue Mercure","address":"60 Mt. Street,near The Inkawa Bridge,Erbil,Iraq","phones":"+964662569777","fax":"","email":"info@erbilmercuryhotel.com","url":"http://www.erbilmercuryhotel.com/","countryIso2":"IQ","countryName":"Iraq","hotelRating":"4","latitude":"36.1893","longitude":"43.9936","state_id":3968,"state_name":"Erbil Governorate","country_id":104},{"active":false,"Giataid":"562671","cityId":134513,"cityName":"Erbil","hotelId":562671,"hotelName":"Capitol Hotel Erbil","address":"Gulan At New Bahrka Street,Near Turkish General Concile,Erbil 00964,Iraq","phones":"+9647704477466","fax":"","email":"info@capitolhotelerbil.com","url":"http://capitolhotelerbil.com","countryIso2":"IQ","countryName":"Iraq","hotelRating":"1","latitude":"36.2205","longitude":"44.0147","state_id":3968,"state_name":"Erbil Governorate","country_id":104},{"active":false,"Giataid":"618119","cityId":134513,"cityName":"Erbil","hotelId":618119,"hotelName":"Fortland Hotel","address":"Shoresh Street,Erbil 10087,Iraq","phones":"","fax":"","email":"","url":"","countryIso2":"IQ","countryName":"Iraq","hotelRating":"1","latitude":"36.2014","longitude":"44.0194","state_id":3968,"state_name":"Erbil Governorate","country_id":104},{"active":false,"Giataid":"618121","cityId":134518,"cityName":"Karbala","hotelId":618121,"hotelName":"Burj Al Omaraa Hotel","address":"Al Jamhouria Street,East Al Abassia,Karbala 00986,Iraq","phones":"","fax":"","email":"","url":"","countryIso2":"IQ","countryName":"Iraq","hotelRating":"1","latitude":"32.6196","longitude":"44.0395","state_id":3957,"state_name":"Karbala Governorate","country_id":104},{"active":false,"Giataid":"618222","cityId":134513,"cityName":"Erbil","hotelId":618222,"hotelName":"Jouhayna Hotel","address":"100 M. Street,International Airport Road,Erbil 44001,Kurdistan,Iraq","phones":"","fax":"","email":"sales@jouhaynahotel.com","url":"http://www.jouhaynahotel.com/","countryIso2":"IQ","countryName":"Iraq","hotelRating":"4","latitude":"36.1988","longitude":"43.9634","state_id":3968,"state_name":"Erbil Governorate","country_id":104},{"active":false,"Giataid":"618224","cityId":134513,"cityName":"Erbil","hotelId":618224,"hotelName":"Best Inn Erbil","address":"Ainkawa Street,44001 Erbil,Iraq","phones":"+964662101777","fax":"","email":"","url":"http://www.bestinnerbilhotel.com","countryIso2":"IQ","countryName":"Iraq","hotelRating":"5","latitude":"36.2056","longitude":"43.999","state_id":3968,"state_name":"Erbil Governorate","country_id":104},{"active":false,"Giataid":"618227","cityId":134513,"cityName":"Erbil","hotelId":618227,"hotelName":"Lamassu Hotel","address":"Kurdistan Al Iraq - Erbil - At The Entrance Of Ainkawa 100 Meter,00964 Erbil,Iraq","phones":"","fax":"","email":"","url":"","countryIso2":"IQ","countryName":"Iraq","hotelRating":"1","latitude":"36.2216","longitude":"43.9935","state_id":3968,"state_name":"Erbil Governorate","country_id":104},{"active":false,"Giataid":"618239","cityId":134513,"cityName":"Erbil","hotelId":618239,"hotelName":"Fareeq Hotel","address":"Hadyab Street,Ankawa,44003 Erbil,Iraq","phones":"","fax":"","email":"fereeqhotel@gmail.com","url":"","countryIso2":"IQ","countryName":"Iraq","hotelRating":"3","latitude":"36.232","longitude":"43.9903","state_id":3968,"state_name":"Erbil Governorate","country_id":104},{"active":false,"Giataid":"618243","cityId":134513,"cityName":"Erbil","hotelId":618243,"hotelName":"Karwan Saray","address":"Ain Kawa-2 Side Street,00964 Erbil,Iraq","phones":"+964662253233","fax":"","email":"","url":"http://karwansarayhotel.com/","countryIso2":"IQ","countryName":"Iraq","hotelRating":"4","latitude":"36.2358","longitude":"43.9963","state_id":3968,"state_name":"Erbil Governorate","country_id":104},{"active":false,"Giataid":"618254","cityId":134513,"cityName":"Erbil","hotelId":618254,"hotelName":"Merci Hotel Erbil","address":"100M Street,Aladala,Erbil 44001,Iraq","phones":"+9647501865349","fax":"","email":"info@mercihotel.com","url":"http://www.mercihotelerbil.com/","countryIso2":"IQ","countryName":"Iraq","hotelRating":"3","latitude":"36.1561","longitude":"44.0141","state_id":3968,"state_name":"Erbil Governorate","country_id":104},{"active":false,"Giataid":"618270","cityId":134513,"cityName":"Erbil","hotelId":618270,"hotelName":"Madera Hotel","address":"Mala Afandi Street,Mamostayan 1 District,44001 Erbil,Iraq","phones":"","fax":"","email":"","url":"","countryIso2":"IQ","countryName":"Iraq","hotelRating":"1","latitude":"36.1773","longitude":"44.0297","state_id":3968,"state_name":"Erbil Governorate","country_id":104},{"active":false,"Giataid":"618266","cityId":134513,"cityName":"Erbil","hotelId":618266,"hotelName":"Golden Night Hotel","address":"Iraq - Erbil - Near Family Mall - In Front Of Terminal,44001 Erbil,Iraq","phones":"","fax":"","email":"","url":"","countryIso2":"IQ","countryName":"Iraq","hotelRating":"1","latitude":"36.1982","longitude":"44.0001","state_id":3968,"state_name":"Erbil Governorate","country_id":104},{"active":false,"Giataid":"618271","cityId":134513,"cityName":"Erbil","hotelId":618271,"hotelName":"Wlat Hotel","address":"Kirkuk,Oppsite To Tablo Mall,44001 Erbil,Iraq","phones":"","fax":"","email":"","url":"","countryIso2":"IQ","countryName":"Iraq","hotelRating":"1","latitude":"36.1685","longitude":"44.015","state_id":3968,"state_name":"Erbil Governorate","country_id":104},{"active":false,"Giataid":"618274","cityId":134513,"cityName":"Erbil","hotelId":618274,"hotelName":"Quaint Hotel Erbil","address":"Two Side Ankawa,Erbil 00964,Iraq","phones":"","fax":"","email":"","url":"","countryIso2":"IQ","countryName":"Iraq","hotelRating":"1","latitude":"36.1982","longitude":"44.0001","state_id":3968,"state_name":"Erbil Governorate","country_id":104},{"active":false,"Giataid":"618276","cityId":134518,"cityName":"Karbala","hotelId":618276,"hotelName":"Janat Al Naeem Hotel","address":"Al Jomhori Street,Near By Al Haram Al Abassi,12345 Karbala,Iraq","phones":"","fax":"","email":"","url":"","countryIso2":"IQ","countryName":"Iraq","hotelRating":"1","latitude":"32.6155","longitude":"44.035","state_id":3957,"state_name":"Karbala Governorate","country_id":104},{"active":false,"Giataid":"618278","cityId":134527,"cityName":"Najaf","hotelId":618278,"hotelName":"Al Murrooj Hotel","address":"Near To Najaf Airport,An Najaf 96400,Iraq","phones":"","fax":"","email":"","url":"","countryIso2":"IQ","countryName":"Iraq","hotelRating":"1","latitude":"31.9903","longitude":"44.3455","state_id":3962,"state_name":"Najaf Governorate","country_id":104},{"active":false,"Giataid":"618350","cityId":134513,"cityName":"Erbil","hotelId":618350,"hotelName":"Al Hadeer Hotel","address":"","phones":"","fax":"","email":"","url":"","countryIso2":"IQ","countryName":"Iraq","hotelRating":"2","latitude":"36.1982","longitude":"44.0001","state_id":3968,"state_name":"Erbil Governorate","country_id":104},{"active":false,"Giataid":"618495","cityId":134513,"cityName":"Erbil","hotelId":618495,"hotelName":"Shaqlawa International Hotel","address":"","phones":"+964665221919","fax":"","email":"","url":"","countryIso2":"IQ","countryName":"Iraq","hotelRating":"1","latitude":"36.3979","longitude":"44.3463","state_id":3968,"state_name":"Erbil Governorate","country_id":104},{"active":false,"Giataid":"618497","cityId":134513,"cityName":"Erbil","hotelId":618497,"hotelName":"Happy Holiday Hotel","address":"","phones":"","fax":"","email":"","url":"","countryIso2":"IQ","countryName":"Iraq","hotelRating":"3","latitude":"36.16","longitude":"44.0294","state_id":3968,"state_name":"Erbil Governorate","country_id":104},{"active":false,"Giataid":"618510","cityId":134513,"cityName":"Erbil","hotelId":618510,"hotelName":"Al Jawahiri Hotel","address":"","phones":"","fax":"","email":"","url":"","countryIso2":"IQ","countryName":"Iraq","hotelRating":"1","latitude":"36.2092","longitude":"44.0266","state_id":3968,"state_name":"Erbil Governorate","country_id":104},{"active":false,"Giataid":"618513","cityId":134513,"cityName":"Erbil","hotelId":618513,"hotelName":"Asia Hotel","address":"100M Street,Aladala,Erbil 44001,Iraq","phones":"","fax":"","email":"","url":"","countryIso2":"IQ","countryName":"Iraq","hotelRating":"3","latitude":"36.1982","longitude":"44.0001","state_id":3968,"state_name":"Erbil Governorate","country_id":104},{"active":false,"Giataid":"618545","cityId":134513,"cityName":"Erbil","hotelId":618545,"hotelName":"Rain Hotel","address":"100miter Near Rezgary Hospital,Erbil 44001,Iraq","phones":"","fax":"","email":"","url":"","countryIso2":"IQ","countryName":"Iraq","hotelRating":"2","latitude":"36.1952","longitude":"44.0419","state_id":3968,"state_name":"Erbil Governorate","country_id":104},{"active":false,"Giataid":"618546","cityId":134513,"cityName":"Erbil","hotelId":618546,"hotelName":"Anarosa Hotel","address":"Enkawa-2said,Erbil 44001,Iraq","phones":"","fax":"","email":"","url":"","countryIso2":"IQ","countryName":"Iraq","hotelRating":"2","latitude":"36.238","longitude":"43.9956","state_id":3968,"state_name":"Erbil Governorate","country_id":104},{"active":false,"Giataid":"618549","cityId":134527,"cityName":"Najaf","hotelId":618549,"hotelName":"Noor Al Najaf Hotel","address":"Imam Alsadiq Street,Najaf Old City,Iraq","phones":"+9647901477038","fax":"","email":"ahmednew21@yahoo.com","url":"http://www.nooralnajafhotel.com/","countryIso2":"IQ","countryName":"Iraq","hotelRating":"1","latitude":"31.9951","longitude":"44.3119","state_id":3962,"state_name":"Najaf Governorate","country_id":104},{"active":false,"Giataid":"618551","cityId":134518,"cityName":"Karbala","hotelId":618551,"hotelName":"Palace Deayaldeen Hotel","address":"Bab Baghdad,Karbala 56001,Iraq","phones":"","fax":"","email":"","url":"","countryIso2":"IQ","countryName":"Iraq","hotelRating":"1","latitude":"32.6194","longitude":"44.0369","state_id":3957,"state_name":"Karbala Governorate","country_id":104},{"active":false,"Giataid":"618555","cityId":134513,"cityName":"Erbil","hotelId":618555,"hotelName":"Pattaya Hotel","address":"Montazah Street,Ankawa,Erbil 00964,Iraq","phones":"","fax":"","email":"","url":"","countryIso2":"IQ","countryName":"Iraq","hotelRating":"1","latitude":"36.2295","longitude":"43.9917","state_id":3968,"state_name":"Erbil Governorate","country_id":104},{"active":false,"Giataid":"618559","cityId":134518,"cityName":"Karbala","hotelId":618559,"hotelName":"Royal Crystal Suites Hotel","address":"Fifth Al Salheen Street,Baghdad Gate,Karbala 00964,Iraq","phones":"","fax":"","email":"","url":"","countryIso2":"IQ","countryName":"Iraq","hotelRating":"1","latitude":"32.6032","longitude":"44.0099","state_id":3957,"state_name":"Karbala Governorate","country_id":104},{"active":false,"Giataid":"618561","cityId":134518,"cityName":"Karbala","hotelId":618561,"hotelName":"Al Taif Hotel Karbala","address":"Al Abbasiya Street,Karbal,Next to Communication Center,Karbala 56001,Iraq","phones":"","fax":"","email":"","url":"","countryIso2":"IQ","countryName":"Iraq","hotelRating":"1","latitude":"32.6117","longitude":"44.0331","state_id":3957,"state_name":"Karbala Governorate","country_id":104},{"active":false,"Giataid":"618564","cityId":134513,"cityName":"Erbil","hotelId":618564,"hotelName":"White Platinum Hotel","address":"60m Street Opposite to New City,Erbil 11111,Iraq","phones":"","fax":"","email":"","url":"","countryIso2":"IQ","countryName":"Iraq","hotelRating":"1","latitude":"36.1818","longitude":"44.026","state_id":3968,"state_name":"Erbil Governorate","country_id":104},{"active":false,"Giataid":"672299","cityId":134513,"cityName":"Erbil","hotelId":672299,"hotelName":"Rotterdam Hotel","address":"Shorsh Street,Opposite Shorsh Petrol Station,44001 Erbil,Iraq","phones":"+9647504249595","fax":"","email":"rotterdam.hotel@yahoo.com","url":"http://bot.gov.krd/hotel/rotterdam-hotel","countryIso2":"IQ","countryName":"Iraq","hotelRating":"1","latitude":"36.1982","longitude":"44.0001","state_id":3968,"state_name":"Erbil Governorate","country_id":104},{"active":false,"Giataid":"672519","cityId":134513,"cityName":"Erbil","hotelId":672519,"hotelName":"Leisure Resort","address":"Permam Street,Khanzad Region,Erbil 44000,Iraq","phones":"","fax":"","email":"","url":"","countryIso2":"IQ","countryName":"Iraq","hotelRating":"1","latitude":"36.3208","longitude":"44.1669","state_id":3968,"state_name":"Erbil Governorate","country_id":104},{"active":false,"Giataid":"672577","cityId":134513,"cityName":"Erbil","hotelId":672577,"hotelName":"Motel Avasheen","address":"Salahadden Ayubi Intersection,44001 Erbil,Iraq","phones":"","fax":"","email":"","url":"","countryIso2":"IQ","countryName":"Iraq","hotelRating":"1","latitude":"36.1947","longitude":"44.0097","state_id":3968,"state_name":"Erbil Governorate","country_id":104},{"active":false,"Giataid":"672626","cityId":134513,"cityName":"Erbil","hotelId":672626,"hotelName":"Fomex Hotel Erbil","address":"Enkawa Road,Erbil 44003,Iraq","phones":"","fax":"","email":"","url":"","countryIso2":"IQ","countryName":"Iraq","hotelRating":"1","latitude":"36.202","longitude":"44.0008","state_id":3968,"state_name":"Erbil Governorate","country_id":104},{"active":false,"Giataid":"672637","cityId":134513,"cityName":"Erbil","hotelId":672637,"hotelName":"Madera Motel","address":"Peerbal Mahmoud Road,44001 Erbil,Iraq","phones":"","fax":"","email":"","url":"","countryIso2":"IQ","countryName":"Iraq","hotelRating":"1","latitude":"36.1412","longitude":"44.0155","state_id":3968,"state_name":"Erbil Governorate","country_id":104},{"active":false,"Giataid":"677996","cityId":134513,"cityName":"Erbil","hotelId":677996,"hotelName":"Hayali Suites","address":"Ainkawa Road,Two Side Ankawa,Erbil 44001,Iraq","phones":"","fax":"","email":"reservation@hayalisuiteserbil.com","url":"http://hayaligroup.com/hotel-bay/hayalisuiteserbil/","countryIso2":"IQ","countryName":"Iraq","hotelRating":"1","latitude":"36.1982","longitude":"44.0001","state_id":3968,"state_name":"Erbil Governorate","country_id":104},{"active":false,"Giataid":"678057","cityId":134513,"cityName":"Erbil","hotelId":678057,"hotelName":"Jiger Palace Hotel","address":"Koran-Ainkawa,Opposite Abu Shehab Restaurant,Erbil 44001,Iraq","phones":"","fax":"","email":"","url":"","countryIso2":"IQ","countryName":"Iraq","hotelRating":"1","latitude":"36.1982","longitude":"44.0001","state_id":3968,"state_name":"Erbil Governorate","country_id":104},{"active":false,"Giataid":"678064","cityId":134513,"cityName":"Erbil","hotelId":678064,"hotelName":"Red Rose Hotel","address":"Pzhishkan Street,Near Antar Square,Erbil 44001,Iraq","phones":"+9647501644200","fax":"","email":"info@redrose-hotel.com","url":"http://redrose-hotel.com","countryIso2":"IQ","countryName":"Iraq","hotelRating":"1","latitude":"36.1982","longitude":"44.0001","state_id":3968,"state_name":"Erbil Governorate","country_id":104},{"active":false,"Giataid":"678067","cityId":134513,"cityName":"Erbil","hotelId":678067,"hotelName":"Bella Roma Hotel","address":"100 m Street Facing Italian City,Erbil 44001,Iraq","phones":"","fax":"","email":"","url":"","countryIso2":"IQ","countryName":"Iraq","hotelRating":"1","latitude":"36.1982","longitude":"44.0001","state_id":3968,"state_name":"Erbil Governorate","country_id":104},{"active":false,"Giataid":"678086","cityId":134513,"cityName":"Erbil","hotelId":678086,"hotelName":"Marjan Plaza Hotel","address":"St. 60M - near Abo Shahab resturant,Erbil,Iraq","phones":"+9647503306368","fax":"","email":"marjanplaza@yahoo.com","url":"http://bot.gov.krd/hotel/marjan-plaza-hotel","countryIso2":"IQ","countryName":"Iraq","hotelRating":"1","latitude":"36.1982","longitude":"44.0001","state_id":3968,"state_name":"Erbil Governorate","country_id":104},{"active":false,"Giataid":"678837","cityId":134513,"cityName":"Erbil","hotelId":678837,"hotelName":"Rodina Hotel","address":"Erbil - Street 60m,near Old Baherka two site,Erbil,Iraq","phones":"+9647501435252","fax":"","email":"rodinahotel4all@yahoo.com","url":"http://www.rodina-hotel.com","countryIso2":"IQ","countryName":"Iraq","hotelRating":"1","latitude":"36.1982","longitude":"44.0001","state_id":3968,"state_name":"Erbil Governorate","country_id":104},{"active":false,"Giataid":"678844","cityId":134513,"cityName":"Erbil","hotelId":678844,"hotelName":"Erbil Oscar Hotel","address":"Bakhtiary,Opposite To Naz City,Erbil 44001,Iraq","phones":"+9647502351818","fax":"","email":"info@erbiloscar.com","url":"http://erbiloscar.com/","countryIso2":"IQ","countryName":"Iraq","hotelRating":"5","latitude":"36.1982","longitude":"44.0001","state_id":3968,"state_name":"Erbil Governorate","country_id":104},{"active":false,"Giataid":"678848","cityId":134513,"cityName":"Erbil","hotelId":678848,"hotelName":"Panda Touristic Hotel","address":"between Hawler Mall and Erbil Castle,Erbil,Iraq","phones":"+9647504452146","fax":"","email":"","url":"http://www.panda611.com/index.php/panda-hotel","countryIso2":"IQ","countryName":"Iraq","hotelRating":"3","latitude":"36.1982","longitude":"44.0001","state_id":3968,"state_name":"Erbil Governorate","country_id":104},{"active":false,"Giataid":"678853","cityId":134513,"cityName":"Erbil","hotelId":678853,"hotelName":"Jabbar Palace Hotel","address":"30 Meter Street,Near North Terminal,Erbil 44001,Iraq","phones":"","fax":"","email":"","url":"","countryIso2":"IQ","countryName":"Iraq","hotelRating":"1","latitude":"36.1982","longitude":"44.0001","state_id":3968,"state_name":"Erbil Governorate","country_id":104},{"active":false,"Giataid":"681622","cityId":134513,"cityName":"Erbil","hotelId":681622,"hotelName":"Erbil Arjaan by Rotana","address":"100 Street,Baharka Bridge Intersection,Erbil 00001,Kurdistan,Iraq","phones":"","fax":"","email":"","url":"http://www.rotana.com/arjaanhotelapartments/iraq/erbil/erbilarjaanbyrotana","countryIso2":"IQ","countryName":"Iraq","hotelRating":"1","latitude":"36.2243","longitude":"44.0097","state_id":3968,"state_name":"Erbil Governorate","country_id":104},{"active":false,"Giataid":"786316","cityId":134513,"cityName":"Erbil","hotelId":786316,"hotelName":"Dream Erbil Hotel","address":"Tiraoh Street 60,00964 Erbil,Iraq","phones":"","fax":"","email":"dream.erbil2015@gmail.com","url":"http://dreamerbil.net","countryIso2":"IQ","countryName":"Iraq","hotelRating":"1","latitude":"36.1982","longitude":"44.0001","state_id":3968,"state_name":"Erbil Governorate","country_id":104},{"active":false,"Giataid":"789694","cityId":134518,"cityName":"Karbala","hotelId":789694,"hotelName":"The Baron Karbala","address":"Plot 1&41 Al Hussainia Road,District 30,Al Wastani,Karbala,Iraq","phones":"","fax":"","email":"res@thebaronhotels.com","url":"http://karbala.thebaronhotels.com","countryIso2":"IQ","countryName":"Iraq","hotelRating":"1","latitude":"32.6155","longitude":"44.035","state_id":3957,"state_name":"Karbala Governorate","country_id":104},{"active":false,"Giataid":"789700","cityId":134504,"cityName":"Baghdad","hotelId":789700,"hotelName":"Dijlat Al Khair Hotel","address":"Sadoun Street,Sadoun Statue,Baghdad 10069,Iraq","phones":"","fax":"","email":"","url":"","countryIso2":"IQ","countryName":"Iraq","hotelRating":"1","latitude":"33.3029","longitude":"44.4036","state_id":3959,"state_name":"Baghdad Governorate","country_id":104},{"active":false,"Giataid":"789971","cityId":134513,"cityName":"Erbil","hotelId":789971,"hotelName":"Paris Plaza Hotel","address":"100 Meter Road,Near Kerkuk Road,Erbil 44001,Iraq","phones":"","fax":"","email":"info@parisplazahotel.com","url":"http://parisplazahotel.com","countryIso2":"IQ","countryName":"Iraq","hotelRating":"1","latitude":"36.1982","longitude":"44.0001","state_id":3968,"state_name":"Erbil Governorate","country_id":104},{"active":false,"Giataid":"790010","cityId":134513,"cityName":"Erbil","hotelId":790010,"hotelName":"La Roche Hotel","address":"25 Ainkawa Street,Bakhtiyari,Erbil 44001,Kurdistan,Iraq","phones":"+964662101111","fax":"+964662101100","email":"reservation@larochehotelerbil.com","url":"http://larochehotelerbil.com","countryIso2":"IQ","countryName":"Iraq","hotelRating":"1","latitude":"36.1982","longitude":"44.0001","state_id":3968,"state_name":"Erbil Governorate","country_id":104},{"active":false,"Giataid":"790291","cityId":134518,"cityName":"Karbala","hotelId":790291,"hotelName":"Seyed Al-Awseia City Resort-Kerbala","address":"Baghdad Street,Qaryat Bid�at Aswad,Karbala 56001,Iraq","phones":"","fax":"","email":"","url":"","countryIso2":"IQ","countryName":"Iraq","hotelRating":"1","latitude":"32.6155","longitude":"44.035","state_id":3957,"state_name":"Karbala Governorate","country_id":104},{"active":false,"Giataid":"790451","cityId":134513,"cityName":"Erbil","hotelId":790451,"hotelName":"Hyksos Hotel","address":"128 Road,Ankawa,Erbil 44001,Iraq","phones":"","fax":"","email":"info@hyksoshotel.com","url":"http://www.hyksoshotel.com","countryIso2":"IQ","countryName":"Iraq","hotelRating":"1","latitude":"36.1982","longitude":"44.0001","state_id":3968,"state_name":"Erbil Governorate","country_id":104},{"active":false,"Giataid":"792103","cityId":134513,"cityName":"Erbil","hotelId":792103,"hotelName":"Hotel Nova Sky","address":"238 Ainkawa Road,Erbil 44001,Kurdistan,Iraq","phones":"+9646662251600","fax":"","email":"","url":"http://www.hotelnovasky.com","countryIso2":"IQ","countryName":"Iraq","hotelRating":"4","latitude":"36.1982","longitude":"44.0001","state_id":3968,"state_name":"Erbil Governorate","country_id":104},{"active":false,"Giataid":"793477","cityId":134513,"cityName":"Erbil","hotelId":793477,"hotelName":"Dlasa Hotel","address":"Sultan Muthafar,Erbil 00964,Iraq","phones":"","fax":"","email":"","url":"","countryIso2":"IQ","countryName":"Iraq","hotelRating":"1","latitude":"36.1982","longitude":"44.0001","state_id":3968,"state_name":"Erbil Governorate","country_id":104},{"active":false,"Giataid":"795142","cityId":134527,"cityName":"Najaf","hotelId":795142,"hotelName":"Al Bayan Hotel","address":"Al Madina Street,Najaf 54001,Iraq","phones":"","fax":"","email":"","url":"","countryIso2":"IQ","countryName":"Iraq","hotelRating":"1","latitude":"31.9927","longitude":"44.3287","state_id":3962,"state_name":"Najaf Governorate","country_id":104},{"active":false,"Giataid":"795169","cityId":134513,"cityName":"Erbil","hotelId":795169,"hotelName":"Logal Hotel","address":"Erbil Street,Residence 60,Erbil 44001,Iraq","phones":"","fax":"","email":"","url":"","countryIso2":"IQ","countryName":"Iraq","hotelRating":"1","latitude":"36.1982","longitude":"44.0001","state_id":3968,"state_name":"Erbil Governorate","country_id":104},{"active":false,"Giataid":"814117","cityId":134513,"cityName":"Erbil","hotelId":814117,"hotelName":"Arez Resort","address":"100 Street,Shady Quartier,Erbil 00964,Iraq","phones":"","fax":"","email":"","url":"","countryIso2":"IQ","countryName":"Iraq","hotelRating":"1","latitude":"36.1982","longitude":"44.0001","state_id":3968,"state_name":"Erbil Governorate","country_id":104},{"active":false,"Giataid":"815265","cityId":134527,"cityName":"Najaf","hotelId":815265,"hotelName":"Madinat Al Noor Hotel","address":"An Najaf al madinat street,4th intersection right,An Najaf 32001,Iraq","phones":"","fax":"","email":"","url":"","countryIso2":"IQ","countryName":"Iraq","hotelRating":"1","latitude":"31.9927","longitude":"44.3287","state_id":3962,"state_name":"Najaf Governorate","country_id":104},{"active":false,"Giataid":"818138","cityId":134504,"cityName":"Baghdad","hotelId":818138,"hotelName":"Al-Burhan Hotel","address":"Baghdad International Airport,Baghdad 10023,Iraq","phones":"","fax":"","email":"","url":"","countryIso2":"IQ","countryName":"Iraq","hotelRating":"1","latitude":"33.3029","longitude":"44.4036","state_id":3959,"state_name":"Baghdad Governorate","country_id":104},{"active":false,"Giataid":"370887","cityId":134521,"cityName":"Kirkuk","hotelId":10076304,"hotelName":"Ramada Hotel Sulaymaniyah Sali","address":"Sulaymaniyah Salim Street,North Of Iraq,Sulaymaniyah 46010,Iraq","phones":"964-533-209515","fax":"964-000-0000000","email":"NULL","url":"WWW.RAMADA.COM","countryIso2":"IQ","countryName":"Iraq","hotelRating":"5","latitude":"35.5571","longitude":"45.4282","state_id":3971,"state_name":"Kirkuk Governorate","country_id":104},{"active":false,"Giataid":"461809","cityId":134504,"cityName":"Baghdad","hotelId":20002194,"hotelName":"Al Mansour Hotel","address":"Salehia near the building of Radio and TV,Baghdad,Iraq","phones":"","fax":"","email":"","url":"http://www.almansourhotel.com/","countryIso2":"IQ","countryName":"Iraq","hotelRating":"0","latitude":"33.3171","longitude":"44.3663","state_id":3959,"state_name":"Baghdad Governorate","country_id":104},{"active":false,"Giataid":"293790","cityId":134504,"cityName":"Baghdad","hotelId":20004089,"hotelName":"Coral Baghdad Hotel","address":"Main University Street,Al-Jadriya,Bagdad,Iraq","phones":"+9647814400000","fax":"","email":"GM@coralbaghdadhotel.com","url":"https://coralbaghdad.com/homepage/","countryIso2":"IQ","countryName":"Iraq","hotelRating":"4","latitude":"33.2827","longitude":"44.394","state_id":3959,"state_name":"Baghdad Governorate","country_id":104},{"active":false,"Giataid":"618261","cityId":134504,"cityName":"Baghdad","hotelId":20005334,"hotelName":"Rukn Kahramana Baghdad","address":"Kahramana Courtyard,Baghdad 10068,Iraq","phones":"","fax":"","email":"","url":"","countryIso2":"IQ","countryName":"Iraq","hotelRating":"0","latitude":"33.3115","longitude":"44.4254","state_id":3959,"state_name":"Baghdad Governorate","country_id":104},{"active":false,"Giataid":"618252","cityId":134504,"cityName":"Baghdad","hotelId":20009983,"hotelName":"Baghdad Hotel","address":"Al Saadoun,00964 Baghdad,Iraq","phones":"","fax":"","email":"","url":"","countryIso2":"IQ","countryName":"Iraq","hotelRating":"5","latitude":"33.3187","longitude":"44.4154","state_id":3959,"state_name":"Baghdad Governorate","country_id":104},{"active":false,"Giataid":"618283","cityId":134504,"cityName":"Baghdad","hotelId":20010096,"hotelName":"Sindbad Palace Hotel","address":"Oqba bin Nafe Yard,Nuaskar Al Rasheed Street,00964 Baghdad,Iraq","phones":"","fax":"","email":"","url":"","countryIso2":"IQ","countryName":"Iraq","hotelRating":"0","latitude":"33.3014","longitude":"44.4366","state_id":3959,"state_name":"Baghdad Governorate","country_id":104},{"active":false,"Giataid":"631626","cityId":134504,"cityName":"Baghdad","hotelId":20011026,"hotelName":"Hijry Hotel","address":"Al Kadmia Al Kornish,Baghdad,Iraq","phones":"","fax":"","email":"","url":"","countryIso2":"IQ","countryName":"Iraq","hotelRating":"0","latitude":"33.3606","longitude":"44.3462","state_id":3959,"state_name":"Baghdad Governorate","country_id":104},{"active":false,"Giataid":"423480","cityId":134504,"cityName":"Baghdad","hotelId":20011815,"hotelName":"Babylon Warwick Hotel","address":"Karrada Street,Al-Jadria,Baghdad,Iraq","phones":"+9647505223333","fax":"+96417171843","email":"info.babylon@warwickhotels.com","url":"http://warwickhotels.com/babylon-hotel","countryIso2":"IQ","countryName":"Iraq","hotelRating":"5","latitude":"33.2919","longitude":"44.4036","state_id":3959,"state_name":"Baghdad Governorate","country_id":104},{"active":false,"Giataid":"424271","cityId":134504,"cityName":"Baghdad","hotelId":20011973,"hotelName":"Al Marwa Lih","address":"Baghdad,Al Karrada,behind al alweya post office blding,Iraq","phones":"+96417195095","fax":"+96417175148","email":"info@almarwalih.com","url":"http://www.almarwalih.com/en","countryIso2":"IQ","countryName":"Iraq","hotelRating":"4","latitude":"33.2919","longitude":"44.4036","state_id":3959,"state_name":"Baghdad Governorate","country_id":104},{"active":false,"Giataid":"618108","cityId":134504,"cityName":"Baghdad","hotelId":20013802,"hotelName":"Shanashel Palace Hotel","address":"Alnidhal Street,Baghdad 10069,Iraq","phones":"","fax":"","email":"","url":"","countryIso2":"IQ","countryName":"Iraq","hotelRating":"0","latitude":"33.3235","longitude":"44.4196","state_id":3959,"state_name":"Baghdad Governorate","country_id":104},{"active":false,"Giataid":"330193","cityId":134504,"cityName":"Baghdad","hotelId":20014875,"hotelName":"Royal Tulip Al Rasheed","address":"Green Zone,Baghdad,Iraq","phones":"+96477133370","fax":"+96415372485","email":"gm@royaltulipalrassheed.com","url":"http://www.royaltulipalrasheed.com","countryIso2":"IQ","countryName":"Iraq","hotelRating":"5","latitude":"33.3162","longitude":"44.3894","state_id":3959,"state_name":"Baghdad Governorate","country_id":104},{"active":false,"Giataid":"618237","cityId":134504,"cityName":"Baghdad","hotelId":20015260,"hotelName":"Baghdad Intl. Airport Hotel","address":"Inside Airport Zone,Baghdad,Iraq","phones":"+9647700007185","fax":"","email":"info@baghdadairporthotel.com","url":"http://www.baghdadairporthotel.com/","countryIso2":"IQ","countryName":"Iraq","hotelRating":"0","latitude":"33.2714","longitude":"44.2225","state_id":3959,"state_name":"Baghdad Governorate","country_id":104},{"active":false,"Giataid":"672187","cityId":134504,"cityName":"Baghdad","hotelId":20015401,"hotelName":"Almas Hotel","address":"Alkarada Street,Baghdad 10101,Iraq","phones":"","fax":"","email":"","url":"","countryIso2":"IQ","countryName":"Iraq","hotelRating":"0","latitude":"33.3029","longitude":"44.4036","state_id":3959,"state_name":"Baghdad Governorate","country_id":104},{"active":false,"Giataid":"618558","cityId":134504,"cityName":"Baghdad","hotelId":20015631,"hotelName":"Al Teeba Hotel","address":"Al- Kadhimiya - Zahra Square,Baghdad 12345,Iraq","phones":"","fax":"","email":"","url":"","countryIso2":"IQ","countryName":"Iraq","hotelRating":"0","latitude":"33.3796","longitude":"44.3421","state_id":3959,"state_name":"Baghdad Governorate","country_id":104}]