[{"active":false,"Giataid":"409970","cityId":null,"cityName":"Sulaimaniya","hotelId":409970,"hotelName":"Copthorne Hotel Baranan","address":"Sarchinar Main Street,P.O. Box No. 444,Sulaimani,Kurdistan,Iraq","phones":"+9647706000000","fax":"","email":"reservation@mill-sulaimani.com","url":"http://www.millenniumhotels.com/copthornebaranan/","countryIso2":"IQ","countryName":"Iraq","hotelRating":"4","latitude":"35.577","longitude":"45.3861","state_id":null,"state_name":null,"country_id":null},{"active":false,"Giataid":"424272","cityId":null,"cityName":"Basra","hotelId":424272,"hotelName":"Shams AL-Basra Hotel","address":"Watan Street,Basra,Iraq","phones":"+9647811164777","fax":"","email":"info@shamsalbasrahotel.com","url":"http://shamsalbasrahotel.com","countryIso2":"IQ","countryName":"Iraq","hotelRating":"4","latitude":"30.5164","longitude":"47.8417","state_id":null,"state_name":null,"country_id":null},{"active":false,"Giataid":"424376","cityId":null,"cityName":"Sulaimaniya","hotelId":424376,"hotelName":"Grand Millennium Sulaimani Hotel","address":"Bakhtiary,Sulaimani 00444,Iraq","phones":"+9647707000000","fax":"","email":"info.gms@millenniumhotels.com","url":"http://www.millenniumhotels.com/grandmillenniumsulaimani","countryIso2":"IQ","countryName":"Iraq","hotelRating":"5","latitude":"35.5718","longitude":"45.4068","state_id":null,"state_name":null,"country_id":null},{"active":false,"Giataid":"424377","cityId":null,"cityName":"Sulaimaniya","hotelId":424377,"hotelName":"Millennium Kurdistan Hotel And Spa","address":"Malik Mahmoud Ring Road,Next to Faruk Medical City,Sulaymaniyah,Kurdistan,PO Box 39887,Iraq","phones":"+9647705000000","fax":"","email":"reservation.mkhs@mill-sulaimani.com","url":"http://www.millenniumhotels.com/millenniumkurdistanhotelandspa","countryIso2":"IQ","countryName":"Iraq","hotelRating":"1","latitude":"35.5516","longitude":"45.4658","state_id":null,"state_name":null,"country_id":null},{"active":false,"Giataid":"424683","cityId":null,"cityName":"Sulaimaniya","hotelId":424683,"hotelName":"Titanic Hotel & Spa","address":"Malik Mahmood Circle,Next to Chavy Land,Goizha Area,Sulaymaniyah,Kurdistan,Iraq","phones":"+964533237344","fax":"+964533237399","email":"info@titanichotel-sul.com","url":"http://www.titanichotel-sul.com","countryIso2":"IQ","countryName":"Iraq","hotelRating":"5","latitude":"35.5731","longitude":"45.4685","state_id":null,"state_name":null,"country_id":null},{"active":false,"Giataid":"431779","cityId":null,"cityName":"Duhok","hotelId":431779,"hotelName":"Sheraton Dohuk","address":"","phones":"","fax":"","email":"","url":"","countryIso2":"IQ","countryName":"Iraq","hotelRating":"1","latitude":"36.8549","longitude":"42.9769","state_id":null,"state_name":null,"country_id":null},{"active":false,"Giataid":"443141","cityId":null,"cityName":"Sulaimaniya","hotelId":443141,"hotelName":"HighCrest Hotel","address":"","phones":"","fax":"","email":"","url":"","countryIso2":"IQ","countryName":"Iraq","hotelRating":"5","latitude":"35.5684","longitude":"45.3685","state_id":null,"state_name":null,"country_id":null},{"active":false,"Giataid":"444910","cityId":null,"cityName":"Duhok","hotelId":444910,"hotelName":"Kristal Hotel Duhok","address":"Zakho Way,Chera Road,99999 Duhok,Iraq","phones":"+964627229989","fax":"","email":"info@kristal-hotel-duhok.com","url":"http://www.kristal-hotel-duhok.com","countryIso2":"IQ","countryName":"Iraq","hotelRating":"1","latitude":"36.8662","longitude":"42.9935","state_id":null,"state_name":null,"country_id":null},{"active":false,"Giataid":"460964","cityId":null,"cityName":"Sulaimaniya","hotelId":460964,"hotelName":"Dawa Hotel and Restaurant","address":"Sareshnar Street,As Sulaymaniyah,Iraq","phones":"","fax":"","email":"","url":"","countryIso2":"IQ","countryName":"Iraq","hotelRating":"1","latitude":"35.5718","longitude":"45.4068","state_id":null,"state_name":null,"country_id":null},{"active":false,"Giataid":"462560","cityId":null,"cityName":"Sulaimaniya","hotelId":462560,"hotelName":"Dolphin","address":"Bekas Street 13, Sara Square,46100 Sulaimaniyya,Iraq","phones":"+9647701846330","fax":"","email":"dolphin.hotel@hotmail.com","url":"","countryIso2":"IQ","countryName":"Iraq","hotelRating":"1","latitude":"35.5589","longitude":"45.4417","state_id":null,"state_name":null,"country_id":null},{"active":false,"Giataid":"618115","cityId":null,"cityName":"Duhok","hotelId":618115,"hotelName":"Parwar Hotel","address":"25 Barzan Highway,Duhok,Iraq","phones":"+964627244554","fax":"","email":"parwar.hotel@yahoo.com","url":"http://parwarhotel.com","countryIso2":"IQ","countryName":"Iraq","hotelRating":"4","latitude":"36.8468","longitude":"43.029","state_id":null,"state_name":null,"country_id":null},{"active":false,"Giataid":"618120","cityId":null,"cityName":"Sulaimaniya","hotelId":618120,"hotelName":"Mihrako Hotel & Spa","address":"10 Salim Street,As Sulaymaniyah 46001,Iraq","phones":"","fax":"","email":"","url":"","countryIso2":"IQ","countryName":"Iraq","hotelRating":"1","latitude":"35.5718","longitude":"45.4068","state_id":null,"state_name":null,"country_id":null},{"active":false,"Giataid":"618282","cityId":null,"cityName":"Duhok","hotelId":618282,"hotelName":"Rocky Palace Hotel","address":"Duhok,Raza Street,41001 Duhok,Iraq","phones":"","fax":"","email":"","url":"","countryIso2":"IQ","countryName":"Iraq","hotelRating":"1","latitude":"36.8549","longitude":"42.9769","state_id":null,"state_name":null,"country_id":null},{"active":false,"Giataid":"618494","cityId":null,"cityName":"Sulaimaniya","hotelId":618494,"hotelName":"Areen Hotel & Restaurant","address":"","phones":"","fax":"","email":"","url":"","countryIso2":"IQ","countryName":"Iraq","hotelRating":"1","latitude":"35.561","longitude":"45.4286","state_id":null,"state_name":null,"country_id":null},{"active":false,"Giataid":"618498","cityId":null,"cityName":"Sulaimaniya","hotelId":618498,"hotelName":"Babylon Hotel","address":"","phones":"+9647702204200","fax":"","email":"","url":"","countryIso2":"IQ","countryName":"Iraq","hotelRating":"1","latitude":"35.5637","longitude":"45.4082","state_id":null,"state_name":null,"country_id":null},{"active":false,"Giataid":"618539","cityId":null,"cityName":"Duhok","hotelId":618539,"hotelName":"Rixos Duhok","address":"Barzani Main Street,Duhok 42001,Iraq","phones":"","fax":"","email":"","url":"","countryIso2":"IQ","countryName":"Iraq","hotelRating":"1","latitude":"36.8549","longitude":"42.9769","state_id":null,"state_name":null,"country_id":null},{"active":false,"Giataid":"618547","cityId":null,"cityName":"Sulaimaniya","hotelId":618547,"hotelName":"Lalezar Hotel & Resort","address":"Grdi Sarchinar,Sulaymaniyah,Iraq","phones":"+964533192601","fax":"","email":"info@lale-zar.com","url":"http://www.lale-zar.com/","countryIso2":"IQ","countryName":"Iraq","hotelRating":"1","latitude":"35.579","longitude":"45.3822","state_id":null,"state_name":null,"country_id":null},{"active":false,"Giataid":"618553","cityId":null,"cityName":"Sulaimaniya","hotelId":618553,"hotelName":"Liland Hotel","address":"Malik Mahmud Street,Sulaymaniyah 46001,Iraq","phones":"","fax":"","email":"","url":"","countryIso2":"IQ","countryName":"Iraq","hotelRating":"1","latitude":"35.58","longitude":"45.4003","state_id":null,"state_name":null,"country_id":null},{"active":false,"Giataid":"672027","cityId":null,"cityName":"Sulaimaniya","hotelId":672027,"hotelName":"Jewahir Motel","address":"Salim Street,near Directorate of Education,Sulaymaniyah 46001,Iraq","phones":"","fax":"","email":"","url":"","countryIso2":"IQ","countryName":"Iraq","hotelRating":"1","latitude":"35.566","longitude":"45.394","state_id":null,"state_name":null,"country_id":null},{"active":false,"Giataid":"673389","cityId":null,"cityName":"Sulaimaniya","hotelId":673389,"hotelName":"Motel Bayan","address":"Salm Street,Near Khasraw Overpass,Sulaymaniyah 46001,Iraq","phones":"","fax":"","email":"","url":"","countryIso2":"IQ","countryName":"Iraq","hotelRating":"1","latitude":"35.5643","longitude":"45.4078","state_id":null,"state_name":null,"country_id":null},{"active":false,"Giataid":"673561","cityId":null,"cityName":"Basra","hotelId":673561,"hotelName":"Manawi Basha Hotel","address":"Mnawi Basha,Basrah 61001,Iraq","phones":"+96440642931","fax":"","email":"","url":"http://mnawibashahotel.com","countryIso2":"IQ","countryName":"Iraq","hotelRating":"5","latitude":"30.5173","longitude":"47.8425","state_id":null,"state_name":null,"country_id":null},{"active":false,"Giataid":"677998","cityId":null,"cityName":"Sulaimaniya","hotelId":677998,"hotelName":"Assos Hotel","address":"Sulaimaniyah Salim Street,Near Asiacell Cooperative Building,Sulaymaniyah,Iraq","phones":"+964533194914","fax":"","email":"info@assos-hotel.com","url":"http://assos-hotel.com","countryIso2":"IQ","countryName":"Iraq","hotelRating":"1","latitude":"35.5718","longitude":"45.4068","state_id":null,"state_name":null,"country_id":null},{"active":false,"Giataid":"678839","cityId":null,"cityName":"Rawandoz","hotelId":678839,"hotelName":"Korek Mountain Resort & Spa","address":"Bekhal,Rawandoz,Erbil,Iraq","phones":"+9647502458888","fax":"","email":"info@thekorekmountain.com","url":"http://www.thekorekmountain.com","countryIso2":"IQ","countryName":"Iraq","hotelRating":"1","latitude":"36.6082","longitude":"44.4931","state_id":null,"state_name":null,"country_id":null},{"active":false,"Giataid":"682711","cityId":null,"cityName":"Duhok","hotelId":682711,"hotelName":"Khani Hotel","address":"25 Gali Way,Duhok 10040,Iraq","phones":"","fax":"","email":"","url":"","countryIso2":"IQ","countryName":"Iraq","hotelRating":"1","latitude":"36.8549","longitude":"42.9769","state_id":null,"state_name":null,"country_id":null},{"active":false,"Giataid":"787099","cityId":null,"cityName":"Duhok","hotelId":787099,"hotelName":"Dilshad Palace Hotel","address":"Duhok Main Street,Zakho Way,Duhok 42001,Kurdistan,Iraq","phones":"+9646272276019","fax":"","email":"info@dilshad-palace.com","url":"http://dilshad-palace.com","countryIso2":"IQ","countryName":"Iraq","hotelRating":"1","latitude":"36.8549","longitude":"42.9769","state_id":null,"state_name":null,"country_id":null},{"active":false,"Giataid":"790177","cityId":null,"cityName":"Basra","hotelId":790177,"hotelName":"Basra Touristic Hotel","address":"14 July Street,Breha,Between Abu Dhabi Islamic Bank And Fly Dubai,Basra 61001,Iraq","phones":"","fax":"","email":"info@basratouristichotel.com","url":"http://www.basratouristichotel.com","countryIso2":"IQ","countryName":"Iraq","hotelRating":"1","latitude":"30.5173","longitude":"47.8425","state_id":null,"state_name":null,"country_id":null},{"active":false,"Giataid":"790185","cityId":null,"cityName":"Sulaimaniya","hotelId":790185,"hotelName":"Khan Saray","address":"Mawlawi Street,Sulaymaniyah 46001,Iraq","phones":"","fax":"","email":"","url":"","countryIso2":"IQ","countryName":"Iraq","hotelRating":"1","latitude":"35.5718","longitude":"45.4068","state_id":null,"state_name":null,"country_id":null},{"active":false,"Giataid":"790186","cityId":null,"cityName":"Sulaimaniya","hotelId":790186,"hotelName":"Hotel Halwachy","address":"Salm Street,Opposite of Chamber of Commerce,Sulaymaniyah 46001,Iraq","phones":"","fax":"","email":"","url":"","countryIso2":"IQ","countryName":"Iraq","hotelRating":"1","latitude":"35.5718","longitude":"45.4068","state_id":null,"state_name":null,"country_id":null},{"active":false,"Giataid":"790288","cityId":null,"cityName":"Sulaimaniya","hotelId":790288,"hotelName":"Motel Las","address":"27 Qasimlu st Zargata,As Sulaymaniyah 12440,Iraq","phones":"","fax":"","email":"","url":"","countryIso2":"IQ","countryName":"Iraq","hotelRating":"1","latitude":"35.5718","longitude":"45.4068","state_id":null,"state_name":null,"country_id":null}]