[{"active":false,"Giataid":"2238","cityId":1533,"cityName":"Victoria","hotelId":2238,"hotelName":"Avani Seychelles Barbarons Resort & Spa","address":"PO Box 626,Victoria,Mahe,Seychelles","phones":"+2484673000","fax":"+248673380","email":"reservation.barbarons@lemeridien.scom","url":"http://www.lemeridien-barbarons.com","countryIso2":"SC","countryName":"Seychelles","hotelRating":"4","latitude":"-4.68354","longitude":"55.455","state_id":3654,"state_name":"Entre Rios","country_id":11},{"active":false,"Giataid":"2242","cityId":102909,"cityName":"Bel Ombre","hotelId":2242,"hotelName":"Le Meridien Fisherman's Cove","address":"Beau Vallon Bay,Bel Ombre,P.O. Box 35,Mah?,Seychelles,Seychelles","phones":"+2484677000","fax":"+2484620901","email":"reservations.fishcove@lemeridien.com","url":"http://www.lemeridien.com/fishcove","countryIso2":"SC","countryName":"Seychelles","hotelRating":"5","latitude":"-4.61619","longitude":"55.4212","state_id":505,"state_name":"Bel Ombre","country_id":197},{"active":false,"Giataid":"2244","cityId":102911,"cityName":"Port Glaud","hotelId":2244,"hotelName":"Berjaya Mahe Beach Resort","address":"Port Glaud,Mahe,Seychelles","phones":"+248385385","fax":"+248378117","email":"","url":"","countryIso2":"SC","countryName":"Seychelles","hotelRating":"3","latitude":"-4.67004","longitude":"55.4216","state_id":507,"state_name":"Port Glaud","country_id":197},{"active":false,"Giataid":"8294","cityId":1533,"cityName":"Victoria","hotelId":8294,"hotelName":"Auberge Louis 17","address":"","phones":"","fax":"","email":"","url":"","countryIso2":"SC","countryName":"Seychelles","hotelRating":"1","latitude":"-4.62567","longitude":"55.4534","state_id":3654,"state_name":"Entre Rios","country_id":11},{"active":false,"Giataid":"8643","cityId":132830,"cityName":"Mahe","hotelId":8643,"hotelName":"Beachcomber Anse Soleil","address":"Sunset Coast,Mahe Island,Seychelles,Seychelles","phones":"+248361461","fax":"+248361460","email":"beachcomber@seychelles.sc","url":"http://www.beachcomber.sc","countryIso2":"SC","countryName":"Seychelles","hotelRating":"2","latitude":"-4.74574","longitude":"55.465","state_id":4011,"state_name":"Puducherry","country_id":101},{"active":false,"Giataid":"10286","cityId":132830,"cityName":"Mahe","hotelId":10286,"hotelName":"Chalet Anse Forbans","address":"Anse Royale,PO Box 3030,Mahe Island,Seychelles","phones":"+2484366111","fax":"+2484366161","email":"info@forbans.com","url":"http://www.forbans.com","countryIso2":"SC","countryName":"Seychelles","hotelRating":"3","latitude":"-4.78101","longitude":"55.5227","state_id":4011,"state_name":"Puducherry","country_id":101},{"active":false,"Giataid":"15696","cityId":1533,"cityName":"Victoria","hotelId":15696,"hotelName":"La Louise Lodge","address":"La Misere Road,La Louise,Mahe Island,Seychelles","phones":"","fax":"","email":"","url":"","countryIso2":"SC","countryName":"Seychelles","hotelRating":"1","latitude":"-4.62567","longitude":"55.4534","state_id":3654,"state_name":"Entre Rios","country_id":11},{"active":false,"Giataid":"15782","cityId":132830,"cityName":"Mahe","hotelId":15782,"hotelName":"La Residence Anse La Mouche","address":"Anse La Mouche,Seychelles","phones":"+248371733","fax":"+248371370","email":"villa@seychelles.net","url":"http://www.laresidence.sc","countryIso2":"SC","countryName":"Seychelles","hotelRating":"2","latitude":"-4.74156","longitude":"55.4876","state_id":4011,"state_name":"Puducherry","country_id":101},{"active":false,"Giataid":"39229","cityId":102911,"cityName":"Port Glaud","hotelId":39229,"hotelName":"Edens Holiday Villas","address":"PO Box 372,Port Glaud,Mahe Island,Seychelles","phones":"","fax":"","email":"","url":"","countryIso2":"SC","countryName":"Seychelles","hotelRating":"3","latitude":"-4.66228","longitude":"55.4134","state_id":507,"state_name":"Port Glaud","country_id":197},{"active":false,"Giataid":"134444","cityId":132830,"cityName":"Mahe","hotelId":134444,"hotelName":"Reef Holiday","address":"Au Cap,Mahe Island,Seychelles","phones":"+2484375082","fax":"+248420336","email":"","url":"http://www.seychelles-reefholidayapartments.com/","countryIso2":"SC","countryName":"Seychelles","hotelRating":"3","latitude":"-4.70047","longitude":"55.5214","state_id":4011,"state_name":"Puducherry","country_id":101},{"active":false,"Giataid":"201755","cityId":132830,"cityName":"Mahe","hotelId":201755,"hotelName":"Le Bonheur","address":"Anse Nord D'Est,North East Point,Mahe,Seychelles","phones":"","fax":"","email":"","url":"http://www.lebonheurvilla.com","countryIso2":"SC","countryName":"Seychelles","hotelRating":"3","latitude":"-4.57049","longitude":"55.4582","state_id":4011,"state_name":"Puducherry","country_id":101},{"active":false,"Giataid":"238307","cityId":132830,"cityName":"Mahe","hotelId":238307,"hotelName":"La Fontaine Holiday Apartment","address":"Fisherman's Cove Estate,P.O Box 833,Bel Ombre,Mah?,Seychelles","phones":"+2484422288","fax":"","email":"","url":"http://www.seychellen.com/urlaub/la-fontaine-holiday-apartment","countryIso2":"SC","countryName":"Seychelles","hotelRating":"3","latitude":"-4.61937","longitude":"55.4176","state_id":4011,"state_name":"Puducherry","country_id":101},{"active":false,"Giataid":"377189","cityId":132830,"cityName":"Mahe","hotelId":377189,"hotelName":"The Marble Villa","address":"Au Cap,Anse Aux Pins,Insel Mahe,Seychelles","phones":"","fax":"","email":"","url":"","countryIso2":"SC","countryName":"Seychelles","hotelRating":"3","latitude":"-4.7237","longitude":"55.5241","state_id":4011,"state_name":"Puducherry","country_id":101},{"active":false,"Giataid":"390945","cityId":132830,"cityName":"Mahe","hotelId":390945,"hotelName":"Lemongrass Lodge","address":"Beau Vallon,Seychelles","phones":"+2482578025","fax":"","email":"lemongrassresa@yahoo.com","url":"http://www.lemongrasslodge.sc/","countryIso2":"SC","countryName":"Seychelles","hotelRating":"3","latitude":"-4.60179","longitude":"55.4355","state_id":4011,"state_name":"Puducherry","country_id":101},{"active":false,"Giataid":"459286","cityId":1533,"cityName":"Victoria","hotelId":459286,"hotelName":"Hilltop Boutique Hotel","address":"","phones":"","fax":"","email":"","url":"","countryIso2":"SC","countryName":"Seychelles","hotelRating":"1","latitude":"-4.62225","longitude":"55.4464","state_id":3654,"state_name":"Entre Rios","country_id":11},{"active":false,"Giataid":"502901","cityId":132830,"cityName":"Mahe","hotelId":502901,"hotelName":"Dorado Villa","address":"","phones":"","fax":"","email":"","url":"","countryIso2":"SC","countryName":"Seychelles","hotelRating":"3","latitude":"-4.73012","longitude":"55.525","state_id":4011,"state_name":"Puducherry","country_id":101},{"active":false,"Giataid":"502926","cityId":132830,"cityName":"Mahe","hotelId":502926,"hotelName":"La Villa Therese","address":"P.O. Box 4121,Anse Royale,Mah?,Seychelles","phones":"","fax":"","email":"","url":"","countryIso2":"SC","countryName":"Seychelles","hotelRating":"3","latitude":"-4.73909","longitude":"55.5175","state_id":4011,"state_name":"Puducherry","country_id":101},{"active":false,"Giataid":"503291","cityId":132830,"cityName":"Mahe","hotelId":503291,"hotelName":"MARL Self Catering","address":"","phones":"","fax":"","email":"","url":"","countryIso2":"SC","countryName":"Seychelles","hotelRating":"3","latitude":"-4.67758","longitude":"55.5176","state_id":4011,"state_name":"Puducherry","country_id":101},{"active":false,"Giataid":"503404","cityId":132830,"cityName":"Mahe","hotelId":503404,"hotelName":"Le Mangliers Annexe","address":"","phones":"","fax":"","email":"","url":"","countryIso2":"SC","countryName":"Seychelles","hotelRating":"1","latitude":"-4.72657","longitude":"55.5253","state_id":4011,"state_name":"Puducherry","country_id":101},{"active":false,"Giataid":"506163","cityId":132830,"cityName":"Mahe","hotelId":506163,"hotelName":"L'echo des vagues appartements","address":"","phones":"","fax":"","email":"","url":"","countryIso2":"SC","countryName":"Seychelles","hotelRating":"3","latitude":"-4.60528","longitude":"55.4323","state_id":4011,"state_name":"Puducherry","country_id":101},{"active":false,"Giataid":"509651","cityId":132830,"cityName":"Mahe","hotelId":509651,"hotelName":"Coco Blanche","address":"Sweet Coast Road,Anse Royale,Mahe Island,Seychelles","phones":"+24827810975749","fax":"","email":"","url":"","countryIso2":"SC","countryName":"Seychelles","hotelRating":"1","latitude":"-4.74885","longitude":"55.5147","state_id":4011,"state_name":"Puducherry","country_id":101},{"active":false,"Giataid":"725512","cityId":132830,"cityName":"Mahe","hotelId":725512,"hotelName":"Auberge Chez Plume","address":"West Coast Road,Anse Boileau,Mahe Island,Seychelles","phones":"+2484355050","fax":"+2484355033","email":"reservations@hibiscus.sc","url":"http://www.aubergeanseboileau.com","countryIso2":"SC","countryName":"Seychelles","hotelRating":"4","latitude":"-4.70483","longitude":"55.4779","state_id":4011,"state_name":"Puducherry","country_id":101},{"active":false,"Giataid":"391257","cityId":102909,"cityName":"Bel Ombre","hotelId":10055183,"hotelName":"Treasure Cove","address":"PO Box 337,Bel Ombre,Mahe,Seychelles","phones":"+2484295151","fax":"","email":"","url":"","countryIso2":"SC","countryName":"Seychelles","hotelRating":"4","latitude":"-4.61604","longitude":"55.4196","state_id":505,"state_name":"Bel Ombre","country_id":197},{"active":false,"Giataid":"551902","cityId":132830,"cityName":"Mahe","hotelId":10062228,"hotelName":"Petit Baie Chalet","address":"Au Cap,Mahe Island,Seychelles","phones":"","fax":"","email":"","url":"","countryIso2":"SC","countryName":"Seychelles","hotelRating":"3","latitude":"-4.7123","longitude":"55.5213","state_id":4011,"state_name":"Puducherry","country_id":101},{"active":false,"Giataid":"391038","cityId":132830,"cityName":"Mahe","hotelId":10063769,"hotelName":"Crown Beach","address":"Pointe Au Sel,Mahe Island,Seychelles","phones":"+2484382800","fax":"","email":"","url":"","countryIso2":"SC","countryName":"Seychelles","hotelRating":"4","latitude":"-4.7294","longitude":"55.5248","state_id":4011,"state_name":"Puducherry","country_id":101},{"active":false,"Giataid":"496638","cityId":132830,"cityName":"Mahe","hotelId":10067572,"hotelName":"Le Manglier Guest House","address":"Anse Francois","phones":"","fax":"","email":"","url":"","countryIso2":"SC","countryName":"Seychelles","hotelRating":"3","latitude":"-4.68118","longitude":"55.5135","state_id":4011,"state_name":"Puducherry","country_id":101},{"active":false,"Giataid":"510391","cityId":132830,"cityName":"Mahe","hotelId":10139929,"hotelName":"Petit Amour Villa","address":"Sorento,Glacis,PO Box 1092,Mahe Island,Seychelles","phones":"+2482578039","fax":"NULL","email":"NULL","url":"NULL","countryIso2":"SC","countryName":"Seychelles","hotelRating":"3","latitude":"-4.58966","longitude":"55.4356","state_id":4011,"state_name":"Puducherry","country_id":101},{"active":false,"Giataid":"520051","cityId":132830,"cityName":"Mahe","hotelId":10140031,"hotelName":"Residence On The Rocks","address":"c/o Banyan Tree Resort Anse Intendance, Takamaka,Mahe Island,Seychelles","phones":"NULL","fax":"NULL","email":"NULL","url":"NULL","countryIso2":"SC","countryName":"Seychelles","hotelRating":"4","latitude":"-4.65776","longitude":"55.4685","state_id":4011,"state_name":"Puducherry","country_id":101},{"active":false,"Giataid":"514940","cityId":132830,"cityName":"Mahe","hotelId":10140360,"hotelName":"Villa Bethlehem","address":"Anse Boileau,Beau Vallon,Mah? Island,Seychelles","phones":"+2482512245","fax":"NULL","email":"NULL","url":"NULL","countryIso2":"SC","countryName":"Seychelles","hotelRating":"2","latitude":"-4.70976","longitude":"55.482","state_id":4011,"state_name":"Puducherry","country_id":101},{"active":false,"Giataid":"596734","cityId":132830,"cityName":"Mahe","hotelId":20001440,"hotelName":"Le Domaine de Bacova","address":"Pointe au Sel,Au cap,Mah?,Seychelles","phones":"+2482716600","fax":"","email":"bacova.seychelles@gmail.com","url":"http://seychellesvillasbacova.com/","countryIso2":"SC","countryName":"Seychelles","hotelRating":"3","latitude":"-4.72696","longitude":"55.525","state_id":4011,"state_name":"Puducherry","country_id":101},{"active":false,"Giataid":"525195","cityId":132830,"cityName":"Mahe","hotelId":20001642,"hotelName":"Kokogrove Chalets","address":"Anse Royale,Enoncement Hill,Mahe Island,Seychelles,Seychelles","phones":"+24831651512022","fax":"","email":"kokogrove@live.nl","url":"http://www.kokogrove.nl","countryIso2":"SC","countryName":"Seychelles","hotelRating":"3","latitude":"-4.73353","longitude":"55.5167","state_id":4011,"state_name":"Puducherry","country_id":101},{"active":false,"Giataid":"63366","cityId":132830,"cityName":"Mahe","hotelId":20001874,"hotelName":"La Desirade","address":"Pointe au Sel,P.O. Box 1131,Victoria,Mah?,Seychelles","phones":"+248373873","fax":"+248373703","email":"doffay@seychelles.net","url":"http://www.seychelles.net/desirade","countryIso2":"SC","countryName":"Seychelles","hotelRating":"0","latitude":"-4.73021","longitude":"55.5252","state_id":4011,"state_name":"Puducherry","country_id":101},{"active":false,"Giataid":"63777","cityId":132830,"cityName":"Mahe","hotelId":20002059,"hotelName":"Georgina's Cottage","address":"Mare Anglaise, Beau Vallon,Mahe Island,Seychelles","phones":"+2484247016","fax":"+2484247945","email":"georgina@seychelles.net","url":"http://www.georginas-cottage.com/contactus","countryIso2":"SC","countryName":"Seychelles","hotelRating":"0","latitude":"-4.60588","longitude":"55.4342","state_id":4011,"state_name":"Puducherry","country_id":101},{"active":false,"Giataid":"687489","cityId":1533,"cityName":"Victoria","hotelId":20003569,"hotelName":"Tauchbasis - Big Blue Divers","address":"Elizabeth Fideria,P.O. Box 844,Victoria, Mah?,Seychelles,Seychelles","phones":"+2484261106","fax":"+2484247854","email":"bigblue@seychelles.net","url":"http://www.bigbluedivers.net/","countryIso2":"SC","countryName":"Seychelles","hotelRating":"0","latitude":"-4.62567","longitude":"55.4534","state_id":3654,"state_name":"Entre Rios","country_id":11},{"active":false,"Giataid":"63365","cityId":132830,"cityName":"Mahe","hotelId":20003725,"hotelName":"Jamelah Apartement","address":"Anse aux Pins,Mah?,Seychelles","phones":"+248375429","fax":"+248375686","email":"jamelah@intelvision.net","url":"","countryIso2":"SC","countryName":"Seychelles","hotelRating":"0","latitude":"-4.7043","longitude":"55.5209","state_id":4011,"state_name":"Puducherry","country_id":101},{"active":false,"Giataid":"724010","cityId":132830,"cityName":"Mahe","hotelId":20003912,"hotelName":"Beach Cottages","address":"Bel Ombre Road,Mahe Island,Seychelles","phones":"+2484247861","fax":"","email":"info@beachcottages.sc","url":"http://www.beachcottages.sc","countryIso2":"SC","countryName":"Seychelles","hotelRating":"0","latitude":"-4.68548","longitude":"55.4727","state_id":4011,"state_name":"Puducherry","country_id":101},{"active":false,"Giataid":"424747","cityId":132830,"cityName":"Mahe","hotelId":20004072,"hotelName":"The H Resort Beau Vallon Beach Seychelles","address":"Bel Ombre Road,P.O. Box 1626,Mah?,Seychelles","phones":"+2484387000","fax":"+2484387100","email":"seychelles@h-hotel.com","url":"http://www.seychelles.h-hotel.com/default-en.html","countryIso2":"SC","countryName":"Seychelles","hotelRating":"5","latitude":"-4.61509","longitude":"55.4271","state_id":4011,"state_name":"Puducherry","country_id":101},{"active":false,"Giataid":"725474","cityId":132830,"cityName":"Mahe","hotelId":20004269,"hotelName":"Chateau Elysium","address":"Bel Ombre Road,Beau Vallon,Mahe Island,Seychelles","phones":"+2482536812","fax":"","email":"reservation@chateau-elysium.com","url":"http://www.chateau-elysium.com","countryIso2":"SC","countryName":"Seychelles","hotelRating":"5","latitude":"-4.61517","longitude":"55.4274","state_id":4011,"state_name":"Puducherry","country_id":101},{"active":false,"Giataid":"61738","cityId":132830,"cityName":"Mahe","hotelId":20004461,"hotelName":"Michel Holiday Apartements","address":"P.O. Box 277,Les Mamelles,Victoria,Insel Mahe,Seychelles","phones":"+248344962","fax":"+248344566","email":"chateau2@seychelles.sc","url":"","countryIso2":"SC","countryName":"Seychelles","hotelRating":"2","latitude":"-4.6173","longitude":"55.45","state_id":4011,"state_name":"Puducherry","country_id":101},{"active":false,"Giataid":"16139","cityId":132830,"cityName":"Mahe","hotelId":20004630,"hotelName":"Le Petit Village","address":"PO Box 778,Bel Ombre,Mah?,Seychelles","phones":"+2484284969","fax":"+2484247771","email":"info@lepetitvillage.com","url":"","countryIso2":"SC","countryName":"Seychelles","hotelRating":"2","latitude":"-4.61738","longitude":"55.4135","state_id":4011,"state_name":"Puducherry","country_id":101},{"active":false,"Giataid":"85004","cityId":1533,"cityName":"Victoria","hotelId":20005597,"hotelName":"Villa Ma Josephine","address":"P.O. Box 510,Victoria,Mah?,Seychelles","phones":"+248344158","fax":"+248344050","email":"villamj@seychelles.net","url":"http://www.seychelles-holidays.com/english_site/villas_ma_josephine/index.html","countryIso2":"SC","countryName":"Seychelles","hotelRating":"3","latitude":"-4.6309","longitude":"55.4466","state_id":3654,"state_name":"Entre Rios","country_id":11},{"active":false,"Giataid":"514933","cityId":132830,"cityName":"Mahe","hotelId":20005965,"hotelName":"Bougainvillea Holiday Villa","address":"Dame Le Roi Road,Bougainville,Anse Royale,Mahe Island,Seychelles","phones":"","fax":"","email":"","url":"","countryIso2":"SC","countryName":"Seychelles","hotelRating":"3","latitude":"-4.68548","longitude":"55.4727","state_id":4011,"state_name":"Puducherry","country_id":101},{"active":false,"Giataid":"671070","cityId":132830,"cityName":"Mahe","hotelId":20006099,"hotelName":"Maison Oasis","address":"Reef Estate,Anse Aux Pins,Mah? Island,Seychelles","phones":"","fax":"","email":"","url":"","countryIso2":"SC","countryName":"Seychelles","hotelRating":"3","latitude":"-4.69367","longitude":"55.5176","state_id":4011,"state_name":"Puducherry","country_id":101},{"active":false,"Giataid":"48097","cityId":1533,"cityName":"Victoria","hotelId":20007267,"hotelName":"Bel Air","address":"P.O Box 116,Victoria,Mahe,Seychelles","phones":"+248224416","fax":"+248224923","email":"","url":"","countryIso2":"SC","countryName":"Seychelles","hotelRating":"3","latitude":"-4.6167","longitude":"55.45","state_id":3654,"state_name":"Entre Rios","country_id":11},{"active":false,"Giataid":"2235","cityId":132830,"cityName":"Mahe","hotelId":20007469,"hotelName":"Blue Lagoon Chalets","address":"Anse a la Mouche,P.O. Box 442,Mahe,Seychelles","phones":"+248371197","fax":"+248371565","email":"blagoon@seychelles.net","url":"http://www.seychelles.net/bluelagoon/","countryIso2":"SC","countryName":"Seychelles","hotelRating":"3","latitude":"-4.73571","longitude":"55.4915","state_id":4011,"state_name":"Puducherry","country_id":101},{"active":false,"Giataid":"38904","cityId":132830,"cityName":"Mahe","hotelId":20007617,"hotelName":"The Rose Garden Hotel","address":"PO Box 345,Insel Mah?,Seychelles","phones":"","fax":"","email":"","url":"","countryIso2":"SC","countryName":"Seychelles","hotelRating":"3","latitude":"-4.60756","longitude":"55.4481","state_id":4011,"state_name":"Puducherry","country_id":101},{"active":false,"Giataid":"725005","cityId":132830,"cityName":"Mahe","hotelId":20007729,"hotelName":"East Horizon Self-Catering","address":"Au Cap,Mahe Island,Seychelles","phones":"+2484376869","fax":"","email":"easthorizon@email.sc","url":"http://www.easthorizon.sc/","countryIso2":"SC","countryName":"Seychelles","hotelRating":"0","latitude":"-4.68548","longitude":"55.4727","state_id":4011,"state_name":"Puducherry","country_id":101},{"active":false,"Giataid":"667296","cityId":132830,"cityName":"Mahe","hotelId":20007879,"hotelName":"Touchdown Villa","address":"Anse Deujeuner,Pointe Larue,Mahe Island,Seychelles","phones":"","fax":"","email":"","url":"","countryIso2":"SC","countryName":"Seychelles","hotelRating":"3","latitude":"-4.67309","longitude":"55.5122","state_id":4011,"state_name":"Puducherry","country_id":101},{"active":false,"Giataid":"26036","cityId":132830,"cityName":"Mahe","hotelId":20008045,"hotelName":"Island Homes Mahe","address":"Insel Mah?,Seychelles","phones":"","fax":"","email":"","url":"","countryIso2":"SC","countryName":"Seychelles","hotelRating":"2","latitude":"-4.68548","longitude":"55.4727","state_id":4011,"state_name":"Puducherry","country_id":101},{"active":false,"Giataid":"526532","cityId":132830,"cityName":"Mahe","hotelId":20008264,"hotelName":"Villa Citronella","address":"Anse Aux Pins,Mahe Island,Seychelles","phones":"","fax":"","email":"","url":"","countryIso2":"SC","countryName":"Seychelles","hotelRating":"3","latitude":"-4.69772","longitude":"55.5173","state_id":4011,"state_name":"Puducherry","country_id":101},{"active":false,"Giataid":"724709","cityId":132830,"cityName":"Mahe","hotelId":20008349,"hotelName":"Le Chateau Bleu","address":"Anse Aux Pins,Mahe Island,Seychelles","phones":"+2482764830","fax":"","email":"","url":"http://www.chateaubleu-seychelles.com","countryIso2":"SC","countryName":"Seychelles","hotelRating":"0","latitude":"-4.69884","longitude":"55.5208","state_id":4011,"state_name":"Puducherry","country_id":101},{"active":false,"Giataid":"226994","cityId":132830,"cityName":"Mahe","hotelId":20009737,"hotelName":"Les Delices de L?Ocean","address":"Pointe Conan,Mah?,Seychelles","phones":"+2484241021","fax":"","email":"","url":"","countryIso2":"SC","countryName":"Seychelles","hotelRating":"0","latitude":"-4.61009","longitude":"55.4572","state_id":4011,"state_name":"Puducherry","country_id":101},{"active":false,"Giataid":"684485","cityId":132830,"cityName":"Mahe","hotelId":20010007,"hotelName":"Castaway Fishing Lodge","address":"5th June Road,Point Aux Sel,Mahe Island,Seychelles","phones":"","fax":"","email":"","url":"","countryIso2":"SC","countryName":"Seychelles","hotelRating":"3","latitude":"-4.72387","longitude":"55.5241","state_id":4011,"state_name":"Puducherry","country_id":101},{"active":false,"Giataid":"544137","cityId":132830,"cityName":"Mahe","hotelId":20010149,"hotelName":"Eden Luxury Apartments","address":"Le Rocher,Mahe,Seychelles","phones":"+2484344360","fax":"","email":"","url":"http://www.edenluxuryapartments.sc/","countryIso2":"SC","countryName":"Seychelles","hotelRating":"3","latitude":"-4.64998","longitude":"55.4796","state_id":4011,"state_name":"Puducherry","country_id":101},{"active":false,"Giataid":"726038","cityId":132830,"cityName":"Mahe","hotelId":20010300,"hotelName":"Villa Roscia","address":"Panorama Road,Beau Vallon,PO Box 5049,Mahe,Seychelles","phones":"+2482610094","fax":"","email":"info@villaroscia.com","url":"http://www.villaroscia.com","countryIso2":"SC","countryName":"Seychelles","hotelRating":"2","latitude":"-4.68548","longitude":"55.4727","state_id":4011,"state_name":"Puducherry","country_id":101},{"active":false,"Giataid":"671049","cityId":132830,"cityName":"Mahe","hotelId":20010437,"hotelName":"Julie's Holiday Home","address":"Pointe Au Sel,Au Cap,Mahe Island,Seychelles","phones":"","fax":"","email":"","url":"","countryIso2":"SC","countryName":"Seychelles","hotelRating":"3","latitude":"-4.72353","longitude":"55.5232","state_id":4011,"state_name":"Puducherry","country_id":101},{"active":false,"Giataid":"519412","cityId":102909,"cityName":"Bel Ombre","hotelId":20011036,"hotelName":"Forest Lodge Guest House","address":"Mount Simpson,Bel Ombre,Mah?,Seychelles","phones":"+2484247239","fax":"","email":"","url":"http://www.forestlodge-seychelles.com/","countryIso2":"SC","countryName":"Seychelles","hotelRating":"3","latitude":"-4.61958","longitude":"55.4174","state_id":505,"state_name":"Bel Ombre","country_id":197},{"active":false,"Giataid":"470601","cityId":102909,"cityName":"Bel Ombre","hotelId":20011574,"hotelName":"Casadani Hotel","address":"Bel Ombre, Mahe,Seychelles","phones":"+248248481","fax":"+248247922","email":"lloizeau@intelvision.net","url":"http://www.casadani.sc","countryIso2":"SC","countryName":"Seychelles","hotelRating":"2","latitude":"-4.62005","longitude":"55.4094","state_id":505,"state_name":"Bel Ombre","country_id":197},{"active":false,"Giataid":"363237","cityId":132830,"cityName":"Mahe","hotelId":20012014,"hotelName":"Copolia Lodge","address":"Sans Soucis,Bel Air,P.O. Box 256,Mahe,Seychelles","phones":"+2484225372","fax":"+2484225372","email":"info@copolialodge.com","url":"http://www.copolialodge.com/","countryIso2":"SC","countryName":"Seychelles","hotelRating":"3","latitude":"-4.64719","longitude":"55.4524","state_id":4011,"state_name":"Puducherry","country_id":101},{"active":false,"Giataid":"726568","cityId":132830,"cityName":"Mahe","hotelId":20012157,"hotelName":"The Orchard Self-Catering Villa","address":"Barbarons,Grand Anse,Mahe Island,Seychelles","phones":"","fax":"","email":"","url":"","countryIso2":"SC","countryName":"Seychelles","hotelRating":"3","latitude":"-4.68548","longitude":"55.4727","state_id":4011,"state_name":"Puducherry","country_id":101},{"active":false,"Giataid":"724849","cityId":132830,"cityName":"Mahe","hotelId":20012290,"hotelName":"GT Self Catering Apartments","address":"Coral Strand Road,Next to Coco D'Or,Beau Vallon,Mahe Island,Seychelles","phones":"+2484224219","fax":"","email":"adam.umarji@gtpropertiesseychelles.com","url":"http://www.gtpropertiesseychelles.com","countryIso2":"SC","countryName":"Seychelles","hotelRating":"0","latitude":"-4.68548","longitude":"55.4727","state_id":4011,"state_name":"Puducherry","country_id":101},{"active":false,"Giataid":"727026","cityId":132830,"cityName":"Mahe","hotelId":20012400,"hotelName":"Man Fiyo","address":"Anse Louis,Mahe Island,Seychelles","phones":"","fax":"","email":"","url":"http://www.manfiyo.com","countryIso2":"SC","countryName":"Seychelles","hotelRating":"3","latitude":"-4.68548","longitude":"55.4727","state_id":4011,"state_name":"Puducherry","country_id":101},{"active":false,"Giataid":"596724","cityId":132830,"cityName":"Mahe","hotelId":20012546,"hotelName":"Bambous River Lodge","address":"Bel Ombre,Mahe Island,Seychelles","phones":"+2484303828","fax":"","email":"brl@seychelles.net","url":"http://www.brlseychelles.com/","countryIso2":"SC","countryName":"Seychelles","hotelRating":"3","latitude":"-4.61793","longitude":"55.4161","state_id":4011,"state_name":"Puducherry","country_id":101},{"active":false,"Giataid":"187828","cityId":102909,"cityName":"Bel Ombre","hotelId":20013020,"hotelName":"Marie Laure Suites","address":"Bel Ombre,P.O.Box 14,Mah?,Seychelles","phones":"+248671800","fax":"+248620202","email":"info@marielauresuites.com","url":"http://www.marielauresuites.com","countryIso2":"SC","countryName":"Seychelles","hotelRating":"3","latitude":"-4.61684","longitude":"55.4169","state_id":505,"state_name":"Bel Ombre","country_id":197},{"active":false,"Giataid":"503069","cityId":132830,"cityName":"Mahe","hotelId":20013937,"hotelName":"Demeure de Cap Macon","address":"Cap Ma?on,Anse Forbans,Mahe Island,Seychelles","phones":"","fax":"","email":"","url":"http://demeuredecapmacon.com/","countryIso2":"SC","countryName":"Seychelles","hotelRating":"3","latitude":"-4.77225","longitude":"55.5241","state_id":4011,"state_name":"Puducherry","country_id":101},{"active":false,"Giataid":"10338","cityId":132830,"cityName":"Mahe","hotelId":20014057,"hotelName":"Villa Chez Batista","address":"P.O.Box 3013,Takamaka,Mah?,Seychelles","phones":"+2484366300","fax":"+2484366509","email":"batistas@seychelles.net","url":"http://www.chezbatista.com/en/index.html","countryIso2":"SC","countryName":"Seychelles","hotelRating":"3","latitude":"-4.77832","longitude":"55.4945","state_id":4011,"state_name":"Puducherry","country_id":101},{"active":false,"Giataid":"234822","cityId":132830,"cityName":"Mahe","hotelId":20014155,"hotelName":"Pieds dans l'Eau","address":"Anse Royale,Mah?,Seychelles,Seychelles","phones":"+248430100","fax":"+248430110","email":"","url":"http://www.piedansleau.sc/","countryIso2":"SC","countryName":"Seychelles","hotelRating":"3","latitude":"-4.73332","longitude":"55.5167","state_id":4011,"state_name":"Puducherry","country_id":101},{"active":false,"Giataid":"23584","cityId":102911,"cityName":"Port Glaud","hotelId":20015508,"hotelName":"Villa Vanilla","address":"Port Glaud,Mah?,Seychelles","phones":"+2482617530","fax":"","email":"info@dovolena-seychely.cz","url":"http://dovolena-seychely.cz/en/index.php","countryIso2":"SC","countryName":"Seychelles","hotelRating":"0","latitude":"-4.66669","longitude":"55.4212","state_id":507,"state_name":"Port Glaud","country_id":197},{"active":false,"Giataid":"618330","cityId":102909,"cityName":"Bel Ombre","hotelId":20015805,"hotelName":"Villa Rousseau","address":"Bel Ombre,Mahe Island,Seychelles,Seychelles","phones":"+2484248437","fax":"","email":"alison@seychelles.net","url":"http://www.villarousseau.com","countryIso2":"SC","countryName":"Seychelles","hotelRating":"0","latitude":"-4.61987","longitude":"55.4171","state_id":505,"state_name":"Bel Ombre","country_id":197},{"active":false,"Giataid":"472149","cityId":132830,"cityName":"Mahe","hotelId":20016064,"hotelName":"The Station Retreat Hotel Seychelles","address":"Sans Souci Road,Mahe,Seychelles","phones":"+2484225709","fax":"","email":"welcome@thestationseychelles.com","url":"http://www.thestationseychelles.com/the-retreat-hotel.html","countryIso2":"SC","countryName":"Seychelles","hotelRating":"3","latitude":"-4.63966","longitude":"55.4535","state_id":4011,"state_name":"Puducherry","country_id":101},{"active":false,"Giataid":"671078","cityId":1533,"cityName":"Victoria","hotelId":20016343,"hotelName":"Chez Lorna","address":"7 Quincy Village,Victoria,Mahe Island,Seychelles","phones":"+2484241082","fax":"","email":"chezlorna@gmail.com","url":"http://www.chezlorna.com/","countryIso2":"SC","countryName":"Seychelles","hotelRating":"2","latitude":"-4.60235","longitude":"55.4583","state_id":3654,"state_name":"Entre Rios","country_id":11},{"active":false,"Giataid":"724475","cityId":132830,"cityName":"Mahe","hotelId":20016553,"hotelName":"The Drake Seaside Apartment","address":"Belombre,Mahe,Seychelles","phones":"+2482512074","fax":"","email":"danielle@email.sc","url":"http://www.thedrake-seaside.com","countryIso2":"SC","countryName":"Seychelles","hotelRating":"3","latitude":"-4.68548","longitude":"55.4727","state_id":4011,"state_name":"Puducherry","country_id":101},{"active":false,"Giataid":"514695","cityId":132830,"cityName":"Mahe","hotelId":20016654,"hotelName":"Chrisent Residence","address":"Beoliere Estate,Port-Glaud,Mahe Island,Seychelles","phones":"+2482529413","fax":"","email":"chrisentresidence@gmail.com","url":"http://www.chrisentresidence.com","countryIso2":"SC","countryName":"Seychelles","hotelRating":"3","latitude":"-4.67163","longitude":"55.4293","state_id":4011,"state_name":"Puducherry","country_id":101},{"active":false,"Giataid":"862820","cityId":132830,"cityName":"Mahe","hotelId":20369629,"hotelName":"Hillside Retreat","address":"Anse Au Poule Bleu,Baie Lazare,Mahe,Seychelles","phones":"","fax":"","email":"Info@hillsideretreat.net","url":"http://hillsideretreat.net/","countryIso2":"SC","countryName":"Seychelles","hotelRating":"3","latitude":"-4.68491","longitude":"55.4854","state_id":4011,"state_name":"Puducherry","country_id":101},{"active":false,"Giataid":"864655","cityId":132830,"cityName":"Mahe","hotelId":20369630,"hotelName":"Villa Kordia","address":"Point Au Sel,East Coast Road,Mahe Island,Seychelles","phones":"","fax":"","email":"info@villakordia.com","url":"http://www.villakordia.com/","countryIso2":"SC","countryName":"Seychelles","hotelRating":"3","latitude":"-4.72868","longitude":"55.5247","state_id":4011,"state_name":"Puducherry","country_id":101},{"active":false,"Giataid":"909076","cityId":132830,"cityName":"Mahe","hotelId":20369631,"hotelName":"Cabllero Luxury Villa","address":"Turtle Bay Estates,Au Cap,Mahe Island,Seychelles","phones":"","fax":"","email":"","url":"","countryIso2":"SC","countryName":"Seychelles","hotelRating":"0","latitude":"-4.68491","longitude":"55.4854","state_id":4011,"state_name":"Puducherry","country_id":101},{"active":false,"Giataid":"839354","cityId":132830,"cityName":"Mahe","hotelId":20369632,"hotelName":"Jessies Guest House","address":"Beau Vallon,Mahe,Seychelles","phones":"","fax":"","email":"","url":"","countryIso2":"SC","countryName":"Seychelles","hotelRating":"0","latitude":"-4.68491","longitude":"55.4854","state_id":4011,"state_name":"Puducherry","country_id":101},{"active":false,"Giataid":"860215","cityId":132830,"cityName":"Mahe","hotelId":20369634,"hotelName":"A Peace In Paradise","address":"Baie Lazare,Mahe Island,Seychelles","phones":"","fax":"","email":"","url":"","countryIso2":"SC","countryName":"Seychelles","hotelRating":"3","latitude":"-4.68491","longitude":"55.4854","state_id":4011,"state_name":"Puducherry","country_id":101},{"active":false,"Giataid":"864553","cityId":132830,"cityName":"Mahe","hotelId":20369635,"hotelName":"Row's Villa Self-Catering","address":"Off Bel Ombre Road,Beau Vallon,Mahe,Seychelles","phones":"+2484247262","fax":"","email":"","url":"http://www.rowsvilla.sc/en/home.html","countryIso2":"SC","countryName":"Seychelles","hotelRating":"3","latitude":"-4.68491","longitude":"55.4854","state_id":4011,"state_name":"Puducherry","country_id":101},{"active":false,"Giataid":"908837","cityId":132830,"cityName":"Mahe","hotelId":20369636,"hotelName":"Chepsted Chalets","address":"Sorento,Glacis,Mahe,Seychelles","phones":"+2482526003","fax":"","email":"chepstedchalet@gmail.com","url":"http://www.chepstedchalets.com","countryIso2":"SC","countryName":"Seychelles","hotelRating":"0","latitude":"-4.68491","longitude":"55.4854","state_id":4011,"state_name":"Puducherry","country_id":101},{"active":false,"Giataid":"758420","cityId":132830,"cityName":"Mahe","hotelId":20369637,"hotelName":"Moulin Kann Villas","address":"Anse Forbans,Mahe Island,Seychelles","phones":"","fax":"","email":"","url":"","countryIso2":"SC","countryName":"Seychelles","hotelRating":"4","latitude":"-4.78096","longitude":"55.5224","state_id":4011,"state_name":"Puducherry","country_id":101},{"active":false,"Giataid":"839401","cityId":102909,"cityName":"Bel Ombre","hotelId":20369639,"hotelName":"Ocean View Guest House","address":"Road Ocean,Bel Ombre,Seychelles","phones":"","fax":"","email":"","url":"","countryIso2":"SC","countryName":"Seychelles","hotelRating":"0","latitude":"-4.61806","longitude":"55.4127","state_id":505,"state_name":"Bel Ombre","country_id":197},{"active":false,"Giataid":"862835","cityId":132830,"cityName":"Mahe","hotelId":20369644,"hotelName":"Kaz Bulinger","address":"North Coast Road,Machabee,Mahe Island,Seychelles","phones":"","fax":"","email":"abseychelles@gmail.com","url":"http://www.kazbulinger.com/","countryIso2":"SC","countryName":"Seychelles","hotelRating":"3","latitude":"-4.56519","longitude":"55.444","state_id":4011,"state_name":"Puducherry","country_id":101},{"active":false,"Giataid":"867279","cityId":132830,"cityName":"Mahe","hotelId":20369645,"hotelName":"La Nature Apartments","address":"D'Offay Road,Aux Cap,Mahe Island,Seychelles","phones":"","fax":"","email":"","url":"","countryIso2":"SC","countryName":"Seychelles","hotelRating":"3","latitude":"-4.68491","longitude":"55.4854","state_id":4011,"state_name":"Puducherry","country_id":101},{"active":false,"Giataid":"857233","cityId":1533,"cityName":"Victoria","hotelId":20369646,"hotelName":"Tauchbasis - Underwater Center Dive Seychelles","address":"P.O. Box 384,Victoria,Mah?,Seychelles","phones":"+2484247165","fax":"","email":"divesey@seychelles.net","url":"http://www.diveseychelles.com.sc","countryIso2":"SC","countryName":"Seychelles","hotelRating":"0","latitude":"-4.62567","longitude":"55.4534","state_id":3654,"state_name":"Entre Rios","country_id":11},{"active":false,"Giataid":"749316","cityId":132830,"cityName":"Mahe","hotelId":20369647,"hotelName":"Oceanica Resort Seychelles","address":"North Coast Road,Mahe Island,Seychelles","phones":"","fax":"","email":"","url":"","countryIso2":"SC","countryName":"Seychelles","hotelRating":"3","latitude":"-4.58785","longitude":"55.4327","state_id":4011,"state_name":"Puducherry","country_id":101},{"active":false,"Giataid":"864083","cityId":132830,"cityName":"Mahe","hotelId":20369654,"hotelName":"Villa Lorizon - Mahe Island","address":"NA-Trois Soleil,Coromandel-Graviers,Pointe Au Sel,Petit Brule,9900 Mahe Island,Seychelles","phones":"","fax":"","email":"","url":"","countryIso2":"SC","countryName":"Seychelles","hotelRating":"3","latitude":"-4.72735","longitude":"55.5206","state_id":4011,"state_name":"Puducherry","country_id":101},{"active":false,"Giataid":"880942","cityId":132830,"cityName":"Mahe","hotelId":20369655,"hotelName":"Le Sansouci Guest House","address":"Sans Soucis Road,Victoria,PO Box 1234,Mah?,Seychelles","phones":"+2484255355","fax":"+2484225552","email":"info@lesansouci.com","url":"http://www.lesansouci.com/","countryIso2":"SC","countryName":"Seychelles","hotelRating":"0","latitude":"-4.68491","longitude":"55.4854","state_id":4011,"state_name":"Puducherry","country_id":101},{"active":false,"Giataid":"755321","cityId":132830,"cityName":"Mahe","hotelId":20369656,"hotelName":"Takamaka Green Village","address":"Takamaka,Mahe Island,Seychelles","phones":"+2484366199","fax":"","email":"","url":"http://www.takamakagreenvillage.com","countryIso2":"SC","countryName":"Seychelles","hotelRating":"3","latitude":"-4.7762","longitude":"55.4978","state_id":4011,"state_name":"Puducherry","country_id":101},{"active":false,"Giataid":"859342","cityId":132830,"cityName":"Mahe","hotelId":20369661,"hotelName":"Chez Payet Guesthouse","address":"Pointe La Rue,Mahe Island,Seychelles,Seychelles","phones":"","fax":"","email":"info@chezpayet-guesthouse.com","url":"http://www.chezpayet-guesthouse.com","countryIso2":"SC","countryName":"Seychelles","hotelRating":"2","latitude":"-4.68491","longitude":"55.4854","state_id":4011,"state_name":"Puducherry","country_id":101},{"active":false,"Giataid":"864543","cityId":132830,"cityName":"Mahe","hotelId":20369662,"hotelName":"Loversnest Self Catering","address":"Reef Estate s/n,Anse Aux Pins,Mahe Island,Seychelles","phones":"","fax":"","email":"","url":"","countryIso2":"SC","countryName":"Seychelles","hotelRating":"3","latitude":"-4.69078","longitude":"55.5178","state_id":4011,"state_name":"Puducherry","country_id":101},{"active":false,"Giataid":"899997","cityId":132830,"cityName":"Mahe","hotelId":20369663,"hotelName":"Villa Karibu","address":"Au Cap,Mahe Island,Seychelles,Seychelles","phones":"","fax":"","email":"","url":"","countryIso2":"SC","countryName":"Seychelles","hotelRating":"0","latitude":"-4.68491","longitude":"55.4854","state_id":4011,"state_name":"Puducherry","country_id":101},{"active":false,"Giataid":"757930","cityId":132830,"cityName":"Mahe","hotelId":20369664,"hotelName":"Mouggae Blues Villas","address":"North Coast Road,Mahe,Seychelles,Mahe Island,Seychelles","phones":"","fax":"","email":"","url":"http://www.mouggaeblues.com","countryIso2":"SC","countryName":"Seychelles","hotelRating":"3","latitude":"-4.68491","longitude":"55.4854","state_id":4011,"state_name":"Puducherry","country_id":101},{"active":false,"Giataid":"862829","cityId":132830,"cityName":"Mahe","hotelId":20369667,"hotelName":"Villa Luana Yuna","address":"Au Cap,Mahe,Seychelles","phones":"","fax":"","email":"info@villaluanayuna.com","url":"http://www.villaluanayuna.com/","countryIso2":"SC","countryName":"Seychelles","hotelRating":"3","latitude":"-4.68491","longitude":"55.4854","state_id":4011,"state_name":"Puducherry","country_id":101},{"active":false,"Giataid":"866508","cityId":132830,"cityName":"Mahe","hotelId":20369668,"hotelName":"Ocean Spray","address":"North East Point,Anse Etoile,Mahe,Seychelles","phones":"","fax":"","email":"","url":"","countryIso2":"SC","countryName":"Seychelles","hotelRating":"3","latitude":"-4.57572","longitude":"55.4553","state_id":4011,"state_name":"Puducherry","country_id":101},{"active":false,"Giataid":"746781","cityId":132830,"cityName":"Mahe","hotelId":20369669,"hotelName":"Royale Panorama View Apartment","address":"Enforcement Anse Royale,Jardin Du Roi,Mahe,Seychelles","phones":"","fax":"","email":"","url":"","countryIso2":"SC","countryName":"Seychelles","hotelRating":"3","latitude":"-4.74044","longitude":"55.5092","state_id":4011,"state_name":"Puducherry","country_id":101},{"active":false,"Giataid":"728511","cityId":132830,"cityName":"Mahe","hotelId":20369671,"hotelName":"Felicie Cottage & Residence","address":"Pointe Au Sel,Mah?,PO Box 988,Seychelles","phones":"","fax":"+2483717111","email":"anonyme@seychelles.net","url":"http://www.seychellesselfcatering.com","countryIso2":"SC","countryName":"Seychelles","hotelRating":"3","latitude":"-4.72733","longitude":"55.5205","state_id":4011,"state_name":"Puducherry","country_id":101},{"active":false,"Giataid":"862873","cityId":132830,"cityName":"Mahe","hotelId":20369675,"hotelName":"Carpe Diem","address":"Hangard Road,Anse Etoile,Mahe,Seychelles","phones":"","fax":"","email":"","url":"","countryIso2":"SC","countryName":"Seychelles","hotelRating":"0","latitude":"-4.594","longitude":"55.4545","state_id":4011,"state_name":"Puducherry","country_id":101},{"active":false,"Giataid":"878927","cityId":132830,"cityName":"Mahe","hotelId":20369676,"hotelName":"Villa Verdure","address":"Reef Estate,Anse Aux Pins,Mahe Island 00248,Seychelles","phones":"","fax":"","email":"","url":"http://www.hotels.com/ho801969664","countryIso2":"SC","countryName":"Seychelles","hotelRating":"0","latitude":"-4.68491","longitude":"55.4854","state_id":4011,"state_name":"Puducherry","country_id":101},{"active":false,"Giataid":"750201","cityId":132830,"cityName":"Mahe","hotelId":20369677,"hotelName":"Spas Villas Machabee","address":"Machabee,Glacis,Mahe Island,Seychelles","phones":"","fax":"","email":"","url":"","countryIso2":"SC","countryName":"Seychelles","hotelRating":"3","latitude":"-4.68491","longitude":"55.4854","state_id":4011,"state_name":"Puducherry","country_id":101},{"active":false,"Giataid":"862825","cityId":132830,"cityName":"Mahe","hotelId":20369681,"hotelName":"Shanaz Beachside Retreat","address":"Anse Royale,Mahe,Seychelles","phones":"+2484373984","fax":"","email":"reservation@shanazbeachsideretreat.com","url":"http://www.shanazbeachsideretreat.com/","countryIso2":"SC","countryName":"Seychelles","hotelRating":"3","latitude":"-4.68491","longitude":"55.4854","state_id":4011,"state_name":"Puducherry","country_id":101},{"active":false,"Giataid":"864722","cityId":132830,"cityName":"Mahe","hotelId":20369682,"hotelName":"Susara's Residence","address":"Beau Vallon Beach,Mahe Island,Seychelles","phones":"","fax":"","email":"","url":"","countryIso2":"SC","countryName":"Seychelles","hotelRating":"3","latitude":"-4.68491","longitude":"55.4854","state_id":4011,"state_name":"Puducherry","country_id":101},{"active":false,"Giataid":"937566","cityId":132830,"cityName":"Mahe","hotelId":20369683,"hotelName":"Residence Argine","address":"East Coast Road,Au Cap,Victoria,Mahe Island,Seychelles","phones":"","fax":"","email":"","url":"http://www.residence-argine.apartments","countryIso2":"SC","countryName":"Seychelles","hotelRating":"0","latitude":"-4.68491","longitude":"55.4854","state_id":4011,"state_name":"Puducherry","country_id":101},{"active":false,"Giataid":"956799","cityId":1533,"cityName":"Victoria","hotelId":20418314,"hotelName":"Cerf Sanctuary","address":"Ile-Au-Cerf,Victoria,Seychelles","phones":"","fax":"","email":"cerfsanctuary@gmail.com","url":"http://www.cerfsanctuary.com","countryIso2":"SC","countryName":"Seychelles","hotelRating":"1","latitude":"-4.63823","longitude":"55.4555","state_id":3654,"state_name":"Entre Rios","country_id":11},{"active":false,"Giataid":"946622","cityId":132830,"cityName":"Mahe","hotelId":20418318,"hotelName":"Beau Sejour Hotel & Apartments","address":"Curio Road,Bel Air,Mahe Island,Seychelles","phones":"","fax":"","email":"","url":"","countryIso2":"SC","countryName":"Seychelles","hotelRating":"1","latitude":"-4.68491","longitude":"55.4854","state_id":4011,"state_name":"Puducherry","country_id":101},{"active":false,"Giataid":"946515","cityId":102911,"cityName":"Port Glaud","hotelId":20418325,"hotelName":"Gigi's Self Catering Apartments","address":"Port Glaud,Mahe Island,Seychelles","phones":"","fax":"","email":"","url":"","countryIso2":"SC","countryName":"Seychelles","hotelRating":"1","latitude":"-4.66612","longitude":"55.4192","state_id":507,"state_name":"Port Glaud","country_id":197},{"active":false,"Giataid":"946653","cityId":1533,"cityName":"Victoria","hotelId":20418327,"hotelName":"Villa Christina","address":"Montagne Posse,Victoria,Mont Fleuri,Mah? Island,Seychelles","phones":"","fax":"","email":"","url":"","countryIso2":"SC","countryName":"Seychelles","hotelRating":"1","latitude":"-4.63823","longitude":"55.4555","state_id":3654,"state_name":"Entre Rios","country_id":11},{"active":false,"Giataid":"946561","cityId":102911,"cityName":"Port Glaud","hotelId":20418338,"hotelName":"Villa Mille Soleil","address":"Souvenir Road,La Misere,Port Glaud,Mahe,Seychelles","phones":"","fax":"","email":"","url":"","countryIso2":"SC","countryName":"Seychelles","hotelRating":"1","latitude":"-4.6699","longitude":"55.4628","state_id":507,"state_name":"Port Glaud","country_id":197},{"active":false,"Giataid":"946928","cityId":102909,"cityName":"Bel Ombre","hotelId":20418342,"hotelName":"Surfers Cove","address":"Bel Ombre,Mahe Island,Seychelles","phones":"","fax":"","email":"surferscove.sez@gmail.com","url":"http://www.surferscove.sc/","countryIso2":"SC","countryName":"Seychelles","hotelRating":"1","latitude":"-4.61826","longitude":"55.417","state_id":505,"state_name":"Bel Ombre","country_id":197},{"active":false,"Giataid":"946992","cityId":1533,"cityName":"Victoria","hotelId":20418344,"hotelName":"Au Cap Self Catering Guest House","address":"PO Box 969,Victoria,Mahe,Seychelles","phones":"","fax":"+2484373988","email":"rvel@seychelles.net","url":"http://www.aucapselfcatering.sc/","countryIso2":"SC","countryName":"Seychelles","hotelRating":"1","latitude":"-4.70463","longitude":"55.5174","state_id":3654,"state_name":"Entre Rios","country_id":11},{"active":false,"Giataid":"995579","cityId":132830,"cityName":"Mahe","hotelId":20439015,"hotelName":"Blue Horizon Villas","address":"East Coast Road,Mahe Island,Seychelles","phones":"","fax":"","email":"","url":"","countryIso2":"SC","countryName":"Seychelles","hotelRating":"1","latitude":"-4.68491","longitude":"55.4854","state_id":4011,"state_name":"Puducherry","country_id":101}]