[{"active":false,"Giataid":"10423","cityId":66801,"cityName":"Luxembourg","hotelId":10423,"hotelName":"City Hotel","address":"1 Rue de Strasbourg,Coin Avenue de la Libert?,PO Box 2126,1021 Luxembourg,Luxembourg","phones":"+352291122","fax":"+352291133","email":"","url":"","countryIso2":"LU","countryName":"Luxembourg","hotelRating":"4","latitude":"49.6015","longitude":"6.13264","state_id":1527,"state_name":"Canton of Luxembourg","country_id":127},{"active":false,"Giataid":"12122","cityId":66801,"cityName":"Luxembourg","hotelId":12122,"hotelName":"Empire","address":"34, Place de la Gare,1616 Luxembourg,Luxembourg","phones":"+352485252","fax":"+352491937","email":"info@empire.lu","url":"http://www.empire.lu","countryIso2":"LU","countryName":"Luxembourg","hotelRating":"3","latitude":"49.5996","longitude":"6.13284","state_id":1527,"state_name":"Canton of Luxembourg","country_id":127},{"active":false,"Giataid":"13465","cityId":66801,"cityName":"Luxembourg","hotelId":13465,"hotelName":"Mercure Grand Hotel Alfa Luxembourg","address":"Place de la gare 16,1616 Luxembourg,Luxembourg","phones":"+3524900111","fax":"+352490009","email":"H2058@accor-hotels.com","url":"http://www.mercure.com/mercure/fichehotel/de/mer/2058/fiche_hotel.shtml","countryIso2":"LU","countryName":"Luxembourg","hotelRating":"4","latitude":"49.6006","longitude":"6.13299","state_id":1527,"state_name":"Canton of Luxembourg","country_id":127},{"active":false,"Giataid":"14876","cityId":66801,"cityName":"Luxembourg","hotelId":14876,"hotelName":"Best Western Hotel International","address":"20-22 Place de la Gare,1616 Luxemburg,Luxembourg","phones":"+352485911","fax":"+352493227","email":"info@hotelinter.lu","url":"http://book.bestwestern.com/bestwestern/productInfo.do?iata=&amp;promoCode=&amp;corpID=&amp;propertyCode=92613","countryIso2":"LU","countryName":"Luxembourg","hotelRating":"4","latitude":"49.6005","longitude":"6.13317","state_id":1527,"state_name":"Canton of Luxembourg","country_id":127},{"active":false,"Giataid":"16153","cityId":66801,"cityName":"Luxembourg","hotelId":16153,"hotelName":"Le Royal Luxembourg","address":"12 Boulevard Royal,2449 Luxembourg,Luxembourg","phones":"+3522416161","fax":"+352225948","email":"reservations@leroyalluxembourg.com","url":"http://www.hotelroyal.lu","countryIso2":"LU","countryName":"Luxembourg","hotelRating":"5","latitude":"49.6137","longitude":"6.12652","state_id":1527,"state_name":"Canton of Luxembourg","country_id":127},{"active":false,"Giataid":"17334","cityId":66801,"cityName":"Luxembourg","hotelId":17334,"hotelName":"Ibis Styles Luxembourg Centre Gare Hotel","address":"Rue Joseph Junck 30,1839 Luxembourg,Luxembourg","phones":"+352492496","fax":"+352492109","email":"H1458@accor.com","url":"http://www.mercure.com/mercure/fichehotel/gb/mer/1458/fiche_hotel.shtml","countryIso2":"LU","countryName":"Luxembourg","hotelRating":"3","latitude":"49.6007","longitude":"6.131","state_id":1527,"state_name":"Canton of Luxembourg","country_id":127},{"active":false,"Giataid":"18064","cityId":66801,"cityName":"Luxembourg","hotelId":18064,"hotelName":"Novotel Luxembourg Kirchberg","address":"6 Rue Fort Niedergr?newald,Quartier Europ?en Nord,Plateau de Kirchberg,2226 Luxemburg,Luxembourg","phones":"+3524298481","fax":"+352438658","email":"H1930@accor.com","url":"http://www.novotel.com/fichehotel/de/nov/1930/fiche_hotel.shtml","countryIso2":"LU","countryName":"Luxembourg","hotelRating":"4","latitude":"49.621","longitude":"6.1456","state_id":1527,"state_name":"Canton of Luxembourg","country_id":127},{"active":false,"Giataid":"18715","cityId":66801,"cityName":"Luxembourg","hotelId":18715,"hotelName":"Parc Plaza","address":"5 Avenue Marie-Th?r?se,2132 Luxembourg,Luxembourg","phones":"+3524561411","fax":"+352456141222","email":"reception.plaza@goeres-group.com","url":"http://www.parcplaza.lu/uk/acces.htm","countryIso2":"LU","countryName":"Luxembourg","hotelRating":"3","latitude":"49.6073","longitude":"6.12257","state_id":1527,"state_name":"Canton of Luxembourg","country_id":127},{"active":false,"Giataid":"31721","cityId":66801,"cityName":"Luxembourg","hotelId":31721,"hotelName":"DoubleTree by Hilton Hotel Luxembourg","address":"12 Rue Jean Engling,1466 Luxembourg,Luxembourg","phones":"+35243781","fax":"","email":"","url":"http://www.hilton.de/luxembourg","countryIso2":"LU","countryName":"Luxembourg","hotelRating":"4","latitude":"49.64","longitude":"6.14739","state_id":1527,"state_name":"Canton of Luxembourg","country_id":127},{"active":false,"Giataid":"36464","cityId":66761,"cityName":"Echternach","hotelId":36464,"hotelName":"Romantik Hotel Bel-Air Sport & Wellness","address":"1 Route de Berdorf,6409 Echternach,Luxembourg","phones":"+352729383","fax":"+352728694","email":"","url":"","countryIso2":"LU","countryName":"Luxembourg","hotelRating":"4","latitude":"49.8201","longitude":"6.39494","state_id":1515,"state_name":"Canton of Echternach","country_id":127},{"active":false,"Giataid":"36465","cityId":66749,"cityName":"Clervaux","hotelId":36465,"hotelName":"International","address":"Grand Rue 10,9710 Clerveux,Luxembourg","phones":"+352929391","fax":"+352920492","email":"mail@interclervaux.lu","url":"http://www.interclervaux.lu/default.aspx?lang=de","countryIso2":"LU","countryName":"Luxembourg","hotelRating":"4","latitude":"50.0561","longitude":"6.02846","state_id":1521,"state_name":"Canton of Clervaux","country_id":127},{"active":false,"Giataid":"36466","cityId":66827,"cityName":"Remich","hotelId":36466,"hotelName":"Saint Nicolas","address":"Esplanade 31,5533 Remich-sur-Moselle,Luxemburg,Luxembourg","phones":"+35226663","fax":"+35226663666","email":"hotel@pt.lu","url":"http://www.saint-nicolas.lu/hotel/","countryIso2":"LU","countryName":"Luxembourg","hotelRating":"4","latitude":"49.545","longitude":"6.37062","state_id":1519,"state_name":"Canton of Remich","country_id":127},{"active":false,"Giataid":"36629","cityId":66801,"cityName":"Luxembourg","hotelId":36629,"hotelName":"Central Molitor Luxembourg","address":"Avenue De La Liberte 28,1930 Luxembourg,Luxembourg","phones":"+352489911","fax":"+352483382","email":"reservations@goldentulipcentralmolitor.com","url":"http://www.goldentulipcentralmolitor.com","countryIso2":"LU","countryName":"Luxembourg","hotelRating":"4","latitude":"49.6043","longitude":"6.13018","state_id":1527,"state_name":"Canton of Luxembourg","country_id":127},{"active":false,"Giataid":"36630","cityId":66801,"cityName":"Luxembourg","hotelId":36630,"hotelName":"Hotel Parc Belle-Vue","address":"Avenue Marie-Th?r?se 5,2132 Luxembourg,Luxembourg","phones":"+3524561411","fax":"+352456141222","email":"reception.bellevue@goeres-group.com","url":"http://www.parcbellevue.lu/fr/index.php","countryIso2":"LU","countryName":"Luxembourg","hotelRating":"3","latitude":"49.6075","longitude":"6.12276","state_id":1527,"state_name":"Canton of Luxembourg","country_id":127},{"active":false,"Giataid":"37417","cityId":66801,"cityName":"Luxembourg","hotelId":37417,"hotelName":"President","address":"Place de la Gare 32,1024 Luxembourg,Luxembourg","phones":"+352486161","fax":"","email":"","url":"","countryIso2":"LU","countryName":"Luxembourg","hotelRating":"4","latitude":"49.5998","longitude":"6.13303","state_id":1527,"state_name":"Canton of Luxembourg","country_id":127},{"active":false,"Giataid":"47201","cityId":66801,"cityName":"Luxembourg","hotelId":47201,"hotelName":"Sofitel Luxembourg Europe","address":"Rue du Fort Niedergrunewald 4,Quartier Europ?en Nord,Plateau de Kirchberg,2015 Luxembourg,Luxembourg","phones":"+352437761","fax":"+352425091","email":"H1314@sofitel.com","url":"http://www.sofitel.com/sofitel/fichehotel/gb/sof/1314/fiche_hotel.shtml","countryIso2":"LU","countryName":"Luxembourg","hotelRating":"5","latitude":"49.6206","longitude":"6.14403","state_id":1527,"state_name":"Canton of Luxembourg","country_id":127},{"active":false,"Giataid":"127137","cityId":66827,"cityName":"Remich","hotelId":127137,"hotelName":"Domaine La Foret","address":"","phones":"","fax":"","email":"","url":"","countryIso2":"LU","countryName":"Luxembourg","hotelRating":"4","latitude":"49.5478","longitude":"6.35813","state_id":1519,"state_name":"Canton of Remich","country_id":127},{"active":false,"Giataid":"127138","cityId":66749,"cityName":"Clervaux","hotelId":127138,"hotelName":"Des Nations","address":"29 Rue de la Gare,9707 Clervaux,Luxembourg","phones":"","fax":"","email":"","url":"","countryIso2":"LU","countryName":"Luxembourg","hotelRating":"3","latitude":"50.0614","longitude":"6.02421","state_id":1521,"state_name":"Canton of Clervaux","country_id":127},{"active":false,"Giataid":"128772","cityId":66760,"cityName":"Dudelange","hotelId":128772,"hotelName":"Hotel Restaurant Cottage","address":"10 Rue Auguste Liesch,3474 Dudelange,Luxembourg","phones":"+352520591","fax":"","email":"","url":"","countryIso2":"LU","countryName":"Luxembourg","hotelRating":"3","latitude":"49.4764","longitude":"6.08278","state_id":1517,"state_name":"Canton of Esch-sur-Alzette","country_id":127},{"active":false,"Giataid":"128773","cityId":66863,"cityName":"Wiltz","hotelId":128773,"hotelName":"Aux Anciennes Tanneries Sarl","address":"","phones":"","fax":"","email":"","url":"","countryIso2":"LU","countryName":"Luxembourg","hotelRating":"3","latitude":"49.9706","longitude":"5.93169","state_id":1526,"state_name":"Canton of Wiltz","country_id":127},{"active":false,"Giataid":"132679","cityId":66801,"cityName":"Luxembourg","hotelId":132679,"hotelName":"Alvisse Parc","address":"Route de Echternach, 120,1453 Luxembourg,Luxembourg","phones":"+3524356430","fax":"+352436903","email":"info@parc-hotel.lu","url":"http://www.parc-hotel.lu/","countryIso2":"LU","countryName":"Luxembourg","hotelRating":"4","latitude":"49.6399","longitude":"6.15407","state_id":1527,"state_name":"Canton of Luxembourg","country_id":127},{"active":false,"Giataid":"132680","cityId":66801,"cityName":"Luxembourg","hotelId":132680,"hotelName":"ibis Luxembourg Sud","address":"Rue de Turi,3378 Livange,Luxembourg","phones":"+352265201","fax":"+35226522929","email":"H5587@accor.com","url":"http://www.accorhotels.com/de/hotel-5587-ibis-luxembourg-sud/index.shtml","countryIso2":"LU","countryName":"Luxembourg","hotelRating":"3","latitude":"49.5325","longitude":"6.11189","state_id":1527,"state_name":"Canton of Luxembourg","country_id":127},{"active":false,"Giataid":"183107","cityId":66749,"cityName":"Clervaux","hotelId":183107,"hotelName":"Chateau d'Urspelt","address":"Am Schlass,9774 Urspelt,Luxembourg","phones":"+35226905610","fax":"+35226905611","email":"info@chateau-urspelt.lu","url":"http://www.chateau-urspelt.lu/","countryIso2":"LU","countryName":"Luxembourg","hotelRating":"4","latitude":"50.0765","longitude":"6.04598","state_id":1521,"state_name":"Canton of Clervaux","country_id":127},{"active":false,"Giataid":"184438","cityId":66761,"cityName":"Echternach","hotelId":184438,"hotelName":"Auberge Au Vieux Moulin","address":"","phones":"","fax":"","email":"","url":"","countryIso2":"LU","countryName":"Luxembourg","hotelRating":"1","latitude":"49.8137","longitude":"6.41573","state_id":1515,"state_name":"Canton of Echternach","country_id":127},{"active":false,"Giataid":"184442","cityId":66853,"cityName":"Vianden","hotelId":184442,"hotelName":"Auberge Aal Veinen","address":"","phones":"","fax":"","email":"","url":"","countryIso2":"LU","countryName":"Luxembourg","hotelRating":"3","latitude":"49.9341","longitude":"6.20175","state_id":1523,"state_name":"Canton of Vianden","country_id":127},{"active":false,"Giataid":"184444","cityId":66853,"cityName":"Vianden","hotelId":184444,"hotelName":"Collette","address":"","phones":"","fax":"","email":"","url":"","countryIso2":"LU","countryName":"Luxembourg","hotelRating":"1","latitude":"49.9337","longitude":"6.20742","state_id":1523,"state_name":"Canton of Vianden","country_id":127},{"active":false,"Giataid":"184443","cityId":66749,"cityName":"Clervaux","hotelId":184443,"hotelName":"Koener","address":"14 Grand-Rue,9710 Clervaux,Luxembourg","phones":"","fax":"","email":"","url":"","countryIso2":"LU","countryName":"Luxembourg","hotelRating":"3","latitude":"50.0533","longitude":"6.03168","state_id":1521,"state_name":"Canton of Clervaux","country_id":127},{"active":false,"Giataid":"184446","cityId":66743,"cityName":"Bourscheid","hotelId":184446,"hotelName":"Cocoon Hotel La Rive","address":"Rue Buurschter Plage,9164 Bourscheid,Luxembourg","phones":"","fax":"","email":"","url":"","countryIso2":"LU","countryName":"Luxembourg","hotelRating":"4","latitude":"49.911","longitude":"6.08262","state_id":1513,"state_name":"Canton of Diekirch","country_id":127},{"active":false,"Giataid":"184447","cityId":66743,"cityName":"Bourscheid","hotelId":184447,"hotelName":"Cocoon Belair","address":"Rue Buurschter Plage","phones":"","fax":"","email":"","url":"","countryIso2":"LU","countryName":"Luxembourg","hotelRating":"4","latitude":"49.9087","longitude":"6.08086","state_id":1513,"state_name":"Canton of Diekirch","country_id":127},{"active":false,"Giataid":"184448","cityId":66743,"cityName":"Bourscheid","hotelId":184448,"hotelName":"Saint Fiacre","address":"4 Groussgaass","phones":"","fax":"","email":"","url":"","countryIso2":"LU","countryName":"Luxembourg","hotelRating":"3","latitude":"49.9072","longitude":"6.06043","state_id":1513,"state_name":"Canton of Diekirch","country_id":127},{"active":false,"Giataid":"184449","cityId":66829,"cityName":"Roeser","hotelId":184449,"hotelName":"Re'Serstuff","address":"","phones":"","fax":"","email":"","url":"","countryIso2":"LU","countryName":"Luxembourg","hotelRating":"3","latitude":"49.5418","longitude":"6.146","state_id":1517,"state_name":"Canton of Esch-sur-Alzette","country_id":127},{"active":false,"Giataid":"187957","cityId":66801,"cityName":"Luxembourg","hotelId":187957,"hotelName":"Melia Luxembourg","address":"1 Park Dr?i Eechelen,1499 Luxembourg,Luxembourg","phones":"+352273331","fax":"+35227333999","email":"melia.luxembourg@solmelia.com","url":"http://www.melia-luxembourg.com/en/melia-luxemburgo.html","countryIso2":"LU","countryName":"Luxembourg","hotelRating":"4","latitude":"49.6194","longitude":"6.14716","state_id":1527,"state_name":"Canton of Luxembourg","country_id":127},{"active":false,"Giataid":"204698","cityId":66801,"cityName":"Luxembourg","hotelId":204698,"hotelName":"Apart2stay","address":"12-14 Rue De Reims,2417 Luxembourg,Luxembourg","phones":"","fax":"","email":"","url":"","countryIso2":"LU","countryName":"Luxembourg","hotelRating":"3","latitude":"49.6001","longitude":"6.13115","state_id":1527,"state_name":"Canton of Luxembourg","country_id":127},{"active":false,"Giataid":"205473","cityId":66853,"cityName":"Vianden","hotelId":205473,"hotelName":"Auberge De L'Our","address":"35 Rue de la Gare,9420 Vianden,Luxembourg","phones":"","fax":"","email":"","url":"","countryIso2":"LU","countryName":"Luxembourg","hotelRating":"3","latitude":"49.934","longitude":"6.20789","state_id":1523,"state_name":"Canton of Vianden","country_id":127},{"active":false,"Giataid":"206493","cityId":66801,"cityName":"Luxembourg","hotelId":206493,"hotelName":"Bristol","address":"11 Rue de Strasbourg,2561 Luxemburg City,Luxembourg","phones":"+352485829","fax":"","email":"","url":"","countryIso2":"LU","countryName":"Luxembourg","hotelRating":"2","latitude":"49.6013","longitude":"6.13172","state_id":1527,"state_name":"Canton of Luxembourg","country_id":127},{"active":false,"Giataid":"206868","cityId":66801,"cityName":"Luxembourg","hotelId":206868,"hotelName":"Carlton","address":"7-9 rue de Strasbourg,2561 Luxembourg,Luxembourg","phones":"","fax":"","email":"","url":"","countryIso2":"LU","countryName":"Luxembourg","hotelRating":"3","latitude":"49.6013","longitude":"6.13204","state_id":1527,"state_name":"Canton of Luxembourg","country_id":127},{"active":false,"Giataid":"208293","cityId":66827,"cityName":"Remich","hotelId":208293,"hotelName":"Des Vignes","address":"29 Route De Mondorf","phones":"","fax":"","email":"","url":"","countryIso2":"LU","countryName":"Luxembourg","hotelRating":"3","latitude":"49.5441","longitude":"6.35831","state_id":1519,"state_name":"Canton of Remich","country_id":127},{"active":false,"Giataid":"208528","cityId":66761,"cityName":"Echternach","hotelId":208528,"hotelName":"du Commerce","address":"16 Place du March?,6460 Echternach,Luxembourg","phones":"","fax":"","email":"","url":"","countryIso2":"LU","countryName":"Luxembourg","hotelRating":"1","latitude":"49.8124","longitude":"6.42051","state_id":1515,"state_name":"Canton of Echternach","country_id":127},{"active":false,"Giataid":"208686","cityId":66761,"cityName":"Echternach","hotelId":208686,"hotelName":"Eden au Lac","address":"","phones":"","fax":"","email":"","url":"","countryIso2":"LU","countryName":"Luxembourg","hotelRating":"5","latitude":"49.8042","longitude":"6.40503","state_id":1515,"state_name":"Canton of Echternach","country_id":127},{"active":false,"Giataid":"209397","cityId":66801,"cityName":"Luxembourg","hotelId":209397,"hotelName":"Francais","address":"14 Place d'Armes,1136 Luxemburg City,Luxembourg","phones":"","fax":"","email":"","url":"","countryIso2":"LU","countryName":"Luxembourg","hotelRating":"3","latitude":"49.6116","longitude":"6.12906","state_id":1527,"state_name":"Canton of Luxembourg","country_id":127},{"active":false,"Giataid":"209889","cityId":66749,"cityName":"Clervaux","hotelId":209889,"hotelName":"Golf Hotel Le Claravallis","address":"3 Rue de la Gare,9707 Clervaux,Luxembourg","phones":"","fax":"","email":"","url":"","countryIso2":"LU","countryName":"Luxembourg","hotelRating":"3","latitude":"50.0597","longitude":"6.0237","state_id":1521,"state_name":"Canton of Clervaux","country_id":127},{"active":false,"Giataid":"209961","cityId":66853,"cityName":"Vianden","hotelId":209961,"hotelName":"Grand Hotel de Vianden","address":"6 Rue de la Gare,9420 Vianden,Luxembourg","phones":"","fax":"","email":"","url":"","countryIso2":"LU","countryName":"Luxembourg","hotelRating":"3","latitude":"49.9342","longitude":"6.21024","state_id":1523,"state_name":"Canton of Vianden","country_id":127},{"active":false,"Giataid":"211385","cityId":66765,"cityName":"Esch-sur-Alzette","hotelId":211385,"hotelName":"Acacia","address":"10 Rue de la Lib?ration,4005 Esch-sur-Alzette,Luxembourg","phones":"","fax":"","email":"","url":"","countryIso2":"LU","countryName":"Luxembourg","hotelRating":"3","latitude":"49.4933","longitude":"5.98176","state_id":1517,"state_name":"Canton of Esch-sur-Alzette","country_id":127},{"active":false,"Giataid":"212090","cityId":66801,"cityName":"Luxembourg","hotelId":212090,"hotelName":"Key Inn Belair","address":"","phones":"","fax":"","email":"","url":"","countryIso2":"LU","countryName":"Luxembourg","hotelRating":"4","latitude":"49.607","longitude":"6.11808","state_id":1527,"state_name":"Canton of Luxembourg","country_id":127},{"active":false,"Giataid":"212907","cityId":66801,"cityName":"Luxembourg","hotelId":212907,"hotelName":"Le Fort Reinsheim","address":"41 Route d'Esch,1470 Luxemburg City,Luxembourg","phones":"","fax":"","email":"","url":"","countryIso2":"LU","countryName":"Luxembourg","hotelRating":"3","latitude":"49.6037","longitude":"6.12091","state_id":1527,"state_name":"Canton of Luxembourg","country_id":127},{"active":false,"Giataid":"213190","cityId":66801,"cityName":"Luxembourg","hotelId":213190,"hotelName":"Maho Rive Droite","address":"2 Place Sainte-Cun?gonde,2118 Luxemburg City,Luxembourg","phones":"","fax":"","email":"","url":"","countryIso2":"LU","countryName":"Luxembourg","hotelRating":"4","latitude":"49.6148","longitude":"6.14263","state_id":1527,"state_name":"Canton of Luxembourg","country_id":127},{"active":false,"Giataid":"215505","cityId":66801,"cityName":"Luxembourg","hotelId":215505,"hotelName":"Piemont","address":"56 Route d'Esch,1470 Luxembourg,Luxembourg","phones":"","fax":"","email":"","url":"","countryIso2":"LU","countryName":"Luxembourg","hotelRating":"4","latitude":"49.6023","longitude":"6.1202","state_id":1527,"state_name":"Canton of Luxembourg","country_id":127},{"active":false,"Giataid":"217097","cityId":66853,"cityName":"Vianden","hotelId":217097,"hotelName":"Restaurant Belvedere","address":"Route de Diekirch 4,9409 Vianden,Luxembourg","phones":"+35226874244","fax":"","email":"","url":"","countryIso2":"LU","countryName":"Luxembourg","hotelRating":"4","latitude":"49.9314","longitude":"6.20184","state_id":1523,"state_name":"Canton of Vianden","country_id":127},{"active":false,"Giataid":"217357","cityId":66801,"cityName":"Luxembourg","hotelId":217357,"hotelName":"Rix","address":"","phones":"","fax":"","email":"","url":"","countryIso2":"LU","countryName":"Luxembourg","hotelRating":"1","latitude":"49.6146","longitude":"6.14316","state_id":1527,"state_name":"Canton of Luxembourg","country_id":127},{"active":false,"Giataid":"218064","cityId":66801,"cityName":"Luxembourg","hotelId":218064,"hotelName":"Simoncini","address":"6 Rue Notre-Dame,2450 Luxemburg City,Luxembourg","phones":"","fax":"","email":"","url":"","countryIso2":"LU","countryName":"Luxembourg","hotelRating":"3","latitude":"49.61","longitude":"6.12976","state_id":1527,"state_name":"Canton of Luxembourg","country_id":127},{"active":false,"Giataid":"218729","cityId":66765,"cityName":"Esch-sur-Alzette","hotelId":218729,"hotelName":"Terra Nomis","address":"","phones":"","fax":"","email":"","url":"","countryIso2":"LU","countryName":"Luxembourg","hotelRating":"1","latitude":"49.5045","longitude":"5.98761","state_id":1517,"state_name":"Canton of Esch-sur-Alzette","country_id":127},{"active":false,"Giataid":"220893","cityId":66801,"cityName":"Luxembourg","hotelId":220893,"hotelName":"Yasha","address":"27 Rue Joseph Junck,1839 Luxembourg District,Luxembourg","phones":"","fax":"","email":"","url":"","countryIso2":"LU","countryName":"Luxembourg","hotelRating":"3","latitude":"49.6007","longitude":"6.1308","state_id":1527,"state_name":"Canton of Luxembourg","country_id":127},{"active":false,"Giataid":"220991","cityId":66801,"cityName":"Luxembourg","hotelId":220991,"hotelName":"Hotel Zurich","address":"36 Rue Joseph Junck,1839 Luxembourg,Luxembourg","phones":"","fax":"","email":"","url":"","countryIso2":"LU","countryName":"Luxembourg","hotelRating":"2","latitude":"49.6007","longitude":"6.13121","state_id":1527,"state_name":"Canton of Luxembourg","country_id":127},{"active":false,"Giataid":"221105","cityId":66801,"cityName":"Luxembourg","hotelId":221105,"hotelName":"Alzinn","address":"2 Rue Nicolas Wester,5836 Alzingen,Luxembourg","phones":"","fax":"","email":"","url":"","countryIso2":"LU","countryName":"Luxembourg","hotelRating":"4","latitude":"49.5653","longitude":"6.16141","state_id":1527,"state_name":"Canton of Luxembourg","country_id":127},{"active":false,"Giataid":"221240","cityId":66863,"cityName":"Wiltz","hotelId":221240,"hotelName":"Auberge Eislecker Stuff","address":"","phones":"","fax":"","email":"","url":"","countryIso2":"LU","countryName":"Luxembourg","hotelRating":"2","latitude":"50.0107","longitude":"5.8821","state_id":1526,"state_name":"Canton of Wiltz","country_id":127},{"active":false,"Giataid":"221319","cityId":66757,"cityName":"Diekirch","hotelId":221319,"hotelName":"Beau Sejour","address":"12 Rue Esplanade,9227 Diekirch,Luxembourg","phones":"","fax":"","email":"","url":"","countryIso2":"LU","countryName":"Luxembourg","hotelRating":"3","latitude":"49.87","longitude":"6.15926","state_id":1513,"state_name":"Canton of Diekirch","country_id":127},{"active":false,"Giataid":"221388","cityId":66765,"cityName":"Esch-sur-Alzette","hotelId":221388,"hotelName":"Brasserie Beierhaascht","address":"","phones":"","fax":"","email":"","url":"","countryIso2":"LU","countryName":"Luxembourg","hotelRating":"3","latitude":"49.5727","longitude":"5.92365","state_id":1517,"state_name":"Canton of Esch-sur-Alzette","country_id":127},{"active":false,"Giataid":"221442","cityId":66796,"cityName":"Larochette","hotelId":221442,"hotelName":"Camping Birkelt","address":"","phones":"","fax":"","email":"","url":"","countryIso2":"LU","countryName":"Luxembourg","hotelRating":"4","latitude":"49.7835","longitude":"6.2202","state_id":1522,"state_name":"Canton of Mersch","country_id":127},{"active":false,"Giataid":"221456","cityId":66765,"cityName":"Esch-sur-Alzette","hotelId":221456,"hotelName":"Carpini","address":"","phones":"","fax":"","email":"","url":"","countryIso2":"LU","countryName":"Luxembourg","hotelRating":"3","latitude":"49.5637","longitude":"5.90409","state_id":1517,"state_name":"Canton of Esch-sur-Alzette","country_id":127},{"active":false,"Giataid":"221644","cityId":66764,"cityName":"Erpeldange","hotelId":221644,"hotelName":"Dahm","address":"57 porte des Ardennes","phones":"","fax":"","email":"","url":"","countryIso2":"LU","countryName":"Luxembourg","hotelRating":"4","latitude":"49.8654","longitude":"6.11321","state_id":1513,"state_name":"Canton of Diekirch","country_id":127},{"active":false,"Giataid":"221695","cityId":66796,"cityName":"Larochette","hotelId":221695,"hotelName":"de la Poste","address":"11 Place Bleech,7610 Larochette,Luxembourg","phones":"","fax":"","email":"","url":"","countryIso2":"LU","countryName":"Luxembourg","hotelRating":"3","latitude":"49.7831","longitude":"6.2202","state_id":1522,"state_name":"Canton of Mersch","country_id":127},{"active":false,"Giataid":"221699","cityId":66801,"cityName":"Luxembourg","hotelId":221699,"hotelName":"De l'Ecluse","address":"","phones":"","fax":"","email":"","url":"","countryIso2":"LU","countryName":"Luxembourg","hotelRating":"3","latitude":"49.5673","longitude":"6.36118","state_id":1527,"state_name":"Canton of Luxembourg","country_id":127},{"active":false,"Giataid":"221754","cityId":66801,"cityName":"Luxembourg","hotelId":221754,"hotelName":"Direndall","address":"","phones":"","fax":"","email":"","url":"","countryIso2":"LU","countryName":"Luxembourg","hotelRating":"1","latitude":"49.6894","longitude":"6.09084","state_id":1527,"state_name":"Canton of Luxembourg","country_id":127},{"active":false,"Giataid":"221893","cityId":66775,"cityName":"Gonderange","hotelId":221893,"hotelName":"Best Western Euro Hotel","address":"11 Route de Luxembourg,6182 Gonderange,Luxembourg","phones":"+352788551","fax":"","email":"","url":"","countryIso2":"LU","countryName":"Luxembourg","hotelRating":"4","latitude":"49.6905","longitude":"6.23914","state_id":1525,"state_name":"Canton of Grevenmacher","country_id":127},{"active":false,"Giataid":"222083","cityId":66761,"cityName":"Echternach","hotelId":222083,"hotelName":"Gruber","address":"","phones":"","fax":"","email":"","url":"","countryIso2":"LU","countryName":"Luxembourg","hotelRating":"3","latitude":"49.8195","longitude":"6.47519","state_id":1515,"state_name":"Canton of Echternach","country_id":127},{"active":false,"Giataid":"222095","cityId":66765,"cityName":"Esch-sur-Alzette","hotelId":222095,"hotelName":"Gulliver","address":"58 Rue Nicolas Meyers,4918 K?erjeng,Luxembourg","phones":"","fax":"","email":"","url":"","countryIso2":"LU","countryName":"Luxembourg","hotelRating":"3","latitude":"49.5563","longitude":"5.89712","state_id":1517,"state_name":"Canton of Esch-sur-Alzette","country_id":127},{"active":false,"Giataid":"222156","cityId":66801,"cityName":"Luxembourg","hotelId":222156,"hotelName":"Herber","address":"","phones":"","fax":"","email":"","url":"","countryIso2":"LU","countryName":"Luxembourg","hotelRating":"3","latitude":"49.6146","longitude":"6.14316","state_id":1527,"state_name":"Canton of Luxembourg","country_id":127},{"active":false,"Giataid":"222287","cityId":66801,"cityName":"Luxembourg","hotelId":222287,"hotelName":"Hostellerie Val Fleuri","address":"28 Rue Lohr,7545 Mersch,Luxembourg","phones":"+3523298910","fax":"","email":"","url":"","countryIso2":"LU","countryName":"Luxembourg","hotelRating":"3","latitude":"49.7503","longitude":"6.1149","state_id":1527,"state_name":"Canton of Luxembourg","country_id":127},{"active":false,"Giataid":"222597","cityId":66801,"cityName":"Luxembourg","hotelId":222597,"hotelName":"Le Bisdorff","address":"","phones":"","fax":"","email":"","url":"","countryIso2":"LU","countryName":"Luxembourg","hotelRating":"3","latitude":"49.8148","longitude":"6.34641","state_id":1527,"state_name":"Canton of Luxembourg","country_id":127},{"active":false,"Giataid":"222656","cityId":66849,"cityName":"Troisvierges","hotelId":222656,"hotelName":"Les Timandines","address":"","phones":"","fax":"","email":"","url":"","countryIso2":"LU","countryName":"Luxembourg","hotelRating":"3","latitude":"50.1187","longitude":"5.99149","state_id":1521,"state_name":"Canton of Clervaux","country_id":127},{"active":false,"Giataid":"222782","cityId":66801,"cityName":"Luxembourg","hotelId":222782,"hotelName":"Meyer","address":"","phones":"","fax":"","email":"","url":"","countryIso2":"LU","countryName":"Luxembourg","hotelRating":"4","latitude":"49.8437","longitude":"6.28935","state_id":1527,"state_name":"Canton of Luxembourg","country_id":127},{"active":false,"Giataid":"222796","cityId":3541,"cityName":"Strassen","hotelId":222796,"hotelName":"Mandarina Hotel","address":"218 Route d'Arlon,8010 Strassen,Luxembourg,Luxembourg","phones":"+352319810","fax":"","email":"","url":"","countryIso2":"LU","countryName":"Luxembourg","hotelRating":"3","latitude":"49.6216","longitude":"6.06316","state_id":2064,"state_name":"Tyrol","country_id":15},{"active":false,"Giataid":"222835","cityId":66801,"cityName":"Luxembourg","hotelId":222835,"hotelName":"Moulin de Consdorf","address":"","phones":"","fax":"","email":"","url":"","countryIso2":"LU","countryName":"Luxembourg","hotelRating":"3","latitude":"49.6146","longitude":"6.14316","state_id":1527,"state_name":"Canton of Luxembourg","country_id":127},{"active":false,"Giataid":"223046","cityId":66801,"cityName":"Luxembourg","hotelId":223046,"hotelName":"Perekop","address":"","phones":"","fax":"","email":"","url":"","countryIso2":"LU","countryName":"Luxembourg","hotelRating":"3","latitude":"49.8199","longitude":"6.35906","state_id":1527,"state_name":"Canton of Luxembourg","country_id":127},{"active":false,"Giataid":"223263","cityId":66796,"cityName":"Larochette","hotelId":223263,"hotelName":"Restaurant Residence","address":"","phones":"","fax":"","email":"","url":"","countryIso2":"LU","countryName":"Luxembourg","hotelRating":"1","latitude":"49.7835","longitude":"6.2202","state_id":1522,"state_name":"Canton of Mersch","country_id":127},{"active":false,"Giataid":"223396","cityId":66732,"cityName":"Berdorf","hotelId":223396,"hotelName":"Scharff","address":"","phones":"","fax":"","email":"","url":"","countryIso2":"LU","countryName":"Luxembourg","hotelRating":"3","latitude":"49.8212","longitude":"6.34944","state_id":1515,"state_name":"Canton of Echternach","country_id":127},{"active":false,"Giataid":"223432","cityId":66801,"cityName":"Luxembourg","hotelId":223432,"hotelName":"Simmer","address":"","phones":"","fax":"","email":"","url":"","countryIso2":"LU","countryName":"Luxembourg","hotelRating":"3","latitude":"49.6146","longitude":"6.14316","state_id":1527,"state_name":"Canton of Luxembourg","country_id":127},{"active":false,"Giataid":"223801","cityId":66801,"cityName":"Luxembourg","hotelId":223801,"hotelName":"Weidendall","address":"","phones":"","fax":"","email":"","url":"","countryIso2":"LU","countryName":"Luxembourg","hotelRating":"1","latitude":"49.665","longitude":"6.07234","state_id":1527,"state_name":"Canton of Luxembourg","country_id":127},{"active":false,"Giataid":"229667","cityId":66765,"cityName":"Esch-sur-Alzette","hotelId":229667,"hotelName":"De La Poste","address":"107 Rue De l?Alzette,4011 Esch-Sur-Alzette,Luxembourg","phones":"+3522654541","fax":"+352265454800","email":"","url":"http://www.trivago.de/esch-sur-alzette-71705/hotel/de-la-poste-107299","countryIso2":"LU","countryName":"Luxembourg","hotelRating":"4","latitude":"49.4932","longitude":"5.97917","state_id":1517,"state_name":"Canton of Esch-sur-Alzette","country_id":127},{"active":false,"Giataid":"232105","cityId":66801,"cityName":"Luxembourg","hotelId":232105,"hotelName":"Legere Hotel Luxembourg","address":"11 Rue Gabriel Lippmann,Parc d'activit? Syrdall,5365 Munsbach,Gemeinde Sch?ttringen,Luxembourg,Luxembourg","phones":"+3524900061","fax":"+352490680","email":"luxembourg@legerehotels.com","url":"http://www.legerehotels.de/de/legere-premium-hotel-luxembourg/home.html","countryIso2":"LU","countryName":"Luxembourg","hotelRating":"4","latitude":"49.6406","longitude":"6.271","state_id":1527,"state_name":"Canton of Luxembourg","country_id":127},{"active":false,"Giataid":"232173","cityId":66836,"cityName":"Schengen","hotelId":232173,"hotelName":"Chateau De Schengen","address":"Beim Schlass 2,5444 Schengen,Luxemburg,Luxembourg","phones":"+352236638","fax":"+35223663840","email":"reception.schengen@goeres-group.com","url":"http://www.chateau-de-schengen.lu","countryIso2":"LU","countryName":"Luxembourg","hotelRating":"4","latitude":"49.471","longitude":"6.36557","state_id":1519,"state_name":"Canton of Remich","country_id":127},{"active":false,"Giataid":"233410","cityId":66801,"cityName":"Luxembourg","hotelId":233410,"hotelName":"Novotel Suites Luxembourg Hotel","address":"13 Avenue J F Kennedy,Quartier Europeen,1855 Luxembourg,Luxembourg","phones":"+35227040","fax":"+35227048944","email":"H7206@accor.com","url":"http://www.accorhotels.com/de/hotel-7206-suite-novotel-luxembourg/index.shtml","countryIso2":"LU","countryName":"Luxembourg","hotelRating":"4","latitude":"49.6203","longitude":"6.14518","state_id":1527,"state_name":"Canton of Luxembourg","country_id":127},{"active":false,"Giataid":"235596","cityId":66801,"cityName":"Luxembourg","hotelId":235596,"hotelName":"Veranstaltung - Cats","address":"","phones":"","fax":"","email":"","url":"","countryIso2":"LU","countryName":"Luxembourg","hotelRating":"1","latitude":"49.6146","longitude":"6.14316","state_id":1527,"state_name":"Canton of Luxembourg","country_id":127},{"active":false,"Giataid":"237336","cityId":66731,"cityName":"Belvaux","hotelId":237336,"hotelName":"Hotel Restaurant Chiado","address":"24 Rue des Alli?s,4412 Belvaux,Luxembourg","phones":"+352265957","fax":"+35226595755","email":"ciao@miazia.lu","url":"http://miazia.lu/","countryIso2":"LU","countryName":"Luxembourg","hotelRating":"3","latitude":"49.5092","longitude":"5.92394","state_id":1517,"state_name":"Canton of Esch-sur-Alzette","country_id":127},{"active":false,"Giataid":"238505","cityId":66801,"cityName":"Luxembourg","hotelId":238505,"hotelName":"Park Inn By Radisson Luxembourg City","address":"Avenue de la Gare 45-47,1611 Luxembourg,Luxembourg","phones":"+35226201132","fax":"","email":"","url":"http://www.parkinn.com/hotel-luxembourg","countryIso2":"LU","countryName":"Luxembourg","hotelRating":"3","latitude":"49.6021","longitude":"6.13311","state_id":1527,"state_name":"Canton of Luxembourg","country_id":127},{"active":false,"Giataid":"367902","cityId":66801,"cityName":"Luxembourg","hotelId":367902,"hotelName":"Grey","address":"4 Rue Joseph Junck,1839 Luxemburg City,Luxembourg","phones":"","fax":"","email":"","url":"","countryIso2":"LU","countryName":"Luxembourg","hotelRating":"4","latitude":"49.6004","longitude":"6.13289","state_id":1527,"state_name":"Canton of Luxembourg","country_id":127},{"active":false,"Giataid":"380894","cityId":66749,"cityName":"Clervaux","hotelId":380894,"hotelName":"Le Clervaux","address":"9 Grand-Rue,9710 Clervaux,Luxembourg","phones":"","fax":"","email":"","url":"","countryIso2":"LU","countryName":"Luxembourg","hotelRating":"5","latitude":"50.0533","longitude":"6.0311","state_id":1521,"state_name":"Canton of Clervaux","country_id":127},{"active":false,"Giataid":"387576","cityId":66760,"cityName":"Dudelange","hotelId":387576,"hotelName":"Mille 9 Sens","address":"","phones":"","fax":"","email":"","url":"","countryIso2":"LU","countryName":"Luxembourg","hotelRating":"3","latitude":"49.479","longitude":"6.08584","state_id":1517,"state_name":"Canton of Esch-sur-Alzette","country_id":127},{"active":false,"Giataid":"387582","cityId":66749,"cityName":"Clervaux","hotelId":387582,"hotelName":"Golf & Country Hotel Clervaux","address":"22 Mecherwee,Eselborn,9748  Clervaux,Luxembourg","phones":"+352929395","fax":"","email":"","url":"","countryIso2":"LU","countryName":"Luxembourg","hotelRating":"4","latitude":"50.0567","longitude":"6.00185","state_id":1521,"state_name":"Canton of Clervaux","country_id":127},{"active":false,"Giataid":"390109","cityId":66772,"cityName":"Frisange","hotelId":390109,"hotelName":"Frontiere","address":"","phones":"","fax":"","email":"","url":"","countryIso2":"LU","countryName":"Luxembourg","hotelRating":"3","latitude":"49.509","longitude":"6.19193","state_id":1517,"state_name":"Canton of Esch-sur-Alzette","country_id":127},{"active":false,"Giataid":"390110","cityId":3541,"cityName":"Strassen","hotelId":390110,"hotelName":"Skol","address":"","phones":"","fax":"","email":"","url":"","countryIso2":"LU","countryName":"Luxembourg","hotelRating":"3","latitude":"49.6223","longitude":"6.05606","state_id":2064,"state_name":"Tyrol","country_id":15},{"active":false,"Giataid":"404979","cityId":66838,"cityName":"Schifflange","hotelId":404979,"hotelName":"City Lodge - Appart-Hotel","address":"1 Rue des Artisans,3812 Schifflange,Luxembourg","phones":"+352544422","fax":"","email":"","url":"http://www.citylodge.lu/","countryIso2":"LU","countryName":"Luxembourg","hotelRating":"1","latitude":"49.5058","longitude":"6.01174","state_id":1517,"state_name":"Canton of Esch-sur-Alzette","country_id":127},{"active":false,"Giataid":"405099","cityId":66818,"cityName":"Olm","hotelId":405099,"hotelName":"L'Empire","address":"Rue de Capellen 53,8393 Olm,Luxembourg","phones":"+352300353","fax":"+35226102343","email":"info@lempire.lu","url":"http://www.lempire.lu/","countryIso2":"LU","countryName":"Luxembourg","hotelRating":"1","latitude":"49.6506","longitude":"5.99417","state_id":1527,"state_name":"Canton of Luxembourg","country_id":127},{"active":false,"Giataid":"432422","cityId":4166,"cityName":"Beaufort","hotelId":432422,"hotelName":"Bungalowpark Altburg","address":"","phones":"","fax":"","email":"","url":"","countryIso2":"LU","countryName":"Luxembourg","hotelRating":"1","latitude":"49.8349","longitude":"6.28772","state_id":3903,"state_name":"Victoria","country_id":14},{"active":false,"Giataid":"432427","cityId":66863,"cityName":"Wiltz","hotelId":432427,"hotelName":"Wellness Hotel Wiltz","address":"","phones":"","fax":"","email":"","url":"","countryIso2":"LU","countryName":"Luxembourg","hotelRating":"4","latitude":"49.9702","longitude":"5.93325","state_id":1526,"state_name":"Canton of Wiltz","country_id":127},{"active":false,"Giataid":"443269","cityId":29974,"cityName":"Wallendorf","hotelId":443269,"hotelName":"Hotel Haus Wallstein","address":"Bergstrasse 23,54675 Wallendorf,Rhineland-Palatinate,Germany","phones":"","fax":"","email":"","url":"","countryIso2":"LU","countryName":"Luxembourg","hotelRating":"1","latitude":"49.8782","longitude":"6.28953","state_id":3011,"state_name":"Saxony-Anhalt","country_id":82},{"active":false,"Giataid":"450328","cityId":66801,"cityName":"Luxembourg","hotelId":450328,"hotelName":"Il Piccolo Mondo","address":"","phones":"","fax":"","email":"","url":"","countryIso2":"LU","countryName":"Luxembourg","hotelRating":"1","latitude":"49.61","longitude":"6.16705","state_id":1527,"state_name":"Canton of Luxembourg","country_id":127},{"active":false,"Giataid":"450338","cityId":66786,"cityName":"Junglinster","hotelId":450338,"hotelName":"Hotel Parmentier","address":"","phones":"","fax":"","email":"","url":"","countryIso2":"LU","countryName":"Luxembourg","hotelRating":"3","latitude":"49.7109","longitude":"6.25344","state_id":1525,"state_name":"Canton of Grevenmacher","country_id":127},{"active":false,"Giataid":"450544","cityId":66761,"cityName":"Echternach","hotelId":450544,"hotelName":"Hotel Le Postillon","address":"","phones":"","fax":"","email":"","url":"","countryIso2":"LU","countryName":"Luxembourg","hotelRating":"3","latitude":"49.8121","longitude":"6.42014","state_id":1515,"state_name":"Canton of Echternach","country_id":127},{"active":false,"Giataid":"450553","cityId":66862,"cityName":"Weiswampach","hotelId":450553,"hotelName":"Hotel Keup","address":"","phones":"","fax":"","email":"","url":"","countryIso2":"LU","countryName":"Luxembourg","hotelRating":"3","latitude":"50.1434","longitude":"6.07059","state_id":1521,"state_name":"Canton of Clervaux","country_id":127},{"active":false,"Giataid":"450654","cityId":66801,"cityName":"Luxembourg","hotelId":450654,"hotelName":"Domus Hotel","address":"","phones":"","fax":"","email":"","url":"","countryIso2":"LU","countryName":"Luxembourg","hotelRating":"3","latitude":"49.6104","longitude":"6.12505","state_id":1527,"state_name":"Canton of Luxembourg","country_id":127},{"active":false,"Giataid":"450818","cityId":66863,"cityName":"Wiltz","hotelId":450818,"hotelName":"Hotel - Restaurant du Vieux Chateau","address":"","phones":"","fax":"","email":"","url":"","countryIso2":"LU","countryName":"Luxembourg","hotelRating":"4","latitude":"49.9661","longitude":"5.93733","state_id":1526,"state_name":"Canton of Wiltz","country_id":127},{"active":false,"Giataid":"451146","cityId":4166,"cityName":"Beaufort","hotelId":451146,"hotelName":"Auberge Rustique","address":"","phones":"","fax":"","email":"","url":"","countryIso2":"LU","countryName":"Luxembourg","hotelRating":"3","latitude":"49.8349","longitude":"6.28773","state_id":3903,"state_name":"Victoria","country_id":14},{"active":false,"Giataid":"451600","cityId":66827,"cityName":"Remich","hotelId":451600,"hotelName":"Hostellerie des Pecheurs","address":"","phones":"","fax":"","email":"","url":"","countryIso2":"LU","countryName":"Luxembourg","hotelRating":"1","latitude":"49.5515","longitude":"6.37884","state_id":1519,"state_name":"Canton of Remich","country_id":127},{"active":false,"Giataid":"451647","cityId":66827,"cityName":"Remich","hotelId":451647,"hotelName":"Hotel Villa Belle-Rive","address":"","phones":"","fax":"","email":"","url":"","countryIso2":"LU","countryName":"Luxembourg","hotelRating":"1","latitude":"49.5518","longitude":"6.37901","state_id":1519,"state_name":"Canton of Remich","country_id":127},{"active":false,"Giataid":"451680","cityId":66736,"cityName":"Bettembourg","hotelId":451680,"hotelName":"Hotel Bernini","address":"","phones":"","fax":"","email":"","url":"","countryIso2":"LU","countryName":"Luxembourg","hotelRating":"3","latitude":"49.5265","longitude":"6.10101","state_id":1517,"state_name":"Canton of Esch-sur-Alzette","country_id":127},{"active":false,"Giataid":"451947","cityId":66732,"cityName":"Berdorf","hotelId":451947,"hotelName":"Hotel DeFive","address":"","phones":"","fax":"","email":"","url":"","countryIso2":"LU","countryName":"Luxembourg","hotelRating":"2","latitude":"49.8227","longitude":"6.35083","state_id":1515,"state_name":"Canton of Echternach","country_id":127},{"active":false,"Giataid":"452054","cityId":66801,"cityName":"Luxembourg","hotelId":452054,"hotelName":"Hotel Pax","address":"","phones":"","fax":"","email":"","url":"","countryIso2":"LU","countryName":"Luxembourg","hotelRating":"3","latitude":"49.5904","longitude":"6.14117","state_id":1527,"state_name":"Canton of Luxembourg","country_id":127},{"active":false,"Giataid":"454858","cityId":66732,"cityName":"Berdorf","hotelId":454858,"hotelName":"Hotel Kinnen","address":"","phones":"","fax":"","email":"","url":"","countryIso2":"LU","countryName":"Luxembourg","hotelRating":"3","latitude":"49.8215","longitude":"6.34968","state_id":1515,"state_name":"Canton of Echternach","country_id":127},{"active":false,"Giataid":"464463","cityId":66858,"cityName":"Walferdange","hotelId":464463,"hotelName":"Hotel Moris","address":"Place des Martyrs,BP 54,7201 Walferdange,Luxembourg","phones":"+352330105","fax":"+352333070","email":"contact@morishotel.lu","url":"http://www.morishotel.lu","countryIso2":"LU","countryName":"Luxembourg","hotelRating":"3","latitude":"49.6596","longitude":"6.13246","state_id":1527,"state_name":"Canton of Luxembourg","country_id":127},{"active":false,"Giataid":"464527","cityId":1991,"cityName":"Fischbach","hotelId":464527,"hotelName":"Hotel Reiff","address":"4 Hauptstrooss,9749 Fischbach,Luxembourg","phones":"+352921501","fax":"+352929534","email":"info@hotel-reiff.lu","url":"http://www.hotel-reiff.lu/homedeu.html","countryIso2":"LU","countryName":"Luxembourg","hotelRating":"3","latitude":"50.0759","longitude":"6.07329","state_id":2059,"state_name":"Styria","country_id":15},{"active":false,"Giataid":"467623","cityId":24925,"cityName":"Eisenbach","hotelId":467623,"hotelName":"Camping Kohnenhof","address":"1 Kounenhaff,9838 Eisenbach,Luxembourg","phones":"+352929464","fax":"","email":"kohnenhof@pt.lu","url":"http://www.campingkohnenhof.lu","countryIso2":"LU","countryName":"Luxembourg","hotelRating":"1","latitude":"50.0162","longitude":"6.13687","state_id":3006,"state_name":"Baden-Wurttemberg","country_id":82},{"active":false,"Giataid":"468374","cityId":66779,"cityName":"Heffingen","hotelId":468374,"hotelName":"Hostellerie de la Vallee","address":"8 Rue Millewee,7653 Heffingen,Luxembourg","phones":"","fax":"","email":"","url":"","countryIso2":"LU","countryName":"Luxembourg","hotelRating":"1","latitude":"49.7674","longitude":"6.23005","state_id":1522,"state_name":"Canton of Mersch","country_id":127},{"active":false,"Giataid":"468802","cityId":8654,"cityName":"Beringen","hotelId":468802,"hotelName":"Hotel Martha","address":"2 Am Kaesch,7593 Beringen,Mersch,Luxembourg","phones":"+35226320405","fax":"","email":"hotel@gudd.lu","url":"http://www.gudd.lu/hotel-fr","countryIso2":"LU","countryName":"Luxembourg","hotelRating":"4","latitude":"49.7589","longitude":"6.11422","state_id":1373,"state_name":"Flanders","country_id":22},{"active":false,"Giataid":"475363","cityId":66761,"cityName":"Echternach","hotelId":475363,"hotelName":"Grand Hotel","address":"","phones":"+352729672","fax":"","email":"","url":"","countryIso2":"LU","countryName":"Luxembourg","hotelRating":"1","latitude":"49.8181","longitude":"6.40568","state_id":1515,"state_name":"Canton of Echternach","country_id":127},{"active":false,"Giataid":"476398","cityId":66737,"cityName":"Bettendorf","hotelId":476398,"hotelName":"Hotel Terrace","address":"34 Rue de Diekirch,9355 Bettendorf,Luxembourg","phones":"+352268013","fax":"","email":"info@terrace.lu","url":"http://www.terrace.lu","countryIso2":"LU","countryName":"Luxembourg","hotelRating":"3","latitude":"49.876","longitude":"6.21682","state_id":1513,"state_name":"Canton of Diekirch","country_id":127},{"active":false,"Giataid":"544268","cityId":66784,"cityName":"Hosingen","hotelId":544268,"hotelName":"La Sapiniere","address":"","phones":"+352920106","fax":"","email":"","url":"","countryIso2":"LU","countryName":"Luxembourg","hotelRating":"1","latitude":"49.9912","longitude":"6.10037","state_id":1521,"state_name":"Canton of Clervaux","country_id":127},{"active":false,"Giataid":"622287","cityId":66801,"cityName":"Luxembourg","hotelId":622287,"hotelName":"Apart1hotel","address":"3 Rue d�Epernay,1490 Luxembourg,Luxembourg","phones":"+352485252","fax":"+352491937","email":"info@empire.lu","url":"http://empire.lu/apart1hotel/","countryIso2":"LU","countryName":"Luxembourg","hotelRating":"3","latitude":"49.6001","longitude":"6.13057","state_id":1527,"state_name":"Canton of Luxembourg","country_id":127},{"active":false,"Giataid":"642860","cityId":66805,"cityName":"Mersch","hotelId":642860,"hotelName":"Motel Mersch","address":"Rue de Colmar-Berg,7525 Mersch,Luxembourg","phones":"+3523523200371","fax":"+35235234003799","email":"motelstr@pt.lu","url":"http://www.motel-mersch.lu/","countryIso2":"LU","countryName":"Luxembourg","hotelRating":"1","latitude":"49.7569","longitude":"6.10249","state_id":1522,"state_name":"Canton of Mersch","country_id":127},{"active":false,"Giataid":"642880","cityId":66801,"cityName":"Luxembourg","hotelId":642880,"hotelName":"Hotel Italia","address":"15-17 Rue D'Anvers,1130 Luxembourg,Luxembourg","phones":"+352288487200","fax":"","email":"info@italiadue.lu","url":"http://www.restaurant-italia.lu/","countryIso2":"LU","countryName":"Luxembourg","hotelRating":"1","latitude":"49.6033","longitude":"6.13007","state_id":1527,"state_name":"Canton of Luxembourg","country_id":127},{"active":false,"Giataid":"642883","cityId":66779,"cityName":"Heffingen","hotelId":642883,"hotelName":"Um Freedebierg Bed and Breakfast","address":"9 Millewee,7653 Heffingen,Luxembourg","phones":"+352837485","fax":"","email":"","url":"http://www.freedebierg.lu/","countryIso2":"LU","countryName":"Luxembourg","hotelRating":"1","latitude":"49.7671","longitude":"6.23171","state_id":1522,"state_name":"Canton of Mersch","country_id":127},{"active":false,"Giataid":"642894","cityId":66727,"cityName":"Bavigne","hotelId":642894,"hotelName":"Auberge du Lac","address":"10 Duerfstroos,9635 Bavigne,Luxembourg","phones":"+352993071","fax":"+352937035","email":"","url":"http://aubergedulac.lu","countryIso2":"LU","countryName":"Luxembourg","hotelRating":"1","latitude":"49.9205","longitude":"5.84856","state_id":1526,"state_name":"Canton of Wiltz","country_id":127},{"active":false,"Giataid":"387582","cityId":66749,"cityName":"Clervaux","hotelId":726317,"hotelName":"Golf & Country Hotel","address":"22 Mecherwee,Eselborn,9748  Clervaux,Luxembourg","phones":"+352929395","fax":"","email":"info@golfcountry-hotel.com","url":"http://www.golfcountry-hotel.com","countryIso2":"LU","countryName":"Luxembourg","hotelRating":"0","latitude":"50.0602","longitude":"6.03181","state_id":1521,"state_name":"Canton of Clervaux","country_id":127},{"active":false,"Giataid":"726779","cityId":66801,"cityName":"Luxembourg","hotelId":726779,"hotelName":"Le Guillaume Luxembourg Ville","address":"55 Avenue Guillaume,1651 Luxembourg City,Luxembourg","phones":"","fax":"","email":"","url":"","countryIso2":"LU","countryName":"Luxembourg","hotelRating":"1","latitude":"49.6146","longitude":"6.14316","state_id":1527,"state_name":"Canton of Luxembourg","country_id":127},{"active":false,"Giataid":"735741","cityId":66801,"cityName":"Luxembourg","hotelId":735741,"hotelName":"SHS Suite Home Sweet Strassen II","address":"62 Route d'Arlon,8008 Strassen,Luxembourg,Luxembourg","phones":"+35228371984","fax":"","email":"concierge@suite-home-sweet.com","url":"http://www.suite-home-sweet.com/de/shs-strassen-ii-12/","countryIso2":"LU","countryName":"Luxembourg","hotelRating":"1","latitude":"49.6146","longitude":"6.14316","state_id":1527,"state_name":"Canton of Luxembourg","country_id":127},{"active":false,"Giataid":"751412","cityId":66801,"cityName":"Luxembourg","hotelId":751412,"hotelName":"The Queen Luxury Serviced Apartments - Villa Carlotta","address":"54 Avenue De La Liberte,1930 Luxembourg City,Luxembourg","phones":"","fax":"","email":"thequeen@pt.lu","url":"http://thequeen.lu/epartments/villa-carlotta","countryIso2":"LU","countryName":"Luxembourg","hotelRating":"1","latitude":"49.6026","longitude":"6.13179","state_id":1527,"state_name":"Canton of Luxembourg","country_id":127},{"active":false,"Giataid":"206457","cityId":66853,"cityName":"Vianden","hotelId":20000787,"hotelName":"Brasserie Nagel","address":"2 Route de Bettel,9415 Vianden,Luxembourg","phones":"","fax":"","email":"","url":"","countryIso2":"LU","countryName":"Luxembourg","hotelRating":"3","latitude":"49.9289","longitude":"6.22203","state_id":1523,"state_name":"Canton of Vianden","country_id":127},{"active":false,"Giataid":"622291","cityId":66801,"cityName":"Luxembourg","hotelId":20000895,"hotelName":"Aramis Studio Hotel","address":"679 Rue de Neudorf,2220 Luxembourg,Luxembourg","phones":"","fax":"","email":"","url":"","countryIso2":"LU","countryName":"Luxembourg","hotelRating":"0","latitude":"49.6226","longitude":"6.1891","state_id":1527,"state_name":"Canton of Luxembourg","country_id":127},{"active":false,"Giataid":"213008","cityId":66761,"cityName":"Echternach","hotelId":20001525,"hotelName":"Le Petit Poete","address":"13 Place du March?,6460 Echternach,Luxembourg","phones":"","fax":"","email":"","url":"","countryIso2":"LU","countryName":"Luxembourg","hotelRating":"2","latitude":"49.8126","longitude":"6.42077","state_id":1515,"state_name":"Canton of Echternach","country_id":127},{"active":false,"Giataid":"221794","cityId":66796,"cityName":"Larochette","hotelId":20002124,"hotelName":"du Chateau","address":"1 Rue de Medernach,7619 Larochette,Luxembourg","phones":"","fax":"","email":"","url":"","countryIso2":"LU","countryName":"Luxembourg","hotelRating":"3","latitude":"49.7841","longitude":"6.22","state_id":1522,"state_name":"Canton of Mersch","country_id":127},{"active":false,"Giataid":"642870","cityId":4166,"cityName":"Beaufort","hotelId":20002340,"hotelName":"Youth Hostel Beaufort","address":"55 Route de Dillingen,6315 Beaufort,Luxembourg","phones":"+352262766300","fax":"+352262766330","email":"beaufort@youthhostels.lu","url":"http://youthhostels.lu/de/jugendherbergen/jugendherberge-beaufort","countryIso2":"LU","countryName":"Luxembourg","hotelRating":"0","latitude":"49.8343","longitude":"6.29232","state_id":3903,"state_name":"Victoria","country_id":14},{"active":false,"Giataid":"221522","cityId":66765,"cityName":"Esch-sur-Alzette","hotelId":20002517,"hotelName":"Casino Club","address":"12 Place du March?,4621 Differdange,Luxembourg","phones":"","fax":"","email":"","url":"","countryIso2":"LU","countryName":"Luxembourg","hotelRating":"3","latitude":"49.5228","longitude":"5.88728","state_id":1517,"state_name":"Canton of Esch-sur-Alzette","country_id":127},{"active":false,"Giataid":"642858","cityId":66801,"cityName":"Luxembourg","hotelId":20002756,"hotelName":"Youth Hostel Luxembourg City","address":"2 Rue du Fort Olisy,2261 Luxembourg,Luxembourg","phones":"+352262766650","fax":"+352262766680","email":"luxembourg@youthhostels.lu","url":"http://youthhostels.lu/de/jugendherbergen/jugendherberge-luxemburg","countryIso2":"LU","countryName":"Luxembourg","hotelRating":"0","latitude":"49.613","longitude":"6.13799","state_id":1527,"state_name":"Canton of Luxembourg","country_id":127},{"active":false,"Giataid":"219837","cityId":66801,"cityName":"Luxembourg","hotelId":20003159,"hotelName":"Trust Inn Studio","address":"679 Rue de Neudorf,2220 Luxemburg City,Luxembourg","phones":"","fax":"","email":"","url":"","countryIso2":"LU","countryName":"Luxembourg","hotelRating":"3","latitude":"49.6226","longitude":"6.18906","state_id":1527,"state_name":"Canton of Luxembourg","country_id":127},{"active":false,"Giataid":"611651","cityId":66801,"cityName":"Luxembourg","hotelId":20003378,"hotelName":"SHS Suite Home Sweet Appartement","address":"343 rue de Rollingergrund,2441 Luxembourg City,Luxembourg","phones":"+35228371984","fax":"","email":"concierge@suite-home-sweet.com","url":"http://www.suite-home-sweet.com","countryIso2":"LU","countryName":"Luxembourg","hotelRating":"0","latitude":"49.6243","longitude":"6.10509","state_id":1527,"state_name":"Canton of Luxembourg","country_id":127},{"active":false,"Giataid":"724644","cityId":66801,"cityName":"Luxembourg","hotelId":20003557,"hotelName":"Topfloor Luxembourg Ville","address":"3 Rue Fernand Mertens,2148 Luxembourg,Luxembourg","phones":"","fax":"","email":"","url":"","countryIso2":"LU","countryName":"Luxembourg","hotelRating":"0","latitude":"49.6175","longitude":"6.09703","state_id":1527,"state_name":"Canton of Luxembourg","country_id":127},{"active":false,"Giataid":"642876","cityId":66863,"cityName":"Wiltz","hotelId":20003915,"hotelName":"Youth Hostel Wiltz","address":"6 Rue de la Montagne,9538 Wiltz,Luxembourg","phones":"","fax":"","email":"","url":"","countryIso2":"LU","countryName":"Luxembourg","hotelRating":"0","latitude":"49.9664","longitude":"5.93197","state_id":1526,"state_name":"Canton of Wiltz","country_id":127},{"active":false,"Giataid":"205456","cityId":66761,"cityName":"Echternach","hotelId":20004099,"hotelName":"Hotel Au Vieux Moulin","address":"Lauterborn,6562 Echternach (Lechternach),Luxembourg","phones":"+3527200681","fax":"","email":"info@hotel-au-vieux-moulin.lu","url":"http://www.hotel-au-vieux-moulin.lu/de","countryIso2":"LU","countryName":"Luxembourg","hotelRating":"4","latitude":"49.7974","longitude":"6.38826","state_id":1515,"state_name":"Canton of Echternach","country_id":127},{"active":false,"Giataid":"229662","cityId":4166,"cityName":"Beaufort","hotelId":20004406,"hotelName":"Binsfeld Bikers Inn","address":"1 Mont?e du Ch?teau,6314 Beaufort,Luxembourg","phones":"+352836013","fax":"+352869238","email":"hotel-binsfeld@pt.lu","url":"http://www.hotel-binsfeld.com","countryIso2":"LU","countryName":"Luxembourg","hotelRating":"2","latitude":"49.8341","longitude":"6.29023","state_id":3903,"state_name":"Victoria","country_id":14},{"active":false,"Giataid":"642896","cityId":66761,"cityName":"Echternach","hotelId":20004567,"hotelName":"Youth Hostel Echternach","address":"Chemin vers Rodenhof,6487 Echternach,Luxembourg","phones":"+352262766400","fax":"+352262766430","email":"echternach@youthhostels.lu","url":"http://youthhostels.lu/de/jugendherbergen/jugendherberge-echternach","countryIso2":"LU","countryName":"Luxembourg","hotelRating":"0","latitude":"49.8137","longitude":"6.41573","state_id":1515,"state_name":"Canton of Echternach","country_id":127},{"active":false,"Giataid":"210894","cityId":66761,"cityName":"Echternach","hotelId":20004766,"hotelName":"Hostellerie de la Basilique","address":"7 Place du March?,6460 Echternach,Luxembourg","phones":"","fax":"","email":"","url":"","countryIso2":"LU","countryName":"Luxembourg","hotelRating":"4","latitude":"49.8129","longitude":"6.41959","state_id":1515,"state_name":"Canton of Echternach","country_id":127},{"active":false,"Giataid":"323528","cityId":66761,"cityName":"Echternach","hotelId":20004956,"hotelName":"Puccini","address":"21 Rue de La Gare,6440 Echternach,Luxembourg","phones":"","fax":"","email":"","url":"","countryIso2":"LU","countryName":"Luxembourg","hotelRating":"0","latitude":"49.8138","longitude":"6.41855","state_id":1515,"state_name":"Canton of Echternach","country_id":127},{"active":false,"Giataid":"221798","cityId":66757,"cityName":"Diekirch","hotelId":20005476,"hotelName":"du Parc","address":"28 Avenue de la Gare,9233 Diekirch,Luxembourg","phones":"","fax":"","email":"","url":"","countryIso2":"LU","countryName":"Luxembourg","hotelRating":"3","latitude":"49.866","longitude":"6.15839","state_id":1513,"state_name":"Canton of Diekirch","country_id":127},{"active":false,"Giataid":"184440","cityId":66853,"cityName":"Vianden","hotelId":20005608,"hotelName":"Victor Hugo","address":"1 Rue Victor Hugo,9414 Vianden,Luxembourg","phones":"","fax":"","email":"","url":"","countryIso2":"LU","countryName":"Luxembourg","hotelRating":"3","latitude":"49.934","longitude":"6.20766","state_id":1523,"state_name":"Canton of Vianden","country_id":127},{"active":false,"Giataid":"11340","cityId":66801,"cityName":"Luxembourg","hotelId":20006445,"hotelName":"Delta","address":"Rue Adolphe Fischer 74-80,Gare,Luxembourg City,Luxembourg","phones":"","fax":"","email":"","url":"","countryIso2":"LU","countryName":"Luxembourg","hotelRating":"3","latitude":"49.6018","longitude":"6.12703","state_id":1527,"state_name":"Canton of Luxembourg","country_id":127},{"active":false,"Giataid":"14807","cityId":66801,"cityName":"Luxembourg","hotelId":20006787,"hotelName":"Inn Side Residence","address":"1 Rue Henri M. Schnadt,2530 Luxembourg,Luxembourg,Luxembourg","phones":"","fax":"","email":"","url":"","countryIso2":"LU","countryName":"Luxembourg","hotelRating":"3","latitude":"49.583","longitude":"6.11643","state_id":1527,"state_name":"Canton of Luxembourg","country_id":127},{"active":false,"Giataid":"215636","cityId":66801,"cityName":"Luxembourg","hotelId":20006961,"hotelName":"Ponte Vecchio","address":"271 Rue de Neudorf,2221 Luxemburg City,Luxembourg","phones":"","fax":"","email":"","url":"","countryIso2":"LU","countryName":"Luxembourg","hotelRating":"4","latitude":"49.6226","longitude":"6.16509","state_id":1527,"state_name":"Canton of Luxembourg","country_id":127},{"active":false,"Giataid":"218046","cityId":66801,"cityName":"Luxembourg","hotelId":20007664,"hotelName":"Sieweburen","address":"36 Rue des Sept-Fontaines,2534 Luxemburg City,Luxembourg","phones":"","fax":"","email":"","url":"","countryIso2":"LU","countryName":"Luxembourg","hotelRating":"3","latitude":"49.6275","longitude":"6.1007","state_id":1527,"state_name":"Canton of Luxembourg","country_id":127},{"active":false,"Giataid":"642898","cityId":66801,"cityName":"Luxembourg","hotelId":20007822,"hotelName":"KEY INN Apart-Hotel Limpertsberg","address":"1 Rue Francois Faber,1509 Luxembourg,Luxembourg","phones":"+3522761611","fax":"+35226389543","email":"contact@key-inn.com","url":"http://www.key-inn.com/fr/appart-hotels","countryIso2":"LU","countryName":"Luxembourg","hotelRating":"0","latitude":"49.6195","longitude":"6.11608","state_id":1527,"state_name":"Canton of Luxembourg","country_id":127},{"active":false,"Giataid":"475765","cityId":66801,"cityName":"Luxembourg","hotelId":20007947,"hotelName":"La Pipistrelle B&B Hotel","address":"26 Mont?e du Grund,1645 Luxembourg,Luxembourg","phones":"+352621300351","fax":"","email":"contact@lapipistrelle.lu","url":"http://www.pipistrelle.lu","countryIso2":"LU","countryName":"Luxembourg","hotelRating":"0","latitude":"49.6084","longitude":"6.13518","state_id":1527,"state_name":"Canton of Luxembourg","country_id":127},{"active":false,"Giataid":"270737","cityId":66801,"cityName":"Luxembourg","hotelId":20008273,"hotelName":"Key Inn Parc de Merl","address":"19 Boulevard Pierre Dupong,1430 Luxembourg,Luxembourg","phones":"+3522761611","fax":"+35226389543","email":"info@key-inn.com","url":"http://key-inn.com/de/key-inn-parc-de-merl","countryIso2":"LU","countryName":"Luxembourg","hotelRating":"3","latitude":"49.606","longitude":"6.11065","state_id":1527,"state_name":"Canton of Luxembourg","country_id":127},{"active":false,"Giataid":"221242","cityId":66796,"cityName":"Larochette","hotelId":20008361,"hotelName":"Auberge op der Bleech","address":"4 Place Bleech,7610 Larochette,Luxembourg","phones":"","fax":"","email":"","url":"","countryIso2":"LU","countryName":"Luxembourg","hotelRating":"0","latitude":"49.7835","longitude":"6.22025","state_id":1522,"state_name":"Canton of Mersch","country_id":127},{"active":false,"Giataid":"202417","cityId":66761,"cityName":"Echternach","hotelId":20008693,"hotelName":"Cityhotel de La Sure","address":"49 Rue de la Gare,Echternach,Luxembourg","phones":"+352729440","fax":"+352727589","email":"restknep@pt.lu","url":"http://hoteldelasure.lu/","countryIso2":"LU","countryName":"Luxembourg","hotelRating":"3","latitude":"49.8149","longitude":"6.41762","state_id":1515,"state_name":"Canton of Echternach","country_id":127},{"active":false,"Giataid":"204010","cityId":66761,"cityName":"Echternach","hotelId":20008974,"hotelName":"Aigle Noir","address":"54 Rue de La Gare,6440 Echternach,Luxembourg","phones":"","fax":"","email":"","url":"","countryIso2":"LU","countryName":"Luxembourg","hotelRating":"0","latitude":"49.8153","longitude":"6.41746","state_id":1515,"state_name":"Canton of Echternach","country_id":127},{"active":false,"Giataid":"159413","cityId":66761,"cityName":"Echternach","hotelId":20009127,"hotelName":"Le Pavillon","address":"2 Rue de La Gare,6440 Echternach,Luxembourg","phones":"","fax":"","email":"","url":"","countryIso2":"LU","countryName":"Luxembourg","hotelRating":"3","latitude":"49.8129","longitude":"6.4193","state_id":1515,"state_name":"Canton of Echternach","country_id":127},{"active":false,"Giataid":"184439","cityId":66853,"cityName":"Vianden","hotelId":20009276,"hotelName":"La Tourelle","address":"41 Grand-Rue,9410 Vianden,Luxembourg","phones":"","fax":"","email":"","url":"","countryIso2":"LU","countryName":"Luxembourg","hotelRating":"0","latitude":"49.9332","longitude":"6.20547","state_id":1523,"state_name":"Canton of Vianden","country_id":127},{"active":false,"Giataid":"184441","cityId":66853,"cityName":"Vianden","hotelId":20009539,"hotelName":"Oranienburg","address":"126 Grand-Rue,9411 Vianden,Luxembourg","phones":"","fax":"","email":"","url":"","countryIso2":"LU","countryName":"Luxembourg","hotelRating":"3","latitude":"49.9351","longitude":"6.20125","state_id":1523,"state_name":"Canton of Vianden","country_id":127},{"active":false,"Giataid":"205484","cityId":66853,"cityName":"Vianden","hotelId":20009697,"hotelName":"Auberge du Chateau","address":"80 Grand-Rue,9401 Vianden,Luxembourg","phones":"","fax":"","email":"","url":"","countryIso2":"LU","countryName":"Luxembourg","hotelRating":"3","latitude":"49.9333","longitude":"6.20342","state_id":1523,"state_name":"Canton of Vianden","country_id":127},{"active":false,"Giataid":"229677","cityId":30088,"cityName":"Weilerbach","hotelId":20009853,"hotelName":"Schumacher","address":"1 rue de Diekirch,6590 Weilerbach-lez-Echternach,Grand-Duch? de Luxembourg,Luxembourg","phones":"+352720133","fax":"+352728713","email":"hotschum@pt.lu","url":"http://www.hotel-schumacher.lu","countryIso2":"LU","countryName":"Luxembourg","hotelRating":"4","latitude":"49.8324","longitude":"6.38403","state_id":3019,"state_name":"Rhineland-Palatinate","country_id":82},{"active":false,"Giataid":"642856","cityId":66732,"cityName":"Berdorf","hotelId":20009968,"hotelName":"Pansion De Boerderij","address":"44 Rue de Grundhof,6550 Berdorf,Luxembourg","phones":"+35226784610","fax":"+35226784612","email":"info@pensiondeboerderij.com","url":"http://pensiondeboerderij.com/","countryIso2":"LU","countryName":"Luxembourg","hotelRating":"0","latitude":"49.8215","longitude":"6.34345","state_id":1515,"state_name":"Canton of Echternach","country_id":127},{"active":false,"Giataid":"222736","cityId":66749,"cityName":"Clervaux","hotelId":20010380,"hotelName":"Manoir Kasselslay","address":"Maison 21,Roder,9769 Clervaux,Luxembourg","phones":"+352958471","fax":"+35226950272","email":"","url":"http://www.kasselslay.lu","countryIso2":"LU","countryName":"Luxembourg","hotelRating":"4","latitude":"50.0561","longitude":"6.08246","state_id":1521,"state_name":"Canton of Clervaux","country_id":127},{"active":false,"Giataid":"642888","cityId":66853,"cityName":"Vianden","hotelId":20010664,"hotelName":"Cafe Hotel de Ville de Bruxelles","address":"15 Grand-Rue Vianden,9410 Vianden,Luxembourg","phones":"","fax":"","email":"","url":"","countryIso2":"LU","countryName":"Luxembourg","hotelRating":"0","latitude":"49.9333","longitude":"6.20703","state_id":1523,"state_name":"Canton of Vianden","country_id":127},{"active":false,"Giataid":"207931","cityId":66801,"cityName":"Luxembourg","hotelId":20010767,"hotelName":"D'Coque Venue & Accommodations","address":"2 Rue L?on Hengen,2167 Luxemburg City,Luxembourg","phones":"","fax":"","email":"","url":"","countryIso2":"LU","countryName":"Luxembourg","hotelRating":"0","latitude":"49.6252","longitude":"6.15271","state_id":1527,"state_name":"Canton of Luxembourg","country_id":127},{"active":false,"Giataid":"642863","cityId":66836,"cityName":"Schengen","hotelId":20010984,"hotelName":"Youth Hostel Schengen / Remerschen","address":"31 W?istrooss,5440 Remerschen,Luxembourg","phones":"+352262766700","fax":"+352262766730","email":"remerschen@youthhostels.lu","url":"http://youthhostels.lu/de/jugendherbergen/jugendherberge-remerschen-schengen","countryIso2":"LU","countryName":"Luxembourg","hotelRating":"0","latitude":"49.4915","longitude":"6.35247","state_id":1519,"state_name":"Canton of Remich","country_id":127},{"active":false,"Giataid":"609552","cityId":66801,"cityName":"Luxembourg","hotelId":20011249,"hotelName":"Auberge La Veranda","address":"175 Route De Thionville,2611 Luxembourg,Luxembourg","phones":"+352400403","fax":"","email":"","url":"http://laveranda.lu","countryIso2":"LU","countryName":"Luxembourg","hotelRating":"0","latitude":"49.5882","longitude":"6.1424","state_id":1527,"state_name":"Canton of Luxembourg","country_id":127},{"active":false,"Giataid":"205496","cityId":66801,"cityName":"Luxembourg","hotelId":20011576,"hotelName":"Auberge Gaglioti","address":"64 Rue Du Fort Neipperg,2230 Luxemburg City,Luxembourg","phones":"","fax":"","email":"","url":"","countryIso2":"LU","countryName":"Luxembourg","hotelRating":"3","latitude":"49.6015","longitude":"6.13381","state_id":1527,"state_name":"Canton of Luxembourg","country_id":127},{"active":false,"Giataid":"642873","cityId":66796,"cityName":"Larochette","hotelId":20011662,"hotelName":"Youth Hostel Larochette","address":"45 Osterbour,7622 Larochette,Luxembourg","phones":"+352262766550","fax":"+352262766580","email":"larochette@youthhostels.lu","url":"http://youthhostels.lu/de/jugendherbergen/jugendherberge-larochette","countryIso2":"LU","countryName":"Luxembourg","hotelRating":"0","latitude":"49.7892","longitude":"6.21781","state_id":1522,"state_name":"Canton of Mersch","country_id":127},{"active":false,"Giataid":"404888","cityId":66749,"cityName":"Clervaux","hotelId":20012540,"hotelName":"Cornelyshaff","address":"Haaptstrooss 83,9753 Heinerscheid,Luxembourg","phones":"","fax":"","email":"","url":"http://www.booking.com/hotel/lu/cornelyshaff.de.html","countryIso2":"LU","countryName":"Luxembourg","hotelRating":"0","latitude":"50.0965","longitude":"6.08638","state_id":1521,"state_name":"Canton of Clervaux","country_id":127},{"active":false,"Giataid":"642867","cityId":66853,"cityName":"Vianden","hotelId":20012648,"hotelName":"Youth Hostel Vianden","address":"3 Monte du Chteau,9408 Vianden,Luxembourg","phones":"+352262766800","fax":"+352262766830","email":"vianden@youthhostels.lu","url":"http://youthhostels.lu/de/jugendherbergen/jugendherberge-vianden","countryIso2":"LU","countryName":"Luxembourg","hotelRating":"0","latitude":"49.9351","longitude":"6.20058","state_id":1523,"state_name":"Canton of Vianden","country_id":127},{"active":false,"Giataid":"217126","cityId":66853,"cityName":"Vianden","hotelId":20012770,"hotelName":"Restaurant Heintz","address":"55 Grand-Rue,9410 Vianden,Luxembourg","phones":"","fax":"","email":"","url":"","countryIso2":"LU","countryName":"Luxembourg","hotelRating":"3","latitude":"49.9333","longitude":"6.20424","state_id":1523,"state_name":"Canton of Vianden","country_id":127},{"active":false,"Giataid":"936912","cityId":66801,"cityName":"Luxembourg","hotelId":20349415,"hotelName":"Four Stars Appart Hotel","address":"4 Rue Glesener,1630 Luxembourg,Luxembourg","phones":"+35226976288","fax":"","email":"info@mghotels.lu","url":"http://www.mghotels.lu/en/hotels/four-stars","countryIso2":"LU","countryName":"Luxembourg","hotelRating":"0","latitude":"49.6024","longitude":"6.13129","state_id":1527,"state_name":"Canton of Luxembourg","country_id":127},{"active":false,"Giataid":"476789","cityId":66732,"cityName":"Berdorf","hotelId":20349416,"hotelName":"Trail-Inn Natur & Sporthotel","address":"1 route d'Echternach,6550 Berdorf,Luxembourg","phones":"+35226784245","fax":"","email":"info@trail-inn.lu","url":"http://www.trail-inn.lu/","countryIso2":"LU","countryName":"Luxembourg","hotelRating":"3","latitude":"49.8216","longitude":"6.34904","state_id":1515,"state_name":"Canton of Echternach","country_id":127},{"active":false,"Giataid":"450448","cityId":66849,"cityName":"Troisvierges","hotelId":20349417,"hotelName":"Auberge Restaurant Lamy","address":"51 Rue D'asselborn,9907 Troisvierges,Luxembourg","phones":"+352998041","fax":"+352978072","email":"info@lamy.restaurant","url":"http://www.lamy.restaurant/presentation-hotel","countryIso2":"LU","countryName":"Luxembourg","hotelRating":"3","latitude":"50.1142","longitude":"5.98863","state_id":1521,"state_name":"Canton of Clervaux","country_id":127},{"active":false,"Giataid":"900821","cityId":66801,"cityName":"Luxembourg","hotelId":20349418,"hotelName":"CAB Ap'art","address":"29 Rue Philippe II,2340 Luxembourg,Luxembourg","phones":"","fax":"","email":"","url":"","countryIso2":"LU","countryName":"Luxembourg","hotelRating":"0","latitude":"49.6146","longitude":"6.14316","state_id":1527,"state_name":"Canton of Luxembourg","country_id":127},{"active":false,"Giataid":"801104","cityId":66784,"cityName":"Hosingen","hotelId":20349420,"hotelName":"Centre Ecologique Et Touristique Park Housen","address":"12 Parc,9836 Hosingen,Luxembourg","phones":"","fax":"","email":"","url":"","countryIso2":"LU","countryName":"Luxembourg","hotelRating":"0","latitude":"49.9927","longitude":"6.09958","state_id":1521,"state_name":"Canton of Clervaux","country_id":127},{"active":false,"Giataid":"756562","cityId":3541,"cityName":"Strassen","hotelId":20349423,"hotelName":"SHS Suite Home Sweet Strassen III","address":"147 Route D'Arlon,8008 Strassen,Luxembourg","phones":"","fax":"","email":"","url":"","countryIso2":"LU","countryName":"Luxembourg","hotelRating":"0","latitude":"49.6193","longitude":"6.07835","state_id":2064,"state_name":"Tyrol","country_id":15},{"active":false,"Giataid":"725571","cityId":66858,"cityName":"Walferdange","hotelId":20349424,"hotelName":"Hostellerie Stafelter","address":"1 Rue De Dommeldange,7222 Walferdange,Luxembourg","phones":"+352203397","fax":"","email":"info@hostellerie-stafelter.lu","url":"http://www.hostellerie-stafelter.lu","countryIso2":"LU","countryName":"Luxembourg","hotelRating":"0","latitude":"49.6587","longitude":"6.13504","state_id":1527,"state_name":"Canton of Luxembourg","country_id":127},{"active":false,"Giataid":"938586","cityId":66796,"cityName":"Larochette","hotelId":20349425,"hotelName":"B&B Villa Des Dames","address":"24 Rue De Medernach,7619 Larochette,Luxembourg","phones":"","fax":"","email":"infovdd@pt.lu","url":"http://www.villadesdames.com/","countryIso2":"LU","countryName":"Luxembourg","hotelRating":"0","latitude":"49.7835","longitude":"6.2202","state_id":1522,"state_name":"Canton of Mersch","country_id":127},{"active":false,"Giataid":"794581","cityId":66827,"cityName":"Remich","hotelId":20349431,"hotelName":"Hotel Restaurant The Nest","address":"11 Rue De l'Esplanade,5533 Remich,Luxembourg,Luxembourg","phones":"+35226375968","fax":"+35226660058","email":"","url":"http://the-nest.lu","countryIso2":"LU","countryName":"Luxembourg","hotelRating":"0","latitude":"49.5443","longitude":"6.36959","state_id":1519,"state_name":"Canton of Remich","country_id":127},{"active":false,"Giataid":"880106","cityId":66801,"cityName":"Luxembourg","hotelId":20349432,"hotelName":"The Queen Luxury Apartments Villa Vinicia","address":"61 Boulevard De La P?trusse,2320 Luxembourg,Luxembourg","phones":"","fax":"","email":"","url":"http://thequeen.lu/epartments/villa-vinicia","countryIso2":"LU","countryName":"Luxembourg","hotelRating":"0","latitude":"49.6146","longitude":"6.14316","state_id":1527,"state_name":"Canton of Luxembourg","country_id":127},{"active":false,"Giataid":"732805","cityId":3541,"cityName":"Strassen","hotelId":20349434,"hotelName":"SHS Suite Home Sweet Strassen","address":"106 Route d�Arlon,8008 Strassen,Luxembourg","phones":"","fax":"","email":"","url":"","countryIso2":"LU","countryName":"Luxembourg","hotelRating":"0","latitude":"49.6192","longitude":"6.07964","state_id":2064,"state_name":"Tyrol","country_id":15},{"active":false,"Giataid":"936917","cityId":66801,"cityName":"Luxembourg","hotelId":20349436,"hotelName":"Hotel Studios Au P'tit Max","address":"23 Rue De La lavande,1923 Luxembourg,Luxembourg","phones":"+352439519","fax":"","email":"contact@auptitmax.lu","url":"http://auptitmax.lu/kirchberg/lhotel/?lang=en","countryIso2":"LU","countryName":"Luxembourg","hotelRating":"0","latitude":"49.6146","longitude":"6.14316","state_id":1527,"state_name":"Canton of Luxembourg","country_id":127},{"active":false,"Giataid":"221696","cityId":66761,"cityName":"Echternach","hotelId":20349437,"hotelName":"De La Station","address":"10 Route d'Echternach,6250 Scheidgen,Luxembourg","phones":"","fax":"","email":"","url":"","countryIso2":"LU","countryName":"Luxembourg","hotelRating":"4","latitude":"49.7828","longitude":"6.35432","state_id":1515,"state_name":"Canton of Echternach","country_id":127},{"active":false,"Giataid":"404887","cityId":66827,"cityName":"Remich","hotelId":20349440,"hotelName":"Esplanade","address":"l'Esplanade 5,5533 Remich,Luxembourg","phones":"+35223669171","fax":"+35223698924","email":"info@esplanade.lu","url":"http://www.esplanade.lu/","countryIso2":"LU","countryName":"Luxembourg","hotelRating":"3","latitude":"49.5441","longitude":"6.36906","state_id":1519,"state_name":"Canton of Remich","country_id":127},{"active":false,"Giataid":"879612","cityId":66801,"cityName":"Luxembourg","hotelId":20349441,"hotelName":"Vistay Apartments","address":"37-39 Rue De Beggen,1221 Luxembourg,Luxembourg","phones":"","fax":"","email":"info@vistay.lu","url":"http://vistay.lu","countryIso2":"LU","countryName":"Luxembourg","hotelRating":"0","latitude":"49.6146","longitude":"6.14316","state_id":1527,"state_name":"Canton of Luxembourg","country_id":127},{"active":false,"Giataid":"817390","cityId":66765,"cityName":"Esch-sur-Alzette","hotelId":20349442,"hotelName":"Youth Hostel Esch/Alzette","address":"17 Boulevard John Fitzgerald Kennedy,4170 Esch-Sur-Alzette,Luxembourg","phones":"+352262766480","fax":"","email":"esch@youthhostels.lu","url":"http://youthhostels.lu/en/youth-hostels/youth-hostel-esch","countryIso2":"LU","countryName":"Luxembourg","hotelRating":"0","latitude":"49.5104","longitude":"5.94877","state_id":1517,"state_name":"Canton of Esch-sur-Alzette","country_id":127},{"active":false,"Giataid":"405100","cityId":3541,"cityName":"Strassen","hotelId":20349444,"hotelName":"Le Dany","address":"Route d'Arlon 72,8009 Strassen,Luxembourg","phones":"+352450881","fax":"+352450029","email":"info@danyhotel.lu","url":"http://www.danyhotel.lu/","countryIso2":"LU","countryName":"Luxembourg","hotelRating":"3","latitude":"49.619","longitude":"6.08442","state_id":2064,"state_name":"Tyrol","country_id":15},{"active":false,"Giataid":"861650","cityId":66801,"cityName":"Luxembourg","hotelId":20349445,"hotelName":"SHS Suite Home Sweet City 345","address":"345 Rue de Rollingergrund,2441 Luxembourg,Luxembourg","phones":"","fax":"","email":"","url":"","countryIso2":"LU","countryName":"Luxembourg","hotelRating":"0","latitude":"49.6146","longitude":"6.14316","state_id":1527,"state_name":"Canton of Luxembourg","country_id":127},{"active":false,"Giataid":"838582","cityId":66761,"cityName":"Echternach","hotelId":20349446,"hotelName":"B&B Roudenhaff","address":"1 Roudenhaff,6572 Echternach,Luxembourg","phones":"+352720422","fax":"+352727252","email":"info@meyer-ernzen.lu","url":"https://www.meyer-ernzen.lu/startseite/","countryIso2":"LU","countryName":"Luxembourg","hotelRating":"0","latitude":"49.7911","longitude":"6.42386","state_id":1515,"state_name":"Canton of Echternach","country_id":127},{"active":false,"Giataid":"222889","cityId":3541,"cityName":"Strassen","hotelId":20349448,"hotelName":"Hotel Olivier","address":"140a Route d'Arlon,8008 Strassen,Luxembourg","phones":"+352313666","fax":"+352313627","email":"contact@hotel-olivier.com","url":"http://www.hotel-olivier.com","countryIso2":"LU","countryName":"Luxembourg","hotelRating":"4","latitude":"49.62","longitude":"6.07437","state_id":2064,"state_name":"Tyrol","country_id":15},{"active":false,"Giataid":"738568","cityId":66862,"cityName":"Weiswampach","hotelId":20349449,"hotelName":"Hotel Wemperhardt","address":"24 Op der Haart,Wemperhardt,9999 Weiswampach,Luxembourg","phones":"+35226901501","fax":"+35226901500","email":"hotel@wemperhardt.lu","url":"http://www.wemperhardt.lu","countryIso2":"LU","countryName":"Luxembourg","hotelRating":"0","latitude":"50.1487","longitude":"6.05743","state_id":1521,"state_name":"Canton of Clervaux","country_id":127},{"active":false,"Giataid":"956303","cityId":66801,"cityName":"Luxembourg","hotelId":20412716,"hotelName":"Jj32","address":"32 Rue Joseph Junck,Gare,1839 Luxembourg,Luxembourg","phones":"","fax":"","email":"","url":"http://www.jj32.lu","countryIso2":"LU","countryName":"Luxembourg","hotelRating":"1","latitude":"49.6146","longitude":"6.14316","state_id":1527,"state_name":"Canton of Luxembourg","country_id":127},{"active":false,"Giataid":"1004600","cityId":66801,"cityName":"Luxembourg","hotelId":20436582,"hotelName":"The Residence Gare","address":"59 Avenue de la Libert?,Gare,1931 Luxembourg,Luxembourg","phones":"","fax":"","email":"","url":"","countryIso2":"LU","countryName":"Luxembourg","hotelRating":"1","latitude":"49.6146","longitude":"6.14316","state_id":1527,"state_name":"Canton of Luxembourg","country_id":127}]