[{"active":false,"Giataid":"29809","cityId":null,"cityName":"Canach","hotelId":29809,"hotelName":"Mercure Kikuoka Golf Club Hotel","address":"Scheierhaff,5412 Canach,Luxembourg","phones":"+352263541","fax":"+35226354444","email":"H2898@accor-hotels.com","url":"http://www.accorhotels.com/de/hotel-2898-mercure-kikuoka-golf-club/index.shtml","countryIso2":"LU","countryName":"Luxembourg","hotelRating":"4","latitude":"49.5937","longitude":"6.30958","state_id":null,"state_name":null,"country_id":null},{"active":false,"Giataid":"36463","cityId":null,"cityName":"Bad Mondorf","hotelId":36463,"hotelName":"Casino 2000","address":"Rue Th. Flammang,5618 Mondorf-Les-Bains,Grand-Duch? de Luxembourg,Luxembourg","phones":"+35223611213","fax":"+35223611229","email":"info@casino2000.lu","url":"http://www.casino2000.lu","countryIso2":"LU","countryName":"Luxembourg","hotelRating":"4","latitude":"49.5075","longitude":"6.27988","state_id":null,"state_name":null,"country_id":null},{"active":false,"Giataid":"128771","cityId":null,"cityName":"Asselborn","hotelId":128771,"hotelName":"Domaine Du Moulin D'asselborn","address":"Maison 158","phones":"","fax":"","email":"","url":"","countryIso2":"LU","countryName":"Luxembourg","hotelRating":"3","latitude":"50.0881","longitude":"5.96447","state_id":null,"state_name":null,"country_id":null},{"active":false,"Giataid":"184445","cityId":null,"cityName":"Heiderscheid","hotelId":184445,"hotelName":"Bissen","address":"","phones":"","fax":"","email":"","url":"","countryIso2":"LU","countryName":"Luxembourg","hotelRating":"2","latitude":"49.9047","longitude":"5.95627","state_id":null,"state_name":null,"country_id":null},{"active":false,"Giataid":"204471","cityId":null,"cityName":"Bad Mondorf","hotelId":204471,"hotelName":"Hotel de l'Abbaye","address":"8 Avenue Marie-Ad?la?de,5635 Mondorf-les-Bains,Luxembourg","phones":"","fax":"","email":"","url":"","countryIso2":"LU","countryName":"Luxembourg","hotelRating":"4","latitude":"49.5052","longitude":"6.28527","state_id":null,"state_name":null,"country_id":null},{"active":false,"Giataid":"213017","cityId":null,"cityName":"Esch-sur-S?re","hotelId":213017,"hotelName":"Le Postillon","address":"","phones":"","fax":"","email":"","url":"","countryIso2":"LU","countryName":"Luxembourg","hotelRating":"3","latitude":"49.9102","longitude":"5.93525","state_id":null,"state_name":null,"country_id":null},{"active":false,"Giataid":"221167","cityId":null,"cityName":"Mullerthal","hotelId":221167,"hotelName":"Apartment Golf Club Christnach","address":"","phones":"","fax":"","email":"","url":"","countryIso2":"LU","countryName":"Luxembourg","hotelRating":"1","latitude":"49.7903","longitude":"6.30731","state_id":null,"state_name":null,"country_id":null},{"active":false,"Giataid":"221753","cityId":null,"cityName":"Dirbach","hotelId":221753,"hotelName":"Dirbach Plage","address":"Dirbach Plage","phones":"","fax":"","email":"","url":"","countryIso2":"LU","countryName":"Luxembourg","hotelRating":"3","latitude":"49.9199","longitude":"6.03208","state_id":null,"state_name":null,"country_id":null},{"active":false,"Giataid":"221871","cityId":null,"cityName":"Haller","hotelId":221871,"hotelName":"Enzo","address":"","phones":"","fax":"","email":"","url":"","countryIso2":"LU","countryName":"Luxembourg","hotelRating":"4","latitude":"0","longitude":"0","state_id":null,"state_name":null,"country_id":null},{"active":false,"Giataid":"222137","cityId":null,"cityName":"Kautenbach","hotelId":222137,"hotelName":"Hatz","address":"","phones":"","fax":"","email":"","url":"","countryIso2":"LU","countryName":"Luxembourg","hotelRating":"4","latitude":"49.9521","longitude":"6.01657","state_id":null,"state_name":null,"country_id":null},{"active":false,"Giataid":"222643","cityId":null,"cityName":"Grundhof","hotelId":222643,"hotelName":"L'Ernz Noire","address":"","phones":"","fax":"","email":"","url":"","countryIso2":"LU","countryName":"Luxembourg","hotelRating":"3","latitude":"49.8353","longitude":"6.32949","state_id":null,"state_name":null,"country_id":null},{"active":false,"Giataid":"223077","cityId":null,"cityName":"Pommerloch","hotelId":223077,"hotelName":"Pommerloch","address":"2 Wohlber,9638 Pommerloch,Kanton Wiltz,Luxembourg","phones":"","fax":"","email":"","url":"","countryIso2":"LU","countryName":"Luxembourg","hotelRating":"3","latitude":"49.9597","longitude":"5.86066","state_id":null,"state_name":null,"country_id":null},{"active":false,"Giataid":"223234","cityId":null,"cityName":"Eschdorf","hotelId":223234,"hotelName":"Restaurant Braas","address":"","phones":"","fax":"","email":"","url":"","countryIso2":"LU","countryName":"Luxembourg","hotelRating":"3","latitude":"49.8833","longitude":"5.93865","state_id":null,"state_name":null,"country_id":null},{"active":false,"Giataid":"223478","cityId":null,"cityName":"Lipperscheid","hotelId":223478,"hotelName":"Sporthotel Leweck","address":"","phones":"+352990022","fax":"","email":"","url":"","countryIso2":"LU","countryName":"Luxembourg","hotelRating":"4","latitude":"49.9232","longitude":"6.09238","state_id":null,"state_name":null,"country_id":null},{"active":false,"Giataid":"223597","cityId":null,"cityName":"P?tange","hotelId":223597,"hotelName":"Threeland","address":"","phones":"","fax":"","email":"","url":"","countryIso2":"LU","countryName":"Luxembourg","hotelRating":"4","latitude":"49.5577","longitude":"5.86893","state_id":null,"state_name":null,"country_id":null},{"active":false,"Giataid":"229671","cityId":null,"cityName":"Findel","hotelId":229671,"hotelName":"ibis budget Luxembourg Aeroport","address":"Route de Tr?ves,2632 Findel,Luxembourg","phones":"+35242261310","fax":"+35242261320","email":"","url":"http://www.accorhotels.com/en/hotel-3579-ibis-budget-luxembourg-aeroport/index.shtml","countryIso2":"LU","countryName":"Luxembourg","hotelRating":"1","latitude":"49.6333","longitude":"6.20996","state_id":null,"state_name":null,"country_id":null},{"active":false,"Giataid":"369006","cityId":null,"cityName":"Bad Mondorf","hotelId":369006,"hotelName":"Mondorf Parc Hotel","address":"Avenue des Bains,BP 52,5601 Mondorf-les-Bains,Luxembourg","phones":"+35223666500","fax":"+35223666557","email":"domaine@mondorf.lu","url":"http://www.mondorf.lu/hotels/mondorf-parc-hotel/mondorf-parc-hotel.html?___store=de&___from_store=fr","countryIso2":"LU","countryName":"Luxembourg","hotelRating":"4","latitude":"49.5032","longitude":"6.2834","state_id":null,"state_name":null,"country_id":null},{"active":false,"Giataid":"370249","cityId":null,"cityName":"Dommeldange","hotelId":370249,"hotelName":"Atel Grunewald","address":"","phones":"","fax":"","email":"","url":"","countryIso2":"LU","countryName":"Luxembourg","hotelRating":"1","latitude":"49.6355","longitude":"6.14354","state_id":null,"state_name":null,"country_id":null},{"active":false,"Giataid":"380895","cityId":null,"cityName":"Bad Mondorf","hotelId":380895,"hotelName":"Beau Sejour","address":"3 Avenue Dr Klein,5630 Mondorf-les-Bains,Luxembourg","phones":"","fax":"","email":"","url":"","countryIso2":"LU","countryName":"Luxembourg","hotelRating":"3","latitude":"49.5042","longitude":"6.27985","state_id":null,"state_name":null,"country_id":null},{"active":false,"Giataid":"431651","cityId":null,"cityName":"Esch-sur-S?re","hotelId":431651,"hotelName":"Hotel Beau-Site","address":"","phones":"","fax":"","email":"","url":"","countryIso2":"LU","countryName":"Luxembourg","hotelRating":"3","latitude":"49.9115","longitude":"5.93462","state_id":null,"state_name":null,"country_id":null},{"active":false,"Giataid":"451608","cityId":null,"cityName":"Ehnen","hotelId":451608,"hotelName":"Hotel Restaurant - Bamberg","address":"","phones":"","fax":"","email":"","url":"","countryIso2":"LU","countryName":"Luxembourg","hotelRating":"3","latitude":"49.6009","longitude":"6.38782","state_id":null,"state_name":null,"country_id":null},{"active":false,"Giataid":"451749","cityId":null,"cityName":"Bad Mondorf","hotelId":451749,"hotelName":"Dolce Vita","address":"","phones":"","fax":"","email":"","url":"","countryIso2":"LU","countryName":"Luxembourg","hotelRating":"1","latitude":"49.504","longitude":"6.28","state_id":null,"state_name":null,"country_id":null},{"active":false,"Giataid":"451778","cityId":null,"cityName":"Foetz","hotelId":451778,"hotelName":"Hotel Restaurant Dao","address":"","phones":"","fax":"","email":"","url":"","countryIso2":"LU","countryName":"Luxembourg","hotelRating":"1","latitude":"49.5202","longitude":"6.01317","state_id":null,"state_name":null,"country_id":null},{"active":false,"Giataid":"451780","cityId":null,"cityName":"Bad Mondorf","hotelId":451780,"hotelName":"Belle Fontaine","address":"","phones":"","fax":"","email":"","url":"","countryIso2":"LU","countryName":"Luxembourg","hotelRating":"1","latitude":"49.5031","longitude":"6.28022","state_id":null,"state_name":null,"country_id":null},{"active":false,"Giataid":"458960","cityId":null,"cityName":"Kautenbach","hotelId":458960,"hotelName":"Hotel Huberty","address":"3 Duerfstrooss,9663 Kautenbach,Luxembourg","phones":"","fax":"","email":"","url":"","countryIso2":"LU","countryName":"Luxembourg","hotelRating":"1","latitude":"49.9514","longitude":"6.01596","state_id":null,"state_name":null,"country_id":null},{"active":false,"Giataid":"466137","cityId":null,"cityName":"Ansembourg","hotelId":466137,"hotelName":"Temps d'Or Hotel","address":"Vieux Chateau,7411 Ansembourg,Luxembourg","phones":"+35226102595","fax":"+35220202302","email":"","url":"https://www.tempsdor.com/","countryIso2":"LU","countryName":"Luxembourg","hotelRating":"4","latitude":"49.7026","longitude":"6.0373","state_id":null,"state_name":null,"country_id":null},{"active":false,"Giataid":"466979","cityId":null,"cityName":"Senningerberg","hotelId":466979,"hotelName":"Il Castello Borghese","address":"86 route de Tr?ves,2633 Senningerberg,Luxembourg","phones":"+352349001","fax":"","email":"","url":"http://castelloborghese.lu/accueil.html","countryIso2":"LU","countryName":"Luxembourg","hotelRating":"1","latitude":"49.6459","longitude":"6.22669","state_id":null,"state_name":null,"country_id":null},{"active":false,"Giataid":"470506","cityId":null,"cityName":"Lasauvage","hotelId":470506,"hotelName":"Le Presbytere","address":"1, Rue de la Crosni?re,4696 Lasauvage, Differdange,Luxembourg","phones":"+3522658621","fax":"+35226586221","email":"info@presbytere.lu","url":"http://presbytere.lu","countryIso2":"LU","countryName":"Luxembourg","hotelRating":"1","latitude":"49.5207","longitude":"5.83683","state_id":null,"state_name":null,"country_id":null},{"active":false,"Giataid":"609608","cityId":null,"cityName":"Howald","hotelId":609608,"hotelName":"Hotel-Restaurant Chez Anna Et Jean","address":"248 Route De Thionville,2610 Howald,Luxembourg","phones":"","fax":"","email":"","url":"","countryIso2":"LU","countryName":"Luxembourg","hotelRating":"1","latitude":"49.5867","longitude":"6.1432","state_id":null,"state_name":null,"country_id":null},{"active":false,"Giataid":"622296","cityId":null,"cityName":"Bour","hotelId":622296,"hotelName":"Hotel Gwendy","address":"3 Rue de Luxembourg,7412 Bour,Luxembourg","phones":"+352308888","fax":"+352307999","email":"hotelgwendy@online.lu","url":"http://www.gwendy.lu/","countryIso2":"LU","countryName":"Luxembourg","hotelRating":"3","latitude":"49.7017","longitude":"6.0182","state_id":null,"state_name":null,"country_id":null},{"active":false,"Giataid":"622306","cityId":null,"cityName":"Ettelbr?ck","hotelId":622306,"hotelName":"Hotel Herckmans","address":"3 Place de la Resistance,9070 Ettelbr?ck,+352 81 74 28,Luxembourg","phones":"+352817428","fax":"","email":"fredfrey@pt.lu","url":"http://www.lerestone.lu/","countryIso2":"LU","countryName":"Luxembourg","hotelRating":"3","latitude":"49.8465","longitude":"6.09911","state_id":null,"state_name":null,"country_id":null},{"active":false,"Giataid":"622314","cityId":null,"cityName":"Watrange","hotelId":622314,"hotelName":"F&N","address":"Am Eck 14,9690 Watrange,Luxembourg","phones":"","fax":"","email":"","url":"","countryIso2":"LU","countryName":"Luxembourg","hotelRating":"1","latitude":"49.9449","longitude":"5.7838","state_id":null,"state_name":null,"country_id":null},{"active":false,"Giataid":"642855","cityId":null,"cityName":"Weiler zum Turm","hotelId":642855,"hotelName":"Il Fellini","address":"5 Route de Thionville,5771 Weiler-la-Tour,Luxembourg","phones":"","fax":"","email":"","url":"","countryIso2":"LU","countryName":"Luxembourg","hotelRating":"1","latitude":"49.5429","longitude":"6.19985","state_id":null,"state_name":null,"country_id":null},{"active":false,"Giataid":"642857","cityId":null,"cityName":"Hollenfels","hotelId":642857,"hotelName":"Youth Hostel Hollenfels","address":"2 Rue du Ch?teau,7435 Hollenfels,Luxembourg","phones":"+352262766500","fax":"+352262766530","email":"hollenfels@youthhostels.lu","url":"http://youthhostels.lu/de/jugendherbergen/jugendherberge-hollenfels","countryIso2":"LU","countryName":"Luxembourg","hotelRating":"1","latitude":"49.7123","longitude":"6.0505","state_id":null,"state_name":null,"country_id":null},{"active":false,"Giataid":"642865","cityId":null,"cityName":"Bourglinster","hotelId":642865,"hotelName":"Youth Hostel Bourglinster","address":"2 Rue de Gonderange,6161 Bourglinster,Luxembourg","phones":"+352262766350","fax":"+352262766380","email":"bourglinster@youthhostels.lu","url":"http://youthhostels.lu/de/jugendherbergen/jugendherberge-burglinster","countryIso2":"LU","countryName":"Luxembourg","hotelRating":"1","latitude":"49.7022","longitude":"6.21982","state_id":null,"state_name":null,"country_id":null},{"active":false,"Giataid":"642869","cityId":null,"cityName":"Berbourg","hotelId":642869,"hotelName":"Bed and Breakfast Joy's","address":"15A Kelterberg,6830 Berbourg,Luxembourg","phones":"+35226710735","fax":"","email":"bbluxemburg@pt.lu","url":"http://www.bbluxemburg.lu/","countryIso2":"LU","countryName":"Luxembourg","hotelRating":"1","latitude":"49.7304","longitude":"6.38912","state_id":null,"state_name":null,"country_id":null},{"active":false,"Giataid":"642872","cityId":null,"cityName":"Lultzhausen","hotelId":642872,"hotelName":"Youth Hostel Lultzhausen","address":"20 An der Driicht,9666 Lultzhausen,Luxembourg","phones":"+352262766600","fax":"+352262766630","email":"lultzhausen@youthhostels.lu","url":"http://youthhostels.lu/de/jugendherbergen/jugendherberge-lultzhausen","countryIso2":"LU","countryName":"Luxembourg","hotelRating":"1","latitude":"49.9084","longitude":"5.89016","state_id":null,"state_name":null,"country_id":null},{"active":false,"Giataid":"229670","cityId":null,"cityName":"Grundhof","hotelId":20000964,"hotelName":"Brimer","address":"1 Route de Beaufort,6360 Grundhof,Luxembourg","phones":"+3522687871","fax":"+352268763132","email":"info@hotel-brimer.lu","url":"http://www.hotel-brimer.lu","countryIso2":"LU","countryName":"Luxembourg","hotelRating":"4","latitude":"49.8356","longitude":"6.33027","state_id":null,"state_name":null,"country_id":null},{"active":false,"Giataid":"527912","cityId":null,"cityName":"Asselborn","hotelId":20001348,"hotelName":"Auberge du Relais Postal","address":"Maison 164,9940 Asselborn,Luxembourg","phones":"+3522780961","fax":"","email":"","url":"http://www.relaispostal.lu","countryIso2":"LU","countryName":"Luxembourg","hotelRating":"3","latitude":"50.0947","longitude":"5.97069","state_id":null,"state_name":null,"country_id":null},{"active":false,"Giataid":"469214","cityId":null,"cityName":"Senningerberg","hotelId":20002943,"hotelName":"Charly's Gare","address":"2 Rue du Golf,1638 Senningerberg,Luxembourg","phones":"+352341468","fax":"","email":"","url":"http://charlys.lu/","countryIso2":"LU","countryName":"Luxembourg","hotelRating":"0","latitude":"49.6496","longitude":"6.22589","state_id":null,"state_name":null,"country_id":null},{"active":false,"Giataid":"142066","cityId":null,"cityName":"Bad Mondorf","hotelId":20004241,"hotelName":"Du Grand Chef","address":"36 Avenue des Bains,5610 Mondorf-les-Bains,Luxembourg","phones":"","fax":"","email":"","url":"","countryIso2":"LU","countryName":"Luxembourg","hotelRating":"4","latitude":"49.5024","longitude":"6.28066","state_id":null,"state_name":null,"country_id":null},{"active":false,"Giataid":"365368","cityId":null,"cityName":"Heiderscheid","hotelId":20005785,"hotelName":"Camping Fuussekaul","address":"4 Fuussekaul,9156 Heiderscheid,Luxembourg","phones":"+3522688881","fax":"+35226888828","email":"info@fuussekaul.lu","url":"http://www.fuussekaul.lu/index.php?article_id=2&amp;clang=0","countryIso2":"LU","countryName":"Luxembourg","hotelRating":"4","latitude":"49.8779","longitude":"5.99308","state_id":null,"state_name":null,"country_id":null},{"active":false,"Giataid":"554820","cityId":null,"cityName":"Bad Mondorf","hotelId":20006107,"hotelName":"Villa Welcome","address":"Avenue Du Docteur Ernest Feltgen,5601 Mondorf-les-Bains,Luxembourg","phones":"+35223666500","fax":"+35223666557","email":"domaine@mondorf.lu","url":"http://www.mondorf.lu/hotels/villa-welcome/villa-welcome.html","countryIso2":"LU","countryName":"Luxembourg","hotelRating":"3","latitude":"49.5039","longitude":"6.28447","state_id":null,"state_name":null,"country_id":null},{"active":false,"Giataid":"229675","cityId":null,"cityName":"Wallendorf-Pont","hotelId":20008114,"hotelName":"Dimmer","address":"Grenzwee, 2-4,L-9392 Wallendorf-Pont,Luxembourg","phones":"+352836220","fax":"+352869077","email":"","url":"http://www.hoteldimmer.lu","countryIso2":"LU","countryName":"Luxembourg","hotelRating":"3","latitude":"49.874","longitude":"6.28966","state_id":null,"state_name":null,"country_id":null},{"active":false,"Giataid":"108266","cityId":null,"cityName":"Gaichel","hotelId":20010504,"hotelName":"Hotel de la Gaichel - Hobscheid","address":"Maison 5 Route De Mersch,Eischen,8469 Hobscheid,Luxembourg","phones":"","fax":"","email":"","url":"","countryIso2":"LU","countryName":"Luxembourg","hotelRating":"4","latitude":"49.6945","longitude":"5.86802","state_id":null,"state_name":null,"country_id":null},{"active":false,"Giataid":"222063","cityId":null,"cityName":"Mullerthal","hotelId":20011386,"hotelName":"Sport & Golf Hotel Cascades Mullerthal","address":"1 Rue des Rochers,6245 Mullerthal,Luxembourg","phones":"","fax":"","email":"","url":"","countryIso2":"LU","countryName":"Luxembourg","hotelRating":"4","latitude":"49.7903","longitude":"6.30731","state_id":null,"state_name":null,"country_id":null},{"active":false,"Giataid":"233346","cityId":null,"cityName":"Bollendorf-Pont","hotelId":20011888,"hotelName":"Andre","address":"23 Route de Diekirch,6555 Bollendorf-Pont,Luxembourg","phones":"+352720393","fax":"+352728770","email":"","url":"http://www.hotel-andre.lu/","countryIso2":"LU","countryName":"Luxembourg","hotelRating":"4","latitude":"49.8493","longitude":"6.35432","state_id":null,"state_name":null,"country_id":null},{"active":false,"Giataid":"211537","cityId":null,"cityName":"Bad Mondorf","hotelId":20012147,"hotelName":"Windsor","address":"58 Avenue Fran?ois Cl?ment,5612 Mondorf-les-Bains,Luxembourg","phones":"","fax":"","email":"","url":"","countryIso2":"LU","countryName":"Luxembourg","hotelRating":"4","latitude":"49.5041","longitude":"6.27774","state_id":null,"state_name":null,"country_id":null},{"active":false,"Giataid":"796065","cityId":null,"cityName":"Esch-sur-S?re","hotelId":20349419,"hotelName":"Auberge Les Deux Tours","address":"9 Rue Du Pont,9650 Esch-sur-Sure,Luxembourg","phones":"+3522886251","fax":"","email":"info@lesdeuxtours.lu","url":"http://www.lesdeuxtours.lu","countryIso2":"LU","countryName":"Luxembourg","hotelRating":"0","latitude":"49.9115","longitude":"5.93377","state_id":null,"state_name":null,"country_id":null},{"active":false,"Giataid":"818263","cityId":null,"cityName":"Bad Mondorf","hotelId":20349430,"hotelName":"Hotel Restaurant Le Paris","address":"3 Avenue des Bains,5610 Mondorf-les-Bains,Luxembourg","phones":"","fax":"","email":"","url":"","countryIso2":"LU","countryName":"Luxembourg","hotelRating":"0","latitude":"49.5043","longitude":"6.281","state_id":null,"state_name":null,"country_id":null},{"active":false,"Giataid":"159409","cityId":null,"cityName":"Foetz","hotelId":20349433,"hotelName":"de Foetz","address":"1 Rue de l'Avenir,3895 Foetz,Luxembourg","phones":"","fax":"","email":"","url":"","countryIso2":"LU","countryName":"Luxembourg","hotelRating":"3","latitude":"49.5232","longitude":"6.00957","state_id":null,"state_name":null,"country_id":null}]