[{"active":false,"Giataid":"370845","cityId":17353,"cityName":"Pointe-Noire","hotelId":370845,"hotelName":"Atlantic Palace","address":"Po Box 1212,Pointe Noire,Congo","phones":"+24266700700","fax":"","email":"","url":"","countryIso2":"CG","countryName":"Congo","hotelRating":"4","latitude":"-4.79963","longitude":"11.8432","state_id":2863,"state_name":"Pointe-Noire","country_id":50},{"active":false,"Giataid":"544842","cityId":17353,"cityName":"Pointe-Noire","hotelId":544842,"hotelName":"Hotel Palm Beach","address":"Route Bord de Mer,Cote Sauvage,B.P 4450,Pointe Noire,Congo","phones":"+24257122222","fax":"","email":"info@palmbeachcongo.com","url":"http://www.palmbeachcongo.com/","countryIso2":"CG","countryName":"Congo","hotelRating":"4","latitude":"-4.80284","longitude":"11.8389","state_id":2863,"state_name":"Pointe-Noire","country_id":50},{"active":false,"Giataid":"588039","cityId":17353,"cityName":"Pointe-Noire","hotelId":588039,"hotelName":"Hotel Saint Jacques - Centre Ville","address":"Proche du Consulat d'Italie,City Center,Pointe Noire,Congo","phones":"+24255122298","fax":"","email":"","url":"http://www.hotels-saintjacques.com/en/pointe_noire_middle_town/","countryIso2":"CG","countryName":"Congo","hotelRating":"3","latitude":"-4.77002","longitude":"11.8681","state_id":2863,"state_name":"Pointe-Noire","country_id":50},{"active":false,"Giataid":"611263","cityId":17353,"cityName":"Pointe-Noire","hotelId":611263,"hotelName":"Residence Saint-Jacques Hotel","address":"146 Avenue Ngueli  Ngueli,Pointe Noire,Congo","phones":"+24255302610","fax":"","email":"","url":"http://www.hotels-saintjacques.com/en/pointe_noire_sea_side/","countryIso2":"CG","countryName":"Congo","hotelRating":"3","latitude":"-4.81005","longitude":"11.8464","state_id":2863,"state_name":"Pointe-Noire","country_id":50},{"active":false,"Giataid":"627332","cityId":17339,"cityName":"Brazzaville","hotelId":627332,"hotelName":"Villa Monama","address":"","phones":"+24266729700","fax":"","email":"","url":"","countryIso2":"CG","countryName":"Congo","hotelRating":"1","latitude":"-4.28335","longitude":"15.2502","state_id":2870,"state_name":"Brazzaville","country_id":50},{"active":false,"Giataid":"627334","cityId":17339,"cityName":"Brazzaville","hotelId":627334,"hotelName":"Eclipse Hotel","address":"","phones":"","fax":"","email":"","url":"","countryIso2":"CG","countryName":"Congo","hotelRating":"1","latitude":"-4.2994","longitude":"15.2579","state_id":2870,"state_name":"Brazzaville","country_id":50},{"active":false,"Giataid":"627335","cityId":17339,"cityName":"Brazzaville","hotelId":627335,"hotelName":"Hotel le Paradis","address":"Avenue de L'amitie,Brazzaville,Congo","phones":"","fax":"","email":"","url":"","countryIso2":"CG","countryName":"Congo","hotelRating":"1","latitude":"-4.26938","longitude":"15.2785","state_id":2870,"state_name":"Brazzaville","country_id":50},{"active":false,"Giataid":"627336","cityId":17353,"cityName":"Pointe-Noire","hotelId":627336,"hotelName":"Kactus Lodge","address":"","phones":"+24266000073","fax":"","email":"","url":"","countryIso2":"CG","countryName":"Congo","hotelRating":"1","latitude":"-4.79554","longitude":"11.8534","state_id":2863,"state_name":"Pointe-Noire","country_id":50},{"active":false,"Giataid":"627341","cityId":17353,"cityName":"Pointe-Noire","hotelId":627341,"hotelName":"L'Orchidee Hotel","address":"Avenue Emeraude,Pointe Noire,Congo","phones":"+24244441111","fax":"","email":"lorchideehotel@yahoo.fr","url":"http://lorchideehotel.com/en/index.php","countryIso2":"CG","countryName":"Congo","hotelRating":"1","latitude":"-4.80147","longitude":"11.8411","state_id":2863,"state_name":"Pointe-Noire","country_id":50},{"active":false,"Giataid":"627342","cityId":17353,"cityName":"Pointe-Noire","hotelId":627342,"hotelName":"Residence La villa","address":"179 Avenue Jean Marie Concko,Pointe Noire,Congo","phones":"+2429538585","fax":"","email":"residence.lavilla@yahoo.fr","url":"http://www.lavilla-residence.com/","countryIso2":"CG","countryName":"Congo","hotelRating":"1","latitude":"-4.80147","longitude":"11.8411","state_id":2863,"state_name":"Pointe-Noire","country_id":50},{"active":false,"Giataid":"627343","cityId":17353,"cityName":"Pointe-Noire","hotelId":627343,"hotelName":"Makotongo Hotel","address":"","phones":"","fax":"","email":"","url":"","countryIso2":"CG","countryName":"Congo","hotelRating":"1","latitude":"-4.80147","longitude":"11.8411","state_id":2863,"state_name":"Pointe-Noire","country_id":50},{"active":false,"Giataid":"627345","cityId":17353,"cityName":"Pointe-Noire","hotelId":627345,"hotelName":"Hilary Hotel","address":"Avenue de l'a?roport,Quartier a?roport,B.P. 272,Pointe-Noire,Congo","phones":"+24257302721","fax":"","email":"reservation@hilaryhotel.com","url":"http://www.hilaryhotel.com/","countryIso2":"CG","countryName":"Congo","hotelRating":"1","latitude":"-4.81717","longitude":"11.877","state_id":2863,"state_name":"Pointe-Noire","country_id":50},{"active":false,"Giataid":"611263","cityId":17353,"cityName":"Pointe-Noire","hotelId":680800,"hotelName":"Hotel Saint Jacques Pointe Noire Bord De Mer","address":"146 Avenue Ngueli  Ngueli,Pointe Noire,Congo","phones":"+24255302610","fax":"","email":"","url":"http://www.hotels-saintjacques.com/fr/pointe_noire_bord_de_mer/","countryIso2":"CG","countryName":"Congo","hotelRating":"1","latitude":"-4.80147","longitude":"11.8411","state_id":2863,"state_name":"Pointe-Noire","country_id":50},{"active":false,"Giataid":"724295","cityId":17339,"cityName":"Brazzaville","hotelId":724295,"hotelName":"Olympic Palace","address":"15 Avenue de L'amitie,Bp 1050,Brazzaville,Congo","phones":"+24233972392121","fax":"","email":"","url":"http://www.olympic-palace-hotel.net","countryIso2":"CG","countryName":"Congo","hotelRating":"5","latitude":"-4.27214","longitude":"15.2713","state_id":2870,"state_name":"Brazzaville","country_id":50},{"active":false,"Giataid":"725579","cityId":17353,"cityName":"Pointe-Noire","hotelId":725579,"hotelName":"Hotel Elais Pointe-Noire","address":"Boulevard G?n?ral de Gaulle,Bp 790,Pointe-Noire,Congo","phones":"+242222941251","fax":"","email":"info.pn@hotelelais.com","url":"http://www.hotelelais.com/en/pointe_noire","countryIso2":"CG","countryName":"Congo","hotelRating":"1","latitude":"-4.79771","longitude":"11.849","state_id":2863,"state_name":"Pointe-Noire","country_id":50},{"active":false,"Giataid":"725664","cityId":17339,"cityName":"Brazzaville","hotelId":725664,"hotelName":"Riviera Hotel Brazzaville","address":"105 Avenue Du Marechal Gallieni,Brazzaville,Congo","phones":"","fax":"","email":"","url":"","countryIso2":"CG","countryName":"Congo","hotelRating":"1","latitude":"-4.26525","longitude":"15.2962","state_id":2870,"state_name":"Brazzaville","country_id":50},{"active":false,"Giataid":"729407","cityId":17339,"cityName":"Brazzaville","hotelId":729407,"hotelName":"Moungali Hotel Residence","address":"66 Bis Lenine Moungali Street,Brazzaville,Congo","phones":"","fax":"","email":"","url":"","countryIso2":"CG","countryName":"Congo","hotelRating":"1","latitude":"-4.25594","longitude":"15.2803","state_id":2870,"state_name":"Brazzaville","country_id":50},{"active":false,"Giataid":"801722","cityId":17339,"cityName":"Brazzaville","hotelId":801722,"hotelName":"Novo Hotel","address":"20 Rue Likouala,Avenue De La Paix,Poto Poto,Brazzaville,Congo","phones":"","fax":"","email":"direction@novo-hotel.org","url":"http://novo-hotel.org","countryIso2":"CG","countryName":"Congo","hotelRating":"1","latitude":"-4.26938","longitude":"15.2785","state_id":2870,"state_name":"Brazzaville","country_id":50},{"active":false,"Giataid":"801731","cityId":17339,"cityName":"Brazzaville","hotelId":801731,"hotelName":"Hotel Imongui","address":"234 Rue Sahara Plateaux Ville Ex Tresor,Brazzaville,Congo","phones":"","fax":"","email":"","url":"","countryIso2":"CG","countryName":"Congo","hotelRating":"1","latitude":"-4.26938","longitude":"15.2785","state_id":2870,"state_name":"Brazzaville","country_id":50},{"active":false,"Giataid":"801734","cityId":17353,"cityName":"Pointe-Noire","hotelId":801734,"hotelName":"Roxane Theresa Hotel","address":"Route De La Frontiere,Quartier Tchimbamba,Post Box 1792,Pointe Noire,Congo","phones":"","fax":"","email":"","url":"","countryIso2":"CG","countryName":"Congo","hotelRating":"1","latitude":"-4.80147","longitude":"11.8411","state_id":2863,"state_name":"Pointe-Noire","country_id":50},{"active":false,"Giataid":"801739","cityId":17339,"cityName":"Brazzaville","hotelId":801739,"hotelName":"Hotel Steven","address":"132 Bis Rue Lenin,Brazzaville,Congo","phones":"","fax":"","email":"","url":"","countryIso2":"CG","countryName":"Congo","hotelRating":"1","latitude":"-4.26938","longitude":"15.2785","state_id":2870,"state_name":"Brazzaville","country_id":50},{"active":false,"Giataid":"801755","cityId":17353,"cityName":"Pointe-Noire","hotelId":801755,"hotelName":"Residence Pemba","address":"75 Rue Mouhete Quartier Songolo,Pointe-Noire,Congo","phones":"","fax":"","email":"","url":"","countryIso2":"CG","countryName":"Congo","hotelRating":"1","latitude":"-4.80147","longitude":"11.8411","state_id":2863,"state_name":"Pointe-Noire","country_id":50},{"active":false,"Giataid":"801756","cityId":17339,"cityName":"Brazzaville","hotelId":801756,"hotelName":"Hotel Delta","address":"21 Rue Mbiemo,Brazzaville,Congo","phones":"","fax":"","email":"","url":"","countryIso2":"CG","countryName":"Congo","hotelRating":"1","latitude":"-4.26938","longitude":"15.2785","state_id":2870,"state_name":"Brazzaville","country_id":50},{"active":false,"Giataid":"801765","cityId":17339,"cityName":"Brazzaville","hotelId":801765,"hotelName":"Edmond Hotel","address":"24 Avenue Des 3 Martyrs,Brazzaville,Congo","phones":"","fax":"","email":"","url":"","countryIso2":"CG","countryName":"Congo","hotelRating":"1","latitude":"-4.26938","longitude":"15.2785","state_id":2870,"state_name":"Brazzaville","country_id":50},{"active":false,"Giataid":"802512","cityId":17353,"cityName":"Pointe-Noire","hotelId":802512,"hotelName":"L'Eden Hotel","address":"3 Rue Michel Poaty,Mpita,Pointe-Noire,Congo","phones":"","fax":"","email":"","url":"","countryIso2":"CG","countryName":"Congo","hotelRating":"1","latitude":"-4.80147","longitude":"11.8411","state_id":2863,"state_name":"Pointe-Noire","country_id":50},{"active":false,"Giataid":"802524","cityId":17339,"cityName":"Brazzaville","hotelId":802524,"hotelName":"Hotel Africa","address":"Rue Kouyou,Brazzaville,Congo","phones":"","fax":"","email":"","url":"","countryIso2":"CG","countryName":"Congo","hotelRating":"1","latitude":"-4.26938","longitude":"15.2785","state_id":2870,"state_name":"Brazzaville","country_id":50},{"active":false,"Giataid":"802527","cityId":17339,"cityName":"Brazzaville","hotelId":802527,"hotelName":"Bold Hotel","address":"Rue De Reims,Face De BGFI Bank,Brazzaville,Congo","phones":"","fax":"","email":"","url":"","countryIso2":"CG","countryName":"Congo","hotelRating":"1","latitude":"-4.26938","longitude":"15.2785","state_id":2870,"state_name":"Brazzaville","country_id":50},{"active":false,"Giataid":"802562","cityId":17339,"cityName":"Brazzaville","hotelId":802562,"hotelName":"Hotel De l'Aeroport","address":"Rue Voula,Brazzaville,Congo","phones":"","fax":"","email":"","url":"","countryIso2":"CG","countryName":"Congo","hotelRating":"1","latitude":"-4.26938","longitude":"15.2785","state_id":2870,"state_name":"Brazzaville","country_id":50},{"active":false,"Giataid":"802567","cityId":17339,"cityName":"Brazzaville","hotelId":802567,"hotelName":"Hotel Gardenia","address":"50 Rue Docteur Curreaux,Brazzaville,Congo","phones":"","fax":"","email":"","url":"","countryIso2":"CG","countryName":"Congo","hotelRating":"1","latitude":"-4.26938","longitude":"15.2785","state_id":2870,"state_name":"Brazzaville","country_id":50},{"active":false,"Giataid":"802574","cityId":17353,"cityName":"Pointe-Noire","hotelId":802574,"hotelName":"Hotel Ndoko","address":"Route Raffinerie Coraf Arret Abia Ba Guete,Pointe Noire,Congo","phones":"","fax":"","email":"","url":"","countryIso2":"CG","countryName":"Congo","hotelRating":"1","latitude":"-4.80147","longitude":"11.8411","state_id":2863,"state_name":"Pointe-Noire","country_id":50},{"active":false,"Giataid":"802586","cityId":17339,"cityName":"Brazzaville","hotelId":802586,"hotelName":"Hotel Ghiclain","address":"4 Avenue Bota,Brazzaville,Congo","phones":"","fax":"","email":"","url":"","countryIso2":"CG","countryName":"Congo","hotelRating":"1","latitude":"-4.26938","longitude":"15.2785","state_id":2870,"state_name":"Brazzaville","country_id":50},{"active":false,"Giataid":"802600","cityId":17339,"cityName":"Brazzaville","hotelId":802600,"hotelName":"Petite Residence Hotel","address":"2106 Rue Fouekele,Pres Mairie Makelele,Brazzaville,Congo","phones":"","fax":"","email":"","url":"","countryIso2":"CG","countryName":"Congo","hotelRating":"1","latitude":"-4.26938","longitude":"15.2785","state_id":2870,"state_name":"Brazzaville","country_id":50},{"active":false,"Giataid":"804954","cityId":17353,"cityName":"Pointe-Noire","hotelId":804954,"hotelName":"Hotel Logis Manthey","address":"B 64 Rue Du Warf,Partant De L'Aeroport,L'Hotel Est Un Peu Avant Hotel Azur,Pointe Noire,Congo","phones":"","fax":"","email":"","url":"","countryIso2":"CG","countryName":"Congo","hotelRating":"1","latitude":"-4.80147","longitude":"11.8411","state_id":2863,"state_name":"Pointe-Noire","country_id":50},{"active":false,"Giataid":"805049","cityId":17339,"cityName":"Brazzaville","hotelId":805049,"hotelName":"Leon Hotel Brazzaville","address":"CL7 Avenue Du Colonel Brisset,Centre-Ville,Brazzaville,Congo","phones":"+242222812311","fax":"","email":"contact@leon-hotel-brazzaville.com","url":"http://www.leon-hotel-brazzaville.com","countryIso2":"CG","countryName":"Congo","hotelRating":"1","latitude":"-4.26938","longitude":"15.2785","state_id":2870,"state_name":"Brazzaville","country_id":50},{"active":false,"Giataid":"808541","cityId":17339,"cityName":"Brazzaville","hotelId":808541,"hotelName":"Pefaco Hotel Maya Maya","address":"Boulevard Denis Sassou Nguesso,Brazzaville,Congo","phones":"","fax":"","email":"info@pefacohotelmayamaya.com","url":"http://www.pefacohotelmayamaya.com","countryIso2":"CG","countryName":"Congo","hotelRating":"5","latitude":"-4.26938","longitude":"15.2785","state_id":2870,"state_name":"Brazzaville","country_id":50},{"active":false,"Giataid":"808565","cityId":17353,"cityName":"Pointe-Noire","hotelId":808565,"hotelName":"Le Meryl","address":"Avenue Jacques Opango,Centre-Ville,Pointe-Noire,Congo","phones":"","fax":"","email":"","url":"","countryIso2":"CG","countryName":"Congo","hotelRating":"1","latitude":"-4.80147","longitude":"11.8411","state_id":2863,"state_name":"Pointe-Noire","country_id":50},{"active":false,"Giataid":"812252","cityId":17339,"cityName":"Brazzaville","hotelId":812252,"hotelName":"Class Hotel","address":"Brazzaville,Congo","phones":"","fax":"","email":"","url":"","countryIso2":"CG","countryName":"Congo","hotelRating":"1","latitude":"-4.26938","longitude":"15.2785","state_id":2870,"state_name":"Brazzaville","country_id":50},{"active":false,"Giataid":"813288","cityId":17353,"cityName":"Pointe-Noire","hotelId":813288,"hotelName":"Hotel Chez Wou","address":"23 Avenue de l'Emeraude,BP 4469,Pointe-Noire,Congo","phones":"","fax":"","email":"","url":"","countryIso2":"CG","countryName":"Congo","hotelRating":"1","latitude":"-4.80147","longitude":"11.8411","state_id":2863,"state_name":"Pointe-Noire","country_id":50},{"active":false,"Giataid":"813347","cityId":17353,"cityName":"Pointe-Noire","hotelId":813347,"hotelName":"Residence Archange","address":"Quatier Siafoumou Vers La Clinique Dr Mongo,Pointe Noire,Congo","phones":"","fax":"","email":"","url":"","countryIso2":"CG","countryName":"Congo","hotelRating":"1","latitude":"-4.80147","longitude":"11.8411","state_id":2863,"state_name":"Pointe-Noire","country_id":50},{"active":false,"Giataid":"815578","cityId":17339,"cityName":"Brazzaville","hotelId":815578,"hotelName":"Top Net Travel","address":"49 Rue Mbochis,Poto,Brazzaville,Congo","phones":"","fax":"","email":"","url":"","countryIso2":"CG","countryName":"Congo","hotelRating":"1","latitude":"-4.26938","longitude":"15.2785","state_id":2870,"state_name":"Brazzaville","country_id":50},{"active":false,"Giataid":"818402","cityId":17339,"cityName":"Brazzaville","hotelId":818402,"hotelName":"Pacific Hotel","address":"28 Rue Kouilou,La Poudriere 1Er Arret Au Bord De L'aeroport,Brazzaville,Congo","phones":"","fax":"","email":"contacts@hotels-pacific.com","url":"http://www.hotels-pacific.com","countryIso2":"CG","countryName":"Congo","hotelRating":"1","latitude":"-4.26938","longitude":"15.2785","state_id":2870,"state_name":"Brazzaville","country_id":50},{"active":false,"Giataid":"822268","cityId":17339,"cityName":"Brazzaville","hotelId":822268,"hotelName":"Hotel De La Paix Brazzaville","address":"46 L'avenue De La Paix,Rue Yakomas Croissement Sur,Brazzaville,Congo","phones":"","fax":"","email":"","url":"","countryIso2":"CG","countryName":"Congo","hotelRating":"1","latitude":"-4.26938","longitude":"15.2785","state_id":2870,"state_name":"Brazzaville","country_id":50},{"active":false,"Giataid":"841023","cityId":17339,"cityName":"Brazzaville","hotelId":841023,"hotelName":"Hotel le Tresor 2","address":"Avenue F?lix Eboue en face du Tresor public - Centre ville,Brazzaville,Congo","phones":"","fax":"","email":"","url":"","countryIso2":"CG","countryName":"Congo","hotelRating":"1","latitude":"-4.26938","longitude":"15.2785","state_id":2870,"state_name":"Brazzaville","country_id":50},{"active":false,"Giataid":"841047","cityId":17353,"cityName":"Pointe-Noire","hotelId":841047,"hotelName":"ETS Hong Kong Hotel","address":"Avenue Marien Ngouabi Km4,Pointe-Noire,Congo","phones":"","fax":"","email":"","url":"","countryIso2":"CG","countryName":"Congo","hotelRating":"1","latitude":"-4.80147","longitude":"11.8411","state_id":2863,"state_name":"Pointe-Noire","country_id":50},{"active":false,"Giataid":"404255","cityId":17339,"cityName":"Brazzaville","hotelId":10061020,"hotelName":"Ledger Plaza Maya Maya","address":"Avenue Auxence Ickonga,BP 1178,Brazzaville,Congo","phones":"242-056-669595","fax":"","email":"","url":"http://www.laicohotels.com","countryIso2":"CG","countryName":"Congo","hotelRating":"5","latitude":"-4.26779","longitude":"15.2757","state_id":2870,"state_name":"Brazzaville","country_id":50},{"active":false,"Giataid":"419431","cityId":17339,"cityName":"Brazzaville","hotelId":10064791,"hotelName":"Mikhael's","address":"67 Nelson Mandela Avenue,P.O. Box 14057,Brazzaville,Congo","phones":"+24253666660","fax":"","email":"","url":"","countryIso2":"CG","countryName":"Congo","hotelRating":"4","latitude":"-4.27084","longitude":"15.2813","state_id":2870,"state_name":"Brazzaville","country_id":50},{"active":false,"Giataid":"588382","cityId":17339,"cityName":"Brazzaville","hotelId":20000915,"hotelName":"GHS Hotel","address":"Boulevard Denis Sassou Nguesso,Brazzaville,Congo","phones":"+24250122222","fax":"","email":"reservation@ghsafrica.com","url":"http://www.ghscongo.com/","countryIso2":"CG","countryName":"Congo","hotelRating":"4","latitude":"-4.27342","longitude":"15.2826","state_id":2870,"state_name":"Brazzaville","country_id":50},{"active":false,"Giataid":"586820","cityId":17339,"cityName":"Brazzaville","hotelId":20001371,"hotelName":"Radisson Blu M'Bamou Palace Hotel","address":"Avenue Amilcar Cabral Centre Ville,Brazzaville,Congo","phones":"+24250506060","fax":"+24250506061","email":"reservations.brazzaville@radissonblu.com","url":"https://www.radissonblu.com/en/hotel-brazzaville","countryIso2":"CG","countryName":"Congo","hotelRating":"4","latitude":"-4.27639","longitude":"15.2838","state_id":2870,"state_name":"Brazzaville","country_id":50},{"active":false,"Giataid":"612405","cityId":17339,"cityName":"Brazzaville","hotelId":20001593,"hotelName":"Hotel Residence Marina","address":"Avenue Charles Foucault,Brazzaville,Congo","phones":"+24266558555","fax":"","email":"Reservation@marinacongo.com","url":"http://www.marinacongo.com/","countryIso2":"CG","countryName":"Congo","hotelRating":"3","latitude":"-4.27527","longitude":"15.2777","state_id":2870,"state_name":"Brazzaville","country_id":50},{"active":false,"Giataid":"550571","cityId":17339,"cityName":"Brazzaville","hotelId":20002029,"hotelName":"Residence Saint-jacques Brazzaville","address":"381 Rue du Ruisseau,Centreville,Brazzaville,Congo","phones":"+24255499081","fax":"","email":"","url":"http://www.hotels-saintjacques.com/fr/brazzaville_centre_ville/","countryIso2":"CG","countryName":"Congo","hotelRating":"3","latitude":"-4.26778","longitude":"15.2919","state_id":2870,"state_name":"Brazzaville","country_id":50},{"active":false,"Giataid":"627338","cityId":17339,"cityName":"Brazzaville","hotelId":20002226,"hotelName":"Hotel Muesse","address":"8 Avenue Rajec,BP 14859,DJIRI,Kintele,Brazzaville,Congo","phones":"+24255966300","fax":"","email":"fleriche@hotelmuesse.com","url":"http://hotelmuesse.com/","countryIso2":"CG","countryName":"Congo","hotelRating":"0","latitude":"-4.27545","longitude":"15.2411","state_id":2870,"state_name":"Brazzaville","country_id":50}]