[{"active":false,"Giataid":"228909","cityId":null,"cityName":"Le?n","hotelId":228909,"hotelName":"Europa","address":"3ra Calle Noreste,4ta Avenida,De Petronic San Juan,1 cuadra al Norte,Le?n,Nicaragua","phones":"+50523110016","fax":"","email":"heuropaleon@hotmail.com","url":"","countryIso2":"NI","countryName":"Nicaragua","hotelRating":"1","latitude":"12.4385","longitude":"-86.8746","state_id":null,"state_name":null,"country_id":null},{"active":false,"Giataid":"429847","cityId":null,"cityName":"Little Corn Island","hotelId":429847,"hotelName":"Yemaya Island Hideaway & Spa","address":"Northern End,82100 Little Corn Island,Nicaragua","phones":"","fax":"","email":"","url":"","countryIso2":"NI","countryName":"Nicaragua","hotelRating":"4","latitude":"12.3016","longitude":"-82.9851","state_id":null,"state_name":null,"country_id":null},{"active":false,"Giataid":"459260","cityId":null,"cityName":"Le?n","hotelId":459260,"hotelName":"Hostal Leon De Oro","address":"","phones":"","fax":"","email":"","url":"","countryIso2":"NI","countryName":"Nicaragua","hotelRating":"1","latitude":"12.4419","longitude":"-86.876","state_id":null,"state_name":null,"country_id":null},{"active":false,"Giataid":"466662","cityId":null,"cityName":"Mechapa","hotelId":466662,"hotelName":"Redwood Beach Resort","address":"13 km Norte del Empalme Cosiguina 3 km Al Oeste,Las Cabanas,11111 Mechapa,Chinandega,Nicaragua","phones":"+50589960328","fax":"","email":"info@rbrmechapa.com","url":"http://www.redwoodbeachresort.com","countryIso2":"NI","countryName":"Nicaragua","hotelRating":"3","latitude":"12.8361","longitude":"-87.5846","state_id":null,"state_name":null,"country_id":null},{"active":false,"Giataid":"467836","cityId":null,"cityName":"San Ram?n","hotelId":467836,"hotelName":"Hotel y Restaurante El Sueno de la Campana","address":"Contiguo al Instituto de San Ram?n,San Ram?n � Matagalpa,Nicaragua","phones":"+50527729730","fax":"","email":"fundacionlacampana@gmail.com","url":"http://fundacionlacampana.es/web/index.php","countryIso2":"NI","countryName":"Nicaragua","hotelRating":"1","latitude":"12.9251","longitude":"-85.8432","state_id":null,"state_name":null,"country_id":null},{"active":false,"Giataid":"470243","cityId":null,"cityName":"Le?n","hotelId":470243,"hotelName":"Hotel Flor De Sarta","address":"Parque San Juan, 2c. Oeste, 1/2 c. Norte","phones":"","fax":"","email":"","url":"","countryIso2":"NI","countryName":"Nicaragua","hotelRating":"3","latitude":"12.4402","longitude":"-86.8786","state_id":null,"state_name":null,"country_id":null},{"active":false,"Giataid":"473115","cityId":null,"cityName":"Estel?","hotelId":473115,"hotelName":"Hotel Los Arcos","address":"Del costado noroeste de la Catedral 1/2 c al norte,31000 Estel?,Nicaragua","phones":"+50527133830","fax":"","email":"info@hotelosarcosesteli.com","url":"http://www.hotelosarcosesteli.com/","countryIso2":"NI","countryName":"Nicaragua","hotelRating":"3","latitude":"13.0851","longitude":"-86.363","state_id":null,"state_name":null,"country_id":null},{"active":false,"Giataid":"477170","cityId":null,"cityName":"Poneloya","hotelId":477170,"hotelName":"Hotel Suyapa Beach","address":"Las Penitas Poneloya,Poneloya,Nicaragua","phones":"+50523170217","fax":"+50523116257","email":"info@suyapabeach.com","url":"http://www.suyapabeach.com/?q=en","countryIso2":"NI","countryName":"Nicaragua","hotelRating":"3","latitude":"12.3593","longitude":"-87.0221","state_id":null,"state_name":null,"country_id":null},{"active":false,"Giataid":"508208","cityId":null,"cityName":"Estel?","hotelId":508208,"hotelName":"Hostal Moderno","address":"Costado este de Catedral 2 1/2 al sur,Esteli,Nicaragua","phones":"","fax":"","email":"","url":"","countryIso2":"NI","countryName":"Nicaragua","hotelRating":"1","latitude":"13.0866","longitude":"-86.3583","state_id":null,"state_name":null,"country_id":null},{"active":false,"Giataid":"510175","cityId":null,"cityName":"Estel?","hotelId":510175,"hotelName":"Hotel Los Altos Esteli","address":"Calle Transversal 13,Ccathedral Church 1,Block South 1/2,31000 Esteli,Nicaragua","phones":"+50527135264","fax":"","email":"reservaciones@hotellosaltosesteli.com","url":"http://www.hotellosaltosesteli.com/en/home/","countryIso2":"NI","countryName":"Nicaragua","hotelRating":"3","latitude":"13.0917","longitude":"-86.3555","state_id":null,"state_name":null,"country_id":null},{"active":false,"Giataid":"603265","cityId":null,"cityName":"Las Pe?itas","hotelId":603265,"hotelName":"Nayal Lodge","address":"De La Policia 300meters Al Este,21000 Las Pe?itas,Nicaragua","phones":"+50557150076","fax":"","email":"","url":"http://www.nayallodge.com/","countryIso2":"NI","countryName":"Nicaragua","hotelRating":"1","latitude":"12.3704","longitude":"-87.0343","state_id":null,"state_name":null,"country_id":null},{"active":false,"Giataid":"604438","cityId":null,"cityName":"Le?n","hotelId":604438,"hotelName":"Somar Surf camp & Lodge","address":"","phones":"","fax":"","email":"","url":"","countryIso2":"NI","countryName":"Nicaragua","hotelRating":"1","latitude":"12.4346","longitude":"-86.8781","state_id":null,"state_name":null,"country_id":null},{"active":false,"Giataid":"604442","cityId":null,"cityName":"Estel?","hotelId":604442,"hotelName":"Aparthotel Gueguense","address":"","phones":"+50527142229","fax":"","email":"","url":"","countryIso2":"NI","countryName":"Nicaragua","hotelRating":"1","latitude":"13.0708","longitude":"-86.352","state_id":null,"state_name":null,"country_id":null},{"active":false,"Giataid":"604653","cityId":null,"cityName":"Le?n","hotelId":604653,"hotelName":"Hostal Leyendas","address":"Teatro Municipal Jose de La Cruz Mena,4 1/2 Cuadras Al Oeste,21000 Le?n,Nicaragua","phones":"","fax":"","email":"","url":"","countryIso2":"NI","countryName":"Nicaragua","hotelRating":"1","latitude":"12.4328","longitude":"-86.8872","state_id":null,"state_name":null,"country_id":null},{"active":false,"Giataid":"625757","cityId":null,"cityName":"Pochomil","hotelId":625757,"hotelName":"Casa Larocque","address":"100 Metros Al Este De Vistamar,10000 Pochomil,Nicaragua","phones":"","fax":"","email":"","url":"","countryIso2":"NI","countryName":"Nicaragua","hotelRating":"3","latitude":"11.7751","longitude":"-86.5122","state_id":null,"state_name":null,"country_id":null},{"active":false,"Giataid":"625832","cityId":null,"cityName":"Pochomil","hotelId":625832,"hotelName":"Hotel Casa Pochomil","address":"","phones":"","fax":"","email":"","url":"","countryIso2":"NI","countryName":"Nicaragua","hotelRating":"3","latitude":"11.7646","longitude":"-86.4991","state_id":null,"state_name":null,"country_id":null},{"active":false,"Giataid":"625869","cityId":null,"cityName":"Le?n","hotelId":625869,"hotelName":"Hotel Leon Viejo","address":"","phones":"+50523110485","fax":"","email":"","url":"","countryIso2":"NI","countryName":"Nicaragua","hotelRating":"1","latitude":"12.435","longitude":"-86.8875","state_id":null,"state_name":null,"country_id":null},{"active":false,"Giataid":"625916","cityId":null,"cityName":"Le?n","hotelId":625916,"hotelName":"Hotel Libano","address":"De la Catedral 1/2,Cuadra al Norte,21000 Le?n,Nicaragua","phones":"+50523110857","fax":"","email":"","url":"","countryIso2":"NI","countryName":"Nicaragua","hotelRating":"3","latitude":"12.4357","longitude":"-86.8786","state_id":null,"state_name":null,"country_id":null},{"active":false,"Giataid":"625917","cityId":null,"cityName":"Le?n","hotelId":625917,"hotelName":"Hotel Real Leon","address":"Iglesia Recoleccion 1 1/2","phones":"","fax":"","email":"","url":"","countryIso2":"NI","countryName":"Nicaragua","hotelRating":"2","latitude":"12.4376","longitude":"-86.8753","state_id":null,"state_name":null,"country_id":null},{"active":false,"Giataid":"625919","cityId":null,"cityName":"Le?n","hotelId":625919,"hotelName":"Hotel El Sueno de Meme","address":"Antiguo Colegio Acad?mico Mercantil 3 cuadras abajo,1/2 cuadra al norte,21000 Le?n,Nicaragua","phones":"","fax":"","email":"","url":"","countryIso2":"NI","countryName":"Nicaragua","hotelRating":"1","latitude":"12.4393","longitude":"-86.8836","state_id":null,"state_name":null,"country_id":null},{"active":false,"Giataid":"625931","cityId":null,"cityName":"Las Pe?itas","hotelId":625931,"hotelName":"Bomalu","address":"Desde Cruce Penitas Poneloya 900m Al Sur,Las Penitas,Nicaragua","phones":"+50575325546","fax":"","email":"","url":"","countryIso2":"NI","countryName":"Nicaragua","hotelRating":"1","latitude":"12.3634","longitude":"-87.0266","state_id":null,"state_name":null,"country_id":null},{"active":false,"Giataid":"625933","cityId":null,"cityName":"Estel?","hotelId":625933,"hotelName":"Hotel Don Vito","address":"","phones":"+50527134318","fax":"","email":"","url":"","countryIso2":"NI","countryName":"Nicaragua","hotelRating":"1","latitude":"13.0847","longitude":"-86.355","state_id":null,"state_name":null,"country_id":null},{"active":false,"Giataid":"625944","cityId":null,"cityName":"Estel?","hotelId":625944,"hotelName":"Alameda","address":"","phones":"","fax":"","email":"","url":"","countryIso2":"NI","countryName":"Nicaragua","hotelRating":"1","latitude":"13.0866","longitude":"-86.3583","state_id":null,"state_name":null,"country_id":null},{"active":false,"Giataid":"625947","cityId":null,"cityName":"Las Pe?itas","hotelId":625947,"hotelName":"Simple Beach Lodge","address":"Contiguo a Playa Roca,Las Pe?itas,Nicaragua","phones":"+50576582009","fax":"","email":"","url":"","countryIso2":"NI","countryName":"Nicaragua","hotelRating":"1","latitude":"12.3599","longitude":"-87.0226","state_id":null,"state_name":null,"country_id":null},{"active":false,"Giataid":"625958","cityId":null,"cityName":"El Manchon","hotelId":625958,"hotelName":"Hotel Restaurante Plaza Manchon","address":"Km 70 1/2 carretera Nandaime Rivas,El Manchon,Nicaragua","phones":"","fax":"","email":"","url":"","countryIso2":"NI","countryName":"Nicaragua","hotelRating":"1","latitude":"11.7323","longitude":"-86.0171","state_id":null,"state_name":null,"country_id":null},{"active":false,"Giataid":"625960","cityId":null,"cityName":"Estel?","hotelId":625960,"hotelName":"Hotel El Meson","address":"De La Colonia 1c Al Norte,12085 Estel?,Nicaragua","phones":"","fax":"","email":"","url":"","countryIso2":"NI","countryName":"Nicaragua","hotelRating":"1","latitude":"13.0941","longitude":"-86.3558","state_id":null,"state_name":null,"country_id":null},{"active":false,"Giataid":"625964","cityId":null,"cityName":"Estel?","hotelId":625964,"hotelName":"Hotel El Acuario de Luis","address":"Cotran sur 1/2 cuadra al Norte 800 mts al Este.,Estel?,Nicaragua","phones":"+50527141125","fax":"","email":"acuariousdeluis10@gmail.com","url":"https://acuariousdeluis.online.com.ni/","countryIso2":"NI","countryName":"Nicaragua","hotelRating":"1","latitude":"13.0747","longitude":"-86.3435","state_id":null,"state_name":null,"country_id":null},{"active":false,"Giataid":"625963","cityId":null,"cityName":"Estel?","hotelId":625963,"hotelName":"Casa Hotel Santa Elena","address":"","phones":"+50589307040","fax":"","email":"","url":"","countryIso2":"NI","countryName":"Nicaragua","hotelRating":"1","latitude":"13.0825","longitude":"-86.3561","state_id":null,"state_name":null,"country_id":null},{"active":false,"Giataid":"625969","cityId":null,"cityName":"Estel?","hotelId":625969,"hotelName":"Hotel Mery","address":"Costado Norte Casa Pellas 2 cuadras al Oeste,Estel?,Nicaragua","phones":"","fax":"","email":"","url":"","countryIso2":"NI","countryName":"Nicaragua","hotelRating":"1","latitude":"13.0902","longitude":"-86.3528","state_id":null,"state_name":null,"country_id":null},{"active":false,"Giataid":"626073","cityId":null,"cityName":"Las Pe?itas","hotelId":626073,"hotelName":"Hotelito Dulce Mareas","address":"","phones":"+50588271161","fax":"","email":"","url":"","countryIso2":"NI","countryName":"Nicaragua","hotelRating":"1","latitude":"12.3592","longitude":"-87.0194","state_id":null,"state_name":null,"country_id":null},{"active":false,"Giataid":"626076","cityId":null,"cityName":"Corn Islands","hotelId":626076,"hotelName":"Sunrise Hotel","address":"Via Principal,82100 Big Corn Island,Nicaragua","phones":"","fax":"","email":"","url":"","countryIso2":"NI","countryName":"Nicaragua","hotelRating":"3","latitude":"12.1674","longitude":"-83.0432","state_id":null,"state_name":null,"country_id":null},{"active":false,"Giataid":"626081","cityId":null,"cityName":"Le?n","hotelId":626081,"hotelName":"Hotel Leon del Sol","address":"","phones":"+50523110350","fax":"","email":"","url":"","countryIso2":"NI","countryName":"Nicaragua","hotelRating":"1","latitude":"12.4376","longitude":"-86.8749","state_id":null,"state_name":null,"country_id":null},{"active":false,"Giataid":"626347","cityId":null,"cityName":"Poneloya","hotelId":626347,"hotelName":"Hotel Maritimo","address":"Calle Central Poneloya,Del Ensanche delas Pe?itas giras a la derecha 150 metros al Oeste,00884 Poneloya,Nicaragua","phones":"","fax":"","email":"","url":"","countryIso2":"NI","countryName":"Nicaragua","hotelRating":"1","latitude":"12.3741","longitude":"-87.0373","state_id":null,"state_name":null,"country_id":null},{"active":false,"Giataid":"627248","cityId":null,"cityName":"Estel?","hotelId":627248,"hotelName":"Hostal Azul d' la Selva Esteli","address":"Parque Infantil 2 c. al Oeste, 1/2 c al Norte,Estel?,Nicaragua","phones":"+50527141992","fax":"","email":"reservacion@hostalazulesteli.com","url":"http://www.hostalazulesteli.com/","countryIso2":"NI","countryName":"Nicaragua","hotelRating":"1","latitude":"13.0866","longitude":"-86.3583","state_id":null,"state_name":null,"country_id":null},{"active":false,"Giataid":"627254","cityId":null,"cityName":"Las Pe?itas","hotelId":627254,"hotelName":"El Cardhu del Mar","address":"From Pescanova 50 metres south, on Ocean side of street Kilometer marker 110.7,Las Pe?itas,Nicaragua","phones":"+50586482119","fax":"","email":"","url":"http://www.elcardhudelmar.com/en","countryIso2":"NI","countryName":"Nicaragua","hotelRating":"1","latitude":"12.3679","longitude":"-87.0315","state_id":null,"state_name":null,"country_id":null},{"active":false,"Giataid":"627259","cityId":null,"cityName":"Las Pe?itas","hotelId":627259,"hotelName":"El Belga Loco","address":"Costado Sur de Farallon Aquaculture de Nicaragua,21000 Las Pe?itas,Nicaragua","phones":"","fax":"","email":"","url":"","countryIso2":"NI","countryName":"Nicaragua","hotelRating":"1","latitude":"12.3634","longitude":"-87.0266","state_id":null,"state_name":null,"country_id":null},{"active":false,"Giataid":"627272","cityId":null,"cityName":"Estel?","hotelId":627272,"hotelName":"Casa Vinculos","address":"Del Almac?n Sony 1c. y 1/2 al Oeste,Estel?,Nicaragua","phones":"+50527132044","fax":"","email":"casavinculos@vinculosesteli.org","url":"https://casavinculoseng.wordpress.com/","countryIso2":"NI","countryName":"Nicaragua","hotelRating":"1","latitude":"13.0871","longitude":"-86.3587","state_id":null,"state_name":null,"country_id":null},{"active":false,"Giataid":"627280","cityId":null,"cityName":"Little Corn Island","hotelId":627280,"hotelName":"Las Palmeras","address":"De la policia, 150mts al noroeste,Little Corn Island,Nicaragua","phones":"","fax":"","email":"","url":"","countryIso2":"NI","countryName":"Nicaragua","hotelRating":"1","latitude":"12.2874","longitude":"-82.9831","state_id":null,"state_name":null,"country_id":null},{"active":false,"Giataid":"627310","cityId":null,"cityName":"Las Pe?itas","hotelId":627310,"hotelName":"Playa Roca Hotel","address":"Calle Al Norte Las Penitas,Las Pe?itas,Leon,Nicaragua","phones":"+50523170224","fax":"","email":"info@playarocahotel.com","url":"https://playarocahotel.com/","countryIso2":"NI","countryName":"Nicaragua","hotelRating":"1","latitude":"12.3601","longitude":"-87.0232","state_id":null,"state_name":null,"country_id":null},{"active":false,"Giataid":"627313","cityId":null,"cityName":"Little Corn Island","hotelId":627313,"hotelName":"Sea View","address":"","phones":"","fax":"","email":"","url":"","countryIso2":"NI","countryName":"Nicaragua","hotelRating":"1","latitude":"12.2865","longitude":"-82.9818","state_id":null,"state_name":null,"country_id":null},{"active":false,"Giataid":"627321","cityId":null,"cityName":"Corn Islands","hotelId":627321,"hotelName":"Hotel Morgan","address":"North End,82100 Big Corn Island,Nicaragua","phones":"","fax":"","email":"","url":"http://www.hotelmorganbigcornisland.com/","countryIso2":"NI","countryName":"Nicaragua","hotelRating":"1","latitude":"12.1828","longitude":"-83.0572","state_id":null,"state_name":null,"country_id":null},{"active":false,"Giataid":"627327","cityId":null,"cityName":"Little Corn Island","hotelId":627327,"hotelName":"Hotel Los Delfines","address":"200 m Southeast from Municipal Warf,Little Corn Island,Islas del Ma?z,Regi?n Aut?noma de la Costa Caribe Sur,Nicaragua","phones":"+50584113572","fax":"","email":"hotellosdelfines@hotmail.com","url":"http://www.losdelfineslittlecorn.com/","countryIso2":"NI","countryName":"Nicaragua","hotelRating":"1","latitude":"12.2843","longitude":"-82.9786","state_id":null,"state_name":null,"country_id":null},{"active":false,"Giataid":"707300","cityId":null,"cityName":"La Boquita","hotelId":707300,"hotelName":"Villa Mallen","address":"25 Kms Hacia la Boquita y Casares,La Boquita,Nicaragua","phones":"+50588860777","fax":"","email":"marlen@villamallen.com","url":"http://villamallen.com","countryIso2":"NI","countryName":"Nicaragua","hotelRating":"1","latitude":"11.6641","longitude":"-86.3707","state_id":null,"state_name":null,"country_id":null},{"active":false,"Giataid":"707463","cityId":null,"cityName":"Little Corn Island","hotelId":707463,"hotelName":"Little Corn Beach and Bungalow","address":"Located On The Eastern Coastal Side,Little Corn Island,Nicaragua","phones":"+50589232517","fax":"","email":"info@littlecornbb.com","url":"https://www.littlecornbb.com","countryIso2":"NI","countryName":"Nicaragua","hotelRating":"2","latitude":"12.2893","longitude":"-82.9762","state_id":null,"state_name":null,"country_id":null},{"active":false,"Giataid":"708005","cityId":null,"cityName":"Estel?","hotelId":708005,"hotelName":"Finca Neblina del Bosque","address":"Bus Stop The Rampla 300 meters to west,Miraflor,Reserva Natural Miraflor,Estel? Departamento,Nicaragua","phones":"+50575195685","fax":"","email":"isabelfincaneblina@gmail.com","url":"http://www.neblinadelbosque.com","countryIso2":"NI","countryName":"Nicaragua","hotelRating":"1","latitude":"13.0866","longitude":"-86.3583","state_id":null,"state_name":null,"country_id":null},{"active":false,"Giataid":"709350","cityId":null,"cityName":"Little Corn Island","hotelId":709350,"hotelName":"Las Palmeras Hotel","address":"Del Muelle 600m,Little Corn Island,Nicaragua","phones":"","fax":"","email":"bookme@laspalmeraslittlecorn.com","url":"http://www.laspalmeraslittlecorn.com","countryIso2":"NI","countryName":"Nicaragua","hotelRating":"1","latitude":"12.2865","longitude":"-82.9818","state_id":null,"state_name":null,"country_id":null},{"active":false,"Giataid":"728893","cityId":null,"cityName":"Estel?","hotelId":728893,"hotelName":"Hotel Boutique Marduk Gardens","address":"Km 135 De La Carreterra Panamericana Norte,9 Km Al Oeste y 1 Km al Norte,Estel?,Nicaragua","phones":"+50583833863","fax":"","email":"webmarduk@gmail.com","url":"http://www.hotelmardukgardens.com","countryIso2":"NI","countryName":"Nicaragua","hotelRating":"2","latitude":"13.0866","longitude":"-86.3583","state_id":null,"state_name":null,"country_id":null},{"active":false,"Giataid":"729326","cityId":null,"cityName":"Ometepe","hotelId":729326,"hotelName":"Casa de Amadores","address":"Isla de Ometepe,Los Angeles,Del Parque 700 mts Al Sur,Ometepe Island,Nicaragua","phones":"","fax":"","email":"","url":"","countryIso2":"NI","countryName":"Nicaragua","hotelRating":"1","latitude":"11.5411","longitude":"-85.5963","state_id":null,"state_name":null,"country_id":null},{"active":false,"Giataid":"731817","cityId":null,"cityName":"Le?n","hotelId":731817,"hotelName":"Hotel El Portal 1610","address":"Frente Museo Rub?n Dario,Leon,Nicaragua","phones":"","fax":"","email":"","url":"","countryIso2":"NI","countryName":"Nicaragua","hotelRating":"2","latitude":"12.4351","longitude":"-86.8829","state_id":null,"state_name":null,"country_id":null},{"active":false,"Giataid":"732551","cityId":null,"cityName":"Le?n","hotelId":732551,"hotelName":"Casa de Los Berrios","address":"Cine Gonzalez 2 Y Media Al Sur,Leon,Nicaragua","phones":"","fax":"","email":"","url":"","countryIso2":"NI","countryName":"Nicaragua","hotelRating":"2","latitude":"12.4346","longitude":"-86.8781","state_id":null,"state_name":null,"country_id":null},{"active":false,"Giataid":"732853","cityId":null,"cityName":"Le?n","hotelId":732853,"hotelName":"Hotel Leon Inn","address":"Reparto Fatima Esquina Noreste,Parque Fta 1 Cuadra Al Norte 10 Oeste,Leon,Nicaragua","phones":"","fax":"","email":"","url":"","countryIso2":"NI","countryName":"Nicaragua","hotelRating":"1","latitude":"12.4346","longitude":"-86.8781","state_id":null,"state_name":null,"country_id":null},{"active":false,"Giataid":"732873","cityId":null,"cityName":"Le?n","hotelId":732873,"hotelName":"Paz De Luna B&B","address":"Recolecci?n Church,1 1/2 Blocks North,Leon 21000,Nicaragua","phones":"+50523112581","fax":"","email":"info@pazdelunabb.com","url":"https://www.pazdelunabb.com/","countryIso2":"NI","countryName":"Nicaragua","hotelRating":"1","latitude":"12.4389","longitude":"-86.8772","state_id":null,"state_name":null,"country_id":null},{"active":false,"Giataid":"733900","cityId":null,"cityName":"Le?n","hotelId":733900,"hotelName":"Hostal Casa San Jose","address":"Iglesia San Jose 25,Varas Al Sur,21000 Leon,Nicaragua","phones":"","fax":"","email":"","url":"","countryIso2":"NI","countryName":"Nicaragua","hotelRating":"2","latitude":"12.4346","longitude":"-86.8781","state_id":null,"state_name":null,"country_id":null},{"active":false,"Giataid":"734035","cityId":null,"cityName":"Le?n","hotelId":734035,"hotelName":"Hotel la Recoleccion","address":"1ra Avenida NE Y 2da,Calle De La Catedral 2,Cuadras Al Norte,En frente Iglesia Recolecci?n,21000 Leon,Nicaragua","phones":"","fax":"","email":"","url":"https://larecoleccionnicaragua.com/en/the-hotel/","countryIso2":"NI","countryName":"Nicaragua","hotelRating":"3","latitude":"12.4346","longitude":"-86.8781","state_id":null,"state_name":null,"country_id":null},{"active":false,"Giataid":"734090","cityId":null,"cityName":"Le?n","hotelId":734090,"hotelName":"Hostal Santiago de Los Caballeros","address":"Iglesia San Felipe 1,Cuadra y Media Al Sur,Le?n,Nicaragua","phones":"","fax":"","email":"","url":"","countryIso2":"NI","countryName":"Nicaragua","hotelRating":"2","latitude":"12.4395","longitude":"-86.8809","state_id":null,"state_name":null,"country_id":null},{"active":false,"Giataid":"734141","cityId":null,"cityName":"Le?n","hotelId":734141,"hotelName":"Hotel y Restaurante Charlies Bar BQ","address":"De La Biblioteca Del Banco Central,200mt Al Norte Frente a Pollo Estrella,Leon,Nicaragua","phones":"","fax":"","email":"","url":"","countryIso2":"NI","countryName":"Nicaragua","hotelRating":"1","latitude":"12.4346","longitude":"-86.8781","state_id":null,"state_name":null,"country_id":null},{"active":false,"Giataid":"734751","cityId":null,"cityName":"Le?n","hotelId":734751,"hotelName":"Hostal Ruinas De San Sebastian","address":"South Side San Sebastian Church,Le?n 21000,Nicaragua","phones":"+50523150372","fax":"","email":"hostalsansebastianleon@gmail.com","url":"https://hostalruinasdesansebastianleon.jimdo.com","countryIso2":"NI","countryName":"Nicaragua","hotelRating":"2","latitude":"12.4313","longitude":"-86.8789","state_id":null,"state_name":null,"country_id":null},{"active":false,"Giataid":"735152","cityId":null,"cityName":"Le?n","hotelId":735152,"hotelName":"El Callejon Guest House","address":"Teatro Gonzalez 2 cuadras al sur 1/2,cuadra al Oeste casa color azul # 206,Leon,Nicaragua","phones":"","fax":"","email":"","url":"","countryIso2":"NI","countryName":"Nicaragua","hotelRating":"2","latitude":"12.4346","longitude":"-86.8781","state_id":null,"state_name":null,"country_id":null},{"active":false,"Giataid":"735156","cityId":null,"cityName":"Le?n","hotelId":735156,"hotelName":"Hostal Nicarao II","address":"Parque San Juan 40 metros al Norte,Barrio El San Juan,Leon,Nicaragua","phones":"","fax":"","email":"","url":"","countryIso2":"NI","countryName":"Nicaragua","hotelRating":"1","latitude":"12.4346","longitude":"-86.8781","state_id":null,"state_name":null,"country_id":null},{"active":false,"Giataid":"735558","cityId":null,"cityName":"Le?n","hotelId":735558,"hotelName":"Hostal Nicarao I","address":"Costado Oeste Parque San Juan 130m al Sur Leon,Nicaragua,21000 Le?n,Nicaragua","phones":"","fax":"","email":"","url":"","countryIso2":"NI","countryName":"Nicaragua","hotelRating":"1","latitude":"12.4346","longitude":"-86.8781","state_id":null,"state_name":null,"country_id":null},{"active":false,"Giataid":"735954","cityId":null,"cityName":"Le?n","hotelId":735954,"hotelName":"Hostal Flamenco's","address":"Church Of The Merced 2 1/2 Blocks North,21000 Le?n,Nicaragua","phones":"+50523115753","fax":"","email":"rfmorales29@gmail.com","url":"http://www.hostalflamencos.com/en-gb","countryIso2":"NI","countryName":"Nicaragua","hotelRating":"1","latitude":"12.4396","longitude":"-86.8795","state_id":null,"state_name":null,"country_id":null},{"active":false,"Giataid":"736460","cityId":null,"cityName":"Le?n","hotelId":736460,"hotelName":"Guardabarranco Hostel","address":"From La Recoleccion Church 1 Block East,1/2 block South,Leon,Nicaragua","phones":"+50523117124","fax":"","email":"","url":"http://www.guardabarrancohostel.com","countryIso2":"NI","countryName":"Nicaragua","hotelRating":"1","latitude":"12.4346","longitude":"-86.8781","state_id":null,"state_name":null,"country_id":null},{"active":false,"Giataid":"739358","cityId":null,"cityName":"Le?n","hotelId":739358,"hotelName":"Malinche Leon","address":"3ra Calle South East,1.5 Blocks East of Hospital Escula Oscar,Leon 21000,Nicaragua","phones":"+50589321129","fax":"","email":"hostalmalincheleon@gmail.com","url":"http://www.hostelnicaragualeon.com","countryIso2":"NI","countryName":"Nicaragua","hotelRating":"2","latitude":"12.4346","longitude":"-86.8781","state_id":null,"state_name":null,"country_id":null},{"active":false,"Giataid":"739481","cityId":null,"cityName":"Le?n","hotelId":739481,"hotelName":"Hostal San Antonio","address":"I Etapa, del Banco Central,Banco Central 200 m al Noroeste,Fundeci,Leon,Nicaragua","phones":"","fax":"","email":"","url":"","countryIso2":"NI","countryName":"Nicaragua","hotelRating":"1","latitude":"12.4346","longitude":"-86.8781","state_id":null,"state_name":null,"country_id":null},{"active":false,"Giataid":"739929","cityId":null,"cityName":"Le?n","hotelId":739929,"hotelName":"Casona Colonial Guesthouse","address":"210 4ta Calle,Norte Parque,San Juan Media Cuadra Al Oeste,10000 Leon,Leon,Nicaragua","phones":"","fax":"","email":"","url":"","countryIso2":"NI","countryName":"Nicaragua","hotelRating":"1","latitude":"12.4396","longitude":"-86.8767","state_id":null,"state_name":null,"country_id":null},{"active":false,"Giataid":"741662","cityId":null,"cityName":"Le?n","hotelId":741662,"hotelName":"Hostal Fachente","address":"4ta Avenida NO Museo Archivo,Ruben Dario 20 mts Norte,Leon,Nicaragua","phones":"","fax":"","email":"","url":"","countryIso2":"NI","countryName":"Nicaragua","hotelRating":"1","latitude":"12.4346","longitude":"-86.8781","state_id":null,"state_name":null,"country_id":null},{"active":false,"Giataid":"742221","cityId":null,"cityName":"Las Pe?itas","hotelId":742221,"hotelName":"Aaki Hotel","address":"Main Road,600 m from Highway 14,Las Pe?itas,Nicaragua","phones":"","fax":"","email":"","url":"","countryIso2":"NI","countryName":"Nicaragua","hotelRating":"1","latitude":"12.3634","longitude":"-87.0266","state_id":null,"state_name":null,"country_id":null},{"active":false,"Giataid":"746292","cityId":null,"cityName":"Le?n","hotelId":746292,"hotelName":"Mangos Hostel","address":"4ta Avenida SO 110,21000 Leon,Nicaragua","phones":"","fax":"","email":"","url":"","countryIso2":"NI","countryName":"Nicaragua","hotelRating":"1","latitude":"12.4346","longitude":"-86.8781","state_id":null,"state_name":null,"country_id":null},{"active":false,"Giataid":"746541","cityId":null,"cityName":"Le?n","hotelId":746541,"hotelName":"El Punche De Oro","address":"13va Avenida SO,Detr?s De Lglesia Sutiava,Leon,Nicaragua","phones":"","fax":"","email":"","url":"","countryIso2":"NI","countryName":"Nicaragua","hotelRating":"1","latitude":"12.4346","longitude":"-86.8781","state_id":null,"state_name":null,"country_id":null},{"active":false,"Giataid":"746984","cityId":null,"cityName":"Le?n","hotelId":746984,"hotelName":"Guesthouse La Clinica-Hostel","address":"Primera Avenida Sur Oeste,1 Cuadra y Media al Sur,21000 Leon,Nicaragua","phones":"","fax":"","email":"","url":"","countryIso2":"NI","countryName":"Nicaragua","hotelRating":"1","latitude":"12.4346","longitude":"-86.8781","state_id":null,"state_name":null,"country_id":null},{"active":false,"Giataid":"797996","cityId":null,"cityName":"Little Corn Island","hotelId":797996,"hotelName":"Sunshine Hotel","address":"50 metres From The wharf,82100 Little Corn Island,Nicaragua","phones":"+50585444165","fax":"","email":"sunshinehotellci@gmail.com","url":"http://www.sunshinehotellittlecorn.com/","countryIso2":"NI","countryName":"Nicaragua","hotelRating":"1","latitude":"12.2865","longitude":"-82.9818","state_id":null,"state_name":null,"country_id":null},{"active":false,"Giataid":"798174","cityId":null,"cityName":"Le?n","hotelId":798174,"hotelName":"Hostal La Tortuga Booluda","address":"Calle Jose De La Marcoleta,From The Sw Corner Of The Central Park,3.5 Blocks West,Leon,Nicaragua","phones":"+50523114653","fax":"","email":"tortugabooluda@yahoo.com","url":"http://www.tortugabooludahostel.com","countryIso2":"NI","countryName":"Nicaragua","hotelRating":"1","latitude":"12.4346","longitude":"-86.8781","state_id":null,"state_name":null,"country_id":null},{"active":false,"Giataid":"798417","cityId":null,"cityName":"Ometepe","hotelId":798417,"hotelName":"El Pital","address":"Balgue,Isla Ometepe,Nicaragua","phones":"+50525603249","fax":"","email":"paradise@elpitalometepe.com","url":"http://www.elpitalometepe.com/","countryIso2":"NI","countryName":"Nicaragua","hotelRating":"1","latitude":"11.5411","longitude":"-85.5963","state_id":null,"state_name":null,"country_id":null},{"active":false,"Giataid":"798795","cityId":null,"cityName":"Estel?","hotelId":798795,"hotelName":"Hotel Boutique Colina Real","address":"Kilometro 152 Carretera Panamericana Norte, Comunidad La Thompson,a 5 minutos del Centro de Esteli,Esteli,Nicaragua","phones":"+50588361716","fax":"","email":"","url":"http://hotelboutiquecolinareal.com/","countryIso2":"NI","countryName":"Nicaragua","hotelRating":"1","latitude":"13.0866","longitude":"-86.3583","state_id":null,"state_name":null,"country_id":null},{"active":false,"Giataid":"798904","cityId":null,"cityName":"Le?n","hotelId":798904,"hotelName":"ViaVia Leon","address":"2da Avenida NE 210,Le?n,Nicaragua","phones":"","fax":"","email":"","url":"","countryIso2":"NI","countryName":"Nicaragua","hotelRating":"1","latitude":"12.4346","longitude":"-86.8781","state_id":null,"state_name":null,"country_id":null},{"active":false,"Giataid":"799154","cityId":null,"cityName":"Estel?","hotelId":799154,"hotelName":"Luna International Hostel","address":"De El Hotel Meson,Una Cuadra Al Este,31000 Esteli,Nicaragua","phones":"+50584418466","fax":"","email":"info@cafeluzyluna.com","url":"http://cafeluzyluna.org","countryIso2":"NI","countryName":"Nicaragua","hotelRating":"1","latitude":"13.0866","longitude":"-86.3583","state_id":null,"state_name":null,"country_id":null},{"active":false,"Giataid":"801167","cityId":null,"cityName":"Le?n","hotelId":801167,"hotelName":"Surfing Turtle Leon","address":"From Leon cathedral,3 blocks north and 1 half block east,00111 Le?n,Nicaragua","phones":"","fax":"","email":"","url":"","countryIso2":"NI","countryName":"Nicaragua","hotelRating":"1","latitude":"12.4346","longitude":"-86.8781","state_id":null,"state_name":null,"country_id":null},{"active":false,"Giataid":"801185","cityId":null,"cityName":"Le?n","hotelId":801185,"hotelName":"Hostal Lazybones","address":"Del Parque de los Poetas 2.5 Cuadras al Norte,21000 Le?n,Nicaragua","phones":"","fax":"","email":"","url":"","countryIso2":"NI","countryName":"Nicaragua","hotelRating":"1","latitude":"12.4346","longitude":"-86.8781","state_id":null,"state_name":null,"country_id":null},{"active":false,"Giataid":"802134","cityId":null,"cityName":"Las Pe?itas","hotelId":802134,"hotelName":"Costa Maya Beach Club Boutique","address":"Las pe?itas Estaci?n polic?a nacional 300 mtrs al este,11111 Las Pe?itas,Nicaragua","phones":"","fax":"","email":"","url":"","countryIso2":"NI","countryName":"Nicaragua","hotelRating":"1","latitude":"12.3634","longitude":"-87.0266","state_id":null,"state_name":null,"country_id":null},{"active":false,"Giataid":"802160","cityId":null,"cityName":"Ometepe","hotelId":802160,"hotelName":"Hotel Comedor Los Cocos","address":"Calle Santa Cruz Isla De Ometepe Rivas,Santa Cruz,11100 Isla De Ometepe,Nicaragua","phones":"","fax":"","email":"","url":"","countryIso2":"NI","countryName":"Nicaragua","hotelRating":"1","latitude":"11.5411","longitude":"-85.5963","state_id":null,"state_name":null,"country_id":null},{"active":false,"Giataid":"803406","cityId":null,"cityName":"San Ram?n","hotelId":803406,"hotelName":"Hotel En El Campo Mana Del Cielo","address":"Entrada Al Trentino,San Ram?n,Matagalpa,Nicaragua","phones":"","fax":"","email":"","url":"","countryIso2":"NI","countryName":"Nicaragua","hotelRating":"1","latitude":"12.9106","longitude":"-85.8419","state_id":null,"state_name":null,"country_id":null},{"active":false,"Giataid":"804689","cityId":null,"cityName":"Little Corn Island","hotelId":804689,"hotelName":"Green House Hostel","address":"Little Corn Island,Nicaragua","phones":"+50586628821","fax":"","email":"info@littlecornislandhostel.com","url":"http://littlecornislandhostel.com/","countryIso2":"NI","countryName":"Nicaragua","hotelRating":"1","latitude":"12.2865","longitude":"-82.9818","state_id":null,"state_name":null,"country_id":null},{"active":false,"Giataid":"808077","cityId":null,"cityName":"Estel?","hotelId":808077,"hotelName":"Hostal Sonati Esteli","address":"From North East Corner Of Cathedral,3 Blocks Eastward,00011 Estel?,Nicaragua","phones":"","fax":"","email":"","url":"","countryIso2":"NI","countryName":"Nicaragua","hotelRating":"1","latitude":"13.0866","longitude":"-86.3583","state_id":null,"state_name":null,"country_id":null},{"active":false,"Giataid":"808125","cityId":null,"cityName":"Las Pe?itas","hotelId":808125,"hotelName":"Caracolito","address":"Avenida Las Penitas,De Donde Fue El Supermercado 25 Varas Abajo,21000 Las Penitas,Nicaragua","phones":"","fax":"","email":"caracolitohostal@gmail.com","url":"http://www.caracolitohostal.com","countryIso2":"NI","countryName":"Nicaragua","hotelRating":"1","latitude":"12.3634","longitude":"-87.0266","state_id":null,"state_name":null,"country_id":null},{"active":false,"Giataid":"808249","cityId":null,"cityName":"Estel?","hotelId":808249,"hotelName":"Hostal Iguana","address":"Parque Centra l  Avenida Principal 1,1/2 Blocks South,31000 Esteli,Nicaragua","phones":"","fax":"","email":"","url":"","countryIso2":"NI","countryName":"Nicaragua","hotelRating":"1","latitude":"13.0866","longitude":"-86.3583","state_id":null,"state_name":null,"country_id":null},{"active":false,"Giataid":"809300","cityId":null,"cityName":"Le?n","hotelId":809300,"hotelName":"Hostel Colibri","address":"Iglesia La Recoleccion Half Block North,Barrio El Sagrario,21000 Leon,Nicaragua","phones":"","fax":"","email":"","url":"http://www.hostelcolibri.com","countryIso2":"NI","countryName":"Nicaragua","hotelRating":"1","latitude":"12.4346","longitude":"-86.8781","state_id":null,"state_name":null,"country_id":null},{"active":false,"Giataid":"810142","cityId":null,"cityName":"Le?n","hotelId":810142,"hotelName":"Hostal Las Vacaciones","address":"Iglesia la Recoleccion 2 cuadras y media este,Le?n,Nicaragua","phones":"","fax":"","email":"","url":"","countryIso2":"NI","countryName":"Nicaragua","hotelRating":"1","latitude":"12.4346","longitude":"-86.8781","state_id":null,"state_name":null,"country_id":null},{"active":false,"Giataid":"812119","cityId":null,"cityName":"Corn Islands","hotelId":812119,"hotelName":"Island Roots Hostel","address":"Southend,Next To Restaurant Relax,82100 Corn Island,Nicaragua","phones":"+50583666795","fax":"","email":"hostelislandroots@gmail.com","url":"http://www.islandrootsnicaragua.com","countryIso2":"NI","countryName":"Nicaragua","hotelRating":"1","latitude":"12.1673","longitude":"-83.0599","state_id":null,"state_name":null,"country_id":null},{"active":false,"Giataid":"812131","cityId":null,"cityName":"Poneloya","hotelId":812131,"hotelName":"El NicaLibre","address":"NIC-14 Poneloya,de la Bocana 200 mts al Este,150 mts al Norte,Poneloya,Nicaragua","phones":"","fax":"","email":"","url":"","countryIso2":"NI","countryName":"Nicaragua","hotelRating":"1","latitude":"12.3667","longitude":"-87.0297","state_id":null,"state_name":null,"country_id":null},{"active":false,"Giataid":"813120","cityId":null,"cityName":"Le?n","hotelId":813120,"hotelName":"Hotel Posada Los Poetas","address":"Parque Ruben Dario 10 Metros,Al Este,Leon,Nicaragua","phones":"","fax":"","email":"","url":"","countryIso2":"NI","countryName":"Nicaragua","hotelRating":"1","latitude":"12.4346","longitude":"-86.8781","state_id":null,"state_name":null,"country_id":null},{"active":false,"Giataid":"814225","cityId":null,"cityName":"Le?n","hotelId":814225,"hotelName":"Hotel Cacique Adiact","address":"1 Cuadra Al Norte  1/2,Costado Noreste De Unan,21000 Leon,Nicaragua","phones":"+50523110303","fax":"","email":"admin@hotelcaciqueadiact.com","url":"http://www.hotelcaciqueadiact.com/","countryIso2":"NI","countryName":"Nicaragua","hotelRating":"1","latitude":"12.4346","longitude":"-86.8781","state_id":null,"state_name":null,"country_id":null},{"active":false,"Giataid":"815477","cityId":null,"cityName":"Ometepe","hotelId":815477,"hotelName":"Hospedaje Asi Es Mi Tierra","address":"Comarca Balgue Iglesia Catolica 50 metros Al Este,Municipio Altagracia,10000 Ometepe,Nicaragua","phones":"","fax":"","email":"","url":"","countryIso2":"NI","countryName":"Nicaragua","hotelRating":"1","latitude":"11.5411","longitude":"-85.5963","state_id":null,"state_name":null,"country_id":null},{"active":false,"Giataid":"815482","cityId":null,"cityName":"Las Pe?itas","hotelId":815482,"hotelName":"Mano a Mano Eco Hostal","address":"N14 Main street,100 Meters form La Curvita,Las Pe?itas,Le?n,Nicaragua","phones":"","fax":"","email":"","url":"","countryIso2":"NI","countryName":"Nicaragua","hotelRating":"1","latitude":"12.3634","longitude":"-87.0266","state_id":null,"state_name":null,"country_id":null},{"active":false,"Giataid":"816521","cityId":null,"cityName":"Poneloya","hotelId":816521,"hotelName":"Paradiso del Pacifico 3","address":"NIC-14,34256 Poneloya,Nicaragua","phones":"","fax":"","email":"","url":"","countryIso2":"NI","countryName":"Nicaragua","hotelRating":"1","latitude":"12.3667","longitude":"-87.0297","state_id":null,"state_name":null,"country_id":null},{"active":false,"Giataid":"820903","cityId":null,"cityName":"Le?n","hotelId":820903,"hotelName":"Hostal Los Cheles","address":"Frente Al Hotel Via,Via Contiguo Al Hostal Big Foot,21000 Leon,Nicaragua","phones":"","fax":"","email":"","url":"","countryIso2":"NI","countryName":"Nicaragua","hotelRating":"1","latitude":"12.4346","longitude":"-86.8781","state_id":null,"state_name":null,"country_id":null},{"active":false,"Giataid":"822965","cityId":null,"cityName":"Le?n","hotelId":822965,"hotelName":"Poco A Poco Hostel","address":"2da Calle Nor Oeste,Iglesia Bautista Media Cuadra Arriba,21000 Leon,Nicaragua","phones":"+50587205334","fax":"","email":"pocoapocohostel@gmail.com","url":"http://www.pocoapocohostel.com/","countryIso2":"NI","countryName":"Nicaragua","hotelRating":"1","latitude":"12.4346","longitude":"-86.8781","state_id":null,"state_name":null,"country_id":null},{"active":false,"Giataid":"823515","cityId":null,"cityName":"Le?n","hotelId":823515,"hotelName":"Hostal Center","address":"de la basilica catedral de leon 110,vrs al norte,00505 Le?n,Nicaragua","phones":"","fax":"","email":"","url":"","countryIso2":"NI","countryName":"Nicaragua","hotelRating":"1","latitude":"12.4346","longitude":"-86.8781","state_id":null,"state_name":null,"country_id":null},{"active":false,"Giataid":"823810","cityId":null,"cityName":"Le?n","hotelId":823810,"hotelName":"La Barca De Oro","address":"Playa Las Penitas,Leon,Nicaragua","phones":"+50523170275","fax":"","email":"info@barcadeoro.com","url":"http://barcadeoro.com","countryIso2":"NI","countryName":"Nicaragua","hotelRating":"1","latitude":"12.4346","longitude":"-86.8781","state_id":null,"state_name":null,"country_id":null},{"active":false,"Giataid":"824557","cityId":null,"cityName":"Le?n","hotelId":824557,"hotelName":"Hostal El Albergue De Leon","address":"Casa 305,De La Gasolinera Petronic 40 Metros Al Oeste,21000 Leon,Nicaragua","phones":"+50588941787","fax":"","email":"hostalelalbergue@yahoo.es","url":"http://hostalelalberguedeleon.com","countryIso2":"NI","countryName":"Nicaragua","hotelRating":"1","latitude":"12.4346","longitude":"-86.8781","state_id":null,"state_name":null,"country_id":null},{"active":false,"Giataid":"841713","cityId":null,"cityName":"Estel?","hotelId":841713,"hotelName":"Santa Maria B&B","address":"1 Avenue NE 4ta,Calle NE,25 mts. Al Sur Supermercado,La Colonia,175 mts Al Norte,050-088-4 Esteli,Nicaragua","phones":"+50527133278","fax":"","email":"hostalstamaria@gmail.com","url":"http://www.bbsantamaria.com","countryIso2":"NI","countryName":"Nicaragua","hotelRating":"1","latitude":"13.094","longitude":"-86.356","state_id":null,"state_name":null,"country_id":null},{"active":false,"Giataid":"841851","cityId":null,"cityName":"Estel?","hotelId":841851,"hotelName":"Bed & Breakfast Villa Riviera","address":"Residencial Villa Riviera,De La Rotonda 2,Cuadras Al Norte y 20 Vrs Al Este,Esteli,Nicaragua","phones":"+50586110778","fax":"","email":"","url":"http://bedandbreakfastvillariviera.com","countryIso2":"NI","countryName":"Nicaragua","hotelRating":"1","latitude":"13.1099","longitude":"-86.3523","state_id":null,"state_name":null,"country_id":null},{"active":false,"Giataid":"842047","cityId":null,"cityName":"Las Pe?itas","hotelId":842047,"hotelName":"La Cueva Del Tigre","address":"Across The Street From Cocteles Las Penitas,Las Penitas,Nicaragua","phones":"","fax":"","email":"","url":"","countryIso2":"NI","countryName":"Nicaragua","hotelRating":"1","latitude":"12.3634","longitude":"-87.0266","state_id":null,"state_name":null,"country_id":null},{"active":false,"Giataid":"842211","cityId":null,"cityName":"San Ram?n","hotelId":842211,"hotelName":"Bed & Breakfast Kiruna","address":"San Ramon,Matagalpa,Nicaragua","phones":"+50585047232","fax":"","email":"","url":"http://www.bedandbreakfastkiruna.com","countryIso2":"NI","countryName":"Nicaragua","hotelRating":"1","latitude":"12.9248","longitude":"-85.9166","state_id":null,"state_name":null,"country_id":null},{"active":false,"Giataid":"854969","cityId":null,"cityName":"San Ram?n","hotelId":854969,"hotelName":"Hotel Las Orquideas San Ramon","address":"Costado Sur Oeste Parque Municipal,11101 San Ram?n,Nicaragua","phones":"+50527725279","fax":"","email":"lorenap_18@hotmail.com","url":"http://www.lasorquideassanramon.com","countryIso2":"NI","countryName":"Nicaragua","hotelRating":"1","latitude":"12.9106","longitude":"-85.8419","state_id":null,"state_name":null,"country_id":null},{"active":false,"Giataid":"854989","cityId":null,"cityName":"Ometepe","hotelId":854989,"hotelName":"Hospedaje And Restaurante Ortiz","address":"Calle ? Al Sur,Del hotel Centrel 1,Altagracia,Rivas,10000 Ometepe,Nicaragua","phones":"+50589231628","fax":"","email":"alquiles1ortiz@yahoo.com","url":"http://www.hospedajeortiz.blogspot.com","countryIso2":"NI","countryName":"Nicaragua","hotelRating":"1","latitude":"11.5411","longitude":"-85.5963","state_id":null,"state_name":null,"country_id":null},{"active":false,"Giataid":"855014","cityId":null,"cityName":"Le?n","hotelId":855014,"hotelName":"Hotel Hellenika","address":"Iglesia El Calvario 20,Varas Al Oeste,21000 Le?n,Nicaragua","phones":"+50523154739","fax":"","email":"","url":"http://www.hellenikahotel.business.site/","countryIso2":"NI","countryName":"Nicaragua","hotelRating":"1","latitude":"12.4346","longitude":"-86.8781","state_id":null,"state_name":null,"country_id":null},{"active":false,"Giataid":"855046","cityId":null,"cityName":"Ometepe","hotelId":855046,"hotelName":"Hostel El Esfuerzo","address":"Calle Principal,Altagracia,10000 Ometepe,Ometepe Island,Nicaragua","phones":"","fax":"","email":"","url":"","countryIso2":"NI","countryName":"Nicaragua","hotelRating":"1","latitude":"11.5411","longitude":"-85.5963","state_id":null,"state_name":null,"country_id":null},{"active":false,"Giataid":"569783","cityId":null,"cityName":"Estel?","hotelId":10071209,"hotelName":"Hotel Hex Esteli","address":"Km. 149 Carretera Panamericana Norte,31000 Estel?,Nicaragua","phones":"+50527139221","fax":"","email":"","url":"","countryIso2":"NI","countryName":"Nicaragua","hotelRating":"3","latitude":"13.1003","longitude":"-86.3521","state_id":null,"state_name":null,"country_id":null},{"active":false,"Giataid":"500089","cityId":null,"cityName":"Ometepe","hotelId":10118672,"hotelName":"Finca San Juan De La Isla","address":"2.3 km. to East,Ometepe Island,Nicaragua","phones":"+50585606977","fax":"NULL","email":"NULL","url":"NULL","countryIso2":"NI","countryName":"Nicaragua","hotelRating":"3","latitude":"11.5342","longitude":"-85.561","state_id":null,"state_name":null,"country_id":null},{"active":false,"Giataid":"90643","cityId":null,"cityName":"Corn Islands","hotelId":20007042,"hotelName":"Arenas Beach","address":"Big Corn Island,Nicaragua,Nicaragua","phones":"+5054562220","fax":"","email":"info@arenasbeachhotel.com","url":"http://www.arenasbeachhotel.com","countryIso2":"NI","countryName":"Nicaragua","hotelRating":"2","latitude":"12.1597","longitude":"-83.065","state_id":null,"state_name":null,"country_id":null},{"active":false,"Giataid":"424276","cityId":null,"cityName":"Isla Mancarr?n","hotelId":20007180,"hotelName":"Hotel Mancarron Solentiname","address":"Mancarr?n Island,Archipi?lago Solentiname,Municipio San Carlos,Rio San Juan,Nicaragua","phones":"+50588523380","fax":"","email":"info@hotelmancarron.com","url":"http://www.hotelmancarron.com/index_en.php","countryIso2":"NI","countryName":"Nicaragua","hotelRating":"0","latitude":"11.1755","longitude":"-85.0032","state_id":null,"state_name":null,"country_id":null},{"active":false,"Giataid":"409884","cityId":null,"cityName":"Corn Islands","hotelId":20007960,"hotelName":"Bellavista","address":"Playa Shipwreck,Brig Bay 2,Big Corn Island,Nicaragua","phones":"+50589412959","fax":"","email":"","url":"http://www.bellavistacaribe.com","countryIso2":"NI","countryName":"Nicaragua","hotelRating":"3","latitude":"12.1692","longitude":"-83.0657","state_id":null,"state_name":null,"country_id":null},{"active":false,"Giataid":"299345","cityId":null,"cityName":"Corn Islands","hotelId":20008369,"hotelName":"Princesa de la Isla","address":"Corn Island,Nicaragua","phones":"+50588542403","fax":"","email":"info@laprincesadelaisla.com","url":"http://www.laprincesadelaisla.com/index.html","countryIso2":"NI","countryName":"Nicaragua","hotelRating":"0","latitude":"12.1645","longitude":"-83.0688","state_id":null,"state_name":null,"country_id":null},{"active":false,"Giataid":"110551","cityId":null,"cityName":"Corn Islands","hotelId":20010899,"hotelName":"Casa Canada","address":"Corn Island,Nicaragua","phones":"","fax":"","email":"casacanadaresort@gmail.com","url":"http://www.casa-canada.com/","countryIso2":"NI","countryName":"Nicaragua","hotelRating":"3","latitude":"12.1675","longitude":"-83.0427","state_id":null,"state_name":null,"country_id":null},{"active":false,"Giataid":"469160","cityId":null,"cityName":"Ometepe","hotelId":20011557,"hotelName":"Hotel Finca el Chipote","address":"Los Gemelos,Altagracia,Isla de Ometepe,Rivas,Nicaragua","phones":"+50584261982","fax":"","email":"","url":"http://www.hotelfincaelchipote.com","countryIso2":"NI","countryName":"Nicaragua","hotelRating":"0","latitude":"11.546","longitude":"-85.5754","state_id":null,"state_name":null,"country_id":null},{"active":false,"Giataid":"458060","cityId":null,"cityName":"Corn Islands","hotelId":20012238,"hotelName":"Mimundo Corn Island Hostel","address":"Brig Bay Front Road,82100 Corn Island,Nicaragua","phones":"","fax":"","email":"","url":"","countryIso2":"NI","countryName":"Nicaragua","hotelRating":"0","latitude":"12.183","longitude":"-83.0615","state_id":null,"state_name":null,"country_id":null},{"active":false,"Giataid":"90646","cityId":null,"cityName":"Le?n","hotelId":20012606,"hotelName":"San Cristobal","address":"Carretera Panamericana  1/2,km 95 By Pass,Leon,Nicaragua","phones":"+50523111606","fax":"+50523111608","email":"","url":"http://www.sancristobalhotel.com","countryIso2":"NI","countryName":"Nicaragua","hotelRating":"2","latitude":"12.4373","longitude":"-86.8633","state_id":null,"state_name":null,"country_id":null},{"active":false,"Giataid":"470970","cityId":null,"cityName":"Le?n","hotelId":20013441,"hotelName":"Hotel Azul","address":"Avenida Central, de la catedral,(entrada principal) 2 1/2 cuadras al norte,Le?n,Nicaragua","phones":"+50523154519","fax":"","email":"info@hotelazulleon.com","url":"http://hotelazulleon.com/","countryIso2":"NI","countryName":"Nicaragua","hotelRating":"0","latitude":"12.4377","longitude":"-86.8786","state_id":null,"state_name":null,"country_id":null},{"active":false,"Giataid":"627325","cityId":null,"cityName":"Corn Islands","hotelId":20013817,"hotelName":"Hotel Flor","address":"Frente al parque,Brig Bay,82100 Big Corn Island,Nicaragua","phones":"","fax":"","email":"","url":"","countryIso2":"NI","countryName":"Nicaragua","hotelRating":"0","latitude":"12.1721","longitude":"-83.0634","state_id":null,"state_name":null,"country_id":null},{"active":false,"Giataid":"458013","cityId":null,"cityName":"Le?n","hotelId":20013952,"hotelName":"Posada Fuente Castalia","address":"Iglesia la Recolecci?n,275 Metros al Norte,Le?n,Nicaragua","phones":"","fax":"","email":"","url":"","countryIso2":"NI","countryName":"Nicaragua","hotelRating":"3","latitude":"12.4107","longitude":"-86.8703","state_id":null,"state_name":null,"country_id":null},{"active":false,"Giataid":"709548","cityId":null,"cityName":"Le?n","hotelId":20014571,"hotelName":"Casa Laurel","address":"Barrio El Sagrario,Casa Cural Del Laborio 15 m al Norte,21000 Leon,Nicaragua","phones":"","fax":"","email":"","url":"","countryIso2":"NI","countryName":"Nicaragua","hotelRating":"0","latitude":"12.4346","longitude":"-86.8781","state_id":null,"state_name":null,"country_id":null},{"active":false,"Giataid":"726276","cityId":null,"cityName":"Le?n","hotelId":20014666,"hotelName":"Blue Hat Hostel","address":"Lglesia San Juan, 150 metros Al Sur,Leon, Nicaragua,Nicaragua","phones":"+50576166042","fax":"","email":"booking@bluehathostelleon.com","url":"http://bluehathostelleon.com","countryIso2":"NI","countryName":"Nicaragua","hotelRating":"0","latitude":"12.4346","longitude":"-86.8781","state_id":null,"state_name":null,"country_id":null},{"active":false,"Giataid":"707343","cityId":null,"cityName":"Le?n","hotelId":20014786,"hotelName":"Central Lodge Hostal","address":"Iglesia El Calvario,1/2 Cuadra Abajo,Le?n,Nicaragua","phones":"+50584654753","fax":"","email":"central.lodgehospedaje@Hotmail.com","url":"https://de.hotels.com/ho563569","countryIso2":"NI","countryName":"Nicaragua","hotelRating":"0","latitude":"12.4355","longitude":"-86.875","state_id":null,"state_name":null,"country_id":null},{"active":false,"Giataid":"627294","cityId":null,"cityName":"Corn Islands","hotelId":20015039,"hotelName":"Ike's Place - Vientos del Norte","address":"Final de la Pista de Aterrizaje,North End,Big Corn Island,Nicaragua","phones":"","fax":"","email":"ike.siu@gmail.com","url":"","countryIso2":"NI","countryName":"Nicaragua","hotelRating":"0","latitude":"12.1839","longitude":"-83.0548","state_id":null,"state_name":null,"country_id":null},{"active":false,"Giataid":"457787","cityId":null,"cityName":"Le?n","hotelId":20017891,"hotelName":"Hotel Mariposa","address":"Del parque Arlen Siu 75 vrs al Sur,Carretera a Poneloya,Le?n,Nicaragua","phones":"+50523195185","fax":"","email":"hostalmariposa@gmail.com","url":"http://www.hotel-mariposa.com/","countryIso2":"NI","countryName":"Nicaragua","hotelRating":"2","latitude":"12.4319","longitude":"-86.9064","state_id":null,"state_name":null,"country_id":null},{"active":false,"Giataid":"516968","cityId":null,"cityName":"Le?n","hotelId":20020261,"hotelName":"Hotel Leo y Pinita","address":"3ra Calle SE y 3ra. Avenida SE,Hospital HEODRA 1 ? c Este,Leon,Nicaragua","phones":"+50523110430","fax":"","email":"operaciones@hotelleoypinita.com","url":"http://www.hotelleoypinita.com/","countryIso2":"NI","countryName":"Nicaragua","hotelRating":"0","latitude":"12.4346","longitude":"-86.8781","state_id":null,"state_name":null,"country_id":null},{"active":false,"Giataid":"299348","cityId":null,"cityName":"Corn Islands","hotelId":20020934,"hotelName":"Casa Iguana","address":"Little Corn Island,Nicaragua","phones":"","fax":"","email":"casaiguana@mindspring.com","url":"","countryIso2":"NI","countryName":"Nicaragua","hotelRating":"0","latitude":"12.2812","longitude":"-82.9733","state_id":null,"state_name":null,"country_id":null},{"active":false,"Giataid":"709203","cityId":null,"cityName":"Le?n","hotelId":20020958,"hotelName":"Al Sole Guesthouse","address":"Iglesia Zaragoza,2 Cuadras Al Oeste,21000 Leon,Nicaragua","phones":"","fax":"","email":"","url":"","countryIso2":"NI","countryName":"Nicaragua","hotelRating":"0","latitude":"12.4346","longitude":"-86.8781","state_id":null,"state_name":null,"country_id":null},{"active":false,"Giataid":"90647","cityId":null,"cityName":"Le?n","hotelId":20021696,"hotelName":"Los Balcones","address":"Esquina de los Bancos 1C Este,Le?n,Nicaragua","phones":"+5053110250","fax":"+5053110233","email":"reservaciones@hotelbalcones.com","url":"http://www.hotelbalcones.com/index_leon.htm","countryIso2":"NI","countryName":"Nicaragua","hotelRating":"3","latitude":"12.4361","longitude":"-86.876","state_id":null,"state_name":null,"country_id":null},{"active":false,"Giataid":"407278","cityId":null,"cityName":"Le?n","hotelId":20021871,"hotelName":"Austria","address":"De La Catedral 1c Al Sur,Le?n,Nicaragua","phones":"+50523111206","fax":"+50523111368","email":"haustria@ibw.com.ni","url":"http://www.hotelaustria.com.ni/","countryIso2":"NI","countryName":"Nicaragua","hotelRating":"3","latitude":"12.4339","longitude":"-86.8787","state_id":null,"state_name":null,"country_id":null},{"active":false,"Giataid":"477147","cityId":null,"cityName":"Le?n","hotelId":20022027,"hotelName":"Lady M Club Hotel","address":"Puente Arlen Siu 100mts al sur/100 al este,routa de Poneloya,11111 Le?n,Nicaragua","phones":"+50586239039","fax":"","email":"","url":"","countryIso2":"NI","countryName":"Nicaragua","hotelRating":"0","latitude":"12.4319","longitude":"-86.9058","state_id":null,"state_name":null,"country_id":null},{"active":false,"Giataid":"707556","cityId":null,"cityName":"Le?n","hotelId":20022965,"hotelName":"Hostal Casa Ivana","address":"La Renta,75 metros arriba of Costado sur del Teatro municipal,Historic District,21000 Le?n,Nicaragua","phones":"+50523114423","fax":"","email":"hostalcasaivana@gmail.com","url":"http://www.hostalcasaivana.com","countryIso2":"NI","countryName":"Nicaragua","hotelRating":"0","latitude":"12.4335","longitude":"-86.8772","state_id":null,"state_name":null,"country_id":null},{"active":false,"Giataid":"128956","cityId":null,"cityName":"Le?n","hotelId":20024935,"hotelName":"La Perla","address":"From La Merced Church, 1? blocks north,Le?n,Nicaragua","phones":"+50523113125","fax":"","email":"info@laperlaleon.com","url":"http://www.laperlaleon.com","countryIso2":"NI","countryName":"Nicaragua","hotelRating":"4","latitude":"12.4365","longitude":"-86.8792","state_id":null,"state_name":null,"country_id":null},{"active":false,"Giataid":"709242","cityId":null,"cityName":"Le?n","hotelId":20025011,"hotelName":"The Sleeping Dog Hostel","address":"5ta Calle North East,One And a Half Blocks East of Iglesias San Jose,Leon,Nicaragua","phones":"","fax":"","email":"sleepingdoghostel@gmail.com","url":"http://www.sleepingdoghostel.com","countryIso2":"NI","countryName":"Nicaragua","hotelRating":"0","latitude":"12.4346","longitude":"-86.8781","state_id":null,"state_name":null,"country_id":null},{"active":false,"Giataid":"627286","cityId":null,"cityName":"Corn Islands","hotelId":20028391,"hotelName":"Fisher's Cave","address":"Brig Bay,Next To The Municipal Pier,Big Corn Island,Nicaragua","phones":"","fax":"","email":"","url":"","countryIso2":"NI","countryName":"Nicaragua","hotelRating":"0","latitude":"12.1673","longitude":"-83.0599","state_id":null,"state_name":null,"country_id":null},{"active":false,"Giataid":"627324","cityId":null,"cityName":"Corn Islands","hotelId":20028550,"hotelName":"Hotel Sweet Dreams","address":"Contiguo al muelle municipal,82100 Big Corn Island,Nicaragua","phones":"","fax":"","email":"","url":"","countryIso2":"NI","countryName":"Nicaragua","hotelRating":"0","latitude":"12.1748","longitude":"-83.0627","state_id":null,"state_name":null,"country_id":null},{"active":false,"Giataid":"504927","cityId":null,"cityName":"Ometepe","hotelId":20028799,"hotelName":"Hotel Ecologico Tierra Blanca","address":"3 km De Moyogalpa Al Noreste,Ometepe Island,Nicaragua","phones":"+50525601449","fax":"","email":"","url":"https://www.tierrablancaometepe.com","countryIso2":"NI","countryName":"Nicaragua","hotelRating":"0","latitude":"11.5411","longitude":"-85.5963","state_id":null,"state_name":null,"country_id":null},{"active":false,"Giataid":"627265","cityId":null,"cityName":"Le?n","hotelId":20029230,"hotelName":"Guesthouse El Nancite","address":"De La Iglesia el Calvario 1,1/2c. al norte,Leon,Nicaragua","phones":"+50523154323","fax":"","email":"","url":"http://guesthouseelnancite.com/","countryIso2":"NI","countryName":"Nicaragua","hotelRating":"0","latitude":"12.4346","longitude":"-86.8781","state_id":null,"state_name":null,"country_id":null},{"active":false,"Giataid":"626366","cityId":null,"cityName":"Le?n","hotelId":20029741,"hotelName":"Hotel Enrique III","address":"Barrio El Sagrario,Iglesia La Merced 2 cuadra al norte,Le?n,Nicaragua","phones":"+5053114015","fax":"","email":"hotelenrique3@cablenet.com.ni","url":"http://hotelenrique3.galeon.com","countryIso2":"NI","countryName":"Nicaragua","hotelRating":"0","latitude":"12.4385","longitude":"-86.8795","state_id":null,"state_name":null,"country_id":null},{"active":false,"Giataid":"474438","cityId":null,"cityName":"Le?n","hotelId":20030117,"hotelName":"Don Leon","address":"Colegio la Asunci?n 1/2 cuadra abajo,Le?n,Nicaragua","phones":"","fax":"","email":"","url":"","countryIso2":"NI","countryName":"Nicaragua","hotelRating":"0","latitude":"12.4309","longitude":"-86.8802","state_id":null,"state_name":null,"country_id":null},{"active":false,"Giataid":"604659","cityId":null,"cityName":"Le?n","hotelId":20030260,"hotelName":"Cipres Guest House","address":"Teatro Municipal, 70 Metros al Sur,Casa Color Azul,Leon,Nicaragua","phones":"","fax":"","email":"","url":"http://www.tripadvisor.com/Hotel_Review-g424970-d10127703","countryIso2":"NI","countryName":"Nicaragua","hotelRating":"2","latitude":"12.4337","longitude":"-86.8809","state_id":null,"state_name":null,"country_id":null},{"active":false,"Giataid":"627228","cityId":null,"cityName":"Le?n","hotelId":20030803,"hotelName":"Grand Hotel","address":"De la entrada principal de Posada del Sol 700 metros al oeste y 50 metros al sur,Le?n 21000,Leon Region,Nicaragua","phones":"+50523111327","fax":"","email":"antonio_largaes@yahoo.com","url":"http://www.grandhoteldeleon.com/","countryIso2":"NI","countryName":"Nicaragua","hotelRating":"0","latitude":"12.4346","longitude":"-86.8781","state_id":null,"state_name":null,"country_id":null},{"active":false,"Giataid":"457787","cityId":null,"cityName":"Le?n","hotelId":20031141,"hotelName":"Mariposa","address":"Del parque Arlen Siu 75 vrs al Sur,Carretera a Poneloya,Le?n,Nicaragua","phones":"","fax":"","email":"","url":"http://www.hotel-mariposa.com/","countryIso2":"NI","countryName":"Nicaragua","hotelRating":"2","latitude":"12.4318","longitude":"-86.9062","state_id":null,"state_name":null,"country_id":null},{"active":false,"Giataid":"707899","cityId":null,"cityName":"Le?n","hotelId":20031195,"hotelName":"Hostel Leon - Sonati Nicaragua","address":"De la esquina NorthEast de la Catedral,3 cuadras al Norte y 1/2 cuadra al Oeste,City Center,Le?n,Nicaragua","phones":"+50523154696","fax":"","email":"hostal.leon@sonati.org","url":"http://ni.sonati.org/our-hostels/hostel-leon/","countryIso2":"NI","countryName":"Nicaragua","hotelRating":"0","latitude":"12.4346","longitude":"-86.8781","state_id":null,"state_name":null,"country_id":null},{"active":false,"Giataid":"906020","cityId":null,"cityName":"Le?n","hotelId":20355359,"hotelName":"Hostel IBESA","address":"3Era Calle,Leon,Nicaragua","phones":"","fax":"","email":"","url":"","countryIso2":"NI","countryName":"Nicaragua","hotelRating":"0","latitude":"12.4346","longitude":"-86.8781","state_id":null,"state_name":null,"country_id":null},{"active":false,"Giataid":"861372","cityId":null,"cityName":"Little Corn Island","hotelId":20355360,"hotelName":"Dobedo","address":"North end,Little Corn Island,Nicaragua","phones":"","fax":"","email":"","url":"","countryIso2":"NI","countryName":"Nicaragua","hotelRating":"0","latitude":"12.2865","longitude":"-82.9818","state_id":null,"state_name":null,"country_id":null},{"active":false,"Giataid":"920331","cityId":null,"cityName":"Estel?","hotelId":20355367,"hotelName":"Hotel Quiabuc","address":"Carretera Al Centro Penitenciario Cotran Sur 1/2 c,Al Norte 1c Al Este,Esteli,Nicaragua","phones":"","fax":"","email":"","url":"","countryIso2":"NI","countryName":"Nicaragua","hotelRating":"0","latitude":"13.0866","longitude":"-86.3583","state_id":null,"state_name":null,"country_id":null},{"active":false,"Giataid":"932031","cityId":null,"cityName":"Le?n","hotelId":20355371,"hotelName":"Apartamentos Centrales","address":"Central Iglesia Catedral 1/2,Costado Sur Mercado,Calle Este,Leon,Nicaragua","phones":"","fax":"","email":"","url":"","countryIso2":"NI","countryName":"Nicaragua","hotelRating":"0","latitude":"12.4346","longitude":"-86.8781","state_id":null,"state_name":null,"country_id":null},{"active":false,"Giataid":"932390","cityId":null,"cityName":"Little Corn Island","hotelId":20355372,"hotelName":"Hostal Y Restaurante Habana Libre","address":"Unnamed Road,Little Corn Island,Nicaragua","phones":"","fax":"","email":"","url":"","countryIso2":"NI","countryName":"Nicaragua","hotelRating":"0","latitude":"12.2865","longitude":"-82.9818","state_id":null,"state_name":null,"country_id":null},{"active":false,"Giataid":"932400","cityId":null,"cityName":"Estel?","hotelId":20355378,"hotelName":"Hostal Rio Piedra","address":"Avenida 2 SE,De la Esquina Sur Este De Catedral 2,Cuadras Hacia El Sur,Esteli,Nicaragua","phones":"","fax":"","email":"","url":"","countryIso2":"NI","countryName":"Nicaragua","hotelRating":"0","latitude":"13.0866","longitude":"-86.3583","state_id":null,"state_name":null,"country_id":null},{"active":false,"Giataid":"861404","cityId":null,"cityName":"Las Pe?itas","hotelId":20355381,"hotelName":"Casa Perla","address":"Enfrente De La Palmera Hotel,21000 Las Penitas,Nicaragua","phones":"","fax":"","email":"","url":"","countryIso2":"NI","countryName":"Nicaragua","hotelRating":"0","latitude":"12.3634","longitude":"-87.0266","state_id":null,"state_name":null,"country_id":null},{"active":false,"Giataid":"932269","cityId":null,"cityName":"Le?n","hotelId":20355382,"hotelName":"Mapayapa Bungalows","address":"Nic 12,Leon,Nicaragua","phones":"","fax":"","email":"","url":"","countryIso2":"NI","countryName":"Nicaragua","hotelRating":"0","latitude":"12.4346","longitude":"-86.8781","state_id":null,"state_name":null,"country_id":null},{"active":false,"Giataid":"889528","cityId":null,"cityName":"Le?n","hotelId":20355390,"hotelName":"Casa El Rio","address":"CDI Gota de leche 80vrs al Este.,21000 Leon,Nicaragua","phones":"","fax":"","email":"","url":"","countryIso2":"NI","countryName":"Nicaragua","hotelRating":"0","latitude":"12.4346","longitude":"-86.8781","state_id":null,"state_name":null,"country_id":null},{"active":false,"Giataid":"943182","cityId":null,"cityName":"Le?n","hotelId":20355391,"hotelName":"Backpackers Beach Hostel","address":"Transito Leon,Leon,Nicaragua","phones":"","fax":"","email":"","url":"","countryIso2":"NI","countryName":"Nicaragua","hotelRating":"0","latitude":"12.4346","longitude":"-86.8781","state_id":null,"state_name":null,"country_id":null},{"active":false,"Giataid":"888973","cityId":null,"cityName":"Le?n","hotelId":20355399,"hotelName":"Hostal Zaragoza","address":"3ra Calle NO,De la Iglesia Zaragoza,1 Cuadra N Y 1/2 E,21000 Leon,Nicaragua","phones":"","fax":"","email":"","url":"","countryIso2":"NI","countryName":"Nicaragua","hotelRating":"0","latitude":"12.4346","longitude":"-86.8781","state_id":null,"state_name":null,"country_id":null},{"active":false,"Giataid":"937586","cityId":null,"cityName":"Le?n","hotelId":20355400,"hotelName":"Surfing Turtle Lodge","address":"Isla Los Brasiles,Leon,Nicaragua,Nicaragua","phones":"+50586400644","fax":"","email":"info@surfingturtlelodge.com","url":"http://www.surfingturtlelodge.com","countryIso2":"NI","countryName":"Nicaragua","hotelRating":"0","latitude":"12.3894","longitude":"-87.0584","state_id":null,"state_name":null,"country_id":null},{"active":false,"Giataid":"932017","cityId":null,"cityName":"Las Pe?itas","hotelId":20355409,"hotelName":"Hotel Las Palmeras","address":"NIC 14,Las Penitas,Nicaragua","phones":"","fax":"","email":"","url":"","countryIso2":"NI","countryName":"Nicaragua","hotelRating":"0","latitude":"12.3634","longitude":"-87.0266","state_id":null,"state_name":null,"country_id":null},{"active":false,"Giataid":"932359","cityId":null,"cityName":"Le?n","hotelId":20355410,"hotelName":"Volcano Hostel","address":"3ra Avenida NE,Leon,Nicaragua","phones":"","fax":"","email":"","url":"","countryIso2":"NI","countryName":"Nicaragua","hotelRating":"0","latitude":"12.4346","longitude":"-86.8781","state_id":null,"state_name":null,"country_id":null},{"active":false,"Giataid":"895887","cityId":null,"cityName":"Estel?","hotelId":20355413,"hotelName":"Ecoalbergue Canta Gallo","address":"Venecia,Detras De Iglesia Catolica,Condega,Valle San Andr?s,Esteli 31000,Nicaragua","phones":"","fax":"","email":"","url":"","countryIso2":"NI","countryName":"Nicaragua","hotelRating":"0","latitude":"13.0866","longitude":"-86.3583","state_id":null,"state_name":null,"country_id":null},{"active":false,"Giataid":"920292","cityId":null,"cityName":"Le?n","hotelId":20355415,"hotelName":"La luciernaga B&B And Guest House","address":"NIC-14,Leon,Nicaragua","phones":"","fax":"","email":"","url":"","countryIso2":"NI","countryName":"Nicaragua","hotelRating":"0","latitude":"12.4346","longitude":"-86.8781","state_id":null,"state_name":null,"country_id":null},{"active":false,"Giataid":"932352","cityId":null,"cityName":"Little Corn Island","hotelId":20355416,"hotelName":"Picnic Center","address":"South West Beach,Corn Isalnd 1,Little Corn Island,Nicaragua","phones":"","fax":"","email":"","url":"","countryIso2":"NI","countryName":"Nicaragua","hotelRating":"0","latitude":"12.2865","longitude":"-82.9818","state_id":null,"state_name":null,"country_id":null},{"active":false,"Giataid":"920110","cityId":null,"cityName":"Las Pe?itas","hotelId":20355422,"hotelName":"The Lazy Turtle Hotel And Restaurant","address":"Tidal Bay Road,1 Block North Of Barca De Oro,Las Penitas,Nicaragua","phones":"+50585467403","fax":"","email":"thelazyturtlehotel@gmail.com","url":"http://www.thelazyturtlehotel.com/","countryIso2":"NI","countryName":"Nicaragua","hotelRating":"0","latitude":"12.3634","longitude":"-87.0266","state_id":null,"state_name":null,"country_id":null},{"active":false,"Giataid":"932327","cityId":null,"cityName":"Le?n","hotelId":20355423,"hotelName":"Casa Lula Leon Hostal","address":"Esquina Sur Este De La Catedral 2,Cuadras Al Su,Leon,Nicaragua","phones":"+50523111076","fax":"","email":"","url":"http://www.casalulaleon.com","countryIso2":"NI","countryName":"Nicaragua","hotelRating":"0","latitude":"12.4346","longitude":"-86.8781","state_id":null,"state_name":null,"country_id":null},{"active":false,"Giataid":"895921","cityId":null,"cityName":"Ometepe","hotelId":20355425,"hotelName":"Hotel Chico Largo","address":"Del Puerto Las Brisas 1 km al Este,San Jose Del Sur,Merida,Isla de Ometepe,Nicaragua","phones":"+50584737210","fax":"","email":"info@hotelchicolargo.com","url":"http://www.hotelchicolargo.com","countryIso2":"NI","countryName":"Nicaragua","hotelRating":"0","latitude":"11.5229","longitude":"-85.5845","state_id":null,"state_name":null,"country_id":null},{"active":false,"Giataid":"927223","cityId":null,"cityName":"Ometepe","hotelId":20355433,"hotelName":"Casa Nohelia","address":"NN-226,1.5 km De Ojo De Agua,Frente Al Sendero Pena Inculta,Ometepe,Nicaragua","phones":"","fax":"","email":"","url":"","countryIso2":"NI","countryName":"Nicaragua","hotelRating":"0","latitude":"11.5229","longitude":"-85.5845","state_id":null,"state_name":null,"country_id":null},{"active":false,"Giataid":"906062","cityId":null,"cityName":"Ometepe","hotelId":20355485,"hotelName":"Inn Hospedaje Bullshark","address":"Tilgue Escuela Pedro Joaquin Chamorro,400 Meter Norte,Rivas,48700 Ometepe Island,Nicaragua","phones":"","fax":"","email":"","url":"","countryIso2":"NI","countryName":"Nicaragua","hotelRating":"0","latitude":"11.5229","longitude":"-85.5845","state_id":null,"state_name":null,"country_id":null},{"active":false,"Giataid":"927270","cityId":null,"cityName":"Poneloya","hotelId":20355497,"hotelName":"Buena Vista","address":"De La Policia 2 km,Poneloya,Nicaragua","phones":"","fax":"","email":"","url":"","countryIso2":"NI","countryName":"Nicaragua","hotelRating":"0","latitude":"12.3766","longitude":"-87.0403","state_id":null,"state_name":null,"country_id":null},{"active":false,"Giataid":"945307","cityId":null,"cityName":"Le?n","hotelId":20414690,"hotelName":"Posada Dona Blanca","address":"Iglesia La Merced 1? c.,al Norte,Le?n,Nicaragua","phones":"","fax":"","email":"","url":"http://www.posadadonablanca.com/","countryIso2":"NI","countryName":"Nicaragua","hotelRating":"1","latitude":"12.4377","longitude":"-86.8795","state_id":null,"state_name":null,"country_id":null},{"active":false,"Giataid":"953219","cityId":null,"cityName":"Corn Islands","hotelId":20414693,"hotelName":"Hostal Josefina","address":"Sally Peachy,Next to Dive Shop Dos Tiburones,Corn Island 82100,Nicaragua","phones":"","fax":"","email":"","url":"","countryIso2":"NI","countryName":"Nicaragua","hotelRating":"1","latitude":"12.1673","longitude":"-83.0599","state_id":null,"state_name":null,"country_id":null},{"active":false,"Giataid":"953421","cityId":null,"cityName":"Le?n","hotelId":20414709,"hotelName":"Casa Blanca","address":"1ra Avenida NE,Leon,Nicaragua","phones":"","fax":"","email":"","url":"","countryIso2":"NI","countryName":"Nicaragua","hotelRating":"1","latitude":"12.4346","longitude":"-86.8781","state_id":null,"state_name":null,"country_id":null},{"active":false,"Giataid":"1002830","cityId":null,"cityName":"Estel?","hotelId":20437483,"hotelName":"Cigars Lounge Bar & Hostal","address":"Costado Noreste De Catedral,Este 75,Varas Nortearas,13017 Esteli,Nicaragua","phones":"","fax":"","email":"","url":"","countryIso2":"NI","countryName":"Nicaragua","hotelRating":"1","latitude":"13.0866","longitude":"-86.3583","state_id":null,"state_name":null,"country_id":null}]