[{"active":false,"Giataid":"37903","cityId":65590,"cityName":"Kuwait City","hotelId":37903,"hotelName":"Hilton Kuwait Resort","address":"7887,Salem Sabah Al Salem Al Sabah Street,Mangaf,Kuwait City,Kuwait","phones":"+96522256222","fax":"+96522256292","email":"","url":"http://www1.hilton.com/en_US/hi/hotel/KWIHIHI-Hilton-Kuwait-Resort/index.do","countryIso2":"KW","countryName":"Kuwait","hotelRating":"5","latitude":"29.1164","longitude":"48.1362","state_id":976,"state_name":"Capital Governorate","country_id":117},{"active":false,"Giataid":"129685","cityId":65590,"cityName":"Kuwait City","hotelId":129685,"hotelName":"Le Royal Express Sharq Hotel","address":"Al-Shuhada Street,Kuwait,Kuwait","phones":"","fax":"","email":"","url":"","countryIso2":"KW","countryName":"Kuwait","hotelRating":"3","latitude":"29.3803","longitude":"47.993","state_id":976,"state_name":"Capital Governorate","country_id":117},{"active":false,"Giataid":"129687","cityId":65590,"cityName":"Kuwait City","hotelId":129687,"hotelName":"Crown Suites","address":"","phones":"","fax":"","email":"","url":"","countryIso2":"KW","countryName":"Kuwait","hotelRating":"4","latitude":"29.3506","longitude":"47.9616","state_id":976,"state_name":"Capital Governorate","country_id":117},{"active":false,"Giataid":"129688","cityId":65590,"cityName":"Kuwait City","hotelId":129688,"hotelName":"Hussa House","address":"P.O. Box 21047,Behind Al Gar Dasman,Kuwait City,Kuwait","phones":"","fax":"","email":"","url":"","countryIso2":"KW","countryName":"Kuwait","hotelRating":"3","latitude":"29.369","longitude":"48.0107","state_id":976,"state_name":"Capital Governorate","country_id":117},{"active":false,"Giataid":"129689","cityId":65590,"cityName":"Kuwait City","hotelId":129689,"hotelName":"Times Square Suites","address":"Zarqa Al Yamama Street,Hawaly,P.O.Box 1339,32014 Kuwait,Kuwait","phones":"+96522661155","fax":"","email":"","url":"","countryIso2":"KW","countryName":"Kuwait","hotelRating":"3","latitude":"29.341","longitude":"48.0079","state_id":976,"state_name":"Capital Governorate","country_id":117},{"active":false,"Giataid":"129691","cityId":65590,"cityName":"Kuwait City","hotelId":129691,"hotelName":"Continental Suites Farwaniya","address":"Farwania Road,Kuwait,Kuwait","phones":"+96524736000","fax":"","email":"","url":"","countryIso2":"KW","countryName":"Kuwait","hotelRating":"4","latitude":"29.2766","longitude":"47.967","state_id":976,"state_name":"Capital Governorate","country_id":117},{"active":false,"Giataid":"129693","cityId":null,"cityName":"Hawally","hotelId":129693,"hotelName":"Hawally Continental Hotel","address":"Bin Khaldoun Street,Hawally,Kuwait","phones":"+96522612111","fax":"","email":"","url":"http://directrooms.com/kuwait/hotels/hawali-continental-hotel-kuwait-city-13184-address.htm","countryIso2":"KW","countryName":"Kuwait","hotelRating":"2","latitude":"29.3359","longitude":"48.0051","state_id":null,"state_name":null,"country_id":null},{"active":false,"Giataid":"129694","cityId":65590,"cityName":"Kuwait City","hotelId":129694,"hotelName":"Plaza Athenee","address":"Bnaid Al-Qar,Opposite to Arabian Gulf Street,next to salam hospital,Block 18,P.O. Box 38,Al Manar Complex,35151 Kuwait City,Kuwait","phones":"+9651846666","fax":"","email":"","url":"","countryIso2":"KW","countryName":"Kuwait","hotelRating":"4","latitude":"29.3242","longitude":"48.0377","state_id":976,"state_name":"Capital Governorate","country_id":117},{"active":false,"Giataid":"129695","cityId":65590,"cityName":"Kuwait City","hotelId":129695,"hotelName":"Le Royal Express Salmiya Hotel","address":"Qatar Street,Salmiya,Kuwait,Kuwait","phones":"","fax":"","email":"","url":"","countryIso2":"KW","countryName":"Kuwait","hotelRating":"3","latitude":"29.3325","longitude":"48.0767","state_id":976,"state_name":"Capital Governorate","country_id":117},{"active":false,"Giataid":"129696","cityId":65590,"cityName":"Kuwait City","hotelId":129696,"hotelName":"Al Corniche Club Resort & Spa","address":"Gulf Road,Al Shaab area,P.O. Box 318,Dasman 15454,Kuwait City,Kuwait","phones":"+96522255255","fax":"","email":"","url":"","countryIso2":"KW","countryName":"Kuwait","hotelRating":"4","latitude":"29.3442","longitude":"48.047","state_id":976,"state_name":"Capital Governorate","country_id":117},{"active":false,"Giataid":"132660","cityId":65590,"cityName":"Kuwait City","hotelId":132660,"hotelName":"Carlton Tower Hotel","address":"P.O. Box 26950,Al-Shuhada Street,13130 Kuwait,Safa,Kuwait","phones":"+96522452740","fax":"","email":"","url":"","countryIso2":"KW","countryName":"Kuwait","hotelRating":"4","latitude":"29.3668","longitude":"47.966","state_id":976,"state_name":"Capital Governorate","country_id":117},{"active":false,"Giataid":"132661","cityId":65590,"cityName":"Kuwait City","hotelId":132661,"hotelName":"New Park Hotel","address":"Wasil Bin Ata Street,Salmiya,Kuwait City,Kuwait","phones":"+96525634200","fax":"","email":"","url":"","countryIso2":"KW","countryName":"Kuwait","hotelRating":"3","latitude":"29.3424","longitude":"48.0361","state_id":976,"state_name":"Capital Governorate","country_id":117},{"active":false,"Giataid":"132664","cityId":65590,"cityName":"Kuwait City","hotelId":132664,"hotelName":"Oasis Hotel","address":"P.O. Box 26855,Ahmad Al-Jaber and Mubarak Al-Kabeer Streets,Safat,13129 Kuwait City,Kuwait","phones":"+96522465489","fax":"","email":"","url":"","countryIso2":"KW","countryName":"Kuwait","hotelRating":"3","latitude":"29.3761","longitude":"47.9784","state_id":976,"state_name":"Capital Governorate","country_id":117},{"active":false,"Giataid":"137504","cityId":65590,"cityName":"Kuwait City","hotelId":137504,"hotelName":"Le Jazz Hotel","address":"Zarka'a Al-Yamama Street,Hawally,32075 Kuwait City,Kuwait","phones":"+96522626111","fax":"","email":"","url":"","countryIso2":"KW","countryName":"Kuwait","hotelRating":"4","latitude":"29.3435","longitude":"48.0116","state_id":976,"state_name":"Capital Governorate","country_id":117},{"active":false,"Giataid":"138547","cityId":null,"cityName":"Salmiya","hotelId":138547,"hotelName":"ibis Kuwait Salmiya","address":"Salem Al Mubarak Street,PO Box 36442,24755 Salmiya,Kuwait","phones":"+96525734247","fax":"+96525734248","email":"","url":"http://www.ibishotel.com/de/hotel-5970-ibis-kuwait-salmiya/index.shtml","countryIso2":"KW","countryName":"Kuwait","hotelRating":"3","latitude":"29.3431","longitude":"48.0764","state_id":null,"state_name":null,"country_id":null},{"active":false,"Giataid":"142109","cityId":65590,"cityName":"Kuwait City","hotelId":142109,"hotelName":"Shiik Resort","address":"","phones":"","fax":"","email":"","url":"","countryIso2":"KW","countryName":"Kuwait","hotelRating":"4","latitude":"29.3209","longitude":"48.0889","state_id":976,"state_name":"Capital Governorate","country_id":117},{"active":false,"Giataid":"221618","cityId":65590,"cityName":"Kuwait City","hotelId":221618,"hotelName":"Costa Del Sol Hotel","address":"Sha'ab Al Bahry,Ibn Al Khatib Street,32072 Kuwait City,Kuwait","phones":"+9651830083","fax":"","email":"","url":"","countryIso2":"KW","countryName":"Kuwait","hotelRating":"4","latitude":"29.3498","longitude":"48.0322","state_id":976,"state_name":"Capital Governorate","country_id":117},{"active":false,"Giataid":"223186","cityId":65590,"cityName":"Kuwait City","hotelId":223186,"hotelName":"Red Tower Furnished Apartments","address":"Street 129,Highway 30,Exit 211,Red Tower Building,Block 1,Mahboula,Kuwait","phones":"","fax":"","email":"","url":"","countryIso2":"KW","countryName":"Kuwait","hotelRating":"3","latitude":"29.1382","longitude":"48.1174","state_id":976,"state_name":"Capital Governorate","country_id":117},{"active":false,"Giataid":"223580","cityId":65590,"cityName":"Kuwait City","hotelId":223580,"hotelName":"The Convention Center & Royal Suites Hotel","address":"Kuwait Free Trade Zone,Facing the Movenpick Hotel Kuwait,Shuwaikh,Kuwait,Kuwait","phones":"+96524613103","fax":"","email":"","url":"","countryIso2":"KW","countryName":"Kuwait","hotelRating":"4","latitude":"29.3482","longitude":"47.9147","state_id":976,"state_name":"Capital Governorate","country_id":117},{"active":false,"Giataid":"229597","cityId":65590,"cityName":"Kuwait City","hotelId":229597,"hotelName":"Terrace Hotel Apartments","address":"Kuwait City,Kuwait","phones":"","fax":"","email":"","url":"","countryIso2":"KW","countryName":"Kuwait","hotelRating":"3","latitude":"29.3294","longitude":"48.0039","state_id":976,"state_name":"Capital Governorate","country_id":117},{"active":false,"Giataid":"234500","cityId":65590,"cityName":"Kuwait City","hotelId":234500,"hotelName":"Royal Residence","address":"Street 88,Binaid El Qar,Kuwait,Kuwait","phones":"","fax":"","email":"","url":"","countryIso2":"KW","countryName":"Kuwait","hotelRating":"3","latitude":"29.3702","longitude":"48.0049","state_id":976,"state_name":"Capital Governorate","country_id":117},{"active":false,"Giataid":"234504","cityId":65590,"cityName":"Kuwait City","hotelId":234504,"hotelName":"Safir Hotel & Residences","address":"P.O. Box 833,Safat,13009 Kuwait,Kuwait","phones":"+96525455555","fax":"+96525455550","email":"reservations.fintas@safirhotels.com","url":"http://www.safirhotels.com/overview.aspx?detail=overview&amp;hotelname=SafirHotel&amp;Residences&amp;hotelid=30","countryIso2":"KW","countryName":"Kuwait","hotelRating":"5","latitude":"29.1848","longitude":"48.1173","state_id":976,"state_name":"Capital Governorate","country_id":117},{"active":false,"Giataid":"234505","cityId":65590,"cityName":"Kuwait City","hotelId":234505,"hotelName":"The Regency Kuwait ","address":"P.O. Box 1139,Al-Tawoon Street 25,22012 Salmiya,Kuwait","phones":"+96525766666","fax":"+96525766610","email":"reservations@theregencykuwait.com","url":"http://www.theregencykuwait.com","countryIso2":"KW","countryName":"Kuwait","hotelRating":"5","latitude":"29.3166","longitude":"48.0892","state_id":976,"state_name":"Capital Governorate","country_id":117},{"active":false,"Giataid":"234506","cityId":65590,"cityName":"Kuwait City","hotelId":234506,"hotelName":"Spice Boutique Hotel","address":"Gulf Street,Area 75 Jadha 2 Building 29,Ras Salmiya,Kuwait,Kuwait","phones":"+96525725715","fax":"+96525725729","email":"info@spiceboutiquehotel.com","url":"http://spiceboutiquehotel.com/","countryIso2":"KW","countryName":"Kuwait","hotelRating":"4","latitude":"29.3476","longitude":"48.0939","state_id":976,"state_name":"Capital Governorate","country_id":117},{"active":false,"Giataid":"244149","cityId":65590,"cityName":"Kuwait City","hotelId":244149,"hotelName":"Gulf Casa Suites","address":"Bneit Elgar 74,Block 2,Kuwait City District,13071 Kuwait,Kuwait","phones":"","fax":"","email":"","url":"","countryIso2":"KW","countryName":"Kuwait","hotelRating":"4","latitude":"29.3697","longitude":"47.9783","state_id":976,"state_name":"Capital Governorate","country_id":117},{"active":false,"Giataid":"244150","cityId":65590,"cityName":"Kuwait City","hotelId":244150,"hotelName":"Symphony Style Hotel","address":"Arabian Gulf Road,P.O. Box 1113,Sarriya,22012  Kuwait City,Kuwait","phones":"+96525770000","fax":"+96525770121","email":"info.kuwait@hotelmissoni.com","url":"http://www.hotelmissoni.com/#/0/missoni_front_page","countryIso2":"KW","countryName":"Kuwait","hotelRating":"5","latitude":"29.3462","longitude":"48.085","state_id":976,"state_name":"Capital Governorate","country_id":117},{"active":false,"Giataid":"245964","cityId":65590,"cityName":"Kuwait City","hotelId":245964,"hotelName":"Intercontinental Kuwait","address":"Gulf Street,Area No. 71, Block No. 2a,Kuwait City,Kuwait","phones":"+96522329995","fax":"","email":"carlos.malliaroudakis@ihg.com","url":"http://www.hotel.de/de/intercontinental-kuwait/hotel-310567/","countryIso2":"KW","countryName":"Kuwait","hotelRating":"3","latitude":"29.3433","longitude":"48.0763","state_id":976,"state_name":"Capital Governorate","country_id":117},{"active":false,"Giataid":"368230","cityId":null,"cityName":"Mahboula","hotelId":368230,"hotelName":"Best Western Plus Mahboula","address":"Sea Side Street,13081 Mahboula,Kuwait","phones":"+96523700300","fax":"","email":"","url":"","countryIso2":"KW","countryName":"Kuwait","hotelRating":"4","latitude":"29.1383","longitude":"48.1282","state_id":null,"state_name":null,"country_id":null},{"active":false,"Giataid":"368231","cityId":65590,"cityName":"Kuwait City","hotelId":368231,"hotelName":"Hilton Olympia Kuwait","address":"","phones":"","fax":"","email":"","url":"","countryIso2":"KW","countryName":"Kuwait","hotelRating":"1","latitude":"29.3242","longitude":"48.0377","state_id":976,"state_name":"Capital Governorate","country_id":117},{"active":false,"Giataid":"456978","cityId":65590,"cityName":"Kuwait City","hotelId":456978,"hotelName":"Second Home Hotel","address":"","phones":"","fax":"","email":"","url":"","countryIso2":"KW","countryName":"Kuwait","hotelRating":"2","latitude":"29.3745","longitude":"47.9981","state_id":976,"state_name":"Capital Governorate","country_id":117},{"active":false,"Giataid":"476138","cityId":null,"cityName":"Salmiya","hotelId":476138,"hotelName":"Hotel Kawther International","address":"Block- 4,Building-10,999,Street- 5 Series- 2,Salmiya,Kuwait,Kuwait","phones":"","fax":"","email":"","url":"","countryIso2":"KW","countryName":"Kuwait","hotelRating":"1","latitude":"29.3381","longitude":"48.0744","state_id":null,"state_name":null,"country_id":null},{"active":false,"Giataid":"504211","cityId":65590,"cityName":"Kuwait City","hotelId":504211,"hotelName":"Flora Park Hotel Apartment","address":"","phones":"","fax":"","email":"","url":"","countryIso2":"KW","countryName":"Kuwait","hotelRating":"3","latitude":"29.3707","longitude":"48.004","state_id":976,"state_name":"Capital Governorate","country_id":117},{"active":false,"Giataid":"514493","cityId":null,"cityName":"Hawally","hotelId":514493,"hotelName":"Roomi Suites Hotel","address":"","phones":"","fax":"","email":"","url":"","countryIso2":"KW","countryName":"Kuwait","hotelRating":"3","latitude":"29.3414","longitude":"48.0238","state_id":null,"state_name":null,"country_id":null},{"active":false,"Giataid":"625012","cityId":65590,"cityName":"Kuwait City","hotelId":625012,"hotelName":"Wahaj Hotel Apartments","address":"","phones":"","fax":"","email":"","url":"","countryIso2":"KW","countryName":"Kuwait","hotelRating":"1","latitude":"29.3242","longitude":"48.0377","state_id":976,"state_name":"Capital Governorate","country_id":117},{"active":false,"Giataid":"680578","cityId":65590,"cityName":"Kuwait City","hotelId":680578,"hotelName":"Continental Inn Hotel Al Farwaniya","address":"56 Street,Habeeb Munawer Street,Al Farwaniya Area 3-Building 12,Near Farwaniya Police Staion,Farwaniya,Kuwait City,Kuwait","phones":"+96524746301","fax":"+96524746303","email":"inn@kcontl.net","url":"http://www.kcontl.net/hotel6.aspx","countryIso2":"KW","countryName":"Kuwait","hotelRating":"1","latitude":"29.2813","longitude":"47.9613","state_id":976,"state_name":"Capital Governorate","country_id":117},{"active":false,"Giataid":"723222","cityId":65590,"cityName":"Kuwait City","hotelId":723222,"hotelName":"Gulf Rose Suites","address":"Tunis Street,Hawalli,Kuwait City,Kuwait","phones":"","fax":"","email":"","url":"","countryIso2":"KW","countryName":"Kuwait","hotelRating":"1","latitude":"29.3336","longitude":"48.0295","state_id":976,"state_name":"Capital Governorate","country_id":117},{"active":false,"Giataid":"726418","cityId":null,"cityName":"Al Khiran","hotelId":726418,"hotelName":"Royal Chalet","address":"Zone 3,Al Khairan Road 278,54401 Al Khiran,Kuwait","phones":"","fax":"","email":"info@royalchalets.com","url":"http://www.royalchalets.com","countryIso2":"KW","countryName":"Kuwait","hotelRating":"3","latitude":"29.3242","longitude":"48.0377","state_id":null,"state_name":null,"country_id":null},{"active":false,"Giataid":"733340","cityId":65590,"cityName":"Kuwait City","hotelId":733340,"hotelName":"Al Hamra Hotel Kuwait","address":"Sharq,Al-Shuhada Street,15452 Kuwait City,Kuwait","phones":"+96522433111","fax":"","email":"","url":"http://www.alhamrahotel.com.kw/","countryIso2":"KW","countryName":"Kuwait","hotelRating":"1","latitude":"29.3242","longitude":"48.0377","state_id":976,"state_name":"Capital Governorate","country_id":117},{"active":false,"Giataid":"754171","cityId":65590,"cityName":"Kuwait City","hotelId":754171,"hotelName":"Grand Majestic Hotel","address":"Abdulla Al Mubarak Street,Sahoud Tower,Mirqab,13159 Kuwait City,Kuwait","phones":"","fax":"","email":"","url":"","countryIso2":"KW","countryName":"Kuwait","hotelRating":"4","latitude":"29.3678","longitude":"47.9807","state_id":976,"state_name":"Capital Governorate","country_id":117},{"active":false,"Giataid":"796800","cityId":65590,"cityName":"Kuwait City","hotelId":796800,"hotelName":"Jamaica Inn","address":"Block 3,Al Khansa Street,Hawally,Kuwait,Kuwait","phones":"","fax":"","email":"","url":"","countryIso2":"KW","countryName":"Kuwait","hotelRating":"1","latitude":"29.3242","longitude":"48.0377","state_id":976,"state_name":"Capital Governorate","country_id":117},{"active":false,"Giataid":"797790","cityId":65590,"cityName":"Kuwait City","hotelId":797790,"hotelName":"Salmiya International Hotel","address":"Al Dimna Street,Behind Al-Fanar Complex,Salmiya,Kuwait,Kuwait","phones":"","fax":"","email":"","url":"","countryIso2":"KW","countryName":"Kuwait","hotelRating":"1","latitude":"29.3242","longitude":"48.0377","state_id":976,"state_name":"Capital Governorate","country_id":117},{"active":false,"Giataid":"824060","cityId":65590,"cityName":"Kuwait City","hotelId":824060,"hotelName":"Imperial Hotel","address":"Building 225,Binad Al Gar,Al Shreif Al Reda Street,Kuwait City,Kuwait","phones":"+96522528766","fax":"+96522520144","email":"info@imperialkw.com","url":"http://imperialkw.com/cgi/index.cgi","countryIso2":"KW","countryName":"Kuwait","hotelRating":"1","latitude":"29.3242","longitude":"48.0377","state_id":976,"state_name":"Capital Governorate","country_id":117},{"active":false,"Giataid":"850370","cityId":65590,"cityName":"Kuwait City","hotelId":850370,"hotelName":"Failaka Heritage Village","address":"Failaka island,Kuwait City,Kuwait","phones":"+9652520600","fax":"","email":"reservations@safirhotels.com","url":"http://www.safirhotels.com/overview.aspx?detail=overview&hotelname=FailakaHeritageVillage&hotelid=14","countryIso2":"KW","countryName":"Kuwait","hotelRating":"1","latitude":"29.3242","longitude":"48.0377","state_id":976,"state_name":"Capital Governorate","country_id":117},{"active":false,"Giataid":"551228","cityId":65590,"cityName":"Kuwait City","hotelId":10045885,"hotelName":"Corniche Hotel & Suites","address":"Arabian Gulf Road,Salmiya 13092,Hawally,23194 Kuwait City,Kuwait","phones":"","fax":"","email":"","url":"","countryIso2":"KW","countryName":"Kuwait","hotelRating":"4","latitude":"29.3403","longitude":"48.0671","state_id":976,"state_name":"Capital Governorate","country_id":117},{"active":false,"Giataid":"413021","cityId":65590,"cityName":"Kuwait City","hotelId":10065046,"hotelName":"Residence Inn Kuwait City","address":"Abdullah Saleh Almulla Street,Sharq,15460 Kuwait City,Kuwait","phones":"+96522059500","fax":"","email":"","url":"","countryIso2":"KW","countryName":"Kuwait","hotelRating":"3","latitude":"29.3885","longitude":"47.9908","state_id":976,"state_name":"Capital Governorate","country_id":117},{"active":false,"Giataid":"520703","cityId":null,"cityName":"Salmiya","hotelId":10094866,"hotelName":"Millennium Hotel And Convention Centre Kuwait","address":"4th Ring Road, Safat,Abou Thar Al Ghafari St,13154 Salmiya,Kuwait,Kuwait","phones":"+96522050505","fax":"NULL","email":"NULL","url":"NULL","countryIso2":"KW","countryName":"Kuwait","hotelRating":"5","latitude":"29.3296","longitude":"48.0419","state_id":null,"state_name":null,"country_id":null},{"active":false,"Giataid":"528280","cityId":null,"cityName":"Salmiya","hotelId":10108039,"hotelName":"Al Muhanna Plaza Hotel","address":"Al Domna Street, Avenue 9,behind Al Fanar Complex,Salmiya,Kuwait","phones":"NULL","fax":"NULL","email":"NULL","url":"NULL","countryIso2":"KW","countryName":"Kuwait","hotelRating":"3","latitude":"29.3397","longitude":"48.0733","state_id":null,"state_name":null,"country_id":null},{"active":false,"Giataid":"473026","cityId":65590,"cityName":"Kuwait City","hotelId":20002823,"hotelName":"Bravo Royal Hotel Suites","address":"Salmiya Blajat Road, Block 142-Building 19,22012 Kuwait,Kuwait","phones":"+96522280435","fax":"+96522280436","email":"reservations@bravoroyal.com","url":"http://www.bravoroyal.com","countryIso2":"KW","countryName":"Kuwait","hotelRating":"3","latitude":"29.3323","longitude":"48.09","state_id":976,"state_name":"Capital Governorate","country_id":117},{"active":false,"Giataid":"476692","cityId":65590,"cityName":"Kuwait City","hotelId":20003040,"hotelName":"Safari House Hotel","address":"Al Murgab Block 1 Section 5,beside Ministries Complex,Safat,13017 Kuwait City,Kuwait","phones":"","fax":"","email":"","url":"http://safari-house-hotel.kuwaitbd.com/","countryIso2":"KW","countryName":"Kuwait","hotelRating":"3","latitude":"29.3677","longitude":"47.9776","state_id":976,"state_name":"Capital Governorate","country_id":117},{"active":false,"Giataid":"544011","cityId":65590,"cityName":"Kuwait City","hotelId":20003232,"hotelName":"Royal Suite Hotel","address":"Bneid Al-Gar,Kuwait City,Kuwait,Kuwait","phones":"","fax":"","email":"","url":"","countryIso2":"KW","countryName":"Kuwait","hotelRating":"3","latitude":"29.3702","longitude":"48.0089","state_id":976,"state_name":"Capital Governorate","country_id":117},{"active":false,"Giataid":"679102","cityId":65590,"cityName":"Kuwait City","hotelId":20003438,"hotelName":"Al Muhanna Plaza Salmiya Old Souk","address":"Avenue 5,Block 9,Helal Almutairi Street,Behind Old Salmyia Souq,Kuwait City,Kuwait","phones":"","fax":"","email":"","url":"","countryIso2":"KW","countryName":"Kuwait","hotelRating":"3","latitude":"29.3352","longitude":"48.0615","state_id":976,"state_name":"Capital Governorate","country_id":117},{"active":false,"Giataid":"556919","cityId":65590,"cityName":"Kuwait City","hotelId":20004708,"hotelName":"Hotel City Suites Kuwait","address":"Sharq Dasman Circle,P.O Box 3334,Kuwait City,Kuwait,Kuwait","phones":"","fax":"","email":"","url":"","countryIso2":"KW","countryName":"Kuwait","hotelRating":"3","latitude":"29.3872","longitude":"47.9921","state_id":976,"state_name":"Capital Governorate","country_id":117},{"active":false,"Giataid":"474411","cityId":65590,"cityName":"Kuwait City","hotelId":20004822,"hotelName":"The Rester Hotel","address":"Block 1, Building 175,Street 10,99999 Kuwait,Kuwait","phones":"","fax":"","email":"","url":"http://the-rester.com/","countryIso2":"KW","countryName":"Kuwait","hotelRating":"4","latitude":"29.1587","longitude":"48.1161","state_id":976,"state_name":"Capital Governorate","country_id":117},{"active":false,"Giataid":"545514","cityId":65590,"cityName":"Kuwait City","hotelId":20004984,"hotelName":"Terrace Furnished Apartments Fintas 2","address":"Fintas, Area 3,Street 101 (El Mataem street),Building 21,Kuwait,Kuwait","phones":"","fax":"","email":"","url":"","countryIso2":"KW","countryName":"Kuwait","hotelRating":"3","latitude":"29.3428","longitude":"48.0145","state_id":976,"state_name":"Capital Governorate","country_id":117},{"active":false,"Giataid":"545518","cityId":65590,"cityName":"Kuwait City","hotelId":20005139,"hotelName":"Terrace Furnished Apartments- Salmiya","address":"Abu Thar Al Ghafari Street,Block 12,Building 3,Kuwait,Kuwait","phones":"","fax":"","email":"","url":"","countryIso2":"KW","countryName":"Kuwait","hotelRating":"1","latitude":"29.3295","longitude":"48.0423","state_id":976,"state_name":"Capital Governorate","country_id":117},{"active":false,"Giataid":"535477","cityId":65590,"cityName":"Kuwait City","hotelId":20005631,"hotelName":"Dream Inn Hotel and Suites","address":"129 Street,Salmiya,Kuwait","phones":"","fax":"","email":"","url":"","countryIso2":"KW","countryName":"Kuwait","hotelRating":"4","latitude":"29.3366","longitude":"48.0694","state_id":976,"state_name":"Capital Governorate","country_id":117},{"active":false,"Giataid":"573443","cityId":65590,"cityName":"Kuwait City","hotelId":20005870,"hotelName":"Terrace Furnished Apartments Fintas 1","address":"Fintas, Block 1,Street 7,Building 43,Kuwait,Kuwait","phones":"","fax":"","email":"","url":"","countryIso2":"KW","countryName":"Kuwait","hotelRating":"3","latitude":"29.3242","longitude":"48.0377","state_id":976,"state_name":"Capital Governorate","country_id":117},{"active":false,"Giataid":"724082","cityId":65590,"cityName":"Kuwait City","hotelId":20006005,"hotelName":"Continental Suite Salmiya","address":"Salmiya Block 10,Street 12 Avenue 2,Building 17 Fifth Ring Road,13126 Salmiya,Kuwait","phones":"","fax":"","email":"","url":"","countryIso2":"KW","countryName":"Kuwait","hotelRating":"0","latitude":"29.3259","longitude":"48.0716","state_id":976,"state_name":"Capital Governorate","country_id":117},{"active":false,"Giataid":"604322","cityId":null,"cityName":"Al Khiran","hotelId":20006159,"hotelName":"Aquamarine Kuwait Resort","address":"Al Nuwaiseeb,Road 298,Al Khiran,Kuwait","phones":"","fax":"","email":"","url":"","countryIso2":"KW","countryName":"Kuwait","hotelRating":"4","latitude":"28.5493","longitude":"48.4177","state_id":null,"state_name":null,"country_id":null},{"active":false,"Giataid":"545520","cityId":65590,"cityName":"Kuwait City","hotelId":20006317,"hotelName":"Terrace Furnished Apartments- Hawally","address":"Al Muthanna Street,Building 1,Area 12,Kuwait,Kuwait","phones":"","fax":"","email":"","url":"","countryIso2":"KW","countryName":"Kuwait","hotelRating":"1","latitude":"29.3389","longitude":"48.0272","state_id":976,"state_name":"Capital Governorate","country_id":117},{"active":false,"Giataid":"535053","cityId":65590,"cityName":"Kuwait City","hotelId":20006677,"hotelName":"Sands Residence Furnished Apartments","address":"Building # 32 Salmiya - Block 6 - Al Khansa St KUWAIT,Hawally 99999,Kuwait","phones":"","fax":"","email":"","url":"","countryIso2":"KW","countryName":"Kuwait","hotelRating":"0","latitude":"29.3242","longitude":"48.0377","state_id":976,"state_name":"Capital Governorate","country_id":117},{"active":false,"Giataid":"681963","cityId":65590,"cityName":"Kuwait City","hotelId":20006841,"hotelName":"Ramada Encore Kuwait Downtown","address":"Jaber Al Mubarak Street 113,Block 8,Sharq District,32026 Kuwait City,Kuwait","phones":"+9659651800112","fax":"","email":"","url":"http://ramadaencorekuwait.com/","countryIso2":"KW","countryName":"Kuwait","hotelRating":"3","latitude":"29.376","longitude":"47.9938","state_id":976,"state_name":"Capital Governorate","country_id":117},{"active":false,"Giataid":"423483","cityId":65590,"cityName":"Kuwait City","hotelId":20006987,"hotelName":"Gulf Rose Hotel","address":"Al Mirqab,Kuwait City,Kuwait","phones":"+96522444800","fax":"+96522451549","email":"info@gulfrosekuwait.com","url":"http://www.gulfrosekuwait.com","countryIso2":"KW","countryName":"Kuwait","hotelRating":"3","latitude":"29.3695","longitude":"47.9787","state_id":976,"state_name":"Capital Governorate","country_id":117},{"active":false,"Giataid":"535062","cityId":65590,"cityName":"Kuwait City","hotelId":20007196,"hotelName":"Sara Plaza 2 Hotel","address":"12 Street Salmiya,35152,Kuwait","phones":"","fax":"","email":"","url":"","countryIso2":"KW","countryName":"Kuwait","hotelRating":"0","latitude":"29.3242","longitude":"48.0377","state_id":976,"state_name":"Capital Governorate","country_id":117},{"active":false,"Giataid":"679098","cityId":65590,"cityName":"Kuwait City","hotelId":20007366,"hotelName":"Leader Apartments","address":"Block 2,Street 206,Building 175,Mahboula,Kuwait City,Kuwait","phones":"","fax":"","email":"","url":"","countryIso2":"KW","countryName":"Kuwait","hotelRating":"0","latitude":"29.1566","longitude":"48.1205","state_id":976,"state_name":"Capital Governorate","country_id":117},{"active":false,"Giataid":"723405","cityId":65590,"cityName":"Kuwait City","hotelId":20008132,"hotelName":"Relax Inn Hotel Apartment Fahaheel","address":"Block 10,Fahaheel,Makkah Street 11,18913 Kuwait,Kuwait","phones":"","fax":"","email":"","url":"","countryIso2":"KW","countryName":"Kuwait","hotelRating":"0","latitude":"29.0846","longitude":"48.1329","state_id":976,"state_name":"Capital Governorate","country_id":117},{"active":false,"Giataid":"543981","cityId":65590,"cityName":"Kuwait City","hotelId":20009008,"hotelName":"Royal Casa Hotel","address":"Block 3, Street 1, Alsima Salmiya,Belajat Street,Kuwait,Kuwait","phones":"","fax":"","email":"","url":"","countryIso2":"KW","countryName":"Kuwait","hotelRating":"3","latitude":"29.3411","longitude":"48.0949","state_id":976,"state_name":"Capital Governorate","country_id":117},{"active":false,"Giataid":"529002","cityId":65590,"cityName":"Kuwait City","hotelId":20009110,"hotelName":"Boudl Al Fahahil","address":"Makka Street,Cross of Ghanim Alduwais Street,Al Fahaheel,Kuwait,Kuwait","phones":"+96523922506","fax":"","email":"","url":"","countryIso2":"KW","countryName":"Kuwait","hotelRating":"4","latitude":"29.0836","longitude":"48.1335","state_id":976,"state_name":"Capital Governorate","country_id":117},{"active":false,"Giataid":"535058","cityId":65590,"cityName":"Kuwait City","hotelId":20009775,"hotelName":"The Crown Luxury Suites Fintas","address":"Block 3 Street 104,Building 24,Fintas,Fahaheel,Kuwait","phones":"+96599077758","fax":"","email":"info@thecrown-kw.com","url":"http://crownhotel-kw.com/portal/contactus.aspx","countryIso2":"KW","countryName":"Kuwait","hotelRating":"0","latitude":"29.1682","longitude":"48.1191","state_id":976,"state_name":"Capital Governorate","country_id":117},{"active":false,"Giataid":"473566","cityId":65590,"cityName":"Kuwait City","hotelId":20010029,"hotelName":"Dalal City Hotel","address":"Salem Al Mubarak Street  Salmiya,99999 Kuwait,Kuwait","phones":"","fax":"","email":"","url":"","countryIso2":"KW","countryName":"Kuwait","hotelRating":"3","latitude":"29.3401","longitude":"48.0718","state_id":976,"state_name":"Capital Governorate","country_id":117},{"active":false,"Giataid":"535483","cityId":65590,"cityName":"Kuwait City","hotelId":20010155,"hotelName":"Leaders Plaza Apartments","address":"Block 2,Street 201,Building 336,Mahboula,Kuwait City,Kuwait","phones":"+96522394777","fax":"","email":"info@leadersplaza.com","url":"http://www.leadersplaza.com","countryIso2":"KW","countryName":"Kuwait","hotelRating":"4","latitude":"29.147","longitude":"48.1241","state_id":976,"state_name":"Capital Governorate","country_id":117},{"active":false,"Giataid":"435761","cityId":65590,"cityName":"Kuwait City","hotelId":20010294,"hotelName":"Kuwait Continental Hotel","address":"Bneid Al Qar,Istaqlal Street,13071 Kuwait City,Kuwait","phones":"+9652252700","fax":"+96522529373","email":"info@kcontl.net","url":"http://www.kcontl.net/hotel1.aspx","countryIso2":"KW","countryName":"Kuwait","hotelRating":"4","latitude":"29.3743","longitude":"47.9975","state_id":976,"state_name":"Capital Governorate","country_id":117},{"active":false,"Giataid":"686957","cityId":65590,"cityName":"Kuwait City","hotelId":20010433,"hotelName":"Four Seasons Hotel Kuwait At Burj Alshaya","address":"Al Soor Street,Al Mirqab,Safat,13008 Kuwait,Kuwait","phones":"+96522006000","fax":"","email":"","url":"http://www.fourseasons.com/kuwait/","countryIso2":"KW","countryName":"Kuwait","hotelRating":"5","latitude":"29.3621","longitude":"47.9818","state_id":976,"state_name":"Capital Governorate","country_id":117},{"active":false,"Giataid":"555621","cityId":65590,"cityName":"Kuwait City","hotelId":20010576,"hotelName":"Holiday Inn Kuwait Al Thuraya City","address":"P.O. Box 18544,Airport Road,Farwaniya,81006 Kuwait City,Kuwait","phones":"+9651848111","fax":"","email":"hi.atc@ihg.com","url":"http://www.ihg.com/holidayinn/hotels/us/en/kuwait/kwikw/hoteldetail","countryIso2":"KW","countryName":"Kuwait","hotelRating":"5","latitude":"29.2703","longitude":"47.9686","state_id":976,"state_name":"Capital Governorate","country_id":117},{"active":false,"Giataid":"472308","cityId":65590,"cityName":"Kuwait City","hotelId":20010965,"hotelName":"City Tower Hotel","address":"Block 4, Building 20,Street 142,P.O. Box 22067,Sharq,Safat,130811 Kuwait,Kuwait","phones":"+96522446600","fax":"+96522446500","email":"","url":"http://citytower-kuwait.com","countryIso2":"KW","countryName":"Kuwait","hotelRating":"4","latitude":"29.3814","longitude":"47.9917","state_id":976,"state_name":"Capital Governorate","country_id":117},{"active":false,"Giataid":"723398","cityId":65590,"cityName":"Kuwait City","hotelId":20011116,"hotelName":"Relax Inn Hotel Apartment II","address":"Block 9,Near Red Tag,Hamad Al Mubarak street 2,22065 Kuwait-Stadt,Kuwait","phones":"","fax":"","email":"","url":"","countryIso2":"KW","countryName":"Kuwait","hotelRating":"0","latitude":"29.3242","longitude":"48.0377","state_id":976,"state_name":"Capital Governorate","country_id":117},{"active":false,"Giataid":"450711","cityId":65590,"cityName":"Kuwait City","hotelId":20011243,"hotelName":"Mirage Suites Hotel","address":"Sha'ab Al-Bahari,Ibn Salam Street,Block No 8,Building 12,Kuwait City,Kuwait","phones":"+96522663131","fax":"+96522657858","email":"info@miraage.com.kw","url":"http://www.mirage.com.kw/","countryIso2":"KW","countryName":"Kuwait","hotelRating":"4","latitude":"29.3492","longitude":"48.0327","state_id":976,"state_name":"Capital Governorate","country_id":117},{"active":false,"Giataid":"604960","cityId":65590,"cityName":"Kuwait City","hotelId":20011376,"hotelName":"Taj Suites Kuwait","address":"Building 10, Block 5,Ahmed Al Jaber Street,13119 Kuwait City,Kuwait","phones":"","fax":"","email":"","url":"","countryIso2":"KW","countryName":"Kuwait","hotelRating":"0","latitude":"29.3242","longitude":"48.0377","state_id":976,"state_name":"Capital Governorate","country_id":117},{"active":false,"Giataid":"543990","cityId":65590,"cityName":"Kuwait City","hotelId":20011498,"hotelName":"Sara Plaza Hotel","address":"Block 4,Building 8,Al Salmia - Demna Street,35152 Kuwait,Kuwait","phones":"+96522213222","fax":"","email":"","url":"http://www.saraplaza.com","countryIso2":"KW","countryName":"Kuwait","hotelRating":"4","latitude":"29.3389","longitude":"48.0733","state_id":976,"state_name":"Capital Governorate","country_id":117},{"active":false,"Giataid":"475748","cityId":65590,"cityName":"Kuwait City","hotelId":20011605,"hotelName":"Adams Hotel","address":"Street 64,Block 3,Building 12,13014 Kuwait,Bneid AlQar,Kuwait","phones":"+96522020000","fax":"+96522021220","email":"info@adams-hotel.com","url":"http://www.adams-hotel.com/","countryIso2":"KW","countryName":"Kuwait","hotelRating":"4","latitude":"29.3795","longitude":"47.9995","state_id":976,"state_name":"Capital Governorate","country_id":117},{"active":false,"Giataid":"528579","cityId":65590,"cityName":"Kuwait City","hotelId":20011762,"hotelName":"Salmiya Casa hotel Apartments","address":"Salmiya, Block 3,Amro Bin Alaas Building 92,13067 Kuwait,Kuwait","phones":"","fax":"","email":"","url":"http://www.salmiyacasa.com/","countryIso2":"KW","countryName":"Kuwait","hotelRating":"3","latitude":"29.3378","longitude":"48.0866","state_id":976,"state_name":"Capital Governorate","country_id":117},{"active":false,"Giataid":"642914","cityId":65590,"cityName":"Kuwait City","hotelId":20011878,"hotelName":"Marina Inn Hotel Apartment","address":"Salem Al Mubarak Street,Kuwait,Kuwait","phones":"","fax":"","email":"","url":"","countryIso2":"KW","countryName":"Kuwait","hotelRating":"0","latitude":"29.3242","longitude":"48.0377","state_id":976,"state_name":"Capital Governorate","country_id":117},{"active":false,"Giataid":"528256","cityId":null,"cityName":"Salmiya","hotelId":20346836,"hotelName":"Raoum Inn","address":"Amr Ebn Al-aas Street,Salmiyah,Kuwait City,Kuwait","phones":"+96525727902","fax":"","email":"raoum_kwt@hotmail.com","url":"http://raouminn.com/","countryIso2":"KW","countryName":"Kuwait","hotelRating":"3","latitude":"29.3361","longitude":"48.0883","state_id":null,"state_name":null,"country_id":null},{"active":false,"Giataid":"859717","cityId":null,"cityName":"Salmiya","hotelId":20346839,"hotelName":"Lumiere Des Etoile Hotel","address":"Building 15,Al Zuba Street Block 11,Salmiya,Kuwait","phones":"+96525655085","fax":"","email":"info.lumierekw@gmail.com","url":"http://lumieredesetoile.com/","countryIso2":"KW","countryName":"Kuwait","hotelRating":"6","latitude":"29.3409","longitude":"48.0366","state_id":null,"state_name":null,"country_id":null},{"active":false,"Giataid":"723254","cityId":null,"cityName":"Salmiya","hotelId":20346837,"hotelName":"Baity Furnished Flats","address":"Baghdad Street,Hawally,24052 Salmiyah,Kuwait","phones":"","fax":"","email":"","url":"","countryIso2":"KW","countryName":"Kuwait","hotelRating":"0","latitude":"29.3363","longitude":"48.0564","state_id":null,"state_name":null,"country_id":null},{"active":false,"Giataid":"926918","cityId":65590,"cityName":"Kuwait City","hotelId":20346838,"hotelName":"Sedra Residence","address":"Salmiya,Block 11,2 Street,Front Al Mezini Mosque,Kuwait,Kuwait","phones":"+96522061134","fax":"","email":"info@sedra.com.kw","url":"http://www.sedra-residence.com","countryIso2":"KW","countryName":"Kuwait","hotelRating":"0","latitude":"29.3242","longitude":"48.0377","state_id":976,"state_name":"Capital Governorate","country_id":117},{"active":false,"Giataid":"723396","cityId":null,"cityName":"Salmiya","hotelId":20346841,"hotelName":"Relax Inn Hotel Apartments","address":"Block 3,Near Al Seef Hospital Salmiya,Al Blajat Street 12,Salmiya,Kuwait","phones":"+96525723617","fax":"+96525723611","email":"reception@relaxinngroup.com","url":"http://www.relaxinngroup.com/","countryIso2":"KW","countryName":"Kuwait","hotelRating":"0","latitude":"29.3354","longitude":"48.0938","state_id":null,"state_name":null,"country_id":null},{"active":false,"Giataid":"925090","cityId":null,"cityName":"Hawally","hotelId":20346842,"hotelName":"Noble Rose Apartment","address":"Avenue 3,Thaqeef Street Block 10,Building 6,Hawally,Kuwait","phones":"","fax":"","email":"","url":"","countryIso2":"KW","countryName":"Kuwait","hotelRating":"0","latitude":"29.3295","longitude":"48.0667","state_id":null,"state_name":null,"country_id":null},{"active":false,"Giataid":"926926","cityId":65590,"cityName":"Kuwait City","hotelId":20346843,"hotelName":"Double K Residence","address":"Sayeed Yaseen,Al Tabtabaie Street,Block 9,Building 37,Front of Eleysees Hotel,Kuwait,Kuwait","phones":"","fax":"","email":"","url":"","countryIso2":"KW","countryName":"Kuwait","hotelRating":"0","latitude":"29.3242","longitude":"48.0377","state_id":976,"state_name":"Capital Governorate","country_id":117},{"active":false,"Giataid":"867153","cityId":null,"cityName":"Salmiya","hotelId":20346844,"hotelName":"Al Fakhama Hotel Apartments","address":"Alsalmiya Street 1,Aveneue 2,Building 4,Hawalli,Salmiya 20009,Kuwait","phones":"","fax":"","email":"","url":"","countryIso2":"KW","countryName":"Kuwait","hotelRating":"0","latitude":"29.3373","longitude":"48.0744","state_id":null,"state_name":null,"country_id":null},{"active":false,"Giataid":"723400","cityId":null,"cityName":"Hawally","hotelId":20346845,"hotelName":"Relax Inn Hotel Apartment Hawally","address":"Block 10,Opposite Al Qabas Ahliya School,Moosa Bin Nasar Street 30,Hawally,Kuwait","phones":"","fax":"","email":"","url":"","countryIso2":"KW","countryName":"Kuwait","hotelRating":"0","latitude":"29.3303","longitude":"48.0164","state_id":null,"state_name":null,"country_id":null},{"active":false,"Giataid":"604238","cityId":null,"cityName":"Salmiya","hotelId":20346846,"hotelName":"Al Muhanna Plaza Luxury Apartments","address":"Building 14,Sayed Yaseen Street Block 9,15255 Salmiyah,Kuwait","phones":"","fax":"","email":"","url":"","countryIso2":"KW","countryName":"Kuwait","hotelRating":"3","latitude":"29.3373","longitude":"48.0744","state_id":null,"state_name":null,"country_id":null},{"active":false,"Giataid":"528334","cityId":null,"cityName":"Salmiya","hotelId":20346849,"hotelName":"Marina Royal Hotel Suites","address":"Block 7,Salem Almubarek Street,22007 Salmiyah,Kuwait","phones":"","fax":"","email":"","url":"","countryIso2":"KW","countryName":"Kuwait","hotelRating":"3","latitude":"29.3368","longitude":"48.0649","state_id":null,"state_name":null,"country_id":null},{"active":false,"Giataid":"926858","cityId":65590,"cityName":"Kuwait City","hotelId":20346847,"hotelName":"Amwaj Hotel Apartments","address":"Block 4,Building 140,Mangaf Gulf Street,Kuwait City,Kuwait","phones":"","fax":"","email":"","url":"","countryIso2":"KW","countryName":"Kuwait","hotelRating":"0","latitude":"29.3242","longitude":"48.0377","state_id":976,"state_name":"Capital Governorate","country_id":117},{"active":false,"Giataid":"945238","cityId":65590,"cityName":"Kuwait City","hotelId":20346848,"hotelName":"Riviera Apartment Salmiya","address":"Block 6,Building 22,Al Awazim Street,Kuwait,Kuwait","phones":"","fax":"","email":"","url":"","countryIso2":"KW","countryName":"Kuwait","hotelRating":"0","latitude":"29.3242","longitude":"48.0377","state_id":976,"state_name":"Capital Governorate","country_id":117},{"active":false,"Giataid":"926939","cityId":65590,"cityName":"Kuwait City","hotelId":20346852,"hotelName":"Saray Hotel Appartments","address":"Bneid Al Gar Street 94,Kuwait City,Kuwait","phones":"","fax":"","email":"","url":"","countryIso2":"KW","countryName":"Kuwait","hotelRating":"0","latitude":"29.3242","longitude":"48.0377","state_id":976,"state_name":"Capital Governorate","country_id":117},{"active":false,"Giataid":"726389","cityId":null,"cityName":"Salmiya","hotelId":20346850,"hotelName":"Royal Inn Hotel","address":"Al Salmiya,43758 Salmiya,Kuwait","phones":"","fax":"","email":"","url":"","countryIso2":"KW","countryName":"Kuwait","hotelRating":"0","latitude":"29.3335","longitude":"48.0823","state_id":null,"state_name":null,"country_id":null},{"active":false,"Giataid":"860805","cityId":65590,"cityName":"Kuwait City","hotelId":20346851,"hotelName":"Wahaj Hotel Apartments 2","address":"Street 107,Kuwait Mahboula,Block 1,Building 278,99999 Kuwait,Kuwait","phones":"","fax":"","email":"","url":"","countryIso2":"KW","countryName":"Kuwait","hotelRating":"0","latitude":"29.1585","longitude":"48.1127","state_id":976,"state_name":"Capital Governorate","country_id":117},{"active":false,"Giataid":"889581","cityId":null,"cityName":"Salmiya","hotelId":20346853,"hotelName":"Kuwait Palace Hotel Apartments","address":"Salem Al Mubarak Street 6,Hawalli Governorate,Salmiya,Kuwait","phones":"","fax":"","email":"","url":"","countryIso2":"KW","countryName":"Kuwait","hotelRating":"0","latitude":"29.3373","longitude":"48.0744","state_id":null,"state_name":null,"country_id":null},{"active":false,"Giataid":"528618","cityId":null,"cityName":"Hawally","hotelId":20346854,"hotelName":"Palazzo Hotel","address":"Block 218,Ibn Khaldun Street,13121 Hawally,Kuwait","phones":"+96522671600","fax":"+96522671603","email":"info@palazoo-kw.com","url":"http://www.palazzo-kw.com","countryIso2":"KW","countryName":"Kuwait","hotelRating":"4","latitude":"29.3395","longitude":"48.0059","state_id":null,"state_name":null,"country_id":null},{"active":false,"Giataid":"553524","cityId":null,"cityName":"Salmiya","hotelId":20346855,"hotelName":"Best Western Plus Salmiya","address":"Block 9 Building 37,Sayed Yaseen Street,Salmiya,Kuwait","phones":"+96525761555","fax":"","email":"","url":"https://www.bestwestern.com/de_DE/book/hotels-in-salmiya/best-western-plus-salmiya/propertyCode.76591.html","countryIso2":"KW","countryName":"Kuwait","hotelRating":"4","latitude":"29.3365","longitude":"48.0617","state_id":null,"state_name":null,"country_id":null},{"active":false,"Giataid":"925092","cityId":65590,"cityName":"Kuwait City","hotelId":20346856,"hotelName":"The Venue Resident","address":"Building 306,Ajran Street Block 3,Kuwait,Kuwait","phones":"","fax":"","email":"","url":"","countryIso2":"KW","countryName":"Kuwait","hotelRating":"0","latitude":"29.1418","longitude":"48.1276","state_id":976,"state_name":"Capital Governorate","country_id":117},{"active":false,"Giataid":"942749","cityId":65590,"cityName":"Kuwait City","hotelId":20346857,"hotelName":"Leader Apartments 2","address":"Block 1,Fintas,Street 1 Building 123,Kuwait,Kuwait","phones":"","fax":"","email":"","url":"","countryIso2":"KW","countryName":"Kuwait","hotelRating":"0","latitude":"29.1807","longitude":"48.1147","state_id":976,"state_name":"Capital Governorate","country_id":117},{"active":false,"Giataid":"520000","cityId":null,"cityName":"Salmiya","hotelId":20346858,"hotelName":"Leaders Plaza Salmiya","address":"Block 3, Street 4, Building 16, Salmiyah,Kuwait","phones":"","fax":"","email":"","url":"","countryIso2":"KW","countryName":"Kuwait","hotelRating":"4","latitude":"29.3368","longitude":"48.0929","state_id":null,"state_name":null,"country_id":null},{"active":false,"Giataid":"926873","cityId":65590,"cityName":"Kuwait City","hotelId":20346861,"hotelName":"Regent Hotel Apartments","address":"Block 3,Building 12,Bin Misbah Street,Kuwait,Kuwait","phones":"+96522479888","fax":"","email":"info@regenthotelkw.net","url":"http://www.regenthotelkw.net","countryIso2":"KW","countryName":"Kuwait","hotelRating":"0","latitude":"29.3242","longitude":"48.0377","state_id":976,"state_name":"Capital Governorate","country_id":117},{"active":false,"Giataid":"604956","cityId":null,"cityName":"Salmiya","hotelId":20346859,"hotelName":"Grand Hotel","address":"Al Blajat Street,Salmiya,Kuwait,Kuwait","phones":"","fax":"","email":"","url":"https://www.kuwaitgrandhotel.com/","countryIso2":"KW","countryName":"Kuwait","hotelRating":"4","latitude":"29.3402","longitude":"48.0956","state_id":null,"state_name":null,"country_id":null},{"active":false,"Giataid":"899640","cityId":null,"cityName":"Al Khiran","hotelId":20346860,"hotelName":"Baitalkhairan Beach House Chalet","address":"Zone 3,Chalet 236,Alkhairan Road 278,44501 Al Khiran,Al Ahmadi Governorate,Kuwait","phones":"","fax":"","email":"","url":"","countryIso2":"KW","countryName":"Kuwait","hotelRating":"0","latitude":"28.6554","longitude":"48.3421","state_id":null,"state_name":null,"country_id":null},{"active":false,"Giataid":"940790","cityId":null,"cityName":"Mahboula","hotelId":20346862,"hotelName":"The Gulf Hotel Flats","address":"Block 1,Street 10 Building 23,Mahboula,Kuwait","phones":"+96523713138","fax":"","email":"info@gulfhotelflats.com","url":"http://www.gulfhotelflats.com/","countryIso2":"KW","countryName":"Kuwait","hotelRating":"0","latitude":"29.1485","longitude":"48.1221","state_id":null,"state_name":null,"country_id":null},{"active":false,"Giataid":"667070","cityId":null,"cityName":"Salmiya","hotelId":20346864,"hotelName":"Al Muhanna Plaza Luxury Plus","address":"Salem Al Mubarak Street,Block 2 Building 32,Behind American University,Salmiya 15255,Kuwait","phones":"","fax":"","email":"","url":"","countryIso2":"KW","countryName":"Kuwait","hotelRating":"3","latitude":"29.346","longitude":"48.0892","state_id":null,"state_name":null,"country_id":null},{"active":false,"Giataid":"529229","cityId":null,"cityName":"Salmiya","hotelId":20346868,"hotelName":"Laguna Hotel Suites","address":"Qatar street Block 4 Building 9,22007 Salmiyah,Kuwait","phones":"","fax":"","email":"","url":"","countryIso2":"KW","countryName":"Kuwait","hotelRating":"4","latitude":"29.3393","longitude":"48.0708","state_id":null,"state_name":null,"country_id":null},{"active":false,"Giataid":"926862","cityId":null,"cityName":"Al Khiran","hotelId":20346865,"hotelName":"Faris Villas","address":"Al-Khiran,Pearl,Lagoon,Kuwait","phones":"","fax":"","email":"ramy@farisvillas.com","url":"http://farisvillas.com","countryIso2":"KW","countryName":"Kuwait","hotelRating":"0","latitude":"28.6554","longitude":"48.3421","state_id":null,"state_name":null,"country_id":null},{"active":false,"Giataid":"926913","cityId":65590,"cityName":"Kuwait City","hotelId":20346866,"hotelName":"Majestic Apartments Farwaniya","address":"Farwaniya,116 Street,Kuwait,Kuwait","phones":"","fax":"","email":"","url":"","countryIso2":"KW","countryName":"Kuwait","hotelRating":"0","latitude":"29.3242","longitude":"48.0377","state_id":976,"state_name":"Capital Governorate","country_id":117},{"active":false,"Giataid":"740658","cityId":null,"cityName":"Salmiya","hotelId":20346869,"hotelName":"Gulf Hotel","address":"Block 7,Baghdad Street,Salmiya,Kuwait","phones":"+96525752050","fax":"","email":"info@gulfhotelkw.com","url":"http://www.gulfhotelkw.com","countryIso2":"KW","countryName":"Kuwait","hotelRating":"3","latitude":"29.3373","longitude":"48.0744","state_id":null,"state_name":null,"country_id":null},{"active":false,"Giataid":"879927","cityId":65590,"cityName":"Kuwait City","hotelId":20346870,"hotelName":"Delta Hotel Apartments","address":"210 Mubarak Al Kabeer,Sabah Al Salem,Kuwait,Kuwait","phones":"","fax":"","email":"","url":"","countryIso2":"KW","countryName":"Kuwait","hotelRating":"0","latitude":"29.3242","longitude":"48.0377","state_id":976,"state_name":"Capital Governorate","country_id":117},{"active":false,"Giataid":"940803","cityId":65590,"cityName":"Kuwait City","hotelId":20346871,"hotelName":"Funduq Aparthotel","address":"Block 1,Street 136 Building 269,Kuwait,Kuwait","phones":"","fax":"","email":"","url":"","countryIso2":"KW","countryName":"Kuwait","hotelRating":"0","latitude":"29.1465","longitude":"48.1194","state_id":976,"state_name":"Capital Governorate","country_id":117},{"active":false,"Giataid":"940826","cityId":null,"cityName":"Salmiya","hotelId":20346872,"hotelName":"Rahaf & Dalal Apart Hotel","address":"Fifth Ring,Jada 1,Street 1,Next to Salmiya Gate Pharmacy,Salmiya,Hawally,Kuwait,Kuwait","phones":"","fax":"","email":"","url":"","countryIso2":"KW","countryName":"Kuwait","hotelRating":"0","latitude":"29.3216","longitude":"48.0623","state_id":null,"state_name":null,"country_id":null},{"active":false,"Giataid":"946937","cityId":65590,"cityName":"Kuwait City","hotelId":20411615,"hotelName":"Kuwait Residence","address":"Sharq Block 3,Bin Misbah Street,Kuwait City District,Kuwait,Kuwait","phones":"","fax":"","email":"","url":"","countryIso2":"KW","countryName":"Kuwait","hotelRating":"1","latitude":"29.3896","longitude":"47.9911","state_id":976,"state_name":"Capital Governorate","country_id":117},{"active":false,"Giataid":"946051","cityId":65590,"cityName":"Kuwait City","hotelId":20411617,"hotelName":"Dalal Suite","address":"Block 6,Street 20,Farwaniya,Kuwait Airport Zone,Kuwait City,Kuwait","phones":"","fax":"","email":"","url":"","countryIso2":"KW","countryName":"Kuwait","hotelRating":"1","latitude":"29.2711","longitude":"47.9648","state_id":976,"state_name":"Capital Governorate","country_id":117},{"active":false,"Giataid":"947022","cityId":null,"cityName":"Salmiya","hotelId":20411616,"hotelName":"Levels Tower Hotel Apartment","address":"Arabian Gulf Street,Salmiya,Hawally,Kuwait,Kuwait","phones":"","fax":"","email":"","url":"","countryIso2":"KW","countryName":"Kuwait","hotelRating":"1","latitude":"29.3373","longitude":"48.0744","state_id":null,"state_name":null,"country_id":null},{"active":false,"Giataid":"956201","cityId":65590,"cityName":"Kuwait City","hotelId":20411618,"hotelName":"Magic Suite Al Mahboula","address":"Al Mahboula,Plot 1,Street 133,Building 19,Kuwait,Kuwait","phones":"","fax":"","email":"","url":"","countryIso2":"KW","countryName":"Kuwait","hotelRating":"1","latitude":"29.1382","longitude":"48.1202","state_id":976,"state_name":"Capital Governorate","country_id":117},{"active":false,"Giataid":"946063","cityId":65590,"cityName":"Kuwait City","hotelId":20411619,"hotelName":"Sara Palace Hotel Apartments","address":"Block 4,1 Street Building 306,Farwaniya,Kuwait Airport Zone,Kuwait,Kuwait","phones":"","fax":"","email":"","url":"","countryIso2":"KW","countryName":"Kuwait","hotelRating":"1","latitude":"29.2694","longitude":"47.9678","state_id":976,"state_name":"Capital Governorate","country_id":117},{"active":false,"Giataid":"946023","cityId":65590,"cityName":"Kuwait City","hotelId":20411621,"hotelName":"Awtad Residence","address":"Block 4,Street 141 Building 4 A,Alsharq,Kuwait City District,15154 Kuwait City,Kuwait","phones":"","fax":"","email":"info@awtadresidence.com","url":"http://www.awtadresidence.com/","countryIso2":"KW","countryName":"Kuwait","hotelRating":"1","latitude":"29.3842","longitude":"47.9915","state_id":976,"state_name":"Capital Governorate","country_id":117},{"active":false,"Giataid":"946994","cityId":65590,"cityName":"Kuwait City","hotelId":20411622,"hotelName":"London Hotel","address":"Block 10,1st Street,Near London Hospital,Kuwait City,Kuwait","phones":"","fax":"","email":"","url":"","countryIso2":"KW","countryName":"Kuwait","hotelRating":"1","latitude":"29.3242","longitude":"48.0377","state_id":976,"state_name":"Capital Governorate","country_id":117},{"active":false,"Giataid":"946070","cityId":65590,"cityName":"Kuwait City","hotelId":20411623,"hotelName":"Paradi City Suites","address":"3334 Safat,Dasman Kuwait,13034 Kuwait City,Kuwait","phones":"","fax":"","email":"","url":"","countryIso2":"KW","countryName":"Kuwait","hotelRating":"1","latitude":"29.3873","longitude":"47.9925","state_id":976,"state_name":"Capital Governorate","country_id":117},{"active":false,"Giataid":"946093","cityId":null,"cityName":"Salmiya","hotelId":20411624,"hotelName":"Sunrise Furnished Apartments","address":"Amr Bin Al Aas Street Building 18,Beside Oooredoo,Hawally,Salmiya,Kuwait,Kuwait","phones":"","fax":"","email":"","url":"","countryIso2":"KW","countryName":"Kuwait","hotelRating":"1","latitude":"29.3373","longitude":"48.0744","state_id":null,"state_name":null,"country_id":null},{"active":false,"Giataid":"946955","cityId":null,"cityName":"Hawally","hotelId":20411625,"hotelName":"Heidelberg Apartment","address":"14 Qutaibah Bin Muslim Street,32062 Hawally,Kuwait,Kuwait","phones":"","fax":"","email":"","url":"","countryIso2":"KW","countryName":"Kuwait","hotelRating":"1","latitude":"29.3338","longitude":"48.0149","state_id":null,"state_name":null,"country_id":null},{"active":false,"Giataid":"946945","cityId":65590,"cityName":"Kuwait City","hotelId":20411626,"hotelName":"Gulf Grand Hotel","address":"Block 1,Street 209,Oposite Kuwait Magic Park,Abu Halifa,Kuwait,Kuwait","phones":"","fax":"","email":"","url":"","countryIso2":"KW","countryName":"Kuwait","hotelRating":"1","latitude":"29.3242","longitude":"48.0377","state_id":976,"state_name":"Capital Governorate","country_id":117},{"active":false,"Giataid":"975925","cityId":null,"cityName":"Salmiya","hotelId":20411627,"hotelName":"7 Days Hotel Apartment","address":"Bahrain Street 47,22065 Salmiya,Kuwait","phones":"","fax":"","email":"","url":"","countryIso2":"KW","countryName":"Kuwait","hotelRating":"1","latitude":"29.3373","longitude":"48.0744","state_id":null,"state_name":null,"country_id":null},{"active":false,"Giataid":"946038","cityId":65590,"cityName":"Kuwait City","hotelId":20411630,"hotelName":"Al Sharq Residence","address":"Block 8,Shohada Street Building 10,Sharq,Safat,Kuwait City District,15154 Kuwait City,Kuwait","phones":"+96522454444","fax":"","email":"info@alsharqresidence.com","url":"http://www.alsharqresidence.com/","countryIso2":"KW","countryName":"Kuwait","hotelRating":"1","latitude":"29.3798","longitude":"47.9943","state_id":976,"state_name":"Capital Governorate","country_id":117},{"active":false,"Giataid":"946011","cityId":65590,"cityName":"Kuwait City","hotelId":20411628,"hotelName":"Sahara Kuwait Golf Resort","address":"Off 6th Ring Road,Near Hunting & Equestrian Club,Subhan Area,Safat,PO Box 29930,13160 Kuwait,Kuwait","phones":"+9651840084","fax":"+96522203470","email":"info@saharakuwait.com","url":"http://www.saharakuwait.com/","countryIso2":"KW","countryName":"Kuwait","hotelRating":"1","latitude":"29.2601","longitude":"48.0242","state_id":976,"state_name":"Capital Governorate","country_id":117},{"active":false,"Giataid":"946973","cityId":65590,"cityName":"Kuwait City","hotelId":20411629,"hotelName":"Saray Prime Suites","address":"Al Misbah Street,Street 131 Sharq,Beside Amri Hospital,Kuwait City,Kuwait","phones":"","fax":"","email":"","url":"","countryIso2":"KW","countryName":"Kuwait","hotelRating":"1","latitude":"29.3242","longitude":"48.0377","state_id":976,"state_name":"Capital Governorate","country_id":117},{"active":false,"Giataid":"947002","cityId":65590,"cityName":"Kuwait City","hotelId":20411631,"hotelName":"The 58 Hotel Apartments","address":"Salmiya,Kuwait,Kuwait","phones":"","fax":"","email":"","url":"","countryIso2":"KW","countryName":"Kuwait","hotelRating":"1","latitude":"29.3242","longitude":"48.0377","state_id":976,"state_name":"Capital Governorate","country_id":117},{"active":false,"Giataid":"992432","cityId":65590,"cityName":"Kuwait City","hotelId":20436346,"hotelName":"Magic Suite","address":"Block 1,Building 284,Sabah Al Salem,Kuwait,Kuwait","phones":"","fax":"","email":"","url":"","countryIso2":"KW","countryName":"Kuwait","hotelRating":"1","latitude":"29.2587","longitude":"48.0857","state_id":976,"state_name":"Capital Governorate","country_id":117}]