[{"active":false,"Giataid":"129693","cityId":null,"cityName":"Hawally","hotelId":129693,"hotelName":"Hawally Continental Hotel","address":"Bin Khaldoun Street,Hawally,Kuwait","phones":"+96522612111","fax":"","email":"","url":"http://directrooms.com/kuwait/hotels/hawali-continental-hotel-kuwait-city-13184-address.htm","countryIso2":"KW","countryName":"Kuwait","hotelRating":"2","latitude":"29.3359","longitude":"48.0051","state_id":null,"state_name":null,"country_id":null},{"active":false,"Giataid":"138547","cityId":null,"cityName":"Salmiya","hotelId":138547,"hotelName":"ibis Kuwait Salmiya","address":"Salem Al Mubarak Street,PO Box 36442,24755 Salmiya,Kuwait","phones":"+96525734247","fax":"+96525734248","email":"","url":"http://www.ibishotel.com/de/hotel-5970-ibis-kuwait-salmiya/index.shtml","countryIso2":"KW","countryName":"Kuwait","hotelRating":"3","latitude":"29.3431","longitude":"48.0764","state_id":null,"state_name":null,"country_id":null},{"active":false,"Giataid":"368230","cityId":null,"cityName":"Mahboula","hotelId":368230,"hotelName":"Best Western Plus Mahboula","address":"Sea Side Street,13081 Mahboula,Kuwait","phones":"+96523700300","fax":"","email":"","url":"","countryIso2":"KW","countryName":"Kuwait","hotelRating":"4","latitude":"29.1383","longitude":"48.1282","state_id":null,"state_name":null,"country_id":null},{"active":false,"Giataid":"476138","cityId":null,"cityName":"Salmiya","hotelId":476138,"hotelName":"Hotel Kawther International","address":"Block- 4,Building-10,999,Street- 5 Series- 2,Salmiya,Kuwait,Kuwait","phones":"","fax":"","email":"","url":"","countryIso2":"KW","countryName":"Kuwait","hotelRating":"1","latitude":"29.3381","longitude":"48.0744","state_id":null,"state_name":null,"country_id":null},{"active":false,"Giataid":"514493","cityId":null,"cityName":"Hawally","hotelId":514493,"hotelName":"Roomi Suites Hotel","address":"","phones":"","fax":"","email":"","url":"","countryIso2":"KW","countryName":"Kuwait","hotelRating":"3","latitude":"29.3414","longitude":"48.0238","state_id":null,"state_name":null,"country_id":null},{"active":false,"Giataid":"726418","cityId":null,"cityName":"Al Khiran","hotelId":726418,"hotelName":"Royal Chalet","address":"Zone 3,Al Khairan Road 278,54401 Al Khiran,Kuwait","phones":"","fax":"","email":"info@royalchalets.com","url":"http://www.royalchalets.com","countryIso2":"KW","countryName":"Kuwait","hotelRating":"3","latitude":"29.3242","longitude":"48.0377","state_id":null,"state_name":null,"country_id":null},{"active":false,"Giataid":"520703","cityId":null,"cityName":"Salmiya","hotelId":10094866,"hotelName":"Millennium Hotel And Convention Centre Kuwait","address":"4th Ring Road, Safat,Abou Thar Al Ghafari St,13154 Salmiya,Kuwait,Kuwait","phones":"+96522050505","fax":"NULL","email":"NULL","url":"NULL","countryIso2":"KW","countryName":"Kuwait","hotelRating":"5","latitude":"29.3296","longitude":"48.0419","state_id":null,"state_name":null,"country_id":null},{"active":false,"Giataid":"528280","cityId":null,"cityName":"Salmiya","hotelId":10108039,"hotelName":"Al Muhanna Plaza Hotel","address":"Al Domna Street, Avenue 9,behind Al Fanar Complex,Salmiya,Kuwait","phones":"NULL","fax":"NULL","email":"NULL","url":"NULL","countryIso2":"KW","countryName":"Kuwait","hotelRating":"3","latitude":"29.3397","longitude":"48.0733","state_id":null,"state_name":null,"country_id":null},{"active":false,"Giataid":"604322","cityId":null,"cityName":"Al Khiran","hotelId":20006159,"hotelName":"Aquamarine Kuwait Resort","address":"Al Nuwaiseeb,Road 298,Al Khiran,Kuwait","phones":"","fax":"","email":"","url":"","countryIso2":"KW","countryName":"Kuwait","hotelRating":"4","latitude":"28.5493","longitude":"48.4177","state_id":null,"state_name":null,"country_id":null},{"active":false,"Giataid":"528256","cityId":null,"cityName":"Salmiya","hotelId":20346836,"hotelName":"Raoum Inn","address":"Amr Ebn Al-aas Street,Salmiyah,Kuwait City,Kuwait","phones":"+96525727902","fax":"","email":"raoum_kwt@hotmail.com","url":"http://raouminn.com/","countryIso2":"KW","countryName":"Kuwait","hotelRating":"3","latitude":"29.3361","longitude":"48.0883","state_id":null,"state_name":null,"country_id":null},{"active":false,"Giataid":"859717","cityId":null,"cityName":"Salmiya","hotelId":20346839,"hotelName":"Lumiere Des Etoile Hotel","address":"Building 15,Al Zuba Street Block 11,Salmiya,Kuwait","phones":"+96525655085","fax":"","email":"info.lumierekw@gmail.com","url":"http://lumieredesetoile.com/","countryIso2":"KW","countryName":"Kuwait","hotelRating":"6","latitude":"29.3409","longitude":"48.0366","state_id":null,"state_name":null,"country_id":null},{"active":false,"Giataid":"723254","cityId":null,"cityName":"Salmiya","hotelId":20346837,"hotelName":"Baity Furnished Flats","address":"Baghdad Street,Hawally,24052 Salmiyah,Kuwait","phones":"","fax":"","email":"","url":"","countryIso2":"KW","countryName":"Kuwait","hotelRating":"0","latitude":"29.3363","longitude":"48.0564","state_id":null,"state_name":null,"country_id":null},{"active":false,"Giataid":"723396","cityId":null,"cityName":"Salmiya","hotelId":20346841,"hotelName":"Relax Inn Hotel Apartments","address":"Block 3,Near Al Seef Hospital Salmiya,Al Blajat Street 12,Salmiya,Kuwait","phones":"+96525723617","fax":"+96525723611","email":"reception@relaxinngroup.com","url":"http://www.relaxinngroup.com/","countryIso2":"KW","countryName":"Kuwait","hotelRating":"0","latitude":"29.3354","longitude":"48.0938","state_id":null,"state_name":null,"country_id":null},{"active":false,"Giataid":"925090","cityId":null,"cityName":"Hawally","hotelId":20346842,"hotelName":"Noble Rose Apartment","address":"Avenue 3,Thaqeef Street Block 10,Building 6,Hawally,Kuwait","phones":"","fax":"","email":"","url":"","countryIso2":"KW","countryName":"Kuwait","hotelRating":"0","latitude":"29.3295","longitude":"48.0667","state_id":null,"state_name":null,"country_id":null},{"active":false,"Giataid":"867153","cityId":null,"cityName":"Salmiya","hotelId":20346844,"hotelName":"Al Fakhama Hotel Apartments","address":"Alsalmiya Street 1,Aveneue 2,Building 4,Hawalli,Salmiya 20009,Kuwait","phones":"","fax":"","email":"","url":"","countryIso2":"KW","countryName":"Kuwait","hotelRating":"0","latitude":"29.3373","longitude":"48.0744","state_id":null,"state_name":null,"country_id":null},{"active":false,"Giataid":"723400","cityId":null,"cityName":"Hawally","hotelId":20346845,"hotelName":"Relax Inn Hotel Apartment Hawally","address":"Block 10,Opposite Al Qabas Ahliya School,Moosa Bin Nasar Street 30,Hawally,Kuwait","phones":"","fax":"","email":"","url":"","countryIso2":"KW","countryName":"Kuwait","hotelRating":"0","latitude":"29.3303","longitude":"48.0164","state_id":null,"state_name":null,"country_id":null},{"active":false,"Giataid":"604238","cityId":null,"cityName":"Salmiya","hotelId":20346846,"hotelName":"Al Muhanna Plaza Luxury Apartments","address":"Building 14,Sayed Yaseen Street Block 9,15255 Salmiyah,Kuwait","phones":"","fax":"","email":"","url":"","countryIso2":"KW","countryName":"Kuwait","hotelRating":"3","latitude":"29.3373","longitude":"48.0744","state_id":null,"state_name":null,"country_id":null},{"active":false,"Giataid":"528334","cityId":null,"cityName":"Salmiya","hotelId":20346849,"hotelName":"Marina Royal Hotel Suites","address":"Block 7,Salem Almubarek Street,22007 Salmiyah,Kuwait","phones":"","fax":"","email":"","url":"","countryIso2":"KW","countryName":"Kuwait","hotelRating":"3","latitude":"29.3368","longitude":"48.0649","state_id":null,"state_name":null,"country_id":null},{"active":false,"Giataid":"726389","cityId":null,"cityName":"Salmiya","hotelId":20346850,"hotelName":"Royal Inn Hotel","address":"Al Salmiya,43758 Salmiya,Kuwait","phones":"","fax":"","email":"","url":"","countryIso2":"KW","countryName":"Kuwait","hotelRating":"0","latitude":"29.3335","longitude":"48.0823","state_id":null,"state_name":null,"country_id":null},{"active":false,"Giataid":"889581","cityId":null,"cityName":"Salmiya","hotelId":20346853,"hotelName":"Kuwait Palace Hotel Apartments","address":"Salem Al Mubarak Street 6,Hawalli Governorate,Salmiya,Kuwait","phones":"","fax":"","email":"","url":"","countryIso2":"KW","countryName":"Kuwait","hotelRating":"0","latitude":"29.3373","longitude":"48.0744","state_id":null,"state_name":null,"country_id":null},{"active":false,"Giataid":"528618","cityId":null,"cityName":"Hawally","hotelId":20346854,"hotelName":"Palazzo Hotel","address":"Block 218,Ibn Khaldun Street,13121 Hawally,Kuwait","phones":"+96522671600","fax":"+96522671603","email":"info@palazoo-kw.com","url":"http://www.palazzo-kw.com","countryIso2":"KW","countryName":"Kuwait","hotelRating":"4","latitude":"29.3395","longitude":"48.0059","state_id":null,"state_name":null,"country_id":null},{"active":false,"Giataid":"553524","cityId":null,"cityName":"Salmiya","hotelId":20346855,"hotelName":"Best Western Plus Salmiya","address":"Block 9 Building 37,Sayed Yaseen Street,Salmiya,Kuwait","phones":"+96525761555","fax":"","email":"","url":"https://www.bestwestern.com/de_DE/book/hotels-in-salmiya/best-western-plus-salmiya/propertyCode.76591.html","countryIso2":"KW","countryName":"Kuwait","hotelRating":"4","latitude":"29.3365","longitude":"48.0617","state_id":null,"state_name":null,"country_id":null},{"active":false,"Giataid":"520000","cityId":null,"cityName":"Salmiya","hotelId":20346858,"hotelName":"Leaders Plaza Salmiya","address":"Block 3, Street 4, Building 16, Salmiyah,Kuwait","phones":"","fax":"","email":"","url":"","countryIso2":"KW","countryName":"Kuwait","hotelRating":"4","latitude":"29.3368","longitude":"48.0929","state_id":null,"state_name":null,"country_id":null},{"active":false,"Giataid":"604956","cityId":null,"cityName":"Salmiya","hotelId":20346859,"hotelName":"Grand Hotel","address":"Al Blajat Street,Salmiya,Kuwait,Kuwait","phones":"","fax":"","email":"","url":"https://www.kuwaitgrandhotel.com/","countryIso2":"KW","countryName":"Kuwait","hotelRating":"4","latitude":"29.3402","longitude":"48.0956","state_id":null,"state_name":null,"country_id":null},{"active":false,"Giataid":"899640","cityId":null,"cityName":"Al Khiran","hotelId":20346860,"hotelName":"Baitalkhairan Beach House Chalet","address":"Zone 3,Chalet 236,Alkhairan Road 278,44501 Al Khiran,Al Ahmadi Governorate,Kuwait","phones":"","fax":"","email":"","url":"","countryIso2":"KW","countryName":"Kuwait","hotelRating":"0","latitude":"28.6554","longitude":"48.3421","state_id":null,"state_name":null,"country_id":null},{"active":false,"Giataid":"940790","cityId":null,"cityName":"Mahboula","hotelId":20346862,"hotelName":"The Gulf Hotel Flats","address":"Block 1,Street 10 Building 23,Mahboula,Kuwait","phones":"+96523713138","fax":"","email":"info@gulfhotelflats.com","url":"http://www.gulfhotelflats.com/","countryIso2":"KW","countryName":"Kuwait","hotelRating":"0","latitude":"29.1485","longitude":"48.1221","state_id":null,"state_name":null,"country_id":null},{"active":false,"Giataid":"667070","cityId":null,"cityName":"Salmiya","hotelId":20346864,"hotelName":"Al Muhanna Plaza Luxury Plus","address":"Salem Al Mubarak Street,Block 2 Building 32,Behind American University,Salmiya 15255,Kuwait","phones":"","fax":"","email":"","url":"","countryIso2":"KW","countryName":"Kuwait","hotelRating":"3","latitude":"29.346","longitude":"48.0892","state_id":null,"state_name":null,"country_id":null},{"active":false,"Giataid":"529229","cityId":null,"cityName":"Salmiya","hotelId":20346868,"hotelName":"Laguna Hotel Suites","address":"Qatar street Block 4 Building 9,22007 Salmiyah,Kuwait","phones":"","fax":"","email":"","url":"","countryIso2":"KW","countryName":"Kuwait","hotelRating":"4","latitude":"29.3393","longitude":"48.0708","state_id":null,"state_name":null,"country_id":null},{"active":false,"Giataid":"926862","cityId":null,"cityName":"Al Khiran","hotelId":20346865,"hotelName":"Faris Villas","address":"Al-Khiran,Pearl,Lagoon,Kuwait","phones":"","fax":"","email":"ramy@farisvillas.com","url":"http://farisvillas.com","countryIso2":"KW","countryName":"Kuwait","hotelRating":"0","latitude":"28.6554","longitude":"48.3421","state_id":null,"state_name":null,"country_id":null},{"active":false,"Giataid":"740658","cityId":null,"cityName":"Salmiya","hotelId":20346869,"hotelName":"Gulf Hotel","address":"Block 7,Baghdad Street,Salmiya,Kuwait","phones":"+96525752050","fax":"","email":"info@gulfhotelkw.com","url":"http://www.gulfhotelkw.com","countryIso2":"KW","countryName":"Kuwait","hotelRating":"3","latitude":"29.3373","longitude":"48.0744","state_id":null,"state_name":null,"country_id":null},{"active":false,"Giataid":"940826","cityId":null,"cityName":"Salmiya","hotelId":20346872,"hotelName":"Rahaf & Dalal Apart Hotel","address":"Fifth Ring,Jada 1,Street 1,Next to Salmiya Gate Pharmacy,Salmiya,Hawally,Kuwait,Kuwait","phones":"","fax":"","email":"","url":"","countryIso2":"KW","countryName":"Kuwait","hotelRating":"0","latitude":"29.3216","longitude":"48.0623","state_id":null,"state_name":null,"country_id":null},{"active":false,"Giataid":"947022","cityId":null,"cityName":"Salmiya","hotelId":20411616,"hotelName":"Levels Tower Hotel Apartment","address":"Arabian Gulf Street,Salmiya,Hawally,Kuwait,Kuwait","phones":"","fax":"","email":"","url":"","countryIso2":"KW","countryName":"Kuwait","hotelRating":"1","latitude":"29.3373","longitude":"48.0744","state_id":null,"state_name":null,"country_id":null},{"active":false,"Giataid":"946093","cityId":null,"cityName":"Salmiya","hotelId":20411624,"hotelName":"Sunrise Furnished Apartments","address":"Amr Bin Al Aas Street Building 18,Beside Oooredoo,Hawally,Salmiya,Kuwait,Kuwait","phones":"","fax":"","email":"","url":"","countryIso2":"KW","countryName":"Kuwait","hotelRating":"1","latitude":"29.3373","longitude":"48.0744","state_id":null,"state_name":null,"country_id":null},{"active":false,"Giataid":"946955","cityId":null,"cityName":"Hawally","hotelId":20411625,"hotelName":"Heidelberg Apartment","address":"14 Qutaibah Bin Muslim Street,32062 Hawally,Kuwait,Kuwait","phones":"","fax":"","email":"","url":"","countryIso2":"KW","countryName":"Kuwait","hotelRating":"1","latitude":"29.3338","longitude":"48.0149","state_id":null,"state_name":null,"country_id":null},{"active":false,"Giataid":"975925","cityId":null,"cityName":"Salmiya","hotelId":20411627,"hotelName":"7 Days Hotel Apartment","address":"Bahrain Street 47,22065 Salmiya,Kuwait","phones":"","fax":"","email":"","url":"","countryIso2":"KW","countryName":"Kuwait","hotelRating":"1","latitude":"29.3373","longitude":"48.0744","state_id":null,"state_name":null,"country_id":null}]