[{"active":false,"Giataid":"2263","cityId":null,"cityName":"Portoroz","hotelId":2263,"hotelName":"Remisens Premium Casa Bel Moretto Annexe","address":"Obala 83,6320 Portoro?,Slovenia","phones":"+38638551710444","fax":"+38656907877","email":"booking@bernardingroup.si","url":"http://www.metropol-resort.com/en/hotel-barbara/45/hotel.html","countryIso2":"SI","countryName":"Slovenia","hotelRating":"4","latitude":"45.5101","longitude":"13.598","state_id":null,"state_name":null,"country_id":null},{"active":false,"Giataid":"2264","cityId":null,"cityName":"Portoroz","hotelId":2264,"hotelName":"Histrion","address":"Obala 2,6320 Portoro?,Slovenia","phones":"+38656907000","fax":"+38656907010","email":"booking@h-bernardin.si","url":"http://www.h-bernardin.si/en/hotel_vile_park","countryIso2":"SI","countryName":"Slovenia","hotelRating":"4","latitude":"45.5145","longitude":"13.572","state_id":null,"state_name":null,"country_id":null},{"active":false,"Giataid":"2265","cityId":null,"cityName":"Portoroz","hotelId":2265,"hotelName":"Grandhotel Bernardin","address":"Obala 2,6320 Portoroz,Slovenia","phones":"+38656951000","fax":"+38656907010","email":"booking@h-bernardin.si","url":"http://www.h-bernardin.si/en/grand_hotel_bernardin","countryIso2":"SI","countryName":"Slovenia","hotelRating":"5","latitude":"45.5168","longitude":"13.5696","state_id":null,"state_name":null,"country_id":null},{"active":false,"Giataid":"2266","cityId":null,"cityName":"Portoroz","hotelId":2266,"hotelName":"Remisens Premium Hotel Metropol","address":"Obala 75A,6320 Portoroz,Slovenia","phones":"+38651710444","fax":"+38656907010","email":"booking@bernardingroup.si","url":"http://www.metropol-resort.com/en/grand-hotel-metropol/40/hotel.html","countryIso2":"SI","countryName":"Slovenia","hotelRating":"5","latitude":"45.5098","longitude":"13.5959","state_id":null,"state_name":null,"country_id":null},{"active":false,"Giataid":"2267","cityId":null,"cityName":"Portoroz","hotelId":2267,"hotelName":"Remisens Premium Casa Rosa, Annexe","address":"Obala 75A,6320 Portoro?,Slovenia","phones":"+38659368889","fax":"+38656907877","email":"booking@bernardingroup.si","url":"http://www.metropol-resort.com/en/hotel-roza/44/hotel.html","countryIso2":"SI","countryName":"Slovenia","hotelRating":"4","latitude":"45.5101","longitude":"13.5965","state_id":null,"state_name":null,"country_id":null},{"active":false,"Giataid":"2268","cityId":null,"cityName":"Portoroz","hotelId":2268,"hotelName":"Hotel Vile Park","address":"Obala 2,St. Bernardin Resort,6320 Portoro?,K?stenland Primorska,Slowenia,Slovenia","phones":"+38656953000","fax":"+38656907010","email":"booking@h-bernardin.si","url":"http://www.h-bernardin.si/en/hotel_vile_park","countryIso2":"SI","countryName":"Slovenia","hotelRating":"3","latitude":"45.5156","longitude":"13.5722","state_id":null,"state_name":null,"country_id":null},{"active":false,"Giataid":"14989","cityId":null,"cityName":"Portoroz","hotelId":14989,"hotelName":"Jadranka Dependance","address":"NULL","phones":"","fax":"","email":"","url":"","countryIso2":"SI","countryName":"Slovenia","hotelRating":"1","latitude":"45.5143","longitude":"13.5908","state_id":null,"state_name":null,"country_id":null},{"active":false,"Giataid":"16562","cityId":null,"cityName":"Portoroz","hotelId":16562,"hotelName":"Remisens Hotel Lucija","address":"Obala 77,6320 Portoroz,Slovenia","phones":"+38638551710444","fax":"+38656907010","email":"booking@bernardingroup.si","url":"http://www.metropol-resort.com/en/hotel-lucija/46/hotel.html","countryIso2":"SI","countryName":"Slovenia","hotelRating":"3","latitude":"45.5092","longitude":"13.5969","state_id":null,"state_name":null,"country_id":null},{"active":false,"Giataid":"20490","cityId":null,"cityName":"Portoroz","hotelId":20490,"hotelName":"Life Class Resort","address":"Obala 33,6320 Portoro?,Slovenia","phones":"+38656929001","fax":"+38656929003","email":"booking@lifeclass.net","url":"http://www.lifeclass.net","countryIso2":"SI","countryName":"Slovenia","hotelRating":"4","latitude":"45.5142","longitude":"13.5885","state_id":null,"state_name":null,"country_id":null},{"active":false,"Giataid":"20881","cityId":null,"cityName":"Portoroz","hotelId":20881,"hotelName":"Hotel Salinera","address":"Strunjan 14,6320 Strunjan,Slovenia","phones":"+38656907000","fax":"","email":"booking@bernardingroup.si","url":"http://www.salinera.si/si/salinera/1/12/hotel-salinera.html","countryIso2":"SI","countryName":"Slovenia","hotelRating":"4","latitude":"45.5241","longitude":"13.5979","state_id":null,"state_name":null,"country_id":null},{"active":false,"Giataid":"22600","cityId":null,"cityName":"Catez","hotelId":22600,"hotelName":"Hotel Terme","address":"Topli?ka cesta 35,8251 Cate? ob Savi,Slovenia","phones":"+38674935000","fax":"+38674935005","email":"info@terme-catez.si","url":"http://www.terme-catez.si/en/catez/","countryIso2":"SI","countryName":"Slovenia","hotelRating":"4","latitude":"45.8931","longitude":"15.6213","state_id":null,"state_name":null,"country_id":null},{"active":false,"Giataid":"23212","cityId":null,"cityName":"Catez","hotelId":23212,"hotelName":"Hotel Toplice","address":"Topli?ka 35,8251 Cate? ob Savi,Slovenia","phones":"+38674936700","fax":"+38674935005","email":"info@terme-catez.si","url":"http://www.terme-catez.si","countryIso2":"SI","countryName":"Slovenia","hotelRating":"4","latitude":"45.8918","longitude":"15.6263","state_id":null,"state_name":null,"country_id":null},{"active":false,"Giataid":"23352","cityId":null,"cityName":"Stara Fuzina","hotelId":23352,"hotelName":"Triglav","address":"Stara Fu?ina 23,Triglav National Park,4265 Bohinjsko jezero,Slovenia","phones":"","fax":"","email":"","url":"","countryIso2":"SI","countryName":"Slovenia","hotelRating":"2","latitude":"46.2835","longitude":"13.8906","state_id":null,"state_name":null,"country_id":null},{"active":false,"Giataid":"23724","cityId":null,"cityName":"Portoroz","hotelId":23724,"hotelName":"Vila Alda","address":"NULL","phones":"","fax":"","email":"","url":"","countryIso2":"SI","countryName":"Slovenia","hotelRating":"1","latitude":"45.5145","longitude":"13.5917","state_id":null,"state_name":null,"country_id":null},{"active":false,"Giataid":"24647","cityId":null,"cityName":"Bohinj","hotelId":24647,"hotelName":"Zlatorog","address":"Ukanc 65,4265 Bohinjsko jezero,Triglav National Park,Slovenia","phones":"+38645723381","fax":"+38645723384","email":"hotel.zlatorog@zlatorogturizem.si","url":"http://www.hoteli-bohinj.si/eccomodation/hotel-and-villa-zlatorog","countryIso2":"SI","countryName":"Slovenia","hotelRating":"3","latitude":"46.279","longitude":"13.8302","state_id":null,"state_name":null,"country_id":null},{"active":false,"Giataid":"28155","cityId":null,"cityName":"Portoroz","hotelId":28155,"hotelName":"Grand Hotel Portoroz","address":"Obala 33,6320 Portoroz,Slovenia","phones":"+38656929001","fax":"+38656929003","email":"booking@lifeclass.net","url":"http://www.lifeclass.net/en/hotels/grand-hotel-portoroz","countryIso2":"SI","countryName":"Slovenia","hotelRating":"5","latitude":"45.5141","longitude":"13.5899","state_id":null,"state_name":null,"country_id":null},{"active":false,"Giataid":"28611","cityId":null,"cityName":"Strunjan","hotelId":28611,"hotelName":"Terme Krka Strunjan","address":"Strunjan 148,6323 Strunjan,Slovenia","phones":"+38656764100","fax":"+38656782036","email":"booking.strunjan@terme-krka.si","url":"http://www.terme-krka.si/si/strunjan/","countryIso2":"SI","countryName":"Slovenia","hotelRating":"3","latitude":"45.5333","longitude":"13.6027","state_id":null,"state_name":null,"country_id":null},{"active":false,"Giataid":"28614","cityId":null,"cityName":"Rogaska Slatina","hotelId":28614,"hotelName":"Grand Hotel Sava","address":"Zdravili?ki trg 6,3250 Roga?ka Slatina,Slovenia","phones":"+38638114000","fax":"+38638114732","email":"info@hotel-sava-rogaska.si","url":"http://www.hotel-sava-rogaska.si","countryIso2":"SI","countryName":"Slovenia","hotelRating":"4","latitude":"46.2373","longitude":"15.6396","state_id":null,"state_name":null,"country_id":null},{"active":false,"Giataid":"31514","cityId":null,"cityName":"Bohinj","hotelId":31514,"hotelName":"Jezero","address":"Ribcev Laz 51,4265 Bohinjsko Jezero,Slovenia","phones":"+38645729100","fax":"+38645729039","email":"hotel.jezero@cc-line.si","url":"http://www.bohinj.si/alpinum/jezero/hotel_jezero_de.html","countryIso2":"SI","countryName":"Slovenia","hotelRating":"4","latitude":"46.2774","longitude":"13.8871","state_id":null,"state_name":null,"country_id":null},{"active":false,"Giataid":"41175","cityId":null,"cityName":"Strunjan","hotelId":41175,"hotelName":"Terme Krka Strunjan Hotel Laguna","address":"Strunjan 148,6323 Strunjan,Slovenia","phones":"+38682050310","fax":"","email":"laguna.strunjan@terme-krka.si","url":"http://www.terme-krka.si/de/strunjan/hotel/laguna/","countryIso2":"SI","countryName":"Slovenia","hotelRating":"3","latitude":"45.5332","longitude":"13.606","state_id":null,"state_name":null,"country_id":null},{"active":false,"Giataid":"41176","cityId":null,"cityName":"Strunjan","hotelId":41176,"hotelName":"Oleander","address":"Strunjan 17,6320 Portoro?,Slovenia","phones":"+38656718100","fax":"+38656718160","email":"info@hoteloleander.si","url":"http://www.hoteloleander.si/","countryIso2":"SI","countryName":"Slovenia","hotelRating":"3","latitude":"45.5253","longitude":"13.6038","state_id":null,"state_name":null,"country_id":null},{"active":false,"Giataid":"41433","cityId":null,"cityName":"Gozd Martuljek","hotelId":41433,"hotelName":"Hotel Spik","address":"Jezerci 21,4282 Gozd Martuljek,Kranjska Gora,Slovenia","phones":"+38645884477","fax":"+38645884479","email":"info@hitholidays-kg.si","url":"http://www.hitholidays-kg.si/Accommodation/Hotel-Spik","countryIso2":"SI","countryName":"Slovenia","hotelRating":"4","latitude":"46.4853","longitude":"13.8356","state_id":null,"state_name":null,"country_id":null},{"active":false,"Giataid":"126905","cityId":null,"cityName":"Otocec","hotelId":126905,"hotelName":"Hotel ?port","address":"Grajska cesta 2,8222 Otocec,Lower Carniola,Slovenia,Slovenia","phones":"+38682050310","fax":"+38673848600","email":"booking.otocec@terme-krka.si","url":"https://www.terme-krka.si/de/otocec/hotel/sport/","countryIso2":"SI","countryName":"Slovenia","hotelRating":"4","latitude":"45.8406","longitude":"15.2325","state_id":null,"state_name":null,"country_id":null},{"active":false,"Giataid":"135080","cityId":null,"cityName":"Rogaska Slatina","hotelId":135080,"hotelName":"Terme Rogaska","address":"Stritarjeva 1,3250 Roga?ka Slatina,Slovenia","phones":"+38638112000","fax":"+38638112012","email":"","url":"http://www.terme-rogaska.si/lang_eng/index.php?page=12","countryIso2":"SI","countryName":"Slovenia","hotelRating":"4","latitude":"46.2366","longitude":"15.639","state_id":null,"state_name":null,"country_id":null},{"active":false,"Giataid":"136308","cityId":null,"cityName":"Portoroz","hotelId":136308,"hotelName":"Kempinski Palace Portoroz","address":"Obala 45,6320 Portoroz,Istrien,Slovenia","phones":"+38656927000","fax":"","email":"","url":"http://www.kempinski.com/de/portoroz/Seiten/Welcome.aspx","countryIso2":"SI","countryName":"Slovenia","hotelRating":"5","latitude":"45.5146","longitude":"13.592","state_id":null,"state_name":null,"country_id":null},{"active":false,"Giataid":"204410","cityId":null,"cityName":"Bohinjsko Jezero","hotelId":204410,"hotelName":"Alpine Village","address":"","phones":"","fax":"","email":"","url":"","countryIso2":"SI","countryName":"Slovenia","hotelRating":"1","latitude":"46.2781","longitude":"13.8674","state_id":null,"state_name":null,"country_id":null},{"active":false,"Giataid":"205019","cityId":null,"cityName":"Bohinjsko Jezero","hotelId":205019,"hotelName":"Zdovc Apartments","address":"Ribchev Laz 138,4265 Bohinjsko Jezero,Slovenia","phones":"","fax":"","email":"","url":"","countryIso2":"SI","countryName":"Slovenia","hotelRating":"2","latitude":"46.2769","longitude":"13.8876","state_id":null,"state_name":null,"country_id":null},{"active":false,"Giataid":"213817","cityId":null,"cityName":"Portoroz","hotelId":213817,"hotelName":"Marina Portoroz","address":"Cesta solinarjev 8,6320 Portoro? - Portorose,Slovenia","phones":"","fax":"","email":"","url":"","countryIso2":"SI","countryName":"Slovenia","hotelRating":"4","latitude":"45.5049","longitude":"13.5976","state_id":null,"state_name":null,"country_id":null},{"active":false,"Giataid":"213835","cityId":null,"cityName":"Portoroz","hotelId":213835,"hotelName":"Marko","address":"Obala 28,6320 Portoro? - Portorose,Slovenia","phones":"","fax":"","email":"","url":"","countryIso2":"SI","countryName":"Slovenia","hotelRating":"4","latitude":"45.5137","longitude":"13.5863","state_id":null,"state_name":null,"country_id":null},{"active":false,"Giataid":"215238","cityId":null,"cityName":"Bohinjsko Jezero","hotelId":215238,"hotelName":"Cerkovnik Pension","address":"Stara Fu?ina 11,Triglav National Park,4265 Bohinjsko jezero,Slovenia","phones":"","fax":"","email":"","url":"","countryIso2":"SI","countryName":"Slovenia","hotelRating":"2","latitude":"46.2814","longitude":"13.889","state_id":null,"state_name":null,"country_id":null},{"active":false,"Giataid":"217385","cityId":null,"cityName":"Rogaska Slatina","hotelId":217385,"hotelName":"Rogaska Hotels & Lotus Terme","address":"Zdraviliski trg 6,3250 Rogaska Slatina,Slovenia","phones":"+38638114711","fax":"","email":"","url":"","countryIso2":"SI","countryName":"Slovenia","hotelRating":"4","latitude":"46.2389","longitude":"15.6391","state_id":null,"state_name":null,"country_id":null},{"active":false,"Giataid":"217425","cityId":null,"cityName":"Bohinjsko Jezero","hotelId":217425,"hotelName":"Hotel Gasperin Bohinj","address":"Ribcev Laz 36a,4265 Bohinjsko,Slovenia","phones":"+38641540805","fax":"","email":"","url":"","countryIso2":"SI","countryName":"Slovenia","hotelRating":"3","latitude":"46.2748","longitude":"13.8914","state_id":null,"state_name":null,"country_id":null},{"active":false,"Giataid":"221113","cityId":null,"cityName":"Dom?ale","hotelId":221113,"hotelName":"Ambient","address":"A?kerceva Ulica 6a,1230 Dom?ale,Slovenia","phones":"+38682002000","fax":"+38617292900","email":"booking@ambienthotel.si","url":"http://www.ambienthotel.si/si/","countryIso2":"SI","countryName":"Slovenia","hotelRating":"3","latitude":"46.1309","longitude":"14.5976","state_id":null,"state_name":null,"country_id":null},{"active":false,"Giataid":"222328","cityId":null,"cityName":"Bohinj","hotelId":222328,"hotelName":"Tripic Hotel-Pension","address":"Triglavska cesta 13,4264 Bohinjska Bistrica,Slovenia","phones":"","fax":"","email":"","url":"","countryIso2":"SI","countryName":"Slovenia","hotelRating":"3","latitude":"46.272","longitude":"13.9558","state_id":null,"state_name":null,"country_id":null},{"active":false,"Giataid":"222890","cityId":null,"cityName":"Ratece","hotelId":222890,"hotelName":"Olympic Sports Centre Planica","address":"Ratece 167,4283 Ratece,Slovenia","phones":"","fax":"","email":"","url":"","countryIso2":"SI","countryName":"Slovenia","hotelRating":"1","latitude":"46.4785","longitude":"13.7272","state_id":null,"state_name":null,"country_id":null},{"active":false,"Giataid":"223178","cityId":null,"cityName":"Velenje","hotelId":223178,"hotelName":"Hotel Razgorsek","address":"Stari trg 33,3320 Velenje,Slovenia","phones":"+38638983630","fax":"","email":"","url":"","countryIso2":"SI","countryName":"Slovenia","hotelRating":"3","latitude":"46.3579","longitude":"15.1075","state_id":null,"state_name":null,"country_id":null},{"active":false,"Giataid":"223451","cityId":null,"cityName":"Rimske Toplice","hotelId":223451,"hotelName":"Hotel Sofijin Dvor","address":"Toplice 10,3272 Rimske Toplice,Slovenia","phones":"+38635742000","fax":"+38635742000","email":"info@rimske-terme.si","url":"http://www.rimske-terme.si/default.asp?mID=de&amp;pID=das-hotel-sofijin-dvor","countryIso2":"SI","countryName":"Slovenia","hotelRating":"4","latitude":"46.1193","longitude":"15.2032","state_id":null,"state_name":null,"country_id":null},{"active":false,"Giataid":"230382","cityId":null,"cityName":"Bohinjsko Jezero","hotelId":230382,"hotelName":"Alpik Apartment at Bohinj Lake","address":"Ukanc 85,4265 Bohinjsko Jezero,Slovenia","phones":"","fax":"+38641435555","email":"alpik@alpik.com","url":"http://www.alpik.com","countryIso2":"SI","countryName":"Slovenia","hotelRating":"3","latitude":"46.2807","longitude":"13.8264","state_id":null,"state_name":null,"country_id":null},{"active":false,"Giataid":"230396","cityId":null,"cityName":"Laze v Tuhinju","hotelId":230396,"hotelName":"Terme Snovik Apartment Resort","address":"Snovik 7,1219 Laze v Tuhinju,Slovenia","phones":"+38618344100","fax":"+38618844136","email":"info@terme-snovik.si","url":"http://www.terme-snovik.si","countryIso2":"SI","countryName":"Slovenia","hotelRating":"4","latitude":"46.2269","longitude":"14.7051","state_id":null,"state_name":null,"country_id":null},{"active":false,"Giataid":"230409","cityId":null,"cityName":"Menge?","hotelId":230409,"hotelName":"Harmonija","address":"Linhartova cesta 33,1234 Menge?,Slovenia","phones":"+38617296650","fax":"+38617296505","email":"recepcija@harmonija.eu","url":"http://www.harmonija.eu/","countryIso2":"SI","countryName":"Slovenia","hotelRating":"3","latitude":"46.163","longitude":"14.5652","state_id":null,"state_name":null,"country_id":null},{"active":false,"Giataid":"230416","cityId":null,"cityName":"Most na Soci","hotelId":230416,"hotelName":"Lucija","address":"Most na Soci 57,5216 Most Na Soci,Slovenia","phones":"+38653813290","fax":"+38653813177","email":"info@hotel-lucija.com","url":"http://www.hotel-lucija.com","countryIso2":"SI","countryName":"Slovenia","hotelRating":"3","latitude":"46.153","longitude":"13.7407","state_id":null,"state_name":null,"country_id":null},{"active":false,"Giataid":"230425","cityId":null,"cityName":"Se?ana","hotelId":230425,"hotelName":"Safir","address":"Partizanska cesta 149,6210 Se?ana,Slovenia","phones":"+38657314444","fax":"+38657314455","email":"rezervacije@safir.si","url":"http://www.safir.si","countryIso2":"SI","countryName":"Slovenia","hotelRating":"4","latitude":"45.7021","longitude":"13.8426","state_id":null,"state_name":null,"country_id":null},{"active":false,"Giataid":"230426","cityId":null,"cityName":"Se?ana","hotelId":230426,"hotelName":"Maestoso","address":"Lipica 5,6210 Se?ana,Slovenia","phones":"+38657391580","fax":"+38657391730","email":"info@lipica.org","url":"http://www.slovenia.info/?hotel=1729","countryIso2":"SI","countryName":"Slovenia","hotelRating":"3","latitude":"45.6683","longitude":"13.8822","state_id":null,"state_name":null,"country_id":null},{"active":false,"Giataid":"230431","cityId":null,"cityName":"?marje?ke Toplice","hotelId":230431,"hotelName":"Aparthotel Vila Toplice","address":"?marje?ke Toplice 240,?marje?ke Toplice,Slovenia","phones":"","fax":"+38615633191","email":"info@vilatoplice.si","url":"http://www.vilatoplice.si","countryIso2":"SI","countryName":"Slovenia","hotelRating":"1","latitude":"45.8699","longitude":"15.2522","state_id":null,"state_name":null,"country_id":null},{"active":false,"Giataid":"246760","cityId":null,"cityName":"?marje?ke Toplice","hotelId":246760,"hotelName":"Hotel ?marjeta","address":"?marje?ke Toplice 100,8220 ?marjeske Toplice,Slovenia","phones":"+38673843400","fax":"+38673073107","email":"","url":"http://www.terme-krka.si/en/smarjeske/hotel/smarjeta/","countryIso2":"SI","countryName":"Slovenia","hotelRating":"4","latitude":"45.8682","longitude":"15.2422","state_id":null,"state_name":null,"country_id":null},{"active":false,"Giataid":"246761","cityId":null,"cityName":"?marje?ke Toplice","hotelId":246761,"hotelName":"Hotel Toplice","address":"?marje?ke Toplice 100,8220 ?marjeske Toplice,Slovenia","phones":"+38673843400","fax":"+38673073107","email":"","url":"http://www.terme-krka.si/en/smarjeske/hotel/toplice/","countryIso2":"SI","countryName":"Slovenia","hotelRating":"1","latitude":"45.8687","longitude":"15.2417","state_id":null,"state_name":null,"country_id":null},{"active":false,"Giataid":"247301","cityId":null,"cityName":"Portoroz","hotelId":247301,"hotelName":"Hotel Apollo","address":"Obala 33,6230 Portoroz,Slovenia","phones":"+38656929001","fax":"+38656929003","email":"booking@lifeclass.net","url":"http://www.lifeclass.net/si/hoteli/hotel-apollo","countryIso2":"SI","countryName":"Slovenia","hotelRating":"4","latitude":"45.5152","longitude":"13.59","state_id":null,"state_name":null,"country_id":null},{"active":false,"Giataid":"247302","cityId":null,"cityName":"Portoroz","hotelId":247302,"hotelName":"Hotel Mirna","address":"Obala 33,6230 Portoro?,Slovenia","phones":"+38656929001","fax":"+38656929003","email":"booking@lifeclass.net","url":"http://www.lifeclass.net/si/hoteli/hotel-mirna","countryIso2":"SI","countryName":"Slovenia","hotelRating":"4","latitude":"45.5154","longitude":"13.589","state_id":null,"state_name":null,"country_id":null},{"active":false,"Giataid":"247303","cityId":null,"cityName":"Portoroz","hotelId":247303,"hotelName":"Mind Hotel Slovenija","address":"Obala 33,6320 Portoroz,Slovenia","phones":"+38656929001","fax":"+38656929003","email":"booking@lifeclass.net","url":"http://www.lifeclass.net/si/hoteli/hotel-slovenija","countryIso2":"SI","countryName":"Slovenia","hotelRating":"5","latitude":"45.5144","longitude":"13.5893","state_id":null,"state_name":null,"country_id":null},{"active":false,"Giataid":"247304","cityId":null,"cityName":"Portoroz","hotelId":247304,"hotelName":"Hotel Neptun","address":"Obala 33,6230 Portoro?,Slovenia","phones":"+38656929001","fax":"+38656929003","email":"booking@lifeclass.net","url":"http://www.lifeclass.net/si/hoteli/hotel-neptun","countryIso2":"SI","countryName":"Slovenia","hotelRating":"4","latitude":"45.5148","longitude":"13.5894","state_id":null,"state_name":null,"country_id":null},{"active":false,"Giataid":"247305","cityId":null,"cityName":"Portoroz","hotelId":247305,"hotelName":"Hotel Riviera","address":"Obala 33,6320 Portoro?,Slovenia","phones":"+38656929001","fax":"+38656929003","email":"booking@lifeclass.net","url":"http://www.lifeclass.net/si/hoteli/hotel-riviera","countryIso2":"SI","countryName":"Slovenia","hotelRating":"4","latitude":"45.5142","longitude":"13.5879","state_id":null,"state_name":null,"country_id":null},{"active":false,"Giataid":"247514","cityId":null,"cityName":"Topol?ica","hotelId":247514,"hotelName":"Hotel Mladika","address":"Topolsica 77,3326 Topol?ica,Slovenia","phones":"+38638963100","fax":"","email":"info@t-topolsica.si","url":"http://www.terme-topolsica.si/nastanitev/hotel-mladika/","countryIso2":"SI","countryName":"Slovenia","hotelRating":"1","latitude":"46.4028","longitude":"15.017","state_id":null,"state_name":null,"country_id":null},{"active":false,"Giataid":"247513","cityId":null,"cityName":"Topol?ica","hotelId":247513,"hotelName":"Hotel Vesna","address":"Topolsica 77,3326 Topol?ica,Slovenia","phones":"+38638963100","fax":"","email":"info@t-topolsica.si","url":"http://www.terme-topolsica.si/nastanitev/hotel-vesna/","countryIso2":"SI","countryName":"Slovenia","hotelRating":"3","latitude":"46.4027","longitude":"15.0169","state_id":null,"state_name":null,"country_id":null},{"active":false,"Giataid":"247515","cityId":null,"cityName":"Topol?ica","hotelId":247515,"hotelName":"Apartmajsko naselje Ocepkov gaj","address":"Topolsica 77,3326 Topol?ica,Slovenia","phones":"+38638963100","fax":"","email":"info@t-topolsica.si","url":"http://www.terme-topolsica.si/nastanitev/apartmajsko-naselje-ocepkov-gaj/","countryIso2":"SI","countryName":"Slovenia","hotelRating":"4","latitude":"46.4028","longitude":"15.0162","state_id":null,"state_name":null,"country_id":null},{"active":false,"Giataid":"365017","cityId":null,"cityName":"Strunjan","hotelId":365017,"hotelName":"Vile - Terme Krka","address":"Strunjan 148,6323 Strunjan,Slovenia","phones":"+38682050310","fax":"","email":"booking@terme-krka.si","url":"http://www.terme-krka.com/de/de/destinationen/strunjan-adriakueste/villen/","countryIso2":"SI","countryName":"Slovenia","hotelRating":"3","latitude":"45.5324","longitude":"13.6028","state_id":null,"state_name":null,"country_id":null},{"active":false,"Giataid":"367156","cityId":null,"cityName":"Portoroz","hotelId":367156,"hotelName":"Pensjonat Arkadia","address":"","phones":"","fax":"","email":"","url":"","countryIso2":"SI","countryName":"Slovenia","hotelRating":"1","latitude":"45.5123","longitude":"13.5913","state_id":null,"state_name":null,"country_id":null},{"active":false,"Giataid":"369599","cityId":null,"cityName":"Galicija","hotelId":369599,"hotelName":"Podpecan Farm Rooms","address":"Galicija 51,3310 Galicija,?alec,Slovenia","phones":"+38631676729","fax":"","email":"kmetija.podpecan@siol.net","url":"http://kmetijapodpecan.si","countryIso2":"SI","countryName":"Slovenia","hotelRating":"1","latitude":"46.2839","longitude":"15.2038","state_id":null,"state_name":null,"country_id":null},{"active":false,"Giataid":"370378","cityId":null,"cityName":"Zalec","hotelId":370378,"hotelName":"Hotel And Health Institute Lgalo-zalec","address":"","phones":"","fax":"","email":"","url":"","countryIso2":"SI","countryName":"Slovenia","hotelRating":"1","latitude":"0","longitude":"0","state_id":null,"state_name":null,"country_id":null},{"active":false,"Giataid":"370379","cityId":null,"cityName":"Zalec","hotelId":370379,"hotelName":"Hotel Pine-zalec","address":"","phones":"","fax":"","email":"","url":"","countryIso2":"SI","countryName":"Slovenia","hotelRating":"1","latitude":"0","longitude":"0","state_id":null,"state_name":null,"country_id":null},{"active":false,"Giataid":"371917","cityId":null,"cityName":"Dom?ale","hotelId":371917,"hotelName":"Krona Hotel - Domzale","address":"Ihanska cesta 2,1230 Dom?ale,Slovenia","phones":"","fax":"","email":"","url":"","countryIso2":"SI","countryName":"Slovenia","hotelRating":"3","latitude":"46.1351","longitude":"14.6056","state_id":null,"state_name":null,"country_id":null},{"active":false,"Giataid":"390326","cityId":null,"cityName":"Pohorje","hotelId":390326,"hotelName":"Black Grouse Apartment House","address":"","phones":"","fax":"","email":"","url":"","countryIso2":"SI","countryName":"Slovenia","hotelRating":"1","latitude":"46.5038","longitude":"15.5587","state_id":null,"state_name":null,"country_id":null},{"active":false,"Giataid":"405553","cityId":null,"cityName":"?kofja Loka","hotelId":405553,"hotelName":"Hotel Garni Paleta","address":"Kapucinski trg 17,4220 Skofja Loka,Slovenia","phones":"+38645126400","fax":"","email":"info@hotel-skofjaloka.si","url":"http://hotel-skofjaloka.si","countryIso2":"SI","countryName":"Slovenia","hotelRating":"3","latitude":"46.1668","longitude":"14.3053","state_id":null,"state_name":null,"country_id":null},{"active":false,"Giataid":"409246","cityId":null,"cityName":"Catez","hotelId":409246,"hotelName":"Terme Catez","address":"Topliska cesta 35,8251 Catez ob Savi,Slovenia","phones":"+38674936700","fax":"+38674935005","email":"info@terme-catez.si","url":"http://www.terme-catez.si","countryIso2":"SI","countryName":"Slovenia","hotelRating":"5","latitude":"45.8932","longitude":"15.6213","state_id":null,"state_name":null,"country_id":null},{"active":false,"Giataid":"409247","cityId":null,"cityName":"Catez","hotelId":409247,"hotelName":"Terme Catez Appartements","address":"Topliska cesta 35,8251 Catez ob Savi,Slovenia","phones":"+38674936700","fax":"+38674935005","email":"info@terme-catez.si","url":"http://www.terme-catez.si","countryIso2":"SI","countryName":"Slovenia","hotelRating":"4","latitude":"45.8932","longitude":"15.6213","state_id":null,"state_name":null,"country_id":null},{"active":false,"Giataid":"416417","cityId":null,"cityName":"Rimske Toplice","hotelId":416417,"hotelName":"Rimske Terme","address":"Toplice 10,3272 Rimske Toplice,Slovenia","phones":"+38635742000","fax":"+38637346312","email":"info@rimske-terme.si","url":"http://www.rimske-terme.si/","countryIso2":"SI","countryName":"Slovenia","hotelRating":"4","latitude":"46.1192","longitude":"15.2022","state_id":null,"state_name":null,"country_id":null},{"active":false,"Giataid":"418165","cityId":null,"cityName":"Catez","hotelId":418165,"hotelName":"Terme Catez Camping","address":"Topli?ka cesta 35,8251 Cate? ob Savi,Slovenia","phones":"+38676207810","fax":"+38674936700","email":"info@terme-catez.si","url":"http://www.terme-catez.si/de/catez/unterbringungen/camping-terme-catez-slowenien/","countryIso2":"SI","countryName":"Slovenia","hotelRating":"5","latitude":"45.8904","longitude":"15.6293","state_id":null,"state_name":null,"country_id":null},{"active":false,"Giataid":"424643","cityId":null,"cityName":"Mala Nedelja","hotelId":424643,"hotelName":"Hotel Bioterme","address":"Moravci v Slovenskih goricah 34 B,9243 Mala Nedelja,Slovenia","phones":"+38625652000","fax":"","email":"info@bioterme.si","url":"http://www.bioterme.si/hotel-bioterme-eng/accommodation/","countryIso2":"SI","countryName":"Slovenia","hotelRating":"4","latitude":"46.5147","longitude":"16.0517","state_id":null,"state_name":null,"country_id":null},{"active":false,"Giataid":"434505","cityId":null,"cityName":"?empeter pri Gorici","hotelId":434505,"hotelName":"Hotel Lipa","address":"Trg Ivana Roba 7,5290 ?empeter pri Gorici,Littoral,Slovenia","phones":"+38653366000","fax":"","email":"hotel.lipa@hit.si","url":"http://hotellipa.com/","countryIso2":"SI","countryName":"Slovenia","hotelRating":"3","latitude":"45.9301","longitude":"13.6396","state_id":null,"state_name":null,"country_id":null},{"active":false,"Giataid":"464452","cityId":null,"cityName":"Sentjanz pri Dravogradu","hotelId":464452,"hotelName":"Hotel Korosica","address":"Otiski Vrh 25 D,2373 Sentjan pri Dravogradu,Slovenia","phones":"+38628786912","fax":"+38628786913","email":"info@korosica.si","url":"http://www.korosica.si/index.php?stran=index&sklop=main&lang=en","countryIso2":"SI","countryName":"Slovenia","hotelRating":"4","latitude":"46.5744","longitude":"15.0249","state_id":null,"state_name":null,"country_id":null},{"active":false,"Giataid":"466606","cityId":null,"cityName":"Rakitna","hotelId":466606,"hotelName":"Hotel Rakitna","address":"","phones":"","fax":"","email":"","url":"","countryIso2":"SI","countryName":"Slovenia","hotelRating":"4","latitude":"45.887","longitude":"14.4332","state_id":null,"state_name":null,"country_id":null},{"active":false,"Giataid":"467564","cityId":null,"cityName":"Trnovo, Nova Gorica","hotelId":467564,"hotelName":"Hotel Winkler","address":"Lokve 36,5252 Trnovo,Gorici,Slovenia","phones":"+38653074037","fax":"+38653074036","email":"gostilna.winkler@siol.net","url":"http://hoteliwinkler.com/?lang=en","countryIso2":"SI","countryName":"Slovenia","hotelRating":"3","latitude":"46.0126","longitude":"13.7918","state_id":null,"state_name":null,"country_id":null},{"active":false,"Giataid":"469559","cityId":null,"cityName":"Ajdovscina","hotelId":469559,"hotelName":"Gold Club Hotel & Casino","address":"Goriska cesta 25c,5270 Ajdovscina,Slovenia","phones":"+38653644700","fax":"","email":"info@hotelgoldclub.eu","url":"http://hotelgoldclub.eu","countryIso2":"SI","countryName":"Slovenia","hotelRating":"3","latitude":"45.887","longitude":"13.9068","state_id":null,"state_name":null,"country_id":null},{"active":false,"Giataid":"530981","cityId":null,"cityName":"Strunjan","hotelId":530981,"hotelName":"Hotel Svoboda","address":"Strunjan 148,6323 Strunjan,Slovenia","phones":"+38682050310","fax":"","email":"booking@terme-krka.si","url":"http://www.terme-krka.com/de/de/destinationen/strunjan-adriakueste/","countryIso2":"SI","countryName":"Slovenia","hotelRating":"4","latitude":"45.5335","longitude":"13.6043","state_id":null,"state_name":null,"country_id":null},{"active":false,"Giataid":"530983","cityId":null,"cityName":"Strunjan","hotelId":530983,"hotelName":"Terme Krka Strunjan Depandance Vila Park","address":"Strunjan 148,6323 Strunjan,Slovenia","phones":"","fax":"","email":"","url":"","countryIso2":"SI","countryName":"Slovenia","hotelRating":"1","latitude":"45.5291","longitude":"13.6018","state_id":null,"state_name":null,"country_id":null},{"active":false,"Giataid":"548943","cityId":null,"cityName":"Catez","hotelId":548943,"hotelName":"Terme Catez  Pirate Bay","address":"Topliska cesta 35,8251 Catez ob Savi,Slovenia","phones":"+38674936700","fax":"+38674935005","email":"info@terme-catez.si","url":"http://www.terme-catez.si/catez/namestitev-119/gusarski-zaliv/","countryIso2":"SI","countryName":"Slovenia","hotelRating":"1","latitude":"45.8929","longitude":"15.6225","state_id":null,"state_name":null,"country_id":null},{"active":false,"Giataid":"572786","cityId":null,"cityName":"Portoroz","hotelId":572786,"hotelName":"Salinera Resort","address":"Strunjan 14,6320 Portoroz,Slovenia","phones":"+38656763100","fax":"","email":"","url":"","countryIso2":"SI","countryName":"Slovenia","hotelRating":"3","latitude":"45.5251","longitude":"13.5987","state_id":null,"state_name":null,"country_id":null},{"active":false,"Giataid":"601325","cityId":null,"cityName":"Portoroz","hotelId":601325,"hotelName":"B&B Oleander","address":"Seca 80,6320 Portoro?,Slovenia","phones":"","fax":"","email":"","url":"","countryIso2":"SI","countryName":"Slovenia","hotelRating":"2","latitude":"45.496","longitude":"13.6137","state_id":null,"state_name":null,"country_id":null},{"active":false,"Giataid":"606040","cityId":null,"cityName":"Spodnja Sorica","hotelId":606040,"hotelName":"Gostisce Macesen","address":"Spodnja Sorica 16,4229 Spodnja Sorica,Slovenia","phones":"+38645197060","fax":"","email":"info@macesen.si","url":"http://macesen.si/","countryIso2":"SI","countryName":"Slovenia","hotelRating":"3","latitude":"46.2188","longitude":"14.0295","state_id":null,"state_name":null,"country_id":null},{"active":false,"Giataid":"614132","cityId":null,"cityName":"Gozd Martuljek","hotelId":614132,"hotelName":"Hotel Rute","address":"Zgornje Rute 40a,4282 Kranjska Gora,Slovenia","phones":"+38631644209","fax":"","email":"info@hotelrute.si","url":"http://www.hotelrute.si/","countryIso2":"SI","countryName":"Slovenia","hotelRating":"3","latitude":"46.4841","longitude":"13.8334","state_id":null,"state_name":null,"country_id":null},{"active":false,"Giataid":"622101","cityId":null,"cityName":"Rogaska Slatina","hotelId":622101,"hotelName":"Hotel Slatina","address":"","phones":"+38638184100","fax":"","email":"","url":"","countryIso2":"SI","countryName":"Slovenia","hotelRating":"3","latitude":"46.2382","longitude":"15.6354","state_id":null,"state_name":null,"country_id":null},{"active":false,"Giataid":"628366","cityId":null,"cityName":"Kojsko","hotelId":628366,"hotelName":"Hotel San Martin","address":"Smartno 11,?martno,5211 Kojno,Slovenia","phones":"+38653305660","fax":"","email":"info@sanmartin.si","url":"http://www.sanmartin.si","countryIso2":"SI","countryName":"Slovenia","hotelRating":"1","latitude":"46.0058","longitude":"13.5564","state_id":null,"state_name":null,"country_id":null},{"active":false,"Giataid":"628371","cityId":null,"cityName":"Kr?ko","hotelId":628371,"hotelName":"City Hotel Kr?ko","address":"Trg Matije Gubca 3,8270 Kr?ko,Slovenia","phones":"+38674880300","fax":"+38674880313","email":"info@city-hotel.si","url":"http://www.city-hotel.si/","countryIso2":"SI","countryName":"Slovenia","hotelRating":"3","latitude":"45.9481","longitude":"15.4897","state_id":null,"state_name":null,"country_id":null},{"active":false,"Giataid":"628392","cityId":null,"cityName":"Ver?ej","hotelId":628392,"hotelName":"Hotel Village Zeleni Gaj","address":"Banovci 1A,Terme Banovci,9241 Ver?ej,Slovenia","phones":"+38625131400","fax":"+38625871703","email":"terme@terme-banovci.si","url":"http://www.sava-hotels-resorts.com/eccomodations/terme-banovci/the-zeleni-gaj-hotel-village/","countryIso2":"SI","countryName":"Slovenia","hotelRating":"3","latitude":"46.5718","longitude":"16.1701","state_id":null,"state_name":null,"country_id":null},{"active":false,"Giataid":"628394","cityId":null,"cityName":"Hrib Lo?ki Potok","hotelId":628394,"hotelName":"Hotel Hrib 14","address":"Hrib 14,1318 Hrib Lo?ki Potok,Slovenia","phones":"","fax":"","email":"","url":"","countryIso2":"SI","countryName":"Slovenia","hotelRating":"1","latitude":"0","longitude":"0","state_id":null,"state_name":null,"country_id":null},{"active":false,"Giataid":"628408","cityId":null,"cityName":"Kr?ko","hotelId":628408,"hotelName":"Hotel Kunst","address":"Ulica Mladinskih Del. Brigad 1,8273 Leskovec pri Kr?kem,Slovenia","phones":"+38674880318","fax":"","email":"gostilna@kunst.si","url":"http://www.kunst.si/","countryIso2":"SI","countryName":"Slovenia","hotelRating":"3","latitude":"45.9387","longitude":"15.4839","state_id":null,"state_name":null,"country_id":null},{"active":false,"Giataid":"643094","cityId":null,"cityName":"Grahovo ob Baci","hotelId":643094,"hotelName":"Turisticna Kmetija Logar","address":"?erovnica 16,1384 Grahovo,Slovenia","phones":"+38617092071","fax":"+38617096071","email":"info@tk-logar.com","url":"http://www.turisticnakmetijalogar.si/","countryIso2":"SI","countryName":"Slovenia","hotelRating":"1","latitude":"45.7588","longitude":"14.426","state_id":null,"state_name":null,"country_id":null},{"active":false,"Giataid":"644434","cityId":null,"cityName":"Slivnica pri Mariboru","hotelId":644434,"hotelName":"Penzion Gostisce Lesjak","address":"Mariborska cesta 7,2312 Slivnica pri Mariboru,Slovenia","phones":"+38626040470","fax":"+38626040471","email":"rafko.lesjak@triera.net","url":"http://www.gostilna-lesjak.si/","countryIso2":"SI","countryName":"Slovenia","hotelRating":"1","latitude":"46.4792","longitude":"15.6536","state_id":null,"state_name":null,"country_id":null},{"active":false,"Giataid":"644446","cityId":null,"cityName":"Ajdovscina","hotelId":644446,"hotelName":"Youth Hostel Ajdov?cina","address":"Cesta IV. Prekomorske 61A,5270 Ajdov?cina,Slovenia","phones":"+38653689383","fax":"","email":"ajdovscina@youth-hostel.si","url":"http://www.hostel-ajdovscina.si/","countryIso2":"SI","countryName":"Slovenia","hotelRating":"1","latitude":"45.8964","longitude":"13.9065","state_id":null,"state_name":null,"country_id":null},{"active":false,"Giataid":"644493","cityId":null,"cityName":"Log pod Mangartom","hotelId":644493,"hotelName":"Hotel Alpine","address":"Log pod Mangartom 63,5231 Log pod Mangartom,Slovenia","phones":"+38682054870","fax":"","email":"reception@hotel-alpine.com","url":"http://www.hotel-alpine.com/home/","countryIso2":"SI","countryName":"Slovenia","hotelRating":"3","latitude":"46.4066","longitude":"13.6039","state_id":null,"state_name":null,"country_id":null},{"active":false,"Giataid":"644496","cityId":null,"cityName":"Kojsko","hotelId":644496,"hotelName":"Valentincic turizem","address":"Podsabotin 48a,5211 Kojsko,Slovenia","phones":"+38653046578","fax":"+38653046579","email":"uros.valentincic@siol.net","url":"http://www.valentincic.si/ger/index_ger.html","countryIso2":"SI","countryName":"Slovenia","hotelRating":"1","latitude":"45.986","longitude":"13.6111","state_id":null,"state_name":null,"country_id":null},{"active":false,"Giataid":"644514","cityId":null,"cityName":"Star?e","hotelId":644514,"hotelName":"Guesthouse Beno","address":"Starse 90,2205 Star?e,Slovenia","phones":"","fax":"","email":"","url":"","countryIso2":"SI","countryName":"Slovenia","hotelRating":"1","latitude":"46.4669","longitude":"15.7653","state_id":null,"state_name":null,"country_id":null},{"active":false,"Giataid":"644762","cityId":null,"cityName":"Portoroz","hotelId":644762,"hotelName":"SD Portoroz Hostel Korotan","address":"Obala 11,6320 Portoro?,Slovenia","phones":"+38656745400","fax":"","email":"sdp.prenocisca@gmail.com","url":"http://www.sd.upr.si/turizem/hostel_korotan/","countryIso2":"SI","countryName":"Slovenia","hotelRating":"1","latitude":"45.5164","longitude":"13.5779","state_id":null,"state_name":null,"country_id":null},{"active":false,"Giataid":"644766","cityId":null,"cityName":"Stahovica","hotelId":644766,"hotelName":"House Berdnik","address":"Kamniska Bistrica 4B,1242 Stahovica,Slovenia","phones":"+38641635903","fax":"","email":"info@hisaberdnik.si","url":"http://www.hisaberdnik.si/de/","countryIso2":"SI","countryName":"Slovenia","hotelRating":"1","latitude":"46.3128","longitude":"14.6073","state_id":null,"state_name":null,"country_id":null},{"active":false,"Giataid":"644777","cityId":null,"cityName":"Podnart-Poljsica","hotelId":644777,"hotelName":"Tourist Village Dole","address":"Polj?ica 14,4244 Podnart,Slovenia","phones":"","fax":"","email":"","url":"","countryIso2":"SI","countryName":"Slovenia","hotelRating":"1","latitude":"46.2811","longitude":"14.2601","state_id":null,"state_name":null,"country_id":null},{"active":false,"Giataid":"695313","cityId":null,"cityName":"Gozd Martuljek","hotelId":695313,"hotelName":"Apartmaji Jezerci","address":"Jezerci 23,4282 Gozd Martuljek,Kranjska Gora,Slovenia","phones":"","fax":"","email":"","url":"","countryIso2":"SI","countryName":"Slovenia","hotelRating":"1","latitude":"46.4861","longitude":"13.8392","state_id":null,"state_name":null,"country_id":null},{"active":false,"Giataid":"696864","cityId":null,"cityName":"Stahovica","hotelId":696864,"hotelName":"Eko Resort Pod Veliko Planino","address":"Godic 44b,Kamnik,1242 Stahovica,Slovenia","phones":"+38630462407","fax":"","email":"info@sloveniaecoresort.com","url":"http://sloveniaecoresort.com/","countryIso2":"SI","countryName":"Slovenia","hotelRating":"3","latitude":"46.2526","longitude":"14.6049","state_id":null,"state_name":null,"country_id":null},{"active":false,"Giataid":"730160","cityId":null,"cityName":"Bohinjsko Jezero","hotelId":730160,"hotelName":"Apartments and Rooms Lake Bohinj","address":"Ukanc 78a,4265 Bohinjsko Jezero,Slovenia","phones":"+38645723250","fax":"+38645723456","email":"apartments.bohinj.lake@gmail.com","url":"http://www.bohinjapartments.net/","countryIso2":"SI","countryName":"Slovenia","hotelRating":"3","latitude":"46.2799","longitude":"13.8274","state_id":null,"state_name":null,"country_id":null},{"active":false,"Giataid":"742964","cityId":null,"cityName":"Strunjan","hotelId":742964,"hotelName":"Hotel Lavender Oleander Resort","address":"Strunjan 16,Strunjan Landscape Park,Immediate Vicinity of the Strunjan Nature Reserve Stjuj,Strunjan,6320 Portoro? - Portorose,Piran,Obalno-kra?ka,Primorska,Slovenian Littoral,Slovenia","phones":"","fax":"","email":"","url":"","countryIso2":"SI","countryName":"Slovenia","hotelRating":"3","latitude":"45.5291","longitude":"13.6018","state_id":null,"state_name":null,"country_id":null},{"active":false,"Giataid":"746715","cityId":null,"cityName":"Rogaska Slatina","hotelId":746715,"hotelName":"Eco Villa Mila","address":"Kamence 19,3250 Rogaksa Slatina,Slovenia","phones":"","fax":"","email":"","url":"http://ecovila-mila.si","countryIso2":"SI","countryName":"Slovenia","hotelRating":"3","latitude":"46.202","longitude":"15.6236","state_id":null,"state_name":null,"country_id":null},{"active":false,"Giataid":"751794","cityId":null,"cityName":"Bohinj","hotelId":751794,"hotelName":"Apartment Bohinj","address":"Pod Rodico 7,Bohinjska Bistrica,4264 Bohinj,Slovenia","phones":"","fax":"","email":"office@apartment-bohinj.com","url":"http://www.apartment-bohinj.com","countryIso2":"SI","countryName":"Slovenia","hotelRating":"1","latitude":"46.2719","longitude":"13.9304","state_id":null,"state_name":null,"country_id":null},{"active":false,"Giataid":"751882","cityId":null,"cityName":"Bohinjsko Jezero","hotelId":751882,"hotelName":"Mavrica Apartmaji Bohinj","address":"Stara Fuzina 251,4265 Bohinjsko Jezero,Slovenia","phones":"+38645746555","fax":"","email":"info@mavrica.com","url":"http://www.mavrica.com","countryIso2":"SI","countryName":"Slovenia","hotelRating":"1","latitude":"46.2908","longitude":"13.8907","state_id":null,"state_name":null,"country_id":null},{"active":false,"Giataid":"752285","cityId":null,"cityName":"Bohinj","hotelId":752285,"hotelName":"Accommodation Resman","address":"Ribcev Laz 35,4265 Bohinj,Slovenia","phones":"+38645746860","fax":"+38659932617","email":"info@resman.si","url":"http://www.resman.si/en","countryIso2":"SI","countryName":"Slovenia","hotelRating":"1","latitude":"46.2745","longitude":"13.892","state_id":null,"state_name":null,"country_id":null},{"active":false,"Giataid":"752343","cityId":null,"cityName":"Bohinj","hotelId":752343,"hotelName":"Chalet Hostel Murka","address":"Ukanc 6,4265 Bohinj,Slovenia","phones":"","fax":"","email":"","url":"","countryIso2":"SI","countryName":"Slovenia","hotelRating":"1","latitude":"46.2629","longitude":"13.8389","state_id":null,"state_name":null,"country_id":null},{"active":false,"Giataid":"759539","cityId":null,"cityName":"Lasko","hotelId":759539,"hotelName":"Bed & Breakfast Savinja","address":"Valvasorjev Trg 1,3270 Lasko,Slovenia","phones":"","fax":"","email":"","url":"","countryIso2":"SI","countryName":"Slovenia","hotelRating":"1","latitude":"46.1541","longitude":"15.2352","state_id":null,"state_name":null,"country_id":null},{"active":false,"Giataid":"760322","cityId":null,"cityName":"Se?ana","hotelId":760322,"hotelName":"Casa Krasna","address":"Lokev 78,6219 Se?ana,Slovenia","phones":"+38657671002","fax":"","email":"info@krasna-hisa.si","url":"https://www.krasna-hisa.si","countryIso2":"SI","countryName":"Slovenia","hotelRating":"1","latitude":"45.6934","longitude":"13.873","state_id":null,"state_name":null,"country_id":null},{"active":false,"Giataid":"764262","cityId":null,"cityName":"Lasko","hotelId":764262,"hotelName":"Aparthotel Carpe Diem Lasko","address":"Kidriceva Ulica 39,3270 Lasko,Slovenia","phones":"","fax":"","email":"","url":"","countryIso2":"SI","countryName":"Slovenia","hotelRating":"1","latitude":"46.1556","longitude":"15.242","state_id":null,"state_name":null,"country_id":null},{"active":false,"Giataid":"764902","cityId":null,"cityName":"Rimske Toplice","hotelId":764902,"hotelName":"Apartment Villa Sisi","address":"Toplice 10,3272 Rimske Toplice,Slovenia","phones":"+38635742000","fax":"+38635746312","email":"info@rimske-terme.si","url":"https://www.rimske-terme.si/","countryIso2":"SI","countryName":"Slovenia","hotelRating":"1","latitude":"46.1193","longitude":"15.2034","state_id":null,"state_name":null,"country_id":null},{"active":false,"Giataid":"800852","cityId":null,"cityName":"Lasko","hotelId":800852,"hotelName":"Trubarjev Art Boutique Hotel","address":"ul. Trubarjeva 5,3270 Lasko,Slovenia","phones":"","fax":"","email":"","url":"","countryIso2":"SI","countryName":"Slovenia","hotelRating":"1","latitude":"46.1594","longitude":"15.233","state_id":null,"state_name":null,"country_id":null},{"active":false,"Giataid":"800887","cityId":null,"cityName":"Rogaska Slatina","hotelId":800887,"hotelName":"Vila Demetrovic","address":"Celjska Cesta 43,3250 Rogaska Slatina,Slovenia","phones":"","fax":"","email":"","url":"","countryIso2":"SI","countryName":"Slovenia","hotelRating":"1","latitude":"46.2381","longitude":"15.6397","state_id":null,"state_name":null,"country_id":null},{"active":false,"Giataid":"802873","cityId":null,"cityName":"Portoroz","hotelId":802873,"hotelName":"Europa Hostel Portoroz","address":"Sencna Pot 2,6320 Portoroz,Slovenia","phones":"+38659032574","fax":"","email":"info@ehp.si","url":"http://www.ehp.si","countryIso2":"SI","countryName":"Slovenia","hotelRating":"1","latitude":"45.5144","longitude":"13.5959","state_id":null,"state_name":null,"country_id":null},{"active":false,"Giataid":"802908","cityId":null,"cityName":"Kr?ko","hotelId":802908,"hotelName":"Youth Hostel Krsko","address":"Cesta Krskih Zrtev 105,8270 Krsko,Slovenia","phones":"","fax":"","email":"","url":"","countryIso2":"SI","countryName":"Slovenia","hotelRating":"1","latitude":"45.952","longitude":"15.4865","state_id":null,"state_name":null,"country_id":null},{"active":false,"Giataid":"803689","cityId":null,"cityName":"Ravne na Koro?kem","hotelId":803689,"hotelName":"Youth Hostel Punkl","address":"Gozdarska Pot 18,2390 Ravne Na Koroskem,Slovenia","phones":"+38641736638","fax":"","email":"info@punkl.si","url":"http://www.punkl.si/","countryIso2":"SI","countryName":"Slovenia","hotelRating":"1","latitude":"46.539","longitude":"14.9623","state_id":null,"state_name":null,"country_id":null},{"active":false,"Giataid":"805202","cityId":null,"cityName":"Srednja Vas v Bohinju","hotelId":805202,"hotelName":"Hostel Mama Minka","address":"Ce?njica 4,4267 Srednja Vas V Bohinju,Slovenia","phones":"","fax":"","email":"info@hostelmamaminka.com","url":"http://www.hostelmamaminka.com","countryIso2":"SI","countryName":"Slovenia","hotelRating":"1","latitude":"46.32","longitude":"13.9337","state_id":null,"state_name":null,"country_id":null},{"active":false,"Giataid":"806073","cityId":null,"cityName":"Hocko Pohorje","hotelId":806073,"hotelName":"Hotel Tisa Pohorje","address":"Hocko Pohorje 40,2208 Hocko Pohorje,Slovenia","phones":"","fax":"","email":"","url":"","countryIso2":"SI","countryName":"Slovenia","hotelRating":"1","latitude":"46.5137","longitude":"15.5772","state_id":null,"state_name":null,"country_id":null},{"active":false,"Giataid":"807135","cityId":null,"cityName":"Velenje","hotelId":807135,"hotelName":"Reich Motel","address":"Partizanska Cesta 1,3320 Velenje,Slovenia","phones":"","fax":"","email":"","url":"","countryIso2":"SI","countryName":"Slovenia","hotelRating":"1","latitude":"46.3587","longitude":"15.1065","state_id":null,"state_name":null,"country_id":null},{"active":false,"Giataid":"807168","cityId":null,"cityName":"Portoroz","hotelId":807168,"hotelName":"Hostel Soline","address":"Obala 91,Lucija,6320 Portoroz,Slovenia","phones":"+38656770803","fax":"","email":"booking@hostelsoline.si","url":"http://www.hostelsoline.si","countryIso2":"SI","countryName":"Slovenia","hotelRating":"1","latitude":"45.5123","longitude":"13.5913","state_id":null,"state_name":null,"country_id":null},{"active":false,"Giataid":"809876","cityId":null,"cityName":"Portoroz","hotelId":809876,"hotelName":"Dom Paraplegikov","address":"Pacug 10,6320 Portoroz,Slovenia","phones":"+38641718797","fax":"","email":"domparaplegikov@gmail.com","url":"http://www.domparaplegikov.si","countryIso2":"SI","countryName":"Slovenia","hotelRating":"1","latitude":"45.5123","longitude":"13.5913","state_id":null,"state_name":null,"country_id":null},{"active":false,"Giataid":"813610","cityId":null,"cityName":"Velenje","hotelId":813610,"hotelName":"Hostel Reich","address":"Efenkova 61,3320 Velenje,Slovenia","phones":"","fax":"","email":"","url":"","countryIso2":"SI","countryName":"Slovenia","hotelRating":"1","latitude":"46.3629","longitude":"15.1238","state_id":null,"state_name":null,"country_id":null},{"active":false,"Giataid":"815698","cityId":null,"cityName":"Jezersko","hotelId":815698,"hotelName":"Camp & Hotel Jezersko Stara posta","address":"Zgornje Jezersko 124,4206 Zgornje Jezersko,Slovenia","phones":"","fax":"","email":"info@kamp-jezersko.si","url":"http://www.kamp-jezersko.si","countryIso2":"SI","countryName":"Slovenia","hotelRating":"1","latitude":"46.3988","longitude":"14.5037","state_id":null,"state_name":null,"country_id":null},{"active":false,"Giataid":"821344","cityId":null,"cityName":"Hocko Pohorje","hotelId":821344,"hotelName":"Apartment Bolfenk","address":"Hocko Pohorje 131,2208 Pohorje,Slovenia","phones":"","fax":"","email":"","url":"","countryIso2":"SI","countryName":"Slovenia","hotelRating":"1","latitude":"46.5142","longitude":"15.5786","state_id":null,"state_name":null,"country_id":null},{"active":false,"Giataid":"821352","cityId":null,"cityName":"Hocko Pohorje","hotelId":821352,"hotelName":"Hotel Bolfenk","address":"Hocko Pohorje 133,2208 Pohorje,Slovenia","phones":"+38622344333","fax":"","email":"booking@termemb.si","url":"http://www.terme-maribor.si/en/hotels/hotel-bolfenk","countryIso2":"SI","countryName":"Slovenia","hotelRating":"1","latitude":"46.5137","longitude":"15.5772","state_id":null,"state_name":null,"country_id":null},{"active":false,"Giataid":"837940","cityId":null,"cityName":"Portoroz","hotelId":837940,"hotelName":"Pension Silvia","address":"Vilfanova 12,6320 Portoroz,Slovenia","phones":"","fax":"","email":"","url":"http://www.pension-silvia.si","countryIso2":"SI","countryName":"Slovenia","hotelRating":"1","latitude":"45.5175","longitude":"13.5758","state_id":null,"state_name":null,"country_id":null},{"active":false,"Giataid":"838219","cityId":null,"cityName":"Bohinjsko Jezero","hotelId":838219,"hotelName":"Plansar Rooms & Apartment","address":"Stara Fuzina 179,4265 Bohinjsko Jezero,Slovenia","phones":"+38645723095","fax":"","email":"info@plansar.com","url":"http://www.plansar.com","countryIso2":"SI","countryName":"Slovenia","hotelRating":"1","latitude":"46.2891","longitude":"13.8947","state_id":null,"state_name":null,"country_id":null},{"active":false,"Giataid":"838381","cityId":null,"cityName":"Se?ana","hotelId":838381,"hotelName":"Guesthouse Pri Mihelovih","address":"Povir 1b,6210 Sezana,Slovenia","phones":"+38657301670","fax":"","email":"info@rmstok.si","url":"http://prenocisca.rmstok.si","countryIso2":"SI","countryName":"Slovenia","hotelRating":"1","latitude":"45.7004","longitude":"13.9351","state_id":null,"state_name":null,"country_id":null},{"active":false,"Giataid":"838414","cityId":null,"cityName":"Portoroz","hotelId":838414,"hotelName":"Apartments & Rooms Kamen","address":"Lepa Cesta 47,6320 Portoroz,Slovenia","phones":"","fax":"","email":"karmen.marancina@gmail.com","url":"http://sobe-in-apartmaji-marija-si.book.direct","countryIso2":"SI","countryName":"Slovenia","hotelRating":"1","latitude":"45.519","longitude":"13.5748","state_id":null,"state_name":null,"country_id":null},{"active":false,"Giataid":"838530","cityId":null,"cityName":"?kofja Loka","hotelId":838530,"hotelName":"Mini Hotel","address":"Vincarje 47,4220 Skofja Loka,Slovenia","phones":"+38645150540","fax":"","email":"metka@minihotel.si","url":"http://www.minihotel.si","countryIso2":"SI","countryName":"Slovenia","hotelRating":"1","latitude":"46.167","longitude":"14.2951","state_id":null,"state_name":null,"country_id":null},{"active":false,"Giataid":"838565","cityId":null,"cityName":"Se?ana","hotelId":838565,"hotelName":"B&B Mitel Yha","address":"Lokev 190 A,6219 Sezana,Lokev,Slovenia","phones":"","fax":"","email":"","url":"","countryIso2":"SI","countryName":"Slovenia","hotelRating":"1","latitude":"45.6612","longitude":"13.9356","state_id":null,"state_name":null,"country_id":null},{"active":false,"Giataid":"838622","cityId":null,"cityName":"Portoroz","hotelId":838622,"hotelName":"Family Skvor","address":"Soncna Pot 52,6320 Portoroz,Slovenia","phones":"","fax":"","email":"","url":"","countryIso2":"SI","countryName":"Slovenia","hotelRating":"1","latitude":"45.5123","longitude":"13.5913","state_id":null,"state_name":null,"country_id":null},{"active":false,"Giataid":"838674","cityId":null,"cityName":"Catez","hotelId":838674,"hotelName":"Life & Energy B&B","address":"Zagrebska Cesta 20,8250 Catez ob Savi,Slovenia","phones":"","fax":"","email":"","url":"","countryIso2":"SI","countryName":"Slovenia","hotelRating":"1","latitude":"45.8929","longitude":"15.6225","state_id":null,"state_name":null,"country_id":null},{"active":false,"Giataid":"838804","cityId":null,"cityName":"Bohinj","hotelId":838804,"hotelName":"Butterfly Lodge","address":"Triglavska Cesta 43,Bohinjska Bistrica,4264 Bohinj,Slovenia","phones":"","fax":"","email":"enquiries@butterflylodge.si","url":"https://www.butterflylodge.si/","countryIso2":"SI","countryName":"Slovenia","hotelRating":"1","latitude":"46.2719","longitude":"13.9304","state_id":null,"state_name":null,"country_id":null},{"active":false,"Giataid":"839058","cityId":null,"cityName":"Rogaska Slatina","hotelId":839058,"hotelName":"B&B Villa Angelina","address":"Topole 17 A,Topole,3250 Roga?ka Slatina,?tajerska,Savinjska Regija,Slovenia","phones":"","fax":"","email":"","url":"","countryIso2":"SI","countryName":"Slovenia","hotelRating":"1","latitude":"46.2381","longitude":"15.6397","state_id":null,"state_name":null,"country_id":null},{"active":false,"Giataid":"839125","cityId":null,"cityName":"Bohinjsko Jezero","hotelId":839125,"hotelName":"Penzion Rozic","address":"Ribcev Laz 42,4265 Bohinjsko Jezero,Slovenia","phones":"+38645723393","fax":"","email":"rozic@siol.net","url":"http://www.pensionrozic-bohinj.com","countryIso2":"SI","countryName":"Slovenia","hotelRating":"3","latitude":"46.2781","longitude":"13.8674","state_id":null,"state_name":null,"country_id":null},{"active":false,"Giataid":"839195","cityId":null,"cityName":"Kojsko","hotelId":839195,"hotelName":"Hisa Marica","address":"Smartno 33,5211 Kojsko,Goriska Brda,Slovenia","phones":"+38653041039","fax":"","email":"info@marica.si","url":"http://marica.si","countryIso2":"SI","countryName":"Slovenia","hotelRating":"1","latitude":"46.005","longitude":"13.5557","state_id":null,"state_name":null,"country_id":null},{"active":false,"Giataid":"839220","cityId":null,"cityName":"Bohinjsko Jezero","hotelId":839220,"hotelName":"Vila Park B&B","address":"Ukanc 129,4265 Bohinjsko Jezero,Slovenia","phones":"+38645723300","fax":"","email":"info@vila-park.si","url":"https://www.vila-park.si","countryIso2":"SI","countryName":"Slovenia","hotelRating":"4","latitude":"46.2815","longitude":"13.8289","state_id":null,"state_name":null,"country_id":null},{"active":false,"Giataid":"839364","cityId":null,"cityName":"Portoroz","hotelId":839364,"hotelName":"Pension Kovac","address":"Seca 80/D,6320 Portoroz,Slovenia","phones":"+38656772390","fax":"+38656771614","email":"pension.kovac@siol.net","url":"http://www.pension-kovac.net","countryIso2":"SI","countryName":"Slovenia","hotelRating":"1","latitude":"45.5123","longitude":"13.5913","state_id":null,"state_name":null,"country_id":null},{"active":false,"Giataid":"839608","cityId":null,"cityName":"Dom?ale","hotelId":839608,"hotelName":"Bed & Breakfast Pri Maruski","address":"Krakovska Cesta 9,1230 Domzale,Slovenia","phones":"","fax":"","email":"","url":"","countryIso2":"SI","countryName":"Slovenia","hotelRating":"1","latitude":"46.1344","longitude":"14.5976","state_id":null,"state_name":null,"country_id":null},{"active":false,"Giataid":"839983","cityId":null,"cityName":"Portoroz","hotelId":839983,"hotelName":"B&B Vila Zala","address":"Vilfanova 2a,6320 Portoroz,Slovenia","phones":"","fax":"","email":"","url":"","countryIso2":"SI","countryName":"Slovenia","hotelRating":"1","latitude":"45.5123","longitude":"13.5913","state_id":null,"state_name":null,"country_id":null},{"active":false,"Giataid":"567453","cityId":null,"cityName":"Portoroz","hotelId":10050950,"hotelName":"Apartmaji Salinera","address":"Strunjan 14,6320 Portoroz,Slovenia","phones":"+38656907000","fax":"","email":"","url":"","countryIso2":"SI","countryName":"Slovenia","hotelRating":"2","latitude":"45.5244","longitude":"13.5989","state_id":null,"state_name":null,"country_id":null},{"active":false,"Giataid":"80893","cityId":null,"cityName":"Portoroz","hotelId":10051569,"hotelName":"Vila Maia","address":"Strunjan 14,6320 Portoroz,Slovenia","phones":"+38656907000","fax":"","email":"","url":"","countryIso2":"SI","countryName":"Slovenia","hotelRating":"3","latitude":"45.5256","longitude":"13.598","state_id":null,"state_name":null,"country_id":null},{"active":false,"Giataid":"334098","cityId":null,"cityName":"Se?ana","hotelId":10125712,"hotelName":"Hotel Tabor","address":"Kolodvorska ulica 4,6210 Se?ana,Slovenia","phones":"+38657341551","fax":"NULL","email":"NULL","url":"NULL","countryIso2":"SI","countryName":"Slovenia","hotelRating":"3","latitude":"45.7049","longitude":"13.8636","state_id":null,"state_name":null,"country_id":null},{"active":false,"Giataid":"260547","cityId":null,"cityName":"Ivanjkovci","hotelId":20002202,"hotelName":"Dvorec Jeruzalem","address":"Jeruzalem 8,2259 Ivanjkovci,Slovenia","phones":"+38627417790","fax":"","email":"info@dvorec-jeruzalem.com","url":"http://www.dvorec-jeruzalem.com/","countryIso2":"SI","countryName":"Slovenia","hotelRating":"4","latitude":"46.4764","longitude":"16.1875","state_id":null,"state_name":null,"country_id":null},{"active":false,"Giataid":"464451","cityId":null,"cityName":"Se?ana","hotelId":20002626,"hotelName":"Hotel Grahor","address":"Dane pri Se?ani 9a,6210 Se?ana,Slovenia","phones":"+38657312061","fax":"+38657312063","email":"hotel.grahor@siol.net","url":"http://www.hotelgrahor.com/en/indexen.html","countryIso2":"SI","countryName":"Slovenia","hotelRating":"4","latitude":"45.716","longitude":"13.8831","state_id":null,"state_name":null,"country_id":null},{"active":false,"Giataid":"37986","cityId":null,"cityName":"Bohinjsko Jezero","hotelId":20002847,"hotelName":"Hotel Kristal","address":"Ribcev Laz 4A,4265 Bohinjsko Jezero,Slowenien,Slovenia","phones":"+38645778200","fax":"","email":"info@hotel-kristal-slovenia.com","url":"http://www.hotel-kristal-slovenia.com/","countryIso2":"SI","countryName":"Slovenia","hotelRating":"4","latitude":"46.2724","longitude":"13.8949","state_id":null,"state_name":null,"country_id":null},{"active":false,"Giataid":"365018","cityId":null,"cityName":"Portoroz","hotelId":20005092,"hotelName":"Aparthotel Pinjola","address":"Liminjanska cesta 104,6320 Portoro?,Slovenia","phones":"+38641646032","fax":"+38641342950","email":"booking@apartmaji-lucija.com","url":"http://www.hotelpinjola.si/ger/","countryIso2":"SI","countryName":"Slovenia","hotelRating":"2","latitude":"45.5069","longitude":"13.6184","state_id":null,"state_name":null,"country_id":null},{"active":false,"Giataid":"221170","cityId":null,"cityName":"Hocko Pohorje","hotelId":20005930,"hotelName":"Hotel & Apartments Bolfenk","address":"Hocko Pohorje 133,2208 Hocko Pohorje,Slovenia","phones":"+38626035500","fax":"+38626035504","email":"bolfenk@termemb.si","url":"http://www.hotel-bolfenk.si/de/","countryIso2":"SI","countryName":"Slovenia","hotelRating":"4","latitude":"46.514","longitude":"15.5779","state_id":null,"state_name":null,"country_id":null},{"active":false,"Giataid":"223842","cityId":null,"cityName":"Hocko Pohorje","hotelId":20006124,"hotelName":"Zarja","address":"Frajham 34,2208 Hocko Pohorje,Slovenia","phones":"+38626036000","fax":"","email":"info@hotel-zarja.si","url":"http://www.hotel-zarja.si","countryIso2":"SI","countryName":"Slovenia","hotelRating":"3","latitude":"46.4922","longitude":"15.5352","state_id":null,"state_name":null,"country_id":null},{"active":false,"Giataid":"674519","cityId":null,"cityName":"Rogaska Slatina","hotelId":20006606,"hotelName":"Pomona","address":"Zgornje Secovo 3,3250 Rogaska Slatina,Slovenia","phones":"","fax":"","email":"info@pomona.si","url":"http://www.pomona.si/index.php","countryIso2":"SI","countryName":"Slovenia","hotelRating":"0","latitude":"46.2575","longitude":"15.6672","state_id":null,"state_name":null,"country_id":null},{"active":false,"Giataid":"644438","cityId":null,"cityName":"Begunje na Gorenjskem","hotelId":20008110,"hotelName":"Guesthouse Draga","address":"Begunje na Gorenjskem 142,4275 Begunje,Slovenia","phones":"+38645307310","fax":"","email":"info@gostisce-draga.si","url":"http://www.gostisce-draga.si/sobe/","countryIso2":"SI","countryName":"Slovenia","hotelRating":"2","latitude":"46.3946","longitude":"14.218","state_id":null,"state_name":null,"country_id":null},{"active":false,"Giataid":"222446","cityId":null,"cityName":"Se?ana","hotelId":20008243,"hotelName":"Klub Hotel","address":"Lipica 5,6210 Sezana,Slovenia","phones":"","fax":"","email":"","url":"","countryIso2":"SI","countryName":"Slovenia","hotelRating":"0","latitude":"45.6674","longitude":"13.8794","state_id":null,"state_name":null,"country_id":null},{"active":false,"Giataid":"221046","cityId":null,"cityName":"Bohinj","hotelId":20008569,"hotelName":"Pokljuka Aiport Hotel","address":"Goreljek 103,Zgornje Gorje,4247 Bohinj,Slovenia","phones":"","fax":"","email":"","url":"","countryIso2":"SI","countryName":"Slovenia","hotelRating":"0","latitude":"46.3374","longitude":"13.9617","state_id":null,"state_name":null,"country_id":null},{"active":false,"Giataid":"643327","cityId":null,"cityName":"Rogaska Slatina","hotelId":20009611,"hotelName":"Atlantida Boutique Hotel","address":"Cvetlicni hrib 1,3250 Roga?ka Slatina,Slovenia","phones":"+38636201600","fax":"+38636201601","email":"info@atlantida-rogaska.com","url":"http://atlantida-rogaska.com","countryIso2":"SI","countryName":"Slovenia","hotelRating":"5","latitude":"46.2399","longitude":"15.643","state_id":null,"state_name":null,"country_id":null},{"active":false,"Giataid":"422670","cityId":null,"cityName":"Crni Vrh","hotelId":20010262,"hotelName":"Hotel Jozef","address":"Vojkova 9A,5280 Idrija,Slovenia","phones":"+38682004250","fax":"+38682004265","email":"info@hotel-jozef.si","url":"http://www.hotel-jozef.si/eng","countryIso2":"SI","countryName":"Slovenia","hotelRating":"4","latitude":"46.0062","longitude":"14.028","state_id":null,"state_name":null,"country_id":null},{"active":false,"Giataid":"469162","cityId":null,"cityName":"Se?ana","hotelId":20010472,"hotelName":"Hotel Grahor Depandance","address":"Dane pri Se?ani 6,6210 Se?ana,Slovenia","phones":"","fax":"","email":"","url":"","countryIso2":"SI","countryName":"Slovenia","hotelRating":"3","latitude":"45.7164","longitude":"13.8831","state_id":null,"state_name":null,"country_id":null},{"active":false,"Giataid":"221175","cityId":null,"cityName":"Bohinj","hotelId":20011029,"hotelName":"Tubej Apartments","address":"Ravne v Bohinju 16,4264 Bohinjska Bistrica,Slovenia","phones":"","fax":"","email":"","url":"","countryIso2":"SI","countryName":"Slovenia","hotelRating":"4","latitude":"46.2595","longitude":"13.9635","state_id":null,"state_name":null,"country_id":null},{"active":false,"Giataid":"411597","cityId":null,"cityName":"Portoroz","hotelId":20012659,"hotelName":"Celigo Rezidence","address":"Seca 198,6320 Portoroz,Slovenia","phones":"+38659078777","fax":"","email":"info@residenceligo.com","url":"http://www.residenceligo.com","countryIso2":"SI","countryName":"Slovenia","hotelRating":"4","latitude":"45.5017","longitude":"13.6013","state_id":null,"state_name":null,"country_id":null},{"active":false,"Giataid":"21231","cityId":null,"cityName":"Jesenice (Bre?ice)","hotelId":20012785,"hotelName":"Hotel Golf Grad Mokrice","address":"Rajec 4,8261 Jesenice na Dolenjskem,Bre?ice,Slovenia,Slovenia","phones":"+38674574240","fax":"+38674935005","email":"mokrice@termecatez.si","url":"https://www.terme-catez.si/de/mokrice/unterbringungen/hotel-golf-schloss-mokrice","countryIso2":"SI","countryName":"Slovenia","hotelRating":"4","latitude":"45.8582","longitude":"15.6755","state_id":null,"state_name":null,"country_id":null},{"active":false,"Giataid":"230408","cityId":null,"cityName":"Log pod Mangartom","hotelId":20013152,"hotelName":"Motel Encijan","address":"Log pod Mangartom 31,5231 Log pod Mangartom,Slovenia","phones":"+38653845130","fax":"+38653845131","email":"anton.trstenjak@amis.ne","url":"http://www.encijan.com","countryIso2":"SI","countryName":"Slovenia","hotelRating":"3","latitude":"46.4018","longitude":"13.5975","state_id":null,"state_name":null,"country_id":null},{"active":false,"Giataid":"405657","cityId":null,"cityName":"Lasko","hotelId":20013674,"hotelName":"Vila Monet","address":"Savinjsko nabrezje 4,3270 Lasko,Slovenia","phones":"+38682050751","fax":"+38682050758","email":"","url":"http://www.vilamonet.si","countryIso2":"SI","countryName":"Slovenia","hotelRating":"4","latitude":"46.1551","longitude":"15.2346","state_id":null,"state_name":null,"country_id":null},{"active":false,"Giataid":"295960","cityId":null,"cityName":"Hocko Pohorje","hotelId":20013960,"hotelName":"Bona","address":"Hocko Pohorje 126,2208 Pohorje,Slovenia","phones":"+38626209895","fax":"+38626212592","email":"info@bona-turizem.si","url":"http://www.apartments-bona.com/new/","countryIso2":"SI","countryName":"Slovenia","hotelRating":"4","latitude":"46.5137","longitude":"15.5772","state_id":null,"state_name":null,"country_id":null},{"active":false,"Giataid":"390152","cityId":null,"cityName":"Srednja Vas v Bohinju","hotelId":20014449,"hotelName":"Center Pokljuka","address":"Srednja Vas V Bohinju 165-A,4267 Srednja vas v Bohinju,Slovenia","phones":"+38645320000","fax":"+38645320001","email":"info@center-pokljuka.si","url":"http://www.center-pokljuka.si","countryIso2":"SI","countryName":"Slovenia","hotelRating":"3","latitude":"46.3446","longitude":"13.922","state_id":null,"state_name":null,"country_id":null},{"active":false,"Giataid":"696826","cityId":null,"cityName":"Portoroz","hotelId":20015563,"hotelName":"Guesthouse Bozicek","address":"Seca 80,6320 Portoroz,Slovenia","phones":"","fax":"","email":"","url":"","countryIso2":"SI","countryName":"Slovenia","hotelRating":"0","latitude":"45.4954","longitude":"13.6129","state_id":null,"state_name":null,"country_id":null},{"active":false,"Giataid":"725958","cityId":null,"cityName":"Portoroz","hotelId":20015676,"hotelName":"Forgotten Garden Villa","address":"Stara Cesta 5C,6320 Portoro?,Slovenia","phones":"+38641658258","fax":"","email":"villa@forgottengarden.net","url":"http://www.villa.forgottengarden.net/","countryIso2":"SI","countryName":"Slovenia","hotelRating":"0","latitude":"45.5123","longitude":"13.5913","state_id":null,"state_name":null,"country_id":null},{"active":false,"Giataid":"230367","cityId":null,"cityName":"Crni Vrh","hotelId":20015907,"hotelName":"Gostilna Metka","address":"Crni Vrh 78,5274 Crni vrh,Slovenia","phones":"+38653777015","fax":"+38653778665","email":"info.metka@gmail.com","url":"http://www.gostilnametka.com","countryIso2":"SI","countryName":"Slovenia","hotelRating":"2","latitude":"45.9256","longitude":"14.0429","state_id":null,"state_name":null,"country_id":null},{"active":false,"Giataid":"503799","cityId":null,"cityName":"Portoroz","hotelId":20017633,"hotelName":"Gala Guesthouse","address":"Pot k Izviru 21,6320 Portoroz,Slovenia","phones":"","fax":"","email":"","url":"http://www.booking.com/hotel/si/gala-b-amp-b.en-gb.html?aid=357026","countryIso2":"SI","countryName":"Slovenia","hotelRating":"3","latitude":"45.5113","longitude":"13.6056","state_id":null,"state_name":null,"country_id":null},{"active":false,"Giataid":"405523","cityId":null,"cityName":"Brezice","hotelId":20017848,"hotelName":"Hotel Splavar","address":"Cesta prvih borcev 40a,8250 Brezice,Slovenia","phones":"+38674990630","fax":"+38674960630","email":"info@splavar.si","url":"http://www.splavar.si","countryIso2":"SI","countryName":"Slovenia","hotelRating":"4","latitude":"45.9058","longitude":"15.5921","state_id":null,"state_name":null,"country_id":null},{"active":false,"Giataid":"429637","cityId":null,"cityName":"Velenje","hotelId":20017958,"hotelName":"Prenocisca Mraz","address":"Lipa 54,3320 Velenje,Slovenia","phones":"+38638983100","fax":"+38638983133","email":"","url":"http://www.prenocisca-mraz.com","countryIso2":"SI","countryName":"Slovenia","hotelRating":"3","latitude":"46.3531","longitude":"15.1315","state_id":null,"state_name":null,"country_id":null},{"active":false,"Giataid":"289294","cityId":null,"cityName":"Lasko","hotelId":20018905,"hotelName":"Vila Aina","address":"Jagoce 3d,3270 Lasko,Slovenia","phones":"","fax":"","email":"","url":"","countryIso2":"SI","countryName":"Slovenia","hotelRating":"3","latitude":"46.1679","longitude":"15.2377","state_id":null,"state_name":null,"country_id":null},{"active":false,"Giataid":"162511","cityId":null,"cityName":"Lasko","hotelId":20019214,"hotelName":"Hum","address":"Trg svobode 1,3270 La?ko,Slovenia","phones":"","fax":"","email":"","url":"","countryIso2":"SI","countryName":"Slovenia","hotelRating":"3","latitude":"46.1534","longitude":"15.233","state_id":null,"state_name":null,"country_id":null},{"active":false,"Giataid":"572158","cityId":null,"cityName":"Portoroz","hotelId":20019646,"hotelName":"Hostel Panorama Portoro?","address":"?entjane 25,6320 Portoro?,Slovenia","phones":"+38631678767","fax":"","email":"info@hostelportoroz.si","url":"http://www.hostelportoroz.si/","countryIso2":"SI","countryName":"Slovenia","hotelRating":"0","latitude":"45.5208","longitude":"13.59","state_id":null,"state_name":null,"country_id":null},{"active":false,"Giataid":"270874","cityId":null,"cityName":"Rogaska Slatina","hotelId":20020435,"hotelName":"Manzato","address":"Partizanska 5,3250 Roga?ka Slatina,Slovenia","phones":"+38635816140","fax":"+38635816150","email":"","url":"","countryIso2":"SI","countryName":"Slovenia","hotelRating":"3","latitude":"46.2427","longitude":"15.6416","state_id":null,"state_name":null,"country_id":null},{"active":false,"Giataid":"230428","cityId":null,"cityName":"Poljane nad ?kofjo Loko","hotelId":20021132,"hotelName":"Pri Lenart","address":"Podvrh 1,4223 Poljane nad ?kofjo Loko,Slovenia","phones":"+38651266042","fax":"","email":"info@walkslovenia.com","url":"http://www.walkslovenia.com","countryIso2":"SI","countryName":"Slovenia","hotelRating":"4","latitude":"46.165","longitude":"14.173","state_id":null,"state_name":null,"country_id":null},{"active":false,"Giataid":"424540","cityId":null,"cityName":"Pohorje","hotelId":20021529,"hotelName":"Hotel & App. Videc","address":"Hocko Pohorje 131,2208 Pohorje,Slovenia","phones":"+38626035500","fax":"+38626035504","email":"videc@termemb.si","url":"http://www.hotel-videc.si/en/","countryIso2":"SI","countryName":"Slovenia","hotelRating":"3","latitude":"46.5141","longitude":"15.5785","state_id":null,"state_name":null,"country_id":null},{"active":false,"Giataid":"23197","cityId":null,"cityName":"Portoroz","hotelId":20022341,"hotelName":"Tomi","address":"Letoviska 1,6320 Portoroz,Slovenia","phones":"+38656740222","fax":"+38656747285","email":"tomi.m@siol.net","url":"http://www.hotel-tomi.eu/indexs.php","countryIso2":"SI","countryName":"Slovenia","hotelRating":"3","latitude":"45.5166","longitude":"13.5926","state_id":null,"state_name":null,"country_id":null},{"active":false,"Giataid":"644803","cityId":null,"cityName":"Gozd Martuljek","hotelId":20022999,"hotelName":"Trata Resort","address":"Na Trati 2,Zgornje Rute 90,Gozd Martuljek,Triglav National Park,Kranjska Gora,Slovenia","phones":"+38630338800","fax":"","email":"apartmentstrata@gmail.com","url":"http://www.trataresort.si/en","countryIso2":"SI","countryName":"Slovenia","hotelRating":"3","latitude":"46.4823","longitude":"13.8373","state_id":null,"state_name":null,"country_id":null},{"active":false,"Giataid":"230436","cityId":null,"cityName":"Ver?ej","hotelId":20023050,"hotelName":"Soncna Hisa Banovci","address":"Banovci 3c,9241 Ver?ej,Slovenia","phones":"+38625888238","fax":"+38641518442","email":"info@soncna-hisa.si","url":"http://www.soncna-hisa.si","countryIso2":"SI","countryName":"Slovenia","hotelRating":"5","latitude":"46.5726","longitude":"16.167","state_id":null,"state_name":null,"country_id":null},{"active":false,"Giataid":"21232","cityId":null,"cityName":"Otocec","hotelId":20023479,"hotelName":"Relais & Chateaux Hotel Grad Otocec","address":"Grajska cesta 2,8222 Otocec ob Krki,Obcina Brezovica,Slovenija,Slovenia","phones":"+38682050310","fax":"+38673942210","email":"booking@terme-krka.si","url":"http://www.grad-otocec.com","countryIso2":"SI","countryName":"Slovenia","hotelRating":"5","latitude":"45.8379","longitude":"15.2348","state_id":null,"state_name":null,"country_id":null},{"active":false,"Giataid":"367157","cityId":null,"cityName":"Portoroz","hotelId":20023959,"hotelName":"Villa Senegacnik","address":"Stara cesta 11-13,Portoro?,6320 Slovenia,Slovenia","phones":"+38631325882","fax":"","email":"franka.senegacnik@gmail.com","url":"http://www.villasenegacnik.com/","countryIso2":"SI","countryName":"Slovenia","hotelRating":"3","latitude":"45.5165","longitude":"13.5868","state_id":null,"state_name":null,"country_id":null},{"active":false,"Giataid":"230418","cityId":null,"cityName":"Portoroz","hotelId":20024083,"hotelName":"Pension Forma Viva","address":"Seca 159,6320 Portoro?,Slovenia","phones":"+38656770466","fax":"","email":"info@formaviva-portoroz.si","url":"http://www.formaviva-portoroz.si","countryIso2":"SI","countryName":"Slovenia","hotelRating":"2","latitude":"45.4994","longitude":"13.5951","state_id":null,"state_name":null,"country_id":null},{"active":false,"Giataid":"644763","cityId":null,"cityName":"Portoroz","hotelId":20024445,"hotelName":"Rooms and Apartments Giulia","address":"Seca 96,6320 Portoroz,Slovenia","phones":"","fax":"","email":"","url":"","countryIso2":"SI","countryName":"Slovenia","hotelRating":"0","latitude":"45.4943","longitude":"13.6099","state_id":null,"state_name":null,"country_id":null},{"active":false,"Giataid":"230383","cityId":null,"cityName":"Bohinjsko Jezero","hotelId":20024746,"hotelName":"Center - Bohinjsko Jezero","address":"Ribcev Laz 50,4265 Bohinjsko jezero,Slovenia","phones":"+38645723170","fax":"+38645746950","email":"kozomara.doo@siol.net","url":"http://www.bohinj.si/center/index.html","countryIso2":"SI","countryName":"Slovenia","hotelRating":"3","latitude":"46.2766","longitude":"13.8874","state_id":null,"state_name":null,"country_id":null},{"active":false,"Giataid":"560513","cityId":null,"cityName":"Brezice","hotelId":20024882,"hotelName":"Gostilna ob Sotocju","address":"Zagrebska cesta 9,Catez ob Savi,8250 Brezice,Slovenia","phones":"","fax":"","email":"","url":"","countryIso2":"SI","countryName":"Slovenia","hotelRating":"0","latitude":"45.8981","longitude":"15.6115","state_id":null,"state_name":null,"country_id":null},{"active":false,"Giataid":"162504","cityId":null,"cityName":"Ravne na Koro?kem","hotelId":20026912,"hotelName":"Hotel Delalut","address":"Dobja vas 119,2390 Ravne na Korosskem,Slovenia","phones":"+38628218240","fax":"+38628218241","email":"info@delalut.si","url":"http://www.delalut.si","countryIso2":"SI","countryName":"Slovenia","hotelRating":"3","latitude":"46.5441","longitude":"14.9456","state_id":null,"state_name":null,"country_id":null},{"active":false,"Giataid":"644829","cityId":null,"cityName":"Brezice","hotelId":20027828,"hotelName":"MC Hostel Brezice","address":"Gubceva 10a,p.p. 29,8250 Bre?ice,Slovenia","phones":"+38659083797","fax":"+38659083798","email":"hostel@mc-brezice.si","url":"http://www.mc-hostel.si/","countryIso2":"SI","countryName":"Slovenia","hotelRating":"0","latitude":"45.9021","longitude":"15.5952","state_id":null,"state_name":null,"country_id":null},{"active":false,"Giataid":"215427","cityId":null,"cityName":"Lasko","hotelId":20028361,"hotelName":"Penzion Vitapark","address":"Zdravili?ka 22,3270 La?ko,Slovenia","phones":"+38631304021","fax":"+38637343318","email":"info@vitapark.si","url":"http://www.vitapark.si/en/en.html","countryIso2":"SI","countryName":"Slovenia","hotelRating":"3","latitude":"46.1612","longitude":"15.2296","state_id":null,"state_name":null,"country_id":null},{"active":false,"Giataid":"411594","cityId":null,"cityName":"Portoroz","hotelId":20029498,"hotelName":"Maestral Residence","address":"Belokriska cesta 3,6320 Portoroz,Slovenia","phones":"","fax":"","email":"","url":"http://www.maestralresidence.si/","countryIso2":"SI","countryName":"Slovenia","hotelRating":"2","latitude":"45.5171","longitude":"13.5846","state_id":null,"state_name":null,"country_id":null},{"active":false,"Giataid":"205001","cityId":null,"cityName":"Portoroz","hotelId":20029595,"hotelName":"Apartments Portoroz","address":"Precna Pot 3A,6320 Portoro?,Slovenia","phones":"","fax":"","email":"","url":"","countryIso2":"SI","countryName":"Slovenia","hotelRating":"3","latitude":"45.5145","longitude":"13.587","state_id":null,"state_name":null,"country_id":null},{"active":false,"Giataid":"545493","cityId":null,"cityName":"Portoroz","hotelId":20029841,"hotelName":"Rental House  Villa Ursula","address":"Manzan 11,6000 Portoroz,Slovenia","phones":"","fax":"","email":"","url":"","countryIso2":"SI","countryName":"Slovenia","hotelRating":"1","latitude":"45.5461","longitude":"13.7269","state_id":null,"state_name":null,"country_id":null},{"active":false,"Giataid":"724036","cityId":null,"cityName":"Gozd Martuljek","hotelId":20030428,"hotelName":"Villa Flora Apartments","address":"Zgornje Rute 82,4282 Gozd Martuljek,Slovenia","phones":"+38641612405","fax":"","email":"info@villa-flora.si","url":"http://www.villa-flora.si","countryIso2":"SI","countryName":"Slovenia","hotelRating":"3","latitude":"46.4853","longitude":"13.8294","state_id":null,"state_name":null,"country_id":null},{"active":false,"Giataid":"405524","cityId":null,"cityName":"Otocec","hotelId":20030589,"hotelName":"Vila Otocec","address":"Dobrava 79,8222 Otocec,Slovenia","phones":"+38673844250","fax":"","email":"vilaotocec@siol.net","url":"http://www.vilaotocec.si","countryIso2":"SI","countryName":"Slovenia","hotelRating":"3","latitude":"45.8368","longitude":"15.2208","state_id":null,"state_name":null,"country_id":null},{"active":false,"Giataid":"73477","cityId":null,"cityName":"Zalec","hotelId":20031560,"hotelName":"Zalec","address":"Mestni trg 3,3310 ?alec,Slovenia","phones":"+38637131700","fax":"+38637131761","email":"hotel.zalec@siol.net","url":"http://www.hotel-zalec.si","countryIso2":"SI","countryName":"Slovenia","hotelRating":"3","latitude":"46.254","longitude":"15.1618","state_id":null,"state_name":null,"country_id":null},{"active":false,"Giataid":"314978","cityId":null,"cityName":"Bohinj","hotelId":20031763,"hotelName":"Gostilna Erlach","address":"Ukanc 67,4265 Bohinj,Slovenia","phones":"+38645723309","fax":"","email":"info@erlah.com","url":"http://www.erlah.com/","countryIso2":"SI","countryName":"Slovenia","hotelRating":"0","latitude":"46.2803","longitude":"13.8288","state_id":null,"state_name":null,"country_id":null},{"active":false,"Giataid":"377690","cityId":null,"cityName":"Brezice","hotelId":20031860,"hotelName":"Paradiso Spa - Wellness Hotel","address":"Selska cesta 15b,8257 Dobova,Slovenia","phones":"","fax":"","email":"","url":"","countryIso2":"SI","countryName":"Slovenia","hotelRating":"4","latitude":"45.8981","longitude":"15.6546","state_id":null,"state_name":null,"country_id":null},{"active":false,"Giataid":"696849","cityId":null,"cityName":"Se?ana","hotelId":20031959,"hotelName":"Hotel Prunk","address":"Partizanska Cesta 117,6210 Sezana,Slovenia","phones":"+38657380600","fax":"","email":"info@hotel-prunk.si","url":"http://hotel-prunk.si/","countryIso2":"SI","countryName":"Slovenia","hotelRating":"3","latitude":"45.7018","longitude":"13.8468","state_id":null,"state_name":null,"country_id":null},{"active":false,"Giataid":"389820","cityId":null,"cityName":"Dom?ale","hotelId":20032435,"hotelName":"Penzion In Restavracija Tilia","address":"Chevljarska ulica 5,1230 Domzale,Slovenia","phones":"","fax":"","email":"","url":"","countryIso2":"SI","countryName":"Slovenia","hotelRating":"0","latitude":"46.152","longitude":"14.5966","state_id":null,"state_name":null,"country_id":null},{"active":false,"Giataid":"223068","cityId":null,"cityName":"Jezersko","hotelId":20032949,"hotelName":"Hotel Planinka","address":"Zgornje Jezersko 67,4206 Zgornje Jezersko,Slovenia","phones":"+38631550827","fax":"","email":"hotel.planinka@siol.net","url":"http://www.hotel-planinka.si/si","countryIso2":"SI","countryName":"Slovenia","hotelRating":"3","latitude":"46.395","longitude":"14.5007","state_id":null,"state_name":null,"country_id":null},{"active":false,"Giataid":"80898","cityId":null,"cityName":"Portoroz","hotelId":20033095,"hotelName":"Malvina","address":"Lucija,6320 Portoroz,Slovenia","phones":"","fax":"","email":"","url":"","countryIso2":"SI","countryName":"Slovenia","hotelRating":"3","latitude":"45.5075","longitude":"13.6027","state_id":null,"state_name":null,"country_id":null},{"active":false,"Giataid":"80895","cityId":null,"cityName":"Portoroz","hotelId":20033244,"hotelName":"Villa Suzy","address":"Postajali?ka 2,SI-6320 Portoro?,Slovenia","phones":"+38656740360","fax":"+38656740361","email":"","url":"","countryIso2":"SI","countryName":"Slovenia","hotelRating":"4","latitude":"45.515","longitude":"13.5942","state_id":null,"state_name":null,"country_id":null},{"active":false,"Giataid":"644796","cityId":null,"cityName":"Bohinjsko Jezero","hotelId":20033476,"hotelName":"Hostel Pod Voglom","address":"Ribcev Laz 60,4265 Bohinjsko jezero,Slovenia","phones":"+38645723461","fax":"","email":"","url":"http://www.pac.si/sl/hostel/ponudba","countryIso2":"SI","countryName":"Slovenia","hotelRating":"0","latitude":"46.2788","longitude":"13.8667","state_id":null,"state_name":null,"country_id":null},{"active":false,"Giataid":"644459","cityId":null,"cityName":"Pohorje","hotelId":20035043,"hotelName":"Rusevec","address":"Hocko Pohorje 36 n,2208 Pohorje,Slovenia","phones":"+38626036300","fax":"+38637571330","email":"info@rusevec.com","url":"http://www.rusevec.com/de/","countryIso2":"SI","countryName":"Slovenia","hotelRating":"0","latitude":"46.5023","longitude":"15.5582","state_id":null,"state_name":null,"country_id":null},{"active":false,"Giataid":"695245","cityId":null,"cityName":"Rogaska Slatina","hotelId":20035167,"hotelName":"Oranda Village","address":"Cvetlicni hrib 3C,3250 Rogaska Slatina,Slovenia","phones":"+38631391551","fax":"","email":"info@oranda-village.com","url":"http://www.oranda-village.com/","countryIso2":"SI","countryName":"Slovenia","hotelRating":"0","latitude":"46.2407","longitude":"15.6456","state_id":null,"state_name":null,"country_id":null},{"active":false,"Giataid":"751885","cityId":null,"cityName":"Jesenice (Bre?ice)","hotelId":20370323,"hotelName":"Klub Zlata Ribica","address":"Cesta Toneta Tom?ica 6,4270 Jesenice,Slovenia","phones":"+38641691271","fax":"","email":"kzribica@gmail.com","url":"http://www.klubzlataribica.com/de-de","countryIso2":"SI","countryName":"Slovenia","hotelRating":"0","latitude":"46.4357","longitude":"14.0622","state_id":null,"state_name":null,"country_id":null},{"active":false,"Giataid":"914943","cityId":null,"cityName":"Se?ana","hotelId":20370353,"hotelName":"Motel Sofia","address":"Partizanska Cesta 123 b,6210 Sezana,Slovenia","phones":"","fax":"","email":"","url":"","countryIso2":"SI","countryName":"Slovenia","hotelRating":"0","latitude":"45.6934","longitude":"13.873","state_id":null,"state_name":null,"country_id":null},{"active":false,"Giataid":"905878","cityId":null,"cityName":"Portoroz","hotelId":20370380,"hotelName":"Bicycle Paradise Parenzana SK","address":"Sencna Pot 43,6320 Portoroz,Slovenia","phones":"","fax":"","email":"","url":"","countryIso2":"SI","countryName":"Slovenia","hotelRating":"0","latitude":"45.5123","longitude":"13.5913","state_id":null,"state_name":null,"country_id":null},{"active":false,"Giataid":"939899","cityId":null,"cityName":"Rogaska Slatina","hotelId":20370382,"hotelName":"Aparthotel Villa Ruskem","address":"Mladinska Ulica 5,3250 Rogaska Slatina,Slovenia","phones":"","fax":"","email":"","url":"","countryIso2":"SI","countryName":"Slovenia","hotelRating":"0","latitude":"46.2298","longitude":"15.6397","state_id":null,"state_name":null,"country_id":null},{"active":false,"Giataid":"905898","cityId":null,"cityName":"Portoroz","hotelId":20370394,"hotelName":"Brilliant Apartments Portoroz JK","address":"Ulica Borcev NOB 14,6320 Portoroz,Slovenia","phones":"","fax":"","email":"","url":"","countryIso2":"SI","countryName":"Slovenia","hotelRating":"0","latitude":"45.5123","longitude":"13.5913","state_id":null,"state_name":null,"country_id":null},{"active":false,"Giataid":"914636","cityId":null,"cityName":"Se?ana","hotelId":20370396,"hotelName":"Bed & Breakfast Nataly","address":"Cesta Na Lenivec 7,6210 Sezana,Slovenia","phones":"","fax":"","email":"bbroomsnataly@gmail.com","url":"http://www.roomsnataly.com/","countryIso2":"SI","countryName":"Slovenia","hotelRating":"3","latitude":"45.6934","longitude":"13.873","state_id":null,"state_name":null,"country_id":null},{"active":false,"Giataid":"914624","cityId":null,"cityName":"Jesenice (Bre?ice)","hotelId":20370401,"hotelName":"Aparthotel Kazina","address":"Cesta Zelezarjev 9,4270 Jesenice,Slovenia","phones":"","fax":"","email":"info@aparthotel-kazina.si","url":"http://www.aparthotel-kazina.si/en","countryIso2":"SI","countryName":"Slovenia","hotelRating":"0","latitude":"46.4316","longitude":"14.0653","state_id":null,"state_name":null,"country_id":null},{"active":false,"Giataid":"905888","cityId":null,"cityName":"Portoroz","hotelId":20370408,"hotelName":"Champagne Apartments Portoroz VP","address":"Letoviska Pot 10,6320 Portoroz,Slovenia","phones":"","fax":"","email":"","url":"","countryIso2":"SI","countryName":"Slovenia","hotelRating":"0","latitude":"45.5123","longitude":"13.5913","state_id":null,"state_name":null,"country_id":null},{"active":false,"Giataid":"914471","cityId":null,"cityName":"Kr?ko","hotelId":20370416,"hotelName":"Hotel Tri Lucke","address":"Sremic 23,8270 Krsko,Slovenia","phones":"","fax":"","email":"info@trilucke.si","url":"http://www.trilucke.si/","countryIso2":"SI","countryName":"Slovenia","hotelRating":"0","latitude":"45.9481","longitude":"15.4897","state_id":null,"state_name":null,"country_id":null},{"active":false,"Giataid":"866580","cityId":null,"cityName":"Portoroz","hotelId":20370421,"hotelName":"Rooms Koblar","address":"189A Seca,6320 Portoroz,Slovenia","phones":"","fax":"","email":"info@koblar.eu","url":"http://sobe.koblar.eu/","countryIso2":"SI","countryName":"Slovenia","hotelRating":"0","latitude":"45.5014","longitude":"13.6078","state_id":null,"state_name":null,"country_id":null},{"active":false,"Giataid":"914805","cityId":null,"cityName":"Rogaska Slatina","hotelId":20370423,"hotelName":"Garni Hotel Vila Ana","address":"Ulica XIV Divizije 14,3250 Rogaska Slatina,Slovenia","phones":"","fax":"","email":"","url":"","countryIso2":"SI","countryName":"Slovenia","hotelRating":"0","latitude":"46.2318","longitude":"15.6367","state_id":null,"state_name":null,"country_id":null},{"active":false,"Giataid":"881353","cityId":null,"cityName":"?kofja Loka","hotelId":20370438,"hotelName":"Transturist Hotel","address":"Kapucinski Trg 9,Alpetour Turisticno Hotelsko,4220 Skofja Loka,Slovenia","phones":"","fax":"","email":"","url":"","countryIso2":"SI","countryName":"Slovenia","hotelRating":"0","latitude":"46.1691","longitude":"14.3036","state_id":null,"state_name":null,"country_id":null},{"active":false,"Giataid":"944166","cityId":null,"cityName":"Bohinjsko Jezero","hotelId":20370441,"hotelName":"Sobe Cuskic","address":"Ribcev Laz 30,4265 Bohinjsko Jezero,Slovenia","phones":"+38645723181","fax":"","email":"sobe.cuskic@gmail.com","url":"http://www.sobe-cuskic-bohinj.eu","countryIso2":"SI","countryName":"Slovenia","hotelRating":"0","latitude":"46.2781","longitude":"13.8674","state_id":null,"state_name":null,"country_id":null},{"active":false,"Giataid":"864825","cityId":null,"cityName":"Portoroz","hotelId":20370450,"hotelName":"Bojana Apartments","address":"Soncna Pot 30,6320 Portoroz,Slovenia","phones":"","fax":"","email":"","url":"","countryIso2":"SI","countryName":"Slovenia","hotelRating":"0","latitude":"45.5177","longitude":"13.5821","state_id":null,"state_name":null,"country_id":null},{"active":false,"Giataid":"956910","cityId":null,"cityName":"Bohinj","hotelId":20418419,"hotelName":"House Budkovic","address":"Triglavska Cesta,Bohinjska Bistrica,4264 Bohinj,Slovenia","phones":"","fax":"","email":"","url":"","countryIso2":"SI","countryName":"Slovenia","hotelRating":"1","latitude":"46.2719","longitude":"13.9304","state_id":null,"state_name":null,"country_id":null},{"active":false,"Giataid":"1004116","cityId":null,"cityName":"Kr?ko","hotelId":20439047,"hotelName":"Raceland","address":"Pesje 30,8270 Krsko,Slovenia","phones":"","fax":"","email":"","url":"","countryIso2":"SI","countryName":"Slovenia","hotelRating":"1","latitude":"45.9481","longitude":"15.4897","state_id":null,"state_name":null,"country_id":null},{"active":false,"Giataid":"986729","cityId":null,"cityName":"Poljane nad ?kofjo Loko","hotelId":20439054,"hotelName":"Poldas Apartments","address":"Predmost 25,4223 Poljane Nad Skofjo Loko,Slovenia","phones":"","fax":"","email":"","url":"","countryIso2":"SI","countryName":"Slovenia","hotelRating":"1","latitude":"46.1415","longitude":"14.1803","state_id":null,"state_name":null,"country_id":null},{"active":false,"Giataid":"993456","cityId":null,"cityName":"Bohinjsko Jezero","hotelId":20439056,"hotelName":"TD Bohinj Apartments","address":"Ribcev Laz 48,Ribcev Laz,4265 Bohinj,Slovenia","phones":"+38645746010","fax":"","email":"info@bohinj-info.com","url":"https://www.tdbohinjapartments.com/","countryIso2":"SI","countryName":"Slovenia","hotelRating":"1","latitude":"46.2767","longitude":"13.8876","state_id":null,"state_name":null,"country_id":null}]