[{"active":false,"Giataid":"133036","cityId":80564,"cityName":"Asuncion","hotelId":133036,"hotelName":"Cecilia","address":"Estados Unidos 341,2251 Asunci?n,Paraguay","phones":"+5952103657","fax":"+59521497111","email":"","url":"http://www.hotelcecilia.com.py/","countryIso2":"PY","countryName":"Paraguay","hotelRating":"3","latitude":"-25.2952","longitude":"-57.604","state_id":3680,"state_name":"Ancash","country_id":173},{"active":false,"Giataid":"133037","cityId":80564,"cityName":"Asuncion","hotelId":133037,"hotelName":"Zaphir","address":"Estrella 955 c/ Montevideo,3234 Asunci?n,Paraguay","phones":"+59521490025","fax":"+59521490721","email":"","url":"","countryIso2":"PY","countryName":"Paraguay","hotelRating":"3","latitude":"-25.3005","longitude":"-57.6362","state_id":3680,"state_name":"Ancash","country_id":173},{"active":false,"Giataid":"133038","cityId":80564,"cityName":"Asuncion","hotelId":133038,"hotelName":"Hotel Manduvira","address":"345 Manduvira,0101 Asuncion,Paraguay","phones":"","fax":"","email":"","url":"","countryIso2":"PY","countryName":"Paraguay","hotelRating":"3","latitude":"-25.2872","longitude":"-57.6403","state_id":3680,"state_name":"Ancash","country_id":173},{"active":false,"Giataid":"137840","cityId":80564,"cityName":"Asuncion","hotelId":137840,"hotelName":"Manduara","address":"M?xico 554,Asunci?n,Paraguay","phones":"+59521490223","fax":"+59521490224","email":"","url":"http://www.manduara.com.py/","countryIso2":"PY","countryName":"Paraguay","hotelRating":"3","latitude":"-25.2938","longitude":"-57.6369","state_id":3680,"state_name":"Ancash","country_id":173},{"active":false,"Giataid":"138953","cityId":80564,"cityName":"Asuncion","hotelId":138953,"hotelName":"Hotel Guarani Asuncion","address":"Oliva,Esquina con Independencia Nacional,Asuncion,Paraguay","phones":"","fax":"","email":"","url":"","countryIso2":"PY","countryName":"Paraguay","hotelRating":"4","latitude":"-25.2839","longitude":"-57.6352","state_id":3680,"state_name":"Ancash","country_id":173},{"active":false,"Giataid":"183709","cityId":80564,"cityName":"Asuncion","hotelId":183709,"hotelName":"Premier Hill Hotel Suites","address":"esquina Curupayty,25 De Mayo,Asunci?n,Paraguay","phones":"+59521215005","fax":"","email":"","url":"","countryIso2":"PY","countryName":"Paraguay","hotelRating":"4","latitude":"-25.2899","longitude":"-57.6228","state_id":3680,"state_name":"Ancash","country_id":173},{"active":false,"Giataid":"183710","cityId":80564,"cityName":"Asuncion","hotelId":183710,"hotelName":"La Mision Boutique","address":"Dr. J. Eulogio Estigarribia 4990 esquina San Roque Gonz?lez,Barrio Villa Morra,Asunci?n,Paraguay","phones":"+59521621800","fax":"","email":"reservas@lamision.com.py","url":"http://www.lamision.com.py/index.php?idioma=2","countryIso2":"PY","countryName":"Paraguay","hotelRating":"4","latitude":"-25.2953","longitude":"-57.5821","state_id":3680,"state_name":"Ancash","country_id":173},{"active":false,"Giataid":"229155","cityId":80564,"cityName":"Asuncion","hotelId":229155,"hotelName":"San Diego","address":"Col?n 356,Asuncion,Paraguay","phones":"+59521490786","fax":"","email":"","url":"http://www.sandiegohotelpy.com/","countryIso2":"PY","countryName":"Paraguay","hotelRating":"3","latitude":"-25.2787","longitude":"-57.6416","state_id":3680,"state_name":"Ancash","country_id":173},{"active":false,"Giataid":"229156","cityId":80564,"cityName":"Asuncion","hotelId":229156,"hotelName":"Bristol","address":"15 de Agosto 472,Asunci?n,Paraguay","phones":"+59521494254","fax":"","email":"reservas@hotelbristol.com.py","url":"http://www.hotelbristol.com.py","countryIso2":"PY","countryName":"Paraguay","hotelRating":"3","latitude":"-25.2815","longitude":"-57.6382","state_id":3680,"state_name":"Ancash","country_id":173},{"active":false,"Giataid":"229982","cityId":1443,"cityName":"San Miguel","hotelId":229982,"hotelName":"Cabana San Francisco","address":"la Ruta Numero 1 Km 173,entre Villa Florida y San Miguel,1 Km al norte de San Miguel,San Miguel Misiones,Paraguay","phones":"+59583240328","fax":"","email":"sanfrancisco@csanfrancisco.com.py","url":"http://www.csanfrancisco.com.py/","countryIso2":"PY","countryName":"Paraguay","hotelRating":"1","latitude":"-26.5267","longitude":"-57.0413","state_id":3638,"state_name":"Corrientes","country_id":11},{"active":false,"Giataid":"230422","cityId":89745,"cityName":"Ciudad del Este","hotelId":230422,"hotelName":"Catedral","address":"Ciudad del Este,Paraguay","phones":"","fax":"","email":"","url":"","countryIso2":"PY","countryName":"Paraguay","hotelRating":"2","latitude":"-25.5108","longitude":"-54.6577","state_id":2784,"state_name":"Alto Parana Department","country_id":172},{"active":false,"Giataid":"230430","cityId":89745,"cityName":"Ciudad del Este","hotelId":230430,"hotelName":"Casino Acaray","address":"11 de Septiembre y Luis Mar?a Araga?a,Ciudad del Este,Paraguay","phones":"+59561504250","fax":"","email":"","url":"http://www.hotelcasinoacaray.com.py","countryIso2":"PY","countryName":"Paraguay","hotelRating":"5","latitude":"-25.5182","longitude":"-54.6054","state_id":2784,"state_name":"Alto Parana Department","country_id":172},{"active":false,"Giataid":"230440","cityId":89745,"cityName":"Ciudad del Este","hotelId":230440,"hotelName":"Panorama Inn","address":"Calle Papliega y Eusebio Ayala 360,Ciudad del Este,Paraguay","phones":"+59561500110","fax":"+59561500958","email":"hpanorin@foz.net","url":"http://www.hotelpanoramainn.com.py","countryIso2":"PY","countryName":"Paraguay","hotelRating":"4","latitude":"-25.515","longitude":"-54.6136","state_id":2784,"state_name":"Alto Parana Department","country_id":172},{"active":false,"Giataid":"230498","cityId":89745,"cityName":"Ciudad del Este","hotelId":230498,"hotelName":"Centro","address":"Avenue Nanawa Corner Monsenor Rodriguez,Ciudad Del Este,Paraguay","phones":"","fax":"","email":"","url":"","countryIso2":"PY","countryName":"Paraguay","hotelRating":"3","latitude":"-25.5098","longitude":"-54.6126","state_id":2784,"state_name":"Alto Parana Department","country_id":172},{"active":false,"Giataid":"236706","cityId":89745,"cityName":"Ciudad del Este","hotelId":236706,"hotelName":"Cide Resort","address":"Km 18, Ruta Internacional N? 7,Minga Guaz?, Alto Paran?,Ciudad del Este,Paraguay","phones":"+59561584400","fax":"","email":"cide@complejocide.com.py","url":"http://www.complejocide.com.py/","countryIso2":"PY","countryName":"Paraguay","hotelRating":"4","latitude":"-25.4881","longitude":"-54.7825","state_id":2784,"state_name":"Alto Parana Department","country_id":172},{"active":false,"Giataid":"242321","cityId":80564,"cityName":"Asuncion","hotelId":242321,"hotelName":"Presidente","address":"Calle Azara, 128,Asuncion,Paraguay","phones":"","fax":"","email":"","url":"","countryIso2":"PY","countryName":"Paraguay","hotelRating":"3","latitude":"-25.2848","longitude":"-57.6349","state_id":3680,"state_name":"Ancash","country_id":173},{"active":false,"Giataid":"244235","cityId":89745,"cityName":"Ciudad del Este","hotelId":244235,"hotelName":"Las Ventanas Suites Hotel","address":"Avenida Maria de Los Angeles esq Luis Bordon,Area Comercial Parana Country Club,Hernandarias,Ciudad del Este 7220,Paraguay","phones":"+59561574500","fax":"","email":"info@lasventanas.com.py","url":"http://www.lasventanas.com.py/","countryIso2":"PY","countryName":"Paraguay","hotelRating":"4","latitude":"-25.5019","longitude":"-54.6366","state_id":2784,"state_name":"Alto Parana Department","country_id":172},{"active":false,"Giataid":"382231","cityId":80564,"cityName":"Asuncion","hotelId":382231,"hotelName":"Candlewood Aparthotel","address":"","phones":"","fax":"","email":"","url":"","countryIso2":"PY","countryName":"Paraguay","hotelRating":"1","latitude":"-25.2874","longitude":"-57.6094","state_id":3680,"state_name":"Ancash","country_id":173},{"active":false,"Giataid":"390607","cityId":89807,"cityName":"Pedro Juan Caballero","hotelId":390607,"hotelName":"Amambay Hotel Casino","address":"Avenida Dr. Fr?ncia 326,79900-000 Pedro Juan Caballero,Paraguay","phones":"+595556734316130","fax":"","email":"reserva@casinoamambay.com","url":"http://www.casinoamambay.com/","countryIso2":"PY","countryName":"Paraguay","hotelRating":"1","latitude":"-22.5271","longitude":"-55.738","state_id":2782,"state_name":"Amambay Department","country_id":172},{"active":false,"Giataid":"409507","cityId":80564,"cityName":"Asuncion","hotelId":409507,"hotelName":"Las Lomas Casa Hotel","address":"1909 Narciso Colm?n,Asunci?n,Barrio Las Lomas,Paraguay","phones":"+59521621700","fax":"","email":"info@laslomascasahotel.com","url":"http://www.laslomascasahotel.com/","countryIso2":"PY","countryName":"Paraguay","hotelRating":"5","latitude":"-25.2811","longitude":"-57.5634","state_id":3680,"state_name":"Ancash","country_id":173},{"active":false,"Giataid":"466124","cityId":35169,"cityName":"Luque","hotelId":466124,"hotelName":"Hotel Las Residentas","address":"","phones":"+59521672928","fax":"","email":"","url":"","countryIso2":"PY","countryName":"Paraguay","hotelRating":"3","latitude":"-25.2768","longitude":"-57.5399","state_id":1193,"state_name":"Andalusia","country_id":207},{"active":false,"Giataid":"476977","cityId":1437,"cityName":"San Lorenzo","hotelId":476977,"hotelName":"Hotel del Sur","address":"Ruta Marical Estigarribia,615 casi Ingavi,9999 San Lorenzo,Paraguay","phones":"+59521504147","fax":"","email":"hoteldelsurparaguay@gmail.com","url":"http://www.hoteldelsur.com.py/","countryIso2":"PY","countryName":"Paraguay","hotelRating":"1","latitude":"-25.3274","longitude":"-57.5279","state_id":3638,"state_name":"Corrientes","country_id":11},{"active":false,"Giataid":"498429","cityId":80564,"cityName":"Asuncion","hotelId":498429,"hotelName":"The Hub Hotel","address":"esquina Tte. Zotti,Eulogio Estigarribia,Asuncion,Paraguay","phones":"+59521621800","fax":"","email":"info@thehub.com.py","url":"http://thehub.com.py/","countryIso2":"PY","countryName":"Paraguay","hotelRating":"3","latitude":"-25.2951","longitude":"-57.5826","state_id":3680,"state_name":"Ancash","country_id":173},{"active":false,"Giataid":"504078","cityId":80564,"cityName":"Asuncion","hotelId":504078,"hotelName":"Hotel Casa Suiza","address":"Del Maestro y Andrade,Senador Long 389,Asuncion,Paraguay","phones":"+59521603492","fax":"","email":"reservas@hotelcasasuiza.com","url":"http://www.hotelcasasuiza.com","countryIso2":"PY","countryName":"Paraguay","hotelRating":"3","latitude":"-25.2921","longitude":"-57.5785","state_id":3680,"state_name":"Ancash","country_id":173},{"active":false,"Giataid":"517109","cityId":1437,"cityName":"San Lorenzo","hotelId":517109,"hotelName":"Oke Apart Hotel","address":"1720 Silvio Blas Garay,1615 San Lorenzo,Paraguay","phones":"","fax":"","email":"","url":"","countryIso2":"PY","countryName":"Paraguay","hotelRating":"1","latitude":"-25.3191","longitude":"-57.5238","state_id":3638,"state_name":"Corrientes","country_id":11},{"active":false,"Giataid":"519984","cityId":80564,"cityName":"Asuncion","hotelId":519984,"hotelName":"La Embajada Hotel Boutique","address":"","phones":"","fax":"","email":"","url":"","countryIso2":"PY","countryName":"Paraguay","hotelRating":"1","latitude":"-25.2874","longitude":"-57.6094","state_id":3680,"state_name":"Ancash","country_id":173},{"active":false,"Giataid":"628277","cityId":89812,"cityName":"Presidente Franco","hotelId":628277,"hotelName":"Hotel Cosmos","address":"Avenida Bernardino Caballero 921,7700 Puerto Presidente Franco,Paraguay","phones":"","fax":"","email":"","url":"","countryIso2":"PY","countryName":"Paraguay","hotelRating":"1","latitude":"-25.5803","longitude":"-54.603","state_id":2784,"state_name":"Alto Parana Department","country_id":172},{"active":false,"Giataid":"628279","cityId":731,"cityName":"Caraguatay","hotelId":628279,"hotelName":"Hotel Vapor Cue","address":"Avenida Mbokajaty Del Yhaguy S/N,1532 Caraguatay,Paraguay","phones":"+595517222395","fax":"","email":"","url":"http://www.hotelenvaporcue.com/","countryIso2":"PY","countryName":"Paraguay","hotelRating":"1","latitude":"0","longitude":"0","state_id":3644,"state_name":"Misiones","country_id":11},{"active":false,"Giataid":"727759","cityId":35169,"cityName":"Luque","hotelId":727759,"hotelName":"La Posada En Limpio","address":"Isla Aranda,Avenida Nino Jesus,2020 Luque,Paraguay","phones":"","fax":"","email":"","url":"","countryIso2":"PY","countryName":"Paraguay","hotelRating":"1","latitude":"-25.262","longitude":"-57.5157","state_id":1193,"state_name":"Andalusia","country_id":207},{"active":false,"Giataid":"728277","cityId":80564,"cityName":"Asuncion","hotelId":728277,"hotelName":"Tierra Alta Saravi","address":"Calle Saravi,Casi Calle Hassler,Asuncion,Paraguay","phones":"","fax":"","email":"gerencia@tierraalta.com.py","url":"http://tierraalta.com.py/tierra-alta-saravi","countryIso2":"PY","countryName":"Paraguay","hotelRating":"1","latitude":"-25.2971","longitude":"-57.5886","state_id":3680,"state_name":"Ancash","country_id":173},{"active":false,"Giataid":"728321","cityId":80564,"cityName":"Asuncion","hotelId":728321,"hotelName":"Tierra Alta Villa Morra","address":"Drive Olegario Andrade c,Drive Arturo Weiss,Asuncion,Paraguay","phones":"","fax":"","email":"gerencia@tierraalta.com.py","url":"http://tierraalta.com.py/tierra-alta-villa-morra","countryIso2":"PY","countryName":"Paraguay","hotelRating":"1","latitude":"-25.2874","longitude":"-57.6094","state_id":3680,"state_name":"Ancash","country_id":173},{"active":false,"Giataid":"731190","cityId":80564,"cityName":"Asuncion","hotelId":731190,"hotelName":"Tacuari Suites","address":"763 Tacuari Tacuari,Entre Herrera,Fulgencio R. Moreno,1506 Asuncion,Paraguay","phones":"+595981763060","fax":"","email":"tacuarisuites@gmail.com","url":"http://tacuarisuites.com.py","countryIso2":"PY","countryName":"Paraguay","hotelRating":"1","latitude":"-25.2874","longitude":"-57.6094","state_id":3680,"state_name":"Ancash","country_id":173},{"active":false,"Giataid":"800605","cityId":1437,"cityName":"San Lorenzo","hotelId":800605,"hotelName":"Canarias Bed & Breakfast","address":"235 Avenida Del Agr?nomo Casi Cerro Cora,2160 San Lorenzo,Paraguay","phones":"","fax":"","email":"gracieladavalosf@hotmail.com","url":"http://canarias-py.book.direct/","countryIso2":"PY","countryName":"Paraguay","hotelRating":"1","latitude":"-25.3274","longitude":"-57.5279","state_id":3638,"state_name":"Corrientes","country_id":11},{"active":false,"Giataid":"800607","cityId":80564,"cityName":"Asuncion","hotelId":800607,"hotelName":"Hostal Santisima","address":"Andrade 1718 Casi,Avenida San Martin,Barrio San Cristobal,1851 Asuncion,Paraguay","phones":"","fax":"","email":"jmgonzalezburgos@gmail.com","url":"http://www.hostalsantisimatrinidad.com","countryIso2":"PY","countryName":"Paraguay","hotelRating":"1","latitude":"-25.2874","longitude":"-57.6094","state_id":3680,"state_name":"Ancash","country_id":173},{"active":false,"Giataid":"800615","cityId":80564,"cityName":"Asuncion","hotelId":800615,"hotelName":"Panambi","address":"628 Herrera,Entre Antequera Y Paraguari,1720 Asuncion,Paraguay","phones":"+59521449480","fax":"","email":"marcosberendt@gmail.com","url":"http://www.panambiasuncion.com","countryIso2":"PY","countryName":"Paraguay","hotelRating":"1","latitude":"-25.2881","longitude":"-57.6315","state_id":3680,"state_name":"Ancash","country_id":173},{"active":false,"Giataid":"801828","cityId":80564,"cityName":"Asuncion","hotelId":801828,"hotelName":"Florema Hostel","address":"2385 Sucre Esquina Herminio Maldonado,1829 Asuncion,Paraguay","phones":"+595991704356","fax":"","email":"floremahostel@gmail.com","url":"http://www.floremahostel.com/en-us","countryIso2":"PY","countryName":"Paraguay","hotelRating":"1","latitude":"-25.2931","longitude":"-57.5654","state_id":3680,"state_name":"Ancash","country_id":173},{"active":false,"Giataid":"801921","cityId":89807,"cityName":"Pedro Juan Caballero","hotelId":801921,"hotelName":"Hotel Divisa","address":"Mariscal Lopez C/ Carlos Domingues,8500 Pedro Juan Caballero,Paraguay","phones":"+595336275307","fax":"","email":"contacto@hoteldivisa.com.py","url":"http://www.hoteldivisa.com.py","countryIso2":"PY","countryName":"Paraguay","hotelRating":"1","latitude":"0","longitude":"0","state_id":2782,"state_name":"Amambay Department","country_id":172},{"active":false,"Giataid":"801946","cityId":80564,"cityName":"Asuncion","hotelId":801946,"hotelName":"Los Alpes Villa Morra","address":"Casi San Mart?n,1686 Del Maestro,1209 Asuncion,Paraguay","phones":"","fax":"","email":"","url":"","countryIso2":"PY","countryName":"Paraguay","hotelRating":"1","latitude":"-25.2874","longitude":"-57.6094","state_id":3680,"state_name":"Ancash","country_id":173},{"active":false,"Giataid":"801947","cityId":80564,"cityName":"Asuncion","hotelId":801947,"hotelName":"Hotel & Restaurant Westfalia","address":"Avenida Juan Domingo Peron,1209 Asuncion,Paraguay","phones":"","fax":"","email":"","url":"","countryIso2":"PY","countryName":"Paraguay","hotelRating":"1","latitude":"-25.2874","longitude":"-57.6094","state_id":3680,"state_name":"Ancash","country_id":173},{"active":false,"Giataid":"801948","cityId":80564,"cityName":"Asuncion","hotelId":801948,"hotelName":"Hotel Karma","address":"Esquina Medalla Milagrosa,939 Avenida Del Pueblo,Asunci?n 1209,Paraguay","phones":"+59521562699","fax":"","email":"reservas@hotelkarmaparaguay.com","url":"http://www.hotelkarmaparaguay.com","countryIso2":"PY","countryName":"Paraguay","hotelRating":"1","latitude":"-25.2874","longitude":"-57.6094","state_id":3680,"state_name":"Ancash","country_id":173},{"active":false,"Giataid":"802623","cityId":80564,"cityName":"Asuncion","hotelId":802623,"hotelName":"El Jardin Hostal","address":"941 Azara,1609 Asuncion,Paraguay","phones":"","fax":"","email":"","url":"","countryIso2":"PY","countryName":"Paraguay","hotelRating":"1","latitude":"-25.2887","longitude":"-57.6279","state_id":3680,"state_name":"Ancash","country_id":173},{"active":false,"Giataid":"802687","cityId":89745,"cityName":"Ciudad del Este","hotelId":802687,"hotelName":"Teko Arte Hostel & Bar","address":"Casi Aka Karaja,Avenida Rogelio Benitez,7000 Ciudad Del Este,Paraguay","phones":"","fax":"","email":"","url":"","countryIso2":"PY","countryName":"Paraguay","hotelRating":"1","latitude":"-25.5084","longitude":"-54.662","state_id":2784,"state_name":"Alto Parana Department","country_id":172},{"active":false,"Giataid":"802703","cityId":80564,"cityName":"Asuncion","hotelId":802703,"hotelName":"La Casita de la Abuela","address":"Hernandarias 1074,Jejui y Manduvira,1131 Asuncion,Paraguay","phones":"","fax":"","email":"hola@lacasitahostal.com","url":"http://www.lacasitahostal.com","countryIso2":"PY","countryName":"Paraguay","hotelRating":"1","latitude":"-25.2874","longitude":"-57.6094","state_id":3680,"state_name":"Ancash","country_id":173},{"active":false,"Giataid":"802777","cityId":80564,"cityName":"Asuncion","hotelId":802777,"hotelName":"Estacion Central Hostel","address":"892 Avenida Mariscal Estigarribia Casi Tacuari,1514 Asuncion,Paraguay","phones":"+59521446494","fax":"","email":"estacioncentralhostelpy@gmail.com","url":"http://www.estacioncentralhostel.com","countryIso2":"PY","countryName":"Paraguay","hotelRating":"1","latitude":"-25.2874","longitude":"-57.6094","state_id":3680,"state_name":"Ancash","country_id":173},{"active":false,"Giataid":"802844","cityId":80564,"cityName":"Asuncion","hotelId":802844,"hotelName":"Hotel 1945","address":"Casi Avenida Aviadores del Chaco,Teniente 1 Carlos Rocholl,Asuncion,Paraguay","phones":"","fax":"","email":"info@hotel1945.com.py","url":"http://www.hotel1945.com.py","countryIso2":"PY","countryName":"Paraguay","hotelRating":"1","latitude":"-25.2874","longitude":"-57.6094","state_id":3680,"state_name":"Ancash","country_id":173},{"active":false,"Giataid":"803606","cityId":89812,"cityName":"Presidente Franco","hotelId":803606,"hotelName":"Rosa Palace Hotel","address":"Avenida Bernardino Caballero Con Calle Piribebuy,7700 Presidente Franco,Paraguay","phones":"","fax":"","email":"","url":"","countryIso2":"PY","countryName":"Paraguay","hotelRating":"1","latitude":"0","longitude":"0","state_id":2784,"state_name":"Alto Parana Department","country_id":172},{"active":false,"Giataid":"804991","cityId":89745,"cityName":"Ciudad del Este","hotelId":804991,"hotelName":"Casa Alta Hostel","address":"20 Tacuru Pucu,7000 Ciudad del Este,Paraguay","phones":"","fax":"","email":"","url":"","countryIso2":"PY","countryName":"Paraguay","hotelRating":"1","latitude":"-25.5219","longitude":"-54.6268","state_id":2784,"state_name":"Alto Parana Department","country_id":172},{"active":false,"Giataid":"804993","cityId":80564,"cityName":"Asuncion","hotelId":804993,"hotelName":"El Nomada Hostel","address":"Iturbe,1156 C Rodriguez De Francia,1324 Asuncion,Paraguay","phones":"","fax":"","email":"","url":"","countryIso2":"PY","countryName":"Paraguay","hotelRating":"1","latitude":"-25.2912","longitude":"-57.6373","state_id":3680,"state_name":"Ancash","country_id":173},{"active":false,"Giataid":"805114","cityId":80564,"cityName":"Asuncion","hotelId":805114,"hotelName":"Ponderosa Inn","address":"Calle 1,Calle Monsenor Palacios,Mariano Roque Alonso,1209 Asuncion,Paraguay","phones":"","fax":"","email":"ponderosa.inn@gmail.com","url":"http://ponderosainnparaguay.wixsite.com/ponderosainn/","countryIso2":"PY","countryName":"Paraguay","hotelRating":"1","latitude":"-25.2874","longitude":"-57.6094","state_id":3680,"state_name":"Ancash","country_id":173},{"active":false,"Giataid":"807043","cityId":89745,"cityName":"Ciudad del Este","hotelId":807043,"hotelName":"Hotel Casagrande","address":"1133 General Bernardino Caballero,7000 Ciudad del Este,Paraguay","phones":"","fax":"","email":"","url":"","countryIso2":"PY","countryName":"Paraguay","hotelRating":"1","latitude":"-25.5084","longitude":"-54.662","state_id":2784,"state_name":"Alto Parana Department","country_id":172},{"active":false,"Giataid":"809648","cityId":690,"cityName":"Bella Vista","hotelId":809648,"hotelName":"Encanto Rural","address":"Itapua,Marcial Samaniego Avenue,6310 Bella Vista,Paraguay","phones":"+595767240213","fax":"","email":"encantoruralbv@gmail.com","url":"http://www.encantorural.com.py","countryIso2":"PY","countryName":"Paraguay","hotelRating":"1","latitude":"-27.0448","longitude":"-55.58","state_id":3637,"state_name":"Tucuman","country_id":11},{"active":false,"Giataid":"813338","cityId":80564,"cityName":"Asuncion","hotelId":813338,"hotelName":"Los Alpes Santa Teresa","address":"2855 Avenida Santa Teresa,Asuncion,Paraguay","phones":"","fax":"","email":"losalpessantateresa@gmail.com","url":"http://hotellosalpespy.com/","countryIso2":"PY","countryName":"Paraguay","hotelRating":"1","latitude":"-25.2874","longitude":"-57.6094","state_id":3680,"state_name":"Ancash","country_id":173},{"active":false,"Giataid":"813349","cityId":89745,"cityName":"Ciudad del Este","hotelId":813349,"hotelName":"Nova Hotel","address":"Calle Octavio Bosch,Avenida Buenos Aires,7000 Ciudad Del Este,Paraguay","phones":"","fax":"","email":"","url":"","countryIso2":"PY","countryName":"Paraguay","hotelRating":"1","latitude":"-25.5084","longitude":"-54.662","state_id":2784,"state_name":"Alto Parana Department","country_id":172},{"active":false,"Giataid":"815616","cityId":80564,"cityName":"Asuncion","hotelId":815616,"hotelName":"Isla Francia","address":"1036 Eligio Ayala,1619 Asuncion,Paraguay","phones":"","fax":"","email":"","url":"","countryIso2":"PY","countryName":"Paraguay","hotelRating":"1","latitude":"-25.2874","longitude":"-57.6094","state_id":3680,"state_name":"Ancash","country_id":173},{"active":false,"Giataid":"816573","cityId":53666,"cityName":"San Bernardino","hotelId":816573,"hotelName":"Los Alpes San Bernardino","address":"Avenida Guillermo Naumann,3290 San Bernardino,Paraguay","phones":"","fax":"","email":"","url":"","countryIso2":"PY","countryName":"Paraguay","hotelRating":"1","latitude":"-25.2975","longitude":"-57.3027","state_id":3660,"state_name":"Suchitepequez Department","country_id":90},{"active":false,"Giataid":"816574","cityId":89745,"cityName":"Ciudad del Este","hotelId":816574,"hotelName":"Sur Brasil","address":"Avenida Primero De Mayo,Casi Teniente Almada Barrio Obrero,7000 Ciudad Del Este,Paraguay","phones":"+595983414107","fax":"","email":"nidiavrgara@hotmail.com","url":"http://www.hotelsurbrasil.com.py","countryIso2":"PY","countryName":"Paraguay","hotelRating":"1","latitude":"-25.5084","longitude":"-54.662","state_id":2784,"state_name":"Alto Parana Department","country_id":172},{"active":false,"Giataid":"817645","cityId":89745,"cityName":"Ciudad del Este","hotelId":817645,"hotelName":"Hotel Piazza Centro","address":"Calle Boqueron Esquina Monsenor Rodriguez,7000 Ciudad del Este,Paraguay","phones":"+59561512544","fax":"","email":"info@hotelpiazzacentro.com","url":"http://hotelpiazzacentro.com","countryIso2":"PY","countryName":"Paraguay","hotelRating":"1","latitude":"-25.5084","longitude":"-54.662","state_id":2784,"state_name":"Alto Parana Department","country_id":172},{"active":false,"Giataid":"822271","cityId":80564,"cityName":"Asuncion","hotelId":822271,"hotelName":"Nande Po'a","address":"Esquina Mexico,489 Manuel Dominguez,1208 Asuncion,Paraguay","phones":"+59521449480","fax":"","email":"marcosberendt@gmail.com","url":"http://www.nandepoa.com","countryIso2":"PY","countryName":"Paraguay","hotelRating":"1","latitude":"-25.2892","longitude":"-57.6339","state_id":3680,"state_name":"Ancash","country_id":173},{"active":false,"Giataid":"837261","cityId":80564,"cityName":"Asuncion","hotelId":837261,"hotelName":"Casa Sucre","address":"Sucre 1874,Calle Ocampos Lanzoni,1850 Asuncion,Paraguay","phones":"","fax":"","email":"","url":"","countryIso2":"PY","countryName":"Paraguay","hotelRating":"1","latitude":"-25.2874","longitude":"-57.6094","state_id":3680,"state_name":"Ancash","country_id":173},{"active":false,"Giataid":"454278","cityId":80564,"cityName":"Asuncion","hotelId":10049597,"hotelName":"Arthaus Boutique Hotel","address":"1325 C?ceres Zorrilla,1208 Asunci?n,Paraguay","phones":"+595986233740","fax":"","email":"","url":"","countryIso2":"PY","countryName":"Paraguay","hotelRating":"3","latitude":"-25.2773","longitude":"-57.5652","state_id":3680,"state_name":"Ancash","country_id":173},{"active":false,"Giataid":"555620","cityId":80564,"cityName":"Asuncion","hotelId":10058734,"hotelName":"Hotel Excelsior Inn","address":"Esquina Alberdi,Manduvir?,Asunci?n,Paraguay","phones":"+59521496743","fax":"","email":"","url":"","countryIso2":"PY","countryName":"Paraguay","hotelRating":"3","latitude":"-25.2874","longitude":"-57.6396","state_id":3680,"state_name":"Ancash","country_id":173},{"active":false,"Giataid":"628268","cityId":690,"cityName":"Bella Vista","hotelId":20000060,"hotelName":"Muller Hotel","address":"Ruta 6ta dr. Juan Leon Mallorquin Km 46,6310 Bella Vista,Paraguay","phones":"","fax":"","email":"","url":"https://www.agoda.com/en-sg/muller-hotel/hotel/bella-vista-py.html","countryIso2":"PY","countryName":"Paraguay","hotelRating":"0","latitude":"-27.0417","longitude":"-55.5787","state_id":3637,"state_name":"Tucuman","country_id":11},{"active":false,"Giataid":"628174","cityId":89745,"cityName":"Ciudad del Este","hotelId":20000068,"hotelName":"Hotel Tresde","address":"Avenida Alejo Garcia 629,Casi Teniente Manuel Cabello,7000 Ciudad del Este,Paraguay","phones":"+59561512667","fax":"","email":"reservas@tresde.com.py","url":"http://www.tresde.com.py/","countryIso2":"PY","countryName":"Paraguay","hotelRating":"0","latitude":"-25.5207","longitude":"-54.6109","state_id":2784,"state_name":"Alto Parana Department","country_id":172},{"active":false,"Giataid":"189410","cityId":80564,"cityName":"Asuncion","hotelId":20000076,"hotelName":"Estancia Santa Carmen","address":"Km 64 de la Ruta Transchaco,Asuncion,Chaco,Paraguay","phones":"","fax":"","email":"","url":"","countryIso2":"PY","countryName":"Paraguay","hotelRating":"0","latitude":"-25.256","longitude":"-57.5655","state_id":3680,"state_name":"Ancash","country_id":173},{"active":false,"Giataid":"92334","cityId":53666,"cityName":"San Bernardino","hotelId":20000080,"hotelName":"Hotel Del Lago","address":"Teniente Weiler 401,esquina Mariscal Lopez,3290 San Bernardino,Departamento de Cordillera,Paraguay","phones":"+595512232201","fax":"","email":"info@hoteldellago.org","url":"http://www.hoteldellago.org","countryIso2":"PY","countryName":"Paraguay","hotelRating":"3","latitude":"-25.3096","longitude":"-57.3015","state_id":3660,"state_name":"Suchitepequez Department","country_id":90},{"active":false,"Giataid":"676529","cityId":89745,"cityName":"Ciudad del Este","hotelId":20000085,"hotelName":"Rio Hotel By Bourbon Ciudad Del Este","address":"Calle Boquer?n 305,Ciudad del Este,Paraguay","phones":"+595615491000","fax":"","email":"ciudaddeleste@riohotelbybourbon.com.py","url":"https://www.bourbon.com.br/hotelrio/rio-hotel-by-bourbon-ciudad-del-este-en","countryIso2":"PY","countryName":"Paraguay","hotelRating":"3","latitude":"-25.5122","longitude":"-54.612","state_id":2784,"state_name":"Alto Parana Department","country_id":172},{"active":false,"Giataid":"451934","cityId":80564,"cityName":"Asuncion","hotelId":20000090,"hotelName":"Hotel Asuncion Palace","address":"415 Colon Esquina Estrella,1130 Asuncion,Paraguay","phones":"+59521492151","fax":"","email":"aphotel@yahoo.com","url":"","countryIso2":"PY","countryName":"Paraguay","hotelRating":"3","latitude":"-25.2791","longitude":"-57.6417","state_id":3680,"state_name":"Ancash","country_id":173},{"active":false,"Giataid":"590055","cityId":80564,"cityName":"Asuncion","hotelId":20000096,"hotelName":"Andares del Agua","address":"Las Palmeras,Villa Morra,Monse?or Sinforiano Bogar?n,1251 Asunci?n,Paraguay","phones":"+59521606741","fax":"","email":"aparthotel@andaresdelagua.com.py","url":"http://www.andaresdelagua.com.py/","countryIso2":"PY","countryName":"Paraguay","hotelRating":"4","latitude":"-25.3535","longitude":"-57.5745","state_id":3680,"state_name":"Ancash","country_id":173},{"active":false,"Giataid":"457318","cityId":80564,"cityName":"Asuncion","hotelId":20000103,"hotelName":"Hassler Hotel Boutique","address":"5675 Dr. Emilio Hassler,2619 Asuncion,Paraguay","phones":"","fax":"","email":"","url":"","countryIso2":"PY","countryName":"Paraguay","hotelRating":"3","latitude":"-25.2895","longitude":"-57.5815","state_id":3680,"state_name":"Ancash","country_id":173},{"active":false,"Giataid":"459031","cityId":80564,"cityName":"Asuncion","hotelId":20000118,"hotelName":"Beulah Hotel Boutique","address":"casi Primer Presidente,Dr. Ramon Doria,1427 Asuncion,Paraguay","phones":"","fax":"","email":"","url":"","countryIso2":"PY","countryName":"Paraguay","hotelRating":"3","latitude":"-25.2624","longitude":"-57.563","state_id":3680,"state_name":"Ancash","country_id":173},{"active":false,"Giataid":"466906","cityId":80564,"cityName":"Asuncion","hotelId":20000127,"hotelName":"Paramanta Life Style Hotel","address":"Aviadores del chaco 3198,1371 Asuncion,Paraguay","phones":"","fax":"","email":"","url":"","countryIso2":"PY","countryName":"Paraguay","hotelRating":"4","latitude":"-25.278","longitude":"-57.5545","state_id":3680,"state_name":"Ancash","country_id":173},{"active":false,"Giataid":"725838","cityId":80564,"cityName":"Asuncion","hotelId":20000137,"hotelName":"Ambay Roga","address":"Paraje Ambay 9,San Antonio,Fernando De La Mora,2300 Asuncion,Paraguay","phones":"","fax":"","email":"","url":"","countryIso2":"PY","countryName":"Paraguay","hotelRating":"0","latitude":"-25.2874","longitude":"-57.6094","state_id":3680,"state_name":"Ancash","country_id":173},{"active":false,"Giataid":"724411","cityId":80564,"cityName":"Asuncion","hotelId":20000144,"hotelName":"Giuseppe Hostal & Suites","address":"Entre Brasil y Ee Uu,1.037 Eligio Ayala,6000 Asuncion,Paraguay","phones":"+59521200397","fax":"","email":"contactos@giuseppehostalandsuites.com","url":"http://giuseppehostalandsuites.com","countryIso2":"PY","countryName":"Paraguay","hotelRating":"0","latitude":"-25.2867","longitude":"-57.6249","state_id":3680,"state_name":"Ancash","country_id":173},{"active":false,"Giataid":"723292","cityId":80564,"cityName":"Asuncion","hotelId":20000151,"hotelName":"Hamaca Paraguaya Hostel","address":"hernandarias 1247,casi ygatimi,1134 Asuncion,Paraguay","phones":"","fax":"","email":"","url":"","countryIso2":"PY","countryName":"Paraguay","hotelRating":"0","latitude":"-25.286","longitude":"-57.6483","state_id":3680,"state_name":"Ancash","country_id":173},{"active":false,"Giataid":"465644","cityId":80564,"cityName":"Asuncion","hotelId":20000163,"hotelName":"Santo Domingo","address":"Acides Gonzales Esq. Osvaldo Kallsen,Zona Terminal,Asuncion,Paraguay","phones":"+59521550130","fax":"","email":"","url":"http://www.santodomingo.com.py/","countryIso2":"PY","countryName":"Paraguay","hotelRating":"3","latitude":"-25.3266","longitude":"-57.5994","state_id":3680,"state_name":"Ancash","country_id":173},{"active":false,"Giataid":"544139","cityId":80564,"cityName":"Asuncion","hotelId":20000172,"hotelName":"Faro Norte Suites","address":"Doctor Morra 169,Marsical L?pez,Asuncion,Paraguay","phones":"+59521664611","fax":"","email":"reservas@faronortesuites.com.py","url":"http://www.faronortesuites.com.py/","countryIso2":"PY","countryName":"Paraguay","hotelRating":"4","latitude":"-25.2943","longitude":"-57.5788","state_id":3680,"state_name":"Ancash","country_id":173},{"active":false,"Giataid":"473725","cityId":89745,"cityName":"Ciudad del Este","hotelId":20000196,"hotelName":"Marambaia Hotel","address":"Montevideo esq. 4ta Km 4.5   Ciudad del Este - Paraguay,Paraguay","phones":"+59561570984","fax":"","email":"","url":"http://www.marambaia.com.py/","countryIso2":"PY","countryName":"Paraguay","hotelRating":"5","latitude":"-25.503","longitude":"-54.6438","state_id":2784,"state_name":"Alto Parana Department","country_id":172},{"active":false,"Giataid":"475981","cityId":89745,"cityName":"Ciudad del Este","hotelId":20000210,"hotelName":"Hotel La Tour","address":"Avenida Paran?,Calle Mil?n Este,Paran? Country Club,Ciudad Del Este,Hernandarias District,Alto Paran?,Paraguay","phones":"+59561577784","fax":"","email":"contacto@latourhotel.com","url":"http://www.latourhotel.com/","countryIso2":"PY","countryName":"Paraguay","hotelRating":"0","latitude":"-25.4968","longitude":"-54.6094","state_id":2784,"state_name":"Alto Parana Department","country_id":172},{"active":false,"Giataid":"547072","cityId":80564,"cityName":"Asuncion","hotelId":20000215,"hotelName":"Hotel Los Jazmines B&B","address":"Tte. Alcides Gonzalez N?160 c,Avenida Fernando de la Mora,Asuncion,Paraguay","phones":"","fax":"","email":"","url":"","countryIso2":"PY","countryName":"Paraguay","hotelRating":"0","latitude":"-25.326","longitude":"-57.599","state_id":3680,"state_name":"Ancash","country_id":173},{"active":false,"Giataid":"662545","cityId":89745,"cityName":"Ciudad del Este","hotelId":20000229,"hotelName":"Howard Johnson Ciudad del Este","address":"Avenida Adrian Jara & Pampliega,9050 Ciudad del Este,Paraguay","phones":"+59561502351","fax":"","email":"reservas@hjcde.com.py","url":"http://www.hjciudaddeleste.com/","countryIso2":"PY","countryName":"Paraguay","hotelRating":"2","latitude":"-25.5108","longitude":"-54.6139","state_id":2784,"state_name":"Alto Parana Department","country_id":172},{"active":false,"Giataid":"451853","cityId":89745,"cityName":"Ciudad del Este","hotelId":20000238,"hotelName":"Hotel Miraflores","address":"Avenida Cruz del Chaco s/n,Ciudad del Este,Paraguay","phones":"+59561513330","fax":"","email":"info@hotelmiraflores.com.py","url":"","countryIso2":"PY","countryName":"Paraguay","hotelRating":"2","latitude":"-25.5274","longitude":"-54.6176","state_id":2784,"state_name":"Alto Parana Department","country_id":172},{"active":false,"Giataid":"502798","cityId":80564,"cityName":"Asuncion","hotelId":20000252,"hotelName":"Le Moustier","address":"c/ Brasilia,Tte. Insaurralde 347,Asuncion,Paraguay","phones":"+59521283727","fax":"","email":"info@lemoustier.org","url":"http://www.lemoustier.org/","countryIso2":"PY","countryName":"Paraguay","hotelRating":"3","latitude":"-25.2756","longitude":"-57.5975","state_id":3680,"state_name":"Ancash","country_id":173},{"active":false,"Giataid":"628168","cityId":89745,"cityName":"Ciudad del Este","hotelId":20000277,"hotelName":"Hotel y Restaurant Austria","address":"Emiliano R. Fern?ndez 165,7000 Ciudad del Este,Paraguay","phones":"","fax":"","email":"","url":"","countryIso2":"PY","countryName":"Paraguay","hotelRating":"0","latitude":"-25.5076","longitude":"-54.6124","state_id":2784,"state_name":"Alto Parana Department","country_id":172},{"active":false,"Giataid":"513174","cityId":80564,"cityName":"Asuncion","hotelId":20000287,"hotelName":"Gallagher Hostel","address":"Mariscal L?pez 992,Casi Estados Unidos,1315 Asuncion,Paraguay","phones":"+595972508277","fax":"","email":"gallagherhostel@gmail.com","url":"http://www.gallagherhostel.com/","countryIso2":"PY","countryName":"Paraguay","hotelRating":"0","latitude":"-25.2857","longitude":"-57.6261","state_id":3680,"state_name":"Ancash","country_id":173},{"active":false,"Giataid":"643364","cityId":53666,"cityName":"San Bernardino","hotelId":20000293,"hotelName":"Posada Boutique Linda India","address":"Am?rico Vespucio Esq. San Pedro,Barrio Col?n,3290 San Bernardino,Paraguay","phones":"+595981564424","fax":"","email":"posadalindaindia@gmail.com","url":"http://www.posadalindaindia.com/","countryIso2":"PY","countryName":"Paraguay","hotelRating":"0","latitude":"-25.2975","longitude":"-57.3027","state_id":3660,"state_name":"Suchitepequez Department","country_id":90},{"active":false,"Giataid":"643361","cityId":80564,"cityName":"Asuncion","hotelId":20000311,"hotelName":"Black Cat Hostel","address":"129 Eligio Ayala,Casi Independencia Nacional,1302 Asuncion,Paraguay","phones":"+59521449827","fax":"","email":"","url":"http://www.hostelblackcat.com/","countryIso2":"PY","countryName":"Paraguay","hotelRating":"0","latitude":"-25.2822","longitude":"-57.6331","state_id":3680,"state_name":"Ancash","country_id":173},{"active":false,"Giataid":"612977","cityId":80564,"cityName":"Asuncion","hotelId":20000326,"hotelName":"Hotel Factoria","address":"Dr. Francisco Morra 813,esquina Teniente H?ctor Vera,Asunci?n,Paraguay","phones":"+59521612100","fax":"","email":"","url":"http://www.factoriahotel.com.py","countryIso2":"PY","countryName":"Paraguay","hotelRating":"4","latitude":"-25.2865","longitude":"-57.5757","state_id":3680,"state_name":"Ancash","country_id":173},{"active":false,"Giataid":"611484","cityId":80564,"cityName":"Asuncion","hotelId":20000343,"hotelName":"Casa Hotel La Vision","address":"Bruselas y Raul Carmona,1209 Asuncion,Paraguay","phones":"","fax":"","email":"","url":"","countryIso2":"PY","countryName":"Paraguay","hotelRating":"0","latitude":"-25.2884","longitude":"-57.5638","state_id":3680,"state_name":"Ancash","country_id":173},{"active":false,"Giataid":"459314","cityId":80564,"cityName":"Asuncion","hotelId":20000356,"hotelName":"Di Danieri Hotel","address":"Julio Correa,Avnue Capitan Domingo Ortiz,Asunci?n,Paraguay","phones":"+595213382999","fax":"","email":"reservas@danierihotel.com","url":"http://www.danierihotel.com/","countryIso2":"PY","countryName":"Paraguay","hotelRating":"3","latitude":"-25.2753","longitude":"-57.566","state_id":3680,"state_name":"Ancash","country_id":173},{"active":false,"Giataid":"450300","cityId":80564,"cityName":"Asuncion","hotelId":20000368,"hotelName":"Hotel Amalfi","address":"Caballero N? 877 e/ Fulgencio R. Moreno,Manuel Dominguez,Asunci?n,Paraguay","phones":"+59521441162","fax":"","email":"amalfi@hotelamalfi.com.py","url":"http://www.hotelamalfi.com.py/","countryIso2":"PY","countryName":"Paraguay","hotelRating":"3","latitude":"-25.2886","longitude":"-57.6344","state_id":3680,"state_name":"Ancash","country_id":173},{"active":false,"Giataid":"411396","cityId":80564,"cityName":"Asuncion","hotelId":20000394,"hotelName":"Los Jazmines Casa Hostel","address":"Teniente Alcides Gonzales 160,Asuncion,Paraguay","phones":"","fax":"","email":"","url":"","countryIso2":"PY","countryName":"Paraguay","hotelRating":"4","latitude":"-25.3262","longitude":"-57.5974","state_id":3680,"state_name":"Ancash","country_id":173},{"active":false,"Giataid":"104101","cityId":80564,"cityName":"Asuncion","hotelId":20000413,"hotelName":"Aparthotel Porta Westfalica","address":"Rufino Canete,Dr. Dure Camacho 555,Asuncion 1306,Paraguay","phones":"+595971208572","fax":"","email":"pw@suncion.de","url":"http://www.paraguay-aparthotels.com/","countryIso2":"PY","countryName":"Paraguay","hotelRating":"3","latitude":"-25.2616","longitude":"-57.5657","state_id":3680,"state_name":"Ancash","country_id":173},{"active":false,"Giataid":"475999","cityId":80564,"cityName":"Asuncion","hotelId":20000431,"hotelName":"River Hotel","address":"General D?az, Mariscal Estigarribia,2680 Villeta,Paraguay","phones":"","fax":"","email":"","url":"","countryIso2":"PY","countryName":"Paraguay","hotelRating":"0","latitude":"-25.5058","longitude":"-57.5616","state_id":3680,"state_name":"Ancash","country_id":173},{"active":false,"Giataid":"450299","cityId":80564,"cityName":"Asuncion","hotelId":20000443,"hotelName":"Gran Hotel del Paraguay","address":"esq Padre Pucheau,De la Residenta 902,Asuncion,Paraguay","phones":"+59521200051","fax":"","email":"gerencia@granhoteldelparaguay.com.py","url":"http://www.granhoteldelparaguay.com.py","countryIso2":"PY","countryName":"Paraguay","hotelRating":"3","latitude":"-25.2878","longitude":"-57.616","state_id":3680,"state_name":"Ancash","country_id":173},{"active":false,"Giataid":"514295","cityId":80564,"cityName":"Asuncion","hotelId":20000462,"hotelName":"Acosta Nu Apart Hotel","address":"Sargento Gauto,957 Diego de Silva y Vel?zquez,1101 Asuncion,Paraguay","phones":"+595981100770","fax":"","email":"aparthotelacostanu@gmail.com","url":"","countryIso2":"PY","countryName":"Paraguay","hotelRating":"3","latitude":"-25.2796","longitude":"-57.5988","state_id":3680,"state_name":"Ancash","country_id":173},{"active":false,"Giataid":"474274","cityId":80564,"cityName":"Asuncion","hotelId":20000479,"hotelName":"La Casona Hotel","address":"Mac Arthur 444,Entre Dr. Hassler y Campos Cervera,Asunci?n,Paraguay","phones":"+59521662458","fax":"","email":"reservas@lacasonahotel.com.py","url":"http://www.lacasonahotel.com.py/","countryIso2":"PY","countryName":"Paraguay","hotelRating":"3","latitude":"-25.2943","longitude":"-57.5877","state_id":3680,"state_name":"Ancash","country_id":173},{"active":false,"Giataid":"726915","cityId":80564,"cityName":"Asuncion","hotelId":20000499,"hotelName":"De las Torres Hotel","address":"Avenida Santa Teresa,Aviadores del Chaco y Herminio Maldonado,Torre 1 Paseo La Galeria,1827 Asuncion,Paraguay","phones":"+595986198303","fax":"","email":"reservas@delastorreshotel.com","url":"http://www.delastorreshotel.com","countryIso2":"PY","countryName":"Paraguay","hotelRating":"3","latitude":"-25.2874","longitude":"-57.6094","state_id":3680,"state_name":"Ancash","country_id":173},{"active":false,"Giataid":"612557","cityId":80564,"cityName":"Asuncion","hotelId":20000523,"hotelName":"Costanera Hostel Asuncion","address":"1275 Oliva,1204 Asuncion,Paraguay","phones":"+59521495388","fax":"","email":"costanerahostel@hotmail.com","url":"http://www.costanerahostelasuncion.com/","countryIso2":"PY","countryName":"Paraguay","hotelRating":"2","latitude":"-25.278","longitude":"-57.6451","state_id":3680,"state_name":"Ancash","country_id":173},{"active":false,"Giataid":"628166","cityId":80564,"cityName":"Asuncion","hotelId":20000535,"hotelName":"La Riviera","address":"2181 Casi Raul Carmona,Austria,0000 Asuncion,Paraguay","phones":"","fax":"","email":"","url":"","countryIso2":"PY","countryName":"Paraguay","hotelRating":"0","latitude":"-25.2891","longitude":"-57.5662","state_id":3680,"state_name":"Ancash","country_id":173},{"active":false,"Giataid":"724410","cityId":80564,"cityName":"Asuncion","hotelId":20000563,"hotelName":"Nueva Alborada Lodging House","address":"Teniente Rivarola 2109,Fernando De La Mora,2300 Asuncion,Paraguay","phones":"","fax":"","email":"","url":"","countryIso2":"PY","countryName":"Paraguay","hotelRating":"0","latitude":"-25.3387","longitude":"-57.5724","state_id":3680,"state_name":"Ancash","country_id":173},{"active":false,"Giataid":"59898","cityId":10186,"cityName":"Altos","hotelId":20000632,"hotelName":"La Grappa","address":"Ruta Mcal. Estigarribia,3240 Altos,Paraguay","phones":"+5959512230017","fax":"","email":"","url":"http://www.hotel-lagrappa.com/","countryIso2":"PY","countryName":"Paraguay","hotelRating":"3","latitude":"-25.2584","longitude":"-57.2466","state_id":2008,"state_name":"Piaui","country_id":31},{"active":false,"Giataid":"92340","cityId":89757,"cityName":"Coronel Oviedo","hotelId":20000742,"hotelName":"Estancia Don Emilio","address":"Coronel Oviedo,Caaguaz?,Paraguay","phones":"+59521603994","fax":"","email":"donemilio24@gmail.com","url":"http://www.donemilioestancia.com/","countryIso2":"PY","countryName":"Paraguay","hotelRating":"0","latitude":"-25.5377","longitude":"-56.3795","state_id":2773,"state_name":"Caaguazu","country_id":172},{"active":false,"Giataid":"451705","cityId":80564,"cityName":"Asuncion","hotelId":20001145,"hotelName":"Hotel Espana","address":"entre 15 de Agosto y Oleary,Eduardo Victor Haedo 667,Asuncion,Paraguay","phones":"+59521443192","fax":"+59521445893","email":"reservas@hotelespana.com.py","url":"http://www.hotelespana.com.py/","countryIso2":"PY","countryName":"Paraguay","hotelRating":"3","latitude":"-25.2829","longitude":"-57.6399","state_id":3680,"state_name":"Ancash","country_id":173},{"active":false,"Giataid":"276203","cityId":89745,"cityName":"Ciudad del Este","hotelId":20001455,"hotelName":"Paraiso Golf Ranch Resort & Spa","address":"Ruta Internacional N? 7 KM 24,Minga Guaz?,Ciudad del Este 7000,Paraguay","phones":"+59564420821","fax":"","email":"paraiso.golf@hotmail.com","url":"http://paraisogolf.com/","countryIso2":"PY","countryName":"Paraguay","hotelRating":"3","latitude":"-25.5161","longitude":"-54.843","state_id":2784,"state_name":"Alto Parana Department","country_id":172},{"active":false,"Giataid":"475995","cityId":89745,"cityName":"Ciudad del Este","hotelId":20001644,"hotelName":"Megal suites hotel","address":"Capitan Bado,Monse?or Rodriguez,Ciudad del Este,Paraguay","phones":"+59561572967","fax":"","email":"reservas@hotelmegal.com.py","url":"http://hotelmegal.com.py/","countryIso2":"PY","countryName":"Paraguay","hotelRating":"3","latitude":"-25.5096","longitude":"-54.6368","state_id":2784,"state_name":"Alto Parana Department","country_id":172},{"active":false,"Giataid":"643360","cityId":89745,"cityName":"Ciudad del Este","hotelId":20001849,"hotelName":"Florestal","address":"525 Cabello,Ciudad del Este,Paraguay","phones":"","fax":"","email":"","url":"","countryIso2":"PY","countryName":"Paraguay","hotelRating":"0","latitude":"-25.5195","longitude":"-54.6093","state_id":2784,"state_name":"Alto Parana Department","country_id":172},{"active":false,"Giataid":"477033","cityId":89745,"cityName":"Ciudad del Este","hotelId":20002114,"hotelName":"Hotel Executive","address":"Curupayty esquina Avda. Adri?n Jara,7000 Ciudad del Este,Paraguay","phones":"+59561512215","fax":"","email":"reservas@executivehotel.com.py","url":"http://www.executivehotel.com.py/","countryIso2":"PY","countryName":"Paraguay","hotelRating":"0","latitude":"-25.511","longitude":"-54.613","state_id":2784,"state_name":"Alto Parana Department","country_id":172},{"active":false,"Giataid":"456211","cityId":89745,"cityName":"Ciudad del Este","hotelId":20002334,"hotelName":"Convair Hotel","address":"Avenida Adri?n Jara,Esquina Pioneros del Este,Ciudad del Este,Paraguay","phones":"+59561508555","fax":"+59561500857","email":"reservas@hotelconvair.com","url":"http://www.hotelconvair.com","countryIso2":"PY","countryName":"Paraguay","hotelRating":"4","latitude":"-25.5073","longitude":"-54.6752","state_id":2784,"state_name":"Alto Parana Department","country_id":172},{"active":false,"Giataid":"643348","cityId":80564,"cityName":"Asuncion","hotelId":20002562,"hotelName":"Posada Colonial","address":"637 Pai Perez,Entre Herrera y Azara,1541 Asuncion,Paraguay","phones":"+59521200821","fax":"","email":"colonialposada@gmail.com","url":"http://www.posadacolonial.net/","countryIso2":"PY","countryName":"Paraguay","hotelRating":"0","latitude":"-25.2921","longitude":"-57.6228","state_id":3680,"state_name":"Ancash","country_id":173},{"active":false,"Giataid":"725666","cityId":80564,"cityName":"Asuncion","hotelId":20003422,"hotelName":"Start Villa Morra Rent Apartments","address":"Bulnes y Guido Spano,Asuncion,Paraguay","phones":"","fax":"","email":"","url":"","countryIso2":"PY","countryName":"Paraguay","hotelRating":"0","latitude":"-25.2874","longitude":"-57.6094","state_id":3680,"state_name":"Ancash","country_id":173},{"active":false,"Giataid":"645274","cityId":80564,"cityName":"Asuncion","hotelId":20003656,"hotelName":"Wyndham Grand Hotel","address":"Aviadores Del Chaco 2822,Asuncion,Paraguay","phones":"+59521601626","fax":"","email":"reservas@esplendorasuncion.com","url":"http://www.esplendorasuncion.com/es/","countryIso2":"PY","countryName":"Paraguay","hotelRating":"3","latitude":"-25.2804","longitude":"-57.5592","state_id":3680,"state_name":"Ancash","country_id":173},{"active":false,"Giataid":"409508","cityId":80564,"cityName":"Asuncion","hotelId":20003887,"hotelName":"Hotel Cordoba","address":"1275 Oliva,Don Bosco,Asunci?n,Paraguay","phones":"+59521495388","fax":"+59521449280","email":"contacto@hotelcordoba.com.py","url":"http://www.hotelcordoba.com.py/","countryIso2":"PY","countryName":"Paraguay","hotelRating":"2","latitude":"-25.2784","longitude":"-57.6444","state_id":3680,"state_name":"Ancash","country_id":173},{"active":false,"Giataid":"724974","cityId":80564,"cityName":"Asuncion","hotelId":20004090,"hotelName":"Residencial Los Leones de Castilla","address":"Choferes Del Chaco 763,Casi Pacheco,1377 Asuncion,Paraguay","phones":"+59521660570","fax":"","email":"","url":"http://residenciallosleonesdecastilla.com/","countryIso2":"PY","countryName":"Paraguay","hotelRating":"0","latitude":"-25.2949","longitude":"-57.5922","state_id":3680,"state_name":"Ancash","country_id":173},{"active":false,"Giataid":"274322","cityId":80564,"cityName":"Asuncion","hotelId":20004288,"hotelName":"Hotel Casa Jardin","address":"Campos Cervera 5667,Villa Morra,Asunci?n,Paraguay","phones":"+59521600081","fax":"","email":"info@hotelcasajardin.com.py","url":"http://hotelcasajardin.com","countryIso2":"PY","countryName":"Paraguay","hotelRating":"3","latitude":"-25.2991","longitude":"-57.5765","state_id":3680,"state_name":"Ancash","country_id":173},{"active":false,"Giataid":"643346","cityId":80564,"cityName":"Asuncion","hotelId":20004501,"hotelName":"Los Angeles Inn","address":"226 Calle Pora,Avenida Peron,Asuncion,Paraguay","phones":"+59521906980","fax":"","email":"","url":"http://www.losangelesinn.com.py/index.htm","countryIso2":"PY","countryName":"Paraguay","hotelRating":"0","latitude":"-25.2874","longitude":"-57.6094","state_id":3680,"state_name":"Ancash","country_id":173},{"active":false,"Giataid":"526553","cityId":80564,"cityName":"Asuncion","hotelId":20004663,"hotelName":"Covadonga","address":"14 De Mayo E/,Entre Haedo Y Humaita,1119 Asuncion,Paraguay","phones":"","fax":"","email":"","url":"http://covadongahostels.com/paraguay-hostel.php","countryIso2":"PY","countryName":"Paraguay","hotelRating":"2","latitude":"-25.2874","longitude":"-57.6094","state_id":3680,"state_name":"Ancash","country_id":173},{"active":false,"Giataid":"537746","cityId":80564,"cityName":"Asuncion","hotelId":20004845,"hotelName":"City Asuncion","address":"Humaita c/ Nuestra Sra. de La Asuncion,Asuncion,Paraguay","phones":"","fax":"","email":"","url":"","countryIso2":"PY","countryName":"Paraguay","hotelRating":"3","latitude":"-25.286","longitude":"-57.6373","state_id":3680,"state_name":"Ancash","country_id":173},{"active":false,"Giataid":"274323","cityId":80564,"cityName":"Asuncion","hotelId":20005031,"hotelName":"La Espanola","address":"Luis Alberto de Herrera 142,almost Yegros,Asuncion,Paraguay","phones":"+59521449280","fax":"+59521447312","email":"contacto@hotellaespanola.com.py","url":"http://www.hotellaespanola.com.py","countryIso2":"PY","countryName":"Paraguay","hotelRating":"3","latitude":"-25.2856","longitude":"-57.6352","state_id":3680,"state_name":"Ancash","country_id":173},{"active":false,"Giataid":"455105","cityId":89745,"cityName":"Ciudad del Este","hotelId":20005241,"hotelName":"Hotel Amares","address":"Monse?or Rodr?guez Km4,Calle Alberdi,Ciudad del Este,Paraguay","phones":"+59561570868","fax":"","email":"reservas@hotelamares.com.py","url":"http://www.hotelamares.com.py","countryIso2":"PY","countryName":"Paraguay","hotelRating":"0","latitude":"-25.5086","longitude":"-54.6404","state_id":2784,"state_name":"Alto Parana Department","country_id":172},{"active":false,"Giataid":"724383","cityId":80564,"cityName":"Asuncion","hotelId":20005521,"hotelName":"RC Hotel Boutique","address":"Entre Pacheco y Manuel Castillo,513 Calle R.I.6 Boqueron,1860 Asuncion,Paraguay","phones":"+59521607767","fax":"","email":"nfo@hotelrc.com.py","url":"http://www.hotelrc.com.py/#/ms-1/2","countryIso2":"PY","countryName":"Paraguay","hotelRating":"0","latitude":"-25.3025","longitude":"-57.5736","state_id":3680,"state_name":"Ancash","country_id":173},{"active":false,"Giataid":"455382","cityId":89745,"cityName":"Ciudad del Este","hotelId":20006071,"hotelName":"Parque Hotel Las Orquideas","address":"A-16 Las orquideas,7000 Ciudad Del Este,Paraguay","phones":"+595615088034","fax":"+595615088034","email":"","url":"http://www.hotellasorquideas.com.py","countryIso2":"PY","countryName":"Paraguay","hotelRating":"0","latitude":"-25.5173","longitude":"-54.6403","state_id":2784,"state_name":"Alto Parana Department","country_id":172},{"active":false,"Giataid":"424262","cityId":89745,"cityName":"Ciudad del Este","hotelId":20006248,"hotelName":"Gran Nobile Hotel & Convention","address":"Avenue Quito km 7,Acaray,7000 Ciudad del Este,Paraguay","phones":"+59561587587","fax":"","email":"","url":"http://www.nobilehoteis.com.br/hoteis/ciudad-del-este/gran-nobile-hotel-e-convention/","countryIso2":"PY","countryName":"Paraguay","hotelRating":"4","latitude":"-25.4956","longitude":"-54.6652","state_id":2784,"state_name":"Alto Parana Department","country_id":172},{"active":false,"Giataid":"643363","cityId":89745,"cityName":"Ciudad del Este","hotelId":20006421,"hotelName":"Caracol Hotel","address":"Camino Recalde,Capitan Miranda,Ciudad del Este,Paraguay","phones":"","fax":"","email":"","url":"","countryIso2":"PY","countryName":"Paraguay","hotelRating":"0","latitude":"-25.5081","longitude":"-54.6145","state_id":2784,"state_name":"Alto Parana Department","country_id":172},{"active":false,"Giataid":"329567","cityId":89745,"cityName":"Ciudad del Este","hotelId":20006598,"hotelName":"Mi Abuela Hotel","address":"Pampliega-Centro,Av. Adrian Jara Cas,1101 Ciudad del Este,Paraguay","phones":"+59561500333","fax":"","email":"reservas@miabuelahotel.com","url":"http://www.miabuelahotel.com/","countryIso2":"PY","countryName":"Paraguay","hotelRating":"2","latitude":"-25.5108","longitude":"-54.6137","state_id":2784,"state_name":"Alto Parana Department","country_id":172},{"active":false,"Giataid":"643367","cityId":53666,"cityName":"San Bernardino","hotelId":20006772,"hotelName":"La Casona 365","address":"1603 Guillermo Nauman y Simon Bolivar,3290 San Bernardino,Paraguay","phones":"","fax":"","email":"","url":"","countryIso2":"PY","countryName":"Paraguay","hotelRating":"0","latitude":"-25.2975","longitude":"-57.3027","state_id":3660,"state_name":"Suchitepequez Department","country_id":90},{"active":false,"Giataid":"503803","cityId":53666,"cityName":"San Bernardino","hotelId":20006935,"hotelName":"Ruta del Sol","address":"100 mtrs de la entrada del cruce hacia,San Bernardino e Ypacara?,Paraguay","phones":"+595511240268","fax":"","email":"info@rutadelsol.com.py","url":"http://www.hotelportaldelsol.com/?page_id=9","countryIso2":"PY","countryName":"Paraguay","hotelRating":"3","latitude":"-25.2975","longitude":"-57.3027","state_id":3660,"state_name":"Suchitepequez Department","country_id":90},{"active":false,"Giataid":"458889","cityId":89745,"cityName":"Ciudad del Este","hotelId":20007631,"hotelName":"Hotel Salzburgo","address":"Camino a Presidente Franco frente a la Dinar,Super Carretera,7700 Ciudad del Este,Paraguay","phones":"+59561507314","fax":"","email":"reservas@hotel-salzburgo.com","url":"http://www.hotel-salzburgo.com/","countryIso2":"PY","countryName":"Paraguay","hotelRating":"2","latitude":"-25.5425","longitude":"-54.6339","state_id":2784,"state_name":"Alto Parana Department","country_id":172},{"active":false,"Giataid":"458038","cityId":80564,"cityName":"Asuncion","hotelId":20007881,"hotelName":"Paseo del Arte","address":"Profesor R?mulo Feliciangeli 688,casi Migone,Asunci?n,Paraguay","phones":"+59521601817","fax":"","email":"","url":"http://www.paseodelarte.com.py/","countryIso2":"PY","countryName":"Paraguay","hotelRating":"3","latitude":"-25.2818","longitude":"-57.5765","state_id":3680,"state_name":"Ancash","country_id":173},{"active":false,"Giataid":"643358","cityId":80564,"cityName":"Asuncion","hotelId":20008023,"hotelName":"Asuncion Hostel","address":"Mcal. Estigarribia 988 entre Estados Unidos y Tacuary,1514 Asuncion,Paraguay","phones":"","fax":"","email":"","url":"","countryIso2":"PY","countryName":"Paraguay","hotelRating":"0","latitude":"-25.2912","longitude":"-57.6375","state_id":3680,"state_name":"Ancash","country_id":173},{"active":false,"Giataid":"503177","cityId":80564,"cityName":"Asuncion","hotelId":20008309,"hotelName":"El Viajero Asuncion Hostel","address":"Alberdi 734,Asuncion,Paraguay","phones":"+59521444563","fax":"","email":"","url":"http://www.hostelasuncion.com/","countryIso2":"PY","countryName":"Paraguay","hotelRating":"2","latitude":"-25.2847","longitude":"-57.6381","state_id":3680,"state_name":"Ancash","country_id":173},{"active":false,"Giataid":"645274","cityId":80564,"cityName":"Asuncion","hotelId":20008480,"hotelName":"Esplendor Asuncion - A Wyndham Grand Hotel","address":"Aviadores Del Chaco 2822,Asuncion,Paraguay","phones":"+59521601626","fax":"","email":"","url":"https://www.wyndhamhotels.com/wyndham-grand/asuncion-paraguay/esplendor-asuncion-a-wyndham-grand-hotel/","countryIso2":"PY","countryName":"Paraguay","hotelRating":"0","latitude":"-25.2874","longitude":"-57.6094","state_id":3680,"state_name":"Ancash","country_id":173},{"active":false,"Giataid":"726623","cityId":80564,"cityName":"Asuncion","hotelId":20008614,"hotelName":"Tierra Alta Santa Rosa","address":"Casi Avenida Espana,404 Calle Santa Rosa,Asuncion,Paraguay","phones":"","fax":"","email":"gerencia@tierraalta.com.py","url":"http://tierraalta.com.py/edificio-santa-rosa","countryIso2":"PY","countryName":"Paraguay","hotelRating":"0","latitude":"-25.2875","longitude":"-57.5919","state_id":3680,"state_name":"Ancash","country_id":173},{"active":false,"Giataid":"526579","cityId":80564,"cityName":"Asuncion","hotelId":20008782,"hotelName":"El Jardin De Montserrat","address":"2744 Doctor Manuel Frutos,San Cristobal,Asuncion,Paraguay","phones":"","fax":"","email":"","url":"","countryIso2":"PY","countryName":"Paraguay","hotelRating":"2","latitude":"-25.2953","longitude":"-57.5611","state_id":3680,"state_name":"Ancash","country_id":173},{"active":false,"Giataid":"513225","cityId":80564,"cityName":"Asuncion","hotelId":20008969,"hotelName":"Arandu Hostal - Hostel","address":"15 de Agosto N? 783,Asuncion,1240 Asunci?n,Paraguay","phones":"+59521449712","fax":"","email":"aranduhostal@gmail.com","url":"http://www.aranduhostal.com/","countryIso2":"PY","countryName":"Paraguay","hotelRating":"0","latitude":"-25.284","longitude":"-57.6399","state_id":3680,"state_name":"Ancash","country_id":173},{"active":false,"Giataid":"684711","cityId":80564,"cityName":"Asuncion","hotelId":20009166,"hotelName":"Hotel Asuncion House","address":"Entre Rodriguez De Francia y Ana DiazTeniente,1265 Rojas Silva,2619 Asuncion,Paraguay","phones":"","fax":"","email":"","url":"","countryIso2":"PY","countryName":"Paraguay","hotelRating":"0","latitude":"-25.2874","longitude":"-57.6094","state_id":3680,"state_name":"Ancash","country_id":173},{"active":false,"Giataid":"637928","cityId":80564,"cityName":"Asuncion","hotelId":20009272,"hotelName":"Posada Shalom","address":"Santa Rosa 712,1701 Asuncion,Paraguay","phones":"","fax":"","email":"shalomgodshotel@gmail.com","url":"http://www.posadashalom.hoteles/","countryIso2":"PY","countryName":"Paraguay","hotelRating":"0","latitude":"-25.285","longitude":"-57.5909","state_id":3680,"state_name":"Ancash","country_id":173},{"active":false,"Giataid":"476882","cityId":89745,"cityName":"Ciudad del Este","hotelId":20009453,"hotelName":"Asuncion Gran Hotel","address":"Avda. Monse?or Rodriguez c/ Roberto L. Pettit - km 5,7000 Ciudad del Este,Paraguay","phones":"","fax":"","email":"","url":"","countryIso2":"PY","countryName":"Paraguay","hotelRating":"3","latitude":"-25.5043","longitude":"-54.6493","state_id":2784,"state_name":"Alto Parana Department","country_id":172},{"active":false,"Giataid":"723819","cityId":80564,"cityName":"Asuncion","hotelId":20009579,"hotelName":"La Ilona Hospederia - Guest House","address":"Fulgencio R. Moreno 766,1505 Asunci?n,Paraguay","phones":"","fax":"","email":"lailona.hospederia@gmail.com","url":"http://lailona.com","countryIso2":"PY","countryName":"Paraguay","hotelRating":"0","latitude":"-25.2892","longitude":"-57.6315","state_id":3680,"state_name":"Ancash","country_id":173},{"active":false,"Giataid":"628272","cityId":80564,"cityName":"Asuncion","hotelId":20009727,"hotelName":"Villa Fortuna Casa Hotel","address":"Andrade 3184,Casi Coronel Escurra,1261 Asuncion,Paraguay","phones":"","fax":"","email":"","url":"","countryIso2":"PY","countryName":"Paraguay","hotelRating":"0","latitude":"-25.2874","longitude":"-57.6094","state_id":3680,"state_name":"Ancash","country_id":173},{"active":false,"Giataid":"557041","cityId":80564,"cityName":"Asuncion","hotelId":20009873,"hotelName":"Dazzler Asuncion","address":"Av Aviadores del Chaco & Vasconcellos,junto al World Trade Center,7000 Asuncion,Paraguay","phones":"+59521600399","fax":"","email":"reservas@dazzlerasuncion.com","url":"http://www.dazzlerhoteles.com/en/hotels/paraguay/hotels-in-asuncion/dazzler-asuncion/","countryIso2":"PY","countryName":"Paraguay","hotelRating":"4","latitude":"-25.2848","longitude":"-57.5683","state_id":3680,"state_name":"Ancash","country_id":173},{"active":false,"Giataid":"725859","cityId":80564,"cityName":"Asuncion","hotelId":20010018,"hotelName":"Costanera 2 Cacique Hostel","address":"Casi Chile,377 Piribebuy,Asunci?n 1209,Paraguay","phones":"","fax":"","email":"","url":"","countryIso2":"PY","countryName":"Paraguay","hotelRating":"1","latitude":"-25.2867","longitude":"-57.6388","state_id":3680,"state_name":"Ancash","country_id":173},{"active":false,"Giataid":"133035","cityId":80564,"cityName":"Asuncion","hotelId":20011004,"hotelName":"Gran Hotel Parana","address":"Esq.caballero,25 De Mayo,Asuncion,Paraguay","phones":"+59521444236","fax":"","email":"info.hotelparana@gmail.com","url":"http://www.hotelparana.com.py/","countryIso2":"PY","countryName":"Paraguay","hotelRating":"3","latitude":"-25.285","longitude":"-57.6318","state_id":3680,"state_name":"Ancash","country_id":173},{"active":false,"Giataid":"676530","cityId":80564,"cityName":"Asuncion","hotelId":20011148,"hotelName":"Five Rochester Hotels","address":"Olegario Victor Andrade,1849 Asuncion,Paraguay","phones":"+595541152561055","fax":"","email":"","url":"https://www.rochester-hotel.com/asuncion/","countryIso2":"PY","countryName":"Paraguay","hotelRating":"3","latitude":"-25.293","longitude":"-57.5782","state_id":3680,"state_name":"Ancash","country_id":173},{"active":false,"Giataid":"467397","cityId":80564,"cityName":"Asuncion","hotelId":20011277,"hotelName":"Ross Char Hotel","address":"1478 Choferes del Chaco,1884 Asuncion,Asunci?n,Paraguay","phones":"+59521608598","fax":"","email":"","url":"http://www.rosscharhotel.com.py/","countryIso2":"PY","countryName":"Paraguay","hotelRating":"2","latitude":"-25.3033","longitude":"-57.5948","state_id":3680,"state_name":"Ancash","country_id":173},{"active":false,"Giataid":"652363","cityId":80564,"cityName":"Asuncion","hotelId":20011886,"hotelName":"Urbanian Hostel","address":"Montevideo 1029 entre Jejui y Manduvira,Asuncion 2299,Paraguay","phones":"+59521441209","fax":"","email":"info@urbanianhostel.com","url":"http://www.urbanianhostel.com/","countryIso2":"PY","countryName":"Paraguay","hotelRating":"0","latitude":"-25.2856","longitude":"-57.6444","state_id":3680,"state_name":"Ancash","country_id":173},{"active":false,"Giataid":"560526","cityId":80564,"cityName":"Asuncion","hotelId":20012033,"hotelName":"Aloft Asuncion","address":"Avenida Aviadores del Chaco,1761 Asuncion,Paraguay","phones":"+595212477000","fax":"","email":"","url":"http://www.starwoodhotels.com/alofthotels/property/overview/index.html?propertyID=3969&EM=VTY_AL_3969_ASUNCION_PROP_OVERVIEW&language=en_US","countryIso2":"PY","countryName":"Paraguay","hotelRating":"4","latitude":"-25.2847","longitude":"-57.5691","state_id":3680,"state_name":"Ancash","country_id":173},{"active":false,"Giataid":"863547","cityId":80564,"cityName":"Asuncion","hotelId":20363473,"hotelName":"La casa de Victor-Jacinto","address":"?asaildy esquina General Bruguez 321,1310 Asuncion,Paraguay","phones":"","fax":"","email":"","url":"","countryIso2":"PY","countryName":"Paraguay","hotelRating":"0","latitude":"-25.2874","longitude":"-57.6094","state_id":3680,"state_name":"Ancash","country_id":173},{"active":false,"Giataid":"906545","cityId":80564,"cityName":"Asuncion","hotelId":20363474,"hotelName":"El Hallo Hostal Boutique","address":"277 Avenida Brasilia,1586 Asuncion,Paraguay","phones":"","fax":"","email":"","url":"","countryIso2":"PY","countryName":"Paraguay","hotelRating":"0","latitude":"-25.2874","longitude":"-57.6094","state_id":3680,"state_name":"Ancash","country_id":173},{"active":false,"Giataid":"937474","cityId":80564,"cityName":"Asuncion","hotelId":20363475,"hotelName":"Victoria","address":"489 Mexico,1107 Asuncion,Paraguay","phones":"","fax":"","email":"","url":"","countryIso2":"PY","countryName":"Paraguay","hotelRating":"0","latitude":"-25.2874","longitude":"-57.6094","state_id":3680,"state_name":"Ancash","country_id":173},{"active":false,"Giataid":"936022","cityId":35169,"cityName":"Luque","hotelId":20363478,"hotelName":"Sol De Luque Casa Hotel","address":"358 Jardin De Oro,Loma Merlo,Luque,Paraguay","phones":"+59521645904","fax":"","email":"info","url":"http://www.soldeluque.com","countryIso2":"PY","countryName":"Paraguay","hotelRating":"0","latitude":"-25.2543","longitude":"-57.5052","state_id":1193,"state_name":"Andalusia","country_id":207},{"active":false,"Giataid":"936350","cityId":53666,"cityName":"San Bernardino","hotelId":20363480,"hotelName":"Hotel La Posta","address":"Nanawa San Miguel,3290 San Bernardino,Paraguay","phones":"","fax":"","email":"","url":"","countryIso2":"PY","countryName":"Paraguay","hotelRating":"0","latitude":"-25.3185","longitude":"-57.2925","state_id":3660,"state_name":"Suchitepequez Department","country_id":90},{"active":false,"Giataid":"884238","cityId":80564,"cityName":"Asuncion","hotelId":20363481,"hotelName":"La Madrague Asuncion","address":"Casi Irala,1738 Avenida Carlos Antonio Lopez,Asuncion,Paraguay","phones":"","fax":"","email":"","url":"","countryIso2":"PY","countryName":"Paraguay","hotelRating":"0","latitude":"-25.2874","longitude":"-57.6094","state_id":3680,"state_name":"Ancash","country_id":173},{"active":false,"Giataid":"936192","cityId":80564,"cityName":"Asuncion","hotelId":20363482,"hotelName":"Hotel Preciado","address":"Ferlix De Azara Tacuari,1111 Asuncion,Paraguay","phones":"","fax":"","email":"","url":"","countryIso2":"PY","countryName":"Paraguay","hotelRating":"0","latitude":"-25.2874","longitude":"-57.6094","state_id":3680,"state_name":"Ancash","country_id":173},{"active":false,"Giataid":"936072","cityId":89745,"cityName":"Ciudad del Este","hotelId":20363483,"hotelName":"Hotel Amanecer","address":"Barrio San Jose,Rotonda Area 1,Los Palmitos Y Avenida Mariscal Lopez,5555 Ciudad del Este,Paraguay","phones":"","fax":"","email":"","url":"","countryIso2":"PY","countryName":"Paraguay","hotelRating":"0","latitude":"-25.5084","longitude":"-54.662","state_id":2784,"state_name":"Alto Parana Department","country_id":172},{"active":false,"Giataid":"878235","cityId":80564,"cityName":"Asuncion","hotelId":20363489,"hotelName":"Villa Floreal Hotel Boutique","address":"Cruz Del Chaco 5160 Y Alfredo Seiferheld,Asunci?n,Paraguay","phones":"+59521608522","fax":"","email":"","url":"http://www.villafloreal.com.py/","countryIso2":"PY","countryName":"Paraguay","hotelRating":"0","latitude":"-25.3067","longitude":"-57.5866","state_id":3680,"state_name":"Ancash","country_id":173},{"active":false,"Giataid":"936185","cityId":80564,"cityName":"Asuncion","hotelId":20363490,"hotelName":"Hotel Los Alpes Cipreses","address":"Rogelio Benitez Y Teniente Hector Vera,1209 Asuncion,Paraguay","phones":"","fax":"","email":"","url":"","countryIso2":"PY","countryName":"Paraguay","hotelRating":"0","latitude":"-25.2874","longitude":"-57.6094","state_id":3680,"state_name":"Ancash","country_id":173},{"active":false,"Giataid":"936320","cityId":35169,"cityName":"Luque","hotelId":20363494,"hotelName":"Villa Dalmata Guest House","address":"Avenida Nanawa,Luque,Paraguay","phones":"","fax":"","email":"reservas@villadalmata.com","url":"http://www.villadalmata.com","countryIso2":"PY","countryName":"Paraguay","hotelRating":"0","latitude":"-25.262","longitude":"-57.5157","state_id":1193,"state_name":"Andalusia","country_id":207},{"active":false,"Giataid":"936220","cityId":89812,"cityName":"Presidente Franco","hotelId":20363495,"hotelName":"Hotel Piro'y","address":"General Bernardino Caballero,7700 Presidente Franco,Paraguay","phones":"","fax":"","email":"","url":"","countryIso2":"PY","countryName":"Paraguay","hotelRating":"0","latitude":"0","longitude":"0","state_id":2784,"state_name":"Alto Parana Department","country_id":172},{"active":false,"Giataid":"890978","cityId":80564,"cityName":"Asuncion","hotelId":20363499,"hotelName":"Holiday Inn Express Asuncion Aviadores","address":"2935/55 Avenida Aviadores del Chaco,1726 Asuncion,Paraguay","phones":"","fax":"","email":"","url":"http://www.ihg.com/holidayinnexpress/hotels/us/esunciosuaa/hoteldetail","countryIso2":"PY","countryName":"Paraguay","hotelRating":"3","latitude":"-25.2796","longitude":"-57.558","state_id":3680,"state_name":"Ancash","country_id":173},{"active":false,"Giataid":"936235","cityId":80564,"cityName":"Asuncion","hotelId":20363500,"hotelName":"KD Hotel Xboutique Spa","address":"India Juliana Esquina,Padre Suarez,1899 Asuncion,Paraguay","phones":"","fax":"","email":"","url":"","countryIso2":"PY","countryName":"Paraguay","hotelRating":"0","latitude":"-25.2874","longitude":"-57.6094","state_id":3680,"state_name":"Ancash","country_id":173},{"active":false,"Giataid":"936356","cityId":89745,"cityName":"Ciudad del Este","hotelId":20363501,"hotelName":"Posada Aurora","address":"Avenida Republica De Colombia,7000 Ciudad del Este,Paraguay","phones":"","fax":"","email":"","url":"","countryIso2":"PY","countryName":"Paraguay","hotelRating":"0","latitude":"-25.5084","longitude":"-54.662","state_id":2784,"state_name":"Alto Parana Department","country_id":172},{"active":false,"Giataid":"936053","cityId":53666,"cityName":"San Bernardino","hotelId":20363505,"hotelName":"Canarias Posada Sanber","address":"Guilllermo Naumann,Avenida Del Lago Casi,3290 San Bernardino,Paraguay","phones":"","fax":"","email":"","url":"","countryIso2":"PY","countryName":"Paraguay","hotelRating":"0","latitude":"-25.3185","longitude":"-57.2925","state_id":3660,"state_name":"Suchitepequez Department","country_id":90},{"active":false,"Giataid":"863546","cityId":80564,"cityName":"Asuncion","hotelId":20363508,"hotelName":"Guest House La Casa De Asuncion","address":"Juan E. O?Leary 1586,1586 Asuncion,Paraguay","phones":"","fax":"","email":"","url":"","countryIso2":"PY","countryName":"Paraguay","hotelRating":"0","latitude":"-25.2908","longitude":"-57.6461","state_id":3680,"state_name":"Ancash","country_id":173},{"active":false,"Giataid":"905843","cityId":80564,"cityName":"Asuncion","hotelId":20363509,"hotelName":"Posada Del Cielo Hotel","address":"1416 Del Maestro,9999 Asunci?n,Paraguay","phones":"+59521664882","fax":"","email":"info.posadadelcielo@gmail.com","url":"http://www.hotelposadasdelcielo.com.py","countryIso2":"PY","countryName":"Paraguay","hotelRating":"0","latitude":"-25.2922","longitude":"-57.5774","state_id":3680,"state_name":"Ancash","country_id":173},{"active":false,"Giataid":"936403","cityId":80564,"cityName":"Asuncion","hotelId":20363510,"hotelName":"Central Hotel Asuncion","address":"15 De Agosto,1132 Asuncion,Paraguay","phones":"","fax":"","email":"","url":"","countryIso2":"PY","countryName":"Paraguay","hotelRating":"0","latitude":"-25.2874","longitude":"-57.6094","state_id":3680,"state_name":"Ancash","country_id":173},{"active":false,"Giataid":"937495","cityId":89745,"cityName":"Ciudad del Este","hotelId":20363511,"hotelName":"Studios Residencial Aguilera","address":"700 Guillermo Baumann y Los Girasoles,7000 Ciudad Del Este,Paraguay","phones":"","fax":"","email":"","url":"","countryIso2":"PY","countryName":"Paraguay","hotelRating":"0","latitude":"-25.5084","longitude":"-54.662","state_id":2784,"state_name":"Alto Parana Department","country_id":172},{"active":false,"Giataid":"939221","cityId":89807,"cityName":"Pedro Juan Caballero","hotelId":20363514,"hotelName":"Hotel Don Tani","address":"Avenida Alberdi Esquina,General Bruguez,Pedro Juan Caballero,Paraguay","phones":"+595336275035","fax":"","email":"hoteldontani@gmail.com","url":"http://www.hoteldontani.com","countryIso2":"PY","countryName":"Paraguay","hotelRating":"0","latitude":"-22.5382","longitude":"-55.7383","state_id":2782,"state_name":"Amambay Department","country_id":172},{"active":false,"Giataid":"936336","cityId":53666,"cityName":"San Bernardino","hotelId":20363515,"hotelName":"Posada Keny","address":"Avenida Ciervo Cua,3290 San Bernardino,Paraguay","phones":"","fax":"","email":"","url":"","countryIso2":"PY","countryName":"Paraguay","hotelRating":"0","latitude":"-25.3185","longitude":"-57.2925","state_id":3660,"state_name":"Suchitepequez Department","country_id":90},{"active":false,"Giataid":"866856","cityId":80564,"cityName":"Asuncion","hotelId":20363516,"hotelName":"Madre Natura","address":"486 Eloy Paez,1645 Asuncion,Paraguay","phones":"","fax":"","email":"","url":"","countryIso2":"PY","countryName":"Paraguay","hotelRating":"0","latitude":"-25.2874","longitude":"-57.6094","state_id":3680,"state_name":"Ancash","country_id":173},{"active":false,"Giataid":"921085","cityId":80564,"cityName":"Asuncion","hotelId":20363517,"hotelName":"Casa Hotel Mburucuya","address":"9002 Diagonal La Piedad,1722 Asuncion,Paraguay","phones":"+59521299379","fax":"","email":"casahotelmburucuya@gmail.com","url":"http://www.casahotelmburucuya.com","countryIso2":"PY","countryName":"Paraguay","hotelRating":"0","latitude":"-25.2591","longitude":"-57.5562","state_id":3680,"state_name":"Ancash","country_id":173},{"active":false,"Giataid":"937507","cityId":80564,"cityName":"Asuncion","hotelId":20363518,"hotelName":"Oga Gusu","address":"570 General Francisco Roa,5500 Asuncion,Paraguay","phones":"","fax":"","email":"","url":"","countryIso2":"PY","countryName":"Paraguay","hotelRating":"0","latitude":"-25.2874","longitude":"-57.6094","state_id":3680,"state_name":"Ancash","country_id":173},{"active":false,"Giataid":"936210","cityId":35169,"cityName":"Luque","hotelId":20363521,"hotelName":"Remember Py","address":"Zona Curva Romero,Avenida Nanawa,2060 Luque,Paraguay","phones":"","fax":"","email":"","url":"","countryIso2":"PY","countryName":"Paraguay","hotelRating":"0","latitude":"-25.262","longitude":"-57.5157","state_id":1193,"state_name":"Andalusia","country_id":207},{"active":false,"Giataid":"905832","cityId":80564,"cityName":"Asuncion","hotelId":20363525,"hotelName":"La Paloma","address":"3112 Gral Rogelio Benitez,1928 Asuncion,Paraguay","phones":"","fax":"","email":"","url":"","countryIso2":"PY","countryName":"Paraguay","hotelRating":"0","latitude":"-25.2874","longitude":"-57.6094","state_id":3680,"state_name":"Ancash","country_id":173},{"active":false,"Giataid":"936329","cityId":80564,"cityName":"Asuncion","hotelId":20363526,"hotelName":"Mbokaja","address":"3773 Carmen Soler,1209 Asuncion,Paraguay","phones":"","fax":"","email":"","url":"","countryIso2":"PY","countryName":"Paraguay","hotelRating":"0","latitude":"-25.2874","longitude":"-57.6094","state_id":3680,"state_name":"Ancash","country_id":173},{"active":false,"Giataid":"936368","cityId":89745,"cityName":"Ciudad del Este","hotelId":20363527,"hotelName":"Hotel & Restaurante Guarania","address":"246 Abay Casi,Avenida Adrian Jara,7000 Ciudad del Este,Paraguay","phones":"","fax":"","email":"","url":"","countryIso2":"PY","countryName":"Paraguay","hotelRating":"0","latitude":"-25.5084","longitude":"-54.662","state_id":2784,"state_name":"Alto Parana Department","country_id":172},{"active":false,"Giataid":"936198","cityId":53666,"cityName":"San Bernardino","hotelId":20363531,"hotelName":"Hotel Spa Nilza Rinaldi","address":"Avenida Wenceslao Lopez,3290 San Bernardino,Paraguay","phones":"","fax":"","email":"","url":"","countryIso2":"PY","countryName":"Paraguay","hotelRating":"0","latitude":"-25.3185","longitude":"-57.2925","state_id":3660,"state_name":"Suchitepequez Department","country_id":90},{"active":false,"Giataid":"889497","cityId":80564,"cityName":"Asuncion","hotelId":20363537,"hotelName":"Madame Lynch Hotel Boutique","address":"Lionel Bareiro,1271 Avenida Madame Lynch,1839 Asuncion,Paraguay","phones":"","fax":"","email":"","url":"","countryIso2":"PY","countryName":"Paraguay","hotelRating":"0","latitude":"-25.2874","longitude":"-57.6094","state_id":3680,"state_name":"Ancash","country_id":173},{"active":false,"Giataid":"936194","cityId":80564,"cityName":"Asuncion","hotelId":20363538,"hotelName":"Tapu'a Apart Hotel","address":"457 Marcelino Perez,Barrio Mburucuya,Asuncion,Paraguay","phones":"+59521285962","fax":"","email":"hola@tapua-aparthotel.com","url":"http://www.tapua-aparthotel.com","countryIso2":"PY","countryName":"Paraguay","hotelRating":"0","latitude":"-25.2874","longitude":"-57.6094","state_id":3680,"state_name":"Ancash","country_id":173},{"active":false,"Giataid":"936260","cityId":89745,"cityName":"Ciudad del Este","hotelId":20363539,"hotelName":"Hotel Caribeno","address":"136 Avenida Emiliano R. Fernandez,Ciudad Del Este,Paraguay","phones":"+59561512460","fax":"","email":"info@hotelcaribeno.com.py","url":"http://www.hotelcaribeno.com.py","countryIso2":"PY","countryName":"Paraguay","hotelRating":"0","latitude":"-25.5084","longitude":"-54.662","state_id":2784,"state_name":"Alto Parana Department","country_id":172},{"active":false,"Giataid":"878682","cityId":53666,"cityName":"San Bernardino","hotelId":20363543,"hotelName":"Tava Glamping","address":"Avenida Principal Y Lago Cantegril- URB.9002 A,9002 San Bernardino,Paraguay","phones":"","fax":"","email":"reservas@tavaglamping.com","url":"http://www.tavaglamping.com","countryIso2":"PY","countryName":"Paraguay","hotelRating":"0","latitude":"-25.3185","longitude":"-57.2925","state_id":3660,"state_name":"Suchitepequez Department","country_id":90},{"active":false,"Giataid":"863553","cityId":10041,"cityName":"Trinidad","hotelId":20363544,"hotelName":"Posada Maria","address":"Mujer Paraguaya Ndeg 10,6250 Trinidad,Itap?a,Paraguay","phones":"","fax":"","email":"","url":"","countryIso2":"PY","countryName":"Paraguay","hotelRating":"0","latitude":"-27.1392","longitude":"-55.7299","state_id":3375,"state_name":"Beni Department","country_id":27},{"active":false,"Giataid":"956925","cityId":80564,"cityName":"Asuncion","hotelId":20416672,"hotelName":"Muggia","address":"Pedro Martinez,3320 Tte Eladio Escobar,1749 Asuncion,Paraguay","phones":"","fax":"","email":"","url":"","countryIso2":"PY","countryName":"Paraguay","hotelRating":"1","latitude":"-25.2874","longitude":"-57.6094","state_id":3680,"state_name":"Ancash","country_id":173},{"active":false,"Giataid":"981942","cityId":80564,"cityName":"Asuncion","hotelId":20416674,"hotelName":"Hostal El Farol","address":"195 Eligio Ayala,Asuncion,Paraguay","phones":"","fax":"","email":"","url":"","countryIso2":"PY","countryName":"Paraguay","hotelRating":"1","latitude":"-25.2874","longitude":"-57.6094","state_id":3680,"state_name":"Ancash","country_id":173},{"active":false,"Giataid":"981951","cityId":80564,"cityName":"Asuncion","hotelId":20416677,"hotelName":"Palmaroga Hotel","address":"Entre Montevideo y J de Ayolas,Palma 853,Asuncion,Paraguay","phones":"+59521441441","fax":"","email":"reservas@palmaroga.com","url":"http://www.palmaroga.com/","countryIso2":"PY","countryName":"Paraguay","hotelRating":"1","latitude":"-25.2797","longitude":"-57.6391","state_id":3680,"state_name":"Ancash","country_id":173},{"active":false,"Giataid":"956891","cityId":80564,"cityName":"Asuncion","hotelId":20416679,"hotelName":"Patio Suizo","address":"3308 Tte 2Do Eladio Escobar,1828 Asuncion,Paraguay","phones":"","fax":"","email":"","url":"","countryIso2":"PY","countryName":"Paraguay","hotelRating":"1","latitude":"-25.2874","longitude":"-57.6094","state_id":3680,"state_name":"Ancash","country_id":173},{"active":false,"Giataid":"956991","cityId":80564,"cityName":"Asuncion","hotelId":20416682,"hotelName":"Asuncion Rent Suites Santa Teresa","address":"2408 Avenida Santa Teresa,Asuncion,Paraguay","phones":"","fax":"","email":"info@asuncionrent.com","url":"http://www.asuncionrent.com/teresa/index.html","countryIso2":"PY","countryName":"Paraguay","hotelRating":"1","latitude":"-25.2846","longitude":"-57.5616","state_id":3680,"state_name":"Ancash","country_id":173},{"active":false,"Giataid":"981897","cityId":80564,"cityName":"Asuncion","hotelId":20416685,"hotelName":"Hotel Bavaria","address":"Las Perlas,1010 Choferes Del Chaco,1234 Asuncion,Paraguay","phones":"","fax":"","email":"","url":"","countryIso2":"PY","countryName":"Paraguay","hotelRating":"1","latitude":"-25.2874","longitude":"-57.6094","state_id":3680,"state_name":"Ancash","country_id":173},{"active":false,"Giataid":"981914","cityId":11821,"cityName":"Filadelfia","hotelId":20416686,"hotelName":"Estancia Iparoma","address":"Postfach,0905 Filadelfia,Boqueron,Paraguay","phones":"","fax":"","email":"","url":"","countryIso2":"PY","countryName":"Paraguay","hotelRating":"1","latitude":"-22.2776","longitude":"-60.0498","state_id":2002,"state_name":"Bahia","country_id":31},{"active":false,"Giataid":"981929","cityId":80564,"cityName":"Asuncion","hotelId":20416690,"hotelName":"Las Calas Homestay","address":"1560 Francisco Zurbaran,Asuncion,Paraguay","phones":"","fax":"","email":"lascalasparaguay@gmail.com","url":"http://www.lascalas.com.py","countryIso2":"PY","countryName":"Paraguay","hotelRating":"1","latitude":"-25.2874","longitude":"-57.6094","state_id":3680,"state_name":"Ancash","country_id":173},{"active":false,"Giataid":"956950","cityId":80564,"cityName":"Asuncion","hotelId":20416687,"hotelName":"Asuncion Rent Suites Centro","address":"821 Paraguayo Independiente,Asuncion,Paraguay","phones":"","fax":"","email":"recepcion@asuncionrentcentro.com","url":"http://www.asuncionrent.com/centro/index.html","countryIso2":"PY","countryName":"Paraguay","hotelRating":"1","latitude":"-25.2874","longitude":"-57.6094","state_id":3680,"state_name":"Ancash","country_id":173},{"active":false,"Giataid":"1001892","cityId":80564,"cityName":"Asuncion","hotelId":20438160,"hotelName":"El Caseron De Ubalda","address":"Santisima Trinidad,1519 Asuncion,Paraguay","phones":"","fax":"","email":"","url":"","countryIso2":"PY","countryName":"Paraguay","hotelRating":"1","latitude":"-25.2874","longitude":"-57.6094","state_id":3680,"state_name":"Ancash","country_id":173},{"active":false,"Giataid":"1001939","cityId":80564,"cityName":"Asuncion","hotelId":20438162,"hotelName":"Victory Apart Hotel","address":"General Diaz Apartamento,2680 Villeta,Paraguay","phones":"","fax":"","email":"","url":"","countryIso2":"PY","countryName":"Paraguay","hotelRating":"1","latitude":"-25.2874","longitude":"-57.6094","state_id":3680,"state_name":"Ancash","country_id":173},{"active":false,"Giataid":"1001958","cityId":35169,"cityName":"Luque","hotelId":20438164,"hotelName":"Aero Aloja","address":"Las Americas,Teniente Coronel Ramos Alfaro,2060 Luque,Paraguay","phones":"","fax":"","email":"","url":"","countryIso2":"PY","countryName":"Paraguay","hotelRating":"1","latitude":"-25.262","longitude":"-57.5157","state_id":1193,"state_name":"Andalusia","country_id":207},{"active":false,"Giataid":"1001873","cityId":89745,"cityName":"Ciudad del Este","hotelId":20438166,"hotelName":"Posada Coronel","address":"Cnel Panchito Lopez,Barrio San Jose,7777 Ciudad Del Este,Paraguay","phones":"","fax":"","email":"","url":"","countryIso2":"PY","countryName":"Paraguay","hotelRating":"1","latitude":"-25.5084","longitude":"-54.662","state_id":2784,"state_name":"Alto Parana Department","country_id":172}]