[{"active":false,"Giataid":"133041","cityId":null,"cityName":"Encarnaci?n","hotelId":133041,"hotelName":"Encarnacion Resort","address":"Angel Ramon Samudio,Barrio Quiteria,6000 Encarnacion,Paraguay","phones":"","fax":"","email":"","url":"","countryIso2":"PY","countryName":"Paraguay","hotelRating":"3","latitude":"-27.3252","longitude":"-55.8729","state_id":null,"state_name":null,"country_id":null},{"active":false,"Giataid":"184016","cityId":null,"cityName":"Curuz? Cuati?","hotelId":184016,"hotelName":"Isla del Bosque","address":"","phones":"","fax":"","email":"","url":"","countryIso2":"PY","countryName":"Paraguay","hotelRating":"1","latitude":"0","longitude":"0","state_id":null,"state_name":null,"country_id":null},{"active":false,"Giataid":"230434","cityId":null,"cityName":"Minga Guaz?","hotelId":230434,"hotelName":"Sama - Ciudad Del Este","address":"Ruta n?7 Gaspar R. de Francia km 16,Minga Guazu,Ciudad del Este,Paraguay","phones":"","fax":"","email":"","url":"","countryIso2":"PY","countryName":"Paraguay","hotelRating":"3","latitude":"-25.491","longitude":"-54.76","state_id":null,"state_name":null,"country_id":null},{"active":false,"Giataid":"244237","cityId":null,"cityName":"Encarnaci?n","hotelId":244237,"hotelName":"De La Costa","address":"Avda. Rodriguez de Francia 1240,Encarnacion,Itap?a 6000,Paraguay","phones":"+59571205694","fax":"","email":"","url":"http://www.delacostahotel.com.py/v1/","countryIso2":"PY","countryName":"Paraguay","hotelRating":"3","latitude":"-27.3342","longitude":"-55.8722","state_id":null,"state_name":null,"country_id":null},{"active":false,"Giataid":"453423","cityId":null,"cityName":"Encarnaci?n","hotelId":453423,"hotelName":"Milord Hotel Boutique","address":"Avenida Gaspar Rodriguez de Francia casi 25 de mayo,6000 Encarnaci?n,Paraguay","phones":"","fax":"","email":"","url":"","countryIso2":"PY","countryName":"Paraguay","hotelRating":"1","latitude":"-27.33","longitude":"-55.8728","state_id":null,"state_name":null,"country_id":null},{"active":false,"Giataid":"465365","cityId":null,"cityName":"Itaugu?","hotelId":465365,"hotelName":"Olimpo Hotel & Suites","address":"Cerro Gilberto Fernandez,Cerro Cor?,Itaugu?,Paraguay","phones":"+595294221757","fax":"","email":"recepci?n@olimpohotel.com.py","url":"http://www.olimpohotel.com.py/","countryIso2":"PY","countryName":"Paraguay","hotelRating":"4","latitude":"-25.3922","longitude":"-57.3535","state_id":null,"state_name":null,"country_id":null},{"active":false,"Giataid":"465616","cityId":null,"cityName":"Aregu?","hotelId":465616,"hotelName":"La Aparesida","address":"Junto al Lago Ypacarai,Avenida del Lago 852,Cuidad de Aregua,Aregu?,Paraguay","phones":"+595291432421","fax":"","email":"","url":"http://www.aparesida5.appspot.com","countryIso2":"PY","countryName":"Paraguay","hotelRating":"3","latitude":"-25.3072","longitude":"-57.3806","state_id":null,"state_name":null,"country_id":null},{"active":false,"Giataid":"469122","cityId":null,"cityName":"Caacup?","hotelId":469122,"hotelName":"Alta Gracia Parque Hotel","address":"Ruta 2,Mariscal Estigarribia km 52.5,3000 Caacup?,Paraguay","phones":"+595511242322","fax":"","email":"reservas@altagraciahotel.com.py","url":"http://www.altagraciahotel.com.py/","countryIso2":"PY","countryName":"Paraguay","hotelRating":"5","latitude":"-25.3892","longitude":"-57.1566","state_id":null,"state_name":null,"country_id":null},{"active":false,"Giataid":"476114","cityId":null,"cityName":"Doctor Juan Le?n Mallorquin","hotelId":476114,"hotelName":"Hotel Puma","address":"Mariscal Lopez c/ Av Mallorquin,7430 Doctor Juan Leon Mallorquin,Paraguay","phones":"+595675265555","fax":"","email":"info@hotelpuma.dk","url":"http://hotelpuma.dk/","countryIso2":"PY","countryName":"Paraguay","hotelRating":"1","latitude":"-25.4285","longitude":"-55.2527","state_id":null,"state_name":null,"country_id":null},{"active":false,"Giataid":"476846","cityId":null,"cityName":"Encarnaci?n","hotelId":476846,"hotelName":"Hotel Real","address":"Av Caballero entre Antequera y Artigas,4001 Encarnaci?n,Paraguay","phones":"","fax":"","email":"","url":"","countryIso2":"PY","countryName":"Paraguay","hotelRating":"1","latitude":"-27.2519","longitude":"-55.9126","state_id":null,"state_name":null,"country_id":null},{"active":false,"Giataid":"476895","cityId":null,"cityName":"Villarica","hotelId":476895,"hotelName":"Musa Hotel","address":"Gral D?az,Calle Curupayty,5000 Villarrica,Paraguay","phones":"+59554144007","fax":"","email":"musahotelvillarrica@gmail.com","url":"http://www.musa-hotel.com","countryIso2":"PY","countryName":"Paraguay","hotelRating":"3","latitude":"-25.7781","longitude":"-56.4471","state_id":null,"state_name":null,"country_id":null},{"active":false,"Giataid":"476999","cityId":null,"cityName":"Encarnaci?n","hotelId":476999,"hotelName":"Hotel Maria","address":"","phones":"","fax":"","email":"","url":"","countryIso2":"PY","countryName":"Paraguay","hotelRating":"1","latitude":"-27.3299","longitude":"-55.8696","state_id":null,"state_name":null,"country_id":null},{"active":false,"Giataid":"526784","cityId":null,"cityName":"Encarnaci?n","hotelId":526784,"hotelName":"Le Club Resort Hotel","address":"Ruta 1 Mcal Francisco Solano Lopez y Angel Samudio 6000 Encarnacion,Paraguay","phones":"+59571208045","fax":"","email":"","url":"http://www.leclub.com.py/","countryIso2":"PY","countryName":"Paraguay","hotelRating":"4","latitude":"-27.3253","longitude":"-55.8728","state_id":null,"state_name":null,"country_id":null},{"active":false,"Giataid":"628167","cityId":null,"cityName":"Friesland","hotelId":628167,"hotelName":"Hotel y Restaurante Tannenhof","address":"Central 3,1671 Colonia Friesland,Paraguay","phones":"","fax":"","email":"","url":"http://www.tannenhof.com.py/","countryIso2":"PY","countryName":"Paraguay","hotelRating":"1","latitude":"0","longitude":"0","state_id":null,"state_name":null,"country_id":null},{"active":false,"Giataid":"643354","cityId":null,"cityName":"Atyr?","hotelId":643354,"hotelName":"Casa del Monte Hotel","address":"Cia Monte Alto,3280 Atyr?,Paraguay","phones":"","fax":"","email":"","url":"","countryIso2":"PY","countryName":"Paraguay","hotelRating":"1","latitude":"-25.2848","longitude":"-57.1472","state_id":null,"state_name":null,"country_id":null},{"active":false,"Giataid":"802641","cityId":null,"cityName":"Encarnaci?n","hotelId":802641,"hotelName":"Colonial Hostel & Camping","address":"Calle General Artigas 762,6000 Encarnacion,Paraguay","phones":"+59571201500","fax":"","email":"colonialhostelencarnacion@gmail.com","url":"http://www.colonialhostelcamping.com","countryIso2":"PY","countryName":"Paraguay","hotelRating":"1","latitude":"-27.3404","longitude":"-55.8686","state_id":null,"state_name":null,"country_id":null},{"active":false,"Giataid":"802749","cityId":null,"cityName":"Encarnaci?n","hotelId":802749,"hotelName":"Hotel Ciudad","address":"25 De Mayo Esquina Mariscal Estigarribia,6000 Encarnacion,Paraguay","phones":"","fax":"","email":"","url":"","countryIso2":"PY","countryName":"Paraguay","hotelRating":"1","latitude":"-27.3342","longitude":"-55.8722","state_id":null,"state_name":null,"country_id":null},{"active":false,"Giataid":"802788","cityId":null,"cityName":"Aregu?","hotelId":802788,"hotelName":"Posada La Estacion","address":"Hermanas Dominicas,2000 Aregua,Paraguay","phones":"","fax":"","email":"","url":"","countryIso2":"PY","countryName":"Paraguay","hotelRating":"1","latitude":"0","longitude":"0","state_id":null,"state_name":null,"country_id":null},{"active":false,"Giataid":"805036","cityId":null,"cityName":"Encarnaci?n","hotelId":805036,"hotelName":"La Casa de Pedro Hostel","address":"Entre Carlos A. Lopez Y Lomas Valentinas,Cerro Cora 552,6000 Encarnacion,Paraguay","phones":"","fax":"","email":"","url":"","countryIso2":"PY","countryName":"Paraguay","hotelRating":"1","latitude":"-27.3342","longitude":"-55.864","state_id":null,"state_name":null,"country_id":null},{"active":false,"Giataid":"807042","cityId":null,"cityName":"Aregu?","hotelId":807042,"hotelName":"Aregua Oga","address":"003 De Las Residentas,2000 Aregu?,Paraguay","phones":"","fax":"","email":"","url":"","countryIso2":"PY","countryName":"Paraguay","hotelRating":"1","latitude":"0","longitude":"0","state_id":null,"state_name":null,"country_id":null},{"active":false,"Giataid":"459131","cityId":null,"cityName":"Encarnaci?n","hotelId":10106950,"hotelName":"Savoy Hotel Encarnacion","address":"Avenida Costanera Padre Bolik 999,6000 Encarnaci?n,Paraguay","phones":"NULL","fax":"NULL","email":"NULL","url":"NULL","countryIso2":"PY","countryName":"Paraguay","hotelRating":"4","latitude":"-27.3215","longitude":"-55.8699","state_id":null,"state_name":null,"country_id":null},{"active":false,"Giataid":"458296","cityId":null,"cityName":"Encarnaci?n","hotelId":20000064,"hotelName":"Del Sur Hotel-Museo","address":"km 6,Barrio 8 de Diciembre,Ruta 1,6000 Encarnaci?n,Paraguay","phones":"","fax":"","email":"","url":"","countryIso2":"PY","countryName":"Paraguay","hotelRating":"0","latitude":"-27.2899","longitude":"-55.9194","state_id":null,"state_name":null,"country_id":null},{"active":false,"Giataid":"515447","cityId":null,"cityName":"Encarnaci?n","hotelId":20000072,"hotelName":"Kerana Hostel","address":"Juan Leon Mallorquin 950,6000 Encarnacion,Paraguay","phones":"+59571201073","fax":"","email":"hostelkerana@gmail.com","url":"http://www.keranahostel.com/","countryIso2":"PY","countryName":"Paraguay","hotelRating":"0","latitude":"-27.3381","longitude":"-55.8673","state_id":null,"state_name":null,"country_id":null},{"active":false,"Giataid":"628270","cityId":null,"cityName":"Encarnaci?n","hotelId":20000109,"hotelName":"Hotel Germano","address":"Gral Caba?as,esquina Carlos Antonio Lopez,Encarnaci?n,Paraguay","phones":"+59571203346","fax":"","email":"contacto@hotelgermano.com","url":"http://www.hotelgermano.com/","countryIso2":"PY","countryName":"Paraguay","hotelRating":"0","latitude":"-27.3342","longitude":"-55.8722","state_id":null,"state_name":null,"country_id":null},{"active":false,"Giataid":"458734","cityId":null,"cityName":"Encarnaci?n","hotelId":20000180,"hotelName":"Bella Vista Hotel","address":"esquina General Brugu?z,Avenida Irraz?bal,6000 Encarnaci?n,Paraguay","phones":"+59571201113","fax":"","email":"reservas@bellavistahotel.com.py","url":"http://www.bellavistahotel.com.py","countryIso2":"PY","countryName":"Paraguay","hotelRating":"4","latitude":"-27.3466","longitude":"-55.8583","state_id":null,"state_name":null,"country_id":null},{"active":false,"Giataid":"455164","cityId":null,"cityName":"Encarnaci?n","hotelId":20000799,"hotelName":"Luxsur","address":"Independencia Nacional esq,Jorge Memmel,3000 Encarnacion,Paraguay","phones":"","fax":"","email":"","url":"http://hotelluxsur.com-paraguay.com/","countryIso2":"PY","countryName":"Paraguay","hotelRating":"0","latitude":"-27.3408","longitude":"-55.861","state_id":null,"state_name":null,"country_id":null},{"active":false,"Giataid":"456150","cityId":null,"cityName":"Encarnaci?n","hotelId":20000872,"hotelName":"Hotel Puesta del Sol","address":"44 14 de Mayo N,6000 Encarnaci?n,Paraguay","phones":"+59571202376","fax":"","email":"puestadelsolhotel@gmail.com","url":"http://www.hotelpuestadelsol.com.py","countryIso2":"PY","countryName":"Paraguay","hotelRating":"3","latitude":"-27.3335","longitude":"-55.8721","state_id":null,"state_name":null,"country_id":null},{"active":false,"Giataid":"476660","cityId":null,"cityName":"Encarnaci?n","hotelId":20001033,"hotelName":"Hotel Comfort Boutique","address":"Lomas Valentinas casi Bernardino Caballero,1000 Encarnaci?n,Paraguay","phones":"","fax":"","email":"","url":"","countryIso2":"PY","countryName":"Paraguay","hotelRating":"0","latitude":"-27.3267","longitude":"-55.8636","state_id":null,"state_name":null,"country_id":null},{"active":false,"Giataid":"458664","cityId":null,"cityName":"Encarnaci?n","hotelId":20002784,"hotelName":"Carnaval Hotel Casino","address":"750 Avenidad Irrazabal,6000 Encarnaci?n,Paraguay","phones":"+59571201108","fax":"+59571201104","email":"","url":"http://carnavalhotelcasino.com.py/","countryIso2":"PY","countryName":"Paraguay","hotelRating":"4","latitude":"-27.3382","longitude":"-55.858","state_id":null,"state_name":null,"country_id":null},{"active":false,"Giataid":"476878","cityId":null,"cityName":"Encarnaci?n","hotelId":20003004,"hotelName":"Hotel Gardenia","address":"1062 Gral. Jose G. Artigas,Casi Monsenor Wissen,Encarnacion,Paraguay","phones":"","fax":"","email":"","url":"","countryIso2":"PY","countryName":"Paraguay","hotelRating":"0","latitude":"-27.3364","longitude":"-55.8689","state_id":null,"state_name":null,"country_id":null},{"active":false,"Giataid":"455611","cityId":null,"cityName":"Encarnaci?n","hotelId":20005715,"hotelName":"Hotel De La Trinidad","address":"Mariscal Estigarribia s/n,Jorge Memmel,6000 Encarnaci?n,Paraguay","phones":"+59571208099","fax":"","email":"reservas@hoteldelatrinidad.com.py","url":"http://www.hoteldelatrinidad.com.py/","countryIso2":"PY","countryName":"Paraguay","hotelRating":"4","latitude":"-27.341","longitude":"-55.8656","state_id":null,"state_name":null,"country_id":null},{"active":false,"Giataid":"474424","cityId":null,"cityName":"Encarnaci?n","hotelId":20005899,"hotelName":"Hotel Domingo Savio","address":"29 De Septiembre Entre Avenida Jap?n Y Avenida Irraz?bal,6000 Encarnaci?n,Paraguay","phones":"+59571205800","fax":"+59571203373","email":"hoteldomingosavio@hotmail.com","url":"http://www.hoteldomingosavio.com/","countryIso2":"PY","countryName":"Paraguay","hotelRating":"0","latitude":"-27.3433","longitude":"-55.8581","state_id":null,"state_name":null,"country_id":null},{"active":false,"Giataid":"476711","cityId":null,"cityName":"Encarnaci?n","hotelId":20007083,"hotelName":"Hotel Arthur Shambala","address":"Villarrica 245 c/ General Artigas,6000 Encarnaci?n,Paraguay","phones":"","fax":"","email":"","url":"","countryIso2":"PY","countryName":"Paraguay","hotelRating":"0","latitude":"-27.331","longitude":"-55.874","state_id":null,"state_name":null,"country_id":null},{"active":false,"Giataid":"538544","cityId":null,"cityName":"Encarnaci?n","hotelId":20007411,"hotelName":"Awa Resort Hotel","address":"Ruta 1 KM 367,6000 Encarnaci?n,Paraguay","phones":"","fax":"","email":"","url":"","countryIso2":"PY","countryName":"Paraguay","hotelRating":"4","latitude":"-27.2994","longitude":"-55.8891","state_id":null,"state_name":null,"country_id":null},{"active":false,"Giataid":"456685","cityId":null,"cityName":"Encarnaci?n","hotelId":20008144,"hotelName":"Terwindt Hotel","address":"Monsenor Wissen y Cerro Cora,1152E Lomas Valentinas,6000 Encarnacion,Paraguay","phones":"","fax":"","email":"","url":"","countryIso2":"PY","countryName":"Paraguay","hotelRating":"3","latitude":"-27.3349","longitude":"-55.8629","state_id":null,"state_name":null,"country_id":null},{"active":false,"Giataid":"466065","cityId":null,"cityName":"Caapuc?","hotelId":20011414,"hotelName":"Hotel Katy Maria","address":"Dr. Pino c/ Eligio Ayala,1621 Caapucu,Paraguay","phones":"","fax":"","email":"","url":"","countryIso2":"PY","countryName":"Paraguay","hotelRating":"3","latitude":"-25.3854","longitude":"-57.141","state_id":null,"state_name":null,"country_id":null},{"active":false,"Giataid":"92339","cityId":null,"cityName":"Caapuc?","hotelId":20012167,"hotelName":"Estancia Santa Clara","address":"Kil?metro 141, Ruta 1,Caapuc?,Departamento de Paraguar?,Paraguay","phones":"+59521605729","fax":"+59521605729","email":"reservas@estanciasantaclara.com.py","url":"http://www.estanciasantaclara.com.py/","countryIso2":"PY","countryName":"Paraguay","hotelRating":"0","latitude":"-26.2351","longitude":"-57.1778","state_id":null,"state_name":null,"country_id":null},{"active":false,"Giataid":"863544","cityId":null,"cityName":"Encarnaci?n","hotelId":20363476,"hotelName":"Casa de la Y","address":"Carmen de Lara Castro 422,Entre Yegros y Molas,Barrio San Roque,6000 Encarnaci?n,Itap?a,Paraguay","phones":"","fax":"","email":"casadelay@gmail.com","url":"http://casadelay.wixsite.com/casa-de-la-y-py/","countryIso2":"PY","countryName":"Paraguay","hotelRating":"0","latitude":"-27.3509","longitude":"-55.8616","state_id":null,"state_name":null,"country_id":null},{"active":false,"Giataid":"936241","cityId":null,"cityName":"Encarnaci?n","hotelId":20363477,"hotelName":"Hostal Posada Casa Grande 2","address":"Costanera Padre Bolik,Capitan De Reserva Doctor Pedro Fernandez,6000 Encarnacion,Paraguay","phones":"","fax":"","email":"","url":"","countryIso2":"PY","countryName":"Paraguay","hotelRating":"0","latitude":"-27.3342","longitude":"-55.8722","state_id":null,"state_name":null,"country_id":null},{"active":false,"Giataid":"936039","cityId":null,"cityName":"Encarnaci?n","hotelId":20363484,"hotelName":"Del Rio Apart Hotel","address":"Esquina Con,Avenida Monsenor Wiessen,Avenida General Artigas,6000 Encarnacion,Itapua,Paraguay","phones":"","fax":"","email":"","url":"","countryIso2":"PY","countryName":"Paraguay","hotelRating":"0","latitude":"-27.3359","longitude":"-55.8688","state_id":null,"state_name":null,"country_id":null},{"active":false,"Giataid":"937466","cityId":null,"cityName":"Encarnaci?n","hotelId":20363485,"hotelName":"Elena Apart Hotel","address":"Avenida Irrazabal E/ Curupayty,6000 Encarnacion,Paraguay","phones":"","fax":"","email":"","url":"","countryIso2":"PY","countryName":"Paraguay","hotelRating":"0","latitude":"-27.3342","longitude":"-55.8722","state_id":null,"state_name":null,"country_id":null},{"active":false,"Giataid":"936267","cityId":null,"cityName":"Minga Guaz?","hotelId":20363486,"hotelName":"Posada Ariju","address":"km 24 Monday 1000 Meters,7 De La Ruta North,7420 Minga Guazu,Paraguay","phones":"","fax":"","email":"","url":"","countryIso2":"PY","countryName":"Paraguay","hotelRating":"0","latitude":"0","longitude":"0","state_id":null,"state_name":null,"country_id":null},{"active":false,"Giataid":"936005","cityId":null,"cityName":"Hernandarias","hotelId":20363491,"hotelName":"Altoeste Apart Hotel","address":"Esquina Augusto Roa Bastos,Zona Comercial - Paran? Country Club,Agust?n Barrios,Hernandarias,Paraguay","phones":"","fax":"","email":"","url":"","countryIso2":"PY","countryName":"Paraguay","hotelRating":"0","latitude":"-25.4802","longitude":"-54.6234","state_id":null,"state_name":null,"country_id":null},{"active":false,"Giataid":"936005","cityId":null,"cityName":"Hernandarias","hotelId":20363491,"hotelName":"Altoeste Apart Hotel","address":"Esquina Augusto Roa Bastos,Zona Comercial - Paran? Country Club,Agust?n Barrios,Hernandarias,Paraguay","phones":"","fax":"","email":"","url":"","countryIso2":"PY","countryName":"Paraguay","hotelRating":"0","latitude":"-25.4802","longitude":"-54.6234","state_id":null,"state_name":null,"country_id":null},{"active":false,"Giataid":"900950","cityId":null,"cityName":"Encarnaci?n","hotelId":20363492,"hotelName":"Mirapar Apart Hotel","address":"Cerro Cora,Avenida Dr Francia y Antequera,6000 Encarnacion,Paraguay","phones":"","fax":"","email":"","url":"","countryIso2":"PY","countryName":"Paraguay","hotelRating":"0","latitude":"-27.3342","longitude":"-55.8722","state_id":null,"state_name":null,"country_id":null},{"active":false,"Giataid":"936393","cityId":null,"cityName":"Encarnaci?n","hotelId":20363493,"hotelName":"Class Apart Hotel","address":"Cabecera Del Puente Internacional,Avenida San Roque,6000 Encarnacion,Paraguay","phones":"","fax":"","email":"","url":"","countryIso2":"PY","countryName":"Paraguay","hotelRating":"0","latitude":"-27.3342","longitude":"-55.8722","state_id":null,"state_name":null,"country_id":null},{"active":false,"Giataid":"936175","cityId":null,"cityName":"Encarnaci?n","hotelId":20363502,"hotelName":"Uk Residencial Encarnacion","address":"Carlos Antonio Lopez,1055 Entre Monsenor Wiessen Y Curypayty,6000 Encarnacion,Paraguay","phones":"","fax":"","email":"","url":"","countryIso2":"PY","countryName":"Paraguay","hotelRating":"0","latitude":"-27.3342","longitude":"-55.8722","state_id":null,"state_name":null,"country_id":null},{"active":false,"Giataid":"936232","cityId":null,"cityName":"Encarnaci?n","hotelId":20363512,"hotelName":"Hotel Tirol Del Paraguay","address":"Ruta 6ta km 20,6000 Encarnacion,Paraguay","phones":"","fax":"","email":"","url":"","countryIso2":"PY","countryName":"Paraguay","hotelRating":"0","latitude":"-27.3342","longitude":"-55.8722","state_id":null,"state_name":null,"country_id":null},{"active":false,"Giataid":"863549","cityId":null,"cityName":"Itaugu?","hotelId":20363513,"hotelName":"Hospedaje Rancho 3A","address":"Calle Pati?o Km 4,2740 Itaugu?,Departamento Central,Paraguay","phones":"","fax":"","email":"info@rancho3a.com","url":"http://www.rancho3a.com","countryIso2":"PY","countryName":"Paraguay","hotelRating":"0","latitude":"-25.3759","longitude":"-57.3482","state_id":null,"state_name":null,"country_id":null},{"active":false,"Giataid":"898505","cityId":null,"cityName":"Encarnaci?n","hotelId":20363519,"hotelName":"Mandala Hotel","address":"Cerro Cora Entre Antequera y Artigas,6000 Encarnaci?n,Paraguay","phones":"","fax":"","email":"","url":"","countryIso2":"PY","countryName":"Paraguay","hotelRating":"0","latitude":"-27.3342","longitude":"-55.8722","state_id":null,"state_name":null,"country_id":null},{"active":false,"Giataid":"936246","cityId":null,"cityName":"Encarnaci?n","hotelId":20363520,"hotelName":"Hostal Nory","address":"Los Cedros,6000 Encarnacion,Paraguay","phones":"","fax":"","email":"","url":"","countryIso2":"PY","countryName":"Paraguay","hotelRating":"0","latitude":"-27.3342","longitude":"-55.8722","state_id":null,"state_name":null,"country_id":null},{"active":false,"Giataid":"936181","cityId":null,"cityName":"Encarnaci?n","hotelId":20363528,"hotelName":"Posada Basiliza","address":"Avenida 3 328,6000 Encarnacion,Paraguay","phones":"","fax":"","email":"","url":"","countryIso2":"PY","countryName":"Paraguay","hotelRating":"0","latitude":"-27.3342","longitude":"-55.8722","state_id":null,"state_name":null,"country_id":null},{"active":false,"Giataid":"936066","cityId":null,"cityName":"Encarnaci?n","hotelId":20363540,"hotelName":"Catedral Hostel","address":"873 Juan Leon Mallorquin,6000 Encarnacion,Paraguay","phones":"","fax":"","email":"","url":"","countryIso2":"PY","countryName":"Paraguay","hotelRating":"0","latitude":"-27.3342","longitude":"-55.8722","state_id":null,"state_name":null,"country_id":null},{"active":false,"Giataid":"956876","cityId":null,"cityName":"Encarnaci?n","hotelId":20416673,"hotelName":"Posada Turistica Las Orquideas","address":"Cambyreta,km 4,5 Ruta 14,6000 Encarnacion,San Miguel,Paraguay","phones":"","fax":"","email":"","url":"","countryIso2":"PY","countryName":"Paraguay","hotelRating":"1","latitude":"-27.3342","longitude":"-55.8722","state_id":null,"state_name":null,"country_id":null},{"active":false,"Giataid":"956773","cityId":null,"cityName":"Encarnaci?n","hotelId":20416680,"hotelName":"Cabanas Y Boungalow Don Oscar","address":"B Los Arrabales Frente Al Nuevo Puerto A 200 Metres,km 5 Ruta 1,Encarnacion,Paraguay","phones":"","fax":"","email":"","url":"","countryIso2":"PY","countryName":"Paraguay","hotelRating":"1","latitude":"-27.3342","longitude":"-55.8722","state_id":null,"state_name":null,"country_id":null},{"active":false,"Giataid":"956975","cityId":null,"cityName":"Encarnaci?n","hotelId":20416683,"hotelName":"Posada Y Restaurante Stella Mary Y Rafael","address":"San Cosme Entre 14 Mayo,6890 Encarnacion,Paraguay","phones":"","fax":"","email":"","url":"","countryIso2":"PY","countryName":"Paraguay","hotelRating":"1","latitude":"-27.3342","longitude":"-55.8722","state_id":null,"state_name":null,"country_id":null},{"active":false,"Giataid":"956937","cityId":null,"cityName":"Encarnaci?n","hotelId":20416688,"hotelName":"Garden Hotel","address":"Carlos Antonio Lopez,615 Esquina Pedro Juan Caballero,6000 Encarnacion,Paraguay","phones":"","fax":"","email":"","url":"","countryIso2":"PY","countryName":"Paraguay","hotelRating":"1","latitude":"-27.3342","longitude":"-55.8722","state_id":null,"state_name":null,"country_id":null},{"active":false,"Giataid":"1001919","cityId":null,"cityName":"Encarnaci?n","hotelId":20438163,"hotelName":"Hotel Las Colonias","address":"Primer Piso,Galeria Monarilla,9004 Jorge Memmel,6000 Encarnacion,Paraguay","phones":"","fax":"","email":"","url":"","countryIso2":"PY","countryName":"Paraguay","hotelRating":"1","latitude":"-27.3342","longitude":"-55.8722","state_id":null,"state_name":null,"country_id":null},{"active":false,"Giataid":"1001976","cityId":null,"cityName":"Encarnaci?n","hotelId":20438165,"hotelName":"Helecho's Hostal","address":"Entre General Escobar Y Carlos Antonio Lopez,Capitan Caballero,6000 Encarnacion,Paraguay","phones":"","fax":"","email":"","url":"","countryIso2":"PY","countryName":"Paraguay","hotelRating":"1","latitude":"-27.3342","longitude":"-55.8722","state_id":null,"state_name":null,"country_id":null},{"active":false,"Giataid":"1001968","cityId":null,"cityName":"Encarnaci?n","hotelId":20438167,"hotelName":"Hotel Boutique El Jesuita","address":"Entre Avenida Gaspar Rodriguez De Francia y General Aquino,Villarrica,6600 Encarnacion,Paraguay","phones":"","fax":"","email":"","url":"","countryIso2":"PY","countryName":"Paraguay","hotelRating":"1","latitude":"-27.3342","longitude":"-55.8722","state_id":null,"state_name":null,"country_id":null},{"active":false,"Giataid":"1001882","cityId":null,"cityName":"Encarnaci?n","hotelId":20438168,"hotelName":"Posada Turistica Yeruti","address":"Fernanda Araujo Y Gasha,Ruta 14,6200 Encarnacion,Paraguay","phones":"","fax":"","email":"","url":"","countryIso2":"PY","countryName":"Paraguay","hotelRating":"1","latitude":"-27.3342","longitude":"-55.8722","state_id":null,"state_name":null,"country_id":null}]