[{"active":false,"Giataid":"187503","cityId":64891,"cityName":"Bishkek","hotelId":187503,"hotelName":"Best Eastern Issyk Kul","address":"","phones":"","fax":"","email":"","url":"","countryIso2":"KG","countryName":"Kyrgyzstan","hotelRating":"1","latitude":"42.8658","longitude":"74.6014","state_id":1001,"state_name":"Bishkek","country_id":118},{"active":false,"Giataid":"187504","cityId":64891,"cityName":"Bishkek","hotelId":187504,"hotelName":"Best Eastern Pinara Bishkek","address":"","phones":"","fax":"","email":"","url":"","countryIso2":"KG","countryName":"Kyrgyzstan","hotelRating":"1","latitude":"42.8658","longitude":"74.6014","state_id":1001,"state_name":"Bishkek","country_id":118},{"active":false,"Giataid":"233402","cityId":64891,"cityName":"Bishkek","hotelId":233402,"hotelName":"Ak Keme","address":"Mira Prospect 93,Bischkek,Kyrgyzstan","phones":"+996312540143","fax":"","email":"info@akkemehotel.com","url":"http://www.akkemehotel.com","countryIso2":"KG","countryName":"Kyrgyzstan","hotelRating":"4","latitude":"42.8377","longitude":"74.5845","state_id":1001,"state_name":"Bishkek","country_id":118},{"active":false,"Giataid":"369525","cityId":64891,"cityName":"Bishkek","hotelId":369525,"hotelName":"Maryotel Bishkek","address":"Pobeda Avenue Street 351,724300Bishkek,Kyrgyzstan","phones":"","fax":"","email":"","url":"","countryIso2":"KG","countryName":"Kyrgyzstan","hotelRating":"5","latitude":"42.8885","longitude":"74.6575","state_id":1001,"state_name":"Bishkek","country_id":118},{"active":false,"Giataid":"426845","cityId":64908,"cityName":"Karakol","hotelId":426845,"hotelName":"Altamira","address":"ul. Toktogula 277,Karakol,Issyk-Kulskaya Oblast,Kyrgyzstan","phones":"+996559998388","fax":"","email":"gdaltamira@rambler.ru","url":"http://www.altamira.kg","countryIso2":"KG","countryName":"Kyrgyzstan","hotelRating":"3","latitude":"42.4958","longitude":"78.3993","state_id":1002,"state_name":"Issyk-Kul Region","country_id":118},{"active":false,"Giataid":"454012","cityId":64891,"cityName":"Bishkek","hotelId":454012,"hotelName":"Asia Mountains 1","address":"Lineinaya Street 1A,720033 Bishkek,Kyrgyzstan","phones":"","fax":"","email":"","url":"","countryIso2":"KG","countryName":"Kyrgyzstan","hotelRating":"3","latitude":"42.8658","longitude":"74.6014","state_id":1001,"state_name":"Bishkek","country_id":118},{"active":false,"Giataid":"454014","cityId":64891,"cityName":"Bishkek","hotelId":454014,"hotelName":"Asia Mountains 2","address":"","phones":"","fax":"","email":"","url":"","countryIso2":"KG","countryName":"Kyrgyzstan","hotelRating":"3","latitude":"42.8658","longitude":"74.6014","state_id":1001,"state_name":"Bishkek","country_id":118},{"active":false,"Giataid":"455117","cityId":64891,"cityName":"Bishkek","hotelId":455117,"hotelName":"Alpinist Hotel","address":"","phones":"","fax":"","email":"","url":"","countryIso2":"KG","countryName":"Kyrgyzstan","hotelRating":"3","latitude":"42.8598","longitude":"74.6001","state_id":1001,"state_name":"Bishkek","country_id":118},{"active":false,"Giataid":"456359","cityId":64891,"cityName":"Bishkek","hotelId":456359,"hotelName":"Hotel Eldorado","address":"","phones":"","fax":"","email":"","url":"","countryIso2":"KG","countryName":"Kyrgyzstan","hotelRating":"3","latitude":"42.8394","longitude":"74.5806","state_id":1001,"state_name":"Bishkek","country_id":118},{"active":false,"Giataid":"456691","cityId":64891,"cityName":"Bishkek","hotelId":456691,"hotelName":"Touristan Hotel","address":"","phones":"","fax":"","email":"","url":"","countryIso2":"KG","countryName":"Kyrgyzstan","hotelRating":"1","latitude":"42.8674","longitude":"74.5923","state_id":1001,"state_name":"Bishkek","country_id":118},{"active":false,"Giataid":"456857","cityId":64891,"cityName":"Bishkek","hotelId":456857,"hotelName":"Versal","address":"","phones":"","fax":"","email":"","url":"","countryIso2":"KG","countryName":"Kyrgyzstan","hotelRating":"1","latitude":"42.8852","longitude":"74.5954","state_id":1001,"state_name":"Bishkek","country_id":118},{"active":false,"Giataid":"457515","cityId":64891,"cityName":"Bishkek","hotelId":457515,"hotelName":"K Hotel","address":"Absamata Masalieva Street 29,720044 Bishkek,Kyrgyzstan","phones":"","fax":"","email":"","url":"","countryIso2":"KG","countryName":"Kyrgyzstan","hotelRating":"1","latitude":"42.8298","longitude":"74.5789","state_id":1001,"state_name":"Bishkek","country_id":118},{"active":false,"Giataid":"457599","cityId":64891,"cityName":"Bishkek","hotelId":457599,"hotelName":"Elite Hotel","address":"160 Yunusalieva Avenue","phones":"","fax":"","email":"","url":"","countryIso2":"KG","countryName":"Kyrgyzstan","hotelRating":"1","latitude":"42.8345","longitude":"74.6229","state_id":1001,"state_name":"Bishkek","country_id":118},{"active":false,"Giataid":"458376","cityId":64891,"cityName":"Bishkek","hotelId":458376,"hotelName":"Club-Hotel Flagman","address":"Logvinenko str. 139","phones":"","fax":"","email":"","url":"","countryIso2":"KG","countryName":"Kyrgyzstan","hotelRating":"1","latitude":"42.8658","longitude":"74.6014","state_id":1001,"state_name":"Bishkek","country_id":118},{"active":false,"Giataid":"467616","cityId":64908,"cityName":"Karakol","hotelId":467616,"hotelName":"Green Yard Hotel","address":"Novostroika Street 14,Karakol,Kyrgyzstan","phones":"+996392243228","fax":"","email":"info@greenyard.kg","url":"http://greenyard.kg/?lang=en","countryIso2":"KG","countryName":"Kyrgyzstan","hotelRating":"3","latitude":"42.4741","longitude":"78.4133","state_id":1002,"state_name":"Issyk-Kul Region","country_id":118},{"active":false,"Giataid":"468588","cityId":64920,"cityName":"Osh","hotelId":468588,"hotelName":"Hotel Osh-Nuru","address":"Bayalinova Street 1,723500 Osh,Kyrgyzstan","phones":"+996322275614","fax":"+996322256326","email":"osh-nuru@mail.ru","url":"http://osh-nuru.kg/","countryIso2":"KG","countryName":"Kyrgyzstan","hotelRating":"1","latitude":"40.5219","longitude":"72.8003","state_id":1005,"state_name":"Osh Region","country_id":118},{"active":false,"Giataid":"468596","cityId":64892,"cityName":"Cholpon-Ata","hotelId":468596,"hotelName":"Zeto","address":"Lenina Street 13,722100 Cholpon-Ata,Kyrgyzstan","phones":"","fax":"","email":"","url":"http://www.trivago.de/cholpon-ata-85276/hotel/zeto-2865526","countryIso2":"KG","countryName":"Kyrgyzstan","hotelRating":"1","latitude":"42.6372","longitude":"77.0922","state_id":1002,"state_name":"Issyk-Kul Region","country_id":118},{"active":false,"Giataid":"469223","cityId":64892,"cityName":"Cholpon-Ata","hotelId":469223,"hotelName":"Otel Issyk-Kul-Karakol","address":"Fuchika Street 38A,722200 Karakol,Kyrgyzstan","phones":"","fax":"","email":"","url":"","countryIso2":"KG","countryName":"Kyrgyzstan","hotelRating":"1","latitude":"42.6356","longitude":"77.0733","state_id":1002,"state_name":"Issyk-Kul Region","country_id":118},{"active":false,"Giataid":"469224","cityId":64908,"cityName":"Karakol","hotelId":469224,"hotelName":"Amir Hotel","address":"Amanbayev (Aini) Street 78,722200 Karakol,Kirgisistan,Kyrgyzstan","phones":"+996392251315","fax":"+996392251315","email":"info@hotelamir.kg","url":"http://www.hotelamir.kg/","countryIso2":"KG","countryName":"Kyrgyzstan","hotelRating":"1","latitude":"42.484","longitude":"78.4021","state_id":1002,"state_name":"Issyk-Kul Region","country_id":118},{"active":false,"Giataid":"469239","cityId":64920,"cityName":"Osh","hotelId":469239,"hotelName":"Hotel Orto Asia","address":"23 Razakova Avenue,Osh,Kyrgyzstan","phones":"+996322283222","fax":"","email":"reception@ortoasia.kg","url":"http://ortoasia.kg/","countryIso2":"KG","countryName":"Kyrgyzstan","hotelRating":"1","latitude":"40.5648","longitude":"72.8072","state_id":1005,"state_name":"Osh Region","country_id":118},{"active":false,"Giataid":"469398","cityId":64920,"cityName":"Osh","hotelId":469398,"hotelName":"Silk Way Boutique Hotel","address":"Avicenna Street 10,723500 Osh,Kyrgyzstan","phones":"","fax":"","email":"","url":"","countryIso2":"KG","countryName":"Kyrgyzstan","hotelRating":"3","latitude":"40.5565","longitude":"72.8062","state_id":1005,"state_name":"Osh Region","country_id":118},{"active":false,"Giataid":"469479","cityId":64908,"cityName":"Karakol","hotelId":469479,"hotelName":"Dostuk Hotel","address":"Przhevalskogo Street 200,722200 Karakol,Kyrgyzstan","phones":"","fax":"","email":"","url":"http://www.a-hotel.com/kyrgyzstan/karakol-1/463394-dostuk-hotel/","countryIso2":"KG","countryName":"Kyrgyzstan","hotelRating":"1","latitude":"42.5045","longitude":"78.3952","state_id":1002,"state_name":"Issyk-Kul Region","country_id":118},{"active":false,"Giataid":"470226","cityId":64920,"cityName":"Osh","hotelId":470226,"hotelName":"Sunrise Osh","address":"25 Masaliyeva Ave.","phones":"","fax":"","email":"","url":"","countryIso2":"KG","countryName":"Kyrgyzstan","hotelRating":"1","latitude":"40.5356","longitude":"72.8037","state_id":1005,"state_name":"Osh Region","country_id":118},{"active":false,"Giataid":"471248","cityId":64892,"cityName":"Cholpon-Ata","hotelId":471248,"hotelName":"Dolinnka","address":"","phones":"","fax":"","email":"","url":"","countryIso2":"KG","countryName":"Kyrgyzstan","hotelRating":"1","latitude":"42.6135","longitude":"77.0371","state_id":1002,"state_name":"Issyk-Kul Region","country_id":118},{"active":false,"Giataid":"471490","cityId":64920,"cityName":"Osh","hotelId":471490,"hotelName":"Salam Hotel","address":"","phones":"","fax":"","email":"","url":"","countryIso2":"KG","countryName":"Kyrgyzstan","hotelRating":"1","latitude":"40.5242","longitude":"72.8075","state_id":1005,"state_name":"Osh Region","country_id":118},{"active":false,"Giataid":"472768","cityId":64892,"cityName":"Cholpon-Ata","hotelId":472768,"hotelName":"Akun Hotel","address":"","phones":"","fax":"","email":"","url":"","countryIso2":"KG","countryName":"Kyrgyzstan","hotelRating":"1","latitude":"42.6318","longitude":"77.0446","state_id":1002,"state_name":"Issyk-Kul Region","country_id":118},{"active":false,"Giataid":"472863","cityId":64920,"cityName":"Osh","hotelId":472863,"hotelName":"Classic Hotel","address":"Aliyeva Street 143,723500 Osh,Kyrgyzstan","phones":"+996322277077","fax":"+996322270070","email":"reception@classichotel.kg","url":"http://classichotel.kg/","countryIso2":"KG","countryName":"Kyrgyzstan","hotelRating":"4","latitude":"40.5165","longitude":"72.7992","state_id":1005,"state_name":"Osh Region","country_id":118},{"active":false,"Giataid":"473619","cityId":64892,"cityName":"Cholpon-Ata","hotelId":473619,"hotelName":"Aquamarine Inn","address":"Molodezhnaya Street 1a,722110 Cholpon-Ata,Kyrgyzstan","phones":"","fax":"","email":"","url":"","countryIso2":"KG","countryName":"Kyrgyzstan","hotelRating":"1","latitude":"42.64","longitude":"77.0412","state_id":1002,"state_name":"Issyk-Kul Region","country_id":118},{"active":false,"Giataid":"473779","cityId":64908,"cityName":"Karakol","hotelId":473779,"hotelName":"Asfandiar Hotel","address":"Dzhergalinskiy Zaliv,722200 Karakol,Kyrgyzstan","phones":"","fax":"","email":"","url":"","countryIso2":"KG","countryName":"Kyrgyzstan","hotelRating":"1","latitude":"42.5732","longitude":"78.2971","state_id":1002,"state_name":"Issyk-Kul Region","country_id":118},{"active":false,"Giataid":"475061","cityId":64908,"cityName":"Karakol","hotelId":475061,"hotelName":"Hotel Nice","address":"81a Abdrahmanov Street,Karakol,Kyrgyzstan","phones":"+996708559918","fax":"","email":"book@nicekarakol.com","url":"http://nicekarakol.com/","countryIso2":"KG","countryName":"Kyrgyzstan","hotelRating":"1","latitude":"42.4852","longitude":"78.4001","state_id":1002,"state_name":"Issyk-Kul Region","country_id":118},{"active":false,"Giataid":"476033","cityId":null,"cityName":"Bosteri","hotelId":476033,"hotelName":"Evropa Hotel","address":"Centr Otdiha Bor Bor,722103 Bosteri,Kyrgyzstan","phones":"","fax":"","email":"","url":"","countryIso2":"KG","countryName":"Kyrgyzstan","hotelRating":"1","latitude":"42.6614","longitude":"77.1899","state_id":null,"state_name":null,"country_id":null},{"active":false,"Giataid":"623045","cityId":64908,"cityName":"Karakol","hotelId":623045,"hotelName":"Monarch Hotel","address":"Masaliyeva Street,649431 Karakol,Kyrgyzstan","phones":"","fax":"","email":"","url":"","countryIso2":"KG","countryName":"Kyrgyzstan","hotelRating":"3","latitude":"42.4444","longitude":"78.4139","state_id":1002,"state_name":"Issyk-Kul Region","country_id":118},{"active":false,"Giataid":"623048","cityId":null,"cityName":"Kadji Say","hotelId":623048,"hotelName":"Hotel Natalia","address":"Garazhnaya 38,722304 Kaji Say,Kyrgyzstan","phones":"","fax":"","email":"","url":"","countryIso2":"KG","countryName":"Kyrgyzstan","hotelRating":"1","latitude":"42.1617","longitude":"77.1683","state_id":null,"state_name":null,"country_id":null},{"active":false,"Giataid":"623050","cityId":64920,"cityName":"Osh","hotelId":623050,"hotelName":"Ethno Hotel Osh","address":"Isanova Street 127,723510 Osh,Kyrgyzstan","phones":"","fax":"","email":"","url":"","countryIso2":"KG","countryName":"Kyrgyzstan","hotelRating":"1","latitude":"40.5346","longitude":"72.8044","state_id":1005,"state_name":"Osh Region","country_id":118},{"active":false,"Giataid":"623052","cityId":null,"cityName":"Kadji Say","hotelId":623052,"hotelName":"Art Hotel Al Hayat","address":"Dzhumanazarova Street 14,722304 Kaji Say,Kyrgyzstan","phones":"","fax":"","email":"","url":"","countryIso2":"KG","countryName":"Kyrgyzstan","hotelRating":"1","latitude":"42.1622","longitude":"77.1672","state_id":null,"state_name":null,"country_id":null},{"active":false,"Giataid":"623055","cityId":64920,"cityName":"Osh","hotelId":623055,"hotelName":"Ak Shumkar Hotel","address":"Razakova Prospekt 50A,723500 Osh,Kyrgyzstan","phones":"","fax":"","email":"","url":"","countryIso2":"KG","countryName":"Kyrgyzstan","hotelRating":"1","latitude":"40.5346","longitude":"72.8044","state_id":1005,"state_name":"Osh Region","country_id":118},{"active":false,"Giataid":"623369","cityId":64908,"cityName":"Karakol","hotelId":623369,"hotelName":"Asia+","address":"Toktogula 10,722200 Karakol,Kyrgyzstan","phones":"","fax":"","email":"","url":"","countryIso2":"KG","countryName":"Kyrgyzstan","hotelRating":"1","latitude":"42.4782","longitude":"78.3956","state_id":1002,"state_name":"Issyk-Kul Region","country_id":118},{"active":false,"Giataid":"623658","cityId":64908,"cityName":"Karakol","hotelId":623658,"hotelName":"Kapriz Karakol","address":"722207 Karakol,Kyrgyzstan","phones":"+996312905170","fax":"+996312905170","email":"","url":"http://web.archive.org/web/20160816141126/http://www.kapriz.kg/kapriz-karakol","countryIso2":"KG","countryName":"Kyrgyzstan","hotelRating":"1","latitude":"42.4053","longitude":"78.4683","state_id":1002,"state_name":"Issyk-Kul Region","country_id":118},{"active":false,"Giataid":"623909","cityId":64892,"cityName":"Cholpon-Ata","hotelId":623909,"hotelName":"Ak Kalpak Hotel","address":"Akinalieva Street 1,722100 Cholpon Ata,Kyrgyzstan","phones":"","fax":"","email":"","url":"","countryIso2":"KG","countryName":"Kyrgyzstan","hotelRating":"1","latitude":"42.6356","longitude":"77.0733","state_id":1002,"state_name":"Issyk-Kul Region","country_id":118},{"active":false,"Giataid":"623922","cityId":null,"cityName":"Bosteri","hotelId":623922,"hotelName":"Asman Hotel","address":"Bosteri,722101 Bosteri,Kyrgyzstan","phones":"","fax":"","email":"","url":"","countryIso2":"KG","countryName":"Kyrgyzstan","hotelRating":"1","latitude":"42.6538","longitude":"77.1927","state_id":null,"state_name":null,"country_id":null},{"active":false,"Giataid":"623929","cityId":64892,"cityName":"Cholpon-Ata","hotelId":623929,"hotelName":"Light House","address":"Kalysa Street 7,722100 Cholpon Ata,Kyrgyzstan","phones":"+996705358106","fax":"","email":"book@lighthousehotel.asia","url":"http://www.lighthousehotel.asia","countryIso2":"KG","countryName":"Kyrgyzstan","hotelRating":"1","latitude":"42.6356","longitude":"77.0733","state_id":1002,"state_name":"Issyk-Kul Region","country_id":118},{"active":false,"Giataid":"623934","cityId":64908,"cityName":"Karakol","hotelId":623934,"hotelName":"Caravan Hotel","address":"Bektenov Street 110,Cross with Abrakhmanov Street,722200 Karakol,Kyrgyzstan","phones":"+996551229924","fax":"","email":"caravan.karakol@gmail.com","url":"http://caravankarakol.com","countryIso2":"KG","countryName":"Kyrgyzstan","hotelRating":"1","latitude":"42.4963","longitude":"78.3902","state_id":1002,"state_name":"Issyk-Kul Region","country_id":118},{"active":false,"Giataid":"625016","cityId":64891,"cityName":"Bishkek","hotelId":625016,"hotelName":"Ala-Archa Hotel","address":"","phones":"+996312507944","fax":"","email":"","url":"","countryIso2":"KG","countryName":"Kyrgyzstan","hotelRating":"1","latitude":"42.5618","longitude":"74.4831","state_id":1001,"state_name":"Bishkek","country_id":118},{"active":false,"Giataid":"631430","cityId":64908,"cityName":"Karakol","hotelId":631430,"hotelName":"Park Hotel","address":"","phones":"+996392254446","fax":"","email":"","url":"","countryIso2":"KG","countryName":"Kyrgyzstan","hotelRating":"3","latitude":"42.4875","longitude":"78.3905","state_id":1002,"state_name":"Issyk-Kul Region","country_id":118},{"active":false,"Giataid":"676733","cityId":64920,"cityName":"Osh","hotelId":676733,"hotelName":"Biy Ordo Guest House","address":"39 Salieva Street,Osh 714000,Kyrgyzstan","phones":"+996706089089","fax":"","email":"biyordo.office@gmail.com","url":"http://biyordo.com/guesthouse","countryIso2":"KG","countryName":"Kyrgyzstan","hotelRating":"1","latitude":"40.5585","longitude":"72.801","state_id":1005,"state_name":"Osh Region","country_id":118},{"active":false,"Giataid":"676758","cityId":64920,"cityName":"Osh","hotelId":676758,"hotelName":"Bayana Guest House","address":"Lenina Street 286,723500 Osh,Kyrgyzstan","phones":"","fax":"","email":"","url":"http://www.bedandbreakfast.eu/bed-and-breakfast/osh/bayana-guest-house/1521607","countryIso2":"KG","countryName":"Kyrgyzstan","hotelRating":"1","latitude":"40.5227","longitude":"72.8009","state_id":1005,"state_name":"Osh Region","country_id":118},{"active":false,"Giataid":"676770","cityId":64920,"cityName":"Osh","hotelId":676770,"hotelName":"Tes Guest House","address":"Say Boyu Street 5,723500 Osh,Kyrgyzstan","phones":"+996322221548","fax":"","email":"guesthouse@oshtestravel.com","url":"http://www.oshtestravel.com","countryIso2":"KG","countryName":"Kyrgyzstan","hotelRating":"1","latitude":"40.5225","longitude":"72.8023","state_id":1005,"state_name":"Osh Region","country_id":118},{"active":false,"Giataid":"676842","cityId":64908,"cityName":"Karakol","hotelId":676842,"hotelName":"Ayaz","address":"Mkr Voshod Bektenova Street 106,722360 Karakol,Kyrgyzstan","phones":"","fax":"","email":"","url":"","countryIso2":"KG","countryName":"Kyrgyzstan","hotelRating":"1","latitude":"42.5006","longitude":"78.3979","state_id":1002,"state_name":"Issyk-Kul Region","country_id":118},{"active":false,"Giataid":"677239","cityId":64892,"cityName":"Cholpon-Ata","hotelId":677239,"hotelName":"Mini Pansionat Kalinka","address":"M. Auezova Street 4,722100 Cholpon-Ata,Kyrgyzstan","phones":"","fax":"","email":"","url":"","countryIso2":"KG","countryName":"Kyrgyzstan","hotelRating":"1","latitude":"42.6492","longitude":"77.0964","state_id":1002,"state_name":"Issyk-Kul Region","country_id":118},{"active":false,"Giataid":"677556","cityId":64892,"cityName":"Cholpon-Ata","hotelId":677556,"hotelName":"Apple Hostel Cholpon Ata","address":"Sovetskaya 66,Cholpon Ata 722100,Kyrgyzstan","phones":"","fax":"","email":"apple_hostel@mail.ru","url":"http://www.applehostel.kg","countryIso2":"KG","countryName":"Kyrgyzstan","hotelRating":"1","latitude":"42.65","longitude":"77.0876","state_id":1002,"state_name":"Issyk-Kul Region","country_id":118},{"active":false,"Giataid":"677571","cityId":64892,"cityName":"Cholpon-Ata","hotelId":677571,"hotelName":"Goluboi Issyk Kul","address":"Sovetskaya Street 1B,Cholpon-Ata,Kyrgyzstan","phones":"","fax":"","email":"","url":"","countryIso2":"KG","countryName":"Kyrgyzstan","hotelRating":"1","latitude":"42.6356","longitude":"77.0733","state_id":1002,"state_name":"Issyk-Kul Region","country_id":118},{"active":false,"Giataid":"677695","cityId":64892,"cityName":"Cholpon-Ata","hotelId":677695,"hotelName":"Cottage at Kapriz Rezort","address":"Baktuu Dolonotu,Kapriz Resort territory,Cholpon Ata 722100,Kyrgyzstan","phones":"","fax":"","email":"","url":"","countryIso2":"KG","countryName":"Kyrgyzstan","hotelRating":"1","latitude":"42.6356","longitude":"77.0733","state_id":1002,"state_name":"Issyk-Kul Region","country_id":118},{"active":false,"Giataid":"724679","cityId":64908,"cityName":"Karakol","hotelId":724679,"hotelName":"Madanur Hotel","address":"201 Toktogul Street,722200 Karakol,Kyrgyzstan","phones":"+996777757757","fax":"","email":"travel.plus55@gmail.com","url":"http://karakolvisit.com/en","countryIso2":"KG","countryName":"Kyrgyzstan","hotelRating":"1","latitude":"42.4849","longitude":"78.3825","state_id":1002,"state_name":"Issyk-Kul Region","country_id":118},{"active":false,"Giataid":"724739","cityId":64892,"cityName":"Cholpon-Ata","hotelId":724739,"hotelName":"Resort Center Raduga","address":"Issyk-Kul Rcdegion,Sary-Oi Village,Cholpon-Ata,Kyrgyzstan","phones":"+996394358031","fax":"","email":"rcraduga@mail.ru","url":"","countryIso2":"KG","countryName":"Kyrgyzstan","hotelRating":"1","latitude":"42.6356","longitude":"77.0733","state_id":1002,"state_name":"Issyk-Kul Region","country_id":118},{"active":false,"Giataid":"726819","cityId":64891,"cityName":"Bishkek","hotelId":726819,"hotelName":"Club Strelets Hotel","address":"Bayalinova Street 44,220054 Bishkek,Kyrgyzstan","phones":"","fax":"","email":"","url":"","countryIso2":"KG","countryName":"Kyrgyzstan","hotelRating":"1","latitude":"42.8925","longitude":"74.6039","state_id":1001,"state_name":"Bishkek","country_id":118},{"active":false,"Giataid":"728540","cityId":64891,"cityName":"Bishkek","hotelId":728540,"hotelName":"IO Hotel","address":"Baitik Baatyr Street 1/4,720005 Bishkek,Kyrgyzstan","phones":"","fax":"","email":"","url":"","countryIso2":"KG","countryName":"Kyrgyzstan","hotelRating":"1","latitude":"42.8324","longitude":"74.6076","state_id":1001,"state_name":"Bishkek","country_id":118},{"active":false,"Giataid":"729836","cityId":64891,"cityName":"Bishkek","hotelId":729836,"hotelName":"Tunduk Hostel","address":"Kubanskyi 46/1,720000 Bishkek,Kyrgyzstan","phones":"","fax":"","email":"info@tunduk-hostel.kg","url":"http://www.tunduk-hostel.kg","countryIso2":"KG","countryName":"Kyrgyzstan","hotelRating":"1","latitude":"42.8438","longitude":"74.6237","state_id":1001,"state_name":"Bishkek","country_id":118},{"active":false,"Giataid":"732657","cityId":64891,"cityName":"Bishkek","hotelId":732657,"hotelName":"Madison Hotel","address":"Kiev Street 210,720001 Bishkek,Chuy,Kyrgyzstan","phones":"+996312962000","fax":"","email":"hotel@madison.kg","url":"http://www.hotels.com/ho678255968","countryIso2":"KG","countryName":"Kyrgyzstan","hotelRating":"1","latitude":"42.8658","longitude":"74.6014","state_id":1001,"state_name":"Bishkek","country_id":118},{"active":false,"Giataid":"737791","cityId":64891,"cityName":"Bishkek","hotelId":737791,"hotelName":"Bugu Hotel","address":"Umetaliev Street 98,720001 Bishkek,Kyrgyzstan","phones":"+996312892050","fax":"","email":"buguhotel@gmail.com","url":"http://www.buguhotel.kg","countryIso2":"KG","countryName":"Kyrgyzstan","hotelRating":"1","latitude":"42.8789","longitude":"74.5817","state_id":1001,"state_name":"Bishkek","country_id":118},{"active":false,"Giataid":"738442","cityId":64891,"cityName":"Bishkek","hotelId":738442,"hotelName":"Bridges Hotel","address":"Kalyk Akiev Street 10,Crd Bokonbaev Street,Bishkek,Kyrgyzstan","phones":"+996709808880","fax":"","email":"info@bridges.kg","url":"http://bridges.kg","countryIso2":"KG","countryName":"Kyrgyzstan","hotelRating":"1","latitude":"42.8658","longitude":"74.6014","state_id":1001,"state_name":"Bishkek","country_id":118},{"active":false,"Giataid":"739187","cityId":64891,"cityName":"Bishkek","hotelId":739187,"hotelName":"Lumarc Hotel","address":"Ulitsa Mikhaila Frunze 122,Bishkek,Kyrgyzstan","phones":"","fax":"","email":"","url":"","countryIso2":"KG","countryName":"Kyrgyzstan","hotelRating":"1","latitude":"42.8658","longitude":"74.6014","state_id":1001,"state_name":"Bishkek","country_id":118},{"active":false,"Giataid":"744469","cityId":64891,"cityName":"Bishkek","hotelId":744469,"hotelName":"Hotel Apartment Al-Salam","address":"Frunze Street 551,Turusbekova 118,720033 Bishkek,Kyrgyzstan","phones":"","fax":"","email":"","url":"","countryIso2":"KG","countryName":"Kyrgyzstan","hotelRating":"1","latitude":"42.8658","longitude":"74.6014","state_id":1001,"state_name":"Bishkek","country_id":118},{"active":false,"Giataid":"747207","cityId":64891,"cityName":"Bishkek","hotelId":747207,"hotelName":"My Hostel Bishkek","address":"8 Microdistrict,12/1 Building 1 Floor,720075 Bishkek,Chui,Kyrgyzstan","phones":"","fax":"","email":"","url":"","countryIso2":"KG","countryName":"Kyrgyzstan","hotelRating":"1","latitude":"42.8359","longitude":"74.6127","state_id":1001,"state_name":"Bishkek","country_id":118},{"active":false,"Giataid":"747355","cityId":64891,"cityName":"Bishkek","hotelId":747355,"hotelName":"Bishkek Park Residence","address":"Kievskaya Street 148,Bishkek Park Mall,Bishkek,Kyrgyzstan","phones":"+996312312012","fax":"","email":"info@bpr.kg","url":"http://www.bpr.kg/en/bishkek-park-residence-2","countryIso2":"KG","countryName":"Kyrgyzstan","hotelRating":"1","latitude":"42.8658","longitude":"74.6014","state_id":1001,"state_name":"Bishkek","country_id":118},{"active":false,"Giataid":"750860","cityId":64891,"cityName":"Bishkek","hotelId":750860,"hotelName":"Art Hotel Bishkek","address":"Leskhoznaya Street 10,720054 Bishkek,Kyrgyzstan","phones":"","fax":"","email":"","url":"http://www.arthotel.kg","countryIso2":"KG","countryName":"Kyrgyzstan","hotelRating":"1","latitude":"42.8658","longitude":"74.6014","state_id":1001,"state_name":"Bishkek","country_id":118},{"active":false,"Giataid":"750950","cityId":64891,"cityName":"Bishkek","hotelId":750950,"hotelName":"Bishkek Centrum Hotel","address":"Ibraimova Street 113,720021 Bishkek,Chui Region,Kyrgyzstan","phones":"+996312986501","fax":"","email":"office@centrumhotel.kg","url":"http://centrumhotel.kg","countryIso2":"KG","countryName":"Kyrgyzstan","hotelRating":"1","latitude":"42.8734","longitude":"74.6195","state_id":1001,"state_name":"Bishkek","country_id":118},{"active":false,"Giataid":"754764","cityId":64891,"cityName":"Bishkek","hotelId":754764,"hotelName":"Smart Hotel Al Hayat","address":"Gogol 116/1,720011 Bishkek,Kyrgyzstan","phones":"","fax":"","email":"","url":"","countryIso2":"KG","countryName":"Kyrgyzstan","hotelRating":"1","latitude":"42.8658","longitude":"74.6014","state_id":1001,"state_name":"Bishkek","country_id":118},{"active":false,"Giataid":"763436","cityId":64908,"cityName":"Karakol","hotelId":763436,"hotelName":"Dinar Sky Hotel","address":"Masalieva Street,Kashka-Suu Gorge,Before Karakol Ski Komplex,Karakol,Kyrgyzstan","phones":"","fax":"","email":"","url":"","countryIso2":"KG","countryName":"Kyrgyzstan","hotelRating":"1","latitude":"42.4852","longitude":"78.4001","state_id":1002,"state_name":"Issyk-Kul Region","country_id":118},{"active":false,"Giataid":"777586","cityId":64891,"cityName":"Bishkek","hotelId":777586,"hotelName":"Sky Ordo Bishkek Hotel","address":"Manas Airport Terminal 2,720062 Bishkek,Kyrgyzstan","phones":"","fax":"","email":"","url":"","countryIso2":"KG","countryName":"Kyrgyzstan","hotelRating":"1","latitude":"42.8658","longitude":"74.6014","state_id":1001,"state_name":"Bishkek","country_id":118},{"active":false,"Giataid":"794444","cityId":64891,"cityName":"Bishkek","hotelId":794444,"hotelName":"Kerben Palace Bishkek","address":"Rostovskaya Street 6,720011 Bishkek,Kyrgyzstan","phones":"","fax":"","email":"","url":"","countryIso2":"KG","countryName":"Kyrgyzstan","hotelRating":"1","latitude":"42.8842","longitude":"74.5645","state_id":1001,"state_name":"Bishkek","country_id":118},{"active":false,"Giataid":"794447","cityId":64891,"cityName":"Bishkek","hotelId":794447,"hotelName":"Ussr Hostel","address":"Chui Prospekt 127,Apartment 132,720000 Bishkek,Kyrgyzstan","phones":"","fax":"","email":"","url":"","countryIso2":"KG","countryName":"Kyrgyzstan","hotelRating":"1","latitude":"42.8757","longitude":"74.6208","state_id":1001,"state_name":"Bishkek","country_id":118},{"active":false,"Giataid":"794509","cityId":64908,"cityName":"Karakol","hotelId":794509,"hotelName":"Hostel Nice","address":"Gebze 76,722200 Karakol,Kyrgyzstan","phones":"","fax":"","email":"","url":"","countryIso2":"KG","countryName":"Kyrgyzstan","hotelRating":"1","latitude":"42.4852","longitude":"78.4001","state_id":1002,"state_name":"Issyk-Kul Region","country_id":118},{"active":false,"Giataid":"794520","cityId":64920,"cityName":"Osh","hotelId":794520,"hotelName":"Hostel Visit Osh","address":"Ulitsa Mamyrova 12G,Osh 723500,Kyrgyzstan","phones":"","fax":"","email":"","url":"","countryIso2":"KG","countryName":"Kyrgyzstan","hotelRating":"1","latitude":"40.5346","longitude":"72.8044","state_id":1005,"state_name":"Osh Region","country_id":118},{"active":false,"Giataid":"794531","cityId":64908,"cityName":"Karakol","hotelId":794531,"hotelName":"Hostel Ilbirs","address":"Manas Street 12,720001 Karakol,Kyrgyzstan","phones":"","fax":"","email":"","url":"","countryIso2":"KG","countryName":"Kyrgyzstan","hotelRating":"1","latitude":"42.4852","longitude":"78.4001","state_id":1002,"state_name":"Issyk-Kul Region","country_id":118},{"active":false,"Giataid":"794537","cityId":64920,"cityName":"Osh","hotelId":794537,"hotelName":"Hostel Tasma","address":"Ulitsa Pamirskaya 49,723500 Osh,Kyrgyzstan","phones":"","fax":"","email":"","url":"","countryIso2":"KG","countryName":"Kyrgyzstan","hotelRating":"1","latitude":"40.5346","longitude":"72.8044","state_id":1005,"state_name":"Osh Region","country_id":118},{"active":false,"Giataid":"794542","cityId":64908,"cityName":"Karakol","hotelId":794542,"hotelName":"Duet Hostel","address":"Karasaev Street 150,Jusaev Street,722200 Karakol,Kyrgyzstan","phones":"+996392259425","fax":"","email":"duetkarakol@gmail.com","url":"https://duetkarakol.wordpress.com","countryIso2":"KG","countryName":"Kyrgyzstan","hotelRating":"1","latitude":"42.4834","longitude":"78.4033","state_id":1002,"state_name":"Issyk-Kul Region","country_id":118},{"active":false,"Giataid":"794549","cityId":64920,"cityName":"Osh","hotelId":794549,"hotelName":"Hostel Inn Osh","address":"Lenin Street 272,423587 Osh,Kyrgyzstan","phones":"","fax":"","email":"","url":"","countryIso2":"KG","countryName":"Kyrgyzstan","hotelRating":"1","latitude":"40.5346","longitude":"72.8044","state_id":1005,"state_name":"Osh Region","country_id":118},{"active":false,"Giataid":"794567","cityId":64891,"cityName":"Bishkek","hotelId":794567,"hotelName":"Hostel 312 Bishkek","address":"Pereulok Chernishevskogo 30,720017 Bishkek,Kyrgyzstan","phones":"","fax":"","email":"","url":"","countryIso2":"KG","countryName":"Kyrgyzstan","hotelRating":"1","latitude":"42.8658","longitude":"74.6014","state_id":1001,"state_name":"Bishkek","country_id":118},{"active":false,"Giataid":"794578","cityId":64891,"cityName":"Bishkek","hotelId":794578,"hotelName":"Boorsok Hostel Bishkek","address":"Ulitsa Manasa 157/2?,720001 Bishkek,Kyrgyzstan","phones":"","fax":"","email":"","url":"","countryIso2":"KG","countryName":"Kyrgyzstan","hotelRating":"1","latitude":"42.8658","longitude":"74.6014","state_id":1001,"state_name":"Bishkek","country_id":118},{"active":false,"Giataid":"794659","cityId":64891,"cityName":"Bishkek","hotelId":794659,"hotelName":"Ocean Mini Hotel","address":"Chuy Avenue 245/1,Office 4,720001 Bishkek,Kyrgyzstan","phones":"","fax":"","email":"","url":"http://oceanhotel.kg","countryIso2":"KG","countryName":"Kyrgyzstan","hotelRating":"1","latitude":"42.8658","longitude":"74.6014","state_id":1001,"state_name":"Bishkek","country_id":118},{"active":false,"Giataid":"794669","cityId":64908,"cityName":"Karakol","hotelId":794669,"hotelName":"Hotel Sunrise","address":"Masaliev Street,722200 Karakol,Kyrgyzstan","phones":"","fax":"","email":"","url":"","countryIso2":"KG","countryName":"Kyrgyzstan","hotelRating":"1","latitude":"42.4852","longitude":"78.4001","state_id":1002,"state_name":"Issyk-Kul Region","country_id":118},{"active":false,"Giataid":"794705","cityId":64908,"cityName":"Karakol","hotelId":794705,"hotelName":"Interhouse Karakol","address":"ul. Salieva 119,722200 Karakol,Kyrgyzstan","phones":"","fax":"","email":"","url":"","countryIso2":"KG","countryName":"Kyrgyzstan","hotelRating":"1","latitude":"42.4852","longitude":"78.4001","state_id":1002,"state_name":"Issyk-Kul Region","country_id":118},{"active":false,"Giataid":"794745","cityId":null,"cityName":"Kadji Say","hotelId":794745,"hotelName":"Hotel Taj Altyn","address":"Ulika Garazhnaia 21,722304 Kaji Say,Kyrgyzstan","phones":"+996700703200","fax":"","email":"tajaltyn@gmail.com","url":"http://www.tajaltyn.com","countryIso2":"KG","countryName":"Kyrgyzstan","hotelRating":"1","latitude":"42.1617","longitude":"77.1683","state_id":null,"state_name":null,"country_id":null},{"active":false,"Giataid":"794823","cityId":64891,"cityName":"Bishkek","hotelId":794823,"hotelName":"Bishkek Homestel","address":"Timiryazeva Street 118,720010 Bishkek,Kyrgyzstan","phones":"+996776987103","fax":"","email":"bishkekhomestel@gmail.com","url":"http://bishkekhomestel.com","countryIso2":"KG","countryName":"Kyrgyzstan","hotelRating":"1","latitude":"42.8658","longitude":"74.6014","state_id":1001,"state_name":"Bishkek","country_id":118},{"active":false,"Giataid":"795398","cityId":64908,"cityName":"Karakol","hotelId":795398,"hotelName":"Sunhouse Hostel","address":"Novostroyka Kyocho 3,722200 Karakol,Kyrgyzstan","phones":"","fax":"","email":"","url":"","countryIso2":"KG","countryName":"Kyrgyzstan","hotelRating":"1","latitude":"42.4733","longitude":"78.4107","state_id":1002,"state_name":"Issyk-Kul Region","country_id":118},{"active":false,"Giataid":"795478","cityId":64920,"cityName":"Osh","hotelId":795478,"hotelName":"La Maison Hostel","address":"Supanaliyeva 77,723500 Osh,Kyrgyzstan","phones":"","fax":"","email":"","url":"http://la-maison-hostel-osh.booked.net/","countryIso2":"KG","countryName":"Kyrgyzstan","hotelRating":"1","latitude":"40.5346","longitude":"72.8044","state_id":1005,"state_name":"Osh Region","country_id":118},{"active":false,"Giataid":"796017","cityId":64891,"cityName":"Bishkek","hotelId":796017,"hotelName":"Green Hostel","address":"Topograficheskiy 9,Bishkek,Kyrgyzstan","phones":"","fax":"","email":"","url":"","countryIso2":"KG","countryName":"Kyrgyzstan","hotelRating":"1","latitude":"42.8502","longitude":"74.6117","state_id":1001,"state_name":"Bishkek","country_id":118},{"active":false,"Giataid":"796127","cityId":64891,"cityName":"Bishkek","hotelId":796127,"hotelName":"Salut","address":"ul. Gogol 1,720021 Bishkek,Kyrgyzstan","phones":"","fax":"","email":"","url":"","countryIso2":"KG","countryName":"Kyrgyzstan","hotelRating":"1","latitude":"42.8658","longitude":"74.6014","state_id":1001,"state_name":"Bishkek","country_id":118},{"active":false,"Giataid":"796512","cityId":null,"cityName":"Bosteri","hotelId":796512,"hotelName":"Talisman Village Hotel","address":"Issyk Kul'skaya Oblast,722316 Bosteri,Kyrgyzstan","phones":"","fax":"","email":"","url":"http://talisman.kg/","countryIso2":"KG","countryName":"Kyrgyzstan","hotelRating":"1","latitude":"42.6538","longitude":"77.1927","state_id":null,"state_name":null,"country_id":null},{"active":false,"Giataid":"796534","cityId":64908,"cityName":"Karakol","hotelId":796534,"hotelName":"Ranger's Hostel on Masaliev","address":"Masaliev Street 339,Kashka-Suu,722208 Karakol,Kyrgyzstan","phones":"","fax":"","email":"","url":"","countryIso2":"KG","countryName":"Kyrgyzstan","hotelRating":"1","latitude":"42.4852","longitude":"78.4001","state_id":1002,"state_name":"Issyk-Kul Region","country_id":118},{"active":false,"Giataid":"796568","cityId":64892,"cityName":"Cholpon-Ata","hotelId":796568,"hotelName":"Mini Pansionat Maksat","address":"Orozova Street 1a,722100 Cholpon-Ata,Kyrgyzstan","phones":"","fax":"","email":"","url":"","countryIso2":"KG","countryName":"Kyrgyzstan","hotelRating":"1","latitude":"42.6356","longitude":"77.0733","state_id":1002,"state_name":"Issyk-Kul Region","country_id":118},{"active":false,"Giataid":"796613","cityId":64920,"cityName":"Osh","hotelId":796613,"hotelName":"Tumar","address":"A Shakirova Street 18,723500 Osh,Kyrgyzstan","phones":"","fax":"","email":"","url":"","countryIso2":"KG","countryName":"Kyrgyzstan","hotelRating":"1","latitude":"40.5346","longitude":"72.8044","state_id":1005,"state_name":"Osh Region","country_id":118},{"active":false,"Giataid":"796618","cityId":64891,"cityName":"Bishkek","hotelId":796618,"hotelName":"Compass Hostel","address":"Tynystanov Street 94,720040 Bishkek,Kyrgyzstan","phones":"","fax":"","email":"","url":"","countryIso2":"KG","countryName":"Kyrgyzstan","hotelRating":"1","latitude":"42.8658","longitude":"74.6014","state_id":1001,"state_name":"Bishkek","country_id":118},{"active":false,"Giataid":"796665","cityId":64908,"cityName":"Karakol","hotelId":796665,"hotelName":"Hotel Enirest","address":"Lomonosov Street 125,722200 Karakol,Kyrgyzstan","phones":"","fax":"","email":"","url":"","countryIso2":"KG","countryName":"Kyrgyzstan","hotelRating":"1","latitude":"42.4852","longitude":"78.4001","state_id":1002,"state_name":"Issyk-Kul Region","country_id":118},{"active":false,"Giataid":"796689","cityId":64891,"cityName":"Bishkek","hotelId":796689,"hotelName":"Altyn Hotel","address":"Manas Avenue 30,Bishkek,Kyrgyzstan","phones":"","fax":"","email":"","url":"","countryIso2":"KG","countryName":"Kyrgyzstan","hotelRating":"1","latitude":"42.8658","longitude":"74.6014","state_id":1001,"state_name":"Bishkek","country_id":118},{"active":false,"Giataid":"796694","cityId":64908,"cityName":"Karakol","hotelId":796694,"hotelName":"Karagat Hotel","address":"Abdrahmanov Street 89a,722200 Karakol,Kyrgyzstan","phones":"","fax":"","email":"","url":"","countryIso2":"KG","countryName":"Kyrgyzstan","hotelRating":"1","latitude":"42.4852","longitude":"78.4001","state_id":1002,"state_name":"Issyk-Kul Region","country_id":118},{"active":false,"Giataid":"796710","cityId":null,"cityName":"Bosteri","hotelId":796710,"hotelName":"Eden Hotel","address":"Turtsentr Borbor,722103 Bosteri,Kyrgyzstan","phones":"","fax":"","email":"","url":"","countryIso2":"KG","countryName":"Kyrgyzstan","hotelRating":"1","latitude":"42.6538","longitude":"77.1927","state_id":null,"state_name":null,"country_id":null},{"active":false,"Giataid":"796740","cityId":64891,"cityName":"Bishkek","hotelId":796740,"hotelName":"Hostel Arba","address":"Lieskhoznaia 28,720054 Bishkek,Kyrgyzstan","phones":"","fax":"","email":"","url":"","countryIso2":"KG","countryName":"Kyrgyzstan","hotelRating":"1","latitude":"42.8658","longitude":"74.6014","state_id":1001,"state_name":"Bishkek","country_id":118},{"active":false,"Giataid":"796747","cityId":64908,"cityName":"Karakol","hotelId":796747,"hotelName":"Nomad Hotel","address":"Dzhamansarieva Street 106,Karakol,Kyrgyzstan","phones":"+996312885566","fax":"","email":"nomad.karakol@gmail.com","url":"http://nomadkarakol.com/","countryIso2":"KG","countryName":"Kyrgyzstan","hotelRating":"1","latitude":"42.4852","longitude":"78.4001","state_id":1002,"state_name":"Issyk-Kul Region","country_id":118},{"active":false,"Giataid":"797075","cityId":64891,"cityName":"Bishkek","hotelId":797075,"hotelName":"Centre Hostel","address":"Radishcheva 22,Crosses The Street,Karasayeva (Sait. Friendship),720005 Bishkek,Kyrgyzstan","phones":"+996557607780","fax":"","email":"centrekg@gmail.com","url":"http://www.centre.kg","countryIso2":"KG","countryName":"Kyrgyzstan","hotelRating":"1","latitude":"42.8658","longitude":"74.6014","state_id":1001,"state_name":"Bishkek","country_id":118},{"active":false,"Giataid":"797586","cityId":64891,"cityName":"Bishkek","hotelId":797586,"hotelName":"Central Hostel Bishkek","address":"Chuy Avenue 227,720011 Bishkek,Kyrgyzstan","phones":"+996776901060","fax":"","email":"centralhostel312@gmail.com","url":"http://hostelkg.com/","countryIso2":"KG","countryName":"Kyrgyzstan","hotelRating":"1","latitude":"42.8658","longitude":"74.6014","state_id":1001,"state_name":"Bishkek","country_id":118},{"active":false,"Giataid":"797598","cityId":64892,"cityName":"Cholpon-Ata","hotelId":797598,"hotelName":"Nomad Yurt Hostel","address":"Ippodromnaya Street 5-1,722100 Cholpon Ata,Kyrgyzstan","phones":"","fax":"","email":"","url":"","countryIso2":"KG","countryName":"Kyrgyzstan","hotelRating":"1","latitude":"42.6356","longitude":"77.0733","state_id":1002,"state_name":"Issyk-Kul Region","country_id":118},{"active":false,"Giataid":"797611","cityId":null,"cityName":"Bosteri","hotelId":797611,"hotelName":"Hotel U Rybaka","address":"Tsentr otdykha Bor bor,Bosteri,Kyrgyzstan","phones":"","fax":"","email":"","url":"","countryIso2":"KG","countryName":"Kyrgyzstan","hotelRating":"1","latitude":"42.6538","longitude":"77.1927","state_id":null,"state_name":null,"country_id":null},{"active":false,"Giataid":"797620","cityId":64891,"cityName":"Bishkek","hotelId":797620,"hotelName":"Carzone","address":"Ulitsa Karasayeva 95,720005 Bischkek,Kyrgyzstan","phones":"","fax":"","email":"","url":"","countryIso2":"KG","countryName":"Kyrgyzstan","hotelRating":"1","latitude":"42.8658","longitude":"74.6014","state_id":1001,"state_name":"Bishkek","country_id":118},{"active":false,"Giataid":"797895","cityId":64891,"cityName":"Bishkek","hotelId":797895,"hotelName":"Silk Way Hostel","address":"Erkindik Avenue 119,720040 Bishkek,Kyrgyzstan","phones":"","fax":"","email":"","url":"","countryIso2":"KG","countryName":"Kyrgyzstan","hotelRating":"1","latitude":"42.8658","longitude":"74.6014","state_id":1001,"state_name":"Bishkek","country_id":118},{"active":false,"Giataid":"798600","cityId":64920,"cityName":"Osh","hotelId":798600,"hotelName":"Hostel Osh Backpackers","address":"General Nurmatov B 32/32A,723500 Osh,Kyrgyzstan","phones":"","fax":"","email":"","url":"","countryIso2":"KG","countryName":"Kyrgyzstan","hotelRating":"1","latitude":"40.5346","longitude":"72.8044","state_id":1005,"state_name":"Osh Region","country_id":118},{"active":false,"Giataid":"799871","cityId":64891,"cityName":"Bishkek","hotelId":799871,"hotelName":"Hostel City Center","address":"Michurina Street 167A,720014 Bischkek,Kyrgyzstan","phones":"","fax":"","email":"","url":"","countryIso2":"KG","countryName":"Kyrgyzstan","hotelRating":"1","latitude":"42.8658","longitude":"74.6014","state_id":1001,"state_name":"Bishkek","country_id":118},{"active":false,"Giataid":"799903","cityId":64891,"cityName":"Bishkek","hotelId":799903,"hotelName":"Independence Hostels","address":"ul. Togolok 109\\A,Bishkek 720004,Kyrgyzstan","phones":"","fax":"","email":"","url":"","countryIso2":"KG","countryName":"Kyrgyzstan","hotelRating":"1","latitude":"42.8658","longitude":"74.6014","state_id":1001,"state_name":"Bishkek","country_id":118},{"active":false,"Giataid":"799907","cityId":64891,"cityName":"Bishkek","hotelId":799907,"hotelName":"Hostel Jam Bishkek","address":"Abay Street 35,720054 Bishkek,Kyrgyzstan","phones":"","fax":"","email":"","url":"","countryIso2":"KG","countryName":"Kyrgyzstan","hotelRating":"1","latitude":"42.8658","longitude":"74.6014","state_id":1001,"state_name":"Bishkek","country_id":118},{"active":false,"Giataid":"799962","cityId":64920,"cityName":"Osh","hotelId":799962,"hotelName":"Dos Dom","address":"Suyumbaev,Osh,Kyrgyzstan","phones":"","fax":"","email":"","url":"","countryIso2":"KG","countryName":"Kyrgyzstan","hotelRating":"1","latitude":"40.5346","longitude":"72.8044","state_id":1005,"state_name":"Osh Region","country_id":118},{"active":false,"Giataid":"801989","cityId":64908,"cityName":"Karakol","hotelId":801989,"hotelName":"Intour Karakol","address":"ulitsa Tret'yakevicha 139,g.Karakol,722200 Karakol,Kyrgyzstan","phones":"","fax":"","email":"","url":"","countryIso2":"KG","countryName":"Kyrgyzstan","hotelRating":"1","latitude":"42.4852","longitude":"78.4001","state_id":1002,"state_name":"Issyk-Kul Region","country_id":118},{"active":false,"Giataid":"803309","cityId":64920,"cityName":"Osh","hotelId":803309,"hotelName":"Biy Ordo Hotel & Hostel","address":"Masalieva Street 78,714000 Osh,Kyrgyzstan","phones":"","fax":"","email":"","url":"","countryIso2":"KG","countryName":"Kyrgyzstan","hotelRating":"1","latitude":"40.5346","longitude":"72.8044","state_id":1005,"state_name":"Osh Region","country_id":118},{"active":false,"Giataid":"805303","cityId":64908,"cityName":"Karakol","hotelId":805303,"hotelName":"Hotel Akmaral","address":"Kokensova Street 70,722200 Karakol,Issyk-Kul Region,Kyrgyzstan","phones":"+996392255050","fax":"","email":"hotelakmaral@bk.ru","url":"http://akmaral.kg","countryIso2":"KG","countryName":"Kyrgyzstan","hotelRating":"1","latitude":"42.4852","longitude":"78.4001","state_id":1002,"state_name":"Issyk-Kul Region","country_id":118},{"active":false,"Giataid":"805349","cityId":64908,"cityName":"Karakol","hotelId":805349,"hotelName":"Hostel Dom","address":"????????? 144,722200 Karakol,Kyrgyzstan","phones":"","fax":"","email":"","url":"","countryIso2":"KG","countryName":"Kyrgyzstan","hotelRating":"1","latitude":"42.4852","longitude":"78.4001","state_id":1002,"state_name":"Issyk-Kul Region","country_id":118},{"active":false,"Giataid":"805413","cityId":null,"cityName":"Kadji Say","hotelId":805413,"hotelName":"Legenda Health Resort","address":"Ozernaya Street 1,720001 Kaji-Say,Kyrgyzstan","phones":"","fax":"","email":"","url":"","countryIso2":"KG","countryName":"Kyrgyzstan","hotelRating":"1","latitude":"42.1617","longitude":"77.1683","state_id":null,"state_name":null,"country_id":null},{"active":false,"Giataid":"805854","cityId":64891,"cityName":"Bishkek","hotelId":805854,"hotelName":"Boorsok City Centre","address":"Logvinenko Street 10,720010 Bischkek,Kyrgyzstan","phones":"","fax":"","email":"","url":"","countryIso2":"KG","countryName":"Kyrgyzstan","hotelRating":"1","latitude":"42.8658","longitude":"74.6014","state_id":1001,"state_name":"Bishkek","country_id":118},{"active":false,"Giataid":"806860","cityId":64892,"cityName":"Cholpon-Ata","hotelId":806860,"hotelName":"Inn Kochevnik","address":"Akimalieva,District Golubo,Issyk Kul,722100 Cholpon-Ata,Kyrgyzstan","phones":"+996701545474","fax":"","email":"kochevnik.otel@mail.ru","url":"http://issyk-kul.me","countryIso2":"KG","countryName":"Kyrgyzstan","hotelRating":"1","latitude":"42.6356","longitude":"77.0733","state_id":1002,"state_name":"Issyk-Kul Region","country_id":118},{"active":false,"Giataid":"809241","cityId":64908,"cityName":"Karakol","hotelId":809241,"hotelName":"Hillside Karakol","address":"Salieva Street 152,722200 Karakol,Kyrgyzstan","phones":"","fax":"","email":"","url":"","countryIso2":"KG","countryName":"Kyrgyzstan","hotelRating":"1","latitude":"42.4852","longitude":"78.4001","state_id":1002,"state_name":"Issyk-Kul Region","country_id":118},{"active":false,"Giataid":"809297","cityId":64908,"cityName":"Karakol","hotelId":809297,"hotelName":"Flamingo Hotel","address":"ul. Pieriesiekaiet,Narinskaja Street,Korol'kova,Karakol,Kyrgyzstan","phones":"","fax":"","email":"","url":"","countryIso2":"KG","countryName":"Kyrgyzstan","hotelRating":"1","latitude":"42.4852","longitude":"78.4001","state_id":1002,"state_name":"Issyk-Kul Region","country_id":118},{"active":false,"Giataid":"810671","cityId":64891,"cityName":"Bishkek","hotelId":810671,"hotelName":"Smart Hostel","address":"Dooronbek Sadyrbaev 339,720000 Bishkek,Kyrgyzstan","phones":"","fax":"","email":"","url":"","countryIso2":"KG","countryName":"Kyrgyzstan","hotelRating":"1","latitude":"42.8658","longitude":"74.6014","state_id":1001,"state_name":"Bishkek","country_id":118},{"active":false,"Giataid":"811988","cityId":64891,"cityName":"Bishkek","hotelId":811988,"hotelName":"Shirin Botanik Hotel","address":"Crossing ul. Shabdan Baatyra & per ul. Ton 741,720000 Bishkek,Kyrgyzstan","phones":"","fax":"","email":"","url":"","countryIso2":"KG","countryName":"Kyrgyzstan","hotelRating":"1","latitude":"42.8658","longitude":"74.6014","state_id":1001,"state_name":"Bishkek","country_id":118},{"active":false,"Giataid":"812831","cityId":64920,"cityName":"Osh","hotelId":812831,"hotelName":"Hotel Shanghai City","address":"General Nurmatov B Street 22,714000 Osh,Kyrgyzstan","phones":"","fax":"","email":"","url":"","countryIso2":"KG","countryName":"Kyrgyzstan","hotelRating":"1","latitude":"40.5346","longitude":"72.8044","state_id":1005,"state_name":"Osh Region","country_id":118},{"active":false,"Giataid":"813053","cityId":64908,"cityName":"Karakol","hotelId":813053,"hotelName":"Tent Hostel","address":"Kydyr Ake 4,722360 Karakol,Kyrgyzstan","phones":"","fax":"","email":"","url":"","countryIso2":"KG","countryName":"Kyrgyzstan","hotelRating":"1","latitude":"42.4852","longitude":"78.4001","state_id":1002,"state_name":"Issyk-Kul Region","country_id":118},{"active":false,"Giataid":"815309","cityId":64908,"cityName":"Karakol","hotelId":815309,"hotelName":"Kbh-Karakol Based Hostel","address":"Koenkozov Street 24,722200 Karakol,Kyrgyzstan","phones":"","fax":"","email":"","url":"","countryIso2":"KG","countryName":"Kyrgyzstan","hotelRating":"1","latitude":"42.4852","longitude":"78.4001","state_id":1002,"state_name":"Issyk-Kul Region","country_id":118},{"active":false,"Giataid":"815321","cityId":64908,"cityName":"Karakol","hotelId":815321,"hotelName":"Hostel on ulitsa Masalieva","address":"Ulica Masalieva 38A,Karakol,Kyrgyzstan","phones":"","fax":"","email":"","url":"","countryIso2":"KG","countryName":"Kyrgyzstan","hotelRating":"1","latitude":"42.4852","longitude":"78.4001","state_id":1002,"state_name":"Issyk-Kul Region","country_id":118},{"active":false,"Giataid":"817387","cityId":64891,"cityName":"Bishkek","hotelId":817387,"hotelName":"Too Ashuu","address":"Zhukeeva Pudovkina 41,Oktyabr,720005 Bishkek,Kyrgyzstan","phones":"","fax":"","email":"","url":"","countryIso2":"KG","countryName":"Kyrgyzstan","hotelRating":"1","latitude":"42.8658","longitude":"74.6014","state_id":1001,"state_name":"Bishkek","country_id":118},{"active":false,"Giataid":"817661","cityId":64892,"cityName":"Cholpon-Ata","hotelId":817661,"hotelName":"Hostel Silk Road","address":"ul. Akmatbay-Ata 1,Kottedj 5,Cholpon Ata,Kyrgyzstan","phones":"","fax":"","email":"","url":"","countryIso2":"KG","countryName":"Kyrgyzstan","hotelRating":"1","latitude":"42.6356","longitude":"77.0733","state_id":1002,"state_name":"Issyk-Kul Region","country_id":118},{"active":false,"Giataid":"818328","cityId":64891,"cityName":"Bishkek","hotelId":818328,"hotelName":"Guest House On Tashieva 43","address":"Orlovskaya Street 43,720055 Bishkek,Kyrgyzstan","phones":"","fax":"","email":"","url":"","countryIso2":"KG","countryName":"Kyrgyzstan","hotelRating":"1","latitude":"42.8658","longitude":"74.6014","state_id":1001,"state_name":"Bishkek","country_id":118},{"active":false,"Giataid":"820144","cityId":64920,"cityName":"Osh","hotelId":820144,"hotelName":"Hostel Nur","address":"Vishnevaya D 38,Osh,Kyrgyzstan","phones":"","fax":"","email":"","url":"","countryIso2":"KG","countryName":"Kyrgyzstan","hotelRating":"1","latitude":"40.5346","longitude":"72.8044","state_id":1005,"state_name":"Osh Region","country_id":118},{"active":false,"Giataid":"820341","cityId":64908,"cityName":"Karakol","hotelId":820341,"hotelName":"Kyrgyzstan Hotel","address":"Masaliev Street 217,722200 Karakol,Kyrgyzstan","phones":"","fax":"","email":"","url":"","countryIso2":"KG","countryName":"Kyrgyzstan","hotelRating":"1","latitude":"42.4852","longitude":"78.4001","state_id":1002,"state_name":"Issyk-Kul Region","country_id":118},{"active":false,"Giataid":"821086","cityId":64920,"cityName":"Osh","hotelId":821086,"hotelName":"Konok Hostel 1","address":"A Shakirova Street,Osh,Kyrgyzstan","phones":"","fax":"","email":"","url":"","countryIso2":"KG","countryName":"Kyrgyzstan","hotelRating":"1","latitude":"40.5346","longitude":"72.8044","state_id":1005,"state_name":"Osh Region","country_id":118},{"active":false,"Giataid":"822793","cityId":64892,"cityName":"Cholpon-Ata","hotelId":822793,"hotelName":"Kapriz Issyk Kul Resort","address":"Baktuu Dolonotu,722100 Cholpon Ata,Kyrgyzstan","phones":"+996312905170","fax":"","email":"reservation@skd.kg","url":"http://www.kapriz.kg/issyk-kul.html","countryIso2":"KG","countryName":"Kyrgyzstan","hotelRating":"1","latitude":"42.645","longitude":"77.1667","state_id":1002,"state_name":"Issyk-Kul Region","country_id":118},{"active":false,"Giataid":"845291","cityId":64891,"cityName":"Bishkek","hotelId":845291,"hotelName":"De'Mar Hotel","address":"3/1 Sverdlovskiy pereulok Bischkek,720000 Bischkek,Kyrgyzstan","phones":"","fax":"","email":"","url":"","countryIso2":"KG","countryName":"Kyrgyzstan","hotelRating":"1","latitude":"42.8866","longitude":"74.5915","state_id":1001,"state_name":"Bishkek","country_id":118},{"active":false,"Giataid":"405201","cityId":64891,"cityName":"Bishkek","hotelId":10061549,"hotelName":"Golden Tulip Bishkek Hotel","address":"37 Isanova Street,720017 Bishkek,Kyrgyzstan","phones":"+996312610707","fax":"","email":"","url":"","countryIso2":"KG","countryName":"Kyrgyzstan","hotelRating":"4","latitude":"42.8713","longitude":"74.5914","state_id":1001,"state_name":"Bishkek","country_id":118},{"active":false,"Giataid":"434768","cityId":64891,"cityName":"Bishkek","hotelId":10067095,"hotelName":"Ambassador","address":"Orozbekov Street 32,720040 Bishkek,Kyrgyzstan","phones":"+996312979898","fax":"","email":"","url":"","countryIso2":"KG","countryName":"Kyrgyzstan","hotelRating":"4","latitude":"42.8658","longitude":"74.6014","state_id":1001,"state_name":"Bishkek","country_id":118},{"active":false,"Giataid":"455932","cityId":64891,"cityName":"Bishkek","hotelId":20002408,"hotelName":"Voyage Hotel Bishkek","address":"Budennogo Street 29,Chuy,720000 Bishkek,Kyrgyzstan","phones":"+996312366336","fax":"","email":"mail@hotelkg.com","url":"http://hotelkg.com","countryIso2":"KG","countryName":"Kyrgyzstan","hotelRating":"3","latitude":"42.8769","longitude":"74.6414","state_id":1001,"state_name":"Bishkek","country_id":118},{"active":false,"Giataid":"463691","cityId":64891,"cityName":"Bishkek","hotelId":20002826,"hotelName":"Futuro","address":"Udmurtskaya Street 13,Cross Chui Avenue,Khivinskaya Street 29,Bishkek 720000,Kyrgyzstan","phones":"+996312986868","fax":"","email":"hotel@futuro.kg","url":"http://www.futuro.kg/en","countryIso2":"KG","countryName":"Kyrgyzstan","hotelRating":"3","latitude":"42.876","longitude":"74.6542","state_id":1001,"state_name":"Bishkek","country_id":118},{"active":false,"Giataid":"159447","cityId":64891,"cityName":"Bishkek","hotelId":20003042,"hotelName":"Jannat Regency","address":"Aaly Tokombaev 21/2,Bishkek,Kyrgyzstan","phones":"+996312909750","fax":"+996312911240","email":"jr.reception@jannat.kg","url":"http://www.jannat.kg/","countryIso2":"KG","countryName":"Kyrgyzstan","hotelRating":"5","latitude":"42.8212","longitude":"74.6169","state_id":1001,"state_name":"Bishkek","country_id":118},{"active":false,"Giataid":"474873","cityId":64891,"cityName":"Bishkek","hotelId":20003250,"hotelName":"Bishkek Villa Hotel","address":"Ulitsa Frunze 559,Shevchenko,Bi?k?k,Kyrgyzstan","phones":"+996558322999","fax":"","email":"reception@villahotel.kg","url":"http://villahotel.kg/","countryIso2":"KG","countryName":"Kyrgyzstan","hotelRating":"0","latitude":"42.882","longitude":"74.5833","state_id":1001,"state_name":"Bishkek","country_id":118},{"active":false,"Giataid":"650437","cityId":64891,"cityName":"Bishkek","hotelId":20003645,"hotelName":"Jannat Resort","address":"Koi-Tash vlg.,Bishkek,Kyrgyzstan","phones":"+996312909749","fax":"","email":"reception@jannat.kg","url":"http://www.jannat.kg/","countryIso2":"KG","countryName":"Kyrgyzstan","hotelRating":"4","latitude":"42.7181","longitude":"74.6651","state_id":1001,"state_name":"Bishkek","country_id":118},{"active":false,"Giataid":"463692","cityId":64891,"cityName":"Bishkek","hotelId":20003879,"hotelName":"Grand Hotel","address":"428 Frunze Street,Bishkek 720009,Kyrgyzstan","phones":"+996312340000","fax":"+996312340114","email":"reception@grandhotel.kg","url":"http://www.grandhotel.kg/en/","countryIso2":"KG","countryName":"Kyrgyzstan","hotelRating":"4","latitude":"42.8813","longitude":"74.5838","state_id":1001,"state_name":"Bishkek","country_id":118},{"active":false,"Giataid":"659834","cityId":64891,"cityName":"Bishkek","hotelId":20004109,"hotelName":"Discovery Hotel Bishkek","address":"Orenburgskiy side street 31,720000 Bishkek,Kyrgyzstan","phones":"+996312563333","fax":"+996312563401","email":"reception@discoveryhotel.kg","url":"http://www.discoveryhotel.kg/en/","countryIso2":"KG","countryName":"Kyrgyzstan","hotelRating":"3","latitude":"42.8572","longitude":"74.5939","state_id":1001,"state_name":"Bishkek","country_id":118},{"active":false,"Giataid":"475820","cityId":64891,"cityName":"Bishkek","hotelId":20004515,"hotelName":"King House Hotel","address":"Chuykova street 4,intersects with Gogolya.,720000 Bishkek,Chuy,Kyrgyzstan","phones":"+996312890662","fax":"","email":"","url":"http://kinghouse.kg/","countryIso2":"KG","countryName":"Kyrgyzstan","hotelRating":"4","latitude":"42.8653","longitude":"74.6216","state_id":1001,"state_name":"Bishkek","country_id":118},{"active":false,"Giataid":"676423","cityId":64891,"cityName":"Bishkek","hotelId":20004847,"hotelName":"Apple Hostel","address":"Chymkentskaya 1B,722110 Bishkek,Kyrgyzstan,Kyrgyzstan","phones":"","fax":"","email":"","url":"","countryIso2":"KG","countryName":"Kyrgyzstan","hotelRating":"0","latitude":"42.8859","longitude":"74.5652","state_id":1001,"state_name":"Bishkek","country_id":118},{"active":false,"Giataid":"623056","cityId":64891,"cityName":"Bishkek","hotelId":20005040,"hotelName":"Hotel Premier","address":"Ulitsa Tolomusha - Okeeva 10,720054 Bishkek,Kyrgyzstan","phones":"","fax":"","email":"","url":"","countryIso2":"KG","countryName":"Kyrgyzstan","hotelRating":"0","latitude":"42.8311","longitude":"74.5841","state_id":1001,"state_name":"Bishkek","country_id":118},{"active":false,"Giataid":"473131","cityId":64891,"cityName":"Bishkek","hotelId":20005233,"hotelName":"Hotel Cities","address":"Akhunbaeva Street 237,720044 Bishkek,Kyrgyzstan","phones":"","fax":"","email":"","url":"","countryIso2":"KG","countryName":"Kyrgyzstan","hotelRating":"0","latitude":"42.8658","longitude":"74.6014","state_id":1001,"state_name":"Bishkek","country_id":118},{"active":false,"Giataid":"724265","cityId":64891,"cityName":"Bishkek","hotelId":20005392,"hotelName":"Interhouse City Centre","address":"Toktogula Kyocho 170A,720001 Bishkek,Kyrgyzstan","phones":"","fax":"","email":"","url":"","countryIso2":"KG","countryName":"Kyrgyzstan","hotelRating":"0","latitude":"42.8726","longitude":"74.5898","state_id":1001,"state_name":"Bishkek","country_id":118},{"active":false,"Giataid":"724661","cityId":64891,"cityName":"Bishkek","hotelId":20005562,"hotelName":"Center Hotel & Apartments","address":"Gorky Street 27/1,720052 Bishkek,Kyrgyzstan","phones":"","fax":"","email":"","url":"","countryIso2":"KG","countryName":"Kyrgyzstan","hotelRating":"0","latitude":"42.857","longitude":"74.6095","state_id":1001,"state_name":"Bishkek","country_id":118},{"active":false,"Giataid":"677557","cityId":64891,"cityName":"Bishkek","hotelId":20005726,"hotelName":"Lions Hostel","address":"Osmonkula Street 14,111111 Bishkek,Kyrgyzstan","phones":"","fax":"","email":"","url":"","countryIso2":"KG","countryName":"Kyrgyzstan","hotelRating":"0","latitude":"42.8695","longitude":"74.6249","state_id":1001,"state_name":"Bishkek","country_id":118},{"active":false,"Giataid":"549859","cityId":64891,"cityName":"Bishkek","hotelId":20005881,"hotelName":"Solutel","address":"Orozbekov Str. 15,720040 Bishkek,Kyrgyzstan","phones":"+996312903030","fax":"","email":"hotel@solutel.kg","url":"http://www.solutel.kg/","countryIso2":"KG","countryName":"Kyrgyzstan","hotelRating":"4","latitude":"42.8684","longitude":"74.6025","state_id":1001,"state_name":"Bishkek","country_id":118},{"active":false,"Giataid":"455997","cityId":64891,"cityName":"Bishkek","hotelId":20006394,"hotelName":"Bishkek Boutique Hotel","address":"Baytik Baatyra Street 67/1,720005 Bishkek,Kyrgyzstan","phones":"+996312593312","fax":"","email":"reservations@bishkek-hotel.com","url":"http://bishkek-hotel.com","countryIso2":"KG","countryName":"Kyrgyzstan","hotelRating":"3","latitude":"42.8597","longitude":"74.6116","state_id":1001,"state_name":"Bishkek","country_id":118},{"active":false,"Giataid":"454140","cityId":64891,"cityName":"Bishkek","hotelId":20007594,"hotelName":"Baikhan Hotel","address":"Leskhoz Street 5,720016 Bishkek,Kyrgyzstan","phones":"+996312913036","fax":"","email":"baikhan.hotel@gmail.com","url":"http://www.baikhan.kg","countryIso2":"KG","countryName":"Kyrgyzstan","hotelRating":"3","latitude":"42.8083","longitude":"74.5926","state_id":1001,"state_name":"Bishkek","country_id":118},{"active":false,"Giataid":"676409","cityId":64891,"cityName":"Bishkek","hotelId":20008181,"hotelName":"Bed & Breakfast","address":"Street Ibraimov 113/1-12,720001 Bishkek,Chui,Kyrgyzstan","phones":"+996312901997","fax":"","email":"bb01111967@gmail.com","url":"http://www.bb.kg","countryIso2":"KG","countryName":"Kyrgyzstan","hotelRating":"0","latitude":"42.8733","longitude":"74.6188","state_id":1001,"state_name":"Bishkek","country_id":118},{"active":false,"Giataid":"623902","cityId":64891,"cityName":"Bishkek","hotelId":20008323,"hotelName":"Richman Hotel","address":"Kulanova Street 3,Kok-Djar,720000 Bishkek,Kyrgyzstan","phones":"+996312691326","fax":"","email":"info-richman@mail.ru","url":"http://richman.kg","countryIso2":"KG","countryName":"Kyrgyzstan","hotelRating":"0","latitude":"42.8321","longitude":"74.6404","state_id":1001,"state_name":"Bishkek","country_id":118},{"active":false,"Giataid":"409612","cityId":64891,"cityName":"Bishkek","hotelId":20008466,"hotelName":"Rich Hotel","address":"Timiryazev 111,720001 Bishkek,Kyrgyzstan","phones":"+996312322038","fax":"","email":"reception@rich.kg","url":"http://rich.kg/","countryIso2":"KG","countryName":"Kyrgyzstan","hotelRating":"3","latitude":"42.8688","longitude":"74.5789","state_id":1001,"state_name":"Bishkek","country_id":118},{"active":false,"Giataid":"623060","cityId":64891,"cityName":"Bishkek","hotelId":20008601,"hotelName":"Garden Hotel","address":"Mederova Street 115,720000 Bishkek,Kyrgyzstan","phones":"+996312545425","fax":"","email":"hotelgardenkg@gmail.com","url":"http://gardenhotel.kg/","countryIso2":"KG","countryName":"Kyrgyzstan","hotelRating":"3","latitude":"42.8521","longitude":"74.6144","state_id":1001,"state_name":"Bishkek","country_id":118},{"active":false,"Giataid":"382885","cityId":64891,"cityName":"Bishkek","hotelId":20008910,"hotelName":"Soluxe Hotel","address":"Kalyk Akiev Street 117,720010Bishkek,Kyrgyzstan","phones":"+996312460775","fax":"","email":"soluxekg@gmail.com","url":"http://www.soluxe.kg","countryIso2":"KG","countryName":"Kyrgyzstan","hotelRating":"3","latitude":"42.8804","longitude":"74.5782","state_id":1001,"state_name":"Bishkek","country_id":118},{"active":false,"Giataid":"623864","cityId":64891,"cityName":"Bishkek","hotelId":20009050,"hotelName":"Vizit Hotel","address":"Akhubaeva Street 21A,720000 Bishkek,Kyrgyzstan","phones":"","fax":"","email":"","url":"","countryIso2":"KG","countryName":"Kyrgyzstan","hotelRating":"0","latitude":"42.8422","longitude":"74.6257","state_id":1001,"state_name":"Bishkek","country_id":118},{"active":false,"Giataid":"623057","cityId":64891,"cityName":"Bishkek","hotelId":20009209,"hotelName":"Astor Hotel","address":"Kurenkeeva Street 186,720040 Bishkek,Kyrgyzstan","phones":"","fax":"","email":"","url":"","countryIso2":"KG","countryName":"Kyrgyzstan","hotelRating":"0","latitude":"42.8891","longitude":"74.6053","state_id":1001,"state_name":"Bishkek","country_id":118},{"active":false,"Giataid":"610104","cityId":64891,"cityName":"Bishkek","hotelId":20009333,"hotelName":"Orion Hotel Bishkek","address":"Erkindik Boulevard 21,720040 Bishkek,Kyrgyzstan","phones":"+996312986916","fax":"","email":"info@orionbishkek.com","url":"http://www.orionbishkek.com","countryIso2":"KG","countryName":"Kyrgyzstan","hotelRating":"5","latitude":"42.8685","longitude":"74.6071","state_id":1001,"state_name":"Bishkek","country_id":118},{"active":false,"Giataid":"611389","cityId":64891,"cityName":"Bishkek","hotelId":20009478,"hotelName":"My Hotel","address":"Grazhdanskaya Street 29,720001 Bishkek,Kyrgyzstan","phones":"+996312900477","fax":"","email":"reservations@myhotelbishkek.com","url":"http://myhotelbishkek.com/","countryIso2":"KG","countryName":"Kyrgyzstan","hotelRating":"3","latitude":"42.876","longitude":"74.6361","state_id":1001,"state_name":"Bishkek","country_id":118},{"active":false,"Giataid":"56414","cityId":64891,"cityName":"Bishkek","hotelId":20009526,"hotelName":"Silk Road Lodge","address":"229 Abdymomunova str.,Bishkek 720033,Kyrgyzstan","phones":"+996312324889","fax":"+996312324895","email":"silkroad@celestial.com.kg","url":"http://www.silkroad.com.kg/","countryIso2":"KG","countryName":"Kyrgyzstan","hotelRating":"3","latitude":"42.8804","longitude":"74.5941","state_id":1001,"state_name":"Bishkek","country_id":118},{"active":false,"Giataid":"434769","cityId":64891,"cityName":"Bishkek","hotelId":20009804,"hotelName":"Evropa","address":"Ibraimova Street 70,720021 Bischkek,Kyrgyzstan","phones":"+996312979070","fax":"","email":"hotelevropa@hotelevropa.kg","url":"http://evropa.kg/en","countryIso2":"KG","countryName":"Kyrgyzstan","hotelRating":"4","latitude":"42.872","longitude":"74.6166","state_id":1001,"state_name":"Bishkek","country_id":118},{"active":false,"Giataid":"458693","cityId":64891,"cityName":"Bishkek","hotelId":20009950,"hotelName":"Plaza Hotel Bishkek","address":"Togolok Moldo Street 52,720044 Bishkek,Kyrgyzstan","phones":"+996312651111","fax":"","email":"reception@plazahotel.kg","url":"http://www.plazahotel.kg","countryIso2":"KG","countryName":"Kyrgyzstan","hotelRating":"4","latitude":"42.8799","longitude":"74.596","state_id":1001,"state_name":"Bishkek","country_id":118},{"active":false,"Giataid":"434770","cityId":64891,"cityName":"Bishkek","hotelId":20010074,"hotelName":"Onyx Hotel","address":"Gorkogo Street 141,720052Bishkek,Kyrgyzstan","phones":"","fax":"","email":"onyx@onyxhotel.kg","url":"http://www.onyxhotel.kg","countryIso2":"KG","countryName":"Kyrgyzstan","hotelRating":"4","latitude":"42.8576","longitude":"74.5878","state_id":1001,"state_name":"Bishkek","country_id":118},{"active":false,"Giataid":"475239","cityId":64891,"cityName":"Bishkek","hotelId":20011225,"hotelName":"Remi hotel","address":"Pervomayskaya 1,Street intersection Sovetskaya and Pervomayskaya,744331 Bishkek,Kyrgyzstan","phones":"","fax":"","email":"","url":"","countryIso2":"KG","countryName":"Kyrgyzstan","hotelRating":"0","latitude":"42.9326","longitude":"74.6097","state_id":1001,"state_name":"Bishkek","country_id":118},{"active":false,"Giataid":"463695","cityId":64891,"cityName":"Bishkek","hotelId":20011320,"hotelName":"Green City","address":"16  Mir Avenue,720000 Bishkek,Kyrgyzstan","phones":"+996312878750","fax":"","email":"reservations@greencity.kg","url":"http://hotel.greencity.kg/index.php/en/","countryIso2":"KG","countryName":"Kyrgyzstan","hotelRating":"4","latitude":"42.8595","longitude":"74.5872","state_id":1001,"state_name":"Bishkek","country_id":118},{"active":false,"Giataid":"422481","cityId":64891,"cityName":"Bishkek","hotelId":20011634,"hotelName":"City Hotel Bishkek","address":"Baitik Baatyr Street 34,Bishkek 720003,Kyrgyzstan","phones":"+996312976262","fax":"","email":"","url":"http://city-hotel.kg/en","countryIso2":"KG","countryName":"Kyrgyzstan","hotelRating":"4","latitude":"42.8489","longitude":"74.6086","state_id":1001,"state_name":"Bishkek","country_id":118},{"active":false,"Giataid":"677874","cityId":64891,"cityName":"Bishkek","hotelId":20011752,"hotelName":"Travel House","address":"Toktonalieva Street Bishkek 80-41,720052 Bishkek,Kyrgyzstan","phones":"","fax":"","email":"","url":"","countryIso2":"KG","countryName":"Kyrgyzstan","hotelRating":"0","latitude":"42.8445","longitude":"74.5919","state_id":1001,"state_name":"Bishkek","country_id":118},{"active":false,"Giataid":"623053","cityId":64891,"cityName":"Bishkek","hotelId":20011871,"hotelName":"Friendship Hotel","address":"Frunze 429b,720000 Bishkek,Kyrgyzstan","phones":"","fax":"","email":"","url":"","countryIso2":"KG","countryName":"Kyrgyzstan","hotelRating":"0","latitude":"42.8814","longitude":"74.6179","state_id":1001,"state_name":"Bishkek","country_id":118},{"active":false,"Giataid":"724378","cityId":64891,"cityName":"Bishkek","hotelId":20012128,"hotelName":"Baitour Complex","address":"Dolina Cuucamyra Km 156,Panfilovskii District,724424 Bishkek,Kyrgyzstan","phones":"","fax":"","email":"","url":"","countryIso2":"KG","countryName":"Kyrgyzstan","hotelRating":"0","latitude":"42.8624","longitude":"74.5641","state_id":1001,"state_name":"Bishkek","country_id":118},{"active":false,"Giataid":"409613","cityId":64891,"cityName":"Bishkek","hotelId":20012259,"hotelName":"Holiday Hotel Bishkek","address":"Abdrahmanov Street 204,720140 Bishkek,Kyrgyzstan","phones":"+996312976161","fax":"","email":"reservations@holiday.kg","url":"http://www.holiday.kg","countryIso2":"KG","countryName":"Kyrgyzstan","hotelRating":"4","latitude":"42.8793","longitude":"74.6108","state_id":1001,"state_name":"Bishkek","country_id":118},{"active":false,"Giataid":"426846","cityId":64891,"cityName":"Bishkek","hotelId":20012385,"hotelName":"Deluxe Hotel","address":"Gorkogo Street 129,Chuy,720005Bishkek,Kyrgyzstan","phones":"+996312903777","fax":"","email":"reception@deluxehotel.kg","url":"http://www.deluxehotel.kg","countryIso2":"KG","countryName":"Kyrgyzstan","hotelRating":"4","latitude":"42.8576","longitude":"74.5931","state_id":1001,"state_name":"Bishkek","country_id":118},{"active":false,"Giataid":"724453","cityId":64891,"cityName":"Bishkek","hotelId":20012513,"hotelName":"Capsule Hotel","address":"Razzakova Street 2,720040 Bishkek,Kyrgyzstan","phones":"+996556227789","fax":"","email":"capsule.bishkek@gmail.com","url":"http://capsulehotel.kg","countryIso2":"KG","countryName":"Kyrgyzstan","hotelRating":"2","latitude":"42.8649","longitude":"74.6035","state_id":1001,"state_name":"Bishkek","country_id":118},{"active":false,"Giataid":"677561","cityId":64891,"cityName":"Bishkek","hotelId":20012611,"hotelName":"Hotel Kausar","address":"Kurganskaya Strada 51,720033 Bishkek,Kyrgyzstan","phones":"+996550790850","fax":"","email":"kaysar.hotel@gmail.com","url":"http://www.kausarhotel.kg","countryIso2":"KG","countryName":"Kyrgyzstan","hotelRating":"3","latitude":"42.895","longitude":"74.5987","state_id":1001,"state_name":"Bishkek","country_id":118},{"active":false,"Giataid":"677565","cityId":64891,"cityName":"Bishkek","hotelId":20013671,"hotelName":"Yin Yang","address":"Turusbekova Street 6/1,720065 Bishkek,Kyrgyzstan","phones":"","fax":"","email":"","url":"","countryIso2":"KG","countryName":"Kyrgyzstan","hotelRating":"0","latitude":"42.8679","longitude":"74.5837","state_id":1001,"state_name":"Bishkek","country_id":118},{"active":false,"Giataid":"455022","cityId":64891,"cityName":"Bishkek","hotelId":20013920,"hotelName":"Urmat Ordo","address":"Isanova Street 85,720000 Bishkek,Kyrgyzstan","phones":"+996312311883","fax":"+996312311884","email":"urmatordo@mail.ru","url":"http://urmatordo.kg/","countryIso2":"KG","countryName":"Kyrgyzstan","hotelRating":"3","latitude":"42.8748","longitude":"74.5918","state_id":1001,"state_name":"Bishkek","country_id":118},{"active":false,"Giataid":"623047","cityId":64891,"cityName":"Bishkek","hotelId":20014077,"hotelName":"Damas International Hotel","address":"Zhumabek Street 107,720000 Bishkek,Kyrgyzstan","phones":"","fax":"","email":"","url":"","countryIso2":"KG","countryName":"Kyrgyzstan","hotelRating":"4","latitude":"42.8824","longitude":"74.6161","state_id":1001,"state_name":"Bishkek","country_id":118},{"active":false,"Giataid":"473406","cityId":64891,"cityName":"Bishkek","hotelId":20014161,"hotelName":"Touristan 2 Hotel","address":"Bokonbaeva Street 194,720017 Bishkek,Kyrgyzstan","phones":"+996312880081","fax":"+996312880082","email":"hotel2@touristan.kg","url":"http://www.touristan.kg/2_en","countryIso2":"KG","countryName":"Kyrgyzstan","hotelRating":"0","latitude":"42.8678","longitude":"74.5816","state_id":1001,"state_name":"Bishkek","country_id":118},{"active":false,"Giataid":"475661","cityId":64891,"cityName":"Bishkek","hotelId":20014438,"hotelName":"Lavitor Hotel & Bar","address":"Bayalinova 166a,Bishkek 720014,Kyrgyzstan","phones":"+996558404660","fax":"","email":"lavitorhotel@gmail.com","url":"http://www.lavitorhotel.com","countryIso2":"KG","countryName":"Kyrgyzstan","hotelRating":"0","latitude":"42.8929","longitude":"74.5788","state_id":1001,"state_name":"Bishkek","country_id":118},{"active":false,"Giataid":"677283","cityId":64891,"cityName":"Bishkek","hotelId":20014584,"hotelName":"Guesthouse Kirghizasia","address":"Jamanbayev Street 19/4,720044 Bishkek,Kyrgyzstan","phones":"+996773502474","fax":"","email":"kirghizasia@gmail.com","url":"http://www.kirghizasia.com","countryIso2":"KG","countryName":"Kyrgyzstan","hotelRating":"0","latitude":"42.8497","longitude":"74.5877","state_id":1001,"state_name":"Bishkek","country_id":118},{"active":false,"Giataid":"475899","cityId":64891,"cityName":"Bishkek","hotelId":20014717,"hotelName":"Interhouse Hotel","address":"Manas avenue 91/1,720001 Bishkek,Kyrgyzstan","phones":"+996705123456","fax":"","email":"interhouse.kg@gmail.com","url":"","countryIso2":"KG","countryName":"Kyrgyzstan","hotelRating":"2","latitude":"42.8802","longitude":"74.5887","state_id":1001,"state_name":"Bishkek","country_id":118},{"active":false,"Giataid":"676740","cityId":64891,"cityName":"Bishkek","hotelId":20014861,"hotelName":"Gostinitsa Flora Park","address":"ul Kiyevskaya 39,Bishkek 720000,Kyrgyzstan","phones":"","fax":"","email":"","url":"","countryIso2":"KG","countryName":"Kyrgyzstan","hotelRating":"0","latitude":"42.8745","longitude":"74.6127","state_id":1001,"state_name":"Bishkek","country_id":118},{"active":false,"Giataid":"458101","cityId":64891,"cityName":"Bishkek","hotelId":20014984,"hotelName":"Shah Palace Hotel","address":"Ulitsa Koenkozova Street 110,720040 Bishkek,Kyrgyzstan","phones":"+996312986822","fax":"","email":"reservation@shahpalace.kg","url":"http://www.shahpalace.kg","countryIso2":"KG","countryName":"Kyrgyzstan","hotelRating":"3","latitude":"42.8806","longitude":"74.5937","state_id":1001,"state_name":"Bishkek","country_id":118},{"active":false,"Giataid":"473249","cityId":64891,"cityName":"Bishkek","hotelId":20015098,"hotelName":"Supara Chunkurchak","address":"Chunkurchak tract,Alamedin region,Chui oblast,Kyrgyzstan","phones":"+996554961414","fax":"","email":"chunkurchak@supara.kg","url":"http://chunkurchak.supara.kg/en","countryIso2":"KG","countryName":"Kyrgyzstan","hotelRating":"0","latitude":"42.642","longitude":"74.6301","state_id":1001,"state_name":"Bishkek","country_id":118},{"active":false,"Giataid":"681839","cityId":64891,"cityName":"Bishkek","hotelId":20015216,"hotelName":"Hotel Lulu","address":"Baytik Baatyr Street 70,720005 Bishkek,Kyrgyzstan","phones":"","fax":"","email":"","url":"","countryIso2":"KG","countryName":"Kyrgyzstan","hotelRating":"3","latitude":"42.8545","longitude":"74.6099","state_id":1001,"state_name":"Bishkek","country_id":118}]