[{"active":false,"Giataid":"627389","cityId":null,"cityName":"Kolwezi","hotelId":627389,"hotelName":"Kampi Ya Boma","address":"Jollie Site,Airport Road,Kolwezi,Congo, Democratic Republic (ex. Zaire)","phones":"+243992663579","fax":"","email":"resv@copperbeltlodges.com","url":"http://www.copperbeltlodges.com/","countryIso2":"CD","countryName":"Congo, Democratic Republic (ex. Zaire)","hotelRating":"1","latitude":"-10.7476","longitude":"25.5191","state_id":null,"state_name":null,"country_id":null},{"active":false,"Giataid":"627427","cityId":null,"cityName":"Kisantu","hotelId":627427,"hotelName":"Residence Hotel Mbambu","address":"28 Avenue Du Marche,Inkisi,Congo, Democratic Republic (ex. Zaire)","phones":"","fax":"","email":"","url":"","countryIso2":"CD","countryName":"Congo, Democratic Republic (ex. Zaire)","hotelRating":"1","latitude":"0","longitude":"0","state_id":null,"state_name":null,"country_id":null},{"active":false,"Giataid":"726014","cityId":null,"cityName":"Kolwezi","hotelId":726014,"hotelName":"Hotel Moon Palace Kolwezi","address":"4351 Route Likasi- Bloc Sep Congo,Kolwezi,Lualaba,Congo, Democratic Republic (ex. Zaire)","phones":"","fax":"","email":"","url":"","countryIso2":"CD","countryName":"Congo, Democratic Republic (ex. Zaire)","hotelRating":"1","latitude":"-10.7476","longitude":"25.5191","state_id":null,"state_name":null,"country_id":null},{"active":false,"Giataid":"810865","cityId":null,"cityName":"Kolwezi","hotelId":810865,"hotelName":"Sun Africa Resort","address":"229 Route Likasi,Quartier Musompo,Commune Monica,Kolwezi,Congo, Democratic Republic (ex. Zaire)","phones":"","fax":"","email":"booking@sunafricaresort.com","url":"http://sunafricaresort.com","countryIso2":"CD","countryName":"Congo, Democratic Republic (ex. Zaire)","hotelRating":"1","latitude":"-10.7476","longitude":"25.5191","state_id":null,"state_name":null,"country_id":null},{"active":false,"Giataid":"912200","cityId":null,"cityName":"Kolwezi","hotelId":20281913,"hotelName":"Colibri Inn Hotel","address":"27 Colibri Street,Corner Prof Joseph Yav Avenue,Kolwezi,Congo, Democratic Republic (ex. Zaire)","phones":"","fax":"","email":"kolwezi@lodgecolibri.com","url":"http://www.lodgecolibri.com","countryIso2":"CD","countryName":"Congo, Democratic Republic (ex. Zaire)","hotelRating":"0","latitude":"-10.7476","longitude":"25.5191","state_id":null,"state_name":null,"country_id":null},{"active":false,"Giataid":"989873","cityId":null,"cityName":"Kolwezi","hotelId":20426542,"hotelName":"Hotel Bercail","address":"Avenue Kajama,Kolwezi,Congo, Democratic Republic (ex. Zaire)","phones":"","fax":"","email":"","url":"","countryIso2":"CD","countryName":"Congo, Democratic Republic (ex. Zaire)","hotelRating":"1","latitude":"-10.7347","longitude":"25.5009","state_id":null,"state_name":null,"country_id":null},{"active":false,"Giataid":"989987","cityId":null,"cityName":"Kolwezi","hotelId":20426548,"hotelName":"Zevro Hotel","address":"6A Rue De Soudeur,Kolwezi,Congo, Democratic Republic (ex. Zaire)","phones":"","fax":"","email":"","url":"","countryIso2":"CD","countryName":"Congo, Democratic Republic (ex. Zaire)","hotelRating":"1","latitude":"-10.7347","longitude":"25.5009","state_id":null,"state_name":null,"country_id":null},{"active":false,"Giataid":"989897","cityId":null,"cityName":"Kolwezi","hotelId":20426551,"hotelName":"Hotel 3W","address":"1249 Avenue Maman Yemo Coin Avenue Salongo,Kolwezi,Congo, Democratic Republic (ex. Zaire)","phones":"","fax":"","email":"","url":"","countryIso2":"CD","countryName":"Congo, Democratic Republic (ex. Zaire)","hotelRating":"1","latitude":"-10.7347","longitude":"25.5009","state_id":null,"state_name":null,"country_id":null}]