[{"active":false,"Giataid":"144551","cityId":144,"cityName":"Codrington","hotelId":144551,"hotelName":"Lighthouse Bay Resort","address":"Low Bay,Codrington,Barbuda,Antigua and Barbuda","phones":"","fax":"","email":"","url":"","countryIso2":"AG","countryName":"Antigua and Barbuda","hotelRating":"4","latitude":"17.6517","longitude":"-61.854","state_id":3708,"state_name":"Barbuda","country_id":10},{"active":false,"Giataid":"515299","cityId":144,"cityName":"Codrington","hotelId":515299,"hotelName":"Barbuda Belle","address":"","phones":"","fax":"","email":"","url":"","countryIso2":"AG","countryName":"Antigua and Barbuda","hotelRating":"1","latitude":"17.6784","longitude":"-61.8651","state_id":3708,"state_name":"Barbuda","country_id":10},{"active":false,"Giataid":"613446","cityId":144,"cityName":"Codrington","hotelId":613446,"hotelName":"Barbuda Belle Luxury Beach Hotel","address":"Cedar Tree Point,Codrington Lagoon Park,Codrington,Barbuda,Antigua and Barbuda","phones":"","fax":"","email":"info@barbudabelle.com","url":"http://www.barbudabelle.com/","countryIso2":"AG","countryName":"Antigua and Barbuda","hotelRating":"1","latitude":"17.7155","longitude":"-61.8689","state_id":3708,"state_name":"Barbuda","country_id":10},{"active":false,"Giataid":"677853","cityId":32393,"cityName":"Antigua","hotelId":20000156,"hotelName":"South Coast Ocean View Apartments","address":"Brooks Estate,Cades Bay,Antigua & Barbuda,Antigua,Antigua and Barbuda","phones":"+12685604933","fax":"","email":"","url":"http://www.southcoastoceanviewapartments.com","countryIso2":"AG","countryName":"Antigua and Barbuda","hotelRating":"0","latitude":"17.025","longitude":"-61.8688","state_id":1185,"state_name":"Canary Islands","country_id":207},{"active":false,"Giataid":"61740","cityId":7089,"cityName":"Runaway Bay","hotelId":20000194,"hotelName":"Sunset Cove","address":"Runaway Bay,St. John�s,Antigua and Barbuda","phones":"+12684623762","fax":"+12684622684","email":"sunset@caribbeanhighlights.com","url":"http://caribbeanhighlights.com/sunset/default.htm","countryIso2":"AG","countryName":"Antigua and Barbuda","hotelRating":"3","latitude":"17.1468","longitude":"-61.8558","state_id":3905,"state_name":"Queensland","country_id":14},{"active":false,"Giataid":"724220","cityId":32393,"cityName":"Antigua","hotelId":20000570,"hotelName":"Vine Cottages","address":"Picadilly Road,English Harbour Town,Cobbs Cross,Antigua,Antigua and Barbuda","phones":"+12687649265","fax":"","email":"info@vinecottages.com","url":"http://vinecottages.com","countryIso2":"AG","countryName":"Antigua and Barbuda","hotelRating":"3","latitude":"17.025","longitude":"-61.8688","state_id":1185,"state_name":"Canary Islands","country_id":207},{"active":false,"Giataid":"18674","cityId":7089,"cityName":"Runaway Bay","hotelId":20000699,"hotelName":"Paradise Beach Cottages","address":"PO Box 1300,Runaway Bay,Saint John�s,Antigua and Barbuda","phones":"+12687715520","fax":"","email":"","url":"","countryIso2":"AG","countryName":"Antigua and Barbuda","hotelRating":"0","latitude":"17.144","longitude":"-61.8571","state_id":3905,"state_name":"Queensland","country_id":14},{"active":false,"Giataid":"295802","cityId":7089,"cityName":"Runaway Bay","hotelId":20000859,"hotelName":"Barrymore Beach Club","address":"Runaway Bay,P.O. Box 1774,St. John's,Antigua and Barbuda","phones":"","fax":"","email":"","url":"","countryIso2":"AG","countryName":"Antigua and Barbuda","hotelRating":"0","latitude":"17.1464","longitude":"-61.856","state_id":3905,"state_name":"Queensland","country_id":14},{"active":false,"Giataid":"724821","cityId":32393,"cityName":"Antigua","hotelId":20002471,"hotelName":"Coco Rose Guest House Bed and Breakfast","address":"Old Road,Cades Bay,Antigua and Barbuda","phones":"+126856204","fax":"","email":"cocorose5626104@live.com","url":"http://www.cocoroseguesthouse.com","countryIso2":"AG","countryName":"Antigua and Barbuda","hotelRating":"0","latitude":"17.025","longitude":"-61.8688","state_id":1185,"state_name":"Canary Islands","country_id":207},{"active":false,"Giataid":"976856","cityId":32393,"cityName":"Antigua","hotelId":20389191,"hotelName":"Villa Nazareth","address":"Antigua,Jolly Harbour,Antigua and Barbuda","phones":"","fax":"","email":"","url":"","countryIso2":"AG","countryName":"Antigua and Barbuda","hotelRating":"0","latitude":"17.0456","longitude":"-61.8776","state_id":1185,"state_name":"Canary Islands","country_id":207}]