[{"active":false,"Giataid":"458687","cityId":67753,"cityName":"Rosso","hotelId":458687,"hotelName":"Hotel Mauritour","address":"Lot 78 Medina1,Rosso,Nouakchott,Mauritania","phones":"","fax":"","email":"","url":"","countryIso2":"MR","countryName":"Mauritania","hotelRating":"1","latitude":"16.5123","longitude":"-15.8049","state_id":3348,"state_name":"Trarza Region","country_id":139},{"active":false,"Giataid":"474133","cityId":67750,"cityName":"Kiffa","hotelId":474133,"hotelName":"Auberge Le Phare du Desert","address":"","phones":"","fax":"","email":"","url":"","countryIso2":"MR","countryName":"Mauritania","hotelRating":"1","latitude":"16.6247","longitude":"-11.3993","state_id":3349,"state_name":"Assaba Region","country_id":139},{"active":false,"Giataid":"474936","cityId":67751,"cityName":"Nouadhibou","hotelId":474936,"hotelName":"Hotel Aljazira","address":"556 Boulevard Maritime,Nouadhibou,Mauritanie,Mauritania","phones":"","fax":"","email":"","url":"","countryIso2":"MR","countryName":"Mauritania","hotelRating":"1","latitude":"20.9179","longitude":"-17.0442","state_id":3346,"state_name":"Dakhlet Nouadhibou","country_id":139},{"active":false,"Giataid":"623483","cityId":67751,"cityName":"Nouadhibou","hotelId":623483,"hotelName":"Apparts Hotel Esma","address":"Quartier Dubai ilot 327,Nouadhibou,Mauritania","phones":"","fax":"","email":"","url":"","countryIso2":"MR","countryName":"Mauritania","hotelRating":"1","latitude":"20.9333","longitude":"-17.0381","state_id":3346,"state_name":"Dakhlet Nouadhibou","country_id":139},{"active":false,"Giataid":"623496","cityId":67751,"cityName":"Nouadhibou","hotelId":623496,"hotelName":"Hotel Sahel","address":"Boulevard Maritime,Nouadhibou,Mauritania","phones":"+22245743857","fax":"","email":"reservation@hotel-shael.com","url":"http://www.hotel-sahel.com/","countryIso2":"MR","countryName":"Mauritania","hotelRating":"1","latitude":"20.9224","longitude":"-17.042","state_id":3346,"state_name":"Dakhlet Nouadhibou","country_id":139},{"active":false,"Giataid":"798012","cityId":67751,"cityName":"Nouadhibou","hotelId":798012,"hotelName":"Hotel Tasiast","address":"Boulevard Maritime J25,BP 4350,Nouadhibou,Mauritania","phones":"+22245745107","fax":"+22245745104","email":"hoteltasiast@hoteltasiast.com","url":"http://www.hoteltasiast.com","countryIso2":"MR","countryName":"Mauritania","hotelRating":"1","latitude":"20.9333","longitude":"-17.0381","state_id":3346,"state_name":"Dakhlet Nouadhibou","country_id":139},{"active":false,"Giataid":"798701","cityId":67751,"cityName":"Nouadhibou","hotelId":798701,"hotelName":"Centre de Peche Sportive et de Loisirs","address":"Cabano 4,Nouadhibou,Mauritania","phones":"","fax":"","email":"","url":"","countryIso2":"MR","countryName":"Mauritania","hotelRating":"1","latitude":"20.9333","longitude":"-17.0381","state_id":3346,"state_name":"Dakhlet Nouadhibou","country_id":139},{"active":false,"Giataid":"936656","cityId":67751,"cityName":"Nouadhibou","hotelId":20351244,"hotelName":"El Medina","address":"Zone Dubai Lot 72,Ext. P5,BP 4350,Nouadhibou,Mauritania","phones":"","fax":"","email":"","url":"","countryIso2":"MR","countryName":"Mauritania","hotelRating":"0","latitude":"20.9333","longitude":"-17.0381","state_id":3346,"state_name":"Dakhlet Nouadhibou","country_id":139},{"active":false,"Giataid":"936666","cityId":67751,"cityName":"Nouadhibou","hotelId":20351253,"hotelName":"Hotel Prestige","address":"Avenue Boulevard Maritime,BP 551,Nouadhibou,Mauritania","phones":"","fax":"","email":"","url":"","countryIso2":"MR","countryName":"Mauritania","hotelRating":"0","latitude":"20.9333","longitude":"-17.0381","state_id":3346,"state_name":"Dakhlet Nouadhibou","country_id":139}]