[{"active":false,"Giataid":"3935","cityId":114867,"cityName":"Crown Point","hotelId":3935,"hotelName":"Arthurs","address":"","phones":"","fax":"","email":"","url":"","countryIso2":"TT","countryName":"Trinidad and Tobago","hotelRating":"1","latitude":"11.1566","longitude":"-60.8318","state_id":1440,"state_name":"Indiana","country_id":233},{"active":false,"Giataid":"3937","cityId":114867,"cityName":"Crown Point","hotelId":3937,"hotelName":"Coco Reef Resort & Spa","address":"Coconut Bay,P.O. Box 434,Crown Point,Trinidad and Tobago","phones":"+18686398571","fax":"+18686398574","email":"cocoreef-tobago@trinidad.net","url":"http://www.cocoreef.com","countryIso2":"TT","countryName":"Trinidad and Tobago","hotelRating":"4","latitude":"11.1568","longitude":"-60.8389","state_id":1440,"state_name":"Indiana","country_id":233},{"active":false,"Giataid":"3939","cityId":4279,"cityName":"Black Rock","hotelId":3939,"hotelName":"Grafton Beach Resort","address":"Stonehaven Bay,Black Rock,Scarborough,Trinidad and Tobago","phones":"+18686390191","fax":"+18686390030","email":"grafton@singhs.com","url":"http://graftonbeachresorttobago.com/default.asp?HotelID=95274","countryIso2":"TT","countryName":"Trinidad and Tobago","hotelRating":"3","latitude":"11.2026","longitude":"-60.7854","state_id":3903,"state_name":"Victoria","country_id":14},{"active":false,"Giataid":"9112","cityId":7150,"cityName":"Scarborough","hotelId":9112,"hotelName":"Blue Haven Hotel","address":"Bacolet Bay,Scarborough,Tobago,Trinidad and Tobago","phones":"+18686607400","fax":"+18686607900","email":"reservations@bluehavenhotel.com","url":"http://www.bluehavenhotel.com","countryIso2":"TT","countryName":"Trinidad and Tobago","hotelRating":"4","latitude":"11.1718","longitude":"-60.7246","state_id":3905,"state_name":"Queensland","country_id":14},{"active":false,"Giataid":"14803","cityId":7150,"cityName":"Scarborough","hotelId":14803,"hotelName":"Inn on the Beach","address":"Scarborough,Trinidad and Tobago","phones":"","fax":"","email":"","url":"","countryIso2":"TT","countryName":"Trinidad and Tobago","hotelRating":"2","latitude":"11.187","longitude":"-60.7302","state_id":3905,"state_name":"Queensland","country_id":14},{"active":false,"Giataid":"15009","cityId":114867,"cityName":"Crown Point","hotelId":15009,"hotelName":"James Holiday Resort","address":"Crown Point,Trinidad and Tobago","phones":"","fax":"","email":"","url":"","countryIso2":"TT","countryName":"Trinidad and Tobago","hotelRating":"1","latitude":"11.1524","longitude":"-60.8348","state_id":1440,"state_name":"Indiana","country_id":233},{"active":false,"Giataid":"16070","cityId":4279,"cityName":"Black Rock","hotelId":16070,"hotelName":"Le Grand Courlan Resort & Spa","address":"Stonehaven Bay,Black Rock,Scarborough,Tobago, W.I.,Trinidad and Tobago","phones":"+18686399667","fax":"+18686390030","email":"resort.marketing@singhs.com","url":"http://www.legrandtobago.com/","countryIso2":"TT","countryName":"Trinidad and Tobago","hotelRating":"3","latitude":"11.2019","longitude":"-60.7858","state_id":3903,"state_name":"Victoria","country_id":14},{"active":false,"Giataid":"18251","cityId":7150,"cityName":"Scarborough","hotelId":18251,"hotelName":"Half Moon Blue","address":"Bacolet Bay,Tobago,Trinidad and Tobago","phones":"+18686393551","fax":"+18686396124","email":"HOLIDAYS@HALFMOONBLUE.COM","url":"http://www.halfmoonblue.com/02_labellecreole/labelle_house_history.html","countryIso2":"TT","countryName":"Trinidad and Tobago","hotelRating":"3","latitude":"11.1735","longitude":"-60.7248","state_id":3905,"state_name":"Queensland","country_id":14},{"active":false,"Giataid":"23386","cityId":114867,"cityName":"Crown Point","hotelId":23386,"hotelName":"Tropikist Beach","address":"Old Store Bay Road,Crown Point,Tobago,Trinidad and Tobago","phones":"+18686398512","fax":"+18686399605","email":"tropikist@wow.net","url":"http://www.tropikist.com","countryIso2":"TT","countryName":"Trinidad and Tobago","hotelRating":"3","latitude":"11.1529","longitude":"-60.8437","state_id":1440,"state_name":"Indiana","country_id":233},{"active":false,"Giataid":"31989","cityId":108981,"cityName":"Port of Spain","hotelId":31989,"hotelName":"Kapok","address":"16-18 Cotton Hill,St. Clair,Trinidad,Trinidad and Tobago","phones":"+18686225765","fax":"+18686229677","email":"stay@kapokhotel.com","url":"http://www.kapokhotel.com","countryIso2":"TT","countryName":"Trinidad and Tobago","hotelRating":"3","latitude":"10.675","longitude":"-61.5194","state_id":3363,"state_name":"Port of Spain","country_id":223},{"active":false,"Giataid":"48108","cityId":4279,"cityName":"Black Rock","hotelId":48108,"hotelName":"Fort Bennett Apartments & Studios","address":"NULL","phones":"","fax":"","email":"","url":"","countryIso2":"TT","countryName":"Trinidad and Tobago","hotelRating":"2","latitude":"11.2061","longitude":"-60.7833","state_id":3903,"state_name":"Victoria","country_id":14},{"active":false,"Giataid":"187607","cityId":108981,"cityName":"Port of Spain","hotelId":187607,"hotelName":"Bel Air International Airport","address":"","phones":"","fax":"","email":"","url":"","countryIso2":"TT","countryName":"Trinidad and Tobago","hotelRating":"1","latitude":"10.6643","longitude":"-61.494","state_id":3363,"state_name":"Port of Spain","country_id":223},{"active":false,"Giataid":"368960","cityId":108981,"cityName":"Port of Spain","hotelId":368960,"hotelName":"Airport Suites Hotel","address":"7 Factory Road,Golden Grove,Piarco,Trinidad and Tobago","phones":"+1868669036","fax":"","email":"","url":"","countryIso2":"TT","countryName":"Trinidad and Tobago","hotelRating":"2","latitude":"10.6109","longitude":"-61.3441","state_id":3363,"state_name":"Port of Spain","country_id":223},{"active":false,"Giataid":"368961","cityId":108981,"cityName":"Port of Spain","hotelId":368961,"hotelName":"Crosswinds Villa B And B","address":"","phones":"","fax":"","email":"","url":"","countryIso2":"TT","countryName":"Trinidad and Tobago","hotelRating":"1","latitude":"10.6643","longitude":"-61.494","state_id":3363,"state_name":"Port of Spain","country_id":223},{"active":false,"Giataid":"377065","cityId":7150,"cityName":"Scarborough","hotelId":377065,"hotelName":"Ocean Point Apt. Hotel Tobago","address":"","phones":"","fax":"","email":"","url":"","countryIso2":"TT","countryName":"Trinidad and Tobago","hotelRating":"1","latitude":"11.1728","longitude":"-60.7248","state_id":3905,"state_name":"Queensland","country_id":14},{"active":false,"Giataid":"518175","cityId":108989,"cityName":"Tunapuna","hotelId":518175,"hotelName":"Pax Guest House","address":"","phones":"","fax":"","email":"","url":"","countryIso2":"TT","countryName":"Trinidad and Tobago","hotelRating":"1","latitude":"10.6574","longitude":"-61.3881","state_id":3358,"state_name":"Tunapuna-Piarco Regional Corporation","country_id":223},{"active":false,"Giataid":"520044","cityId":108981,"cityName":"Port of Spain","hotelId":520044,"hotelName":"Palms Hotel Trinidad","address":"35A Eastern Main Road,Arouca,Trinidad and Tobago","phones":"+18686924532","fax":"","email":"info@palmstt.com","url":"http://palmstt.com/","countryIso2":"TT","countryName":"Trinidad and Tobago","hotelRating":"1","latitude":"10.6375","longitude":"-61.3445","state_id":3363,"state_name":"Port of Spain","country_id":223},{"active":false,"Giataid":"520054","cityId":108981,"cityName":"Port of Spain","hotelId":520054,"hotelName":"Gascon Villas","address":"","phones":"","fax":"","email":"","url":"","countryIso2":"TT","countryName":"Trinidad and Tobago","hotelRating":"2","latitude":"10.6424","longitude":"-61.4459","state_id":3363,"state_name":"Port of Spain","country_id":223},{"active":false,"Giataid":"520092","cityId":108981,"cityName":"Port of Spain","hotelId":520092,"hotelName":"La Calypso Guest House","address":"","phones":"","fax":"","email":"","url":"","countryIso2":"TT","countryName":"Trinidad and Tobago","hotelRating":"1","latitude":"10.6643","longitude":"-61.494","state_id":3363,"state_name":"Port of Spain","country_id":223},{"active":false,"Giataid":"526941","cityId":62355,"cityName":"Bethel","hotelId":526941,"hotelName":"Canboulay Villa","address":"","phones":"","fax":"","email":"","url":"","countryIso2":"TT","countryName":"Trinidad and Tobago","hotelRating":"1","latitude":"0","longitude":"0","state_id":3750,"state_name":"Saint Thomas Parish","country_id":108},{"active":false,"Giataid":"660689","cityId":108981,"cityName":"Port of Spain","hotelId":660689,"hotelName":"Samise Villa","address":"47 St. Ann's Road,St. Anns,Port of Spain,Trinidad and Tobago","phones":"+18686829589","fax":"","email":"samisevilla@gmail.com","url":"http://www.samisevilla.com","countryIso2":"TT","countryName":"Trinidad and Tobago","hotelRating":"2","latitude":"10.6813","longitude":"-61.5062","state_id":3363,"state_name":"Port of Spain","country_id":223},{"active":false,"Giataid":"747742","cityId":114867,"cityName":"Crown Point","hotelId":747742,"hotelName":"VIP Holiday Resort","address":"Old Store Bay Road,Bon Accord Village,Crown Point,Trinidad and Tobago","phones":"","fax":"","email":"","url":"","countryIso2":"TT","countryName":"Trinidad and Tobago","hotelRating":"1","latitude":"11.1566","longitude":"-60.8318","state_id":1440,"state_name":"Indiana","country_id":233},{"active":false,"Giataid":"748382","cityId":114867,"cityName":"Crown Point","hotelId":748382,"hotelName":"Ri'Biero's Holiday Apartments","address":"76 Old Store Bay Road,Crown Point,Tobago,Trinidad and Tobago","phones":"","fax":"","email":"","url":"","countryIso2":"TT","countryName":"Trinidad and Tobago","hotelRating":"1","latitude":"11.1566","longitude":"-60.8318","state_id":1440,"state_name":"Indiana","country_id":233},{"active":false,"Giataid":"749087","cityId":114867,"cityName":"Crown Point","hotelId":749087,"hotelName":"Lorna Cottage Sandy Point","address":"Local Road,Store Bay,Crown Point,Trinidad and Tobago","phones":"","fax":"","email":"","url":"","countryIso2":"TT","countryName":"Trinidad and Tobago","hotelRating":"1","latitude":"11.1566","longitude":"-60.8318","state_id":1440,"state_name":"Indiana","country_id":233},{"active":false,"Giataid":"753144","cityId":148403,"cityName":"San Fernando","hotelId":753144,"hotelName":"Royal Hotel","address":"46-54 Royal Road,San Fernando,Trinidad W.I.,Trinidad and Tobago","phones":"+18686523924","fax":"+18686524881","email":"info@royalhoteltt.com","url":"http://royalhoteltt.com","countryIso2":"TT","countryName":"Trinidad and Tobago","hotelRating":"1","latitude":"10.2811","longitude":"-61.4535","state_id":2838,"state_name":"Libertador General Bernardo O'Higgins","country_id":44},{"active":false,"Giataid":"814768","cityId":108981,"cityName":"Port of Spain","hotelId":814768,"hotelName":"Bernies Hostel","address":"20 Delhi St St James,Port of Spain,Trinidad and Tobago","phones":"","fax":"","email":"","url":"","countryIso2":"TT","countryName":"Trinidad and Tobago","hotelRating":"1","latitude":"10.6643","longitude":"-61.494","state_id":3363,"state_name":"Port of Spain","country_id":223},{"active":false,"Giataid":"496311","cityId":126411,"cityName":"Signal Hill","hotelId":10053622,"hotelName":"Faith's Villa Of Tobago","address":"Lot 16 Signal Hill,town of Diamond in Tobago,Tobago,Trinidad and Tobago","phones":"+18686395336","fax":"","email":"","url":"","countryIso2":"TT","countryName":"Trinidad and Tobago","hotelRating":"3","latitude":"11.1725","longitude":"-60.7623","state_id":1416,"state_name":"California","country_id":233},{"active":false,"Giataid":"720330","cityId":108981,"cityName":"Port of Spain","hotelId":10059706,"hotelName":"Noon's Visitor's Accommodation","address":"Queen Street,San Juan Hill,San Juan,Port of Spain,Trinidad and Tobago","phones":"","fax":"","email":"","url":"","countryIso2":"TT","countryName":"Trinidad and Tobago","hotelRating":"1","latitude":"10.6643","longitude":"-61.494","state_id":3363,"state_name":"Port of Spain","country_id":223},{"active":false,"Giataid":"549725","cityId":16611,"cityName":"Les Coteaux","hotelId":10068411,"hotelName":"Greenhaven Cottage Bed & Breakfast","address":"Franklyn Road,Les Coteaux,Trinidad & Tobago,Trinidad and Tobago","phones":"+18683568398","fax":"","email":"","url":"","countryIso2":"TT","countryName":"Trinidad and Tobago","hotelRating":"2","latitude":"11.2199","longitude":"-60.7446","state_id":873,"state_name":"Quebec","country_id":39},{"active":false,"Giataid":"419908","cityId":108981,"cityName":"Port of Spain","hotelId":10069510,"hotelName":"Piarco Village Suites","address":"22 Ramcharan Drive,Factory Road,Piarco,Trinidad and Tobago","phones":"+18687582190","fax":"","email":"","url":"","countryIso2":"TT","countryName":"Trinidad and Tobago","hotelRating":"2","latitude":"10.6122","longitude":"-61.3487","state_id":3363,"state_name":"Port of Spain","country_id":223},{"active":false,"Giataid":"596676","cityId":108981,"cityName":"Port of Spain","hotelId":10069898,"hotelName":"Airport Inn","address":"LP 60 Factory Road,Golden Grove,Piarco,Trinidad and Tobago","phones":"+18686698207","fax":"","email":"","url":"","countryIso2":"TT","countryName":"Trinidad and Tobago","hotelRating":"2","latitude":"10.6112","longitude":"-61.347","state_id":3363,"state_name":"Port of Spain","country_id":223},{"active":false,"Giataid":"603565","cityId":108981,"cityName":"Port of Spain","hotelId":10070326,"hotelName":"Regent Star Hotel","address":"118-119 BWIA Boulevard,Piarco,Trincity,Trinidad and Tobago","phones":"+18686697827","fax":"","email":"","url":"","countryIso2":"TT","countryName":"Trinidad and Tobago","hotelRating":"3","latitude":"10.6051","longitude":"-61.345","state_id":3363,"state_name":"Port of Spain","country_id":223},{"active":false,"Giataid":"685288","cityId":10041,"cityName":"Trinidad","hotelId":10073455,"hotelName":"Amanecer Retreat And Spa","address":"LP 157/3 Upper Lopinot Road La Pastora,Lopinot,Trinidad And Tobago,Trinidad and Tobago","phones":"+18686694459","fax":"","email":"","url":"","countryIso2":"TT","countryName":"Trinidad and Tobago","hotelRating":"1","latitude":"10.6816","longitude":"-61.3262","state_id":3375,"state_name":"Beni Department","country_id":27},{"active":false,"Giataid":"529606","cityId":10041,"cityName":"Trinidad","hotelId":10073462,"hotelName":"Innflight Suites","address":"12 Roedler Road  Piarco Gardens  Piarco Tt,Trinidad,Trinidad and Tobago","phones":"+18682216222","fax":"","email":"","url":"","countryIso2":"TT","countryName":"Trinidad and Tobago","hotelRating":"3","latitude":"10.6144","longitude":"-61.3438","state_id":3375,"state_name":"Beni Department","country_id":27},{"active":false,"Giataid":"504249","cityId":114867,"cityName":"Crown Point","hotelId":10092908,"hotelName":"Summerland Suites","address":"Roberts Street,Bon Accord,Crown Point,Trinidad and Tobago","phones":"+18686315053","fax":"NULL","email":"NULL","url":"NULL","countryIso2":"TT","countryName":"Trinidad and Tobago","hotelRating":"3","latitude":"11.16","longitude":"-60.8277","state_id":1440,"state_name":"Indiana","country_id":233},{"active":false,"Giataid":"513477","cityId":108981,"cityName":"Port of Spain","hotelId":10102703,"hotelName":"Villa Shalom Guest House","address":"Pelham Street & Reid Lane,Belmont,Port of Spain,Trinidad and Tobago","phones":"+18687763046","fax":"NULL","email":"NULL","url":"NULL","countryIso2":"TT","countryName":"Trinidad and Tobago","hotelRating":"2","latitude":"10.667","longitude":"-61.5037","state_id":3363,"state_name":"Port of Spain","country_id":223},{"active":false,"Giataid":"509294","cityId":108981,"cityName":"Port of Spain","hotelId":10110281,"hotelName":"Bayville Holiday Apartment","address":"28 Bay Road,St James,Port of Spain,Trinidad and Tobago","phones":"+18686225750","fax":"NULL","email":"NULL","url":"NULL","countryIso2":"TT","countryName":"Trinidad and Tobago","hotelRating":"3","latitude":"10.6698","longitude":"-61.5367","state_id":3363,"state_name":"Port of Spain","country_id":223},{"active":false,"Giataid":"509805","cityId":108981,"cityName":"Port of Spain","hotelId":10126830,"hotelName":"Inna Citi Place Bed And Breakfast","address":"15 Gaston Johnson Street,Woodbrook,Port of Spain,Trinidad and Tobago","phones":"+18686220415","fax":"NULL","email":"NULL","url":"NULL","countryIso2":"TT","countryName":"Trinidad and Tobago","hotelRating":"2","latitude":"10.6678","longitude":"-61.5306","state_id":3363,"state_name":"Port of Spain","country_id":223},{"active":false,"Giataid":"31990","cityId":108981,"cityName":"Port of Spain","hotelId":20000682,"hotelName":"Pax Guest House","address":"St John Road,Tunapuna,Trinidad,Trinidad and Tobago","phones":"+18686624084","fax":"+18686624084","email":"stay@paxguesthouse.com","url":"http://www.paxguesthouse.com","countryIso2":"TT","countryName":"Trinidad and Tobago","hotelRating":"2","latitude":"10.6549","longitude":"-61.3942","state_id":3363,"state_name":"Port of Spain","country_id":223},{"active":false,"Giataid":"596952","cityId":108981,"cityName":"Port of Spain","hotelId":20000719,"hotelName":"Hislop on the Hill","address":"19-20 Hislop Street,San Juan,Port of Spain,Trinidad and Tobago","phones":"","fax":"","email":"","url":"","countryIso2":"TT","countryName":"Trinidad and Tobago","hotelRating":"2","latitude":"10.6532","longitude":"-61.445","state_id":3363,"state_name":"Port of Spain","country_id":223},{"active":false,"Giataid":"503785","cityId":108981,"cityName":"Port of Spain","hotelId":20000817,"hotelName":"A Suite Escape Guesthouse Trinidad","address":"Westmoorings Blvd, Westmoorings,Port of Spain,Trinidad and Tobago","phones":"+18683576552","fax":"","email":"","url":"http://www.asuiteescapeguesthouse.com/","countryIso2":"TT","countryName":"Trinidad and Tobago","hotelRating":"2","latitude":"10.6829","longitude":"-61.5599","state_id":3363,"state_name":"Port of Spain","country_id":223},{"active":false,"Giataid":"295199","cityId":148403,"cityName":"San Fernando","hotelId":20000928,"hotelName":"Tradewinds Hotel","address":"36-40 London Street,St Joseph Village,San Fernando,Trinidad and Tobago","phones":"+18686529463","fax":"+18686529463","email":"delia@tradewindshotel.com","url":"http://www.tradewindshotel.com","countryIso2":"TT","countryName":"Trinidad and Tobago","hotelRating":"4","latitude":"10.2907","longitude":"-61.4485","state_id":2838,"state_name":"Libertador General Bernardo O'Higgins","country_id":44},{"active":false,"Giataid":"503337","cityId":66169,"cityName":"Grand Riviere","hotelId":20001021,"hotelName":"Le Grand Almandier","address":"2 Hosang Street,Grande Riviere,Trinidad and Tobago","phones":"+18686701013","fax":"+18686702294","email":"info@legrandalmandier.com","url":"http://www.legrandealmandier.com/","countryIso2":"TT","countryName":"Trinidad and Tobago","hotelRating":"3","latitude":"10.8285","longitude":"-61.0507","state_id":3766,"state_name":"Gros Islet Quarter","country_id":186},{"active":false,"Giataid":"509636","cityId":108981,"cityName":"Port of Spain","hotelId":20001114,"hotelName":"Abriannas Inn","address":"43 Jogie Road,Barataria,Port of Spain,Trinidad and Tobago","phones":"","fax":"","email":"","url":"","countryIso2":"TT","countryName":"Trinidad and Tobago","hotelRating":"0","latitude":"10.6459","longitude":"-61.4557","state_id":3363,"state_name":"Port of Spain","country_id":223},{"active":false,"Giataid":"701792","cityId":108980,"cityName":"Point Fortin","hotelId":20001239,"hotelName":"Wildgreen Residence","address":"41 Tanner Street,Point Fortin,Trinidad,Trinidad and Tobago","phones":"","fax":"","email":"","url":"","countryIso2":"TT","countryName":"Trinidad and Tobago","hotelRating":"0","latitude":"10.5384","longitude":"-61.4507","state_id":3360,"state_name":"Point Fortin","country_id":223},{"active":false,"Giataid":"701978","cityId":108981,"cityName":"Port of Spain","hotelId":20001388,"hotelName":"The Illier's","address":"31 Commodore Drive,Westmoorings,Port of Spain,Trinidad and Tobago","phones":"+18686325782","fax":"","email":"theilliers2017now@gmail.com","url":"http://www.theilliers.com/","countryIso2":"TT","countryName":"Trinidad and Tobago","hotelRating":"0","latitude":"10.6643","longitude":"-61.494","state_id":3363,"state_name":"Port of Spain","country_id":223},{"active":false,"Giataid":"595287","cityId":108981,"cityName":"Port of Spain","hotelId":20001589,"hotelName":"Liam's Guest House","address":"8 Corner of Hislop and Nelson Street,San Juan,Port of Spain,Trinidad and Tobago","phones":"","fax":"","email":"","url":"","countryIso2":"TT","countryName":"Trinidad and Tobago","hotelRating":"3","latitude":"10.6524","longitude":"-61.4451","state_id":3363,"state_name":"Port of Spain","country_id":223},{"active":false,"Giataid":"702002","cityId":108981,"cityName":"Port of Spain","hotelId":20001792,"hotelName":"Woodbrook on the Avenue","address":"35 Methuen Street,Woodbrook,Upstairs Unit,Port-of-Spain,Trinidad and Tobago","phones":"","fax":"","email":"","url":"","countryIso2":"TT","countryName":"Trinidad and Tobago","hotelRating":"0","latitude":"10.6643","longitude":"-61.494","state_id":3363,"state_name":"Port of Spain","country_id":223},{"active":false,"Giataid":"520060","cityId":108981,"cityName":"Port of Spain","hotelId":20001958,"hotelName":"Caribbean Tourist Villa Guest House","address":"7 Methuen Street, Woodbrook,Port of Spain,Trinidad and Tobago","phones":"","fax":"","email":"","url":"","countryIso2":"TT","countryName":"Trinidad and Tobago","hotelRating":"0","latitude":"10.6643","longitude":"-61.494","state_id":3363,"state_name":"Port of Spain","country_id":223},{"active":false,"Giataid":"368242","cityId":7150,"cityName":"Scarborough","hotelId":20002141,"hotelName":"Sugar Mill Suites","address":"Tobago Plantations Beach and Golf Resort,PO Box 159,Scarborough,Trinidad and Tobago","phones":"+18688686311054","fax":"+18688686399801","email":"rentals@tobagoplantations.com","url":"http://www.sugarmilltobago.com/home","countryIso2":"TT","countryName":"Trinidad and Tobago","hotelRating":"4","latitude":"11.1437","longitude":"-60.7726","state_id":3905,"state_name":"Queensland","country_id":14},{"active":false,"Giataid":"3938","cityId":114867,"cityName":"Crown Point","hotelId":20002325,"hotelName":"Crown Point Beach","address":"P.O. Box 223,Scarborough,Tobago,Trinidad and Tobago","phones":"+18686398781","fax":"+18686398731","email":"reservations@crownpointbeachhotel.com","url":"http://www.crownpointbeachhotel.com","countryIso2":"TT","countryName":"Trinidad and Tobago","hotelRating":"3","latitude":"11.154","longitude":"-60.8419","state_id":1440,"state_name":"Indiana","country_id":233},{"active":false,"Giataid":"298908","cityId":114867,"cityName":"Crown Point","hotelId":20002755,"hotelName":"Golden Thistle","address":"Store Bay Raod,Crown Point,Trinidad and Tobago","phones":"","fax":"","email":"","url":"","countryIso2":"TT","countryName":"Trinidad and Tobago","hotelRating":"2","latitude":"11.1525","longitude":"-60.836","state_id":1440,"state_name":"Indiana","country_id":233},{"active":false,"Giataid":"701889","cityId":4279,"cityName":"Black Rock","hotelId":20003152,"hotelName":"Hibiscus Heights","address":"6 Horse Shoe Ridge,Pleasant Prospect,Black Rock,Trinidad and Tobago","phones":"+18684715777","fax":"","email":"guestservices@hibiscusheights.com","url":"http://www.hibiscusheights.com/","countryIso2":"TT","countryName":"Trinidad and Tobago","hotelRating":"0","latitude":"11.1994","longitude":"-60.7901","state_id":3903,"state_name":"Victoria","country_id":14},{"active":false,"Giataid":"510400","cityId":4279,"cityName":"Black Rock","hotelId":20003322,"hotelName":"Len & Leona Holiday Hideout","address":"25 Circular Street,Black Rock,Trinidad and Tobago","phones":"","fax":"","email":"","url":"","countryIso2":"TT","countryName":"Trinidad and Tobago","hotelRating":"2","latitude":"11.2046","longitude":"-60.7815","state_id":3903,"state_name":"Victoria","country_id":14},{"active":false,"Giataid":"297798","cityId":126411,"cityName":"Signal Hill","hotelId":20003512,"hotelName":"The Palms Villa Resort","address":"Signal Hill Old Road,P.O. Box 1070,Signal Hill, Tobago,Trinidad and Tobago","phones":"+18686351010","fax":"+18686351011","email":"info@thepalmstobago.com","url":"http://www.thepalmstobago.com/","countryIso2":"TT","countryName":"Trinidad and Tobago","hotelRating":"0","latitude":"11.1771","longitude":"-60.7529","state_id":1416,"state_name":"California","country_id":233},{"active":false,"Giataid":"596956","cityId":114867,"cityName":"Crown Point","hotelId":20004382,"hotelName":"Bananaquit Apartments","address":"Store Bay Local Road,Crown Point,Trinidad and Tobago","phones":"","fax":"","email":"","url":"","countryIso2":"TT","countryName":"Trinidad and Tobago","hotelRating":"2","latitude":"11.1537","longitude":"-60.8366","state_id":1440,"state_name":"Indiana","country_id":233},{"active":false,"Giataid":"546864","cityId":114867,"cityName":"Crown Point","hotelId":20004585,"hotelName":"Shepherd's Inn","address":"Old Store Bay Road,Crown Point,Tobago,Trinidad and Tobago","phones":"","fax":"","email":"","url":"","countryIso2":"TT","countryName":"Trinidad and Tobago","hotelRating":"3","latitude":"11.1566","longitude":"-60.8318","state_id":1440,"state_name":"Indiana","country_id":233},{"active":false,"Giataid":"556935","cityId":114867,"cityName":"Crown Point","hotelId":20004753,"hotelName":"Sandy Point Beach Club","address":"68-70 Store Bay Local Road,Crown Point,Tobago,Trinidad and Tobago","phones":"+18686390820","fax":"+18686318231","email":"reservations@SandyPointBeachClub.com","url":"http://www.sandypointbeachclub.com/","countryIso2":"TT","countryName":"Trinidad and Tobago","hotelRating":"3","latitude":"11.1566","longitude":"-60.8318","state_id":1440,"state_name":"Indiana","country_id":233},{"active":false,"Giataid":"48115","cityId":114867,"cityName":"Crown Point","hotelId":20005131,"hotelName":"Sandy Point","address":"Crown Point,Tobago,Trinidad and Tobago","phones":"+18686398533","fax":"+18686398496","email":"sandypt@tstt.net.tt","url":"http://www.sandypt.net/","countryIso2":"TT","countryName":"Trinidad and Tobago","hotelRating":"2","latitude":"11.1524","longitude":"-60.8445","state_id":1440,"state_name":"Indiana","country_id":233},{"active":false,"Giataid":"491153","cityId":108981,"cityName":"Port of Spain","hotelId":20005282,"hotelName":"Thanna's Place Bed & Breakfast","address":"27 Erthig Road,Queen's Park East,Belmont,Port of Spain,Trinidad and Tobago","phones":"+18686213246","fax":"","email":"info@thannas.com","url":"http://www.thannas.com/","countryIso2":"TT","countryName":"Trinidad and Tobago","hotelRating":"3","latitude":"10.6663","longitude":"-61.5058","state_id":3363,"state_name":"Port of Spain","country_id":223},{"active":false,"Giataid":"511731","cityId":108981,"cityName":"Port of Spain","hotelId":20005483,"hotelName":"Savannah Maison Guest House","address":"148 Belmont Circular Road,Belmont,Port of Spain,Trinidad and Tobago","phones":"","fax":"","email":"","url":"","countryIso2":"TT","countryName":"Trinidad and Tobago","hotelRating":"0","latitude":"10.6673","longitude":"-61.5037","state_id":3363,"state_name":"Port of Spain","country_id":223},{"active":false,"Giataid":"596953","cityId":108981,"cityName":"Port of Spain","hotelId":20006014,"hotelName":"The Cannons of Trinidad and Tobago WI Belmont","address":"29 Brathwaite Street,Port of Spain,Trinidad and Tobago","phones":"+18686828126","fax":"","email":"thecannonstt@gmail.com","url":"http://www.thecannons-tt.com/belmont.html","countryIso2":"TT","countryName":"Trinidad and Tobago","hotelRating":"0","latitude":"10.6556","longitude":"-61.5017","state_id":3363,"state_name":"Port of Spain","country_id":223},{"active":false,"Giataid":"701803","cityId":10041,"cityName":"Trinidad","hotelId":20006180,"hotelName":"Casa Mariposa Bed and Breakfast","address":"58 Via Arouca,Lopinot Settlement,Lopinot,Trinidad,Trinidad and Tobago","phones":"+18686698647","fax":"","email":"info@mariposalopinot.com","url":"http://mariposalopinot.com/casa_mariposa_bed__breakfast","countryIso2":"TT","countryName":"Trinidad and Tobago","hotelRating":"0","latitude":"10.5384","longitude":"-61.4507","state_id":3375,"state_name":"Beni Department","country_id":27},{"active":false,"Giataid":"520046","cityId":108981,"cityName":"Port of Spain","hotelId":20006353,"hotelName":"La Mamre Guest House","address":"Hilltop Drive, Haleland Park,Diego Martin,Trinidad and Tobago","phones":"","fax":"","email":"","url":"","countryIso2":"TT","countryName":"Trinidad and Tobago","hotelRating":"3","latitude":"10.716","longitude":"-61.5066","state_id":3363,"state_name":"Port of Spain","country_id":223},{"active":false,"Giataid":"688652","cityId":10041,"cityName":"Trinidad","hotelId":20006718,"hotelName":"Grand Diamond Hotel Trinidad","address":"LP 12 Golden Grove Road,Piarco,Trinidad,Trinidad and Tobago","phones":"","fax":"","email":"","url":"","countryIso2":"TT","countryName":"Trinidad and Tobago","hotelRating":"0","latitude":"10.5862","longitude":"-61.3383","state_id":3375,"state_name":"Beni Department","country_id":27},{"active":false,"Giataid":"701908","cityId":10041,"cityName":"Trinidad","hotelId":20006885,"hotelName":"Carolyn's View","address":"10 Valiere Road 2,Boissiere,Maraval,Trinidad,Trinidad and Tobago","phones":"+18686223813","fax":"","email":"info@carolynsview.com","url":"http://www.carolynsview.com","countryIso2":"TT","countryName":"Trinidad and Tobago","hotelRating":"0","latitude":"10.5384","longitude":"-61.4507","state_id":3375,"state_name":"Beni Department","country_id":27},{"active":false,"Giataid":"514953","cityId":108981,"cityName":"Port of Spain","hotelId":20007057,"hotelName":"Villa de Rose","address":"3A Borde Street,Port of Spain,Trinidad and Tobago","phones":"","fax":"","email":"","url":"","countryIso2":"TT","countryName":"Trinidad and Tobago","hotelRating":"0","latitude":"10.6596","longitude":"-61.5144","state_id":3363,"state_name":"Port of Spain","country_id":223},{"active":false,"Giataid":"724523","cityId":108981,"cityName":"Port of Spain","hotelId":20007230,"hotelName":"Liam's Guest House On The Avenue","address":"19 De Verteuil Street,Woodbrook,Port of Spain,Trinidad,Trinidad and Tobago","phones":"","fax":"","email":"","url":"","countryIso2":"TT","countryName":"Trinidad and Tobago","hotelRating":"0","latitude":"10.6643","longitude":"-61.494","state_id":3363,"state_name":"Port of Spain","country_id":223},{"active":false,"Giataid":"51449","cityId":108981,"cityName":"Port of Spain","hotelId":20007390,"hotelName":"Carnetta's Inn","address":"99 Saddle Road,Maraval,Trinidad,Trinidad and Tobago","phones":"+18686282732","fax":"+18686287717","email":"info@carnettasinn.com","url":"http://www.carnettasinn.com","countryIso2":"TT","countryName":"Trinidad and Tobago","hotelRating":"2","latitude":"10.7131","longitude":"-61.4999","state_id":3363,"state_name":"Port of Spain","country_id":223},{"active":false,"Giataid":"74447","cityId":4279,"cityName":"Black Rock","hotelId":20007675,"hotelName":"Villas Mirage","address":"Black Rock,Tobago,Trinidad and Tobago","phones":"","fax":"","email":"","url":"","countryIso2":"TT","countryName":"Trinidad and Tobago","hotelRating":"5","latitude":"11.2098","longitude":"-60.7816","state_id":3903,"state_name":"Victoria","country_id":14},{"active":false,"Giataid":"21012","cityId":4279,"cityName":"Black Rock","hotelId":20007828,"hotelName":"Sanctuary Resort & Villas","address":"Grafton Estate,Grafton,Black Rock,Scarborough,Trinidad and Tobago","phones":"","fax":"","email":"","url":"","countryIso2":"TT","countryName":"Trinidad and Tobago","hotelRating":"4","latitude":"11.2042","longitude":"-60.7842","state_id":3903,"state_name":"Victoria","country_id":14},{"active":false,"Giataid":"20643","cityId":114867,"cityName":"Crown Point","hotelId":20008011,"hotelName":"Rovanel's Resort & Conference Centre","address":"Store Bay Local Road,Bon Accord,Crown Point,Trinidad and Tobago","phones":"","fax":"","email":"reservations@rovanelsresort.com","url":"http://www.rovanelsresorttobago.com","countryIso2":"TT","countryName":"Trinidad and Tobago","hotelRating":"3","latitude":"11.1522","longitude":"-60.8197","state_id":1440,"state_name":"Indiana","country_id":233},{"active":false,"Giataid":"188060","cityId":4279,"cityName":"Black Rock","hotelId":20008182,"hotelName":"Jemas Guesthouse","address":"17A New Road,Black Rock western,Black Rock,Trinidad and Tobago","phones":"","fax":"","email":"","url":"http://www.jemas-guesthouse.de","countryIso2":"TT","countryName":"Trinidad and Tobago","hotelRating":"0","latitude":"11.208","longitude":"-60.7809","state_id":3903,"state_name":"Victoria","country_id":14},{"active":false,"Giataid":"520047","cityId":108981,"cityName":"Port of Spain","hotelId":20008464,"hotelName":"Alicia's Palace","address":"1 3/4 Mile Post, Lady Chancellor Road, St. Ann's,Port of Spain,Trinidad and Tobago","phones":"+18686248553","fax":"+18686211016","email":"info@aliciaspalace.com","url":"http://www.aliciaspalace.com/","countryIso2":"TT","countryName":"Trinidad and Tobago","hotelRating":"0","latitude":"10.6533","longitude":"-61.5016","state_id":3363,"state_name":"Port of Spain","country_id":223},{"active":false,"Giataid":"511309","cityId":108981,"cityName":"Port of Spain","hotelId":20008632,"hotelName":"Shalom Guest House","address":"76B Ariapita Road,St Anns,Port of Spain,Trinidad and Tobago","phones":"+18686247982","fax":"","email":"shalomguesthousett@outlook.com","url":"http://shalomguesthousett.com/","countryIso2":"TT","countryName":"Trinidad and Tobago","hotelRating":"2","latitude":"10.6851","longitude":"-61.4958","state_id":3363,"state_name":"Port of Spain","country_id":223},{"active":false,"Giataid":"656233","cityId":10041,"cityName":"Trinidad","hotelId":20008779,"hotelName":"Las Cuevas Beach Lodge","address":"North Coast Road,Las Cuevas Beach Lodge,Las Cuevas,Trinidad and Tobago","phones":"+18686696945","fax":"+18686690552","email":"lascuevasbeachlodge@yahoo.com","url":"http://www.lascuevasbeachlodge.com/","countryIso2":"TT","countryName":"Trinidad and Tobago","hotelRating":"0","latitude":"10.7824","longitude":"-61.3889","state_id":3375,"state_name":"Beni Department","country_id":27},{"active":false,"Giataid":"520094","cityId":108980,"cityName":"Point Fortin","hotelId":20008925,"hotelName":"Clifton Hill Manor Hotel","address":"74 Link View Drive,Clifton Hill,Point Fortin,Trinidad,Trinidad and Tobago","phones":"","fax":"","email":"","url":"","countryIso2":"TT","countryName":"Trinidad and Tobago","hotelRating":"0","latitude":"10.5384","longitude":"-61.4507","state_id":3360,"state_name":"Point Fortin","country_id":223},{"active":false,"Giataid":"520094","cityId":108980,"cityName":"Point Fortin","hotelId":20008925,"hotelName":"Clifton Hill Manor Hotel","address":"74 Link View Drive,Clifton Hill,Point Fortin,Trinidad,Trinidad and Tobago","phones":"","fax":"","email":"","url":"","countryIso2":"TT","countryName":"Trinidad and Tobago","hotelRating":"0","latitude":"10.5384","longitude":"-61.4507","state_id":3360,"state_name":"Point Fortin","country_id":223},{"active":false,"Giataid":"481180","cityId":66169,"cityName":"Grand Riviere","hotelId":20009066,"hotelName":"Acajou Hotel","address":"207 Paria Main Road,Grande Riviere,Toco,Trinidad W.I.,Trinidad and Tobago","phones":"+18686703771","fax":"","email":"info@acajoutrinidad.com","url":"http://www.acajoutrinidad.com","countryIso2":"TT","countryName":"Trinidad and Tobago","hotelRating":"3","latitude":"10.827","longitude":"-61.0492","state_id":3766,"state_name":"Gros Islet Quarter","country_id":186},{"active":false,"Giataid":"503255","cityId":108981,"cityName":"Port of Spain","hotelId":20009489,"hotelName":"Culture Crossroads Inn","address":"Corner Bengal and Delhi Street,Port of Spain,Trinidad and Tobago","phones":"+18686228788","fax":"","email":"culturecrossroadstt@gmail.com","url":"http://www.culturecrossroadstt.com/","countryIso2":"TT","countryName":"Trinidad and Tobago","hotelRating":"0","latitude":"10.6743","longitude":"-61.5299","state_id":3363,"state_name":"Port of Spain","country_id":223},{"active":false,"Giataid":"73249","cityId":108981,"cityName":"Port of Spain","hotelId":20009632,"hotelName":"Coblentz Inn","address":"44 Coblentz Avenue,Cascade,Trinidad,Trinidad and Tobago","phones":"+18686210541","fax":"+18686247566","email":"coblentzinn@tstt.net.tt","url":"http://www.coblentzinn.com","countryIso2":"TT","countryName":"Trinidad and Tobago","hotelRating":"3","latitude":"10.6738","longitude":"-61.5075","state_id":3363,"state_name":"Port of Spain","country_id":223},{"active":false,"Giataid":"702037","cityId":108981,"cityName":"Port of Spain","hotelId":20009776,"hotelName":"Robert's Guesthouse","address":"9 Rust Street,St Clair,Port-of-Spain,Trinidad and Tobago","phones":"","fax":"","email":"","url":"","countryIso2":"TT","countryName":"Trinidad and Tobago","hotelRating":"0","latitude":"10.6643","longitude":"-61.494","state_id":3363,"state_name":"Port of Spain","country_id":223},{"active":false,"Giataid":"630840","cityId":66169,"cityName":"Grand Riviere","hotelId":20009905,"hotelName":"Mc Haven Resort","address":"Corner Bristol,Thomas Street,Grande Riviere,Trinidad and Tobago","phones":"","fax":"","email":"","url":"http://www.mchaventnt.com/","countryIso2":"TT","countryName":"Trinidad and Tobago","hotelRating":"0","latitude":"10.8258","longitude":"-61.0508","state_id":3766,"state_name":"Gros Islet Quarter","country_id":186},{"active":false,"Giataid":"72933","cityId":114867,"cityName":"Crown Point","hotelId":20010186,"hotelName":"Hummingbird","address":"128 Store Bay Local Road,Crown Point,Tobago,Trinidad and Tobago","phones":"+18686350241","fax":"+18686350241","email":"thehummingbird@tstt.net.tt","url":"http://www.hummingbirdhotel.co.uk","countryIso2":"TT","countryName":"Trinidad and Tobago","hotelRating":"0","latitude":"11.1532","longitude":"-60.8279","state_id":1440,"state_name":"Indiana","country_id":233},{"active":false,"Giataid":"503808","cityId":7150,"cityName":"Scarborough","hotelId":20010474,"hotelName":"Ann's Villa","address":"81 Bacolet Street,Scarborough,Trinidad and Tobago","phones":"","fax":"","email":"","url":"","countryIso2":"TT","countryName":"Trinidad and Tobago","hotelRating":"0","latitude":"11.1729","longitude":"-60.7238","state_id":3905,"state_name":"Queensland","country_id":14},{"active":false,"Giataid":"91732","cityId":4279,"cityName":"Black Rock","hotelId":20010605,"hotelName":"Tauchbasis - Extra Divers Black Rock","address":"Stonehaven Bay,Black Rock,Tobago,Trinidad and Tobago","phones":"+18686397424","fax":"","email":"extradiverstobago@gmail.com","url":"http://extradiverstobago.eu/","countryIso2":"TT","countryName":"Trinidad and Tobago","hotelRating":"0","latitude":"11.2014","longitude":"-60.7814","state_id":3903,"state_name":"Victoria","country_id":14},{"active":false,"Giataid":"702116","cityId":108981,"cityName":"Port of Spain","hotelId":20011293,"hotelName":"Calypso Cottage","address":"33A Carlton Avenue,St. James,Port of Spain,Trinidad and Tobago","phones":"+18687609714","fax":"","email":"calypsocottagett@gmail.com","url":"http://www.calypsocottagett.com/","countryIso2":"TT","countryName":"Trinidad and Tobago","hotelRating":"0","latitude":"10.6643","longitude":"-61.494","state_id":3363,"state_name":"Port of Spain","country_id":223},{"active":false,"Giataid":"91372","cityId":10041,"cityName":"Trinidad","hotelId":20011440,"hotelName":"Asa Wright Nature Center","address":"7 3/4M.M. Blanchisseuse Road,Arima,Trinidad and Tobago","phones":"+18686675162","fax":"","email":"localbookings@asawright.org","url":"http://www.asawright.org/","countryIso2":"TT","countryName":"Trinidad and Tobago","hotelRating":"3","latitude":"10.6917","longitude":"-61.2906","state_id":3375,"state_name":"Beni Department","country_id":27},{"active":false,"Giataid":"48112","cityId":66169,"cityName":"Grand Riviere","hotelId":20011705,"hotelName":"Mt. Plaisir Estade","address":"Grande Riviere,Trinidad,Trinidad and Tobago","phones":"+18686701868","fax":"+1868671015","email":"info@mtplaisir.com","url":"http://www.mtplaisir.com","countryIso2":"TT","countryName":"Trinidad and Tobago","hotelRating":"3","latitude":"10.8268","longitude":"-61.0503","state_id":3766,"state_name":"Gros Islet Quarter","country_id":186},{"active":false,"Giataid":"514993","cityId":108981,"cityName":"Port of Spain","hotelId":20011788,"hotelName":"The Cannons of Trinidad and Tobago WI St James","address":"1A Meerut Street,St James,Port Of Spain,Trinidad and Tobago","phones":"","fax":"","email":"thecannonstt@gmail.com","url":"http://www.thecannons-tt.com/","countryIso2":"TT","countryName":"Trinidad and Tobago","hotelRating":"0","latitude":"10.6772","longitude":"-61.5307","state_id":3363,"state_name":"Port of Spain","country_id":223},{"active":false,"Giataid":"508908","cityId":108981,"cityName":"Port of Spain","hotelId":20011893,"hotelName":"Travel Suites Ltd","address":"66A Picton Street Newtown,Port of Spain,Trinidad,Trinidad and Tobago","phones":"","fax":"","email":"","url":"","countryIso2":"TT","countryName":"Trinidad and Tobago","hotelRating":"2","latitude":"10.6652","longitude":"-61.5182","state_id":3363,"state_name":"Port of Spain","country_id":223},{"active":false,"Giataid":"77495","cityId":108981,"cityName":"Port of Spain","hotelId":20012027,"hotelName":"Alicia?s House Limited","address":"7 Coblentz Gardens,St Ann's,Port of Spain,Trinidad,Trinidad and Tobago","phones":"+18686232802","fax":"+18686238560","email":"info@aliciashouse.com","url":"http://www.aliciashouse.com/Alicias_House/Welcome.html","countryIso2":"TT","countryName":"Trinidad and Tobago","hotelRating":"3","latitude":"10.676","longitude":"-61.5083","state_id":3363,"state_name":"Port of Spain","country_id":223},{"active":false,"Giataid":"292802","cityId":108981,"cityName":"Port of Spain","hotelId":20012136,"hotelName":"Brahma Bhuta Guesthouse","address":"5 Waterbridge Road,Diego Martin,Port of Spain,Trinidad and Tobago","phones":"","fax":"","email":"","url":"","countryIso2":"TT","countryName":"Trinidad and Tobago","hotelRating":"0","latitude":"10.724","longitude":"-61.5546","state_id":3363,"state_name":"Port of Spain","country_id":223},{"active":false,"Giataid":"550935","cityId":108981,"cityName":"Port of Spain","hotelId":20012252,"hotelName":"Port Lodge","address":"71 Gloster Lodge Road,Port of Spain,Trinidad,Trinidad and Tobago","phones":"","fax":"","email":"","url":"","countryIso2":"TT","countryName":"Trinidad and Tobago","hotelRating":"3","latitude":"10.6593","longitude":"-61.5014","state_id":3363,"state_name":"Port of Spain","country_id":223},{"active":false,"Giataid":"162803","cityId":108981,"cityName":"Port of Spain","hotelId":20012375,"hotelName":"Melbourne Inn Trinidad","address":"7 French Street,Woodbrook,Port of Spain,Trinidad and Tobago","phones":"","fax":"","email":"","url":"http://www.tripadvisor.com/Hotel_Review-g147389-d263053","countryIso2":"TT","countryName":"Trinidad and Tobago","hotelRating":"2","latitude":"10.66","longitude":"-61.5204","state_id":3363,"state_name":"Port of Spain","country_id":223},{"active":false,"Giataid":"407814","cityId":108981,"cityName":"Port of Spain","hotelId":20012496,"hotelName":"Heritage Inn","address":"7 Coblentz Avenue,Cascade,Port of Spain,Trinidad and Tobago","phones":"+18686215663","fax":"","email":"heritageinntt@yahoo.com","url":"http://www.heritageinntrinidad.com","countryIso2":"TT","countryName":"Trinidad and Tobago","hotelRating":"3","latitude":"10.6749","longitude":"-61.5076","state_id":3363,"state_name":"Port of Spain","country_id":223},{"active":false,"Giataid":"15242","cityId":114867,"cityName":"Crown Point","hotelId":20012620,"hotelName":"Kariwak Village","address":"Store Bay Local Road,Crown Point,Tobago,Trinidad and Tobago","phones":"+18686398442","fax":"","email":"info@kariwak.com","url":"http://www.kariwak.com/","countryIso2":"TT","countryName":"Trinidad and Tobago","hotelRating":"3","latitude":"11.1536","longitude":"-60.8369","state_id":1440,"state_name":"Indiana","country_id":233},{"active":false,"Giataid":"298098","cityId":114867,"cityName":"Crown Point","hotelId":20012751,"hotelName":"Spence Resort Crown Point","address":"Store Bay Local Road,Crown Point,Tobago,Trinidad and Tobago","phones":"+18688686398082","fax":"+18688686315133","email":"spencedreamresort@live.com","url":"http://www.spenceresort.com/","countryIso2":"TT","countryName":"Trinidad and Tobago","hotelRating":"0","latitude":"11.1583","longitude":"-60.8313","state_id":1440,"state_name":"Indiana","country_id":233},{"active":false,"Giataid":"723835","cityId":114867,"cityName":"Crown Point","hotelId":20013249,"hotelName":"Casa Del Sol Tobago","address":"199 Anthony Charles Crescent,Bon Accord,Crown Point,Trinidad and Tobago","phones":"+18683695884","fax":"","email":"casadelsoltobago@gmail.com","url":"http://www.casadelsoltobago.com","countryIso2":"TT","countryName":"Trinidad and Tobago","hotelRating":"0","latitude":"11.157","longitude":"-60.8285","state_id":1440,"state_name":"Indiana","country_id":233},{"active":false,"Giataid":"595347","cityId":126411,"cityName":"Signal Hill","hotelId":20013542,"hotelName":"Walker's Holiday Apartment","address":"Signal Hill,Lambeau,Scarborough,Trinidad and Tobago","phones":"","fax":"","email":"","url":"","countryIso2":"TT","countryName":"Trinidad and Tobago","hotelRating":"2","latitude":"11.1725","longitude":"-60.7606","state_id":1416,"state_name":"California","country_id":233},{"active":false,"Giataid":"595274","cityId":114867,"cityName":"Crown Point","hotelId":20013676,"hotelName":"J&G's Tropical Apartments","address":"Store Bay Branch Road,Bon Accord,Crown Point,Tobago,Trinidad and Tobago","phones":"+18687599776","fax":"","email":"jgapts@outlook.com","url":"","countryIso2":"TT","countryName":"Trinidad and Tobago","hotelRating":"2","latitude":"11.1547","longitude":"-60.835","state_id":1440,"state_name":"Indiana","country_id":233},{"active":false,"Giataid":"486343","cityId":114867,"cityName":"Crown Point","hotelId":20014451,"hotelName":"Chic - The Boutique Hotel and Conference Centre","address":"16-17 Mount Pleasant Boulevard,Bon Accord Village,Crown Point,Trinidad and Tobago","phones":"+18686318961","fax":"","email":"reservations@chictobago.com","url":"http://www.chictobago.com/","countryIso2":"TT","countryName":"Trinidad and Tobago","hotelRating":"3","latitude":"11.1595","longitude":"-60.8278","state_id":1440,"state_name":"Indiana","country_id":233},{"active":false,"Giataid":"546774","cityId":7150,"cityName":"Scarborough","hotelId":20014582,"hotelName":"The Marion Villa","address":"7 Bacolet Bay,Scarborough,Trinidad and Tobago","phones":"+18682123350529","fax":"","email":"hi@themarionvilla.com","url":"http://www.themarionvilla.com","countryIso2":"TT","countryName":"Trinidad and Tobago","hotelRating":"4","latitude":"11.1718","longitude":"-60.7225","state_id":3905,"state_name":"Queensland","country_id":14},{"active":false,"Giataid":"489015","cityId":114867,"cityName":"Crown Point","hotelId":20014745,"hotelName":"Lesville Tobago","address":"28 Feeder Road,Orville Moore,Canaan,Crown Point,Trinidad and Tobago","phones":"+18686390629","fax":"+18686608691","email":"orvmoore@hotmail.com","url":"http://www.lesvilletobago.com/","countryIso2":"TT","countryName":"Trinidad and Tobago","hotelRating":"2","latitude":"11.162","longitude":"-60.8092","state_id":1440,"state_name":"Indiana","country_id":233},{"active":false,"Giataid":"521873","cityId":114867,"cityName":"Crown Point","hotelId":20015686,"hotelName":"C & A Seashell Villa","address":"Villa 127 Anthony Charles Crescent,Bon Accord Village,Crown Point,Trinidad and Tobago","phones":"","fax":"","email":"","url":"","countryIso2":"TT","countryName":"Trinidad and Tobago","hotelRating":"0","latitude":"11.1607","longitude":"-60.834","state_id":1440,"state_name":"Indiana","country_id":233},{"active":false,"Giataid":"520097","cityId":108980,"cityName":"Point Fortin","hotelId":20016139,"hotelName":"South Western Court Hotel","address":"14-16 Cap-de-Ville Main Road,Point Fortin,Trinidad,Trinidad and Tobago","phones":"","fax":"","email":"","url":"","countryIso2":"TT","countryName":"Trinidad and Tobago","hotelRating":"0","latitude":"10.5384","longitude":"-61.4507","state_id":3360,"state_name":"Point Fortin","country_id":223},{"active":false,"Giataid":"508361","cityId":114867,"cityName":"Crown Point","hotelId":20016377,"hotelName":"Candles in the Wind","address":"145 Anthony Charles Crescent,Bon Accord Integrated Development,Crown Point,Trinidad and Tobago","phones":"","fax":"","email":"","url":"","countryIso2":"TT","countryName":"Trinidad and Tobago","hotelRating":"0","latitude":"11.1594","longitude":"-60.8358","state_id":1440,"state_name":"Indiana","country_id":233},{"active":false,"Giataid":"723407","cityId":114867,"cityName":"Crown Point","hotelId":20017082,"hotelName":"Restorations Tobago","address":"155 Anthony Charles Crescent,Bon Accord Village,Crown Point,Trinidad and Tobago","phones":"","fax":"","email":"","url":"","countryIso2":"TT","countryName":"Trinidad and Tobago","hotelRating":"0","latitude":"11.1595","longitude":"-60.8345","state_id":1440,"state_name":"Indiana","country_id":233},{"active":false,"Giataid":"239104","cityId":108981,"cityName":"Port of Spain","hotelId":20017298,"hotelName":"Inn at 87","address":"87 Woodford Street,Port of Spain,Trinidad and Tobago","phones":"+18686224343","fax":"","email":"info@innat87.com","url":"http://www.innat87.com","countryIso2":"TT","countryName":"Trinidad and Tobago","hotelRating":"3","latitude":"10.6643","longitude":"-61.5171","state_id":3363,"state_name":"Port of Spain","country_id":223},{"active":false,"Giataid":"859445","cityId":108981,"cityName":"Port of Spain","hotelId":20378148,"hotelName":"Kiskadee Korner","address":"9 Rapsey Street,St Clair,Port Of Spain,Trinidad,Trinidad and Tobago","phones":"+18682211546","fax":"","email":"stay@kiskadeekorner.com","url":"http://kiskadeekorner.com","countryIso2":"TT","countryName":"Trinidad and Tobago","hotelRating":"0","latitude":"10.6643","longitude":"-61.494","state_id":3363,"state_name":"Port of Spain","country_id":223},{"active":false,"Giataid":"870626","cityId":12972,"cityName":"Maracas","hotelId":20378150,"hotelName":"The Valley Oasis Inn","address":"19 Lennox Phillips Drive,Maracas Gardens St.Joseph,Maracas,Trinidad and Tobago","phones":"+18686962454","fax":"","email":"theoasisinn@gmail.com","url":"http://www.thevalleyoasis.com/","countryIso2":"TT","countryName":"Trinidad and Tobago","hotelRating":"0","latitude":"10.7536","longitude":"-61.4689","state_id":2002,"state_name":"Bahia","country_id":31},{"active":false,"Giataid":"897099","cityId":7150,"cityName":"Scarborough","hotelId":20378151,"hotelName":"Sheppy's Den Villa","address":"Bacolet Park,Scarborough,Trinidad and Tobago","phones":"","fax":"","email":"","url":"","countryIso2":"TT","countryName":"Trinidad and Tobago","hotelRating":"0","latitude":"11.1728","longitude":"-60.7248","state_id":3905,"state_name":"Queensland","country_id":14},{"active":false,"Giataid":"865881","cityId":4279,"cityName":"Black Rock","hotelId":20378157,"hotelName":"Robbie's Place Tobago","address":"8-B Fort Bennett Street,Black Rock,Tobago,Western Tobago,Trinidad and Tobago","phones":"+18687719669","fax":"","email":"RobbiesplaceTobago@gmail.com","url":"http://robbiesplacetobago.com/","countryIso2":"TT","countryName":"Trinidad and Tobago","hotelRating":"0","latitude":"11.2044","longitude":"-60.7843","state_id":3903,"state_name":"Victoria","country_id":14},{"active":false,"Giataid":"732542","cityId":108989,"cityName":"Tunapuna","hotelId":20378159,"hotelName":"Willard's Bed and Breakfast","address":"43 Henry Road,El Dorado,Tunapuna,Trinidad and Tobago","phones":"+18686627856","fax":"","email":"eutricecarrington@gmail.com","url":"http://willardsbedandbreakfast.com","countryIso2":"TT","countryName":"Trinidad and Tobago","hotelRating":"0","latitude":"10.6574","longitude":"-61.3881","state_id":3358,"state_name":"Tunapuna-Piarco Regional Corporation","country_id":223},{"active":false,"Giataid":"869071","cityId":12972,"cityName":"Maracas","hotelId":20378160,"hotelName":"Mahogany Ridge B&B","address":"Fond Pois Doux Road,North Coast Road,Maracas Bay,Trinidad and Tobago","phones":"+18683748906","fax":"","email":"bclark4189@rogers.com","url":"http://acumen59.wixsite.com/mahoganyridge","countryIso2":"TT","countryName":"Trinidad and Tobago","hotelRating":"0","latitude":"10.7536","longitude":"-61.4689","state_id":2002,"state_name":"Bahia","country_id":31},{"active":false,"Giataid":"869134","cityId":108981,"cityName":"Port of Spain","hotelId":20378161,"hotelName":"City Living Bed and Breakfast","address":"37 Petra Street,Woodbrook,Port Of Spain,Trinidad and Tobago","phones":"+18687152489","fax":"+18687371187","email":"info@citylivingtt.com","url":"http://citylivingtt.com/","countryIso2":"TT","countryName":"Trinidad and Tobago","hotelRating":"0","latitude":"10.6643","longitude":"-61.494","state_id":3363,"state_name":"Port of Spain","country_id":223},{"active":false,"Giataid":"869084","cityId":10041,"cityName":"Trinidad","hotelId":20378172,"hotelName":"Ramela's B&B","address":"13 Camaca Road,South Valsayn,Valsayn,Trinidad and Tobago","phones":"","fax":"","email":"","url":"","countryIso2":"TT","countryName":"Trinidad and Tobago","hotelRating":"0","latitude":"10.6543","longitude":"-61.381","state_id":3375,"state_name":"Beni Department","country_id":27},{"active":false,"Giataid":"976572","cityId":7150,"cityName":"Scarborough","hotelId":20420800,"hotelName":"Eagle's Base Villa & Cottage","address":"Orange Hill Road,Scarborough,Trinidad and Tobago","phones":"+18683199394","fax":"","email":"bookings@eaglesbasevilla.com","url":"http://eaglesbasevilla.com/","countryIso2":"TT","countryName":"Trinidad and Tobago","hotelRating":"1","latitude":"11.176","longitude":"-60.7334","state_id":3905,"state_name":"Queensland","country_id":14}]