[{"active":false,"Giataid":"3936","cityId":null,"cityName":"Batteaux Bay","hotelId":3936,"hotelName":"Blue Waters Inn","address":"Batteaux Bay,Speyside,Trinidad and Tobago","phones":"+18686604341","fax":"+18686605195","email":"","url":"http://www.trivago.de/speyside-81994/hotel/blue-waters-inn-89730/informationen","countryIso2":"TT","countryName":"Trinidad and Tobago","hotelRating":"3","latitude":"11.3075","longitude":"-60.5285","state_id":null,"state_name":null,"country_id":null},{"active":false,"Giataid":"3940","cityId":null,"cityName":"Mount Irvine Bay","hotelId":3940,"hotelName":"Mount Irvine Bay Resort","address":"78-86 Grafton Road,Mount Irvine,Tobago,Trinidad and Tobago","phones":"+18686398871","fax":"","email":"info@mtirvine.com","url":"http://www.mtirvine.com","countryIso2":"TT","countryName":"Trinidad and Tobago","hotelRating":"3","latitude":"11.19","longitude":"-60.7948","state_id":null,"state_name":null,"country_id":null},{"active":false,"Giataid":"3942","cityId":null,"cityName":"Great Courland Bay","hotelId":3942,"hotelName":"Turtle Beach by Rex Resorts","address":"PO Box 201,Great Courland Bay,Scarborough,Trinidad and Tobago","phones":"+18686392851","fax":"+18686391495","email":"tbhtab@rexresorts.net","url":"http://www.rexresorts.com/_caribbean/_tobago/_turtle_beach/index.html","countryIso2":"TT","countryName":"Trinidad and Tobago","hotelRating":"3","latitude":"11.2147","longitude":"-60.7771","state_id":null,"state_name":null,"country_id":null},{"active":false,"Giataid":"8028","cityId":null,"cityName":"Arnos Vale Bay","hotelId":8028,"hotelName":"Arnos Vale Resort","address":"P.O. Box 208,Arnos Vale Bay,Scarborough,Tobago,West Indies,Trinidad and Tobago","phones":"+18686392881","fax":"+18686394629","email":"reservations@arnosvalehotel.com","url":"http://www.arnosvalehotel.com","countryIso2":"TT","countryName":"Trinidad and Tobago","hotelRating":"3","latitude":"11.2268","longitude":"-60.7653","state_id":null,"state_name":null,"country_id":null},{"active":false,"Giataid":"16779","cityId":null,"cityName":"Speyside","hotelId":16779,"hotelName":"Manta Lodge","address":"Windward Rd,Speyside,Tobago,Trinidad and Tobago","phones":"+18686605268","fax":"","email":"reservations@mantalodge.com","url":"http://www.mantalodge.com/","countryIso2":"TT","countryName":"Trinidad and Tobago","hotelRating":"3","latitude":"11.3028","longitude":"-60.5331","state_id":null,"state_name":null,"country_id":null},{"active":false,"Giataid":"22227","cityId":null,"cityName":"Stonehaven Bay","hotelId":22227,"hotelName":"The Villas At Stonehaven","address":"Stonehaven Bay,Black Rock,Tobago,Trinidad and Tobago","phones":"+18686390361","fax":"+18686390102","email":"","url":"http://www.stonehavenvillas.com/SLH.html","countryIso2":"TT","countryName":"Trinidad and Tobago","hotelRating":"4","latitude":"11.2009","longitude":"-60.7828","state_id":null,"state_name":null,"country_id":null},{"active":false,"Giataid":"23244","cityId":null,"cityName":"Store Bay","hotelId":23244,"hotelName":"Toucan Inn","address":"Crown Point,Trinidad and Tobago","phones":"+18686397173","fax":"+18686938933","email":"bonkers@trinidad.net","url":"http://www.toucan-inn.com","countryIso2":"TT","countryName":"Trinidad and Tobago","hotelRating":"2","latitude":"11.1531","longitude":"-60.8284","state_id":null,"state_name":null,"country_id":null},{"active":false,"Giataid":"26281","cityId":null,"cityName":"Store Bay","hotelId":26281,"hotelName":"Coral Sea Villas","address":"NULL","phones":"","fax":"","email":"","url":"","countryIso2":"TT","countryName":"Trinidad and Tobago","hotelRating":"4","latitude":"11.1531","longitude":"-60.8369","state_id":null,"state_name":null,"country_id":null},{"active":false,"Giataid":"48105","cityId":null,"cityName":"Queen�s Park Savannah","hotelId":48105,"hotelName":"Cascadia","address":"67 Ariapita Road,St. Anns,Port of Spain,Trinidad,Trinidad and Tobago","phones":"+18686234208","fax":"+18686278046","email":"marketing@cascadiahotel.com","url":"http://www.cascadiahotel.com/index.htm","countryIso2":"TT","countryName":"Trinidad and Tobago","hotelRating":"2","latitude":"10.6845","longitude":"-61.4989","state_id":null,"state_name":null,"country_id":null},{"active":false,"Giataid":"48106","cityId":null,"cityName":"Stonehaven Bay","hotelId":48106,"hotelName":"Coconut Grove Villas","address":"Stonehaven Bay,Tobago,Trinidad and Tobago","phones":"","fax":"","email":"","url":"","countryIso2":"TT","countryName":"Trinidad and Tobago","hotelRating":"1","latitude":"11.2009","longitude":"-60.7856","state_id":null,"state_name":null,"country_id":null},{"active":false,"Giataid":"48110","cityId":null,"cityName":"Blanchisseuse","hotelId":48110,"hotelName":"Laguna Mar","address":"65 1/2 Mile Marker,Paria Main Road,Blanchisseuse,Trinidad,Trinidad and Tobago","phones":"+18686692963","fax":"","email":"info@lagunamar.com","url":"http://www.lagunamar.com","countryIso2":"TT","countryName":"Trinidad and Tobago","hotelRating":"2","latitude":"10.7969","longitude":"-61.3088","state_id":null,"state_name":null,"country_id":null},{"active":false,"Giataid":"48111","cityId":null,"cityName":"Stonehaven Bay","hotelId":48111,"hotelName":"Monika Villas","address":"Stonehaven Bay,Tobago,Trinidad and Tobago","phones":"","fax":"","email":"","url":"","countryIso2":"TT","countryName":"Trinidad and Tobago","hotelRating":"4","latitude":"11.2015","longitude":"-60.7875","state_id":null,"state_name":null,"country_id":null},{"active":false,"Giataid":"48114","cityId":null,"cityName":"Salybia","hotelId":48114,"hotelName":"Salybia","address":"NULL","phones":"","fax":"","email":"","url":"","countryIso2":"TT","countryName":"Trinidad and Tobago","hotelRating":"3","latitude":"10.7038","longitude":"-61.0269","state_id":null,"state_name":null,"country_id":null},{"active":false,"Giataid":"14027","cityId":null,"cityName":"Tobago","hotelId":244603,"hotelName":"Magdalena Grand Beach & Golf Resort","address":"Tobago Plantations Estate,Lowlands,Tobago,Trinidad and Tobago","phones":"+18686608800","fax":"","email":"reservations@magdalenagrand.com","url":"http://www.magdalenaresort.com/abouttobago.html","countryIso2":"TT","countryName":"Trinidad and Tobago","hotelRating":"4","latitude":"11.1484","longitude":"-60.7749","state_id":null,"state_name":null,"country_id":null},{"active":false,"Giataid":"502937","cityId":null,"cityName":"Buccoo","hotelId":502937,"hotelName":"Miller's Guest House","address":"","phones":"","fax":"","email":"","url":"","countryIso2":"TT","countryName":"Trinidad and Tobago","hotelRating":"3","latitude":"11.1812","longitude":"-60.8082","state_id":null,"state_name":null,"country_id":null},{"active":false,"Giataid":"518622","cityId":null,"cityName":"Diego Martin","hotelId":518622,"hotelName":"Tony's Guest House","address":"Papnis Dr, Cor Morne Coco& Sierra Leone Rd,Petit Valley,Diego Martin,Trinidad and Tobago","phones":"","fax":"","email":"","url":"","countryIso2":"TT","countryName":"Trinidad and Tobago","hotelRating":"1","latitude":"10.718","longitude":"-61.5435","state_id":null,"state_name":null,"country_id":null},{"active":false,"Giataid":"526933","cityId":null,"cityName":"Lowlands Beach","hotelId":526933,"hotelName":"Cassia Villas","address":"","phones":"","fax":"","email":"","url":"","countryIso2":"TT","countryName":"Trinidad and Tobago","hotelRating":"1","latitude":"11.1568","longitude":"-60.7756","state_id":null,"state_name":null,"country_id":null},{"active":false,"Giataid":"526940","cityId":null,"cityName":"Carnbee","hotelId":526940,"hotelName":"We Casa Villa","address":"","phones":"","fax":"","email":"","url":"","countryIso2":"TT","countryName":"Trinidad and Tobago","hotelRating":"1","latitude":"11.1666","longitude":"-60.78","state_id":null,"state_name":null,"country_id":null},{"active":false,"Giataid":"555481","cityId":null,"cityName":"Salybia","hotelId":555481,"hotelName":"Aywasi Kalinago Retreat","address":"","phones":"","fax":"","email":"","url":"","countryIso2":"TT","countryName":"Trinidad and Tobago","hotelRating":"3","latitude":"10.704","longitude":"-61.0267","state_id":null,"state_name":null,"country_id":null},{"active":false,"Giataid":"596955","cityId":null,"cityName":"Buccoo","hotelId":596955,"hotelName":"Angel Fish Cove","address":"19 Galla,Buccoo,Trinidad and Tobago","phones":"+18683090062","fax":"","email":"fishtobago1@gmail.com","url":"http://www.angelfishcove.com/","countryIso2":"TT","countryName":"Trinidad and Tobago","hotelRating":"3","latitude":"11.1823","longitude":"-60.8086","state_id":null,"state_name":null,"country_id":null},{"active":false,"Giataid":"736485","cityId":null,"cityName":"Castara","hotelId":736485,"hotelName":"Baywatch Apartments","address":"4 Castara Bay Road,Castara,Trinidad and Tobago","phones":"+18687551915","fax":"","email":"","url":"http://www.baywatchapartments.com","countryIso2":"TT","countryName":"Trinidad and Tobago","hotelRating":"1","latitude":"11.2812","longitude":"-60.6955","state_id":null,"state_name":null,"country_id":null},{"active":false,"Giataid":"744758","cityId":null,"cityName":"Castara","hotelId":744758,"hotelName":"Castara Bliss Apartments","address":"530B Castara Main Road,North Side Road,Castara,Trinidad and Tobago","phones":"+18683525727","fax":"","email":"castarabliss@ymail.com","url":"http://castarablissapartments.com/","countryIso2":"TT","countryName":"Trinidad and Tobago","hotelRating":"1","latitude":"11.2812","longitude":"-60.6955","state_id":null,"state_name":null,"country_id":null},{"active":false,"Giataid":"760891","cityId":null,"cityName":"Tobago","hotelId":760891,"hotelName":"Cool O Breezeo Villa","address":"Moses Hill,Tobago,Trinidad and Tobago","phones":"+18682245770","fax":"","email":"info@coolobreezo.com","url":"http://www.coolobreezo.com","countryIso2":"TT","countryName":"Trinidad and Tobago","hotelRating":"1","latitude":"11.1768","longitude":"-60.7924","state_id":null,"state_name":null,"country_id":null},{"active":false,"Giataid":"806391","cityId":null,"cityName":"Lowlands Beach","hotelId":806391,"hotelName":"Viola's Place","address":"101 Hampden Road,Lowlands,Trinidad and Tobago","phones":"","fax":"","email":"","url":"","countryIso2":"TT","countryName":"Trinidad and Tobago","hotelRating":"1","latitude":"11.1568","longitude":"-60.7756","state_id":null,"state_name":null,"country_id":null},{"active":false,"Giataid":"423486","cityId":null,"cityName":"Tobago","hotelId":10068637,"hotelName":"Vupoint Guest House","address":"52 Green Corner,Bethlehem,Trinidad and Tobago","phones":"+18683521328","fax":"","email":"","url":"","countryIso2":"TT","countryName":"Trinidad and Tobago","hotelRating":"2","latitude":"11.1857","longitude":"-60.7873","state_id":null,"state_name":null,"country_id":null},{"active":false,"Giataid":"550061","cityId":null,"cityName":"Diego Martin","hotelId":10068882,"hotelName":"Shammah's Bed and Breakfast","address":"14 Jordan Drive Westvale Park,Diego Martin,Trinidad,Trinidad and Tobago","phones":"","fax":"","email":"","url":"","countryIso2":"TT","countryName":"Trinidad and Tobago","hotelRating":"3","latitude":"10.6959","longitude":"-61.5771","state_id":null,"state_name":null,"country_id":null},{"active":false,"Giataid":"596239","cityId":null,"cityName":"Diego Martin","hotelId":10070605,"hotelName":"D'lime Inn And Conference Center","address":"75 Benjamin Street,Diego Martin,Trinidad and Tobago","phones":"+18682210876","fax":"","email":"","url":"","countryIso2":"TT","countryName":"Trinidad and Tobago","hotelRating":"3","latitude":"10.6964","longitude":"-61.5557","state_id":null,"state_name":null,"country_id":null},{"active":false,"Giataid":"497418","cityId":null,"cityName":"Chaguaramas","hotelId":10115829,"hotelName":"Coral Cove Marina Hotel","address":"Western Main Road,Chaguaramas,Trinidad and Tobago","phones":"+18686342040","fax":"NULL","email":"NULL","url":"NULL","countryIso2":"TT","countryName":"Trinidad and Tobago","hotelRating":"2","latitude":"10.6819","longitude":"-61.6317","state_id":null,"state_name":null,"country_id":null},{"active":false,"Giataid":"48113","cityId":null,"cityName":"Lowlands Beach","hotelId":20000606,"hotelName":"Ocean Point","address":"Milford Road,Lowlands,Scarborough,Tobago,Trinidad and Tobago,Trinidad and Tobago","phones":"+18686390973","fax":"","email":"","url":"","countryIso2":"TT","countryName":"Trinidad and Tobago","hotelRating":"0","latitude":"11.157","longitude":"-60.7732","state_id":null,"state_name":null,"country_id":null},{"active":false,"Giataid":"21331","cityId":null,"cityName":"Pigeon Point","hotelId":20000633,"hotelName":"Seashells Villas","address":"P.O. Box 498,Scarborough,Tobago,West Indies,Trinidad and Tobago","phones":"+18686399600","fax":"+18686394433","email":"villas@tstt.net.tt","url":"http://www.seashellsvillas.com","countryIso2":"TT","countryName":"Trinidad and Tobago","hotelRating":"3","latitude":"11.1606","longitude":"-60.8358","state_id":null,"state_name":null,"country_id":null},{"active":false,"Giataid":"48118","cityId":null,"cityName":"Bacolet Bay","hotelId":20002530,"hotelName":"Villa Miramar","address":"Bacolet Bay,Trinidad and Tobago","phones":"","fax":"","email":"","url":"","countryIso2":"TT","countryName":"Trinidad and Tobago","hotelRating":"3","latitude":"11.1728","longitude":"-60.7179","state_id":null,"state_name":null,"country_id":null},{"active":false,"Giataid":"61818","cityId":null,"cityName":"Castara","hotelId":20003700,"hotelName":"Sealevel Guesthouse","address":"Castara,Tobago,Trinidad and Tobago","phones":"+18686607311","fax":"","email":"sealevel@tobago.de","url":"http://www.tobago.de/","countryIso2":"TT","countryName":"Trinidad and Tobago","hotelRating":"2","latitude":"11.2812","longitude":"-60.6954","state_id":null,"state_name":null,"country_id":null},{"active":false,"Giataid":"51447","cityId":null,"cityName":"Buccoo","hotelId":20003852,"hotelName":"Sherwood Park","address":"Sherwood Park Trace,Carnbee,Tobago,West Indies,Trinidad and Tobago","phones":"+18686397151","fax":"+18686608038","email":"nigel@sherwood-park.com","url":"http://www.sherwood-park.com","countryIso2":"TT","countryName":"Trinidad and Tobago","hotelRating":"2","latitude":"11.1723","longitude":"-60.7765","state_id":null,"state_name":null,"country_id":null},{"active":false,"Giataid":"724171","cityId":null,"cityName":"Castara","hotelId":20004043,"hotelName":"SeaScape on Heavenly Bay","address":"Depot Road,Castara,Trinidad and Tobago","phones":"+186815592879270","fax":"","email":"david@SeaScapeTobago.com","url":"http://www.seascapetobago.com","countryIso2":"TT","countryName":"Trinidad and Tobago","hotelRating":"0","latitude":"11.2822","longitude":"-60.6958","state_id":null,"state_name":null,"country_id":null},{"active":false,"Giataid":"503756","cityId":null,"cityName":"Buccoo","hotelId":20004216,"hotelName":"Tobago Tranquil Guesthouse","address":"Lot 1 Running Ground Road,Buccoo,Tobago,Trinidad and Tobago","phones":"+18686608667","fax":"","email":"tobagotranquilapt@yahoo.com","url":"http://www.tobagotranquilguesthouse.com/","countryIso2":"TT","countryName":"Trinidad and Tobago","hotelRating":"2","latitude":"11.1798","longitude":"-60.8009","state_id":null,"state_name":null,"country_id":null},{"active":false,"Giataid":"281849","cityId":null,"cityName":"Salybia","hotelId":20004923,"hotelName":"Oceans Salybia Resort","address":"13 Mile Post Toco Main Road,Salybia,Trinidad,Trinidad and Tobago","phones":"","fax":"","email":"","url":"","countryIso2":"TT","countryName":"Trinidad and Tobago","hotelRating":"3","latitude":"10.7042","longitude":"-61.0265","state_id":null,"state_name":null,"country_id":null},{"active":false,"Giataid":"51450","cityId":null,"cityName":"Lowlands Beach","hotelId":20008334,"hotelName":"Canoe Bay Resort","address":"Cove Estate,Lowlands,Tobago,Trinidad and Tobago","phones":"+18686310367","fax":"+18686310367","email":"canoebaytt@yahoo.com","url":"http://www.canoett.com/","countryIso2":"TT","countryName":"Trinidad and Tobago","hotelRating":"2","latitude":"11.1414","longitude":"-60.7986","state_id":null,"state_name":null,"country_id":null},{"active":false,"Giataid":"73248","cityId":null,"cityName":"Maraval","hotelId":20009192,"hotelName":"Chaconia","address":"106 Saddle Road,Maraval,Trinidad,Trinidad and Tobago","phones":"+18686280941","fax":"+18686287609","email":"info@chaconiahotel.com","url":"http://www.chaconiahotel.com","countryIso2":"TT","countryName":"Trinidad and Tobago","hotelRating":"2","latitude":"10.7131","longitude":"-61.4999","state_id":null,"state_name":null,"country_id":null},{"active":false,"Giataid":"72932","cityId":null,"cityName":"Pigeon Point","hotelId":20010324,"hotelName":"Lighthouse Apartment","address":"Pigeon Point,Tobago,Trinidad and Tobago","phones":"","fax":"","email":"","url":"","countryIso2":"TT","countryName":"Trinidad and Tobago","hotelRating":"0","latitude":"11.1634","longitude":"-60.8364","state_id":null,"state_name":null,"country_id":null},{"active":false,"Giataid":"3941","cityId":null,"cityName":"Little Rockley Bay","hotelId":20010898,"hotelName":"Palm Tree Village","address":"Little Rockley Bay,Plymouth,Tobago,Trinidad and Tobago","phones":"","fax":"","email":"","url":"","countryIso2":"TT","countryName":"Trinidad and Tobago","hotelRating":"0","latitude":"0","longitude":"0","state_id":null,"state_name":null,"country_id":null},{"active":false,"Giataid":"13756","cityId":null,"cityName":"Lowlands Beach","hotelId":20011019,"hotelName":"Hampden Inn","address":"171 Old Milford Road,Lowlands,Tobago,West Indies,Trinidad and Tobago,Trinidad and Tobago","phones":"+18686397522","fax":"+18686397522","email":"","url":"","countryIso2":"TT","countryName":"Trinidad and Tobago","hotelRating":"2","latitude":"11.1568","longitude":"-60.7756","state_id":null,"state_name":null,"country_id":null},{"active":false,"Giataid":"48104","cityId":null,"cityName":"Bacolet Bay","hotelId":20012895,"hotelName":"ADES Appartements","address":"Old Lighthouse Road 19,Bacolet Point,Scarborough,Tobago,Trinidad and Tobago","phones":"+18686394306","fax":"+18686393779","email":"ades@tstt.net.tt","url":"http://www.adesdomicil.de","countryIso2":"TT","countryName":"Trinidad and Tobago","hotelRating":"2","latitude":"11.1698","longitude":"-60.717","state_id":null,"state_name":null,"country_id":null},{"active":false,"Giataid":"48119","cityId":null,"cityName":"Castara","hotelId":20012993,"hotelName":"Young's Gastehaus","address":"Castara,Tobago,Trinidad and Tobago","phones":"","fax":"","email":"","url":"","countryIso2":"TT","countryName":"Trinidad and Tobago","hotelRating":"0","latitude":"11.2812","longitude":"-60.6954","state_id":null,"state_name":null,"country_id":null},{"active":false,"Giataid":"61754","cityId":null,"cityName":"Castara","hotelId":20013100,"hotelName":"Castara Cottage","address":"Castara Bay Road 2,Castara,Tobago,Trinidad and Tobago","phones":"+18687571044","fax":"","email":"enquiries@castaracottage.com","url":"http://www.castaracottage.com","countryIso2":"TT","countryName":"Trinidad and Tobago","hotelRating":"2","latitude":"11.2772","longitude":"-60.6966","state_id":null,"state_name":null,"country_id":null},{"active":false,"Giataid":"78831","cityId":null,"cityName":"Little Rockley Bay","hotelId":20013403,"hotelName":"Inn on the Bay","address":"Little Rockley Bay,Trinidad and Tobago","phones":"","fax":"","email":"","url":"","countryIso2":"TT","countryName":"Trinidad and Tobago","hotelRating":"3","latitude":"11.1555","longitude":"-60.7717","state_id":null,"state_name":null,"country_id":null},{"active":false,"Giataid":"596949","cityId":null,"cityName":"Castara","hotelId":20013786,"hotelName":"C & K Apartments","address":"Castara Bay Road,Castara,Trinidad and Tobago","phones":"+18684904368","fax":"","email":"","url":"http://candkapartmentstobago.com","countryIso2":"TT","countryName":"Trinidad and Tobago","hotelRating":"3","latitude":"11.2797","longitude":"-60.6956","state_id":null,"state_name":null,"country_id":null},{"active":false,"Giataid":"503518","cityId":null,"cityName":"Buccoo","hotelId":20013908,"hotelName":"Enchanted Waters Hotel","address":"198-202 Shirvan Road,Buccoo,Trinidad and Tobago","phones":"+18686399481","fax":"","email":"info@kpresorts.com","url":"http://www.enchantedwaterstobago.com","countryIso2":"TT","countryName":"Trinidad and Tobago","hotelRating":"3","latitude":"11.176","longitude":"-60.8015","state_id":null,"state_name":null,"country_id":null},{"active":false,"Giataid":"10712","cityId":null,"cityName":"Tobago","hotelId":20014033,"hotelName":"Conrado Beach","address":"LP 9 Pigeon Point Road,P.O.Box 405,Pigion Point,West Indies,Trinidad and Tobago","phones":"+18686390145","fax":"+18686390755","email":"","url":"http://www.conradotobago.com","countryIso2":"TT","countryName":"Trinidad and Tobago","hotelRating":"3","latitude":"11.1634","longitude":"-60.84","state_id":null,"state_name":null,"country_id":null},{"active":false,"Giataid":"163373","cityId":null,"cityName":"Mount Irvine Bay","hotelId":20014199,"hotelName":"Bamboo Walk","address":"LP 171,Old Milford Road,Hampden,Tobago Lowlands,Trinidad and Tobago","phones":"+18686310286","fax":"+18686310287","email":"reservations@Bamboo-Walk.com","url":"http://www.bamboo-walk.com/","countryIso2":"TT","countryName":"Trinidad and Tobago","hotelRating":"2","latitude":"11.1567","longitude":"-60.7757","state_id":null,"state_name":null,"country_id":null},{"active":false,"Giataid":"518926","cityId":null,"cityName":"Speyside","hotelId":20014321,"hotelName":"Top Ranking Guesthouse","address":"Top Hill Street,off the Windward Road,Speyside,Trinidad and Tobago","phones":"+18686604904","fax":"+18686604904","email":"toprank00@yahoo.com","url":"http://toprankingtobago.com/","countryIso2":"TT","countryName":"Trinidad and Tobago","hotelRating":"2","latitude":"11.2939","longitude":"-60.5355","state_id":null,"state_name":null,"country_id":null},{"active":false,"Giataid":"359954","cityId":null,"cityName":"Castara","hotelId":20014837,"hotelName":"Castara Retreats","address":"Northside Road,Castara,Trinidad and Tobago","phones":"","fax":"","email":"relax@CastaraRetreats.com","url":"http://www.castararetreats.com/","countryIso2":"TT","countryName":"Trinidad and Tobago","hotelRating":"0","latitude":"11.2789","longitude":"-60.6951","state_id":null,"state_name":null,"country_id":null},{"active":false,"Giataid":"48107","cityId":null,"cityName":"Culloden Bay","hotelId":20014956,"hotelName":"Footprints Eco Resort","address":"Culloden Bay,Tobago,Trinidad and Tobago","phones":"+18686600421","fax":"","email":"footprints@trinidad.net","url":"http://www.footprintseco-resort.com/","countryIso2":"TT","countryName":"Trinidad and Tobago","hotelRating":"3","latitude":"11.2446","longitude":"-60.7483","state_id":null,"state_name":null,"country_id":null},{"active":false,"Giataid":"359954","cityId":null,"cityName":"Castara","hotelId":20015071,"hotelName":"Castara Retreats","address":"Northside Road,Castara,Trinidad and Tobago","phones":"","fax":"","email":"","url":"http://www.castararetreats.com","countryIso2":"TT","countryName":"Trinidad and Tobago","hotelRating":"0","latitude":"11.2812","longitude":"-60.6955","state_id":null,"state_name":null,"country_id":null},{"active":false,"Giataid":"73295","cityId":null,"cityName":"Castara","hotelId":20015176,"hotelName":"Angel Retreat","address":"Depot Road,Castara,Tobago,Trinidad and Tobago","phones":"+18686854101","fax":"","email":"angelretreathotel@gmail.com","url":"http://www.angel-retreat.com","countryIso2":"TT","countryName":"Trinidad and Tobago","hotelRating":"3","latitude":"11.2825","longitude":"-60.6957","state_id":null,"state_name":null,"country_id":null},{"active":false,"Giataid":"515297","cityId":null,"cityName":"Speyside","hotelId":20015293,"hotelName":"Grand View Guesthouse","address":"Lucy Vale,Speyside,Trinidad and Tobago","phones":"","fax":"","email":"","url":"","countryIso2":"TT","countryName":"Trinidad and Tobago","hotelRating":"2","latitude":"11.2914","longitude":"-60.5302","state_id":null,"state_name":null,"country_id":null},{"active":false,"Giataid":"10568","cityId":null,"cityName":"Tobago","hotelId":20015418,"hotelName":"Coconut Inn","address":"Store Bay Local Road,Bon Accord,P.O. Box 329,Tobago,Trinidad and Tobago","phones":"+18686398493","fax":"+18686390512","email":"hciltobago@yahoo.com","url":"http://www.hciltobago.com/page4.html","countryIso2":"TT","countryName":"Trinidad and Tobago","hotelRating":"2","latitude":"11.1552","longitude":"-60.8182","state_id":null,"state_name":null,"country_id":null},{"active":false,"Giataid":"19125","cityId":null,"cityName":"Stonehaven Bay","hotelId":20015533,"hotelName":"Plantation Beach Villas","address":"Stonehaven Bay Road,Black Rock,PO Box 435,Scarborough,Trinidad and Tobago","phones":"+18686399377","fax":"","email":"plantationbeach@tstt.net.tt","url":"http://www.plantationbeachvillas.com/index2.php","countryIso2":"TT","countryName":"Trinidad and Tobago","hotelRating":"3","latitude":"11.2019","longitude":"-60.787","state_id":null,"state_name":null,"country_id":null},{"active":false,"Giataid":"18253","cityId":null,"cityName":"Tobago","hotelId":20015766,"hotelName":"Old Grande (Grange) Inn","address":"Mount Irvine,P.O. Box 297,Scarborough,Tobago,Trinidad and Tobago","phones":"+18686399395","fax":"+18686399395","email":"grangeinn@trinidad.net","url":"http://grangeinn.com/","countryIso2":"TT","countryName":"Trinidad and Tobago","hotelRating":"2","latitude":"11.1808","longitude":"-60.7992","state_id":null,"state_name":null,"country_id":null},{"active":false,"Giataid":"515086","cityId":null,"cityName":"Castara","hotelId":20015882,"hotelName":"The Naturalist Beach Resort","address":"Castara Bay Road,Castara,Trinidad and Tobago","phones":"+18686395901","fax":"","email":"ancle@naturalist-tobago.com","url":"http://www.naturalist-tobago.com/","countryIso2":"TT","countryName":"Trinidad and Tobago","hotelRating":"3","latitude":"11.2811","longitude":"-60.6956","state_id":null,"state_name":null,"country_id":null},{"active":false,"Giataid":"91731","cityId":null,"cityName":"Speyside","hotelId":20016241,"hotelName":"Tauchbasis - Extra Divers Speyside","address":"Speyside Inn,Windward Road,Speyside,Tobago,Trinidad and Tobago","phones":"+18686604852","fax":"","email":"speyside@extradivers.info","url":"http://extradiverstobago.eu/","countryIso2":"TT","countryName":"Trinidad and Tobago","hotelRating":"0","latitude":"11.2929","longitude":"-60.538","state_id":null,"state_name":null,"country_id":null},{"active":false,"Giataid":"23458","cityId":null,"cityName":"Tobago","hotelId":20016498,"hotelName":"Turtle View Residence","address":"Plymouth,Tobago,Trinidad and Tobago","phones":"+18686391435","fax":"+18686373235","email":"reservations@turtleview.com","url":"http://www.turtleview.com","countryIso2":"TT","countryName":"Trinidad and Tobago","hotelRating":"2","latitude":"11.2152","longitude":"-60.7755","state_id":null,"state_name":null,"country_id":null},{"active":false,"Giataid":"48116","cityId":null,"cityName":"Stonehaven Bay","hotelId":20016616,"hotelName":"Seahorse Inn","address":"Grafton Beach Road,Tobago,Trinidad and Tobago","phones":"+18686390686","fax":"+18686390057","email":"seahorse@trinidad.net","url":"","countryIso2":"TT","countryName":"Trinidad and Tobago","hotelRating":"5","latitude":"11.2064","longitude":"-60.7827","state_id":null,"state_name":null,"country_id":null},{"active":false,"Giataid":"64562","cityId":null,"cityName":"Speyside","hotelId":20016775,"hotelName":"Speyside Inn","address":"189 - 193 Windward Road,Speyside,Tobago,Trinidad and Tobago","phones":"+18686604852","fax":"+18686604852","email":"nabuccoresort@speysideinn.com","url":"http://www.speysideinn.com/index.html","countryIso2":"TT","countryName":"Trinidad and Tobago","hotelRating":"3","latitude":"11.3018","longitude":"-60.5337","state_id":null,"state_name":null,"country_id":null},{"active":false,"Giataid":"515061","cityId":null,"cityName":"Buccoo","hotelId":20016852,"hotelName":"Bellissimo Boutique Hotel","address":"32 Buccoo Bay Road,Buccoo,Trinidad and Tobago","phones":"+18686310976","fax":"","email":"info@bbhoteltobago.com","url":"http://www.bbhoteltobago.com","countryIso2":"TT","countryName":"Trinidad and Tobago","hotelRating":"0","latitude":"11.1828","longitude":"-60.8037","state_id":null,"state_name":null,"country_id":null},{"active":false,"Giataid":"61755","cityId":null,"cityName":"Stonehaven Bay","hotelId":20016961,"hotelName":"Tobago Beach Villas","address":"Dutch Fort,Scarborough,Tobago,Trinidad and Tobago","phones":"+18687184306","fax":"","email":"enquiries@TobagoBeachVillas.com","url":"http://www.tobagobeachvillas.com","countryIso2":"TT","countryName":"Trinidad and Tobago","hotelRating":"5","latitude":"11.2014","longitude":"-60.7875","state_id":null,"state_name":null,"country_id":null},{"active":false,"Giataid":"87431","cityId":null,"cityName":"Tobago","hotelId":20017182,"hotelName":"Mermaid","address":"Store Bay Local Road,Crown Point,Tobago,Trinidad and Tobago","phones":"+18686315195","fax":"","email":"","url":"http://www.themermaidhotel.com/home.html","countryIso2":"TT","countryName":"Trinidad and Tobago","hotelRating":"3","latitude":"11.1538","longitude":"-60.8318","state_id":null,"state_name":null,"country_id":null},{"active":false,"Giataid":"746731","cityId":null,"cityName":"Diego Martin","hotelId":20378154,"hotelName":"La Casita","address":"83 Fond Pois Doux Road,Light Pole,Diego Martin,Trinidad and Tobago","phones":"","fax":"","email":"","url":"","countryIso2":"TT","countryName":"Trinidad and Tobago","hotelRating":"0","latitude":"10.7072","longitude":"-61.5496","state_id":null,"state_name":null,"country_id":null},{"active":false,"Giataid":"596858","cityId":null,"cityName":"Carnbee","hotelId":20378156,"hotelName":"B's Guest House","address":"Bay Road,Lot F,Carnbee,Trinidad and Tobago","phones":"+18687916444","fax":"","email":"","url":"https://bs-guesthouse.net/","countryIso2":"TT","countryName":"Trinidad and Tobago","hotelRating":"2","latitude":"11.1692","longitude":"-60.7787","state_id":null,"state_name":null,"country_id":null},{"active":false,"Giataid":"865015","cityId":null,"cityName":"Buccoo","hotelId":20378165,"hotelName":"Buccoo Reef Bliss","address":"2 Chance Street,Buccoo,Trinidad and Tobago","phones":"+18686398310","fax":"","email":"info.buccooreefbliss@gmail.com","url":"http://www.buccooreefbliss.com","countryIso2":"TT","countryName":"Trinidad and Tobago","hotelRating":"0","latitude":"11.1826","longitude":"-60.8066","state_id":null,"state_name":null,"country_id":null},{"active":false,"Giataid":"900858","cityId":null,"cityName":"Tobago","hotelId":20378169,"hotelName":"Erasmus Cove Cottages","address":"Jetty Street,Parlatuvier,Tobago,Trinidad and Tobago","phones":"","fax":"","email":"","url":"","countryIso2":"TT","countryName":"Trinidad and Tobago","hotelRating":"0","latitude":"11.1768","longitude":"-60.7924","state_id":null,"state_name":null,"country_id":null},{"active":false,"Giataid":"976117","cityId":null,"cityName":"Maraval","hotelId":20420797,"hotelName":"Saddle House Inn","address":"99 Saddle Road,Maraval,Trinidad and Tobago","phones":"","fax":"","email":"","url":"","countryIso2":"TT","countryName":"Trinidad and Tobago","hotelRating":"1","latitude":"10.7036","longitude":"-61.5088","state_id":null,"state_name":null,"country_id":null},{"active":false,"Giataid":"976581","cityId":null,"cityName":"Lowlands Beach","hotelId":20420798,"hotelName":"Beverly's Oasis Suites","address":"Birchwood Triangle,Lowlands,Trinidad and Tobago","phones":"","fax":"","email":"","url":"","countryIso2":"TT","countryName":"Trinidad and Tobago","hotelRating":"1","latitude":"11.1568","longitude":"-60.7756","state_id":null,"state_name":null,"country_id":null}]