[{"active":false,"Giataid":"143956","cityId":9791,"cityName":"Cotonou","hotelId":143956,"hotelName":"Benin Marina Hotel","address":"19 BP 1901 Boulavard de la Marina,Cotonou,B?nin,Benin","phones":"+22921300100","fax":"","email":"info@benin-marina-hotel.com","url":"http://benin-marina-hotel.com/","countryIso2":"BJ","countryName":"Benin","hotelRating":"4","latitude":"6.34962","longitude":"2.39382","state_id":3081,"state_name":"Littoral Department","country_id":24},{"active":false,"Giataid":"143957","cityId":9791,"cityName":"Cotonou","hotelId":143957,"hotelName":"Dichotel","address":"05 BP 1895,Cotonou,Benin,Benin","phones":"","fax":"","email":"","url":"","countryIso2":"BJ","countryName":"Benin","hotelRating":"3","latitude":"6.36941","longitude":"2.49185","state_id":3081,"state_name":"Littoral Department","country_id":24},{"active":false,"Giataid":"229811","cityId":9791,"cityName":"Cotonou","hotelId":229811,"hotelName":"Casa del Papa Resort & Spa","address":"Ouidah Plage 01,5787 Cotonou,Benin","phones":"+22995953904","fax":"+22995950912","email":"contacts@casadelpapa.com","url":"http://www.casadelpapa.com/","countryIso2":"BJ","countryName":"Benin","hotelRating":"1","latitude":"6.31332","longitude":"2.03635","state_id":3081,"state_name":"Littoral Department","country_id":24},{"active":false,"Giataid":"236003","cityId":9791,"cityName":"Cotonou","hotelId":236003,"hotelName":"Sun Beach","address":"Fidjross?-Center,Cotonou,Benin","phones":"+22921154855","fax":"+22921302361","email":"info@benin-sunbeach-hotel.com","url":"http://www.benin-sunbeach-hotel.com/","countryIso2":"BJ","countryName":"Benin","hotelRating":"4","latitude":"6.35771","longitude":"2.37177","state_id":3081,"state_name":"Littoral Department","country_id":24},{"active":false,"Giataid":"240131","cityId":9791,"cityName":"Cotonou","hotelId":240131,"hotelName":"ibis Cotonou","address":"Boulevard de la Marina 8,BP 0929,Cotonou,Benin","phones":"+22921305677","fax":"+22921305678","email":"h6681@accor.com","url":"http://www.accorhotels.com/gb/hotel-6681-ibis-cotonou/index.shtml","countryIso2":"BJ","countryName":"Benin","hotelRating":"2","latitude":"6.35011","longitude":"2.41144","state_id":3081,"state_name":"Littoral Department","country_id":24},{"active":false,"Giataid":"386221","cityId":9804,"cityName":"Natitingou","hotelId":386221,"hotelName":"Tata Somba","address":"","phones":"","fax":"","email":"","url":"","countryIso2":"BJ","countryName":"Benin","hotelRating":"1","latitude":"10.3091","longitude":"1.37344","state_id":3076,"state_name":"Atakora Department","country_id":24},{"active":false,"Giataid":"406320","cityId":9791,"cityName":"Cotonou","hotelId":406320,"hotelName":"Resicence Les Cocotiers","address":"NULL","phones":"","fax":"","email":"","url":"","countryIso2":"BJ","countryName":"Benin","hotelRating":"1","latitude":"6.36667","longitude":"2.43333","state_id":3081,"state_name":"Littoral Department","country_id":24},{"active":false,"Giataid":"427445","cityId":9791,"cityName":"Cotonou","hotelId":427445,"hotelName":"Best Western Plus Nobila Airport Hotel","address":"Avenue Jean Paul II,Cotonou,Benin","phones":"+22921304252","fax":"+22921300179","email":"reception@bwplusnobilaairporthotel.com","url":"https://www.bestwestern.fr/de/hotel-Cotonou-BEST-WESTERN-PLUS-Nobila-Airport-Hotel-75501","countryIso2":"BJ","countryName":"Benin","hotelRating":"4","latitude":"6.35611","longitude":"2.38333","state_id":3081,"state_name":"Littoral Department","country_id":24},{"active":false,"Giataid":"429655","cityId":9791,"cityName":"Cotonou","hotelId":429655,"hotelName":"Benin Royal Hotel","address":"Lot 398,Quartier Maro-Militaire,Vons Face Toxi Labo,05 BP 640,Cotonou,Benin","phones":"+22921327909","fax":"+22921327918","email":"","url":"http://beninroyalhotel.com/?lang=en","countryIso2":"BJ","countryName":"Benin","hotelRating":"4","latitude":"6.36479","longitude":"2.42286","state_id":3081,"state_name":"Littoral Department","country_id":24},{"active":false,"Giataid":"446183","cityId":9791,"cityName":"Cotonou","hotelId":446183,"hotelName":"Sea View Hotel","address":"","phones":"","fax":"","email":"","url":"","countryIso2":"BJ","countryName":"Benin","hotelRating":"3","latitude":"6.36258","longitude":"2.39623","state_id":3081,"state_name":"Littoral Department","country_id":24},{"active":false,"Giataid":"446865","cityId":9791,"cityName":"Cotonou","hotelId":446865,"hotelName":"Djibson Hotel","address":"06 BP 2225 PK3,LOT 4879,Quartier Jaques,Cotonou,Benin","phones":"+22921090323","fax":"","email":"info@djibsonhotels.com","url":"http://djibsonhotels.com/DHS/contact/","countryIso2":"BJ","countryName":"Benin","hotelRating":"1","latitude":"6.36043","longitude":"2.45691","state_id":3081,"state_name":"Littoral Department","country_id":24},{"active":false,"Giataid":"446926","cityId":9806,"cityName":"Ouidah","hotelId":446926,"hotelName":"Djegba Hotel","address":"NULL","phones":"+22921076908","fax":"","email":"reservation@djegbahotel.com","url":"http://www.djegbahotel.com/","countryIso2":"BJ","countryName":"Benin","hotelRating":"1","latitude":"6.36723","longitude":"2.06462","state_id":3079,"state_name":"Atlantique Department","country_id":24},{"active":false,"Giataid":"484991","cityId":9791,"cityName":"Cotonou","hotelId":484991,"hotelName":"Hotel Entente Cotonou","address":"Avenue Pape Jean Paul II,Route de l�a?roport,Cotonou,Benin","phones":"","fax":"","email":"","url":"","countryIso2":"BJ","countryName":"Benin","hotelRating":"1","latitude":"6.35345","longitude":"2.38969","state_id":3081,"state_name":"Littoral Department","country_id":24},{"active":false,"Giataid":"485921","cityId":9791,"cityName":"Cotonou","hotelId":485921,"hotelName":"Benin Atlantic Beach Hotel","address":"Route des p?ches Lot 3566,Fidjross? plage,03 B.P.  4137,Cotonou,Benin","phones":"+22921301939","fax":"+22921307200","email":"beninatlanticbeachotel@yahoo.fr","url":"http://www.beninatlanticbeachotel.com","countryIso2":"BJ","countryName":"Benin","hotelRating":"1","latitude":"6.37029","longitude":"2.39124","state_id":3081,"state_name":"Littoral Department","country_id":24},{"active":false,"Giataid":"485975","cityId":9791,"cityName":"Cotonou","hotelId":485975,"hotelName":"Mediterraneen Hotel","address":"908 Route de Lom? (RNIE1 (Routes Nationales Inter-Etat)),En face de l'?glise Bon Pasteur,07 BP 276,Cadj?houn,Cotonou,B?nin,Benin","phones":"+22961626262","fax":"+22961636363","email":"hotelmediterraneen@yahoo.fr","url":"https://www.mediterraneenhotel.com","countryIso2":"BJ","countryName":"Benin","hotelRating":"3","latitude":"6.37032","longitude":"2.38985","state_id":3081,"state_name":"Littoral Department","country_id":24},{"active":false,"Giataid":"486206","cityId":9809,"cityName":"Porto-Novo","hotelId":486206,"hotelName":"Hotel Les Ambassadeurs","address":"Quatier Catchi Boulevard ext?rieur principal D?cam?,Porto-Novo,Oueme,Benin","phones":"","fax":"","email":"","url":"","countryIso2":"BJ","countryName":"Benin","hotelRating":"1","latitude":"6.49663","longitude":"2.60668","state_id":3080,"state_name":"Oueme Department","country_id":24},{"active":false,"Giataid":"486350","cityId":9806,"cityName":"Ouidah","hotelId":486350,"hotelName":"Benin Diaspora Hotel","address":"Ouidah Plage-Porte du Non Retour,B.P. 039,Ouidah,Benin","phones":"+22921101226","fax":"","email":"auberge@bda2.com","url":"http://www.diasporahotels.com","countryIso2":"BJ","countryName":"Benin","hotelRating":"1","latitude":"6.37165","longitude":"2.07633","state_id":3079,"state_name":"Atlantique Department","country_id":24},{"active":false,"Giataid":"510848","cityId":9791,"cityName":"Cotonou","hotelId":510848,"hotelName":"Hotel Casa Cornelia","address":"La Marina Pk 10,Route de Porto-Novo 06,B.P. 2091,Cotonou,Benin","phones":"+22921500324","fax":"+22921500424","email":"","url":"http://www.hotel-casacornelia.com/index.php/en","countryIso2":"BJ","countryName":"Benin","hotelRating":"3","latitude":"6.36444","longitude":"2.52287","state_id":3081,"state_name":"Littoral Department","country_id":24},{"active":false,"Giataid":"568699","cityId":9781,"cityName":"Allada","hotelId":568699,"hotelName":"Royal Paradise Hotel","address":"Quartier Govi?,Bp 251,Allada,Cotonou,Benin","phones":"+22961563152","fax":"","email":"contact@hotelroyalparadise.com","url":"http://hotelroyalparadise.com/","countryIso2":"BJ","countryName":"Benin","hotelRating":"1","latitude":"0","longitude":"0","state_id":3079,"state_name":"Atlantique Department","country_id":24},{"active":false,"Giataid":"568708","cityId":9781,"cityName":"Allada","hotelId":568708,"hotelName":"Royaume Hotel d'Allada","address":"122 Allada,Allada,Benin","phones":"+22921371263","fax":"","email":"","url":"http://royaumehotel.canalblog.com/","countryIso2":"BJ","countryName":"Benin","hotelRating":"1","latitude":"6.66857","longitude":"2.17366","state_id":3079,"state_name":"Atlantique Department","country_id":24},{"active":false,"Giataid":"568708","cityId":9781,"cityName":"Allada","hotelId":568708,"hotelName":"Royaume Hotel d'Allada","address":"122 Allada,Allada,Benin","phones":"+22921371263","fax":"","email":"","url":"http://royaumehotel.canalblog.com/","countryIso2":"BJ","countryName":"Benin","hotelRating":"1","latitude":"6.66857","longitude":"2.17366","state_id":3079,"state_name":"Atlantique Department","country_id":24},{"active":false,"Giataid":"568711","cityId":9791,"cityName":"Cotonou","hotelId":568711,"hotelName":"La Maison de Canelia","address":"2356 Fin Pave Rue,Fidjrosse,BP 361,Cotonou 99000,Benin","phones":"+22961301313","fax":"","email":"info@lamaisondecanelia.com","url":"http://www.lamaisondecanelia.com/index.php/la-maison-de-canelia","countryIso2":"BJ","countryName":"Benin","hotelRating":"1","latitude":"6.36258","longitude":"2.39623","state_id":3081,"state_name":"Littoral Department","country_id":24},{"active":false,"Giataid":"568716","cityId":9785,"cityName":"Bohicon","hotelId":568716,"hotelName":"Hotel La Majeste","address":"Qtier Zakpo-Route du Nord Apr?s Carrefour Zakpo,Bohicon,Benin","phones":"+22922511554","fax":"","email":"hotellamajeste@yahoo.com","url":"","countryIso2":"BJ","countryName":"Benin","hotelRating":"1","latitude":"7.19882","longitude":"2.06914","state_id":3073,"state_name":"Zou Department","country_id":24},{"active":false,"Giataid":"568729","cityId":9791,"cityName":"Cotonou","hotelId":568729,"hotelName":"Tahiti Hotel","address":"Rue 1531,Quartier Jacques,Cotonou,Benin","phones":"+22997000090","fax":"","email":"","url":"","countryIso2":"BJ","countryName":"Benin","hotelRating":"1","latitude":"6.35571","longitude":"2.45012","state_id":3081,"state_name":"Littoral Department","country_id":24},{"active":false,"Giataid":"568763","cityId":9791,"cityName":"Cotonou","hotelId":568763,"hotelName":"Residence Celine","address":"Fidjross? Plage,Cotonou,Benin","phones":"+22995360131","fax":"","email":"contact@residencescelinehotel.com","url":"http://www.residencescelinehotel.com/","countryIso2":"BJ","countryName":"Benin","hotelRating":"2","latitude":"6.35019","longitude":"2.3615","state_id":3081,"state_name":"Littoral Department","country_id":24},{"active":false,"Giataid":"568769","cityId":9791,"cityName":"Cotonou","hotelId":568769,"hotelName":"Guesthouse Cocotiers Cotonou","address":"Rue 969A,Haie Vive,Cotonou,Benin","phones":"+22966416117","fax":"","email":"guesthouse.cocotiers@gmail.com","url":"http://www.guesthouse-cocotiers.com/","countryIso2":"BJ","countryName":"Benin","hotelRating":"1","latitude":"6.36258","longitude":"2.39623","state_id":3081,"state_name":"Littoral Department","country_id":24},{"active":false,"Giataid":"568779","cityId":9779,"cityName":"Abomey","hotelId":568779,"hotelName":"Sun City Hotel","address":"01 BP 5795 Cotonou,Abomey,Zou,Benin","phones":"+22995097075","fax":"","email":"suncityhotel@benin-suncityhotel.com","url":"http://www.benin-suncityhotel.com","countryIso2":"BJ","countryName":"Benin","hotelRating":"1","latitude":"7.19914","longitude":"1.97065","state_id":3073,"state_name":"Zou Department","country_id":24},{"active":false,"Giataid":"568788","cityId":9791,"cityName":"Cotonou","hotelId":568788,"hotelName":"Chez Bea","address":"Village de Sogb?,Tori Cada,Sekou,Cotonou,Benin","phones":"","fax":"","email":"","url":"","countryIso2":"BJ","countryName":"Benin","hotelRating":"1","latitude":"6.58397","longitude":"2.19973","state_id":3081,"state_name":"Littoral Department","country_id":24},{"active":false,"Giataid":"568796","cityId":9791,"cityName":"Cotonou","hotelId":568796,"hotelName":"Residence Tichani Club","address":"Tichani club,Carr? 3544 bc,Fiyegnon II,Cotonou,Benin","phones":"+22997886560","fax":"","email":"tichaniclub@yahoo.fr","url":"http://www.tichani.com/","countryIso2":"BJ","countryName":"Benin","hotelRating":"1","latitude":"6.36258","longitude":"2.39623","state_id":3081,"state_name":"Littoral Department","country_id":24},{"active":false,"Giataid":"568802","cityId":9791,"cityName":"Cotonou","hotelId":568802,"hotelName":"i5 Hotel","address":"Gbodje,Route de Ouidah,Cococodji,Cotonou,Benin","phones":"","fax":"","email":"","url":"","countryIso2":"BJ","countryName":"Benin","hotelRating":"1","latitude":"6.38366","longitude":"2.29167","state_id":3081,"state_name":"Littoral Department","country_id":24},{"active":false,"Giataid":"568805","cityId":9791,"cityName":"Cotonou","hotelId":568805,"hotelName":"Beautiful Gate Residence & Suite","address":"Djedjelaye,Derierre Lycee Technique,Cotonou,Benin","phones":"+22921331011","fax":"","email":"","url":"http://www.beautifulgatebenin.com/","countryIso2":"BJ","countryName":"Benin","hotelRating":"1","latitude":"6.38696","longitude":"2.45653","state_id":3081,"state_name":"Littoral Department","country_id":24},{"active":false,"Giataid":"568812","cityId":9806,"cityName":"Ouidah","hotelId":568812,"hotelName":"Le Jardin Secret Ouidah","address":"Quartier Tov? 2,Ouidah,Benin","phones":"+22996669014","fax":"","email":"jardinsecretouidah@gmail.com","url":"http://www.lejardinsecretouidah.net/","countryIso2":"BJ","countryName":"Benin","hotelRating":"1","latitude":"6.36944","longitude":"2.07047","state_id":3079,"state_name":"Atlantique Department","country_id":24},{"active":false,"Giataid":"568818","cityId":9780,"cityName":"Abomey-Calavi","hotelId":568818,"hotelName":"Hotel Village Vacances Assouka","address":"Vons Face Antenne de Relais Ortb(Calavi),? C?t? de L'universit? d'Abomey-Calavi,Abomey-Calavi,Benin","phones":"","fax":"","email":"","url":"","countryIso2":"BJ","countryName":"Benin","hotelRating":"1","latitude":"6.44923","longitude":"2.38377","state_id":3079,"state_name":"Atlantique Department","country_id":24},{"active":false,"Giataid":"614529","cityId":9791,"cityName":"Cotonou","hotelId":614529,"hotelName":"Hotel Bimyns","address":"","phones":"","fax":"","email":"","url":"","countryIso2":"BJ","countryName":"Benin","hotelRating":"1","latitude":"6.36258","longitude":"2.39623","state_id":3081,"state_name":"Littoral Department","country_id":24},{"active":false,"Giataid":"614530","cityId":9780,"cityName":"Abomey-Calavi","hotelId":614530,"hotelName":"Hotel Germain - Ganvie Holiday Resort","address":"","phones":"","fax":"","email":"","url":"","countryIso2":"BJ","countryName":"Benin","hotelRating":"1","latitude":"6.44923","longitude":"2.38377","state_id":3079,"state_name":"Atlantique Department","country_id":24},{"active":false,"Giataid":"625030","cityId":9791,"cityName":"Cotonou","hotelId":625030,"hotelName":"Golden Tulip Le Diplomate","address":"90 Rue 12017,Boulevard de la Marina,01 BP 8379,Cotonou,Benin","phones":"+22921300200","fax":"+22921300203","email":"info@goldentuliplediplomatecotonou","url":"http://www.goldentulip.com/en/hotels/golden-tulip-le-diplomate-cotonou","countryIso2":"BJ","countryName":"Benin","hotelRating":"4","latitude":"6.34893","longitude":"2.40345","state_id":3081,"state_name":"Littoral Department","country_id":24},{"active":false,"Giataid":"689511","cityId":9791,"cityName":"Cotonou","hotelId":689511,"hotelName":"Hotel Villa Les Orchidees","address":"Boulevard De La Marina,Cotonou,Benin","phones":"+22961412020","fax":"","email":"","url":"http://www.villalesorchidees.com","countryIso2":"BJ","countryName":"Benin","hotelRating":"3","latitude":"6.34637","longitude":"2.40343","state_id":3081,"state_name":"Littoral Department","country_id":24},{"active":false,"Giataid":"739647","cityId":9791,"cityName":"Cotonou","hotelId":739647,"hotelName":"Ilewa Hotel","address":"Rue 110,Boulevard Steinmetz,Pharmacie Atinkanmey,B.P. 234,Cotonou 00229,Benin","phones":"+22921310108","fax":"","email":"ilewahotel@ilewa.com","url":"http://www.ilewa.ubeok.com","countryIso2":"BJ","countryName":"Benin","hotelRating":"3","latitude":"6.36258","longitude":"2.39623","state_id":3081,"state_name":"Littoral Department","country_id":24},{"active":false,"Giataid":"749043","cityId":9791,"cityName":"Cotonou","hotelId":749043,"hotelName":"Residences Easy Hotel","address":"Rue 2106,Cococodji,Fidjrosse Beach,Lot 1800,Cotonou,Benin","phones":"","fax":"","email":"","url":"","countryIso2":"BJ","countryName":"Benin","hotelRating":"3","latitude":"6.3532","longitude":"2.36279","state_id":3081,"state_name":"Littoral Department","country_id":24},{"active":false,"Giataid":"754311","cityId":9791,"cityName":"Cotonou","hotelId":754311,"hotelName":"Paradisia Hotel","address":"Rnie 1,Route De Lom?,Cotonou,Benin","phones":"+22994462828","fax":"","email":"info@paradisiahotel.bj","url":"http://paradisiahotel.bj","countryIso2":"BJ","countryName":"Benin","hotelRating":"3","latitude":"6.36258","longitude":"2.39623","state_id":3081,"state_name":"Littoral Department","country_id":24},{"active":false,"Giataid":"766419","cityId":9791,"cityName":"Cotonou","hotelId":766419,"hotelName":"Alex's Hotel","address":"Rue 107 Cotonou,Cotonou,Benin","phones":"","fax":"","email":"","url":"","countryIso2":"BJ","countryName":"Benin","hotelRating":"1","latitude":"6.36258","longitude":"2.39623","state_id":3081,"state_name":"Littoral Department","country_id":24},{"active":false,"Giataid":"766436","cityId":9809,"cityName":"Porto-Novo","hotelId":766436,"hotelName":"Ayelawadje II Porto-Novo","address":"Quatier Tokpota,Porto-Novo,Benin","phones":"","fax":"","email":"","url":"","countryIso2":"BJ","countryName":"Benin","hotelRating":"1","latitude":"6.49187","longitude":"2.60587","state_id":3080,"state_name":"Oueme Department","country_id":24},{"active":false,"Giataid":"766494","cityId":9791,"cityName":"Cotonou","hotelId":766494,"hotelName":"La Residence Hotel Le Flamboyant","address":"Carr? 771,Cadjehoun,Cotonou,Benin","phones":"+22921309231","fax":"+22921309232","email":"contact@ghflamboyant.com","url":"http://www.ghflamboyant.com","countryIso2":"BJ","countryName":"Benin","hotelRating":"1","latitude":"6.36258","longitude":"2.39623","state_id":3081,"state_name":"Littoral Department","country_id":24},{"active":false,"Giataid":"766669","cityId":9791,"cityName":"Cotonou","hotelId":766669,"hotelName":"Hervas Inn and Suites","address":"Carre 2157 Quartier Menontin Proche De Super Marche Bnin Marche,Cotonou,Benin","phones":"","fax":"","email":"","url":"","countryIso2":"BJ","countryName":"Benin","hotelRating":"1","latitude":"6.36258","longitude":"2.39623","state_id":3081,"state_name":"Littoral Department","country_id":24},{"active":false,"Giataid":"766703","cityId":9791,"cityName":"Cotonou","hotelId":766703,"hotelName":"Hotel Le Zenith","address":"Rue 449 95,1 BP 1156,Cotonou,Benin","phones":"+22921307318","fax":"","email":"infos@lezenith-hotel.com","url":"http://lezenith-hotel.com","countryIso2":"BJ","countryName":"Benin","hotelRating":"1","latitude":"6.36258","longitude":"2.39623","state_id":3081,"state_name":"Littoral Department","country_id":24},{"active":false,"Giataid":"766763","cityId":9791,"cityName":"Cotonou","hotelId":766763,"hotelName":"Bariba Playa Hotel","address":"Rue 874 Fidjross? Route Des P?che,2 km de la Plage,Rue de la Mosqu?e,Centrale Fidjross?,Cotonou,Benin","phones":"+22921491970","fax":"","email":"","url":"http://www.baribaplayahotel.com/","countryIso2":"BJ","countryName":"Benin","hotelRating":"1","latitude":"6.36258","longitude":"2.39623","state_id":3081,"state_name":"Littoral Department","country_id":24},{"active":false,"Giataid":"766861","cityId":9791,"cityName":"Cotonou","hotelId":766861,"hotelName":"Mobydick Hotel","address":"Rue Poisson 5122,Avenue Steinmetz,Quartier Tokpa,Cotonou,Benin","phones":"","fax":"","email":"","url":"","countryIso2":"BJ","countryName":"Benin","hotelRating":"1","latitude":"6.37679","longitude":"2.38939","state_id":3081,"state_name":"Littoral Department","country_id":24},{"active":false,"Giataid":"766935","cityId":9791,"cityName":"Cotonou","hotelId":766935,"hotelName":"Peace Hotel","address":"Midombo,Cotonou,Benin","phones":"","fax":"","email":"","url":"","countryIso2":"BJ","countryName":"Benin","hotelRating":"1","latitude":"6.36258","longitude":"2.39623","state_id":3081,"state_name":"Littoral Department","country_id":24},{"active":false,"Giataid":"766951","cityId":9791,"cityName":"Cotonou","hotelId":766951,"hotelName":"Koffi Premier","address":"Rue 2724 149,Cotonou,Benin","phones":"","fax":"","email":"","url":"","countryIso2":"BJ","countryName":"Benin","hotelRating":"1","latitude":"6.36258","longitude":"2.39623","state_id":3081,"state_name":"Littoral Department","country_id":24},{"active":false,"Giataid":"766974","cityId":9791,"cityName":"Cotonou","hotelId":766974,"hotelName":"Magnificat Residence Hotel","address":"Adogleta,Cotonou,Benin","phones":"","fax":"","email":"","url":"","countryIso2":"BJ","countryName":"Benin","hotelRating":"1","latitude":"6.36258","longitude":"2.39623","state_id":3081,"state_name":"Littoral Department","country_id":24},{"active":false,"Giataid":"766979","cityId":9785,"cityName":"Bohicon","hotelId":766979,"hotelName":"Viga Hotel","address":"Quartier Zakpo,Bohicon,Benin","phones":"","fax":"","email":"","url":"","countryIso2":"BJ","countryName":"Benin","hotelRating":"1","latitude":"0","longitude":"0","state_id":3073,"state_name":"Zou Department","country_id":24},{"active":false,"Giataid":"766980","cityId":9785,"cityName":"Bohicon","hotelId":766980,"hotelName":"Canadienne Hotel","address":"Quartier Hezonho,Bohicon,Benin,Benin","phones":"","fax":"","email":"","url":"","countryIso2":"BJ","countryName":"Benin","hotelRating":"1","latitude":"0","longitude":"0","state_id":3073,"state_name":"Zou Department","country_id":24},{"active":false,"Giataid":"767013","cityId":9791,"cityName":"Cotonou","hotelId":767013,"hotelName":"Residence Maryka II","address":"08 BP 1119,Cotonou,Benin","phones":"+22966282170","fax":"","email":"reservation@residencemaryka.com","url":"http://residencemaryka.com/web/","countryIso2":"BJ","countryName":"Benin","hotelRating":"1","latitude":"6.36258","longitude":"2.39623","state_id":3081,"state_name":"Littoral Department","country_id":24},{"active":false,"Giataid":"767254","cityId":9791,"cityName":"Cotonou","hotelId":767254,"hotelName":"Riviera Hotel Benin","address":"Rue Dako Donou Missebo C/57,Tokpa-hoho 22921318328,Cotonou,Benin","phones":"+22921312620","fax":"","email":"","url":"http://www.rivierahotelbenin.com/","countryIso2":"BJ","countryName":"Benin","hotelRating":"1","latitude":"6.36258","longitude":"2.39623","state_id":3081,"state_name":"Littoral Department","country_id":24},{"active":false,"Giataid":"767262","cityId":9791,"cityName":"Cotonou","hotelId":767262,"hotelName":"Adipac hotel","address":"23 Rue de l'avenue tokpa,Cotonou,Benin","phones":"","fax":"","email":"","url":"","countryIso2":"BJ","countryName":"Benin","hotelRating":"1","latitude":"6.36258","longitude":"2.39623","state_id":3081,"state_name":"Littoral Department","country_id":24},{"active":false,"Giataid":"767285","cityId":9791,"cityName":"Cotonou","hotelId":767285,"hotelName":"Hotel Ayelawadje Cotonou","address":"Carr? 693,Dandji,Cotonou,Benin","phones":"","fax":"","email":"","url":"","countryIso2":"BJ","countryName":"Benin","hotelRating":"1","latitude":"6.36258","longitude":"2.39623","state_id":3081,"state_name":"Littoral Department","country_id":24},{"active":false,"Giataid":"767299","cityId":9809,"cityName":"Porto-Novo","hotelId":767299,"hotelName":"Palais Oriental Benin Annexe","address":"Tchinvie,Porto-Novo,Benin","phones":"","fax":"","email":"","url":"","countryIso2":"BJ","countryName":"Benin","hotelRating":"1","latitude":"6.49187","longitude":"2.60587","state_id":3080,"state_name":"Oueme Department","country_id":24},{"active":false,"Giataid":"767301","cityId":9785,"cityName":"Bohicon","hotelId":767301,"hotelName":"Princesse Hotel Bohicon","address":"Quartier Seme,Bohicon,Benin","phones":"","fax":"","email":"","url":"","countryIso2":"BJ","countryName":"Benin","hotelRating":"1","latitude":"0","longitude":"0","state_id":3073,"state_name":"Zou Department","country_id":24},{"active":false,"Giataid":"767307","cityId":9791,"cityName":"Cotonou","hotelId":767307,"hotelName":"New Rivoli Hotel Benin","address":"Carr? 54,Avenue Steinmetz,Cotonou,Benin","phones":"+22921314647","fax":"","email":"resa@newrivolihotel.com","url":"http://newrivolihotel.com","countryIso2":"BJ","countryName":"Benin","hotelRating":"1","latitude":"6.36258","longitude":"2.39623","state_id":3081,"state_name":"Littoral Department","country_id":24},{"active":false,"Giataid":"767362","cityId":9809,"cityName":"Porto-Novo","hotelId":767362,"hotelName":"Queen's Hotel","address":"1?re Rue ? Gauche Apr?s l�Eglise Catholique,Djassin-Houinvi?,Porto-Novo,Benin","phones":"","fax":"","email":"","url":"","countryIso2":"BJ","countryName":"Benin","hotelRating":"1","latitude":"6.49187","longitude":"2.60587","state_id":3080,"state_name":"Oueme Department","country_id":24},{"active":false,"Giataid":"767395","cityId":9809,"cityName":"Porto-Novo","hotelId":767395,"hotelName":"Hotel Novella Planet","address":"Quartier Houinme Immeuble Hounsinou,Porto-Novo,Benin","phones":"","fax":"","email":"","url":"","countryIso2":"BJ","countryName":"Benin","hotelRating":"1","latitude":"6.49187","longitude":"2.60587","state_id":3080,"state_name":"Oueme Department","country_id":24},{"active":false,"Giataid":"767424","cityId":9804,"cityName":"Natitingou","hotelId":767424,"hotelName":"Hotel Bourgogne","address":"Quartier Boriyour?,Non Loin Du Petit March? Yara,Pr?s De La Soneb Boriyour?,Natitingou,Benin","phones":"","fax":"","email":"","url":"","countryIso2":"BJ","countryName":"Benin","hotelRating":"1","latitude":"0","longitude":"0","state_id":3076,"state_name":"Atakora Department","country_id":24},{"active":false,"Giataid":"767761","cityId":9791,"cityName":"Cotonou","hotelId":767761,"hotelName":"Stella Maris","address":"37 Rue 4 039 Zone Extra Portuaire Akpakpa,Rue Grand Moulin Du Benin,Cotonou,Benin","phones":"","fax":"","email":"","url":"","countryIso2":"BJ","countryName":"Benin","hotelRating":"1","latitude":"6.36258","longitude":"2.39623","state_id":3081,"state_name":"Littoral Department","country_id":24},{"active":false,"Giataid":"767793","cityId":9791,"cityName":"Cotonou","hotelId":767793,"hotelName":"Hotel PK 10 Residence","address":"09 Bp412,Cotonou,Agblangandan,Benin","phones":"","fax":"","email":"","url":"","countryIso2":"BJ","countryName":"Benin","hotelRating":"1","latitude":"6.36258","longitude":"2.39623","state_id":3081,"state_name":"Littoral Department","country_id":24},{"active":false,"Giataid":"768779","cityId":9791,"cityName":"Cotonou","hotelId":768779,"hotelName":"Neila Hotel Residence","address":"PK10,Commune De Seme Podji,Cotonou,Benin","phones":"","fax":"","email":"","url":"","countryIso2":"BJ","countryName":"Benin","hotelRating":"1","latitude":"6.36258","longitude":"2.39623","state_id":3081,"state_name":"Littoral Department","country_id":24},{"active":false,"Giataid":"768786","cityId":9791,"cityName":"Cotonou","hotelId":768786,"hotelName":"Motel Cite Des Amis","address":"Carr? 726,Avotrou,Cotonou,Benin","phones":"","fax":"","email":"","url":"","countryIso2":"BJ","countryName":"Benin","hotelRating":"1","latitude":"6.36258","longitude":"2.39623","state_id":3081,"state_name":"Littoral Department","country_id":24},{"active":false,"Giataid":"768795","cityId":9791,"cityName":"Cotonou","hotelId":768795,"hotelName":"Hotel Le Prince","address":"Carr? 21,01 BP 1080,face Centre M?dical,Quartier Tokpa Hoho,Cotonou,Benin","phones":"+22921318259","fax":"+22921314931","email":"contact@hotel-le-prince.com","url":"http://hotel-le-prince.com/","countryIso2":"BJ","countryName":"Benin","hotelRating":"1","latitude":"6.36258","longitude":"2.39623","state_id":3081,"state_name":"Littoral Department","country_id":24},{"active":false,"Giataid":"768796","cityId":9791,"cityName":"Cotonou","hotelId":768796,"hotelName":"Chez Clarisse","address":"Rue 2517,Cotonou,Benin","phones":"","fax":"","email":"","url":"","countryIso2":"BJ","countryName":"Benin","hotelRating":"1","latitude":"6.36258","longitude":"2.39623","state_id":3081,"state_name":"Littoral Department","country_id":24},{"active":false,"Giataid":"768803","cityId":9791,"cityName":"Cotonou","hotelId":768803,"hotelName":"Hotel Safari","address":"Carre 728 Akpakpa Avotrou,05 BP 829,Cotonou,Benin","phones":"+22921339352","fax":"","email":"absgroupe@yahoo.fr","url":"http://www.hotel-safari.net","countryIso2":"BJ","countryName":"Benin","hotelRating":"3","latitude":"6.36258","longitude":"2.39623","state_id":3081,"state_name":"Littoral Department","country_id":24},{"active":false,"Giataid":"768808","cityId":9791,"cityName":"Cotonou","hotelId":768808,"hotelName":"Senator Hotel Annexe","address":"Avenue Steinmetz,Cotonou,Benin","phones":"","fax":"","email":"","url":"","countryIso2":"BJ","countryName":"Benin","hotelRating":"1","latitude":"6.36258","longitude":"2.39623","state_id":3081,"state_name":"Littoral Department","country_id":24},{"active":false,"Giataid":"768811","cityId":9791,"cityName":"Cotonou","hotelId":768811,"hotelName":"Benin Berge Hotel","address":"Rue 708,Hinde 2,Cotonou,Benin","phones":"","fax":"","email":"","url":"","countryIso2":"BJ","countryName":"Benin","hotelRating":"1","latitude":"6.36258","longitude":"2.39623","state_id":3081,"state_name":"Littoral Department","country_id":24},{"active":false,"Giataid":"768820","cityId":9809,"cityName":"Porto-Novo","hotelId":768820,"hotelName":"Motel Ayelawadje Male","address":"Male,50 Villas Porto Novo,Porto Novo,Benin","phones":"","fax":"","email":"","url":"","countryIso2":"BJ","countryName":"Benin","hotelRating":"1","latitude":"6.49187","longitude":"2.60587","state_id":3080,"state_name":"Oueme Department","country_id":24},{"active":false,"Giataid":"769156","cityId":9791,"cityName":"Cotonou","hotelId":769156,"hotelName":"Hotel Ayelawadje Palm Beach","address":"Lot 16 PK 11,Seyive,Cotonou,Benin","phones":"","fax":"","email":"","url":"http://www.hotelscombined.com/Hotel/Hotel_Ayelawadje_Palm_Beach.htm","countryIso2":"BJ","countryName":"Benin","hotelRating":"1","latitude":"6.36258","longitude":"2.39623","state_id":3081,"state_name":"Littoral Department","country_id":24},{"active":false,"Giataid":"769649","cityId":9791,"cityName":"Cotonou","hotelId":769649,"hotelName":"Hotel Fr Palace Tourbillon","address":"2108 Yenawa Cotonou 327,Cotonou,Benin","phones":"","fax":"","email":"","url":"","countryIso2":"BJ","countryName":"Benin","hotelRating":"1","latitude":"6.36258","longitude":"2.39623","state_id":3081,"state_name":"Littoral Department","country_id":24},{"active":false,"Giataid":"769732","cityId":9791,"cityName":"Cotonou","hotelId":769732,"hotelName":"Hotel le Cyclope","address":"Segbeya 270V,05 BP 9098,Cotonou,Benin","phones":"+22921333652","fax":"","email":"service-reservation@hotel-le-cyclope.com","url":"http://www.hotel-le-cyclope.com","countryIso2":"BJ","countryName":"Benin","hotelRating":"1","latitude":"6.36258","longitude":"2.39623","state_id":3081,"state_name":"Littoral Department","country_id":24},{"active":false,"Giataid":"769733","cityId":9791,"cityName":"Cotonou","hotelId":769733,"hotelName":"MB Hotel Ganvie","address":"Ganvi?,Abomey Calavie,Dacomey Amoussougaho,Cotonou,Benin","phones":"+22962907690","fax":"","email":"","url":"http://mb-groupe.com/mb-hotel-ganvie/","countryIso2":"BJ","countryName":"Benin","hotelRating":"1","latitude":"6.36258","longitude":"2.39623","state_id":3081,"state_name":"Littoral Department","country_id":24},{"active":false,"Giataid":"769834","cityId":9809,"cityName":"Porto-Novo","hotelId":769834,"hotelName":"Residences Ouadada","address":"1 Rue de L'ecole Primaire Les Jambettes,Quartier Tokpota,Porto-Novo,Benin","phones":"","fax":"","email":"","url":"","countryIso2":"BJ","countryName":"Benin","hotelRating":"1","latitude":"6.49187","longitude":"2.60587","state_id":3080,"state_name":"Oueme Department","country_id":24},{"active":false,"Giataid":"770155","cityId":9791,"cityName":"Cotonou","hotelId":770155,"hotelName":"Hotel Magic Life","address":"Rue Avenue Steimetz,Cotonou,Benin","phones":"","fax":"","email":"","url":"","countryIso2":"BJ","countryName":"Benin","hotelRating":"1","latitude":"6.36258","longitude":"2.39623","state_id":3081,"state_name":"Littoral Department","country_id":24},{"active":false,"Giataid":"770282","cityId":9791,"cityName":"Cotonou","hotelId":770282,"hotelName":"Residences Hotel les Beatitudes","address":"Quartier Hinde 2,Cotonou,Benin","phones":"","fax":"","email":"","url":"","countryIso2":"BJ","countryName":"Benin","hotelRating":"1","latitude":"6.36258","longitude":"2.39623","state_id":3081,"state_name":"Littoral Department","country_id":24},{"active":false,"Giataid":"770290","cityId":9791,"cityName":"Cotonou","hotelId":770290,"hotelName":"Hotel Le Senateur","address":"155 A Rue,Cotonou Benin,Benin","phones":"","fax":"","email":"","url":"","countryIso2":"BJ","countryName":"Benin","hotelRating":"1","latitude":"6.36258","longitude":"2.39623","state_id":3081,"state_name":"Littoral Department","country_id":24},{"active":false,"Giataid":"770318","cityId":9809,"cityName":"Porto-Novo","hotelId":770318,"hotelName":"MB Hotel Porto-Novo","address":"Ouinlinda Porto-Novo,Porto-Novo,Benin","phones":"+22963100564","fax":"","email":"","url":"http://mb-groupe.com/mb-hotel-porto-novo","countryIso2":"BJ","countryName":"Benin","hotelRating":"1","latitude":"6.49187","longitude":"2.60587","state_id":3080,"state_name":"Oueme Department","country_id":24},{"active":false,"Giataid":"770786","cityId":9780,"cityName":"Abomey-Calavi","hotelId":770786,"hotelName":"Voyage Afrique Benin","address":"Quartier Tokpa Zoungo,Abomey Calavi,Benin","phones":"","fax":"","email":"","url":"","countryIso2":"BJ","countryName":"Benin","hotelRating":"1","latitude":"6.44923","longitude":"2.38377","state_id":3079,"state_name":"Atlantique Department","country_id":24},{"active":false,"Giataid":"770988","cityId":9791,"cityName":"Cotonou","hotelId":770988,"hotelName":"Hotel Le Chevalier","address":"Cotonou Guinkomey Carre 25,Cotonou,Benin","phones":"","fax":"","email":"","url":"","countryIso2":"BJ","countryName":"Benin","hotelRating":"1","latitude":"6.35593","longitude":"2.43741","state_id":3081,"state_name":"Littoral Department","country_id":24},{"active":false,"Giataid":"771308","cityId":9791,"cityName":"Cotonou","hotelId":771308,"hotelName":"Peace and Love Hotel","address":"Kouhounou,Carre 2198,Maison Fiogbe Kouhounou,Rout,Cotonou,Benin","phones":"","fax":"","email":"","url":"","countryIso2":"BJ","countryName":"Benin","hotelRating":"1","latitude":"6.36258","longitude":"2.39623","state_id":3081,"state_name":"Littoral Department","country_id":24},{"active":false,"Giataid":"771313","cityId":9791,"cityName":"Cotonou","hotelId":771313,"hotelName":"Hotel Saint-Jean","address":"11.034,Cotonou,Benin","phones":"","fax":"","email":"","url":"","countryIso2":"BJ","countryName":"Benin","hotelRating":"1","latitude":"6.36258","longitude":"2.39623","state_id":3081,"state_name":"Littoral Department","country_id":24},{"active":false,"Giataid":"771327","cityId":9809,"cityName":"Porto-Novo","hotelId":771327,"hotelName":"Motel Ayelawadje Adjarra","address":"Lot 75  Adjarra,Porto-Novo,Benin","phones":"","fax":"","email":"","url":"http://hotel-ayelawadje.com","countryIso2":"BJ","countryName":"Benin","hotelRating":"1","latitude":"6.49187","longitude":"2.60587","state_id":3080,"state_name":"Oueme Department","country_id":24},{"active":false,"Giataid":"771335","cityId":9791,"cityName":"Cotonou","hotelId":771335,"hotelName":"Little Hut","address":"C/68,guinkomey,vons de week - end sport a cote de la librearie buffalo,Cotonou,Benin","phones":"","fax":"","email":"","url":"","countryIso2":"BJ","countryName":"Benin","hotelRating":"1","latitude":"6.36258","longitude":"2.39623","state_id":3081,"state_name":"Littoral Department","country_id":24},{"active":false,"Giataid":"772387","cityId":9791,"cityName":"Cotonou","hotelId":772387,"hotelName":"Qualimax","address":"Quartier Agla Ahogbohoue Pres du Stade de l'Amiti?,Cotonou,Benin","phones":"","fax":"","email":"","url":"","countryIso2":"BJ","countryName":"Benin","hotelRating":"1","latitude":"6.36258","longitude":"2.39623","state_id":3081,"state_name":"Littoral Department","country_id":24},{"active":false,"Giataid":"772401","cityId":9791,"cityName":"Cotonou","hotelId":772401,"hotelName":"20H Vin Residence","address":"Quartier Fidjrosse Houenoussou 12,Cotonou,Benin","phones":"","fax":"","email":"","url":"","countryIso2":"BJ","countryName":"Benin","hotelRating":"1","latitude":"6.36258","longitude":"2.39623","state_id":3081,"state_name":"Littoral Department","country_id":24},{"active":false,"Giataid":"772404","cityId":9791,"cityName":"Cotonou","hotelId":772404,"hotelName":"Jetset","address":"Rue 449,Carrefour Camp Guezo,Cotonou,Benin","phones":"","fax":"","email":"","url":"","countryIso2":"BJ","countryName":"Benin","hotelRating":"1","latitude":"6.36258","longitude":"2.39623","state_id":3081,"state_name":"Littoral Department","country_id":24},{"active":false,"Giataid":"773153","cityId":9809,"cityName":"Porto-Novo","hotelId":773153,"hotelName":"Palais Oriental 2","address":"Tokpota,Porto-Novo,Benin","phones":"","fax":"","email":"","url":"","countryIso2":"BJ","countryName":"Benin","hotelRating":"1","latitude":"6.49187","longitude":"2.60587","state_id":3080,"state_name":"Oueme Department","country_id":24},{"active":false,"Giataid":"836387","cityId":9791,"cityName":"Cotonou","hotelId":836387,"hotelName":"B&B Chez Rita","address":"55 Rue 235,Zone Residentiel Cotonou,Cotonou,Benin","phones":"","fax":"","email":"","url":"","countryIso2":"BJ","countryName":"Benin","hotelRating":"1","latitude":"6.36258","longitude":"2.39623","state_id":3081,"state_name":"Littoral Department","country_id":24},{"active":false,"Giataid":"837743","cityId":9791,"cityName":"Cotonou","hotelId":837743,"hotelName":"Skandia House Cotonou","address":"Rue 948A,04 BP 1306,Zone R?sidentielle - Les Cocotiers,Cotonou,D?partement Littoral,Benin","phones":"+22996090444","fax":"","email":"","url":"http://skandia-house.com/","countryIso2":"BJ","countryName":"Benin","hotelRating":"1","latitude":"6.36258","longitude":"2.39623","state_id":3081,"state_name":"Littoral Department","country_id":24},{"active":false,"Giataid":"840292","cityId":9791,"cityName":"Cotonou","hotelId":840292,"hotelName":"Residence Mon Benin","address":"06 BP 3936 Akpakpa,Cotonou 2 floors,Benin","phones":"","fax":"","email":"","url":"","countryIso2":"BJ","countryName":"Benin","hotelRating":"1","latitude":"6.36258","longitude":"2.39623","state_id":3081,"state_name":"Littoral Department","country_id":24},{"active":false,"Giataid":"840302","cityId":9791,"cityName":"Cotonou","hotelId":840302,"hotelName":"Residence la Gloire","address":"rue 12-534 fidjrosse,Cotonou,Benin","phones":"","fax":"","email":"","url":"","countryIso2":"BJ","countryName":"Benin","hotelRating":"1","latitude":"6.36258","longitude":"2.39623","state_id":3081,"state_name":"Littoral Department","country_id":24},{"active":false,"Giataid":"840320","cityId":9791,"cityName":"Cotonou","hotelId":840320,"hotelName":"Les Residences Ile Wura","address":"Rue 374,Cotonou,Benin","phones":"","fax":"","email":"","url":"","countryIso2":"BJ","countryName":"Benin","hotelRating":"1","latitude":"6.36258","longitude":"2.39623","state_id":3081,"state_name":"Littoral Department","country_id":24},{"active":false,"Giataid":"840321","cityId":9791,"cityName":"Cotonou","hotelId":840321,"hotelName":"Chez Olivia Olivier","address":"Rue 883A,1223,Cotonou,Benin","phones":"","fax":"","email":"","url":"","countryIso2":"BJ","countryName":"Benin","hotelRating":"1","latitude":"6.36258","longitude":"2.39623","state_id":3081,"state_name":"Littoral Department","country_id":24},{"active":false,"Giataid":"840339","cityId":9791,"cityName":"Cotonou","hotelId":840339,"hotelName":"Residence Villa Nova","address":"Carre 151,Rue St Thomas Gbodj?,Cotonou,Benin","phones":"","fax":"","email":"","url":"","countryIso2":"BJ","countryName":"Benin","hotelRating":"1","latitude":"6.36258","longitude":"2.39623","state_id":3081,"state_name":"Littoral Department","country_id":24},{"active":false,"Giataid":"840340","cityId":9791,"cityName":"Cotonou","hotelId":840340,"hotelName":"Le Cercle des Amis","address":"Carr? 991 St Jean,Rue ISM Adona? Cerco Immeuble Restaurant Le Cercle des Amis,Cotonou,Benin","phones":"","fax":"","email":"","url":"","countryIso2":"BJ","countryName":"Benin","hotelRating":"1","latitude":"6.36258","longitude":"2.39623","state_id":3081,"state_name":"Littoral Department","country_id":24},{"active":false,"Giataid":"840732","cityId":9791,"cityName":"Cotonou","hotelId":840732,"hotelName":"Residence Hibiscus","address":"Quartier Haie Vive,Cotonou,Benin","phones":"","fax":"","email":"","url":"","countryIso2":"BJ","countryName":"Benin","hotelRating":"1","latitude":"6.36258","longitude":"2.39623","state_id":3081,"state_name":"Littoral Department","country_id":24},{"active":false,"Giataid":"507162","cityId":9791,"cityName":"Cotonou","hotelId":10105849,"hotelName":"Ripples Benin","address":"Laico-Cencad, Boulevard de la Marina","phones":"NULL","fax":"NULL","email":"NULL","url":"NULL","countryIso2":"BJ","countryName":"Benin","hotelRating":"3","latitude":"6.35034","longitude":"2.41827","state_id":3081,"state_name":"Littoral Department","country_id":24},{"active":false,"Giataid":"431180","cityId":9791,"cityName":"Cotonou","hotelId":10121425,"hotelName":"Hotel du Lac","address":"01 BP 184,Rue Bel Air,Cotonou,Benin","phones":"+22921331919","fax":"NULL","email":"NULL","url":"NULL","countryIso2":"BJ","countryName":"Benin","hotelRating":"3","latitude":"6.35903","longitude":"2.44485","state_id":3081,"state_name":"Littoral Department","country_id":24}]