[{"active":false,"Giataid":"486219","cityId":null,"cityName":"Grand Popo","hotelId":486219,"hotelName":"Auberge de Grand Popo","address":"B.P. 6,Grand Popo,Mono,Benin","phones":"","fax":"","email":"","url":"http://de.hotels-benin.com/herberge/grandpopo.php","countryIso2":"BJ","countryName":"Benin","hotelRating":"1","latitude":"6.27861","longitude":"1.83046","state_id":null,"state_name":null,"country_id":null},{"active":false,"Giataid":"568724","cityId":null,"cityName":"Dassa-Zoum?","hotelId":568724,"hotelName":"Jeco Hotel","address":"Carrefour,Dassa Zoum?,Benin","phones":"+22922530889","fax":"+22922530888","email":"jecohotel@jecohotel.com","url":"http://www.jecohotel.com/","countryIso2":"BJ","countryName":"Benin","hotelRating":"1","latitude":"0","longitude":"0","state_id":null,"state_name":null,"country_id":null},{"active":false,"Giataid":"568751","cityId":null,"cityName":"Dassa-Zoum?","hotelId":568751,"hotelName":"Maktub Ferme-Auberge Chez Armand","address":"Quartier Ay?d?ro,Zone des ?levage Dassa- Zoum?,Dassa-Zoum?,Benin","phones":"","fax":"","email":"","url":"","countryIso2":"BJ","countryName":"Benin","hotelRating":"1","latitude":"0","longitude":"0","state_id":null,"state_name":null,"country_id":null},{"active":false,"Giataid":"568754","cityId":null,"cityName":"Grand Popo","hotelId":568754,"hotelName":"Hotel Awale Plage Village Vacances","address":"BP 29,Ewe Condji,Grand Popo,Benin","phones":"+22995502915","fax":"","email":"awaleplage@yahoo.fr","url":"http://www.hotel-benin-awaleplage.com/","countryIso2":"BJ","countryName":"Benin","hotelRating":"1","latitude":"6.2644","longitude":"1.76983","state_id":null,"state_name":null,"country_id":null},{"active":false,"Giataid":"568772","cityId":null,"cityName":"K?tou","hotelId":568772,"hotelName":"Residences Celine Hotel Ketou","address":"Quartier Atchoubi 2,K?tou,Benin","phones":"+22920253636","fax":"+22920253340","email":"contact@residencescelinehotel.com","url":"http://www.residencescelinehotel.com/page_classic.php?page=contact","countryIso2":"BJ","countryName":"Benin","hotelRating":"1","latitude":"0","longitude":"0","state_id":null,"state_name":null,"country_id":null},{"active":false,"Giataid":"568784","cityId":null,"cityName":"Bopa","hotelId":568784,"hotelName":"Hotel Restaurant Chez Theo","address":"08 BP1081,Bopa,Cotonou,Benin","phones":"+22995055315","fax":"","email":"auberge_theo@yahoo.fr","url":"http://www.chez-theo.com/","countryIso2":"BJ","countryName":"Benin","hotelRating":"1","latitude":"6.36258","longitude":"2.39623","state_id":null,"state_name":null,"country_id":null},{"active":false,"Giataid":"767267","cityId":null,"cityName":"Grand Popo","hotelId":767267,"hotelName":"Residences Le Roitelet","address":"15 Ewe-kondji,Grand-popo A,100m De La Gendarmerie De Grand-popo Cote Mer,Grand Popo,Benin","phones":"","fax":"","email":"","url":"","countryIso2":"BJ","countryName":"Benin","hotelRating":"1","latitude":"6.27144","longitude":"1.8001","state_id":null,"state_name":null,"country_id":null},{"active":false,"Giataid":"769586","cityId":null,"cityName":"Grand Popo","hotelId":769586,"hotelName":"Millenium Popo Beach Hotel","address":"Route Inter Etat Cotonou Lome,Grand Popo,Benin","phones":"","fax":"","email":"contact@hotelmilleniumpopobeach.com","url":"http://www.hotelmilleniumpopobeach.com","countryIso2":"BJ","countryName":"Benin","hotelRating":"1","latitude":"6.27144","longitude":"1.8001","state_id":null,"state_name":null,"country_id":null}]