[{"active":false,"Giataid":"1639","cityId":1464,"cityName":"Santa Maria","hotelId":1639,"hotelName":"Djadsal Holiday Club","address":"Caixa Postal 29,Santa Maria,Kap Verde,Cape Verde","phones":"+2382421170","fax":"+2382421070","email":"","url":"http://www.caboverde.com/pages/421170.htm","countryIso2":"CV","countryName":"Cape Verde","hotelRating":"3","latitude":"16.5958","longitude":"-22.9159","state_id":3647,"state_name":"Catamarca","country_id":11},{"active":false,"Giataid":"1640","cityId":1464,"cityName":"Santa Maria","hotelId":1640,"hotelName":"Hotel Morabeza","address":"4110 Santa Maria,Ilha do Sal,Cape Verde","phones":"+2382421020","fax":"+2382421021","email":"","url":"http://www.hotelmorabeza.com/","countryIso2":"CV","countryName":"Cape Verde","hotelRating":"4","latitude":"16.5983","longitude":"-22.9083","state_id":3647,"state_name":"Catamarca","country_id":11},{"active":false,"Giataid":"7265","cityId":1464,"cityName":"Santa Maria","hotelId":7265,"hotelName":"Albatroz","address":"Santa Maria,Cape Verde","phones":"","fax":"","email":"","url":"","countryIso2":"CV","countryName":"Cape Verde","hotelRating":"2","latitude":"16.5999","longitude":"-22.9081","state_id":3647,"state_name":"Catamarca","country_id":11},{"active":false,"Giataid":"8257","cityId":63186,"cityName":"Sal","hotelId":8257,"hotelName":"Atlantico","address":"P.O. Box 74,Rua Amilcar Cabral,Espargos,Ilha do Sal,Cape Verde","phones":"+2382411210","fax":"+2382411522","email":"hotelatlantico@cvtelecom.cv","url":"","countryIso2":"CV","countryName":"Cape Verde","hotelRating":"3","latitude":"16.7531","longitude":"-22.9448","state_id":960,"state_name":"Irbid Governorate","country_id":111},{"active":false,"Giataid":"8455","cityId":22008,"cityName":"Tarrafal","hotelId":8455,"hotelName":"Baia Verde","address":"Vila do Tarrafal,6900 Tarrafal,Santiago Island,Cape Verde","phones":"+2382661128","fax":"","email":"","url":"","countryIso2":"CV","countryName":"Cape Verde","hotelRating":"2","latitude":"15.2816","longitude":"-23.7519","state_id":2983,"state_name":"Tarrafal","country_id":40},{"active":false,"Giataid":"10248","cityId":1464,"cityName":"Santa Maria","hotelId":10248,"hotelName":"Central Santa Maria","address":"Rua das Salinas,1111 Santa Maria,Ilha do Sal,Cape Verde","phones":"+2382421503","fax":"+2382421530","email":"","url":"","countryIso2":"CV","countryName":"Cape Verde","hotelRating":"3","latitude":"16.6","longitude":"-22.9055","state_id":3647,"state_name":"Catamarca","country_id":11},{"active":false,"Giataid":"102531","cityId":22003,"cityName":"Sal Rei","hotelId":11812,"hotelName":"Dunas","address":"Avenida Amilcar Cabral,Sal Rei,Boavista,Cape Verde","phones":"+2382511225","fax":"+2382511384","email":"hotel.kalema@riu.com","url":"http://www.trivago.de/sal-rei-94973/hotel/luca-kalema-1246370","countryIso2":"CV","countryName":"Cape Verde","hotelRating":"3","latitude":"16.1722","longitude":"-22.9149","state_id":2999,"state_name":"Boa Vista","country_id":40},{"active":false,"Giataid":"12269","cityId":22003,"cityName":"Sal Rei","hotelId":12269,"hotelName":"Hotel Estoril and Residence Cardeal","address":"Johao Cristao,7666 Sal Rei,Cape Verde","phones":"+2382511078","fax":"+2382511046","email":"info@estorilbeachresort.com","url":"http://www.trivago.de/sal-rei-94973/hotel/estoril-beach-resort-140087","countryIso2":"CV","countryName":"Cape Verde","hotelRating":"3","latitude":"16.1726","longitude":"-22.9143","state_id":2999,"state_name":"Boa Vista","country_id":40},{"active":false,"Giataid":"18218","cityId":1464,"cityName":"Santa Maria","hotelId":18218,"hotelName":"Hotel Odjo d�Agua","address":"Zona do Farolinho,CP 71,Ilha do Sal,Santa Maria,Cape Verde","phones":"+2382421414","fax":"+2382421430","email":"","url":"http://www.odjodagua.net/","countryIso2":"CV","countryName":"Cape Verde","hotelRating":"3","latitude":"16.5968","longitude":"-22.9041","state_id":3647,"state_name":"Catamarca","country_id":11},{"active":false,"Giataid":"19366","cityId":63186,"cityName":"Sal","hotelId":19366,"hotelName":"Pousada","address":"Rua Jorge Barbosa,P.O. Box 161,Espargos,Ilha do Sal,Cape Verde","phones":"","fax":"","email":"","url":"","countryIso2":"CV","countryName":"Cape Verde","hotelRating":"1","latitude":"16.6396","longitude":"-22.9176","state_id":960,"state_name":"Irbid Governorate","country_id":111},{"active":false,"Giataid":"19366","cityId":21991,"cityName":"Espargos","hotelId":19366,"hotelName":"Pousada","address":"Rua Jorge Barbosa,P.O. Box 161,Espargos,Ilha do Sal,Cape Verde","phones":"","fax":"","email":"","url":"","countryIso2":"CV","countryName":"Cape Verde","hotelRating":"1","latitude":"16.6396","longitude":"-22.9176","state_id":2998,"state_name":"Sal","country_id":40},{"active":false,"Giataid":"19368","cityId":22003,"cityName":"Sal Rei","hotelId":19368,"hotelName":"Hotel Boa Vista","address":"Avenida 4 de Julho,Sal Rei,Boa Vista,Cape Verde","phones":"+2382511145","fax":"+2382511423","email":"hotelboavista@cvtelecom.cv","url":"","countryIso2":"CV","countryName":"Cape Verde","hotelRating":"3","latitude":"16.1758","longitude":"-22.9155","state_id":2999,"state_name":"Boa Vista","country_id":40},{"active":false,"Giataid":"19369","cityId":1464,"cityName":"Santa Maria","hotelId":19369,"hotelName":"Hotel Da Luz","address":"Tanquinho Norte,P.O. Box 19,Santa Maria,Ilha do Sal,Cape Verde","phones":"+2382421138","fax":"+2382421088","email":"pousadadaluz@cvtelecom.cv","url":"","countryIso2":"CV","countryName":"Cape Verde","hotelRating":"2","latitude":"16.5993","longitude":"-22.9051","state_id":3647,"state_name":"Catamarca","country_id":11},{"active":false,"Giataid":"19388","cityId":22000,"cityName":"Praia","hotelId":19388,"hotelName":"Oasis Atlantico Praiamar","address":"Prainha,Cidade da Praia,Santiago,Cape Verde","phones":"+238351217524100","fax":"+2382612972","email":"praiamar@oasisatlantico.com","url":"http://www.oasisatlantico.com/en/praiamar","countryIso2":"CV","countryName":"Cape Verde","hotelRating":"4","latitude":"14.9033","longitude":"-23.5127","state_id":2988,"state_name":"Praia","country_id":40},{"active":false,"Giataid":"20257","cityId":63186,"cityName":"Sal","hotelId":20257,"hotelName":"Residencial Santa Maria Beach","address":"C.P. 58, Zona da Tanquinho,Santa Maria,Ilha do Sal,Cabo Verde,Cape Verde","phones":"+2382421450","fax":"+2382421478","email":"stmaria-beach@cvtelecom.cv","url":"http://www.caboverde.com/pages/421450.htm","countryIso2":"CV","countryName":"Cape Verde","hotelRating":"3","latitude":"16.597","longitude":"-22.9005","state_id":960,"state_name":"Irbid Governorate","country_id":111},{"active":false,"Giataid":"23385","cityId":14600,"cityName":"Santiago","hotelId":23385,"hotelName":"Pestana Tropico Hotel","address":"Avenida Rotary International,Cidade da Praia,Caixa Postal 413,Santiago,Cape Verde","phones":"+2382614200","fax":"+2382615225","email":"reservas.tropico@pestana.com","url":"http://www.pestana.com/hotels/de/hotels/africa/CapeVerdeHotels/Tropico/Home/PestanaTropico.htm","countryIso2":"CV","countryName":"Cape Verde","hotelRating":"4","latitude":"14.9066","longitude":"-23.5112","state_id":2001,"state_name":"Rio Grande do Sul","country_id":31},{"active":false,"Giataid":"26872","cityId":1464,"cityName":"Santa Maria","hotelId":26872,"hotelName":"Voi Vila Do Farol Resort","address":"Praia Santa Maria,4111 Santa Maria,Island of Sal,Cape Verde","phones":"+2382421725","fax":"+238421730","email":"","url":"","countryIso2":"CV","countryName":"Cape Verde","hotelRating":"4","latitude":"16.5918","longitude":"-22.9194","state_id":3647,"state_name":"Catamarca","country_id":11},{"active":false,"Giataid":"37874","cityId":1464,"cityName":"Santa Maria","hotelId":37874,"hotelName":"Leme Bedje","address":"Rua 5 Agosto,4111 Santa Maria,Isola di Sal,Cape Verde","phones":"+2387811107483","fax":"","email":"","url":"","countryIso2":"CV","countryName":"Cape Verde","hotelRating":"2","latitude":"16.5969","longitude":"-22.8993","state_id":3647,"state_name":"Catamarca","country_id":11},{"active":false,"Giataid":"37879","cityId":15105,"cityName":"Sao Pedro","hotelId":37879,"hotelName":"Foya Branca","address":"S. Pedro,llha de S?o Vicente,781 Cabo Verde,Cape Verde","phones":"+2382307400","fax":"+2382307444","email":"geral@foyabranca.com","url":"http://www.foyabranca.com","countryIso2":"CV","countryName":"Cape Verde","hotelRating":"4","latitude":"16.8303","longitude":"-25.0712","state_id":1997,"state_name":"Rio de Janeiro","country_id":31},{"active":false,"Giataid":"47823","cityId":1464,"cityName":"Santa Maria","hotelId":47823,"hotelName":"Crioula Clubhotel & Resort","address":"Avenida dos Hoteis,CV- C.P. 62,Santa Maria,Ilha do Sal Kapverden,Cape Verde","phones":"+2382421070","fax":"+2382421376","email":"crioulahotel@cvtelecom.cv","url":"http://www.crioula-clubhotel.com/crioula_clubhotel_resort/index.html","countryIso2":"CV","countryName":"Cape Verde","hotelRating":"4","latitude":"16.5936","longitude":"-22.9182","state_id":3647,"state_name":"Catamarca","country_id":11},{"active":false,"Giataid":"47827","cityId":22003,"cityName":"Sal Rei","hotelId":47827,"hotelName":"Aparthotel Ca' Nicola","address":"Sal Rei,Ilha da Boavista,Cape Verde","phones":"+2382511793","fax":"+2382511549","email":"info@canicola.com","url":"http://www.canicola.com","countryIso2":"CV","countryName":"Cape Verde","hotelRating":"3","latitude":"16.176","longitude":"-22.9159","state_id":2999,"state_name":"Boa Vista","country_id":40},{"active":false,"Giataid":"47830","cityId":22003,"cityName":"Sal Rei","hotelId":47830,"hotelName":"Parque Das Dunas Village","address":"Praia De Chaves,Sal Rei,Cape Verde,Cape Verde","phones":"+2382511290","fax":"+2382511339","email":"info@parquedasdunas.com","url":"http://www.parquedasdunas.com/","countryIso2":"CV","countryName":"Cape Verde","hotelRating":"3","latitude":"16.1262","longitude":"-22.9052","state_id":2999,"state_name":"Boa Vista","country_id":40},{"active":false,"Giataid":"47877","cityId":1464,"cityName":"Santa Maria","hotelId":47877,"hotelName":"Oasis Belorizonte","address":"CP 63,Santa Maria,Sal,Cape Verde","phones":"+2382421045","fax":"+2382421045","email":"belorizonte@oasisatlantico.com","url":"http://www.oasisatlantico.com/en/belorizonte","countryIso2":"CV","countryName":"Cape Verde","hotelRating":"4","latitude":"16.5976","longitude":"-22.9129","state_id":3647,"state_name":"Catamarca","country_id":11},{"active":false,"Giataid":"76111","cityId":1464,"cityName":"Santa Maria","hotelId":76111,"hotelName":"Porto Antigo","address":"Rua 15 De Agosto,Centro,Vila De Santa Maria,Ilha Do Sal,Cape Verde","phones":"+2382421815","fax":"","email":"info@portoantigo.com","url":"http://www.portoantigo.com","countryIso2":"CV","countryName":"Cape Verde","hotelRating":"3","latitude":"16.5968","longitude":"-22.9037","state_id":3647,"state_name":"Catamarca","country_id":11},{"active":false,"Giataid":"139873","cityId":1464,"cityName":"Santa Maria","hotelId":139873,"hotelName":"Porta Do Vento","address":"Entrada de Santa Maria,4100 Santa Maria,Island of Sal,Cape Verde","phones":"+2382422121","fax":"+2382422120","email":"ciotti@terra.es","url":"http://www.portadovento.com/","countryIso2":"CV","countryName":"Cape Verde","hotelRating":"3","latitude":"16.6018","longitude":"-22.9073","state_id":3647,"state_name":"Catamarca","country_id":11},{"active":false,"Giataid":"145256","cityId":1464,"cityName":"Santa Maria","hotelId":145256,"hotelName":"Hotel Sabura","address":"Urbanizacao de Ponta preta 2E,4111 Santa Maria,Sal,Cape Verde","phones":"+2382421515","fax":"+2382421522","email":"","url":"","countryIso2":"CV","countryName":"Cape Verde","hotelRating":"3","latitude":"16.6002","longitude":"-22.9088","state_id":3647,"state_name":"Catamarca","country_id":11},{"active":false,"Giataid":"183197","cityId":22003,"cityName":"Sal Rei","hotelId":183197,"hotelName":"Orquidea Guest House","address":"Praia do Estoril,Sal Rei,Boa Vista,Cape Verde","phones":"+2382511041","fax":"","email":"guesthouseorquideabv@hotmail.com","url":"","countryIso2":"CV","countryName":"Cape Verde","hotelRating":"2","latitude":"16.1771","longitude":"-22.9175","state_id":2999,"state_name":"Boa Vista","country_id":40},{"active":false,"Giataid":"183198","cityId":22000,"cityName":"Praia","hotelId":183198,"hotelName":"Hotel Ola Mar","address":"Rua Santiago Palmarejo,Praia,Ilha De Santiago,Cape Verde","phones":"","fax":"","email":"","url":"","countryIso2":"CV","countryName":"Cape Verde","hotelRating":"3","latitude":"14.9132","longitude":"-23.5277","state_id":2988,"state_name":"Praia","country_id":40},{"active":false,"Giataid":"230254","cityId":1464,"cityName":"Santa Maria","hotelId":230254,"hotelName":"Aquamarina Suites","address":"Santa Maria,Sal,Cabo Verde,Cape Verde","phones":"+2382421211","fax":"","email":"info@aquamarinasuites.net","url":"http://www.aquamarinasuites.net/","countryIso2":"CV","countryName":"Cape Verde","hotelRating":"3","latitude":"16.5993","longitude":"-22.908","state_id":3647,"state_name":"Catamarca","country_id":11},{"active":false,"Giataid":"231727","cityId":1464,"cityName":"Santa Maria","hotelId":231727,"hotelName":"Melia Tortuga Beach","address":"Urbanizacao Da Cabocan,ZDTI De Ponta Preta,Santa Maria,Sal,Cape Verde","phones":"+2382429200","fax":"","email":"","url":"http://www.tortugabeachresort.com","countryIso2":"CV","countryName":"Cape Verde","hotelRating":"5","latitude":"16.6144","longitude":"-22.9248","state_id":3647,"state_name":"Catamarca","country_id":11},{"active":false,"Giataid":"236026","cityId":22008,"cityName":"Tarrafal","hotelId":236026,"hotelName":"Pensao Nos Dos","address":"NULL","phones":"","fax":"","email":"","url":"","countryIso2":"CV","countryName":"Cape Verde","hotelRating":"1","latitude":"15.2774","longitude":"-23.7509","state_id":2983,"state_name":"Tarrafal","country_id":40},{"active":false,"Giataid":"236771","cityId":21989,"cityName":"Cidade Velha","hotelId":236771,"hotelName":"Pousada Nacional De Sao Pedro","address":"","phones":"","fax":"","email":"","url":"","countryIso2":"CV","countryName":"Cape Verde","hotelRating":"1","latitude":"14.917","longitude":"-23.6047","state_id":2984,"state_name":"Ribeira Grande de Santiago","country_id":40},{"active":false,"Giataid":"237684","cityId":1464,"cityName":"Santa Maria","hotelId":237684,"hotelName":"Oasis Salinas Sea","address":"CP 63,Santa Maria,Sal,Kape Verde,Cape Verde","phones":"+2382422300","fax":"","email":"","url":"http://www.salinassea.com","countryIso2":"CV","countryName":"Cape Verde","hotelRating":"4","latitude":"16.599","longitude":"-22.9087","state_id":3647,"state_name":"Catamarca","country_id":11},{"active":false,"Giataid":"240712","cityId":1464,"cityName":"Santa Maria","hotelId":240712,"hotelName":"Agua Hotels Sal Vila Verde","address":"PO Box 194,4111 Santa Maria,Sal Island,Cape Verde","phones":"+2382421800","fax":"+2382528097","email":"mpina@tecnicil.com","url":"http://www.vilaverde-resort.com/santamaria/index.html","countryIso2":"CV","countryName":"Cape Verde","hotelRating":"4","latitude":"16.6123","longitude":"-22.9193","state_id":3647,"state_name":"Catamarca","country_id":11},{"active":false,"Giataid":"390890","cityId":22000,"cityName":"Praia","hotelId":390890,"hotelName":"Pensoa Vip","address":"Unnamed Road,Praia,Cape Verde","phones":"","fax":"","email":"","url":"","countryIso2":"CV","countryName":"Cape Verde","hotelRating":"1","latitude":"14.9106","longitude":"-23.5143","state_id":2988,"state_name":"Praia","country_id":40},{"active":false,"Giataid":"405279","cityId":1464,"cityName":"Santa Maria","hotelId":405279,"hotelName":"Tropical Residence","address":"Santa Maria,Sal,Cape Verde","phones":"","fax":"","email":"","url":"","countryIso2":"CV","countryName":"Cape Verde","hotelRating":"4","latitude":"16.5982","longitude":"-22.9161","state_id":3647,"state_name":"Catamarca","country_id":11},{"active":false,"Giataid":"406086","cityId":1464,"cityName":"Santa Maria","hotelId":406086,"hotelName":"Bazamore Residence","address":"Santa Maria,Ilha do Sal,Cape Verde","phones":"+2382421020","fax":"+2382421021","email":"","url":"http://www.hotelmorabeza.com/english/bazamore-location.php","countryIso2":"CV","countryName":"Cape Verde","hotelRating":"4","latitude":"16.5988","longitude":"-22.9092","state_id":3647,"state_name":"Catamarca","country_id":11},{"active":false,"Giataid":"431961","cityId":22008,"cityName":"Tarrafal","hotelId":431961,"hotelName":"Residencial La Marea","address":"Cora??o Da Cidade Do Tarrafal,Vila Centro Estrada Publica,7110 Tarrafal,Cape Verde","phones":"+2382661700","fax":"","email":"residencial.lamarea@sapo.cv","url":"https://www.lamarea.cv","countryIso2":"CV","countryName":"Cape Verde","hotelRating":"2","latitude":"15.2794","longitude":"-23.7502","state_id":2983,"state_name":"Tarrafal","country_id":40},{"active":false,"Giataid":"501995","cityId":22000,"cityName":"Praia","hotelId":501995,"hotelName":"Residencial Nazare","address":"Rua Cesario De Lacerda 226,1000 Praia,Santiago,Cape Verde","phones":"","fax":"","email":"","url":"","countryIso2":"CV","countryName":"Cape Verde","hotelRating":"2","latitude":"14.9174","longitude":"-23.5074","state_id":2988,"state_name":"Praia","country_id":40},{"active":false,"Giataid":"502710","cityId":22000,"cityName":"Praia","hotelId":502710,"hotelName":"Hotel Vulcao","address":"","phones":"","fax":"","email":"","url":"","countryIso2":"CV","countryName":"Cape Verde","hotelRating":"3","latitude":"14.9116","longitude":"-23.5261","state_id":2988,"state_name":"Praia","country_id":40},{"active":false,"Giataid":"546315","cityId":1464,"cityName":"Santa Maria","hotelId":546315,"hotelName":"Sensimar Cabo Verde Resort","address":"Santa Maria,Sal,Cape Verde","phones":"","fax":"","email":"","url":"","countryIso2":"CV","countryName":"Cape Verde","hotelRating":"5","latitude":"16.6134","longitude":"-22.9166","state_id":3647,"state_name":"Catamarca","country_id":11},{"active":false,"Giataid":"547285","cityId":1464,"cityName":"Santa Maria","hotelId":547285,"hotelName":"Melia Llana Beach Resort & Spa","address":"Urbanizacao da Cabocan,ZDTI de Ponta Preta,4111 Santa Maria,Sal Ilha de Sal,Cape Verde","phones":"+2382422340","fax":"","email":"reservations.melia.llana@melia.com","url":"https://www.melia.com/en/hotels/cabo-verde/isla-de-sal/melia-llana-beach-resort-spa/index.html","countryIso2":"CV","countryName":"Cape Verde","hotelRating":"5","latitude":"16.6145","longitude":"-22.9254","state_id":3647,"state_name":"Catamarca","country_id":11},{"active":false,"Giataid":"548178","cityId":1464,"cityName":"Santa Maria","hotelId":548178,"hotelName":"Sol Dunas","address":"ZDTI Algodoeiro,Santa Maria,Sal,Cape Verde","phones":"+2382422340","fax":"+2382422460","email":"sol.dunas@melia.com","url":"https://www.melia.com/de/hotels/cabo-verde/isla-de-sal/sol-dunas/index.html","countryIso2":"CV","countryName":"Cape Verde","hotelRating":"5","latitude":"16.6161","longitude":"-22.9233","state_id":3647,"state_name":"Catamarca","country_id":11},{"active":false,"Giataid":"588531","cityId":1464,"cityName":"Santa Maria","hotelId":588531,"hotelName":"Hotel Budha Beach THe Senses Collection","address":"Praia Antonio Sousa,4111 Santa Maria,Cape Verde","phones":"+2382421028","fax":"","email":"bookings.fashionbeach@gmail.com","url":"http://www.fashionbeachsuites.com","countryIso2":"CV","countryName":"Cape Verde","hotelRating":"3","latitude":"16.5957","longitude":"-22.8953","state_id":3647,"state_name":"Catamarca","country_id":11},{"active":false,"Giataid":"603420","cityId":1464,"cityName":"Santa Maria","hotelId":603420,"hotelName":"Ponta Sino Beach","address":"","phones":"","fax":"","email":"","url":"","countryIso2":"CV","countryName":"Cape Verde","hotelRating":"4","latitude":"16.5979","longitude":"-22.9101","state_id":3647,"state_name":"Catamarca","country_id":11},{"active":false,"Giataid":"611619","cityId":1464,"cityName":"Santa Maria","hotelId":611619,"hotelName":"Djadsal Moradias Tropical Resort","address":"Djadsal Moradias,4111 Santa Maria,Sal Island-Ilhas de Barlavento,Cape Verde,Cape Verde","phones":"","fax":"","email":"","url":"","countryIso2":"CV","countryName":"Cape Verde","hotelRating":"1","latitude":"16.5974","longitude":"-22.9153","state_id":3647,"state_name":"Catamarca","country_id":11},{"active":false,"Giataid":"689555","cityId":1464,"cityName":"Santa Maria","hotelId":689555,"hotelName":"Porto Antigo 2","address":"Rua 15 de Agosto, Santa Maria","phones":"","fax":"","email":"","url":"","countryIso2":"CV","countryName":"Cape Verde","hotelRating":"3","latitude":"16.5979","longitude":"-22.9101","state_id":3647,"state_name":"Catamarca","country_id":11},{"active":false,"Giataid":"721040","cityId":22008,"cityName":"Tarrafal","hotelId":721040,"hotelName":"Tarrafal Residence","address":"Ribeira Do Coqueiro,Tarrafal,Santiago,Cape Verde","phones":"+2382662060","fax":"+2382662060","email":"tarrafalresidence@gmail.com","url":"https://tarrafalresidence.cv/","countryIso2":"CV","countryName":"Cape Verde","hotelRating":"1","latitude":"15.2771","longitude":"-23.7529","state_id":2983,"state_name":"Tarrafal","country_id":40},{"active":false,"Giataid":"726735","cityId":1464,"cityName":"Santa Maria","hotelId":726735,"hotelName":"Royal Horizons Sunwing","address":"Santa Maria,Sal,Cape Verde","phones":"","fax":"","email":"","url":"https://www.newhorizonshotelsandresorts.com/royal-horizons-sunprime-1","countryIso2":"CV","countryName":"Cape Verde","hotelRating":"5","latitude":"16.5979","longitude":"-22.9101","state_id":3647,"state_name":"Catamarca","country_id":11},{"active":false,"Giataid":"726816","cityId":22008,"cityName":"Tarrafal","hotelId":726816,"hotelName":"Pensao Entre Nos","address":"Ponta De Atum,Tarrafal,Cape Verde","phones":"","fax":"","email":"","url":"","countryIso2":"CV","countryName":"Cape Verde","hotelRating":"3","latitude":"15.2771","longitude":"-23.7529","state_id":2983,"state_name":"Tarrafal","country_id":40},{"active":false,"Giataid":"726969","cityId":1464,"cityName":"Santa Maria","hotelId":726969,"hotelName":"Royal Horizons Sunprime","address":"Santa Maria,Sal,Cape Verde","phones":"","fax":"","email":"","url":"https://www.newhorizonshotelsandresorts.com/royal-horizons-sunwing-1","countryIso2":"CV","countryName":"Cape Verde","hotelRating":"5","latitude":"16.5979","longitude":"-22.9101","state_id":3647,"state_name":"Catamarca","country_id":11},{"active":false,"Giataid":"733656","cityId":22008,"cityName":"Tarrafal","hotelId":733656,"hotelName":"Mar Tranquilidade","address":"NULL","phones":"","fax":"","email":"info@martranquilidade.com","url":"http://www.martranquilidade.com/de","countryIso2":"CV","countryName":"Cape Verde","hotelRating":"2","latitude":"15.2771","longitude":"-23.7529","state_id":2983,"state_name":"Tarrafal","country_id":40},{"active":false,"Giataid":"735707","cityId":63186,"cityName":"Sal","hotelId":735707,"hotelName":"Salisland365 Holiday Apartment Melia Dunas Beach Resort & Spa","address":"Rua Andrade Corvo,Sal,Cape Verde","phones":"","fax":"","email":"bookings@salisland365.com","url":"http://www.salisland365.com/melia-dunas","countryIso2":"CV","countryName":"Cape Verde","hotelRating":"3","latitude":"16.6396","longitude":"-22.9176","state_id":960,"state_name":"Irbid Governorate","country_id":111},{"active":false,"Giataid":"744987","cityId":22003,"cityName":"Sal Rei","hotelId":744987,"hotelName":"Ca Elsa","address":"Rua Joao Cristovao 1,5110 Sal Rei,Boa Vista,Cape Verde","phones":"","fax":"","email":"","url":"","countryIso2":"CV","countryName":"Cape Verde","hotelRating":"3","latitude":"16.1738","longitude":"-22.9158","state_id":2999,"state_name":"Boa Vista","country_id":40},{"active":false,"Giataid":"746187","cityId":63186,"cityName":"Sal","hotelId":746187,"hotelName":"Albis Harena","address":"Agusto 15,4111 Sal,Cape Verde","phones":"","fax":"","email":"","url":"http://www.hotels.com/ho688522944","countryIso2":"CV","countryName":"Cape Verde","hotelRating":"3","latitude":"16.6396","longitude":"-22.9176","state_id":960,"state_name":"Irbid Governorate","country_id":111},{"active":false,"Giataid":"774309","cityId":1464,"cityName":"Santa Maria","hotelId":774309,"hotelName":"Tauchbasis - Eco Dive School","address":"Santa Maria,Cape Verde","phones":"","fax":"","email":"","url":"http://www.ecodiveschool.com/de/willkommen.html","countryIso2":"CV","countryName":"Cape Verde","hotelRating":"1","latitude":"16.5979","longitude":"-22.9101","state_id":3647,"state_name":"Catamarca","country_id":11},{"active":false,"Giataid":"781244","cityId":1464,"cityName":"Santa Maria","hotelId":781244,"hotelName":"Sal Beach Club","address":"Rua 5 Agusto,1234 Santa Maria,Cape Verde","phones":"","fax":"","email":"","url":"http://www.salbeachclub.com","countryIso2":"CV","countryName":"Cape Verde","hotelRating":"1","latitude":"16.5977","longitude":"-22.9063","state_id":3647,"state_name":"Catamarca","country_id":11},{"active":false,"Giataid":"781680","cityId":22008,"cityName":"Tarrafal","hotelId":781680,"hotelName":"Hotel Cachoeira","address":"Rua Perfeitura,7110 Tarrafal,Cape Verde","phones":"","fax":"","email":"","url":"","countryIso2":"CV","countryName":"Cape Verde","hotelRating":"1","latitude":"15.2771","longitude":"-23.7529","state_id":2983,"state_name":"Tarrafal","country_id":40},{"active":false,"Giataid":"782355","cityId":1464,"cityName":"Santa Maria","hotelId":782355,"hotelName":"Xamedu Hotelaria","address":"Rua Da Policia 100,4111 Santa Maria,Cape Verde","phones":"","fax":"","email":"","url":"","countryIso2":"CV","countryName":"Cape Verde","hotelRating":"1","latitude":"16.5979","longitude":"-22.9101","state_id":3647,"state_name":"Catamarca","country_id":11},{"active":false,"Giataid":"783787","cityId":22000,"cityName":"Praia","hotelId":783787,"hotelName":"Hotel Healthclub Vivi & Korpore","address":"Avenida Boavista,1037 Praia,Cape Verde","phones":"","fax":"","email":"","url":"","countryIso2":"CV","countryName":"Cape Verde","hotelRating":"1","latitude":"14.9106","longitude":"-23.5143","state_id":2988,"state_name":"Praia","country_id":40},{"active":false,"Giataid":"783927","cityId":22008,"cityName":"Tarrafal","hotelId":783927,"hotelName":"Pontu D'nkontru","address":"Rua Dos Correios,Entre De CV Telecom E Farmacia Tarrafal,7110 Tarrafal,Cape Verde","phones":"","fax":"","email":"","url":"","countryIso2":"CV","countryName":"Cape Verde","hotelRating":"1","latitude":"15.2771","longitude":"-23.7529","state_id":2983,"state_name":"Tarrafal","country_id":40},{"active":false,"Giataid":"785260","cityId":22000,"cityName":"Praia","hotelId":785260,"hotelName":"Hostel Casa Branca","address":"Rua Ilha Do Fogo,Praia,Cape Verde","phones":"","fax":"","email":"","url":"","countryIso2":"CV","countryName":"Cape Verde","hotelRating":"2","latitude":"14.9106","longitude":"-23.5143","state_id":2988,"state_name":"Praia","country_id":40},{"active":false,"Giataid":"786507","cityId":1464,"cityName":"Santa Maria","hotelId":786507,"hotelName":"Hostels Holiday Capo Verde","address":"Rua Amilcar Cabral 528,4111 Santa Maria,Cape Verde","phones":"","fax":"","email":"","url":"","countryIso2":"CV","countryName":"Cape Verde","hotelRating":"1","latitude":"16.5979","longitude":"-22.9101","state_id":3647,"state_name":"Catamarca","country_id":11},{"active":false,"Giataid":"790569","cityId":22000,"cityName":"Praia","hotelId":790569,"hotelName":"Boutique Hotel Praia Maria","address":"Rue Pedonal 30,Plateau,1234 Praia,Cape Verde","phones":"","fax":"","email":"","url":"","countryIso2":"CV","countryName":"Cape Verde","hotelRating":"1","latitude":"14.9106","longitude":"-23.5143","state_id":2988,"state_name":"Praia","country_id":40},{"active":false,"Giataid":"19368","cityId":22003,"cityName":"Sal Rei","hotelId":790585,"hotelName":"Ouril Boa Vista","address":"Avenida 4 de Julho,Sal Rei,Boa Vista,Cape Verde","phones":"+2382511145","fax":"","email":"hotelboavista@cvtelecom.cv","url":"http://www.ourilhotelboavista.com/","countryIso2":"CV","countryName":"Cape Verde","hotelRating":"3","latitude":"16.1738","longitude":"-22.9158","state_id":2999,"state_name":"Boa Vista","country_id":40},{"active":false,"Giataid":"794427","cityId":1464,"cityName":"Santa Maria","hotelId":794427,"hotelName":"Aparthotel Tropical","address":"Avenida Dos Hoteis,Zona Salininhas,4111 Santa Maria,Ilha Do Sal,Cape Verde","phones":"","fax":"","email":"","url":"","countryIso2":"CV","countryName":"Cape Verde","hotelRating":"1","latitude":"16.5979","longitude":"-22.9101","state_id":3647,"state_name":"Catamarca","country_id":11},{"active":false,"Giataid":"797088","cityId":22003,"cityName":"Sal Rei","hotelId":797088,"hotelName":"Ouril Hotel Agueda","address":"Praia de Estoril,0040 Sal Rei,Cape Verde","phones":"","fax":"","email":"","url":"","countryIso2":"CV","countryName":"Cape Verde","hotelRating":"1","latitude":"16.1738","longitude":"-22.9158","state_id":2999,"state_name":"Boa Vista","country_id":40},{"active":false,"Giataid":"797331","cityId":22008,"cityName":"Tarrafal","hotelId":797331,"hotelName":"Hotel Vista Mar Tarrafal","address":"Mar De Baixo,Tarrafal,Santiago,Cape Verde","phones":"+2382661119","fax":"","email":"info@hotelvistamar.cv","url":"http://www.hotelvistamar.cv/","countryIso2":"CV","countryName":"Cape Verde","hotelRating":"1","latitude":"15.2771","longitude":"-23.7529","state_id":2983,"state_name":"Tarrafal","country_id":40},{"active":false,"Giataid":"835560","cityId":22008,"cityName":"Tarrafal","hotelId":835560,"hotelName":"Casa Strela B&B","address":"Ponta de Atum,CP 118 - 7110,Tarrafal,Santiago,Cape Verde","phones":"+2389178529","fax":"","email":"reservation@casastrela.com","url":"http://casastrela.cv/","countryIso2":"CV","countryName":"Cape Verde","hotelRating":"1","latitude":"15.2771","longitude":"-23.7529","state_id":2983,"state_name":"Tarrafal","country_id":40},{"active":false,"Giataid":"836112","cityId":22000,"cityName":"Praia","hotelId":836112,"hotelName":"Pensao Benfica","address":"Palmarejo De Baixo,Praia,Santiago,Cape Verde","phones":"","fax":"","email":"","url":"","countryIso2":"CV","countryName":"Cape Verde","hotelRating":"1","latitude":"14.9044","longitude":"-23.5263","state_id":2988,"state_name":"Praia","country_id":40},{"active":false,"Giataid":"836162","cityId":1464,"cityName":"Santa Maria","hotelId":836162,"hotelName":"Surfactivity Guest House","address":"Zona Tanquinho Norte,4111 Santa Maria,Cape Verde","phones":"","fax":"","email":"info@surfactivity.it","url":"http://www.surfactivity.it","countryIso2":"CV","countryName":"Cape Verde","hotelRating":"1","latitude":"16.5972","longitude":"-22.8985","state_id":3647,"state_name":"Catamarca","country_id":11},{"active":false,"Giataid":"836185","cityId":1464,"cityName":"Santa Maria","hotelId":836185,"hotelName":"Holiday B&B","address":"Zona Centro,4111 Santa Maria,Cape Verde","phones":"+2385308188","fax":"","email":"holidaycaboverde@gmail.com","url":"http://www.holidaycaboverde.net","countryIso2":"CV","countryName":"Cape Verde","hotelRating":"1","latitude":"16.5987","longitude":"-22.9043","state_id":3647,"state_name":"Catamarca","country_id":11},{"active":false,"Giataid":"836338","cityId":22000,"cityName":"Praia","hotelId":836338,"hotelName":"Vivenda Viviani","address":"Rua Santa Monica,14 Palmarejo,Praia,Santiago,Cape Verde","phones":"","fax":"","email":"","url":"","countryIso2":"CV","countryName":"Cape Verde","hotelRating":"1","latitude":"14.9106","longitude":"-23.5143","state_id":2988,"state_name":"Praia","country_id":40},{"active":false,"Giataid":"836491","cityId":21989,"cityName":"Cidade Velha","hotelId":836491,"hotelName":"Kama Ku Kafe","address":"Estrada De Acesso A Cidade Velha,7629 Cidade Velha,Cape Verde","phones":"","fax":"","email":"","url":"","countryIso2":"CV","countryName":"Cape Verde","hotelRating":"1","latitude":"14.917","longitude":"-23.6047","state_id":2984,"state_name":"Ribeira Grande de Santiago","country_id":40},{"active":false,"Giataid":"836525","cityId":22003,"cityName":"Sal Rei","hotelId":836525,"hotelName":"Nos Kasa","address":"Zona Padre Varela,Sal Rei,Isola Di Boa Vista,Cape Verde","phones":"+2385298431","fax":"","email":"","url":"http://www.noskasa.com","countryIso2":"CV","countryName":"Cape Verde","hotelRating":"1","latitude":"16.1738","longitude":"-22.9158","state_id":2999,"state_name":"Boa Vista","country_id":40},{"active":false,"Giataid":"841271","cityId":22000,"cityName":"Praia","hotelId":841271,"hotelName":"Villa Sao Jose","address":"Achada Fazenda,CP 58,Pedra Badejo,Santa Cruz,Ilha de Santiago,Cape Verde","phones":"+2383569191","fax":"","email":"villa.sao.jose.cap.vert@gmail.com","url":"http://www.villa-sao-jose.com/","countryIso2":"CV","countryName":"Cape Verde","hotelRating":"1","latitude":"14.9106","longitude":"-23.5143","state_id":2988,"state_name":"Praia","country_id":40},{"active":false,"Giataid":"841490","cityId":63186,"cityName":"Sal","hotelId":841490,"hotelName":"Yacht Club Sal","address":"Pra?a Centrale,4441 Palmeira,Ilha do Sal,Cape Verde","phones":"+2389952625","fax":"","email":"","url":"","countryIso2":"CV","countryName":"Cape Verde","hotelRating":"1","latitude":"16.6396","longitude":"-22.9176","state_id":960,"state_name":"Irbid Governorate","country_id":111},{"active":false,"Giataid":"841643","cityId":22000,"cityName":"Praia","hotelId":841643,"hotelName":"Residencia FSFA","address":"Rua Che-Guevara 29,7600 Praia,Ilha de Santiago,Cape Verde","phones":"","fax":"","email":"","url":"","countryIso2":"CV","countryName":"Cape Verde","hotelRating":"1","latitude":"14.9106","longitude":"-23.5143","state_id":2988,"state_name":"Praia","country_id":40},{"active":false,"Giataid":"841681","cityId":22008,"cityName":"Tarrafal","hotelId":841681,"hotelName":"Alojamento Quotidiano","address":"Rua Liceu,Ponta Lagoua,7110 Tarrafal,Ilha de Santiago,Cape Verde","phones":"","fax":"","email":"","url":"","countryIso2":"CV","countryName":"Cape Verde","hotelRating":"1","latitude":"15.2771","longitude":"-23.7529","state_id":2983,"state_name":"Tarrafal","country_id":40},{"active":false,"Giataid":"841716","cityId":1464,"cityName":"Santa Maria","hotelId":841716,"hotelName":"Aparthotel Santa Maria Beach","address":"Zona Tanquinho Norte,0058 Santa Maria,Ilha do Sal,Cape Verde","phones":"","fax":"","email":"","url":"","countryIso2":"CV","countryName":"Cape Verde","hotelRating":"1","latitude":"16.5979","longitude":"-22.9101","state_id":3647,"state_name":"Catamarca","country_id":11},{"active":false,"Giataid":"841786","cityId":22008,"cityName":"Tarrafal","hotelId":841786,"hotelName":"Villa Casa Strela B&B","address":"Ponta de Atum,CP 118,7110 Tarrafal,Ilha de Santiago,Cape Verde","phones":"+2382661071","fax":"","email":"reservation@casastrela.com","url":"https://casastrela.com/","countryIso2":"CV","countryName":"Cape Verde","hotelRating":"1","latitude":"15.2771","longitude":"-23.7529","state_id":2983,"state_name":"Tarrafal","country_id":40},{"active":false,"Giataid":"259516","cityId":1464,"cityName":"Santa Maria","hotelId":10046736,"hotelName":"ClubHotel Riu Funana","address":"Cabocan Lote A2-A3,Santa Maria,Ilha do Sal,Cape Verde","phones":"+2382429040","fax":"","email":"","url":"","countryIso2":"CV","countryName":"Cape Verde","hotelRating":"5","latitude":"16.5941","longitude":"-22.9222","state_id":3647,"state_name":"Catamarca","country_id":11},{"active":false,"Giataid":"492484","cityId":22000,"cityName":"Praia","hotelId":10047449,"hotelName":"Praia Village","address":"Avenida de Sao Vicente,Praia,Cape Verde","phones":"","fax":"","email":"","url":"","countryIso2":"CV","countryName":"Cape Verde","hotelRating":"3","latitude":"14.9086","longitude":"-23.5273","state_id":2988,"state_name":"Praia","country_id":40},{"active":false,"Giataid":"406256","cityId":22000,"cityName":"Praia","hotelId":10052168,"hotelName":"Praiano Aparthotel","address":"Palmarejo Baixo,Praia,Santiago,Cape Verde","phones":"+2382605000","fax":"","email":"","url":"","countryIso2":"CV","countryName":"Cape Verde","hotelRating":"3","latitude":"14.9046","longitude":"-23.5261","state_id":2988,"state_name":"Praia","country_id":40},{"active":false,"Giataid":"550447","cityId":1464,"cityName":"Santa Maria","hotelId":10052464,"hotelName":"Dourada Studios","address":"Rua Mercado Municipal 22,4111 Santa Maria,Ilha do Sal,Cape Verde","phones":"","fax":"","email":"","url":"","countryIso2":"CV","countryName":"Cape Verde","hotelRating":"2","latitude":"16.6011","longitude":"-22.9016","state_id":3647,"state_name":"Catamarca","country_id":11},{"active":false,"Giataid":"516856","cityId":22000,"cityName":"Praia","hotelId":10058788,"hotelName":"Aparthotel Gambodjeu","address":"Cha de Areia,Rotunda da Asa,2222 Praia,Santiago,Cape Verde","phones":"","fax":"","email":"","url":"","countryIso2":"CV","countryName":"Cape Verde","hotelRating":"3","latitude":"14.9102","longitude":"-23.5125","state_id":2988,"state_name":"Praia","country_id":40},{"active":false,"Giataid":"419354","cityId":1464,"cityName":"Santa Maria","hotelId":10119307,"hotelName":"Gest Plain Apartments","address":"Rua 15 de Agosto loja 7","phones":"NULL","fax":"NULL","email":"NULL","url":"NULL","countryIso2":"CV","countryName":"Cape Verde","hotelRating":"3","latitude":"16.5973","longitude":"-22.9028","state_id":3647,"state_name":"Catamarca","country_id":11},{"active":false,"Giataid":"239364","cityId":21989,"cityName":"Cidade Velha","hotelId":20001604,"hotelName":"Beramar Hotel","address":"Rua Da Alfandega,Praia,Cape Verde","phones":"","fax":"","email":"","url":"","countryIso2":"CV","countryName":"Cape Verde","hotelRating":"0","latitude":"14.9098","longitude":"-23.5121","state_id":2984,"state_name":"Ribeira Grande de Santiago","country_id":40},{"active":false,"Giataid":"427645","cityId":14600,"cityName":"Santiago","hotelId":20001796,"hotelName":"Hotel Praia Confort","address":"Avenida Amilcar Cabral 11,1000 Praia,Cape Verde","phones":"","fax":"","email":"","url":"","countryIso2":"CV","countryName":"Cape Verde","hotelRating":"3","latitude":"14.9192","longitude":"-23.5087","state_id":2001,"state_name":"Rio Grande do Sul","country_id":31},{"active":false,"Giataid":"612880","cityId":21989,"cityName":"Cidade Velha","hotelId":20001991,"hotelName":"Hotel Vulcao","address":"Cidade Velha,Ilha de Santiago,Cape Verde","phones":"+2389581388","fax":"","email":"info@hotelvulcao.com","url":"http://www.hotelvulcao.com/index.php/en/","countryIso2":"CV","countryName":"Cape Verde","hotelRating":"4","latitude":"14.9152","longitude":"-23.6174","state_id":2984,"state_name":"Ribeira Grande de Santiago","country_id":40},{"active":false,"Giataid":"22554","cityId":22008,"cityName":"Tarrafal","hotelId":20003429,"hotelName":"Tarrafal","address":"Vila Tarrafal,Ilha de Santiago,Cabo Verdec,Cape Verde","phones":"+2382661785","fax":"+2382661787","email":"htltarrafal@cvtelecom.cv","url":"http://www.caboverde.com/pages/661785.htm","countryIso2":"CV","countryName":"Cape Verde","hotelRating":"3","latitude":"15.2789","longitude":"-23.7537","state_id":2983,"state_name":"Tarrafal","country_id":40},{"active":false,"Giataid":"15378","cityId":22008,"cityName":"Tarrafal","hotelId":20003655,"hotelName":"King Fisher Resort","address":"Punta a tum,Tarrafal,Insel Santiago,Cape Verde","phones":"","fax":"","email":"hrolfs1@gmx.net","url":"http://www.king-fisher.de/","countryIso2":"CV","countryName":"Cape Verde","hotelRating":"3","latitude":"15.2752","longitude":"-23.7578","state_id":2983,"state_name":"Tarrafal","country_id":40},{"active":false,"Giataid":"484971","cityId":15105,"cityName":"Sao Pedro","hotelId":20003835,"hotelName":"Aquiles Eco Hotel","address":"Sao Pedro,Sao Vicente,Cape Verde","phones":"+2382328002","fax":"","email":"info@aquilesecohotel.com","url":"http://aquilesecohotel.com","countryIso2":"CV","countryName":"Cape Verde","hotelRating":"3","latitude":"16.8237","longitude":"-25.0606","state_id":1997,"state_name":"Rio de Janeiro","country_id":31},{"active":false,"Giataid":"139915","cityId":1464,"cityName":"Santa Maria","hotelId":20004754,"hotelName":"Tauchbasis - Orca Diveclub Kapverden","address":"Santa Maria,Sal,Kapverden,Cape Verde","phones":"+2389819287","fax":"","email":"info@orca-diveclub-caboverde.com","url":"http://www.orca-diveclub-caboverde.com","countryIso2":"CV","countryName":"Cape Verde","hotelRating":"0","latitude":"16.5967","longitude":"-22.9122","state_id":3647,"state_name":"Catamarca","country_id":11},{"active":false,"Giataid":"228557","cityId":1464,"cityName":"Santa Maria","hotelId":20004933,"hotelName":"Guesthouse Santos Silva","address":"Zona Tanquinho,4111 Santa Maria,Sal Island,Cape Verde","phones":"+2382411140","fax":"+2382411142","email":"","url":"","countryIso2":"CV","countryName":"Cape Verde","hotelRating":"2","latitude":"16.5977","longitude":"-22.9011","state_id":3647,"state_name":"Catamarca","country_id":11},{"active":false,"Giataid":"380897","cityId":21991,"cityName":"Espargos","hotelId":20005120,"hotelName":"Monte Sintinha Residencial","address":"Travessa De Santa Luzia,4110 Espargos,Ilha Do Sal,Cape Verde","phones":"","fax":"","email":"","url":"","countryIso2":"CV","countryName":"Cape Verde","hotelRating":"0","latitude":"16.7543","longitude":"-22.9459","state_id":2998,"state_name":"Sal","country_id":40},{"active":false,"Giataid":"642297","cityId":22008,"cityName":"Tarrafal","hotelId":20008219,"hotelName":"Hotel Ixola","address":"Rue Cidade Amadora,7110 Tarrafal,Santiago,Ilhas de Sotavento,Cape Verde","phones":"","fax":"","email":"almilofernandes@gmail.com","url":"https://aparthoteltarrafal.cv","countryIso2":"CV","countryName":"Cape Verde","hotelRating":"3","latitude":"15.2732","longitude":"-23.7528","state_id":2983,"state_name":"Tarrafal","country_id":40},{"active":false,"Giataid":"405297","cityId":63186,"cityName":"Sal","hotelId":20008728,"hotelName":"Melia Dunas Beach Resort & Spa","address":"ZDTI Algodoeiro,Santa Maria,Isla de Sal,Cape Verde","phones":"+2382422340","fax":"+238242238","email":"melia.dunas@melia.com","url":"http://dunasbeachresort.com/sal-island","countryIso2":"CV","countryName":"Cape Verde","hotelRating":"5","latitude":"16.6162","longitude":"-22.9241","state_id":960,"state_name":"Irbid Governorate","country_id":111},{"active":false,"Giataid":"405297","cityId":63186,"cityName":"Sal","hotelId":20008728,"hotelName":"Melia Dunas Beach Resort & Spa","address":"ZDTI Algodoeiro,Santa Maria,Isla de Sal,Cape Verde","phones":"+2382422340","fax":"+238242238","email":"melia.dunas@melia.com","url":"http://dunasbeachresort.com/sal-island","countryIso2":"CV","countryName":"Cape Verde","hotelRating":"5","latitude":"16.6162","longitude":"-22.9241","state_id":960,"state_name":"Irbid Governorate","country_id":111},{"active":false,"Giataid":"77268","cityId":21989,"cityName":"Cidade Velha","hotelId":20008975,"hotelName":"Esplanada Por do Sol","address":"Cidade Velha,Santiago,Cape Verde","phones":"","fax":"","email":"","url":"","countryIso2":"CV","countryName":"Cape Verde","hotelRating":"2","latitude":"14.9155","longitude":"-23.6047","state_id":2984,"state_name":"Ribeira Grande de Santiago","country_id":40},{"active":false,"Giataid":"551039","cityId":63186,"cityName":"Sal","hotelId":20010837,"hotelName":"Apartment La Vedetta First Line Ocean","address":"Rua 5 de Agosto,Santa Maria,Sal,Cape Verde","phones":"","fax":"","email":"","url":"","countryIso2":"CV","countryName":"Cape Verde","hotelRating":"3","latitude":"16.5965","longitude":"-22.899","state_id":960,"state_name":"Irbid Governorate","country_id":111},{"active":false,"Giataid":"408795","cityId":21989,"cityName":"Cidade Velha","hotelId":20011751,"hotelName":"Limeira - Hotel","address":"Cidade Velha,Ilha de Santiago,Cape Verde","phones":"","fax":"","email":"","url":"","countryIso2":"CV","countryName":"Cape Verde","hotelRating":"3","latitude":"14.917","longitude":"-23.6105","state_id":2984,"state_name":"Ribeira Grande de Santiago","country_id":40},{"active":false,"Giataid":"260649","cityId":21997,"cityName":"Pombas","hotelId":20012053,"hotelName":"Hotel Paul Mar","address":"Agostinho Neto,Cidade das Pombas 1272,Caculi,Kap Verde,Cape Verde","phones":"","fax":"","email":"","url":"","countryIso2":"CV","countryName":"Cape Verde","hotelRating":"3","latitude":"17.1489","longitude":"-25.0135","state_id":2997,"state_name":"Paul","country_id":40},{"active":false,"Giataid":"508282","cityId":63186,"cityName":"Sal","hotelId":20012303,"hotelName":"Tropical Resort","address":"NA Dona Salininhia, Ponta Preta, Santa Maria,Sal,Cape Verde","phones":"","fax":"","email":"","url":"","countryIso2":"CV","countryName":"Cape Verde","hotelRating":"3","latitude":"16.6396","longitude":"-22.9176","state_id":960,"state_name":"Irbid Governorate","country_id":111},{"active":false,"Giataid":"612052","cityId":63186,"cityName":"Sal","hotelId":20012535,"hotelName":"Ocean Cafe Suites","address":"Rua 15 Agosto,Main Square,4111 Sal,Cape Verde","phones":"","fax":"","email":"","url":"","countryIso2":"CV","countryName":"Cape Verde","hotelRating":"3","latitude":"16.598","longitude":"-22.9055","state_id":960,"state_name":"Irbid Governorate","country_id":111},{"active":false,"Giataid":"183200","cityId":22008,"cityName":"Tarrafal","hotelId":20012807,"hotelName":"Villa Botanico","address":"Achada Ch?o Bom,Zona Pedreira CP 55,Tarrafal 7110,Insel Santiago,Cape Verde","phones":"+2382661800","fax":"+2389958645","email":"info@villabotanico.de","url":"http://www.villabotanico.de/?lang=de","countryIso2":"CV","countryName":"Cape Verde","hotelRating":"4","latitude":"15.2718","longitude":"-23.748","state_id":2983,"state_name":"Tarrafal","country_id":40},{"active":false,"Giataid":"610248","cityId":63186,"cityName":"Sal","hotelId":20013534,"hotelName":"Sakaroule Bed & Breakfast","address":"Rua a Tras,C.P. 40 Santa Maria,4111 Ilha d Sal,Cape Verde","phones":"+2382421682","fax":"","email":"sakaroule1999@yahoo.it","url":"http://sakaroulecaboverde.com/","countryIso2":"CV","countryName":"Cape Verde","hotelRating":"3","latitude":"16.6002","longitude":"-22.9051","state_id":960,"state_name":"Irbid Governorate","country_id":111},{"active":false,"Giataid":"612736","cityId":1464,"cityName":"Santa Maria","hotelId":20013850,"hotelName":"Villa Ao Mar","address":"Peer Area,4111 Santa Maria,Sal,Cape Verde","phones":"","fax":"","email":"info@villaaomar.com","url":"http://www.villaaomar.com/","countryIso2":"CV","countryName":"Cape Verde","hotelRating":"3","latitude":"16.5979","longitude":"-22.9065","state_id":3647,"state_name":"Catamarca","country_id":11},{"active":false,"Giataid":"523863","cityId":22003,"cityName":"Sal Rei","hotelId":20014011,"hotelName":"La Boaventura","address":"Sal Rei,Boa Vista,Cape Verde","phones":"+2389509167","fax":"","email":"fjudeaux@hotmail.com","url":"http://www.laboaventura.com/","countryIso2":"CV","countryName":"Cape Verde","hotelRating":"2","latitude":"16.1758","longitude":"-22.92","state_id":2999,"state_name":"Boa Vista","country_id":40},{"active":false,"Giataid":"607263","cityId":22003,"cityName":"Sal Rei","hotelId":20014145,"hotelName":"Cala da Lua apartments","address":"loc. Joao Cristao,Sal Rei,Boa Vista,Cape Verde","phones":"+2389852071","fax":"","email":"caladalua@hotmail.com","url":"http://www.caladalua.com/","countryIso2":"CV","countryName":"Cape Verde","hotelRating":"3","latitude":"16.1777","longitude":"-22.9139","state_id":2999,"state_name":"Boa Vista","country_id":40},{"active":false,"Giataid":"663234","cityId":22003,"cityName":"Sal Rei","hotelId":20014272,"hotelName":"AHG Zodiaco Apartment complex","address":"Amilkar Cabral s/n,5111 Sal Rei,Boa Vista,Cape Verde","phones":"","fax":"","email":"","url":"","countryIso2":"CV","countryName":"Cape Verde","hotelRating":"3","latitude":"16.1743","longitude":"-22.913","state_id":2999,"state_name":"Boa Vista","country_id":40},{"active":false,"Giataid":"612409","cityId":22000,"cityName":"Praia","hotelId":20014498,"hotelName":"Sol Hotel","address":"Meio de Achada Santo Antonio,1234 Praia,Cape Verde","phones":"","fax":"","email":"","url":"","countryIso2":"CV","countryName":"Cape Verde","hotelRating":"3","latitude":"14.9092","longitude":"-23.518","state_id":2988,"state_name":"Praia","country_id":40},{"active":false,"Giataid":"479651","cityId":22000,"cityName":"Praia","hotelId":20014605,"hotelName":"Hotel Santiago","address":"Rua Cidade Figueira Da Foz,Achada De Santo Antonio,1000 Praia,Cape Verde","phones":"","fax":"","email":"","url":"http://www.booking.com/hotel/cv/santiago.html","countryIso2":"CV","countryName":"Cape Verde","hotelRating":"3","latitude":"14.9093","longitude":"-23.5178","state_id":2988,"state_name":"Praia","country_id":40},{"active":false,"Giataid":"513875","cityId":22000,"cityName":"Praia","hotelId":20014698,"hotelName":"Vivi Hotel","address":"Palmarejo Baixo,7600 Praia,Cape Verde","phones":"","fax":"","email":"","url":"","countryIso2":"CV","countryName":"Cape Verde","hotelRating":"3","latitude":"14.9051","longitude":"-23.5265","state_id":2988,"state_name":"Praia","country_id":40},{"active":false,"Giataid":"613028","cityId":22000,"cityName":"Praia","hotelId":20014967,"hotelName":"Boutique Hotel Pescador","address":"Prainha,Praia,Isla de Santiago,Cape Verde","phones":"+2382602130","fax":"","email":"geral@pescador.cv","url":"http://www.pescador.cv/","countryIso2":"CV","countryName":"Cape Verde","hotelRating":"3","latitude":"14.9068","longitude":"-23.5112","state_id":2988,"state_name":"Praia","country_id":40},{"active":false,"Giataid":"516856","cityId":22000,"cityName":"Praia","hotelId":20015078,"hotelName":"Miradouro de Gamboa","address":"Cha de Areia,Rotunda da Asa,2222 Praia,Santiago,Cape Verde","phones":"+2382600295","fax":"","email":"miradourodegamboa@gmail.com","url":"https://miradourodegamboa.cv/","countryIso2":"CV","countryName":"Cape Verde","hotelRating":"3","latitude":"14.9106","longitude":"-23.5143","state_id":2988,"state_name":"Praia","country_id":40},{"active":false,"Giataid":"613075","cityId":22000,"cityName":"Praia","hotelId":20015184,"hotelName":"Hotel Cesaria","address":"33 Rua Che Guevare Fazenda,Praia,Cape Verde","phones":"","fax":"","email":"","url":"","countryIso2":"CV","countryName":"Cape Verde","hotelRating":"3","latitude":"14.9264","longitude":"-23.5121","state_id":2988,"state_name":"Praia","country_id":40},{"active":false,"Giataid":"677946","cityId":22003,"cityName":"Sal Rei","hotelId":20015304,"hotelName":"Ca Jasmine","address":"Praia Cabral,5110 Sal Rei,Cape Verde","phones":"","fax":"","email":"","url":"","countryIso2":"CV","countryName":"Cape Verde","hotelRating":"3","latitude":"16.1814","longitude":"-22.918","state_id":2999,"state_name":"Boa Vista","country_id":40},{"active":false,"Giataid":"405270","cityId":1464,"cityName":"Santa Maria","hotelId":20015549,"hotelName":"Paradise Beach Cape Verde","address":"Algodoeiro,Santa Maria,Sal 1234,Cape Verde","phones":"+2382422042","fax":"","email":"reservations@paradisebeach-capeverde.com","url":"http://www.paradisebeach-capeverde.com/","countryIso2":"CV","countryName":"Cape Verde","hotelRating":"4","latitude":"16.6185","longitude":"-22.9253","state_id":3647,"state_name":"Catamarca","country_id":11},{"active":false,"Giataid":"661022","cityId":22003,"cityName":"Sal Rei","hotelId":20015734,"hotelName":"Estrela do Mar","address":"Zona Do Liceo,5110 Sal Rei,Cape Verde","phones":"","fax":"","email":"info@estreladomarboavista.it","url":"http://www.estreladomarboavista.com/","countryIso2":"CV","countryName":"Cape Verde","hotelRating":"0","latitude":"16.1842","longitude":"-22.9114","state_id":2999,"state_name":"Boa Vista","country_id":40},{"active":false,"Giataid":"677951","cityId":22003,"cityName":"Sal Rei","hotelId":20015838,"hotelName":"Apartment Ocean Front Praia Estoril","address":"Praia Estoril Joao Cristovao,Praia Cabral,Boa Vista,5110 Sal Rei,Cape Verde","phones":"","fax":"","email":"","url":"","countryIso2":"CV","countryName":"Cape Verde","hotelRating":"3","latitude":"16.1738","longitude":"-22.9158","state_id":2999,"state_name":"Boa Vista","country_id":40},{"active":false,"Giataid":"613009","cityId":22000,"cityName":"Praia","hotelId":20016300,"hotelName":"Hotel Roterdao","address":"Rua das Flores 1,Achada Santo Ant?nio,Praia,Cape Verde","phones":"","fax":"","email":"","url":"","countryIso2":"CV","countryName":"Cape Verde","hotelRating":"3","latitude":"14.9106","longitude":"-23.5143","state_id":2988,"state_name":"Praia","country_id":40},{"active":false,"Giataid":"642280","cityId":22000,"cityName":"Praia","hotelId":20016401,"hotelName":"Hotel Rotterdam","address":"Achada Santo Antonio,Praia,Cape Verde","phones":"+2382602900","fax":"+2382602905","email":"hotelrdam@hotmail.com","url":"https://www.hotelroterdao.cv","countryIso2":"CV","countryName":"Cape Verde","hotelRating":"0","latitude":"14.9098","longitude":"-23.5184","state_id":2988,"state_name":"Praia","country_id":40},{"active":false,"Giataid":"698341","cityId":1464,"cityName":"Santa Maria","hotelId":20016523,"hotelName":"Djadsal Moradias","address":"Djasdal Moradias,4111 Santa Maria,Cape Verde","phones":"","fax":"","email":"","url":"","countryIso2":"CV","countryName":"Cape Verde","hotelRating":"0","latitude":"16.5996","longitude":"-22.9103","state_id":3647,"state_name":"Catamarca","country_id":11},{"active":false,"Giataid":"52769","cityId":22000,"cityName":"Praia","hotelId":20016636,"hotelName":"Aparthotel Praia Baixo","address":"Praiabaixo Beach,Praia,Cape Verde","phones":"+2382687105","fax":"+2382687107","email":"reservas@praiabaixo.com","url":"http://www.praiabaixo.com/","countryIso2":"CV","countryName":"Cape Verde","hotelRating":"3","latitude":"15.0643","longitude":"-23.4745","state_id":2988,"state_name":"Praia","country_id":40},{"active":false,"Giataid":"642286","cityId":22000,"cityName":"Praia","hotelId":20016773,"hotelName":"Residencial Paraiso","address":"Rua Serpa Pinto  73,Plateau,1234 Praia,Santiago,Cape Verde","phones":"+2382613539","fax":"","email":"residencialparaiso@sapo.cv","url":"","countryIso2":"CV","countryName":"Cape Verde","hotelRating":"0","latitude":"14.9241","longitude":"-23.505","state_id":2988,"state_name":"Praia","country_id":40},{"active":false,"Giataid":"405277","cityId":22003,"cityName":"Sal Rei","hotelId":20016841,"hotelName":"Por do Sol ","address":"Cabral Beach,Sal Rei,Cape Verde","phones":"","fax":"","email":"info@pordosol.com","url":"http://www.pordosol.com","countryIso2":"CV","countryName":"Cape Verde","hotelRating":"3","latitude":"16.1845","longitude":"-22.9159","state_id":2999,"state_name":"Boa Vista","country_id":40},{"active":false,"Giataid":"724282","cityId":22003,"cityName":"Sal Rei","hotelId":20016976,"hotelName":"Residence Del Porto","address":"Praia Diante,5110 Sal Rei,Boa Vista,Cape Verde","phones":"","fax":"","email":"","url":"","countryIso2":"CV","countryName":"Cape Verde","hotelRating":"2","latitude":"16.1752","longitude":"-22.9178","state_id":2999,"state_name":"Boa Vista","country_id":40},{"active":false,"Giataid":"486285","cityId":22000,"cityName":"Praia","hotelId":20017199,"hotelName":"Hote Escola da EHTCV","address":"Palmarejo Grande,0375 Praia,Santiago Island,Cape Verde","phones":"","fax":"","email":"","url":"","countryIso2":"CV","countryName":"Cape Verde","hotelRating":"2","latitude":"14.9221","longitude":"-23.539","state_id":2988,"state_name":"Praia","country_id":40},{"active":false,"Giataid":"664346","cityId":1464,"cityName":"Santa Maria","hotelId":20017465,"hotelName":"Hilton Cabo Verde Sal Resort","address":"Avenida dos Hoteis,4111 Santa Maria,Sal,Capo Verde,Cape Verde","phones":"+2383344444","fax":"","email":"sidcv.pr@hilton.com","url":"http://news.hilton.com/index.cfm/property/detail/3091?tl=de","countryIso2":"CV","countryName":"Cape Verde","hotelRating":"5","latitude":"16.5951","longitude":"-22.9169","state_id":3647,"state_name":"Catamarca","country_id":11},{"active":false,"Giataid":"724702","cityId":22000,"cityName":"Praia","hotelId":20017585,"hotelName":"Praiadise Hostel","address":"CV Multimedia Building 3rd Floor,Achada Santo Antonio,Praia,Cape Verde","phones":"+2383564677","fax":"","email":"praiadise@hostels.cv","url":"http://hostels.cv/praiadise","countryIso2":"CV","countryName":"Cape Verde","hotelRating":"2","latitude":"14.9079","longitude":"-23.517","state_id":2988,"state_name":"Praia","country_id":40},{"active":false,"Giataid":"414579","cityId":22000,"cityName":"Praia","hotelId":20017698,"hotelName":"Hotel Vip Praia","address":"Avenida Jorge Barbosa,1037 Praia,Cape Verde","phones":"","fax":"","email":"","url":"","countryIso2":"CV","countryName":"Cape Verde","hotelRating":"4","latitude":"14.9037","longitude":"-23.5204","state_id":2988,"state_name":"Praia","country_id":40},{"active":false,"Giataid":"640361","cityId":22000,"cityName":"Praia","hotelId":20018017,"hotelName":"Hotel Luar","address":"Caixa Postal  88,Terra Branca,Praia,Ilha de Santiago,Cape Verde","phones":"+2382615947","fax":"+2382616038","email":"hoteluar@cvtelecom.cv","url":"","countryIso2":"CV","countryName":"Cape Verde","hotelRating":"0","latitude":"14.9106","longitude":"-23.5143","state_id":2988,"state_name":"Praia","country_id":40},{"active":false,"Giataid":"463242","cityId":22003,"cityName":"Sal Rei","hotelId":20018142,"hotelName":"Bookingboavista","address":"Estoril Beach,Cx.P. 65,Sal Rei,Boa Vista,Cape Verde","phones":"+2389983232","fax":"","email":"info@bookingboavista.com","url":"http://www.bookingboavista.com/","countryIso2":"CV","countryName":"Cape Verde","hotelRating":"3","latitude":"16.1738","longitude":"-22.9158","state_id":2999,"state_name":"Boa Vista","country_id":40},{"active":false,"Giataid":"486271","cityId":22003,"cityName":"Sal Rei","hotelId":20018249,"hotelName":"Residencial Magic Tours em Boavista Cabo Verde","address":"Atras de Centro Sa?de de Boavista,1001 Sal Rei,Cape Verde","phones":"","fax":"","email":"","url":"","countryIso2":"CV","countryName":"Cape Verde","hotelRating":"0","latitude":"16.175","longitude":"-22.9128","state_id":2999,"state_name":"Boa Vista","country_id":40},{"active":false,"Giataid":"426604","cityId":1464,"cityName":"Santa Maria","hotelId":20018420,"hotelName":"Patio Antigo Residence","address":"Rua Amilcar Cabral,Centro,Vila De Santa Maria,Ilha Do Sal,Cape Verde","phones":"+2382421815","fax":"+2382421796","email":"portoantigoreservas@hotmail.com","url":"http://www.portoantigohotel.com","countryIso2":"CV","countryName":"Cape Verde","hotelRating":"2","latitude":"16.5968","longitude":"-22.9032","state_id":3647,"state_name":"Catamarca","country_id":11},{"active":false,"Giataid":"463089","cityId":22003,"cityName":"Sal Rei","hotelId":20018532,"hotelName":"Residential Salinas B&b","address":"Zona Bom Sossego,Sal Rei,Ilha de Boavista,5110 Cape Verde,Sal Rei,Cape Verde","phones":"","fax":"","email":"","url":"","countryIso2":"CV","countryName":"Cape Verde","hotelRating":"2","latitude":"16.1798","longitude":"-22.9157","state_id":2999,"state_name":"Boa Vista","country_id":40},{"active":false,"Giataid":"937530","cityId":22000,"cityName":"Praia","hotelId":20292353,"hotelName":"Stiago Rlax","address":"Rua Uccla 36,Achada Santo Antonio,1456 Praia,Cape Verde","phones":"","fax":"","email":"","url":"","countryIso2":"CV","countryName":"Cape Verde","hotelRating":"0","latitude":"14.9106","longitude":"-23.5143","state_id":2988,"state_name":"Praia","country_id":40},{"active":false,"Giataid":"865096","cityId":22000,"cityName":"Praia","hotelId":20292359,"hotelName":"Aparthotel Sol & Mar","address":"Palmarejo Baixo,Praia,Cape Verde","phones":"","fax":"","email":"","url":"","countryIso2":"CV","countryName":"Cape Verde","hotelRating":"0","latitude":"14.9106","longitude":"-23.5143","state_id":2988,"state_name":"Praia","country_id":40},{"active":false,"Giataid":"901227","cityId":1464,"cityName":"Santa Maria","hotelId":20292360,"hotelName":"Royal Horizons Ponta Sino","address":"Santa Maria,Cape Verde","phones":"","fax":"","email":"","url":"http://newhorizonshotels.com/sunprime-ponta-sino","countryIso2":"CV","countryName":"Cape Verde","hotelRating":"4","latitude":"16.5979","longitude":"-22.9101","state_id":3647,"state_name":"Catamarca","country_id":11},{"active":false,"Giataid":"932533","cityId":22008,"cityName":"Tarrafal","hotelId":20292361,"hotelName":"Restaurante Buzio","address":"Rua Macaco Raiz Do Chao,7110 Tarrafal,Cape Verde","phones":"","fax":"","email":"","url":"","countryIso2":"CV","countryName":"Cape Verde","hotelRating":"0","latitude":"15.2771","longitude":"-23.7529","state_id":2983,"state_name":"Tarrafal","country_id":40},{"active":false,"Giataid":"839570","cityId":14600,"cityName":"Santiago","hotelId":20292367,"hotelName":"Pensao Twins Cardoso","address":"Tarrafal De Santiago 102,Segundo Andar,Santiago,Cape Verde","phones":"","fax":"","email":"","url":"","countryIso2":"CV","countryName":"Cape Verde","hotelRating":"0","latitude":"14.9192","longitude":"-23.5087","state_id":2001,"state_name":"Rio Grande do Sul","country_id":31},{"active":false,"Giataid":"932556","cityId":21996,"cityName":"Pedra Badejo","hotelId":20292369,"hotelName":"Andreio Barros Residence","address":"Rua Principal 3,4 Andar,Pedra Badejo,Cape Verde","phones":"","fax":"","email":"","url":"","countryIso2":"CV","countryName":"Cape Verde","hotelRating":"0","latitude":"15.1315","longitude":"-23.5229","state_id":3004,"state_name":"Santa Cruz","country_id":40},{"active":false,"Giataid":"865861","cityId":1464,"cityName":"Santa Maria","hotelId":20292370,"hotelName":"Hotel Ouril Julia","address":"Rua 1 Junho,4111 Santa Maria,Cape Verde","phones":"+2382428060","fax":"","email":"melomendes@hotmail.com","url":"","countryIso2":"CV","countryName":"Cape Verde","hotelRating":"3","latitude":"16.5937","longitude":"-22.9185","state_id":3647,"state_name":"Catamarca","country_id":11},{"active":false,"Giataid":"932478","cityId":22008,"cityName":"Tarrafal","hotelId":20292371,"hotelName":"Zena Star","address":"Ribeira Do Pescador,Perto Cais Pesca,Tarrafal,Cape Verde","phones":"","fax":"","email":"","url":"","countryIso2":"CV","countryName":"Cape Verde","hotelRating":"0","latitude":"15.2771","longitude":"-23.7529","state_id":2983,"state_name":"Tarrafal","country_id":40},{"active":false,"Giataid":"908642","cityId":22000,"cityName":"Praia","hotelId":20292373,"hotelName":"Cardio Residencial","address":"Cidadela,Ilha De Santiago,Praia,Cape Verde","phones":"","fax":"","email":"","url":"","countryIso2":"CV","countryName":"Cape Verde","hotelRating":"0","latitude":"14.9106","longitude":"-23.5143","state_id":2988,"state_name":"Praia","country_id":40},{"active":false,"Giataid":"908735","cityId":1464,"cityName":"Santa Maria","hotelId":20292374,"hotelName":"Guesthouse Le Chatelain","address":"Washingtonia 90,Vila Verde,4111 Santa Maria,Cape Verde","phones":"","fax":"","email":"","url":"","countryIso2":"CV","countryName":"Cape Verde","hotelRating":"0","latitude":"16.5979","longitude":"-22.9101","state_id":3647,"state_name":"Catamarca","country_id":11},{"active":false,"Giataid":"932609","cityId":22008,"cityName":"Tarrafal","hotelId":20292375,"hotelName":"Hotel Solmarina","address":"Rua De Baia Verde,7110 Tarrafal,Cape Verde","phones":"+2382661219","fax":"","email":"contact@hotelsolmarina.com","url":"http://www.hotelsolmarina.com","countryIso2":"CV","countryName":"Cape Verde","hotelRating":"0","latitude":"15.2771","longitude":"-23.7529","state_id":2983,"state_name":"Tarrafal","country_id":40},{"active":false,"Giataid":"930715","cityId":1464,"cityName":"Santa Maria","hotelId":20292378,"hotelName":"Halos Casa Resort","address":"Avenida dos Hoteis,4111 Santa Maria,Ilha do Sal,Cape Verde","phones":"","fax":"","email":"","url":"","countryIso2":"CV","countryName":"Cape Verde","hotelRating":"4","latitude":"16.5979","longitude":"-22.9101","state_id":3647,"state_name":"Catamarca","country_id":11},{"active":false,"Giataid":"932542","cityId":22000,"cityName":"Praia","hotelId":20292377,"hotelName":"Hostel Maresia","address":"Cidadela,Praia,Cape Verde","phones":"","fax":"","email":"","url":"","countryIso2":"CV","countryName":"Cape Verde","hotelRating":"0","latitude":"14.9106","longitude":"-23.5143","state_id":2988,"state_name":"Praia","country_id":40},{"active":false,"Giataid":"952715","cityId":22008,"cityName":"Tarrafal","hotelId":20396817,"hotelName":"Pensao Sol E Luna","address":"2Mn Da Praia,Mar De Baixo R/C,7110 Tarrafal,Cape Verde","phones":"","fax":"","email":"","url":"","countryIso2":"CV","countryName":"Cape Verde","hotelRating":"1","latitude":"15.2771","longitude":"-23.7529","state_id":2983,"state_name":"Tarrafal","country_id":40},{"active":false,"Giataid":"973576","cityId":22000,"cityName":"Praia","hotelId":20396821,"hotelName":"Hotel America","address":"R Largo Da Europa,Praia,Cape Verde","phones":"","fax":"","email":"","url":"","countryIso2":"CV","countryName":"Cape Verde","hotelRating":"1","latitude":"14.9106","longitude":"-23.5143","state_id":2988,"state_name":"Praia","country_id":40},{"active":false,"Giataid":"993605","cityId":22008,"cityName":"Tarrafal","hotelId":20428820,"hotelName":"Cloud7 Beach Hostel","address":"Zona Da Ponta De Atum,7100 Tarrafal,Cape Verde","phones":"","fax":"","email":"","url":"","countryIso2":"CV","countryName":"Cape Verde","hotelRating":"1","latitude":"15.2771","longitude":"-23.7529","state_id":2983,"state_name":"Tarrafal","country_id":40},{"active":false,"Giataid":"992184","cityId":22000,"cityName":"Praia","hotelId":20428824,"hotelName":"Imobitur Apartamentos Turisticos","address":"Avenida Sao Vincente 68,Palmarejo,Praia,Cape Verde","phones":"","fax":"","email":"","url":"","countryIso2":"CV","countryName":"Cape Verde","hotelRating":"1","latitude":"14.9106","longitude":"-23.5143","state_id":2988,"state_name":"Praia","country_id":40},{"active":false,"Giataid":"983348","cityId":22008,"cityName":"Tarrafal","hotelId":20428821,"hotelName":"B&B Villa Alegria","address":"Zona Ponta D'Atum 37RC,Tarrafal,Cape Verde","phones":"","fax":"","email":"","url":"","countryIso2":"CV","countryName":"Cape Verde","hotelRating":"1","latitude":"15.2771","longitude":"-23.7529","state_id":2983,"state_name":"Tarrafal","country_id":40},{"active":false,"Giataid":"983233","cityId":22008,"cityName":"Tarrafal","hotelId":20428823,"hotelName":"Pensao Da Mex Tarrafal","address":"Rua Do Macaco,7110 Tarrafal,Cape Verde","phones":"","fax":"","email":"","url":"","countryIso2":"CV","countryName":"Cape Verde","hotelRating":"1","latitude":"15.2771","longitude":"-23.7529","state_id":2983,"state_name":"Tarrafal","country_id":40},{"active":false,"Giataid":"999219","cityId":22000,"cityName":"Praia","hotelId":20428825,"hotelName":"Pensao City Of Joy","address":"Achada Grande Frente 1,2389 Praia,Cape Verde","phones":"","fax":"","email":"","url":"http://www.hotels.com/ho1050227744","countryIso2":"CV","countryName":"Cape Verde","hotelRating":"1","latitude":"14.9106","longitude":"-23.5143","state_id":2988,"state_name":"Praia","country_id":40}]