[{"active":false,"Giataid":"16960","cityId":null,"cityName":"Praia Da Cruz","hotelId":16960,"hotelName":"Marine Club Beach Resort","address":"C.P. 16,Praia Da Cruz,Sal Rei,Cape Verde","phones":"+238511285","fax":"","email":"","url":"http://www.marineclubresort.com","countryIso2":"CV","countryName":"Cape Verde","hotelRating":"4","latitude":"16.1899","longitude":"-22.914","state_id":null,"state_name":null,"country_id":null},{"active":false,"Giataid":"37880","cityId":null,"cityName":"Mindelo/Sao Vicente","hotelId":37880,"hotelName":"Oasis Atlantico Porto Grande","address":"C.P. 103,Pra?a Amilcar Cabral,Mindelo,S.Vicente,Cape Verde","phones":"+2382323190","fax":"+2382323193","email":"portogrande@oasisatlantico.com","url":"http://www.oasisatlantico.com/en/portogrande","countryIso2":"CV","countryName":"Cape Verde","hotelRating":"4","latitude":"16.8894","longitude":"-24.9875","state_id":null,"state_name":null,"country_id":null},{"active":false,"Giataid":"37881","cityId":null,"cityName":"Mindelo/Sao Vicente","hotelId":37881,"hotelName":"MindelHotel","address":"Avenida 5 de Julho Mindelo,Ilha de S?o Vicente,Mindelo,Cabo Verde,Cape Verde","phones":"+2382328881","fax":"+2382328887","email":"mihotel@cvtelecom.cv","url":"","countryIso2":"CV","countryName":"Cape Verde","hotelRating":"4","latitude":"16.8892","longitude":"-24.9881","state_id":null,"state_name":null,"country_id":null},{"active":false,"Giataid":"37883","cityId":null,"cityName":"Riberia Grande/Sao Antao","hotelId":37883,"hotelName":"Chez l'Habitant","address":"Via Principal,C.P. 43,Ponta do Sol,Santo Ant?o,Cape Verde","phones":"","fax":"","email":"","url":"","countryIso2":"CV","countryName":"Cape Verde","hotelRating":"1","latitude":"17.197","longitude":"-25.0947","state_id":null,"state_name":null,"country_id":null},{"active":false,"Giataid":"37884","cityId":null,"cityName":"Ribeira Brava/Sao Nicolau","hotelId":37884,"hotelName":"Pensao Jardim","address":"Ribeira Brava,Sao Nicolau,Cabo Verde,Cape Verde","phones":"","fax":"","email":"","url":"","countryIso2":"CV","countryName":"Cape Verde","hotelRating":"2","latitude":"16.6134","longitude":"-24.2959","state_id":null,"state_name":null,"country_id":null},{"active":false,"Giataid":"183044","cityId":null,"cityName":"Praia de Chaves","hotelId":183044,"hotelName":"Iberostar Club Boa Vista","address":"5110 Praia de Chaves,Sal Rei,Isla de Boavista,Cabo Verde,Cape Verde","phones":"+2382512170","fax":"","email":"","url":"http://www.iberostar.com/DE/hotels-Boavista/Iberostar-Club-Boa-Vista_3_147.html","countryIso2":"CV","countryName":"Cape Verde","hotelRating":"5","latitude":"16.1151","longitude":"-22.9087","state_id":null,"state_name":null,"country_id":null},{"active":false,"Giataid":"231741","cityId":null,"cityName":"Boavista","hotelId":231741,"hotelName":"Hotel Riu Touareg","address":"Urbaniza??o Lacac?o Lote 13,Praia Lacac?o,Santa Monica,Boa Vista,Cape Verde","phones":"+2382512340","fax":"","email":"","url":"http://www.riu.com/de/Paises/kapverdische-inseln/boa-vista/clubhotel-riu-touareg/index.jsp","countryIso2":"CV","countryName":"Cape Verde","hotelRating":"5","latitude":"15.9798","longitude":"-22.819","state_id":null,"state_name":null,"country_id":null},{"active":false,"Giataid":"247535","cityId":null,"cityName":"Boavista","hotelId":247535,"hotelName":"Casa Velha Resort","address":"Insel Boa Vista,Kapverdische Inseln,Cape Verde","phones":"+2389958197","fax":"","email":"info@casavelha.it","url":"http://en.casavelha.it/home_page","countryIso2":"CV","countryName":"Cape Verde","hotelRating":"3","latitude":"16.1763","longitude":"-22.917","state_id":null,"state_name":null,"country_id":null},{"active":false,"Giataid":"414513","cityId":null,"cityName":"Mindelo/Sao Vicente","hotelId":414513,"hotelName":"Casa Colonial","address":"Rua 24 De Setembro","phones":"+2382318760","fax":"","email":"","url":"","countryIso2":"CV","countryName":"Cape Verde","hotelRating":"3","latitude":"16.8859","longitude":"-24.9869","state_id":null,"state_name":null,"country_id":null},{"active":false,"Giataid":"432062","cityId":null,"cityName":"Vila do Maio/Maio","hotelId":432062,"hotelName":"Apartments Ines","address":"","phones":"","fax":"","email":"","url":"","countryIso2":"CV","countryName":"Cape Verde","hotelRating":"2","latitude":"15.1379","longitude":"-23.2115","state_id":null,"state_name":null,"country_id":null},{"active":false,"Giataid":"446324","cityId":null,"cityName":"Mindelo/Sao Vicente","hotelId":446324,"hotelName":"Casa Cafe Mindelo","address":"","phones":"","fax":"","email":"","url":"","countryIso2":"CV","countryName":"Cape Verde","hotelRating":"1","latitude":"16.8861","longitude":"-24.9885","state_id":null,"state_name":null,"country_id":null},{"active":false,"Giataid":"481299","cityId":null,"cityName":"Vila Nova Sintra","hotelId":481299,"hotelName":"Hotel Paraizo","address":"","phones":"","fax":"","email":"","url":"","countryIso2":"CV","countryName":"Cape Verde","hotelRating":"3","latitude":"14.872","longitude":"-24.7047","state_id":null,"state_name":null,"country_id":null},{"active":false,"Giataid":"486289","cityId":null,"cityName":"Sao Filipe/Fogo","hotelId":486289,"hotelName":"Hotel Pousada Nova Sintra","address":"","phones":"","fax":"","email":"","url":"","countryIso2":"CV","countryName":"Cape Verde","hotelRating":"1","latitude":"14.8687","longitude":"-24.6943","state_id":null,"state_name":null,"country_id":null},{"active":false,"Giataid":"517286","cityId":null,"cityName":"Mindelo/Sao Vicente","hotelId":517286,"hotelName":"Residencial Raiar","address":"Alto Sao Nicolau,Mindelo,S?o Vicente,Cape Verde","phones":"+2382314740","fax":"","email":"reservas@residencialraiar.com","url":"https://residencialraiar.cv/","countryIso2":"CV","countryName":"Cape Verde","hotelRating":"2","latitude":"16.8894","longitude":"-24.991","state_id":null,"state_name":null,"country_id":null},{"active":false,"Giataid":"561036","cityId":null,"cityName":"Vila Nova Sintra","hotelId":561036,"hotelName":"Pensao O Castelo","address":"Vila Nova Sintra,Insel Brava,Cape Verde","phones":"","fax":"","email":"","url":"","countryIso2":"CV","countryName":"Cape Verde","hotelRating":"3","latitude":"14.871","longitude":"-24.7","state_id":null,"state_name":null,"country_id":null},{"active":false,"Giataid":"583145","cityId":null,"cityName":"Maio","hotelId":583145,"hotelName":"Stella Maris Villa & Apartment","address":"","phones":"","fax":"","email":"","url":"","countryIso2":"CV","countryName":"Cape Verde","hotelRating":"2","latitude":"15.1391","longitude":"-23.2115","state_id":null,"state_name":null,"country_id":null},{"active":false,"Giataid":"592011","cityId":null,"cityName":"Ch? das Caldeiras","hotelId":592011,"hotelName":"CASA MONTE AMARELO","address":"","phones":"+2382821569","fax":"","email":"","url":"","countryIso2":"CV","countryName":"Cape Verde","hotelRating":"1","latitude":"14.9674","longitude":"-24.3689","state_id":null,"state_name":null,"country_id":null},{"active":false,"Giataid":"600860","cityId":null,"cityName":"Fogo","hotelId":600860,"hotelName":"Casa Marisa 2","address":"","phones":"","fax":"","email":"","url":"","countryIso2":"CV","countryName":"Cape Verde","hotelRating":"2","latitude":"14.9255","longitude":"-24.4341","state_id":null,"state_name":null,"country_id":null},{"active":false,"Giataid":"725578","cityId":null,"cityName":"Sao Filipe/Fogo","hotelId":725578,"hotelName":"Casas Do Sol","address":"Cutelo De A?ucar,CP 44,S?o Filipe,Fogo,Cape Verde","phones":"+2382812024","fax":"+2382812024","email":"casasdosolcv@gmail.com","url":"http://www.casasdosol.cv","countryIso2":"CV","countryName":"Cape Verde","hotelRating":"2","latitude":"14.8861","longitude":"-24.4967","state_id":null,"state_name":null,"country_id":null},{"active":false,"Giataid":"726883","cityId":null,"cityName":"Vila Nova Sintra","hotelId":726883,"hotelName":"Hotel Cruz Grande Brava","address":"Rua Principal 1,Vila Nova Sintra,Cape Verde","phones":"","fax":"","email":"bookings@hotelcruzgrandebrava.info","url":"http://hotelcruzgrandebrava.info","countryIso2":"CV","countryName":"Cape Verde","hotelRating":"3","latitude":"14.87","longitude":"-24.6952","state_id":null,"state_name":null,"country_id":null},{"active":false,"Giataid":"727976","cityId":null,"cityName":"Sao Filipe/Fogo","hotelId":727976,"hotelName":"Hotel Ocean View & Restaurante Seafood","address":"Bila Baixo Ilha do Fogo,S?o Filipe,Cape Verde","phones":"","fax":"","email":"","url":"","countryIso2":"CV","countryName":"Cape Verde","hotelRating":"3","latitude":"14.8954","longitude":"-24.4978","state_id":null,"state_name":null,"country_id":null},{"active":false,"Giataid":"728853","cityId":null,"cityName":"Mindelo/Sao Vicente","hotelId":728853,"hotelName":"Moreno`s Boutique Hotel","address":"Rua Da Moeda,Mindelo,2111 Sao Vicente,Cape Verde","phones":"+2382300178","fax":"","email":"morenos@morenoshotel.com","url":"http://www.morenoshotel.com","countryIso2":"CV","countryName":"Cape Verde","hotelRating":"3","latitude":"16.8881","longitude":"-24.9879","state_id":null,"state_name":null,"country_id":null},{"active":false,"Giataid":"729261","cityId":null,"cityName":"Mindelo/Sao Vicente","hotelId":729261,"hotelName":"B&B Le Gourmet","address":"Sao Pedro,Ao Lado Do Campo De Futebol Pavimentado,1115 Sao Vicente,Cape Verde","phones":"","fax":"+2389371879","email":"info@bblegourmet.com","url":"http://www.bblegourmet.com","countryIso2":"CV","countryName":"Cape Verde","hotelRating":"1","latitude":"16.8881","longitude":"-24.9879","state_id":null,"state_name":null,"country_id":null},{"active":false,"Giataid":"729452","cityId":null,"cityName":"Vila Nova Sintra","hotelId":729452,"hotelName":"Motel Brava Tur","address":"Nova Sintra,2110 Vila Nova Sintra,Cape Verde","phones":"","fax":"","email":"","url":"","countryIso2":"CV","countryName":"Cape Verde","hotelRating":"1","latitude":"14.871","longitude":"-24.7","state_id":null,"state_name":null,"country_id":null},{"active":false,"Giataid":"731299","cityId":null,"cityName":"Vila do Maio/Maio","hotelId":731299,"hotelName":"Torre Sabina Maio Kapverden","address":"Calheta,Vila do Maio,Ilha do Maio,Cape Verde","phones":"+2382561299","fax":"","email":"torresabinacv@gmail.com","url":"https://www.inseltraum.biz/home/deutsch/torre-sabina-home/","countryIso2":"CV","countryName":"Cape Verde","hotelRating":"2","latitude":"15.1379","longitude":"-23.2115","state_id":null,"state_name":null,"country_id":null},{"active":false,"Giataid":"733756","cityId":null,"cityName":"Boavista","hotelId":733756,"hotelName":"Pensao Santa Isabel","address":"Largo de Santa Isabel,Sal Rei,Boa Vista,Cape Verde","phones":"","fax":"","email":"","url":"","countryIso2":"CV","countryName":"Cape Verde","hotelRating":"3","latitude":"16.1762","longitude":"-22.9167","state_id":null,"state_name":null,"country_id":null},{"active":false,"Giataid":"734211","cityId":null,"cityName":"Maio","hotelId":734211,"hotelName":"Atlantic Hauses","address":"Porto Ingles,Maio,Cape Verde","phones":"","fax":"","email":"","url":"","countryIso2":"CV","countryName":"Cape Verde","hotelRating":"3","latitude":"15.1391","longitude":"-23.2115","state_id":null,"state_name":null,"country_id":null},{"active":false,"Giataid":"736414","cityId":null,"cityName":"Riberia Grande/Sao Antao","hotelId":736414,"hotelName":"Casa D'Mar - B&B","address":"Rua Maria Violante,Ponta do Sol,Santo Ant?o,Cape Verde","phones":"+2382251390","fax":"","email":"casadmar.caboverde@gmail.com","url":"https://www.casadmar.com","countryIso2":"CV","countryName":"Cape Verde","hotelRating":"1","latitude":"17.197","longitude":"-25.0947","state_id":null,"state_name":null,"country_id":null},{"active":false,"Giataid":"749730","cityId":null,"cityName":"Sao Filipe/Fogo","hotelId":749730,"hotelName":"Pensao Ngozi Nova Cidade","address":"Xaguart Rua Da Porto Sao Filipe Fogo 1,Casa Azul Lado Direta,2389 Sao Filipe,Ilha Do Fogo,Cape Verde","phones":"","fax":"","email":"","url":"","countryIso2":"CV","countryName":"Cape Verde","hotelRating":"2","latitude":"14.8954","longitude":"-24.4978","state_id":null,"state_name":null,"country_id":null},{"active":false,"Giataid":"750271","cityId":null,"cityName":"Boavista","hotelId":750271,"hotelName":"Riu Palace Boa Vista","address":"Lote HO-1, Urbanizaci?n Morrinho De Baguincho,Praia de Boca Salina,Boa Vista,Cabo Verde - Z.D.T.I,Cape Verde","phones":"","fax":"","email":"","url":"https://www.riu.com/de/hotel/kapverdische-inseln/boa-vista/hotel-riu-palace-boavista/","countryIso2":"CV","countryName":"Cape Verde","hotelRating":"5","latitude":"16.166","longitude":"-22.9132","state_id":null,"state_name":null,"country_id":null},{"active":false,"Giataid":"755989","cityId":null,"cityName":"Boavista","hotelId":755989,"hotelName":"Fon' Banana","address":"Povoa??o Velha,Boavista,Cape Verde","phones":"+2382511871","fax":"","email":"info@fon-banana.com","url":"http://fon-banana.com/zimmer-boavista-unterkunft/banana-bar-cafe.html","countryIso2":"CV","countryName":"Cape Verde","hotelRating":"1","latitude":"16.166","longitude":"-22.9132","state_id":null,"state_name":null,"country_id":null},{"active":false,"Giataid":"759153","cityId":null,"cityName":"Riberia Grande/Sao Antao","hotelId":759153,"hotelName":"Tiduca Hotel","address":"Rua De pistola,1120 Ponta Do Sol,Cape Verde","phones":"","fax":"","email":"","url":"","countryIso2":"CV","countryName":"Cape Verde","hotelRating":"1","latitude":"17.2034","longitude":"-25.0931","state_id":null,"state_name":null,"country_id":null},{"active":false,"Giataid":"780517","cityId":null,"cityName":"Mindelo/Sao Vicente","hotelId":780517,"hotelName":"Simabo's Backpackers' Hostel","address":"Avenida Vicente Rendall Leite 13,1234 Mindelo,Cape Verde","phones":"","fax":"","email":"","url":"","countryIso2":"CV","countryName":"Cape Verde","hotelRating":"1","latitude":"16.8933","longitude":"-24.9889","state_id":null,"state_name":null,"country_id":null},{"active":false,"Giataid":"781356","cityId":null,"cityName":"Santo Antao","hotelId":781356,"hotelName":"Black Mamba","address":"Paul Cape Verde Paul Santo Antao,1111 Paul,Santo Antao,Cape Verde","phones":"","fax":"","email":"","url":"","countryIso2":"CV","countryName":"Cape Verde","hotelRating":"1","latitude":"17.1381","longitude":"-25.0548","state_id":null,"state_name":null,"country_id":null},{"active":false,"Giataid":"783826","cityId":null,"cityName":"Brava","hotelId":783826,"hotelName":"Residencia Ka Dencho","address":"Villa Nova Sintra Lem,Brava,Cape Verde Island,Faja,Cape Verde","phones":"","fax":"","email":"","url":"http://residenciakadencho.com/","countryIso2":"CV","countryName":"Cape Verde","hotelRating":"1","latitude":"14.8711","longitude":"-24.7136","state_id":null,"state_name":null,"country_id":null},{"active":false,"Giataid":"783845","cityId":null,"cityName":"Riberia Grande/Sao Antao","hotelId":783845,"hotelName":"Hotel Miranda e Miranda","address":"Rua Lombo P?ssaro 29,Ponta do Sol,Santo Ant?o,Cape Verde","phones":"","fax":"","email":"hotelmirandaemiranda.cv","url":"https://hotelmirandaemiranda.cv","countryIso2":"CV","countryName":"Cape Verde","hotelRating":"1","latitude":"17.197","longitude":"-25.0947","state_id":null,"state_name":null,"country_id":null},{"active":false,"Giataid":"787875","cityId":null,"cityName":"Mindelo/Sao Vicente","hotelId":787875,"hotelName":"Casa Sabi Lazareto","address":"Zone De Lazareto 12,Lazareto,Mindelo,Cape Verde","phones":"","fax":"","email":"","url":"","countryIso2":"CV","countryName":"Cape Verde","hotelRating":"1","latitude":"16.8881","longitude":"-24.9879","state_id":null,"state_name":null,"country_id":null},{"active":false,"Giataid":"789213","cityId":null,"cityName":"Porto Novo/Santo Antao","hotelId":789213,"hotelName":"Casa Cova","address":"Border of Cova de Paul Cova,1310 Porto Novo,Cape Verde","phones":"","fax":"","email":"","url":"","countryIso2":"CV","countryName":"Cape Verde","hotelRating":"1","latitude":"17.0192","longitude":"-25.0645","state_id":null,"state_name":null,"country_id":null},{"active":false,"Giataid":"790575","cityId":null,"cityName":"Sao Filipe/Fogo","hotelId":790575,"hotelName":"Casa David - Cha das Caldeiras","address":"NULL","phones":"","fax":"","email":"","url":"","countryIso2":"CV","countryName":"Cape Verde","hotelRating":"2","latitude":"14.8954","longitude":"-24.4978","state_id":null,"state_name":null,"country_id":null},{"active":false,"Giataid":"801539","cityId":null,"cityName":"Sao Filipe/Fogo","hotelId":801539,"hotelName":"Olamar Hotel Sao Filipe","address":"Achada Sao Filipe,Fogo,Sao Filipe,Cape Verde","phones":"","fax":"","email":"","url":"","countryIso2":"CV","countryName":"Cape Verde","hotelRating":"1","latitude":"14.8954","longitude":"-24.4978","state_id":null,"state_name":null,"country_id":null},{"active":false,"Giataid":"835532","cityId":null,"cityName":"Porto Novo/Santo Antao","hotelId":835532,"hotelName":"Yria Residencial","address":"Porto Novo Cha D'Matinho,7000 Porto Novo,Cape Verde","phones":"","fax":"","email":"","url":"","countryIso2":"CV","countryName":"Cape Verde","hotelRating":"1","latitude":"17.0189","longitude":"-25.0697","state_id":null,"state_name":null,"country_id":null},{"active":false,"Giataid":"679711","cityId":null,"cityName":"Mindelo/Sao Vicente","hotelId":836131,"hotelName":"Mindelo Residencial","address":"Rua S?o Jo?o 6,Mindelo,S?o Vicente,Cape Verde","phones":"","fax":"","email":"","url":"","countryIso2":"CV","countryName":"Cape Verde","hotelRating":"1","latitude":"16.884","longitude":"-24.9891","state_id":null,"state_name":null,"country_id":null},{"active":false,"Giataid":"836144","cityId":null,"cityName":"Mindelo/Sao Vicente","hotelId":836144,"hotelName":"Casa Comba","address":"Rue Dr. Vicente Rendall Leite,1234 Mindelo,Cape Verde","phones":"","fax":"","email":"","url":"","countryIso2":"CV","countryName":"Cape Verde","hotelRating":"1","latitude":"16.8881","longitude":"-24.9879","state_id":null,"state_name":null,"country_id":null},{"active":false,"Giataid":"836219","cityId":null,"cityName":"Mindelo/Sao Vicente","hotelId":836219,"hotelName":"Casa Solarino","address":"Rua Franz Fanon,Alto,0403 Mindelo,Cape Verde","phones":"","fax":"","email":"casasolarinocv@gmail.com","url":"http://www.casasolarinomindelo.com","countryIso2":"CV","countryName":"Cape Verde","hotelRating":"1","latitude":"16.8881","longitude":"-24.9879","state_id":null,"state_name":null,"country_id":null},{"active":false,"Giataid":"836308","cityId":null,"cityName":"Riberia Grande/Sao Antao","hotelId":836308,"hotelName":"Residential Trilhas & Montanhas","address":"Ilha De Santo Antao,Ponta do Sol,Cape Verde","phones":"","fax":"","email":"","url":"","countryIso2":"CV","countryName":"Cape Verde","hotelRating":"1","latitude":"17.197","longitude":"-25.0947","state_id":null,"state_name":null,"country_id":null},{"active":false,"Giataid":"836321","cityId":null,"cityName":"Sao Filipe/Fogo","hotelId":836321,"hotelName":"Residencial Girassol Lda","address":"Rua Francisco D'arcanja,8220 Sao Filipe,Cape Verde","phones":"","fax":"","email":"","url":"","countryIso2":"CV","countryName":"Cape Verde","hotelRating":"1","latitude":"14.8954","longitude":"-24.4978","state_id":null,"state_name":null,"country_id":null},{"active":false,"Giataid":"836350","cityId":null,"cityName":"Santo Antao","hotelId":836350,"hotelName":"Aldeia Jerome","address":"Vila Das Pombas,Paul,Santo Antao,Cape Verde","phones":"","fax":"","email":"","url":"","countryIso2":"CV","countryName":"Cape Verde","hotelRating":"1","latitude":"17.1381","longitude":"-25.0548","state_id":null,"state_name":null,"country_id":null},{"active":false,"Giataid":"836389","cityId":null,"cityName":"Santo Antao","hotelId":836389,"hotelName":"Kasa Xoxo","address":"Ribeira Grande,1110 Santo Antao,Cape Verde","phones":"","fax":"","email":"","url":"","countryIso2":"CV","countryName":"Cape Verde","hotelRating":"1","latitude":"17.1381","longitude":"-25.0548","state_id":null,"state_name":null,"country_id":null},{"active":false,"Giataid":"836407","cityId":null,"cityName":"Mindelo/Sao Vicente","hotelId":836407,"hotelName":"Basic Hotel","address":"Alto Morabeza,2110 Mindelo,Sao Vicente,Cape Verde","phones":"","fax":"","email":"","url":"","countryIso2":"CV","countryName":"Cape Verde","hotelRating":"1","latitude":"16.8881","longitude":"-24.9879","state_id":null,"state_name":null,"country_id":null},{"active":false,"Giataid":"836430","cityId":null,"cityName":"Santo Antao","hotelId":836430,"hotelName":"Misurino","address":"Vila Das Pombas,Paul,1210 Sant Antao,Cape Verde","phones":"","fax":"","email":"","url":"","countryIso2":"CV","countryName":"Cape Verde","hotelRating":"1","latitude":"17.1381","longitude":"-25.0548","state_id":null,"state_name":null,"country_id":null},{"active":false,"Giataid":"836459","cityId":null,"cityName":"Mindelo/Sao Vicente","hotelId":836459,"hotelName":"B&B Carvalho","address":"Avenida Marginal,Cha De Alecrim,2110 Mindelo,Sao Vicente,Cape Verde","phones":"+2389514131","fax":"","email":"mail@kaap-verdie.nl","url":"http://www.mindelobnbrooms.com","countryIso2":"CV","countryName":"Cape Verde","hotelRating":"1","latitude":"16.8881","longitude":"-24.9879","state_id":null,"state_name":null,"country_id":null},{"active":false,"Giataid":"836502","cityId":null,"cityName":"Mindelo/Sao Vicente","hotelId":836502,"hotelName":"Vila Mira Mar","address":"Alto Santo Antonio,2110 Mindelo,Sao Vicente Island,Cape Verde","phones":"","fax":"","email":"vilamiramar.mindelo@gmail.com","url":"http://www.vilamiramar.com","countryIso2":"CV","countryName":"Cape Verde","hotelRating":"1","latitude":"16.8881","longitude":"-24.9879","state_id":null,"state_name":null,"country_id":null},{"active":false,"Giataid":"836610","cityId":null,"cityName":"Fogo","hotelId":836610,"hotelName":"Pensao Casa Jose Doce","address":"Portela,Patim,Fogo,Cape Verde","phones":"","fax":"","email":"","url":"","countryIso2":"CV","countryName":"Cape Verde","hotelRating":"1","latitude":"14.9255","longitude":"-24.4341","state_id":null,"state_name":null,"country_id":null},{"active":false,"Giataid":"836619","cityId":null,"cityName":"Sao Filipe/Fogo","hotelId":836619,"hotelName":"Pipi's Guest House","address":"Alto Sao Pedro,Sao Filipe,Cape Verde","phones":"","fax":"","email":"","url":"","countryIso2":"CV","countryName":"Cape Verde","hotelRating":"1","latitude":"14.8954","longitude":"-24.4978","state_id":null,"state_name":null,"country_id":null},{"active":false,"Giataid":"836638","cityId":null,"cityName":"Sao Filipe/Fogo","hotelId":836638,"hotelName":"De Prince Pensao","address":"Rua Do Mercado 3,Congresso House Painted Dark Red,2389 Sao Filipe,Cape Verde","phones":"","fax":"","email":"","url":"","countryIso2":"CV","countryName":"Cape Verde","hotelRating":"1","latitude":"14.8954","longitude":"-24.4978","state_id":null,"state_name":null,"country_id":null},{"active":false,"Giataid":"839536","cityId":null,"cityName":"Porto Novo/Santo Antao","hotelId":839536,"hotelName":"Cap-Azul","address":"Praia De Topo,1310 Porto Novo,Cape Verde","phones":"","fax":"","email":"","url":"","countryIso2":"CV","countryName":"Cape Verde","hotelRating":"1","latitude":"17.0192","longitude":"-25.0645","state_id":null,"state_name":null,"country_id":null},{"active":false,"Giataid":"839692","cityId":null,"cityName":"Mindelo/Sao Vicente","hotelId":839692,"hotelName":"Vannilla Residencial","address":"Rua Oficinas Navais,Cruz Joao Evora,Mindelo,Cape Verde","phones":"","fax":"","email":"","url":"","countryIso2":"CV","countryName":"Cape Verde","hotelRating":"1","latitude":"16.8881","longitude":"-24.9879","state_id":null,"state_name":null,"country_id":null},{"active":false,"Giataid":"841105","cityId":null,"cityName":"Riberia Grande/Sao Antao","hotelId":841105,"hotelName":"Residencial Sol Point Art","address":"Ribeira Grande,Ponta do Sol 1120,Ilha de Santo Ant?o,Cape Verde","phones":"","fax":"","email":"","url":"","countryIso2":"CV","countryName":"Cape Verde","hotelRating":"1","latitude":"17.197","longitude":"-25.0947","state_id":null,"state_name":null,"country_id":null},{"active":false,"Giataid":"841137","cityId":null,"cityName":"Mindelo/Sao Vicente","hotelId":841137,"hotelName":"Baia Guest House","address":"Baia das Gatas,Monte Sossego codex 59A,Mindelo,Ilha de S?o Vicente,Cape Verde","phones":"","fax":"","email":"","url":"","countryIso2":"CV","countryName":"Cape Verde","hotelRating":"1","latitude":"16.8881","longitude":"-24.9879","state_id":null,"state_name":null,"country_id":null},{"active":false,"Giataid":"841170","cityId":null,"cityName":"Mindelo/Sao Vicente","hotelId":841170,"hotelName":"Moreno?s B&B","address":"Alto Fortim,1279 Mindelo,Ilha de S?o Vicente,Cape Verde","phones":"","fax":"","email":"","url":"","countryIso2":"CV","countryName":"Cape Verde","hotelRating":"1","latitude":"16.8881","longitude":"-24.9879","state_id":null,"state_name":null,"country_id":null},{"active":false,"Giataid":"841202","cityId":null,"cityName":"Mindelo/Sao Vicente","hotelId":841202,"hotelName":"@Georgette","address":"Avenue Marginal Copacabana,@ Laginha Beach,Copacabana Building L1  5DF e,2100 Mindelo,Ilha de S?o Vicente,Cape Verde","phones":"","fax":"","email":"","url":"","countryIso2":"CV","countryName":"Cape Verde","hotelRating":"1","latitude":"16.8881","longitude":"-24.9879","state_id":null,"state_name":null,"country_id":null},{"active":false,"Giataid":"841390","cityId":null,"cityName":"Sao Filipe/Fogo","hotelId":841390,"hotelName":"Cape Verde island","address":"89 Santa Filomena,2389 S?oFilipe,Fogo,Cape Verde","phones":"","fax":"","email":"","url":"","countryIso2":"CV","countryName":"Cape Verde","hotelRating":"1","latitude":"14.8954","longitude":"-24.4978","state_id":null,"state_name":null,"country_id":null},{"active":false,"Giataid":"841589","cityId":null,"cityName":"Riberia Grande/Sao Antao","hotelId":841589,"hotelName":"Zikriola Restaurant & Appartement Rooms","address":"Rua Cavoquinho das Tintas Rdc,7612 Ponta do Sol,Ilha de Santo Ant?o,Cape Verde","phones":"","fax":"","email":"","url":"","countryIso2":"CV","countryName":"Cape Verde","hotelRating":"1","latitude":"17.197","longitude":"-25.0947","state_id":null,"state_name":null,"country_id":null},{"active":false,"Giataid":"841759","cityId":null,"cityName":"Ch? das Caldeiras","hotelId":841759,"hotelName":"Casa Alcindo","address":"8235 Ch? das Caldeiras,Portela,Ilha do Fogo,Cape Verde","phones":"","fax":"","email":"","url":"","countryIso2":"CV","countryName":"Cape Verde","hotelRating":"1","latitude":"14.9668","longitude":"-24.3693","state_id":null,"state_name":null,"country_id":null},{"active":false,"Giataid":"848904","cityId":null,"cityName":"Mindelo/Sao Vicente","hotelId":848904,"hotelName":"Blue Marlin Hotel","address":"Alto Fortin,Mindelo,S?o Vicente,Cape Verde","phones":"+2382300175","fax":"+2382300176","email":"mail@bluemarlinhotel.net","url":"http://www.bluemarlinhotel.net","countryIso2":"CV","countryName":"Cape Verde","hotelRating":"1","latitude":"16.8899","longitude":"-24.9922","state_id":null,"state_name":null,"country_id":null},{"active":false,"Giataid":"559445","cityId":null,"cityName":"Calheta de Sao Miguel","hotelId":10072388,"hotelName":"Villa Morgana Cape Verde Resort","address":"Achada Batalha,Calheta De Sao Miguel,Cape Verde 7215,Santa Cruz,Cape Verde","phones":"","fax":"","email":"","url":"","countryIso2":"CV","countryName":"Cape Verde","hotelRating":"3","latitude":"15.184","longitude":"-23.5887","state_id":null,"state_name":null,"country_id":null},{"active":false,"Giataid":"483063","cityId":null,"cityName":"Sao Filipe/Fogo","hotelId":10072706,"hotelName":"The Colonial Guest House","address":"Alto S?o Pedro,Sao Filipe - Rua Camara Municipal,Cabo Verde,Fogo,Cape Verde","phones":"","fax":"","email":"","url":"","countryIso2":"CV","countryName":"Cape Verde","hotelRating":"3","latitude":"14.8954","longitude":"-24.4989","state_id":null,"state_name":null,"country_id":null},{"active":false,"Giataid":"525061","cityId":null,"cityName":"Mindelo/Sao Vicente","hotelId":10073286,"hotelName":"Complexo Multiuso Copacabana","address":"Avenida Marginal Lagjnha,bloco M1,Mindelo,Sao Vicente,Cape Verde","phones":"","fax":"","email":"","url":"","countryIso2":"CV","countryName":"Cape Verde","hotelRating":"3","latitude":"16.8923","longitude":"-24.9931","state_id":null,"state_name":null,"country_id":null},{"active":false,"Giataid":"481037","cityId":null,"cityName":"Calheta de Sao Miguel","hotelId":10123295,"hotelName":"Hotel Edu Horizonte","address":"Rua Estrada Principal Veneza,Calheta de S?o Miguel,Ilh?u,Cape Verde","phones":"NULL","fax":"NULL","email":"NULL","url":"NULL","countryIso2":"CV","countryName":"Cape Verde","hotelRating":"3","latitude":"15.1963","longitude":"-23.5979","state_id":null,"state_name":null,"country_id":null},{"active":false,"Giataid":"37882","cityId":null,"cityName":"Mindelo/Sao Vicente","hotelId":10139638,"hotelName":"Apart Hotel Avenida","address":"Avenida 5 de Julho, S.Vicente, P.O. 120, 4111 Mindelo, Kap Verde,Cape Verde","phones":"NULL","fax":"NULL","email":"NULL","url":"NULL","countryIso2":"CV","countryName":"Cape Verde","hotelRating":"3","latitude":"16.8881","longitude":"-24.9885","state_id":null,"state_name":null,"country_id":null},{"active":false,"Giataid":"600998","cityId":null,"cityName":"Mindelo/Sao Vicente","hotelId":10139885,"hotelName":"Ocean Apart Hotel","address":"Praia da Laginha,Cha de Alecrim,7100 Mindelo,Cape Verde","phones":"+2383532112","fax":"NULL","email":"NULL","url":"NULL","countryIso2":"CV","countryName":"Cape Verde","hotelRating":"3","latitude":"16.8961","longitude":"-24.9892","state_id":null,"state_name":null,"country_id":null},{"active":false,"Giataid":"37876","cityId":null,"cityName":"Maio","hotelId":20002198,"hotelName":"Bela Vista","address":"Praia do Morro,Maio,Cape Verde,Cape Verde","phones":"","fax":"","email":"","url":"","countryIso2":"CV","countryName":"Cape Verde","hotelRating":"2","latitude":"15.1769","longitude":"-23.2302","state_id":null,"state_name":null,"country_id":null},{"active":false,"Giataid":"605912","cityId":null,"cityName":"Boavista","hotelId":20002582,"hotelName":"So.Sta. Apartments","address":"Praia Estoril,Sal Rei,Boa Vista,Cape Verde","phones":"","fax":"","email":"","url":"","countryIso2":"CV","countryName":"Cape Verde","hotelRating":"3","latitude":"16.166","longitude":"-22.9132","state_id":null,"state_name":null,"country_id":null},{"active":false,"Giataid":"670674","cityId":null,"cityName":"Boavista","hotelId":20002828,"hotelName":"Vilas Praia de Chaves","address":"Praia de Chaves,Sal Rei,5110 Boa Vista,Cape Verde","phones":"","fax":"","email":"","url":"","countryIso2":"CV","countryName":"Cape Verde","hotelRating":"3","latitude":"16.1258","longitude":"-22.9042","state_id":null,"state_name":null,"country_id":null},{"active":false,"Giataid":"724308","cityId":null,"cityName":"S?o Vicente","hotelId":20003037,"hotelName":"Arla Residencial","address":"Alto de S?o Nicolau,Sao Vicente,Cape Verde","phones":"","fax":"","email":"","url":"","countryIso2":"CV","countryName":"Cape Verde","hotelRating":"2","latitude":"16.8801","longitude":"-24.9823","state_id":null,"state_name":null,"country_id":null},{"active":false,"Giataid":"724245","cityId":null,"cityName":"Boavista","hotelId":20003258,"hotelName":"Ca'rochinha","address":"Praia Da Cruz,Boa Vista 5110,Cape Verde,Cape Verde","phones":"","fax":"","email":"","url":"","countryIso2":"CV","countryName":"Cape Verde","hotelRating":"3","latitude":"16.166","longitude":"-22.9132","state_id":null,"state_name":null,"country_id":null},{"active":false,"Giataid":"642289","cityId":null,"cityName":"Riberia Grande/Sao Antao","hotelId":20004044,"hotelName":"Questel BronQ","address":"Boca De Moch Cruzinha C.P 27,1110 Ch? da Igreja,Ponta do Sol,Santo Antao,Cape Verde","phones":"","fax":"","email":"","url":"http://www.booking.com/hotel/cv/questel-bronq.de.html?aid=356985","countryIso2":"CV","countryName":"Cape Verde","hotelRating":"0","latitude":"17.1748","longitude":"-25.1599","state_id":null,"state_name":null,"country_id":null},{"active":false,"Giataid":"642282","cityId":null,"cityName":"Mindelo/Sao Vicente","hotelId":20004215,"hotelName":"Morabeza Village","address":"Ribeira Da Vinha,7100 Mindelo,Cape Verde","phones":"","fax":"","email":"","url":"http://cabo-verde-hotels.com/hotel/morabeza_village.php","countryIso2":"CV","countryName":"Cape Verde","hotelRating":"0","latitude":"16.8612","longitude":"-25.0111","state_id":null,"state_name":null,"country_id":null},{"active":false,"Giataid":"642292","cityId":null,"cityName":"Santo Antao","hotelId":20004394,"hotelName":"Casa Cavoquinho","address":"Ch? de Manuel dos Santos - Pa?l,Santo Ant?o,Cape Verde","phones":"+2382232065","fax":"","email":"cavoquinho@gmail.com","url":"http://cavoquinho.com","countryIso2":"CV","countryName":"Cape Verde","hotelRating":"0","latitude":"17.1202","longitude":"-25.0524","state_id":null,"state_name":null,"country_id":null},{"active":false,"Giataid":"391251","cityId":null,"cityName":"Mindelo/Sao Vicente","hotelId":20005277,"hotelName":"Kira's","address":"Rua Arg?lia 24,Mindelo,Sao Vicente,Cape Verde","phones":"+2382300274","fax":"+2382312310","email":"kiras@kirashotel.com","url":"http://www.kirashotel.com","countryIso2":"CV","countryName":"Cape Verde","hotelRating":"3","latitude":"16.886","longitude":"-24.988","state_id":null,"state_name":null,"country_id":null},{"active":false,"Giataid":"37877","cityId":null,"cityName":"Maio","hotelId":20005477,"hotelName":"Marilu","address":"Cidade de Porto Ingl?s,1000 Vila do Maio,Cape Verde","phones":"","fax":"","email":"","url":"","countryIso2":"CV","countryName":"Cape Verde","hotelRating":"3","latitude":"15.1375","longitude":"-23.2116","state_id":null,"state_name":null,"country_id":null},{"active":false,"Giataid":"463084","cityId":null,"cityName":"Boavista","hotelId":20005673,"hotelName":"Quintal 132","address":"Sal Rei,Ilha de Boavista,Cape Verde","phones":"+2389958197","fax":"","email":"info@b-abroad.com","url":"","countryIso2":"CV","countryName":"Cape Verde","hotelRating":"0","latitude":"16.166","longitude":"-22.9132","state_id":null,"state_name":null,"country_id":null},{"active":false,"Giataid":"670672","cityId":null,"cityName":"Boavista","hotelId":20005813,"hotelName":"Vila Cabral","address":"Praia Cabral,Sal Rei,7400 Boa Vista,Cape Verde","phones":"","fax":"","email":"","url":"","countryIso2":"CV","countryName":"Cape Verde","hotelRating":"3","latitude":"16.1836","longitude":"-22.9166","state_id":null,"state_name":null,"country_id":null},{"active":false,"Giataid":"670682","cityId":null,"cityName":"Boavista","hotelId":20005995,"hotelName":"SolaCyber","address":"Rua 1 de Maio,Sal Rei,5111 Boa Vista,Cape Verde","phones":"","fax":"","email":"","url":"","countryIso2":"CV","countryName":"Cape Verde","hotelRating":"2","latitude":"16.178","longitude":"-22.9193","state_id":null,"state_name":null,"country_id":null},{"active":false,"Giataid":"77270","cityId":null,"cityName":"Mindelo/Sao Vicente","hotelId":20006154,"hotelName":"Che Guevara","address":"Avenida Che Guevara,Mindelo,Sao Vicente,Cabo Verde,Cape Verde","phones":"+2382322449","fax":"","email":"cheguevara@cvtelecom.cv","url":"","countryIso2":"CV","countryName":"Cape Verde","hotelRating":"2","latitude":"16.8906","longitude":"-24.9808","state_id":null,"state_name":null,"country_id":null},{"active":false,"Giataid":"37886","cityId":null,"cityName":"Mindelo/Sao Vicente","hotelId":20006366,"hotelName":"Maravilha","address":"Rua Angola, Alto S. Nicolau,Mindelo,S. Vicente,Cape Verde","phones":"+2382300094","fax":"+2382322217","email":"gabs@cvtelecom.cv","url":"","countryIso2":"CV","countryName":"Cape Verde","hotelRating":"2","latitude":"16.8894","longitude":"-24.989","state_id":null,"state_name":null,"country_id":null},{"active":false,"Giataid":"391769","cityId":null,"cityName":"Fogo","hotelId":20006663,"hotelName":"Casa Marisa","address":"Ch? Das Caldeiras,Fogo,Cape Verde","phones":"+2382821662","fax":"","email":"info@fogo-marisa.com","url":"http://www.fogo-marisa.com","countryIso2":"CV","countryName":"Cape Verde","hotelRating":"2","latitude":"14.9549","longitude":"-24.3723","state_id":null,"state_name":null,"country_id":null},{"active":false,"Giataid":"77274","cityId":null,"cityName":"Santo Antao","hotelId":20006810,"hotelName":"Casa das Ilhas","address":"Lombo Comprido,Santo Antao,Cape Verde","phones":"+2382231832","fax":"","email":"casadasilhas@yahoo.fr","url":"https://www.casadasilhas.com/","countryIso2":"CV","countryName":"Cape Verde","hotelRating":"0","latitude":"17.1463","longitude":"-25.0189","state_id":null,"state_name":null,"country_id":null},{"active":false,"Giataid":"202060","cityId":null,"cityName":"Ribeira Brava/Sao Nicolau","hotelId":20007013,"hotelName":"Pensao Santo Antonio","address":"Terreiro,Vila da Ribeira Brava,Ilha de S. Nicolao,Cape Verde","phones":"+2382352200","fax":"+2382352199","email":"pensaosantoantonio@hotmail.com","url":"http://www.caboverde.com/pages/352200.htm","countryIso2":"CV","countryName":"Cape Verde","hotelRating":"2","latitude":"16.6153","longitude":"-24.2958","state_id":null,"state_name":null,"country_id":null},{"active":false,"Giataid":"679711","cityId":null,"cityName":"Mindelo/Sao Vicente","hotelId":20007169,"hotelName":"Mindelo Residencial","address":"Rua S?o Jo?o 6,Mindelo,S?o Vicente,Cape Verde","phones":"+23823008632323216","fax":"","email":"m.residencial@gmail.com","url":"https://mindeloresidencial.cv/","countryIso2":"CV","countryName":"Cape Verde","hotelRating":"3","latitude":"16.8881","longitude":"-24.9879","state_id":null,"state_name":null,"country_id":null},{"active":false,"Giataid":"642305","cityId":null,"cityName":"Mindelo/Sao Vicente","hotelId":20007320,"hotelName":"Simpatico Beach Baia","address":"Baia Das Gatas,2110 Mindelo,S?o Vicente,Cape Verde","phones":"","fax":"","email":"","url":"","countryIso2":"CV","countryName":"Cape Verde","hotelRating":"0","latitude":"16.8881","longitude":"-24.9879","state_id":null,"state_name":null,"country_id":null},{"active":false,"Giataid":"642294","cityId":null,"cityName":"Porto Novo/Santo Antao","hotelId":20007513,"hotelName":"Casadefrance","address":"Plage de Pria de Tope Hoel,1310 Porto Novo,Santo Antao,Cape Verde","phones":"","fax":"","email":"","url":"","countryIso2":"CV","countryName":"Cape Verde","hotelRating":"0","latitude":"17.0224","longitude":"-25.0687","state_id":null,"state_name":null,"country_id":null},{"active":false,"Giataid":"531493","cityId":null,"cityName":"Ribeira Brava/Sao Nicolau","hotelId":20007678,"hotelName":"Farinha de Pau - Eco Lodge","address":"Joao Batista zone, near the primary school,5121 Sao Nicolau,Cape Verde","phones":"","fax":"","email":"","url":"http://www.farinhadepau.com/","countryIso2":"CV","countryName":"Cape Verde","hotelRating":"0","latitude":"16.6425","longitude":"-24.3953","state_id":null,"state_name":null,"country_id":null},{"active":false,"Giataid":"517058","cityId":null,"cityName":"Mindelo/Sao Vicente","hotelId":20007810,"hotelName":"Residencial Laginha","address":"Avenida De Laginha,1225 Mindelo,Sao Vicente,Cape Verde","phones":"","fax":"","email":"","url":"","countryIso2":"CV","countryName":"Cape Verde","hotelRating":"3","latitude":"16.8944","longitude":"-24.9912","state_id":null,"state_name":null,"country_id":null},{"active":false,"Giataid":"679587","cityId":null,"cityName":"Santo Antao","hotelId":20007961,"hotelName":"Kasa d�Igreja","address":"Ch? de Igreja - Ilha de S.Antao - Rep. CABO VERDE,Cape Verde","phones":"+2382261145","fax":"","email":"kasa-d-igreja@hotmail.com","url":"","countryIso2":"CV","countryName":"Cape Verde","hotelRating":"3","latitude":"17.1381","longitude":"-25.0548","state_id":null,"state_name":null,"country_id":null},{"active":false,"Giataid":"546185","cityId":null,"cityName":"Mindelo/Sao Vicente","hotelId":20008417,"hotelName":"Casa Barcelona","address":"Rua Dr Manuel Duarte,Madeiralzinho,Mindelo,Sao Vicente,Cape Verde","phones":"","fax":"","email":"","url":"","countryIso2":"CV","countryName":"Cape Verde","hotelRating":"3","latitude":"16.8967","longitude":"-24.9857","state_id":null,"state_name":null,"country_id":null},{"active":false,"Giataid":"80706","cityId":null,"cityName":"Vila do Maio/Maio","hotelId":20008526,"hotelName":"Residencial Bom Sossego","address":"Vila do Maio,Maio,Cabo Verde,Cape Verde","phones":"+2382551365","fax":"","email":"","url":"","countryIso2":"CV","countryName":"Cape Verde","hotelRating":"2","latitude":"15.138","longitude":"-23.2119","state_id":null,"state_name":null,"country_id":null},{"active":false,"Giataid":"642318","cityId":null,"cityName":"Mindelo/Sao Vicente","hotelId":20008863,"hotelName":"Pousada Monte Cara","address":"Lazareto,9900 Mindelo,Sao Vicente,Cape Verde","phones":"+2382326199","fax":"","email":"pousadamontecara@cvtelecom.cv","url":"https://pousadamontecara.cv","countryIso2":"CV","countryName":"Cape Verde","hotelRating":"3","latitude":"16.8774","longitude":"-25.0226","state_id":null,"state_name":null,"country_id":null},{"active":false,"Giataid":"335043","cityId":null,"cityName":"Brava","hotelId":20009537,"hotelName":"Djabraba's Eco-Lodge (di Marco Giandinoto)","address":"Vila Nova Sintra City,Ilha da Brava,Cruz Grande, 9100, Kape Verde,Cape Verde","phones":"+2389794934","fax":"","email":"marcogiandinoto@gmail.com","url":"","countryIso2":"CV","countryName":"Cape Verde","hotelRating":"0","latitude":"14.8709","longitude":"-24.6957","state_id":null,"state_name":null,"country_id":null},{"active":false,"Giataid":"406356","cityId":null,"cityName":"S?o Vicente","hotelId":20009688,"hotelName":"Blu Marine Apart","address":"Sao Vicente,Cape Verde,Cape Verde","phones":"+238441926844231","fax":"","email":"enquiries@avante.uki.net","url":"http://www.blumarineaparthotel.com","countryIso2":"CV","countryName":"Cape Verde","hotelRating":"0","latitude":"16.8341","longitude":"-24.928","state_id":null,"state_name":null,"country_id":null},{"active":false,"Giataid":"546182","cityId":null,"cityName":"S?o Vicente","hotelId":20009817,"hotelName":"Solar Windelo","address":"Alto San Antonio,seguir Alto Miramar,Ex Casa de Vasco Martins,Sao Vicente,Cape Verde","phones":"+2383530030","fax":"","email":"","url":"http://www.windelo.com/en/indexEN.html","countryIso2":"CV","countryName":"Cape Verde","hotelRating":"3","latitude":"16.888","longitude":"-24.9844","state_id":null,"state_name":null,"country_id":null},{"active":false,"Giataid":"37887","cityId":null,"cityName":"Mindelo/Sao Vicente","hotelId":20009935,"hotelName":"Sodade","address":"38 Rua Franz Fanon,Mindelo,Cape Verde","phones":"+2382303200","fax":"+2382314019","email":"residencialsodade@hotmail.com","url":"http://residencialsodade.com/sodade.htm","countryIso2":"CV","countryName":"Cape Verde","hotelRating":"2","latitude":"16.8865","longitude":"-24.9848","state_id":null,"state_name":null,"country_id":null},{"active":false,"Giataid":"469925","cityId":null,"cityName":"Mindelo/Sao Vicente","hotelId":20010105,"hotelName":"Hotel Residencial Goa","address":"Mindelo Sao Vicente Cap Vert 948,Aldeia De Pescadores Do Calhau S?o Vicente,Zone Calhau,7100 Mindelo,Cape Verde","phones":"+2382329355","fax":"+2382329355","email":"info@goa-mindelo.com","url":"https://www.goaresidencial.cv","countryIso2":"CV","countryName":"Cape Verde","hotelRating":"0","latitude":"16.8434","longitude":"-24.8679","state_id":null,"state_name":null,"country_id":null},{"active":false,"Giataid":"260650","cityId":null,"cityName":"Santo Antao","hotelId":20010237,"hotelName":"Residencial Aldeia Manga","address":"Pa?l,Santo Ant?o,Cape Verde","phones":"+2382231880","fax":"","email":"info@aldeia-manga.com","url":"http://www.aldeia-manga.com/","countryIso2":"CV","countryName":"Cape Verde","hotelRating":"2","latitude":"17.1477","longitude":"-25.0154","state_id":null,"state_name":null,"country_id":null},{"active":false,"Giataid":"260648","cityId":null,"cityName":"Mindelo/Sao Vicente","hotelId":20010421,"hotelName":"Hotel Gaudi","address":"Rua Senator Vera Cruz 210,1016 Mindelo,Sao Vicente,Cape Verde","phones":"+2382318954","fax":"+2382318954","email":"hotelgaudi@cvtelecom.cv","url":"","countryIso2":"CV","countryName":"Cape Verde","hotelRating":"3","latitude":"16.8864","longitude":"-24.9878","state_id":null,"state_name":null,"country_id":null},{"active":false,"Giataid":"510715","cityId":null,"cityName":"Mindelo/Sao Vicente","hotelId":20010500,"hotelName":"Villa St Aubyn","address":"Avenida Fernando Ferreira Fortes 20,2110 Mindelo,Sao Vicente,Cape Verde","phones":"+2382312725","fax":"","email":"info@sailcapeverde.com","url":"http://www.villastaubyn.com","countryIso2":"CV","countryName":"Cape Verde","hotelRating":"0","latitude":"16.8859","longitude":"-24.9856","state_id":null,"state_name":null,"country_id":null},{"active":false,"Giataid":"202062","cityId":null,"cityName":"Tarrafal de S?o Nicolau","hotelId":20010638,"hotelName":"Residencial Tonecas","address":"Avenida Assis Cad?rio,Telha (Vicino al Porto),C.P. 7,0007 Tarrafal de Sao Nicolau,Ilha de S?o Nicolau,Cape Verde","phones":"+2382361220","fax":"+2382361230","email":"","url":"http://www.caboverde.com/pages/361220.htm","countryIso2":"CV","countryName":"Cape Verde","hotelRating":"2","latitude":"16.5659","longitude":"-24.3587","state_id":null,"state_name":null,"country_id":null},{"active":false,"Giataid":"479084","cityId":null,"cityName":"Mindelo/Sao Vicente","hotelId":20010941,"hotelName":"Hotel Alto Fortim","address":"CP 701,7100 Mindelo,Cape-Verde,Cape Verde","phones":"+2382326938","fax":"+2382326936","email":"altofortim@hotmail.com","url":"http://www.altofortim.com/","countryIso2":"CV","countryName":"Cape Verde","hotelRating":"3","latitude":"16.8902","longitude":"-24.9908","state_id":null,"state_name":null,"country_id":null},{"active":false,"Giataid":"486282","cityId":null,"cityName":"Vila do Maio/Maio","hotelId":20011149,"hotelName":"Pensao Big Game Maio","address":"Amilcar Cabral,6100 Vila do Maio,Capo Verde,Cape Verde","phones":"","fax":"","email":"","url":"","countryIso2":"CV","countryName":"Cape Verde","hotelRating":"0","latitude":"15.1397","longitude":"-23.2128","state_id":null,"state_name":null,"country_id":null},{"active":false,"Giataid":"550477","cityId":null,"cityName":"Mindelo/Sao Vicente","hotelId":20011280,"hotelName":"CASA BRANCA - Eco Chic","address":"Alto Sao Nicolao,Mindelo,Sao Vicente Island,Cape Verde","phones":"+2382316262","fax":"","email":"info@casabrancahotel.com","url":"http://casabrancahotel.com/","countryIso2":"CV","countryName":"Cape Verde","hotelRating":"4","latitude":"16.8891","longitude":"-24.99","state_id":null,"state_name":null,"country_id":null},{"active":false,"Giataid":"507068","cityId":null,"cityName":"Mindelo/Sao Vicente","hotelId":20011442,"hotelName":"Cafe Royal Suites","address":"Rua Liberdade De Africa,R?a Lisboa,2110 Mindelo,Sao Vicente,Cape Verde","phones":"","fax":"","email":"","url":"","countryIso2":"CV","countryName":"Cape Verde","hotelRating":"3","latitude":"16.8867","longitude":"-24.9882","state_id":null,"state_name":null,"country_id":null},{"active":false,"Giataid":"723736","cityId":null,"cityName":"Tarrafal de S?o Nicolau","hotelId":20011531,"hotelName":"Edificio Magico","address":"Avenida Assis Cadorio,Altha Fontainha,3121 Tarrafal de Sao Nicolau,Sao Nicolau,Cape Verde","phones":"+2382361941","fax":"","email":"edimagico@gmail.com","url":"http://www.edificiomagico.com","countryIso2":"CV","countryName":"Cape Verde","hotelRating":"0","latitude":"16.5631","longitude":"-24.3574","state_id":null,"state_name":null,"country_id":null},{"active":false,"Giataid":"526386","cityId":null,"cityName":"Ribeira Brava/Sao Nicolau","hotelId":20011655,"hotelName":"Pensao Bela Sombra","address":"Rua Baltazar Lopes Da Silva Ribeira Brava 3120 Sao Nicolau,Cape Verde,Cape Verde","phones":"","fax":"","email":"","url":"","countryIso2":"CV","countryName":"Cape Verde","hotelRating":"3","latitude":"16.6118","longitude":"-24.3034","state_id":null,"state_name":null,"country_id":null},{"active":false,"Giataid":"335042","cityId":null,"cityName":"Brava","hotelId":20011897,"hotelName":"Sol Na Baia","address":"Faja d'agua,Ilha de Brava,Cape Verde","phones":"+2382852070","fax":"+2382852070","email":"pensao_sol_na_baia@hotmail.com","url":"","countryIso2":"CV","countryName":"Cape Verde","hotelRating":"0","latitude":"14.8712","longitude":"-24.7316","state_id":null,"state_name":null,"country_id":null},{"active":false,"Giataid":"202061","cityId":null,"cityName":"Santo Antao","hotelId":20012172,"hotelName":"Pension Chez Louisete","address":"Ponta do Sol,Santo Antao,Cape Verde","phones":"","fax":"","email":"","url":"","countryIso2":"CV","countryName":"Cape Verde","hotelRating":"2","latitude":"17.2011","longitude":"-25.0929","state_id":null,"state_name":null,"country_id":null},{"active":false,"Giataid":"37885","cityId":null,"cityName":"Porto Novo/Santo Antao","hotelId":20012421,"hotelName":"Girassol","address":"Porto Novo,Santo Antao,Cape Verde","phones":"","fax":"","email":"","url":"","countryIso2":"CV","countryName":"Cape Verde","hotelRating":"2","latitude":"17.0199","longitude":"-25.0643","state_id":null,"state_name":null,"country_id":null},{"active":false,"Giataid":"432853","cityId":null,"cityName":"Riberia Grande/Sao Antao","hotelId":20012667,"hotelName":"Musica do Mar","address":"C.P. 26,Ponta do Sol,Cape Verde","phones":"+2382251121","fax":"","email":"","url":"","countryIso2":"CV","countryName":"Cape Verde","hotelRating":"3","latitude":"17.2025","longitude":"-25.0936","state_id":null,"state_name":null,"country_id":null},{"active":false,"Giataid":"411356","cityId":null,"cityName":"Riberia Grande/Sao Antao","hotelId":20012931,"hotelName":"Kolina d'Sol Residence","address":"Zona Cha 222,7612 Ponta Do Sol,Ilha de Santo Ant?o,Cape Verde","phones":"","fax":"","email":"","url":"","countryIso2":"CV","countryName":"Cape Verde","hotelRating":"3","latitude":"17.1978","longitude":"-25.0894","state_id":null,"state_name":null,"country_id":null},{"active":false,"Giataid":"183196","cityId":null,"cityName":"Vila do Maio/Maio","hotelId":20013039,"hotelName":"Casita Verde","address":"Urbanisation Fontana,Vila do Maio,Ilha do Maio,Cape Verde","phones":"+23829960633","fax":"","email":"info@casita-verde.de","url":"http://www.casita-verde.de/","countryIso2":"CV","countryName":"Cape Verde","hotelRating":"2","latitude":"15.1378","longitude":"-23.2111","state_id":null,"state_name":null,"country_id":null},{"active":false,"Giataid":"642301","cityId":null,"cityName":"Santo Antao","hotelId":20013215,"hotelName":"Chez Sandro","address":"Cabo de Ribeira Cha de Manuel Dos Santos,1210 Pa?l,Santo Ant?o,Cape Verde","phones":"+2382231941","fax":"","email":"pensaochezsandro@gmail.com","url":"http://chezsandro.com","countryIso2":"CV","countryName":"Cape Verde","hotelRating":"0","latitude":"17.0963","longitude":"-25.1384","state_id":null,"state_name":null,"country_id":null},{"active":false,"Giataid":"447083","cityId":null,"cityName":"Mindelo/Sao Vicente","hotelId":20013333,"hotelName":"Prassa 3 Boutique Hotel","address":"Pra?a Amilcar Cabral 3,ex. Pra?a Nova,Mindelo,Sao Vicente,Cabo Verde,Cape Verde","phones":"+2382300809","fax":"","email":"comercial@prassa3hotel.com","url":"http://www.prassa3hotel.com/","countryIso2":"CV","countryName":"Cape Verde","hotelRating":"4","latitude":"16.8895","longitude":"-24.9883","state_id":null,"state_name":null,"country_id":null},{"active":false,"Giataid":"37883","cityId":null,"cityName":"Riberia Grande/Sao Antao","hotelId":20013434,"hotelName":"Coracao Ponta do Sol","address":"Via Principal,C.P. 43,Ponta do Sol,Santo Ant?o,Cape Verde","phones":"+2382251048","fax":"","email":"caboverdewimenhilde@hotmail.com","url":"http://www.coracaopontadosol.com/index.html","countryIso2":"CV","countryName":"Cape Verde","hotelRating":"3","latitude":"17.197","longitude":"-25.0947","state_id":null,"state_name":null,"country_id":null},{"active":false,"Giataid":"183201","cityId":null,"cityName":"Sao Filipe/Fogo","hotelId":20013736,"hotelName":"Residencial Savana","address":"Sao Filipe,Ilha do Fogo,Cape Verde","phones":"+2382811490","fax":"","email":"","url":"http://hotelsavana.homestead.com/","countryIso2":"CV","countryName":"Cape Verde","hotelRating":"3","latitude":"14.8952","longitude":"-24.4973","state_id":null,"state_name":null,"country_id":null},{"active":false,"Giataid":"37878","cityId":null,"cityName":"Sao Filipe/Fogo","hotelId":20014383,"hotelName":"Pousada Belavista","address":"Achada Pato,S. Filipe,Ilha do Fogo,Cabo Verde,Cape Verde","phones":"+2382811220","fax":"+2382811879","email":"p_belavista@yahoo.com","url":"","countryIso2":"CV","countryName":"Cape Verde","hotelRating":"3","latitude":"14.8957","longitude":"-24.4926","state_id":null,"state_name":null,"country_id":null},{"active":false,"Giataid":"406258","cityId":null,"cityName":"Sao Filipe/Fogo","hotelId":20014858,"hotelName":"Arko Iris Pensao Bar","address":"Bila Baxo,S?o Filipe,Kap Verde,Cape Verde","phones":"","fax":"","email":"","url":"","countryIso2":"CV","countryName":"Cape Verde","hotelRating":"0","latitude":"14.895","longitude":"-24.498","state_id":null,"state_name":null,"country_id":null},{"active":false,"Giataid":"672860","cityId":null,"cityName":"Mindelo/Sao Vicente","hotelId":20015436,"hotelName":"Las Rochas Mindelo Aparthotel","address":"Lazareto,2110 Mindelo,S?o Vicente,Cape Verde","phones":"+2382318880","fax":"","email":"residence@las-rochas.com","url":"http://www.las-rochas.com","countryIso2":"CV","countryName":"Cape Verde","hotelRating":"2","latitude":"16.8752","longitude":"-25.0169","state_id":null,"state_name":null,"country_id":null},{"active":false,"Giataid":"517146","cityId":null,"cityName":"Riberia Grande/Sao Antao","hotelId":20016031,"hotelName":"Sol Point Art","address":"Rocha Grande,Ponta do Sol,Santo Antao,Cape Verde","phones":"+2382251080","fax":"","email":"solpointart@gmail.com","url":"http://solpointart.weebly.com/","countryIso2":"CV","countryName":"Cape Verde","hotelRating":"2","latitude":"17.2009","longitude":"-25.0899","state_id":null,"state_name":null,"country_id":null},{"active":false,"Giataid":"486284","cityId":null,"cityName":"Mindelo/Sao Vicente","hotelId":20016197,"hotelName":"Hotel Lazareto","address":"Rua Hotel Lazareto,2115 Mindelo,Cape Verde","phones":"","fax":"","email":"","url":"","countryIso2":"CV","countryName":"Cape Verde","hotelRating":"0","latitude":"16.8747","longitude":"-25.0172","state_id":null,"state_name":null,"country_id":null},{"active":false,"Giataid":"598282","cityId":null,"cityName":"Sao Filipe/Fogo","hotelId":20017798,"hotelName":"Tortuga B&B","address":"Praia Nossa Senhora,1234 S?o Filipe,Cape Verde","phones":"+2389941512","fax":"","email":"casamarelacv@hotmail.com","url":"http://www.tortuga-fogo.eu/index.php/la-festa-di-sao-filipe/?lang=de","countryIso2":"CV","countryName":"Cape Verde","hotelRating":"2","latitude":"14.8812","longitude":"-24.4932","state_id":null,"state_name":null,"country_id":null},{"active":false,"Giataid":"77271","cityId":null,"cityName":"Sao Filipe/Fogo","hotelId":20017877,"hotelName":"Casa Renate","address":"Baixo da Igreja,Sao Filipe,Fogo,Cabo Verde,Cape Verde","phones":"+2382812518","fax":"","email":"renatefogo@hotmail.com","url":"","countryIso2":"CV","countryName":"Cape Verde","hotelRating":"2","latitude":"14.8934","longitude":"-24.5007","state_id":null,"state_name":null,"country_id":null},{"active":false,"Giataid":"932511","cityId":null,"cityName":"Sao Filipe/Fogo","hotelId":20292351,"hotelName":"Hotel Miramar Fogo Brava","address":"Xaguate Bar,8220 Sao Filipe,Cape Verde","phones":"","fax":"","email":"","url":"","countryIso2":"CV","countryName":"Cape Verde","hotelRating":"0","latitude":"14.8954","longitude":"-24.4978","state_id":null,"state_name":null,"country_id":null},{"active":false,"Giataid":"932593","cityId":null,"cityName":"Vila do Maio/Maio","hotelId":20292352,"hotelName":"Ah Maio","address":"Rua De Setembro Vila 24,Do Maio Porta 252,6110 Vila do Maio,Cape Verde","phones":"","fax":"","email":"","url":"","countryIso2":"CV","countryName":"Cape Verde","hotelRating":"0","latitude":"15.1379","longitude":"-23.2115","state_id":null,"state_name":null,"country_id":null},{"active":false,"Giataid":"876444","cityId":null,"cityName":"Santo Antao","hotelId":20292354,"hotelName":"Chez Hujo","address":"Boca de Figueiral,Vall?e de Paul,1210 Paul,?le de Santo Ant?o,Ilhas de Barlavento,Cape Verde","phones":"+2383522000","fax":"","email":"chezhujo.santoantao.cv@gmail.com","url":"http://www.caboverde.com/pages/522000.htm","countryIso2":"CV","countryName":"Cape Verde","hotelRating":"0","latitude":"17.1385","longitude":"-25.0307","state_id":null,"state_name":null,"country_id":null},{"active":false,"Giataid":"870813","cityId":null,"cityName":"Tarrafal de S?o Nicolau","hotelId":20292355,"hotelName":"Residencial Tocely","address":"Rua Antonio Assis Cadorio,Telha,0007 Tarrafal de Sao Nicolau,Cape Verde","phones":"","fax":"","email":"","url":"","countryIso2":"CV","countryName":"Cape Verde","hotelRating":"0","latitude":"16.5645","longitude":"-24.358","state_id":null,"state_name":null,"country_id":null},{"active":false,"Giataid":"937516","cityId":null,"cityName":"Sao Filipe/Fogo","hotelId":20292357,"hotelName":"Casa Albino","address":"Xaguate Baixo,8220 Sao Filipe,Cape Verde","phones":"","fax":"","email":"","url":"","countryIso2":"CV","countryName":"Cape Verde","hotelRating":"0","latitude":"14.8954","longitude":"-24.4978","state_id":null,"state_name":null,"country_id":null},{"active":false,"Giataid":"932628","cityId":null,"cityName":"Mindelo/Sao Vicente","hotelId":20292363,"hotelName":"Casa Tambor","address":"Tchon d'holande,Mindelo,Cape Verde","phones":"","fax":"","email":"info@casatambor.nl","url":"http://www.casatambor.nl","countryIso2":"CV","countryName":"Cape Verde","hotelRating":"0","latitude":"16.8881","longitude":"-24.9879","state_id":null,"state_name":null,"country_id":null},{"active":false,"Giataid":"932496","cityId":null,"cityName":"Riberia Grande/Sao Antao","hotelId":20292364,"hotelName":"Kasa Tambla","address":"Rua Direita CP33,Ponta do Sol,Santo Antao,Cape Verde","phones":"+2382251526","fax":"","email":"contact@kasatambla.com","url":"http://www.kasatambla.com","countryIso2":"CV","countryName":"Cape Verde","hotelRating":"0","latitude":"17.197","longitude":"-25.0947","state_id":null,"state_name":null,"country_id":null},{"active":false,"Giataid":"866369","cityId":null,"cityName":"Tarrafal de S?o Nicolau","hotelId":20292379,"hotelName":"Hiking Sao Nicolau B&B","address":"P.O. Box 76,Zona Telha,3121 Tarrafal de S?o Nicolau,Ilha de S?o Nicolau,Cape Verde","phones":"+2382361827","fax":"","email":"rotxaskribida@gmail.com","url":"http://www.hikingsaonicolau.com","countryIso2":"CV","countryName":"Cape Verde","hotelRating":"0","latitude":"16.5645","longitude":"-24.358","state_id":null,"state_name":null,"country_id":null},{"active":false,"Giataid":"1001645","cityId":null,"cityName":"Fogo","hotelId":20431515,"hotelName":"Casa Lavra Cicilio","address":"Cha das Caldeiras,8220 Insel Fogo,Cape Verde","phones":"","fax":"","email":"","url":"","countryIso2":"CV","countryName":"Cape Verde","hotelRating":"2","latitude":"14.9549","longitude":"-24.3723","state_id":null,"state_name":null,"country_id":null}]