[{"active":false,"Giataid":"370928","cityId":null,"cityName":"?tip","hotelId":370928,"hotelName":"Oaza Hotel","address":"","phones":"","fax":"","email":"","url":"","countryIso2":"MK","countryName":"Macedonia","hotelRating":"1","latitude":"41.7419","longitude":"22.1968","state_id":null,"state_name":null,"country_id":null},{"active":false,"Giataid":"372212","cityId":null,"cityName":"t?rk. Ustrumca","hotelId":372212,"hotelName":"Car Samuil Hotel-strumica","address":"","phones":"","fax":"","email":"","url":"","countryIso2":"MK","countryName":"Macedonia","hotelRating":"1","latitude":"41.4339","longitude":"22.6457","state_id":null,"state_name":null,"country_id":null},{"active":false,"Giataid":"372213","cityId":null,"cityName":"t?rk. Ustrumca","hotelId":372213,"hotelName":"Central HoteL-Strumica","address":"Marsal Tito 1,2400 Strumica,Macedonia","phones":"","fax":"","email":"","url":"","countryIso2":"MK","countryName":"Macedonia","hotelRating":"3","latitude":"41.437","longitude":"22.6381","state_id":null,"state_name":null,"country_id":null},{"active":false,"Giataid":"372214","cityId":null,"cityName":"t?rk. Ustrumca","hotelId":372214,"hotelName":"Gligorov Hotel-strumica","address":"Kliment Ohridski,2400 Strumica,Macedonia","phones":"+38934344600","fax":"","email":"","url":"","countryIso2":"MK","countryName":"Macedonia","hotelRating":"4","latitude":"41.4395","longitude":"22.6499","state_id":null,"state_name":null,"country_id":null},{"active":false,"Giataid":"372215","cityId":null,"cityName":"t?rk. Ustrumca","hotelId":372215,"hotelName":"Sirius Hotel-strumica","address":"Marshal Tito,2400 Strumica,Macedonia","phones":"","fax":"","email":"","url":"","countryIso2":"MK","countryName":"Macedonia","hotelRating":"4","latitude":"41.4134","longitude":"22.6519","state_id":null,"state_name":null,"country_id":null},{"active":false,"Giataid":"372313","cityId":null,"cityName":"Kocani","hotelId":372313,"hotelName":"Gradce Hotel-kocani","address":"","phones":"","fax":"","email":"","url":"","countryIso2":"MK","countryName":"Macedonia","hotelRating":"1","latitude":"41.9384","longitude":"22.4068","state_id":null,"state_name":null,"country_id":null},{"active":false,"Giataid":"372312","cityId":null,"cityName":"Kocani","hotelId":372312,"hotelName":"Filipov HoteL-Kocani","address":"Noemvri 29,2300 Kocani,Macedonia","phones":"","fax":"","email":"","url":"","countryIso2":"MK","countryName":"Macedonia","hotelRating":"2","latitude":"41.9142","longitude":"22.4491","state_id":null,"state_name":null,"country_id":null},{"active":false,"Giataid":"424367","cityId":null,"cityName":"Mavrovo","hotelId":424367,"hotelName":"Hotel Radika","address":"Mavrovi Anovi,1256 Leunovo,Macedonia","phones":"+38942223300","fax":"","email":"info@radika.com.mk","url":"http://www.radika.com.mk/en/index.php","countryIso2":"MK","countryName":"Macedonia","hotelRating":"5","latitude":"41.6941","longitude":"20.791","state_id":null,"state_name":null,"country_id":null},{"active":false,"Giataid":"451738","cityId":null,"cityName":"Mavrovo","hotelId":451738,"hotelName":"Hotel Lodge Mavrovo","address":"NULL","phones":"","fax":"","email":"","url":"","countryIso2":"MK","countryName":"Macedonia","hotelRating":"3","latitude":"41.6487","longitude":"20.7368","state_id":null,"state_name":null,"country_id":null},{"active":false,"Giataid":"451739","cityId":null,"cityName":"Mavrovo","hotelId":451739,"hotelName":"Hotel Sport","address":"Mavrovo,1256 Mavrovo,Macedonia","phones":"","fax":"","email":"","url":"","countryIso2":"MK","countryName":"Macedonia","hotelRating":"3","latitude":"41.6524","longitude":"20.7357","state_id":null,"state_name":null,"country_id":null},{"active":false,"Giataid":"451740","cityId":null,"cityName":"Mavrovo","hotelId":451740,"hotelName":"Hotel Bistra","address":"Mavrovo,1256 Mavrovo,Macedonia","phones":"+38942489027","fax":"+38942388383","email":"bistra@bistra.com","url":"http://www.bistra.com","countryIso2":"MK","countryName":"Macedonia","hotelRating":"4","latitude":"41.6494","longitude":"20.7356","state_id":null,"state_name":null,"country_id":null},{"active":false,"Giataid":"457588","cityId":null,"cityName":"Kocani","hotelId":457588,"hotelName":"Ale Dar Hotel","address":"Lazar Andonov 71,2300 Kocani,Macedonia","phones":"+38933278001","fax":"","email":"info@aledar.mk","url":"http://www.aledar.mk","countryIso2":"MK","countryName":"Macedonia","hotelRating":"1","latitude":"41.9082","longitude":"22.4075","state_id":null,"state_name":null,"country_id":null},{"active":false,"Giataid":"467317","cityId":null,"cityName":"Debar","hotelId":467317,"hotelName":"Venec Hotel","address":"8 Septemvri 9,1250 Debar,Debar,Macedonia","phones":"","fax":"","email":"","url":"","countryIso2":"MK","countryName":"Macedonia","hotelRating":"3","latitude":"41.521","longitude":"20.5289","state_id":null,"state_name":null,"country_id":null},{"active":false,"Giataid":"473487","cityId":null,"cityName":"?tip","hotelId":473487,"hotelName":"Radio Cafe Kanal 77 Hotel","address":"5ta Partiska Konferencija BB,2000 Stip,Macedonia","phones":"+38932613777","fax":"","email":"","url":"http://www.radiocafe.com.mk/","countryIso2":"MK","countryName":"Macedonia","hotelRating":"1","latitude":"41.747","longitude":"22.2017","state_id":null,"state_name":null,"country_id":null},{"active":false,"Giataid":"476473","cityId":null,"cityName":"t?rk. Ustrumca","hotelId":476473,"hotelName":"Villa Park Hotel Strumica","address":"","phones":"","fax":"","email":"","url":"","countryIso2":"MK","countryName":"Macedonia","hotelRating":"4","latitude":"41.4339","longitude":"22.6457","state_id":null,"state_name":null,"country_id":null},{"active":false,"Giataid":"476506","cityId":null,"cityName":"Sveti Stefan (Ohrid)","hotelId":476506,"hotelName":"Hotel Tino Sveti Stefan","address":"B.B. Sveti Stefan,6000 Sveti Stefan (Ohrid),Macedonia","phones":"+38946209340","fax":"","email":"tino_svstefan@t.mk","url":"http://www.hoteltino-svstefan.com","countryIso2":"MK","countryName":"Macedonia","hotelRating":"4","latitude":"41.0761","longitude":"20.8036","state_id":null,"state_name":null,"country_id":null},{"active":false,"Giataid":"476899","cityId":null,"cityName":"Debar","hotelId":476899,"hotelName":"Hotel Leon","address":"Str. 8 September No. 1,1250 Debar,Macedonia","phones":"","fax":"","email":"","url":"","countryIso2":"MK","countryName":"Macedonia","hotelRating":"3","latitude":"41.5159","longitude":"20.5333","state_id":null,"state_name":null,"country_id":null},{"active":false,"Giataid":"616101","cityId":null,"cityName":"t?rkisch Doyran","hotelId":616101,"hotelName":"Vila Stefani","address":"Ilindenska 9,Star Dojran,Macedonia","phones":"+38978218662","fax":"","email":"","url":"http://vilastefani.com/","countryIso2":"MK","countryName":"Macedonia","hotelRating":"1","latitude":"41.1791","longitude":"22.7226","state_id":null,"state_name":null,"country_id":null},{"active":false,"Giataid":"620127","cityId":null,"cityName":"Mavrovo","hotelId":620127,"hotelName":"Hotel Makpetrol Mavrovo","address":"","phones":"","fax":"","email":"","url":"","countryIso2":"MK","countryName":"Macedonia","hotelRating":"3","latitude":"41.6501","longitude":"20.7386","state_id":null,"state_name":null,"country_id":null},{"active":false,"Giataid":"622799","cityId":null,"cityName":"Ote?evo","hotelId":622799,"hotelName":"Lakeview Hotel and Resort","address":"T.N. Oteshevo,7319 Ote?evo,Macedonia","phones":"+38947551195","fax":"","email":"contact@lakeviewotesevo.com","url":"https://lakeviewotesevo.com","countryIso2":"MK","countryName":"Macedonia","hotelRating":"1","latitude":"0","longitude":"0","state_id":null,"state_name":null,"country_id":null},{"active":false,"Giataid":"622872","cityId":null,"cityName":"Mavrovo","hotelId":622872,"hotelName":"Hotel Golden Place","address":"Road 413,1254 Mavrovo,Macedonia","phones":"","fax":"","email":"","url":"","countryIso2":"MK","countryName":"Macedonia","hotelRating":"1","latitude":"41.6511","longitude":"20.7362","state_id":null,"state_name":null,"country_id":null},{"active":false,"Giataid":"650935","cityId":null,"cityName":"Petrovec","hotelId":650935,"hotelName":"Motel Livija","address":"Petrovec 1 bb,1043 Petrovec,Macedonia","phones":"","fax":"","email":"","url":"","countryIso2":"MK","countryName":"Macedonia","hotelRating":"1","latitude":"41.943","longitude":"21.6053","state_id":null,"state_name":null,"country_id":null},{"active":false,"Giataid":"796957","cityId":null,"cityName":"Kocani","hotelId":796957,"hotelName":"Hotel Leder","address":"Braka Stavrevi Street 19,2300 Kocani,Macedonia","phones":"","fax":"","email":"","url":"","countryIso2":"MK","countryName":"Macedonia","hotelRating":"1","latitude":"41.9198","longitude":"22.4119","state_id":null,"state_name":null,"country_id":null},{"active":false,"Giataid":"798081","cityId":null,"cityName":"Mavrovo","hotelId":798081,"hotelName":"Hotel Fersped","address":"Mavrovo Village,1256 Mavrovo,Macedonia","phones":"","fax":"","email":"","url":"","countryIso2":"MK","countryName":"Macedonia","hotelRating":"1","latitude":"41.6511","longitude":"20.7362","state_id":null,"state_name":null,"country_id":null},{"active":false,"Giataid":"798285","cityId":null,"cityName":"?tip","hotelId":798285,"hotelName":"Villa Mag Exkluziv","address":"General Mihajlo Apostolski 15,2000 Stip,Macedonia","phones":"","fax":"","email":"","url":"","countryIso2":"MK","countryName":"Macedonia","hotelRating":"1","latitude":"41.7419","longitude":"22.1968","state_id":null,"state_name":null,"country_id":null},{"active":false,"Giataid":"798308","cityId":null,"cityName":"Mavrovo","hotelId":798308,"hotelName":"Hotel Korab Trnica","address":"Unnamed Road,Trnica,1254 Mavrovo,Macedonia","phones":"","fax":"","email":"info@korabtrnica.mk","url":"http://www.korabtrnica.mk/","countryIso2":"MK","countryName":"Macedonia","hotelRating":"1","latitude":"41.6511","longitude":"20.7362","state_id":null,"state_name":null,"country_id":null},{"active":false,"Giataid":"798341","cityId":null,"cityName":"t?rkisch Doyran","hotelId":798341,"hotelName":"Hotel BellaVilla","address":"Edvard Kardelj Street bb,1485 Nov Dojran,Macedonia","phones":"","fax":"","email":"","url":"","countryIso2":"MK","countryName":"Macedonia","hotelRating":"1","latitude":"41.1843","longitude":"22.7224","state_id":null,"state_name":null,"country_id":null},{"active":false,"Giataid":"798721","cityId":null,"cityName":"t?rkisch Doyran","hotelId":798721,"hotelName":"Hit Casino Hotel","address":"Karach Street 1,1487 Star Dojran,Macedonia","phones":"+38934225203","fax":"","email":"info@hit-casino.net","url":"http://www.hit-casino.net","countryIso2":"MK","countryName":"Macedonia","hotelRating":"5","latitude":"41.1843","longitude":"22.7224","state_id":null,"state_name":null,"country_id":null},{"active":false,"Giataid":"799188","cityId":null,"cityName":"?tip","hotelId":799188,"hotelName":"Urbanista Hotel & Bar","address":"Vasil Glavinov 16,2000 Stip,Macedonia","phones":"","fax":"","email":"","url":"","countryIso2":"MK","countryName":"Macedonia","hotelRating":"1","latitude":"41.7419","longitude":"22.1968","state_id":null,"state_name":null,"country_id":null},{"active":false,"Giataid":"800016","cityId":null,"cityName":"Debar","hotelId":800016,"hotelName":"Kosovrast Resort & Spa","address":"Kosovrast Village,1250 Debar,Macedonia","phones":"+38946842222","fax":"","email":"info@bdcapa.com","url":"http://bdcapa.com/en/terme-kosovrast","countryIso2":"MK","countryName":"Macedonia","hotelRating":"1","latitude":"41.5327","longitude":"20.5774","state_id":null,"state_name":null,"country_id":null},{"active":false,"Giataid":"806927","cityId":null,"cityName":"Debar","hotelId":806927,"hotelName":"Banjisht Resort & Spa","address":"Banjishte Village,1250 Debar,Macedonia","phones":"","fax":"","email":"","url":"","countryIso2":"MK","countryName":"Macedonia","hotelRating":"1","latitude":"41.5586","longitude":"20.5298","state_id":null,"state_name":null,"country_id":null},{"active":false,"Giataid":"808154","cityId":null,"cityName":"t?rk. Ustrumca","hotelId":808154,"hotelName":"Hotel Restoran Antika","address":"Goce Delcev bb,2400 Strumica,Macedonia","phones":"","fax":"","email":"","url":"","countryIso2":"MK","countryName":"Macedonia","hotelRating":"1","latitude":"41.4339","longitude":"22.6457","state_id":null,"state_name":null,"country_id":null},{"active":false,"Giataid":"812071","cityId":null,"cityName":"Mavrovo","hotelId":812071,"hotelName":"Ski Hut Gorica","address":"Bela Voda bb,Mavrovi Anovi,1256 Mavrovo,Macedonia","phones":"","fax":"","email":"skihut.gorica@gmail.com","url":"http://skihutgorica.com/","countryIso2":"MK","countryName":"Macedonia","hotelRating":"1","latitude":"41.6511","longitude":"20.7362","state_id":null,"state_name":null,"country_id":null},{"active":false,"Giataid":"79859","cityId":null,"cityName":"Sveti Naum","hotelId":20002027,"hotelName":"Klosterhotel Sveti Naum","address":"6322 Saint Naum,Ohrid,Macedonia","phones":"+38946283245","fax":"","email":"info@hotel-stnaum.com.mk","url":"http://hotel-stnaum.com.mk","countryIso2":"MK","countryName":"Macedonia","hotelRating":"3","latitude":"40.9138","longitude":"20.7408","state_id":null,"state_name":null,"country_id":null},{"active":false,"Giataid":"650921","cityId":null,"cityName":"t?rkisch Doyran","hotelId":20002460,"hotelName":"Aparthotel Elizabet","address":"Goce Delcev bb,1487 Star Dojran,Macedonia","phones":"","fax":"","email":"","url":"","countryIso2":"MK","countryName":"Macedonia","hotelRating":"0","latitude":"41.1752","longitude":"22.7255","state_id":null,"state_name":null,"country_id":null},{"active":false,"Giataid":"372314","cityId":null,"cityName":"Kocani","hotelId":20005497,"hotelName":"Osogovski Biser Hotel Kocani","address":"Ponikva,2300 Kocani,Macedonia","phones":"+38978400577","fax":"","email":"info@osogovskikonak.mk","url":"http://www.osogovskikonak.mk","countryIso2":"MK","countryName":"Macedonia","hotelRating":"0","latitude":"42.0372","longitude":"22.353","state_id":null,"state_name":null,"country_id":null},{"active":false,"Giataid":"459296","cityId":null,"cityName":"t?rk. Ustrumca","hotelId":20018816,"hotelName":"Esperanto Hotel","address":"Josif Josifovski Sveshtarot 2,2400 Strumica,Macedonia","phones":"","fax":"","email":"","url":"","countryIso2":"MK","countryName":"Macedonia","hotelRating":"4","latitude":"41.4381","longitude":"22.637","state_id":null,"state_name":null,"country_id":null},{"active":false,"Giataid":"476625","cityId":null,"cityName":"t?rk. Ustrumca","hotelId":20018933,"hotelName":"Hotel Emi","address":"64 Astraion, Industrial Zone North,2400 Strumica,Macedonia","phones":"+38934340681","fax":"","email":"emi.kompanidooel@yahoo.com","url":"http://www.hotelemi.com/","countryIso2":"MK","countryName":"Macedonia","hotelRating":"0","latitude":"41.4546","longitude":"22.6433","state_id":null,"state_name":null,"country_id":null},{"active":false,"Giataid":"370927","cityId":null,"cityName":"Lazaropole","hotelId":20021322,"hotelName":"Kalin Hotel-lazaropole","address":"1250  Lazaropole,Macedonia","phones":"+38946846222","fax":"","email":"info@kalinhotel.com.mk","url":"http://www.kalinhotel.mk","countryIso2":"MK","countryName":"Macedonia","hotelRating":"3","latitude":"41.5361","longitude":"20.6961","state_id":null,"state_name":null,"country_id":null},{"active":false,"Giataid":"468395","cityId":null,"cityName":"t?rkisch Doyran","hotelId":20021418,"hotelName":"Romantique Dojran Hotel","address":"Marshal Tito 19,1487 Star Dojran,Macedonia","phones":"+38934225050","fax":"","email":"infodojran@hotelromantik.com.mk","url":"http://www.hotelromantik.com.mk/dojran/en/dojran.php","countryIso2":"MK","countryName":"Macedonia","hotelRating":"4","latitude":"41.1853","longitude":"22.7223","state_id":null,"state_name":null,"country_id":null},{"active":false,"Giataid":"473292","cityId":null,"cityName":"Kocani","hotelId":20021519,"hotelName":"Euro Hotel Gradce","address":"6 Kilometers North Of Kocani,2300 Kocani,Macedonia","phones":"+38933612222","fax":"","email":"info@eurohotelgradche.com","url":"http://eurohotelgradche.com/","countryIso2":"MK","countryName":"Macedonia","hotelRating":"2","latitude":"41.9166","longitude":"22.4087","state_id":null,"state_name":null,"country_id":null},{"active":false,"Giataid":"622814","cityId":null,"cityName":"t?rk. Ustrumca","hotelId":20025902,"hotelName":"Hotel Studio IN","address":"Gjorgji Vasilev 97,2400 Strumica,Macedonia","phones":"","fax":"","email":"","url":"","countryIso2":"MK","countryName":"Macedonia","hotelRating":"0","latitude":"41.4287","longitude":"22.652","state_id":null,"state_name":null,"country_id":null},{"active":false,"Giataid":"937726","cityId":null,"cityName":"?tip","hotelId":20350812,"hotelName":"Hiljadnikov Apartments","address":"General Mihajlo Apostolski 18,2000 ?tip,Macedonia","phones":"","fax":"","email":"","url":"","countryIso2":"MK","countryName":"Macedonia","hotelRating":"0","latitude":"41.7419","longitude":"22.1968","state_id":null,"state_name":null,"country_id":null},{"active":false,"Giataid":"878280","cityId":null,"cityName":"Petrovec","hotelId":20350815,"hotelName":"Hotel Mirror Skopje","address":"Street 11 32,Petrovec,Macedonia","phones":"","fax":"","email":"","url":"","countryIso2":"MK","countryName":"Macedonia","hotelRating":"0","latitude":"41.941","longitude":"21.6126","state_id":null,"state_name":null,"country_id":null},{"active":false,"Giataid":"937276","cityId":null,"cityName":"t?rkisch Doyran","hotelId":20350819,"hotelName":"Dan Dar Apartments","address":"Marshal Tito Street bb,Dojran,Macedonia","phones":"","fax":"","email":"kontakt@apartmanidan-dar.com.mk","url":"http://apartmanidan-dar.com.mk","countryIso2":"MK","countryName":"Macedonia","hotelRating":"0","latitude":"41.2248","longitude":"22.6998","state_id":null,"state_name":null,"country_id":null},{"active":false,"Giataid":"921923","cityId":null,"cityName":"t?rkisch Doyran","hotelId":20350829,"hotelName":"Vila Mitko","address":"Ilindenska 27,1487 Star Dojran,Macedonia","phones":"","fax":"","email":"","url":"","countryIso2":"MK","countryName":"Macedonia","hotelRating":"0","latitude":"41.1843","longitude":"22.7224","state_id":null,"state_name":null,"country_id":null},{"active":false,"Giataid":"937708","cityId":null,"cityName":"t?rkisch Doyran","hotelId":20350836,"hotelName":"Apartments President","address":"Marshal Tito,1487 Star Dojran,Macedonia","phones":"","fax":"","email":"","url":"","countryIso2":"MK","countryName":"Macedonia","hotelRating":"0","latitude":"41.1843","longitude":"22.7224","state_id":null,"state_name":null,"country_id":null},{"active":false,"Giataid":"934560","cityId":null,"cityName":"t?rkisch Doyran","hotelId":20350842,"hotelName":"Vila Tikves Star Dojran","address":"Star Dojran bb,Sretenovo bb,1487 Star Dojran,Macedonia","phones":"","fax":"","email":"","url":"","countryIso2":"MK","countryName":"Macedonia","hotelRating":"0","latitude":"41.1843","longitude":"22.7224","state_id":null,"state_name":null,"country_id":null},{"active":false,"Giataid":"914896","cityId":null,"cityName":"?tip","hotelId":20350850,"hotelName":"Hotel Garni","address":"Kej Marshal Tito 40,2000 ?tip,Macedonia","phones":"","fax":"","email":"","url":"","countryIso2":"MK","countryName":"Macedonia","hotelRating":"0","latitude":"41.7419","longitude":"22.1968","state_id":null,"state_name":null,"country_id":null},{"active":false,"Giataid":"921944","cityId":null,"cityName":"t?rkisch Doyran","hotelId":20350857,"hotelName":"Hotel Makedonija","address":"Marshal Tito,1487 Star Dojran,Macedonia","phones":"","fax":"","email":"","url":"","countryIso2":"MK","countryName":"Macedonia","hotelRating":"0","latitude":"41.1843","longitude":"22.7224","state_id":null,"state_name":null,"country_id":null},{"active":false,"Giataid":"937336","cityId":null,"cityName":"?tip","hotelId":20350865,"hotelName":"Hostel Restoran Slon","address":"Strumichki Pat,9-ti km bb,2000 Stip,Macedonia","phones":"","fax":"","email":"","url":"","countryIso2":"MK","countryName":"Macedonia","hotelRating":"0","latitude":"41.7419","longitude":"22.1968","state_id":null,"state_name":null,"country_id":null},{"active":false,"Giataid":"997759","cityId":null,"cityName":"Mavrovo","hotelId":20436723,"hotelName":"Hotel Alpine","address":"Mavrovi Anovi,1254 Mavrovo,Macedonia","phones":"","fax":"","email":"","url":"","countryIso2":"MK","countryName":"Macedonia","hotelRating":"1","latitude":"41.6511","longitude":"20.7362","state_id":null,"state_name":null,"country_id":null},{"active":false,"Giataid":"1002660","cityId":null,"cityName":"Kocani","hotelId":20436725,"hotelName":"Hotel Amor","address":"Krizhevska 15,2300 Kocani,Macedonia","phones":"","fax":"","email":"","url":"","countryIso2":"MK","countryName":"Macedonia","hotelRating":"1","latitude":"41.9243","longitude":"22.4045","state_id":null,"state_name":null,"country_id":null}]