[{"active":false,"Giataid":"31800","cityId":null,"cityName":"Atitlan","hotelId":31800,"hotelName":"Porta del Lago","address":"2a Avenida 6-17,Zona 2,Panajachel,Solola,Solol?,Guatemala","phones":"+50277621555","fax":"+50277621562","email":"info@portahotels.com","url":"http://www.portahotels.com/content/welcome-porta-hotel-del-lago","countryIso2":"GT","countryName":"Guatemala","hotelRating":"4","latitude":"14.7375","longitude":"-91.1595","state_id":null,"state_name":null,"country_id":null},{"active":false,"Giataid":"151781","cityId":null,"cityName":"Flores, El Pet?n","hotelId":151781,"hotelName":"The Peregrino","address":"","phones":"","fax":"","email":"","url":"","countryIso2":"GT","countryName":"Guatemala","hotelRating":"1","latitude":"16.9253","longitude":"-89.8812","state_id":null,"state_name":null,"country_id":null},{"active":false,"Giataid":"232961","cityId":null,"cityName":"Atitlan","hotelId":232961,"hotelName":"Villa Santa Catarina","address":"Santa Catarina Palopo,07010 Panajachel,Guatemala","phones":"+5027621291","fax":"+5027622013","email":"info@villasdeguatemala.com","url":"http://www.trivago.de/santa-catarina-palopo-84024/hotel/villa-santa-catarina-496601","countryIso2":"GT","countryName":"Guatemala","hotelRating":"3","latitude":"14.7221","longitude":"-91.1354","state_id":null,"state_name":null,"country_id":null},{"active":false,"Giataid":"322587","cityId":null,"cityName":"Flores, El Pet?n","hotelId":322587,"hotelName":"Mesa de Los Mayas","address":"","phones":"","fax":"","email":"","url":"","countryIso2":"GT","countryName":"Guatemala","hotelRating":"1","latitude":"16.9253","longitude":"-89.8812","state_id":null,"state_name":null,"country_id":null},{"active":false,"Giataid":"322588","cityId":null,"cityName":"Flores, El Pet?n","hotelId":322588,"hotelName":"Gran De La Isla","address":"","phones":"","fax":"","email":"","url":"","countryIso2":"GT","countryName":"Guatemala","hotelRating":"1","latitude":"16.9253","longitude":"-89.8812","state_id":null,"state_name":null,"country_id":null},{"active":false,"Giataid":"322589","cityId":null,"cityName":"Flores, El Pet?n","hotelId":322589,"hotelName":"Casa Amelia","address":"","phones":"","fax":"","email":"","url":"","countryIso2":"GT","countryName":"Guatemala","hotelRating":"3","latitude":"16.9305","longitude":"-89.8927","state_id":null,"state_name":null,"country_id":null},{"active":false,"Giataid":"441779","cityId":null,"cityName":"Cob?n","hotelId":441779,"hotelName":"Hotel Casa Duranta","address":"","phones":"+50279514716","fax":"","email":"","url":"","countryIso2":"GT","countryName":"Guatemala","hotelRating":"1","latitude":"15.469","longitude":"-90.3699","state_id":null,"state_name":null,"country_id":null},{"active":false,"Giataid":"447627","cityId":null,"cityName":"Flores, El Pet?n","hotelId":447627,"hotelName":"El Peregrino Hotel Y Restaurante","address":"","phones":"","fax":"","email":"","url":"","countryIso2":"GT","countryName":"Guatemala","hotelRating":"2","latitude":"16.9291","longitude":"-89.8924","state_id":null,"state_name":null,"country_id":null},{"active":false,"Giataid":"448079","cityId":null,"cityName":"Pet?n","hotelId":448079,"hotelName":"Hotel Sabana","address":"Calle La Union,17001 Ciudad de Flores,Pet?n,Guatemala","phones":"+50278675100","fax":"","email":"hotelsabana@yahoo.com","url":"http://www.hotelsabana.com/","countryIso2":"GT","countryName":"Guatemala","hotelRating":"3","latitude":"16.9316","longitude":"-89.891","state_id":null,"state_name":null,"country_id":null},{"active":false,"Giataid":"448125","cityId":null,"cityName":"Pet?n","hotelId":448125,"hotelName":"Green World Hotel","address":"","phones":"","fax":"","email":"","url":"","countryIso2":"GT","countryName":"Guatemala","hotelRating":"2","latitude":"16.929","longitude":"-89.8931","state_id":null,"state_name":null,"country_id":null},{"active":false,"Giataid":"449540","cityId":null,"cityName":"Flores, El Pet?n","hotelId":449540,"hotelName":"Hotel Villa del Lago","address":"CALLE CENTROAMERICA","phones":"","fax":"","email":"","url":"","countryIso2":"GT","countryName":"Guatemala","hotelRating":"3","latitude":"16.9289","longitude":"-89.8911","state_id":null,"state_name":null,"country_id":null},{"active":false,"Giataid":"454909","cityId":null,"cityName":"Sipacate","hotelId":454909,"hotelName":"Villa Barroca","address":"","phones":"","fax":"","email":"","url":"","countryIso2":"GT","countryName":"Guatemala","hotelRating":"3","latitude":"13.9261","longitude":"-91.1474","state_id":null,"state_name":null,"country_id":null},{"active":false,"Giataid":"455230","cityId":null,"cityName":"Cob?n","hotelId":455230,"hotelName":"Casa Kirva Hotel","address":"Km. 204.4, aldea Tontem,16001 Cob?n,Alta Verapaz,Guatemala","phones":"+50246934800","fax":"","email":"info@casakirva.com","url":"http://casakirva.com","countryIso2":"GT","countryName":"Guatemala","hotelRating":"3","latitude":"15.4653","longitude":"-90.3845","state_id":null,"state_name":null,"country_id":null},{"active":false,"Giataid":"456115","cityId":null,"cityName":"San Crist?bal Verapaz","hotelId":456115,"hotelName":"Hotel Paniste","address":"18-56 Comunidad Tucanja,Zona 0,16003 San Crist?bal Verapaz,Alta Verapaz,Guatemala","phones":"+50224171212","fax":"","email":"hotelpaniste@gmail.com","url":"http://www.hotelpaniste.com/","countryIso2":"GT","countryName":"Guatemala","hotelRating":"1","latitude":"15.3774","longitude":"-90.4703","state_id":null,"state_name":null,"country_id":null},{"active":false,"Giataid":"460930","cityId":null,"cityName":"Pet?n","hotelId":460930,"hotelName":"Explore Lodge","address":"2da Calle 4-68 Zona 1","phones":"","fax":"","email":"","url":"","countryIso2":"GT","countryName":"Guatemala","hotelRating":"1","latitude":"16.9225","longitude":"-89.8939","state_id":null,"state_name":null,"country_id":null},{"active":false,"Giataid":"461334","cityId":null,"cityName":"Pet?n","hotelId":461334,"hotelName":"Hotel Palomino Ranch","address":"km 30 Carretera a Tikal,17022 El Remate Pet?n,Guatemala","phones":"","fax":"","email":"","url":"","countryIso2":"GT","countryName":"Guatemala","hotelRating":"3","latitude":"16.9962","longitude":"-89.6932","state_id":null,"state_name":null,"country_id":null},{"active":false,"Giataid":"461639","cityId":null,"cityName":"El Remate","hotelId":461639,"hotelName":"Hotel Villas Magen","address":"","phones":"","fax":"","email":"","url":"","countryIso2":"GT","countryName":"Guatemala","hotelRating":"1","latitude":"16.9751","longitude":"-89.6741","state_id":null,"state_name":null,"country_id":null},{"active":false,"Giataid":"461675","cityId":null,"cityName":"Cob?n","hotelId":461675,"hotelName":"Hotel en Coban Casa Q'eqchi'","address":"4ta calle 7-29 zona 3,16001 Cob?n,Guatemala","phones":"+50232959169","fax":"","email":"","url":"","countryIso2":"GT","countryName":"Guatemala","hotelRating":"3","latitude":"15.4687","longitude":"-90.3677","state_id":null,"state_name":null,"country_id":null},{"active":false,"Giataid":"461748","cityId":null,"cityName":"Cob?n","hotelId":461748,"hotelName":"La Posada","address":"4-12 1ra Calle,Zona 2,Cob?n,Alta Verapaz,Guatemala","phones":"+50279521495","fax":"","email":"laposada@c.net.gt","url":"http://laposadacoban.com.gt/","countryIso2":"GT","countryName":"Guatemala","hotelRating":"1","latitude":"15.4704","longitude":"-90.3753","state_id":null,"state_name":null,"country_id":null},{"active":false,"Giataid":"461753","cityId":null,"cityName":"Cob?n","hotelId":461753,"hotelName":"Hotel Don Juan Matalbatz","address":"","phones":"","fax":"","email":"","url":"","countryIso2":"GT","countryName":"Guatemala","hotelRating":"1","latitude":"15.4719","longitude":"-90.3739","state_id":null,"state_name":null,"country_id":null},{"active":false,"Giataid":"461779","cityId":null,"cityName":"Cob?n","hotelId":461779,"hotelName":"Hotel Las Terrazas","address":"3 Calle 2-38,Zona 3,50309 Coban,Guatemala","phones":"","fax":"","email":"","url":"","countryIso2":"GT","countryName":"Guatemala","hotelRating":"1","latitude":"15.4684","longitude":"-90.3721","state_id":null,"state_name":null,"country_id":null},{"active":false,"Giataid":"461782","cityId":null,"cityName":"Cob?n","hotelId":461782,"hotelName":"Los Faroles","address":"2 calle 3-61, zona 1,50000 Cob?n,Guatemala","phones":"+50279511140","fax":"","email":"info@losfaroleshotel.com","url":"http://www.losfaroleshotel.com/","countryIso2":"GT","countryName":"Guatemala","hotelRating":"1","latitude":"15.4712","longitude":"-90.3737","state_id":null,"state_name":null,"country_id":null},{"active":false,"Giataid":"461786","cityId":null,"cityName":"Cob?n","hotelId":461786,"hotelName":"Hotel Alcazar de Dona Victoria","address":"5-34 Avenida 1a,Zona 1,Cob?n,Alta Verapaz,Guatemala","phones":"+50279521143","fax":"+50279521388","email":"","url":"http://hotelescoban.com/alcazar/","countryIso2":"GT","countryName":"Guatemala","hotelRating":"1","latitude":"15.4756","longitude":"-90.3726","state_id":null,"state_name":null,"country_id":null},{"active":false,"Giataid":"461848","cityId":null,"cityName":"Cob?n","hotelId":461848,"hotelName":"Hotel Villa Ancestral","address":"6 Avenida 3-11 Zona 1,16001 Cob?n,Guatemala","phones":"+50279511348","fax":"","email":"Recepcion@hotelancestralcoban.net","url":"http://www.hotelancestralcoban.net","countryIso2":"GT","countryName":"Guatemala","hotelRating":"1","latitude":"15.4727","longitude":"-90.3765","state_id":null,"state_name":null,"country_id":null},{"active":false,"Giataid":"461909","cityId":null,"cityName":"San Mart?n Zapotitl?n","hotelId":461909,"hotelName":"La Cupula Hotel","address":"","phones":"","fax":"","email":"","url":"","countryIso2":"GT","countryName":"Guatemala","hotelRating":"1","latitude":"14.6083","longitude":"-91.6064","state_id":null,"state_name":null,"country_id":null},{"active":false,"Giataid":"461974","cityId":null,"cityName":"Purulh?","hotelId":461974,"hotelName":"Ranchitos Del Quetzal","address":"CA-14, Km 160.5, Ruta a Cob?n,60111 Purulh?,Baja Verapaz,Guatemala","phones":"+50241309456","fax":"","email":"ranchitosdelquetzal@gmail.com","url":"http://www.ranchitosdelquetzal.com/","countryIso2":"GT","countryName":"Guatemala","hotelRating":"1","latitude":"15.2151","longitude":"-90.2191","state_id":null,"state_name":null,"country_id":null},{"active":false,"Giataid":"462281","cityId":null,"cityName":"Solol?","hotelId":462281,"hotelName":"Hotel Los Cofrades","address":"6 Avenida 5-55 Zona 1,60111 Solol?,Guatemala","phones":"+50277623470","fax":"","email":"","url":"","countryIso2":"GT","countryName":"Guatemala","hotelRating":"1","latitude":"14.7299","longitude":"-91.2292","state_id":null,"state_name":null,"country_id":null},{"active":false,"Giataid":"462498","cityId":null,"cityName":"San Jos? Pinula","hotelId":462498,"hotelName":"Hotel Paraiso I","address":"5a Calle 5-35,Zona 3,A Una Cuadra Del Mercado Municipal,01009 San Jos? Pinula,Guatemala","phones":"+50255159390","fax":"","email":"bautistaarp@hotmail.com","url":"http://www.hotelparaiso1.com","countryIso2":"GT","countryName":"Guatemala","hotelRating":"1","latitude":"14.6447","longitude":"-90.5218","state_id":null,"state_name":null,"country_id":null},{"active":false,"Giataid":"462702","cityId":null,"cityName":"San Jos? Pinula","hotelId":462702,"hotelName":"Hotel y Resort Quinta del Sol","address":"Ruta Nacional 18 Km 25.5,  San Jos? Pinula,San Jos? Pinula,Guatemala","phones":"+50266343055","fax":"","email":"recepcionhotelquintadelsol@gmail.com","url":"http://hotelquintadelsol.com/es/inicio.php","countryIso2":"GT","countryName":"Guatemala","hotelRating":"1","latitude":"14.5324","longitude":"-90.3658","state_id":null,"state_name":null,"country_id":null},{"active":false,"Giataid":"463608","cityId":null,"cityName":"Flores, El Pet?n","hotelId":463608,"hotelName":"La Posada De Don Jose","address":"","phones":"+50278675699","fax":"","email":"","url":"","countryIso2":"GT","countryName":"Guatemala","hotelRating":"1","latitude":"16.9314","longitude":"-89.8907","state_id":null,"state_name":null,"country_id":null},{"active":false,"Giataid":"463700","cityId":null,"cityName":"Barra del Jiote","hotelId":463700,"hotelName":"Isleta de Gaia","address":"Barra del Jiote,Las Lisas,Guatemala","phones":"+50278850044","fax":"","email":"hotel@isleta-de-gaia.com","url":"http://isleta-de-gaia.com","countryIso2":"GT","countryName":"Guatemala","hotelRating":"1","latitude":"13.7842","longitude":"-90.223","state_id":null,"state_name":null,"country_id":null},{"active":false,"Giataid":"110555","cityId":null,"cityName":"Tikal","hotelId":491202,"hotelName":"Hostal Jungle Lodge Tikal","address":"Parque Nacional de Tikal,Tikal,17001 Flores,El Pet?n,Guatemala","phones":"","fax":"","email":"","url":"","countryIso2":"GT","countryName":"Guatemala","hotelRating":"1","latitude":"17.2253","longitude":"-89.6138","state_id":null,"state_name":null,"country_id":null},{"active":false,"Giataid":"502340","cityId":null,"cityName":"El Remate","hotelId":502340,"hotelName":"Mon Ami Hotel","address":"","phones":"","fax":"","email":"","url":"","countryIso2":"GT","countryName":"Guatemala","hotelRating":"3","latitude":"16.9973","longitude":"-89.7002","state_id":null,"state_name":null,"country_id":null},{"active":false,"Giataid":"514431","cityId":null,"cityName":"Flores, El Pet?n","hotelId":514431,"hotelName":"Hotel Posada de la Jungla","address":"","phones":"","fax":"","email":"","url":"","countryIso2":"GT","countryName":"Guatemala","hotelRating":"1","latitude":"16.9289","longitude":"-89.8928","state_id":null,"state_name":null,"country_id":null},{"active":false,"Giataid":"522276","cityId":null,"cityName":"Cob?n","hotelId":522276,"hotelName":"Hotel y Restaurante Eco Chibulbut","address":"km. 215.5 Route to San Juan Chamelco,Zona 9,Coban,Guatemala","phones":"+50230488905","fax":"","email":"infochibulbut@gmail.com","url":"http://www.ecochibulbut.com/","countryIso2":"GT","countryName":"Guatemala","hotelRating":"3","latitude":"15.4653","longitude":"-90.372","state_id":null,"state_name":null,"country_id":null},{"active":false,"Giataid":"546465","cityId":null,"cityName":"Cob?n","hotelId":546465,"hotelName":"Luis Francisco Cabanas Orquigonia","address":"Km. 206 Ruta a las Verapaces,16001 Coban,Guatemala","phones":"","fax":"","email":"","url":"","countryIso2":"GT","countryName":"Guatemala","hotelRating":"2","latitude":"15.4653","longitude":"-90.372","state_id":null,"state_name":null,"country_id":null},{"active":false,"Giataid":"594553","cityId":null,"cityName":"Cob?n","hotelId":594553,"hotelName":"Hotel Posada Montana del Quetzal","address":"Km 156.5 Ruta a Coban,16001 Purulh?,Coban,Guatemala","phones":"","fax":"","email":"","url":"http://www.hposadaquetzal.com/","countryIso2":"GT","countryName":"Guatemala","hotelRating":"2","latitude":"15.2177","longitude":"-90.2121","state_id":null,"state_name":null,"country_id":null},{"active":false,"Giataid":"594553","cityId":null,"cityName":"Purulh?","hotelId":594553,"hotelName":"Hotel Posada Montana del Quetzal","address":"Km 156.5 Ruta a Coban,16001 Purulh?,Coban,Guatemala","phones":"","fax":"","email":"","url":"http://www.hposadaquetzal.com/","countryIso2":"GT","countryName":"Guatemala","hotelRating":"2","latitude":"15.2177","longitude":"-90.2121","state_id":null,"state_name":null,"country_id":null},{"active":false,"Giataid":"617330","cityId":null,"cityName":"Flores, El Pet?n","hotelId":617330,"hotelName":"Hotel Casa Azul","address":"","phones":"","fax":"","email":"","url":"","countryIso2":"GT","countryName":"Guatemala","hotelRating":"3","latitude":"16.9315","longitude":"-89.8921","state_id":null,"state_name":null,"country_id":null},{"active":false,"Giataid":"617534","cityId":null,"cityName":"Cob?n","hotelId":617534,"hotelName":"Hotel Posada de Carlos V","address":"3-44 1A Avenida,Zona 1,16001 Cob?n,Alta Verapaz,Guatemala","phones":"+50279513501","fax":"+50279511133","email":"reservaciones@hotelcarlosvcoban.com","url":"http://www.hotelcarlosvcoban.com","countryIso2":"GT","countryName":"Guatemala","hotelRating":"1","latitude":"15.4736","longitude":"-90.3727","state_id":null,"state_name":null,"country_id":null},{"active":false,"Giataid":"617549","cityId":null,"cityName":"Cob?n","hotelId":617549,"hotelName":"La Posada De Don Antonio","address":"5 Avenida 1.51,Zona 4,00011 Cob?n,Guatemala","phones":"","fax":"","email":"","url":"","countryIso2":"GT","countryName":"Guatemala","hotelRating":"1","latitude":"15.4706","longitude":"-90.3695","state_id":null,"state_name":null,"country_id":null},{"active":false,"Giataid":"617550","cityId":null,"cityName":"Cob?n","hotelId":617550,"hotelName":"Hotel Casa Semuc","address":"3a Avenida 2-12,Zona 2,Cob?n,Guatemala","phones":"","fax":"","email":"","url":"","countryIso2":"GT","countryName":"Guatemala","hotelRating":"1","latitude":"15.4695","longitude":"-90.3744","state_id":null,"state_name":null,"country_id":null},{"active":false,"Giataid":"617551","cityId":null,"cityName":"Cob?n","hotelId":617551,"hotelName":"Hotel Casa Gaia","address":"9 Final De la,Zona 10,Barrio San Jorge,00011 Coban,Alta Verapaz,Guatemala","phones":"+50279417021","fax":"","email":"","url":"http://hotelcasagaia.com","countryIso2":"GT","countryName":"Guatemala","hotelRating":"1","latitude":"15.4775","longitude":"-90.3642","state_id":null,"state_name":null,"country_id":null},{"active":false,"Giataid":"617714","cityId":null,"cityName":"Cob?n","hotelId":617714,"hotelName":"Hostel Guatefriends Coban","address":"Km 205 Carretera Coban Aldea Chicuxab A,800 Metros De La Ruta,16001 Cataltzul,Guatemala","phones":"","fax":"","email":"","url":"","countryIso2":"GT","countryName":"Guatemala","hotelRating":"1","latitude":"15.7894","longitude":"-90.2184","state_id":null,"state_name":null,"country_id":null},{"active":false,"Giataid":"617732","cityId":null,"cityName":"Rio Dulce","hotelId":617732,"hotelName":"Tortugal","address":"","phones":"","fax":"","email":"","url":"","countryIso2":"GT","countryName":"Guatemala","hotelRating":"1","latitude":"15.6497","longitude":"-89.0016","state_id":null,"state_name":null,"country_id":null},{"active":false,"Giataid":"651309","cityId":null,"cityName":"Cob?n","hotelId":651309,"hotelName":"Hotel Piedra Luna","address":"7 Avenida 1-25,Zona 4,Cob?n,Guatemala","phones":"+50257527206","fax":"","email":"mayravaldizon11@hotmail.com","url":"http://www.hotelpiedraluna.com/","countryIso2":"GT","countryName":"Guatemala","hotelRating":"1","latitude":"15.4718","longitude":"-90.3682","state_id":null,"state_name":null,"country_id":null},{"active":false,"Giataid":"669418","cityId":null,"cityName":"Pet?n","hotelId":669418,"hotelName":"Hotel Ribiera Del Lago Peten Itza","address":"Jobompinche,San Jose,50803 Peten,Guatemala","phones":"","fax":"","email":"admiribieradellago2016@gmail.com","url":"http://www.hotellaribieradellagopetenitza.com/","countryIso2":"GT","countryName":"Guatemala","hotelRating":"3","latitude":"17.0134","longitude":"-89.7589","state_id":null,"state_name":null,"country_id":null},{"active":false,"Giataid":"669660","cityId":null,"cityName":"Jobompiche","hotelId":669660,"hotelName":"El Encantadero","address":"Casa El Encantadero,San Jos?,Jobompiche 10000,Peten,Guatemala","phones":"","fax":"","email":"","url":"","countryIso2":"GT","countryName":"Guatemala","hotelRating":"1","latitude":"0","longitude":"0","state_id":null,"state_name":null,"country_id":null},{"active":false,"Giataid":"669801","cityId":null,"cityName":"Cob?n","hotelId":669801,"hotelName":"Hotel El Portal","address":"4 calle 2-09 Zona 2,16001 Cob?n,Guatemala","phones":"","fax":"","email":"","url":"","countryIso2":"GT","countryName":"Guatemala","hotelRating":"1","latitude":"15.4685","longitude":"-90.3738","state_id":null,"state_name":null,"country_id":null},{"active":false,"Giataid":"670192","cityId":null,"cityName":"Cob?n","hotelId":670192,"hotelName":"Big Tower Hotel","address":"7-44 3 Avenida,Barrio la Libertad,Zona 11,16001 Coban,Guatemala","phones":"","fax":"","email":"","url":"","countryIso2":"GT","countryName":"Guatemala","hotelRating":"1","latitude":"15.4789","longitude":"-90.3681","state_id":null,"state_name":null,"country_id":null},{"active":false,"Giataid":"670272","cityId":null,"cityName":"Cob?n","hotelId":670272,"hotelName":"Hostal Casa Luna","address":"2-28 5a Avenida,Zona 1,16001 Cob?n,Alta Verapaz,Guatemala","phones":"+50279512922","fax":"","email":"info@cobantravels.com","url":"http://www.hostalcasaluna.com","countryIso2":"GT","countryName":"Guatemala","hotelRating":"1","latitude":"15.4653","longitude":"-90.372","state_id":null,"state_name":null,"country_id":null},{"active":false,"Giataid":"670365","cityId":null,"cityName":"Pet?n","hotelId":670365,"hotelName":"El Sombrero Ecolodge","address":"Yaxha Lagoon,Yaxha-Nakum-Naranjo National Park,Yaxha,17000 Peten,Guatemala","phones":"+50241476380","fax":"","email":"ventaselsombrero@gmail.com","url":"http://www.elsombreroecolodge.com","countryIso2":"GT","countryName":"Guatemala","hotelRating":"1","latitude":"17.0564","longitude":"-89.3863","state_id":null,"state_name":null,"country_id":null},{"active":false,"Giataid":"670374","cityId":null,"cityName":"Pet?n","hotelId":670374,"hotelName":"Zapote Tree Inn","address":"San Miguel,Peten,Flores,Guatemala","phones":"+50247085250","fax":"","email":"contact@guatemalatikal.com","url":"http://www.guatemalatikal.com","countryIso2":"GT","countryName":"Guatemala","hotelRating":"1","latitude":"16.9727","longitude":"-89.7856","state_id":null,"state_name":null,"country_id":null},{"active":false,"Giataid":"670432","cityId":null,"cityName":"Purulh?","hotelId":670432,"hotelName":"Ram Tzul Hotel","address":"km 158 Ruta a Cob?n,Cumbre Del Carpintero,Purulha,Baja Verapaz,Guatemala","phones":"+50223351805","fax":"","email":"ramtzul@gmail.com","url":"http://www.ramtzul.com","countryIso2":"GT","countryName":"Guatemala","hotelRating":"1","latitude":"15.1738","longitude":"-90.1989","state_id":null,"state_name":null,"country_id":null},{"active":false,"Giataid":"701119","cityId":null,"cityName":"Cob?n","hotelId":701119,"hotelName":"Hostal Piccolo","address":"1 Era Calle,Lote 6,Zona 12,16001 Coban,Guatemala","phones":"","fax":"","email":"","url":"","countryIso2":"GT","countryName":"Guatemala","hotelRating":"1","latitude":"15.4653","longitude":"-90.372","state_id":null,"state_name":null,"country_id":null},{"active":false,"Giataid":"701501","cityId":null,"cityName":"Cob?n","hotelId":701501,"hotelName":"Hotel Casa Serena","address":"10-37 6ta. Calle,El Recreo,Coban Alta Verapaz,Zona 3,16001 Coban,Guatemala","phones":"","fax":"","email":"","url":"","countryIso2":"GT","countryName":"Guatemala","hotelRating":"1","latitude":"15.4653","longitude":"-90.372","state_id":null,"state_name":null,"country_id":null},{"active":false,"Giataid":"711742","cityId":null,"cityName":"Sipacate","hotelId":711742,"hotelName":"Paredon Surf House","address":"El Paredon,500 meters before the Plaza de El Paredon,Sipacate,Guatemala","phones":"+50249941842","fax":"","email":"reservations@paredonsurf.com","url":"http://www.paredonsurf.com/","countryIso2":"GT","countryName":"Guatemala","hotelRating":"2","latitude":"13.9211","longitude":"-91.1085","state_id":null,"state_name":null,"country_id":null},{"active":false,"Giataid":"711788","cityId":null,"cityName":"Lanqu?n","hotelId":711788,"hotelName":"Vinas Hotel","address":"","phones":"","fax":"","email":"","url":"","countryIso2":"GT","countryName":"Guatemala","hotelRating":"1","latitude":"15.5754","longitude":"-89.9809","state_id":null,"state_name":null,"country_id":null},{"active":false,"Giataid":"713511","cityId":null,"cityName":"El Remate","hotelId":713511,"hotelName":"Hotel Campamento Ecologico El Sotz","address":"","phones":"","fax":"","email":"","url":"","countryIso2":"GT","countryName":"Guatemala","hotelRating":"1","latitude":"16.9888","longitude":"-89.6889","state_id":null,"state_name":null,"country_id":null},{"active":false,"Giataid":"713588","cityId":null,"cityName":"Lanqu?n","hotelId":713588,"hotelName":"Hostal Oasis The Traveler","address":"Kil?metro 271 RN-AV06,Lanqu?n,Alta Verapaz,Guatemala","phones":"+50231666260","fax":"","email":"","url":"http://hotelesenlanquin.com/oasis-de-lanquin/","countryIso2":"GT","countryName":"Guatemala","hotelRating":"2","latitude":"15.5754","longitude":"-89.9809","state_id":null,"state_name":null,"country_id":null},{"active":false,"Giataid":"713615","cityId":null,"cityName":"Lanqu?n","hotelId":713615,"hotelName":"Hostal El Portal de Champey","address":"Aldea Semuc Champey,Lanqu?n,Alta Verapaz,Guatemala","phones":"+50253196848","fax":"","email":"","url":"http://hotelesenlanquin.com/el-portal/","countryIso2":"GT","countryName":"Guatemala","hotelRating":"2","latitude":"15.5754","longitude":"-89.9809","state_id":null,"state_name":null,"country_id":null},{"active":false,"Giataid":"734715","cityId":null,"cityName":"Rio Dulce","hotelId":734715,"hotelName":"Dreamcatcher Eco Lodge","address":"Rio Dulce Creek,Zona 0,Leon Creek,18021 Rio Dulce Town,Guatemala","phones":"","fax":"","email":"","url":"","countryIso2":"GT","countryName":"Guatemala","hotelRating":"1","latitude":"15.66","longitude":"-89.0014","state_id":null,"state_name":null,"country_id":null},{"active":false,"Giataid":"754187","cityId":null,"cityName":"Cob?n","hotelId":754187,"hotelName":"Hotel Casa Chapultepec","address":"1-50 5a Avenida,Zona 3,16001 Coban,Guatemala","phones":"","fax":"","email":"","url":"","countryIso2":"GT","countryName":"Guatemala","hotelRating":"1","latitude":"15.4653","longitude":"-90.372","state_id":null,"state_name":null,"country_id":null},{"active":false,"Giataid":"783667","cityId":null,"cityName":"El Remate","hotelId":783667,"hotelName":"Posada Del Cerro","address":"Calle A Jobompiche,El Remate,Guatemala","phones":"","fax":"","email":"mailto@posadadelcerro.com","url":"http://www.posadadelcerro.com/","countryIso2":"GT","countryName":"Guatemala","hotelRating":"1","latitude":"16.9888","longitude":"-89.6889","state_id":null,"state_name":null,"country_id":null},{"active":false,"Giataid":"784787","cityId":null,"cityName":"Rio Dulce","hotelId":784787,"hotelName":"Hotel y Restaurante Cafe De Paris","address":"18021 Rio Dulce Town,Guatemala","phones":"","fax":"","email":"","url":"","countryIso2":"GT","countryName":"Guatemala","hotelRating":"1","latitude":"15.66","longitude":"-89.0014","state_id":null,"state_name":null,"country_id":null},{"active":false,"Giataid":"785820","cityId":null,"cityName":"El Remate","hotelId":785820,"hotelName":"Hotel y Restaurant El Muelle","address":"Ruta a Tikal km 30,El Remate,Pet?n,Flores,Guatemala","phones":"+50255818087","fax":"","email":"elmuelle_reservaciones@hotmail.com","url":"http://www.hotelelmuelle.com/","countryIso2":"GT","countryName":"Guatemala","hotelRating":"1","latitude":"16.9888","longitude":"-89.6889","state_id":null,"state_name":null,"country_id":null},{"active":false,"Giataid":"785828","cityId":null,"cityName":"Lanqu?n","hotelId":785828,"hotelName":"Mirador De Lanquin","address":"San Agust?n,Lanqu?n,Alta Verapaz,Guatemala","phones":"+50232259251","fax":"","email":"elretirolodge@hotmail.es","url":"http://elretirolanquin.com/en/mirador-de-lanquin/","countryIso2":"GT","countryName":"Guatemala","hotelRating":"1","latitude":"15.5754","longitude":"-89.9809","state_id":null,"state_name":null,"country_id":null},{"active":false,"Giataid":"785832","cityId":null,"cityName":"El Remate","hotelId":785832,"hotelName":"Hotel Gringo Perdido","address":"01001 El Remate,Guatemala","phones":"","fax":"","email":"reservations@hotelgringoperdido.com","url":"http://www.hotelgringoperdido.com","countryIso2":"GT","countryName":"Guatemala","hotelRating":"1","latitude":"16.9888","longitude":"-89.6889","state_id":null,"state_name":null,"country_id":null},{"active":false,"Giataid":"785879","cityId":null,"cityName":"R?o Hondo","hotelId":785879,"hotelName":"Hotel Pasabien","address":"Route To The Atlantic km 126,Santa Cruz,Rio Hondo,Zacapa,Guatemala","phones":"+50279330606","fax":"","email":"hotelpasabien@yahoo.es","url":"http://www.hotelpasabien.com","countryIso2":"GT","countryName":"Guatemala","hotelRating":"1","latitude":"15.0644","longitude":"-89.534","state_id":null,"state_name":null,"country_id":null},{"active":false,"Giataid":"786881","cityId":null,"cityName":"Rio Dulce","hotelId":786881,"hotelName":"Banana Palms Hotel","address":"Aldea San Felipe de Lara,Livingston,18000 Rio Dulce,Guatemala","phones":"+50279305078","fax":"","email":"ventas@bananapalmshotel.com","url":"https://www.bananapalmshotel.com","countryIso2":"GT","countryName":"Guatemala","hotelRating":"1","latitude":"15.66","longitude":"-89.0014","state_id":null,"state_name":null,"country_id":null},{"active":false,"Giataid":"786887","cityId":null,"cityName":"Sipacate","hotelId":786887,"hotelName":"Hotel Marmaya","address":"8 avenida 7-20,05021 Sipacate,Guatemala","phones":"+50254139395","fax":"","email":"reservacionesmarmaya@yahoo.com","url":"http://www.marmaya.com/","countryIso2":"GT","countryName":"Guatemala","hotelRating":"1","latitude":"13.9211","longitude":"-91.1085","state_id":null,"state_name":null,"country_id":null},{"active":false,"Giataid":"788244","cityId":null,"cityName":"Cob?n","hotelId":788244,"hotelName":"Hotel Los Bordos","address":"Santa Cruz Verapaz Ca-14,km 197.8,Cob?n,Guatemala","phones":"","fax":"","email":"","url":"","countryIso2":"GT","countryName":"Guatemala","hotelRating":"1","latitude":"15.4653","longitude":"-90.372","state_id":null,"state_name":null,"country_id":null},{"active":false,"Giataid":"788248","cityId":null,"cityName":"Lanqu?n","hotelId":788248,"hotelName":"Aruma Eco Hostal","address":"Aldea Semil Semuch Champey,Lanquin,Guatemala","phones":"","fax":"","email":"","url":"","countryIso2":"GT","countryName":"Guatemala","hotelRating":"1","latitude":"15.5754","longitude":"-89.9809","state_id":null,"state_name":null,"country_id":null},{"active":false,"Giataid":"788259","cityId":null,"cityName":"El Remate","hotelId":788259,"hotelName":"Casa De Ernesto","address":"Ruta Biotopo Cerro Cahui,17022 El Remate,Guatemala","phones":"","fax":"","email":"","url":"","countryIso2":"GT","countryName":"Guatemala","hotelRating":"1","latitude":"16.9888","longitude":"-89.6889","state_id":null,"state_name":null,"country_id":null},{"active":false,"Giataid":"789511","cityId":null,"cityName":"El Remate","hotelId":789511,"hotelName":"Hotel Brunos Place","address":"Aldea El Remate,El Remate,Guatemala","phones":"","fax":"","email":"","url":"","countryIso2":"GT","countryName":"Guatemala","hotelRating":"1","latitude":"16.9888","longitude":"-89.6889","state_id":null,"state_name":null,"country_id":null},{"active":false,"Giataid":"789530","cityId":null,"cityName":"Cob?n","hotelId":789530,"hotelName":"Hotel San Vicente","address":"3-16 11 Avenida,Zona 6,Barrio San Vicente,16001 Cob?n,Guatemala","phones":"","fax":"","email":"","url":"","countryIso2":"GT","countryName":"Guatemala","hotelRating":"1","latitude":"15.4653","longitude":"-90.372","state_id":null,"state_name":null,"country_id":null},{"active":false,"Giataid":"789552","cityId":null,"cityName":"Solol?","hotelId":789552,"hotelName":"Centro Paz Mundo","address":"km 144 Camino Concepcion,Monte Mercedes,Solola,Guatemala","phones":"","fax":"","email":"kontakt@pazmundo.com","url":"http://www.centropazmundo.com","countryIso2":"GT","countryName":"Guatemala","hotelRating":"1","latitude":"14.7299","longitude":"-91.2292","state_id":null,"state_name":null,"country_id":null},{"active":false,"Giataid":"790084","cityId":null,"cityName":"El Remate","hotelId":790084,"hotelName":"Hotel La Mansion del Pajaro Serpiente","address":"Km 32 Pet 3,Carretera Hacia Parque Nacional Tikal,Aldea El Remate,Municipio de Flores,17022 El Remate,Guatemala","phones":"","fax":"","email":"","url":"","countryIso2":"GT","countryName":"Guatemala","hotelRating":"1","latitude":"16.9888","longitude":"-89.6889","state_id":null,"state_name":null,"country_id":null},{"active":false,"Giataid":"790755","cityId":null,"cityName":"Puerto San Jos?","hotelId":790755,"hotelName":"Hotel Y Bungalows Blue Star","address":"Camino Hawaii,Puerto San Jose,Guatemala","phones":"","fax":"","email":"","url":"","countryIso2":"GT","countryName":"Guatemala","hotelRating":"1","latitude":"13.9154","longitude":"-90.8914","state_id":null,"state_name":null,"country_id":null},{"active":false,"Giataid":"791465","cityId":null,"cityName":"Monterrico","hotelId":791465,"hotelName":"Maya Jade Resort","address":"km 163 Carretera A Hawaii,Playa El Rosario,15 Minutos Despues De Monterrico,10000 Monterrico,Guatemala","phones":"+50222549892","fax":"","email":"zelgiron@mayajaderesorts.com","url":"http://mayajaderesorts.com","countryIso2":"GT","countryName":"Guatemala","hotelRating":"1","latitude":"13.8845","longitude":"-90.4679","state_id":null,"state_name":null,"country_id":null},{"active":false,"Giataid":"793868","cityId":null,"cityName":"Purulh?","hotelId":793868,"hotelName":"Country Delights","address":"km 166.5 Carretera A Coban,Guatemala Frente A Servicentro Purulha,15008 Purulha,Guatemala","phones":"","fax":"","email":"info@countrydelights.com","url":"http://www.countrydelights.com","countryIso2":"GT","countryName":"Guatemala","hotelRating":"1","latitude":"15.1738","longitude":"-90.1989","state_id":null,"state_name":null,"country_id":null},{"active":false,"Giataid":"795378","cityId":null,"cityName":"Rio Dulce","hotelId":795378,"hotelName":"The Shack","address":"Fronteras Rio Dulce,Bajo El Puente,Under The Bridge,Behind The Rio Dulce Lavanderia,18021 Rio Dulce,Guatemala","phones":"","fax":"","email":"","url":"http://www.bedandbreakfast.eu/bed-and-breakfast/rio-dulce/the-shack/2891133","countryIso2":"GT","countryName":"Guatemala","hotelRating":"1","latitude":"15.66","longitude":"-89.0014","state_id":null,"state_name":null,"country_id":null},{"active":false,"Giataid":"795611","cityId":null,"cityName":"El Remate","hotelId":795611,"hotelName":"Hotel Sun Breeze","address":"Calle Del Lago,17022 El Remate,Guatemala","phones":"","fax":"","email":"","url":"","countryIso2":"GT","countryName":"Guatemala","hotelRating":"1","latitude":"16.9888","longitude":"-89.6889","state_id":null,"state_name":null,"country_id":null},{"active":false,"Giataid":"798546","cityId":null,"cityName":"Cob?n","hotelId":798546,"hotelName":"Hostal Casatenango","address":"2da Calle,Avenida Entre 3ra Y 5ta,Zona 1,16001 Coban,Guatemala","phones":"","fax":"","email":"","url":"","countryIso2":"GT","countryName":"Guatemala","hotelRating":"1","latitude":"15.4653","longitude":"-90.372","state_id":null,"state_name":null,"country_id":null},{"active":false,"Giataid":"798547","cityId":null,"cityName":"Cob?n","hotelId":798547,"hotelName":"Hostal El Calvario","address":"2 Calle 7-13,Zona 1,Cob?n Alta Verapaz,16000 Cob?n,Guatemala","phones":"","fax":"","email":"","url":"","countryIso2":"GT","countryName":"Guatemala","hotelRating":"1","latitude":"15.4653","longitude":"-90.372","state_id":null,"state_name":null,"country_id":null},{"active":false,"Giataid":"814102","cityId":null,"cityName":"El Remate","hotelId":814102,"hotelName":"Hostel Capitan Tom Eco Lodge","address":"Calle Camino Real Tikal,17022 El Remate,Guatemala","phones":"","fax":"","email":"","url":"","countryIso2":"GT","countryName":"Guatemala","hotelRating":"1","latitude":"16.9888","longitude":"-89.6889","state_id":null,"state_name":null,"country_id":null},{"active":false,"Giataid":"814108","cityId":null,"cityName":"Monterrico","hotelId":814108,"hotelName":"Hotel Hawaian Paradise","address":"12 calle 1-25,zona 10,Edificio Geminis 10,Torre Norte,Nivel 16 Oficina 1606,Guatemala","phones":"+50253613011","fax":"","email":"hawaianparadise.gt@gmail.com","url":"http://www.hawaianparadise.com/","countryIso2":"GT","countryName":"Guatemala","hotelRating":"1","latitude":"13.8845","longitude":"-90.4679","state_id":null,"state_name":null,"country_id":null},{"active":false,"Giataid":"814112","cityId":null,"cityName":"Solol?","hotelId":814112,"hotelName":"Doron Yoga & Zen Center","address":"1 Calle Rio Tzununa,Tzununa,07041 Solola,Lake Atitlan,Guatemala","phones":"+50231216762","fax":"","email":"info@doronyoga.com","url":"http://doronyoga.com","countryIso2":"GT","countryName":"Guatemala","hotelRating":"1","latitude":"14.7299","longitude":"-91.2292","state_id":null,"state_name":null,"country_id":null},{"active":false,"Giataid":"815143","cityId":null,"cityName":"Chichiscastenango","hotelId":815143,"hotelName":"Hotel Rey Kiche","address":"8 Calle 0-39,Zona 5,Santa Cruz Del Quich?,14005 Chichicastenango,Guatemala","phones":"","fax":"","email":"","url":"","countryIso2":"GT","countryName":"Guatemala","hotelRating":"1","latitude":"14.9428","longitude":"-91.1113","state_id":null,"state_name":null,"country_id":null},{"active":false,"Giataid":"822508","cityId":null,"cityName":"Rio Dulce","hotelId":822508,"hotelName":"Mar Marine Yacht Club","address":"El Relleno,18021 Rio Dulce,Guatemala","phones":"+50279305090","fax":"","email":"info@marmarine.com","url":"http://marmarine.com/wordpress/?page_id=18","countryIso2":"GT","countryName":"Guatemala","hotelRating":"1","latitude":"15.6565","longitude":"-88.997","state_id":null,"state_name":null,"country_id":null},{"active":false,"Giataid":"847482","cityId":null,"cityName":"El Remate","hotelId":847482,"hotelName":"Aruma Hotel","address":"Calle Camino Biblico Puerta del Ciel,El Remate,Guatemala","phones":"","fax":"","email":"hotelaruma@gmail.com","url":"http://www.arumahotel.com","countryIso2":"GT","countryName":"Guatemala","hotelRating":"1","latitude":"16.9888","longitude":"-89.6889","state_id":null,"state_name":null,"country_id":null},{"active":false,"Giataid":"424784","cityId":null,"cityName":"Solol?","hotelId":10068701,"hotelName":"Eco Hotel Uxlabil Atitlan","address":"Km 175 San Juan La Laguna,Solol?,Guatemala","phones":"+50259906016","fax":"","email":"","url":"","countryIso2":"GT","countryName":"Guatemala","hotelRating":"3","latitude":"14.6948","longitude":"-91.2802","state_id":null,"state_name":null,"country_id":null},{"active":false,"Giataid":"482038","cityId":null,"cityName":"El Remate","hotelId":10070434,"hotelName":"Maya Zacpeten Jungle Lodge","address":"Peninsula Zacpeten,Ixlu,Flores Peten,Guatemala","phones":"+50278235843","fax":"","email":"","url":"","countryIso2":"GT","countryName":"Guatemala","hotelRating":"3","latitude":"16.986","longitude":"-89.6622","state_id":null,"state_name":null,"country_id":null},{"active":false,"Giataid":"443915","cityId":null,"cityName":"Amatitl?n","hotelId":10070601,"hotelName":"Kawilal Hotel","address":"Avenida Puente de la Gloria,Riveras del Rio Michatoya,Amatitl?n,Guatemala","phones":"+50266441010","fax":"","email":"","url":"","countryIso2":"GT","countryName":"Guatemala","hotelRating":"3","latitude":"14.4846","longitude":"-90.6152","state_id":null,"state_name":null,"country_id":null},{"active":false,"Giataid":"431164","cityId":null,"cityName":"San Andr?s, Pet?n","hotelId":10070962,"hotelName":"Bolontiku Hotel Boutique","address":"Km 18.3 Carretera a San Andr?s Pet?n,Punta de Piedra Nitum,17004 San Andres,San Jose,Guatemala","phones":"+50279630909","fax":"","email":"","url":"","countryIso2":"GT","countryName":"Guatemala","hotelRating":"5","latitude":"16.9625","longitude":"-89.9267","state_id":null,"state_name":null,"country_id":null},{"active":false,"Giataid":"111587","cityId":null,"cityName":"Puerto San Jos?","hotelId":10125579,"hotelName":"Hotel Soleil Pacifico","address":"Playas de Chulamar,Puerto San Jos?,Guatemala,Escuintla Departamento,Guatemala","phones":"+50277741000","fax":"NULL","email":"NULL","url":"NULL","countryIso2":"GT","countryName":"Guatemala","hotelRating":"3","latitude":"13.9167","longitude":"-90.8726","state_id":null,"state_name":null,"country_id":null},{"active":false,"Giataid":"453568","cityId":null,"cityName":"Pet?n","hotelId":10126145,"hotelName":"Hotel Y Restaurante Las Gardenias","address":"El Remate km 30 Main Road to Tikal National Park,Pet?n,Guatemala","phones":"+50257787717","fax":"NULL","email":"NULL","url":"NULL","countryIso2":"GT","countryName":"Guatemala","hotelRating":"2","latitude":"16.9932","longitude":"-89.6915","state_id":null,"state_name":null,"country_id":null},{"active":false,"Giataid":"617716","cityId":null,"cityName":"Monterrico","hotelId":20004878,"hotelName":"Johnny's Place","address":"Aldea de Taxisco,Monterrico,Guatemala","phones":"","fax":"","email":"","url":"","countryIso2":"GT","countryName":"Guatemala","hotelRating":"0","latitude":"13.8888","longitude":"-90.4796","state_id":null,"state_name":null,"country_id":null},{"active":false,"Giataid":"601422","cityId":null,"cityName":"Monterrico","hotelId":20005204,"hotelName":"Hotel El Marlyn","address":"Calle de los hoteles,6024 Monterrico,Guatemala","phones":"","fax":"","email":"","url":"","countryIso2":"GT","countryName":"Guatemala","hotelRating":"2","latitude":"13.8845","longitude":"-90.4679","state_id":null,"state_name":null,"country_id":null},{"active":false,"Giataid":"671004","cityId":null,"cityName":"Monterrico","hotelId":20005368,"hotelName":"Bungalows Don Carlos Playa y Tortugas Place","address":"Aldea la Curvina km 153.5,Taxisco,Santa Rosa,06009 Monterrico,Guatemala","phones":"","fax":"","email":"","url":"http://www.hoteltortugasplace.com/","countryIso2":"GT","countryName":"Guatemala","hotelRating":"2","latitude":"13.8818","longitude":"-90.4613","state_id":null,"state_name":null,"country_id":null},{"active":false,"Giataid":"617724","cityId":null,"cityName":"Rio Dulce","hotelId":20005796,"hotelName":"Hotel Chang Gri La","address":"Aldea San Felipe,R?o Dulce, Livingston, Izabal,18021 Rio Dulce Town,Guatemala","phones":"","fax":"","email":"","url":"","countryIso2":"GT","countryName":"Guatemala","hotelRating":"0","latitude":"15.6414","longitude":"-89.0058","state_id":null,"state_name":null,"country_id":null},{"active":false,"Giataid":"682721","cityId":null,"cityName":"Monterrico","hotelId":20005961,"hotelName":"Hotel La Guitarra","address":"Calle Principal,Playa El Rosario,06024 Monterrico,Guatemala","phones":"+50247588905","fax":"","email":"info@hotellaguitarra.com","url":"http://www.hotellaguitarra.com","countryIso2":"GT","countryName":"Guatemala","hotelRating":"0","latitude":"13.8845","longitude":"-90.4679","state_id":null,"state_name":null,"country_id":null},{"active":false,"Giataid":"713624","cityId":null,"cityName":"Monterrico","hotelId":20006946,"hotelName":"Cocori Lodge Monterrico","address":"Aldea Madre Vieja km 137,Taxisco,06024 Monterrico,Santa Rosa,Guatemala","phones":"","fax":"","email":"","url":"https://www.cocorilodge.com/","countryIso2":"GT","countryName":"Guatemala","hotelRating":"0","latitude":"13.8845","longitude":"-90.4679","state_id":null,"state_name":null,"country_id":null},{"active":false,"Giataid":"701438","cityId":null,"cityName":"Monterrico","hotelId":20007289,"hotelName":"Isla Parlama Boutique Hotel","address":"km 153.5 Aldea La Curbina,06024 Monterrico,Guatemala","phones":"","fax":"","email":"","url":"","countryIso2":"GT","countryName":"Guatemala","hotelRating":"3","latitude":"13.8845","longitude":"-90.4679","state_id":null,"state_name":null,"country_id":null},{"active":false,"Giataid":"437904","cityId":null,"cityName":"Tikal","hotelId":20008791,"hotelName":"Tikal Inn","address":"Parque Nacional Tikal,Peten,Guatemala","phones":"+50278612444","fax":"+50278612445","email":"tikalinn@gmail.com","url":"http://tikalinn.com/","countryIso2":"GT","countryName":"Guatemala","hotelRating":"3","latitude":"17.227","longitude":"-89.6108","state_id":null,"state_name":null,"country_id":null},{"active":false,"Giataid":"462011","cityId":null,"cityName":"Puerto San Jos?","hotelId":20009238,"hotelName":"Hotel Cafe del Sol","address":"Calle del Cementerio,Monte Rico,Puerto San Jose,Guatemala","phones":"+50250509173","fax":"","email":"info@cafe-del-sol.com","url":"http://www.cafe-del-sol.com/","countryIso2":"GT","countryName":"Guatemala","hotelRating":"0","latitude":"13.8907","longitude":"-90.4856","state_id":null,"state_name":null,"country_id":null},{"active":false,"Giataid":"700989","cityId":null,"cityName":"Monterrico","hotelId":20015601,"hotelName":"Cayman Suites","address":"km 10.5 Carretera a Monterrico,Monterrico,Santa Rosa,Guatemala","phones":"+50223327161","fax":"","email":"","url":"http://www.caymansuites.com.gt","countryIso2":"GT","countryName":"Guatemala","hotelRating":"3","latitude":"13.9212","longitude":"-90.6103","state_id":null,"state_name":null,"country_id":null},{"active":false,"Giataid":"617558","cityId":null,"cityName":"Rio Dulce","hotelId":20015962,"hotelName":"Nana Juana Hotel & Marina","address":"Carretera A Peten km 274,Rio Dulce 18022,Izabal,Guatemala","phones":"","fax":"","email":"","url":"","countryIso2":"GT","countryName":"Guatemala","hotelRating":"0","latitude":"15.656","longitude":"-88.9929","state_id":null,"state_name":null,"country_id":null},{"active":false,"Giataid":"594567","cityId":null,"cityName":"Monterrico","hotelId":20017853,"hotelName":"Hotel El Faro","address":"KM. 138 Aldea Madre Vieja Carretera a Monterrico,Monterrico 6024,Guatemala","phones":"+50258731133","fax":"","email":"","url":"http://www.hotelelfaro.com.gt/","countryIso2":"GT","countryName":"Guatemala","hotelRating":"3","latitude":"13.8858","longitude":"-90.4646","state_id":null,"state_name":null,"country_id":null},{"active":false,"Giataid":"27086","cityId":null,"cityName":"Rio Dulce","hotelId":20018231,"hotelName":"Catamaran","address":"Calle Principal Frontera,R?o Dulce,Izabal,Guatemala","phones":"+50277944300","fax":"","email":"hotelcatamaran@gmail.com","url":"http://hotelcatamaran.com/","countryIso2":"GT","countryName":"Guatemala","hotelRating":"3","latitude":"15.66","longitude":"-89.0014","state_id":null,"state_name":null,"country_id":null},{"active":false,"Giataid":"617664","cityId":null,"cityName":"Monterrico","hotelId":20018457,"hotelName":"Hotel Playa Plana","address":"Calle Principal Aldea Los Limones,Chiquimulilla,El Hawaii,Guatemala","phones":"+50256280379","fax":"","email":"recepcion@playaplana.com","url":"http://playaplana.com/","countryIso2":"GT","countryName":"Guatemala","hotelRating":"3","latitude":"13.8603","longitude":"-90.3986","state_id":null,"state_name":null,"country_id":null},{"active":false,"Giataid":"444456","cityId":null,"cityName":"Rio Dulce","hotelId":20018732,"hotelName":"Hotel Restaurant Backpackers","address":"Abajo del Puente, El Relleno,18021 Rio Dulce,Izabal,Guatemala","phones":"+50279305168","fax":"","email":"","url":"http://www.hotelbackpackers.com","countryIso2":"GT","countryName":"Guatemala","hotelRating":"0","latitude":"15.6565","longitude":"-88.9978","state_id":null,"state_name":null,"country_id":null},{"active":false,"Giataid":"604426","cityId":null,"cityName":"Monterrico","hotelId":20018853,"hotelName":"Mi Paraiso","address":"Playa Monterrico Taxisco,Monterrico,Guatemala","phones":"+50259955322","fax":"","email":"ventas@miparaisomonterrico.com","url":"http://miparaisomonterrico.com","countryIso2":"GT","countryName":"Guatemala","hotelRating":"3","latitude":"13.8911","longitude":"-90.486","state_id":null,"state_name":null,"country_id":null},{"active":false,"Giataid":"712746","cityId":null,"cityName":"Monterrico","hotelId":20018968,"hotelName":"Luxury Villas Monterrico","address":"Km 134 Carretera a Monterrico,Aldea El Gariton,06024 Monterrico,Santa Rosa,Guatemala","phones":"+50230723944","fax":"","email":"info@luxuryvillasmonterrico.com","url":"http://www.luxuryvillasmonterrico.com/","countryIso2":"GT","countryName":"Guatemala","hotelRating":"3","latitude":"13.8845","longitude":"-90.4679","state_id":null,"state_name":null,"country_id":null},{"active":false,"Giataid":"297631","cityId":null,"cityName":"Chichiscastenango","hotelId":20019201,"hotelName":"Santo Tomas","address":"05-32 7a Avenue,Single Zone,Chichicastenango,El Quiche,Guatemala","phones":"+50258656453","fax":"","email":"hst@itelgua.com","url":"http://www.hotelsantotomas.com.gt/","countryIso2":"GT","countryName":"Guatemala","hotelRating":"4","latitude":"14.9431","longitude":"-91.1096","state_id":null,"state_name":null,"country_id":null},{"active":false,"Giataid":"261477","cityId":null,"cityName":"Tikal","hotelId":20019480,"hotelName":"Jaguar Inn Tikal","address":"Tikal National Park,Peten,Tikal,Guatemala","phones":"+50279260002","fax":"","email":"contact@jaguartikal.com","url":"http://www.jaguartikal.com/index.php?showPage=3","countryIso2":"GT","countryName":"Guatemala","hotelRating":"3","latitude":"17.2257","longitude":"-89.609","state_id":null,"state_name":null,"country_id":null},{"active":false,"Giataid":"297634","cityId":null,"cityName":"R?o Hondo","hotelId":20020813,"hotelName":"Valle Dorado","address":"km 149 Ruta Al Atlantico,19003 Rio Hondo,Zacapa,Guatemala","phones":"","fax":"","email":"recepcionz9@hotelvalledorado.com","url":"http://www.hotelvalledorado.com/","countryIso2":"GT","countryName":"Guatemala","hotelRating":"0","latitude":"15.0833","longitude":"-89.4822","state_id":null,"state_name":null,"country_id":null},{"active":false,"Giataid":"297630","cityId":null,"cityName":"Atitlan","hotelId":20021307,"hotelName":"Cacique Inn","address":"Calle del Embarcadero zona 2,Panajachel,Solol?,Lago de Atitl?n,Guatemala","phones":"+50277621205","fax":"","email":"","url":"http://www.caciqueinn.com/","countryIso2":"GT","countryName":"Guatemala","hotelRating":"3","latitude":"14.7428","longitude":"-91.161","state_id":null,"state_name":null,"country_id":null},{"active":false,"Giataid":"617725","cityId":null,"cityName":"Rio Dulce","hotelId":20021626,"hotelName":"Hotel y Restaurante La Fonda Escondida","address":"Calle Barrio la Escuela Rio Dulce,Rio Dulce,Guatemala","phones":"","fax":"","email":"","url":"http://www.booking.com/hotel/gt/la-fonda-escondida.en-gb.html","countryIso2":"GT","countryName":"Guatemala","hotelRating":"0","latitude":"15.6604","longitude":"-89.0084","state_id":null,"state_name":null,"country_id":null},{"active":false,"Giataid":"671001","cityId":null,"cityName":"Monterrico","hotelId":20021908,"hotelName":"Marbella Eco Lodge","address":"Carretera al Parque Hawaii,two minutes from the centre of Monterrico,50 metres away from Dos Mundos Hotel,Guatemala","phones":"+50247219658","fax":"","email":"marbellaecolodge@gmail.com","url":"http://www.marbellamonterrico.com/","countryIso2":"GT","countryName":"Guatemala","hotelRating":"2","latitude":"13.8875","longitude":"-90.4763","state_id":null,"state_name":null,"country_id":null},{"active":false,"Giataid":"442438","cityId":null,"cityName":"Puerto San Jos?","hotelId":20022915,"hotelName":"Pelicanos Hotel","address":"Aldea El Paredon Buena Vista, Escuintla (a 12 Kms. de Juan Gaviota).,Escuintla,Guatemala,Guatemala","phones":"+50230322514","fax":"","email":"","url":"http://www.pelicanoshotelguatemala.com","countryIso2":"GT","countryName":"Guatemala","hotelRating":"0","latitude":"13.916","longitude":"-91.0756","state_id":null,"state_name":null,"country_id":null},{"active":false,"Giataid":"299121","cityId":null,"cityName":"Santiago Atitl?n","hotelId":20023493,"hotelName":"Hotel & Restaurant Bambu","address":"Carretera San Lucas Toliman,Kilometer 16,(Tzan Chicham 7),Santiago Atitlan,Guatemala","phones":"+50277217332","fax":"+50277217333","email":"info@ecobambu.com","url":"http://ecobambu.com/hotel-bambu/","countryIso2":"GT","countryName":"Guatemala","hotelRating":"3","latitude":"14.6461","longitude":"-91.2278","state_id":null,"state_name":null,"country_id":null},{"active":false,"Giataid":"449272","cityId":null,"cityName":"Santiago Atitl?n","hotelId":20025736,"hotelName":"Tiosh Abaj Hotel","address":"Cant?n Tzanjuyu,Solola,01111 Santiago Atitl?n,Guatemala","phones":"+50277217656","fax":"+50277217165","email":"","url":"http://www.tioshabaj.com/en/index.php","countryIso2":"GT","countryName":"Guatemala","hotelRating":"4","latitude":"14.6404","longitude":"-91.2337","state_id":null,"state_name":null,"country_id":null},{"active":false,"Giataid":"529926","cityId":null,"cityName":"San Jer?nimo","hotelId":20026532,"hotelName":"Hotel San Jeronimo","address":"Calle Pueblo Nuevo,15007 San Jeronimo,Guatemala","phones":"","fax":"","email":"","url":"","countryIso2":"GT","countryName":"Guatemala","hotelRating":"3","latitude":"15.059","longitude":"-90.2439","state_id":null,"state_name":null,"country_id":null},{"active":false,"Giataid":"617533","cityId":null,"cityName":"Monterrico","hotelId":20030244,"hotelName":"Hotel Portofino","address":"200 M. East Hotel Dos Mundos,10000 Monterrico,Guatemala","phones":"+50255836373","fax":"","email":"","url":"http://www.hotelportofinomr.com","countryIso2":"GT","countryName":"Guatemala","hotelRating":"0","latitude":"13.8845","longitude":"-90.4679","state_id":null,"state_name":null,"country_id":null},{"active":false,"Giataid":"601417","cityId":null,"cityName":"Monterrico","hotelId":20030541,"hotelName":"Hotel y Restaurante El Capitan en Monterrico","address":"Calle de los Hoteles,Aldea Monterrico,Monterrico,Santa Rosa,Guatemala","phones":"+50234824625","fax":"","email":"hotelelcapitanmonterrico@gmail.com","url":"http://www.hotelelcapitanmonterrico.com.gt","countryIso2":"GT","countryName":"Guatemala","hotelRating":"3","latitude":"13.8845","longitude":"-90.4679","state_id":null,"state_name":null,"country_id":null},{"active":false,"Giataid":"318976","cityId":null,"cityName":"Rio Dulce","hotelId":20030685,"hotelName":"Hacienda Tijax","address":"Tijax,Rio Dulce,Guatemala","phones":"+50279305505","fax":"+50279305507","email":"info","url":"http://www.tijax.com/","countryIso2":"GT","countryName":"Guatemala","hotelRating":"0","latitude":"15.6635","longitude":"-89.0022","state_id":null,"state_name":null,"country_id":null},{"active":false,"Giataid":"27080","cityId":null,"cityName":"Chichiscastenango","hotelId":20030841,"hotelName":"Museo Mayan Inn","address":"3A Avenida,8 Calle Zona Unica De Barrio Santo Tomas,14002 Chichicastenango,Quiche,Guatemala","phones":"","fax":"","email":"","url":"","countryIso2":"GT","countryName":"Guatemala","hotelRating":"4","latitude":"14.9426","longitude":"-91.1131","state_id":null,"state_name":null,"country_id":null},{"active":false,"Giataid":"462115","cityId":null,"cityName":"Rio Dulce","hotelId":20031080,"hotelName":"Hotel Yair","address":"Calle que conduce al castillo de San Felipe de Lara,18003 Rio Dulce,L?vingston,Izabal,Guatemala","phones":"+50279305131","fax":"","email":"","url":"https://hotelyair.wordpress.com/","countryIso2":"GT","countryName":"Guatemala","hotelRating":"0","latitude":"15.6587","longitude":"-89.0047","state_id":null,"state_name":null,"country_id":null},{"active":false,"Giataid":"685923","cityId":null,"cityName":"R?o Hondo","hotelId":20032410,"hotelName":"Hotel Longarone","address":"km 126 Ruta Al Atlantico,Aldea Santa Cruz,19003 Rio Hondo,Guatemala","phones":"","fax":"","email":"","url":"","countryIso2":"GT","countryName":"Guatemala","hotelRating":"0","latitude":"15.0644","longitude":"-89.534","state_id":null,"state_name":null,"country_id":null},{"active":false,"Giataid":"701670","cityId":null,"cityName":"Puerto San Jos?","hotelId":20032673,"hotelName":"Hotel Martita","address":"Avenida Del Comercio,5ta Calle,05009 Puerto San Jose,Guatemala","phones":"","fax":"","email":"","url":"","countryIso2":"GT","countryName":"Guatemala","hotelRating":"2","latitude":"13.9154","longitude":"-90.8914","state_id":null,"state_name":null,"country_id":null},{"active":false,"Giataid":"700868","cityId":null,"cityName":"Santiago Atitl?n","hotelId":20033194,"hotelName":"Pescador Hotel PH","address":"Pachavac Pachawak Santiago Atitlan,07019 Santiago Atitlan,Solola,Guatemala","phones":"+50277217147","fax":"","email":"info@pescadorhotelph.com","url":"http://www.pescadorhotelph.com","countryIso2":"GT","countryName":"Guatemala","hotelRating":"0","latitude":"14.6461","longitude":"-91.2342","state_id":null,"state_name":null,"country_id":null},{"active":false,"Giataid":"528775","cityId":null,"cityName":"Las Lisas","hotelId":20317701,"hotelName":"Eco Hotel Playa Quilombo de Curumbe","address":"Barra El Jiote,Las Lisas 01001,Guatemala","phones":"+50222531228","fax":"","email":"info@playaquilombo.net","url":"http://playaquilombo.net/","countryIso2":"GT","countryName":"Guatemala","hotelRating":"2","latitude":"13.784","longitude":"-90.2233","state_id":null,"state_name":null,"country_id":null},{"active":false,"Giataid":"742304","cityId":null,"cityName":"Las Lisas","hotelId":20317702,"hotelName":"Casa Margarita Hotel And Paradise","address":"Aldea El Chapeton,Chiquimulilla,Buena Vista,00011 Las Lisas,Guatemala","phones":"","fax":"","email":"","url":"","countryIso2":"GT","countryName":"Guatemala","hotelRating":"3","latitude":"13.8102","longitude":"-90.2828","state_id":null,"state_name":null,"country_id":null},{"active":false,"Giataid":"862304","cityId":null,"cityName":"Amatitl?n","hotelId":20317718,"hotelName":"Villa El Rosario","address":"Carretera Al Morlon Shalet 1,01063 Amatitlan,Guatemala","phones":"","fax":"","email":"","url":"","countryIso2":"GT","countryName":"Guatemala","hotelRating":"0","latitude":"14.4852","longitude":"-90.6139","state_id":null,"state_name":null,"country_id":null},{"active":false,"Giataid":"873708","cityId":null,"cityName":"Cob?n","hotelId":20317720,"hotelName":"Hotel Casa Jose","address":"Casa 108,Residenciales Sasay,Zona 9,Cob?n 16001,Guatemala","phones":"+50279500600","fax":"","email":"contacto@casajose.com.gt","url":"http://www.casajose.com.gt","countryIso2":"GT","countryName":"Guatemala","hotelRating":"0","latitude":"15.4653","longitude":"-90.372","state_id":null,"state_name":null,"country_id":null},{"active":false,"Giataid":"886561","cityId":null,"cityName":"Cob?n","hotelId":20317721,"hotelName":"Hostel Paraiso Verde Coban","address":"Carretera CA-14 km 206,Aldea Chicuxab,Coban,Alta Verapaz,Guatemala","phones":"","fax":"","email":"","url":"","countryIso2":"GT","countryName":"Guatemala","hotelRating":"0","latitude":"15.4653","longitude":"-90.372","state_id":null,"state_name":null,"country_id":null},{"active":false,"Giataid":"886584","cityId":null,"cityName":"Cob?n","hotelId":20317722,"hotelName":"D'Tano Hotel","address":"3-45 2da Avenida,Zona 3,16001 Coban,Guatemala","phones":"","fax":"","email":"","url":"","countryIso2":"GT","countryName":"Guatemala","hotelRating":"0","latitude":"15.4653","longitude":"-90.372","state_id":null,"state_name":null,"country_id":null},{"active":false,"Giataid":"896447","cityId":null,"cityName":"Cob?n","hotelId":20317723,"hotelName":"Casa Yuam Che","address":"Highway Antigua de Entrada A Coban km 205,300 m Before The Catholic Church,Aldea Chicuxab,16001 Coban,Alta Verapaz,Guatemala","phones":"","fax":"","email":"","url":"","countryIso2":"GT","countryName":"Guatemala","hotelRating":"0","latitude":"15.4653","longitude":"-90.372","state_id":null,"state_name":null,"country_id":null},{"active":false,"Giataid":"923570","cityId":null,"cityName":"Cob?n","hotelId":20317724,"hotelName":"Biblioteca Cafe","address":"9-12 San Vicente Diagonal 4,Zona 2,16001 Coban,Guatemala","phones":"","fax":"","email":"","url":"","countryIso2":"GT","countryName":"Guatemala","hotelRating":"0","latitude":"15.4653","longitude":"-90.372","state_id":null,"state_name":null,"country_id":null},{"active":false,"Giataid":"857143","cityId":null,"cityName":"Monterrico","hotelId":20317741,"hotelName":"La Palma B&B","address":"Calle Principal,Monterrico,Guatemala","phones":"","fax":"","email":"","url":"","countryIso2":"GT","countryName":"Guatemala","hotelRating":"0","latitude":"13.8845","longitude":"-90.4679","state_id":null,"state_name":null,"country_id":null},{"active":false,"Giataid":"923746","cityId":null,"cityName":"Monterrico","hotelId":20317742,"hotelName":"Black Sand Beachhouse","address":"1 Calle de Los Hoteles,06024 Monterrico,Guatemala","phones":"","fax":"","email":"","url":"","countryIso2":"GT","countryName":"Guatemala","hotelRating":"0","latitude":"13.8845","longitude":"-90.4679","state_id":null,"state_name":null,"country_id":null},{"active":false,"Giataid":"857253","cityId":null,"cityName":"Pet?n","hotelId":20317769,"hotelName":"Gucumatz Lakeside Inn","address":"Near Tikal,San Jose,17002 Peten,Guatemala","phones":"","fax":"","email":"moyastenton@hotmail.com","url":"http://www.gucumatz.com","countryIso2":"GT","countryName":"Guatemala","hotelRating":"0","latitude":"16.9727","longitude":"-89.7856","state_id":null,"state_name":null,"country_id":null},{"active":false,"Giataid":"923624","cityId":null,"cityName":"Puerto San Jos?","hotelId":20317793,"hotelName":"Hotel Costa Verde","address":"km 113 Carretera a Chulamar,Puerto de San Jose,Escuintla,Guatemala","phones":"+50279303818","fax":"","email":"info@hotelcostaverdegt.com","url":"http://www.hotelcostaverdegt.com/","countryIso2":"GT","countryName":"Guatemala","hotelRating":"0","latitude":"13.9154","longitude":"-90.8914","state_id":null,"state_name":null,"country_id":null},{"active":false,"Giataid":"923756","cityId":null,"cityName":"Puerto San Jos?","hotelId":20317795,"hotelName":"Hotel Rockland Guatemala","address":"Lote 10 Calle Principal,Barrio Miramar,00502 Puerto San Jose,Guatemala","phones":"","fax":"","email":"","url":"http://www.hotelrocklandguatemala.com","countryIso2":"GT","countryName":"Guatemala","hotelRating":"0","latitude":"13.9154","longitude":"-90.8914","state_id":null,"state_name":null,"country_id":null},{"active":false,"Giataid":"899599","cityId":null,"cityName":"Rio Dulce","hotelId":20317807,"hotelName":"Linda Vista","address":"R?o Dulce,Santa Isabel La Bacadilla,Guatemala","phones":"+50240397075","fax":"","email":"lindavistariodulcr@gmail.com","url":"https://linda-vista-gt.book.direct/en-us","countryIso2":"GT","countryName":"Guatemala","hotelRating":"0","latitude":"15.66","longitude":"-89.0014","state_id":null,"state_name":null,"country_id":null},{"active":false,"Giataid":"943681","cityId":null,"cityName":"Rio Dulce","hotelId":20317808,"hotelName":"Hotel Kangaroo Y Las Mexicanas","address":"Rio Dulce And 2 Miles From Town,1 Mile To Lake Lsabel,18002 Rio Dulce,Guatemala","phones":"","fax":"","email":"","url":"","countryIso2":"GT","countryName":"Guatemala","hotelRating":"0","latitude":"15.66","longitude":"-89.0014","state_id":null,"state_name":null,"country_id":null},{"active":false,"Giataid":"899607","cityId":null,"cityName":"Sipacate","hotelId":20317842,"hotelName":"Hostal Mi Casa En La Playa","address":"2 Avenida Lote 104,Caserio El Milagro,El Paredon Buena Vista,Sipacate 05021,Guatemala","phones":"","fax":"","email":"","url":"","countryIso2":"GT","countryName":"Guatemala","hotelRating":"0","latitude":"13.9211","longitude":"-91.1085","state_id":null,"state_name":null,"country_id":null},{"active":false,"Giataid":"886640","cityId":null,"cityName":"Sipacate","hotelId":20317840,"hotelName":"Hotel La Iguana Dorada","address":"Parcela 5 Carretera A Sipacate,km 132,Frente Al Taller Los Cedros,Sipacate,Escuintla,Guatemala","phones":"","fax":"","email":"","url":"","countryIso2":"GT","countryName":"Guatemala","hotelRating":"0","latitude":"13.9211","longitude":"-91.1085","state_id":null,"state_name":null,"country_id":null},{"active":false,"Giataid":"877709","cityId":null,"cityName":"Santiago Atitl?n","hotelId":20317846,"hotelName":"Posada De Santiago","address":"Santiago Atitl?n,Solol?,Guatemala","phones":"+50277217365","fax":"","email":"posadasantiago@gmail.com","url":"http://www.posadadesantiagoatitlan.com","countryIso2":"GT","countryName":"Guatemala","hotelRating":"0","latitude":"14.6461","longitude":"-91.2342","state_id":null,"state_name":null,"country_id":null},{"active":false,"Giataid":"923818","cityId":null,"cityName":"Santiago Atitl?n","hotelId":20317847,"hotelName":"Hotel y Bungalows Ecologicos Marcelo","address":"Santiago Atitlan,Solola,Guatemala","phones":"","fax":"","email":"","url":"","countryIso2":"GT","countryName":"Guatemala","hotelRating":"0","latitude":"14.6461","longitude":"-91.2342","state_id":null,"state_name":null,"country_id":null},{"active":false,"Giataid":"940347","cityId":null,"cityName":"Santiago Atitl?n","hotelId":20317848,"hotelName":"Casa Josefa Hotel","address":"14 Canton Tzanjuyu,Santiago Atitlan,Solola,Guatemala","phones":"","fax":"","email":"","url":"","countryIso2":"GT","countryName":"Guatemala","hotelRating":"0","latitude":"14.6461","longitude":"-91.2342","state_id":null,"state_name":null,"country_id":null},{"active":false,"Giataid":"970503","cityId":null,"cityName":"Cob?n","hotelId":20400222,"hotelName":"Hotel Renimha","address":"3era Calle 0-23,Zona 5,Chichochoc,16001 Coban,Alta Verapaz,Guatemala","phones":"","fax":"","email":"","url":"","countryIso2":"GT","countryName":"Guatemala","hotelRating":"1","latitude":"15.4653","longitude":"-90.372","state_id":null,"state_name":null,"country_id":null},{"active":false,"Giataid":"970806","cityId":null,"cityName":"San Jer?nimo","hotelId":20400241,"hotelName":"Hotel Posada De Los Frailes","address":"8a Avenida 1-30,Pueblo Nuevo,Zona 3,Barrio Arriba,15007 San Jeronimo,Guatemala","phones":"","fax":"","email":"","url":"","countryIso2":"GT","countryName":"Guatemala","hotelRating":"1","latitude":"15.059","longitude":"-90.2405","state_id":null,"state_name":null,"country_id":null},{"active":false,"Giataid":"970532","cityId":null,"cityName":"Santiago Atitl?n","hotelId":20400260,"hotelName":"Aurora Del Lago","address":"Caserio Chutinamit,07019 Santiago Atitlan,Solola,Guatemala","phones":"","fax":"","email":"contact@auroradellago.com","url":"http://www.auroradellago.com","countryIso2":"GT","countryName":"Guatemala","hotelRating":"1","latitude":"14.6461","longitude":"-91.2342","state_id":null,"state_name":null,"country_id":null},{"active":false,"Giataid":"970792","cityId":null,"cityName":"Santiago Atitl?n","hotelId":20400261,"hotelName":"Hotel Y Posada Ratzan","address":"02 Avenida 5-086,Zona 1,07019 Santiago Atitlan,Solola,Guatemala","phones":"","fax":"","email":"","url":"","countryIso2":"GT","countryName":"Guatemala","hotelRating":"1","latitude":"14.6461","longitude":"-91.2342","state_id":null,"state_name":null,"country_id":null},{"active":false,"Giataid":"1001008","cityId":null,"cityName":"Chichiscastenango","hotelId":20432178,"hotelName":"Hotel Chalet","address":"7a Avenida,Chichicastenango,Guatemala","phones":"","fax":"","email":"manuelchalet@yahoo.com","url":"http://hotelchaletchichicastenango.com/","countryIso2":"GT","countryName":"Guatemala","hotelRating":"1","latitude":"14.9428","longitude":"-91.1113","state_id":null,"state_name":null,"country_id":null},{"active":false,"Giataid":"1001099","cityId":null,"cityName":"Cob?n","hotelId":20432179,"hotelName":"Hotel Perla Maria","address":"4ta Avenida 1-25,Zona 3,Coban,Guatemala","phones":"","fax":"","email":"","url":"","countryIso2":"GT","countryName":"Guatemala","hotelRating":"1","latitude":"15.4653","longitude":"-90.372","state_id":null,"state_name":null,"country_id":null},{"active":false,"Giataid":"1001105","cityId":null,"cityName":"Cob?n","hotelId":20432180,"hotelName":"Hostal Del Angel","address":"4-40 2Da 2 Calle,Zona,Colonia El Maestro,Coban,Guatemala","phones":"","fax":"","email":"","url":"","countryIso2":"GT","countryName":"Guatemala","hotelRating":"1","latitude":"15.4653","longitude":"-90.372","state_id":null,"state_name":null,"country_id":null},{"active":false,"Giataid":"1001108","cityId":null,"cityName":"Lanqu?n","hotelId":20432191,"hotelName":"Pachamaya Eco Lodge","address":"Ruta Semuc Champey Semil,Lanqu?n,Guatemala","phones":"","fax":"","email":"","url":"","countryIso2":"GT","countryName":"Guatemala","hotelRating":"1","latitude":"15.5703","longitude":"-89.9725","state_id":null,"state_name":null,"country_id":null},{"active":false,"Giataid":"1000984","cityId":null,"cityName":"Monterrico","hotelId":20432194,"hotelName":"Hotel Cayo Coco Monterrico","address":"Unnamed Road,Taxisco Santa Rosa,Monterrico,Guatemala","phones":"","fax":"","email":"","url":"","countryIso2":"GT","countryName":"Guatemala","hotelRating":"1","latitude":"13.8845","longitude":"-90.4679","state_id":null,"state_name":null,"country_id":null},{"active":false,"Giataid":"1001862","cityId":null,"cityName":"Monterrico","hotelId":20432195,"hotelName":"Rancho Los Fitos","address":"Aldea La Curbina,Taxisco Santa Rosa,06024 Monterrico,Guatemala","phones":"","fax":"","email":"","url":"","countryIso2":"GT","countryName":"Guatemala","hotelRating":"1","latitude":"13.8845","longitude":"-90.4679","state_id":null,"state_name":null,"country_id":null},{"active":false,"Giataid":"1001908","cityId":null,"cityName":"Puerto San Jos?","hotelId":20432205,"hotelName":"Nautilus","address":"0-0-030 Calle Principal,Barrio Miramar,Escuintla,Puerto San Jose,Guatemala","phones":"","fax":"","email":"","url":"","countryIso2":"GT","countryName":"Guatemala","hotelRating":"1","latitude":"13.9154","longitude":"-90.8914","state_id":null,"state_name":null,"country_id":null},{"active":false,"Giataid":"1001250","cityId":null,"cityName":"Sipacate","hotelId":20432214,"hotelName":"Viking Surf Lodge","address":"Lote 116 2 Calle,Caserio El Milagro de Dios Aldea,El Pared?n Buena Vista,05021 Sipacate,Guatemala","phones":"","fax":"","email":"","url":"","countryIso2":"GT","countryName":"Guatemala","hotelRating":"1","latitude":"13.9211","longitude":"-91.1085","state_id":null,"state_name":null,"country_id":null},{"active":false,"Giataid":"1001937","cityId":null,"cityName":"Sipacate","hotelId":20432215,"hotelName":"Le Paradis","address":"El Sipacate,00002 Sipacate,Guatemala","phones":"","fax":"","email":"","url":"","countryIso2":"GT","countryName":"Guatemala","hotelRating":"1","latitude":"13.9211","longitude":"-91.1085","state_id":null,"state_name":null,"country_id":null},{"active":false,"Giataid":"1001129","cityId":null,"cityName":"Santiago Atitl?n","hotelId":20432234,"hotelName":"Hotel Cielo Azul","address":"Canton Pachichaj Carretera,San Lucas Toliman,16209 Santiago Atitlan,Guatemala","phones":"","fax":"","email":"","url":"","countryIso2":"GT","countryName":"Guatemala","hotelRating":"1","latitude":"14.6461","longitude":"-91.2342","state_id":null,"state_name":null,"country_id":null}]