[{"active":false,"Giataid":"476033","cityId":null,"cityName":"Bosteri","hotelId":476033,"hotelName":"Evropa Hotel","address":"Centr Otdiha Bor Bor,722103 Bosteri,Kyrgyzstan","phones":"","fax":"","email":"","url":"","countryIso2":"KG","countryName":"Kyrgyzstan","hotelRating":"1","latitude":"42.6614","longitude":"77.1899","state_id":null,"state_name":null,"country_id":null},{"active":false,"Giataid":"623048","cityId":null,"cityName":"Kadji Say","hotelId":623048,"hotelName":"Hotel Natalia","address":"Garazhnaya 38,722304 Kaji Say,Kyrgyzstan","phones":"","fax":"","email":"","url":"","countryIso2":"KG","countryName":"Kyrgyzstan","hotelRating":"1","latitude":"42.1617","longitude":"77.1683","state_id":null,"state_name":null,"country_id":null},{"active":false,"Giataid":"623052","cityId":null,"cityName":"Kadji Say","hotelId":623052,"hotelName":"Art Hotel Al Hayat","address":"Dzhumanazarova Street 14,722304 Kaji Say,Kyrgyzstan","phones":"","fax":"","email":"","url":"","countryIso2":"KG","countryName":"Kyrgyzstan","hotelRating":"1","latitude":"42.1622","longitude":"77.1672","state_id":null,"state_name":null,"country_id":null},{"active":false,"Giataid":"623922","cityId":null,"cityName":"Bosteri","hotelId":623922,"hotelName":"Asman Hotel","address":"Bosteri,722101 Bosteri,Kyrgyzstan","phones":"","fax":"","email":"","url":"","countryIso2":"KG","countryName":"Kyrgyzstan","hotelRating":"1","latitude":"42.6538","longitude":"77.1927","state_id":null,"state_name":null,"country_id":null},{"active":false,"Giataid":"794745","cityId":null,"cityName":"Kadji Say","hotelId":794745,"hotelName":"Hotel Taj Altyn","address":"Ulika Garazhnaia 21,722304 Kaji Say,Kyrgyzstan","phones":"+996700703200","fax":"","email":"tajaltyn@gmail.com","url":"http://www.tajaltyn.com","countryIso2":"KG","countryName":"Kyrgyzstan","hotelRating":"1","latitude":"42.1617","longitude":"77.1683","state_id":null,"state_name":null,"country_id":null},{"active":false,"Giataid":"796512","cityId":null,"cityName":"Bosteri","hotelId":796512,"hotelName":"Talisman Village Hotel","address":"Issyk Kul'skaya Oblast,722316 Bosteri,Kyrgyzstan","phones":"","fax":"","email":"","url":"http://talisman.kg/","countryIso2":"KG","countryName":"Kyrgyzstan","hotelRating":"1","latitude":"42.6538","longitude":"77.1927","state_id":null,"state_name":null,"country_id":null},{"active":false,"Giataid":"796710","cityId":null,"cityName":"Bosteri","hotelId":796710,"hotelName":"Eden Hotel","address":"Turtsentr Borbor,722103 Bosteri,Kyrgyzstan","phones":"","fax":"","email":"","url":"","countryIso2":"KG","countryName":"Kyrgyzstan","hotelRating":"1","latitude":"42.6538","longitude":"77.1927","state_id":null,"state_name":null,"country_id":null},{"active":false,"Giataid":"797611","cityId":null,"cityName":"Bosteri","hotelId":797611,"hotelName":"Hotel U Rybaka","address":"Tsentr otdykha Bor bor,Bosteri,Kyrgyzstan","phones":"","fax":"","email":"","url":"","countryIso2":"KG","countryName":"Kyrgyzstan","hotelRating":"1","latitude":"42.6538","longitude":"77.1927","state_id":null,"state_name":null,"country_id":null},{"active":false,"Giataid":"805413","cityId":null,"cityName":"Kadji Say","hotelId":805413,"hotelName":"Legenda Health Resort","address":"Ozernaya Street 1,720001 Kaji-Say,Kyrgyzstan","phones":"","fax":"","email":"","url":"","countryIso2":"KG","countryName":"Kyrgyzstan","hotelRating":"1","latitude":"42.1617","longitude":"77.1683","state_id":null,"state_name":null,"country_id":null}]