[{"active":false,"Giataid":"229863","cityId":67946,"cityName":"Blantyre","hotelId":229863,"hotelName":"Protea Hotel Blantyre Ryalls","address":"2 Hannover Avenue,Blantyre,Malawi,Malawi","phones":"+2651820955","fax":"+2651827000","email":"ryalls@proteamalawi.com","url":"http://www.proteahotels.com/protea-hotel-ryalls.html","countryIso2":"MW","countryName":"Malawi","hotelRating":"4","latitude":"-15.7847","longitude":"35.004","state_id":3106,"state_name":"Southern Region","country_id":131},{"active":false,"Giataid":"229874","cityId":56129,"cityName":"Zomba","hotelId":229874,"hotelName":"Zomba Forest Lodge","address":"NULL","phones":"","fax":"","email":"","url":"","countryIso2":"MW","countryName":"Malawi","hotelRating":"1","latitude":"-15.3585","longitude":"35.2658","state_id":1038,"state_name":"Tolna County","country_id":99},{"active":false,"Giataid":"359557","cityId":67964,"cityName":"Lilongwe","hotelId":359557,"hotelName":"Latitude 13?","address":"Mphonongo Street,Area 43,Lilongwe,Malawi","phones":"+265999975959","fax":"","email":"","url":"","countryIso2":"MW","countryName":"Malawi","hotelRating":"4","latitude":"-13.9298","longitude":"33.796","state_id":3092,"state_name":"Central Region","country_id":131},{"active":false,"Giataid":"370174","cityId":67946,"cityName":"Blantyre","hotelId":370174,"hotelName":"Sunbird Mount Soche","address":"28 Glynn Jones Road,Blantyre,Malawi","phones":"+2651820588","fax":"","email":"","url":"","countryIso2":"MW","countryName":"Malawi","hotelRating":"3","latitude":"-15.7842","longitude":"35.0061","state_id":3106,"state_name":"Southern Region","country_id":131},{"active":false,"Giataid":"508499","cityId":null,"cityName":"Cape MacLear","hotelId":508499,"hotelName":"Annies Lodge Cape Maclear","address":"P.O. Box 297,Cape Maclear,Malawi","phones":"+265997364959","fax":"","email":"","url":"http://www.annieslodge.com/","countryIso2":"MW","countryName":"Malawi","hotelRating":"3","latitude":"-14.0167","longitude":"34.85","state_id":null,"state_name":null,"country_id":null},{"active":false,"Giataid":"528408","cityId":null,"cityName":"Cape MacLear","hotelId":528408,"hotelName":"Kayak Africa Domwe Island","address":"","phones":"","fax":"","email":"","url":"","countryIso2":"MW","countryName":"Malawi","hotelRating":"1","latitude":"-14.0167","longitude":"34.8497","state_id":null,"state_name":null,"country_id":null},{"active":false,"Giataid":"528423","cityId":null,"cityName":"Cape MacLear","hotelId":528423,"hotelName":"Gecko Lounge","address":"Cape Maclear Mainland,Malawi","phones":"+265999787322","fax":"","email":"geckolounge.bookings@gmail.com","url":"http://www.geckolounge.net/","countryIso2":"MW","countryName":"Malawi","hotelRating":"1","latitude":"-14.0166","longitude":"34.8497","state_id":null,"state_name":null,"country_id":null},{"active":false,"Giataid":"528447","cityId":null,"cityName":"Cape MacLear","hotelId":528447,"hotelName":"Mgoza Lodge","address":"Cape Maclear,Malawi","phones":"+265995632105","fax":"","email":"alan@mgozalodge.com","url":"http://www.mgozalodge.com/","countryIso2":"MW","countryName":"Malawi","hotelRating":"1","latitude":"-14.0167","longitude":"34.85","state_id":null,"state_name":null,"country_id":null},{"active":false,"Giataid":"528492","cityId":67948,"cityName":"Chikwawa","hotelId":528492,"hotelName":"Nyala Lodge","address":"Blantyre,Chikwawa,Lengwe National Park,Malawi","phones":"+2651823709","fax":"+2651823709","email":"info@jambo-africa.com","url":"http://www.jambo-africa.com/","countryIso2":"MW","countryName":"Malawi","hotelRating":"1","latitude":"-16.2608","longitude":"34.752","state_id":3106,"state_name":"Southern Region","country_id":131},{"active":false,"Giataid":"595835","cityId":67987,"cityName":"Nkhotakota","hotelId":595835,"hotelName":"Fish Eagle Bay Lodge","address":"Mbalame Village,Sani,Nkhotakota,Malawi","phones":"+265888853962","fax":"","email":"fisheaglebay@gmail.com","url":"http://www.fisheaglebay.com","countryIso2":"MW","countryName":"Malawi","hotelRating":"2","latitude":"0","longitude":"0","state_id":3092,"state_name":"Central Region","country_id":131},{"active":false,"Giataid":"623994","cityId":67961,"cityName":"Kasungu","hotelId":623994,"hotelName":"Chikho Hotel","address":"Kabvunguti 307,Kasungu,Malawi","phones":"+2651253844","fax":"","email":"chikhohotel@gmail.com","url":"http://www.chikhohotel.com/","countryIso2":"MW","countryName":"Malawi","hotelRating":"1","latitude":"-13.0537","longitude":"33.4779","state_id":3092,"state_name":"Central Region","country_id":131},{"active":false,"Giataid":"798145","cityId":67946,"cityName":"Blantyre","hotelId":798145,"hotelName":"Dorvic Hotel","address":"M1 Zalewa Road,PO Box 2195,Blantyre,Malawi","phones":"","fax":"","email":"","url":"","countryIso2":"MW","countryName":"Malawi","hotelRating":"1","latitude":"-15.7842","longitude":"35.0039","state_id":3106,"state_name":"Southern Region","country_id":131},{"active":false,"Giataid":"798186","cityId":56129,"cityName":"Zomba","hotelId":798186,"hotelName":"Hotel Masongola","address":"Livingston Road,PO Box 98,Zomba,Malawi","phones":"","fax":"","email":"","url":"","countryIso2":"MW","countryName":"Malawi","hotelRating":"1","latitude":"-15.3617","longitude":"35.2855","state_id":1038,"state_name":"Tolna County","country_id":99},{"active":false,"Giataid":"798268","cityId":67971,"cityName":"Mangochi","hotelId":798268,"hotelName":"RG Pac Hotel","address":"Mangochi Road,Mangochi,Malawi","phones":"","fax":"","email":"","url":"","countryIso2":"MW","countryName":"Malawi","hotelRating":"1","latitude":"-14.2781","longitude":"35.1016","state_id":3106,"state_name":"Southern Region","country_id":131},{"active":false,"Giataid":"798291","cityId":67977,"cityName":"Mulanje","hotelId":798291,"hotelName":"Mulanje Motel","address":"Mulanje Boma M2,Mulanje,Malawi","phones":"","fax":"","email":"","url":"","countryIso2":"MW","countryName":"Malawi","hotelRating":"1","latitude":"0","longitude":"0","state_id":3106,"state_name":"Southern Region","country_id":131},{"active":false,"Giataid":"798293","cityId":null,"cityName":"Liwonde National Park","hotelId":798293,"hotelName":"Sun Village Hotel","address":"Off Zomba Mangochi,Liwonde,Malawi","phones":"","fax":"","email":"","url":"","countryIso2":"MW","countryName":"Malawi","hotelRating":"1","latitude":"-14.8507","longitude":"35.2947","state_id":null,"state_name":null,"country_id":null},{"active":false,"Giataid":"798298","cityId":null,"cityName":"Liwonde National Park","hotelId":798298,"hotelName":"Zest Garden Lodge","address":"M3 Road,Liwonde,Malawi","phones":"","fax":"","email":"","url":"","countryIso2":"MW","countryName":"Malawi","hotelRating":"1","latitude":"-14.8507","longitude":"35.2947","state_id":null,"state_name":null,"country_id":null},{"active":false,"Giataid":"798428","cityId":67983,"cityName":"Mzuzu","hotelId":798428,"hotelName":"Kaka Motel","address":"Lubinga Road,Mzuzu,Malawi","phones":"","fax":"","email":"","url":"","countryIso2":"MW","countryName":"Malawi","hotelRating":"1","latitude":"-11.441","longitude":"34.0287","state_id":3105,"state_name":"Northern Region","country_id":131},{"active":false,"Giataid":"798432","cityId":67983,"cityName":"Mzuzu","hotelId":798432,"hotelName":"Green Valley Lodge","address":"Boardman Road,Katoto,Mzuzu,Malawi","phones":"","fax":"","email":"","url":"","countryIso2":"MW","countryName":"Malawi","hotelRating":"1","latitude":"-11.441","longitude":"34.0287","state_id":3105,"state_name":"Northern Region","country_id":131},{"active":false,"Giataid":"798844","cityId":67946,"cityName":"Blantyre","hotelId":798844,"hotelName":"Cedar Place Luxury Hotel","address":"Matawa Road,Blantyre,Malawi","phones":"","fax":"","email":"","url":"","countryIso2":"MW","countryName":"Malawi","hotelRating":"1","latitude":"-15.7842","longitude":"35.0039","state_id":3106,"state_name":"Southern Region","country_id":131},{"active":false,"Giataid":"798911","cityId":null,"cityName":"Liwonde National Park","hotelId":798911,"hotelName":"Mpaweni Motel","address":"Mangochi Road,Liwonde,Mpinganjila,Malawi","phones":"","fax":"","email":"","url":"","countryIso2":"MW","countryName":"Malawi","hotelRating":"1","latitude":"-14.8507","longitude":"35.2947","state_id":null,"state_name":null,"country_id":null},{"active":false,"Giataid":"799018","cityId":67971,"cityName":"Mangochi","hotelId":799018,"hotelName":"Dalitso Resort","address":"PO Box 539,Mangochi,Malawi","phones":"+265996805000","fax":"","email":"reservations@dalitso.com","url":"http://dalitsoresort.com/","countryIso2":"MW","countryName":"Malawi","hotelRating":"1","latitude":"-14.2781","longitude":"35.1016","state_id":3106,"state_name":"Southern Region","country_id":131},{"active":false,"Giataid":"799151","cityId":67983,"cityName":"Mzuzu","hotelId":799151,"hotelName":"Nyachenda Motel","address":"Off M1 Katoto,Mzuzu,Malawi","phones":"","fax":"","email":"","url":"","countryIso2":"MW","countryName":"Malawi","hotelRating":"1","latitude":"-11.441","longitude":"34.0287","state_id":3105,"state_name":"Northern Region","country_id":131},{"active":false,"Giataid":"799213","cityId":67964,"cityName":"Lilongwe","hotelId":799213,"hotelName":"Chisale Motel","address":"Unnamed Road,Lilongwe,Malawi","phones":"","fax":"","email":"","url":"","countryIso2":"MW","countryName":"Malawi","hotelRating":"1","latitude":"-13.9591","longitude":"33.7822","state_id":3092,"state_name":"Central Region","country_id":131},{"active":false,"Giataid":"802201","cityId":67977,"cityName":"Mulanje","hotelId":802201,"hotelName":"Nalipiri Tourist Lodge","address":"Off Chitakale-Phalombe Road,Nakatete River,Blantyre,PO Box 31548,Mulanje,Malawi","phones":"","fax":"","email":"","url":"","countryIso2":"MW","countryName":"Malawi","hotelRating":"1","latitude":"0","longitude":"0","state_id":3106,"state_name":"Southern Region","country_id":131},{"active":false,"Giataid":"802214","cityId":67971,"cityName":"Mangochi","hotelId":802214,"hotelName":"Holiday Hotel","address":"Off M10,Mangochi,Malawi","phones":"","fax":"","email":"","url":"","countryIso2":"MW","countryName":"Malawi","hotelRating":"1","latitude":"-14.2781","longitude":"35.1016","state_id":3106,"state_name":"Southern Region","country_id":131},{"active":false,"Giataid":"802226","cityId":67971,"cityName":"Mangochi","hotelId":802226,"hotelName":"Fort Johnstone Hotel","address":"Namwela Road,Mangochi Boma,Mbaluku Laini,Malawi","phones":"","fax":"","email":"","url":"","countryIso2":"MW","countryName":"Malawi","hotelRating":"1","latitude":"-14.2781","longitude":"35.1016","state_id":3106,"state_name":"Southern Region","country_id":131},{"active":false,"Giataid":"806935","cityId":null,"cityName":"Cape MacLear","hotelId":806935,"hotelName":"The Funky Cichlid","address":"West Side Of Cape Maclear Beach,Cape Maclear,Lake Malawi National Park,Malawi","phones":"+265999969076","fax":"","email":"thefunkycichlid@malawianstyle.com","url":"https://www.thefunkycichlid.com","countryIso2":"MW","countryName":"Malawi","hotelRating":"1","latitude":"-14.0167","longitude":"34.8497","state_id":null,"state_name":null,"country_id":null},{"active":false,"Giataid":"806936","cityId":56129,"cityName":"Zomba","hotelId":806936,"hotelName":"Pakachere Backpackers & Creative Centre","address":"PO Box 1389,Zomba,Malawi","phones":"+265882858089","fax":"","email":"info@pakachere.com","url":"","countryIso2":"MW","countryName":"Malawi","hotelRating":"1","latitude":"-15.3797","longitude":"35.323","state_id":1038,"state_name":"Tolna County","country_id":99},{"active":false,"Giataid":"812099","cityId":67964,"cityName":"Lilongwe","hotelId":812099,"hotelName":"Platinum Suite Hotels Ltd","address":"Off Presidential Way 12/517,Lilongwe,Malawi","phones":"","fax":"","email":"","url":"","countryIso2":"MW","countryName":"Malawi","hotelRating":"1","latitude":"-13.9591","longitude":"33.7822","state_id":3092,"state_name":"Central Region","country_id":131},{"active":false,"Giataid":"812164","cityId":67971,"cityName":"Mangochi","hotelId":812164,"hotelName":"Sun N Sand Resort","address":"M3,Mangochi,Malawi","phones":"","fax":"","email":"","url":"","countryIso2":"MW","countryName":"Malawi","hotelRating":"1","latitude":"-14.2781","longitude":"35.1016","state_id":3106,"state_name":"Southern Region","country_id":131},{"active":false,"Giataid":"823898","cityId":67946,"cityName":"Blantyre","hotelId":823898,"hotelName":"Heritage By Serendib","address":"Milward Road,Limbi,Blantyre,Malawi","phones":"+265996999922","fax":"","email":"sales@serendibhotel.com","url":"http://heritage.serendibhotel.com","countryIso2":"MW","countryName":"Malawi","hotelRating":"1","latitude":"-15.7842","longitude":"35.0039","state_id":3106,"state_name":"Southern Region","country_id":131},{"active":false,"Giataid":"835784","cityId":null,"cityName":"Liwonde National Park","hotelId":835784,"hotelName":"Gunde B and B","address":"Zomba Road,Liwonde,Malawi","phones":"","fax":"","email":"","url":"","countryIso2":"MW","countryName":"Malawi","hotelRating":"1","latitude":"-14.8507","longitude":"35.2947","state_id":null,"state_name":null,"country_id":null},{"active":false,"Giataid":"839982","cityId":67946,"cityName":"Blantyre","hotelId":839982,"hotelName":"Chenje's Nest","address":"Thyolo Road,Newlands,Blantyre,Malawi","phones":"+265888860977","fax":"","email":"info@chenjes.com","url":"http://www.chenjes.com","countryIso2":"MW","countryName":"Malawi","hotelRating":"1","latitude":"-15.7842","longitude":"35.0039","state_id":3106,"state_name":"Southern Region","country_id":131},{"active":false,"Giataid":"840002","cityId":67946,"cityName":"Blantyre","hotelId":840002,"hotelName":"Mount Pleasant Inn","address":"PO Box 31213,Blantyre 3,Malawi","phones":"+2651878188","fax":"+2651876330","email":"info@mpiblz.com","url":"http://www.mpiblz.com","countryIso2":"MW","countryName":"Malawi","hotelRating":"1","latitude":"-15.7842","longitude":"35.0039","state_id":3106,"state_name":"Southern Region","country_id":131},{"active":false,"Giataid":"840011","cityId":67983,"cityName":"Mzuzu","hotelId":840011,"hotelName":"Hill Of Grace","address":"PO Box 1180,Mzuzu,Malawi","phones":"+265999957767","fax":"","email":"noelnyirenda@yahoo.co.uk","url":"http://www.hillofgracelodge.com/","countryIso2":"MW","countryName":"Malawi","hotelRating":"1","latitude":"-11.441","longitude":"34.0287","state_id":3105,"state_name":"Northern Region","country_id":131},{"active":false,"Giataid":"840051","cityId":67964,"cityName":"Lilongwe","hotelId":840051,"hotelName":"The Hermitage Lodge","address":"PO Box 1077,Plot 290B,Area 9,Lilongwe,Malawi","phones":"","fax":"","email":"","url":"","countryIso2":"MW","countryName":"Malawi","hotelRating":"1","latitude":"-13.9591","longitude":"33.7822","state_id":3092,"state_name":"Central Region","country_id":131},{"active":false,"Giataid":"840071","cityId":67946,"cityName":"Blantyre","hotelId":840071,"hotelName":"Niyasu Lodge","address":"Off Mitsidi Road,Namiwawa Blantyre,Blantyre,Malawi","phones":"","fax":"","email":"","url":"","countryIso2":"MW","countryName":"Malawi","hotelRating":"1","latitude":"-15.7842","longitude":"35.0039","state_id":3106,"state_name":"Southern Region","country_id":131},{"active":false,"Giataid":"840088","cityId":67946,"cityName":"Blantyre","hotelId":840088,"hotelName":"Gold Card Executive Lodge","address":"Namiwawa Off Mnombo Road,Blantyre,Malawi","phones":"","fax":"","email":"","url":"","countryIso2":"MW","countryName":"Malawi","hotelRating":"1","latitude":"-15.7842","longitude":"35.0039","state_id":3106,"state_name":"Southern Region","country_id":131},{"active":false,"Giataid":"840155","cityId":67971,"cityName":"Mangochi","hotelId":840155,"hotelName":"Kaka Resthouse","address":"M10,Mangochi,Malawi","phones":"","fax":"","email":"","url":"","countryIso2":"MW","countryName":"Malawi","hotelRating":"1","latitude":"-14.2781","longitude":"35.1016","state_id":3106,"state_name":"Southern Region","country_id":131},{"active":false,"Giataid":"840165","cityId":67971,"cityName":"Mangochi","hotelId":840165,"hotelName":"Twin Tower Lodge","address":"M10,Mangochi,Malawi","phones":"","fax":"","email":"","url":"","countryIso2":"MW","countryName":"Malawi","hotelRating":"1","latitude":"-14.2781","longitude":"35.1016","state_id":3106,"state_name":"Southern Region","country_id":131},{"active":false,"Giataid":"840189","cityId":67971,"cityName":"Mangochi","hotelId":840189,"hotelName":"Wellville Lodge","address":"Off M10,Mangochi,Malawi","phones":"","fax":"","email":"","url":"","countryIso2":"MW","countryName":"Malawi","hotelRating":"1","latitude":"-14.2781","longitude":"35.1016","state_id":3106,"state_name":"Southern Region","country_id":131},{"active":false,"Giataid":"840215","cityId":67971,"cityName":"Mangochi","hotelId":840215,"hotelName":"Ncheni Lodge","address":"M10,Mangochi,Malawi","phones":"","fax":"","email":"","url":"","countryIso2":"MW","countryName":"Malawi","hotelRating":"1","latitude":"-14.2781","longitude":"35.1016","state_id":3106,"state_name":"Southern Region","country_id":131},{"active":false,"Giataid":"840231","cityId":67971,"cityName":"Mangochi","hotelId":840231,"hotelName":"Cozy Lodge","address":"M10,Mangochi,Malawi","phones":"","fax":"","email":"","url":"","countryIso2":"MW","countryName":"Malawi","hotelRating":"1","latitude":"-14.2781","longitude":"35.1016","state_id":3106,"state_name":"Southern Region","country_id":131},{"active":false,"Giataid":"840237","cityId":67971,"cityName":"Mangochi","hotelId":840237,"hotelName":"Jardore Africana","address":"M10,Mangochi,Malawi","phones":"","fax":"","email":"","url":"","countryIso2":"MW","countryName":"Malawi","hotelRating":"1","latitude":"-14.2781","longitude":"35.1016","state_id":3106,"state_name":"Southern Region","country_id":131},{"active":false,"Giataid":"840244","cityId":67983,"cityName":"Mzuzu","hotelId":840244,"hotelName":"The Airport Lodge","address":"Lubinga Road,Mzuzu,Malawi","phones":"","fax":"","email":"","url":"","countryIso2":"MW","countryName":"Malawi","hotelRating":"1","latitude":"-11.441","longitude":"34.0287","state_id":3105,"state_name":"Northern Region","country_id":131},{"active":false,"Giataid":"840248","cityId":67971,"cityName":"Mangochi","hotelId":840248,"hotelName":"Eunice Guesthouse","address":"Monkey Bay Road,Mangochi,Malawi","phones":"","fax":"","email":"","url":"","countryIso2":"MW","countryName":"Malawi","hotelRating":"1","latitude":"-14.2781","longitude":"35.1016","state_id":3106,"state_name":"Southern Region","country_id":131},{"active":false,"Giataid":"840257","cityId":67983,"cityName":"Mzuzu","hotelId":840257,"hotelName":"Chiwavi Lodge","address":"Chibavi Road,Mzuzu,Malawi","phones":"","fax":"","email":"","url":"","countryIso2":"MW","countryName":"Malawi","hotelRating":"1","latitude":"-11.441","longitude":"34.0287","state_id":3105,"state_name":"Northern Region","country_id":131},{"active":false,"Giataid":"840262","cityId":67983,"cityName":"Mzuzu","hotelId":840262,"hotelName":"Ngombani Junior 2 Resthouse","address":"Chibavi Road,Mzuzu,Malawi","phones":"","fax":"","email":"","url":"","countryIso2":"MW","countryName":"Malawi","hotelRating":"1","latitude":"-11.441","longitude":"34.0287","state_id":3105,"state_name":"Northern Region","country_id":131},{"active":false,"Giataid":"840273","cityId":67983,"cityName":"Mzuzu","hotelId":840273,"hotelName":"Glitz Cloud 9 Suites","address":"M1 Road,Mzuzu,Malawi","phones":"","fax":"","email":"","url":"","countryIso2":"MW","countryName":"Malawi","hotelRating":"1","latitude":"-11.441","longitude":"34.0287","state_id":3105,"state_name":"Northern Region","country_id":131},{"active":false,"Giataid":"840283","cityId":67983,"cityName":"Mzuzu","hotelId":840283,"hotelName":"Tung Gardens Guesthouse","address":"Unnamed Road,Mzuzu,Malawi","phones":"","fax":"","email":"","url":"http://www.bedandbreakfast.eu/bed-and-breakfast/mzuzu/tung-gardens-guesthouse/3296397/","countryIso2":"MW","countryName":"Malawi","hotelRating":"1","latitude":"-11.441","longitude":"34.0287","state_id":3105,"state_name":"Northern Region","country_id":131},{"active":false,"Giataid":"840293","cityId":67983,"cityName":"Mzuzu","hotelId":840293,"hotelName":"Ennie's Lodge","address":"Unnamed Road,Mzuzu,Malawi","phones":"","fax":"","email":"","url":"","countryIso2":"MW","countryName":"Malawi","hotelRating":"1","latitude":"-11.441","longitude":"34.0287","state_id":3105,"state_name":"Northern Region","country_id":131},{"active":false,"Giataid":"840298","cityId":67964,"cityName":"Lilongwe","hotelId":840298,"hotelName":"Dowa Inn","address":"Unnamed Road,Lilongwe,Malawi","phones":"","fax":"","email":"","url":"","countryIso2":"MW","countryName":"Malawi","hotelRating":"1","latitude":"-13.9591","longitude":"33.7822","state_id":3092,"state_name":"Central Region","country_id":131},{"active":false,"Giataid":"840304","cityId":67971,"cityName":"Mangochi","hotelId":840304,"hotelName":"Kampepuza Resthouse","address":"M10,Mangochi,Malawi","phones":"","fax":"","email":"","url":"","countryIso2":"MW","countryName":"Malawi","hotelRating":"1","latitude":"-14.2781","longitude":"35.1016","state_id":3106,"state_name":"Southern Region","country_id":131},{"active":false,"Giataid":"840311","cityId":67983,"cityName":"Mzuzu","hotelId":840311,"hotelName":"Mphiri Lodge Mzuzu","address":"Mapale,Mzuzu,Malawi","phones":"","fax":"","email":"","url":"","countryIso2":"MW","countryName":"Malawi","hotelRating":"1","latitude":"-11.441","longitude":"34.0287","state_id":3105,"state_name":"Northern Region","country_id":131},{"active":false,"Giataid":"495435","cityId":67964,"cityName":"Lilongwe","hotelId":10050281,"hotelName":"Annie's Lodge Lilongwe Area 10","address":"Chilango Drive 285,Lilongwe 2188,Malawi","phones":"+2651794572","fax":"","email":"","url":"","countryIso2":"MW","countryName":"Malawi","hotelRating":"2","latitude":"-13.9474","longitude":"33.8025","state_id":3092,"state_name":"Central Region","country_id":131},{"active":false,"Giataid":"495408","cityId":67964,"cityName":"Lilongwe","hotelId":10052495,"hotelName":"Bridgeview Hotel & Conference Centre","address":"Behind Game Stores,PO Box 1281,Lilongwe,Malawi","phones":"+2651757666","fax":"","email":"","url":"","countryIso2":"MW","countryName":"Malawi","hotelRating":"3","latitude":"-13.9886","longitude":"33.7703","state_id":3092,"state_name":"Central Region","country_id":131},{"active":false,"Giataid":"495434","cityId":67946,"cityName":"Blantyre","hotelId":10052718,"hotelName":"Villa 33","address":"39 Chilomoni Ring Road,Namiwawa,Blantyre,Southern Region,Malawi","phones":"+265999839033","fax":"","email":"","url":"","countryIso2":"MW","countryName":"Malawi","hotelRating":"3","latitude":"-15.7714","longitude":"34.9863","state_id":3106,"state_name":"Southern Region","country_id":131},{"active":false,"Giataid":"407859","cityId":null,"cityName":"Lake Malawi National Park","hotelId":10059339,"hotelName":"Blue Zebra Island Lodge","address":"Lake Malawi National Park,Malawi","phones":"+265992244244","fax":"","email":"","url":"","countryIso2":"MW","countryName":"Malawi","hotelRating":"4","latitude":"-13.8861","longitude":"34.6085","state_id":null,"state_name":null,"country_id":null},{"active":false,"Giataid":"459067","cityId":67964,"cityName":"Lilongwe","hotelId":10061259,"hotelName":"Woodlands Lilongwe","address":"Youth Drive,City Centre,Lilongwe,Malawi","phones":"","fax":"","email":"","url":"","countryIso2":"MW","countryName":"Malawi","hotelRating":"3","latitude":"-13.9669","longitude":"33.7868","state_id":3092,"state_name":"Central Region","country_id":131},{"active":false,"Giataid":"496342","cityId":67971,"cityName":"Mangochi","hotelId":10062957,"hotelName":"Skinny Hippos Lodge","address":"Namiasi Fishery Drive,Mangochi,Malawi","phones":"","fax":"","email":"","url":"","countryIso2":"MW","countryName":"Malawi","hotelRating":"3","latitude":"-14.3723","longitude":"35.1838","state_id":3106,"state_name":"Southern Region","country_id":131},{"active":false,"Giataid":"495409","cityId":67946,"cityName":"Blantyre","hotelId":10063815,"hotelName":"Malawi Sun Hotel & Conference Centre","address":"Robins Road,Blantyre,Malawi","phones":"","fax":"","email":"","url":"","countryIso2":"MW","countryName":"Malawi","hotelRating":"3","latitude":"-15.7833","longitude":"35.0039","state_id":3106,"state_name":"Southern Region","country_id":131},{"active":false,"Giataid":"495839","cityId":67971,"cityName":"Mangochi","hotelId":10064659,"hotelName":"Conforzi Lake House","address":"Lake Malawi","phones":"","fax":"","email":"","url":"","countryIso2":"MW","countryName":"Malawi","hotelRating":"2","latitude":"-14.2541","longitude":"35.085","state_id":3106,"state_name":"Southern Region","country_id":131},{"active":false,"Giataid":"552388","cityId":67964,"cityName":"Lilongwe","hotelId":10067222,"hotelName":"Spendwise Lodge And Apartments","address":"409 Bwanje Road,Sector 5,Lilongwe 47,Central Region,Malawi","phones":"","fax":"","email":"","url":"","countryIso2":"MW","countryName":"Malawi","hotelRating":"3","latitude":"-13.9545","longitude":"33.7518","state_id":3092,"state_name":"Central Region","country_id":131},{"active":false,"Giataid":"495407","cityId":67985,"cityName":"Nkhata Bay","hotelId":10072416,"hotelName":"Njaya Lodge","address":"Chiklae Beach,PO Box 223,Nkhata Bay,Malawi","phones":"","fax":"","email":"","url":"","countryIso2":"MW","countryName":"Malawi","hotelRating":"3","latitude":"-11.6206","longitude":"34.3044","state_id":3105,"state_name":"Northern Region","country_id":131},{"active":false,"Giataid":"532932","cityId":null,"cityName":"Chigumula","hotelId":10072646,"hotelName":"Game Haven Lodge","address":"Chimwenya Game Park,Bvumbwe,Chigumula,Southern Region,Malawi","phones":"+265999971286","fax":"","email":"","url":"","countryIso2":"MW","countryName":"Malawi","hotelRating":"4","latitude":"-15.9262","longitude":"35.056","state_id":null,"state_name":null,"country_id":null},{"active":false,"Giataid":"552484","cityId":67946,"cityName":"Blantyre","hotelId":10091158,"hotelName":"Serendib Suites & Conference Center","address":"Off Chilomoni Ring Road,Namiwawa,Blantyre,Malawi","phones":"+2651667394","fax":"NULL","email":"NULL","url":"NULL","countryIso2":"MW","countryName":"Malawi","hotelRating":"3","latitude":"-15.7755","longitude":"34.9883","state_id":3106,"state_name":"Southern Region","country_id":131},{"active":false,"Giataid":"97241","cityId":67971,"cityName":"Mangochi","hotelId":20000303,"hotelName":"Nkopala Lodge","address":"P.O Box 14,Chipoka,Mangochi,Malawi","phones":"","fax":"","email":"","url":"","countryIso2":"MW","countryName":"Malawi","hotelRating":"0","latitude":"-13.2745","longitude":"34.9047","state_id":3106,"state_name":"Southern Region","country_id":131},{"active":false,"Giataid":"97241","cityId":67971,"cityName":"Mangochi","hotelId":20000303,"hotelName":"Nkopala Lodge","address":"P.O Box 14,Chipoka,Mangochi,Malawi","phones":"","fax":"","email":"","url":"","countryIso2":"MW","countryName":"Malawi","hotelRating":"0","latitude":"-13.2745","longitude":"34.9047","state_id":3106,"state_name":"Southern Region","country_id":131},{"active":false,"Giataid":"363867","cityId":null,"cityName":"Majete Wildlife Reserve","hotelId":20000337,"hotelName":"Mkulumadzi Lodge","address":"Majete Wildlife Reserve,Malawi","phones":"+2651794491","fax":"","email":"info@robinpopesafaris.net","url":"http://www.robinpopesafaris.net/camps/mkulumadzi.php","countryIso2":"MW","countryName":"Malawi","hotelRating":"4","latitude":"-15.8178","longitude":"34.7333","state_id":null,"state_name":null,"country_id":null},{"active":false,"Giataid":"229870","cityId":null,"cityName":"Majete Wildlife Reserve","hotelId":20000362,"hotelName":"Thawale Bush Camp","address":"Majete Game Reserve,Malawi","phones":"+265999521741","fax":"+265999521741","email":"info@africanparksmw.com","url":"http://www.ulendo-collection.com/malawi/thawale_camp.php","countryIso2":"MW","countryName":"Malawi","hotelRating":"0","latitude":"-15.9114","longitude":"34.7325","state_id":null,"state_name":null,"country_id":null},{"active":false,"Giataid":"495431","cityId":67946,"cityName":"Blantyre","hotelId":20000383,"hotelName":"Casa Mia Restaurant & Lodge","address":"Kabula Hill Road,Blantyre,Malawi","phones":"+2651827871","fax":"","email":"contact@blantyreaccmmodation.com","url":"http://www.blantyreaccommodation.com","countryIso2":"MW","countryName":"Malawi","hotelRating":"4","latitude":"-15.7787","longitude":"35.0044","state_id":3106,"state_name":"Southern Region","country_id":131},{"active":false,"Giataid":"586912","cityId":67964,"cityName":"Lilongwe","hotelId":20000439,"hotelName":"Simama Hotel","address":"Falls Estate Area 1,Lilongwe,Malawi","phones":"+2651725830","fax":"+2651727869","email":"","url":"http://www.simamahotels.com/","countryIso2":"MW","countryName":"Malawi","hotelRating":"0","latitude":"-13.9981","longitude":"33.7813","state_id":3092,"state_name":"Central Region","country_id":131},{"active":false,"Giataid":"508483","cityId":67964,"cityName":"Lilongwe","hotelId":20000463,"hotelName":"Pacific Hotel and Conferences","address":"P O Box  2296,Central Business District,Lilongwe, Area 19,Malawi","phones":"","fax":"","email":"","url":"","countryIso2":"MW","countryName":"Malawi","hotelRating":"3","latitude":"-13.9605","longitude":"33.7918","state_id":3092,"state_name":"Central Region","country_id":131},{"active":false,"Giataid":"328392","cityId":67964,"cityName":"Lilongwe","hotelId":20000490,"hotelName":"Madidi Lodge","address":"Area 9,Number 367,Lilongwe,Malawi","phones":"+2651752661","fax":"","email":"info@madidi-lodge.com","url":"http://www.madidi-lodge.com/","countryIso2":"MW","countryName":"Malawi","hotelRating":"3","latitude":"-13.9778","longitude":"33.7508","state_id":3092,"state_name":"Central Region","country_id":131},{"active":false,"Giataid":"406319","cityId":67946,"cityName":"Blantyre","hotelId":20000514,"hotelName":"Hostellerie De France","address":"Chilomoni Ring,Blantyre,Malawi","phones":"+2651669626","fax":"","email":"","url":"http://www.hostellerie-de-france.com","countryIso2":"MW","countryName":"Malawi","hotelRating":"0","latitude":"-15.7763","longitude":"34.9866","state_id":3106,"state_name":"Southern Region","country_id":131},{"active":false,"Giataid":"723714","cityId":67999,"cityName":"Salima","hotelId":20000551,"hotelName":"Blue Waters by Serendib","address":"PO Box 373,Mafco Street,Senga Bay,Salima,Malawi","phones":"+265996999922","fax":"","email":"sales@serendibhotel.com","url":"https://www.bluewatersmw.com","countryIso2":"MW","countryName":"Malawi","hotelRating":"0","latitude":"-13.7494","longitude":"34.5426","state_id":3092,"state_name":"Central Region","country_id":131},{"active":false,"Giataid":"725897","cityId":67946,"cityName":"Blantyre","hotelId":20000602,"hotelName":"Chinyonga Guesthouse","address":"4 Yayola Street,Off Kenyatta Drive,Blantyre,Malawi","phones":"","fax":"","email":"","url":"","countryIso2":"MW","countryName":"Malawi","hotelRating":"0","latitude":"-15.7842","longitude":"35.0039","state_id":3106,"state_name":"Southern Region","country_id":131},{"active":false,"Giataid":"229869","cityId":null,"cityName":"Lake Malawi","hotelId":20000723,"hotelName":"Safari Beach Lodge","address":"Senga Bay Forest Reserve,Salima,Lake Malawi,Malawi","phones":"+2651263143","fax":"","email":"info@safaribeachlodge.net","url":"http://www.safaribeachlodge.net/en/contact.html","countryIso2":"MW","countryName":"Malawi","hotelRating":"0","latitude":"-13.7067","longitude":"34.6104","state_id":null,"state_name":null,"country_id":null},{"active":false,"Giataid":"528390","cityId":67946,"cityName":"Blantyre","hotelId":20000770,"hotelName":"Cape Mac Lodge","address":"PO Box 2269,Blantyre,Malawi","phones":"+2659621279","fax":"","email":"","url":"http://www.capemaclodge.com/","countryIso2":"MW","countryName":"Malawi","hotelRating":"0","latitude":"-15.7667","longitude":"35.0168","state_id":3106,"state_name":"Southern Region","country_id":131},{"active":false,"Giataid":"546054","cityId":67964,"cityName":"Lilongwe","hotelId":20000898,"hotelName":"Mafumu Hotel","address":"Area 3 Corner Sir Glyn Jones Road And Baron Avenue,Lilongwe,Malawi","phones":"","fax":"","email":"","url":"http://www.mafumu.net/","countryIso2":"MW","countryName":"Malawi","hotelRating":"3","latitude":"-13.9959","longitude":"33.7623","state_id":3092,"state_name":"Central Region","country_id":131},{"active":false,"Giataid":"359558","cityId":67964,"cityName":"Lilongwe","hotelId":20000967,"hotelName":"Africa House","address":"Ufulu Road 70,Area 43,Lilongwe,Malawi","phones":"+2651795246","fax":"","email":"reservations@africahousemalawi.com","url":"http://www.africahousemalawi.com/","countryIso2":"MW","countryName":"Malawi","hotelRating":"0","latitude":"-13.9283","longitude":"33.8019","state_id":3092,"state_name":"Central Region","country_id":131},{"active":false,"Giataid":"508502","cityId":67964,"cityName":"Lilongwe","hotelId":20001058,"hotelName":"Mabuya Camp","address":"Plot 36,Livingstone Road,Area 3,Lilongwe,Malawi","phones":"+2651754978","fax":"","email":"bookings@mabuyacamp.com","url":"http://mabuyacamp.com/","countryIso2":"MW","countryName":"Malawi","hotelRating":"1","latitude":"-13.9591","longitude":"33.7822","state_id":3092,"state_name":"Central Region","country_id":131},{"active":false,"Giataid":"722860","cityId":67964,"cityName":"Lilongwe","hotelId":20001198,"hotelName":"Michiru","address":"310 Along Mchinji Road,Area 9,Lilongwe,Malawi","phones":"","fax":"","email":"","url":"","countryIso2":"MW","countryName":"Malawi","hotelRating":"0","latitude":"-13.9591","longitude":"33.7822","state_id":3092,"state_name":"Central Region","country_id":131},{"active":false,"Giataid":"422531","cityId":67964,"cityName":"Lilongwe","hotelId":20001327,"hotelName":"Kims Koreana Lodge","address":"M1 Kamuzu Procession Road,Lilongwe,Malawi","phones":"+2651920251","fax":"+2651725450","email":"reservation@kimslodge.com","url":"http://www.kklodge.com","countryIso2":"MW","countryName":"Malawi","hotelRating":"0","latitude":"-13.9591","longitude":"33.7822","state_id":3092,"state_name":"Central Region","country_id":131},{"active":false,"Giataid":"97237","cityId":null,"cityName":"Liwonde National Park","hotelId":20001536,"hotelName":"Mvuu Lodge","address":"Liwonde National Park,Malawi","phones":"","fax":"","email":"","url":"","countryIso2":"MW","countryName":"Malawi","hotelRating":"4","latitude":"-14.8511","longitude":"35.2952","state_id":null,"state_name":null,"country_id":null},{"active":false,"Giataid":"136019","cityId":null,"cityName":"Mumbo Island","hotelId":20001729,"hotelName":"Mumbo Island Camp","address":"Lake Malawi National Park,Mumbo Island,Malawi","phones":"+26527217831955","fax":"","email":"letsgo@kayakafrica.co.za","url":"http://cawsmw.com/index.php/lodges/mumbo-island-camp/","countryIso2":"MW","countryName":"Malawi","hotelRating":"3","latitude":"-13.9898","longitude":"34.7561","state_id":null,"state_name":null,"country_id":null},{"active":false,"Giataid":"424771","cityId":67946,"cityName":"Blantyre","hotelId":20001913,"hotelName":"Annie's Lodge Nyambadwe","address":"P.O Box 2188,Breretone Drive,Blantyre,Nyambadwe,Malawi","phones":"+2651832513","fax":"","email":"blantyre@annieslodge.com","url":"http://www.annieslodge.com/index.php/our-lodges/blantyre-lodge","countryIso2":"MW","countryName":"Malawi","hotelRating":"3","latitude":"-15.7783","longitude":"35.0241","state_id":3106,"state_name":"Southern Region","country_id":131},{"active":false,"Giataid":"595828","cityId":67971,"cityName":"Mangochi","hotelId":20002266,"hotelName":"Nkhudzi Lodge","address":"Nkudzi Bay,Mangochi,Malawi","phones":"","fax":"","email":"","url":"","countryIso2":"MW","countryName":"Malawi","hotelRating":"2","latitude":"-14.1731","longitude":"34.9984","state_id":3106,"state_name":"Southern Region","country_id":131},{"active":false,"Giataid":"598667","cityId":67971,"cityName":"Mangochi","hotelId":20002494,"hotelName":"Madzi Kuwala","address":"Southern Lakeshore,Monkey Bay,Mangochi,Malawi","phones":"+2651794555","fax":"+2651794666","email":"reservations@ulendo.net","url":"http://www.madzikuwala.com","countryIso2":"MW","countryName":"Malawi","hotelRating":"0","latitude":"-14.2781","longitude":"35.1016","state_id":3106,"state_name":"Southern Region","country_id":131},{"active":false,"Giataid":"90612","cityId":null,"cityName":"Chintheche","hotelId":20002707,"hotelName":"Makuzi Beach Lodge","address":"Private Bag 12,Chintheche,Lake Malawi,Malawi","phones":"+265999283980","fax":"","email":"info@makuzibeachlodge.com","url":"http://www.makuzibeachlodge.com/","countryIso2":"MW","countryName":"Malawi","hotelRating":"3","latitude":"-11.9182","longitude":"34.1781","state_id":null,"state_name":null,"country_id":null},{"active":false,"Giataid":"474249","cityId":67983,"cityName":"Mzuzu","hotelId":20003175,"hotelName":"The Grand Palace Hotel","address":"At the entrance of Mzuzu City,just before Reserve Bank of Malawi,Mzuzu,Malawi","phones":"+2651303323","fax":"+26512445678895","email":"info@thegrandpalacemalawi.com","url":"http://www.thegrandpalacemalawi.com/","countryIso2":"MW","countryName":"Malawi","hotelRating":"0","latitude":"-11.4145","longitude":"34.0343","state_id":3105,"state_name":"Northern Region","country_id":131},{"active":false,"Giataid":"77832","cityId":67964,"cityName":"Lilongwe","hotelId":20003540,"hotelName":"Kumbali Country Lodge","address":"Capital Hill Dairy Farm,Plot 9 & 11,Area 44,P.O. Box 30420,Lilongwe,Malawi","phones":"+265999963402","fax":"","email":"","url":"http://www.kumbalilodge.com/","countryIso2":"MW","countryName":"Malawi","hotelRating":"3","latitude":"-13.9875","longitude":"33.7723","state_id":3092,"state_name":"Central Region","country_id":131},{"active":false,"Giataid":"229858","cityId":null,"cityName":"Nyika National Park","hotelId":20003734,"hotelName":"Chelinda Camp","address":"Nyikia Plateau,Nyika National Park,Malawi","phones":"","fax":"","email":"","url":"http://www.wilderness-safaris.com/malawi_nyika_plateau/chelinda_camp/","countryIso2":"MW","countryName":"Malawi","hotelRating":"0","latitude":"-10.5721","longitude":"33.7035","state_id":null,"state_name":null,"country_id":null},{"active":false,"Giataid":"726052","cityId":67964,"cityName":"Lilongwe","hotelId":20003938,"hotelName":"Crown Hotel","address":"Along Kamuzu Procession Road,Daud Complex M1,Lilongwe,Malawi","phones":"+2651757560","fax":"","email":"","url":"http://www.crownhotelmalawi.com","countryIso2":"MW","countryName":"Malawi","hotelRating":"0","latitude":"-13.9591","longitude":"33.7822","state_id":3092,"state_name":"Central Region","country_id":131},{"active":false,"Giataid":"595846","cityId":67964,"cityName":"Lilongwe","hotelId":20004060,"hotelName":"Ufulu Gardens Hotel","address":"43-365 Ufulu Street,P.O. Box 30727,Lilongwe,Malawi","phones":"+2651794060","fax":"","email":"Roxanne@ufulugardens.mw","url":"http://www.ufulugardens.mw","countryIso2":"MW","countryName":"Malawi","hotelRating":"3","latitude":"-13.9591","longitude":"33.7822","state_id":3092,"state_name":"Central Region","country_id":131},{"active":false,"Giataid":"298830","cityId":67964,"cityName":"Lilongwe","hotelId":20004289,"hotelName":"Kiboko Town","address":"Mandala Road 4/278,Old Town,Lilongwe,Malawi","phones":"+2651751226","fax":"","email":"","url":"http://www.kibokohotel.com/","countryIso2":"MW","countryName":"Malawi","hotelRating":"0","latitude":"-13.9876","longitude":"33.7668","state_id":3092,"state_name":"Central Region","country_id":131},{"active":false,"Giataid":"229867","cityId":null,"cityName":"Lake Malawi National Park","hotelId":20004506,"hotelName":"Pumulani Lodge","address":"Cape Maclear,Lake Malawi,Lake Malawi Nationalpark,Malawi","phones":"+2651770540","fax":"","email":"info@pumulani.com","url":"http://www.pumulani.com/de/index.php","countryIso2":"MW","countryName":"Malawi","hotelRating":"4","latitude":"-14.1032","longitude":"34.8611","state_id":null,"state_name":null,"country_id":null},{"active":false,"Giataid":"298825","cityId":null,"cityName":"Liwonde National Park","hotelId":20004657,"hotelName":"Mvuu Camp","address":"Liwonde National Park,Malawi","phones":"","fax":"","email":"","url":"","countryIso2":"MW","countryName":"Malawi","hotelRating":"0","latitude":"-14.8503","longitude":"35.2941","state_id":null,"state_name":null,"country_id":null},{"active":false,"Giataid":"686283","cityId":67946,"cityName":"Blantyre","hotelId":20005063,"hotelName":"Home Up Guest House","address":"M1, Plot 1079 South End,Blantyre,Malawi","phones":"","fax":"","email":"","url":"","countryIso2":"MW","countryName":"Malawi","hotelRating":"3","latitude":"-15.8174","longitude":"34.9991","state_id":3106,"state_name":"Southern Region","country_id":131},{"active":false,"Giataid":"726616","cityId":67946,"cityName":"Blantyre","hotelId":20005428,"hotelName":"Lotus by Serendib","address":"Glyn Jones Road,Off Namiwawa Avenue,Blantyre,Malawi","phones":"+265996999934","fax":"","email":"sales@serendibhotel.com","url":"http://lotus.serendibhotel.com","countryIso2":"MW","countryName":"Malawi","hotelRating":"0","latitude":"-15.781","longitude":"34.9901","state_id":3106,"state_name":"Southern Region","country_id":131},{"active":false,"Giataid":"110531","cityId":null,"cityName":"Lake Malawi","hotelId":20005748,"hotelName":"Danforth Lodge","address":"P.O. Box 2319,Lilongwe,Lake Malawi,Malawi","phones":"+265999960077","fax":"","email":"info@danforthyachting.com","url":"http://www.danforthyachting.com/lodge.html","countryIso2":"MW","countryName":"Malawi","hotelRating":"3","latitude":"-14.0318","longitude":"34.8285","state_id":null,"state_name":null,"country_id":null},{"active":false,"Giataid":"562142","cityId":67964,"cityName":"Lilongwe","hotelId":20006058,"hotelName":"Sogecoa Golden Peacock Hotel","address":"Plot No 13/97,Area 13,Lilongwe,Malawi","phones":"+2651776666","fax":"","email":"jkq_mw@afecc.com","url":"http://www.sogecoagoldenpeacock.com/","countryIso2":"MW","countryName":"Malawi","hotelRating":"4","latitude":"-13.9613","longitude":"33.7992","state_id":3092,"state_name":"Central Region","country_id":131},{"active":false,"Giataid":"458587","cityId":67964,"cityName":"Lilongwe","hotelId":20006232,"hotelName":"Riverside Hotel","address":"PO Box 1268,Area 32 Paul Kagame Road,Lilongwe,Malawi","phones":"","fax":"","email":"","url":"http://www.riversidehotelmalawi.com/contact-us.html","countryIso2":"MW","countryName":"Malawi","hotelRating":"3","latitude":"-13.9819","longitude":"33.7858","state_id":3092,"state_name":"Central Region","country_id":131},{"active":false,"Giataid":"726054","cityId":67964,"cityName":"Lilongwe","hotelId":20006400,"hotelName":"Chilambula Lodge","address":"Off Paul Kagame Road,Adjacent to MHC Flats,Lilongwe Area 6,Malawi","phones":"","fax":"","email":"","url":"","countryIso2":"MW","countryName":"Malawi","hotelRating":"0","latitude":"-13.9591","longitude":"33.7822","state_id":3092,"state_name":"Central Region","country_id":131},{"active":false,"Giataid":"660541","cityId":67964,"cityName":"Lilongwe","hotelId":20006549,"hotelName":"Barefoot Safari Lodge","address":"Chitipi,Chitedze,Lilongwe,Malawi","phones":"+265999387740","fax":"","email":"","url":"http://www.barefoot-safaris.co.za/lodges/malawi/","countryIso2":"MW","countryName":"Malawi","hotelRating":"2","latitude":"-13.9968","longitude":"33.7551","state_id":3092,"state_name":"Central Region","country_id":131},{"active":false,"Giataid":"431800","cityId":67964,"cityName":"Lilongwe","hotelId":20006735,"hotelName":"President Walmont","address":"Chilembwe Road,City Centre,Lilongwe 3,Malawi","phones":"+2651789888","fax":"+2651789855","email":"info@umodzipark.co.mw","url":"http://www.peermont.com/hotels/malawi/president-walmont-lilongwe","countryIso2":"MW","countryName":"Malawi","hotelRating":"5","latitude":"-13.9544","longitude":"33.7953","state_id":3092,"state_name":"Central Region","country_id":131},{"active":false,"Giataid":"298824","cityId":null,"cityName":"Nyika National Park","hotelId":20006906,"hotelName":"Chelinda Lodge","address":"Nyika Nationalpark,Malawi","phones":"+2651771393","fax":"+2651771397","email":"info@wilderness.mw","url":"http://www.wilderness-safaris.com/malawi_nyika_plateau/chelinda_lodge/introduction/","countryIso2":"MW","countryName":"Malawi","hotelRating":"3","latitude":"-10.5921","longitude":"33.8153","state_id":null,"state_name":null,"country_id":null},{"active":false,"Giataid":"911194","cityId":67964,"cityName":"Lilongwe","hotelId":20351886,"hotelName":"Waka Waka Hotel","address":"M1 Blantyre Road,Lilongwe,Malawi","phones":"","fax":"","email":"","url":"","countryIso2":"MW","countryName":"Malawi","hotelRating":"0","latitude":"-13.9717","longitude":"33.7749","state_id":3092,"state_name":"Central Region","country_id":131},{"active":false,"Giataid":"893467","cityId":null,"cityName":"Liwonde National Park","hotelId":20351887,"hotelName":"Kuthengo Camp","address":"Liwonde National Park,Malawi","phones":"","fax":"","email":"","url":"http://www.robinpopesafaris.net/de/camps/kuthengo-camp.php","countryIso2":"MW","countryName":"Malawi","hotelRating":"4","latitude":"-14.9578","longitude":"35.2387","state_id":null,"state_name":null,"country_id":null},{"active":false,"Giataid":"911244","cityId":67999,"cityName":"Salima","hotelId":20351888,"hotelName":"Kwathu Hotel Dedza","address":"T374 Salima,Dedza,Malawi","phones":"","fax":"","email":"","url":"","countryIso2":"MW","countryName":"Malawi","hotelRating":"0","latitude":"-13.741","longitude":"34.6116","state_id":3092,"state_name":"Central Region","country_id":131},{"active":false,"Giataid":"508496","cityId":null,"cityName":"Chigumula","hotelId":20351889,"hotelName":"Palm Valley Lodge","address":"PO Box 22,Lot 3 Ndokota Estate,Chigumula,Blantyre,Malawi","phones":"+265997359950","fax":"","email":"info@palmvalleylodge.com","url":"http://palmvalleylodge.com/","countryIso2":"MW","countryName":"Malawi","hotelRating":"3","latitude":"-15.9017","longitude":"35.0729","state_id":null,"state_name":null,"country_id":null},{"active":false,"Giataid":"879004","cityId":null,"cityName":"Lake Malawi","hotelId":20351890,"hotelName":"Mukhala Beach Lodge","address":"Post Office Kande Mwaya,Nkhata Bay,Malawi,Malawi","phones":"+265999075599","fax":"","email":"info@mukhalabeach.com","url":"http://www.mukhalabeach.com","countryIso2":"MW","countryName":"Malawi","hotelRating":"0","latitude":"-13.8692","longitude":"34.7194","state_id":null,"state_name":null,"country_id":null},{"active":false,"Giataid":"922853","cityId":67964,"cityName":"Lilongwe","hotelId":20351891,"hotelName":"Capital City Motel","address":"Independence Drive Area 13/36,Lilongwe,Malawi","phones":"","fax":"","email":"","url":"","countryIso2":"MW","countryName":"Malawi","hotelRating":"0","latitude":"-13.9717","longitude":"33.7749","state_id":3092,"state_name":"Central Region","country_id":131},{"active":false,"Giataid":"878542","cityId":67964,"cityName":"Lilongwe","hotelId":20351894,"hotelName":"Mutheto Lodges","address":"Falls Estate,Lilongwe,Malawi","phones":"","fax":"","email":"","url":"","countryIso2":"MW","countryName":"Malawi","hotelRating":"0","latitude":"-13.9717","longitude":"33.7749","state_id":3092,"state_name":"Central Region","country_id":131},{"active":false,"Giataid":"922885","cityId":67964,"cityName":"Lilongwe","hotelId":20351895,"hotelName":"Tamando Executive Lodge","address":"Private Bag B394,Capital City,Lilongwe,Malawi","phones":"+265992954794","fax":"","email":"tamando.lodge@gmail.com","url":"http://www.tamandoexecutivelodge.com","countryIso2":"MW","countryName":"Malawi","hotelRating":"0","latitude":"-13.9717","longitude":"33.7749","state_id":3092,"state_name":"Central Region","country_id":131},{"active":false,"Giataid":"922870","cityId":67964,"cityName":"Lilongwe","hotelId":20351898,"hotelName":"Logic Inn","address":"Area 21,Kawale 2,Lilongwe,Malawi","phones":"","fax":"","email":"","url":"","countryIso2":"MW","countryName":"Malawi","hotelRating":"0","latitude":"-13.9717","longitude":"33.7749","state_id":3092,"state_name":"Central Region","country_id":131},{"active":false,"Giataid":"868871","cityId":67971,"cityName":"Mangochi","hotelId":20351899,"hotelName":"Ulemu Resthouse","address":"M10,Mangochi,Malawi","phones":"","fax":"","email":"","url":"","countryIso2":"MW","countryName":"Malawi","hotelRating":"0","latitude":"-14.3906","longitude":"35.1946","state_id":3106,"state_name":"Southern Region","country_id":131},{"active":false,"Giataid":"870339","cityId":67983,"cityName":"Mzuzu","hotelId":20351896,"hotelName":"Emmaculate Lodge","address":"M1 Road,Off My Road,Katoto,Mzuzu,Malawi","phones":"","fax":"","email":"","url":"","countryIso2":"MW","countryName":"Malawi","hotelRating":"0","latitude":"-11.441","longitude":"34.0287","state_id":3105,"state_name":"Northern Region","country_id":131},{"active":false,"Giataid":"878069","cityId":67964,"cityName":"Lilongwe","hotelId":20351897,"hotelName":"LivingSpace ApartHotel","address":"House 107 Area 49,Shire,Lilongwe,Malawi","phones":"","fax":"","email":"","url":"","countryIso2":"MW","countryName":"Malawi","hotelRating":"0","latitude":"-13.9717","longitude":"33.7749","state_id":3092,"state_name":"Central Region","country_id":131},{"active":false,"Giataid":"550971","cityId":67985,"cityName":"Nkhata Bay","hotelId":20351900,"hotelName":"Aqua Africa","address":"Oil Com Road,Nkhata Bay,Malawi","phones":"+265999921418","fax":"","email":"divemalawi@gmail.com","url":"http://www.aquaafrica.co.uk/","countryIso2":"MW","countryName":"Malawi","hotelRating":"0","latitude":"-11.6146","longitude":"34.2996","state_id":3105,"state_name":"Northern Region","country_id":131},{"active":false,"Giataid":"911223","cityId":67964,"cityName":"Lilongwe","hotelId":20351902,"hotelName":"Pilgrims Lodge","address":"M1 Road,Lilongwe,Malawi","phones":"","fax":"","email":"","url":"","countryIso2":"MW","countryName":"Malawi","hotelRating":"0","latitude":"-13.9717","longitude":"33.7749","state_id":3092,"state_name":"Central Region","country_id":131},{"active":false,"Giataid":"911205","cityId":null,"cityName":"Liwonde National Park","hotelId":20351903,"hotelName":"Concept Lodge","address":"Mawila Road,Liwonde,Malawi","phones":"","fax":"","email":"","url":"","countryIso2":"MW","countryName":"Malawi","hotelRating":"0","latitude":"-14.9578","longitude":"35.2387","state_id":null,"state_name":null,"country_id":null},{"active":false,"Giataid":"858423","cityId":56129,"cityName":"Zomba","hotelId":20351904,"hotelName":"Domino Accommodation And Restaurant","address":"Old Niasi Lodge,Zomba,Malawi","phones":"","fax":"","email":"","url":"","countryIso2":"MW","countryName":"Malawi","hotelRating":"0","latitude":"-15.3676","longitude":"35.3141","state_id":1038,"state_name":"Tolna County","country_id":99},{"active":false,"Giataid":"893532","cityId":null,"cityName":"Chintheche","hotelId":20351907,"hotelName":"Kande Beach Resort","address":"Nkhata Bay,PO Box 22,Chintheche,Malawi","phones":"+265888263500","fax":"","email":"info@kandebeach.com","url":"http://www.kandebeach.com/","countryIso2":"MW","countryName":"Malawi","hotelRating":"0","latitude":"-11.9","longitude":"34.1735","state_id":null,"state_name":null,"country_id":null},{"active":false,"Giataid":"911267","cityId":67964,"cityName":"Lilongwe","hotelId":20351908,"hotelName":"The Belgian Executive","address":"Mzimba Street 202,Lilongwe,Malawi","phones":"","fax":"","email":"","url":"","countryIso2":"MW","countryName":"Malawi","hotelRating":"0","latitude":"-13.9717","longitude":"33.7749","state_id":3092,"state_name":"Central Region","country_id":131},{"active":false,"Giataid":"911218","cityId":null,"cityName":"Liwonde National Park","hotelId":20351909,"hotelName":"Liwonde Park Motel","address":"Off Liwonde National Park Road,Liwonde,Malawi","phones":"","fax":"","email":"","url":"","countryIso2":"MW","countryName":"Malawi","hotelRating":"0","latitude":"-14.9578","longitude":"35.2387","state_id":null,"state_name":null,"country_id":null},{"active":false,"Giataid":"936887","cityId":67946,"cityName":"Blantyre","hotelId":20351910,"hotelName":"Leslie Lodge","address":"2 Leslie Road,Mount Pleasant,PO Box 1744,Blantyre,Malawi","phones":"+265999828929","fax":"","email":"info@leslielodge.com","url":"http://www.leslielodge.com","countryIso2":"MW","countryName":"Malawi","hotelRating":"0","latitude":"-15.7858","longitude":"35.0062","state_id":3106,"state_name":"Southern Region","country_id":131},{"active":false,"Giataid":"893551","cityId":67964,"cityName":"Lilongwe","hotelId":20351911,"hotelName":"Cluny Lodge","address":"Plot 69,Area 9,Lilongwe,Central Region,Malawi","phones":"+265888764805","fax":"","email":"bev.taale@africa-online.net","url":"http://www.clunylodge.net/","countryIso2":"MW","countryName":"Malawi","hotelRating":"0","latitude":"-13.9717","longitude":"33.7749","state_id":3092,"state_name":"Central Region","country_id":131},{"active":false,"Giataid":"936857","cityId":67964,"cityName":"Lilongwe","hotelId":20351912,"hotelName":"Byte Lodges","address":"255 Bunda Road,Off African Bible College Road,Area 47 Sector 5,Lilongwe,Malawi","phones":"","fax":"","email":"","url":"","countryIso2":"MW","countryName":"Malawi","hotelRating":"0","latitude":"-13.9717","longitude":"33.7749","state_id":3092,"state_name":"Central Region","country_id":131},{"active":false,"Giataid":"893507","cityId":67964,"cityName":"Lilongwe","hotelId":20351916,"hotelName":"Eden Estates & Boutique Lodge","address":"Kasiya Road,Airwing,Lilongwe,Malawi","phones":"","fax":"","email":"","url":"","countryIso2":"MW","countryName":"Malawi","hotelRating":"0","latitude":"-13.9717","longitude":"33.7749","state_id":3092,"state_name":"Central Region","country_id":131},{"active":false,"Giataid":"908743","cityId":67999,"cityName":"Salima","hotelId":20351913,"hotelName":"Lakeside Hotel","address":"S122 Senga Bay,Plot 13,Salima,Malawi","phones":"","fax":"","email":"","url":"","countryIso2":"MW","countryName":"Malawi","hotelRating":"0","latitude":"-13.741","longitude":"34.6116","state_id":3092,"state_name":"Central Region","country_id":131},{"active":false,"Giataid":"911281","cityId":67946,"cityName":"Blantyre","hotelId":20351915,"hotelName":"Hotel Victoria","address":"Victoria Avenue 00265,Blantyre,Malawi","phones":"","fax":"","email":"","url":"","countryIso2":"MW","countryName":"Malawi","hotelRating":"0","latitude":"-15.7858","longitude":"35.0062","state_id":3106,"state_name":"Southern Region","country_id":131},{"active":false,"Giataid":"936845","cityId":67964,"cityName":"Lilongwe","hotelId":20351917,"hotelName":"Platinum City Centre Hotel","address":"M5,City Centre,Lilongwe,Malawi","phones":"","fax":"","email":"","url":"","countryIso2":"MW","countryName":"Malawi","hotelRating":"0","latitude":"-13.9717","longitude":"33.7749","state_id":3092,"state_name":"Central Region","country_id":131},{"active":false,"Giataid":"870791","cityId":67983,"cityName":"Mzuzu","hotelId":20351918,"hotelName":"Pakaya Suites","address":"Mapale,Mzuzu,Malawi","phones":"","fax":"","email":"","url":"","countryIso2":"MW","countryName":"Malawi","hotelRating":"0","latitude":"-11.441","longitude":"34.0287","state_id":3105,"state_name":"Northern Region","country_id":131},{"active":false,"Giataid":"956384","cityId":67977,"cityName":"Mulanje","hotelId":20413151,"hotelName":"Mbiriri Refreshment Center","address":"M2 Road,Chitakale,Mulanje,Malawi","phones":"","fax":"","email":"","url":"","countryIso2":"MW","countryName":"Malawi","hotelRating":"1","latitude":"-16.0142","longitude":"35.5007","state_id":3106,"state_name":"Southern Region","country_id":131},{"active":false,"Giataid":"955994","cityId":67946,"cityName":"Blantyre","hotelId":20413152,"hotelName":"Crossroads Hotel Blantyre","address":"Kabula Hill,Blantyre,Malawi","phones":"","fax":"","email":"","url":"","countryIso2":"MW","countryName":"Malawi","hotelRating":"1","latitude":"-15.7858","longitude":"35.0062","state_id":3106,"state_name":"Southern Region","country_id":131},{"active":false,"Giataid":"959272","cityId":67987,"cityName":"Nkhotakota","hotelId":20413153,"hotelName":"Pick N Pay Resort","address":"Nkhotakota City Beach Road,Nkhotakota,Malawi","phones":"","fax":"","email":"","url":"","countryIso2":"MW","countryName":"Malawi","hotelRating":"1","latitude":"-12.9317","longitude":"34.2811","state_id":3092,"state_name":"Central Region","country_id":131},{"active":false,"Giataid":"956403","cityId":67964,"cityName":"Lilongwe","hotelId":20413154,"hotelName":"Chima Na Chigo Bed And Breakfast","address":"Area 49,Dubai Street 4,X202,Lilongwe,Malawi","phones":"","fax":"","email":"","url":"","countryIso2":"MW","countryName":"Malawi","hotelRating":"1","latitude":"-13.9717","longitude":"33.7749","state_id":3092,"state_name":"Central Region","country_id":131},{"active":false,"Giataid":"955982","cityId":67964,"cityName":"Lilongwe","hotelId":20413155,"hotelName":"Avon Garden Apartments","address":"Malawi,Lilongwe 6,Malawi","phones":"","fax":"","email":"","url":"","countryIso2":"MW","countryName":"Malawi","hotelRating":"1","latitude":"-13.9717","longitude":"33.7749","state_id":3092,"state_name":"Central Region","country_id":131},{"active":false,"Giataid":"978018","cityId":67964,"cityName":"Lilongwe","hotelId":20413156,"hotelName":"Davie's BnB","address":"Likuni Road,Near Mbinzi Primary School,Lilongwe,Malawi","phones":"","fax":"","email":"","url":"","countryIso2":"MW","countryName":"Malawi","hotelRating":"1","latitude":"-13.9717","longitude":"33.7749","state_id":3092,"state_name":"Central Region","country_id":131},{"active":false,"Giataid":"956394","cityId":67964,"cityName":"Lilongwe","hotelId":20413157,"hotelName":"Demera Motel","address":"Unnamed Road,Lilongwe,Malawi","phones":"","fax":"","email":"","url":"","countryIso2":"MW","countryName":"Malawi","hotelRating":"1","latitude":"-13.9717","longitude":"33.7749","state_id":3092,"state_name":"Central Region","country_id":131},{"active":false,"Giataid":"978241","cityId":67946,"cityName":"Blantyre","hotelId":20413158,"hotelName":"Blue Lagoon Lodge Blantyre","address":"Chigumula,Near Newlands Homes Post Dot Net E241,Blantyre,Malawi","phones":"","fax":"","email":"","url":"","countryIso2":"MW","countryName":"Malawi","hotelRating":"1","latitude":"-15.8473","longitude":"35.0637","state_id":3106,"state_name":"Southern Region","country_id":131},{"active":false,"Giataid":"1001604","cityId":67964,"cityName":"Lilongwe","hotelId":20436791,"hotelName":"Thumbi view Lilongwe","address":"Stand 2/3,Area 10,Lilongwe,Malawi","phones":"+265997463054","fax":"","email":"","url":"http://thumbiviewlodge.com/","countryIso2":"MW","countryName":"Malawi","hotelRating":"1","latitude":"-13.9717","longitude":"33.7749","state_id":3092,"state_name":"Central Region","country_id":131},{"active":false,"Giataid":"1001586","cityId":67946,"cityName":"Blantyre","hotelId":20436793,"hotelName":"Kris Star Lodge","address":"Plot BW 776 Independence Drive,P.O. Box 1950,Blantyre,Malawi","phones":"+2651827291292","fax":"","email":"reservations@krisstarlodge.net","url":"http://www.krisstarlodge.net","countryIso2":"MW","countryName":"Malawi","hotelRating":"1","latitude":"-15.7858","longitude":"35.0062","state_id":3106,"state_name":"Southern Region","country_id":131},{"active":false,"Giataid":"1003168","cityId":67971,"cityName":"Mangochi","hotelId":20436799,"hotelName":"Zaburi Beach By Serendib","address":"Bolera Village,Mangochi,Malawi","phones":"+265996999922","fax":"","email":"sales@serendibhotel.com","url":"http://zaburi.serendibhotel.com","countryIso2":"MW","countryName":"Malawi","hotelRating":"1","latitude":"-14.404","longitude":"35.2035","state_id":3106,"state_name":"Southern Region","country_id":131},{"active":false,"Giataid":"1003176","cityId":67971,"cityName":"Mangochi","hotelId":20436795,"hotelName":"Jazaka Lodge Chiponde","address":"Mangochi Road,Mangochi,Malawi","phones":"","fax":"","email":"","url":"","countryIso2":"MW","countryName":"Malawi","hotelRating":"1","latitude":"-14.404","longitude":"35.2035","state_id":3106,"state_name":"Southern Region","country_id":131},{"active":false,"Giataid":"1003208","cityId":67946,"cityName":"Blantyre","hotelId":20436797,"hotelName":"Grace Bandawe Conference Centre","address":"Chileka Road,PO Box 413,Blantyre,Malawi","phones":"","fax":"","email":"","url":"","countryIso2":"MW","countryName":"Malawi","hotelRating":"1","latitude":"-15.7858","longitude":"35.0062","state_id":3106,"state_name":"Southern Region","country_id":131}]