[{"active":false,"Giataid":"138307","cityId":null,"cityName":"Sana'a","hotelId":138307,"hotelName":"Movenpick Sanaa","address":"Berlin Street,PO Box 5111,Dahr Hymyar District,Sanaa,Gouvernement ad-Dali',Yemen,Yemen","phones":"+9671546666","fax":"","email":"","url":"","countryIso2":"YE","countryName":"Yemen","hotelRating":"5","latitude":"15.3621","longitude":"44.2323","state_id":null,"state_name":null,"country_id":null},{"active":false,"Giataid":"138443","cityId":130669,"cityName":"Aden","hotelId":138443,"hotelName":"Gold Mohur Hotel & Resort","address":"Hai Althawra,P.O. Box 13040,Aden,Jemen,Yemen","phones":"+9672204010","fax":"","email":"","url":"","countryIso2":"YE","countryName":"Yemen","hotelRating":"5","latitude":"12.769","longitude":"44.9906","state_id":1242,"state_name":"'Adan Governorate","country_id":245},{"active":false,"Giataid":"386384","cityId":130669,"cityName":"Aden","hotelId":386384,"hotelName":"Ma'alla Plaza Suites - Trade Center","address":"","phones":"","fax":"","email":"","url":"","countryIso2":"YE","countryName":"Yemen","hotelRating":"1","latitude":"12.7927","longitude":"45.0244","state_id":1242,"state_name":"'Adan Governorate","country_id":245},{"active":false,"Giataid":"423456","cityId":null,"cityName":"Sana'a","hotelId":20003195,"hotelName":"Burj Al Salam","address":"Sanafalsea,PO Box 2898,Sanaa,Yemen","phones":"+9671483333","fax":"+9671483330","email":"reservation@burjalsalam.com","url":"http://www.burjalsalam.com","countryIso2":"YE","countryName":"Yemen","hotelRating":"4","latitude":"15.3699","longitude":"44.1908","state_id":null,"state_name":null,"country_id":null},{"active":false,"Giataid":"247509","cityId":130669,"cityName":"Aden","hotelId":20003749,"hotelName":"Coral Hotel Aden","address":"Khormaksar,Aden,Yemen,Yemen","phones":"+9672272072","fax":"+9672236553","email":"sales@coral-aden.com","url":"http://www.coral-international.com/1026-1000-index.html","countryIso2":"YE","countryName":"Yemen","hotelRating":"5","latitude":"12.8071","longitude":"45.0279","state_id":1242,"state_name":"'Adan Governorate","country_id":245},{"active":false,"Giataid":"871772","cityId":130669,"cityName":"Aden","hotelId":20387751,"hotelName":"Crater Palace Hotel","address":"Arwa Street,Aden,Yemen","phones":"","fax":"","email":"","url":"","countryIso2":"YE","countryName":"Yemen","hotelRating":"0","latitude":"12.7843","longitude":"45.0281","state_id":1242,"state_name":"'Adan Governorate","country_id":245},{"active":false,"Giataid":"907146","cityId":null,"cityName":"Sana'a","hotelId":20387752,"hotelName":"Shahran Hotel","address":"Shahran Street,Sana'a,Yemen","phones":"+9671418321","fax":"+9671418324","email":"","url":"http://www.shahranhotel.com/","countryIso2":"YE","countryName":"Yemen","hotelRating":"0","latitude":"15.3626","longitude":"44.2146","state_id":null,"state_name":null,"country_id":null}]