[
  {
    "active": false,
    "Giataid": "7991",
    "cityId": null,
    "cityName": "Devonshire",
    "hotelId": 7991,
    "hotelName": "Ariel Sands",
    "address": "34 Shore Road,Devonshire,P.O. Box 334,Hamilton HM BX,Bermuda,Bermuda",
    "phones": "+14412361010",
    "fax": "+14412360087",
    "email": "",
    "url": "http://www.arielsands.com",
    "countryIso2": "BM",
    "countryName": "Bermuda",
    "hotelRating": "4",
    "latitude": "32.2975",
    "longitude": "-64.7488",
    "state_id": null,
    "state_name": null,
    "country_id": null
  },
  {
    "active": false,
    "Giataid": "9518",
    "cityId": null,
    "cityName": "Sandys Parish",
    "hotelId": 9518,
    "hotelName": "Cambridge Beaches Resort & Spa",
    "address": "30 Kings Point Road,Sandys MA02,Bermuda",
    "phones": "+14412340331",
    "fax": "+14412343352",
    "email": "cambeach@ibl.bm",
    "url": "http://www.cambridgebeaches.com",
    "countryIso2": "BM",
    "countryName": "Bermuda",
    "hotelRating": "4",
    "latitude": "32.3092",
    "longitude": "-64.868",
    "state_id": null,
    "state_name": null,
    "country_id": null
  },
  {
    "active": false,
    "Giataid": "12031",
    "cityId": null,
    "cityName": "Paget",
    "hotelId": 12031,
    "hotelName": "Elbow Beach Bermuda",
    "address": "60 South Shore Road,Paget Parish PG04,Hamilton, Bermuda,Bermuda",
    "phones": "+14412363535",
    "fax": "+14412365882",
    "email": "ebbda-reservations@mohg.com",
    "url": "http://www.mandarinoriental.com/bermuda/",
    "countryIso2": "BM",
    "countryName": "Bermuda",
    "hotelRating": "4",
    "latitude": "32.2754",
    "longitude": "-64.7772",
    "state_id": null,
    "state_name": null,
    "country_id": null
  },
  {
    "active": false,
    "Giataid": "13620",
    "cityId": null,
    "cityName": "Bailey's Bay",
    "hotelId": 13620,
    "hotelName": "Grotto Bay Beach Resort",
    "address": "11 Blue Hole Hill,Bailey's Bay CR04,Bermuda,Bermuda",
    "phones": "+14412938333",
    "fax": "+14412932306",
    "email": "lsgrottobay@ibl.bm",
    "url": "http://www.grottobay.com",
    "countryIso2": "BM",
    "countryName": "Bermuda",
    "hotelRating": "3",
    "latitude": "32.3525",
    "longitude": "-64.7121",
    "state_id": null,
    "state_name": null,
    "country_id": null
  },
  {
    "active": false,
    "Giataid": "22230",
    "cityId": null,
    "cityName": "Paget",
    "hotelId": 22230,
    "hotelName": "Coco Reef Bermuda",
    "address": "3 Stonington Circle,South Shore Road,Paget Parish PG 04,Bermuda",
    "phones": "+14412365416",
    "fax": "+14412369766",
    "email": "info@cocoreef.bm",
    "url": "http://www.cocoreefbermuda.com",
    "countryIso2": "BM",
    "countryName": "Bermuda",
    "hotelRating": "3",
    "latitude": "32.2763",
    "longitude": "-64.7743",
    "state_id": null,
    "state_name": null,
    "country_id": null
  },
  {
    "active": false,
    "Giataid": "144039",
    "cityId": null,
    "cityName": "Paget",
    "hotelId": 144039,
    "hotelName": "Inverurie Executive Suites",
    "address": "1 Harbour Road,Mount Pleasant PG 01,Paget,Bermuda,Bermuda",
    "phones": "+14412325700",
    "fax": "",
    "email": "",
    "url": "http://www.paget.bermuda.freehotelguide.com/The-Wharf-Executive-Suites-Ht.html",
    "countryIso2": "BM",
    "countryName": "Bermuda",
    "hotelRating": "3",
    "latitude": "32.281",
    "longitude": "-64.7952",
    "state_id": null,
    "state_name": null,
    "country_id": null
  },
  {
    "active": false,
    "Giataid": "144040",
    "cityId": null,
    "cityName": "St. George�s",
    "hotelId": 144040,
    "hotelName": "Aunt Nea's Inn At Hillcrest",
    "address": "",
    "phones": "",
    "fax": "",
    "email": "",
    "url": "",
    "countryIso2": "BM",
    "countryName": "Bermuda",
    "hotelRating": "3",
    "latitude": "32.3818",
    "longitude": "-64.6788",
    "state_id": null,
    "state_name": null,
    "country_id": null
  },
  {
    "active": false,
    "Giataid": "183293",
    "cityId": null,
    "cityName": "Paget",
    "hotelId": 183293,
    "hotelName": "Newstead Belmont Hills Golf Resort & Spa",
    "address": "27, Harbour Road,Paget PG02,Bermuda,Bermuda",
    "phones": "+14412366060",
    "fax": "+14412362296",
    "email": "reservations@belmonthills.com",
    "url": "http://www.newsteadbelmonthills.com",
    "countryIso2": "BM",
    "countryName": "Bermuda",
    "hotelRating": "4",
    "latitude": "32.2837",
    "longitude": "-64.7867",
    "state_id": null,
    "state_name": null,
    "country_id": null
  },
  {
    "active": false,
    "Giataid": "520550",
    "cityId": null,
    "cityName": "Devonshire",
    "hotelId": 520550,
    "hotelName": "6 Cloverdale Close",
    "address": "6 Cloverdale Close,FL01 Devonshire,Bermuda",
    "phones": "",
    "fax": "",
    "email": "",
    "url": "",
    "countryIso2": "BM",
    "countryName": "Bermuda",
    "hotelRating": "1",
    "latitude": "32.306",
    "longitude": "-64.7437",
    "state_id": null,
    "state_name": null,
    "country_id": null
  },
  {
    "active": false,
    "Giataid": "594327",
    "cityId": null,
    "cityName": "Paget",
    "hotelId": 594327,
    "hotelName": "Quintessential Paget Estate Home",
    "address": "",
    "phones": "",
    "fax": "",
    "email": "",
    "url": "",
    "countryIso2": "BM",
    "countryName": "Bermuda",
    "hotelRating": "1",
    "latitude": "32.2796",
    "longitude": "-64.7763",
    "state_id": null,
    "state_name": null,
    "country_id": null
  },
  {
    "active": false,
    "Giataid": "636781",
    "cityId": null,
    "cityName": "Southampton Beach",
    "hotelId": 636781,
    "hotelName": "Wyndham Bermuda Resort & Spa",
    "address": "South Road - Sonesta Drive,Sinky Bay,Boat Bay,Cross Bay,Bermuda",
    "phones": "+14412388122",
    "fax": "",
    "email": "",
    "url": "",
    "countryIso2": "BM",
    "countryName": "Bermuda",
    "hotelRating": "1",
    "latitude": "32.2488",
    "longitude": "-64.8369",
    "state_id": null,
    "state_name": null,
    "country_id": null
  },
  {
    "active": false,
    "Giataid": "683416",
    "cityId": null,
    "cityName": "Devonshire",
    "hotelId": 683416,
    "hotelName": "Grexhammer Haus",
    "address": "39 South Road,Devonshire DV 07,Bermuda",
    "phones": "",
    "fax": "",
    "email": "",
    "url": "",
    "countryIso2": "BM",
    "countryName": "Bermuda",
    "hotelRating": "1",
    "latitude": "32.3017",
    "longitude": "-64.7463",
    "state_id": null,
    "state_name": null,
    "country_id": null
  },
  {
    "active": false,
    "Giataid": "75788",
    "cityId": null,
    "cityName": "Tucker's Town",
    "hotelId": 689328,
    "hotelName": "The Loren At Pink Beach",
    "address": "116 South Road,Tucker's Town Smiths,Bermuda HS01,Bermuda",
    "phones": "+14412931666",
    "fax": "",
    "email": "concierge@thelorenhotel.com",
    "url": "http://www.thelorenhotel.com/sitemap-en.html",
    "countryIso2": "BM",
    "countryName": "Bermuda",
    "hotelRating": "0",
    "latitude": "32.3224",
    "longitude": "-64.71",
    "state_id": null,
    "state_name": null,
    "country_id": null
  },
  {
    "active": false,
    "Giataid": "720025",
    "cityId": null,
    "cityName": "Paget",
    "hotelId": 720025,
    "hotelName": "Valley Cottages & Apartments",
    "address": "2 Simons Lane Valley Road,Paget,Bermuda",
    "phones": "",
    "fax": "",
    "email": "",
    "url": "https://www.hotels.com/ho541901/valley-cottages-apartments-paget-bermuda/",
    "countryIso2": "BM",
    "countryName": "Bermuda",
    "hotelRating": "1",
    "latitude": "32.2839",
    "longitude": "-64.779",
    "state_id": null,
    "state_name": null,
    "country_id": null
  },
  {
    "active": false,
    "Giataid": "726777",
    "cityId": null,
    "cityName": "Paget",
    "hotelId": 726777,
    "hotelName": "The Paraquet Apartment",
    "address": "72 South Shore Road,Paget,Bermuda",
    "phones": "+14412365842",
    "fax": "",
    "email": "info@paraquetapartments.com",
    "url": "http://www.paraquetapartments.com",
    "countryIso2": "BM",
    "countryName": "Bermuda",
    "hotelRating": "1",
    "latitude": "32.2796",
    "longitude": "-64.7763",
    "state_id": null,
    "state_name": null,
    "country_id": null
  },
  {
    "active": false,
    "Giataid": "761873",
    "cityId": null,
    "cityName": "Sandys Parish",
    "hotelId": 761873,
    "hotelName": "Cambridge Beach House",
    "address": "8 Cambridge Road,PO Box 386 MABX,Sandys MA02,Bermuda",
    "phones": "",
    "fax": "",
    "email": "ben@cambridge.bm",
    "url": "http://www.cambridgebeaches.com",
    "countryIso2": "BM",
    "countryName": "Bermuda",
    "hotelRating": "1",
    "latitude": "32.3064",
    "longitude": "-64.8733",
    "state_id": null,
    "state_name": null,
    "country_id": null
  },
  {
    "active": false,
    "Giataid": "19256",
    "cityId": null,
    "cityName": "Southampton",
    "hotelId": 19256,
    "hotelName": "Pompano Beach Club",
    "address": "36 Pompano Beach Road,Southampton SB 03,Bermuda,Bermuda",
    "phones": "+14412340222",
    "fax": "",
    "email": "",
    "url": "",
    "countryIso2": "BM",
    "countryName": "Bermuda",
    "hotelRating": "4",
    "latitude": "32.2623",
    "longitude": "-64.8787",
    "state_id": null,
    "state_name": null,
    "country_id": null
  },
  {
    "active": false,
    "Giataid": "22765",
    "cityId": null,
    "cityName": "Southampton",
    "hotelId": 22765,
    "hotelName": "The Fairmont Southampton",
    "address": "101 South Shore Road,Southampton SN 02,Bermuda",
    "phones": "+14412388000",
    "fax": "+14412388968",
    "email": "southampton@fairmont.com",
    "url": "http://www.fairmont.com/Southampton/",
    "countryIso2": "BM",
    "countryName": "Bermuda",
    "hotelRating": "4",
    "latitude": "32.2535",
    "longitude": "-64.8264",
    "state_id": null,
    "state_name": null,
    "country_id": null
  },
  {
    "active": false,
    "Giataid": "22947",
    "cityId": null,
    "cityName": "Southampton",
    "hotelId": 22947,
    "hotelName": "The Reefs",
    "address": "56 South Shore Road,Southampton SN02,Bermuda",
    "phones": "+14412380222",
    "fax": "+14412388372",
    "email": "generalinfo@thereefs.bm",
    "url": "http://www.thereefs.com/",
    "countryIso2": "BM",
    "countryName": "Bermuda",
    "hotelRating": "4",
    "latitude": "32.2489",
    "longitude": "-64.839",
    "state_id": null,
    "state_name": null,
    "country_id": null
  },
  {
    "active": false,
    "Giataid": "30624",
    "cityId": null,
    "cityName": "Southampton",
    "hotelId": 30624,
    "hotelName": "Dolphin",
    "address": "",
    "phones": "",
    "fax": "",
    "email": "",
    "url": "",
    "countryIso2": "BM",
    "countryName": "Bermuda",
    "hotelRating": "3",
    "latitude": "32.2607",
    "longitude": "-64.848",
    "state_id": null,
    "state_name": null,
    "country_id": null
  },
  {
    "active": false,
    "Giataid": "32002",
    "cityId": null,
    "cityName": "Hamilton",
    "hotelId": 32002,
    "hotelName": "Hamilton Princess Beach Club & Spa",
    "address": "76 Pitts Bay Road,Hamilton HM 08,Pembroke,Bermuda",
    "phones": "+14412953000",
    "fax": "+14412951914",
    "email": "hamilton@fairmont.com",
    "url": "http://www.fairmont.com/hamilton",
    "countryIso2": "BM",
    "countryName": "Bermuda",
    "hotelRating": "4",
    "latitude": "32.2908",
    "longitude": "-64.7921",
    "state_id": null,
    "state_name": null,
    "country_id": null
  },
  {
    "active": false,
    "Giataid": "144041",
    "cityId": null,
    "cityName": "Hamilton",
    "hotelId": 144041,
    "hotelName": "Rosemont Guest Apartments",
    "address": "8 Rosemont Ave,HM 06,Bermuda",
    "phones": "",
    "fax": "",
    "email": "",
    "url": "",
    "countryIso2": "BM",
    "countryName": "Bermuda",
    "hotelRating": "3",
    "latitude": "32.2967",
    "longitude": "-64.7935",
    "state_id": null,
    "state_name": null,
    "country_id": null
  },
  {
    "active": false,
    "Giataid": "144042",
    "cityId": null,
    "cityName": "Hamilton",
    "hotelId": 144042,
    "hotelName": "Fordham Hall",
    "address": "53 Pitts Bay Road,Pembroke Parish,Hamilton,Bermuda HM CX,Bermuda",
    "phones": "",
    "fax": "",
    "email": "",
    "url": "",
    "countryIso2": "BM",
    "countryName": "Bermuda",
    "hotelRating": "1",
    "latitude": "32.2919",
    "longitude": "-64.7946",
    "state_id": null,
    "state_name": null,
    "country_id": null
  },
  {
    "active": false,
    "Giataid": "144044",
    "cityId": null,
    "cityName": "Hamilton",
    "hotelId": 144044,
    "hotelName": "The Breakers",
    "address": "",
    "phones": "",
    "fax": "",
    "email": "",
    "url": "",
    "countryIso2": "BM",
    "countryName": "Bermuda",
    "hotelRating": "1",
    "latitude": "32.2979",
    "longitude": "-64.7834",
    "state_id": null,
    "state_name": null,
    "country_id": null
  },
  {
    "active": false,
    "Giataid": "183294",
    "cityId": null,
    "cityName": "Hamilton",
    "hotelId": 183294,
    "hotelName": "Rosewood Bermuda",
    "address": "60 Tucker's Point Drive,Hamilton Parish HS 02,Bermuda",
    "phones": "+14412984000",
    "fax": "",
    "email": "",
    "url": "",
    "countryIso2": "BM",
    "countryName": "Bermuda",
    "hotelRating": "5",
    "latitude": "32.3393",
    "longitude": "-64.7005",
    "state_id": null,
    "state_name": null,
    "country_id": null
  },
  {
    "active": false,
    "Giataid": "322246",
    "cityId": null,
    "cityName": "Hamilton",
    "hotelId": 322246,
    "hotelName": "Kingston House B&B",
    "address": "",
    "phones": "",
    "fax": "",
    "email": "",
    "url": "",
    "countryIso2": "BM",
    "countryName": "Bermuda",
    "hotelRating": "1",
    "latitude": "32.2979",
    "longitude": "-64.7834",
    "state_id": null,
    "state_name": null,
    "country_id": null
  },
  {
    "active": false,
    "Giataid": "520380",
    "cityId": null,
    "cityName": "Hamilton",
    "hotelId": 520380,
    "hotelName": "Windsong at Berkeley",
    "address": "",
    "phones": "",
    "fax": "",
    "email": "",
    "url": "",
    "countryIso2": "BM",
    "countryName": "Bermuda",
    "hotelRating": "1",
    "latitude": "32.2979",
    "longitude": "-64.7834",
    "state_id": null,
    "state_name": null,
    "country_id": null
  },
  {
    "active": false,
    "Giataid": "569275",
    "cityId": null,
    "cityName": "Warwick",
    "hotelId": 569275,
    "hotelName": "Ocean Winds B&B",
    "address": "South Road,Warwick Parish,Warwick,Bermuda",
    "phones": "",
    "fax": "",
    "email": "",
    "url": "",
    "countryIso2": "BM",
    "countryName": "Bermuda",
    "hotelRating": "1",
    "latitude": "32.2679",
    "longitude": "-64.7984",
    "state_id": null,
    "state_name": null,
    "country_id": null
  },
  {
    "active": false,
    "Giataid": "569280",
    "cityId": null,
    "cityName": "Hamilton",
    "hotelId": 569280,
    "hotelName": "Grape Bay Cottages",
    "address": "P.O. Box HM 316,Hamilton,Bermuda",
    "phones": "+14412362515",
    "fax": "",
    "email": "maria@grapebaycottagesbermuda.com",
    "url": "http://www.gbcbermuda.com/",
    "countryIso2": "BM",
    "countryName": "Bermuda",
    "hotelRating": "1",
    "latitude": "32.2814",
    "longitude": "-64.7695",
    "state_id": null,
    "state_name": null,
    "country_id": null
  },
  {
    "active": false,
    "Giataid": "594325",
    "cityId": null,
    "cityName": "Warwick",
    "hotelId": 594325,
    "hotelName": "Sunscape Bermuda B&B",
    "address": "15 Lusher Hill,Warwick,Bermuda",
    "phones": "+14412362824",
    "fax": "",
    "email": "info@sunscapebermuda.com",
    "url": "http://www.sunscapebermuda.com",
    "countryIso2": "BM",
    "countryName": "Bermuda",
    "hotelRating": "2",
    "latitude": "32.2637",
    "longitude": "-64.8067",
    "state_id": null,
    "state_name": null,
    "country_id": null
  }
]
